failure_id,case_id,feature,value
6e6c25632b1ecbef7831316bac71fac2e2e2a65ac963fa4a3f0a9478c0f3f4fb,fba6c45370b109b20609996eb266d10c70c1004080f5857a4eb7cc9d5aab4db3,stage,V4_NATIVE_EMISSION
6e6c25632b1ecbef7831316bac71fac2e2e2a65ac963fa4a3f0a9478c0f3f4fb,fba6c45370b109b20609996eb266d10c70c1004080f5857a4eb7cc9d5aab4db3,class,BACKEND
25d2bc07132d9009f1fe5c6c511ac009e9ec854de4358c9dc35a10dfe21defc0,fba6c45370b109b20609996eb266d10c70c1004080f5857a4eb7cc9d5aab4db3,stage,V4_NATIVE_EMISSION
25d2bc07132d9009f1fe5c6c511ac009e9ec854de4358c9dc35a10dfe21defc0,fba6c45370b109b20609996eb266d10c70c1004080f5857a4eb7cc9d5aab4db3,class,BACKEND
cecc2339293ea834cc2f2637109869810d1c7bcb5805c1068148a7d5efc7e42d,fba6c45370b109b20609996eb266d10c70c1004080f5857a4eb7cc9d5aab4db3,stage,V4_NATIVE_EMISSION
cecc2339293ea834cc2f2637109869810d1c7bcb5805c1068148a7d5efc7e42d,fba6c45370b109b20609996eb266d10c70c1004080f5857a4eb7cc9d5aab4db3,class,BACKEND
a87ee33fab12b597c5e7d3053d61f9ba3e079a5747f8e3e339c553a3d3bb9aea,fba6c45370b109b20609996eb266d10c70c1004080f5857a4eb7cc9d5aab4db3,stage,V4_NATIVE_EMISSION
a87ee33fab12b597c5e7d3053d61f9ba3e079a5747f8e3e339c553a3d3bb9aea,fba6c45370b109b20609996eb266d10c70c1004080f5857a4eb7cc9d5aab4db3,class,BACKEND
32a11cf5f91b2733d9ba1e5630714dba337aacdc9c0b657a5bec3d842c12b92e,97316f3385c9a3dd1c6645a5673e49686224fd016876d92998550724b41d14f0,stage,V4_NATIVE_EMISSION
32a11cf5f91b2733d9ba1e5630714dba337aacdc9c0b657a5bec3d842c12b92e,97316f3385c9a3dd1c6645a5673e49686224fd016876d92998550724b41d14f0,class,BACKEND
f1939ce2a3728bc73b46a508344fd3dba9c21e1021871a98071e65b1305bb68c,97316f3385c9a3dd1c6645a5673e49686224fd016876d92998550724b41d14f0,stage,V4_NATIVE_EMISSION
f1939ce2a3728bc73b46a508344fd3dba9c21e1021871a98071e65b1305bb68c,97316f3385c9a3dd1c6645a5673e49686224fd016876d92998550724b41d14f0,class,BACKEND
5d78b725926d91038185fea8cd09d81bbf2eb80f510bac7749dbc9921fd157da,97316f3385c9a3dd1c6645a5673e49686224fd016876d92998550724b41d14f0,stage,V4_NATIVE_EMISSION
5d78b725926d91038185fea8cd09d81bbf2eb80f510bac7749dbc9921fd157da,97316f3385c9a3dd1c6645a5673e49686224fd016876d92998550724b41d14f0,class,BACKEND
17d323129effe11af8efa3d8924f3f8616479152eac797a8c88f25b4f1c09448,97316f3385c9a3dd1c6645a5673e49686224fd016876d92998550724b41d14f0,stage,V4_NATIVE_EMISSION
17d323129effe11af8efa3d8924f3f8616479152eac797a8c88f25b4f1c09448,97316f3385c9a3dd1c6645a5673e49686224fd016876d92998550724b41d14f0,class,BACKEND
061de8a0c348f5658b34d5b944041b4ba01fb41b9d5329624b044ffb344539bb,8c4ee3144dcd37799e043bd27da1ae9a2c2cf94e29499e7d9240dd403e0b76ad,stage,V4_NATIVE_EMISSION
061de8a0c348f5658b34d5b944041b4ba01fb41b9d5329624b044ffb344539bb,8c4ee3144dcd37799e043bd27da1ae9a2c2cf94e29499e7d9240dd403e0b76ad,class,BACKEND
da8914e20f371b623b96fdc3159e4b6987fce0c392d5d10558561476c847f20a,8c4ee3144dcd37799e043bd27da1ae9a2c2cf94e29499e7d9240dd403e0b76ad,stage,V4_NATIVE_EMISSION
da8914e20f371b623b96fdc3159e4b6987fce0c392d5d10558561476c847f20a,8c4ee3144dcd37799e043bd27da1ae9a2c2cf94e29499e7d9240dd403e0b76ad,class,BACKEND
ff4e0714c34eb8e76d0c16d56b9613d829a507fc92eccee3adf5754b43201303,8c4ee3144dcd37799e043bd27da1ae9a2c2cf94e29499e7d9240dd403e0b76ad,stage,V4_NATIVE_EMISSION
ff4e0714c34eb8e76d0c16d56b9613d829a507fc92eccee3adf5754b43201303,8c4ee3144dcd37799e043bd27da1ae9a2c2cf94e29499e7d9240dd403e0b76ad,class,BACKEND
e0140268c5d31216e149ba754fa23e66af2ca661ac1fcfe49a11320f217c473e,8c4ee3144dcd37799e043bd27da1ae9a2c2cf94e29499e7d9240dd403e0b76ad,stage,V4_NATIVE_EMISSION
e0140268c5d31216e149ba754fa23e66af2ca661ac1fcfe49a11320f217c473e,8c4ee3144dcd37799e043bd27da1ae9a2c2cf94e29499e7d9240dd403e0b76ad,class,BACKEND
32cfa896664f5969557fba2e377d838f9e78c7bd5357d6b282bcb88b97a76813,8c4ee3144dcd37799e043bd27da1ae9a2c2cf94e29499e7d9240dd403e0b76ad,stage,V4_NATIVE_EMISSION
32cfa896664f5969557fba2e377d838f9e78c7bd5357d6b282bcb88b97a76813,8c4ee3144dcd37799e043bd27da1ae9a2c2cf94e29499e7d9240dd403e0b76ad,class,BACKEND
e4d6992d053a5e25532aaaed39ace5455c5c0e0911d073f91f6af4a5bafa06b7,8c4ee3144dcd37799e043bd27da1ae9a2c2cf94e29499e7d9240dd403e0b76ad,stage,V4_NATIVE_EMISSION
e4d6992d053a5e25532aaaed39ace5455c5c0e0911d073f91f6af4a5bafa06b7,8c4ee3144dcd37799e043bd27da1ae9a2c2cf94e29499e7d9240dd403e0b76ad,class,BACKEND
7a856758d3558b8600020e7ebf3cbf973d178d489005fc20cdda538b8ca00ca6,8c4ee3144dcd37799e043bd27da1ae9a2c2cf94e29499e7d9240dd403e0b76ad,stage,V4_NATIVE_EMISSION
7a856758d3558b8600020e7ebf3cbf973d178d489005fc20cdda538b8ca00ca6,8c4ee3144dcd37799e043bd27da1ae9a2c2cf94e29499e7d9240dd403e0b76ad,class,BACKEND
35c22cb5918e79cbe4a61324f6605dfa90653615adacb7da542fff539f0235de,8c4ee3144dcd37799e043bd27da1ae9a2c2cf94e29499e7d9240dd403e0b76ad,stage,V4_NATIVE_EMISSION
35c22cb5918e79cbe4a61324f6605dfa90653615adacb7da542fff539f0235de,8c4ee3144dcd37799e043bd27da1ae9a2c2cf94e29499e7d9240dd403e0b76ad,class,BACKEND
11de389a14b4f8d4768f0cd4bed9360992bf2781dc7db63554411d8938fa497c,8c4ee3144dcd37799e043bd27da1ae9a2c2cf94e29499e7d9240dd403e0b76ad,stage,V4_NATIVE_EMISSION
11de389a14b4f8d4768f0cd4bed9360992bf2781dc7db63554411d8938fa497c,8c4ee3144dcd37799e043bd27da1ae9a2c2cf94e29499e7d9240dd403e0b76ad,class,BACKEND
748bb16589fc009690c6eb85237a1b2625b8e2470b8a488dca82e773c30eecb9,8c4ee3144dcd37799e043bd27da1ae9a2c2cf94e29499e7d9240dd403e0b76ad,stage,V4_NATIVE_EMISSION
748bb16589fc009690c6eb85237a1b2625b8e2470b8a488dca82e773c30eecb9,8c4ee3144dcd37799e043bd27da1ae9a2c2cf94e29499e7d9240dd403e0b76ad,class,BACKEND
baa71b8d5981f434ad9727d879a3c12e88026518a916f1e3d0c18b2b064aad78,8c4ee3144dcd37799e043bd27da1ae9a2c2cf94e29499e7d9240dd403e0b76ad,stage,V4_NATIVE_EMISSION
baa71b8d5981f434ad9727d879a3c12e88026518a916f1e3d0c18b2b064aad78,8c4ee3144dcd37799e043bd27da1ae9a2c2cf94e29499e7d9240dd403e0b76ad,class,BACKEND
079974fd3e593b63e3042f5d96a9ae5eba5e4515eea02aafb49e9b713520f11d,8c4ee3144dcd37799e043bd27da1ae9a2c2cf94e29499e7d9240dd403e0b76ad,stage,V4_NATIVE_EMISSION
079974fd3e593b63e3042f5d96a9ae5eba5e4515eea02aafb49e9b713520f11d,8c4ee3144dcd37799e043bd27da1ae9a2c2cf94e29499e7d9240dd403e0b76ad,class,BACKEND
29d55894011949e147c4eb9639107e17ac283dceed2fef09ad3b7f4db90f9942,8c4ee3144dcd37799e043bd27da1ae9a2c2cf94e29499e7d9240dd403e0b76ad,stage,V4_NATIVE_EMISSION
29d55894011949e147c4eb9639107e17ac283dceed2fef09ad3b7f4db90f9942,8c4ee3144dcd37799e043bd27da1ae9a2c2cf94e29499e7d9240dd403e0b76ad,class,BACKEND
f5af6ed117c71042599163ff4aaabf096db3052c9439e9913ab4cd40dac7af50,78e52d3105e1e8f5d9378a6d9551378ae140c3228d59253ef63ab88d76130783,stage,V4_NATIVE_EMISSION
f5af6ed117c71042599163ff4aaabf096db3052c9439e9913ab4cd40dac7af50,78e52d3105e1e8f5d9378a6d9551378ae140c3228d59253ef63ab88d76130783,class,BACKEND
ca19ba55618f0227aeba2701c3feb1ca612f87846b0e3c6ccedfd5ea0444dcd8,78e52d3105e1e8f5d9378a6d9551378ae140c3228d59253ef63ab88d76130783,stage,V4_NATIVE_EMISSION
ca19ba55618f0227aeba2701c3feb1ca612f87846b0e3c6ccedfd5ea0444dcd8,78e52d3105e1e8f5d9378a6d9551378ae140c3228d59253ef63ab88d76130783,class,BACKEND
aa4c542cbcdc1df0d796c45a4489dc8e0fc3229b28c45f00883ae2e811255b46,78e52d3105e1e8f5d9378a6d9551378ae140c3228d59253ef63ab88d76130783,stage,V4_NATIVE_EMISSION
aa4c542cbcdc1df0d796c45a4489dc8e0fc3229b28c45f00883ae2e811255b46,78e52d3105e1e8f5d9378a6d9551378ae140c3228d59253ef63ab88d76130783,class,BACKEND
c8254f85f685ead1e8c5b2ec96bd618534ed6472b8da66040d8604b59e547da2,78e52d3105e1e8f5d9378a6d9551378ae140c3228d59253ef63ab88d76130783,stage,V4_NATIVE_EMISSION
c8254f85f685ead1e8c5b2ec96bd618534ed6472b8da66040d8604b59e547da2,78e52d3105e1e8f5d9378a6d9551378ae140c3228d59253ef63ab88d76130783,class,BACKEND
b5fd6238e1d9bf13f0f23a6b3ee5cdad6ff9de92e6d2b1dd08e7007254adb44e,78e52d3105e1e8f5d9378a6d9551378ae140c3228d59253ef63ab88d76130783,stage,V4_NATIVE_EMISSION
b5fd6238e1d9bf13f0f23a6b3ee5cdad6ff9de92e6d2b1dd08e7007254adb44e,78e52d3105e1e8f5d9378a6d9551378ae140c3228d59253ef63ab88d76130783,class,BACKEND
74dce09f9ccc565eb8a4a5f4c777769298e5e4177f3914ae6f3ea687f2d48c23,78e52d3105e1e8f5d9378a6d9551378ae140c3228d59253ef63ab88d76130783,stage,V4_NATIVE_EMISSION
74dce09f9ccc565eb8a4a5f4c777769298e5e4177f3914ae6f3ea687f2d48c23,78e52d3105e1e8f5d9378a6d9551378ae140c3228d59253ef63ab88d76130783,class,BACKEND
effda9d6deeb205790019b5ebc046c9591cb1c1845098bfaec826a3d8fab152b,78e52d3105e1e8f5d9378a6d9551378ae140c3228d59253ef63ab88d76130783,stage,V4_NATIVE_EMISSION
effda9d6deeb205790019b5ebc046c9591cb1c1845098bfaec826a3d8fab152b,78e52d3105e1e8f5d9378a6d9551378ae140c3228d59253ef63ab88d76130783,class,BACKEND
db892a6dbbf1b055f0c3c21ef5e2f002944e378a49f1327d1f650011dd6f8d33,78e52d3105e1e8f5d9378a6d9551378ae140c3228d59253ef63ab88d76130783,stage,V4_NATIVE_EMISSION
db892a6dbbf1b055f0c3c21ef5e2f002944e378a49f1327d1f650011dd6f8d33,78e52d3105e1e8f5d9378a6d9551378ae140c3228d59253ef63ab88d76130783,class,BACKEND
eee378ff1a2211cbbb1979eba9d29dbaf1cb1c739fb279b8fd99cf8d87a0f9d6,78e52d3105e1e8f5d9378a6d9551378ae140c3228d59253ef63ab88d76130783,stage,V4_NATIVE_EMISSION
eee378ff1a2211cbbb1979eba9d29dbaf1cb1c739fb279b8fd99cf8d87a0f9d6,78e52d3105e1e8f5d9378a6d9551378ae140c3228d59253ef63ab88d76130783,class,BACKEND
02c4a9151570f58b619af28cb503ab675f0a8c898ac478cc6e828f1fac84ec53,78e52d3105e1e8f5d9378a6d9551378ae140c3228d59253ef63ab88d76130783,stage,V4_NATIVE_EMISSION
02c4a9151570f58b619af28cb503ab675f0a8c898ac478cc6e828f1fac84ec53,78e52d3105e1e8f5d9378a6d9551378ae140c3228d59253ef63ab88d76130783,class,BACKEND
17a2c603f51e39f319ea3357adbb433b48a51cd0b5130f92fcb3bbffbec0559b,78e52d3105e1e8f5d9378a6d9551378ae140c3228d59253ef63ab88d76130783,stage,V4_NATIVE_EMISSION
17a2c603f51e39f319ea3357adbb433b48a51cd0b5130f92fcb3bbffbec0559b,78e52d3105e1e8f5d9378a6d9551378ae140c3228d59253ef63ab88d76130783,class,BACKEND
b2188621a125ad4c6d16b7dbd7798c8344143d6a0811bd933749a5529906cd60,78e52d3105e1e8f5d9378a6d9551378ae140c3228d59253ef63ab88d76130783,stage,V4_NATIVE_EMISSION
b2188621a125ad4c6d16b7dbd7798c8344143d6a0811bd933749a5529906cd60,78e52d3105e1e8f5d9378a6d9551378ae140c3228d59253ef63ab88d76130783,class,BACKEND
d4ebbbfeb5c4aebf55fb5e62d08c65be1f99500660cb5f88a756a8d016f146c7,78e52d3105e1e8f5d9378a6d9551378ae140c3228d59253ef63ab88d76130783,stage,V4_NATIVE_EMISSION
d4ebbbfeb5c4aebf55fb5e62d08c65be1f99500660cb5f88a756a8d016f146c7,78e52d3105e1e8f5d9378a6d9551378ae140c3228d59253ef63ab88d76130783,class,BACKEND
bd5f2394ce2f8ef7dfb126daf1f8c7fa3761a87dc5eaa86bd9a4df1f05cf0806,de2c9d27a8477d7722053942899f8650055e536fc1d0693b592b68263bd9c279,stage,V4_NATIVE_EMISSION
bd5f2394ce2f8ef7dfb126daf1f8c7fa3761a87dc5eaa86bd9a4df1f05cf0806,de2c9d27a8477d7722053942899f8650055e536fc1d0693b592b68263bd9c279,class,BACKEND
664dbe43dcf2a3cae11b72a0aa9946197d6e5ef7928193b6cc77b8cabb5e3cd9,de2c9d27a8477d7722053942899f8650055e536fc1d0693b592b68263bd9c279,stage,V4_NATIVE_EMISSION
664dbe43dcf2a3cae11b72a0aa9946197d6e5ef7928193b6cc77b8cabb5e3cd9,de2c9d27a8477d7722053942899f8650055e536fc1d0693b592b68263bd9c279,class,BACKEND
10c94c28c927eeca28965eb35d8ba4df2cb8544666fc76c5d412ae7840eb137e,de2c9d27a8477d7722053942899f8650055e536fc1d0693b592b68263bd9c279,stage,V4_NATIVE_EMISSION
10c94c28c927eeca28965eb35d8ba4df2cb8544666fc76c5d412ae7840eb137e,de2c9d27a8477d7722053942899f8650055e536fc1d0693b592b68263bd9c279,class,BACKEND
91c54605f33ddc883955ab644ea2f8949004d167cec9becec7c17b35409ad4b5,de2c9d27a8477d7722053942899f8650055e536fc1d0693b592b68263bd9c279,stage,V4_NATIVE_EMISSION
91c54605f33ddc883955ab644ea2f8949004d167cec9becec7c17b35409ad4b5,de2c9d27a8477d7722053942899f8650055e536fc1d0693b592b68263bd9c279,class,BACKEND
7537182a574a6d50b9611581983f9d8c042ae81eeec70224985403379d1c26e3,de2c9d27a8477d7722053942899f8650055e536fc1d0693b592b68263bd9c279,stage,V4_NATIVE_EMISSION
7537182a574a6d50b9611581983f9d8c042ae81eeec70224985403379d1c26e3,de2c9d27a8477d7722053942899f8650055e536fc1d0693b592b68263bd9c279,class,BACKEND
2025cb11ac8ccba03c4d2418e4f668e357ddcf1334d177e7e8e7f28c88d0edcb,de2c9d27a8477d7722053942899f8650055e536fc1d0693b592b68263bd9c279,stage,V4_NATIVE_EMISSION
2025cb11ac8ccba03c4d2418e4f668e357ddcf1334d177e7e8e7f28c88d0edcb,de2c9d27a8477d7722053942899f8650055e536fc1d0693b592b68263bd9c279,class,BACKEND
f4c3003dfaa0f0dd9bb6f75cf4b320de2556d857a50e006da48700468f6588aa,de2c9d27a8477d7722053942899f8650055e536fc1d0693b592b68263bd9c279,stage,V4_NATIVE_EMISSION
f4c3003dfaa0f0dd9bb6f75cf4b320de2556d857a50e006da48700468f6588aa,de2c9d27a8477d7722053942899f8650055e536fc1d0693b592b68263bd9c279,class,BACKEND
a1d9d5cbe35ea19a81d8ebf1da6e32aac862765706fe4075c234459f175e86ac,de2c9d27a8477d7722053942899f8650055e536fc1d0693b592b68263bd9c279,stage,V4_NATIVE_EMISSION
a1d9d5cbe35ea19a81d8ebf1da6e32aac862765706fe4075c234459f175e86ac,de2c9d27a8477d7722053942899f8650055e536fc1d0693b592b68263bd9c279,class,BACKEND
6f9ca0737ea5615e3782ef8f7bbf0a09333ba99e5116d9dba728684037176ee4,de2c9d27a8477d7722053942899f8650055e536fc1d0693b592b68263bd9c279,stage,V4_NATIVE_EMISSION
6f9ca0737ea5615e3782ef8f7bbf0a09333ba99e5116d9dba728684037176ee4,de2c9d27a8477d7722053942899f8650055e536fc1d0693b592b68263bd9c279,class,BACKEND
ab76ecf5025a5fc34cef4d267cea7002d06b2bd1ad26c9173cfc774aae7c035d,de2c9d27a8477d7722053942899f8650055e536fc1d0693b592b68263bd9c279,stage,V4_NATIVE_EMISSION
ab76ecf5025a5fc34cef4d267cea7002d06b2bd1ad26c9173cfc774aae7c035d,de2c9d27a8477d7722053942899f8650055e536fc1d0693b592b68263bd9c279,class,BACKEND
e53f37520afd95cbfcf960df60a43750641dab68caaaa3496971c9294c16f8ef,de2c9d27a8477d7722053942899f8650055e536fc1d0693b592b68263bd9c279,stage,V4_NATIVE_EMISSION
e53f37520afd95cbfcf960df60a43750641dab68caaaa3496971c9294c16f8ef,de2c9d27a8477d7722053942899f8650055e536fc1d0693b592b68263bd9c279,class,BACKEND
850ec6cdc365871cb6ffcb5cee978ef7e0e0c8a401135fd7ba6551bacb752173,de2c9d27a8477d7722053942899f8650055e536fc1d0693b592b68263bd9c279,stage,V4_NATIVE_EMISSION
850ec6cdc365871cb6ffcb5cee978ef7e0e0c8a401135fd7ba6551bacb752173,de2c9d27a8477d7722053942899f8650055e536fc1d0693b592b68263bd9c279,class,BACKEND
51ddf93389b577586d0f69ab7d7940d9b15c54d369abeffb090770779e470521,de2c9d27a8477d7722053942899f8650055e536fc1d0693b592b68263bd9c279,stage,V4_NATIVE_EMISSION
51ddf93389b577586d0f69ab7d7940d9b15c54d369abeffb090770779e470521,de2c9d27a8477d7722053942899f8650055e536fc1d0693b592b68263bd9c279,class,BACKEND
7b7e795a50b85c9509d201f5406001a06c54ad9ff71e43ddc90beb637737271d,d3e516faaf481d7fdac05b95e9491445e830b440b6f8f6d3f5255086cc46bf23,stage,V4_NATIVE_EMISSION
7b7e795a50b85c9509d201f5406001a06c54ad9ff71e43ddc90beb637737271d,d3e516faaf481d7fdac05b95e9491445e830b440b6f8f6d3f5255086cc46bf23,class,BACKEND
13def402ce3806801aa2ed24dbc55f4e1d48298e3ac27b373658e05998ed4473,d3e516faaf481d7fdac05b95e9491445e830b440b6f8f6d3f5255086cc46bf23,stage,V4_NATIVE_EMISSION
13def402ce3806801aa2ed24dbc55f4e1d48298e3ac27b373658e05998ed4473,d3e516faaf481d7fdac05b95e9491445e830b440b6f8f6d3f5255086cc46bf23,class,BACKEND
fd564923b6c8bc96130415d6e9caec77cddd5830866b73e3a71f8d7b5a3fe85e,d3e516faaf481d7fdac05b95e9491445e830b440b6f8f6d3f5255086cc46bf23,stage,V4_NATIVE_EMISSION
fd564923b6c8bc96130415d6e9caec77cddd5830866b73e3a71f8d7b5a3fe85e,d3e516faaf481d7fdac05b95e9491445e830b440b6f8f6d3f5255086cc46bf23,class,BACKEND
f28453db4d127b666afe055efeb4d0af7953a74ce432b9362c4ea0c751fbc3e5,d3e516faaf481d7fdac05b95e9491445e830b440b6f8f6d3f5255086cc46bf23,stage,V4_NATIVE_EMISSION
f28453db4d127b666afe055efeb4d0af7953a74ce432b9362c4ea0c751fbc3e5,d3e516faaf481d7fdac05b95e9491445e830b440b6f8f6d3f5255086cc46bf23,class,BACKEND
ae2d38734d1f6e9d9210b1313eb1c66f854162c4a5d444828b456544d1f1d5cc,d0a51e18205921b6664fd2f6adb48f5a9912ed235ba938cd032350335662e977,stage,V4_NATIVE_EMISSION
ae2d38734d1f6e9d9210b1313eb1c66f854162c4a5d444828b456544d1f1d5cc,d0a51e18205921b6664fd2f6adb48f5a9912ed235ba938cd032350335662e977,class,BACKEND
da6d72e9ae6ca07808c446268ab03604a7415cef39ed775ae48274b31b7cbe34,d0a51e18205921b6664fd2f6adb48f5a9912ed235ba938cd032350335662e977,stage,V4_NATIVE_EMISSION
da6d72e9ae6ca07808c446268ab03604a7415cef39ed775ae48274b31b7cbe34,d0a51e18205921b6664fd2f6adb48f5a9912ed235ba938cd032350335662e977,class,BACKEND
755473c53fb84268119865756002774d173d79a6dfc5b43b83052095d01af79d,d0a51e18205921b6664fd2f6adb48f5a9912ed235ba938cd032350335662e977,stage,V4_NATIVE_EMISSION
755473c53fb84268119865756002774d173d79a6dfc5b43b83052095d01af79d,d0a51e18205921b6664fd2f6adb48f5a9912ed235ba938cd032350335662e977,class,BACKEND
999e9e1615526e2d84e281781154147dfdf4703f6c08c3d16fba0689d126fbec,d0a51e18205921b6664fd2f6adb48f5a9912ed235ba938cd032350335662e977,stage,V4_NATIVE_EMISSION
999e9e1615526e2d84e281781154147dfdf4703f6c08c3d16fba0689d126fbec,d0a51e18205921b6664fd2f6adb48f5a9912ed235ba938cd032350335662e977,class,BACKEND
307e472794893fe7a7ff8fe83d12470001a7041aa6ecc0c617c5dc4b660b7068,d0a51e18205921b6664fd2f6adb48f5a9912ed235ba938cd032350335662e977,stage,V4_NATIVE_EMISSION
307e472794893fe7a7ff8fe83d12470001a7041aa6ecc0c617c5dc4b660b7068,d0a51e18205921b6664fd2f6adb48f5a9912ed235ba938cd032350335662e977,class,BACKEND
b99b4d1c34256f49c0452ab8a2dcde33bedad99bbb211c3848b6a2622a821863,d0a51e18205921b6664fd2f6adb48f5a9912ed235ba938cd032350335662e977,stage,V4_NATIVE_EMISSION
b99b4d1c34256f49c0452ab8a2dcde33bedad99bbb211c3848b6a2622a821863,d0a51e18205921b6664fd2f6adb48f5a9912ed235ba938cd032350335662e977,class,BACKEND
2cb21709ab06f2ff3c0a281008c3e30c657da7ba9785b96e8d09131050086e73,d0a51e18205921b6664fd2f6adb48f5a9912ed235ba938cd032350335662e977,stage,V4_NATIVE_EMISSION
2cb21709ab06f2ff3c0a281008c3e30c657da7ba9785b96e8d09131050086e73,d0a51e18205921b6664fd2f6adb48f5a9912ed235ba938cd032350335662e977,class,BACKEND
c3a2bbb7f33691d966e62b265d9e5c3991f5b504df8659979a90e36b24f2aa92,d0a51e18205921b6664fd2f6adb48f5a9912ed235ba938cd032350335662e977,stage,V4_NATIVE_EMISSION
c3a2bbb7f33691d966e62b265d9e5c3991f5b504df8659979a90e36b24f2aa92,d0a51e18205921b6664fd2f6adb48f5a9912ed235ba938cd032350335662e977,class,BACKEND
992203adb0310f467c9489af22e021bd444e11d36fb41d225330645de3fc48c1,d0a51e18205921b6664fd2f6adb48f5a9912ed235ba938cd032350335662e977,stage,V4_NATIVE_EMISSION
992203adb0310f467c9489af22e021bd444e11d36fb41d225330645de3fc48c1,d0a51e18205921b6664fd2f6adb48f5a9912ed235ba938cd032350335662e977,class,BACKEND
bbabc978e79f9292df712806c822a8c5374782fea56bbbbdc91873a845b3d636,d0a51e18205921b6664fd2f6adb48f5a9912ed235ba938cd032350335662e977,stage,V4_NATIVE_EMISSION
bbabc978e79f9292df712806c822a8c5374782fea56bbbbdc91873a845b3d636,d0a51e18205921b6664fd2f6adb48f5a9912ed235ba938cd032350335662e977,class,BACKEND
95ffa15edaed48435eae47cc7b0b4cd27ee59b5cdb61c84e1e56ddf2373d5759,d0a51e18205921b6664fd2f6adb48f5a9912ed235ba938cd032350335662e977,stage,V4_NATIVE_EMISSION
95ffa15edaed48435eae47cc7b0b4cd27ee59b5cdb61c84e1e56ddf2373d5759,d0a51e18205921b6664fd2f6adb48f5a9912ed235ba938cd032350335662e977,class,BACKEND
a6149d0159a98d04719558bbe0c625bb398ea95622965872d8445c2f0ac17f0c,d0a51e18205921b6664fd2f6adb48f5a9912ed235ba938cd032350335662e977,stage,V4_NATIVE_EMISSION
a6149d0159a98d04719558bbe0c625bb398ea95622965872d8445c2f0ac17f0c,d0a51e18205921b6664fd2f6adb48f5a9912ed235ba938cd032350335662e977,class,BACKEND
bd0f715fd58da2b84e52fcc9d13b16b35f266cc41e469c94d37d924c5bbf6d67,2e24b6e8c1e62b4ada1bd34af879821c7a69e09384dea62a5e2c0e97cfec54b6,stage,V4_NATIVE_EMISSION
bd0f715fd58da2b84e52fcc9d13b16b35f266cc41e469c94d37d924c5bbf6d67,2e24b6e8c1e62b4ada1bd34af879821c7a69e09384dea62a5e2c0e97cfec54b6,class,BACKEND
f7d671c3dd75b7e0eed2b5121107193d0476bcc86c18ed3bcba19149b75ecdfb,2e24b6e8c1e62b4ada1bd34af879821c7a69e09384dea62a5e2c0e97cfec54b6,stage,V4_NATIVE_EMISSION
f7d671c3dd75b7e0eed2b5121107193d0476bcc86c18ed3bcba19149b75ecdfb,2e24b6e8c1e62b4ada1bd34af879821c7a69e09384dea62a5e2c0e97cfec54b6,class,BACKEND
7fcbe948d1563f52b7d5066df79a62b8660e44fd84b551dcafb2f6499c205840,2e24b6e8c1e62b4ada1bd34af879821c7a69e09384dea62a5e2c0e97cfec54b6,stage,V4_NATIVE_EMISSION
7fcbe948d1563f52b7d5066df79a62b8660e44fd84b551dcafb2f6499c205840,2e24b6e8c1e62b4ada1bd34af879821c7a69e09384dea62a5e2c0e97cfec54b6,class,BACKEND
693c21547eb196106b79736fe6b05b71ac713b5dd12b253dd15349baf49f3013,2e24b6e8c1e62b4ada1bd34af879821c7a69e09384dea62a5e2c0e97cfec54b6,stage,V4_NATIVE_EMISSION
693c21547eb196106b79736fe6b05b71ac713b5dd12b253dd15349baf49f3013,2e24b6e8c1e62b4ada1bd34af879821c7a69e09384dea62a5e2c0e97cfec54b6,class,BACKEND
7d22a48f4e7c56fe52dc0e52788f79a33407983b2860068ae37c9aa7affc0a60,2e24b6e8c1e62b4ada1bd34af879821c7a69e09384dea62a5e2c0e97cfec54b6,stage,V4_NATIVE_EMISSION
7d22a48f4e7c56fe52dc0e52788f79a33407983b2860068ae37c9aa7affc0a60,2e24b6e8c1e62b4ada1bd34af879821c7a69e09384dea62a5e2c0e97cfec54b6,class,BACKEND
fb013380dc1f4fa736d63b2afe17bd761aad7337608f55f0bd160e12277566fe,e423a6ad93d67ee7aaeae1326966094f68dd25cac7c01f1667b8144a0999f87b,stage,V4_NATIVE_EMISSION
fb013380dc1f4fa736d63b2afe17bd761aad7337608f55f0bd160e12277566fe,e423a6ad93d67ee7aaeae1326966094f68dd25cac7c01f1667b8144a0999f87b,class,BACKEND
6f910dc3bfc4b5177c585e0ce6a382894d133adb812f77fe19c5e6c34de2274d,e423a6ad93d67ee7aaeae1326966094f68dd25cac7c01f1667b8144a0999f87b,stage,V4_NATIVE_EMISSION
6f910dc3bfc4b5177c585e0ce6a382894d133adb812f77fe19c5e6c34de2274d,e423a6ad93d67ee7aaeae1326966094f68dd25cac7c01f1667b8144a0999f87b,class,BACKEND
0e2445a03cd710e4b8ad0a19cd2ba2e951de531e497a5847ac5a10e50435d783,e423a6ad93d67ee7aaeae1326966094f68dd25cac7c01f1667b8144a0999f87b,stage,V4_NATIVE_EMISSION
0e2445a03cd710e4b8ad0a19cd2ba2e951de531e497a5847ac5a10e50435d783,e423a6ad93d67ee7aaeae1326966094f68dd25cac7c01f1667b8144a0999f87b,class,BACKEND
eaadca9bc731d4b8da21148e654d32c9218d6e2a3c44a52bd409c11e03c864e5,e423a6ad93d67ee7aaeae1326966094f68dd25cac7c01f1667b8144a0999f87b,stage,V4_NATIVE_EMISSION
eaadca9bc731d4b8da21148e654d32c9218d6e2a3c44a52bd409c11e03c864e5,e423a6ad93d67ee7aaeae1326966094f68dd25cac7c01f1667b8144a0999f87b,class,BACKEND
b1f5c22f836b64be102230b3632571a31cce30a82701973a70f75dbbe4ee3750,e423a6ad93d67ee7aaeae1326966094f68dd25cac7c01f1667b8144a0999f87b,stage,V4_NATIVE_EMISSION
b1f5c22f836b64be102230b3632571a31cce30a82701973a70f75dbbe4ee3750,e423a6ad93d67ee7aaeae1326966094f68dd25cac7c01f1667b8144a0999f87b,class,BACKEND
1a9c8f338795162f119355560f1f1db11fc4ef42e462e5c440ab2e0105f87de0,e423a6ad93d67ee7aaeae1326966094f68dd25cac7c01f1667b8144a0999f87b,stage,V4_NATIVE_EMISSION
1a9c8f338795162f119355560f1f1db11fc4ef42e462e5c440ab2e0105f87de0,e423a6ad93d67ee7aaeae1326966094f68dd25cac7c01f1667b8144a0999f87b,class,BACKEND
5afeee49aaea78a821c7979e62c640e9d0c5a99eb10471bedf677dcbddc1f310,e423a6ad93d67ee7aaeae1326966094f68dd25cac7c01f1667b8144a0999f87b,stage,V4_NATIVE_EMISSION
5afeee49aaea78a821c7979e62c640e9d0c5a99eb10471bedf677dcbddc1f310,e423a6ad93d67ee7aaeae1326966094f68dd25cac7c01f1667b8144a0999f87b,class,BACKEND
5b5f6152117ad615264d2f3e386c035b85c95195fe902e539d58ca75c73400d0,e423a6ad93d67ee7aaeae1326966094f68dd25cac7c01f1667b8144a0999f87b,stage,V4_NATIVE_EMISSION
5b5f6152117ad615264d2f3e386c035b85c95195fe902e539d58ca75c73400d0,e423a6ad93d67ee7aaeae1326966094f68dd25cac7c01f1667b8144a0999f87b,class,BACKEND
c57bf658182d8710789f5803a6727e5b060c1c1f8087b10c8a694b05f5db40a1,e423a6ad93d67ee7aaeae1326966094f68dd25cac7c01f1667b8144a0999f87b,stage,V4_NATIVE_EMISSION
c57bf658182d8710789f5803a6727e5b060c1c1f8087b10c8a694b05f5db40a1,e423a6ad93d67ee7aaeae1326966094f68dd25cac7c01f1667b8144a0999f87b,class,BACKEND
abb29661e5bb964bf9ad9e54af92b6518b38544411841de7ce501220b6de2d61,e423a6ad93d67ee7aaeae1326966094f68dd25cac7c01f1667b8144a0999f87b,stage,V4_NATIVE_EMISSION
abb29661e5bb964bf9ad9e54af92b6518b38544411841de7ce501220b6de2d61,e423a6ad93d67ee7aaeae1326966094f68dd25cac7c01f1667b8144a0999f87b,class,BACKEND
c376d712c64dd48abf29af8111ba69296b2e1358c792c8707c4d52f20fd18cb0,e423a6ad93d67ee7aaeae1326966094f68dd25cac7c01f1667b8144a0999f87b,stage,V4_NATIVE_EMISSION
c376d712c64dd48abf29af8111ba69296b2e1358c792c8707c4d52f20fd18cb0,e423a6ad93d67ee7aaeae1326966094f68dd25cac7c01f1667b8144a0999f87b,class,BACKEND
e348a264f05a89df0e584ca4b65b6b921d1499e4f2e42da30032eeb4f5d32956,e423a6ad93d67ee7aaeae1326966094f68dd25cac7c01f1667b8144a0999f87b,stage,V4_NATIVE_EMISSION
e348a264f05a89df0e584ca4b65b6b921d1499e4f2e42da30032eeb4f5d32956,e423a6ad93d67ee7aaeae1326966094f68dd25cac7c01f1667b8144a0999f87b,class,BACKEND
01a0388b5917f5dad7d28858c966ead04100290f0b48a794e4254795f05c3c55,35a51be97676009b5eaeb5f83fb8d06351fee83edb4fdc5ca07a220728e060a6,stage,V4_NATIVE_EMISSION
01a0388b5917f5dad7d28858c966ead04100290f0b48a794e4254795f05c3c55,35a51be97676009b5eaeb5f83fb8d06351fee83edb4fdc5ca07a220728e060a6,class,BACKEND
74f3442400b7cfaaf03dd8994c04d3a9a8a457e32c4864162569e47282cbf6f8,35a51be97676009b5eaeb5f83fb8d06351fee83edb4fdc5ca07a220728e060a6,stage,V4_NATIVE_EMISSION
74f3442400b7cfaaf03dd8994c04d3a9a8a457e32c4864162569e47282cbf6f8,35a51be97676009b5eaeb5f83fb8d06351fee83edb4fdc5ca07a220728e060a6,class,BACKEND
bf553fcfb3dd9c531fb4bfc69d02d82d701b6d16c9334ff922b2f00c1d99b597,35a51be97676009b5eaeb5f83fb8d06351fee83edb4fdc5ca07a220728e060a6,stage,V4_NATIVE_EMISSION
bf553fcfb3dd9c531fb4bfc69d02d82d701b6d16c9334ff922b2f00c1d99b597,35a51be97676009b5eaeb5f83fb8d06351fee83edb4fdc5ca07a220728e060a6,class,BACKEND
ba36f5c3c7b80e4a35502b4d7f435992dfb174b962bcc126ff6a5b857698f8ea,35a51be97676009b5eaeb5f83fb8d06351fee83edb4fdc5ca07a220728e060a6,stage,V4_NATIVE_EMISSION
ba36f5c3c7b80e4a35502b4d7f435992dfb174b962bcc126ff6a5b857698f8ea,35a51be97676009b5eaeb5f83fb8d06351fee83edb4fdc5ca07a220728e060a6,class,BACKEND
bd73bbef7a80c2ec88fe35fe8172e9aeb131a85d74f7de2211db93361225910d,35a51be97676009b5eaeb5f83fb8d06351fee83edb4fdc5ca07a220728e060a6,stage,V4_NATIVE_EMISSION
bd73bbef7a80c2ec88fe35fe8172e9aeb131a85d74f7de2211db93361225910d,35a51be97676009b5eaeb5f83fb8d06351fee83edb4fdc5ca07a220728e060a6,class,BACKEND
8a43a19ce73da44cb80970fe64d3a01edd5c75153d877ad522c2ef103f16e3c5,35a51be97676009b5eaeb5f83fb8d06351fee83edb4fdc5ca07a220728e060a6,stage,V4_NATIVE_EMISSION
8a43a19ce73da44cb80970fe64d3a01edd5c75153d877ad522c2ef103f16e3c5,35a51be97676009b5eaeb5f83fb8d06351fee83edb4fdc5ca07a220728e060a6,class,BACKEND
1e1106327c9649a3a3f0f9a1de503cf2facb705875e803114a5927244a71caf8,35a51be97676009b5eaeb5f83fb8d06351fee83edb4fdc5ca07a220728e060a6,stage,V4_NATIVE_EMISSION
1e1106327c9649a3a3f0f9a1de503cf2facb705875e803114a5927244a71caf8,35a51be97676009b5eaeb5f83fb8d06351fee83edb4fdc5ca07a220728e060a6,class,BACKEND
e2f2639c61d7f7fdcc6085a5bd83140e6209dd1705c68f590bdcaeb0e9129d05,35a51be97676009b5eaeb5f83fb8d06351fee83edb4fdc5ca07a220728e060a6,stage,V4_NATIVE_EMISSION
e2f2639c61d7f7fdcc6085a5bd83140e6209dd1705c68f590bdcaeb0e9129d05,35a51be97676009b5eaeb5f83fb8d06351fee83edb4fdc5ca07a220728e060a6,class,BACKEND
ef867e085508356559bde7a91964de03490f7b86149aade2df6d6d63c2a3665d,35a51be97676009b5eaeb5f83fb8d06351fee83edb4fdc5ca07a220728e060a6,stage,V4_NATIVE_EMISSION
ef867e085508356559bde7a91964de03490f7b86149aade2df6d6d63c2a3665d,35a51be97676009b5eaeb5f83fb8d06351fee83edb4fdc5ca07a220728e060a6,class,BACKEND
bd1b436dbc1a8c4df7347459d2c5337936d921faa2e1c905103b402b808588f0,35a51be97676009b5eaeb5f83fb8d06351fee83edb4fdc5ca07a220728e060a6,stage,V4_NATIVE_EMISSION
bd1b436dbc1a8c4df7347459d2c5337936d921faa2e1c905103b402b808588f0,35a51be97676009b5eaeb5f83fb8d06351fee83edb4fdc5ca07a220728e060a6,class,BACKEND
97cc81521a38000ba36eef1b5dc4899ff855b99dd1f6228e7ae7d6b7de12b103,35a51be97676009b5eaeb5f83fb8d06351fee83edb4fdc5ca07a220728e060a6,stage,V4_NATIVE_EMISSION
97cc81521a38000ba36eef1b5dc4899ff855b99dd1f6228e7ae7d6b7de12b103,35a51be97676009b5eaeb5f83fb8d06351fee83edb4fdc5ca07a220728e060a6,class,BACKEND
5977273a160e2e6dbd630304ee104d4ed43d426a02fa8ede2e98f6f22ffa2158,35a51be97676009b5eaeb5f83fb8d06351fee83edb4fdc5ca07a220728e060a6,stage,V4_NATIVE_EMISSION
5977273a160e2e6dbd630304ee104d4ed43d426a02fa8ede2e98f6f22ffa2158,35a51be97676009b5eaeb5f83fb8d06351fee83edb4fdc5ca07a220728e060a6,class,BACKEND
e95a155bad314ec834e3b6756d3de741f51d7dc0b3cdc6d8dc1d52293deb4650,ee62902259844a159cc8bdb429907dd0517e8c426843539d8a414bf8e699a1d9,stage,V5_TARGET_REPARSE
e95a155bad314ec834e3b6756d3de741f51d7dc0b3cdc6d8dc1d52293deb4650,ee62902259844a159cc8bdb429907dd0517e8c426843539d8a414bf8e699a1d9,class,TARGET_SYNTAX
da2657d4829c61588039cb2fc92b84585414d9c29cfddca937c8eccd8d3dae60,ee62902259844a159cc8bdb429907dd0517e8c426843539d8a414bf8e699a1d9,stage,V4_NATIVE_EMISSION
da2657d4829c61588039cb2fc92b84585414d9c29cfddca937c8eccd8d3dae60,ee62902259844a159cc8bdb429907dd0517e8c426843539d8a414bf8e699a1d9,class,BACKEND
8490a0c7d0caf0364b5b645dad07295607e00081046710d14922664c221ed04e,ee62902259844a159cc8bdb429907dd0517e8c426843539d8a414bf8e699a1d9,stage,V4_NATIVE_EMISSION
8490a0c7d0caf0364b5b645dad07295607e00081046710d14922664c221ed04e,ee62902259844a159cc8bdb429907dd0517e8c426843539d8a414bf8e699a1d9,class,BACKEND
2a3c7acc50dc986cdd1e04f8582f46afdda4e90ec9e4478d48a2fcd66a73fd23,ee62902259844a159cc8bdb429907dd0517e8c426843539d8a414bf8e699a1d9,stage,V4_NATIVE_EMISSION
2a3c7acc50dc986cdd1e04f8582f46afdda4e90ec9e4478d48a2fcd66a73fd23,ee62902259844a159cc8bdb429907dd0517e8c426843539d8a414bf8e699a1d9,class,BACKEND
10c707bb7a357c03758cfc0256464001866010360b4f0aac1dee9a12e0015d9e,ee62902259844a159cc8bdb429907dd0517e8c426843539d8a414bf8e699a1d9,stage,V4_NATIVE_EMISSION
10c707bb7a357c03758cfc0256464001866010360b4f0aac1dee9a12e0015d9e,ee62902259844a159cc8bdb429907dd0517e8c426843539d8a414bf8e699a1d9,class,BACKEND
99ae8f511acaa6cd197def4592246ef827a01b36119f6961e15d978115b3f31a,ee62902259844a159cc8bdb429907dd0517e8c426843539d8a414bf8e699a1d9,stage,V5_TARGET_REPARSE
99ae8f511acaa6cd197def4592246ef827a01b36119f6961e15d978115b3f31a,ee62902259844a159cc8bdb429907dd0517e8c426843539d8a414bf8e699a1d9,class,TARGET_SYNTAX
9fc6a40cd0fdb20f5b567b51953959363ffa788af593eb153962f6d740e9ad2e,ee62902259844a159cc8bdb429907dd0517e8c426843539d8a414bf8e699a1d9,stage,V5_TARGET_REPARSE
9fc6a40cd0fdb20f5b567b51953959363ffa788af593eb153962f6d740e9ad2e,ee62902259844a159cc8bdb429907dd0517e8c426843539d8a414bf8e699a1d9,class,TARGET_SYNTAX
406ee9ce7e0f1a65a28fe90a7916f26abf0549ef88118ed0ef8b629c709513c0,ee62902259844a159cc8bdb429907dd0517e8c426843539d8a414bf8e699a1d9,stage,V4_NATIVE_EMISSION
406ee9ce7e0f1a65a28fe90a7916f26abf0549ef88118ed0ef8b629c709513c0,ee62902259844a159cc8bdb429907dd0517e8c426843539d8a414bf8e699a1d9,class,BACKEND
959e6045be56e02d37088bb13c5d310f286c5c1d1f84394445624bffe094c139,ee62902259844a159cc8bdb429907dd0517e8c426843539d8a414bf8e699a1d9,stage,V5_TARGET_REPARSE
959e6045be56e02d37088bb13c5d310f286c5c1d1f84394445624bffe094c139,ee62902259844a159cc8bdb429907dd0517e8c426843539d8a414bf8e699a1d9,class,TARGET_SYNTAX
31da8dcd89c7a511e3c9de9b32db99e8ff9e04b4ebe2cd3d814bd532f9b88873,2ddf903c73c945c1a766f930871daae7a68ccea58ed3878f76da88efe74abc91,stage,V0_SOURCE_PARSE
31da8dcd89c7a511e3c9de9b32db99e8ff9e04b4ebe2cd3d814bd532f9b88873,2ddf903c73c945c1a766f930871daae7a68ccea58ed3878f76da88efe74abc91,class,FRONTEND
5e789e0c1abed9cb62f8ac3175e38515e334417817cc05c3e924568c94e8457a,2ddf903c73c945c1a766f930871daae7a68ccea58ed3878f76da88efe74abc91,stage,V0_SOURCE_PARSE
5e789e0c1abed9cb62f8ac3175e38515e334417817cc05c3e924568c94e8457a,2ddf903c73c945c1a766f930871daae7a68ccea58ed3878f76da88efe74abc91,class,FRONTEND
9e3d6c1d0fa167f5a0cb2eaa6d97fef1970e986f92923a54cad85ac533c4a8b2,2ddf903c73c945c1a766f930871daae7a68ccea58ed3878f76da88efe74abc91,stage,V0_SOURCE_PARSE
9e3d6c1d0fa167f5a0cb2eaa6d97fef1970e986f92923a54cad85ac533c4a8b2,2ddf903c73c945c1a766f930871daae7a68ccea58ed3878f76da88efe74abc91,class,FRONTEND
177b8d0a91da7f901ce4a647805d2638eaaa9370c8063c251db959a21bdb2150,2ddf903c73c945c1a766f930871daae7a68ccea58ed3878f76da88efe74abc91,stage,V0_SOURCE_PARSE
177b8d0a91da7f901ce4a647805d2638eaaa9370c8063c251db959a21bdb2150,2ddf903c73c945c1a766f930871daae7a68ccea58ed3878f76da88efe74abc91,class,FRONTEND
93d689530433ef14ace6fa711a129f078a885511ecee70bfeac69f368038e5ca,2ddf903c73c945c1a766f930871daae7a68ccea58ed3878f76da88efe74abc91,stage,V0_SOURCE_PARSE
93d689530433ef14ace6fa711a129f078a885511ecee70bfeac69f368038e5ca,2ddf903c73c945c1a766f930871daae7a68ccea58ed3878f76da88efe74abc91,class,FRONTEND
699d0619e86a4270d7d83feabb40b0f9fb5b8262f40105d46c8388eefefeb6da,2ddf903c73c945c1a766f930871daae7a68ccea58ed3878f76da88efe74abc91,stage,V0_SOURCE_PARSE
699d0619e86a4270d7d83feabb40b0f9fb5b8262f40105d46c8388eefefeb6da,2ddf903c73c945c1a766f930871daae7a68ccea58ed3878f76da88efe74abc91,class,FRONTEND
533051a31d29b7ef79161aa994bf095d35f0f7af8bf1266b57a6cb6ed1bf5d7f,2ddf903c73c945c1a766f930871daae7a68ccea58ed3878f76da88efe74abc91,stage,V0_SOURCE_PARSE
533051a31d29b7ef79161aa994bf095d35f0f7af8bf1266b57a6cb6ed1bf5d7f,2ddf903c73c945c1a766f930871daae7a68ccea58ed3878f76da88efe74abc91,class,FRONTEND
46fc2346d17d80a816b475bfbf72f4f948b4d495e068aab2534f767fb4848588,2ddf903c73c945c1a766f930871daae7a68ccea58ed3878f76da88efe74abc91,stage,V0_SOURCE_PARSE
46fc2346d17d80a816b475bfbf72f4f948b4d495e068aab2534f767fb4848588,2ddf903c73c945c1a766f930871daae7a68ccea58ed3878f76da88efe74abc91,class,FRONTEND
97a221ad48af768238eeb641c4105c70f7adf94922a5bad27cf231499e70ac21,2ddf903c73c945c1a766f930871daae7a68ccea58ed3878f76da88efe74abc91,stage,V0_SOURCE_PARSE
97a221ad48af768238eeb641c4105c70f7adf94922a5bad27cf231499e70ac21,2ddf903c73c945c1a766f930871daae7a68ccea58ed3878f76da88efe74abc91,class,FRONTEND
bb7af5293299324206db016f498837af221e5770e84a619d791ecdc2baedf6e0,2ddf903c73c945c1a766f930871daae7a68ccea58ed3878f76da88efe74abc91,stage,V0_SOURCE_PARSE
bb7af5293299324206db016f498837af221e5770e84a619d791ecdc2baedf6e0,2ddf903c73c945c1a766f930871daae7a68ccea58ed3878f76da88efe74abc91,class,FRONTEND
eb16dd060d527186e9d5776ccc91e5d69938fcd3759d565533b6e29be38e6896,2ddf903c73c945c1a766f930871daae7a68ccea58ed3878f76da88efe74abc91,stage,V0_SOURCE_PARSE
eb16dd060d527186e9d5776ccc91e5d69938fcd3759d565533b6e29be38e6896,2ddf903c73c945c1a766f930871daae7a68ccea58ed3878f76da88efe74abc91,class,FRONTEND
ff0f29a9acdabe046c17dfa6b43bdced1ec31e67ddb3dca25f9b0b606a58a3d6,2ddf903c73c945c1a766f930871daae7a68ccea58ed3878f76da88efe74abc91,stage,V0_SOURCE_PARSE
ff0f29a9acdabe046c17dfa6b43bdced1ec31e67ddb3dca25f9b0b606a58a3d6,2ddf903c73c945c1a766f930871daae7a68ccea58ed3878f76da88efe74abc91,class,FRONTEND
d474a4b15123a2c9f0c8eb1a9c08ecda32cf31aa66e3d13ba7b306ad3cf5a81a,2ddf903c73c945c1a766f930871daae7a68ccea58ed3878f76da88efe74abc91,stage,V0_SOURCE_PARSE
d474a4b15123a2c9f0c8eb1a9c08ecda32cf31aa66e3d13ba7b306ad3cf5a81a,2ddf903c73c945c1a766f930871daae7a68ccea58ed3878f76da88efe74abc91,class,FRONTEND
71f9b18c03e31d36c4c894ea67104ebc6f18654730578c14d868eb874fcdf4f0,a2883e2314e9b4b1b98d2c771c73a3545c634592558b2380fbb08c4d61a8e23c,stage,V4_NATIVE_EMISSION
71f9b18c03e31d36c4c894ea67104ebc6f18654730578c14d868eb874fcdf4f0,a2883e2314e9b4b1b98d2c771c73a3545c634592558b2380fbb08c4d61a8e23c,class,BACKEND
d0673e1f62fddf22e5e130a432ca3c37c76598b2b23f25574b37f36a6a906f85,a2883e2314e9b4b1b98d2c771c73a3545c634592558b2380fbb08c4d61a8e23c,stage,V4_NATIVE_EMISSION
d0673e1f62fddf22e5e130a432ca3c37c76598b2b23f25574b37f36a6a906f85,a2883e2314e9b4b1b98d2c771c73a3545c634592558b2380fbb08c4d61a8e23c,class,BACKEND
cccf11398e487bc810793265cd2824b03697cee8b5dd16aa6ffec11451f00ab9,a2883e2314e9b4b1b98d2c771c73a3545c634592558b2380fbb08c4d61a8e23c,stage,V4_NATIVE_EMISSION
cccf11398e487bc810793265cd2824b03697cee8b5dd16aa6ffec11451f00ab9,a2883e2314e9b4b1b98d2c771c73a3545c634592558b2380fbb08c4d61a8e23c,class,BACKEND
d8bd6830dfbbbb87e9aac9dd4530174e8a3590863fe12b4641f9c0cc161a87dd,a2883e2314e9b4b1b98d2c771c73a3545c634592558b2380fbb08c4d61a8e23c,stage,V4_NATIVE_EMISSION
d8bd6830dfbbbb87e9aac9dd4530174e8a3590863fe12b4641f9c0cc161a87dd,a2883e2314e9b4b1b98d2c771c73a3545c634592558b2380fbb08c4d61a8e23c,class,BACKEND
1ec064347d76f1d7ca7fff64cf8bd738e9abcae6efe5e44f4636d6e469d44132,a2883e2314e9b4b1b98d2c771c73a3545c634592558b2380fbb08c4d61a8e23c,stage,V4_NATIVE_EMISSION
1ec064347d76f1d7ca7fff64cf8bd738e9abcae6efe5e44f4636d6e469d44132,a2883e2314e9b4b1b98d2c771c73a3545c634592558b2380fbb08c4d61a8e23c,class,BACKEND
c126b9223fff6ed3ae151d06f694d9633c71b11195ddd52d3dddefbc8784bfdd,a2883e2314e9b4b1b98d2c771c73a3545c634592558b2380fbb08c4d61a8e23c,stage,V4_NATIVE_EMISSION
c126b9223fff6ed3ae151d06f694d9633c71b11195ddd52d3dddefbc8784bfdd,a2883e2314e9b4b1b98d2c771c73a3545c634592558b2380fbb08c4d61a8e23c,class,BACKEND
ee628ee8b191288850fe99afab2856919e5e91e467bb9d984686712893d3b133,a2883e2314e9b4b1b98d2c771c73a3545c634592558b2380fbb08c4d61a8e23c,stage,V4_NATIVE_EMISSION
ee628ee8b191288850fe99afab2856919e5e91e467bb9d984686712893d3b133,a2883e2314e9b4b1b98d2c771c73a3545c634592558b2380fbb08c4d61a8e23c,class,BACKEND
7ad315230bc2f801b1e4384772305d224745a543e2a2e7c5ffb0cc625503fe2d,a2883e2314e9b4b1b98d2c771c73a3545c634592558b2380fbb08c4d61a8e23c,stage,V4_NATIVE_EMISSION
7ad315230bc2f801b1e4384772305d224745a543e2a2e7c5ffb0cc625503fe2d,a2883e2314e9b4b1b98d2c771c73a3545c634592558b2380fbb08c4d61a8e23c,class,BACKEND
fe51a3db867950584dc9dfde659b8dd7b63ecf955dc0cb830e99e77f5de9b24b,a2883e2314e9b4b1b98d2c771c73a3545c634592558b2380fbb08c4d61a8e23c,stage,V4_NATIVE_EMISSION
fe51a3db867950584dc9dfde659b8dd7b63ecf955dc0cb830e99e77f5de9b24b,a2883e2314e9b4b1b98d2c771c73a3545c634592558b2380fbb08c4d61a8e23c,class,BACKEND
3b9260ca5c5080f9f32ea3bc18322733c54fe2b321c916c3ba904ed0c72a22d6,a2883e2314e9b4b1b98d2c771c73a3545c634592558b2380fbb08c4d61a8e23c,stage,V4_NATIVE_EMISSION
3b9260ca5c5080f9f32ea3bc18322733c54fe2b321c916c3ba904ed0c72a22d6,a2883e2314e9b4b1b98d2c771c73a3545c634592558b2380fbb08c4d61a8e23c,class,BACKEND
f12700372a04b24361090fde069d4713ed9c43d30c64f3d659ed178dda27e097,a2883e2314e9b4b1b98d2c771c73a3545c634592558b2380fbb08c4d61a8e23c,stage,V4_NATIVE_EMISSION
f12700372a04b24361090fde069d4713ed9c43d30c64f3d659ed178dda27e097,a2883e2314e9b4b1b98d2c771c73a3545c634592558b2380fbb08c4d61a8e23c,class,BACKEND
992ae828985730bff4d61a4be79508b17a1c8288ab2151651b195aebb5e2b497,a2883e2314e9b4b1b98d2c771c73a3545c634592558b2380fbb08c4d61a8e23c,stage,V4_NATIVE_EMISSION
992ae828985730bff4d61a4be79508b17a1c8288ab2151651b195aebb5e2b497,a2883e2314e9b4b1b98d2c771c73a3545c634592558b2380fbb08c4d61a8e23c,class,BACKEND
5da4a3b2850a2a382de369b9141fa2c8c8c1d3a831c90bd63775f5c4963588a2,a7dedaf1bf2bf78277dbdac084958c69ff91378960a7c1f9b34911716db4c9b0,stage,V4_NATIVE_EMISSION
5da4a3b2850a2a382de369b9141fa2c8c8c1d3a831c90bd63775f5c4963588a2,a7dedaf1bf2bf78277dbdac084958c69ff91378960a7c1f9b34911716db4c9b0,class,BACKEND
04ca463b74708e9d793f9060b78ddf22815677950a338cfc5552b85944342391,a7dedaf1bf2bf78277dbdac084958c69ff91378960a7c1f9b34911716db4c9b0,stage,V4_NATIVE_EMISSION
04ca463b74708e9d793f9060b78ddf22815677950a338cfc5552b85944342391,a7dedaf1bf2bf78277dbdac084958c69ff91378960a7c1f9b34911716db4c9b0,class,BACKEND
831da1d8cde2095c69464b6a498476ec17583c55a309770fababc36be930b764,a7dedaf1bf2bf78277dbdac084958c69ff91378960a7c1f9b34911716db4c9b0,stage,V4_NATIVE_EMISSION
831da1d8cde2095c69464b6a498476ec17583c55a309770fababc36be930b764,a7dedaf1bf2bf78277dbdac084958c69ff91378960a7c1f9b34911716db4c9b0,class,BACKEND
3fcd57a1eee4633773ac79a56dd94ca6369de241bfbd9ee59c73adc8d6175813,a7dedaf1bf2bf78277dbdac084958c69ff91378960a7c1f9b34911716db4c9b0,stage,V4_NATIVE_EMISSION
3fcd57a1eee4633773ac79a56dd94ca6369de241bfbd9ee59c73adc8d6175813,a7dedaf1bf2bf78277dbdac084958c69ff91378960a7c1f9b34911716db4c9b0,class,BACKEND
31d967f47c00b610342b2e2000a98c78702ad1f5fbce4a9f1b074145692dac10,a7dedaf1bf2bf78277dbdac084958c69ff91378960a7c1f9b34911716db4c9b0,stage,V4_NATIVE_EMISSION
31d967f47c00b610342b2e2000a98c78702ad1f5fbce4a9f1b074145692dac10,a7dedaf1bf2bf78277dbdac084958c69ff91378960a7c1f9b34911716db4c9b0,class,BACKEND
751abc83271be681d019312b4b23fefc0c6e1385870db72ce7a50757fbc2458d,a7dedaf1bf2bf78277dbdac084958c69ff91378960a7c1f9b34911716db4c9b0,stage,V4_NATIVE_EMISSION
751abc83271be681d019312b4b23fefc0c6e1385870db72ce7a50757fbc2458d,a7dedaf1bf2bf78277dbdac084958c69ff91378960a7c1f9b34911716db4c9b0,class,BACKEND
d1db587929e33ee3fd9a6055b548ca4043256da79ebaf2c52ae0fb0eb2837b23,a7dedaf1bf2bf78277dbdac084958c69ff91378960a7c1f9b34911716db4c9b0,stage,V4_NATIVE_EMISSION
d1db587929e33ee3fd9a6055b548ca4043256da79ebaf2c52ae0fb0eb2837b23,a7dedaf1bf2bf78277dbdac084958c69ff91378960a7c1f9b34911716db4c9b0,class,BACKEND
df438d8b35af784438f90d9559dd2d84b1dcd52cbaa017a38455b3b73c1ad259,a7dedaf1bf2bf78277dbdac084958c69ff91378960a7c1f9b34911716db4c9b0,stage,V4_NATIVE_EMISSION
df438d8b35af784438f90d9559dd2d84b1dcd52cbaa017a38455b3b73c1ad259,a7dedaf1bf2bf78277dbdac084958c69ff91378960a7c1f9b34911716db4c9b0,class,BACKEND
43fb70b2ad59826f42977d7e1a0b79ee0219b2393925d3a98f1c5dcb424533d4,a7dedaf1bf2bf78277dbdac084958c69ff91378960a7c1f9b34911716db4c9b0,stage,V4_NATIVE_EMISSION
43fb70b2ad59826f42977d7e1a0b79ee0219b2393925d3a98f1c5dcb424533d4,a7dedaf1bf2bf78277dbdac084958c69ff91378960a7c1f9b34911716db4c9b0,class,BACKEND
2b979b82d14709720e356806267f379abd47b84bf6af7fcec9e700ba41d87b27,a7dedaf1bf2bf78277dbdac084958c69ff91378960a7c1f9b34911716db4c9b0,stage,V4_NATIVE_EMISSION
2b979b82d14709720e356806267f379abd47b84bf6af7fcec9e700ba41d87b27,a7dedaf1bf2bf78277dbdac084958c69ff91378960a7c1f9b34911716db4c9b0,class,BACKEND
087d3c7606380bc4a41057fd0488892d022e0a64e7afbd3261a53c7061e12107,a7dedaf1bf2bf78277dbdac084958c69ff91378960a7c1f9b34911716db4c9b0,stage,V4_NATIVE_EMISSION
087d3c7606380bc4a41057fd0488892d022e0a64e7afbd3261a53c7061e12107,a7dedaf1bf2bf78277dbdac084958c69ff91378960a7c1f9b34911716db4c9b0,class,BACKEND
c2eaf52fe438a17b71f01e05d59b69c59b62c7b621787356713cf2ef11dc75b6,a7dedaf1bf2bf78277dbdac084958c69ff91378960a7c1f9b34911716db4c9b0,stage,V4_NATIVE_EMISSION
c2eaf52fe438a17b71f01e05d59b69c59b62c7b621787356713cf2ef11dc75b6,a7dedaf1bf2bf78277dbdac084958c69ff91378960a7c1f9b34911716db4c9b0,class,BACKEND
0766992bc32f1eec12fcb03cc3cbcd474541da4ca3ea7141679e083bfe435238,694c3b5f203fc75d99fce8113fe6536d75c51d8abfe9531fa75f80bebd4ddc27,stage,V4_NATIVE_EMISSION
0766992bc32f1eec12fcb03cc3cbcd474541da4ca3ea7141679e083bfe435238,694c3b5f203fc75d99fce8113fe6536d75c51d8abfe9531fa75f80bebd4ddc27,class,BACKEND
01e68f7bea5c5501b8c062808e467812d666c7c698b699be7162872da672b9aa,694c3b5f203fc75d99fce8113fe6536d75c51d8abfe9531fa75f80bebd4ddc27,stage,V4_NATIVE_EMISSION
01e68f7bea5c5501b8c062808e467812d666c7c698b699be7162872da672b9aa,694c3b5f203fc75d99fce8113fe6536d75c51d8abfe9531fa75f80bebd4ddc27,class,BACKEND
abc20f1005fc831ae848f50f2966ab21307e8e4798be5c4a000351354a5d1abc,694c3b5f203fc75d99fce8113fe6536d75c51d8abfe9531fa75f80bebd4ddc27,stage,V4_NATIVE_EMISSION
abc20f1005fc831ae848f50f2966ab21307e8e4798be5c4a000351354a5d1abc,694c3b5f203fc75d99fce8113fe6536d75c51d8abfe9531fa75f80bebd4ddc27,class,BACKEND
48118e8c239a2a7ecb4cde133dcae3109fecad9fc89757742127ab8a8adcc142,694c3b5f203fc75d99fce8113fe6536d75c51d8abfe9531fa75f80bebd4ddc27,stage,V4_NATIVE_EMISSION
48118e8c239a2a7ecb4cde133dcae3109fecad9fc89757742127ab8a8adcc142,694c3b5f203fc75d99fce8113fe6536d75c51d8abfe9531fa75f80bebd4ddc27,class,BACKEND
52fadd63e485aabfebe63643d047473b5608bc4752ba523d4d11182b8dcb7956,694c3b5f203fc75d99fce8113fe6536d75c51d8abfe9531fa75f80bebd4ddc27,stage,V4_NATIVE_EMISSION
52fadd63e485aabfebe63643d047473b5608bc4752ba523d4d11182b8dcb7956,694c3b5f203fc75d99fce8113fe6536d75c51d8abfe9531fa75f80bebd4ddc27,class,BACKEND
d6eb37c0be4f267b3a6582b59237b7e7b395bb2d188f93cc0fc822d0afa51cf7,694c3b5f203fc75d99fce8113fe6536d75c51d8abfe9531fa75f80bebd4ddc27,stage,V4_NATIVE_EMISSION
d6eb37c0be4f267b3a6582b59237b7e7b395bb2d188f93cc0fc822d0afa51cf7,694c3b5f203fc75d99fce8113fe6536d75c51d8abfe9531fa75f80bebd4ddc27,class,BACKEND
ae298320989aa3550c1ad4c90ed8a92f49798dd83ab5c7ebc5004dc1ccaa30f8,694c3b5f203fc75d99fce8113fe6536d75c51d8abfe9531fa75f80bebd4ddc27,stage,V4_NATIVE_EMISSION
ae298320989aa3550c1ad4c90ed8a92f49798dd83ab5c7ebc5004dc1ccaa30f8,694c3b5f203fc75d99fce8113fe6536d75c51d8abfe9531fa75f80bebd4ddc27,class,BACKEND
88e2792e0ba76ac356feb5475ea9e477b9bcce934a0a97d0d6834434f5841fa7,694c3b5f203fc75d99fce8113fe6536d75c51d8abfe9531fa75f80bebd4ddc27,stage,V4_NATIVE_EMISSION
88e2792e0ba76ac356feb5475ea9e477b9bcce934a0a97d0d6834434f5841fa7,694c3b5f203fc75d99fce8113fe6536d75c51d8abfe9531fa75f80bebd4ddc27,class,BACKEND
a9a66ee9aae5b020bcce27e93fbcfa978414a6fae83f7df6aefb851ea41c7fb4,694c3b5f203fc75d99fce8113fe6536d75c51d8abfe9531fa75f80bebd4ddc27,stage,V4_NATIVE_EMISSION
a9a66ee9aae5b020bcce27e93fbcfa978414a6fae83f7df6aefb851ea41c7fb4,694c3b5f203fc75d99fce8113fe6536d75c51d8abfe9531fa75f80bebd4ddc27,class,BACKEND
1bf60755ce3122d9e12e2e16717a1d423c9bb488e8d8c75e806aa3a8c0cc2f6b,694c3b5f203fc75d99fce8113fe6536d75c51d8abfe9531fa75f80bebd4ddc27,stage,V4_NATIVE_EMISSION
1bf60755ce3122d9e12e2e16717a1d423c9bb488e8d8c75e806aa3a8c0cc2f6b,694c3b5f203fc75d99fce8113fe6536d75c51d8abfe9531fa75f80bebd4ddc27,class,BACKEND
4dd037b5e88171b139349fc437b3132e6a111fa77e373f48e8c1c887382ea48f,694c3b5f203fc75d99fce8113fe6536d75c51d8abfe9531fa75f80bebd4ddc27,stage,V4_NATIVE_EMISSION
4dd037b5e88171b139349fc437b3132e6a111fa77e373f48e8c1c887382ea48f,694c3b5f203fc75d99fce8113fe6536d75c51d8abfe9531fa75f80bebd4ddc27,class,BACKEND
0e2e7fe6c8c27d829a6f9cc07e05101cf6a56d56e14f6433168a71ac66219e00,694c3b5f203fc75d99fce8113fe6536d75c51d8abfe9531fa75f80bebd4ddc27,stage,V4_NATIVE_EMISSION
0e2e7fe6c8c27d829a6f9cc07e05101cf6a56d56e14f6433168a71ac66219e00,694c3b5f203fc75d99fce8113fe6536d75c51d8abfe9531fa75f80bebd4ddc27,class,BACKEND
7a7112b5950d5b0f58e421039abac20c56160a2bbe26a871297247e4fdf95f75,19c096cf69781a3fde534e5b2f06db30e9eef7261fe07e8d60d7ff5f9132e90b,stage,V4_NATIVE_EMISSION
7a7112b5950d5b0f58e421039abac20c56160a2bbe26a871297247e4fdf95f75,19c096cf69781a3fde534e5b2f06db30e9eef7261fe07e8d60d7ff5f9132e90b,class,BACKEND
8ad834a143db916e27054fde186bed9be26716a0b85dc6ed20a46a53f7e8c6d7,19c096cf69781a3fde534e5b2f06db30e9eef7261fe07e8d60d7ff5f9132e90b,stage,V4_NATIVE_EMISSION
8ad834a143db916e27054fde186bed9be26716a0b85dc6ed20a46a53f7e8c6d7,19c096cf69781a3fde534e5b2f06db30e9eef7261fe07e8d60d7ff5f9132e90b,class,BACKEND
50a0d861ba7136816463bf8449d7249a18868357051bb514838a4cb31ecfeacd,19c096cf69781a3fde534e5b2f06db30e9eef7261fe07e8d60d7ff5f9132e90b,stage,V4_NATIVE_EMISSION
50a0d861ba7136816463bf8449d7249a18868357051bb514838a4cb31ecfeacd,19c096cf69781a3fde534e5b2f06db30e9eef7261fe07e8d60d7ff5f9132e90b,class,BACKEND
224e2599884b1f4e39d48d83438074013a61f282c14752b75971d4d83e300b8c,19c096cf69781a3fde534e5b2f06db30e9eef7261fe07e8d60d7ff5f9132e90b,stage,V4_NATIVE_EMISSION
224e2599884b1f4e39d48d83438074013a61f282c14752b75971d4d83e300b8c,19c096cf69781a3fde534e5b2f06db30e9eef7261fe07e8d60d7ff5f9132e90b,class,BACKEND
687039537329c62cc2e48c7c3c2dbfa3879aeb1715eaba82cd186d98bc99dcad,19c096cf69781a3fde534e5b2f06db30e9eef7261fe07e8d60d7ff5f9132e90b,stage,V4_NATIVE_EMISSION
687039537329c62cc2e48c7c3c2dbfa3879aeb1715eaba82cd186d98bc99dcad,19c096cf69781a3fde534e5b2f06db30e9eef7261fe07e8d60d7ff5f9132e90b,class,BACKEND
c9d3cb04028cb4cf287b7abc6296330429474d3dc37883e3a339e1df1dbbdcf1,19c096cf69781a3fde534e5b2f06db30e9eef7261fe07e8d60d7ff5f9132e90b,stage,V4_NATIVE_EMISSION
c9d3cb04028cb4cf287b7abc6296330429474d3dc37883e3a339e1df1dbbdcf1,19c096cf69781a3fde534e5b2f06db30e9eef7261fe07e8d60d7ff5f9132e90b,class,BACKEND
651d5e26d57821d04c642711231c71262a2cbb1ff02c27d290b57ed13316aeec,19c096cf69781a3fde534e5b2f06db30e9eef7261fe07e8d60d7ff5f9132e90b,stage,V4_NATIVE_EMISSION
651d5e26d57821d04c642711231c71262a2cbb1ff02c27d290b57ed13316aeec,19c096cf69781a3fde534e5b2f06db30e9eef7261fe07e8d60d7ff5f9132e90b,class,BACKEND
a57d3dd7fe8f65b7ee4faf9c27541508453598d93a164890856aa2966f6fa8f3,19c096cf69781a3fde534e5b2f06db30e9eef7261fe07e8d60d7ff5f9132e90b,stage,V4_NATIVE_EMISSION
a57d3dd7fe8f65b7ee4faf9c27541508453598d93a164890856aa2966f6fa8f3,19c096cf69781a3fde534e5b2f06db30e9eef7261fe07e8d60d7ff5f9132e90b,class,BACKEND
0d5e3403a00498e1b0bdb72d803400526295684057fa98cd433a390f95e2b178,19c096cf69781a3fde534e5b2f06db30e9eef7261fe07e8d60d7ff5f9132e90b,stage,V4_NATIVE_EMISSION
0d5e3403a00498e1b0bdb72d803400526295684057fa98cd433a390f95e2b178,19c096cf69781a3fde534e5b2f06db30e9eef7261fe07e8d60d7ff5f9132e90b,class,BACKEND
4a96874b8176253a5ffbe0d51974e9edc043eb0c512fa840853213c589c12466,19c096cf69781a3fde534e5b2f06db30e9eef7261fe07e8d60d7ff5f9132e90b,stage,V4_NATIVE_EMISSION
4a96874b8176253a5ffbe0d51974e9edc043eb0c512fa840853213c589c12466,19c096cf69781a3fde534e5b2f06db30e9eef7261fe07e8d60d7ff5f9132e90b,class,BACKEND
b6dc08eba3cfdb1af078b6cb4f007b44388ff69c7290e965af6bbdfae41cc959,19c096cf69781a3fde534e5b2f06db30e9eef7261fe07e8d60d7ff5f9132e90b,stage,V4_NATIVE_EMISSION
b6dc08eba3cfdb1af078b6cb4f007b44388ff69c7290e965af6bbdfae41cc959,19c096cf69781a3fde534e5b2f06db30e9eef7261fe07e8d60d7ff5f9132e90b,class,BACKEND
444d7247b3e34ef66c610d6c97fcf7e5de1e40cbfec7486dd0e3c63e81338c5d,19c096cf69781a3fde534e5b2f06db30e9eef7261fe07e8d60d7ff5f9132e90b,stage,V4_NATIVE_EMISSION
444d7247b3e34ef66c610d6c97fcf7e5de1e40cbfec7486dd0e3c63e81338c5d,19c096cf69781a3fde534e5b2f06db30e9eef7261fe07e8d60d7ff5f9132e90b,class,BACKEND
3e4abf759c28b97e22c24442d497ee63463b0c306981d766207ea17f3c0a0e38,6dec37f660a2be08bda6d24d5d5728e3407f254fa2d35f8dc087de18c5299636,stage,V4_NATIVE_EMISSION
3e4abf759c28b97e22c24442d497ee63463b0c306981d766207ea17f3c0a0e38,6dec37f660a2be08bda6d24d5d5728e3407f254fa2d35f8dc087de18c5299636,class,BACKEND
7b7780568d69642f563749b9cbd50318b98c67513ea7ed2bbb2c578c6128201f,6dec37f660a2be08bda6d24d5d5728e3407f254fa2d35f8dc087de18c5299636,stage,V4_NATIVE_EMISSION
7b7780568d69642f563749b9cbd50318b98c67513ea7ed2bbb2c578c6128201f,6dec37f660a2be08bda6d24d5d5728e3407f254fa2d35f8dc087de18c5299636,class,BACKEND
6e5b34e6437e13ac00cad30c45d95923583b665e7ca8ba3df8b5c2f3050e91c1,6dec37f660a2be08bda6d24d5d5728e3407f254fa2d35f8dc087de18c5299636,stage,V4_NATIVE_EMISSION
6e5b34e6437e13ac00cad30c45d95923583b665e7ca8ba3df8b5c2f3050e91c1,6dec37f660a2be08bda6d24d5d5728e3407f254fa2d35f8dc087de18c5299636,class,BACKEND
467b2272a4874b7b114d43b38200c044f400083a70aab149dae0c15be3e6afd4,6dec37f660a2be08bda6d24d5d5728e3407f254fa2d35f8dc087de18c5299636,stage,V4_NATIVE_EMISSION
467b2272a4874b7b114d43b38200c044f400083a70aab149dae0c15be3e6afd4,6dec37f660a2be08bda6d24d5d5728e3407f254fa2d35f8dc087de18c5299636,class,BACKEND
ff149bcef835a8b88b56b9d09ff8eaa836ee139bc717f0c8ec0accf1fb21a0bc,6dec37f660a2be08bda6d24d5d5728e3407f254fa2d35f8dc087de18c5299636,stage,V4_NATIVE_EMISSION
ff149bcef835a8b88b56b9d09ff8eaa836ee139bc717f0c8ec0accf1fb21a0bc,6dec37f660a2be08bda6d24d5d5728e3407f254fa2d35f8dc087de18c5299636,class,BACKEND
bc34c73e1104fe226e84ac6effd993fc43941df92aaa1a2c9835b5c88d1729b9,6dec37f660a2be08bda6d24d5d5728e3407f254fa2d35f8dc087de18c5299636,stage,V4_NATIVE_EMISSION
bc34c73e1104fe226e84ac6effd993fc43941df92aaa1a2c9835b5c88d1729b9,6dec37f660a2be08bda6d24d5d5728e3407f254fa2d35f8dc087de18c5299636,class,BACKEND
0ee359bf93ffadac7e94096818cce716671fd24948dd3eb5f45a8be88875aecc,6dec37f660a2be08bda6d24d5d5728e3407f254fa2d35f8dc087de18c5299636,stage,V4_NATIVE_EMISSION
0ee359bf93ffadac7e94096818cce716671fd24948dd3eb5f45a8be88875aecc,6dec37f660a2be08bda6d24d5d5728e3407f254fa2d35f8dc087de18c5299636,class,BACKEND
c83fb8934cb88044098ad39c979a500b5abf51e5318aee880d77822eeb1076ac,6dec37f660a2be08bda6d24d5d5728e3407f254fa2d35f8dc087de18c5299636,stage,V4_NATIVE_EMISSION
c83fb8934cb88044098ad39c979a500b5abf51e5318aee880d77822eeb1076ac,6dec37f660a2be08bda6d24d5d5728e3407f254fa2d35f8dc087de18c5299636,class,BACKEND
01bad05b13bd5c1d2398a4536c9c7f8e92a8846fce02c5099d3527d7c3aa0927,6dec37f660a2be08bda6d24d5d5728e3407f254fa2d35f8dc087de18c5299636,stage,V4_NATIVE_EMISSION
01bad05b13bd5c1d2398a4536c9c7f8e92a8846fce02c5099d3527d7c3aa0927,6dec37f660a2be08bda6d24d5d5728e3407f254fa2d35f8dc087de18c5299636,class,BACKEND
b4cab622562251785ae26f50cf874a463295f58114caefbd43edb15e1d00d8a0,6dec37f660a2be08bda6d24d5d5728e3407f254fa2d35f8dc087de18c5299636,stage,V4_NATIVE_EMISSION
b4cab622562251785ae26f50cf874a463295f58114caefbd43edb15e1d00d8a0,6dec37f660a2be08bda6d24d5d5728e3407f254fa2d35f8dc087de18c5299636,class,BACKEND
986858f4c723d7102fa6185ac70f5620cf71e3c29ed81c9e94477a5bde51053b,6dec37f660a2be08bda6d24d5d5728e3407f254fa2d35f8dc087de18c5299636,stage,V4_NATIVE_EMISSION
986858f4c723d7102fa6185ac70f5620cf71e3c29ed81c9e94477a5bde51053b,6dec37f660a2be08bda6d24d5d5728e3407f254fa2d35f8dc087de18c5299636,class,BACKEND
dea284085899f199629fc8748c2f0ccbe8f5386852e2067467c83695e8b4d12a,6dec37f660a2be08bda6d24d5d5728e3407f254fa2d35f8dc087de18c5299636,stage,V4_NATIVE_EMISSION
dea284085899f199629fc8748c2f0ccbe8f5386852e2067467c83695e8b4d12a,6dec37f660a2be08bda6d24d5d5728e3407f254fa2d35f8dc087de18c5299636,class,BACKEND
b1c506e00819c1a8807d3aa613485c488fe4427ac5b7323eb564eac6648f7d0f,b990fbb19b29809bc91d55b983c6f2590d12884ca3a11379536201f0670e0773,stage,V4_NATIVE_EMISSION
b1c506e00819c1a8807d3aa613485c488fe4427ac5b7323eb564eac6648f7d0f,b990fbb19b29809bc91d55b983c6f2590d12884ca3a11379536201f0670e0773,class,BACKEND
86f849ab355ddd83eb465200ed20bda3fab02c48ae35f354bcb598b8d3675769,b990fbb19b29809bc91d55b983c6f2590d12884ca3a11379536201f0670e0773,stage,V4_NATIVE_EMISSION
86f849ab355ddd83eb465200ed20bda3fab02c48ae35f354bcb598b8d3675769,b990fbb19b29809bc91d55b983c6f2590d12884ca3a11379536201f0670e0773,class,BACKEND
fb4c6aac3fd8f6a9ec984932317d774095a0532f26fb87c950cc416c5aeed84f,b990fbb19b29809bc91d55b983c6f2590d12884ca3a11379536201f0670e0773,stage,V4_NATIVE_EMISSION
fb4c6aac3fd8f6a9ec984932317d774095a0532f26fb87c950cc416c5aeed84f,b990fbb19b29809bc91d55b983c6f2590d12884ca3a11379536201f0670e0773,class,BACKEND
a7c272df18909b0708dccde9cf49aa78acaf2b46540ba36f7eb34189888da6bb,b990fbb19b29809bc91d55b983c6f2590d12884ca3a11379536201f0670e0773,stage,V4_NATIVE_EMISSION
a7c272df18909b0708dccde9cf49aa78acaf2b46540ba36f7eb34189888da6bb,b990fbb19b29809bc91d55b983c6f2590d12884ca3a11379536201f0670e0773,class,BACKEND
4675293658e5ef229bd10127bf566780df66dd6f9c68ffdd3f609f2f8639fa90,b990fbb19b29809bc91d55b983c6f2590d12884ca3a11379536201f0670e0773,stage,V4_NATIVE_EMISSION
4675293658e5ef229bd10127bf566780df66dd6f9c68ffdd3f609f2f8639fa90,b990fbb19b29809bc91d55b983c6f2590d12884ca3a11379536201f0670e0773,class,BACKEND
8734cccfeac792171f6ece22613cf2e7fb2d3fcd391a08ef285ccb3d30ea540c,7dd4bc4b1f2bf4e8847ec2ff3c677ae8c490edb557a383e71add09e821264e18,stage,V4_NATIVE_EMISSION
8734cccfeac792171f6ece22613cf2e7fb2d3fcd391a08ef285ccb3d30ea540c,7dd4bc4b1f2bf4e8847ec2ff3c677ae8c490edb557a383e71add09e821264e18,class,BACKEND
959c93163de0e3f445512b691990fba27ec6da055134f17484f36a99e2d183d1,7dd4bc4b1f2bf4e8847ec2ff3c677ae8c490edb557a383e71add09e821264e18,stage,V4_NATIVE_EMISSION
959c93163de0e3f445512b691990fba27ec6da055134f17484f36a99e2d183d1,7dd4bc4b1f2bf4e8847ec2ff3c677ae8c490edb557a383e71add09e821264e18,class,BACKEND
30e0b23524993f461be57ca452a9a9d76b9c6a782ad96fb4272cfe7aaf9c2c2e,7dd4bc4b1f2bf4e8847ec2ff3c677ae8c490edb557a383e71add09e821264e18,stage,V4_NATIVE_EMISSION
30e0b23524993f461be57ca452a9a9d76b9c6a782ad96fb4272cfe7aaf9c2c2e,7dd4bc4b1f2bf4e8847ec2ff3c677ae8c490edb557a383e71add09e821264e18,class,BACKEND
13ca835d9e997e73fb462cf5231023f9be204c99d26e2eea0b9f428b0077b311,7dd4bc4b1f2bf4e8847ec2ff3c677ae8c490edb557a383e71add09e821264e18,stage,V4_NATIVE_EMISSION
13ca835d9e997e73fb462cf5231023f9be204c99d26e2eea0b9f428b0077b311,7dd4bc4b1f2bf4e8847ec2ff3c677ae8c490edb557a383e71add09e821264e18,class,BACKEND
47fae88d95b87ab6ea7ed3ad4a7f766576263df2dc00bc08ce2d5f3cb39164dd,7dd4bc4b1f2bf4e8847ec2ff3c677ae8c490edb557a383e71add09e821264e18,stage,V4_NATIVE_EMISSION
47fae88d95b87ab6ea7ed3ad4a7f766576263df2dc00bc08ce2d5f3cb39164dd,7dd4bc4b1f2bf4e8847ec2ff3c677ae8c490edb557a383e71add09e821264e18,class,BACKEND
fba51e076d2a773b63d3c7309152e54178ce620e0aee19106339103a382ec5c0,7dd4bc4b1f2bf4e8847ec2ff3c677ae8c490edb557a383e71add09e821264e18,stage,V4_NATIVE_EMISSION
fba51e076d2a773b63d3c7309152e54178ce620e0aee19106339103a382ec5c0,7dd4bc4b1f2bf4e8847ec2ff3c677ae8c490edb557a383e71add09e821264e18,class,BACKEND
07786f3fc0df5a9361283ed182025da3c132f6ce10a43df0d12eeda3c80b17fe,7dd4bc4b1f2bf4e8847ec2ff3c677ae8c490edb557a383e71add09e821264e18,stage,V4_NATIVE_EMISSION
07786f3fc0df5a9361283ed182025da3c132f6ce10a43df0d12eeda3c80b17fe,7dd4bc4b1f2bf4e8847ec2ff3c677ae8c490edb557a383e71add09e821264e18,class,BACKEND
6462c369b4781f58be3b3d619c841764d65bffa6d71cdde322ea4c7ff833580d,7dd4bc4b1f2bf4e8847ec2ff3c677ae8c490edb557a383e71add09e821264e18,stage,V4_NATIVE_EMISSION
6462c369b4781f58be3b3d619c841764d65bffa6d71cdde322ea4c7ff833580d,7dd4bc4b1f2bf4e8847ec2ff3c677ae8c490edb557a383e71add09e821264e18,class,BACKEND
bc362fa75b68ae2ce7f820767b402f73f29996ce66695e62b20167f31132d3ec,7dd4bc4b1f2bf4e8847ec2ff3c677ae8c490edb557a383e71add09e821264e18,stage,V4_NATIVE_EMISSION
bc362fa75b68ae2ce7f820767b402f73f29996ce66695e62b20167f31132d3ec,7dd4bc4b1f2bf4e8847ec2ff3c677ae8c490edb557a383e71add09e821264e18,class,BACKEND
b227b947176721614bb85ea317a302361a41ab3c568c5e1080e8b61bb7220dd2,7dd4bc4b1f2bf4e8847ec2ff3c677ae8c490edb557a383e71add09e821264e18,stage,V4_NATIVE_EMISSION
b227b947176721614bb85ea317a302361a41ab3c568c5e1080e8b61bb7220dd2,7dd4bc4b1f2bf4e8847ec2ff3c677ae8c490edb557a383e71add09e821264e18,class,BACKEND
f5782a89be592f05a039bfb2229d138dc51bef1e53545a0a5663afce481f45d8,7dd4bc4b1f2bf4e8847ec2ff3c677ae8c490edb557a383e71add09e821264e18,stage,V4_NATIVE_EMISSION
f5782a89be592f05a039bfb2229d138dc51bef1e53545a0a5663afce481f45d8,7dd4bc4b1f2bf4e8847ec2ff3c677ae8c490edb557a383e71add09e821264e18,class,BACKEND
c64972e271aaf34657eed1b356ae8192c3a07f394d8b594356333d6e8fb65bcf,7dd4bc4b1f2bf4e8847ec2ff3c677ae8c490edb557a383e71add09e821264e18,stage,V4_NATIVE_EMISSION
c64972e271aaf34657eed1b356ae8192c3a07f394d8b594356333d6e8fb65bcf,7dd4bc4b1f2bf4e8847ec2ff3c677ae8c490edb557a383e71add09e821264e18,class,BACKEND
38988751c9d8a1f672a39fdfcc6e01ddb4e6bd05f50802ad03eda8950dd582e9,7dd4bc4b1f2bf4e8847ec2ff3c677ae8c490edb557a383e71add09e821264e18,stage,V4_NATIVE_EMISSION
38988751c9d8a1f672a39fdfcc6e01ddb4e6bd05f50802ad03eda8950dd582e9,7dd4bc4b1f2bf4e8847ec2ff3c677ae8c490edb557a383e71add09e821264e18,class,BACKEND
d98ca35fa014b0d86ef8bc9ab6721fea8b0431f607f5eea2f018f173b0849c7d,f513b871a4162a833151cc2c289d584e21429d26e0cd6d87ec2c1b6eb1518c7c,stage,V4_NATIVE_EMISSION
d98ca35fa014b0d86ef8bc9ab6721fea8b0431f607f5eea2f018f173b0849c7d,f513b871a4162a833151cc2c289d584e21429d26e0cd6d87ec2c1b6eb1518c7c,class,BACKEND
25df55f87f9831235e085cd3071d8602036c7952581575bc99c198f26ad9d722,f513b871a4162a833151cc2c289d584e21429d26e0cd6d87ec2c1b6eb1518c7c,stage,V4_NATIVE_EMISSION
25df55f87f9831235e085cd3071d8602036c7952581575bc99c198f26ad9d722,f513b871a4162a833151cc2c289d584e21429d26e0cd6d87ec2c1b6eb1518c7c,class,BACKEND
74c5d7276e85f3badd9d348b1327921ce42ed26d7206866f8fa1c84c4433cdb8,f513b871a4162a833151cc2c289d584e21429d26e0cd6d87ec2c1b6eb1518c7c,stage,V4_NATIVE_EMISSION
74c5d7276e85f3badd9d348b1327921ce42ed26d7206866f8fa1c84c4433cdb8,f513b871a4162a833151cc2c289d584e21429d26e0cd6d87ec2c1b6eb1518c7c,class,BACKEND
ac4521d7cdd3001fc917bcbe7f5db4d19c314f1eb274416342e738ed9bab1a46,f513b871a4162a833151cc2c289d584e21429d26e0cd6d87ec2c1b6eb1518c7c,stage,V4_NATIVE_EMISSION
ac4521d7cdd3001fc917bcbe7f5db4d19c314f1eb274416342e738ed9bab1a46,f513b871a4162a833151cc2c289d584e21429d26e0cd6d87ec2c1b6eb1518c7c,class,BACKEND
b4d56a2c83d98660066b3f68a9401fd97c9c329be1a112355dfe01477f5c93cd,fddb2c05fa5c29b55eaedea4f2fb2f1ee052adb1b25169d099d3643d5c8139f0,stage,V4_NATIVE_EMISSION
b4d56a2c83d98660066b3f68a9401fd97c9c329be1a112355dfe01477f5c93cd,fddb2c05fa5c29b55eaedea4f2fb2f1ee052adb1b25169d099d3643d5c8139f0,class,BACKEND
f9d4b6526ef7e0b67269c4139c505f7b417b38428676fd19582559a212e31679,fddb2c05fa5c29b55eaedea4f2fb2f1ee052adb1b25169d099d3643d5c8139f0,stage,V4_NATIVE_EMISSION
f9d4b6526ef7e0b67269c4139c505f7b417b38428676fd19582559a212e31679,fddb2c05fa5c29b55eaedea4f2fb2f1ee052adb1b25169d099d3643d5c8139f0,class,BACKEND
f963d8797e24949878f2a01f536559bf8141c1f9901741050db4a2ba090bcb02,fddb2c05fa5c29b55eaedea4f2fb2f1ee052adb1b25169d099d3643d5c8139f0,stage,V4_NATIVE_EMISSION
f963d8797e24949878f2a01f536559bf8141c1f9901741050db4a2ba090bcb02,fddb2c05fa5c29b55eaedea4f2fb2f1ee052adb1b25169d099d3643d5c8139f0,class,BACKEND
25064ec570c3cd0a54f8a7c6b7fe9d35d71cc98b7759b956d6799013f3273d0e,fddb2c05fa5c29b55eaedea4f2fb2f1ee052adb1b25169d099d3643d5c8139f0,stage,V4_NATIVE_EMISSION
25064ec570c3cd0a54f8a7c6b7fe9d35d71cc98b7759b956d6799013f3273d0e,fddb2c05fa5c29b55eaedea4f2fb2f1ee052adb1b25169d099d3643d5c8139f0,class,BACKEND
3afaee58cff549ff1c5d815a843999df5a32f1f0acb0264e0b1e1df95ea093a6,fddb2c05fa5c29b55eaedea4f2fb2f1ee052adb1b25169d099d3643d5c8139f0,stage,V4_NATIVE_EMISSION
3afaee58cff549ff1c5d815a843999df5a32f1f0acb0264e0b1e1df95ea093a6,fddb2c05fa5c29b55eaedea4f2fb2f1ee052adb1b25169d099d3643d5c8139f0,class,BACKEND
b18c1eba04fc5b22eb6245e86f79fd52ef9b362045d0b555439cc8cdf35cc593,fddb2c05fa5c29b55eaedea4f2fb2f1ee052adb1b25169d099d3643d5c8139f0,stage,V4_NATIVE_EMISSION
b18c1eba04fc5b22eb6245e86f79fd52ef9b362045d0b555439cc8cdf35cc593,fddb2c05fa5c29b55eaedea4f2fb2f1ee052adb1b25169d099d3643d5c8139f0,class,BACKEND
897f38d4b01e7abf87ff3722a7df36ef1dec1b165d11a4f01023ec200a4ec1b5,fddb2c05fa5c29b55eaedea4f2fb2f1ee052adb1b25169d099d3643d5c8139f0,stage,V4_NATIVE_EMISSION
897f38d4b01e7abf87ff3722a7df36ef1dec1b165d11a4f01023ec200a4ec1b5,fddb2c05fa5c29b55eaedea4f2fb2f1ee052adb1b25169d099d3643d5c8139f0,class,BACKEND
43d86fb21209db86afc9d04f6ee8fa7577d4bd529d67a9aec2cfb943c234b00d,fddb2c05fa5c29b55eaedea4f2fb2f1ee052adb1b25169d099d3643d5c8139f0,stage,V4_NATIVE_EMISSION
43d86fb21209db86afc9d04f6ee8fa7577d4bd529d67a9aec2cfb943c234b00d,fddb2c05fa5c29b55eaedea4f2fb2f1ee052adb1b25169d099d3643d5c8139f0,class,BACKEND
24c18ca5657d70babef1733407be7630aa87000b2e0f42b21c7cdbd1079b70a6,fddb2c05fa5c29b55eaedea4f2fb2f1ee052adb1b25169d099d3643d5c8139f0,stage,V4_NATIVE_EMISSION
24c18ca5657d70babef1733407be7630aa87000b2e0f42b21c7cdbd1079b70a6,fddb2c05fa5c29b55eaedea4f2fb2f1ee052adb1b25169d099d3643d5c8139f0,class,BACKEND
df28c42e0c6db79e1805f88f003889140a122bed90b19a52f29a21d1f081f95c,fddb2c05fa5c29b55eaedea4f2fb2f1ee052adb1b25169d099d3643d5c8139f0,stage,V4_NATIVE_EMISSION
df28c42e0c6db79e1805f88f003889140a122bed90b19a52f29a21d1f081f95c,fddb2c05fa5c29b55eaedea4f2fb2f1ee052adb1b25169d099d3643d5c8139f0,class,BACKEND
2ca8fd065d09fe618d9b45ba176f9d2e84f33d64b96e6266002aa81016a1437b,fddb2c05fa5c29b55eaedea4f2fb2f1ee052adb1b25169d099d3643d5c8139f0,stage,V4_NATIVE_EMISSION
2ca8fd065d09fe618d9b45ba176f9d2e84f33d64b96e6266002aa81016a1437b,fddb2c05fa5c29b55eaedea4f2fb2f1ee052adb1b25169d099d3643d5c8139f0,class,BACKEND
5737064cd507c82f5d24a2b9d78be1bb3af3ecfd35544b6c19036a0dbf104800,fddb2c05fa5c29b55eaedea4f2fb2f1ee052adb1b25169d099d3643d5c8139f0,stage,V4_NATIVE_EMISSION
5737064cd507c82f5d24a2b9d78be1bb3af3ecfd35544b6c19036a0dbf104800,fddb2c05fa5c29b55eaedea4f2fb2f1ee052adb1b25169d099d3643d5c8139f0,class,BACKEND
8783eebff96bce0f3c3a00997e8226a51e5c6dfb560b15a0514da282f1cc1c14,fddb2c05fa5c29b55eaedea4f2fb2f1ee052adb1b25169d099d3643d5c8139f0,stage,V4_NATIVE_EMISSION
8783eebff96bce0f3c3a00997e8226a51e5c6dfb560b15a0514da282f1cc1c14,fddb2c05fa5c29b55eaedea4f2fb2f1ee052adb1b25169d099d3643d5c8139f0,class,BACKEND
09dce3e7451efc3773e518d34a2b5fc1acbf8f72e9620d99a627bb193cd9eea9,93cf95013fc6f64e919b796c38bb7536ee0769f9e4bb153ba1846829c615301f,stage,V5_TARGET_REPARSE
09dce3e7451efc3773e518d34a2b5fc1acbf8f72e9620d99a627bb193cd9eea9,93cf95013fc6f64e919b796c38bb7536ee0769f9e4bb153ba1846829c615301f,class,TARGET_SYNTAX
f73895c1c772ffd2a83ad64876fb3e62913dfdc7b096b86d46dc6195b551fa23,93cf95013fc6f64e919b796c38bb7536ee0769f9e4bb153ba1846829c615301f,stage,V4_NATIVE_EMISSION
f73895c1c772ffd2a83ad64876fb3e62913dfdc7b096b86d46dc6195b551fa23,93cf95013fc6f64e919b796c38bb7536ee0769f9e4bb153ba1846829c615301f,class,BACKEND
ecc34f6522e4186b6dbdeeacc5b29a754c1ca1dc94745e91c6834074046f0413,93cf95013fc6f64e919b796c38bb7536ee0769f9e4bb153ba1846829c615301f,stage,V4_NATIVE_EMISSION
ecc34f6522e4186b6dbdeeacc5b29a754c1ca1dc94745e91c6834074046f0413,93cf95013fc6f64e919b796c38bb7536ee0769f9e4bb153ba1846829c615301f,class,BACKEND
c0b7572a1b6fe9eae06d77b08a2bfecf8af48d7890cd29516bd2d8391b807ca6,93cf95013fc6f64e919b796c38bb7536ee0769f9e4bb153ba1846829c615301f,stage,V4_NATIVE_EMISSION
c0b7572a1b6fe9eae06d77b08a2bfecf8af48d7890cd29516bd2d8391b807ca6,93cf95013fc6f64e919b796c38bb7536ee0769f9e4bb153ba1846829c615301f,class,BACKEND
ccb2ce74d6c95c60d7accfc67d4c2c763640e73f993ca105f0bef79cf4683c0b,93cf95013fc6f64e919b796c38bb7536ee0769f9e4bb153ba1846829c615301f,stage,V4_NATIVE_EMISSION
ccb2ce74d6c95c60d7accfc67d4c2c763640e73f993ca105f0bef79cf4683c0b,93cf95013fc6f64e919b796c38bb7536ee0769f9e4bb153ba1846829c615301f,class,BACKEND
82ebfede59a46315180709da26307954ff68cfa26f1ba12762e95a93c8d58d71,93cf95013fc6f64e919b796c38bb7536ee0769f9e4bb153ba1846829c615301f,stage,V4_NATIVE_EMISSION
82ebfede59a46315180709da26307954ff68cfa26f1ba12762e95a93c8d58d71,93cf95013fc6f64e919b796c38bb7536ee0769f9e4bb153ba1846829c615301f,class,BACKEND
0164d12479bd36409fe5cc7fba052a439de2c0a862b2789cd20ccef030432ab8,93cf95013fc6f64e919b796c38bb7536ee0769f9e4bb153ba1846829c615301f,stage,V4_NATIVE_EMISSION
0164d12479bd36409fe5cc7fba052a439de2c0a862b2789cd20ccef030432ab8,93cf95013fc6f64e919b796c38bb7536ee0769f9e4bb153ba1846829c615301f,class,BACKEND
de788a831d4f2499d2d11b5030848e00adc9c8f265ffc86c117f9005ab86b423,93cf95013fc6f64e919b796c38bb7536ee0769f9e4bb153ba1846829c615301f,stage,V4_NATIVE_EMISSION
de788a831d4f2499d2d11b5030848e00adc9c8f265ffc86c117f9005ab86b423,93cf95013fc6f64e919b796c38bb7536ee0769f9e4bb153ba1846829c615301f,class,BACKEND
40198b38063d2382fe0a8a298381d4e8933d45dcd1b377712af4a5ffba41eff0,93cf95013fc6f64e919b796c38bb7536ee0769f9e4bb153ba1846829c615301f,stage,V4_NATIVE_EMISSION
40198b38063d2382fe0a8a298381d4e8933d45dcd1b377712af4a5ffba41eff0,93cf95013fc6f64e919b796c38bb7536ee0769f9e4bb153ba1846829c615301f,class,BACKEND
81703a7ef59179678d59427b4935c7c05f28e7472dcf239d5579614870f15bb7,93cf95013fc6f64e919b796c38bb7536ee0769f9e4bb153ba1846829c615301f,stage,V4_NATIVE_EMISSION
81703a7ef59179678d59427b4935c7c05f28e7472dcf239d5579614870f15bb7,93cf95013fc6f64e919b796c38bb7536ee0769f9e4bb153ba1846829c615301f,class,BACKEND
e71bd9f3dd541e3182e550199bdf30f1864a975559e1e288e67384a756489ab1,f322c089350ef24fe30cd42613307393a0374b0b3cf20de15fc0221e784a971c,stage,V4_NATIVE_EMISSION
e71bd9f3dd541e3182e550199bdf30f1864a975559e1e288e67384a756489ab1,f322c089350ef24fe30cd42613307393a0374b0b3cf20de15fc0221e784a971c,class,BACKEND
fa8cbb643b73254394adbbe068d9d787c878994876751f517ae29a94726af544,f322c089350ef24fe30cd42613307393a0374b0b3cf20de15fc0221e784a971c,stage,V4_NATIVE_EMISSION
fa8cbb643b73254394adbbe068d9d787c878994876751f517ae29a94726af544,f322c089350ef24fe30cd42613307393a0374b0b3cf20de15fc0221e784a971c,class,BACKEND
ef472fa120edff21311de215801a97df6a27b62d092338b23e223e00dfe24c69,f322c089350ef24fe30cd42613307393a0374b0b3cf20de15fc0221e784a971c,stage,V4_NATIVE_EMISSION
ef472fa120edff21311de215801a97df6a27b62d092338b23e223e00dfe24c69,f322c089350ef24fe30cd42613307393a0374b0b3cf20de15fc0221e784a971c,class,BACKEND
5599877991b66c22b927922e553e1aa1b70c766d971904bec16e9e958e6fc1b4,f322c089350ef24fe30cd42613307393a0374b0b3cf20de15fc0221e784a971c,stage,V4_NATIVE_EMISSION
5599877991b66c22b927922e553e1aa1b70c766d971904bec16e9e958e6fc1b4,f322c089350ef24fe30cd42613307393a0374b0b3cf20de15fc0221e784a971c,class,BACKEND
7b4acb94ebe963828092b51f0ae8a2a2b62588bbe1bfdccc12fccdd205682b5b,f322c089350ef24fe30cd42613307393a0374b0b3cf20de15fc0221e784a971c,stage,V4_NATIVE_EMISSION
7b4acb94ebe963828092b51f0ae8a2a2b62588bbe1bfdccc12fccdd205682b5b,f322c089350ef24fe30cd42613307393a0374b0b3cf20de15fc0221e784a971c,class,BACKEND
8e5bcd48c4933838092dc187e6c0358f67a7d13182b8ab6224e964574c7b81e0,f669f47f6adafa59867cd0fd2c4a4ed88b8bda3dcdad16f4ccae35b99026d1fd,stage,V4_NATIVE_EMISSION
8e5bcd48c4933838092dc187e6c0358f67a7d13182b8ab6224e964574c7b81e0,f669f47f6adafa59867cd0fd2c4a4ed88b8bda3dcdad16f4ccae35b99026d1fd,class,BACKEND
077ad98f964417e28a0ce1a00a6b82878970920d0e701516869bfdb7badd7883,f669f47f6adafa59867cd0fd2c4a4ed88b8bda3dcdad16f4ccae35b99026d1fd,stage,V4_NATIVE_EMISSION
077ad98f964417e28a0ce1a00a6b82878970920d0e701516869bfdb7badd7883,f669f47f6adafa59867cd0fd2c4a4ed88b8bda3dcdad16f4ccae35b99026d1fd,class,BACKEND
38748990ca49842d418f063da1fb26d971b77cc49d9a8319410916b44481ab26,f669f47f6adafa59867cd0fd2c4a4ed88b8bda3dcdad16f4ccae35b99026d1fd,stage,V4_NATIVE_EMISSION
38748990ca49842d418f063da1fb26d971b77cc49d9a8319410916b44481ab26,f669f47f6adafa59867cd0fd2c4a4ed88b8bda3dcdad16f4ccae35b99026d1fd,class,BACKEND
35c962757a9819a35f9e88e254bf396fd3ff21231bcc2c007e4f725848956022,f669f47f6adafa59867cd0fd2c4a4ed88b8bda3dcdad16f4ccae35b99026d1fd,stage,V4_NATIVE_EMISSION
35c962757a9819a35f9e88e254bf396fd3ff21231bcc2c007e4f725848956022,f669f47f6adafa59867cd0fd2c4a4ed88b8bda3dcdad16f4ccae35b99026d1fd,class,BACKEND
7876e02cdb7bd4d076aedc141e5687821c8df064c1d0332d3df5e303e414ed9e,f669f47f6adafa59867cd0fd2c4a4ed88b8bda3dcdad16f4ccae35b99026d1fd,stage,V4_NATIVE_EMISSION
7876e02cdb7bd4d076aedc141e5687821c8df064c1d0332d3df5e303e414ed9e,f669f47f6adafa59867cd0fd2c4a4ed88b8bda3dcdad16f4ccae35b99026d1fd,class,BACKEND
7ef9fa883ee1cb2ca1f679343dfcf8018b91b9633178c9d82688d9f2526a66c4,61f7f25e3a2f98ed54a49e51d81154fbdc142ae5ae4954ba7cc21b96817c3a16,stage,V4_NATIVE_EMISSION
7ef9fa883ee1cb2ca1f679343dfcf8018b91b9633178c9d82688d9f2526a66c4,61f7f25e3a2f98ed54a49e51d81154fbdc142ae5ae4954ba7cc21b96817c3a16,class,BACKEND
79516748c4bd57782ea8aa6a5139abe96434a21601b92e0a5380688c3b65a455,61f7f25e3a2f98ed54a49e51d81154fbdc142ae5ae4954ba7cc21b96817c3a16,stage,V4_NATIVE_EMISSION
79516748c4bd57782ea8aa6a5139abe96434a21601b92e0a5380688c3b65a455,61f7f25e3a2f98ed54a49e51d81154fbdc142ae5ae4954ba7cc21b96817c3a16,class,BACKEND
bb46f381bdabb54cdf4abfde20044e18555886353434c70963e36e06fd95aa77,61f7f25e3a2f98ed54a49e51d81154fbdc142ae5ae4954ba7cc21b96817c3a16,stage,V4_NATIVE_EMISSION
bb46f381bdabb54cdf4abfde20044e18555886353434c70963e36e06fd95aa77,61f7f25e3a2f98ed54a49e51d81154fbdc142ae5ae4954ba7cc21b96817c3a16,class,BACKEND
899fc862fab41121af77d369d56ad1a8f239b5a0b2651588c47b87ebfc85529b,61f7f25e3a2f98ed54a49e51d81154fbdc142ae5ae4954ba7cc21b96817c3a16,stage,V4_NATIVE_EMISSION
899fc862fab41121af77d369d56ad1a8f239b5a0b2651588c47b87ebfc85529b,61f7f25e3a2f98ed54a49e51d81154fbdc142ae5ae4954ba7cc21b96817c3a16,class,BACKEND
fb2866691a993497b47d7f26b7d19d091f7631ba3468353f60549e925f486602,61f7f25e3a2f98ed54a49e51d81154fbdc142ae5ae4954ba7cc21b96817c3a16,stage,V4_NATIVE_EMISSION
fb2866691a993497b47d7f26b7d19d091f7631ba3468353f60549e925f486602,61f7f25e3a2f98ed54a49e51d81154fbdc142ae5ae4954ba7cc21b96817c3a16,class,BACKEND
87da5cee0674f5073a0282083bd344eae04cab8e8c137d24705673dd90ad4ee7,18011c4aad5da090439ab0aa6e64310e748527da6850980edbd68fb29e4fef9f,stage,V4_NATIVE_EMISSION
87da5cee0674f5073a0282083bd344eae04cab8e8c137d24705673dd90ad4ee7,18011c4aad5da090439ab0aa6e64310e748527da6850980edbd68fb29e4fef9f,class,BACKEND
9e109f12c65bd2805080354cb92bded59db8bd9e1c53653d3a941b9ac094b262,18011c4aad5da090439ab0aa6e64310e748527da6850980edbd68fb29e4fef9f,stage,V4_NATIVE_EMISSION
9e109f12c65bd2805080354cb92bded59db8bd9e1c53653d3a941b9ac094b262,18011c4aad5da090439ab0aa6e64310e748527da6850980edbd68fb29e4fef9f,class,BACKEND
91e5faef61fef6e1d8e8e44ff0a9c675ea71bb98c4023ac169418e9fe2080c92,18011c4aad5da090439ab0aa6e64310e748527da6850980edbd68fb29e4fef9f,stage,V4_NATIVE_EMISSION
91e5faef61fef6e1d8e8e44ff0a9c675ea71bb98c4023ac169418e9fe2080c92,18011c4aad5da090439ab0aa6e64310e748527da6850980edbd68fb29e4fef9f,class,BACKEND
6c3903cc2bb3e8fb50c44a780d4ebb2d2a0977c5ec6b08a7909fec50023e4e7d,18011c4aad5da090439ab0aa6e64310e748527da6850980edbd68fb29e4fef9f,stage,V4_NATIVE_EMISSION
6c3903cc2bb3e8fb50c44a780d4ebb2d2a0977c5ec6b08a7909fec50023e4e7d,18011c4aad5da090439ab0aa6e64310e748527da6850980edbd68fb29e4fef9f,class,BACKEND
41e6807d05c38b996e26a702581d6b5c94739fe25372941b7c93d7b07c1908d4,18011c4aad5da090439ab0aa6e64310e748527da6850980edbd68fb29e4fef9f,stage,V4_NATIVE_EMISSION
41e6807d05c38b996e26a702581d6b5c94739fe25372941b7c93d7b07c1908d4,18011c4aad5da090439ab0aa6e64310e748527da6850980edbd68fb29e4fef9f,class,BACKEND
eafcd38db4d01c7d0b404105b5322021130430bf09090ef223cef0e34822880a,18011c4aad5da090439ab0aa6e64310e748527da6850980edbd68fb29e4fef9f,stage,V4_NATIVE_EMISSION
eafcd38db4d01c7d0b404105b5322021130430bf09090ef223cef0e34822880a,18011c4aad5da090439ab0aa6e64310e748527da6850980edbd68fb29e4fef9f,class,BACKEND
02455b7ede41641c738ea21322f8baab9f6a87e7b280d6ba5e677884dc18724c,18011c4aad5da090439ab0aa6e64310e748527da6850980edbd68fb29e4fef9f,stage,V4_NATIVE_EMISSION
02455b7ede41641c738ea21322f8baab9f6a87e7b280d6ba5e677884dc18724c,18011c4aad5da090439ab0aa6e64310e748527da6850980edbd68fb29e4fef9f,class,BACKEND
a2a44ceb1f32145af2093e2dba0dc321e712376aeaeae9724d50b945e6911a93,18011c4aad5da090439ab0aa6e64310e748527da6850980edbd68fb29e4fef9f,stage,V4_NATIVE_EMISSION
a2a44ceb1f32145af2093e2dba0dc321e712376aeaeae9724d50b945e6911a93,18011c4aad5da090439ab0aa6e64310e748527da6850980edbd68fb29e4fef9f,class,BACKEND
e99f8c0a98408ed901cc80eaefab7f57c75b35f6f32ad676dfb8d9d83535c455,18011c4aad5da090439ab0aa6e64310e748527da6850980edbd68fb29e4fef9f,stage,V4_NATIVE_EMISSION
e99f8c0a98408ed901cc80eaefab7f57c75b35f6f32ad676dfb8d9d83535c455,18011c4aad5da090439ab0aa6e64310e748527da6850980edbd68fb29e4fef9f,class,BACKEND
84e61e1c67f4c7635b9f17b813c07c5f6d7c68363b7c384c26a77a07dcc65338,18011c4aad5da090439ab0aa6e64310e748527da6850980edbd68fb29e4fef9f,stage,V4_NATIVE_EMISSION
84e61e1c67f4c7635b9f17b813c07c5f6d7c68363b7c384c26a77a07dcc65338,18011c4aad5da090439ab0aa6e64310e748527da6850980edbd68fb29e4fef9f,class,BACKEND
d9cf6d1a991853a3f49ee2f3f53d8cce20c96359695326115019d188be6c4fab,18011c4aad5da090439ab0aa6e64310e748527da6850980edbd68fb29e4fef9f,stage,V4_NATIVE_EMISSION
d9cf6d1a991853a3f49ee2f3f53d8cce20c96359695326115019d188be6c4fab,18011c4aad5da090439ab0aa6e64310e748527da6850980edbd68fb29e4fef9f,class,BACKEND
9d8814d4dbacbba1dfea4ca9c53c78db61b94d3ef076e4152ee20cdd7a16892b,18011c4aad5da090439ab0aa6e64310e748527da6850980edbd68fb29e4fef9f,stage,V4_NATIVE_EMISSION
9d8814d4dbacbba1dfea4ca9c53c78db61b94d3ef076e4152ee20cdd7a16892b,18011c4aad5da090439ab0aa6e64310e748527da6850980edbd68fb29e4fef9f,class,BACKEND
f7cb462d7175187db9995aa5e9f785f4634884b65fa5abf1484d0ff5aaf94e3f,18011c4aad5da090439ab0aa6e64310e748527da6850980edbd68fb29e4fef9f,stage,V4_NATIVE_EMISSION
f7cb462d7175187db9995aa5e9f785f4634884b65fa5abf1484d0ff5aaf94e3f,18011c4aad5da090439ab0aa6e64310e748527da6850980edbd68fb29e4fef9f,class,BACKEND
c97d3380478ce0ac1798e0fad17501f4178905daf7a71ff79599cea8fc065eea,eb6dd95ad1bf12401b255ed9b888bbbed075ff189fe689b3208ecb5e6cfb062d,stage,V0_SOURCE_PARSE
c97d3380478ce0ac1798e0fad17501f4178905daf7a71ff79599cea8fc065eea,eb6dd95ad1bf12401b255ed9b888bbbed075ff189fe689b3208ecb5e6cfb062d,class,FRONTEND
b5b7f2791800542e5d6135033f4ae22e908a4987cf1a4e401f6882d4a56916dc,eb6dd95ad1bf12401b255ed9b888bbbed075ff189fe689b3208ecb5e6cfb062d,stage,V0_SOURCE_PARSE
b5b7f2791800542e5d6135033f4ae22e908a4987cf1a4e401f6882d4a56916dc,eb6dd95ad1bf12401b255ed9b888bbbed075ff189fe689b3208ecb5e6cfb062d,class,FRONTEND
7292683c06121bd1c20e3a1c7a9df8e073f99d1ed59b252414bf157fd8f8a58f,eb6dd95ad1bf12401b255ed9b888bbbed075ff189fe689b3208ecb5e6cfb062d,stage,V0_SOURCE_PARSE
7292683c06121bd1c20e3a1c7a9df8e073f99d1ed59b252414bf157fd8f8a58f,eb6dd95ad1bf12401b255ed9b888bbbed075ff189fe689b3208ecb5e6cfb062d,class,FRONTEND
25bf86d910038548be52bf87808e1882d07eb80a2daca3f5a6336a0af7696fd4,eb6dd95ad1bf12401b255ed9b888bbbed075ff189fe689b3208ecb5e6cfb062d,stage,V0_SOURCE_PARSE
25bf86d910038548be52bf87808e1882d07eb80a2daca3f5a6336a0af7696fd4,eb6dd95ad1bf12401b255ed9b888bbbed075ff189fe689b3208ecb5e6cfb062d,class,FRONTEND
fa53d4d1dedad197c85b3c7f8b9febb28b472f3d33794125e9e4888496c87e07,eb6dd95ad1bf12401b255ed9b888bbbed075ff189fe689b3208ecb5e6cfb062d,stage,V0_SOURCE_PARSE
fa53d4d1dedad197c85b3c7f8b9febb28b472f3d33794125e9e4888496c87e07,eb6dd95ad1bf12401b255ed9b888bbbed075ff189fe689b3208ecb5e6cfb062d,class,FRONTEND
5fc031bc2431ea6d8cf768e26e010fd4d16fcfe77b48986d1660807ac5e5bf29,eb6dd95ad1bf12401b255ed9b888bbbed075ff189fe689b3208ecb5e6cfb062d,stage,V0_SOURCE_PARSE
5fc031bc2431ea6d8cf768e26e010fd4d16fcfe77b48986d1660807ac5e5bf29,eb6dd95ad1bf12401b255ed9b888bbbed075ff189fe689b3208ecb5e6cfb062d,class,FRONTEND
3ce80098763d400fb9ce1aeac040b44955a40b846b0812a264eafc3eaa1d0d53,eb6dd95ad1bf12401b255ed9b888bbbed075ff189fe689b3208ecb5e6cfb062d,stage,V0_SOURCE_PARSE
3ce80098763d400fb9ce1aeac040b44955a40b846b0812a264eafc3eaa1d0d53,eb6dd95ad1bf12401b255ed9b888bbbed075ff189fe689b3208ecb5e6cfb062d,class,FRONTEND
d053198132d44d9066813896d3fef4733e18cd3fb6b92df3234c3f89cc544dfd,eb6dd95ad1bf12401b255ed9b888bbbed075ff189fe689b3208ecb5e6cfb062d,stage,V0_SOURCE_PARSE
d053198132d44d9066813896d3fef4733e18cd3fb6b92df3234c3f89cc544dfd,eb6dd95ad1bf12401b255ed9b888bbbed075ff189fe689b3208ecb5e6cfb062d,class,FRONTEND
1d868619f70a33ee3898c57bd84b27348c1c08d70d5d2e857ba59e7d417020d4,eb6dd95ad1bf12401b255ed9b888bbbed075ff189fe689b3208ecb5e6cfb062d,stage,V0_SOURCE_PARSE
1d868619f70a33ee3898c57bd84b27348c1c08d70d5d2e857ba59e7d417020d4,eb6dd95ad1bf12401b255ed9b888bbbed075ff189fe689b3208ecb5e6cfb062d,class,FRONTEND
f04f55e625ed255a2928f593a4af66cf1e2b46c3c63ccc33b7db365658e60af6,eb6dd95ad1bf12401b255ed9b888bbbed075ff189fe689b3208ecb5e6cfb062d,stage,V0_SOURCE_PARSE
f04f55e625ed255a2928f593a4af66cf1e2b46c3c63ccc33b7db365658e60af6,eb6dd95ad1bf12401b255ed9b888bbbed075ff189fe689b3208ecb5e6cfb062d,class,FRONTEND
174b8e73d469c5bde345fc37deef4012ec1651948a5be07e71ea432b24fd98c9,eb6dd95ad1bf12401b255ed9b888bbbed075ff189fe689b3208ecb5e6cfb062d,stage,V0_SOURCE_PARSE
174b8e73d469c5bde345fc37deef4012ec1651948a5be07e71ea432b24fd98c9,eb6dd95ad1bf12401b255ed9b888bbbed075ff189fe689b3208ecb5e6cfb062d,class,FRONTEND
ae05caf51c7fe330349acb190825fa147a8efe34da36b842985195ae22c6dd3f,eb6dd95ad1bf12401b255ed9b888bbbed075ff189fe689b3208ecb5e6cfb062d,stage,V0_SOURCE_PARSE
ae05caf51c7fe330349acb190825fa147a8efe34da36b842985195ae22c6dd3f,eb6dd95ad1bf12401b255ed9b888bbbed075ff189fe689b3208ecb5e6cfb062d,class,FRONTEND
4ddb514e5d597e055e0119439e7592004c6079098ab54a14cd48b6574ec21dbd,eb6dd95ad1bf12401b255ed9b888bbbed075ff189fe689b3208ecb5e6cfb062d,stage,V0_SOURCE_PARSE
4ddb514e5d597e055e0119439e7592004c6079098ab54a14cd48b6574ec21dbd,eb6dd95ad1bf12401b255ed9b888bbbed075ff189fe689b3208ecb5e6cfb062d,class,FRONTEND
31d28cac6aef772af3d90ed2186fd05dc6e87969e897797c9c85eeda88956421,8a9cf5a1b23fc64c344bf18b049b809126f98c5372f60b2de1b6c6a1d2214edd,stage,V4_NATIVE_EMISSION
31d28cac6aef772af3d90ed2186fd05dc6e87969e897797c9c85eeda88956421,8a9cf5a1b23fc64c344bf18b049b809126f98c5372f60b2de1b6c6a1d2214edd,class,BACKEND
9eb79c4d0e93335d4a8686b8aa26a098c7d6095229714160eef727c3d3d5a28e,8a9cf5a1b23fc64c344bf18b049b809126f98c5372f60b2de1b6c6a1d2214edd,stage,V4_NATIVE_EMISSION
9eb79c4d0e93335d4a8686b8aa26a098c7d6095229714160eef727c3d3d5a28e,8a9cf5a1b23fc64c344bf18b049b809126f98c5372f60b2de1b6c6a1d2214edd,class,BACKEND
b4eb7fad973f8685fb6010fb8ac8ee4fb86f1b31d61712e5ec2cd7dca720d325,8a9cf5a1b23fc64c344bf18b049b809126f98c5372f60b2de1b6c6a1d2214edd,stage,V4_NATIVE_EMISSION
b4eb7fad973f8685fb6010fb8ac8ee4fb86f1b31d61712e5ec2cd7dca720d325,8a9cf5a1b23fc64c344bf18b049b809126f98c5372f60b2de1b6c6a1d2214edd,class,BACKEND
6d281cf16f77e814f0ac4c6e16dab22efb0469bfd74b39b73003de57d6598daf,8a9cf5a1b23fc64c344bf18b049b809126f98c5372f60b2de1b6c6a1d2214edd,stage,V4_NATIVE_EMISSION
6d281cf16f77e814f0ac4c6e16dab22efb0469bfd74b39b73003de57d6598daf,8a9cf5a1b23fc64c344bf18b049b809126f98c5372f60b2de1b6c6a1d2214edd,class,BACKEND
a4bee47c9001c10c898a786fb1b38ce2bf0c86451ca9532db79a6f37d1ae18f0,8a9cf5a1b23fc64c344bf18b049b809126f98c5372f60b2de1b6c6a1d2214edd,stage,V4_NATIVE_EMISSION
a4bee47c9001c10c898a786fb1b38ce2bf0c86451ca9532db79a6f37d1ae18f0,8a9cf5a1b23fc64c344bf18b049b809126f98c5372f60b2de1b6c6a1d2214edd,class,BACKEND
3d7e61bcff959bda621b5e69dc9f276f862248f3fe04f94bcf3e1df76195ccb3,8a9cf5a1b23fc64c344bf18b049b809126f98c5372f60b2de1b6c6a1d2214edd,stage,V4_NATIVE_EMISSION
3d7e61bcff959bda621b5e69dc9f276f862248f3fe04f94bcf3e1df76195ccb3,8a9cf5a1b23fc64c344bf18b049b809126f98c5372f60b2de1b6c6a1d2214edd,class,BACKEND
fab87609f1c22d145778cd3148eefe97ee8f6d869480b8c716b7608bedb4e4fc,8a9cf5a1b23fc64c344bf18b049b809126f98c5372f60b2de1b6c6a1d2214edd,stage,V4_NATIVE_EMISSION
fab87609f1c22d145778cd3148eefe97ee8f6d869480b8c716b7608bedb4e4fc,8a9cf5a1b23fc64c344bf18b049b809126f98c5372f60b2de1b6c6a1d2214edd,class,BACKEND
765257b677d064173697e0dbf30a625fbf3446028f3ecb7d0a7b0edc0cd84905,8a9cf5a1b23fc64c344bf18b049b809126f98c5372f60b2de1b6c6a1d2214edd,stage,V4_NATIVE_EMISSION
765257b677d064173697e0dbf30a625fbf3446028f3ecb7d0a7b0edc0cd84905,8a9cf5a1b23fc64c344bf18b049b809126f98c5372f60b2de1b6c6a1d2214edd,class,BACKEND
bc89fab183818c11004c53fe5ad4cc66722baf01d0ba0a4c63601a6bcfb8462c,8a9cf5a1b23fc64c344bf18b049b809126f98c5372f60b2de1b6c6a1d2214edd,stage,V4_NATIVE_EMISSION
bc89fab183818c11004c53fe5ad4cc66722baf01d0ba0a4c63601a6bcfb8462c,8a9cf5a1b23fc64c344bf18b049b809126f98c5372f60b2de1b6c6a1d2214edd,class,BACKEND
ffb053abbeadf4da86feda1c8e721274835795eca41961e11264ce85aedee163,8a9cf5a1b23fc64c344bf18b049b809126f98c5372f60b2de1b6c6a1d2214edd,stage,V4_NATIVE_EMISSION
ffb053abbeadf4da86feda1c8e721274835795eca41961e11264ce85aedee163,8a9cf5a1b23fc64c344bf18b049b809126f98c5372f60b2de1b6c6a1d2214edd,class,BACKEND
e6054d58288a79700e390e0d3cc06d775fdb8e3d415f2c5b7f9956e2149e1900,8a9cf5a1b23fc64c344bf18b049b809126f98c5372f60b2de1b6c6a1d2214edd,stage,V4_NATIVE_EMISSION
e6054d58288a79700e390e0d3cc06d775fdb8e3d415f2c5b7f9956e2149e1900,8a9cf5a1b23fc64c344bf18b049b809126f98c5372f60b2de1b6c6a1d2214edd,class,BACKEND
b0a986aeac1a89e06d0f79932f75c25f4045d11cdfc1f09e38745e4f85c0699a,8a9cf5a1b23fc64c344bf18b049b809126f98c5372f60b2de1b6c6a1d2214edd,stage,V4_NATIVE_EMISSION
b0a986aeac1a89e06d0f79932f75c25f4045d11cdfc1f09e38745e4f85c0699a,8a9cf5a1b23fc64c344bf18b049b809126f98c5372f60b2de1b6c6a1d2214edd,class,BACKEND
767ffa18291a20c39cf2949b9248374c71dbc3a3f1302fe9eeac532a16e2b309,8a9cf5a1b23fc64c344bf18b049b809126f98c5372f60b2de1b6c6a1d2214edd,stage,V4_NATIVE_EMISSION
767ffa18291a20c39cf2949b9248374c71dbc3a3f1302fe9eeac532a16e2b309,8a9cf5a1b23fc64c344bf18b049b809126f98c5372f60b2de1b6c6a1d2214edd,class,BACKEND
61d74b808ad6cb5501984d29e9e679ebbfec0f0f8a8f93b9ececfc6f50502a04,39d302e2a4045c5a15692ed5ffd81b8d8d088b2770ef7fc040277459cd1bcabc,stage,V4_NATIVE_EMISSION
61d74b808ad6cb5501984d29e9e679ebbfec0f0f8a8f93b9ececfc6f50502a04,39d302e2a4045c5a15692ed5ffd81b8d8d088b2770ef7fc040277459cd1bcabc,class,BACKEND
c2044539d9db4ad8eb58fd8f465690e2f3fddcb198e02f498c16bad3dfb987de,39d302e2a4045c5a15692ed5ffd81b8d8d088b2770ef7fc040277459cd1bcabc,stage,V4_NATIVE_EMISSION
c2044539d9db4ad8eb58fd8f465690e2f3fddcb198e02f498c16bad3dfb987de,39d302e2a4045c5a15692ed5ffd81b8d8d088b2770ef7fc040277459cd1bcabc,class,BACKEND
5c9844dcddddfc3708da1635452099094b53e6ca85f6cc4d918b1665c69b4b77,39d302e2a4045c5a15692ed5ffd81b8d8d088b2770ef7fc040277459cd1bcabc,stage,V4_NATIVE_EMISSION
5c9844dcddddfc3708da1635452099094b53e6ca85f6cc4d918b1665c69b4b77,39d302e2a4045c5a15692ed5ffd81b8d8d088b2770ef7fc040277459cd1bcabc,class,BACKEND
a9b6fe59d004f3973dfb4ba7364d3c9a4d92241c94803fd91685e314bce60aaa,39d302e2a4045c5a15692ed5ffd81b8d8d088b2770ef7fc040277459cd1bcabc,stage,V4_NATIVE_EMISSION
a9b6fe59d004f3973dfb4ba7364d3c9a4d92241c94803fd91685e314bce60aaa,39d302e2a4045c5a15692ed5ffd81b8d8d088b2770ef7fc040277459cd1bcabc,class,BACKEND
b359544356427ff581025f1cf9adfb3cc18705f70df9839db252a3e6aaded88c,39d302e2a4045c5a15692ed5ffd81b8d8d088b2770ef7fc040277459cd1bcabc,stage,V4_NATIVE_EMISSION
b359544356427ff581025f1cf9adfb3cc18705f70df9839db252a3e6aaded88c,39d302e2a4045c5a15692ed5ffd81b8d8d088b2770ef7fc040277459cd1bcabc,class,BACKEND
66057ea0073416ec8fce86ca0556bc644d172f15de580c26a16f7018c670a2a5,39d302e2a4045c5a15692ed5ffd81b8d8d088b2770ef7fc040277459cd1bcabc,stage,V4_NATIVE_EMISSION
66057ea0073416ec8fce86ca0556bc644d172f15de580c26a16f7018c670a2a5,39d302e2a4045c5a15692ed5ffd81b8d8d088b2770ef7fc040277459cd1bcabc,class,BACKEND
612b97e71fa441bccb21e4fc4598a0ddb52cc0d22fe058293aa82d0dd6e04063,39d302e2a4045c5a15692ed5ffd81b8d8d088b2770ef7fc040277459cd1bcabc,stage,V4_NATIVE_EMISSION
612b97e71fa441bccb21e4fc4598a0ddb52cc0d22fe058293aa82d0dd6e04063,39d302e2a4045c5a15692ed5ffd81b8d8d088b2770ef7fc040277459cd1bcabc,class,BACKEND
b95f03b60f1ffd9f8f469c7df77a1fc3f5bd577ec76ffba4ce17175d035c6c7f,39d302e2a4045c5a15692ed5ffd81b8d8d088b2770ef7fc040277459cd1bcabc,stage,V4_NATIVE_EMISSION
b95f03b60f1ffd9f8f469c7df77a1fc3f5bd577ec76ffba4ce17175d035c6c7f,39d302e2a4045c5a15692ed5ffd81b8d8d088b2770ef7fc040277459cd1bcabc,class,BACKEND
e9ee66aa6b23f12ee72554dae4dfa0142d9c2f4a184375a251887400c929f2da,39d302e2a4045c5a15692ed5ffd81b8d8d088b2770ef7fc040277459cd1bcabc,stage,V4_NATIVE_EMISSION
e9ee66aa6b23f12ee72554dae4dfa0142d9c2f4a184375a251887400c929f2da,39d302e2a4045c5a15692ed5ffd81b8d8d088b2770ef7fc040277459cd1bcabc,class,BACKEND
42163fa91479ca026d33084f01fcc20c0d47fe33970b42bc242fd25c79cc77d1,39d302e2a4045c5a15692ed5ffd81b8d8d088b2770ef7fc040277459cd1bcabc,stage,V4_NATIVE_EMISSION
42163fa91479ca026d33084f01fcc20c0d47fe33970b42bc242fd25c79cc77d1,39d302e2a4045c5a15692ed5ffd81b8d8d088b2770ef7fc040277459cd1bcabc,class,BACKEND
6acf203f3a8d3a9c35e2dafafb04384ecbef8ae263e3fb23e0909706d4f7ad16,39d302e2a4045c5a15692ed5ffd81b8d8d088b2770ef7fc040277459cd1bcabc,stage,V4_NATIVE_EMISSION
6acf203f3a8d3a9c35e2dafafb04384ecbef8ae263e3fb23e0909706d4f7ad16,39d302e2a4045c5a15692ed5ffd81b8d8d088b2770ef7fc040277459cd1bcabc,class,BACKEND
09d7760506c766a81da8232f6856eb35bbe613bd6b97b17df4db6f2c8d25bd5f,39d302e2a4045c5a15692ed5ffd81b8d8d088b2770ef7fc040277459cd1bcabc,stage,V4_NATIVE_EMISSION
09d7760506c766a81da8232f6856eb35bbe613bd6b97b17df4db6f2c8d25bd5f,39d302e2a4045c5a15692ed5ffd81b8d8d088b2770ef7fc040277459cd1bcabc,class,BACKEND
edfe6a917b53c4b7ed60e562a9521b6129d779fde8b1ddec91277aa4ca1dec28,39d302e2a4045c5a15692ed5ffd81b8d8d088b2770ef7fc040277459cd1bcabc,stage,V4_NATIVE_EMISSION
edfe6a917b53c4b7ed60e562a9521b6129d779fde8b1ddec91277aa4ca1dec28,39d302e2a4045c5a15692ed5ffd81b8d8d088b2770ef7fc040277459cd1bcabc,class,BACKEND
53547a24b401f276df023cbc24c38785f035924266cf6d043392d1aa8e6c7110,148d0e1b4964dae5099e92d51a24d273f79b3b8f11697ba67df7427d2b7d4612,stage,V0_SOURCE_PARSE
53547a24b401f276df023cbc24c38785f035924266cf6d043392d1aa8e6c7110,148d0e1b4964dae5099e92d51a24d273f79b3b8f11697ba67df7427d2b7d4612,class,FRONTEND
8fda4c57cbe3087818d44dd1bea292af681957748e319acef12c0d5fe62102ff,148d0e1b4964dae5099e92d51a24d273f79b3b8f11697ba67df7427d2b7d4612,stage,V0_SOURCE_PARSE
8fda4c57cbe3087818d44dd1bea292af681957748e319acef12c0d5fe62102ff,148d0e1b4964dae5099e92d51a24d273f79b3b8f11697ba67df7427d2b7d4612,class,FRONTEND
bab8c2728e94940159c9d823fbdef0335a6c885cd8e6eead008a6c55b6400c3d,148d0e1b4964dae5099e92d51a24d273f79b3b8f11697ba67df7427d2b7d4612,stage,V0_SOURCE_PARSE
bab8c2728e94940159c9d823fbdef0335a6c885cd8e6eead008a6c55b6400c3d,148d0e1b4964dae5099e92d51a24d273f79b3b8f11697ba67df7427d2b7d4612,class,FRONTEND
8fae41fb6614a40c9863bac8c2946d54cf9f964c2e5e1b85ccdc9a37bff37888,148d0e1b4964dae5099e92d51a24d273f79b3b8f11697ba67df7427d2b7d4612,stage,V0_SOURCE_PARSE
8fae41fb6614a40c9863bac8c2946d54cf9f964c2e5e1b85ccdc9a37bff37888,148d0e1b4964dae5099e92d51a24d273f79b3b8f11697ba67df7427d2b7d4612,class,FRONTEND
b892ae90d214186d7976b25a1b1b6c84acfefc99b9177bad51140c8a1f289a35,148d0e1b4964dae5099e92d51a24d273f79b3b8f11697ba67df7427d2b7d4612,stage,V0_SOURCE_PARSE
b892ae90d214186d7976b25a1b1b6c84acfefc99b9177bad51140c8a1f289a35,148d0e1b4964dae5099e92d51a24d273f79b3b8f11697ba67df7427d2b7d4612,class,FRONTEND
901fa15cc1c3f62f42ece028ecd4c8440638d39506467eaa5ef3885c59d263ff,148d0e1b4964dae5099e92d51a24d273f79b3b8f11697ba67df7427d2b7d4612,stage,V0_SOURCE_PARSE
901fa15cc1c3f62f42ece028ecd4c8440638d39506467eaa5ef3885c59d263ff,148d0e1b4964dae5099e92d51a24d273f79b3b8f11697ba67df7427d2b7d4612,class,FRONTEND
4d74be102a711002f200a3770cc7c769b585adb82d509242cb42551971e2f9f6,148d0e1b4964dae5099e92d51a24d273f79b3b8f11697ba67df7427d2b7d4612,stage,V0_SOURCE_PARSE
4d74be102a711002f200a3770cc7c769b585adb82d509242cb42551971e2f9f6,148d0e1b4964dae5099e92d51a24d273f79b3b8f11697ba67df7427d2b7d4612,class,FRONTEND
e3d8308cefafa8d0f5df3887499a2c198b5bd2959080e81d51ca1fc15e43b723,148d0e1b4964dae5099e92d51a24d273f79b3b8f11697ba67df7427d2b7d4612,stage,V0_SOURCE_PARSE
e3d8308cefafa8d0f5df3887499a2c198b5bd2959080e81d51ca1fc15e43b723,148d0e1b4964dae5099e92d51a24d273f79b3b8f11697ba67df7427d2b7d4612,class,FRONTEND
fc2bebd610402e310ea9bce93dc43f82cc403703e4feffafb6c5580e06a84231,148d0e1b4964dae5099e92d51a24d273f79b3b8f11697ba67df7427d2b7d4612,stage,V0_SOURCE_PARSE
fc2bebd610402e310ea9bce93dc43f82cc403703e4feffafb6c5580e06a84231,148d0e1b4964dae5099e92d51a24d273f79b3b8f11697ba67df7427d2b7d4612,class,FRONTEND
cc358c440d804f16b2743ba90d968463acf366f6e4f57e0988f586d5d34e3305,148d0e1b4964dae5099e92d51a24d273f79b3b8f11697ba67df7427d2b7d4612,stage,V0_SOURCE_PARSE
cc358c440d804f16b2743ba90d968463acf366f6e4f57e0988f586d5d34e3305,148d0e1b4964dae5099e92d51a24d273f79b3b8f11697ba67df7427d2b7d4612,class,FRONTEND
328354b237f8b633f160dcbdf13cb38d903c94e4f2b193f48245d2a5cec2c40f,148d0e1b4964dae5099e92d51a24d273f79b3b8f11697ba67df7427d2b7d4612,stage,V0_SOURCE_PARSE
328354b237f8b633f160dcbdf13cb38d903c94e4f2b193f48245d2a5cec2c40f,148d0e1b4964dae5099e92d51a24d273f79b3b8f11697ba67df7427d2b7d4612,class,FRONTEND
e4fc9d0b174deccf777b18fcdd84a4adf4c9e09858f8b87601c7d7ef550af7ba,148d0e1b4964dae5099e92d51a24d273f79b3b8f11697ba67df7427d2b7d4612,stage,V0_SOURCE_PARSE
e4fc9d0b174deccf777b18fcdd84a4adf4c9e09858f8b87601c7d7ef550af7ba,148d0e1b4964dae5099e92d51a24d273f79b3b8f11697ba67df7427d2b7d4612,class,FRONTEND
8530a875735e510760eb863a2a0948db530a5547f38cc05bd468c9da1cce52d2,148d0e1b4964dae5099e92d51a24d273f79b3b8f11697ba67df7427d2b7d4612,stage,V0_SOURCE_PARSE
8530a875735e510760eb863a2a0948db530a5547f38cc05bd468c9da1cce52d2,148d0e1b4964dae5099e92d51a24d273f79b3b8f11697ba67df7427d2b7d4612,class,FRONTEND
1ba5903e86a9862528cdfec76c16f47553ec0058b26109c91acc2bf5379cf5f4,6761d7cadc4828f7c2759170c70f866fb9899c779e4152f0f44a9ea316cabc16,stage,V4_NATIVE_EMISSION
1ba5903e86a9862528cdfec76c16f47553ec0058b26109c91acc2bf5379cf5f4,6761d7cadc4828f7c2759170c70f866fb9899c779e4152f0f44a9ea316cabc16,class,BACKEND
47881edd2ef42bc8c488e08a65c9a91a490488454254b52627479fb837579564,6761d7cadc4828f7c2759170c70f866fb9899c779e4152f0f44a9ea316cabc16,stage,V4_NATIVE_EMISSION
47881edd2ef42bc8c488e08a65c9a91a490488454254b52627479fb837579564,6761d7cadc4828f7c2759170c70f866fb9899c779e4152f0f44a9ea316cabc16,class,BACKEND
899cf909ac902cfe08191f06c87e74beae75d25598be299e1526818f07dc01c1,6761d7cadc4828f7c2759170c70f866fb9899c779e4152f0f44a9ea316cabc16,stage,V4_NATIVE_EMISSION
899cf909ac902cfe08191f06c87e74beae75d25598be299e1526818f07dc01c1,6761d7cadc4828f7c2759170c70f866fb9899c779e4152f0f44a9ea316cabc16,class,BACKEND
abdddf558135b6958d38454ff818868deb520951917e358bb3cda61b1d79f0d2,6761d7cadc4828f7c2759170c70f866fb9899c779e4152f0f44a9ea316cabc16,stage,V4_NATIVE_EMISSION
abdddf558135b6958d38454ff818868deb520951917e358bb3cda61b1d79f0d2,6761d7cadc4828f7c2759170c70f866fb9899c779e4152f0f44a9ea316cabc16,class,BACKEND
1378c462443f860239c05ccf58edee5b19171eb822424a3986e273b999fcb8b7,6761d7cadc4828f7c2759170c70f866fb9899c779e4152f0f44a9ea316cabc16,stage,V4_NATIVE_EMISSION
1378c462443f860239c05ccf58edee5b19171eb822424a3986e273b999fcb8b7,6761d7cadc4828f7c2759170c70f866fb9899c779e4152f0f44a9ea316cabc16,class,BACKEND
fa6312b3247727bf0074a2e56d2ef947c6464a737c3360afb3402e5769ed0c70,6761d7cadc4828f7c2759170c70f866fb9899c779e4152f0f44a9ea316cabc16,stage,V4_NATIVE_EMISSION
fa6312b3247727bf0074a2e56d2ef947c6464a737c3360afb3402e5769ed0c70,6761d7cadc4828f7c2759170c70f866fb9899c779e4152f0f44a9ea316cabc16,class,BACKEND
7d4f96550ed892d29c0fbf1bf25cf7796bea3954cc11951f03f7102ef4bc7b03,6761d7cadc4828f7c2759170c70f866fb9899c779e4152f0f44a9ea316cabc16,stage,V4_NATIVE_EMISSION
7d4f96550ed892d29c0fbf1bf25cf7796bea3954cc11951f03f7102ef4bc7b03,6761d7cadc4828f7c2759170c70f866fb9899c779e4152f0f44a9ea316cabc16,class,BACKEND
0658c28de2026b1fd0ee8e1c96e8ff66053212c65a05f6aff910266f9799fb39,6761d7cadc4828f7c2759170c70f866fb9899c779e4152f0f44a9ea316cabc16,stage,V4_NATIVE_EMISSION
0658c28de2026b1fd0ee8e1c96e8ff66053212c65a05f6aff910266f9799fb39,6761d7cadc4828f7c2759170c70f866fb9899c779e4152f0f44a9ea316cabc16,class,BACKEND
1c46b84623540e7b1a381749de660b6839f516e94ceadec5932301c1999a5b73,6761d7cadc4828f7c2759170c70f866fb9899c779e4152f0f44a9ea316cabc16,stage,V4_NATIVE_EMISSION
1c46b84623540e7b1a381749de660b6839f516e94ceadec5932301c1999a5b73,6761d7cadc4828f7c2759170c70f866fb9899c779e4152f0f44a9ea316cabc16,class,BACKEND
7663a13e8e2560b49af20e331e1aa0f486a69767b4949c135e04c429e5f06620,6761d7cadc4828f7c2759170c70f866fb9899c779e4152f0f44a9ea316cabc16,stage,V4_NATIVE_EMISSION
7663a13e8e2560b49af20e331e1aa0f486a69767b4949c135e04c429e5f06620,6761d7cadc4828f7c2759170c70f866fb9899c779e4152f0f44a9ea316cabc16,class,BACKEND
a8d4e390189b186d6258065eb169e5e30dd34517f48f2632c2703612b7083337,6761d7cadc4828f7c2759170c70f866fb9899c779e4152f0f44a9ea316cabc16,stage,V4_NATIVE_EMISSION
a8d4e390189b186d6258065eb169e5e30dd34517f48f2632c2703612b7083337,6761d7cadc4828f7c2759170c70f866fb9899c779e4152f0f44a9ea316cabc16,class,BACKEND
4e6ca1a02e9647f6fe09f75d706dc717da493849d646bb621139d86ff07fc1a6,6761d7cadc4828f7c2759170c70f866fb9899c779e4152f0f44a9ea316cabc16,stage,V4_NATIVE_EMISSION
4e6ca1a02e9647f6fe09f75d706dc717da493849d646bb621139d86ff07fc1a6,6761d7cadc4828f7c2759170c70f866fb9899c779e4152f0f44a9ea316cabc16,class,BACKEND
f84167830dc68a9d386738077bc79d82fb70dcf349eb96e8b1497f32302042ae,6761d7cadc4828f7c2759170c70f866fb9899c779e4152f0f44a9ea316cabc16,stage,V4_NATIVE_EMISSION
f84167830dc68a9d386738077bc79d82fb70dcf349eb96e8b1497f32302042ae,6761d7cadc4828f7c2759170c70f866fb9899c779e4152f0f44a9ea316cabc16,class,BACKEND
f6e3c39b8fcca67a300df49bdca3ae0ab692407085cee0db6cf1a3184442836f,a79ee119c7792fba5d55245aae265ed13ed5ba4c176179162c1ea771052267df,stage,V0_SOURCE_PARSE
f6e3c39b8fcca67a300df49bdca3ae0ab692407085cee0db6cf1a3184442836f,a79ee119c7792fba5d55245aae265ed13ed5ba4c176179162c1ea771052267df,class,FRONTEND
e7735fa3aea405db47866d1f65857585e3ea0991b6a23e6cd413cfd1754fa034,a79ee119c7792fba5d55245aae265ed13ed5ba4c176179162c1ea771052267df,stage,V0_SOURCE_PARSE
e7735fa3aea405db47866d1f65857585e3ea0991b6a23e6cd413cfd1754fa034,a79ee119c7792fba5d55245aae265ed13ed5ba4c176179162c1ea771052267df,class,FRONTEND
73631020de75c492efead2d79b946e55691d30e2fd26b56bb99cafd1ed5c12ba,a79ee119c7792fba5d55245aae265ed13ed5ba4c176179162c1ea771052267df,stage,V0_SOURCE_PARSE
73631020de75c492efead2d79b946e55691d30e2fd26b56bb99cafd1ed5c12ba,a79ee119c7792fba5d55245aae265ed13ed5ba4c176179162c1ea771052267df,class,FRONTEND
65027ed31a7300e4084181b5b7ffdea56c324541d7184307d8fc10d713a21d25,a79ee119c7792fba5d55245aae265ed13ed5ba4c176179162c1ea771052267df,stage,V0_SOURCE_PARSE
65027ed31a7300e4084181b5b7ffdea56c324541d7184307d8fc10d713a21d25,a79ee119c7792fba5d55245aae265ed13ed5ba4c176179162c1ea771052267df,class,FRONTEND
53c938f15006ea6f0f41bd8a9627fbb6dff164e762270b4727295676823d63eb,a79ee119c7792fba5d55245aae265ed13ed5ba4c176179162c1ea771052267df,stage,V0_SOURCE_PARSE
53c938f15006ea6f0f41bd8a9627fbb6dff164e762270b4727295676823d63eb,a79ee119c7792fba5d55245aae265ed13ed5ba4c176179162c1ea771052267df,class,FRONTEND
dd8cd2363c029190f9ee3d1ea466c9010c986b1630726d052d23795788556506,a79ee119c7792fba5d55245aae265ed13ed5ba4c176179162c1ea771052267df,stage,V0_SOURCE_PARSE
dd8cd2363c029190f9ee3d1ea466c9010c986b1630726d052d23795788556506,a79ee119c7792fba5d55245aae265ed13ed5ba4c176179162c1ea771052267df,class,FRONTEND
a334fdef7f55a99e9722e1a23d41b035df4b41b5f24765ff8d3e61f9d1a8eb55,a79ee119c7792fba5d55245aae265ed13ed5ba4c176179162c1ea771052267df,stage,V0_SOURCE_PARSE
a334fdef7f55a99e9722e1a23d41b035df4b41b5f24765ff8d3e61f9d1a8eb55,a79ee119c7792fba5d55245aae265ed13ed5ba4c176179162c1ea771052267df,class,FRONTEND
be43317a99ea9abb0e801d9c7fe80a31e63845329662cafb8f688fb61903fbb7,a79ee119c7792fba5d55245aae265ed13ed5ba4c176179162c1ea771052267df,stage,V0_SOURCE_PARSE
be43317a99ea9abb0e801d9c7fe80a31e63845329662cafb8f688fb61903fbb7,a79ee119c7792fba5d55245aae265ed13ed5ba4c176179162c1ea771052267df,class,FRONTEND
844ce6fb1e0ab767f9b3147156f0ad7b457ad820c522a365aef417e6af0db673,a79ee119c7792fba5d55245aae265ed13ed5ba4c176179162c1ea771052267df,stage,V0_SOURCE_PARSE
844ce6fb1e0ab767f9b3147156f0ad7b457ad820c522a365aef417e6af0db673,a79ee119c7792fba5d55245aae265ed13ed5ba4c176179162c1ea771052267df,class,FRONTEND
734f02d879ffdb9fe2de283cecf8b5052f1709d8085f00d89fcd4ec5cc4a92b7,a79ee119c7792fba5d55245aae265ed13ed5ba4c176179162c1ea771052267df,stage,V0_SOURCE_PARSE
734f02d879ffdb9fe2de283cecf8b5052f1709d8085f00d89fcd4ec5cc4a92b7,a79ee119c7792fba5d55245aae265ed13ed5ba4c176179162c1ea771052267df,class,FRONTEND
649d23de9c4fb93c9661bcb770536ce655d57d2d8931d73d541f678833c60373,a79ee119c7792fba5d55245aae265ed13ed5ba4c176179162c1ea771052267df,stage,V0_SOURCE_PARSE
649d23de9c4fb93c9661bcb770536ce655d57d2d8931d73d541f678833c60373,a79ee119c7792fba5d55245aae265ed13ed5ba4c176179162c1ea771052267df,class,FRONTEND
1fde612c6600cf3f1b2f033e6ea75f34e019b3729a5d0bdfdcf97c73c710bf5e,a79ee119c7792fba5d55245aae265ed13ed5ba4c176179162c1ea771052267df,stage,V0_SOURCE_PARSE
1fde612c6600cf3f1b2f033e6ea75f34e019b3729a5d0bdfdcf97c73c710bf5e,a79ee119c7792fba5d55245aae265ed13ed5ba4c176179162c1ea771052267df,class,FRONTEND
81b82af481faadaf6ff94db48e5c94cc3ba5eb317c28c7daf9731baf295a79dc,a79ee119c7792fba5d55245aae265ed13ed5ba4c176179162c1ea771052267df,stage,V0_SOURCE_PARSE
81b82af481faadaf6ff94db48e5c94cc3ba5eb317c28c7daf9731baf295a79dc,a79ee119c7792fba5d55245aae265ed13ed5ba4c176179162c1ea771052267df,class,FRONTEND
55b728425617fbf844dabd07e794ca05456da17e6775225bdc9a5f46ecc5aa37,673cb314886d4c936a711aa9d6a92714219fa660dd80322b186236cbfc37c778,stage,V4_NATIVE_EMISSION
55b728425617fbf844dabd07e794ca05456da17e6775225bdc9a5f46ecc5aa37,673cb314886d4c936a711aa9d6a92714219fa660dd80322b186236cbfc37c778,class,BACKEND
83abb12027dff49e5a5de9e9472d9292799ce6b08bc43db5cbdf864c5c1ea039,673cb314886d4c936a711aa9d6a92714219fa660dd80322b186236cbfc37c778,stage,V4_NATIVE_EMISSION
83abb12027dff49e5a5de9e9472d9292799ce6b08bc43db5cbdf864c5c1ea039,673cb314886d4c936a711aa9d6a92714219fa660dd80322b186236cbfc37c778,class,BACKEND
bf4924725467b290f8167dd9674d2329ba02fc9d082c5d713088bbc19c997c79,673cb314886d4c936a711aa9d6a92714219fa660dd80322b186236cbfc37c778,stage,V4_NATIVE_EMISSION
bf4924725467b290f8167dd9674d2329ba02fc9d082c5d713088bbc19c997c79,673cb314886d4c936a711aa9d6a92714219fa660dd80322b186236cbfc37c778,class,BACKEND
04868f071606f65035c1246a2ea2396bddd10f5550f5bb775f5c9ce572b4d54d,673cb314886d4c936a711aa9d6a92714219fa660dd80322b186236cbfc37c778,stage,V4_NATIVE_EMISSION
04868f071606f65035c1246a2ea2396bddd10f5550f5bb775f5c9ce572b4d54d,673cb314886d4c936a711aa9d6a92714219fa660dd80322b186236cbfc37c778,class,BACKEND
963f4aa3f90e86c0829742a2cfd3e039b109eabb6491db5aadc12f3c53d2126d,673cb314886d4c936a711aa9d6a92714219fa660dd80322b186236cbfc37c778,stage,V4_NATIVE_EMISSION
963f4aa3f90e86c0829742a2cfd3e039b109eabb6491db5aadc12f3c53d2126d,673cb314886d4c936a711aa9d6a92714219fa660dd80322b186236cbfc37c778,class,BACKEND
b1fd46ede20b5760aee135061eff2c136a274d4c62487680cac9576f077c8295,96898a7930e0831451a70fb233a47426744461645a149e4dd8f9201c3c336d19,stage,V4_NATIVE_EMISSION
b1fd46ede20b5760aee135061eff2c136a274d4c62487680cac9576f077c8295,96898a7930e0831451a70fb233a47426744461645a149e4dd8f9201c3c336d19,class,BACKEND
87293c6140662290495c39d8b8849e8754a6a4638bb089a0e196ec1bbbf657df,96898a7930e0831451a70fb233a47426744461645a149e4dd8f9201c3c336d19,stage,V4_NATIVE_EMISSION
87293c6140662290495c39d8b8849e8754a6a4638bb089a0e196ec1bbbf657df,96898a7930e0831451a70fb233a47426744461645a149e4dd8f9201c3c336d19,class,BACKEND
fee07f8d8aa9ba3e32a63c59eb077653fbe74255764f3400fdee470a09c5383d,96898a7930e0831451a70fb233a47426744461645a149e4dd8f9201c3c336d19,stage,V4_NATIVE_EMISSION
fee07f8d8aa9ba3e32a63c59eb077653fbe74255764f3400fdee470a09c5383d,96898a7930e0831451a70fb233a47426744461645a149e4dd8f9201c3c336d19,class,BACKEND
725fd972c8c87683bfa034e7d24e3271f7a1579b1df9aadbdfe41f263646af08,96898a7930e0831451a70fb233a47426744461645a149e4dd8f9201c3c336d19,stage,V4_NATIVE_EMISSION
725fd972c8c87683bfa034e7d24e3271f7a1579b1df9aadbdfe41f263646af08,96898a7930e0831451a70fb233a47426744461645a149e4dd8f9201c3c336d19,class,BACKEND
189618e9b6a9cf1d790e13e02388d86e3fe74b2a5000ce7b132c0c15e76adadb,96898a7930e0831451a70fb233a47426744461645a149e4dd8f9201c3c336d19,stage,V4_NATIVE_EMISSION
189618e9b6a9cf1d790e13e02388d86e3fe74b2a5000ce7b132c0c15e76adadb,96898a7930e0831451a70fb233a47426744461645a149e4dd8f9201c3c336d19,class,BACKEND
2a217b3b6eed85b19a22723cdd2f4b490aed650e352ebf3ca386199643b8d566,5ce8a8347b25dccd88d7983580adb90e12545e0b18114818b5f882b83edf608a,stage,V4_NATIVE_EMISSION
2a217b3b6eed85b19a22723cdd2f4b490aed650e352ebf3ca386199643b8d566,5ce8a8347b25dccd88d7983580adb90e12545e0b18114818b5f882b83edf608a,class,BACKEND
294afb06b92afd2c6060eae8bb6318b44dbb8b2b6fc26aef251538a7bf4d57a5,5ce8a8347b25dccd88d7983580adb90e12545e0b18114818b5f882b83edf608a,stage,V4_NATIVE_EMISSION
294afb06b92afd2c6060eae8bb6318b44dbb8b2b6fc26aef251538a7bf4d57a5,5ce8a8347b25dccd88d7983580adb90e12545e0b18114818b5f882b83edf608a,class,BACKEND
ed962d77bc6b76e9b26e331c0a37a853be746cee201c54054bd2dfdf04b460da,5ce8a8347b25dccd88d7983580adb90e12545e0b18114818b5f882b83edf608a,stage,V4_NATIVE_EMISSION
ed962d77bc6b76e9b26e331c0a37a853be746cee201c54054bd2dfdf04b460da,5ce8a8347b25dccd88d7983580adb90e12545e0b18114818b5f882b83edf608a,class,BACKEND
c9d21dca1e620e29fbddff292df5f345d5791bb6eb20a4efb33655dad00baca2,5ce8a8347b25dccd88d7983580adb90e12545e0b18114818b5f882b83edf608a,stage,V4_NATIVE_EMISSION
c9d21dca1e620e29fbddff292df5f345d5791bb6eb20a4efb33655dad00baca2,5ce8a8347b25dccd88d7983580adb90e12545e0b18114818b5f882b83edf608a,class,BACKEND
d332df1ba03334135dd5ff065737a9e38352303a04d13f9d6ad9663a49e28e92,5ce8a8347b25dccd88d7983580adb90e12545e0b18114818b5f882b83edf608a,stage,V4_NATIVE_EMISSION
d332df1ba03334135dd5ff065737a9e38352303a04d13f9d6ad9663a49e28e92,5ce8a8347b25dccd88d7983580adb90e12545e0b18114818b5f882b83edf608a,class,BACKEND
7975d3f0c300b1ce8327b2a77da0347b5263922a7a1789c4f4b7b5abdf9e5342,8b857167585263ed5f7880079a0ecb588f6fd094ebd94328e12cad8542250104,stage,V4_NATIVE_EMISSION
7975d3f0c300b1ce8327b2a77da0347b5263922a7a1789c4f4b7b5abdf9e5342,8b857167585263ed5f7880079a0ecb588f6fd094ebd94328e12cad8542250104,class,BACKEND
ab80d4e4a1f26abfb57bc8984e30ba24c018ffd2c097196d28061ff44994e49e,8b857167585263ed5f7880079a0ecb588f6fd094ebd94328e12cad8542250104,stage,V4_NATIVE_EMISSION
ab80d4e4a1f26abfb57bc8984e30ba24c018ffd2c097196d28061ff44994e49e,8b857167585263ed5f7880079a0ecb588f6fd094ebd94328e12cad8542250104,class,BACKEND
a81a048808912ca40d25166404ce5be908079e3b9974909b3ca7071b29f1052a,8b857167585263ed5f7880079a0ecb588f6fd094ebd94328e12cad8542250104,stage,V4_NATIVE_EMISSION
a81a048808912ca40d25166404ce5be908079e3b9974909b3ca7071b29f1052a,8b857167585263ed5f7880079a0ecb588f6fd094ebd94328e12cad8542250104,class,BACKEND
bf9bc1edb6a51e7a898d5b659c9759ef9b52898df29cd50a2dd550b63048b394,8b857167585263ed5f7880079a0ecb588f6fd094ebd94328e12cad8542250104,stage,V4_NATIVE_EMISSION
bf9bc1edb6a51e7a898d5b659c9759ef9b52898df29cd50a2dd550b63048b394,8b857167585263ed5f7880079a0ecb588f6fd094ebd94328e12cad8542250104,class,BACKEND
a40b940ee479982412f0c020c64659ed59afb36a69f9d895130aa6ac6cf05612,8b857167585263ed5f7880079a0ecb588f6fd094ebd94328e12cad8542250104,stage,V4_NATIVE_EMISSION
a40b940ee479982412f0c020c64659ed59afb36a69f9d895130aa6ac6cf05612,8b857167585263ed5f7880079a0ecb588f6fd094ebd94328e12cad8542250104,class,BACKEND
b41db85381f73cd55e8c63861014d4660b964548be2fe38e12929280835a2459,8b857167585263ed5f7880079a0ecb588f6fd094ebd94328e12cad8542250104,stage,V4_NATIVE_EMISSION
b41db85381f73cd55e8c63861014d4660b964548be2fe38e12929280835a2459,8b857167585263ed5f7880079a0ecb588f6fd094ebd94328e12cad8542250104,class,BACKEND
da599f84b00c741c408a7a145bb29dfd2016bde86eb91a802aeb2d7a5d4b0919,8b857167585263ed5f7880079a0ecb588f6fd094ebd94328e12cad8542250104,stage,V4_NATIVE_EMISSION
da599f84b00c741c408a7a145bb29dfd2016bde86eb91a802aeb2d7a5d4b0919,8b857167585263ed5f7880079a0ecb588f6fd094ebd94328e12cad8542250104,class,BACKEND
8577819d098e7fd1e830c2f01a8897795f7267ff595dafa91a3a41d94c65432d,8b857167585263ed5f7880079a0ecb588f6fd094ebd94328e12cad8542250104,stage,V4_NATIVE_EMISSION
8577819d098e7fd1e830c2f01a8897795f7267ff595dafa91a3a41d94c65432d,8b857167585263ed5f7880079a0ecb588f6fd094ebd94328e12cad8542250104,class,BACKEND
fdb31fdc25c22bb964c1f5b6dacceb3d2dab643915120a6eb90dd29d0b2b9b54,8b857167585263ed5f7880079a0ecb588f6fd094ebd94328e12cad8542250104,stage,V4_NATIVE_EMISSION
fdb31fdc25c22bb964c1f5b6dacceb3d2dab643915120a6eb90dd29d0b2b9b54,8b857167585263ed5f7880079a0ecb588f6fd094ebd94328e12cad8542250104,class,BACKEND
5183b9c55003592098f6347285039d0f911c6d5233e393a70f9af4a5112d1827,8b857167585263ed5f7880079a0ecb588f6fd094ebd94328e12cad8542250104,stage,V4_NATIVE_EMISSION
5183b9c55003592098f6347285039d0f911c6d5233e393a70f9af4a5112d1827,8b857167585263ed5f7880079a0ecb588f6fd094ebd94328e12cad8542250104,class,BACKEND
e926cbd253da84f1594abb149741d9e0ef30946a146f1b0a9fedc88d954796d9,8b857167585263ed5f7880079a0ecb588f6fd094ebd94328e12cad8542250104,stage,V4_NATIVE_EMISSION
e926cbd253da84f1594abb149741d9e0ef30946a146f1b0a9fedc88d954796d9,8b857167585263ed5f7880079a0ecb588f6fd094ebd94328e12cad8542250104,class,BACKEND
8720dacbddfbbb53299e60c5ac39f658e2679398bf076ab26f46be0131b44b3e,8b857167585263ed5f7880079a0ecb588f6fd094ebd94328e12cad8542250104,stage,V4_NATIVE_EMISSION
8720dacbddfbbb53299e60c5ac39f658e2679398bf076ab26f46be0131b44b3e,8b857167585263ed5f7880079a0ecb588f6fd094ebd94328e12cad8542250104,class,BACKEND
