feature,abi_calling_convention,allocation,array_list,array_type,assignment,atomic,attribute_annotation,await,binary_op,break,bytecode_vm,call,capture,cast_conversion,channel,class,closure_lambda,code_generation,compile_time_eval,comprehension,constant,continue,defer_cleanup,dynamic_dispatch,enum,exception_try,ffi,filesystem,for,foreach_iteration,function,function_type,gc,generic,generic_constraint,global_state,goto_label,identifier,if,import,index,interface_trait,io,ir,layout_alignment,lifetime,literal_boolean,literal_null,literal_numeric,literal_string,lock_mutex,macro,manual_memory,map_dict,map_type,member_access,memory_model,module,mutation,name_resolution,network,optimizer,optional_nullable,overload_resolution,ownership,parameter,pattern,pointer,primitive_bool,primitive_float,primitive_integer,primitive_string,random,reference,reflection,return,scope,set,shadowing,slice,struct,subtyping,switch_match,symbol_table,task_async,thread,throw_raise,time,tuple,tuple_type,type_inference,unary_op,union_sum,unsafe,variable,visibility,while,yield,rust.move_semantics,rust.copy_semantics,rust.shared_borrow,rust.mutable_borrow,rust.reborrow,rust.borrow_checker,rust.nonlexical_lifetimes,rust.region_inference,rust.lifetime_parameters,rust.higher_ranked_lifetimes,rust.drop_semantics,rust.drop_check,rust.destructor_order,rust.pin_unpin,rust.interior_mutability,rust.cell_refcell,rust.smart_pointer_ownership,rust.raw_pointer_deref,rust.aliasing_model,rust.pointer_provenance,rust.unsafe_block,rust.unsafe_trait_impl,rust.trait_definition,rust.trait_impl,rust.associated_types,rust.associated_consts,rust.trait_object_dyn,rust.vtable_dispatch,rust.generic_bounds,rust.where_clauses,rust.blanket_impl,rust.coherence_orphan,rust.specialization,rust.impl_trait,rust.opaque_types,rust.method_resolution,rust.autoderef_autoref,rust.deref_coercion,rust.unsize_coercion,rust.operator_traits,rust.pattern_destructuring,rust.match_exhaustiveness,rust.match_guards,rust.ref_patterns,rust.enum_variant_semantics,rust.if_let_while_let,rust.let_else,rust.loop_break_value,rust.never_type_divergence,rust.result_question_operator,rust.option_niche_optimization,rust.panic_unwind_abort,rust.async_await,rust.future_poll,rust.generator_coroutine,rust.await_suspension,rust.closure_capture_modes,rust.fn_traits,rust.send_sync_auto_traits,rust.atomic_ordering,rust.thread_memory_model,rust.macro_rules_hygiene,rust.proc_macro,rust.name_resolution_hygiene,rust.const_eval,rust.const_generics,rust.monomorphization,rust.hir_lowering,rust.mir_semantics,rust.abi_layout,rust.repr_attributes,rust.ffi_extern_abi,rust.slice_fat_pointer,rust.dst_unsized,rust.crate_module_resolution,rust.visibility_privacy,rust.attributes_cfg,rust.feature_gates
abi_calling_convention,1.006326,0.000124,0.000014,0.000000,0.000014,0.000000,0.000079,0.000014,0.000014,0.000000,0.000000,0.000014,0.000000,0.000014,0.000000,0.000079,0.000014,0.000000,0.000000,0.000014,0.000079,0.000000,0.000000,0.000124,0.000079,0.000000,0.034356,0.000124,0.000000,0.000000,0.000079,0.000000,0.032825,0.000079,0.000000,0.000124,0.000000,0.000014,0.000000,0.000079,0.000014,0.000079,0.000124,0.000000,0.033881,0.000509,0.000014,0.000014,0.000014,0.000014,0.000000,0.000000,0.020540,0.000014,0.000000,0.000014,0.000488,0.000079,0.000644,0.000000,0.000124,0.000000,0.000000,0.000000,0.020668,0.000079,0.000014,0.000510,0.000000,0.000000,0.000000,0.000000,0.000124,0.000516,0.000124,0.000000,0.000000,0.000014,0.000000,0.000014,0.000079,0.000000,0.000000,0.000000,0.000000,0.000000,0.000000,0.000124,0.000014,0.000000,0.000000,0.000014,0.000000,0.033975,0.000079,0.000079,0.000000,0.000014,0.001123,0.001313,0.007212,0.006407,0.000687,0.000790,0.000687,0.000737,0.000932,0.000932,0.000946,0.000887,0.000258,0.001313,0.007716,0.008647,0.007716,0.025741,0.008477,0.025622,0.013819,0.000252,0.000158,0.000158,0.000158,0.000083,0.001155,0.001070,0.000158,0.000342,0.000327,0.000192,0.000327,0.000158,0.000364,0.000070,0.000529,0.000529,0.000932,0.000586,0.000082,0.000000,0.000167,0.000038,0.000237,0.000053,0.000053,0.000000,0.000150,0.000059,0.021977,0.000444,0.000176,0.000184,0.000077,0.000083,0.000344,0.000358,0.000395,0.000276,0.000340,0.000000,0.000053,0.000000,0.000325,0.000083,0.000800,0.000053,0.000016,0.028782,0.022152,0.021750,0.028779,0.024008,0.000146,0.000146,0.000146,0.000077
allocation,0.000159,1.009543,0.000044,0.000000,0.000044,0.000000,0.000000,0.000044,0.000044,0.000066,0.000079,0.000044,0.000000,0.000044,0.000000,0.000000,0.000044,0.000079,0.000079,0.000044,0.000000,0.000066,0.000157,0.043851,0.000000,0.000157,0.000159,0.043596,0.000066,0.000066,0.000000,0.000000,0.000159,0.000000,0.000000,0.043667,0.000066,0.000044,0.000066,0.000249,0.000044,0.000000,0.043437,0.000079,0.000159,0.000415,0.000044,0.000044,0.000044,0.000044,0.000000,0.000247,0.000505,0.000044,0.000000,0.000044,0.000407,0.000249,0.028302,0.000247,0.043540,0.000079,0.000000,0.000000,0.000510,0.000000,0.000044,0.000432,0.000000,0.000000,0.000000,0.000000,0.043788,0.000441,0.027267,0.000066,0.000000,0.000044,0.000000,0.000044,0.000000,0.000000,0.000066,0.000000,0.000000,0.000000,0.000157,0.043536,0.000044,0.000000,0.000000,0.000044,0.000000,0.000159,0.000000,0.000249,0.000066,0.000044,0.009589,0.000702,0.000518,0.000663,0.000500,0.000627,0.000500,0.000471,0.000481,0.000481,0.009582,0.000503,0.000278,0.000702,0.009562,0.011317,0.009562,0.000368,0.000636,0.000392,0.010881,0.000087,0.000000,0.000000,0.000000,0.000000,0.000176,0.000169,0.000000,0.000000,0.000000,0.000064,0.000032,0.000000,0.000047,0.000000,0.000068,0.000068,0.000000,0.000183,0.000060,0.000000,0.000188,0.000000,0.000038,0.000062,0.000109,0.000023,0.000055,0.000149,0.000126,0.009080,0.000126,0.000212,0.000020,0.000067,0.000081,0.000000,0.000092,0.000166,0.000122,0.000241,0.000370,0.000241,0.009082,0.000000,0.000085,0.000114,0.000205,0.000174,0.000128,0.000223,0.000190,0.000124,0.000241,0.000241,0.000241,0.000405
array_list,0.000010,0.000025,1.003832,0.000192,0.015308,0.000182,0.000080,0.014874,0.015480,0.000428,0.000071,0.015012,0.000194,0.014845,0.000183,0.000080,0.014799,0.000071,0.000071,0.015082,0.000700,0.000427,0.000136,0.000025,0.000081,0.000136,0.000010,0.000025,0.000431,0.000436,0.000202,0.000192,0.000010,0.000081,0.000191,0.000025,0.000432,0.015338,0.000431,0.000009,0.023437,0.000081,0.000025,0.000071,0.000010,0.000073,0.015264,0.015282,0.015431,0.015258,0.000183,0.000000,0.000082,0.022798,0.000187,0.015704,0.000062,0.000009,0.000087,0.000000,0.000025,0.000071,0.000190,0.000190,0.000082,0.000203,0.014912,0.000180,0.000189,0.000191,0.000190,0.000188,0.000025,0.000178,0.000025,0.000429,0.000676,0.022785,0.000666,0.022928,0.000081,0.000192,0.000430,0.000656,0.000188,0.000183,0.000136,0.000025,0.023070,0.008678,0.000191,0.015508,0.000187,0.000010,0.000696,0.000009,0.000430,0.014934,0.004282,0.000135,0.004258,0.000235,0.005037,0.000277,0.000295,0.000104,0.000096,0.000096,0.000286,0.000207,0.001018,0.000135,0.000096,0.000105,0.000096,0.000079,0.000140,0.000049,0.000129,0.000082,0.000110,0.000110,0.000712,0.000711,0.000123,0.000833,0.000128,0.000735,0.000838,0.000667,0.000854,0.000145,0.000130,0.000144,0.000169,0.000169,0.000144,0.000132,0.007682,0.000432,0.005319,0.000371,0.004943,0.005253,0.000525,0.005304,0.000366,0.004551,0.000011,0.000062,0.007594,0.000300,0.004512,0.004497,0.000394,0.000105,0.000104,0.000239,0.000179,0.000000,0.000025,0.000000,0.004216,0.000126,0.000100,0.000158,0.004387,0.000011,0.000010,0.000000,0.000010,0.000000,0.000000,0.000000,0.000000,0.000015
array_type,0.000000,0.000000,0.000126,1.003294,0.000100,0.000021,0.009036,0.000049,0.000100,0.000000,0.000000,0.000049,0.000000,0.006872,0.000021,0.008985,0.000049,0.000000,0.000000,0.000099,0.000598,0.000000,0.000000,0.000000,0.009081,0.000000,0.000000,0.000000,0.000000,0.000000,0.000555,0.016060,0.000000,0.009117,0.016017,0.000000,0.000000,0.000100,0.000000,0.000553,0.000127,0.009041,0.000000,0.000000,0.000000,0.000117,0.000100,0.000100,0.000100,0.000100,0.000021,0.000000,0.000102,0.000124,0.015842,0.000100,0.000121,0.000546,0.000107,0.000000,0.000000,0.000000,0.015998,0.015999,0.000105,0.000551,0.000049,0.009617,0.016013,0.015985,0.016021,0.015890,0.000000,0.009429,0.000000,0.000000,0.000055,0.000124,0.000055,0.000125,0.009036,0.016027,0.000000,0.000055,0.000021,0.000021,0.000000,0.000000,0.000129,0.009427,0.015946,0.000100,0.015869,0.000000,0.000624,0.000545,0.000000,0.000049,0.000199,0.000512,0.000210,0.000194,0.000109,0.000098,0.000098,0.000303,0.000757,0.000757,0.000113,0.000253,0.000051,0.000512,0.000252,0.000112,0.000252,0.000088,0.000098,0.000100,0.000071,0.008529,0.008778,0.008778,0.004330,0.004120,0.008479,0.000404,0.010890,0.005185,0.000678,0.000499,0.000484,0.010740,0.010683,0.010717,0.010636,0.010636,0.010574,0.008774,0.000029,0.000043,0.000012,0.000062,0.008599,0.000024,0.000000,0.000034,0.000206,0.000178,0.000115,0.000016,0.000029,0.000057,0.000024,0.000029,0.000110,0.008739,0.008328,0.000018,0.000018,0.000000,0.000000,0.000057,0.000040,0.010695,0.000103,0.000214,0.000010,0.000200,0.000340,0.000025,0.000194,0.000248,0.000306,0.000306,0.000130,0.000019
assignment,0.000007,0.000018,0.011091,0.000110,1.003621,0.000132,0.000288,0.010908,0.017837,0.000340,0.000052,0.010917,0.000413,0.010930,0.000132,0.000284,0.010983,0.000052,0.000052,0.017416,0.007425,0.000339,0.000127,0.000018,0.000290,0.000127,0.000007,0.000018,0.000342,0.000346,0.000382,0.000111,0.000007,0.000290,0.000111,0.000018,0.000343,0.017615,0.000342,0.000241,0.011132,0.000290,0.000018,0.000052,0.000007,0.000327,0.017783,0.017748,0.017586,0.017532,0.000133,0.000000,0.000060,0.010931,0.000109,0.017683,0.000045,0.000235,0.000063,0.000273,0.000018,0.000052,0.000111,0.000111,0.000060,0.000378,0.011106,0.000102,0.000110,0.000111,0.000111,0.000110,0.000018,0.000115,0.000018,0.000341,0.007306,0.010921,0.007224,0.011035,0.000291,0.000112,0.000342,0.007047,0.000136,0.000132,0.000127,0.000018,0.011263,0.000454,0.000111,0.017833,0.000110,0.000007,0.007443,0.000235,0.000341,0.011032,0.003194,0.000236,0.003121,0.000194,0.003723,0.000229,0.000245,0.000099,0.000304,0.000304,0.000279,0.000216,0.008344,0.000236,0.000130,0.000108,0.000130,0.000109,0.000101,0.000095,0.000116,0.000286,0.000405,0.000405,0.007166,0.007057,0.000311,0.008363,0.000360,0.007091,0.008726,0.007120,0.008635,0.000297,0.000257,0.000335,0.000223,0.000223,0.000239,0.000298,0.005657,0.000394,0.003948,0.000270,0.003834,0.003879,0.000411,0.003929,0.000396,0.003431,0.000083,0.000101,0.005591,0.000274,0.003333,0.003338,0.000375,0.000241,0.000112,0.000198,0.000130,0.000125,0.000018,0.000166,0.003178,0.000315,0.000208,0.000172,0.003262,0.000126,0.000138,0.000012,0.000083,0.000141,0.000130,0.000130,0.000048,0.000033
atomic,0.000000,0.000000,0.000377,0.000065,0.000377,1.009585,0.000065,0.020602,0.000377,0.000197,0.000000,0.000380,0.000000,0.000428,0.048418,0.000065,0.000377,0.000000,0.000000,0.000373,0.000000,0.000197,0.000197,0.000000,0.000065,0.000197,0.000000,0.000000,0.000197,0.000197,0.000000,0.000065,0.000000,0.000065,0.000065,0.000000,0.000197,0.000375,0.000197,0.000000,0.000380,0.000065,0.000000,0.000000,0.000000,0.000258,0.000376,0.000376,0.000376,0.000375,0.048949,0.000000,0.000259,0.000373,0.000065,0.000381,0.029431,0.000000,0.000264,0.000000,0.000000,0.000000,0.000065,0.000065,0.000260,0.000000,0.000376,0.000263,0.000065,0.000065,0.000065,0.000065,0.000000,0.000260,0.000000,0.000197,0.000000,0.000373,0.000000,0.000374,0.000065,0.000065,0.000197,0.000000,0.048476,0.049760,0.000197,0.000000,0.000377,0.000000,0.000065,0.000380,0.000065,0.000000,0.000000,0.000000,0.000197,0.000377,0.000955,0.000473,0.000487,0.000613,0.000634,0.000708,0.000579,0.000286,0.000295,0.000295,0.000920,0.000473,0.000687,0.000473,0.000509,0.000509,0.000509,0.000320,0.000607,0.000675,0.000478,0.000070,0.000070,0.000070,0.000000,0.000000,0.000201,0.000132,0.000070,0.000000,0.000022,0.000000,0.000022,0.000070,0.000096,0.000070,0.000096,0.000096,0.000070,0.000285,0.000458,0.000246,0.000479,0.000000,0.000243,0.000346,0.000292,0.000535,0.000193,0.000534,0.000278,0.000659,0.024965,0.025459,0.020543,0.024750,0.000270,0.000193,0.011850,0.037536,0.037329,0.000000,0.000000,0.000000,0.000481,0.000069,0.000069,0.000128,0.000549,0.000033,0.000000,0.000000,0.000240,0.000000,0.000000,0.000000,0.000000,0.000000
attribute_annotation,0.000034,0.000000,0.000048,0.008197,0.000236,0.000019,1.002859,0.000048,0.000237,0.000000,0.000043,0.000173,0.000167,0.006110,0.000019,0.014355,0.000181,0.000043,0.000043,0.000231,0.008789,0.000000,0.000000,0.000000,0.014636,0.000000,0.000034,0.000000,0.000000,0.000000,0.008829,0.008351,0.000034,0.014618,0.008306,0.000000,0.000000,0.000236,0.000000,0.008950,0.000048,0.014613,0.000000,0.000043,0.000034,0.000111,0.000242,0.000243,0.000234,0.000237,0.000019,0.000250,0.000077,0.000047,0.008106,0.000233,0.000070,0.008798,0.000051,0.000289,0.000000,0.000043,0.008327,0.008220,0.000077,0.008725,0.000048,0.000866,0.008132,0.008244,0.008212,0.008131,0.000000,0.000882,0.000222,0.000000,0.000226,0.000047,0.000223,0.000048,0.014657,0.008263,0.000000,0.000222,0.000019,0.000019,0.000000,0.000000,0.000048,0.000793,0.008302,0.000235,0.008125,0.000034,0.008878,0.008765,0.000000,0.000048,0.000150,0.000476,0.000168,0.000153,0.000080,0.000068,0.000069,0.000238,0.006543,0.006543,0.000080,0.000207,0.000179,0.000476,0.000211,0.000075,0.000211,0.000109,0.000068,0.000112,0.000113,0.009542,0.012520,0.012520,0.006977,0.004056,0.007578,0.000580,0.012628,0.005030,0.004652,0.003747,0.000691,0.009775,0.009657,0.009710,0.007703,0.007703,0.007627,0.007798,0.000053,0.000073,0.000011,0.000080,0.009594,0.000049,0.000017,0.000034,0.000227,0.000184,0.000148,0.000015,0.000046,0.000052,0.000043,0.000027,0.000278,0.007757,0.007392,0.000017,0.000017,0.000312,0.000243,0.000426,0.000083,0.009716,0.000168,0.003359,0.000055,0.000257,0.003457,0.000099,0.000242,0.000304,0.004465,0.004465,0.000497,0.000268
await,0.000009,0.000022,0.013247,0.000066,0.013409,0.008885,0.000071,1.003546,0.013443,0.000457,0.000064,0.013158,0.000174,0.012876,0.008899,0.000071,0.012981,0.000064,0.000064,0.013131,0.000625,0.000456,0.000196,0.000022,0.000072,0.000196,0.000009,0.000022,0.000459,0.000464,0.000181,0.000067,0.000009,0.000072,0.000067,0.000022,0.000461,0.013321,0.000459,0.000008,0.013453,0.000072,0.000022,0.000064,0.000009,0.000065,0.013384,0.013384,0.013322,0.013258,0.008948,0.000000,0.000073,0.012980,0.000065,0.013705,0.001097,0.000008,0.000078,0.000000,0.000022,0.000064,0.000066,0.000067,0.000073,0.000183,0.013000,0.000056,0.000065,0.000067,0.000067,0.000065,0.000022,0.000056,0.000022,0.000457,0.000603,0.012970,0.000594,0.013051,0.000072,0.000068,0.000459,0.000585,0.009343,0.008927,0.000196,0.000022,0.013282,0.000490,0.000067,0.013645,0.000065,0.000009,0.000621,0.000008,0.000458,0.013073,0.003920,0.000189,0.003742,0.000313,0.004481,0.000422,0.000383,0.000092,0.000086,0.000086,0.000485,0.000253,0.001150,0.000189,0.000135,0.000152,0.000135,0.000161,0.000218,0.000241,0.000276,0.000073,0.000097,0.000097,0.000595,0.000594,0.000164,0.000798,0.000073,0.000605,0.000748,0.000595,0.000762,0.000088,0.000075,0.000087,0.000110,0.000110,0.000087,0.000202,0.006796,0.000482,0.004775,0.000331,0.004324,0.004664,0.000579,0.004785,0.000408,0.004139,0.000079,0.000249,0.014793,0.009859,0.011861,0.012042,0.000446,0.000139,0.000569,0.009963,0.008599,0.000000,0.000022,0.000000,0.003793,0.000071,0.000119,0.000191,0.003996,0.000010,0.000009,0.000000,0.000055,0.000000,0.000000,0.000000,0.000000,0.000014
binary_op,0.000007,0.000018,0.011192,0.000110,0.017800,0.000132,0.000288,0.010913,1.003633,0.000339,0.000052,0.011006,0.000411,0.010963,0.000132,0.000284,0.010983,0.000052,0.000052,0.017389,0.007516,0.000338,0.000127,0.000018,0.000290,0.000127,0.000007,0.000018,0.000341,0.000345,0.000383,0.000111,0.000007,0.000290,0.000111,0.000018,0.000342,0.017563,0.000341,0.000241,0.011185,0.000290,0.000018,0.000052,0.000007,0.000324,0.017790,0.017778,0.017575,0.017550,0.000133,0.000000,0.000060,0.010917,0.000109,0.017723,0.000045,0.000235,0.000063,0.000271,0.000018,0.000052,0.000111,0.000111,0.000060,0.000379,0.011041,0.000101,0.000110,0.000111,0.000111,0.000110,0.000018,0.000115,0.000018,0.000339,0.007231,0.010907,0.007138,0.010995,0.000291,0.000112,0.000341,0.007032,0.000136,0.000132,0.000127,0.000018,0.011244,0.000454,0.000111,0.018125,0.000110,0.000007,0.007361,0.000235,0.000340,0.011025,0.003190,0.000236,0.003117,0.000193,0.003718,0.000228,0.000245,0.000099,0.000304,0.000304,0.000279,0.000216,0.008329,0.000236,0.000130,0.000108,0.000130,0.000108,0.000101,0.000095,0.000116,0.000286,0.000404,0.000404,0.007153,0.007045,0.000310,0.008348,0.000359,0.007079,0.008710,0.007107,0.008619,0.000296,0.000257,0.000335,0.000223,0.000223,0.000238,0.000297,0.005649,0.000393,0.003942,0.000270,0.003829,0.003873,0.000410,0.003923,0.000395,0.003426,0.000083,0.000101,0.005584,0.000274,0.003329,0.003333,0.000375,0.000241,0.000112,0.000197,0.000130,0.000124,0.000018,0.000165,0.003174,0.000315,0.000207,0.000172,0.003257,0.000126,0.000138,0.000012,0.000082,0.000141,0.000130,0.000130,0.000048,0.000033
break,0.000000,0.000037,0.000429,0.000000,0.000470,0.000096,0.000000,0.000514,0.000470,1.005121,0.000040,0.000429,0.000000,0.000432,0.000096,0.000000,0.000433,0.000040,0.000040,0.000466,0.000032,0.024147,0.014799,0.000037,0.000000,0.014850,0.000000,0.000037,0.024483,0.024242,0.000000,0.000000,0.000000,0.000000,0.000000,0.000037,0.024189,0.000470,0.024487,0.000000,0.000429,0.000000,0.000037,0.000040,0.000000,0.000023,0.000473,0.000473,0.000467,0.000468,0.000096,0.000000,0.000028,0.000427,0.000000,0.000468,0.000023,0.000000,0.000060,0.000000,0.000037,0.000040,0.000000,0.000000,0.000028,0.000000,0.012540,0.000023,0.000000,0.000000,0.000000,0.000000,0.000037,0.000023,0.000037,0.024471,0.000032,0.000426,0.000032,0.000428,0.000000,0.000000,0.024236,0.000032,0.000096,0.000096,0.014849,0.000037,0.000434,0.000000,0.000000,0.000470,0.000000,0.000000,0.000032,0.000000,0.024240,0.012549,0.000242,0.000082,0.000198,0.000214,0.000559,0.000522,0.000593,0.000111,0.000080,0.000080,0.005153,0.000548,0.006175,0.000082,0.000084,0.000091,0.000084,0.000108,0.000060,0.000061,0.000278,0.000042,0.000087,0.000087,0.000074,0.000091,0.000069,0.000137,0.000042,0.000151,0.000130,0.000129,0.000186,0.000078,0.000078,0.000078,0.000115,0.000115,0.000078,0.000098,0.015332,0.012435,0.016184,0.009976,0.000303,0.016158,0.020985,0.016232,0.017217,0.018916,0.000013,0.005369,0.005508,0.000323,0.005577,0.005303,0.000414,0.000098,0.000026,0.000162,0.000121,0.000000,0.000014,0.000039,0.000259,0.000058,0.000167,0.000235,0.005381,0.000042,0.000000,0.000027,0.000000,0.000047,0.000039,0.000039,0.000039,0.000039
bytecode_vm,0.000000,0.000099,0.000161,0.000000,0.000161,0.000000,0.000161,0.000161,0.000161,0.000089,1.010082,0.000161,0.000084,0.000161,0.000000,0.000161,0.000161,0.052397,0.051926,0.000161,0.000161,0.000089,0.000089,0.000099,0.000161,0.000089,0.000000,0.000099,0.000089,0.000089,0.000161,0.000000,0.000000,0.000161,0.000000,0.000099,0.000089,0.000161,0.000089,0.001417,0.000161,0.000161,0.000099,0.052243,0.000000,0.000084,0.000161,0.000161,0.000161,0.000161,0.000000,0.032571,0.000000,0.000161,0.000000,0.000161,0.000000,0.001406,0.000099,0.001230,0.000099,0.052319,0.000000,0.000000,0.000000,0.000161,0.000161,0.000000,0.000000,0.000000,0.000000,0.000000,0.000099,0.000000,0.001365,0.000089,0.000084,0.000161,0.000084,0.000161,0.000161,0.000000,0.000089,0.000084,0.000000,0.000000,0.000089,0.000099,0.000161,0.000000,0.000000,0.000161,0.000000,0.000000,0.000161,0.001401,0.000089,0.000161,0.000247,0.000084,0.000000,0.000179,0.000120,0.000111,0.000120,0.000000,0.000161,0.000161,0.000295,0.000172,0.000295,0.000084,0.000000,0.000084,0.000000,0.000260,0.000000,0.000123,0.000587,0.000236,0.000232,0.000232,0.000232,0.000334,0.000362,0.000392,0.000232,0.000072,0.000154,0.000519,0.000382,0.000232,0.000000,0.000000,0.000000,0.000000,0.000308,0.000099,0.000328,0.000407,0.000375,0.000000,0.000373,0.000297,0.000240,0.000178,0.000298,0.000182,0.000425,0.000182,0.000377,0.000195,0.000566,0.000159,0.000000,0.000000,0.000000,0.000099,0.000000,0.013892,0.024904,0.001719,0.026044,0.000334,0.033823,0.026428,0.026055,0.000308,0.000295,0.000064,0.000277,0.000345,0.001909,0.001909,0.017004,0.017029
call,0.000010,0.000025,0.015193,0.000075,0.015250,0.000186,0.000294,0.014952,0.015406,0.000434,0.000072,1.003306,0.008498,0.014656,0.000187,0.000285,0.022833,0.000072,0.000072,0.014924,0.000930,0.000432,0.000138,0.000025,0.000298,0.000138,0.000010,0.000025,0.000436,0.000441,0.008701,0.000076,0.000010,0.000302,0.000076,0.000025,0.000438,0.015172,0.000436,0.000234,0.015451,0.000302,0.000025,0.000072,0.000010,0.000433,0.015250,0.015277,0.015079,0.015061,0.000187,0.000000,0.000083,0.014748,0.000074,0.016181,0.000063,0.000221,0.000088,0.000326,0.000025,0.000072,0.000076,0.000076,0.000083,0.008804,0.014818,0.000063,0.000074,0.000076,0.000076,0.000074,0.000025,0.000063,0.000025,0.000434,0.001020,0.014738,0.001005,0.014791,0.000303,0.000077,0.000436,0.000990,0.000192,0.000187,0.000138,0.000025,0.015160,0.000559,0.000076,0.015762,0.000074,0.000010,0.000938,0.000220,0.000435,0.014765,0.004301,0.000191,0.004304,0.000322,0.005095,0.000381,0.000411,0.000170,0.000319,0.000319,0.000333,0.000314,0.001039,0.000191,0.000146,0.000107,0.000146,0.000123,0.000212,0.000050,0.000131,0.000163,0.000262,0.000262,0.000833,0.000761,0.000124,0.000851,0.000234,0.000794,0.000958,0.000762,0.000873,0.000181,0.000223,0.000180,0.000182,0.000182,0.000099,0.000133,0.007668,0.000495,0.005323,0.000462,0.005014,0.005247,0.000577,0.005332,0.000371,0.004508,0.000011,0.000063,0.007558,0.000306,0.004543,0.004529,0.010108,0.000158,0.000160,0.000244,0.000183,0.000107,0.000026,0.000134,0.004169,0.000162,0.000101,0.000240,0.004341,0.000056,0.000091,0.000000,0.000055,0.000000,0.000101,0.000101,0.000000,0.000016
capture,0.000000,0.000000,0.000569,0.000000,0.001675,0.000000,0.000822,0.000575,0.001671,0.000000,0.000110,0.024654,1.004924,0.000572,0.000000,0.000790,0.026514,0.000110,0.000110,0.001634,0.002258,0.000000,0.000000,0.000000,0.000832,0.000000,0.000000,0.000000,0.000000,0.000000,0.032345,0.000000,0.000000,0.000984,0.000000,0.000000,0.000000,0.001674,0.000000,0.002073,0.000574,0.000849,0.000000,0.000110,0.000000,0.038811,0.001693,0.001698,0.001655,0.001655,0.000000,0.001123,0.000352,0.000556,0.000000,0.001679,0.000345,0.002036,0.000369,0.038022,0.000000,0.000110,0.000000,0.000000,0.000362,0.032737,0.000573,0.000359,0.000000,0.000000,0.000000,0.000000,0.000000,0.000375,0.000937,0.000000,0.038982,0.000555,0.038306,0.000559,0.000854,0.000000,0.000000,0.037757,0.000000,0.000000,0.000000,0.000000,0.000580,0.000000,0.000000,0.001674,0.000000,0.000000,0.002311,0.002027,0.000000,0.000571,0.000738,0.000543,0.000914,0.000715,0.001025,0.000787,0.000840,0.000682,0.001268,0.001268,0.000501,0.000808,0.001079,0.000543,0.000523,0.000342,0.000523,0.000159,0.000600,0.000000,0.000000,0.000311,0.000676,0.000676,0.002025,0.001390,0.000000,0.001079,0.000676,0.001467,0.001791,0.001886,0.001079,0.000311,0.000521,0.000404,0.000211,0.000211,0.000000,0.000000,0.000515,0.000304,0.000383,0.000317,0.000662,0.000351,0.000166,0.000475,0.000000,0.000159,0.000000,0.000000,0.000436,0.000000,0.000428,0.000428,0.036178,0.000190,0.000201,0.000000,0.000000,0.015849,0.001140,0.019461,0.000159,0.000311,0.000000,0.000311,0.000159,0.000163,0.000311,0.000000,0.000163,0.000000,0.001889,0.001889,0.001244,0.001132
cast_conversion,0.000006,0.000014,0.008676,0.006115,0.008817,0.000121,0.005993,0.008449,0.008862,0.000252,0.000042,0.008463,0.000114,1.002452,0.000121,0.005932,0.008581,0.000042,0.000042,0.008602,0.000763,0.000251,0.000079,0.000014,0.006108,0.000079,0.000006,0.000014,0.000254,0.000257,0.000477,0.006223,0.000006,0.006074,0.006215,0.000014,0.000255,0.008753,0.000253,0.000363,0.008669,0.006043,0.000014,0.000042,0.000006,0.000051,0.008914,0.008924,0.008726,0.008721,0.000122,0.000000,0.000048,0.008554,0.006000,0.008755,0.000051,0.000357,0.000051,0.000000,0.000014,0.000042,0.006166,0.006202,0.000048,0.000475,0.008627,0.000618,0.006041,0.006226,0.006179,0.006038,0.000014,0.000617,0.000014,0.000252,0.000397,0.008496,0.000391,0.008629,0.006027,0.006281,0.000253,0.000385,0.000124,0.000121,0.000079,0.000014,0.008783,0.000897,0.006230,0.008856,0.006023,0.000006,0.000766,0.000357,0.000253,0.008642,0.002508,0.000368,0.002493,0.000201,0.002870,0.000162,0.000172,0.000164,0.000462,0.000462,0.000178,0.000207,0.000597,0.000368,0.000151,0.000074,0.000151,0.000110,0.000082,0.000105,0.000131,0.005733,0.006874,0.006874,0.001005,0.000857,0.006696,0.000746,0.005966,0.001027,0.000923,0.000687,0.000792,0.006827,0.005847,0.006839,0.006820,0.006820,0.006770,0.006890,0.004388,0.000267,0.003037,0.000259,0.008550,0.003006,0.000309,0.003037,0.000352,0.002728,0.000096,0.000050,0.004335,0.000224,0.002583,0.002579,0.000307,0.006845,0.005635,0.000153,0.000118,0.000000,0.000015,0.000037,0.002427,0.005827,0.000123,0.000239,0.002500,0.000144,0.000222,0.000015,0.000147,0.000170,0.000191,0.000191,0.000069,0.000022
channel,0.000000,0.000000,0.000379,0.000066,0.000379,0.048662,0.000066,0.020738,0.000380,0.000198,0.000000,0.000383,0.000000,0.000431,1.009513,0.000066,0.000380,0.000000,0.000000,0.000375,0.000000,0.000198,0.000198,0.000000,0.000066,0.000198,0.000000,0.000000,0.000198,0.000198,0.000000,0.000066,0.000000,0.000066,0.000066,0.000000,0.000198,0.000378,0.000198,0.000000,0.000382,0.000066,0.000000,0.000000,0.000000,0.000252,0.000379,0.000379,0.000378,0.000377,0.048705,0.000000,0.000253,0.000375,0.000066,0.000384,0.028894,0.000000,0.000258,0.000000,0.000000,0.000000,0.000066,0.000066,0.000254,0.000000,0.000378,0.000257,0.000066,0.000066,0.000066,0.000066,0.000000,0.000254,0.000000,0.000198,0.000000,0.000375,0.000000,0.000376,0.000066,0.000066,0.000198,0.000000,0.048763,0.049219,0.000198,0.000000,0.000379,0.000000,0.000066,0.000383,0.000066,0.000000,0.000000,0.000000,0.000198,0.000379,0.000953,0.000468,0.000482,0.000609,0.000630,0.000704,0.000575,0.000280,0.000289,0.000289,0.000918,0.000468,0.000691,0.000468,0.000504,0.000505,0.000504,0.000321,0.000603,0.000678,0.000480,0.000070,0.000070,0.000070,0.000000,0.000000,0.000202,0.000133,0.000070,0.000000,0.000022,0.000000,0.000022,0.000070,0.000096,0.000070,0.000096,0.000096,0.000070,0.000287,0.000461,0.000247,0.000482,0.000000,0.000245,0.000348,0.000293,0.000538,0.000194,0.000537,0.000280,0.000663,0.025066,0.025561,0.020626,0.024849,0.000272,0.000194,0.011892,0.037679,0.037471,0.000000,0.000000,0.000000,0.000483,0.000069,0.000069,0.000129,0.000552,0.000033,0.000000,0.000000,0.000241,0.000000,0.000000,0.000000,0.000000,0.000000
class,0.000034,0.000000,0.000048,0.008227,0.000235,0.000019,0.014491,0.000048,0.000236,0.000000,0.000043,0.000170,0.000162,0.006104,0.000019,1.002816,0.000177,0.000043,0.000043,0.000230,0.008646,0.000000,0.000000,0.000000,0.014534,0.000000,0.000034,0.000000,0.000000,0.000000,0.008544,0.008283,0.000034,0.014540,0.008274,0.000000,0.000000,0.000235,0.000000,0.008703,0.000048,0.014477,0.000000,0.000043,0.000034,0.000111,0.000241,0.000242,0.000233,0.000236,0.000019,0.000248,0.000078,0.000047,0.008179,0.000232,0.000071,0.008654,0.000052,0.000286,0.000000,0.000043,0.008334,0.008206,0.000078,0.008551,0.000048,0.000869,0.008200,0.008261,0.008253,0.008288,0.000000,0.000885,0.000219,0.000000,0.000225,0.000047,0.000222,0.000048,0.014487,0.008254,0.000000,0.000220,0.000019,0.000019,0.000000,0.000000,0.000048,0.000796,0.008223,0.000234,0.008166,0.000034,0.008658,0.008658,0.000000,0.000048,0.000151,0.000481,0.000169,0.000154,0.000080,0.000068,0.000070,0.000241,0.006586,0.006586,0.000081,0.000209,0.000178,0.000481,0.000213,0.000076,0.000213,0.000110,0.000068,0.000113,0.000114,0.009614,0.012611,0.012611,0.007020,0.004080,0.007640,0.000582,0.012719,0.005060,0.004681,0.003769,0.000694,0.009848,0.009728,0.009782,0.007765,0.007765,0.007688,0.007862,0.000053,0.000074,0.000011,0.000081,0.009666,0.000049,0.000017,0.000035,0.000229,0.000185,0.000150,0.000015,0.000047,0.000052,0.000043,0.000027,0.000275,0.007821,0.007453,0.000017,0.000017,0.000309,0.000240,0.000424,0.000083,0.009788,0.000169,0.003380,0.000056,0.000260,0.003479,0.000100,0.000244,0.000307,0.004489,0.004489,0.000495,0.000266
closure_lambda,0.000010,0.000025,0.014925,0.000076,0.015287,0.000184,0.000307,0.014699,0.015319,0.000436,0.000072,0.022752,0.009107,0.014808,0.000185,0.000297,1.003333,0.000072,0.000072,0.014864,0.000936,0.000435,0.000137,0.000025,0.000311,0.000137,0.000010,0.000025,0.000439,0.000444,0.009189,0.000077,0.000010,0.000314,0.000077,0.000025,0.000440,0.015168,0.000438,0.000246,0.014906,0.000315,0.000025,0.000072,0.000010,0.000456,0.015523,0.015575,0.015018,0.015018,0.000185,0.000000,0.000083,0.014742,0.000074,0.015141,0.000063,0.000232,0.000088,0.000346,0.000025,0.000072,0.000076,0.000077,0.000083,0.009222,0.015006,0.000063,0.000075,0.000077,0.000076,0.000075,0.000025,0.000063,0.000025,0.000436,0.001036,0.014680,0.001020,0.014821,0.000316,0.000078,0.000438,0.001005,0.000190,0.000185,0.000137,0.000025,0.015412,0.000555,0.000077,0.015263,0.000075,0.000010,0.000945,0.000232,0.000438,0.014968,0.004284,0.000191,0.004287,0.000321,0.005076,0.000380,0.000410,0.000169,0.000327,0.000327,0.000331,0.000312,0.001031,0.000191,0.000146,0.000106,0.000146,0.000123,0.000211,0.000050,0.000130,0.000168,0.000271,0.000271,0.000835,0.000760,0.000125,0.000844,0.000243,0.000794,0.000957,0.000761,0.000866,0.000186,0.000228,0.000185,0.000183,0.000183,0.000100,0.000134,0.007642,0.000497,0.005306,0.000464,0.005001,0.005230,0.000579,0.005315,0.000372,0.004494,0.000011,0.000063,0.007529,0.000303,0.004525,0.004510,0.010103,0.000158,0.000160,0.000242,0.000181,0.000115,0.000025,0.000144,0.004153,0.000167,0.000101,0.000244,0.004325,0.000055,0.000095,0.000000,0.000055,0.000000,0.000106,0.000106,0.000000,0.000016
code_generation,0.000000,0.000098,0.000159,0.000000,0.000159,0.000000,0.000160,0.000159,0.000159,0.000088,0.051968,0.000159,0.000084,0.000159,0.000000,0.000160,0.000159,1.010234,0.052156,0.000159,0.000160,0.000088,0.000088,0.000098,0.000160,0.000088,0.000000,0.000098,0.000088,0.000088,0.000160,0.000000,0.000000,0.000160,0.000000,0.000098,0.000088,0.000159,0.000088,0.001415,0.000159,0.000160,0.000098,0.052779,0.000000,0.000084,0.000159,0.000159,0.000159,0.000159,0.000000,0.032981,0.000000,0.000159,0.000000,0.000159,0.000000,0.001404,0.000098,0.001229,0.000098,0.052687,0.000000,0.000000,0.000000,0.000160,0.000159,0.000000,0.000000,0.000000,0.000000,0.000000,0.000098,0.000000,0.001363,0.000088,0.000084,0.000159,0.000084,0.000159,0.000160,0.000000,0.000088,0.000084,0.000000,0.000000,0.000088,0.000098,0.000159,0.000000,0.000000,0.000159,0.000000,0.000000,0.000160,0.001399,0.000088,0.000159,0.000245,0.000084,0.000000,0.000178,0.000119,0.000110,0.000119,0.000000,0.000160,0.000160,0.000293,0.000170,0.000292,0.000084,0.000000,0.000084,0.000000,0.000258,0.000000,0.000122,0.000582,0.000234,0.000230,0.000230,0.000230,0.000331,0.000359,0.000389,0.000230,0.000071,0.000153,0.000515,0.000379,0.000230,0.000000,0.000000,0.000000,0.000000,0.000306,0.000098,0.000326,0.000404,0.000372,0.000000,0.000370,0.000295,0.000238,0.000176,0.000296,0.000181,0.000422,0.000181,0.000373,0.000193,0.000562,0.000157,0.000000,0.000000,0.000000,0.000098,0.000000,0.013818,0.024767,0.001716,0.025884,0.000331,0.033621,0.026266,0.025895,0.000306,0.000293,0.000064,0.000275,0.000342,0.001905,0.001905,0.016913,0.016938
compile_time_eval,0.000000,0.000098,0.000160,0.000000,0.000160,0.000000,0.000160,0.000160,0.000160,0.000088,0.051669,0.000160,0.000084,0.000160,0.000000,0.000160,0.000160,0.052327,1.010168,0.000160,0.000160,0.000088,0.000088,0.000098,0.000160,0.000088,0.000000,0.000098,0.000088,0.000088,0.000160,0.000000,0.000000,0.000160,0.000000,0.000098,0.000088,0.000160,0.000088,0.001418,0.000160,0.000160,0.000098,0.052673,0.000000,0.000084,0.000160,0.000160,0.000160,0.000160,0.000000,0.032926,0.000000,0.000160,0.000000,0.000160,0.000000,0.001406,0.000098,0.001231,0.000098,0.052529,0.000000,0.000000,0.000000,0.000160,0.000160,0.000000,0.000000,0.000000,0.000000,0.000000,0.000098,0.000000,0.001366,0.000088,0.000084,0.000160,0.000084,0.000160,0.000160,0.000000,0.000088,0.000084,0.000000,0.000000,0.000088,0.000098,0.000160,0.000000,0.000000,0.000160,0.000000,0.000000,0.000160,0.001402,0.000088,0.000160,0.000246,0.000084,0.000000,0.000178,0.000120,0.000110,0.000120,0.000000,0.000160,0.000160,0.000294,0.000171,0.000293,0.000084,0.000000,0.000084,0.000000,0.000259,0.000000,0.000123,0.000584,0.000235,0.000231,0.000231,0.000231,0.000332,0.000360,0.000391,0.000231,0.000072,0.000153,0.000516,0.000380,0.000231,0.000000,0.000000,0.000000,0.000000,0.000306,0.000098,0.000327,0.000405,0.000373,0.000000,0.000371,0.000296,0.000239,0.000177,0.000297,0.000181,0.000423,0.000181,0.000375,0.000194,0.000564,0.000158,0.000000,0.000000,0.000000,0.000098,0.000000,0.013849,0.024823,0.001720,0.025945,0.000332,0.033699,0.026328,0.025956,0.000306,0.000294,0.000064,0.000276,0.000343,0.001909,0.001909,0.016950,0.016976
comprehension,0.000007,0.000018,0.011073,0.000111,0.017648,0.000133,0.000285,0.010825,0.017658,0.000341,0.000052,0.010826,0.000409,0.010806,0.000133,0.000281,0.010821,0.000052,0.000052,1.003563,0.007226,0.000340,0.000128,0.000018,0.000288,0.000128,0.000007,0.000018,0.000343,0.000347,0.000378,0.000112,0.000007,0.000287,0.000111,0.000018,0.000344,0.017640,0.000343,0.000239,0.011081,0.000287,0.000018,0.000052,0.000007,0.000324,0.017670,0.017685,0.017626,0.017628,0.000133,0.000000,0.000060,0.011288,0.000110,0.017657,0.000046,0.000234,0.000064,0.000270,0.000018,0.000052,0.000111,0.000111,0.000060,0.000374,0.010923,0.000103,0.000110,0.000112,0.000111,0.000110,0.000018,0.000116,0.000018,0.000342,0.007148,0.011029,0.007131,0.011047,0.000289,0.000112,0.000343,0.007114,0.000137,0.000133,0.000128,0.000018,0.011119,0.000457,0.000112,0.017662,0.000110,0.000007,0.007244,0.000233,0.000342,0.010960,0.003227,0.000239,0.003153,0.000196,0.003761,0.000232,0.000248,0.000101,0.000305,0.000305,0.000283,0.000219,0.008434,0.000239,0.000132,0.000109,0.000132,0.000110,0.000102,0.000097,0.000118,0.000287,0.000405,0.000405,0.007238,0.007131,0.000313,0.008452,0.000360,0.007165,0.008817,0.007193,0.008727,0.000297,0.000257,0.000337,0.000225,0.000225,0.000241,0.000300,0.005712,0.000396,0.003986,0.000271,0.003870,0.003916,0.000414,0.003967,0.000398,0.003464,0.000084,0.000103,0.005647,0.000276,0.003366,0.003371,0.000374,0.000243,0.000113,0.000199,0.000130,0.000124,0.000019,0.000165,0.003211,0.000317,0.000211,0.000172,0.003295,0.000128,0.000138,0.000012,0.000084,0.000143,0.000129,0.000129,0.000048,0.000033
constant,0.000044,0.000000,0.000538,0.000699,0.007870,0.000000,0.011329,0.000539,0.007983,0.000025,0.000055,0.000705,0.000591,0.001003,0.000000,0.011041,0.000712,0.000055,0.000055,0.007558,1.002896,0.000025,0.000025,0.000000,0.011444,0.000025,0.000044,0.000000,0.000025,0.000025,0.011112,0.000707,0.000044,0.011452,0.000709,0.000000,0.000025,0.007905,0.000025,0.011260,0.000539,0.011341,0.000000,0.000055,0.000044,0.000510,0.008122,0.008177,0.007793,0.008170,0.000000,0.000322,0.000099,0.000530,0.000695,0.007728,0.000066,0.011076,0.000066,0.000749,0.000000,0.000055,0.000704,0.000700,0.000099,0.011054,0.000542,0.000246,0.000695,0.000703,0.000699,0.000696,0.000000,0.000282,0.000286,0.000025,0.009456,0.000527,0.009257,0.000532,0.011413,0.000704,0.000025,0.009140,0.000000,0.000000,0.000025,0.000000,0.000543,0.000163,0.000706,0.007855,0.000696,0.000044,0.018193,0.011054,0.000025,0.000540,0.000287,0.000372,0.000258,0.000128,0.000290,0.000112,0.000116,0.000196,0.008140,0.008140,0.000148,0.000208,0.007099,0.000372,0.000199,0.000108,0.000199,0.000105,0.000087,0.000102,0.000095,0.004948,0.008657,0.008657,0.015273,0.011578,0.000975,0.008892,0.008658,0.012628,0.012657,0.011537,0.009346,0.005033,0.004867,0.004968,0.000831,0.000831,0.000821,0.000896,0.000319,0.000162,0.000217,0.000052,0.005094,0.000237,0.000048,0.000230,0.000249,0.000300,0.000144,0.000054,0.000311,0.000054,0.000204,0.000186,0.000375,0.000842,0.000660,0.000021,0.000000,0.000568,0.000312,0.000725,0.000297,0.005043,0.000272,0.004200,0.000249,0.000264,0.004311,0.000120,0.000193,0.000320,0.005643,0.005643,0.000606,0.000350
continue,0.000000,0.000037,0.000429,0.000000,0.000471,0.000096,0.000000,0.000514,0.000470,0.024223,0.000040,0.000429,0.000000,0.000432,0.000096,0.000000,0.000433,0.000040,0.000040,0.000466,0.000032,1.005098,0.014831,0.000037,0.000000,0.014838,0.000000,0.000037,0.024301,0.024264,0.000000,0.000000,0.000000,0.000000,0.000000,0.000037,0.024245,0.000470,0.024303,0.000000,0.000429,0.000000,0.000037,0.000040,0.000000,0.000023,0.000473,0.000473,0.000468,0.000468,0.000096,0.000000,0.000028,0.000427,0.000000,0.000469,0.000023,0.000000,0.000060,0.000000,0.000037,0.000040,0.000000,0.000000,0.000028,0.000000,0.012497,0.000023,0.000000,0.000000,0.000000,0.000000,0.000037,0.000023,0.000037,0.024225,0.000032,0.000426,0.000032,0.000428,0.000000,0.000000,0.024291,0.000032,0.000096,0.000096,0.014827,0.000037,0.000434,0.000000,0.000000,0.000471,0.000000,0.000000,0.000032,0.000000,0.024295,0.012507,0.000242,0.000082,0.000198,0.000215,0.000560,0.000523,0.000595,0.000111,0.000081,0.000081,0.005165,0.000549,0.006190,0.000082,0.000084,0.000091,0.000084,0.000109,0.000060,0.000062,0.000278,0.000042,0.000087,0.000087,0.000074,0.000091,0.000070,0.000138,0.000042,0.000151,0.000130,0.000130,0.000187,0.000079,0.000079,0.000079,0.000115,0.000115,0.000079,0.000098,0.015368,0.012465,0.016222,0.010000,0.000304,0.016196,0.021034,0.016270,0.017257,0.018961,0.000013,0.005381,0.005520,0.000324,0.005590,0.005315,0.000415,0.000098,0.000026,0.000163,0.000121,0.000000,0.000014,0.000039,0.000259,0.000059,0.000167,0.000236,0.005394,0.000042,0.000000,0.000027,0.000000,0.000047,0.000039,0.000039,0.000039,0.000039
defer_cleanup,0.000000,0.000138,0.000215,0.000000,0.000277,0.000151,0.000000,0.000348,0.000277,0.023372,0.000063,0.000215,0.000000,0.000215,0.000151,0.000000,0.000215,0.000063,0.000063,0.000277,0.000051,0.023351,1.004726,0.000138,0.000000,0.035826,0.000000,0.000138,0.023774,0.024090,0.000000,0.000000,0.000000,0.000000,0.000000,0.000138,0.024230,0.000277,0.023581,0.000000,0.000215,0.000000,0.000138,0.000063,0.000000,0.000036,0.000277,0.000277,0.000277,0.000277,0.000151,0.000000,0.000044,0.000215,0.000000,0.000277,0.000036,0.000000,0.000174,0.000000,0.000138,0.000063,0.000000,0.000000,0.000044,0.000000,0.002257,0.000036,0.000000,0.000000,0.000000,0.000000,0.000138,0.000036,0.000138,0.023512,0.000051,0.000215,0.000051,0.000215,0.000000,0.000000,0.023550,0.000051,0.000151,0.000151,0.035147,0.000138,0.000215,0.000000,0.000000,0.000277,0.000000,0.000000,0.000051,0.000000,0.023441,0.002266,0.000358,0.000093,0.000119,0.000194,0.000423,0.000508,0.000451,0.000048,0.000046,0.000046,0.007754,0.000385,0.009202,0.000093,0.000206,0.000228,0.000206,0.000224,0.000095,0.000205,0.000321,0.000028,0.000062,0.000062,0.000079,0.000051,0.000155,0.000233,0.000028,0.000102,0.000120,0.000085,0.000120,0.000028,0.000028,0.000056,0.000056,0.000056,0.000056,0.000070,0.009376,0.002322,0.010935,0.001789,0.000185,0.010735,0.018272,0.010817,0.012769,0.015115,0.000020,0.020418,0.007766,0.000533,0.007806,0.007670,0.000242,0.000070,0.000041,0.000343,0.000277,0.000000,0.000022,0.000000,0.000333,0.000000,0.000136,0.000222,0.007772,0.000028,0.000000,0.000127,0.000000,0.000032,0.000000,0.000000,0.000000,0.000000
dynamic_dispatch,0.000160,0.044161,0.000045,0.000000,0.000045,0.000000,0.000000,0.000045,0.000045,0.000066,0.000079,0.000045,0.000000,0.000045,0.000000,0.000000,0.000045,0.000079,0.000079,0.000045,0.000000,0.000066,0.000158,1.009464,0.000000,0.000158,0.000160,0.043503,0.000066,0.000066,0.000000,0.000000,0.000160,0.000000,0.000000,0.043846,0.000066,0.000045,0.000066,0.000249,0.000045,0.000000,0.043456,0.000079,0.000160,0.000412,0.000045,0.000045,0.000045,0.000045,0.000000,0.000247,0.000503,0.000045,0.000000,0.000045,0.000404,0.000249,0.027806,0.000248,0.043463,0.000079,0.000000,0.000000,0.000507,0.000000,0.000045,0.000429,0.000000,0.000000,0.000000,0.000000,0.043574,0.000438,0.027306,0.000066,0.000000,0.000045,0.000000,0.000045,0.000000,0.000000,0.000066,0.000000,0.000000,0.000000,0.000158,0.043534,0.000045,0.000000,0.000000,0.000045,0.000000,0.000160,0.000000,0.000249,0.000066,0.000045,0.009635,0.000700,0.000516,0.000661,0.000499,0.000625,0.000499,0.000469,0.000479,0.000479,0.009628,0.000501,0.000280,0.000700,0.009607,0.011372,0.009607,0.000370,0.000634,0.000395,0.010938,0.000088,0.000000,0.000000,0.000000,0.000000,0.000177,0.000171,0.000000,0.000000,0.000000,0.000065,0.000033,0.000000,0.000047,0.000000,0.000069,0.000069,0.000000,0.000184,0.000061,0.000000,0.000190,0.000000,0.000038,0.000063,0.000110,0.000023,0.000055,0.000151,0.000127,0.009128,0.000127,0.000213,0.000021,0.000068,0.000082,0.000000,0.000093,0.000167,0.000123,0.000242,0.000371,0.000242,0.009129,0.000000,0.000086,0.000115,0.000206,0.000175,0.000129,0.000224,0.000191,0.000125,0.000242,0.000242,0.000242,0.000407
enum,0.000034,0.000000,0.000048,0.008191,0.000237,0.000019,0.014554,0.000048,0.000238,0.000000,0.000042,0.000175,0.000168,0.006191,0.000019,0.014316,0.000183,0.000042,0.000042,0.000232,0.008828,0.000000,0.000000,0.000000,1.002879,0.000000,0.000034,0.000000,0.000000,0.000000,0.008884,0.008377,0.000034,0.014656,0.008348,0.000000,0.000000,0.000237,0.000000,0.009001,0.000048,0.014629,0.000000,0.000042,0.000034,0.000111,0.000243,0.000244,0.000235,0.000238,0.000019,0.000251,0.000077,0.000048,0.008088,0.000234,0.000070,0.008830,0.000051,0.000290,0.000000,0.000042,0.008332,0.008219,0.000077,0.008774,0.000049,0.000867,0.008101,0.008305,0.008228,0.008112,0.000000,0.000884,0.000222,0.000000,0.000227,0.000048,0.000224,0.000048,0.014798,0.008352,0.000000,0.000222,0.000019,0.000019,0.000000,0.000000,0.000049,0.000795,0.008383,0.000236,0.008207,0.000034,0.009000,0.008795,0.000000,0.000049,0.000149,0.000474,0.000167,0.000152,0.000079,0.000067,0.000069,0.000237,0.006514,0.006514,0.000080,0.000206,0.000180,0.000474,0.000210,0.000075,0.000210,0.000108,0.000067,0.000112,0.000112,0.009500,0.012465,0.012465,0.006949,0.004041,0.007544,0.000578,0.012574,0.005011,0.004633,0.003731,0.000689,0.009733,0.009615,0.009669,0.007670,0.007670,0.007593,0.007763,0.000053,0.000073,0.000011,0.000079,0.009552,0.000049,0.000017,0.000034,0.000225,0.000183,0.000147,0.000014,0.000046,0.000051,0.000043,0.000027,0.000278,0.007722,0.007359,0.000016,0.000016,0.000312,0.000243,0.000426,0.000082,0.009674,0.000167,0.003344,0.000055,0.000256,0.003441,0.000098,0.000241,0.000302,0.004446,0.004446,0.000496,0.000268
exception_try,0.000000,0.000138,0.000215,0.000000,0.000276,0.000151,0.000000,0.000348,0.000276,0.023419,0.000062,0.000215,0.000000,0.000215,0.000151,0.000000,0.000215,0.000062,0.000062,0.000276,0.000051,0.023327,0.035774,0.000138,0.000000,1.004749,0.000000,0.000138,0.023649,0.024352,0.000000,0.000000,0.000000,0.000000,0.000000,0.000138,0.023787,0.000276,0.023620,0.000000,0.000215,0.000000,0.000138,0.000062,0.000000,0.000036,0.000276,0.000276,0.000276,0.000276,0.000151,0.000000,0.000044,0.000215,0.000000,0.000276,0.000036,0.000000,0.000174,0.000000,0.000138,0.000062,0.000000,0.000000,0.000044,0.000000,0.002254,0.000036,0.000000,0.000000,0.000000,0.000000,0.000138,0.000036,0.000138,0.023491,0.000051,0.000215,0.000051,0.000215,0.000000,0.000000,0.023573,0.000051,0.000151,0.000151,0.035535,0.000138,0.000215,0.000000,0.000000,0.000276,0.000000,0.000000,0.000051,0.000000,0.023521,0.002263,0.000357,0.000093,0.000119,0.000193,0.000422,0.000507,0.000450,0.000048,0.000046,0.000046,0.007746,0.000384,0.009192,0.000093,0.000206,0.000228,0.000206,0.000223,0.000095,0.000205,0.000320,0.000028,0.000062,0.000062,0.000079,0.000051,0.000155,0.000233,0.000028,0.000102,0.000120,0.000085,0.000120,0.000028,0.000028,0.000056,0.000056,0.000056,0.000056,0.000070,0.009366,0.002319,0.010924,0.001787,0.000185,0.010724,0.018253,0.010805,0.012756,0.015099,0.000020,0.020397,0.007758,0.000532,0.007797,0.007662,0.000242,0.000070,0.000041,0.000342,0.000277,0.000000,0.000022,0.000000,0.000332,0.000000,0.000136,0.000222,0.007764,0.000028,0.000000,0.000127,0.000000,0.000032,0.000000,0.000000,0.000000,0.000000
ffi,0.034402,0.000124,0.000014,0.000000,0.000014,0.000000,0.000079,0.000014,0.000014,0.000000,0.000000,0.000014,0.000000,0.000014,0.000000,0.000079,0.000014,0.000000,0.000000,0.000014,0.000079,0.000000,0.000000,0.000124,0.000079,0.000000,1.006306,0.000124,0.000000,0.000000,0.000079,0.000000,0.032843,0.000079,0.000000,0.000124,0.000000,0.000014,0.000000,0.000079,0.000014,0.000079,0.000124,0.000000,0.033483,0.000510,0.000014,0.000014,0.000014,0.000014,0.000000,0.000000,0.020565,0.000014,0.000000,0.000014,0.000489,0.000079,0.000645,0.000000,0.000124,0.000000,0.000000,0.000000,0.020721,0.000079,0.000014,0.000511,0.000000,0.000000,0.000000,0.000000,0.000124,0.000517,0.000124,0.000000,0.000000,0.000014,0.000000,0.000014,0.000079,0.000000,0.000000,0.000000,0.000000,0.000000,0.000000,0.000124,0.000014,0.000000,0.000000,0.000014,0.000000,0.033961,0.000079,0.000079,0.000000,0.000014,0.001124,0.001315,0.007219,0.006414,0.000689,0.000791,0.000689,0.000738,0.000934,0.000934,0.000947,0.000889,0.000258,0.001315,0.007724,0.008655,0.007724,0.025765,0.008486,0.025646,0.013832,0.000253,0.000158,0.000158,0.000158,0.000083,0.001156,0.001071,0.000158,0.000342,0.000327,0.000192,0.000327,0.000158,0.000364,0.000070,0.000530,0.000530,0.000934,0.000587,0.000082,0.000000,0.000167,0.000038,0.000238,0.000053,0.000053,0.000000,0.000150,0.000059,0.021997,0.000445,0.000176,0.000185,0.000077,0.000083,0.000344,0.000358,0.000396,0.000276,0.000340,0.000000,0.000053,0.000000,0.000325,0.000083,0.000801,0.000053,0.000016,0.028809,0.022172,0.021770,0.028806,0.024031,0.000146,0.000146,0.000146,0.000077
filesystem,0.000160,0.043849,0.000045,0.000000,0.000045,0.000000,0.000000,0.000045,0.000045,0.000066,0.000079,0.000045,0.000000,0.000045,0.000000,0.000000,0.000045,0.000079,0.000079,0.000045,0.000000,0.000066,0.000158,0.043448,0.000000,0.000158,0.000160,1.009502,0.000066,0.000066,0.000000,0.000000,0.000160,0.000000,0.000000,0.043649,0.000066,0.000045,0.000066,0.000246,0.000045,0.000000,0.043790,0.000079,0.000160,0.000410,0.000045,0.000045,0.000045,0.000045,0.000000,0.000244,0.000500,0.000045,0.000000,0.000045,0.000402,0.000246,0.027575,0.000245,0.043999,0.000079,0.000000,0.000000,0.000505,0.000000,0.000045,0.000427,0.000000,0.000000,0.000000,0.000000,0.043708,0.000436,0.027058,0.000066,0.000000,0.000045,0.000000,0.000045,0.000000,0.000000,0.000066,0.000000,0.000000,0.000000,0.000158,0.043702,0.000045,0.000000,0.000000,0.000045,0.000000,0.000160,0.000000,0.000246,0.000066,0.000045,0.009625,0.000697,0.000513,0.000658,0.000496,0.000622,0.000496,0.000467,0.000477,0.000477,0.009618,0.000499,0.000280,0.000697,0.009598,0.011361,0.009598,0.000370,0.000631,0.000394,0.010929,0.000088,0.000000,0.000000,0.000000,0.000000,0.000177,0.000170,0.000000,0.000000,0.000000,0.000065,0.000033,0.000000,0.000047,0.000000,0.000069,0.000069,0.000000,0.000184,0.000060,0.000000,0.000189,0.000000,0.000038,0.000063,0.000110,0.000023,0.000055,0.000150,0.000127,0.009121,0.000127,0.000213,0.000021,0.000067,0.000082,0.000000,0.000093,0.000167,0.000123,0.000239,0.000367,0.000239,0.009122,0.000000,0.000086,0.000114,0.000206,0.000175,0.000129,0.000224,0.000191,0.000125,0.000239,0.000239,0.000239,0.000403
for,0.000000,0.000036,0.000426,0.000000,0.000468,0.000095,0.000000,0.000511,0.000467,0.024197,0.000039,0.000427,0.000000,0.000430,0.000095,0.000000,0.000431,0.000039,0.000039,0.000463,0.000032,0.023943,0.014878,0.000036,0.000000,0.014821,0.000000,0.000036,1.005215,0.024208,0.000000,0.000000,0.000000,0.000000,0.000000,0.000036,0.024398,0.000467,0.024903,0.000000,0.000427,0.000000,0.000036,0.000039,0.000000,0.000023,0.000470,0.000470,0.000464,0.000465,0.000095,0.000000,0.000027,0.000424,0.000000,0.000466,0.000023,0.000000,0.000059,0.000000,0.000036,0.000039,0.000000,0.000000,0.000027,0.000000,0.012537,0.000023,0.000000,0.000000,0.000000,0.000000,0.000036,0.000023,0.000036,0.024135,0.000032,0.000424,0.000032,0.000426,0.000000,0.000000,0.024900,0.000032,0.000095,0.000095,0.014806,0.000036,0.000432,0.000000,0.000000,0.000468,0.000000,0.000000,0.000032,0.000000,0.025351,0.012639,0.000240,0.000081,0.000196,0.000212,0.000553,0.000516,0.000586,0.000109,0.000079,0.000079,0.005109,0.000541,0.006122,0.000081,0.000083,0.000090,0.000083,0.000107,0.000059,0.000061,0.000274,0.000042,0.000086,0.000086,0.000073,0.000090,0.000069,0.000136,0.000042,0.000149,0.000129,0.000128,0.000184,0.000077,0.000077,0.000077,0.000113,0.000113,0.000077,0.000097,0.015200,0.012326,0.016044,0.009889,0.000300,0.016019,0.020805,0.016092,0.017069,0.018754,0.000013,0.005327,0.005461,0.000319,0.005529,0.005258,0.000409,0.000097,0.000026,0.000160,0.000119,0.000000,0.000014,0.000039,0.000257,0.000058,0.000165,0.000232,0.005335,0.000042,0.000000,0.000026,0.000000,0.000047,0.000039,0.000039,0.000039,0.000039
foreach_iteration,0.000000,0.000036,0.000433,0.000000,0.000475,0.000095,0.000000,0.000518,0.000474,0.024061,0.000039,0.000434,0.000000,0.000436,0.000095,0.000000,0.000437,0.000039,0.000039,0.000470,0.000032,0.024007,0.015139,0.000036,0.000000,0.015326,0.000000,0.000036,0.024310,1.005162,0.000000,0.000000,0.000000,0.000000,0.000000,0.000036,0.024250,0.000474,0.024281,0.000000,0.000433,0.000000,0.000036,0.000039,0.000000,0.000023,0.000477,0.000477,0.000471,0.000472,0.000095,0.000000,0.000027,0.000431,0.000000,0.000473,0.000023,0.000000,0.000059,0.000000,0.000036,0.000039,0.000000,0.000000,0.000027,0.000000,0.012867,0.000023,0.000000,0.000000,0.000000,0.000000,0.000036,0.000023,0.000036,0.024110,0.000032,0.000430,0.000032,0.000432,0.000000,0.000000,0.024252,0.000032,0.000095,0.000095,0.015301,0.000036,0.000439,0.000000,0.000000,0.000475,0.000000,0.000000,0.000032,0.000000,0.024248,0.012931,0.000242,0.000081,0.000198,0.000212,0.000557,0.000518,0.000588,0.000110,0.000080,0.000080,0.005125,0.000544,0.006141,0.000081,0.000084,0.000090,0.000084,0.000107,0.000060,0.000061,0.000275,0.000042,0.000086,0.000086,0.000074,0.000090,0.000069,0.000136,0.000042,0.000150,0.000129,0.000128,0.000185,0.000078,0.000078,0.000078,0.000114,0.000114,0.000078,0.000097,0.015240,0.012351,0.016085,0.009911,0.000303,0.016060,0.020860,0.016133,0.017111,0.018803,0.000013,0.005358,0.005481,0.000320,0.005548,0.005276,0.000411,0.000097,0.000026,0.000161,0.000120,0.000000,0.000014,0.000039,0.000259,0.000058,0.000165,0.000233,0.005353,0.000042,0.000000,0.000027,0.000000,0.000047,0.000039,0.000039,0.000039,0.000039
function,0.000062,0.000000,0.000222,0.000932,0.000581,0.000000,0.016332,0.000224,0.000583,0.000000,0.000079,0.009475,0.012141,0.000899,0.000000,0.015656,0.010042,0.000079,0.000079,0.000567,0.015946,0.000000,0.000000,0.000000,0.016527,0.000000,0.000062,0.000000,0.000000,0.000000,1.003099,0.000944,0.000062,0.016446,0.000947,0.000000,0.000000,0.000580,0.000000,0.017152,0.000224,0.017018,0.000000,0.000079,0.000062,0.000684,0.000594,0.000596,0.000573,0.000579,0.000000,0.000473,0.000142,0.000217,0.000926,0.000583,0.000095,0.015813,0.000095,0.001001,0.000000,0.000079,0.000939,0.000933,0.000142,0.024910,0.000223,0.000267,0.000926,0.000938,0.000933,0.000928,0.000000,0.000302,0.000419,0.000000,0.000890,0.000217,0.000877,0.000218,0.017221,0.000940,0.000000,0.000868,0.000000,0.000000,0.000000,0.000000,0.000226,0.000148,0.000942,0.000582,0.000928,0.000062,0.017410,0.015803,0.000000,0.000223,0.000254,0.000389,0.000320,0.000249,0.000322,0.000238,0.000253,0.000317,0.011548,0.011548,0.000171,0.000326,0.000341,0.000389,0.000254,0.000116,0.000254,0.000126,0.000204,0.000060,0.000101,0.006843,0.012090,0.012090,0.011814,0.006625,0.001079,0.000603,0.012125,0.008115,0.007901,0.006459,0.000751,0.006970,0.006843,0.006824,0.001073,0.001073,0.000942,0.000999,0.000228,0.000174,0.000129,0.000171,0.006951,0.000174,0.000082,0.000182,0.000171,0.000142,0.000094,0.000000,0.000192,0.000000,0.000185,0.000141,0.011238,0.001037,0.000970,0.000000,0.000000,0.000743,0.000458,0.000932,0.000144,0.006933,0.000186,0.006012,0.000145,0.000251,0.006059,0.000154,0.000215,0.000248,0.008002,0.008002,0.000809,0.000479
function_type,0.000000,0.000000,0.000125,0.015975,0.000100,0.000021,0.009158,0.000049,0.000100,0.000000,0.000000,0.000049,0.000000,0.006957,0.000021,0.008998,0.000050,0.000000,0.000000,0.000099,0.000602,0.000000,0.000000,0.000000,0.009238,0.000000,0.000000,0.000000,0.000000,0.000000,0.000560,1.003308,0.000000,0.009300,0.016126,0.000000,0.000000,0.000100,0.000000,0.000558,0.000126,0.009228,0.000000,0.000000,0.000000,0.000117,0.000101,0.000101,0.000100,0.000100,0.000021,0.000000,0.000102,0.000123,0.015805,0.000100,0.000121,0.000550,0.000107,0.000000,0.000000,0.000000,0.016023,0.016016,0.000105,0.000555,0.000050,0.009492,0.015879,0.015978,0.015941,0.015831,0.000000,0.009515,0.000000,0.000000,0.000054,0.000123,0.000054,0.000123,0.009173,0.016104,0.000000,0.000054,0.000021,0.000021,0.000000,0.000000,0.000128,0.009249,0.016123,0.000100,0.015837,0.000000,0.000628,0.000549,0.000000,0.000050,0.000199,0.000509,0.000210,0.000194,0.000109,0.000098,0.000098,0.000302,0.000758,0.000758,0.000113,0.000252,0.000051,0.000509,0.000251,0.000112,0.000251,0.000087,0.000098,0.000100,0.000070,0.008497,0.008747,0.008747,0.004314,0.004103,0.008446,0.000402,0.010849,0.005163,0.000677,0.000499,0.000481,0.010697,0.010641,0.010675,0.010592,0.010592,0.010531,0.008740,0.000029,0.000042,0.000012,0.000062,0.008567,0.000024,0.000000,0.000034,0.000205,0.000178,0.000114,0.000016,0.000029,0.000057,0.000024,0.000029,0.000109,0.008705,0.008296,0.000018,0.000018,0.000000,0.000000,0.000057,0.000040,0.010653,0.000102,0.000216,0.000010,0.000199,0.000341,0.000025,0.000193,0.000247,0.000308,0.000308,0.000129,0.000019
gc,0.033266,0.000125,0.000014,0.000000,0.000014,0.000000,0.000080,0.000014,0.000014,0.000000,0.000000,0.000014,0.000000,0.000014,0.000000,0.000080,0.000014,0.000000,0.000000,0.000014,0.000080,0.000000,0.000000,0.000125,0.000080,0.000000,0.033240,0.000125,0.000000,0.000000,0.000080,0.000000,1.006173,0.000080,0.000000,0.000125,0.000000,0.000014,0.000000,0.000080,0.000014,0.000080,0.000125,0.000000,0.033139,0.000508,0.000014,0.000014,0.000014,0.000014,0.000000,0.000000,0.020337,0.000014,0.000000,0.000014,0.000487,0.000080,0.000644,0.000000,0.000125,0.000000,0.000000,0.000000,0.020334,0.000080,0.000014,0.000509,0.000000,0.000000,0.000000,0.000000,0.000125,0.000515,0.000125,0.000000,0.000000,0.000014,0.000000,0.000014,0.000080,0.000000,0.000000,0.000000,0.000000,0.000000,0.000000,0.000125,0.000014,0.000000,0.000000,0.000014,0.000000,0.033292,0.000080,0.000080,0.000000,0.000014,0.001129,0.001322,0.007276,0.006464,0.000687,0.000792,0.000687,0.000737,0.000935,0.000935,0.000949,0.000890,0.000261,0.001322,0.007787,0.008725,0.007787,0.025997,0.008553,0.025877,0.013961,0.000256,0.000160,0.000160,0.000160,0.000084,0.001170,0.001084,0.000160,0.000346,0.000331,0.000194,0.000331,0.000160,0.000368,0.000071,0.000536,0.000536,0.000945,0.000594,0.000083,0.000000,0.000169,0.000038,0.000240,0.000054,0.000054,0.000000,0.000152,0.000060,0.022198,0.000450,0.000179,0.000187,0.000078,0.000084,0.000349,0.000362,0.000400,0.000280,0.000344,0.000000,0.000054,0.000000,0.000329,0.000084,0.000811,0.000054,0.000016,0.029068,0.022375,0.021968,0.029065,0.024249,0.000148,0.000148,0.000148,0.000078
generic,0.000033,0.000000,0.000048,0.008180,0.000236,0.000019,0.014461,0.000048,0.000236,0.000000,0.000042,0.000176,0.000198,0.006125,0.000019,0.014248,0.000184,0.000042,0.000042,0.000231,0.008788,0.000000,0.000000,0.000000,0.014580,0.000000,0.000033,0.000000,0.000000,0.000000,0.008795,0.008389,0.000033,1.002874,0.008394,0.000000,0.000000,0.000235,0.000000,0.008888,0.000048,0.014697,0.000000,0.000042,0.000033,0.001926,0.000242,0.000242,0.000233,0.000236,0.000019,0.000248,0.000094,0.000047,0.008050,0.000233,0.000087,0.008700,0.000070,0.000314,0.000000,0.000042,0.008241,0.008188,0.000095,0.009028,0.000048,0.000881,0.008065,0.008221,0.008138,0.008077,0.000000,0.000898,0.000220,0.000000,0.000253,0.000047,0.000249,0.000048,0.014635,0.008307,0.000000,0.000247,0.000019,0.000019,0.000000,0.000000,0.000048,0.000790,0.008349,0.000234,0.008077,0.000033,0.008909,0.008686,0.000000,0.000048,0.000166,0.000489,0.000187,0.000172,0.000101,0.000088,0.000090,0.000258,0.006503,0.006503,0.000097,0.000227,0.000179,0.000489,0.000226,0.000092,0.000226,0.000107,0.000084,0.000111,0.000112,0.009452,0.012402,0.012402,0.006914,0.004020,0.007505,0.000575,0.012509,0.004985,0.004609,0.003712,0.000685,0.009683,0.009566,0.009619,0.007630,0.007630,0.007554,0.007723,0.000052,0.000072,0.000011,0.000079,0.009503,0.000049,0.000017,0.000034,0.000224,0.000182,0.000147,0.000014,0.000046,0.000051,0.000042,0.000026,0.000288,0.007682,0.007321,0.000016,0.000016,0.000319,0.000240,0.000435,0.000082,0.009625,0.000166,0.003327,0.000055,0.000254,0.003424,0.000098,0.000239,0.000300,0.004422,0.004422,0.000491,0.000265
generic_constraint,0.000000,0.000000,0.000125,0.015936,0.000100,0.000021,0.009111,0.000049,0.000100,0.000000,0.000000,0.000049,0.000000,0.006950,0.000021,0.008990,0.000050,0.000000,0.000000,0.000099,0.000603,0.000000,0.000000,0.000000,0.009208,0.000000,0.000000,0.000000,0.000000,0.000000,0.000562,0.016129,0.000000,0.009308,1.003304,0.000000,0.000000,0.000100,0.000000,0.000559,0.000126,0.009468,0.000000,0.000000,0.000000,0.000117,0.000101,0.000101,0.000100,0.000100,0.000021,0.000000,0.000101,0.000123,0.015807,0.000100,0.000121,0.000551,0.000107,0.000000,0.000000,0.000000,0.015988,0.015932,0.000105,0.000557,0.000050,0.009453,0.015867,0.015949,0.015907,0.015805,0.000000,0.009526,0.000000,0.000000,0.000054,0.000122,0.000054,0.000123,0.009253,0.016128,0.000000,0.000054,0.000021,0.000021,0.000000,0.000000,0.000127,0.009217,0.016147,0.000100,0.015819,0.000000,0.000630,0.000551,0.000000,0.000050,0.000198,0.000509,0.000210,0.000194,0.000109,0.000097,0.000097,0.000301,0.000760,0.000760,0.000113,0.000252,0.000051,0.000509,0.000251,0.000111,0.000251,0.000087,0.000097,0.000100,0.000070,0.008499,0.008749,0.008749,0.004315,0.004103,0.008448,0.000402,0.010851,0.005164,0.000678,0.000500,0.000482,0.010699,0.010643,0.010676,0.010594,0.010594,0.010532,0.008742,0.000029,0.000042,0.000012,0.000062,0.008569,0.000024,0.000000,0.000034,0.000205,0.000178,0.000114,0.000016,0.000029,0.000057,0.000024,0.000029,0.000109,0.008706,0.008297,0.000018,0.000018,0.000000,0.000000,0.000057,0.000040,0.010654,0.000102,0.000217,0.000010,0.000199,0.000342,0.000025,0.000193,0.000247,0.000309,0.000309,0.000129,0.000019
global_state,0.000160,0.043960,0.000045,0.000000,0.000045,0.000000,0.000000,0.000045,0.000045,0.000066,0.000079,0.000045,0.000000,0.000045,0.000000,0.000000,0.000045,0.000079,0.000079,0.000045,0.000000,0.000066,0.000158,0.043830,0.000000,0.000158,0.000160,0.043688,0.000066,0.000066,0.000000,0.000000,0.000160,0.000000,0.000000,1.009485,0.000066,0.000045,0.000066,0.000245,0.000045,0.000000,0.043472,0.000079,0.000160,0.000411,0.000045,0.000045,0.000045,0.000045,0.000000,0.000243,0.000502,0.000045,0.000000,0.000045,0.000403,0.000245,0.027705,0.000244,0.043636,0.000079,0.000000,0.000000,0.000506,0.000000,0.000045,0.000428,0.000000,0.000000,0.000000,0.000000,0.043731,0.000437,0.026997,0.000066,0.000000,0.000045,0.000000,0.000045,0.000000,0.000000,0.000066,0.000000,0.000000,0.000000,0.000158,0.043699,0.000045,0.000000,0.000000,0.000045,0.000000,0.000160,0.000000,0.000246,0.000066,0.000045,0.009632,0.000699,0.000515,0.000660,0.000498,0.000624,0.000498,0.000468,0.000478,0.000478,0.009625,0.000500,0.000280,0.000699,0.009604,0.011369,0.009604,0.000370,0.000633,0.000395,0.010936,0.000088,0.000000,0.000000,0.000000,0.000000,0.000177,0.000171,0.000000,0.000000,0.000000,0.000065,0.000033,0.000000,0.000047,0.000000,0.000069,0.000069,0.000000,0.000184,0.000061,0.000000,0.000190,0.000000,0.000038,0.000063,0.000110,0.000023,0.000055,0.000150,0.000127,0.009126,0.000127,0.000213,0.000021,0.000068,0.000082,0.000000,0.000093,0.000167,0.000123,0.000238,0.000367,0.000238,0.009128,0.000000,0.000086,0.000115,0.000206,0.000175,0.000129,0.000224,0.000191,0.000125,0.000238,0.000238,0.000238,0.000402
goto_label,0.000000,0.000037,0.000431,0.000000,0.000473,0.000095,0.000000,0.000516,0.000472,0.024090,0.000039,0.000432,0.000000,0.000435,0.000095,0.000000,0.000436,0.000039,0.000039,0.000468,0.000032,0.024069,0.015279,0.000037,0.000000,0.015021,0.000000,0.000037,0.024584,0.024332,0.000000,0.000000,0.000000,0.000000,0.000000,0.000037,1.005143,0.000472,0.024299,0.000000,0.000432,0.000000,0.000037,0.000039,0.000000,0.000023,0.000475,0.000476,0.000470,0.000470,0.000095,0.000000,0.000028,0.000429,0.000000,0.000471,0.000023,0.000000,0.000059,0.000000,0.000037,0.000039,0.000000,0.000000,0.000028,0.000000,0.012618,0.000023,0.000000,0.000000,0.000000,0.000000,0.000037,0.000023,0.000037,0.024173,0.000032,0.000429,0.000032,0.000431,0.000000,0.000000,0.024158,0.000032,0.000095,0.000095,0.014961,0.000037,0.000437,0.000000,0.000000,0.000473,0.000000,0.000000,0.000032,0.000000,0.024162,0.012885,0.000242,0.000081,0.000198,0.000213,0.000558,0.000520,0.000590,0.000110,0.000080,0.000080,0.005138,0.000545,0.006157,0.000081,0.000084,0.000091,0.000084,0.000108,0.000060,0.000061,0.000276,0.000042,0.000086,0.000086,0.000074,0.000090,0.000069,0.000137,0.000042,0.000150,0.000130,0.000129,0.000185,0.000078,0.000078,0.000078,0.000114,0.000114,0.000078,0.000098,0.015281,0.012388,0.016129,0.009940,0.000303,0.016104,0.020916,0.016177,0.017158,0.018854,0.000013,0.005364,0.005493,0.000321,0.005561,0.005288,0.000412,0.000098,0.000026,0.000161,0.000120,0.000000,0.000014,0.000039,0.000259,0.000058,0.000166,0.000234,0.005366,0.000042,0.000000,0.000027,0.000000,0.000047,0.000039,0.000039,0.000039,0.000039
identifier,0.000007,0.000018,0.011134,0.000110,0.017648,0.000132,0.000288,0.010857,0.017632,0.000340,0.000052,0.010882,0.000414,0.010872,0.000132,0.000284,0.010918,0.000052,0.000052,0.017441,0.007472,0.000339,0.000127,0.000018,0.000290,0.000127,0.000007,0.000018,0.000342,0.000346,0.000382,0.000111,0.000007,0.000290,0.000111,0.000018,0.000344,1.003612,0.000342,0.000241,0.011046,0.000290,0.000018,0.000052,0.000007,0.000328,0.017813,0.017799,0.017665,0.017715,0.000133,0.000000,0.000060,0.010991,0.000109,0.017640,0.000045,0.000236,0.000063,0.000274,0.000018,0.000052,0.000111,0.000111,0.000060,0.000378,0.011102,0.000102,0.000110,0.000111,0.000111,0.000110,0.000018,0.000116,0.000018,0.000341,0.007331,0.010935,0.007239,0.011042,0.000292,0.000112,0.000342,0.007086,0.000136,0.000132,0.000127,0.000018,0.011276,0.000454,0.000111,0.017589,0.000109,0.000007,0.007422,0.000236,0.000342,0.011000,0.003199,0.000237,0.003125,0.000194,0.003728,0.000229,0.000246,0.000099,0.000305,0.000305,0.000280,0.000217,0.008358,0.000237,0.000131,0.000108,0.000131,0.000109,0.000101,0.000095,0.000117,0.000286,0.000405,0.000405,0.007178,0.007069,0.000311,0.008377,0.000360,0.007103,0.008740,0.007132,0.008649,0.000297,0.000257,0.000336,0.000223,0.000223,0.000239,0.000298,0.005664,0.000394,0.003953,0.000271,0.003839,0.003884,0.000412,0.003934,0.000396,0.003435,0.000083,0.000101,0.005598,0.000274,0.003337,0.003342,0.000375,0.000242,0.000112,0.000198,0.000130,0.000125,0.000018,0.000167,0.003182,0.000316,0.000208,0.000172,0.003266,0.000126,0.000138,0.000012,0.000083,0.000141,0.000130,0.000130,0.000048,0.000033
if,0.000000,0.000036,0.000426,0.000000,0.000467,0.000095,0.000000,0.000510,0.000467,0.024197,0.000039,0.000427,0.000000,0.000429,0.000095,0.000000,0.000430,0.000039,0.000039,0.000463,0.000032,0.023940,0.014755,0.000036,0.000000,0.014800,0.000000,0.000036,0.024899,0.024175,0.000000,0.000000,0.000000,0.000000,0.000000,0.000036,0.024111,0.000467,1.005218,0.000000,0.000426,0.000000,0.000036,0.000039,0.000000,0.000023,0.000470,0.000470,0.000464,0.000465,0.000095,0.000000,0.000027,0.000424,0.000000,0.000465,0.000023,0.000000,0.000059,0.000000,0.000036,0.000039,0.000000,0.000000,0.000027,0.000000,0.012580,0.000023,0.000000,0.000000,0.000000,0.000000,0.000036,0.000023,0.000036,0.024077,0.000032,0.000424,0.000032,0.000425,0.000000,0.000000,0.025488,0.000032,0.000095,0.000095,0.014776,0.000036,0.000431,0.000000,0.000000,0.000467,0.000000,0.000000,0.000032,0.000000,0.025362,0.012574,0.000240,0.000081,0.000196,0.000212,0.000553,0.000516,0.000586,0.000109,0.000079,0.000079,0.005108,0.000541,0.006121,0.000081,0.000083,0.000090,0.000083,0.000107,0.000059,0.000061,0.000274,0.000042,0.000086,0.000086,0.000073,0.000090,0.000069,0.000136,0.000042,0.000149,0.000129,0.000128,0.000184,0.000077,0.000077,0.000077,0.000113,0.000113,0.000077,0.000097,0.015199,0.012326,0.016043,0.009889,0.000300,0.016018,0.020804,0.016091,0.017068,0.018753,0.000013,0.005324,0.005460,0.000319,0.005528,0.005257,0.000409,0.000097,0.000026,0.000160,0.000119,0.000000,0.000014,0.000038,0.000257,0.000058,0.000165,0.000232,0.005334,0.000042,0.000000,0.000026,0.000000,0.000047,0.000038,0.000038,0.000038,0.000038
import,0.000053,0.000129,0.000009,0.000783,0.000309,0.000000,0.013969,0.000009,0.000310,0.000000,0.000587,0.000215,0.000657,0.000577,0.000000,0.013456,0.000227,0.000591,0.000590,0.000303,0.013634,0.000000,0.000000,0.000128,0.014129,0.000000,0.000053,0.000127,0.000000,0.000000,0.014473,0.000794,0.000053,0.014025,0.000796,0.000126,0.000000,0.000309,0.000000,1.003661,0.000009,0.014252,0.000126,0.000597,0.000053,0.000545,0.000318,0.000320,0.000306,0.000311,0.000000,0.009838,0.000120,0.000009,0.000778,0.000305,0.000080,0.021982,0.000209,0.011189,0.000126,0.000590,0.000790,0.000785,0.000120,0.013639,0.000009,0.000225,0.000779,0.000788,0.000784,0.000780,0.000126,0.000254,0.008810,0.000000,0.000746,0.000009,0.000740,0.000009,0.014485,0.000790,0.000000,0.000732,0.000000,0.000000,0.000000,0.000127,0.000009,0.000125,0.000792,0.000307,0.000780,0.000053,0.014520,0.021919,0.000000,0.000009,0.000145,0.000276,0.000133,0.000131,0.000108,0.000105,0.000108,0.000206,0.009835,0.009835,0.000145,0.000177,0.000286,0.000276,0.000210,0.000147,0.000210,0.000066,0.000106,0.000050,0.000265,0.006009,0.010458,0.010458,0.010226,0.005795,0.000907,0.000506,0.010489,0.006999,0.006707,0.005758,0.000631,0.006013,0.005752,0.005894,0.000849,0.000849,0.000792,0.000840,0.000044,0.000289,0.000000,0.000063,0.005796,0.000046,0.000027,0.000021,0.000144,0.000070,0.000079,0.000042,0.000034,0.000000,0.000037,0.000000,0.000388,0.000823,0.000764,0.000000,0.000000,0.011082,0.009040,0.011544,0.000211,0.006055,0.000275,0.005200,0.000116,0.000170,0.005246,0.000230,0.000139,0.000209,0.015651,0.015651,0.011590,0.008990
index,0.000010,0.000025,0.023376,0.000193,0.015324,0.000183,0.000080,0.015065,0.015429,0.000427,0.000071,0.015226,0.000195,0.014795,0.000184,0.000079,0.014742,0.000071,0.000071,0.015053,0.000700,0.000426,0.000136,0.000025,0.000081,0.000136,0.000010,0.000025,0.000430,0.000435,0.000203,0.000192,0.000010,0.000081,0.000192,0.000025,0.000432,0.015177,0.000430,0.000009,1.003843,0.000080,0.000025,0.000071,0.000010,0.000073,0.015288,0.015293,0.015084,0.015126,0.000184,0.000000,0.000082,0.022836,0.000188,0.016132,0.000062,0.000009,0.000087,0.000000,0.000025,0.000071,0.000191,0.000191,0.000082,0.000204,0.014865,0.000181,0.000190,0.000191,0.000191,0.000188,0.000025,0.000179,0.000025,0.000428,0.000676,0.022736,0.000666,0.022805,0.000080,0.000192,0.000429,0.000656,0.000189,0.000184,0.000136,0.000025,0.023044,0.008741,0.000192,0.015774,0.000188,0.000010,0.000696,0.000009,0.000429,0.014947,0.004274,0.000135,0.004249,0.000234,0.005027,0.000276,0.000294,0.000104,0.000096,0.000096,0.000285,0.000207,0.001017,0.000135,0.000096,0.000105,0.000096,0.000079,0.000139,0.000049,0.000129,0.000081,0.000109,0.000109,0.000713,0.000711,0.000122,0.000833,0.000128,0.000736,0.000838,0.000667,0.000854,0.000145,0.000130,0.000144,0.000169,0.000169,0.000144,0.000131,0.007667,0.000431,0.005309,0.000370,0.004933,0.005242,0.000524,0.005293,0.000365,0.004542,0.000011,0.000062,0.007580,0.000301,0.004504,0.004490,0.000395,0.000104,0.000103,0.000240,0.000180,0.000000,0.000025,0.000000,0.004208,0.000126,0.000100,0.000157,0.004378,0.000011,0.000010,0.000000,0.000010,0.000000,0.000000,0.000000,0.000000,0.000015
interface_trait,0.000034,0.000000,0.000048,0.008154,0.000237,0.000019,0.014529,0.000048,0.000237,0.000000,0.000042,0.000177,0.000171,0.006125,0.000019,0.014258,0.000185,0.000042,0.000042,0.000232,0.008747,0.000000,0.000000,0.000000,0.014627,0.000000,0.000034,0.000000,0.000000,0.000000,0.009147,0.008366,0.000034,0.014771,0.008582,0.000000,0.000000,0.000237,0.000000,0.009078,0.000048,1.002886,0.000000,0.000042,0.000034,0.000111,0.000243,0.000244,0.000234,0.000237,0.000019,0.000250,0.000077,0.000047,0.008084,0.000234,0.000070,0.008749,0.000051,0.000289,0.000000,0.000042,0.008225,0.008204,0.000077,0.008818,0.000048,0.000865,0.008089,0.008236,0.008157,0.008096,0.000000,0.000882,0.000222,0.000000,0.000227,0.000047,0.000224,0.000048,0.014936,0.008282,0.000000,0.000222,0.000019,0.000019,0.000000,0.000000,0.000048,0.000792,0.008335,0.000236,0.008093,0.000034,0.009084,0.008751,0.000000,0.000048,0.000149,0.000474,0.000167,0.000152,0.000079,0.000067,0.000069,0.000237,0.006516,0.006516,0.000080,0.000206,0.000180,0.000474,0.000210,0.000075,0.000210,0.000108,0.000067,0.000112,0.000112,0.009499,0.012465,0.012465,0.006951,0.004041,0.007542,0.000578,0.012573,0.005011,0.004634,0.003732,0.000689,0.009731,0.009614,0.009667,0.007667,0.007667,0.007591,0.007761,0.000053,0.000073,0.000011,0.000079,0.009550,0.000049,0.000017,0.000034,0.000225,0.000183,0.000147,0.000014,0.000046,0.000051,0.000042,0.000026,0.000282,0.007720,0.007357,0.000016,0.000016,0.000312,0.000243,0.000425,0.000082,0.009673,0.000167,0.003345,0.000055,0.000256,0.003442,0.000098,0.000240,0.000302,0.004447,0.004447,0.000495,0.000268
io,0.000160,0.043832,0.000045,0.000000,0.000045,0.000000,0.000000,0.000045,0.000045,0.000067,0.000080,0.000045,0.000000,0.000045,0.000000,0.000000,0.000045,0.000080,0.000080,0.000045,0.000000,0.000067,0.000158,0.043542,0.000000,0.000158,0.000160,0.043933,0.000067,0.000067,0.000000,0.000000,0.000160,0.000000,0.000000,0.043574,0.000067,0.000045,0.000067,0.000246,0.000045,0.000000,1.009455,0.000080,0.000160,0.000410,0.000045,0.000045,0.000045,0.000045,0.000000,0.000244,0.000502,0.000045,0.000000,0.000045,0.000403,0.000246,0.027578,0.000245,0.043733,0.000080,0.000000,0.000000,0.000506,0.000000,0.000045,0.000428,0.000000,0.000000,0.000000,0.000000,0.043795,0.000436,0.027053,0.000067,0.000000,0.000045,0.000000,0.000045,0.000000,0.000000,0.000067,0.000000,0.000000,0.000000,0.000158,0.043553,0.000045,0.000000,0.000000,0.000045,0.000000,0.000160,0.000000,0.000246,0.000067,0.000045,0.009648,0.000698,0.000515,0.000660,0.000497,0.000624,0.000497,0.000468,0.000478,0.000478,0.009640,0.000500,0.000281,0.000698,0.009620,0.011387,0.009620,0.000371,0.000633,0.000396,0.010955,0.000088,0.000000,0.000000,0.000000,0.000000,0.000178,0.000171,0.000000,0.000000,0.000000,0.000065,0.000033,0.000000,0.000047,0.000000,0.000069,0.000069,0.000000,0.000184,0.000061,0.000000,0.000190,0.000000,0.000038,0.000063,0.000110,0.000023,0.000055,0.000151,0.000128,0.009142,0.000127,0.000214,0.000021,0.000068,0.000082,0.000000,0.000093,0.000167,0.000123,0.000239,0.000368,0.000239,0.009143,0.000000,0.000086,0.000115,0.000207,0.000176,0.000129,0.000225,0.000192,0.000125,0.000239,0.000239,0.000239,0.000403
ir,0.000000,0.000097,0.000159,0.000000,0.000159,0.000000,0.000159,0.000159,0.000159,0.000088,0.051652,0.000159,0.000083,0.000159,0.000000,0.000159,0.000159,0.052613,0.052336,0.000159,0.000159,0.000088,0.000088,0.000097,0.000159,0.000088,0.000000,0.000097,0.000088,0.000088,0.000159,0.000000,0.000000,0.000159,0.000000,0.000097,0.000088,0.000159,0.000088,0.001426,0.000159,0.000159,0.000097,1.010262,0.000000,0.000083,0.000159,0.000159,0.000159,0.000159,0.000000,0.033799,0.000000,0.000159,0.000000,0.000159,0.000000,0.001414,0.000097,0.001239,0.000097,0.052559,0.000000,0.000000,0.000000,0.000159,0.000159,0.000000,0.000000,0.000000,0.000000,0.000000,0.000097,0.000000,0.001372,0.000088,0.000083,0.000159,0.000083,0.000159,0.000159,0.000000,0.000088,0.000083,0.000000,0.000000,0.000088,0.000097,0.000159,0.000000,0.000000,0.000159,0.000000,0.000000,0.000159,0.001409,0.000088,0.000159,0.000245,0.000083,0.000000,0.000177,0.000119,0.000110,0.000119,0.000000,0.000159,0.000159,0.000292,0.000170,0.000292,0.000083,0.000000,0.000083,0.000000,0.000257,0.000000,0.000122,0.000580,0.000233,0.000230,0.000230,0.000230,0.000330,0.000358,0.000388,0.000230,0.000071,0.000152,0.000513,0.000378,0.000230,0.000000,0.000000,0.000000,0.000000,0.000305,0.000097,0.000325,0.000402,0.000371,0.000000,0.000369,0.000294,0.000237,0.000176,0.000295,0.000180,0.000420,0.000180,0.000372,0.000193,0.000560,0.000157,0.000000,0.000000,0.000000,0.000097,0.000000,0.013799,0.024723,0.001728,0.025809,0.000330,0.033531,0.026190,0.025819,0.000305,0.000292,0.000064,0.000274,0.000341,0.001916,0.001916,0.016887,0.016912
layout_alignment,0.034005,0.000124,0.000014,0.000000,0.000014,0.000000,0.000080,0.000014,0.000014,0.000000,0.000000,0.000014,0.000000,0.000014,0.000000,0.000080,0.000014,0.000000,0.000000,0.000014,0.000080,0.000000,0.000000,0.000124,0.000080,0.000000,0.033560,0.000124,0.000000,0.000000,0.000080,0.000000,0.032819,0.000080,0.000000,0.000124,0.000000,0.000014,0.000000,0.000080,0.000014,0.000080,0.000124,0.000000,1.006275,0.000511,0.000014,0.000014,0.000014,0.000014,0.000000,0.000000,0.020751,0.000014,0.000000,0.000014,0.000490,0.000080,0.000646,0.000000,0.000124,0.000000,0.000000,0.000000,0.020583,0.000080,0.000014,0.000512,0.000000,0.000000,0.000000,0.000000,0.000124,0.000518,0.000124,0.000000,0.000000,0.000014,0.000000,0.000014,0.000080,0.000000,0.000000,0.000000,0.000000,0.000000,0.000000,0.000124,0.000014,0.000000,0.000000,0.000014,0.000000,0.033800,0.000080,0.000080,0.000000,0.000014,0.001127,0.001318,0.007231,0.006424,0.000690,0.000793,0.000690,0.000740,0.000936,0.000936,0.000949,0.000891,0.000259,0.001318,0.007737,0.008670,0.007737,0.025807,0.008500,0.025688,0.013855,0.000253,0.000159,0.000159,0.000159,0.000083,0.001159,0.001074,0.000159,0.000343,0.000328,0.000193,0.000328,0.000159,0.000365,0.000070,0.000531,0.000531,0.000936,0.000588,0.000082,0.000000,0.000167,0.000038,0.000238,0.000053,0.000053,0.000000,0.000150,0.000060,0.022033,0.000446,0.000177,0.000185,0.000078,0.000083,0.000345,0.000359,0.000397,0.000277,0.000341,0.000000,0.000053,0.000000,0.000326,0.000083,0.000803,0.000053,0.000016,0.028856,0.022209,0.021806,0.028853,0.024070,0.000146,0.000146,0.000146,0.000077
lifetime,0.000458,0.000291,0.000092,0.000225,0.000567,0.000157,0.000234,0.000092,0.000564,0.000029,0.000047,0.000539,0.016639,0.000110,0.000153,0.000231,0.000569,0.000047,0.000047,0.000556,0.000835,0.000029,0.000029,0.000286,0.000235,0.000029,0.000458,0.000285,0.000029,0.000029,0.000781,0.000226,0.000451,0.004113,0.000226,0.000286,0.000029,0.000569,0.000029,0.000737,0.000092,0.000236,0.000285,0.000047,0.000458,1.003638,0.000573,0.000574,0.000563,0.000563,0.000155,0.000482,0.012201,0.000092,0.000219,0.000562,0.011438,0.000741,0.012380,0.016597,0.000285,0.000047,0.000224,0.000224,0.012490,0.004699,0.000092,0.012116,0.000220,0.000224,0.000222,0.000220,0.000286,0.012577,0.000689,0.000029,0.017099,0.000092,0.016755,0.000092,0.000235,0.000225,0.000029,0.016424,0.000155,0.000157,0.000029,0.000285,0.000092,0.000199,0.000227,0.000562,0.000220,0.000458,0.000865,0.000738,0.000029,0.000092,0.012390,0.012335,0.014522,0.014243,0.014721,0.014482,0.014757,0.015025,0.014597,0.014597,0.012253,0.014779,0.000960,0.012335,0.012382,0.012160,0.012382,0.000587,0.012330,0.000676,0.000308,0.000273,0.000338,0.000338,0.000950,0.000664,0.000270,0.000659,0.000386,0.000763,0.000860,0.000919,0.000640,0.000271,0.000732,0.000360,0.000731,0.000731,0.000173,0.000331,0.000387,0.000195,0.000312,0.000549,0.000336,0.000258,0.000258,0.000289,0.000116,0.000136,0.000211,0.000253,0.000280,0.000210,0.000261,0.000667,0.006631,0.000160,0.000638,0.000183,0.000226,0.006914,0.000490,0.008493,0.000243,0.000217,0.000039,0.000103,0.000284,0.000693,0.000250,0.000178,0.000673,0.000176,0.000770,0.000770,0.000534,0.000486
literal_boolean,0.000007,0.000018,0.010992,0.000110,0.017675,0.000131,0.000293,0.010822,0.017719,0.000340,0.000051,0.010851,0.000415,0.010984,0.000131,0.000289,0.011084,0.000051,0.000051,0.017331,0.007616,0.000339,0.000126,0.000018,0.000296,0.000126,0.000007,0.000018,0.000342,0.000346,0.000388,0.000111,0.000007,0.000295,0.000111,0.000018,0.000343,0.017671,0.000342,0.000247,0.011038,0.000295,0.000018,0.000051,0.000007,0.000328,1.003642,0.018238,0.017478,0.017542,0.000132,0.000000,0.000059,0.010932,0.000109,0.017524,0.000045,0.000241,0.000063,0.000275,0.000018,0.000051,0.000111,0.000111,0.000059,0.000384,0.011226,0.000101,0.000110,0.000111,0.000111,0.000110,0.000018,0.000116,0.000018,0.000340,0.007384,0.010889,0.007202,0.010985,0.000297,0.000112,0.000342,0.007083,0.000135,0.000131,0.000126,0.000018,0.011382,0.000452,0.000111,0.017597,0.000109,0.000007,0.007904,0.000240,0.000341,0.011058,0.003178,0.000235,0.003105,0.000193,0.003704,0.000227,0.000244,0.000099,0.000307,0.000307,0.000278,0.000215,0.008304,0.000235,0.000130,0.000107,0.000130,0.000108,0.000100,0.000095,0.000116,0.000288,0.000407,0.000407,0.007137,0.007027,0.000309,0.008323,0.000363,0.007061,0.008687,0.007090,0.008594,0.000298,0.000259,0.000336,0.000223,0.000223,0.000238,0.000296,0.005629,0.000393,0.003929,0.000271,0.003817,0.003860,0.000411,0.003911,0.000395,0.003414,0.000083,0.000101,0.005563,0.000272,0.003316,0.003321,0.000375,0.000241,0.000112,0.000196,0.000129,0.000125,0.000018,0.000167,0.003162,0.000317,0.000207,0.000173,0.003245,0.000125,0.000140,0.000012,0.000082,0.000140,0.000132,0.000132,0.000047,0.000032
literal_null,0.000007,0.000018,0.010996,0.000110,0.017626,0.000131,0.000294,0.010813,0.017692,0.000340,0.000051,0.010861,0.000416,0.010987,0.000131,0.000289,0.011112,0.000051,0.000051,0.017332,0.007661,0.000339,0.000126,0.000018,0.000296,0.000126,0.000007,0.000018,0.000342,0.000346,0.000389,0.000111,0.000007,0.000296,0.000111,0.000018,0.000343,0.017644,0.000342,0.000247,0.011033,0.000296,0.000018,0.000051,0.000007,0.000328,0.018223,1.003645,0.017462,0.017573,0.000132,0.000000,0.000059,0.010935,0.000109,0.017518,0.000045,0.000241,0.000063,0.000275,0.000018,0.000051,0.000110,0.000111,0.000059,0.000385,0.011225,0.000101,0.000109,0.000111,0.000111,0.000109,0.000018,0.000116,0.000018,0.000340,0.007438,0.010882,0.007199,0.010972,0.000298,0.000111,0.000342,0.007070,0.000135,0.000131,0.000126,0.000018,0.011414,0.000452,0.000111,0.017579,0.000109,0.000007,0.007941,0.000241,0.000341,0.011075,0.003176,0.000235,0.003103,0.000192,0.003702,0.000227,0.000243,0.000099,0.000308,0.000308,0.000277,0.000215,0.008298,0.000235,0.000130,0.000107,0.000130,0.000108,0.000100,0.000095,0.000116,0.000288,0.000408,0.000408,0.007133,0.007022,0.000309,0.008318,0.000363,0.007057,0.008682,0.007086,0.008588,0.000298,0.000259,0.000337,0.000222,0.000222,0.000238,0.000296,0.005626,0.000393,0.003927,0.000271,0.003815,0.003858,0.000411,0.003908,0.000394,0.003412,0.000082,0.000101,0.005559,0.000272,0.003314,0.003318,0.000376,0.000240,0.000112,0.000196,0.000129,0.000126,0.000018,0.000167,0.003160,0.000317,0.000206,0.000174,0.003243,0.000125,0.000140,0.000012,0.000082,0.000140,0.000132,0.000132,0.000047,0.000032
literal_numeric,0.000007,0.000018,0.011244,0.000110,0.017687,0.000133,0.000286,0.010900,0.017713,0.000340,0.000052,0.010857,0.000411,0.010880,0.000133,0.000282,0.010851,0.000052,0.000052,0.017494,0.007395,0.000339,0.000128,0.000018,0.000289,0.000128,0.000007,0.000018,0.000342,0.000345,0.000379,0.000111,0.000007,0.000288,0.000111,0.000018,0.000343,0.017734,0.000342,0.000240,0.011020,0.000288,0.000018,0.000052,0.000007,0.000326,0.017686,0.017684,1.003598,0.017815,0.000133,0.000000,0.000060,0.010978,0.000110,0.017698,0.000045,0.000234,0.000063,0.000272,0.000018,0.000052,0.000111,0.000111,0.000060,0.000375,0.010976,0.000102,0.000110,0.000111,0.000111,0.000110,0.000018,0.000116,0.000018,0.000340,0.007200,0.010968,0.007223,0.011167,0.000290,0.000112,0.000342,0.007076,0.000137,0.000133,0.000128,0.000018,0.011148,0.000455,0.000111,0.017622,0.000110,0.000007,0.007254,0.000234,0.000341,0.010952,0.003209,0.000238,0.003135,0.000195,0.003739,0.000230,0.000247,0.000100,0.000304,0.000304,0.000281,0.000218,0.008384,0.000238,0.000131,0.000108,0.000131,0.000109,0.000102,0.000096,0.000117,0.000286,0.000404,0.000404,0.007197,0.007089,0.000312,0.008402,0.000359,0.007123,0.008766,0.007152,0.008675,0.000297,0.000257,0.000336,0.000224,0.000224,0.000239,0.000299,0.005680,0.000394,0.003964,0.000270,0.003850,0.003894,0.000412,0.003945,0.000396,0.003444,0.000084,0.000102,0.005616,0.000275,0.003348,0.003352,0.000374,0.000242,0.000112,0.000198,0.000130,0.000125,0.000018,0.000166,0.003192,0.000316,0.000209,0.000172,0.003276,0.000127,0.000138,0.000012,0.000083,0.000142,0.000129,0.000129,0.000048,0.000033
literal_string,0.000007,0.000018,0.011107,0.000110,0.017614,0.000132,0.000290,0.010836,0.017669,0.000340,0.000052,0.010833,0.000410,0.010863,0.000132,0.000286,0.010840,0.000052,0.000052,0.017478,0.007744,0.000339,0.000127,0.000018,0.000292,0.000127,0.000007,0.000018,0.000342,0.000345,0.000383,0.000111,0.000007,0.000292,0.000111,0.000018,0.000343,0.017764,0.000342,0.000243,0.011039,0.000292,0.000018,0.000052,0.000007,0.000326,0.017733,0.017777,0.017797,1.003599,0.000133,0.000000,0.000060,0.010964,0.000109,0.017628,0.000045,0.000238,0.000063,0.000272,0.000018,0.000052,0.000111,0.000111,0.000060,0.000379,0.011013,0.000102,0.000110,0.000111,0.000111,0.000110,0.000018,0.000116,0.000018,0.000340,0.007215,0.010954,0.007171,0.011081,0.000293,0.000112,0.000341,0.007118,0.000136,0.000132,0.000127,0.000018,0.011156,0.000454,0.000111,0.017624,0.000110,0.000007,0.007322,0.000238,0.000341,0.010924,0.003205,0.000237,0.003131,0.000195,0.003735,0.000230,0.000246,0.000100,0.000307,0.000307,0.000281,0.000217,0.008378,0.000237,0.000131,0.000108,0.000131,0.000109,0.000102,0.000096,0.000117,0.000288,0.000407,0.000407,0.007196,0.007087,0.000311,0.008397,0.000362,0.007121,0.008762,0.007150,0.008670,0.000298,0.000258,0.000337,0.000224,0.000224,0.000239,0.000298,0.005674,0.000394,0.003960,0.000270,0.003847,0.003890,0.000412,0.003941,0.000396,0.003441,0.000083,0.000102,0.005609,0.000275,0.003344,0.003348,0.000373,0.000242,0.000112,0.000198,0.000130,0.000125,0.000018,0.000166,0.003189,0.000317,0.000209,0.000173,0.003272,0.000127,0.000139,0.000012,0.000083,0.000142,0.000131,0.000131,0.000048,0.000033
lock_mutex,0.000000,0.000000,0.000379,0.000065,0.000379,0.048992,0.000065,0.020765,0.000379,0.000198,0.000000,0.000382,0.000000,0.000430,0.048504,0.000065,0.000379,0.000000,0.000000,0.000375,0.000000,0.000198,0.000198,0.000000,0.000065,0.000198,0.000000,0.000000,0.000198,0.000198,0.000000,0.000065,0.000000,0.000065,0.000065,0.000000,0.000198,0.000377,0.000198,0.000000,0.000382,0.000065,0.000000,0.000000,0.000000,0.000255,0.000378,0.000378,0.000378,0.000377,1.009570,0.000000,0.000256,0.000375,0.000065,0.000383,0.029179,0.000000,0.000261,0.000000,0.000000,0.000000,0.000065,0.000065,0.000257,0.000000,0.000378,0.000260,0.000065,0.000065,0.000065,0.000065,0.000000,0.000257,0.000000,0.000198,0.000000,0.000375,0.000000,0.000376,0.000065,0.000065,0.000198,0.000000,0.048598,0.049482,0.000198,0.000000,0.000379,0.000000,0.000065,0.000382,0.000065,0.000000,0.000000,0.000000,0.000198,0.000379,0.000953,0.000470,0.000485,0.000611,0.000632,0.000705,0.000577,0.000283,0.000292,0.000292,0.000918,0.000471,0.000688,0.000470,0.000506,0.000507,0.000506,0.000320,0.000605,0.000675,0.000478,0.000070,0.000070,0.000070,0.000000,0.000000,0.000201,0.000132,0.000070,0.000000,0.000022,0.000000,0.000022,0.000070,0.000096,0.000070,0.000096,0.000096,0.000070,0.000285,0.000459,0.000246,0.000480,0.000000,0.000244,0.000347,0.000292,0.000536,0.000193,0.000535,0.000279,0.000660,0.024985,0.025479,0.020559,0.024769,0.000271,0.000193,0.011856,0.037561,0.037354,0.000000,0.000000,0.000000,0.000482,0.000069,0.000069,0.000128,0.000550,0.000033,0.000000,0.000000,0.000240,0.000000,0.000000,0.000000,0.000000,0.000000
macro,0.000000,0.000250,0.000000,0.000000,0.000000,0.000000,0.000765,0.000000,0.000000,0.000000,0.026390,0.000000,0.000696,0.000000,0.000000,0.000749,0.000000,0.026942,0.026810,0.000000,0.000763,0.000000,0.000000,0.000248,0.000771,0.000000,0.000000,0.000246,0.000000,0.000000,0.000780,0.000000,0.000000,0.000765,0.000000,0.000245,0.000000,0.000000,0.000000,0.019253,0.000000,0.000769,0.000245,0.027698,0.000000,0.000697,0.000000,0.000000,0.000000,0.000000,0.000000,1.006963,0.000000,0.000000,0.000000,0.000000,0.000000,0.018826,0.000249,0.017719,0.000245,0.026794,0.000000,0.000000,0.000000,0.000766,0.000000,0.000000,0.000000,0.000000,0.000000,0.000000,0.000245,0.000000,0.017157,0.000000,0.000699,0.000000,0.000697,0.000000,0.000774,0.000000,0.000000,0.000689,0.000000,0.000000,0.000000,0.000246,0.000000,0.000000,0.000000,0.000000,0.000000,0.000000,0.000778,0.018657,0.000000,0.000000,0.000081,0.000000,0.000000,0.000000,0.000000,0.000000,0.000000,0.000000,0.000608,0.000608,0.000081,0.000052,0.000000,0.000000,0.000081,0.000097,0.000081,0.000049,0.000000,0.000000,0.000577,0.000780,0.000843,0.000843,0.000843,0.000713,0.000084,0.000094,0.000843,0.000536,0.000294,0.000987,0.000086,0.000455,0.000198,0.000434,0.000000,0.000000,0.000094,0.000000,0.000000,0.000568,0.000000,0.000000,0.000250,0.000000,0.000000,0.000000,0.000066,0.000000,0.000129,0.000081,0.000000,0.000000,0.000062,0.000000,0.000108,0.000000,0.000000,0.000000,0.000000,0.027607,0.035345,0.022346,0.002840,0.000713,0.011635,0.002894,0.002579,0.000094,0.000526,0.000257,0.000084,0.000105,0.022667,0.022667,0.029983,0.029364
manual_memory,0.014761,0.000282,0.000083,0.000156,0.000083,0.000126,0.000130,0.000083,0.000083,0.000028,0.000000,0.000083,0.000121,0.000083,0.000123,0.000130,0.000083,0.000000,0.000000,0.000083,0.000130,0.000028,0.000028,0.000279,0.000130,0.000028,0.014760,0.000278,0.000028,0.000028,0.000130,0.000156,0.014422,0.000161,0.000156,0.000279,0.000028,0.000083,0.000028,0.000130,0.000083,0.000130,0.000278,0.000000,0.014859,0.009746,0.000083,0.000083,0.000083,0.000083,0.000125,0.000000,1.003669,0.000083,0.000152,0.000083,0.009463,0.000130,0.010067,0.000118,0.000278,0.000000,0.000155,0.000155,0.023154,0.000161,0.000083,0.009917,0.000153,0.000155,0.000154,0.000152,0.000279,0.009919,0.000279,0.000028,0.000120,0.000083,0.000118,0.000083,0.000130,0.000156,0.000028,0.000115,0.000124,0.000126,0.000028,0.000278,0.000083,0.000154,0.000157,0.000083,0.000152,0.014834,0.000150,0.000130,0.000028,0.000083,0.012084,0.012393,0.014696,0.014095,0.012125,0.011994,0.012153,0.012396,0.012076,0.012076,0.011918,0.012254,0.000532,0.012393,0.014827,0.015396,0.014827,0.009559,0.015451,0.009643,0.001500,0.000260,0.000238,0.000238,0.000260,0.000155,0.000588,0.000530,0.000260,0.000308,0.000301,0.000260,0.000267,0.000221,0.000686,0.000251,0.000778,0.000778,0.000441,0.000484,0.000299,0.000100,0.000278,0.000418,0.000285,0.000192,0.000192,0.000203,0.000144,0.000126,0.006719,0.000360,0.000252,0.000237,0.000203,0.000564,0.000895,0.000228,0.000658,0.000232,0.000326,0.000046,0.000000,0.000058,0.000305,0.000155,0.000289,0.000058,0.000246,0.011637,0.006746,0.006594,0.011626,0.007993,0.000109,0.000109,0.000039,0.000000
map_dict,0.000010,0.000025,0.023056,0.000191,0.015257,0.000183,0.000080,0.014739,0.015270,0.000431,0.000072,0.014737,0.000192,0.014802,0.000183,0.000080,0.014783,0.000072,0.000072,0.015549,0.000698,0.000430,0.000138,0.000025,0.000082,0.000138,0.000010,0.000025,0.000434,0.000439,0.000199,0.000190,0.000010,0.000081,0.000190,0.000025,0.000435,0.015312,0.000433,0.000010,0.023154,0.000081,0.000025,0.000072,0.000010,0.000074,0.015353,0.015369,0.015235,0.015232,0.000183,0.000000,0.000083,1.003785,0.000186,0.015283,0.000063,0.000010,0.000088,0.000000,0.000025,0.000072,0.000189,0.000189,0.000083,0.000201,0.014895,0.000180,0.000188,0.000190,0.000189,0.000187,0.000025,0.000178,0.000025,0.000431,0.000673,0.022996,0.000663,0.023093,0.000081,0.000191,0.000433,0.000653,0.000188,0.000183,0.000138,0.000025,0.023180,0.008604,0.000190,0.015280,0.000186,0.000010,0.000694,0.000010,0.000433,0.014936,0.004320,0.000136,0.004295,0.000238,0.005081,0.000280,0.000298,0.000105,0.000098,0.000098,0.000289,0.000210,0.001017,0.000136,0.000097,0.000107,0.000097,0.000080,0.000141,0.000050,0.000131,0.000082,0.000110,0.000110,0.000709,0.000708,0.000123,0.000830,0.000127,0.000733,0.000835,0.000664,0.000851,0.000145,0.000130,0.000143,0.000169,0.000169,0.000143,0.000132,0.007748,0.000435,0.005365,0.000373,0.004986,0.005298,0.000529,0.005350,0.000368,0.004590,0.000011,0.000063,0.007659,0.000302,0.004550,0.004536,0.000394,0.000105,0.000104,0.000240,0.000179,0.000000,0.000026,0.000000,0.004253,0.000126,0.000101,0.000160,0.004426,0.000011,0.000010,0.000000,0.000011,0.000000,0.000000,0.000000,0.000000,0.000016
map_type,0.000000,0.000000,0.000124,0.015938,0.000100,0.000021,0.008991,0.000048,0.000100,0.000000,0.000000,0.000048,0.000000,0.006784,0.000021,0.008987,0.000049,0.000000,0.000000,0.000099,0.000598,0.000000,0.000000,0.000000,0.009021,0.000000,0.000000,0.000000,0.000000,0.000000,0.000555,0.015986,0.000000,0.009026,0.015984,0.000000,0.000000,0.000099,0.000000,0.000553,0.000124,0.009018,0.000000,0.000000,0.000000,0.000115,0.000100,0.000100,0.000099,0.000099,0.000021,0.000000,0.000100,0.000122,1.003270,0.000099,0.000119,0.000545,0.000105,0.000000,0.000000,0.000000,0.015961,0.016006,0.000103,0.000551,0.000049,0.009358,0.016108,0.015985,0.015988,0.015916,0.000000,0.009349,0.000000,0.000000,0.000055,0.000121,0.000055,0.000122,0.009016,0.015968,0.000000,0.000055,0.000021,0.000021,0.000000,0.000000,0.000126,0.009210,0.016043,0.000100,0.015917,0.000000,0.000624,0.000545,0.000000,0.000049,0.000197,0.000512,0.000209,0.000193,0.000107,0.000096,0.000096,0.000301,0.000756,0.000756,0.000111,0.000251,0.000051,0.000512,0.000250,0.000110,0.000250,0.000088,0.000096,0.000101,0.000071,0.008572,0.008820,0.008820,0.004348,0.004138,0.008522,0.000407,0.010941,0.005207,0.000680,0.000501,0.000487,0.010791,0.010734,0.010768,0.010687,0.010687,0.010625,0.008818,0.000029,0.000043,0.000011,0.000062,0.008641,0.000024,0.000000,0.000034,0.000207,0.000179,0.000116,0.000016,0.000029,0.000057,0.000023,0.000029,0.000111,0.008783,0.008370,0.000018,0.000018,0.000000,0.000000,0.000057,0.000040,0.010746,0.000103,0.000214,0.000010,0.000201,0.000341,0.000025,0.000195,0.000249,0.000306,0.000306,0.000131,0.000019
member_access,0.000007,0.000018,0.011361,0.000110,0.017656,0.000134,0.000284,0.011132,0.017733,0.000338,0.000052,0.011566,0.000414,0.010838,0.000134,0.000280,0.010861,0.000052,0.000052,0.017399,0.007280,0.000337,0.000127,0.000018,0.000286,0.000127,0.000007,0.000018,0.000340,0.000344,0.000382,0.000111,0.000007,0.000286,0.000110,0.000018,0.000341,0.017580,0.000340,0.000237,0.011701,0.000286,0.000018,0.000052,0.000007,0.000323,0.017604,0.017612,0.017570,0.017519,0.000134,0.000000,0.000060,0.010933,0.000109,1.003636,0.000045,0.000232,0.000063,0.000270,0.000018,0.000052,0.000110,0.000110,0.000060,0.000378,0.010958,0.000101,0.000109,0.000111,0.000110,0.000109,0.000018,0.000115,0.000018,0.000339,0.007201,0.010923,0.007086,0.010942,0.000287,0.000111,0.000340,0.007027,0.000138,0.000134,0.000127,0.000018,0.011191,0.000458,0.000111,0.018113,0.000109,0.000007,0.007210,0.000232,0.000339,0.010981,0.003194,0.000236,0.003120,0.000194,0.003722,0.000228,0.000245,0.000099,0.000302,0.000302,0.000279,0.000216,0.008327,0.000236,0.000130,0.000108,0.000130,0.000108,0.000101,0.000095,0.000116,0.000284,0.000401,0.000401,0.007148,0.007041,0.000310,0.008345,0.000356,0.007075,0.008706,0.007103,0.008616,0.000294,0.000255,0.000333,0.000222,0.000222,0.000238,0.000297,0.005654,0.000392,0.003945,0.000269,0.003831,0.003876,0.000410,0.003927,0.000394,0.003428,0.000083,0.000101,0.005591,0.000276,0.003334,0.003338,0.000378,0.000241,0.000112,0.000199,0.000131,0.000123,0.000018,0.000164,0.003177,0.000313,0.000208,0.000170,0.003260,0.000126,0.000137,0.000012,0.000082,0.000141,0.000128,0.000128,0.000048,0.000033
memory_model,0.000475,0.000308,0.000085,0.000251,0.000085,0.019410,0.000161,0.001677,0.000085,0.000031,0.000000,0.000085,0.000160,0.000119,0.018961,0.000161,0.000085,0.000000,0.000000,0.000085,0.000118,0.000031,0.000031,0.000304,0.000161,0.000031,0.000476,0.000303,0.000031,0.000031,0.000118,0.000252,0.000468,0.000202,0.000251,0.000303,0.000031,0.000085,0.000031,0.000118,0.000085,0.000161,0.000302,0.000000,0.000475,0.012376,0.000085,0.000085,0.000085,0.000085,0.019227,0.000000,0.012818,0.000085,0.000245,0.000085,1.003850,0.000118,0.012740,0.000157,0.000302,0.000000,0.000250,0.000250,0.012851,0.000159,0.000085,0.012700,0.000246,0.000250,0.000248,0.000246,0.000303,0.012604,0.000304,0.000031,0.000160,0.000085,0.000156,0.000085,0.000161,0.000250,0.000031,0.000153,0.019134,0.019449,0.000031,0.000303,0.000085,0.000205,0.000252,0.000085,0.000246,0.000476,0.000145,0.000118,0.000031,0.000085,0.013195,0.013084,0.013142,0.013190,0.012971,0.013086,0.013003,0.012860,0.012856,0.012856,0.013041,0.013060,0.000553,0.013084,0.013214,0.013012,0.013214,0.000667,0.013099,0.000856,0.000395,0.000268,0.000255,0.000255,0.000246,0.000159,0.000301,0.000211,0.000292,0.000240,0.000222,0.000210,0.000186,0.000251,0.000676,0.000308,0.000717,0.000717,0.000206,0.000388,0.000316,0.000109,0.000266,0.000437,0.000291,0.000210,0.000210,0.000223,0.000101,0.000138,0.000304,0.000414,0.002136,0.002254,0.001757,0.002476,0.000863,0.000173,0.007748,0.012286,0.012319,0.000061,0.000000,0.000076,0.000322,0.000204,0.000033,0.000063,0.000265,0.000688,0.000219,0.000190,0.000746,0.000187,0.000076,0.000076,0.000000,0.000000
module,0.000053,0.000130,0.000009,0.000782,0.000306,0.000000,0.013905,0.000009,0.000306,0.000000,0.000589,0.000205,0.000653,0.000576,0.000000,0.013549,0.000217,0.000593,0.000592,0.000300,0.013581,0.000000,0.000000,0.000130,0.014035,0.000000,0.000053,0.000128,0.000000,0.000000,0.013511,0.000792,0.000053,0.013901,0.000795,0.000128,0.000000,0.000306,0.000000,0.022258,0.000009,0.013908,0.000128,0.000599,0.000053,0.000555,0.000315,0.000316,0.000303,0.000308,0.000000,0.009741,0.000122,0.000009,0.000777,0.000302,0.000081,1.003619,0.000211,0.011522,0.000128,0.000592,0.000789,0.000783,0.000122,0.013457,0.000009,0.000228,0.000778,0.000787,0.000783,0.000779,0.000128,0.000255,0.008919,0.000000,0.000750,0.000009,0.000745,0.000009,0.013956,0.000789,0.000000,0.000737,0.000000,0.000000,0.000000,0.000128,0.000009,0.000126,0.000791,0.000304,0.000779,0.000053,0.013677,0.022251,0.000000,0.000009,0.000147,0.000280,0.000135,0.000132,0.000109,0.000107,0.000109,0.000209,0.009927,0.009927,0.000147,0.000180,0.000283,0.000280,0.000213,0.000149,0.000213,0.000067,0.000107,0.000051,0.000268,0.006059,0.010550,0.010550,0.010316,0.005844,0.000908,0.000504,0.010581,0.007059,0.006764,0.005807,0.000630,0.006063,0.005799,0.005943,0.000849,0.000849,0.000791,0.000840,0.000045,0.000293,0.000000,0.000064,0.005844,0.000047,0.000027,0.000021,0.000146,0.000071,0.000080,0.000042,0.000035,0.000000,0.000037,0.000000,0.000380,0.000823,0.000763,0.000000,0.000000,0.011220,0.009149,0.011690,0.000214,0.006106,0.000276,0.005248,0.000117,0.000172,0.005295,0.000233,0.000141,0.000212,0.015825,0.015825,0.011732,0.009100
mutation,0.000487,0.016653,0.000092,0.000173,0.000092,0.000135,0.000091,0.000092,0.000092,0.000063,0.000046,0.000092,0.000133,0.000092,0.000131,0.000091,0.000092,0.000046,0.000046,0.000092,0.000091,0.000063,0.000116,0.016247,0.000091,0.000116,0.000487,0.016132,0.000063,0.000063,0.000091,0.000173,0.000481,0.000125,0.000173,0.016194,0.000063,0.000092,0.000063,0.000238,0.000092,0.000091,0.016081,0.000046,0.000487,0.010405,0.000092,0.000092,0.000092,0.000092,0.000134,0.000145,0.010593,0.000092,0.000168,0.000092,0.009897,0.000238,1.004255,0.000276,0.016073,0.000046,0.000172,0.000172,0.010805,0.000126,0.000092,0.010469,0.000169,0.000172,0.000171,0.000169,0.016200,0.010877,0.015074,0.000063,0.000133,0.000092,0.000130,0.000092,0.000091,0.000172,0.000063,0.000127,0.000133,0.000135,0.000116,0.016124,0.000092,0.000171,0.000174,0.000092,0.000169,0.000487,0.000114,0.000238,0.000063,0.000092,0.015487,0.012594,0.010568,0.012118,0.010420,0.012283,0.010450,0.010292,0.010285,0.010285,0.015366,0.010473,0.000553,0.012594,0.015481,0.016277,0.015481,0.000707,0.012522,0.000830,0.006200,0.000239,0.000177,0.000177,0.000196,0.000128,0.000327,0.000289,0.000196,0.000192,0.000180,0.000217,0.000171,0.000163,0.000534,0.000224,0.000590,0.000590,0.000144,0.000402,0.000295,0.000090,0.000330,0.000354,0.000232,0.000207,0.000234,0.000194,0.000110,0.000208,0.000265,0.005161,0.000270,0.000316,0.000174,0.000526,0.000752,0.000115,0.000531,0.000253,0.000272,0.000193,0.000218,0.000205,0.005164,0.000128,0.000076,0.000116,0.000340,0.000658,0.000249,0.000282,0.000663,0.000223,0.000201,0.000201,0.000142,0.000238
name_resolution,0.000000,0.000268,0.000000,0.000000,0.000733,0.000000,0.000945,0.000000,0.000728,0.000000,0.001065,0.000626,0.025176,0.000000,0.000000,0.000924,0.000668,0.001073,0.001071,0.000716,0.001895,0.000000,0.000000,0.000266,0.000952,0.000000,0.000000,0.000263,0.000000,0.000000,0.001765,0.000000,0.000000,0.001034,0.000000,0.000262,0.000000,0.000735,0.000000,0.023392,0.000000,0.000950,0.000262,0.001085,0.000000,0.025634,0.000741,0.000744,0.000726,0.000726,0.000000,0.018929,0.000229,0.000000,0.000000,0.000724,0.000224,0.023789,0.000507,1.005455,0.000263,0.001071,0.000000,0.000000,0.000235,0.001844,0.000000,0.000233,0.000000,0.000000,0.000000,0.000000,0.000263,0.000244,0.017879,0.000000,0.026173,0.000000,0.026040,0.000000,0.000957,0.000000,0.000000,0.025482,0.000000,0.000000,0.000000,0.000263,0.000000,0.000000,0.000000,0.000725,0.000000,0.000000,0.001917,0.023556,0.000000,0.000000,0.000361,0.000266,0.000345,0.000332,0.000369,0.000352,0.000369,0.000341,0.001074,0.001074,0.000343,0.000362,0.000716,0.000266,0.000348,0.000326,0.000348,0.000035,0.000279,0.000000,0.000374,0.000678,0.000973,0.000973,0.001868,0.001358,0.000000,0.000716,0.000973,0.001287,0.001256,0.001870,0.000716,0.000479,0.000307,0.000549,0.000046,0.000046,0.000000,0.000000,0.000052,0.000504,0.000044,0.000070,0.000297,0.000037,0.000037,0.000064,0.000000,0.000000,0.000000,0.000086,0.000035,0.000000,0.000059,0.000059,0.008779,0.000042,0.000044,0.000000,0.000000,0.028526,0.018421,0.030927,0.000291,0.000642,0.000236,0.000512,0.000091,0.000036,0.000479,0.000219,0.000036,0.000000,0.023677,0.023677,0.018939,0.018273
network,0.000160,0.043825,0.000045,0.000000,0.000045,0.000000,0.000000,0.000045,0.000045,0.000066,0.000079,0.000045,0.000000,0.000045,0.000000,0.000000,0.000045,0.000079,0.000079,0.000045,0.000000,0.000066,0.000158,0.043439,0.000000,0.000158,0.000160,0.044031,0.000066,0.000066,0.000000,0.000000,0.000160,0.000000,0.000000,0.043629,0.000066,0.000045,0.000066,0.000246,0.000045,0.000000,0.043623,0.000079,0.000160,0.000409,0.000045,0.000045,0.000045,0.000045,0.000000,0.000244,0.000500,0.000045,0.000000,0.000045,0.000401,0.000246,0.027495,0.000245,1.009496,0.000079,0.000000,0.000000,0.000504,0.000000,0.000045,0.000426,0.000000,0.000000,0.000000,0.000000,0.043865,0.000435,0.027030,0.000066,0.000000,0.000045,0.000000,0.000045,0.000000,0.000000,0.000066,0.000000,0.000000,0.000000,0.000158,0.043816,0.000045,0.000000,0.000000,0.000045,0.000000,0.000160,0.000000,0.000246,0.000066,0.000045,0.009630,0.000696,0.000513,0.000658,0.000496,0.000622,0.000496,0.000466,0.000476,0.000476,0.009623,0.000498,0.000280,0.000696,0.009602,0.011366,0.009602,0.000370,0.000631,0.000395,0.010935,0.000088,0.000000,0.000000,0.000000,0.000000,0.000177,0.000171,0.000000,0.000000,0.000000,0.000065,0.000033,0.000000,0.000047,0.000000,0.000069,0.000069,0.000000,0.000184,0.000061,0.000000,0.000190,0.000000,0.000038,0.000063,0.000110,0.000023,0.000055,0.000150,0.000127,0.009126,0.000127,0.000213,0.000021,0.000068,0.000082,0.000000,0.000093,0.000167,0.000123,0.000239,0.000367,0.000239,0.009127,0.000000,0.000086,0.000115,0.000206,0.000175,0.000129,0.000224,0.000191,0.000125,0.000239,0.000239,0.000239,0.000402
optimizer,0.000000,0.000098,0.000159,0.000000,0.000159,0.000000,0.000160,0.000159,0.000159,0.000088,0.051907,0.000159,0.000084,0.000159,0.000000,0.000160,0.000159,0.052704,0.052374,0.000159,0.000160,0.000088,0.000088,0.000098,0.000160,0.000088,0.000000,0.000098,0.000088,0.000088,0.000160,0.000000,0.000000,0.000160,0.000000,0.000098,0.000088,0.000159,0.000088,0.001413,0.000159,0.000160,0.000098,0.052741,0.000000,0.000084,0.000159,0.000159,0.000159,0.000159,0.000000,0.032810,0.000000,0.000159,0.000000,0.000159,0.000000,0.001401,0.000098,0.001227,0.000098,1.010235,0.000000,0.000000,0.000000,0.000160,0.000159,0.000000,0.000000,0.000000,0.000000,0.000000,0.000098,0.000000,0.001361,0.000088,0.000084,0.000159,0.000084,0.000159,0.000160,0.000000,0.000088,0.000084,0.000000,0.000000,0.000088,0.000098,0.000159,0.000000,0.000000,0.000159,0.000000,0.000000,0.000160,0.001397,0.000088,0.000159,0.000246,0.000084,0.000000,0.000178,0.000120,0.000110,0.000120,0.000000,0.000160,0.000160,0.000293,0.000170,0.000293,0.000084,0.000000,0.000084,0.000000,0.000258,0.000000,0.000122,0.000582,0.000234,0.000230,0.000230,0.000230,0.000331,0.000359,0.000389,0.000230,0.000071,0.000153,0.000515,0.000379,0.000230,0.000000,0.000000,0.000000,0.000000,0.000306,0.000098,0.000326,0.000404,0.000372,0.000000,0.000370,0.000295,0.000238,0.000176,0.000296,0.000181,0.000422,0.000181,0.000374,0.000193,0.000562,0.000157,0.000000,0.000000,0.000000,0.000098,0.000000,0.013819,0.024771,0.001714,0.025894,0.000331,0.033632,0.026276,0.025904,0.000306,0.000293,0.000064,0.000275,0.000342,0.001902,0.001902,0.016915,0.016940
optional_nullable,0.000000,0.000000,0.000125,0.015972,0.000100,0.000021,0.009165,0.000049,0.000100,0.000000,0.000000,0.000049,0.000000,0.006918,0.000021,0.009087,0.000050,0.000000,0.000000,0.000099,0.000601,0.000000,0.000000,0.000000,0.009223,0.000000,0.000000,0.000000,0.000000,0.000000,0.000559,0.016082,0.000000,0.009169,0.016043,0.000000,0.000000,0.000100,0.000000,0.000557,0.000125,0.009105,0.000000,0.000000,0.000000,0.000117,0.000101,0.000101,0.000100,0.000100,0.000021,0.000000,0.000101,0.000122,0.015839,0.000100,0.000120,0.000549,0.000107,0.000000,0.000000,0.000000,1.003293,0.015948,0.000104,0.000555,0.000049,0.009481,0.015919,0.016020,0.015962,0.015944,0.000000,0.009449,0.000000,0.000000,0.000055,0.000122,0.000055,0.000123,0.009124,0.015962,0.000000,0.000055,0.000021,0.000021,0.000000,0.000000,0.000127,0.009212,0.015987,0.000100,0.015869,0.000000,0.000628,0.000549,0.000000,0.000050,0.000198,0.000510,0.000210,0.000194,0.000109,0.000097,0.000097,0.000302,0.000758,0.000758,0.000112,0.000252,0.000051,0.000510,0.000251,0.000111,0.000251,0.000087,0.000097,0.000100,0.000070,0.008522,0.008771,0.008771,0.004325,0.004114,0.008471,0.000404,0.010879,0.005177,0.000679,0.000500,0.000483,0.010727,0.010671,0.010705,0.010623,0.010623,0.010561,0.008765,0.000029,0.000042,0.000012,0.000062,0.008591,0.000024,0.000000,0.000034,0.000206,0.000178,0.000115,0.000016,0.000029,0.000057,0.000024,0.000029,0.000110,0.008730,0.008320,0.000018,0.000018,0.000000,0.000000,0.000057,0.000040,0.010683,0.000103,0.000216,0.000010,0.000200,0.000341,0.000025,0.000194,0.000248,0.000308,0.000308,0.000130,0.000019
overload_resolution,0.000000,0.000000,0.000125,0.015992,0.000101,0.000021,0.009058,0.000049,0.000101,0.000000,0.000000,0.000049,0.000000,0.006967,0.000021,0.008958,0.000050,0.000000,0.000000,0.000100,0.000598,0.000000,0.000000,0.000000,0.009108,0.000000,0.000000,0.000000,0.000000,0.000000,0.000556,0.016094,0.000000,0.009121,0.016006,0.000000,0.000000,0.000100,0.000000,0.000554,0.000126,0.009093,0.000000,0.000000,0.000000,0.000117,0.000101,0.000101,0.000100,0.000100,0.000021,0.000000,0.000101,0.000123,0.015902,0.000100,0.000120,0.000546,0.000107,0.000000,0.000000,0.000000,0.015966,1.003293,0.000105,0.000552,0.000050,0.009465,0.015948,0.015981,0.015964,0.015866,0.000000,0.009488,0.000000,0.000000,0.000055,0.000123,0.000055,0.000123,0.009075,0.016045,0.000000,0.000055,0.000021,0.000021,0.000000,0.000000,0.000128,0.009225,0.016112,0.000101,0.015920,0.000000,0.000625,0.000546,0.000000,0.000050,0.000199,0.000511,0.000210,0.000194,0.000109,0.000097,0.000097,0.000302,0.000757,0.000757,0.000112,0.000252,0.000051,0.000511,0.000251,0.000111,0.000251,0.000087,0.000097,0.000100,0.000071,0.008528,0.008777,0.008777,0.004328,0.004118,0.008478,0.000404,0.010887,0.005182,0.000678,0.000499,0.000484,0.010737,0.010680,0.010714,0.010633,0.010633,0.010571,0.008773,0.000029,0.000043,0.000012,0.000062,0.008598,0.000024,0.000000,0.000034,0.000206,0.000179,0.000115,0.000016,0.000029,0.000057,0.000024,0.000029,0.000110,0.008738,0.008327,0.000018,0.000018,0.000000,0.000000,0.000057,0.000040,0.010692,0.000103,0.000215,0.000010,0.000200,0.000340,0.000025,0.000194,0.000248,0.000307,0.000307,0.000130,0.000019
ownership,0.014811,0.000284,0.000083,0.000160,0.000083,0.000126,0.000130,0.000083,0.000083,0.000028,0.000000,0.000083,0.000124,0.000083,0.000123,0.000130,0.000083,0.000000,0.000000,0.000083,0.000130,0.000028,0.000028,0.000281,0.000130,0.000028,0.014829,0.000280,0.000028,0.000028,0.000130,0.000161,0.014378,0.000161,0.000161,0.000280,0.000028,0.000083,0.000028,0.000130,0.000083,0.000130,0.000280,0.000000,0.014696,0.009948,0.000083,0.000083,0.000083,0.000083,0.000125,0.000000,0.023088,0.000083,0.000156,0.000083,0.009460,0.000130,0.010239,0.000121,0.000279,0.000000,0.000160,0.000160,1.003676,0.000162,0.000083,0.009958,0.000157,0.000160,0.000158,0.000157,0.000280,0.010352,0.000281,0.000028,0.000123,0.000083,0.000121,0.000083,0.000130,0.000160,0.000028,0.000118,0.000124,0.000126,0.000028,0.000280,0.000083,0.000159,0.000161,0.000083,0.000157,0.014749,0.000151,0.000130,0.000028,0.000083,0.012058,0.012367,0.014662,0.014063,0.012098,0.011968,0.012126,0.012370,0.012051,0.012051,0.011893,0.012228,0.000530,0.012367,0.014794,0.015361,0.014794,0.009533,0.015415,0.009617,0.001497,0.000260,0.000237,0.000237,0.000261,0.000156,0.000586,0.000529,0.000261,0.000310,0.000300,0.000259,0.000266,0.000223,0.000686,0.000252,0.000778,0.000778,0.000442,0.000482,0.000298,0.000100,0.000277,0.000417,0.000284,0.000191,0.000191,0.000203,0.000144,0.000126,0.006701,0.000360,0.000251,0.000236,0.000203,0.000562,0.000894,0.000228,0.000656,0.000232,0.000325,0.000047,0.000000,0.000059,0.000305,0.000156,0.000288,0.000058,0.000245,0.011605,0.006728,0.006576,0.011594,0.007971,0.000109,0.000109,0.000039,0.000000
parameter,0.000062,0.000000,0.000224,0.000924,0.000575,0.000000,0.016135,0.000226,0.000577,0.000000,0.000079,0.009584,0.012285,0.000895,0.000000,0.015665,0.010075,0.000079,0.000079,0.000561,0.015858,0.000000,0.000000,0.000000,0.016318,0.000000,0.000062,0.000000,0.000000,0.000000,0.024903,0.000937,0.000062,0.016877,0.000939,0.000000,0.000000,0.000573,0.000000,0.016159,0.000226,0.016402,0.000000,0.000079,0.000062,0.004113,0.000587,0.000589,0.000567,0.000573,0.000000,0.000464,0.000177,0.000219,0.000918,0.000576,0.000129,0.015745,0.000131,0.001045,0.000000,0.000079,0.000932,0.000926,0.000178,1.003050,0.000225,0.000302,0.000919,0.000930,0.000925,0.000921,0.000000,0.000335,0.000411,0.000000,0.000935,0.000218,0.000921,0.000220,0.016376,0.000932,0.000000,0.000911,0.000000,0.000000,0.000000,0.000000,0.000228,0.000148,0.000934,0.000576,0.000921,0.000062,0.016114,0.015691,0.000000,0.000224,0.000288,0.000422,0.000361,0.000288,0.000364,0.000278,0.000294,0.000360,0.011563,0.011563,0.000204,0.000367,0.000333,0.000422,0.000288,0.000149,0.000288,0.000126,0.000237,0.000060,0.000101,0.006823,0.012057,0.012057,0.011780,0.006603,0.001072,0.000593,0.012093,0.008089,0.007876,0.006437,0.000741,0.006950,0.006823,0.006804,0.001066,0.001066,0.000935,0.000992,0.000229,0.000174,0.000130,0.000171,0.006932,0.000175,0.000082,0.000182,0.000171,0.000143,0.000094,0.000000,0.000193,0.000000,0.000185,0.000141,0.011256,0.001029,0.000963,0.000000,0.000000,0.000754,0.000450,0.000949,0.000145,0.006913,0.000186,0.005998,0.000145,0.000251,0.006045,0.000154,0.000215,0.000248,0.007976,0.007976,0.000798,0.000471
pattern,0.000007,0.000018,0.010960,0.000055,0.011267,0.000134,0.000059,0.010729,0.011224,0.009201,0.000053,0.010762,0.000143,0.010850,0.000134,0.000059,0.010937,0.000053,0.000053,0.010935,0.000519,0.009140,0.001049,0.000018,0.000060,0.001049,0.000007,0.000018,0.009307,0.009511,0.000149,0.000056,0.000007,0.000060,0.000056,0.000018,0.009296,0.011242,0.009340,0.000007,0.010954,0.000060,0.000018,0.000053,0.000007,0.000053,0.011458,0.011466,0.011071,0.011120,0.000134,0.000000,0.000061,0.010825,0.000054,0.011134,0.000046,0.000007,0.000064,0.000000,0.000018,0.000053,0.000055,0.000056,0.000061,0.000150,1.003322,0.000046,0.000054,0.000056,0.000056,0.000054,0.000018,0.000046,0.000018,0.009206,0.000501,0.010800,0.000493,0.010929,0.000060,0.000056,0.009323,0.000486,0.000138,0.000134,0.001048,0.000018,0.011331,0.000405,0.000056,0.011170,0.000054,0.000007,0.000516,0.000007,0.009284,0.017565,0.003097,0.000116,0.003125,0.000249,0.003812,0.000400,0.000459,0.000150,0.000118,0.000118,0.000588,0.000391,0.001222,0.000116,0.000070,0.000077,0.000070,0.000076,0.000103,0.000036,0.000192,0.000078,0.000116,0.000116,0.000511,0.000534,0.000107,0.000648,0.000078,0.000565,0.000660,0.000548,0.000712,0.000125,0.000113,0.000104,0.000156,0.000156,0.000104,0.000137,0.012653,0.008344,0.010932,0.008292,0.003649,0.010932,0.008969,0.010970,0.007359,0.010529,0.000008,0.000379,0.005971,0.000260,0.003814,0.003664,0.000498,0.000117,0.000077,0.000175,0.000131,0.000000,0.000019,0.000028,0.003066,0.000101,0.000132,0.000190,0.003630,0.000026,0.000007,0.000000,0.000008,0.000020,0.000028,0.000028,0.000028,0.000039
pointer,0.000299,0.000197,0.000148,0.012007,0.000115,0.000104,0.001192,0.000051,0.000115,0.000019,0.000000,0.000051,0.000100,0.000867,0.000102,0.001185,0.000051,0.000000,0.000000,0.000115,0.000262,0.000019,0.000019,0.000194,0.001200,0.000019,0.000299,0.000194,0.000019,0.000019,0.000198,0.011914,0.000295,0.001225,0.011862,0.000194,0.000019,0.000115,0.000019,0.000198,0.000149,0.001197,0.000193,0.000000,0.000299,0.007893,0.000115,0.000115,0.000115,0.000115,0.000103,0.000000,0.008088,0.000146,0.011613,0.000115,0.007647,0.000198,0.008114,0.000098,0.000193,0.000000,0.011856,0.011823,0.008145,0.000225,0.000051,1.002676,0.011725,0.011828,0.011821,0.011654,0.000194,0.018727,0.000194,0.000019,0.000168,0.000146,0.000166,0.000146,0.001195,0.011835,0.000019,0.000164,0.000103,0.000105,0.000019,0.000194,0.000150,0.011059,0.011849,0.000115,0.011676,0.000299,0.000303,0.000198,0.000019,0.000051,0.008129,0.009762,0.008166,0.008158,0.008023,0.008101,0.008046,0.009923,0.009711,0.009711,0.008030,0.009699,0.000371,0.009762,0.009519,0.008010,0.009519,0.000399,0.008059,0.000478,0.000213,0.001240,0.001277,0.001277,0.004662,0.004566,0.001240,0.000303,0.005399,0.005724,0.000371,0.000343,0.000331,0.005338,0.005610,0.005348,0.005590,0.005590,0.005208,0.001302,0.000196,0.000106,0.000160,0.000324,0.001259,0.000133,0.000133,0.000151,0.000140,0.000129,0.000171,0.000168,0.000143,0.000143,0.000126,0.000359,0.000588,0.001153,0.001410,0.000117,0.000156,0.000038,0.000000,0.000069,0.000163,0.005306,0.000065,0.000079,0.000160,0.000516,0.000240,0.000133,0.000492,0.000205,0.000137,0.000137,0.000061,0.000000
primitive_bool,0.000000,0.000000,0.000125,0.016070,0.000100,0.000021,0.008997,0.000048,0.000100,0.000000,0.000000,0.000048,0.000000,0.006814,0.000021,0.008987,0.000049,0.000000,0.000000,0.000099,0.000597,0.000000,0.000000,0.000000,0.009014,0.000000,0.000000,0.000000,0.000000,0.000000,0.000554,0.016021,0.000000,0.009020,0.016005,0.000000,0.000000,0.000099,0.000000,0.000552,0.000126,0.009001,0.000000,0.000000,0.000000,0.000115,0.000100,0.000100,0.000099,0.000099,0.000021,0.000000,0.000100,0.000123,0.016068,0.000099,0.000119,0.000544,0.000105,0.000000,0.000000,0.000000,0.016002,0.016012,0.000103,0.000550,0.000049,0.009425,1.003282,0.015979,0.016141,0.015887,0.000000,0.009339,0.000000,0.000000,0.000055,0.000122,0.000055,0.000123,0.008995,0.015951,0.000000,0.000055,0.000021,0.000021,0.000000,0.000000,0.000127,0.009306,0.015961,0.000100,0.015888,0.000000,0.000623,0.000544,0.000000,0.000049,0.000198,0.000511,0.000209,0.000193,0.000108,0.000096,0.000096,0.000301,0.000755,0.000755,0.000111,0.000251,0.000051,0.000511,0.000250,0.000110,0.000250,0.000088,0.000096,0.000100,0.000071,0.008555,0.008803,0.008803,0.004340,0.004130,0.008505,0.000406,0.010920,0.005198,0.000679,0.000500,0.000486,0.010770,0.010714,0.010748,0.010667,0.010667,0.010605,0.008801,0.000029,0.000043,0.000012,0.000062,0.008624,0.000024,0.000000,0.000034,0.000207,0.000179,0.000115,0.000016,0.000029,0.000057,0.000023,0.000029,0.000110,0.008765,0.008353,0.000018,0.000018,0.000000,0.000000,0.000057,0.000040,0.010725,0.000103,0.000214,0.000010,0.000201,0.000340,0.000025,0.000195,0.000249,0.000306,0.000306,0.000131,0.000019
primitive_float,0.000000,0.000000,0.000125,0.015961,0.000101,0.000021,0.009076,0.000049,0.000101,0.000000,0.000000,0.000049,0.000000,0.006987,0.000021,0.009008,0.000050,0.000000,0.000000,0.000100,0.000600,0.000000,0.000000,0.000000,0.009194,0.000000,0.000000,0.000000,0.000000,0.000000,0.000558,0.016040,0.000000,0.009148,0.016006,0.000000,0.000000,0.000100,0.000000,0.000556,0.000126,0.009119,0.000000,0.000000,0.000000,0.000117,0.000101,0.000101,0.000100,0.000100,0.000021,0.000000,0.000101,0.000123,0.015865,0.000100,0.000120,0.000548,0.000107,0.000000,0.000000,0.000000,0.016023,0.015965,0.000104,0.000554,0.000050,0.009460,0.015899,1.003294,0.016164,0.015875,0.000000,0.009473,0.000000,0.000000,0.000055,0.000123,0.000055,0.000123,0.009166,0.015993,0.000000,0.000055,0.000021,0.000021,0.000000,0.000000,0.000128,0.009217,0.015983,0.000101,0.015844,0.000000,0.000627,0.000548,0.000000,0.000050,0.000199,0.000510,0.000210,0.000194,0.000109,0.000097,0.000097,0.000302,0.000758,0.000758,0.000112,0.000252,0.000051,0.000510,0.000251,0.000111,0.000251,0.000087,0.000097,0.000100,0.000071,0.008522,0.008771,0.008771,0.004325,0.004114,0.008471,0.000404,0.010879,0.005178,0.000678,0.000500,0.000483,0.010728,0.010672,0.010706,0.010624,0.010624,0.010562,0.008766,0.000029,0.000042,0.000012,0.000062,0.008592,0.000024,0.000000,0.000034,0.000206,0.000178,0.000115,0.000016,0.000029,0.000057,0.000024,0.000029,0.000110,0.008731,0.008321,0.000018,0.000018,0.000000,0.000000,0.000057,0.000040,0.010684,0.000103,0.000215,0.000010,0.000200,0.000341,0.000025,0.000194,0.000248,0.000307,0.000307,0.000130,0.000019
primitive_integer,0.000000,0.000000,0.000125,0.016023,0.000100,0.000021,0.009054,0.000049,0.000101,0.000000,0.000000,0.000049,0.000000,0.006945,0.000021,0.009014,0.000050,0.000000,0.000000,0.000099,0.000598,0.000000,0.000000,0.000000,0.009123,0.000000,0.000000,0.000000,0.000000,0.000000,0.000556,0.016028,0.000000,0.009071,0.015990,0.000000,0.000000,0.000100,0.000000,0.000554,0.000126,0.009046,0.000000,0.000000,0.000000,0.000116,0.000101,0.000101,0.000100,0.000100,0.000021,0.000000,0.000101,0.000123,0.015893,0.000100,0.000120,0.000546,0.000106,0.000000,0.000000,0.000000,0.015990,0.015973,0.000104,0.000552,0.000050,0.009469,0.016085,0.016190,1.003292,0.015866,0.000000,0.009376,0.000000,0.000000,0.000055,0.000123,0.000055,0.000123,0.009077,0.015953,0.000000,0.000055,0.000021,0.000021,0.000000,0.000000,0.000128,0.009245,0.015978,0.000101,0.015907,0.000000,0.000625,0.000546,0.000000,0.000050,0.000198,0.000510,0.000209,0.000193,0.000108,0.000097,0.000097,0.000301,0.000756,0.000756,0.000112,0.000252,0.000051,0.000510,0.000250,0.000111,0.000250,0.000088,0.000097,0.000100,0.000071,0.008532,0.008781,0.008781,0.004329,0.004119,0.008482,0.000404,0.010892,0.005184,0.000678,0.000499,0.000484,0.010742,0.010685,0.010719,0.010638,0.010638,0.010576,0.008777,0.000029,0.000043,0.000012,0.000062,0.008602,0.000024,0.000000,0.000034,0.000206,0.000179,0.000115,0.000016,0.000029,0.000057,0.000024,0.000029,0.000110,0.008742,0.008331,0.000018,0.000018,0.000000,0.000000,0.000057,0.000040,0.010697,0.000103,0.000215,0.000010,0.000200,0.000340,0.000025,0.000194,0.000248,0.000307,0.000307,0.000130,0.000019
primitive_string,0.000000,0.000000,0.000124,0.015978,0.000100,0.000021,0.009013,0.000048,0.000100,0.000000,0.000000,0.000048,0.000000,0.006823,0.000021,0.009101,0.000049,0.000000,0.000000,0.000099,0.000599,0.000000,0.000000,0.000000,0.009043,0.000000,0.000000,0.000000,0.000000,0.000000,0.000556,0.016003,0.000000,0.009051,0.015973,0.000000,0.000000,0.000100,0.000000,0.000554,0.000125,0.009027,0.000000,0.000000,0.000000,0.000115,0.000100,0.000100,0.000100,0.000100,0.000021,0.000000,0.000100,0.000122,0.015907,0.000100,0.000119,0.000547,0.000105,0.000000,0.000000,0.000000,0.016058,0.015960,0.000103,0.000552,0.000049,0.009386,0.015918,0.015986,0.015952,1.003269,0.000000,0.009372,0.000000,0.000000,0.000055,0.000122,0.000055,0.000122,0.009019,0.015958,0.000000,0.000055,0.000021,0.000021,0.000000,0.000000,0.000127,0.009205,0.015978,0.000100,0.015909,0.000000,0.000625,0.000546,0.000000,0.000049,0.000198,0.000512,0.000209,0.000193,0.000108,0.000096,0.000096,0.000301,0.000757,0.000757,0.000111,0.000252,0.000051,0.000512,0.000250,0.000110,0.000250,0.000088,0.000096,0.000101,0.000071,0.008568,0.008817,0.008817,0.004346,0.004136,0.008518,0.000407,0.010936,0.005205,0.000680,0.000501,0.000487,0.010786,0.010729,0.010763,0.010681,0.010681,0.010619,0.008814,0.000029,0.000043,0.000012,0.000062,0.008637,0.000024,0.000000,0.000034,0.000207,0.000179,0.000115,0.000016,0.000029,0.000057,0.000023,0.000029,0.000110,0.008778,0.008366,0.000018,0.000018,0.000000,0.000000,0.000057,0.000040,0.010741,0.000103,0.000215,0.000010,0.000201,0.000341,0.000025,0.000195,0.000249,0.000307,0.000307,0.000131,0.000019
random,0.000160,0.044012,0.000044,0.000000,0.000044,0.000000,0.000000,0.000044,0.000044,0.000066,0.000079,0.000044,0.000000,0.000044,0.000000,0.000000,0.000044,0.000079,0.000079,0.000044,0.000000,0.000066,0.000158,0.043489,0.000000,0.000158,0.000160,0.043677,0.000066,0.000066,0.000000,0.000000,0.000160,0.000000,0.000000,0.043661,0.000066,0.000044,0.000066,0.000245,0.000044,0.000000,0.043622,0.000079,0.000160,0.000410,0.000044,0.000044,0.000044,0.000044,0.000000,0.000243,0.000501,0.000044,0.000000,0.000044,0.000402,0.000245,0.027671,0.000244,0.043802,0.000079,0.000000,0.000000,0.000506,0.000000,0.000044,0.000428,0.000000,0.000000,0.000000,0.000000,1.009510,0.000436,0.026991,0.000066,0.000000,0.000044,0.000000,0.000044,0.000000,0.000000,0.000066,0.000000,0.000000,0.000000,0.000158,0.043887,0.000044,0.000000,0.000000,0.000044,0.000000,0.000160,0.000000,0.000245,0.000066,0.000044,0.009621,0.000697,0.000514,0.000659,0.000497,0.000623,0.000497,0.000467,0.000477,0.000477,0.009614,0.000499,0.000280,0.000697,0.009593,0.011356,0.009593,0.000369,0.000632,0.000394,0.010924,0.000088,0.000000,0.000000,0.000000,0.000000,0.000177,0.000170,0.000000,0.000000,0.000000,0.000065,0.000033,0.000000,0.000047,0.000000,0.000069,0.000069,0.000000,0.000184,0.000060,0.000000,0.000189,0.000000,0.000038,0.000063,0.000109,0.000023,0.000055,0.000150,0.000127,0.009116,0.000127,0.000213,0.000021,0.000067,0.000082,0.000000,0.000093,0.000167,0.000122,0.000238,0.000366,0.000238,0.009117,0.000000,0.000086,0.000114,0.000206,0.000175,0.000129,0.000224,0.000191,0.000125,0.000238,0.000238,0.000238,0.000401
reference,0.000300,0.000199,0.000145,0.011666,0.000129,0.000102,0.001204,0.000051,0.000129,0.000018,0.000000,0.000051,0.000104,0.000859,0.000100,0.001196,0.000051,0.000000,0.000000,0.000129,0.000298,0.000018,0.000018,0.000197,0.001212,0.000018,0.000300,0.000196,0.000018,0.000018,0.000223,0.011835,0.000295,0.001239,0.011847,0.000196,0.000018,0.000129,0.000018,0.000222,0.000146,0.001210,0.000195,0.000000,0.000300,0.008120,0.000131,0.000131,0.000129,0.000129,0.000101,0.000000,0.008017,0.000143,0.011498,0.000129,0.007521,0.000220,0.008355,0.000102,0.000195,0.000000,0.011710,0.011745,0.008391,0.000247,0.000051,0.018559,0.011514,0.011738,0.011599,0.011532,0.000196,1.002670,0.000197,0.000018,0.000191,0.000143,0.000188,0.000143,0.001208,0.011799,0.000018,0.000186,0.000101,0.000102,0.000018,0.000196,0.000147,0.010804,0.011955,0.000129,0.011514,0.000300,0.002820,0.000220,0.000018,0.000051,0.008065,0.009684,0.008102,0.008095,0.007960,0.008037,0.007983,0.009844,0.009650,0.009650,0.007967,0.009622,0.000382,0.009684,0.009444,0.007949,0.009444,0.000397,0.007996,0.000476,0.000213,0.001237,0.001281,0.001281,0.004650,0.004548,0.001229,0.000319,0.005366,0.005698,0.000394,0.000363,0.000347,0.005298,0.005567,0.005308,0.005539,0.005539,0.005160,0.001290,0.000194,0.000105,0.000159,0.000321,0.001255,0.000132,0.000132,0.000149,0.000138,0.000128,0.000171,0.000167,0.000142,0.000141,0.000125,0.000356,0.000584,0.001141,0.001396,0.000115,0.000154,0.000040,0.000000,0.000070,0.000163,0.005266,0.000064,0.000087,0.000158,0.000514,0.000248,0.000133,0.000490,0.000205,0.000147,0.000147,0.000060,0.000000
reflection,0.000130,0.022347,0.000036,0.000000,0.000036,0.000000,0.000549,0.000036,0.000036,0.000054,0.000896,0.000036,0.000470,0.000036,0.000000,0.000537,0.000036,0.000902,0.000900,0.000036,0.000548,0.000054,0.000129,0.022222,0.000553,0.000129,0.000130,0.022048,0.000054,0.000054,0.000561,0.000000,0.000130,0.000549,0.000000,0.021978,0.000054,0.000036,0.000054,0.013961,0.000036,0.000552,0.021972,0.000911,0.000130,0.000807,0.000036,0.000036,0.000036,0.000036,0.000000,0.013893,0.000409,0.000036,0.000000,0.000036,0.000329,0.013957,0.020995,0.013552,0.022009,0.000900,0.000000,0.000000,0.000413,0.000550,0.000036,0.000349,0.000000,0.000000,0.000000,0.000000,0.022009,0.000356,1.005125,0.000054,0.000472,0.000036,0.000471,0.000036,0.000556,0.000000,0.000054,0.000465,0.000000,0.000000,0.000129,0.022043,0.000036,0.000000,0.000000,0.000036,0.000000,0.000130,0.000559,0.013964,0.000054,0.000036,0.007316,0.000569,0.000420,0.000538,0.000406,0.000509,0.000406,0.000382,0.000820,0.000820,0.007310,0.000408,0.000228,0.000569,0.007293,0.008624,0.007293,0.000301,0.000516,0.000321,0.008533,0.000545,0.000557,0.000557,0.000557,0.000396,0.000144,0.000139,0.000557,0.000346,0.000189,0.000626,0.000027,0.000292,0.000190,0.000298,0.000056,0.000056,0.000000,0.000150,0.000049,0.000296,0.000154,0.000000,0.000182,0.000051,0.000089,0.000019,0.000045,0.000122,0.000104,0.006903,0.000103,0.000173,0.000017,0.000055,0.000153,0.000000,0.000076,0.000136,0.000100,0.013944,0.016492,0.013891,0.007102,0.000396,0.000267,0.000391,0.000254,0.000143,0.000397,0.000323,0.000156,0.000102,0.014092,0.014092,0.013951,0.016956
return,0.000000,0.000037,0.000429,0.000000,0.000471,0.000096,0.000000,0.000514,0.000470,0.024462,0.000040,0.000430,0.000000,0.000432,0.000096,0.000000,0.000433,0.000040,0.000040,0.000466,0.000032,0.024140,0.014882,0.000037,0.000000,0.014890,0.000000,0.000037,0.024411,0.024283,0.000000,0.000000,0.000000,0.000000,0.000000,0.000037,0.024264,0.000470,0.024356,0.000000,0.000429,0.000000,0.000037,0.000040,0.000000,0.000023,0.000473,0.000474,0.000468,0.000468,0.000096,0.000000,0.000028,0.000427,0.000000,0.000469,0.000023,0.000000,0.000060,0.000000,0.000037,0.000040,0.000000,0.000000,0.000028,0.000000,0.012543,0.000023,0.000000,0.000000,0.000000,0.000000,0.000037,0.000023,0.000037,1.005122,0.000032,0.000426,0.000032,0.000428,0.000000,0.000000,0.024229,0.000032,0.000096,0.000096,0.014839,0.000037,0.000434,0.000000,0.000000,0.000471,0.000000,0.000000,0.000032,0.000000,0.024233,0.012594,0.000242,0.000082,0.000198,0.000214,0.000559,0.000522,0.000593,0.000110,0.000080,0.000080,0.005152,0.000547,0.006174,0.000082,0.000084,0.000091,0.000084,0.000108,0.000060,0.000061,0.000277,0.000042,0.000087,0.000087,0.000074,0.000091,0.000069,0.000137,0.000042,0.000151,0.000130,0.000129,0.000186,0.000078,0.000078,0.000078,0.000115,0.000115,0.000078,0.000098,0.015328,0.012431,0.016179,0.009973,0.000303,0.016153,0.020979,0.016227,0.017212,0.018911,0.000013,0.005370,0.005507,0.000323,0.005576,0.005302,0.000414,0.000098,0.000026,0.000162,0.000121,0.000000,0.000014,0.000039,0.000259,0.000058,0.000166,0.000235,0.005380,0.000042,0.000000,0.000027,0.000000,0.000047,0.000039,0.000039,0.000039,0.000039
scope,0.000000,0.000000,0.000913,0.000112,0.013612,0.000000,0.000513,0.000914,0.013500,0.000043,0.000051,0.001361,0.017923,0.000916,0.000000,0.000504,0.001386,0.000051,0.000051,0.013142,0.016621,0.000043,0.000043,0.000000,0.000517,0.000043,0.000000,0.000000,0.000043,0.000043,0.001090,0.000112,0.000000,0.000579,0.000112,0.000000,0.000043,0.013633,0.000043,0.001083,0.000915,0.000517,0.000000,0.000051,0.000000,0.018338,0.013842,0.013953,0.013338,0.013380,0.000000,0.000518,0.000162,0.000899,0.000112,0.013437,0.000158,0.001076,0.000169,0.018174,0.000000,0.000051,0.000112,0.000112,0.000166,0.001146,0.000920,0.000277,0.000112,0.000112,0.000112,0.000112,0.000000,0.000318,0.000433,0.000043,1.004176,0.000895,0.030091,0.000902,0.000521,0.000112,0.000043,0.029639,0.000000,0.000000,0.000043,0.000000,0.000922,0.000112,0.000112,0.013523,0.000112,0.000000,0.016710,0.001072,0.000043,0.000916,0.000534,0.000430,0.000498,0.000270,0.000605,0.000290,0.000307,0.000290,0.000736,0.000736,0.000292,0.000362,0.012381,0.000430,0.000290,0.000205,0.000290,0.000103,0.000196,0.000091,0.000035,0.000452,0.000699,0.000699,0.015595,0.012683,0.000391,0.012679,0.000675,0.012739,0.016174,0.015529,0.012805,0.000458,0.000439,0.000562,0.000266,0.000266,0.000286,0.000361,0.000524,0.000220,0.000406,0.000049,0.000726,0.000369,0.000071,0.000412,0.000233,0.000409,0.000121,0.000086,0.000511,0.000087,0.000340,0.000363,0.006249,0.000324,0.000093,0.000038,0.000000,0.007581,0.000526,0.009338,0.000401,0.000515,0.000238,0.000138,0.000328,0.000230,0.000265,0.000022,0.000146,0.000251,0.000981,0.000981,0.000668,0.000572
set,0.000010,0.000025,0.023112,0.000191,0.015290,0.000183,0.000080,0.014772,0.015302,0.000432,0.000073,0.014771,0.000192,0.014746,0.000183,0.000079,0.014766,0.000073,0.000073,0.015237,0.000697,0.000430,0.000138,0.000025,0.000081,0.000138,0.000010,0.000025,0.000434,0.000439,0.000200,0.000191,0.000010,0.000081,0.000190,0.000025,0.000436,0.015280,0.000434,0.000010,0.023123,0.000081,0.000025,0.000073,0.000010,0.000074,0.015338,0.015340,0.015268,0.015265,0.000184,0.000000,0.000084,0.023066,0.000186,0.015316,0.000063,0.000010,0.000088,0.000000,0.000025,0.000073,0.000189,0.000189,0.000084,0.000201,0.014905,0.000180,0.000188,0.000190,0.000189,0.000187,0.000025,0.000178,0.000025,0.000432,0.000672,1.003772,0.000662,0.023077,0.000080,0.000191,0.000434,0.000652,0.000189,0.000184,0.000138,0.000025,0.023135,0.008627,0.000190,0.015312,0.000187,0.000010,0.000693,0.000010,0.000433,0.014898,0.004330,0.000137,0.004305,0.000238,0.005093,0.000281,0.000299,0.000105,0.000098,0.000098,0.000290,0.000210,0.001016,0.000137,0.000097,0.000107,0.000097,0.000080,0.000142,0.000050,0.000131,0.000082,0.000110,0.000110,0.000709,0.000707,0.000123,0.000829,0.000127,0.000732,0.000834,0.000663,0.000850,0.000145,0.000130,0.000143,0.000169,0.000169,0.000143,0.000132,0.007766,0.000436,0.005378,0.000374,0.004997,0.005310,0.000530,0.005362,0.000369,0.004600,0.000011,0.000063,0.007677,0.000302,0.004561,0.004546,0.000394,0.000105,0.000104,0.000240,0.000180,0.000000,0.000026,0.000000,0.004263,0.000126,0.000102,0.000160,0.004436,0.000011,0.000010,0.000000,0.000011,0.000000,0.000000,0.000000,0.000000,0.000016
shadowing,0.000000,0.000000,0.000907,0.000113,0.013585,0.000000,0.000510,0.000909,0.013451,0.000044,0.000051,0.001352,0.017776,0.000911,0.000000,0.000502,0.001378,0.000051,0.000051,0.013234,0.016424,0.000044,0.000044,0.000000,0.000515,0.000044,0.000000,0.000000,0.000044,0.000044,0.001084,0.000113,0.000000,0.000576,0.000113,0.000000,0.000044,0.013588,0.000044,0.001084,0.000910,0.000515,0.000000,0.000051,0.000000,0.018136,0.013626,0.013632,0.013505,0.013421,0.000000,0.000522,0.000159,0.000893,0.000113,0.013346,0.000156,0.001077,0.000167,0.018249,0.000000,0.000051,0.000113,0.000113,0.000164,0.001138,0.000914,0.000276,0.000113,0.000113,0.000113,0.000113,0.000000,0.000316,0.000436,0.000044,0.030371,0.000889,1.004138,0.000897,0.000519,0.000113,0.000044,0.029810,0.000000,0.000000,0.000044,0.000000,0.000916,0.000113,0.000113,0.013327,0.000113,0.000000,0.016419,0.001073,0.000044,0.000910,0.000532,0.000430,0.000495,0.000268,0.000602,0.000289,0.000306,0.000288,0.000733,0.000733,0.000291,0.000361,0.012477,0.000430,0.000290,0.000203,0.000290,0.000104,0.000195,0.000092,0.000036,0.000454,0.000701,0.000701,0.015718,0.012781,0.000395,0.012777,0.000676,0.012837,0.016301,0.015653,0.012903,0.000459,0.000440,0.000565,0.000269,0.000269,0.000288,0.000364,0.000522,0.000222,0.000405,0.000049,0.000726,0.000368,0.000071,0.000412,0.000235,0.000409,0.000122,0.000087,0.000509,0.000088,0.000339,0.000363,0.006293,0.000327,0.000094,0.000038,0.000000,0.007641,0.000530,0.009413,0.000400,0.000517,0.000240,0.000136,0.000327,0.000232,0.000265,0.000022,0.000147,0.000253,0.000986,0.000986,0.000673,0.000576
slice,0.000010,0.000025,0.023119,0.000191,0.015357,0.000183,0.000081,0.014775,0.015333,0.000431,0.000072,0.014736,0.000192,0.014888,0.000183,0.000080,0.014818,0.000072,0.000072,0.015172,0.000698,0.000429,0.000137,0.000025,0.000082,0.000137,0.000010,0.000025,0.000433,0.000438,0.000200,0.000190,0.000010,0.000081,0.000190,0.000025,0.000435,0.015338,0.000433,0.000010,0.023055,0.000081,0.000025,0.000072,0.000010,0.000073,0.015382,0.015376,0.015452,0.015348,0.000183,0.000000,0.000083,0.023025,0.000186,0.015251,0.000063,0.000010,0.000088,0.000000,0.000025,0.000072,0.000189,0.000189,0.000083,0.000201,0.014993,0.000179,0.000188,0.000190,0.000189,0.000187,0.000025,0.000177,0.000025,0.000431,0.000674,0.022940,0.000664,1.003796,0.000081,0.000191,0.000433,0.000654,0.000188,0.000183,0.000137,0.000025,0.023171,0.008580,0.000190,0.015247,0.000186,0.000010,0.000694,0.000010,0.000432,0.014918,0.004310,0.000136,0.004285,0.000237,0.005070,0.000279,0.000297,0.000105,0.000097,0.000097,0.000288,0.000209,0.001017,0.000136,0.000097,0.000106,0.000097,0.000080,0.000141,0.000050,0.000130,0.000082,0.000110,0.000110,0.000710,0.000708,0.000123,0.000830,0.000127,0.000733,0.000836,0.000665,0.000852,0.000145,0.000130,0.000144,0.000169,0.000169,0.000144,0.000132,0.007731,0.000435,0.005354,0.000373,0.004975,0.005286,0.000528,0.005338,0.000368,0.004580,0.000011,0.000063,0.007642,0.000301,0.004540,0.004526,0.000393,0.000105,0.000104,0.000239,0.000179,0.000000,0.000025,0.000000,0.004243,0.000126,0.000101,0.000159,0.004415,0.000011,0.000010,0.000000,0.000011,0.000000,0.000000,0.000000,0.000000,0.000016
struct,0.000034,0.000000,0.000048,0.008138,0.000238,0.000019,0.014553,0.000048,0.000238,0.000000,0.000042,0.000177,0.000172,0.006100,0.000019,0.014249,0.000185,0.000042,0.000042,0.000233,0.008791,0.000000,0.000000,0.000000,0.014776,0.000000,0.000034,0.000000,0.000000,0.000000,0.009243,0.008305,0.000034,0.014689,0.008376,0.000000,0.000000,0.000238,0.000000,0.009214,0.000048,0.014916,0.000000,0.000042,0.000034,0.000111,0.000244,0.000245,0.000235,0.000238,0.000019,0.000252,0.000076,0.000047,0.008071,0.000235,0.000070,0.008768,0.000051,0.000291,0.000000,0.000042,0.008230,0.008177,0.000076,0.008792,0.000048,0.000862,0.008072,0.008267,0.008174,0.008078,0.000000,0.000879,0.000223,0.000000,0.000228,0.000047,0.000225,0.000047,1.002894,0.008262,0.000000,0.000224,0.000019,0.000019,0.000000,0.000000,0.000048,0.000790,0.008298,0.000237,0.008112,0.000034,0.009267,0.008789,0.000000,0.000048,0.000149,0.000473,0.000167,0.000152,0.000079,0.000067,0.000068,0.000237,0.006512,0.006512,0.000079,0.000206,0.000181,0.000473,0.000209,0.000075,0.000209,0.000108,0.000067,0.000112,0.000112,0.009489,0.012453,0.012453,0.006947,0.004039,0.007531,0.000579,0.012560,0.005008,0.004633,0.003731,0.000690,0.009720,0.009603,0.009656,0.007656,0.007656,0.007580,0.007750,0.000052,0.000073,0.000011,0.000079,0.009540,0.000049,0.000017,0.000034,0.000225,0.000182,0.000147,0.000014,0.000046,0.000051,0.000042,0.000026,0.000282,0.007709,0.007346,0.000016,0.000016,0.000313,0.000244,0.000426,0.000082,0.009661,0.000166,0.003343,0.000055,0.000255,0.003440,0.000098,0.000240,0.000302,0.004446,0.004446,0.000497,0.000269
subtyping,0.000000,0.000000,0.000125,0.015978,0.000101,0.000021,0.009082,0.000050,0.000101,0.000000,0.000000,0.000050,0.000000,0.007037,0.000021,0.008986,0.000050,0.000000,0.000000,0.000100,0.000600,0.000000,0.000000,0.000000,0.009231,0.000000,0.000000,0.000000,0.000000,0.000000,0.000558,0.016140,0.000000,0.009229,0.016160,0.000000,0.000000,0.000101,0.000000,0.000556,0.000126,0.009155,0.000000,0.000000,0.000000,0.000117,0.000101,0.000101,0.000100,0.000100,0.000021,0.000000,0.000101,0.000123,0.015822,0.000101,0.000120,0.000548,0.000107,0.000000,0.000000,0.000000,0.015938,0.016002,0.000105,0.000554,0.000050,0.009450,0.015844,0.015967,0.015901,0.015821,0.000000,0.009507,0.000000,0.000000,0.000055,0.000123,0.000055,0.000124,0.009145,1.003299,0.000000,0.000055,0.000021,0.000021,0.000000,0.000000,0.000128,0.009222,0.016157,0.000101,0.015888,0.000000,0.000627,0.000548,0.000000,0.000050,0.000199,0.000510,0.000210,0.000194,0.000109,0.000097,0.000097,0.000301,0.000758,0.000758,0.000112,0.000252,0.000051,0.000510,0.000251,0.000111,0.000251,0.000087,0.000097,0.000100,0.000070,0.008511,0.008761,0.008761,0.004320,0.004109,0.008461,0.000403,0.010866,0.005171,0.000678,0.000499,0.000483,0.010715,0.010659,0.010692,0.010610,0.010610,0.010549,0.008755,0.000029,0.000042,0.000012,0.000062,0.008581,0.000024,0.000000,0.000034,0.000205,0.000178,0.000114,0.000016,0.000029,0.000057,0.000024,0.000029,0.000110,0.008720,0.008310,0.000018,0.000018,0.000000,0.000000,0.000057,0.000040,0.010670,0.000102,0.000216,0.000010,0.000199,0.000341,0.000025,0.000194,0.000247,0.000308,0.000308,0.000130,0.000019
switch_match,0.000000,0.000036,0.000427,0.000000,0.000468,0.000095,0.000000,0.000511,0.000467,0.023990,0.000039,0.000427,0.000000,0.000430,0.000095,0.000000,0.000431,0.000039,0.000039,0.000463,0.000032,0.023969,0.014759,0.000036,0.000000,0.014796,0.000000,0.000036,0.024938,0.024187,0.000000,0.000000,0.000000,0.000000,0.000000,0.000036,0.024011,0.000467,0.025531,0.000000,0.000427,0.000000,0.000036,0.000039,0.000000,0.000023,0.000470,0.000471,0.000465,0.000465,0.000095,0.000000,0.000027,0.000425,0.000000,0.000466,0.000023,0.000000,0.000059,0.000000,0.000036,0.000039,0.000000,0.000000,0.000027,0.000000,0.012578,0.000023,0.000000,0.000000,0.000000,0.000000,0.000036,0.000023,0.000036,0.023991,0.000032,0.000424,0.000032,0.000426,0.000000,0.000000,1.005205,0.000032,0.000095,0.000095,0.014768,0.000036,0.000432,0.000000,0.000000,0.000468,0.000000,0.000000,0.000032,0.000000,0.025406,0.012577,0.000240,0.000081,0.000196,0.000212,0.000554,0.000517,0.000587,0.000109,0.000079,0.000079,0.005114,0.000542,0.006129,0.000081,0.000083,0.000090,0.000083,0.000107,0.000060,0.000061,0.000275,0.000042,0.000086,0.000086,0.000073,0.000090,0.000069,0.000136,0.000042,0.000149,0.000129,0.000128,0.000184,0.000078,0.000078,0.000078,0.000114,0.000114,0.000078,0.000097,0.015218,0.012342,0.016063,0.009902,0.000301,0.016038,0.020829,0.016111,0.017089,0.018776,0.000013,0.005330,0.005466,0.000319,0.005535,0.005263,0.000410,0.000097,0.000026,0.000160,0.000119,0.000000,0.000014,0.000039,0.000257,0.000058,0.000165,0.000233,0.005341,0.000042,0.000000,0.000027,0.000000,0.000047,0.000039,0.000039,0.000039,0.000039
symbol_table,0.000000,0.000000,0.000902,0.000115,0.013380,0.000000,0.000512,0.000904,0.013379,0.000044,0.000052,0.001346,0.017692,0.000906,0.000000,0.000504,0.001371,0.000052,0.000052,0.013330,0.016372,0.000044,0.000044,0.000000,0.000516,0.000044,0.000000,0.000000,0.000044,0.000044,0.001083,0.000115,0.000000,0.000577,0.000115,0.000000,0.000044,0.013429,0.000044,0.001083,0.000905,0.000516,0.000000,0.000052,0.000000,0.017951,0.013530,0.013516,0.013359,0.013452,0.000000,0.000521,0.000158,0.000888,0.000115,0.013364,0.000155,0.001077,0.000165,0.018032,0.000000,0.000052,0.000115,0.000115,0.000162,0.001138,0.000909,0.000275,0.000115,0.000115,0.000115,0.000115,0.000000,0.000315,0.000434,0.000044,0.030205,0.000884,0.030100,0.000892,0.000520,0.000115,0.000044,1.004083,0.000000,0.000000,0.000044,0.000000,0.000911,0.000115,0.000115,0.013373,0.000115,0.000000,0.016398,0.001073,0.000044,0.000905,0.000530,0.000431,0.000491,0.000267,0.000599,0.000288,0.000305,0.000287,0.000734,0.000734,0.000291,0.000360,0.012578,0.000431,0.000289,0.000202,0.000289,0.000105,0.000193,0.000093,0.000036,0.000457,0.000705,0.000705,0.015848,0.012886,0.000399,0.012880,0.000681,0.012942,0.016435,0.015784,0.013007,0.000463,0.000443,0.000569,0.000271,0.000271,0.000291,0.000368,0.000520,0.000224,0.000404,0.000050,0.000727,0.000367,0.000072,0.000411,0.000238,0.000409,0.000123,0.000088,0.000507,0.000088,0.000338,0.000362,0.006338,0.000330,0.000095,0.000038,0.000000,0.007697,0.000529,0.009483,0.000400,0.000521,0.000243,0.000136,0.000326,0.000235,0.000266,0.000022,0.000149,0.000256,0.000986,0.000986,0.000674,0.000576
task_async,0.000000,0.000000,0.000389,0.000065,0.000389,0.048526,0.000065,0.021684,0.000389,0.000198,0.000000,0.000392,0.000000,0.000440,0.048569,0.000065,0.000389,0.000000,0.000000,0.000385,0.000000,0.000198,0.000198,0.000000,0.000065,0.000198,0.000000,0.000000,0.000198,0.000198,0.000000,0.000065,0.000000,0.000065,0.000065,0.000000,0.000198,0.000387,0.000198,0.000000,0.000392,0.000065,0.000000,0.000000,0.000000,0.000254,0.000388,0.000388,0.000388,0.000386,0.048604,0.000000,0.000255,0.000385,0.000065,0.000394,0.029042,0.000000,0.000260,0.000000,0.000000,0.000000,0.000065,0.000065,0.000256,0.000000,0.000388,0.000259,0.000065,0.000065,0.000065,0.000065,0.000000,0.000256,0.000000,0.000198,0.000000,0.000385,0.000000,0.000386,0.000065,0.000065,0.000198,0.000000,1.009509,0.048987,0.000198,0.000000,0.000389,0.000000,0.000065,0.000393,0.000065,0.000000,0.000000,0.000000,0.000198,0.000389,0.000955,0.000469,0.000486,0.000609,0.000634,0.000704,0.000576,0.000282,0.000291,0.000291,0.000917,0.000469,0.000688,0.000469,0.000505,0.000506,0.000505,0.000320,0.000604,0.000675,0.000478,0.000070,0.000070,0.000070,0.000000,0.000000,0.000201,0.000132,0.000070,0.000000,0.000022,0.000000,0.000022,0.000070,0.000096,0.000070,0.000096,0.000096,0.000070,0.000285,0.000464,0.000246,0.000483,0.000000,0.000247,0.000351,0.000292,0.000539,0.000193,0.000538,0.000279,0.000660,0.024983,0.025473,0.020558,0.024765,0.000271,0.000193,0.011849,0.037547,0.037338,0.000000,0.000000,0.000000,0.000484,0.000069,0.000069,0.000128,0.000553,0.000033,0.000000,0.000000,0.000240,0.000000,0.000000,0.000000,0.000000,0.000000
thread,0.000000,0.000000,0.000376,0.000065,0.000376,0.049545,0.000065,0.020609,0.000376,0.000197,0.000000,0.000379,0.000000,0.000427,0.048761,0.000065,0.000377,0.000000,0.000000,0.000372,0.000000,0.000197,0.000197,0.000000,0.000065,0.000197,0.000000,0.000000,0.000197,0.000197,0.000000,0.000065,0.000000,0.000065,0.000065,0.000000,0.000197,0.000375,0.000197,0.000000,0.000379,0.000065,0.000000,0.000000,0.000000,0.000257,0.000375,0.000375,0.000375,0.000374,0.049224,0.000000,0.000258,0.000372,0.000065,0.000380,0.029362,0.000000,0.000263,0.000000,0.000000,0.000000,0.000065,0.000065,0.000259,0.000000,0.000375,0.000262,0.000065,0.000065,0.000065,0.000065,0.000000,0.000259,0.000000,0.000197,0.000000,0.000372,0.000000,0.000373,0.000065,0.000065,0.000197,0.000000,0.048726,1.009666,0.000197,0.000000,0.000376,0.000000,0.000065,0.000379,0.000065,0.000000,0.000000,0.000000,0.000197,0.000376,0.000951,0.000471,0.000485,0.000610,0.000631,0.000705,0.000577,0.000285,0.000293,0.000293,0.000916,0.000471,0.000684,0.000471,0.000507,0.000507,0.000507,0.000318,0.000605,0.000672,0.000476,0.000070,0.000070,0.000070,0.000000,0.000000,0.000200,0.000131,0.000070,0.000000,0.000022,0.000000,0.000022,0.000070,0.000095,0.000070,0.000095,0.000095,0.000070,0.000284,0.000457,0.000245,0.000477,0.000000,0.000242,0.000345,0.000291,0.000533,0.000192,0.000532,0.000277,0.000656,0.024889,0.025381,0.020480,0.024674,0.000269,0.000192,0.011814,0.037422,0.037216,0.000000,0.000000,0.000000,0.000479,0.000068,0.000069,0.000128,0.000547,0.000032,0.000000,0.000000,0.000239,0.000000,0.000000,0.000000,0.000000,0.000000
throw_raise,0.000000,0.000138,0.000215,0.000000,0.000277,0.000151,0.000000,0.000349,0.000277,0.023478,0.000063,0.000215,0.000000,0.000215,0.000151,0.000000,0.000215,0.000063,0.000063,0.000277,0.000051,0.023368,0.035185,0.000138,0.000000,0.035625,0.000000,0.000138,0.023685,0.024374,0.000000,0.000000,0.000000,0.000000,0.000000,0.000138,0.023753,0.000277,0.023641,0.000000,0.000215,0.000000,0.000138,0.000063,0.000000,0.000036,0.000277,0.000277,0.000277,0.000277,0.000151,0.000000,0.000044,0.000215,0.000000,0.000277,0.000036,0.000000,0.000174,0.000000,0.000138,0.000063,0.000000,0.000000,0.000044,0.000000,0.002258,0.000036,0.000000,0.000000,0.000000,0.000000,0.000138,0.000036,0.000138,0.023470,0.000051,0.000215,0.000051,0.000215,0.000000,0.000000,0.023589,0.000051,0.000151,0.000151,1.004711,0.000138,0.000215,0.000000,0.000000,0.000277,0.000000,0.000000,0.000051,0.000000,0.023576,0.002267,0.000358,0.000093,0.000119,0.000194,0.000423,0.000508,0.000452,0.000048,0.000046,0.000046,0.007760,0.000385,0.009209,0.000093,0.000207,0.000229,0.000207,0.000224,0.000095,0.000205,0.000321,0.000028,0.000062,0.000062,0.000079,0.000051,0.000156,0.000234,0.000028,0.000102,0.000120,0.000085,0.000120,0.000028,0.000028,0.000056,0.000056,0.000056,0.000056,0.000070,0.009383,0.002323,0.010943,0.001790,0.000185,0.010743,0.018286,0.010825,0.012779,0.015127,0.000021,0.020434,0.007773,0.000533,0.007812,0.007676,0.000243,0.000070,0.000041,0.000343,0.000278,0.000000,0.000022,0.000000,0.000333,0.000000,0.000136,0.000222,0.007779,0.000028,0.000000,0.000127,0.000000,0.000032,0.000000,0.000000,0.000000,0.000000
time,0.000160,0.043833,0.000045,0.000000,0.000045,0.000000,0.000000,0.000045,0.000045,0.000066,0.000079,0.000045,0.000000,0.000045,0.000000,0.000000,0.000045,0.000079,0.000079,0.000045,0.000000,0.000066,0.000158,0.043522,0.000000,0.000158,0.000160,0.043746,0.000066,0.000066,0.000000,0.000000,0.000160,0.000000,0.000000,0.043703,0.000066,0.000045,0.000066,0.000246,0.000045,0.000000,0.043455,0.000079,0.000160,0.000410,0.000045,0.000045,0.000045,0.000045,0.000000,0.000244,0.000501,0.000045,0.000000,0.000045,0.000402,0.000246,0.027589,0.000245,0.043828,0.000079,0.000000,0.000000,0.000505,0.000000,0.000045,0.000427,0.000000,0.000000,0.000000,0.000000,0.043962,0.000436,0.027079,0.000066,0.000000,0.000045,0.000000,0.000045,0.000000,0.000000,0.000066,0.000000,0.000000,0.000000,0.000158,1.009486,0.000045,0.000000,0.000000,0.000045,0.000000,0.000160,0.000000,0.000247,0.000066,0.000045,0.009632,0.000697,0.000514,0.000659,0.000497,0.000623,0.000497,0.000467,0.000477,0.000477,0.009625,0.000499,0.000280,0.000697,0.009604,0.011369,0.009604,0.000370,0.000632,0.000395,0.010937,0.000088,0.000000,0.000000,0.000000,0.000000,0.000177,0.000171,0.000000,0.000000,0.000000,0.000065,0.000033,0.000000,0.000047,0.000000,0.000069,0.000069,0.000000,0.000184,0.000061,0.000000,0.000190,0.000000,0.000038,0.000063,0.000110,0.000023,0.000055,0.000150,0.000127,0.009127,0.000127,0.000213,0.000021,0.000068,0.000082,0.000000,0.000093,0.000167,0.000123,0.000239,0.000368,0.000239,0.009129,0.000000,0.000086,0.000115,0.000206,0.000175,0.000129,0.000224,0.000191,0.000125,0.000239,0.000239,0.000239,0.000403
tuple,0.000010,0.000024,0.022906,0.000195,0.015435,0.000181,0.000080,0.014807,0.015441,0.000430,0.000071,0.014873,0.000196,0.014922,0.000182,0.000080,0.015173,0.000071,0.000071,0.015037,0.000702,0.000429,0.000135,0.000024,0.000082,0.000135,0.000010,0.000024,0.000433,0.000438,0.000204,0.000194,0.000010,0.000081,0.000194,0.000024,0.000435,0.015423,0.000433,0.000009,0.022940,0.000081,0.000024,0.000071,0.000010,0.000072,0.015694,0.015749,0.015190,0.015217,0.000182,0.000000,0.000082,0.022758,0.000190,0.015359,0.000062,0.000009,0.000086,0.000000,0.000024,0.000071,0.000193,0.000193,0.000082,0.000205,0.015306,0.000182,0.000192,0.000193,0.000193,0.000190,0.000024,0.000180,0.000024,0.000431,0.000678,0.022645,0.000668,0.022817,0.000081,0.000194,0.000432,0.000658,0.000187,0.000182,0.000135,0.000024,1.003848,0.008827,0.000194,0.015424,0.000190,0.000010,0.000698,0.000009,0.000432,0.015094,0.004258,0.000134,0.004234,0.000233,0.005008,0.000275,0.000293,0.000103,0.000096,0.000096,0.000284,0.000206,0.001018,0.000134,0.000095,0.000105,0.000095,0.000078,0.000139,0.000049,0.000128,0.000082,0.000110,0.000110,0.000715,0.000714,0.000123,0.000834,0.000129,0.000738,0.000840,0.000668,0.000856,0.000146,0.000131,0.000145,0.000170,0.000170,0.000145,0.000132,0.007642,0.000434,0.005293,0.000373,0.004916,0.005226,0.000526,0.005277,0.000367,0.004529,0.000011,0.000062,0.007551,0.000298,0.004486,0.004472,0.000395,0.000105,0.000104,0.000238,0.000178,0.000000,0.000025,0.000000,0.004192,0.000127,0.000099,0.000157,0.004361,0.000011,0.000010,0.000000,0.000010,0.000000,0.000000,0.000000,0.000000,0.000015
tuple_type,0.000000,0.000000,0.010997,0.018189,0.000794,0.000000,0.001687,0.000697,0.000796,0.000000,0.000000,0.000700,0.000000,0.001945,0.000000,0.001678,0.000698,0.000000,0.000000,0.000788,0.000268,0.000000,0.000000,0.000000,0.001700,0.000000,0.000000,0.000000,0.000000,0.000000,0.000170,0.017941,0.000000,0.001700,0.017875,0.000000,0.000000,0.000793,0.000000,0.000170,0.011106,0.001695,0.000000,0.000000,0.000000,0.000200,0.000796,0.000797,0.000792,0.000790,0.000000,0.000000,0.000194,0.010781,0.017663,0.000803,0.000191,0.000170,0.000205,0.000000,0.000000,0.000000,0.017804,0.017807,0.000200,0.000170,0.000697,0.017091,0.017891,0.017810,0.017836,0.017663,0.000000,0.016849,0.000000,0.000000,0.000105,0.010778,0.000105,0.010783,0.001692,0.017848,0.000000,0.000105,0.000000,0.000000,0.000000,0.000000,0.011267,1.002409,0.017885,0.000798,0.017664,0.000000,0.000306,0.000170,0.000000,0.000696,0.000413,0.000358,0.000438,0.000238,0.000415,0.000187,0.000187,0.000373,0.000494,0.000494,0.000187,0.000300,0.000099,0.000358,0.000271,0.000187,0.000271,0.000040,0.000187,0.000039,0.000000,0.001644,0.001714,0.001714,0.006933,0.006888,0.001611,0.000232,0.008060,0.008587,0.000332,0.000287,0.000312,0.008014,0.007974,0.007962,0.007913,0.007913,0.007867,0.001626,0.000343,0.000054,0.000229,0.000045,0.001885,0.000229,0.000000,0.000244,0.000107,0.000244,0.000025,0.000000,0.000343,0.000000,0.000196,0.000196,0.000045,0.001626,0.001534,0.000000,0.000000,0.000000,0.000000,0.000033,0.000196,0.008019,0.000061,0.000049,0.000196,0.000098,0.000138,0.000015,0.000075,0.000127,0.000123,0.000123,0.000094,0.000000
type_inference,0.000000,0.000000,0.000125,0.015880,0.000100,0.000021,0.009115,0.000049,0.000101,0.000000,0.000000,0.000049,0.000000,0.006972,0.000021,0.008943,0.000050,0.000000,0.000000,0.000099,0.000601,0.000000,0.000000,0.000000,0.009256,0.000000,0.000000,0.000000,0.000000,0.000000,0.000559,0.016141,0.000000,0.009266,0.016162,0.000000,0.000000,0.000100,0.000000,0.000557,0.000126,0.009203,0.000000,0.000000,0.000000,0.000118,0.000101,0.000101,0.000100,0.000100,0.000021,0.000000,0.000102,0.000123,0.015879,0.000100,0.000121,0.000549,0.000108,0.000000,0.000000,0.000000,0.015946,0.016052,0.000105,0.000555,0.000050,0.009451,0.015838,0.015940,0.015910,0.015824,0.000000,0.009622,0.000000,0.000000,0.000054,0.000123,0.000054,0.000123,0.009175,0.016140,0.000000,0.000054,0.000021,0.000021,0.000000,0.000000,0.000128,0.009231,1.003303,0.000101,0.015848,0.000000,0.000628,0.000549,0.000000,0.000050,0.000199,0.000510,0.000210,0.000194,0.000110,0.000098,0.000098,0.000302,0.000759,0.000759,0.000113,0.000253,0.000051,0.000510,0.000251,0.000112,0.000251,0.000087,0.000098,0.000100,0.000070,0.008504,0.008754,0.008754,0.004317,0.004106,0.008453,0.000403,0.010858,0.005167,0.000678,0.000499,0.000482,0.010706,0.010650,0.010684,0.010601,0.010601,0.010540,0.008747,0.000029,0.000042,0.000012,0.000062,0.008574,0.000024,0.000000,0.000034,0.000205,0.000178,0.000114,0.000016,0.000029,0.000057,0.000024,0.000029,0.000109,0.008712,0.008303,0.000018,0.000018,0.000000,0.000000,0.000057,0.000040,0.010661,0.000102,0.000216,0.000010,0.000199,0.000341,0.000025,0.000193,0.000247,0.000308,0.000308,0.000130,0.000019
unary_op,0.000007,0.000018,0.011205,0.000110,0.017784,0.000133,0.000285,0.011070,0.018112,0.000339,0.000052,0.011253,0.000412,0.010949,0.000133,0.000281,0.010935,0.000052,0.000052,0.017381,0.007391,0.000338,0.000126,0.000018,0.000288,0.000126,0.000007,0.000018,0.000341,0.000345,0.000382,0.000111,0.000007,0.000287,0.000111,0.000018,0.000343,0.017508,0.000341,0.000239,0.011427,0.000287,0.000018,0.000052,0.000007,0.000323,0.017656,0.017652,0.017473,0.017494,0.000134,0.000000,0.000060,0.010917,0.000109,0.018090,0.000045,0.000233,0.000063,0.000270,0.000018,0.000052,0.000111,0.000111,0.000060,0.000378,0.010981,0.000101,0.000110,0.000111,0.000111,0.000110,0.000018,0.000115,0.000018,0.000340,0.007238,0.010907,0.007068,0.010926,0.000289,0.000112,0.000341,0.007024,0.000137,0.000133,0.000126,0.000018,0.011224,0.000455,0.000111,1.003639,0.000109,0.000007,0.007249,0.000233,0.000340,0.011130,0.003190,0.000236,0.003116,0.000193,0.003717,0.000228,0.000244,0.000099,0.000302,0.000302,0.000279,0.000216,0.008321,0.000236,0.000130,0.000107,0.000130,0.000108,0.000101,0.000095,0.000116,0.000285,0.000402,0.000402,0.007144,0.007037,0.000310,0.008340,0.000358,0.007071,0.008701,0.007099,0.008611,0.000295,0.000256,0.000334,0.000223,0.000223,0.000238,0.000297,0.005648,0.000393,0.003942,0.000270,0.003827,0.003873,0.000410,0.003923,0.000395,0.003425,0.000083,0.000101,0.005584,0.000275,0.003329,0.003334,0.000376,0.000241,0.000112,0.000199,0.000131,0.000123,0.000018,0.000164,0.003173,0.000314,0.000207,0.000171,0.003256,0.000126,0.000137,0.000012,0.000082,0.000141,0.000128,0.000128,0.000047,0.000033
union_sum,0.000000,0.000000,0.000124,0.015954,0.000100,0.000021,0.009006,0.000048,0.000100,0.000000,0.000000,0.000048,0.000000,0.006804,0.000021,0.008966,0.000049,0.000000,0.000000,0.000099,0.000599,0.000000,0.000000,0.000000,0.009148,0.000000,0.000000,0.000000,0.000000,0.000000,0.000556,0.016006,0.000000,0.009050,0.015985,0.000000,0.000000,0.000100,0.000000,0.000554,0.000125,0.009022,0.000000,0.000000,0.000000,0.000115,0.000100,0.000100,0.000099,0.000099,0.000021,0.000000,0.000100,0.000122,0.015906,0.000099,0.000119,0.000546,0.000105,0.000000,0.000000,0.000000,0.015980,0.016012,0.000103,0.000552,0.000049,0.009401,0.015916,0.015953,0.015990,0.015906,0.000000,0.009356,0.000000,0.000000,0.000055,0.000121,0.000055,0.000122,0.009055,0.016023,0.000000,0.000055,0.000021,0.000021,0.000000,0.000000,0.000126,0.009204,0.015999,0.000100,1.003270,0.000000,0.000625,0.000546,0.000000,0.000049,0.000198,0.000512,0.000209,0.000193,0.000108,0.000096,0.000096,0.000301,0.000757,0.000757,0.000111,0.000252,0.000051,0.000512,0.000250,0.000110,0.000250,0.000088,0.000096,0.000101,0.000071,0.008567,0.008816,0.008816,0.004346,0.004135,0.008517,0.000406,0.010935,0.005204,0.000680,0.000501,0.000487,0.010784,0.010728,0.010762,0.010680,0.010680,0.010618,0.008813,0.000029,0.000043,0.000011,0.000062,0.008636,0.000024,0.000000,0.000034,0.000207,0.000179,0.000115,0.000016,0.000029,0.000057,0.000023,0.000029,0.000110,0.008777,0.008365,0.000018,0.000018,0.000000,0.000000,0.000057,0.000040,0.010739,0.000103,0.000215,0.000010,0.000201,0.000341,0.000025,0.000195,0.000249,0.000307,0.000307,0.000131,0.000019
unsafe,0.034029,0.000124,0.000014,0.000000,0.000014,0.000000,0.000079,0.000014,0.000014,0.000000,0.000000,0.000014,0.000000,0.000014,0.000000,0.000079,0.000014,0.000000,0.000000,0.000014,0.000079,0.000000,0.000000,0.000124,0.000079,0.000000,0.033970,0.000124,0.000000,0.000000,0.000079,0.000000,0.032904,0.000079,0.000000,0.000124,0.000000,0.000014,0.000000,0.000079,0.000014,0.000079,0.000124,0.000000,0.033731,0.000510,0.000014,0.000014,0.000014,0.000014,0.000000,0.000000,0.020674,0.000014,0.000000,0.000014,0.000489,0.000079,0.000645,0.000000,0.000124,0.000000,0.000000,0.000000,0.020614,0.000079,0.000014,0.000511,0.000000,0.000000,0.000000,0.000000,0.000124,0.000517,0.000124,0.000000,0.000000,0.000014,0.000000,0.000014,0.000079,0.000000,0.000000,0.000000,0.000000,0.000000,0.000000,0.000124,0.000014,0.000000,0.000000,0.000014,0.000000,1.006302,0.000079,0.000079,0.000000,0.000014,0.001125,0.001316,0.007220,0.006415,0.000689,0.000791,0.000689,0.000738,0.000934,0.000934,0.000947,0.000889,0.000258,0.001316,0.007725,0.008657,0.007725,0.025770,0.008487,0.025651,0.013834,0.000253,0.000158,0.000158,0.000158,0.000083,0.001156,0.001071,0.000158,0.000342,0.000327,0.000192,0.000327,0.000158,0.000364,0.000070,0.000530,0.000530,0.000934,0.000587,0.000082,0.000000,0.000167,0.000038,0.000238,0.000053,0.000053,0.000000,0.000150,0.000059,0.022002,0.000445,0.000176,0.000185,0.000077,0.000083,0.000345,0.000358,0.000396,0.000276,0.000340,0.000000,0.000053,0.000000,0.000325,0.000083,0.000801,0.000053,0.000016,0.028815,0.022176,0.021774,0.028812,0.024035,0.000146,0.000146,0.000146,0.000077
variable,0.000043,0.000000,0.000526,0.000719,0.007770,0.000000,0.011271,0.000527,0.007700,0.000024,0.000054,0.000701,0.000595,0.000991,0.000000,0.010888,0.000709,0.000054,0.000054,0.007462,0.017917,0.000024,0.000024,0.000000,0.011490,0.000024,0.000043,0.000000,0.000024,0.000024,0.011948,0.000727,0.000043,0.011434,0.000729,0.000000,0.000024,0.007733,0.000024,0.011809,0.000528,0.011599,0.000000,0.000054,0.000043,0.000520,0.008302,0.008347,0.007529,0.007608,0.000000,0.000323,0.000113,0.000519,0.000714,0.007538,0.000080,0.010985,0.000082,0.000746,0.000000,0.000054,0.000724,0.000720,0.000114,0.011062,0.000531,0.000280,0.000715,0.000723,0.000719,0.000716,0.000000,0.002625,0.000287,0.000024,0.009363,0.000516,0.009115,0.000521,0.011849,0.000724,0.000024,0.009015,0.000000,0.000000,0.000024,0.000000,0.000532,0.000183,0.000726,0.007588,0.000716,0.000043,1.002928,0.010961,0.000024,0.000529,0.000296,0.000384,0.000268,0.000141,0.000299,0.000125,0.000129,0.000212,0.008060,0.008060,0.000161,0.000224,0.006991,0.000384,0.000214,0.000121,0.000214,0.000103,0.000101,0.000101,0.000094,0.004892,0.008557,0.008557,0.015075,0.011424,0.000967,0.008757,0.008567,0.012464,0.012481,0.011376,0.009204,0.004985,0.004821,0.004920,0.000835,0.000835,0.000825,0.000890,0.000313,0.000159,0.000213,0.000051,0.005035,0.000233,0.000047,0.000226,0.000246,0.000294,0.000141,0.000054,0.000305,0.000054,0.000200,0.000183,0.000381,0.000837,0.000657,0.000021,0.000000,0.000567,0.000313,0.000722,0.000291,0.004994,0.000268,0.004149,0.000245,0.000260,0.004259,0.000118,0.000190,0.000315,0.005580,0.005580,0.000603,0.000350
visibility,0.000053,0.000130,0.000009,0.000783,0.000306,0.000000,0.013870,0.000009,0.000307,0.000000,0.000588,0.000205,0.000651,0.000576,0.000000,0.013572,0.000217,0.000592,0.000591,0.000300,0.013570,0.000000,0.000000,0.000130,0.013996,0.000000,0.000053,0.000128,0.000000,0.000000,0.013519,0.000793,0.000053,0.013894,0.000795,0.000128,0.000000,0.000306,0.000000,0.022222,0.000009,0.013928,0.000128,0.000598,0.000053,0.000552,0.000315,0.000316,0.000303,0.000308,0.000000,0.009665,0.000122,0.000009,0.000778,0.000302,0.000081,0.022278,0.000212,0.011423,0.000128,0.000591,0.000789,0.000784,0.000122,0.013427,0.000009,0.000228,0.000778,0.000787,0.000783,0.000780,0.000128,0.000255,0.008934,0.000000,0.000748,0.000009,0.000742,0.000009,0.014008,0.000789,0.000000,0.000735,0.000000,0.000000,0.000000,0.000128,0.000009,0.000126,0.000791,0.000304,0.000780,0.000053,0.013663,1.003610,0.000000,0.000009,0.000147,0.000280,0.000135,0.000132,0.000109,0.000107,0.000109,0.000209,0.009937,0.009937,0.000147,0.000180,0.000283,0.000280,0.000213,0.000149,0.000213,0.000067,0.000107,0.000051,0.000268,0.006066,0.010561,0.010561,0.010327,0.005850,0.000909,0.000504,0.010591,0.007067,0.006771,0.005813,0.000631,0.006069,0.005805,0.005949,0.000850,0.000850,0.000792,0.000840,0.000045,0.000293,0.000000,0.000064,0.005850,0.000047,0.000027,0.000021,0.000146,0.000071,0.000081,0.000042,0.000035,0.000000,0.000037,0.000000,0.000379,0.000823,0.000764,0.000000,0.000000,0.011229,0.009156,0.011699,0.000214,0.006112,0.000276,0.005254,0.000117,0.000172,0.005301,0.000233,0.000141,0.000212,0.015839,0.015839,0.011742,0.009107
while,0.000000,0.000036,0.000426,0.000000,0.000467,0.000095,0.000000,0.000510,0.000467,0.023983,0.000039,0.000426,0.000000,0.000429,0.000095,0.000000,0.000430,0.000039,0.000039,0.000462,0.000032,0.023963,0.014685,0.000036,0.000000,0.014757,0.000000,0.000036,0.025379,0.024172,0.000000,0.000000,0.000000,0.000000,0.000000,0.000036,0.024005,0.000466,0.025394,0.000000,0.000426,0.000000,0.000036,0.000039,0.000000,0.000023,0.000470,0.000470,0.000464,0.000464,0.000095,0.000000,0.000027,0.000424,0.000000,0.000465,0.000023,0.000000,0.000059,0.000000,0.000036,0.000039,0.000000,0.000000,0.000027,0.000000,0.012521,0.000023,0.000000,0.000000,0.000000,0.000000,0.000036,0.000023,0.000036,0.023985,0.000032,0.000423,0.000032,0.000425,0.000000,0.000000,0.025395,0.000032,0.000095,0.000095,0.014754,0.000036,0.000431,0.000000,0.000000,0.000467,0.000000,0.000000,0.000032,0.000000,1.005210,0.012571,0.000240,0.000081,0.000196,0.000212,0.000553,0.000516,0.000587,0.000109,0.000079,0.000079,0.005113,0.000542,0.006127,0.000081,0.000083,0.000090,0.000083,0.000107,0.000059,0.000061,0.000275,0.000042,0.000086,0.000086,0.000073,0.000090,0.000069,0.000136,0.000042,0.000149,0.000129,0.000128,0.000184,0.000078,0.000078,0.000078,0.000114,0.000114,0.000078,0.000097,0.015214,0.012339,0.016059,0.009900,0.000300,0.016033,0.020824,0.016107,0.017085,0.018771,0.000013,0.005327,0.005464,0.000319,0.005533,0.005262,0.000410,0.000097,0.000026,0.000160,0.000119,0.000000,0.000014,0.000039,0.000257,0.000058,0.000165,0.000232,0.005339,0.000042,0.000000,0.000027,0.000000,0.000047,0.000039,0.000039,0.000039,0.000039
yield,0.000007,0.000018,0.010979,0.000055,0.011193,0.000134,0.000060,0.010791,0.011210,0.009209,0.000053,0.010725,0.000143,0.010871,0.000134,0.000059,0.010911,0.000053,0.000053,0.010974,0.000517,0.009149,0.001053,0.000018,0.000060,0.001053,0.000007,0.000018,0.009385,0.009561,0.000149,0.000056,0.000007,0.000060,0.000056,0.000018,0.009494,0.011140,0.009338,0.000007,0.011017,0.000060,0.000018,0.000053,0.000007,0.000053,0.011289,0.011315,0.011049,0.011033,0.000135,0.000000,0.000061,0.010858,0.000054,0.011159,0.000046,0.000007,0.000064,0.000000,0.000018,0.000053,0.000056,0.000056,0.000061,0.000150,0.017569,0.000046,0.000054,0.000056,0.000056,0.000054,0.000018,0.000046,0.000018,0.009246,0.000499,0.010797,0.000491,0.010876,0.000060,0.000057,0.009324,0.000484,0.000138,0.000134,0.001052,0.000018,0.011176,0.000404,0.000056,0.011324,0.000054,0.000007,0.000514,0.000007,0.009323,1.003321,0.003097,0.000116,0.003125,0.000249,0.003811,0.000400,0.000459,0.000150,0.000118,0.000118,0.000589,0.000391,0.001221,0.000116,0.000070,0.000077,0.000070,0.000076,0.000103,0.000036,0.000192,0.000078,0.000116,0.000116,0.000509,0.000532,0.000108,0.000646,0.000078,0.000563,0.000658,0.000546,0.000709,0.000125,0.000113,0.000104,0.000156,0.000156,0.000104,0.000137,0.012657,0.008349,0.010937,0.008297,0.003648,0.010937,0.008976,0.010976,0.007366,0.010535,0.000008,0.000381,0.005972,0.000261,0.003815,0.003666,0.000498,0.000117,0.000077,0.000176,0.000132,0.000000,0.000019,0.000028,0.003065,0.000101,0.000132,0.000190,0.003631,0.000026,0.000007,0.000000,0.000008,0.000020,0.000028,0.000028,0.000028,0.000039
rust.move_semantics,0.000581,0.003861,0.003100,0.000219,0.003191,0.000335,0.000182,0.003186,0.003194,0.000175,0.000080,0.003076,0.000182,0.003106,0.000332,0.000182,0.003075,0.000080,0.000080,0.003182,0.000270,0.000174,0.000164,0.003852,0.000182,0.000164,0.000581,0.003853,0.000175,0.000176,0.000167,0.000220,0.000576,0.000204,0.000220,0.003852,0.000176,0.003190,0.000175,0.000113,0.003102,0.000182,0.003849,0.000080,0.000581,0.007125,0.003195,0.003195,0.003187,0.003187,0.000334,0.000032,0.008700,0.003092,0.000216,0.003195,0.007013,0.000113,0.010596,0.000134,0.003852,0.000080,0.000219,0.000219,0.008706,0.000189,0.003050,0.007175,0.000217,0.000219,0.000218,0.000217,0.003854,0.007184,0.003594,0.000175,0.000286,0.003090,0.000282,0.003094,0.000182,0.000220,0.000175,0.000279,0.000334,0.000335,0.000164,0.003852,0.003104,0.000236,0.000220,0.003195,0.000217,0.000581,0.000283,0.000113,0.000175,0.003049,1.003023,0.013593,0.013119,0.014237,0.012272,0.013453,0.012134,0.009540,0.009229,0.009229,0.014585,0.010332,0.005134,0.013593,0.013173,0.012917,0.013173,0.004996,0.013442,0.005681,0.005537,0.000361,0.000316,0.000316,0.000354,0.000284,0.002929,0.002998,0.000268,0.000360,0.000463,0.000437,0.000458,0.000242,0.000659,0.000338,0.003842,0.003842,0.000338,0.004064,0.000753,0.000219,0.003766,0.000483,0.000587,0.000536,0.000396,0.000573,0.000236,0.000547,0.000400,0.003840,0.003529,0.004817,0.000671,0.004967,0.004369,0.000328,0.003107,0.003940,0.000505,0.000064,0.000091,0.000072,0.005098,0.000204,0.000151,0.000155,0.003632,0.000837,0.000360,0.000382,0.000844,0.000361,0.000083,0.000083,0.000031,0.000095
rust.copy_semantics,0.000745,0.000310,0.000107,0.000619,0.000259,0.000182,0.000635,0.000169,0.000259,0.000065,0.000030,0.000150,0.000147,0.000500,0.000179,0.000635,0.000150,0.000030,0.000030,0.000259,0.000384,0.000065,0.000047,0.000307,0.000635,0.000047,0.000745,0.000306,0.000065,0.000065,0.000280,0.000619,0.000740,0.000659,0.000619,0.000306,0.000065,0.000259,0.000065,0.000236,0.000107,0.000635,0.000306,0.000030,0.000745,0.007781,0.000259,0.000259,0.000259,0.000259,0.000181,0.000000,0.009787,0.000107,0.000615,0.000259,0.007628,0.000236,0.009452,0.000109,0.000306,0.000030,0.000618,0.000618,0.009794,0.000304,0.000125,0.009452,0.000616,0.000618,0.000617,0.000615,0.000306,0.009462,0.000307,0.000065,0.000253,0.000107,0.000251,0.000107,0.000635,0.000618,0.000065,0.000249,0.000180,0.000182,0.000047,0.000306,0.000107,0.000224,0.000620,0.000259,0.000615,0.000745,0.000404,0.000236,0.000065,0.000125,0.014911,1.003120,0.012887,0.012581,0.010515,0.011974,0.010551,0.011969,0.013179,0.013179,0.012716,0.013248,0.000695,0.021253,0.014968,0.012350,0.014968,0.003612,0.012246,0.006228,0.003738,0.004663,0.004751,0.004751,0.000593,0.000426,0.007276,0.007131,0.000832,0.000605,0.005474,0.004721,0.005401,0.000750,0.006347,0.004739,0.008974,0.008974,0.004782,0.010128,0.000356,0.000178,0.000335,0.000490,0.004595,0.000257,0.000256,0.000269,0.000348,0.003526,0.003503,0.000412,0.000396,0.004216,0.000308,0.000667,0.004161,0.006592,0.007274,0.000327,0.000358,0.000048,0.000026,0.000080,0.003061,0.000691,0.000296,0.000138,0.000312,0.005038,0.000642,0.000494,0.005775,0.000780,0.000133,0.000133,0.000028,0.000061
rust.shared_borrow,0.004057,0.000227,0.003351,0.000252,0.003390,0.000185,0.000222,0.003306,0.003393,0.000155,0.000000,0.003347,0.000245,0.003358,0.000183,0.000221,0.003346,0.000000,0.000000,0.003380,0.000265,0.000155,0.000059,0.000224,0.000222,0.000059,0.004056,0.000223,0.000156,0.000157,0.000228,0.000253,0.004039,0.000250,0.000253,0.000224,0.000156,0.003388,0.000156,0.000113,0.003353,0.000222,0.000223,0.000000,0.004053,0.009080,0.003394,0.003394,0.003386,0.003385,0.000185,0.000000,0.011503,0.003343,0.000249,0.003395,0.007595,0.000113,0.007861,0.000139,0.000223,0.000000,0.000252,0.000252,0.011510,0.000258,0.003346,0.007837,0.000250,0.000252,0.000251,0.000249,0.000224,0.007847,0.000224,0.000155,0.000290,0.003340,0.000286,0.003345,0.000222,0.000252,0.000156,0.000281,0.000185,0.000186,0.000059,0.000223,0.003356,0.000272,0.000253,0.003395,0.000249,0.004055,0.000279,0.000113,0.000156,0.003345,0.014264,0.012774,1.003121,0.019404,0.015350,0.014636,0.015202,0.013468,0.011072,0.011072,0.011079,0.014322,0.000766,0.012774,0.011645,0.011137,0.011645,0.005613,0.014764,0.005588,0.000665,0.000326,0.000337,0.000337,0.000360,0.000271,0.000476,0.000511,0.000331,0.000375,0.000460,0.000373,0.000425,0.000315,0.003944,0.000368,0.005500,0.005500,0.000369,0.000513,0.003695,0.000295,0.000703,0.004403,0.003253,0.000630,0.000427,0.000645,0.000250,0.000454,0.000703,0.000276,0.003566,0.000350,0.000555,0.005224,0.006499,0.000323,0.003397,0.000310,0.000310,0.000042,0.000000,0.000053,0.000451,0.000241,0.000099,0.000081,0.000520,0.004617,0.000681,0.000643,0.004453,0.000718,0.000063,0.000063,0.000000,0.000000
rust.mutable_borrow,0.004107,0.000331,0.000211,0.000266,0.000240,0.000266,0.000230,0.000315,0.000240,0.000192,0.000072,0.000286,0.000219,0.000309,0.000263,0.000230,0.000286,0.000072,0.000072,0.000240,0.000150,0.000192,0.000110,0.000328,0.000230,0.000110,0.004106,0.000326,0.000192,0.000192,0.000202,0.000266,0.004089,0.000262,0.000266,0.000327,0.000192,0.000240,0.000192,0.000126,0.000211,0.000230,0.000326,0.000072,0.004103,0.010148,0.000240,0.000240,0.000240,0.000240,0.000265,0.000000,0.012572,0.000211,0.000262,0.000240,0.008686,0.000126,0.010273,0.000153,0.000326,0.000072,0.000265,0.000265,0.012580,0.000235,0.000304,0.008923,0.000263,0.000265,0.000264,0.000262,0.000327,0.008934,0.000327,0.000192,0.000179,0.000211,0.000176,0.000211,0.000230,0.000265,0.000192,0.000174,0.000264,0.000266,0.000110,0.000326,0.000211,0.000169,0.000266,0.000240,0.000262,0.004106,0.000167,0.000126,0.000192,0.000304,0.017640,0.014210,0.022113,1.003382,0.016562,0.016138,0.016599,0.014823,0.012444,0.012444,0.013890,0.015921,0.004200,0.014210,0.014564,0.014186,0.014564,0.007905,0.016072,0.005888,0.004065,0.000374,0.000354,0.000354,0.000265,0.000167,0.000556,0.000436,0.000352,0.000280,0.000331,0.000298,0.000307,0.000330,0.004309,0.000389,0.005861,0.005861,0.000392,0.000600,0.003647,0.000324,0.004067,0.004477,0.003342,0.000539,0.000511,0.000566,0.000290,0.000393,0.000791,0.000441,0.003597,0.000513,0.000541,0.005561,0.006780,0.000332,0.003723,0.003337,0.000414,0.000047,0.000041,0.000059,0.003610,0.000252,0.000191,0.000178,0.003925,0.004862,0.000774,0.000751,0.004680,0.000804,0.000071,0.000071,0.000000,0.000038
rust.reborrow,0.000406,0.000230,0.004160,0.000138,0.004244,0.000253,0.000110,0.004155,0.004247,0.000461,0.000044,0.004158,0.000288,0.004056,0.000251,0.000110,0.004157,0.000044,0.000044,0.004231,0.000311,0.000460,0.000221,0.000227,0.000111,0.000221,0.000406,0.000227,0.000461,0.000463,0.000241,0.000138,0.000400,0.000141,0.000138,0.000227,0.000462,0.004241,0.000461,0.000096,0.004162,0.000110,0.000226,0.000044,0.000406,0.009659,0.004248,0.004249,0.004238,0.004238,0.000252,0.000000,0.009959,0.004150,0.000134,0.004249,0.007866,0.000096,0.008134,0.000157,0.000226,0.000044,0.000137,0.000137,0.009966,0.000273,0.004283,0.008080,0.000135,0.000137,0.000136,0.000135,0.000227,0.008090,0.000227,0.000461,0.000370,0.004147,0.000365,0.004152,0.000110,0.000138,0.000461,0.000360,0.000253,0.000254,0.000221,0.000227,0.004166,0.000271,0.000139,0.004249,0.000135,0.000406,0.000326,0.000096,0.000461,0.004282,0.014001,0.010937,0.016108,0.015251,1.003053,0.017096,0.017999,0.013524,0.010762,0.010762,0.013790,0.014332,0.005176,0.010937,0.010817,0.010003,0.010817,0.000614,0.014125,0.000671,0.000356,0.000194,0.000187,0.000187,0.000398,0.000317,0.000231,0.000420,0.000206,0.000400,0.000428,0.000375,0.000398,0.000198,0.000631,0.000222,0.000680,0.000680,0.000130,0.000294,0.006832,0.000597,0.005338,0.005668,0.000570,0.004972,0.004718,0.005292,0.000476,0.000796,0.000188,0.000310,0.004559,0.000466,0.004648,0.009155,0.008028,0.000153,0.000607,0.000348,0.000334,0.000046,0.000016,0.000057,0.000525,0.000126,0.000103,0.000182,0.005071,0.000626,0.000170,0.000144,0.000606,0.000143,0.000062,0.000062,0.000000,0.000000
rust.borrow_checker,0.000546,0.000337,0.000267,0.000144,0.000305,0.000331,0.000110,0.000458,0.000305,0.000503,0.000048,0.000364,0.000259,0.000267,0.000328,0.000110,0.000364,0.000048,0.000048,0.000305,0.000140,0.000503,0.000310,0.000334,0.000110,0.000310,0.000546,0.000333,0.000503,0.000503,0.000209,0.000144,0.000540,0.000144,0.000144,0.000333,0.000503,0.000305,0.000503,0.000110,0.000267,0.000110,0.000332,0.000048,0.000546,0.011120,0.000305,0.000305,0.000305,0.000305,0.000330,0.000000,0.011529,0.000267,0.000140,0.000305,0.009287,0.000110,0.011221,0.000175,0.000332,0.000048,0.000143,0.000143,0.011537,0.000244,0.000527,0.009547,0.000141,0.000143,0.000142,0.000141,0.000333,0.009559,0.000334,0.000503,0.000208,0.000267,0.000205,0.000267,0.000110,0.000144,0.000503,0.000202,0.000329,0.000331,0.000310,0.000333,0.000267,0.000142,0.000145,0.000305,0.000141,0.000546,0.000159,0.000110,0.000503,0.000527,0.017963,0.014575,0.017974,0.017391,0.020007,1.003619,0.023324,0.015197,0.012503,0.012503,0.017924,0.018697,0.005386,0.014575,0.014235,0.013472,0.014235,0.000840,0.018503,0.004410,0.000554,0.000228,0.000208,0.000208,0.000250,0.000179,0.000358,0.000348,0.000220,0.000265,0.000258,0.000264,0.000242,0.000204,0.000736,0.000248,0.000816,0.000816,0.000159,0.000436,0.006762,0.003769,0.005439,0.005842,0.000391,0.004979,0.004962,0.005375,0.000594,0.000746,0.000284,0.003948,0.004611,0.004957,0.004868,0.009775,0.008565,0.000196,0.000725,0.000513,0.000508,0.000052,0.000017,0.000078,0.000489,0.000148,0.000136,0.000197,0.005358,0.000819,0.000249,0.000250,0.000806,0.000221,0.000083,0.000083,0.000013,0.000013
rust.nonlexical_lifetimes,0.000488,0.000277,0.000293,0.000148,0.000336,0.000279,0.000115,0.000428,0.000336,0.000588,0.000053,0.000404,0.000284,0.000293,0.000275,0.000115,0.000404,0.000053,0.000053,0.000336,0.000150,0.000588,0.000283,0.000274,0.000115,0.000283,0.000489,0.000273,0.000588,0.000588,0.000228,0.000148,0.000482,0.000152,0.000148,0.000273,0.000588,0.000336,0.000588,0.000115,0.000293,0.000115,0.000272,0.000053,0.000488,0.011650,0.000336,0.000336,0.000336,0.000336,0.000277,0.000000,0.012011,0.000293,0.000144,0.000336,0.009487,0.000115,0.009815,0.000188,0.000272,0.000053,0.000147,0.000147,0.012019,0.000266,0.000620,0.009751,0.000145,0.000147,0.000146,0.000145,0.000273,0.009762,0.000274,0.000588,0.000226,0.000293,0.000223,0.000293,0.000115,0.000148,0.000588,0.000220,0.000277,0.000279,0.000283,0.000273,0.000293,0.000146,0.000149,0.000336,0.000145,0.000488,0.000170,0.000115,0.000588,0.000620,0.016657,0.013205,0.019195,0.018391,0.021657,0.023981,1.003591,0.016314,0.012988,0.012988,0.016637,0.020321,0.005993,0.013205,0.013055,0.012069,0.013055,0.000739,0.017037,0.000819,0.000428,0.000226,0.000214,0.000214,0.000276,0.000193,0.000257,0.000258,0.000241,0.000296,0.000271,0.000270,0.000258,0.000228,0.000770,0.000256,0.000825,0.000825,0.000145,0.000343,0.007877,0.004508,0.006208,0.006847,0.000425,0.005767,0.005727,0.006189,0.003760,0.000802,0.000226,0.000399,0.005080,0.000555,0.005400,0.010792,0.009631,0.000174,0.000729,0.000388,0.000376,0.000055,0.000019,0.000084,0.000403,0.000157,0.000166,0.000219,0.005900,0.000777,0.000205,0.000173,0.000742,0.000183,0.000090,0.000090,0.000015,0.000015
rust.region_inference,0.000583,0.000290,0.000115,0.000510,0.000152,0.000153,0.000442,0.000115,0.000152,0.000122,0.000000,0.000186,0.000257,0.000310,0.000149,0.000442,0.000186,0.000000,0.000000,0.000152,0.000282,0.000122,0.000034,0.000287,0.000442,0.000034,0.000583,0.000286,0.000122,0.000122,0.000318,0.000510,0.000575,0.000485,0.000510,0.000286,0.000122,0.000152,0.000122,0.000246,0.000115,0.000442,0.000285,0.000000,0.000583,0.013202,0.000152,0.000152,0.000152,0.000152,0.000152,0.000000,0.013636,0.000115,0.000504,0.000152,0.010443,0.000246,0.010759,0.000194,0.000285,0.000000,0.000509,0.000509,0.013646,0.000362,0.000225,0.013384,0.000505,0.000509,0.000507,0.000505,0.000286,0.013398,0.000287,0.000122,0.000238,0.000115,0.000234,0.000115,0.000442,0.000509,0.000122,0.000231,0.000151,0.000153,0.000034,0.000286,0.000115,0.000326,0.000511,0.000152,0.000505,0.000583,0.000310,0.000246,0.000122,0.000225,0.014577,0.016672,0.018927,0.018280,0.018112,0.017391,0.018158,1.003140,0.016542,0.016542,0.014369,0.019686,0.000640,0.016672,0.014592,0.013496,0.014592,0.000779,0.014768,0.000893,0.000385,0.000573,0.000619,0.000619,0.003986,0.000344,0.000618,0.000384,0.004164,0.004405,0.000491,0.000420,0.000410,0.004109,0.010470,0.004153,0.007566,0.007566,0.000506,0.000703,0.000626,0.000303,0.000482,0.008465,0.000671,0.000471,0.000440,0.000467,0.000331,0.000310,0.000324,0.000281,0.000344,0.000264,0.000320,0.000841,0.006552,0.000489,0.005937,0.000206,0.000251,0.000064,0.000000,0.000100,0.000284,0.000511,0.000075,0.000110,0.000348,0.004443,0.000348,0.000252,0.000967,0.000345,0.000144,0.000144,0.000029,0.000000
rust.lifetime_parameters,0.000434,0.000175,0.000063,0.000751,0.000274,0.000093,0.007160,0.000063,0.000274,0.000052,0.000047,0.000206,0.000282,0.000516,0.000091,0.007139,0.000211,0.000047,0.000047,0.000271,0.006910,0.000052,0.000019,0.000173,0.007168,0.000019,0.000434,0.000172,0.000052,0.000052,0.006832,0.000757,0.000430,0.007193,0.000758,0.000172,0.000052,0.000274,0.000052,0.006895,0.000063,0.007172,0.000172,0.000047,0.000434,0.007561,0.000278,0.000279,0.000272,0.000275,0.000092,0.000218,0.007830,0.000063,0.000746,0.000272,0.006154,0.006873,0.006338,0.000360,0.000172,0.000047,0.000754,0.000751,0.007836,0.006843,0.000104,0.007721,0.000747,0.000753,0.000750,0.000747,0.000172,0.007741,0.000363,0.000052,0.000355,0.000063,0.000351,0.000063,0.007177,0.000754,0.000052,0.000348,0.000092,0.000093,0.000019,0.000172,0.000063,0.000254,0.000756,0.000273,0.000747,0.000434,0.006948,0.006872,0.000052,0.000104,0.008313,0.010821,0.009172,0.009046,0.008496,0.008434,0.008521,0.009751,1.002701,0.017638,0.008190,0.010720,0.000518,0.010821,0.009615,0.007797,0.009615,0.000560,0.008387,0.000620,0.000333,0.005361,0.007744,0.007744,0.007513,0.004693,0.003280,0.000629,0.007766,0.005796,0.004879,0.004259,0.002743,0.005427,0.007680,0.004353,0.005420,0.005420,0.000836,0.000989,0.000321,0.000217,0.000228,0.003323,0.004988,0.000250,0.000223,0.000236,0.000266,0.000228,0.000347,0.000168,0.000194,0.000158,0.000189,0.000423,0.004233,0.000832,0.004821,0.000117,0.000164,0.000314,0.000214,0.000413,0.000227,0.004943,0.000203,0.003476,0.000219,0.003856,0.003848,0.000297,0.003699,0.000440,0.004459,0.004459,0.000422,0.000231
rust.higher_ranked_lifetimes,0.000434,0.000175,0.000063,0.000751,0.000274,0.000093,0.007160,0.000063,0.000274,0.000052,0.000047,0.000206,0.000282,0.000516,0.000091,0.007139,0.000211,0.000047,0.000047,0.000271,0.006910,0.000052,0.000019,0.000173,0.007168,0.000019,0.000434,0.000172,0.000052,0.000052,0.006832,0.000757,0.000430,0.007193,0.000758,0.000172,0.000052,0.000274,0.000052,0.006895,0.000063,0.007172,0.000172,0.000047,0.000434,0.007561,0.000278,0.000279,0.000272,0.000275,0.000092,0.000218,0.007830,0.000063,0.000746,0.000272,0.006154,0.006873,0.006338,0.000360,0.000172,0.000047,0.000754,0.000751,0.007836,0.006843,0.000104,0.007721,0.000747,0.000753,0.000750,0.000747,0.000172,0.007741,0.000363,0.000052,0.000355,0.000063,0.000351,0.000063,0.007177,0.000754,0.000052,0.000348,0.000092,0.000093,0.000019,0.000172,0.000063,0.000254,0.000756,0.000273,0.000747,0.000434,0.006948,0.006872,0.000052,0.000104,0.008313,0.010821,0.009172,0.009046,0.008496,0.008434,0.008521,0.009751,0.017638,1.002701,0.008190,0.010720,0.000518,0.010821,0.009615,0.007797,0.009615,0.000560,0.008387,0.000620,0.000333,0.005361,0.007744,0.007744,0.007513,0.004693,0.003280,0.000629,0.007766,0.005796,0.004879,0.004259,0.002743,0.005427,0.007680,0.004353,0.005420,0.005420,0.000836,0.000989,0.000321,0.000217,0.000228,0.003323,0.004988,0.000250,0.000223,0.000236,0.000266,0.000228,0.000347,0.000168,0.000194,0.000158,0.000189,0.000423,0.004233,0.000832,0.004821,0.000117,0.000164,0.000314,0.000214,0.000413,0.000227,0.004943,0.000203,0.003476,0.000219,0.003856,0.003848,0.000297,0.003699,0.000440,0.004459,0.004459,0.000422,0.000231
rust.drop_semantics,0.000522,0.004119,0.000221,0.000133,0.000298,0.000344,0.000104,0.000421,0.000298,0.003976,0.000102,0.000254,0.000132,0.000235,0.000342,0.000104,0.000254,0.000102,0.000102,0.000298,0.000149,0.003972,0.003788,0.004110,0.000104,0.003789,0.000523,0.004111,0.003988,0.003984,0.000120,0.000133,0.000518,0.000127,0.000133,0.004110,0.003980,0.000298,0.003988,0.000120,0.000221,0.000104,0.004107,0.000102,0.000523,0.007524,0.000298,0.000298,0.000298,0.000298,0.000343,0.000034,0.009162,0.000221,0.000130,0.000298,0.007401,0.000120,0.011225,0.000137,0.004110,0.000102,0.000132,0.000132,0.009168,0.000143,0.000618,0.007568,0.000130,0.000132,0.000131,0.000130,0.004112,0.007577,0.003834,0.003976,0.000167,0.000221,0.000165,0.000221,0.000104,0.000133,0.003986,0.000163,0.000343,0.000344,0.003787,0.004109,0.000221,0.000114,0.000134,0.000298,0.000130,0.000523,0.000164,0.000121,0.003987,0.000619,0.015573,0.012378,0.010880,0.011970,0.012906,0.014334,0.012940,0.010041,0.009710,0.009710,1.003062,0.012375,0.010142,0.012378,0.013889,0.013663,0.013889,0.003619,0.012321,0.004327,0.003962,0.000237,0.000200,0.000200,0.000230,0.000165,0.000417,0.000423,0.000186,0.000231,0.000259,0.000273,0.000254,0.000155,0.000548,0.000224,0.000639,0.000639,0.000177,0.000478,0.003919,0.000660,0.006371,0.000797,0.000328,0.004120,0.004312,0.004334,0.000872,0.004475,0.000329,0.005951,0.003784,0.005130,0.003810,0.006968,0.003390,0.000187,0.003159,0.002985,0.000522,0.000068,0.000093,0.000076,0.005272,0.000121,0.000167,0.000223,0.005622,0.000724,0.000296,0.000337,0.000730,0.000270,0.000089,0.000089,0.000034,0.000087
rust.drop_check,0.000571,0.000252,0.000186,0.000347,0.000269,0.000206,0.000313,0.000256,0.000269,0.000492,0.000069,0.000279,0.000248,0.000319,0.000203,0.000313,0.000279,0.000069,0.000069,0.000269,0.000244,0.000492,0.000219,0.000249,0.000313,0.000219,0.000571,0.000248,0.000492,0.000492,0.000266,0.000347,0.000565,0.000347,0.000347,0.000249,0.000492,0.000269,0.000492,0.000171,0.000186,0.000313,0.000248,0.000069,0.000571,0.010562,0.000269,0.000269,0.000269,0.000269,0.000205,0.000026,0.010963,0.000186,0.000342,0.000269,0.008626,0.000171,0.008904,0.000167,0.000248,0.000069,0.000346,0.000346,0.010971,0.000300,0.000479,0.010640,0.000343,0.000346,0.000344,0.000343,0.000249,0.010650,0.000249,0.000492,0.000241,0.000186,0.000238,0.000186,0.000313,0.000346,0.000492,0.000235,0.000204,0.000206,0.000219,0.000248,0.000186,0.000213,0.000348,0.000269,0.000343,0.000571,0.000266,0.000171,0.000492,0.000479,0.012839,0.015009,0.016369,0.015968,0.015610,0.017402,0.018394,0.016010,0.014790,0.014790,0.014403,1.003244,0.005047,0.015009,0.013441,0.010984,0.013441,0.000800,0.012922,0.000874,0.000439,0.000459,0.000512,0.000512,0.000410,0.000317,0.000587,0.000496,0.000495,0.000449,0.003360,0.000470,0.003336,0.000459,0.006761,0.000550,0.006844,0.006844,0.000518,0.000658,0.004623,0.004053,0.000916,0.005914,0.003824,0.004932,0.004914,0.005176,0.007007,0.004215,0.000457,0.000335,0.000642,0.000409,0.004437,0.006215,0.008154,0.000479,0.006077,0.000282,0.000306,0.000050,0.000021,0.000076,0.000346,0.000399,0.003379,0.000203,0.000617,0.005257,0.000378,0.000271,0.005040,0.000444,0.000102,0.000102,0.000014,0.000014
rust.destructor_order,0.000168,0.000141,0.000925,0.000071,0.010469,0.000303,0.000274,0.001174,0.010472,0.005604,0.000119,0.000933,0.000334,0.000928,0.000303,0.000269,0.000929,0.000119,0.000119,0.010443,0.008403,0.005599,0.005287,0.000141,0.000276,0.005289,0.000168,0.000141,0.005621,0.005615,0.000281,0.000071,0.000168,0.000275,0.000071,0.000141,0.005610,0.010467,0.005621,0.000279,0.000927,0.000276,0.000141,0.000119,0.000168,0.000693,0.010482,0.010484,0.010459,0.010463,0.000303,0.000000,0.000481,0.000914,0.000071,0.010464,0.000369,0.000273,0.000475,0.000335,0.000141,0.000119,0.000071,0.000071,0.000481,0.000275,0.001511,0.000411,0.000071,0.000071,0.000071,0.000071,0.000141,0.000428,0.000141,0.005604,0.008338,0.000911,0.008325,0.000917,0.000278,0.000071,0.005618,0.008312,0.000303,0.000303,0.005286,0.000141,0.000932,0.000071,0.000071,0.010470,0.000071,0.000168,0.008403,0.000273,0.005619,0.001510,0.006448,0.000795,0.000885,0.004257,0.005698,0.005066,0.005483,0.000526,0.000723,0.000723,0.011928,0.005100,1.002140,0.000795,0.004558,0.005289,0.004558,0.004237,0.000672,0.003491,0.000461,0.000294,0.000396,0.000396,0.008448,0.008309,0.000416,0.008511,0.000366,0.008362,0.008567,0.008418,0.008467,0.000277,0.000301,0.000319,0.000274,0.000274,0.000230,0.000393,0.005428,0.000918,0.009027,0.000663,0.000609,0.005766,0.005793,0.006163,0.004129,0.006327,0.000210,0.005531,0.005220,0.005543,0.005294,0.007592,0.000495,0.000232,0.000196,0.004067,0.000408,0.000154,0.000042,0.000205,0.004835,0.000306,0.000339,0.000275,0.008014,0.000331,0.000275,0.000195,0.000280,0.000284,0.000159,0.000159,0.000060,0.000046
rust.pin_unpin,0.000745,0.000310,0.000107,0.000619,0.000259,0.000182,0.000635,0.000169,0.000259,0.000065,0.000030,0.000150,0.000147,0.000500,0.000179,0.000635,0.000150,0.000030,0.000030,0.000259,0.000384,0.000065,0.000047,0.000307,0.000635,0.000047,0.000745,0.000306,0.000065,0.000065,0.000280,0.000619,0.000740,0.000659,0.000619,0.000306,0.000065,0.000259,0.000065,0.000236,0.000107,0.000635,0.000306,0.000030,0.000745,0.007781,0.000259,0.000259,0.000259,0.000259,0.000181,0.000000,0.009787,0.000107,0.000615,0.000259,0.007628,0.000236,0.009452,0.000109,0.000306,0.000030,0.000618,0.000618,0.009794,0.000304,0.000125,0.009452,0.000616,0.000618,0.000617,0.000615,0.000306,0.009462,0.000307,0.000065,0.000253,0.000107,0.000251,0.000107,0.000635,0.000618,0.000065,0.000249,0.000180,0.000182,0.000047,0.000306,0.000107,0.000224,0.000620,0.000259,0.000615,0.000745,0.000404,0.000236,0.000065,0.000125,0.014911,0.021253,0.012887,0.012581,0.010515,0.011974,0.010551,0.011969,0.013179,0.013179,0.012716,0.013248,0.000695,1.003120,0.014968,0.012350,0.014968,0.003612,0.012246,0.006228,0.003738,0.004663,0.004751,0.004751,0.000593,0.000426,0.007276,0.007131,0.000832,0.000605,0.005474,0.004721,0.005401,0.000750,0.006347,0.004739,0.008974,0.008974,0.004782,0.010128,0.000356,0.000178,0.000335,0.000490,0.004595,0.000257,0.000256,0.000269,0.000348,0.003526,0.003503,0.000412,0.000396,0.004216,0.000308,0.000667,0.004161,0.006592,0.007274,0.000327,0.000358,0.000048,0.000026,0.000080,0.003061,0.000691,0.000296,0.000138,0.000312,0.005038,0.000642,0.000494,0.005775,0.000780,0.000133,0.000133,0.000028,0.000061
rust.interior_mutability,0.004430,0.004271,0.000077,0.000308,0.000145,0.000198,0.000284,0.000122,0.000145,0.000067,0.000000,0.000116,0.000143,0.000208,0.000195,0.000284,0.000116,0.000000,0.000000,0.000145,0.000209,0.000067,0.000105,0.004262,0.000284,0.000105,0.004428,0.004263,0.000067,0.000067,0.000185,0.000308,0.004411,0.000308,0.000308,0.004262,0.000067,0.000145,0.000067,0.000181,0.000077,0.000284,0.004259,0.000000,0.004426,0.007901,0.000145,0.000145,0.000145,0.000145,0.000197,0.000036,0.011844,0.000077,0.000304,0.000145,0.007793,0.000181,0.011753,0.000144,0.004262,0.000000,0.000307,0.000307,0.011852,0.000210,0.000077,0.009324,0.000305,0.000307,0.000306,0.000304,0.004264,0.009334,0.003975,0.000067,0.000173,0.000077,0.000171,0.000077,0.000284,0.000308,0.000067,0.000169,0.000196,0.000198,0.000105,0.004262,0.000077,0.000172,0.000309,0.000145,0.000304,0.004428,0.000228,0.000181,0.000067,0.000077,0.014617,0.015142,0.011884,0.013043,0.010520,0.011830,0.010552,0.010597,0.011846,0.011846,0.014434,0.012002,0.004027,0.015142,1.003286,0.018531,0.021625,0.005468,0.014124,0.006118,0.003787,0.003111,0.000454,0.000454,0.000350,0.000242,0.003390,0.003257,0.000420,0.000379,0.000457,0.003027,0.000418,0.000372,0.004263,0.000464,0.004388,0.004388,0.000563,0.004582,0.000322,0.000119,0.000342,0.000419,0.000494,0.000226,0.000245,0.000236,0.000196,0.000241,0.004318,0.003452,0.000328,0.000421,0.000272,0.000647,0.003805,0.000450,0.005025,0.000343,0.003265,0.000079,0.000057,0.000090,0.000599,0.000319,0.000218,0.000070,0.000288,0.006296,0.003674,0.003593,0.006921,0.004167,0.000141,0.000141,0.000067,0.000082
rust.cell_refcell,0.005659,0.005763,0.000097,0.000156,0.000136,0.000226,0.000116,0.000156,0.000136,0.000083,0.000034,0.000097,0.000107,0.000115,0.000223,0.000116,0.000097,0.000034,0.000034,0.000136,0.000129,0.000083,0.000132,0.005750,0.000116,0.000132,0.005657,0.005752,0.000083,0.000083,0.000096,0.000156,0.005634,0.000143,0.000156,0.005751,0.000083,0.000136,0.000083,0.000145,0.000097,0.000116,0.005747,0.000034,0.005653,0.008846,0.000136,0.000136,0.000136,0.000136,0.000225,0.000049,0.014020,0.000097,0.000152,0.000136,0.008748,0.000145,0.014087,0.000153,0.005751,0.000034,0.000155,0.000155,0.014029,0.000124,0.000097,0.008944,0.000153,0.000155,0.000154,0.000153,0.005754,0.008956,0.005359,0.000083,0.000139,0.000097,0.000137,0.000097,0.000116,0.000156,0.000083,0.000135,0.000224,0.000226,0.000132,0.005750,0.000097,0.000135,0.000157,0.000136,0.000153,0.005657,0.000146,0.000145,0.000083,0.000097,0.016340,0.014242,0.012957,0.014483,0.011090,0.012763,0.011121,0.011173,0.010950,0.010950,0.016186,0.011181,0.005327,0.014242,0.021124,1.003351,0.021124,0.006832,0.016243,0.007679,0.004779,0.000300,0.000219,0.000219,0.000228,0.000149,0.000542,0.000499,0.000210,0.000250,0.000272,0.000313,0.000256,0.000176,0.000658,0.000251,0.000772,0.000772,0.000273,0.003440,0.000328,0.000094,0.000393,0.000384,0.000297,0.000230,0.000255,0.000226,0.000143,0.000237,0.001084,0.004469,0.000383,0.000480,0.000262,0.000682,0.000890,0.000194,0.000706,0.000423,0.004226,0.000088,0.000089,0.000099,0.003693,0.000137,0.000132,0.000100,0.000373,0.005131,0.001043,0.004456,0.006026,0.001067,0.000128,0.000128,0.000066,0.000101
rust.smart_pointer_ownership,0.004430,0.004271,0.000077,0.000308,0.000145,0.000198,0.000284,0.000122,0.000145,0.000067,0.000000,0.000116,0.000143,0.000208,0.000195,0.000284,0.000116,0.000000,0.000000,0.000145,0.000209,0.000067,0.000105,0.004262,0.000284,0.000105,0.004428,0.004263,0.000067,0.000067,0.000185,0.000308,0.004411,0.000308,0.000308,0.004262,0.000067,0.000145,0.000067,0.000181,0.000077,0.000284,0.004259,0.000000,0.004426,0.007901,0.000145,0.000145,0.000145,0.000145,0.000197,0.000036,0.011844,0.000077,0.000304,0.000145,0.007793,0.000181,0.011753,0.000144,0.004262,0.000000,0.000307,0.000307,0.011852,0.000210,0.000077,0.009324,0.000305,0.000307,0.000306,0.000304,0.004264,0.009334,0.003975,0.000067,0.000173,0.000077,0.000171,0.000077,0.000284,0.000308,0.000067,0.000169,0.000196,0.000198,0.000105,0.004262,0.000077,0.000172,0.000309,0.000145,0.000304,0.004428,0.000228,0.000181,0.000067,0.000077,0.014617,0.015142,0.011884,0.013043,0.010520,0.011830,0.010552,0.010597,0.011846,0.011846,0.014434,0.012002,0.004027,0.015142,0.021625,0.018531,1.003286,0.005468,0.014124,0.006118,0.003787,0.003111,0.000454,0.000454,0.000350,0.000242,0.003390,0.003257,0.000420,0.000379,0.000457,0.003027,0.000418,0.000372,0.004263,0.000464,0.004388,0.004388,0.000563,0.004582,0.000322,0.000119,0.000342,0.000419,0.000494,0.000226,0.000245,0.000236,0.000196,0.000241,0.004318,0.003452,0.000328,0.000421,0.000272,0.000647,0.003805,0.000450,0.005025,0.000343,0.003265,0.000079,0.000057,0.000090,0.000599,0.000319,0.000218,0.000070,0.000288,0.006296,0.003674,0.003593,0.006921,0.004167,0.000141,0.000141,0.000067,0.000082
rust.raw_pointer_deref,0.021020,0.000234,0.000090,0.000152,0.000171,0.000177,0.000208,0.000207,0.000171,0.000123,0.000132,0.000139,0.000062,0.000214,0.000177,0.000208,0.000139,0.000132,0.000132,0.000171,0.000156,0.000123,0.000161,0.000234,0.000208,0.000161,0.021012,0.000234,0.000123,0.000123,0.000131,0.000152,0.020948,0.000208,0.000152,0.000234,0.000123,0.000171,0.000123,0.000081,0.000090,0.000208,0.000234,0.000132,0.020997,0.000533,0.000171,0.000171,0.000171,0.000171,0.000177,0.000031,0.010862,0.000090,0.000152,0.000171,0.000560,0.000081,0.000764,0.000021,0.000234,0.000132,0.000152,0.000152,0.010863,0.000131,0.000119,0.000556,0.000152,0.000152,0.000152,0.000152,0.000234,0.000559,0.000234,0.000123,0.000087,0.000090,0.000087,0.000090,0.000208,0.000152,0.000123,0.000087,0.000177,0.000177,0.000161,0.000234,0.000090,0.000036,0.000152,0.000171,0.000152,0.021010,0.000156,0.000081,0.000123,0.000119,0.007885,0.005196,0.008148,0.010069,0.000849,0.000993,0.000849,0.000805,0.000982,0.000982,0.005350,0.001016,0.005325,0.005196,0.007778,0.008524,0.007778,1.004516,0.007671,0.023451,0.017306,0.000469,0.000372,0.000372,0.000241,0.000209,0.007263,0.006023,0.000289,0.000436,0.000479,0.000372,0.000518,0.000296,0.000527,0.000277,0.004488,0.004488,0.005836,0.000866,0.000266,0.000109,0.004906,0.000139,0.004307,0.000206,0.000233,0.000170,0.000283,0.000335,0.017154,0.005631,0.004071,0.000585,0.000329,0.000390,0.004052,0.000538,0.000617,0.005869,0.000506,0.000000,0.000116,0.000000,0.004985,0.000256,0.004558,0.000210,0.000333,0.021085,0.019305,0.021659,0.020860,0.018310,0.000146,0.000146,0.000146,0.000126
rust.aliasing_model,0.006237,0.000364,0.000144,0.000153,0.000144,0.000303,0.000117,0.000252,0.000144,0.000062,0.000000,0.000215,0.000210,0.000144,0.000299,0.000117,0.000215,0.000000,0.000000,0.000144,0.000117,0.000062,0.000062,0.000360,0.000117,0.000062,0.006235,0.000359,0.000062,0.000062,0.000190,0.000154,0.006209,0.000147,0.000154,0.000360,0.000062,0.000144,0.000062,0.000117,0.000144,0.000117,0.000359,0.000000,0.006231,0.010083,0.000144,0.000144,0.000144,0.000144,0.000301,0.000000,0.015817,0.000144,0.000149,0.000144,0.009900,0.000117,0.012183,0.000148,0.000359,0.000000,0.000153,0.000153,0.015826,0.000221,0.000144,0.010115,0.000150,0.000153,0.000151,0.000150,0.000360,0.010128,0.000360,0.000062,0.000150,0.000144,0.000147,0.000144,0.000117,0.000153,0.000062,0.000145,0.000301,0.000303,0.000062,0.000359,0.000144,0.000152,0.000154,0.000144,0.000150,0.006234,0.000137,0.000117,0.000062,0.000144,0.019114,0.015874,0.019310,0.018445,0.017605,0.019706,0.017647,0.013744,0.013241,0.013241,0.016408,0.014786,0.000761,0.015874,0.018100,0.018260,0.018100,0.006911,1.003547,0.009182,0.000925,0.000260,0.000224,0.000224,0.000226,0.000137,0.000461,0.000421,0.000226,0.000230,0.000265,0.000266,0.000228,0.000184,0.000765,0.000259,0.000894,0.000894,0.000283,0.000511,0.000512,0.000200,0.000473,0.000606,0.000339,0.000335,0.000335,0.000388,0.000136,0.000186,0.001067,0.000458,0.000556,0.000510,0.000458,0.006925,0.006505,0.000211,0.000816,0.000449,0.004541,0.000046,0.000000,0.000057,0.000390,0.000137,0.000116,0.000062,0.000416,0.006627,0.000999,0.000973,0.006464,0.001049,0.000075,0.000075,0.000000,0.000000
rust.pointer_provenance,0.020424,0.000243,0.000055,0.000170,0.000147,0.000364,0.000210,0.000302,0.000147,0.000068,0.000061,0.000055,0.000000,0.000200,0.000364,0.000210,0.000055,0.000061,0.000061,0.000147,0.000148,0.000068,0.000145,0.000243,0.000210,0.000145,0.020415,0.000243,0.000068,0.000068,0.000060,0.000170,0.020353,0.000210,0.000170,0.000243,0.000068,0.000147,0.000068,0.000060,0.000055,0.000210,0.000243,0.000061,0.020401,0.000599,0.000147,0.000147,0.000147,0.000147,0.000364,0.000000,0.010696,0.000055,0.000170,0.000147,0.000701,0.000060,0.000875,0.000000,0.000243,0.000061,0.000170,0.000170,0.010697,0.000060,0.000055,0.000650,0.000170,0.000170,0.000170,0.000170,0.000243,0.000653,0.000243,0.000068,0.000076,0.000055,0.000076,0.000055,0.000210,0.000170,0.000068,0.000076,0.000364,0.000364,0.000145,0.000243,0.000055,0.000034,0.000170,0.000147,0.000170,0.020414,0.000148,0.000060,0.000068,0.000055,0.008752,0.008747,0.007919,0.007322,0.000906,0.005088,0.000919,0.000901,0.001060,0.001060,0.006243,0.001083,0.004283,0.008747,0.008495,0.009352,0.008495,0.022891,0.009949,1.004328,0.015473,0.000508,0.000412,0.000412,0.000243,0.000172,0.008480,0.008473,0.000289,0.000406,0.000528,0.000414,0.000553,0.000289,0.000549,0.000338,0.004450,0.004450,0.005531,0.006081,0.000149,0.000013,0.000338,0.000079,0.000510,0.000112,0.000151,0.000052,0.000252,0.000348,0.017497,0.006422,0.000608,0.006466,0.000363,0.000512,0.000451,0.000640,0.000696,0.005265,0.005476,0.000000,0.000085,0.000000,0.005907,0.000228,0.000766,0.000120,0.000263,0.020276,0.016714,0.016424,0.021144,0.017540,0.000111,0.000111,0.000111,0.000117
rust.unsafe_block,0.012662,0.007758,0.000165,0.000138,0.000206,0.000297,0.000243,0.000397,0.000206,0.000355,0.000335,0.000165,0.000000,0.000288,0.000297,0.000243,0.000165,0.000335,0.000335,0.000206,0.000159,0.000355,0.000260,0.007744,0.000243,0.000260,0.012657,0.007747,0.000355,0.000355,0.000118,0.000138,0.012623,0.000243,0.000138,0.007745,0.000355,0.000206,0.000355,0.000365,0.000165,0.000243,0.007740,0.000335,0.012649,0.000314,0.000206,0.000206,0.000206,0.000206,0.000297,0.000407,0.001913,0.000165,0.000138,0.000206,0.000372,0.000365,0.007512,0.000247,0.007746,0.000335,0.000138,0.000138,0.001914,0.000118,0.000335,0.000333,0.000138,0.000138,0.000138,0.000138,0.007749,0.000336,0.007424,0.000355,0.000033,0.000165,0.000033,0.000165,0.000243,0.000138,0.000355,0.000033,0.000297,0.000297,0.000260,0.007745,0.000165,0.000000,0.000138,0.000206,0.000138,0.012656,0.000159,0.000365,0.000355,0.000335,0.009806,0.006035,0.001083,0.005811,0.000552,0.000735,0.000552,0.000447,0.000654,0.000654,0.006572,0.000626,0.000650,0.006035,0.006043,0.006691,0.006043,0.019419,0.001152,0.017787,1.002763,0.006593,0.000419,0.000419,0.000253,0.000151,0.007054,0.005887,0.000316,0.000337,0.000366,0.000367,0.000407,0.000323,0.000378,0.000284,0.000611,0.000611,0.000814,0.006697,0.005392,0.000310,0.005955,0.000243,0.005074,0.005360,0.005363,0.000404,0.000453,0.006113,0.012344,0.006044,0.007450,0.006777,0.000533,0.000510,0.000341,0.000506,0.000485,0.005755,0.000550,0.000375,0.005278,0.000307,0.009717,0.000227,0.000716,0.005157,0.000544,0.012882,0.013697,0.015519,0.012891,0.012546,0.000469,0.000469,0.000509,0.007475
rust.unsafe_trait_impl,0.000117,0.000032,0.000053,0.008445,0.000257,0.000022,0.010416,0.000053,0.000257,0.000027,0.000068,0.000105,0.000069,0.006379,0.000022,0.010395,0.000109,0.000068,0.000068,0.000254,0.004190,0.000027,0.000012,0.000032,0.010428,0.000012,0.000117,0.000032,0.000027,0.000027,0.004038,0.008458,0.000117,0.010429,0.008458,0.000032,0.000027,0.000257,0.000027,0.004202,0.000053,0.010429,0.000032,0.000068,0.000117,0.000141,0.000260,0.000260,0.000256,0.000257,0.000022,0.000279,0.000168,0.000053,0.008435,0.000255,0.000128,0.004185,0.000147,0.000227,0.000032,0.000068,0.008451,0.008447,0.000168,0.004027,0.000069,0.000983,0.008440,0.008450,0.008447,0.008436,0.000032,0.000990,0.000240,0.000027,0.000218,0.000052,0.000217,0.000053,0.010431,0.008453,0.000027,0.000216,0.000022,0.000022,0.000012,0.000032,0.000054,0.000843,0.008455,0.000256,0.008437,0.000117,0.004206,0.004184,0.000027,0.000069,0.000324,0.003819,0.000270,0.000271,0.000152,0.000153,0.000148,0.000337,0.005347,0.005347,0.000200,0.000332,0.000210,0.003819,0.002518,0.000213,0.002518,0.000267,0.000164,0.000296,0.003345,1.002274,0.012601,0.012601,0.006592,0.005402,0.011211,0.004084,0.012665,0.007001,0.003673,0.004722,0.003315,0.012364,0.009201,0.009257,0.009042,0.009042,0.008971,0.010879,0.000070,0.000154,0.000050,0.000099,0.011389,0.000065,0.000042,0.000071,0.002371,0.000302,0.000322,0.000072,0.000054,0.000135,0.000040,0.000030,0.000231,0.009027,0.008450,0.000036,0.000032,0.000320,0.000294,0.000399,0.000146,0.011497,0.000218,0.000438,0.000017,0.000464,0.004023,0.000218,0.000436,0.002532,0.002922,0.002922,0.004265,0.003255
rust.trait_definition,0.000062,0.000000,0.000060,0.007295,0.000305,0.000018,0.011472,0.000060,0.000305,0.000047,0.000056,0.000141,0.000126,0.006421,0.000018,0.011447,0.000147,0.000056,0.000056,0.000301,0.006153,0.000047,0.000021,0.000000,0.011486,0.000021,0.000062,0.000000,0.000047,0.000047,0.005988,0.007308,0.000062,0.011487,0.007309,0.000000,0.000047,0.000305,0.000047,0.006139,0.000060,0.011488,0.000000,0.000056,0.000062,0.000146,0.000309,0.000309,0.000303,0.000305,0.000018,0.000253,0.000129,0.000059,0.007286,0.000303,0.000102,0.006116,0.000092,0.000273,0.000000,0.000056,0.007301,0.007298,0.000129,0.005974,0.000086,0.000850,0.007290,0.007301,0.007297,0.007287,0.000000,0.000860,0.000207,0.000047,0.000283,0.000059,0.000281,0.000060,0.011492,0.007304,0.000047,0.000280,0.000018,0.000018,0.000021,0.000000,0.000060,0.000738,0.007305,0.000304,0.007288,0.000062,0.006176,0.006115,0.000047,0.000086,0.000238,0.003266,0.000234,0.000216,0.000123,0.000117,0.000117,0.000305,0.006484,0.006484,0.000141,0.000310,0.000238,0.003266,0.000309,0.000130,0.000309,0.000178,0.000119,0.000202,0.000178,0.010577,1.002737,0.015275,0.007621,0.004792,0.009650,0.003564,0.012811,0.006189,0.007050,0.004229,0.004421,0.010757,0.009260,0.011023,0.009039,0.009039,0.008968,0.009373,0.000096,0.000153,0.000052,0.000114,0.011606,0.000094,0.000066,0.000091,0.002072,0.002506,0.000256,0.000044,0.000063,0.000109,0.000067,0.000033,0.000256,0.009295,0.007302,0.000016,0.000016,0.000329,0.000253,0.002142,0.000131,0.009999,0.000250,0.003134,0.000066,0.000394,0.003489,0.000142,0.000365,0.002145,0.004168,0.004168,0.002226,0.000280
rust.trait_impl,0.000062,0.000000,0.000060,0.007295,0.000305,0.000018,0.011472,0.000060,0.000305,0.000047,0.000056,0.000141,0.000126,0.006421,0.000018,0.011447,0.000147,0.000056,0.000056,0.000301,0.006153,0.000047,0.000021,0.000000,0.011486,0.000021,0.000062,0.000000,0.000047,0.000047,0.005988,0.007308,0.000062,0.011487,0.007309,0.000000,0.000047,0.000305,0.000047,0.006139,0.000060,0.011488,0.000000,0.000056,0.000062,0.000146,0.000309,0.000309,0.000303,0.000305,0.000018,0.000253,0.000129,0.000059,0.007286,0.000303,0.000102,0.006116,0.000092,0.000273,0.000000,0.000056,0.007301,0.007298,0.000129,0.005974,0.000086,0.000850,0.007290,0.007301,0.007297,0.007287,0.000000,0.000860,0.000207,0.000047,0.000283,0.000059,0.000281,0.000060,0.011492,0.007304,0.000047,0.000280,0.000018,0.000018,0.000021,0.000000,0.000060,0.000738,0.007305,0.000304,0.007288,0.000062,0.006176,0.006115,0.000047,0.000086,0.000238,0.003266,0.000234,0.000216,0.000123,0.000117,0.000117,0.000305,0.006484,0.006484,0.000141,0.000310,0.000238,0.003266,0.000309,0.000130,0.000309,0.000178,0.000119,0.000202,0.000178,0.010577,0.015275,1.002737,0.007621,0.004792,0.009650,0.003564,0.012811,0.006189,0.007050,0.004229,0.004421,0.010757,0.009260,0.011023,0.009039,0.009039,0.008968,0.009373,0.000096,0.000153,0.000052,0.000114,0.011606,0.000094,0.000066,0.000091,0.002072,0.002506,0.000256,0.000044,0.000063,0.000109,0.000067,0.000033,0.000256,0.009295,0.007302,0.000016,0.000016,0.000329,0.000253,0.002142,0.000131,0.009999,0.000250,0.003134,0.000066,0.000394,0.003489,0.000142,0.000365,0.002145,0.004168,0.004168,0.002226,0.000280
rust.associated_types,0.000070,0.000000,0.000444,0.004107,0.006161,0.000000,0.007296,0.000416,0.006163,0.000046,0.000064,0.000513,0.000430,0.001072,0.000000,0.007271,0.000516,0.000064,0.000064,0.006141,0.012389,0.000046,0.000031,0.000000,0.007308,0.000031,0.000070,0.000000,0.000046,0.000046,0.006678,0.004114,0.000070,0.007308,0.004114,0.000000,0.000046,0.006160,0.000046,0.006851,0.000445,0.007310,0.000000,0.000064,0.000070,0.000470,0.006174,0.006176,0.006153,0.006158,0.000000,0.000289,0.000161,0.000437,0.004099,0.006155,0.000113,0.006825,0.000115,0.000599,0.000000,0.000064,0.004109,0.004107,0.000162,0.006661,0.000433,0.003542,0.004102,0.004108,0.004106,0.004100,0.000000,0.003565,0.000236,0.000046,0.007197,0.000435,0.007187,0.000439,0.007316,0.004110,0.000046,0.007177,0.000000,0.000000,0.000031,0.000000,0.000449,0.003408,0.004112,0.006160,0.004100,0.000070,0.012417,0.006824,0.000046,0.000432,0.000305,0.000466,0.000285,0.000184,0.000300,0.000161,0.000173,0.002245,0.007179,0.007179,0.000186,0.000284,0.005789,0.000466,0.000271,0.000155,0.000271,0.000131,0.000137,0.000136,0.000123,0.006315,0.008697,0.008697,1.002504,0.012669,0.003823,0.007981,0.011663,0.014728,0.010820,0.010166,0.008702,0.008410,0.006642,0.006744,0.001194,0.001194,0.001188,0.003130,0.000271,0.000212,0.000190,0.000087,0.005615,0.000209,0.000065,0.000217,0.002266,0.000306,0.000195,0.000062,0.000244,0.000072,0.000172,0.000145,0.000280,0.003070,0.000897,0.000017,0.000000,0.000503,0.000289,0.002576,0.000254,0.007616,0.000294,0.003476,0.000205,0.000329,0.003873,0.000161,0.000245,0.002340,0.004697,0.004697,0.002534,0.000324
rust.associated_consts,0.000045,0.000000,0.000542,0.004781,0.007424,0.000000,0.005189,0.000508,0.007426,0.000069,0.000113,0.000573,0.000361,0.001117,0.000000,0.005170,0.000574,0.000113,0.000113,0.007402,0.011490,0.000069,0.000024,0.000000,0.005199,0.000024,0.000045,0.000000,0.000069,0.000069,0.004581,0.004786,0.000045,0.005199,0.004786,0.000000,0.000069,0.007422,0.000069,0.004749,0.000544,0.005200,0.000000,0.000113,0.000045,0.000402,0.007437,0.007438,0.007415,0.007420,0.000000,0.000299,0.000117,0.000534,0.004772,0.007418,0.000089,0.004730,0.000092,0.000532,0.000000,0.000113,0.004782,0.004780,0.000119,0.004567,0.000554,0.004243,0.004776,0.004781,0.004780,0.004773,0.000000,0.004265,0.000205,0.000069,0.007161,0.000531,0.007150,0.000536,0.005204,0.004783,0.000069,0.007139,0.000000,0.000000,0.000024,0.000000,0.000548,0.004142,0.004785,0.007423,0.004773,0.000045,0.011512,0.004729,0.000069,0.000552,0.000300,0.000409,0.000263,0.000142,0.000293,0.000141,0.000148,0.000237,0.005486,0.005486,0.000163,0.000269,0.006966,0.000409,0.000230,0.000124,0.000230,0.000139,0.000102,0.000117,0.000090,0.006331,0.006691,0.006691,0.015500,1.002209,0.003913,0.009337,0.009169,0.016628,0.010287,0.011598,0.011995,0.008842,0.005090,0.005205,0.001140,0.001140,0.001199,0.001117,0.000330,0.003908,0.000265,0.000088,0.005930,0.000244,0.000073,0.000303,0.000358,0.000351,0.000215,0.000063,0.000294,0.000062,0.000232,0.000192,0.000230,0.001052,0.000826,0.000021,0.000000,0.000460,0.000297,0.000613,0.000317,0.013387,0.003793,0.000465,0.000259,0.000319,0.004281,0.000158,0.000233,0.000403,0.005145,0.005145,0.004741,0.000330
rust.trait_object_dyn,0.000534,0.000063,0.000079,0.008348,0.000277,0.000063,0.008226,0.000119,0.000277,0.000045,0.000104,0.000079,0.000000,0.007409,0.000063,0.008215,0.000080,0.000104,0.000104,0.000276,0.000821,0.000045,0.000064,0.000063,0.008235,0.000064,0.000534,0.000063,0.000045,0.000045,0.000633,0.008360,0.000534,0.008235,0.008360,0.000063,0.000045,0.000277,0.000045,0.000631,0.000079,0.008233,0.000063,0.000104,0.000534,0.000139,0.000278,0.000278,0.000277,0.000277,0.000063,0.000030,0.000378,0.000079,0.008340,0.000277,0.000143,0.000624,0.000200,0.000000,0.000063,0.000104,0.008353,0.008351,0.000378,0.000629,0.000095,0.000978,0.008344,0.008353,0.008350,0.008340,0.000063,0.000978,0.000063,0.000045,0.000187,0.000078,0.000187,0.000079,0.008233,0.008356,0.000045,0.000187,0.000063,0.000063,0.000064,0.000063,0.000080,0.000822,0.008357,0.000277,0.008341,0.000534,0.000827,0.000624,0.000045,0.000095,0.002617,0.005926,0.000391,0.000401,0.000181,0.000239,0.000167,0.000361,0.003253,0.003253,0.000349,0.000422,0.000296,0.005926,0.002730,0.000382,0.002730,0.004111,0.000289,0.004917,0.003559,0.011148,0.011432,0.011432,0.003968,0.003320,1.002387,0.010127,0.009994,0.004190,0.004936,0.004202,0.004748,0.009827,0.008830,0.010291,0.010332,0.010332,0.013388,0.013411,0.000076,0.000110,0.000106,0.000088,0.010827,0.000071,0.000063,0.000069,0.000431,0.002925,0.004548,0.002732,0.000161,0.002735,0.000133,0.000100,0.000222,0.010626,0.008344,0.000166,0.000151,0.000011,0.000048,0.000078,0.002443,0.009375,0.004137,0.000342,0.000157,0.005136,0.005130,0.003247,0.004708,0.005621,0.000367,0.000367,0.000168,0.000071
rust.vtable_dispatch,0.000677,0.000084,0.000738,0.000545,0.010227,0.000057,0.000862,0.000794,0.010230,0.000121,0.000155,0.000745,0.000326,0.001130,0.000057,0.000857,0.000742,0.000155,0.000155,0.010200,0.010258,0.000121,0.000131,0.000084,0.000864,0.000131,0.000677,0.000084,0.000121,0.000121,0.000485,0.000545,0.000677,0.000864,0.000545,0.000084,0.000121,0.010224,0.000121,0.000482,0.000740,0.000864,0.000084,0.000155,0.000677,0.000464,0.010241,0.010242,0.010216,0.010221,0.000057,0.000046,0.000467,0.000727,0.000545,0.010221,0.000137,0.000474,0.000242,0.000326,0.000084,0.000155,0.000545,0.000545,0.000467,0.000477,0.000781,0.000328,0.000545,0.000545,0.000545,0.000545,0.000084,0.000348,0.000084,0.000121,0.008322,0.000724,0.008309,0.000730,0.000867,0.000545,0.000121,0.008296,0.000057,0.000057,0.000131,0.000084,0.000745,0.000162,0.000545,0.010227,0.000545,0.000677,0.010258,0.000474,0.000121,0.000778,0.003670,0.007958,0.000575,0.000431,0.000451,0.000319,0.000230,0.000307,0.000855,0.000855,0.000485,0.000488,0.008295,0.007958,0.003593,0.000483,0.003593,0.004671,0.000362,0.006732,0.004069,0.005565,0.005785,0.005785,0.011351,0.010854,0.013875,1.002488,0.001106,0.011532,0.014898,0.013927,0.014766,0.000963,0.001030,0.005606,0.005598,0.005598,0.010734,0.010065,0.000453,0.000242,0.000425,0.000058,0.005532,0.000344,0.000143,0.000362,0.003344,0.003582,0.006685,0.003855,0.000539,0.003735,0.000392,0.000332,0.000279,0.006270,0.000749,0.000219,0.000187,0.000166,0.000066,0.000249,0.003577,0.000998,0.006290,0.000272,0.000462,0.008006,0.005576,0.000738,0.006812,0.008653,0.000278,0.000278,0.000127,0.000097
rust.generic_bounds,0.000059,0.000000,0.000067,0.008722,0.000261,0.000018,0.011151,0.000043,0.000261,0.000022,0.000054,0.000122,0.000121,0.005370,0.000018,0.011125,0.000127,0.000054,0.000054,0.000258,0.005931,0.000022,0.000009,0.000000,0.011165,0.000009,0.000059,0.000000,0.000022,0.000022,0.005788,0.008736,0.000059,0.011166,0.008736,0.000000,0.000022,0.000261,0.000022,0.005933,0.000067,0.011166,0.000000,0.000054,0.000059,0.000161,0.000265,0.000265,0.000259,0.000261,0.000018,0.000244,0.000136,0.000066,0.008710,0.000259,0.000113,0.005911,0.000097,0.000263,0.000000,0.000054,0.008727,0.008724,0.000137,0.005774,0.000056,0.003464,0.008715,0.008727,0.008723,0.008711,0.000000,0.003474,0.000199,0.000022,0.000263,0.000066,0.000261,0.000066,0.011170,0.008730,0.000022,0.000260,0.000018,0.000018,0.000009,0.000000,0.000068,0.003346,0.008733,0.000260,0.008712,0.000059,0.005959,0.005910,0.000022,0.000056,0.000195,0.000551,0.000221,0.000207,0.000131,0.000119,0.000128,0.001981,0.006266,0.006266,0.000127,0.000289,0.000212,0.000551,0.000275,0.000121,0.000275,0.000133,0.000115,0.000136,0.000130,0.010246,0.012346,0.012346,0.009848,0.006329,0.008130,0.000657,1.002834,0.008191,0.004602,0.004015,0.002774,0.012141,0.010660,0.010716,0.007619,0.007619,0.007543,0.007590,0.000065,0.000137,0.000027,0.000110,0.009608,0.000063,0.000037,0.000062,0.001947,0.000216,0.000190,0.000023,0.000043,0.000057,0.000048,0.000024,0.000231,0.007546,0.007071,0.000016,0.000016,0.000317,0.000244,0.002065,0.000086,0.011413,0.000211,0.003022,0.000056,0.000322,0.003363,0.000138,0.000284,0.002023,0.004040,0.004040,0.002167,0.000270
rust.where_clauses,0.000159,0.000000,0.000480,0.005151,0.006386,0.000000,0.005509,0.000443,0.006388,0.000098,0.000021,0.000512,0.000326,0.001147,0.000000,0.005490,0.000514,0.000021,0.000021,0.006367,0.010729,0.000098,0.000042,0.000000,0.005519,0.000042,0.000159,0.000000,0.000098,0.000098,0.004805,0.005157,0.000159,0.005520,0.005156,0.000000,0.000098,0.006385,0.000098,0.004911,0.000481,0.005520,0.000000,0.000021,0.000159,0.000395,0.006398,0.006399,0.006378,0.006383,0.000000,0.000192,0.000200,0.000473,0.005142,0.006381,0.000115,0.004892,0.000118,0.000432,0.000000,0.000021,0.005152,0.005150,0.000202,0.004791,0.000501,0.004555,0.005145,0.005151,0.005149,0.005142,0.000000,0.004575,0.000153,0.000098,0.006158,0.000471,0.006148,0.000474,0.005525,0.005153,0.000098,0.006139,0.000000,0.000000,0.000042,0.000000,0.000485,0.004421,0.005155,0.006385,0.005143,0.000159,0.010753,0.004891,0.000098,0.000499,0.000325,0.000497,0.000311,0.000204,0.000316,0.000179,0.000194,0.002599,0.005800,0.005800,0.000195,0.000326,0.006002,0.000497,0.000308,0.000178,0.000308,0.000249,0.000146,0.000237,0.000171,0.007025,0.007398,0.007398,0.015426,0.014236,0.004228,0.008493,0.010159,1.002198,0.009642,0.009210,0.009300,0.009840,0.005425,0.005496,0.003370,0.003370,0.003378,0.003547,0.000319,0.002315,0.000267,0.000133,0.006290,0.000246,0.000104,0.002354,0.002682,0.000385,0.000305,0.000081,0.000262,0.000078,0.000203,0.000172,0.000263,0.003485,0.000960,0.000018,0.000000,0.000343,0.000190,0.000472,0.000221,0.009042,0.000296,0.000395,0.000184,0.002490,0.004557,0.002279,0.000365,0.002801,0.003144,0.003144,0.002765,0.000238
rust.blanket_impl,0.000173,0.000000,0.000623,0.000767,0.008952,0.000008,0.005804,0.000624,0.008954,0.000096,0.000051,0.000704,0.000453,0.001173,0.000008,0.005785,0.000705,0.000051,0.000051,0.008926,0.012250,0.000096,0.000056,0.000000,0.005812,0.000056,0.000173,0.000000,0.000096,0.000096,0.005329,0.000771,0.000173,0.005813,0.000771,0.000000,0.000096,0.008950,0.000096,0.005361,0.000625,0.005815,0.000000,0.000051,0.000173,0.000508,0.008966,0.008968,0.008941,0.008947,0.000008,0.000120,0.000222,0.000614,0.000765,0.008945,0.000121,0.005339,0.000127,0.000480,0.000000,0.000051,0.000769,0.000767,0.000222,0.005313,0.000668,0.000336,0.000765,0.000769,0.000767,0.000766,0.000000,0.000360,0.000095,0.000096,0.008906,0.000611,0.008893,0.000616,0.005821,0.000769,0.000096,0.008880,0.000008,0.000008,0.000056,0.000000,0.000629,0.000195,0.000770,0.008951,0.000766,0.000173,0.012266,0.005338,0.000096,0.000665,0.000476,0.005124,0.000435,0.000274,0.000385,0.000198,0.000203,0.000330,0.005562,0.005562,0.000249,0.002776,0.007005,0.005124,0.000423,0.000220,0.000423,0.000312,0.000191,0.000352,0.000212,0.004198,0.009600,0.009600,0.012909,0.010033,0.005673,0.012498,0.006501,0.010983,1.002488,0.014072,0.014848,0.004179,0.006206,0.009255,0.006001,0.006001,0.006017,0.006944,0.000396,0.000234,0.000302,0.000112,0.005936,0.000304,0.000110,0.000338,0.003573,0.003376,0.002799,0.000099,0.000344,0.000165,0.000271,0.000234,0.000363,0.006827,0.003241,0.000028,0.000026,0.000293,0.000108,0.000412,0.000399,0.003722,0.002769,0.000414,0.000272,0.003461,0.000755,0.000186,0.002912,0.003747,0.000662,0.000662,0.000256,0.000147
rust.coherence_orphan,0.000115,0.000030,0.000558,0.000636,0.008225,0.000000,0.005264,0.000559,0.008227,0.000108,0.000193,0.000631,0.000538,0.000984,0.000000,0.005246,0.000632,0.000193,0.000193,0.008200,0.012574,0.000108,0.000045,0.000030,0.005272,0.000045,0.000115,0.000030,0.000108,0.000108,0.004905,0.000640,0.000115,0.005272,0.000640,0.000030,0.000108,0.008224,0.000108,0.005183,0.000559,0.005274,0.000030,0.000193,0.000115,0.000611,0.008240,0.008242,0.008215,0.008221,0.000000,0.000454,0.000216,0.000550,0.000634,0.008218,0.000129,0.005161,0.000172,0.000805,0.000030,0.000193,0.000638,0.000637,0.000216,0.004890,0.000624,0.000350,0.000635,0.000638,0.000636,0.000635,0.000030,0.000374,0.000356,0.000108,0.009628,0.000547,0.009616,0.000552,0.005280,0.000638,0.000108,0.009603,0.000000,0.000000,0.000045,0.000030,0.000563,0.000190,0.000639,0.008224,0.000635,0.000115,0.012589,0.005160,0.000108,0.000622,0.000506,0.004976,0.000397,0.000278,0.000380,0.000228,0.000227,0.000318,0.005468,0.005468,0.000296,0.000437,0.007751,0.004976,0.003154,0.000287,0.003154,0.000273,0.000217,0.000311,0.000240,0.006078,0.006485,0.006485,0.013658,0.012737,0.005439,0.013156,0.006388,0.011814,0.015846,1.002316,0.015487,0.004196,0.006007,0.006142,0.003959,0.003959,0.003988,0.006534,0.000374,0.003514,0.000328,0.000112,0.001415,0.000282,0.000111,0.000336,0.003638,0.000525,0.000419,0.000124,0.000323,0.000168,0.000256,0.000208,0.000341,0.004164,0.000723,0.000036,0.000016,0.003842,0.000470,0.004591,0.003191,0.005573,0.004681,0.000484,0.000342,0.003498,0.000711,0.000163,0.000492,0.003736,0.004867,0.004867,0.000702,0.004250
rust.specialization,0.000213,0.000016,0.000779,0.000672,0.010866,0.000010,0.001058,0.000780,0.010869,0.000169,0.000155,0.000787,0.000335,0.001236,0.000010,0.001052,0.000783,0.000155,0.000155,0.010838,0.011095,0.000169,0.000069,0.000016,0.001060,0.000069,0.000213,0.000016,0.000169,0.000169,0.000621,0.000672,0.000213,0.001060,0.000672,0.000016,0.000169,0.010863,0.000169,0.000619,0.000781,0.001060,0.000016,0.000155,0.000213,0.000464,0.010881,0.010882,0.010855,0.010860,0.000010,0.000043,0.000242,0.000767,0.000672,0.010859,0.000124,0.000610,0.000147,0.000336,0.000016,0.000155,0.000672,0.000672,0.000242,0.000613,0.000883,0.000368,0.000672,0.000672,0.000672,0.000672,0.000016,0.000389,0.000016,0.000169,0.008649,0.000764,0.008635,0.000770,0.001063,0.000672,0.000169,0.008621,0.000010,0.000010,0.000069,0.000016,0.000786,0.000225,0.000672,0.010866,0.000672,0.000213,0.011095,0.000610,0.000169,0.000880,0.000577,0.006202,0.000493,0.000312,0.000439,0.000228,0.000236,0.000338,0.003836,0.003836,0.000300,0.003381,0.008492,0.006202,0.000475,0.000255,0.000475,0.000413,0.000202,0.000452,0.000289,0.004648,0.007385,0.007385,0.012736,0.014350,0.006695,0.015194,0.004808,0.012996,0.018214,0.016870,1.002421,0.004619,0.004666,0.007192,0.007045,0.007045,0.007119,0.008225,0.000550,0.004495,0.000458,0.000167,0.006782,0.000427,0.000190,0.000499,0.004423,0.004186,0.003463,0.000137,0.000461,0.000222,0.000388,0.000305,0.000305,0.008066,0.003687,0.000050,0.000032,0.000179,0.000050,0.000297,0.004011,0.006537,0.005902,0.000311,0.000449,0.004241,0.000683,0.000228,0.003567,0.004582,0.000383,0.000383,0.000181,0.000101
rust.impl_trait,0.000068,0.000000,0.000087,0.009807,0.000245,0.000020,0.009841,0.000059,0.000246,0.000047,0.000062,0.000107,0.000063,0.007007,0.000020,0.009821,0.000111,0.000062,0.000062,0.000243,0.003930,0.000047,0.000011,0.000000,0.009854,0.000011,0.000068,0.000000,0.000047,0.000047,0.003793,0.009820,0.000068,0.009854,0.009820,0.000000,0.000047,0.000245,0.000047,0.003878,0.000087,0.009854,0.000000,0.000062,0.000068,0.000129,0.000248,0.000248,0.000244,0.000245,0.000020,0.000150,0.000132,0.000086,0.009794,0.000244,0.000110,0.003862,0.000093,0.000148,0.000000,0.000062,0.009812,0.009809,0.000133,0.003783,0.000102,0.003904,0.009800,0.009811,0.009808,0.009795,0.000000,0.003910,0.000119,0.000047,0.000203,0.000086,0.000202,0.000086,0.009855,0.009815,0.000047,0.000202,0.000020,0.000020,0.000011,0.000000,0.000088,0.003793,0.009817,0.000245,0.009796,0.000068,0.003953,0.003861,0.000047,0.000102,0.000200,0.000566,0.000240,0.000221,0.000144,0.000127,0.000137,0.002228,0.004993,0.004993,0.000121,0.000306,0.000183,0.000566,0.000277,0.000115,0.000277,0.000155,0.000107,0.000156,0.000151,0.011403,0.011819,0.011819,0.008097,0.006958,0.009114,0.000652,0.013843,0.009044,0.003372,0.003007,0.003038,1.002530,0.010052,0.010089,0.008538,0.008538,0.008463,0.008502,0.000117,0.000155,0.000058,0.002028,0.012519,0.000115,0.000073,0.000102,0.002215,0.000260,0.000212,0.000027,0.000055,0.000065,0.000061,0.000029,0.000218,0.008454,0.007921,0.000018,0.000018,0.000183,0.000149,0.000283,0.000097,0.012722,0.000235,0.003285,0.000066,0.000342,0.003680,0.000146,0.000303,0.002276,0.002654,0.002654,0.002277,0.000180
rust.opaque_types,0.000150,0.000015,0.000075,0.009401,0.000205,0.000027,0.009368,0.000049,0.000205,0.000045,0.000000,0.000128,0.000103,0.005782,0.000027,0.009349,0.000131,0.000000,0.000000,0.000203,0.003663,0.000045,0.000010,0.000015,0.009381,0.000010,0.000150,0.000015,0.000045,0.000045,0.003589,0.009414,0.000150,0.009382,0.009413,0.000015,0.000045,0.000205,0.000045,0.003575,0.000075,0.009381,0.000015,0.000000,0.000150,0.000336,0.000207,0.000208,0.000204,0.000205,0.000027,0.000063,0.000395,0.000074,0.009389,0.000204,0.000287,0.003560,0.000292,0.000091,0.000015,0.000000,0.009405,0.009403,0.000396,0.003579,0.000089,0.003954,0.009394,0.009405,0.009402,0.009390,0.000015,0.003960,0.000074,0.000045,0.000188,0.000074,0.000187,0.000074,0.009382,0.009408,0.000045,0.000186,0.000027,0.000027,0.000010,0.000015,0.000076,0.003637,0.009411,0.000205,0.009390,0.000150,0.003684,0.003559,0.000045,0.000089,0.000526,0.004620,0.002896,0.002777,0.000442,0.000440,0.000448,0.005471,0.006808,0.006808,0.000410,0.004344,0.000191,0.004620,0.003068,0.000415,0.003068,0.000267,0.000430,0.000285,0.000170,0.008178,0.009805,0.009805,0.006162,0.003860,0.007892,0.000672,0.011712,0.004805,0.004826,0.004148,0.002958,0.009687,1.002427,0.011468,0.011149,0.011149,0.008190,0.008268,0.000122,0.000133,0.000076,0.002058,0.008069,0.000104,0.000080,0.000116,0.002156,0.000285,0.000302,0.000037,0.000050,0.000088,0.000064,0.000092,0.002821,0.008198,0.009972,0.000030,0.000047,0.000083,0.000057,0.000156,0.000080,0.009420,0.000194,0.000345,0.000023,0.003445,0.000600,0.000137,0.003226,0.002261,0.000537,0.000537,0.000207,0.000089
rust.method_resolution,0.000030,0.000000,0.000086,0.009796,0.000278,0.000020,0.009784,0.000059,0.000278,0.000047,0.000000,0.000107,0.000083,0.007025,0.000020,0.009764,0.000110,0.000000,0.000000,0.000275,0.003883,0.000047,0.000021,0.000000,0.009798,0.000021,0.000030,0.000000,0.000047,0.000047,0.003717,0.009809,0.000030,0.009798,0.009808,0.000000,0.000047,0.000278,0.000047,0.003805,0.000087,0.009797,0.000000,0.000000,0.000030,0.000171,0.000281,0.000281,0.000277,0.000278,0.000020,0.000143,0.000150,0.000085,0.009782,0.000277,0.000136,0.003789,0.000127,0.000170,0.000000,0.000000,0.009800,0.009797,0.000151,0.003707,0.000085,0.003915,0.009788,0.009800,0.009796,0.009784,0.000000,0.003921,0.000121,0.000047,0.000250,0.000085,0.000249,0.000086,0.009799,0.009803,0.000047,0.000248,0.000020,0.000020,0.000021,0.000000,0.000088,0.003772,0.009806,0.000278,0.009784,0.000030,0.003905,0.003788,0.000047,0.000085,0.000280,0.003583,0.000281,0.000260,0.000161,0.000154,0.000155,0.002254,0.004008,0.004008,0.000174,0.000367,0.000211,0.003583,0.000347,0.000164,0.000347,0.000145,0.000151,0.000182,0.000133,0.008546,0.012123,0.012123,0.006499,0.004099,0.009554,0.003799,0.012229,0.005057,0.007475,0.004405,0.004736,0.010098,0.011912,1.002475,0.009958,0.009958,0.009867,0.010243,0.000072,0.000133,0.000052,0.000121,0.009723,0.000067,0.000049,0.000085,0.002243,0.002274,0.000230,0.000045,0.000044,0.000116,0.000047,0.000035,0.000223,0.010165,0.007990,0.000018,0.000018,0.000205,0.000145,0.002167,0.000100,0.009849,0.000198,0.000380,0.000023,0.000372,0.000551,0.000072,0.000338,0.002276,0.002580,0.002580,0.000345,0.000170
rust.autoderef_autoref,0.000231,0.000023,0.000103,0.009885,0.000188,0.000028,0.007893,0.000075,0.000188,0.000070,0.000000,0.000110,0.000044,0.007124,0.000028,0.007882,0.000111,0.000000,0.000000,0.000187,0.000660,0.000070,0.000021,0.000023,0.007903,0.000021,0.000231,0.000023,0.000070,0.000070,0.000594,0.009897,0.000231,0.007903,0.009896,0.000023,0.000070,0.000188,0.000070,0.000557,0.000103,0.007901,0.000023,0.000000,0.000231,0.000354,0.000189,0.000189,0.000188,0.000188,0.000028,0.000000,0.000472,0.000102,0.009873,0.000188,0.000321,0.000550,0.000341,0.000015,0.000023,0.000000,0.009889,0.009887,0.000474,0.000591,0.000130,0.004162,0.009879,0.009889,0.009886,0.009873,0.000023,0.004161,0.000023,0.000070,0.000120,0.000102,0.000120,0.000102,0.007901,0.009892,0.000070,0.000120,0.000028,0.000028,0.000021,0.000023,0.000104,0.003812,0.009894,0.000188,0.009874,0.000231,0.000674,0.000550,0.000070,0.000130,0.003240,0.006899,0.004267,0.003989,0.000503,0.000515,0.000507,0.004176,0.005075,0.005075,0.000505,0.004644,0.000184,0.006899,0.003335,0.000515,0.003335,0.002398,0.000530,0.002436,0.000291,0.008488,0.010108,0.010108,0.001170,0.000913,0.009754,0.003857,0.008841,0.003153,0.004929,0.002887,0.004717,0.008691,0.011776,0.010126,1.002501,0.016502,0.011933,0.010457,0.000161,0.000143,0.000123,0.002177,0.009753,0.000136,0.000109,0.000148,0.002313,0.002369,0.000436,0.000090,0.000091,0.000162,0.000083,0.000124,0.002958,0.010338,0.010555,0.000064,0.000060,0.000007,0.000000,0.000061,0.000154,0.008405,0.000241,0.000219,0.000043,0.003769,0.000552,0.000208,0.003550,0.002485,0.000294,0.000294,0.000101,0.000028
rust.deref_coercion,0.000231,0.000023,0.000103,0.009885,0.000188,0.000028,0.007893,0.000075,0.000188,0.000070,0.000000,0.000110,0.000044,0.007124,0.000028,0.007882,0.000111,0.000000,0.000000,0.000187,0.000660,0.000070,0.000021,0.000023,0.007903,0.000021,0.000231,0.000023,0.000070,0.000070,0.000594,0.009897,0.000231,0.007903,0.009896,0.000023,0.000070,0.000188,0.000070,0.000557,0.000103,0.007901,0.000023,0.000000,0.000231,0.000354,0.000189,0.000189,0.000188,0.000188,0.000028,0.000000,0.000472,0.000102,0.009873,0.000188,0.000321,0.000550,0.000341,0.000015,0.000023,0.000000,0.009889,0.009887,0.000474,0.000591,0.000130,0.004162,0.009879,0.009889,0.009886,0.009873,0.000023,0.004161,0.000023,0.000070,0.000120,0.000102,0.000120,0.000102,0.007901,0.009892,0.000070,0.000120,0.000028,0.000028,0.000021,0.000023,0.000104,0.003812,0.009894,0.000188,0.009874,0.000231,0.000674,0.000550,0.000070,0.000130,0.003240,0.006899,0.004267,0.003989,0.000503,0.000515,0.000507,0.004176,0.005075,0.005075,0.000505,0.004644,0.000184,0.006899,0.003335,0.000515,0.003335,0.002398,0.000530,0.002436,0.000291,0.008488,0.010108,0.010108,0.001170,0.000913,0.009754,0.003857,0.008841,0.003153,0.004929,0.002887,0.004717,0.008691,0.011776,0.010126,0.016502,1.002501,0.011933,0.010457,0.000161,0.000143,0.000123,0.002177,0.009753,0.000136,0.000109,0.000148,0.002313,0.002369,0.000436,0.000090,0.000091,0.000162,0.000083,0.000124,0.002958,0.010338,0.010555,0.000064,0.000060,0.000007,0.000000,0.000061,0.000154,0.008405,0.000241,0.000219,0.000043,0.003769,0.000552,0.000208,0.003550,0.002485,0.000294,0.000294,0.000101,0.000028
rust.unsize_coercion,0.000439,0.000000,0.000095,0.010616,0.000217,0.000022,0.008441,0.000064,0.000217,0.000052,0.000090,0.000065,0.000000,0.007638,0.000022,0.008429,0.000065,0.000090,0.000090,0.000216,0.000705,0.000052,0.000023,0.000000,0.008452,0.000023,0.000439,0.000000,0.000052,0.000052,0.000564,0.010629,0.000439,0.008452,0.010628,0.000000,0.000052,0.000217,0.000052,0.000562,0.000095,0.008450,0.000000,0.000090,0.000439,0.000091,0.000218,0.000218,0.000217,0.000217,0.000022,0.000034,0.000289,0.000094,0.010602,0.000217,0.000100,0.000554,0.000090,0.000000,0.000000,0.000090,0.010620,0.010618,0.000291,0.000559,0.000093,0.004188,0.010609,0.010620,0.010617,0.010603,0.000000,0.004187,0.000000,0.000052,0.000140,0.000093,0.000140,0.000094,0.008449,0.010624,0.000052,0.000140,0.000022,0.000022,0.000023,0.000000,0.000096,0.004093,0.010626,0.000217,0.010604,0.000439,0.000719,0.000554,0.000052,0.000094,0.000308,0.003971,0.000309,0.000288,0.000103,0.000109,0.000096,0.000302,0.000845,0.000845,0.000151,0.000380,0.000167,0.003971,0.000463,0.000197,0.000463,0.003369,0.000181,0.003270,0.000419,0.009097,0.010834,0.010834,0.001257,0.001037,0.013652,0.007988,0.009455,0.003414,0.005338,0.003142,0.005149,0.009305,0.009344,0.010838,0.012890,0.012890,1.002549,0.011242,0.000079,0.000123,0.000070,0.000097,0.010441,0.000074,0.000054,0.000090,0.002494,0.002506,0.004934,0.000100,0.000059,0.000163,0.000102,0.000038,0.000192,0.011125,0.008707,0.000047,0.000066,0.000008,0.000028,0.000066,0.000224,0.009045,0.004610,0.000285,0.000102,0.005936,0.004212,0.000460,0.005080,0.006440,0.000297,0.000297,0.000120,0.000030
rust.operator_traits,0.000280,0.000068,0.000088,0.008927,0.000274,0.000092,0.008747,0.000151,0.000275,0.000065,0.000029,0.000088,0.000000,0.007877,0.000092,0.008735,0.000089,0.000029,0.000029,0.000273,0.000779,0.000065,0.000030,0.000068,0.008756,0.000030,0.000280,0.000068,0.000065,0.000065,0.000606,0.008939,0.000280,0.008756,0.008939,0.000068,0.000065,0.000274,0.000065,0.000604,0.000088,0.008755,0.000068,0.000029,0.000280,0.000176,0.000275,0.000275,0.000274,0.000274,0.000092,0.000000,0.000321,0.000087,0.008917,0.000274,0.000190,0.000596,0.000254,0.000000,0.000068,0.000029,0.008932,0.008929,0.000321,0.000601,0.000124,0.001061,0.008922,0.008931,0.008929,0.008918,0.000068,0.001060,0.000068,0.000065,0.000179,0.000087,0.000179,0.000088,0.008754,0.008935,0.000065,0.000179,0.000092,0.000092,0.000030,0.000068,0.000089,0.000857,0.008936,0.000275,0.008918,0.000280,0.000786,0.000596,0.000065,0.000124,0.003752,0.008523,0.000436,0.000447,0.000238,0.000301,0.000231,0.000425,0.001013,0.001013,0.000413,0.000488,0.000289,0.008523,0.003812,0.002510,0.003812,0.000507,0.000332,0.003643,0.003491,0.011178,0.011473,0.011473,0.003358,0.000980,0.013857,0.007591,0.009641,0.003632,0.006242,0.005216,0.006027,0.009472,0.009559,0.011401,0.011446,0.011446,0.011392,1.002434,0.000108,0.000117,0.000111,0.000100,0.011038,0.000103,0.000084,0.000107,0.002784,0.003524,0.003507,0.000190,0.000195,0.004191,0.000144,0.000142,0.000232,0.013708,0.010047,0.000169,0.000171,0.000014,0.000025,0.000082,0.002818,0.009184,0.000343,0.000272,0.000101,0.002853,0.000683,0.000295,0.003679,0.003080,0.000322,0.000322,0.000126,0.000078
rust.pattern_destructuring,0.000044,0.000025,0.005798,0.000033,0.005893,0.000167,0.000067,0.005760,0.005897,0.011552,0.000110,0.005718,0.000132,0.005668,0.000168,0.000067,0.005719,0.000110,0.000110,0.005872,0.000314,0.011543,0.004473,0.000025,0.000067,0.004475,0.000044,0.000025,0.011587,0.011569,0.000156,0.000034,0.000044,0.000067,0.000034,0.000025,0.011561,0.005889,0.011588,0.000036,0.005802,0.000067,0.000025,0.000110,0.000044,0.000232,0.005900,0.005901,0.005883,0.005883,0.000168,0.000000,0.000224,0.005783,0.000033,0.005899,0.000175,0.000036,0.000211,0.000020,0.000025,0.000110,0.000033,0.000034,0.000224,0.000157,0.012993,0.000180,0.000033,0.000034,0.000033,0.000033,0.000025,0.000180,0.000025,0.011553,0.000293,0.005779,0.000289,0.005787,0.000067,0.000034,0.011583,0.000285,0.000170,0.000168,0.004471,0.000025,0.005809,0.000204,0.000034,0.005900,0.000033,0.000044,0.000312,0.000036,0.011585,0.012995,0.000786,0.000338,0.003544,0.003069,0.006244,0.005281,0.005983,0.000427,0.000372,0.000372,0.003827,0.003880,0.004507,0.000338,0.000303,0.000271,0.000303,0.000176,0.000376,0.000101,0.003175,0.000081,0.000133,0.000133,0.000328,0.000327,0.000089,0.000386,0.000094,0.000369,0.000403,0.000337,0.000455,0.000147,0.000160,0.000090,0.000200,0.000200,0.000090,0.000122,1.003226,0.010993,0.014998,0.011103,0.003211,0.018546,0.015978,0.015061,0.010084,0.013082,0.000048,0.000690,0.008376,0.000378,0.007276,0.005915,0.004301,0.000125,0.000111,0.000233,0.000164,0.000000,0.000031,0.000036,0.000562,0.000092,0.000236,0.004264,0.006074,0.000101,0.000039,0.000038,0.000076,0.000056,0.000072,0.000072,0.000036,0.000057
rust.match_exhaustiveness,0.000000,0.000000,0.000548,0.000082,0.000689,0.000151,0.000155,0.000686,0.000689,0.015742,0.000230,0.000621,0.000131,0.000580,0.000151,0.000155,0.000625,0.000230,0.000230,0.000684,0.000267,0.015730,0.001861,0.000000,0.000155,0.001861,0.000000,0.000000,0.015788,0.015754,0.000201,0.000082,0.000000,0.000155,0.000082,0.000000,0.015748,0.000689,0.015791,0.000394,0.000548,0.000155,0.000000,0.000230,0.000000,0.000197,0.000692,0.000693,0.000686,0.000686,0.000151,0.000396,0.000126,0.000546,0.000082,0.000687,0.000102,0.000394,0.000108,0.000329,0.000000,0.000230,0.000082,0.000082,0.000126,0.000201,0.014398,0.000164,0.000082,0.000082,0.000082,0.000082,0.000000,0.000164,0.000255,0.015742,0.000206,0.000545,0.000206,0.000547,0.000155,0.000082,0.015785,0.000206,0.000151,0.000151,0.001860,0.000000,0.000555,0.000054,0.000082,0.000689,0.000082,0.000000,0.000267,0.000394,0.015788,0.014403,0.000384,0.000285,0.000475,0.000458,0.000917,0.004945,0.005753,0.000348,0.000423,0.000423,0.001082,0.005714,0.001280,0.000285,0.000189,0.000130,0.000189,0.000121,0.000246,0.000015,0.000306,0.000301,0.000355,0.000355,0.000431,0.006503,0.000215,0.000347,0.000331,0.004500,0.000400,0.005325,0.006252,0.000328,0.000292,0.000281,0.000297,0.000297,0.000236,0.000222,0.018471,1.002900,0.019484,0.013495,0.000588,0.016337,0.016703,0.023481,0.018591,0.018284,0.000122,0.000669,0.006858,0.000352,0.010515,0.005490,0.006024,0.000242,0.000129,0.000171,0.000148,0.000462,0.000421,0.004446,0.000384,0.006425,0.005177,0.000409,0.005515,0.000193,0.000147,0.000059,0.000112,0.000163,0.004590,0.004590,0.004521,0.004365
rust.match_guards,0.000097,0.000085,0.004318,0.000014,0.004423,0.000188,0.000015,0.004352,0.004426,0.013114,0.000135,0.004270,0.000106,0.004218,0.000188,0.000014,0.004271,0.000135,0.000135,0.004407,0.000230,0.013104,0.005611,0.000085,0.000015,0.005613,0.000097,0.000085,0.013154,0.013133,0.000095,0.000015,0.000097,0.000015,0.000015,0.000085,0.013124,0.004420,0.013155,0.000000,0.004321,0.000015,0.000085,0.000135,0.000097,0.000201,0.004429,0.004430,0.004416,0.004416,0.000189,0.000000,0.000225,0.004307,0.000014,0.004427,0.000158,0.000000,0.000253,0.000018,0.000085,0.000135,0.000015,0.000015,0.000225,0.000095,0.012074,0.000158,0.000014,0.000015,0.000015,0.000014,0.000085,0.000158,0.000085,0.013115,0.000244,0.004304,0.000241,0.004310,0.000015,0.000015,0.013150,0.000238,0.000190,0.000188,0.005609,0.000085,0.004327,0.000146,0.000015,0.004428,0.000014,0.000097,0.000228,0.000000,0.013152,0.012077,0.004224,0.000342,0.000725,0.003681,0.005247,0.004568,0.005071,0.000353,0.000283,0.000283,0.006691,0.000827,0.008061,0.000342,0.000346,0.000348,0.000346,0.003486,0.000373,0.000246,0.003771,0.000063,0.000077,0.000077,0.000247,0.000283,0.000133,0.000389,0.000042,0.000332,0.000330,0.000318,0.000408,0.000079,0.000107,0.000071,0.000163,0.000163,0.000086,0.000134,0.016130,0.012471,1.003194,0.008990,0.000568,0.014414,0.014600,0.018028,0.011336,0.013587,0.000103,0.004159,0.008528,0.000522,0.009440,0.007227,0.003884,0.000103,0.000088,0.000350,0.000208,0.000000,0.000065,0.000042,0.004280,0.000077,0.000285,0.000360,0.010486,0.000141,0.000088,0.000127,0.000112,0.000111,0.000042,0.000042,0.000042,0.000084
rust.ref_patterns,0.000040,0.000000,0.000549,0.000139,0.000552,0.000000,0.000198,0.000550,0.000552,0.014735,0.000000,0.000676,0.000160,0.000655,0.000000,0.000198,0.000681,0.000000,0.000000,0.000546,0.000100,0.014723,0.001673,0.000000,0.000198,0.001674,0.000040,0.000000,0.014779,0.014748,0.000230,0.000139,0.000040,0.000198,0.000139,0.000000,0.014741,0.000551,0.014781,0.000100,0.000549,0.000198,0.000000,0.000000,0.000040,0.000645,0.000556,0.000557,0.000548,0.000548,0.000000,0.000000,0.000615,0.000546,0.000139,0.000550,0.000475,0.000100,0.000495,0.000053,0.000000,0.000000,0.000139,0.000139,0.000615,0.000230,0.016693,0.000585,0.000139,0.000139,0.000139,0.000139,0.000000,0.000585,0.000000,0.014735,0.000053,0.000545,0.000053,0.000547,0.000198,0.000139,0.014775,0.000053,0.000000,0.000000,0.001672,0.000000,0.000556,0.000052,0.000139,0.000552,0.000139,0.000040,0.000100,0.000100,0.014778,0.016698,0.000988,0.000913,0.008278,0.007386,0.010154,0.008944,0.010195,0.011325,0.007543,0.007543,0.001527,0.009729,0.001079,0.000913,0.000772,0.000620,0.000772,0.000180,0.000871,0.000105,0.000280,0.000224,0.000308,0.000308,0.000207,0.000170,0.000202,0.000096,0.000311,0.000301,0.000224,0.000198,0.000271,0.005003,0.005269,0.000298,0.005276,0.005276,0.000217,0.000222,0.021765,0.015745,0.016387,1.002508,0.000636,0.022748,0.019142,0.016527,0.014245,0.015710,0.000000,0.000609,0.001361,0.000118,0.001442,0.001311,0.010363,0.000275,0.000386,0.000019,0.000000,0.000000,0.000000,0.000054,0.000172,0.000272,0.000140,0.000275,0.001163,0.000284,0.000056,0.000000,0.000203,0.000076,0.000111,0.000111,0.000063,0.000054
rust.enum_variant_semantics,0.000091,0.000011,0.002657,0.007036,0.002844,0.000063,0.008654,0.002609,0.002846,0.000163,0.000089,0.002662,0.000121,0.007862,0.000063,0.008637,0.002665,0.000089,0.000089,0.002833,0.003564,0.000162,0.000063,0.000011,0.008664,0.000063,0.000091,0.000011,0.000163,0.000164,0.003389,0.007047,0.000091,0.008665,0.007047,0.000011,0.000163,0.002842,0.000163,0.003350,0.002658,0.008665,0.000011,0.000089,0.000091,0.000143,0.002849,0.002849,0.002839,0.002840,0.000063,0.000074,0.000152,0.002649,0.007027,0.002846,0.000115,0.003335,0.000118,0.000082,0.000011,0.000089,0.007041,0.007038,0.000152,0.003381,0.002668,0.000825,0.007031,0.007040,0.007037,0.007028,0.000011,0.000830,0.000066,0.000163,0.000289,0.002647,0.000286,0.002651,0.008666,0.007043,0.000163,0.000284,0.000064,0.000063,0.000063,0.000011,0.002661,0.000799,0.007044,0.002847,0.007029,0.000091,0.003577,0.003334,0.000163,0.002667,0.000436,0.003110,0.002221,0.002003,0.000371,0.000217,0.000230,0.000326,0.004112,0.004112,0.000228,0.002284,0.000360,0.003110,0.000330,0.000174,0.000330,0.002026,0.000177,0.000246,0.002127,0.009411,0.011425,0.011425,0.004844,0.004181,0.008998,0.003356,0.009814,0.005180,0.004292,0.000909,0.003997,0.011217,0.007502,0.008704,0.008586,0.008586,0.008509,0.008877,0.002286,0.000249,0.000376,0.000231,1.002166,0.002295,0.000241,0.002638,0.002801,0.003127,0.000279,0.000065,0.002212,0.000182,0.002465,0.000293,0.002112,0.008810,0.006962,0.000094,0.000061,0.000067,0.000076,0.000134,0.000317,0.009172,0.002156,0.003504,0.000301,0.000404,0.003118,0.000133,0.000385,0.000414,0.000528,0.000528,0.000223,0.000090
rust.if_let_while_let,0.000032,0.000030,0.004498,0.000031,0.004584,0.000144,0.000071,0.004484,0.004587,0.013812,0.000113,0.004440,0.000103,0.004405,0.000144,0.000070,0.004441,0.000113,0.000113,0.004568,0.000265,0.013801,0.005810,0.000030,0.000071,0.005812,0.000032,0.000030,0.013854,0.013831,0.000135,0.000031,0.000032,0.000071,0.000031,0.000030,0.013822,0.004581,0.013856,0.000043,0.004501,0.000071,0.000030,0.000113,0.000032,0.000175,0.004591,0.004591,0.004576,0.004576,0.000144,0.000000,0.000163,0.004486,0.000031,0.004588,0.000132,0.000043,0.000168,0.000016,0.000030,0.000113,0.000031,0.000031,0.000163,0.000136,0.012737,0.000139,0.000031,0.000031,0.000031,0.000031,0.000030,0.000139,0.000030,0.013813,0.000234,0.004483,0.000231,0.004490,0.000071,0.000031,0.013849,0.000228,0.000145,0.000144,0.005808,0.000030,0.004508,0.000154,0.000031,0.004590,0.000031,0.000032,0.000263,0.000043,0.013852,0.012740,0.000634,0.000277,0.000685,0.000515,0.005155,0.004412,0.004969,0.000365,0.000328,0.000328,0.004565,0.004695,0.005431,0.000277,0.000241,0.000215,0.000241,0.000155,0.000278,0.000086,0.003581,0.000086,0.000147,0.000147,0.000287,0.000274,0.000094,0.000332,0.000103,0.000322,0.000350,0.000288,0.000401,0.000164,0.000154,0.000096,0.000190,0.000190,0.000096,0.000132,0.021041,0.011031,0.015205,0.013165,0.003657,1.003278,0.019087,0.015280,0.011690,0.015101,0.000049,0.000835,0.007829,0.000361,0.006659,0.005088,0.003524,0.000129,0.000093,0.000206,0.000140,0.000000,0.000030,0.000036,0.000507,0.000090,0.000244,0.004980,0.005338,0.000091,0.000044,0.000043,0.000063,0.000064,0.000078,0.000078,0.000036,0.000059
rust.let_else,0.000035,0.000057,0.000492,0.000000,0.000532,0.000133,0.000027,0.000610,0.000532,0.019639,0.000100,0.000535,0.000053,0.000495,0.000133,0.000027,0.000538,0.000100,0.000100,0.000528,0.000058,0.019623,0.010827,0.000057,0.000027,0.010832,0.000035,0.000057,0.019701,0.019669,0.000070,0.000000,0.000035,0.000027,0.000000,0.000057,0.019655,0.000532,0.019702,0.000027,0.000492,0.000027,0.000057,0.000100,0.000035,0.000192,0.000535,0.000535,0.000530,0.000530,0.000133,0.000000,0.000179,0.000490,0.000000,0.000531,0.000145,0.000027,0.000208,0.000018,0.000057,0.000100,0.000000,0.000000,0.000179,0.000070,0.011440,0.000152,0.000000,0.000000,0.000000,0.000000,0.000057,0.000152,0.000057,0.019640,0.000049,0.000490,0.000049,0.000491,0.000027,0.000000,0.019693,0.000049,0.000133,0.000133,0.010824,0.000057,0.000497,0.000000,0.000000,0.000532,0.000000,0.000035,0.000058,0.000027,0.019696,0.011447,0.000513,0.000302,0.000509,0.000534,0.005356,0.004814,0.005403,0.000373,0.000320,0.000320,0.005231,0.005121,0.005975,0.000302,0.000287,0.000261,0.000287,0.000191,0.000305,0.000127,0.003922,0.000061,0.000114,0.000114,0.000098,0.000090,0.000092,0.000152,0.000067,0.000149,0.000139,0.000125,0.000196,0.000114,0.000130,0.000077,0.000168,0.000168,0.000077,0.000118,0.019847,0.012347,0.016861,0.012129,0.000420,0.020897,1.004399,0.016922,0.015812,0.019186,0.000054,0.004926,0.008347,0.000415,0.007237,0.005522,0.003746,0.000114,0.000067,0.000222,0.000155,0.000000,0.000033,0.000039,0.000355,0.000059,0.000247,0.003891,0.005827,0.000108,0.000040,0.000073,0.000068,0.000079,0.000072,0.000072,0.000039,0.000065
rust.loop_break_value,0.000000,0.000010,0.004390,0.000043,0.004488,0.000214,0.000048,0.004447,0.004491,0.013410,0.000065,0.004361,0.000134,0.004301,0.000215,0.000048,0.004362,0.000065,0.000065,0.004472,0.000248,0.013399,0.005658,0.000010,0.000048,0.005660,0.000000,0.000010,0.013451,0.013429,0.000136,0.000043,0.000000,0.000048,0.000043,0.000010,0.013420,0.004485,0.013452,0.000019,0.004392,0.000048,0.000010,0.000065,0.000000,0.000190,0.004494,0.004495,0.004481,0.004481,0.000215,0.000000,0.000167,0.004378,0.000042,0.004492,0.000135,0.000019,0.000152,0.000027,0.000010,0.000065,0.000043,0.000043,0.000167,0.000137,0.012353,0.000152,0.000042,0.000043,0.000043,0.000042,0.000010,0.000152,0.000010,0.013411,0.000253,0.004375,0.000250,0.004381,0.000048,0.000043,0.013446,0.000247,0.000216,0.000215,0.005656,0.000010,0.004399,0.000159,0.000043,0.004494,0.000042,0.000000,0.000247,0.000019,0.013449,0.012356,0.000655,0.000281,0.000678,0.000522,0.005303,0.004603,0.005155,0.000349,0.000300,0.000300,0.004641,0.004762,0.005611,0.000281,0.000243,0.000204,0.000243,0.000124,0.000312,0.000038,0.000261,0.000090,0.000138,0.000138,0.000288,0.000329,0.000088,0.000338,0.000097,0.002985,0.000376,0.000332,0.000453,0.000141,0.000167,0.000117,0.000201,0.000201,0.000113,0.000132,0.016514,0.015323,0.018380,0.009244,0.004063,0.014768,0.014938,1.003353,0.013840,0.015903,0.000036,0.000819,0.008669,0.000458,0.012498,0.007378,0.005499,0.000159,0.000116,0.000268,0.000210,0.000000,0.000023,0.000053,0.000456,0.000138,0.000252,0.000300,0.007767,0.000081,0.000019,0.000006,0.000040,0.000045,0.000059,0.000059,0.000059,0.000053
rust.never_type_divergence,0.000105,0.000030,0.000358,0.000307,0.000534,0.000091,0.000372,0.000448,0.000533,0.016799,0.000130,0.000358,0.000000,0.000589,0.000091,0.000372,0.000361,0.000130,0.000130,0.000530,0.000317,0.016786,0.007889,0.000030,0.000372,0.007892,0.000105,0.000030,0.016851,0.016822,0.000151,0.000307,0.000105,0.000372,0.000307,0.000030,0.016811,0.000533,0.016853,0.000151,0.000358,0.000372,0.000030,0.000130,0.000105,0.000090,0.000536,0.000536,0.000531,0.000532,0.000091,0.000035,0.000140,0.000356,0.000307,0.000532,0.000072,0.000151,0.000102,0.000000,0.000030,0.000130,0.000307,0.000307,0.000140,0.000151,0.009787,0.000167,0.000307,0.000307,0.000307,0.000307,0.000030,0.000167,0.000030,0.016800,0.000169,0.000355,0.000169,0.000357,0.000372,0.000307,0.016845,0.000169,0.000091,0.000091,0.007886,0.000030,0.000362,0.000082,0.000307,0.000534,0.000307,0.000105,0.000317,0.000151,0.016848,0.009794,0.000319,0.000428,0.000310,0.000316,0.000563,0.000601,0.003699,0.000292,0.000399,0.000399,0.001103,0.007614,0.004440,0.000428,0.000239,0.000153,0.000239,0.000242,0.000129,0.000221,0.000345,0.003564,0.003710,0.003710,0.003555,0.000459,0.000652,0.003689,0.003617,0.004018,0.004700,0.004249,0.004742,0.003610,0.003647,0.003652,0.003703,0.003703,0.003697,0.004072,0.013060,0.014329,0.013650,0.009410,0.005096,0.013343,0.016486,0.016346,1.003205,0.018408,0.000288,0.005504,0.001362,0.003371,0.006421,0.001204,0.000495,0.004028,0.000368,0.000161,0.000136,0.000012,0.000042,0.000091,0.000351,0.000527,0.004699,0.000329,0.004739,0.003445,0.000262,0.000133,0.000318,0.003819,0.000131,0.000131,0.000097,0.000072
rust.result_question_operator,0.000032,0.000063,0.003442,0.000206,0.003581,0.000196,0.000233,0.003515,0.003584,0.014283,0.000061,0.003369,0.000041,0.003531,0.000196,0.000233,0.003370,0.000061,0.000061,0.003568,0.000295,0.014271,0.007226,0.000063,0.000234,0.007229,0.000032,0.000063,0.014327,0.014304,0.000098,0.000206,0.000032,0.000233,0.000206,0.000063,0.014294,0.003579,0.014328,0.000057,0.003444,0.000233,0.000063,0.000061,0.000032,0.000082,0.003586,0.003587,0.003575,0.003575,0.000196,0.000000,0.000095,0.003433,0.000205,0.003584,0.000076,0.000057,0.000148,0.000000,0.000063,0.000061,0.000206,0.000206,0.000095,0.000098,0.010835,0.000119,0.000205,0.000206,0.000206,0.000205,0.000063,0.000119,0.000063,0.014283,0.000229,0.003430,0.000227,0.003436,0.000233,0.000206,0.014322,0.000225,0.000197,0.000196,0.007224,0.000063,0.003450,0.000145,0.000206,0.003586,0.000205,0.000032,0.000294,0.000057,0.014324,0.010839,0.000571,0.003359,0.000436,0.000331,0.000729,0.000583,0.000610,0.000212,0.000265,0.000265,0.004379,0.003544,0.005265,0.003359,0.000227,0.000196,0.000227,0.000222,0.000137,0.000236,0.003607,0.000351,0.003472,0.003472,0.000371,0.000348,0.003421,0.003058,0.000310,0.000446,0.003436,0.000474,0.003472,0.000328,0.000373,0.002865,0.002935,0.002935,0.002874,0.003990,0.013110,0.010905,0.012660,0.008031,0.004401,0.013338,0.015479,0.014535,0.014244,1.003278,0.000139,0.004099,0.007486,0.004366,0.006681,0.004069,0.000484,0.003899,0.000306,0.000317,0.000231,0.000000,0.000038,0.000051,0.003217,0.000301,0.000259,0.000281,0.004194,0.000195,0.000095,0.000073,0.000159,0.000182,0.000060,0.000060,0.000047,0.000072
rust.option_niche_optimization,0.021503,0.000096,0.000015,0.000239,0.000157,0.000185,0.000341,0.000121,0.000157,0.000018,0.000259,0.000015,0.000000,0.000226,0.000185,0.000341,0.000015,0.000259,0.000259,0.000157,0.000256,0.000018,0.000018,0.000096,0.000341,0.000018,0.021494,0.000096,0.000018,0.000018,0.000117,0.000239,0.021431,0.000341,0.000239,0.000096,0.000018,0.000157,0.000018,0.000117,0.000015,0.000341,0.000096,0.000259,0.021479,0.000229,0.000157,0.000157,0.000157,0.000157,0.000185,0.000097,0.009148,0.000015,0.000239,0.000157,0.000306,0.000117,0.000342,0.000000,0.000096,0.000259,0.000239,0.000239,0.009149,0.000117,0.000015,0.000285,0.000239,0.000239,0.000239,0.000239,0.000096,0.000288,0.000096,0.000018,0.000123,0.000015,0.000123,0.000015,0.000341,0.000239,0.000018,0.000123,0.000185,0.000185,0.000018,0.000096,0.000015,0.000027,0.000239,0.000157,0.000239,0.021492,0.000256,0.000117,0.000018,0.000015,0.000756,0.006040,0.001222,0.001207,0.000312,0.000402,0.000312,0.000401,0.000729,0.000729,0.000582,0.000695,0.000316,0.006040,0.007359,0.001620,0.007359,0.020553,0.001419,0.021476,0.013181,0.000677,0.000641,0.000641,0.000429,0.000387,0.009628,0.010327,0.000493,0.000639,0.005155,0.000686,0.005199,0.000484,0.000716,0.000523,0.000977,0.000977,0.010243,0.007183,0.000086,0.000132,0.000174,0.000000,0.000711,0.000079,0.000079,0.000060,0.000404,0.000252,1.004660,0.000468,0.000281,0.000446,0.004708,0.000161,0.000338,0.006900,0.005565,0.000408,0.004894,0.000000,0.000133,0.000000,0.000563,0.000476,0.013045,0.000283,0.000264,0.028659,0.025623,0.020868,0.030353,0.030407,0.000158,0.000158,0.000158,0.000075
rust.panic_unwind_abort,0.000545,0.008680,0.000107,0.000042,0.000240,0.000549,0.000042,0.000481,0.000240,0.009212,0.000140,0.000107,0.000000,0.000147,0.000549,0.000042,0.000107,0.000140,0.000140,0.000240,0.000122,0.009203,0.022181,0.008665,0.000042,0.022191,0.000545,0.008669,0.009248,0.009262,0.000000,0.000042,0.000545,0.000042,0.000042,0.008666,0.009241,0.000240,0.009244,0.000077,0.000107,0.000042,0.008661,0.000140,0.000545,0.000346,0.000240,0.000240,0.000240,0.000240,0.000549,0.000076,0.000616,0.000107,0.000042,0.000240,0.000523,0.000077,0.008384,0.000076,0.008667,0.000140,0.000042,0.000042,0.000617,0.000000,0.000887,0.000351,0.000042,0.000042,0.000042,0.000042,0.008670,0.000354,0.008052,0.009216,0.000110,0.000107,0.000110,0.000107,0.000042,0.000042,0.009239,0.000110,0.000549,0.000549,0.022175,0.008666,0.000107,0.000000,0.000042,0.000240,0.000042,0.000545,0.000122,0.000077,0.009238,0.000890,0.009118,0.000891,0.000603,0.000845,0.000645,0.007022,0.000690,0.000437,0.000443,0.000443,0.013234,0.000640,0.010457,0.000891,0.007386,0.008390,0.007386,0.008471,0.000764,0.009898,0.008104,0.000191,0.000140,0.000140,0.000171,0.000141,0.007261,0.007479,0.000077,0.000214,0.000229,0.000255,0.000259,0.000077,0.000111,0.000129,0.000254,0.000254,0.000261,0.000489,0.001572,0.000906,0.008806,0.000707,0.000209,0.001676,0.009031,0.001701,0.009678,0.009314,0.000587,1.002511,0.001479,0.009790,0.001305,0.001376,0.000206,0.000196,0.000253,0.007868,0.007701,0.000075,0.000176,0.000075,0.007332,0.000049,0.000281,0.000200,0.007705,0.000660,0.000612,0.007462,0.000688,0.000601,0.000111,0.000111,0.000111,0.000175
rust.async_await,0.000108,0.000060,0.006504,0.000038,0.006610,0.010354,0.000067,0.014225,0.006614,0.004709,0.000144,0.006396,0.000127,0.006353,0.010344,0.000066,0.006394,0.000144,0.000144,0.006588,0.000347,0.004705,0.004204,0.000060,0.000067,0.004206,0.000108,0.000060,0.004724,0.004721,0.000149,0.000038,0.000108,0.000067,0.000038,0.000060,0.004715,0.006605,0.004723,0.000032,0.006509,0.000067,0.000060,0.000144,0.000108,0.000190,0.006616,0.006617,0.006600,0.006599,0.010353,0.000000,0.000214,0.006486,0.000037,0.006619,0.001343,0.000032,0.000218,0.000015,0.000060,0.000144,0.000038,0.000038,0.000214,0.000150,0.006957,0.000149,0.000037,0.000038,0.000038,0.000037,0.000060,0.000149,0.000060,0.004709,0.000324,0.006482,0.000320,0.006491,0.000067,0.000038,0.004721,0.000316,0.010351,0.010367,0.004203,0.000060,0.006513,0.000232,0.000038,0.006619,0.000037,0.000108,0.000345,0.000032,0.004721,0.006957,0.004175,0.000427,0.003881,0.003435,0.004728,0.004086,0.004378,0.000267,0.000255,0.000255,0.004193,0.000612,0.004918,0.000427,0.000350,0.000358,0.000350,0.003052,0.000463,0.000467,0.004977,0.000072,0.000099,0.000099,0.000335,0.000331,0.000213,0.000521,0.000069,0.000344,0.000397,0.000330,0.000433,0.000079,0.000075,0.000063,0.000128,0.000128,0.000076,0.000250,0.009505,0.004631,0.008998,0.000788,0.003526,0.007830,0.007625,0.008971,0.001193,0.008476,0.000176,0.000737,1.003145,0.014216,0.015482,0.016634,0.003290,0.000155,0.000658,0.011943,0.009766,0.000000,0.000055,0.000015,0.004068,0.000065,0.000246,0.003581,0.006600,0.000123,0.000100,0.000110,0.000172,0.000083,0.000044,0.000044,0.000015,0.000062
rust.future_poll,0.000229,0.000205,0.000522,0.000151,0.000658,0.021424,0.000151,0.019237,0.000658,0.000560,0.000151,0.000526,0.000000,0.000666,0.021402,0.000151,0.000523,0.000151,0.000151,0.000654,0.000123,0.000560,0.000585,0.000205,0.000151,0.000585,0.000229,0.000205,0.000560,0.000560,0.000000,0.000151,0.000229,0.000151,0.000151,0.000205,0.000560,0.000656,0.000560,0.000000,0.000525,0.000151,0.000205,0.000151,0.000229,0.000290,0.000657,0.000657,0.000657,0.000655,0.021421,0.000000,0.000410,0.000518,0.000151,0.000662,0.002876,0.000000,0.000520,0.000000,0.000205,0.000151,0.000151,0.000151,0.000410,0.000000,0.000615,0.000302,0.000151,0.000151,0.000151,0.000151,0.000205,0.000302,0.000205,0.000560,0.000112,0.000518,0.000112,0.000519,0.000151,0.000151,0.000560,0.000112,0.021413,0.021451,0.000585,0.000205,0.000522,0.000000,0.000151,0.000661,0.000151,0.000229,0.000123,0.000000,0.000560,0.000616,0.011564,0.009227,0.000773,0.000994,0.000981,0.008912,0.000970,0.000415,0.000421,0.000421,0.011533,0.000790,0.010595,0.009227,0.000911,0.000911,0.000911,0.000889,0.000860,0.010076,0.009186,0.000360,0.000348,0.000348,0.000199,0.000142,0.007351,0.007325,0.000188,0.000209,0.000387,0.000349,0.000424,0.000188,0.000265,0.000336,0.000462,0.000462,0.000430,0.010899,0.000871,0.000483,0.001118,0.000139,0.000589,0.000733,0.000770,0.000961,0.005993,0.010031,0.000566,0.009898,0.028844,1.004249,0.021263,0.024954,0.000469,0.005969,0.001553,0.027864,0.024809,0.000000,0.000094,0.000000,0.008830,0.000164,0.000331,0.000348,0.006803,0.000414,0.000268,0.000309,0.000559,0.000345,0.000000,0.000000,0.000000,0.000097
rust.generator_coroutine,0.000057,0.000012,0.004631,0.000037,0.004722,0.010212,0.000073,0.013670,0.004726,0.005715,0.000259,0.004608,0.000150,0.004537,0.010201,0.000073,0.004605,0.000259,0.000259,0.004706,0.000272,0.005710,0.005064,0.000012,0.000074,0.005066,0.000057,0.000012,0.005732,0.005728,0.000172,0.000037,0.000057,0.000074,0.000037,0.000012,0.005722,0.004719,0.005732,0.000041,0.004635,0.000074,0.000012,0.000259,0.000057,0.000213,0.004727,0.004727,0.004716,0.004715,0.010211,0.000035,0.000207,0.004618,0.000036,0.004730,0.001324,0.000041,0.000169,0.000031,0.000012,0.000259,0.000037,0.000037,0.000207,0.000172,0.005326,0.000158,0.000037,0.000037,0.000037,0.000037,0.000012,0.000158,0.000012,0.005715,0.000258,0.004615,0.000255,0.004622,0.000074,0.000037,0.005729,0.000253,0.010208,0.010224,0.005063,0.000012,0.004638,0.000159,0.000037,0.004730,0.000036,0.000057,0.000271,0.000041,0.005730,0.005327,0.000951,0.000398,0.000724,0.000619,0.005777,0.005170,0.005578,0.000297,0.000298,0.000298,0.005060,0.005063,0.005978,0.000398,0.000347,0.000293,0.000347,0.000296,0.000456,0.000334,0.000427,0.000063,0.000126,0.000126,0.000283,0.000312,0.000210,0.000455,0.000095,0.000319,0.000374,0.000314,0.000437,0.000105,0.000114,0.000080,0.000140,0.000140,0.000158,0.000221,0.009895,0.008511,0.011937,0.001001,0.004708,0.007982,0.007924,0.015501,0.006743,0.009067,0.003530,0.000779,0.018556,0.012560,1.002773,0.016990,0.006165,0.000202,0.000683,0.011023,0.009939,0.000000,0.000065,0.000029,0.000787,0.000124,0.004706,0.004479,0.011212,0.000190,0.000119,0.000058,0.000226,0.000160,0.000066,0.000066,0.000029,0.000029
rust.await_suspension,0.000058,0.000036,0.004376,0.000043,0.004483,0.011662,0.000043,0.013156,0.004486,0.005151,0.000069,0.004354,0.000142,0.004293,0.011651,0.000043,0.004352,0.000069,0.000069,0.004468,0.000236,0.005147,0.004717,0.000036,0.000044,0.004719,0.000058,0.000036,0.005167,0.005163,0.000124,0.000043,0.000058,0.000044,0.000043,0.000036,0.005158,0.004480,0.005167,0.000000,0.004380,0.000043,0.000036,0.000069,0.000058,0.000516,0.004487,0.004487,0.004477,0.004476,0.011661,0.000000,0.000546,0.004364,0.000043,0.004490,0.001769,0.000000,0.000484,0.000030,0.000036,0.000069,0.000043,0.000043,0.000546,0.000125,0.004851,0.000426,0.000043,0.000044,0.000043,0.000043,0.000036,0.000426,0.000036,0.005152,0.000262,0.004361,0.000259,0.004367,0.000043,0.000044,0.005165,0.000256,0.011657,0.011677,0.004716,0.000036,0.004382,0.000150,0.000044,0.004490,0.000043,0.000058,0.000235,0.000000,0.005165,0.004852,0.006677,0.000818,0.006459,0.006033,0.010786,0.009841,0.010568,0.000740,0.000631,0.000631,0.008772,0.006723,0.008126,0.000818,0.000784,0.000725,0.000784,0.000332,0.006546,0.000447,0.000387,0.000045,0.000059,0.000059,0.000226,0.000245,0.000150,0.000365,0.000045,0.000257,0.000306,0.000241,0.000325,0.000048,0.000155,0.000057,0.000198,0.000198,0.000057,0.000206,0.007626,0.004213,0.008663,0.000862,0.000531,0.005782,0.005732,0.008675,0.001198,0.005234,0.000114,0.000779,0.018898,0.013973,0.016106,1.003071,0.006017,0.000162,0.004885,0.012088,0.011009,0.000000,0.000024,0.000013,0.000656,0.000064,0.000169,0.000241,0.007866,0.000127,0.000000,0.000000,0.000184,0.000000,0.000013,0.000013,0.000013,0.000013
rust.closure_capture_modes,0.000361,0.000066,0.000578,0.000246,0.000760,0.000192,0.000685,0.000735,0.000761,0.000607,0.000000,0.014656,0.018083,0.000771,0.000192,0.000671,0.014702,0.000000,0.000000,0.000747,0.000717,0.000607,0.000225,0.000066,0.000690,0.000225,0.000361,0.000066,0.000607,0.000607,0.014964,0.000246,0.000361,0.000718,0.000246,0.000066,0.000607,0.000758,0.000607,0.000613,0.000581,0.000697,0.000066,0.000000,0.000361,0.007731,0.000765,0.000766,0.000753,0.000753,0.000192,0.000087,0.001306,0.000571,0.000246,0.000768,0.000930,0.000592,0.001043,0.006627,0.000066,0.000000,0.000246,0.000246,0.001308,0.014992,0.000994,0.001052,0.000246,0.000246,0.000246,0.000246,0.000066,0.001055,0.000153,0.000607,0.006794,0.000570,0.006778,0.000572,0.000700,0.000246,0.000607,0.006761,0.000192,0.000192,0.000225,0.000066,0.000584,0.000052,0.000246,0.000764,0.000246,0.000361,0.000740,0.000590,0.000607,0.000993,0.008857,0.007691,0.012119,0.011094,0.014266,0.013005,0.014222,0.008693,0.009527,0.009527,0.006437,0.013302,0.000800,0.007691,0.006951,0.001427,0.006951,0.005205,0.009274,0.000593,0.000390,0.000521,0.000689,0.000689,0.000660,0.000443,0.000505,0.000462,0.000643,0.000592,0.000718,0.000598,0.000491,0.000533,0.007162,0.000545,0.007111,0.007111,0.000428,0.000509,0.008363,0.006970,0.007022,0.010277,0.005766,0.006040,0.005864,0.009750,0.000743,0.000940,0.000362,0.000176,0.005637,0.000396,0.008814,0.009074,1.002414,0.006022,0.006682,0.000299,0.000265,0.000501,0.000084,0.000631,0.000258,0.000480,0.000187,0.000317,0.000694,0.005468,0.000450,0.000235,0.005453,0.000337,0.000363,0.000363,0.000109,0.000109
rust.fn_traits,0.000189,0.000000,0.000078,0.009859,0.000247,0.000069,0.009649,0.000116,0.000247,0.000072,0.000000,0.000116,0.000048,0.008679,0.000069,0.009636,0.000116,0.000000,0.000000,0.000246,0.000812,0.000072,0.000033,0.000000,0.009659,0.000033,0.000189,0.000000,0.000072,0.000072,0.000697,0.009873,0.000189,0.009660,0.009873,0.000000,0.000072,0.000247,0.000072,0.000656,0.000078,0.009658,0.000000,0.000000,0.000189,0.000094,0.000248,0.000248,0.000246,0.000246,0.000069,0.000000,0.000168,0.000077,0.009849,0.000246,0.000094,0.000647,0.000081,0.000016,0.000000,0.000000,0.009865,0.009862,0.000168,0.000692,0.000118,0.001041,0.009854,0.009865,0.009862,0.009850,0.000000,0.001041,0.000000,0.000072,0.000178,0.000077,0.000178,0.000077,0.009657,0.009869,0.000072,0.000178,0.000069,0.000069,0.000033,0.000000,0.000078,0.000951,0.009870,0.000247,0.009850,0.000189,0.000820,0.000647,0.000072,0.000118,0.000335,0.006152,0.000304,0.000274,0.000137,0.000151,0.000130,0.000328,0.000946,0.000946,0.000179,0.000394,0.000189,0.006152,0.000415,0.000157,0.000415,0.000349,0.000152,0.000425,0.000292,0.010286,0.012618,0.012618,0.003652,0.001023,0.012177,0.005244,0.010629,0.003958,0.006807,0.003686,0.006555,0.010445,0.010511,0.012547,0.012549,0.012549,0.012502,0.015203,0.000123,0.000141,0.000094,0.000138,0.012149,0.000112,0.000090,0.000143,0.003054,0.003820,0.003735,0.000085,0.000134,0.002545,0.000146,0.000124,0.003041,1.002334,0.011041,0.000082,0.000102,0.000009,0.000000,0.000084,0.000164,0.010126,0.000308,0.000255,0.000047,0.002985,0.000624,0.000202,0.003896,0.003264,0.000345,0.000345,0.000132,0.000035
rust.send_sync_auto_traits,0.000202,0.000037,0.000074,0.009077,0.000111,0.004108,0.008883,0.000457,0.000111,0.000018,0.000000,0.000113,0.000049,0.006902,0.004102,0.008871,0.000114,0.000000,0.000000,0.000110,0.000615,0.000018,0.000018,0.000037,0.008892,0.000018,0.000202,0.000037,0.000018,0.000018,0.000630,0.009090,0.000202,0.008893,0.009090,0.000037,0.000018,0.000111,0.000018,0.000588,0.000074,0.008891,0.000037,0.000000,0.000202,0.000363,0.000111,0.000111,0.000110,0.000110,0.004107,0.000000,0.000469,0.000074,0.009068,0.000110,0.004073,0.000580,0.000360,0.000016,0.000037,0.000000,0.009083,0.009080,0.000469,0.000626,0.000075,0.001231,0.009072,0.009082,0.009079,0.009068,0.000037,0.001230,0.000037,0.000018,0.000049,0.000073,0.000049,0.000074,0.008891,0.009086,0.000018,0.000049,0.004103,0.004113,0.000018,0.000037,0.000075,0.000866,0.009087,0.000111,0.009069,0.000202,0.000622,0.000580,0.000018,0.000075,0.003073,0.006558,0.003090,0.002971,0.000526,0.000537,0.000525,0.003842,0.005293,0.005293,0.002926,0.004836,0.000154,0.006558,0.004479,0.000552,0.004479,0.000387,0.000567,0.000447,0.000271,0.009302,0.009577,0.009577,0.001030,0.000776,0.009237,0.000605,0.009622,0.001053,0.003121,0.000618,0.002895,0.009454,0.012352,0.009528,0.012378,0.012378,0.009452,0.010764,0.000105,0.000073,0.000078,0.000187,0.009275,0.000078,0.000051,0.000100,0.000270,0.000290,0.002910,0.000105,0.000550,0.000640,0.000476,0.003594,0.003260,0.010666,1.002176,0.003595,0.003613,0.000000,0.000000,0.000052,0.000134,0.009247,0.000199,0.000238,0.000057,0.003993,0.000532,0.000177,0.004691,0.000508,0.000309,0.000309,0.000105,0.000022
rust.atomic_ordering,0.000365,0.000171,0.000442,0.000052,0.000505,0.033640,0.000052,0.020702,0.000506,0.000299,0.000081,0.000446,0.000000,0.000483,0.033599,0.000052,0.000443,0.000081,0.000081,0.000501,0.000052,0.000299,0.000401,0.000171,0.000052,0.000401,0.000365,0.000171,0.000299,0.000299,0.000000,0.000052,0.000365,0.000052,0.000052,0.000171,0.000299,0.000504,0.000299,0.000000,0.000446,0.000052,0.000171,0.000081,0.000365,0.000269,0.000504,0.000504,0.000504,0.000503,0.033633,0.000000,0.000428,0.000438,0.000052,0.000510,0.016695,0.000000,0.000443,0.000000,0.000171,0.000081,0.000052,0.000052,0.000428,0.000000,0.000441,0.000264,0.000052,0.000052,0.000052,0.000052,0.000171,0.000263,0.000171,0.000299,0.000052,0.000438,0.000052,0.000440,0.000052,0.000052,0.000299,0.000052,0.033615,0.033683,0.000401,0.000171,0.000443,0.000000,0.000052,0.000509,0.000052,0.000365,0.000052,0.000000,0.000299,0.000443,0.010074,0.000763,0.000728,0.006887,0.000780,0.000983,0.000723,0.000345,0.000333,0.000333,0.007148,0.000580,0.008280,0.000763,0.000791,0.000856,0.000791,0.009507,0.000807,0.008738,0.008308,0.000101,0.000055,0.000055,0.000052,0.000052,0.000475,0.000458,0.000055,0.000052,0.000069,0.000080,0.000102,0.000055,0.000097,0.000055,0.000194,0.000194,0.000133,0.000469,0.000572,0.000250,0.000798,0.000023,0.000324,0.000445,0.000439,0.000600,0.000305,0.000777,0.000552,0.008471,0.025807,0.029675,0.019873,0.022991,0.000378,0.000204,0.009294,1.006529,0.032535,0.000000,0.000066,0.000000,0.007798,0.000054,0.000191,0.000246,0.000874,0.000388,0.000321,0.000415,0.000576,0.000306,0.000000,0.000000,0.000000,0.000087
rust.thread_memory_model,0.000482,0.000135,0.000356,0.000055,0.000356,0.035901,0.000055,0.019176,0.000356,0.000239,0.000000,0.000359,0.000000,0.000399,0.035858,0.000055,0.000356,0.000000,0.000000,0.000352,0.000000,0.000239,0.000348,0.000135,0.000055,0.000348,0.000482,0.000135,0.000239,0.000239,0.000000,0.000055,0.000482,0.000055,0.000055,0.000135,0.000239,0.000355,0.000239,0.000000,0.000359,0.000055,0.000135,0.000000,0.000482,0.000357,0.000355,0.000355,0.000355,0.000354,0.035894,0.000000,0.000643,0.000352,0.000055,0.000360,0.017965,0.000000,0.000511,0.000000,0.000135,0.000000,0.000055,0.000055,0.000644,0.000000,0.000355,0.000379,0.000055,0.000055,0.000055,0.000055,0.000135,0.000377,0.000135,0.000239,0.000000,0.000352,0.000000,0.000353,0.000055,0.000055,0.000239,0.000000,0.035873,0.035948,0.000348,0.000135,0.000356,0.000000,0.000055,0.000359,0.000055,0.000482,0.000000,0.000000,0.000239,0.000356,0.001386,0.000895,0.000782,0.000917,0.000803,0.001045,0.000751,0.000450,0.000499,0.000499,0.001341,0.000676,0.000892,0.000895,0.008074,0.009167,0.008074,0.000879,0.008762,0.009753,0.000853,0.000097,0.000059,0.000059,0.000000,0.000000,0.000464,0.000419,0.000059,0.000000,0.000069,0.000038,0.000069,0.000059,0.000163,0.000059,0.000195,0.000195,0.000200,0.000508,0.000431,0.000232,0.000508,0.000000,0.000224,0.000325,0.000329,0.000504,0.000277,0.000607,0.007101,0.008899,0.022647,0.028355,0.019230,0.022469,0.000359,0.000272,0.010023,0.034915,1.006558,0.000000,0.000000,0.000000,0.000620,0.000058,0.000186,0.000121,0.000600,0.000605,0.000399,0.000437,0.007235,0.000463,0.000000,0.000000,0.000000,0.000000
rust.macro_rules_hygiene,0.000000,0.000238,0.000000,0.000000,0.000306,0.000000,0.000929,0.000000,0.000304,0.000000,0.010961,0.000187,0.009567,0.000000,0.000000,0.000911,0.000202,0.010993,0.010981,0.000300,0.001311,0.000000,0.000000,0.000237,0.000935,0.000000,0.000000,0.000234,0.000000,0.000000,0.001194,0.000000,0.000000,0.000961,0.000000,0.000233,0.000000,0.000306,0.000000,0.021121,0.000000,0.000933,0.000233,0.011012,0.000000,0.009735,0.000309,0.000309,0.000303,0.000303,0.000000,0.026885,0.000081,0.000000,0.000000,0.000302,0.000080,0.021118,0.000323,0.026005,0.000234,0.010990,0.000000,0.000000,0.000083,0.001213,0.000000,0.000083,0.000000,0.000000,0.000000,0.000000,0.000233,0.000086,0.016770,0.000000,0.009952,0.000000,0.009940,0.000000,0.000939,0.000000,0.000000,0.009916,0.000000,0.000000,0.000000,0.000234,0.000000,0.000000,0.000000,0.000303,0.000000,0.000000,0.001328,0.021108,0.000000,0.000000,0.000156,0.000108,0.000096,0.000094,0.000098,0.000096,0.000098,0.000102,0.000853,0.000853,0.000156,0.000098,0.000300,0.000108,0.000174,0.000171,0.000174,0.000000,0.000079,0.000000,0.000518,0.000871,0.001068,0.001068,0.001432,0.001070,0.000029,0.000332,0.001068,0.000932,0.000700,0.008135,0.000348,0.000540,0.000253,0.000605,0.000020,0.000020,0.000020,0.000037,0.000000,0.000645,0.000000,0.000000,0.000220,0.000000,0.000000,0.000000,0.000022,0.000000,0.000000,0.000077,0.000000,0.000000,0.000000,0.000000,0.000605,0.000022,0.000000,0.000000,0.000000,1.005769,0.027561,0.035912,0.001264,0.000770,0.001490,0.001406,0.000987,0.000020,0.000519,0.000299,0.000000,0.000022,0.029066,0.029066,0.029206,0.028416
rust.proc_macro,0.000070,0.000382,0.000047,0.000000,0.000047,0.000000,0.000757,0.000047,0.000047,0.000026,0.020594,0.000047,0.000721,0.000047,0.000000,0.000742,0.000047,0.020650,0.020629,0.000047,0.000756,0.000026,0.000026,0.000381,0.000762,0.000026,0.000070,0.000377,0.000026,0.000026,0.000771,0.000000,0.000070,0.000758,0.000000,0.000376,0.000026,0.000047,0.000026,0.018057,0.000047,0.000761,0.000376,0.020678,0.000070,0.000722,0.000047,0.000047,0.000047,0.000047,0.000000,0.036074,0.000000,0.000047,0.000000,0.000047,0.000000,0.018047,0.000382,0.017600,0.000377,0.020647,0.000000,0.000000,0.000000,0.000758,0.000047,0.000000,0.000000,0.000000,0.000000,0.000000,0.000377,0.000000,0.020788,0.000026,0.000724,0.000047,0.000722,0.000047,0.000766,0.000000,0.000026,0.000715,0.000000,0.000000,0.000026,0.000377,0.000047,0.000000,0.000000,0.000047,0.000000,0.000070,0.000769,0.018038,0.000026,0.000047,0.000233,0.000060,0.000000,0.000086,0.000035,0.000032,0.000035,0.000000,0.000609,0.000609,0.000224,0.000044,0.000086,0.000060,0.000131,0.000181,0.000131,0.000188,0.000000,0.000142,0.007648,0.000839,0.000861,0.000861,0.000861,0.000723,0.000138,0.000139,0.000861,0.000540,0.000271,0.001042,0.000102,0.000461,0.000185,0.000447,0.000000,0.000000,0.000080,0.000071,0.000077,0.000617,0.000148,0.000000,0.000262,0.000066,0.000066,0.000052,0.000080,0.000093,0.000180,0.000190,0.000119,0.000101,0.000118,0.000046,0.000106,0.000000,0.000000,0.000066,0.000000,0.028885,1.005982,0.024516,0.008400,0.000723,0.009795,0.002459,0.008061,0.000150,0.000600,0.000370,0.000142,0.000159,0.024855,0.024855,0.030559,0.029986
rust.name_resolution_hygiene,0.000000,0.000232,0.000000,0.000150,0.000397,0.000000,0.001236,0.000000,0.000395,0.000067,0.001324,0.000228,0.011462,0.000109,0.000000,0.001219,0.000247,0.001332,0.001330,0.000390,0.001633,0.000067,0.000000,0.000231,0.001243,0.000000,0.000000,0.000228,0.000067,0.000067,0.001463,0.000150,0.000000,0.001275,0.000150,0.000228,0.000067,0.000398,0.000067,0.021467,0.000000,0.001241,0.000228,0.001346,0.000000,0.011667,0.000401,0.000402,0.000394,0.000394,0.000000,0.021234,0.000099,0.000000,0.000150,0.000393,0.000097,0.021467,0.000336,0.027509,0.000228,0.001330,0.000150,0.000150,0.000102,0.001489,0.000065,0.000145,0.000150,0.000150,0.000150,0.000150,0.000228,0.000150,0.016301,0.000067,0.011962,0.000000,0.011947,0.000000,0.001247,0.000150,0.000067,0.011920,0.000000,0.000000,0.000000,0.000228,0.000000,0.000045,0.000150,0.000394,0.000150,0.000000,0.001651,0.021458,0.000067,0.000065,0.000171,0.000175,0.000117,0.000114,0.000120,0.000140,0.000147,0.000156,0.001095,0.001095,0.000171,0.000147,0.000390,0.000175,0.000193,0.000186,0.000193,0.000000,0.000096,0.000000,0.000414,0.001060,0.006785,0.006785,0.007151,0.001391,0.000209,0.000486,0.006789,0.001250,0.000959,0.009486,0.000564,0.000815,0.000466,0.006241,0.000174,0.000174,0.000174,0.000213,0.000084,0.006063,0.000090,0.000063,0.000431,0.000072,0.000072,0.000111,0.000162,0.000118,0.000000,0.000075,0.000030,0.000000,0.000049,0.000023,0.000743,0.000195,0.000126,0.000000,0.000000,0.035041,0.022824,1.005518,0.000343,0.001095,0.000339,0.000671,0.000138,0.000024,0.000629,0.000342,0.000000,0.000076,0.034761,0.034761,0.028462,0.021215
rust.const_eval,0.000285,0.006198,0.005174,0.000075,0.005383,0.000286,0.000170,0.005226,0.005386,0.000317,0.014229,0.005054,0.000066,0.005095,0.000286,0.000170,0.005053,0.014258,0.014245,0.005366,0.000474,0.000317,0.000258,0.006187,0.000170,0.000258,0.000285,0.006190,0.000318,0.000320,0.000160,0.000075,0.000285,0.000170,0.000075,0.006188,0.000319,0.005379,0.000318,0.000279,0.005177,0.000170,0.006184,0.014261,0.000285,0.000237,0.005388,0.005389,0.005376,0.005375,0.000286,0.001915,0.000373,0.005160,0.000075,0.005389,0.000290,0.000279,0.005989,0.000184,0.006189,0.014259,0.000075,0.000075,0.000374,0.000161,0.005118,0.000244,0.000075,0.000075,0.000075,0.000075,0.006191,0.000245,0.005914,0.000317,0.000364,0.005157,0.000361,0.005164,0.000170,0.000076,0.000318,0.000357,0.000288,0.000286,0.000258,0.006188,0.005181,0.000190,0.000075,0.005389,0.000075,0.000285,0.000473,0.000279,0.000318,0.005116,0.008642,0.004731,0.000704,0.004939,0.000780,0.000621,0.000498,0.000315,0.000427,0.000427,0.008370,0.000472,0.006526,0.004731,0.000915,0.004950,0.000915,0.005354,0.000465,0.006500,0.009301,0.000276,0.000294,0.000294,0.000500,0.000510,0.004636,0.004954,0.000202,0.000415,0.000658,0.004678,0.005398,0.000198,0.000171,0.000205,0.000310,0.000310,0.000417,0.005175,0.000914,0.000371,0.006469,0.000143,0.000723,0.000727,0.000464,0.000677,0.000440,0.005219,0.000505,0.005235,0.005828,0.006235,0.000941,0.000827,0.000216,0.000271,0.000230,0.005171,0.000383,0.000876,0.005550,0.000243,1.002846,0.000223,0.014528,0.012375,0.017578,0.000532,0.000379,0.000328,0.000514,0.000474,0.000339,0.000339,0.001014,0.005736
rust.const_generics,0.000036,0.000000,0.000077,0.009937,0.000266,0.000020,0.009953,0.000049,0.000266,0.000036,0.000091,0.000098,0.000065,0.006085,0.000020,0.009932,0.000101,0.000091,0.000091,0.000263,0.004007,0.000036,0.000000,0.000000,0.009966,0.000000,0.000036,0.000000,0.000036,0.000036,0.003839,0.009951,0.000036,0.009966,0.009950,0.000000,0.000036,0.000265,0.000036,0.003973,0.000077,0.009966,0.000000,0.000091,0.000036,0.000105,0.000268,0.000269,0.000265,0.000266,0.000020,0.000239,0.000094,0.000076,0.009924,0.000264,0.000091,0.003957,0.000074,0.000201,0.000000,0.000091,0.009942,0.009939,0.000095,0.003829,0.000084,0.003949,0.009930,0.009941,0.009938,0.009925,0.000000,0.003954,0.000164,0.000036,0.000233,0.000076,0.000232,0.000076,0.009967,0.009945,0.000036,0.000231,0.000020,0.000020,0.000000,0.000000,0.000078,0.003861,0.009947,0.000265,0.009926,0.000036,0.004030,0.003956,0.000036,0.000084,0.000172,0.000531,0.000187,0.000172,0.000093,0.000094,0.000096,0.000282,0.004627,0.004627,0.000095,0.000270,0.000206,0.000531,0.000242,0.000092,0.000242,0.000137,0.000081,0.000125,0.000108,0.010789,0.011179,0.011179,0.007461,0.010719,0.008847,0.000687,0.013240,0.008457,0.003056,0.004063,0.004376,0.012945,0.009946,0.010012,0.008403,0.008403,0.008371,0.008387,0.000075,0.003092,0.000058,0.000112,0.010416,0.000064,0.000038,0.000102,0.000329,0.000243,0.000212,0.000017,0.000046,0.000058,0.000074,0.000040,0.000199,0.008339,0.007883,0.000018,0.000018,0.000265,0.000237,0.000387,0.000111,1.002535,0.003005,0.000466,0.000072,0.000313,0.003538,0.000129,0.000286,0.000382,0.004208,0.004208,0.003835,0.000260
rust.monomorphization,0.000999,0.000083,0.000175,0.000273,0.000501,0.000058,0.000491,0.000233,0.000501,0.000290,0.026308,0.000175,0.000000,0.000367,0.000058,0.000491,0.000175,0.026367,0.026342,0.000501,0.000620,0.000290,0.000150,0.000083,0.000491,0.000150,0.000999,0.000083,0.000290,0.000290,0.000295,0.000273,0.000999,0.000491,0.000273,0.000083,0.000290,0.000501,0.000290,0.000516,0.000175,0.000491,0.000083,0.026379,0.000999,0.000054,0.000501,0.000501,0.000501,0.000501,0.000058,0.011170,0.000501,0.000175,0.000273,0.000501,0.000043,0.000513,0.000126,0.000212,0.000083,0.026367,0.000273,0.000273,0.000501,0.000295,0.000313,0.000138,0.000273,0.000273,0.000273,0.000273,0.000083,0.000138,0.000317,0.000290,0.000308,0.000175,0.000308,0.000175,0.000491,0.000273,0.000290,0.000308,0.000058,0.000058,0.000150,0.000083,0.000175,0.000085,0.000273,0.000501,0.000273,0.000999,0.000620,0.000511,0.000290,0.000313,0.000364,0.000650,0.000220,0.000372,0.000218,0.000245,0.000292,0.000118,0.000545,0.000545,0.000378,0.006562,0.000651,0.000650,0.000475,0.000252,0.000475,0.006970,0.000197,0.001200,0.000976,0.000584,0.000801,0.000801,0.000824,0.008695,0.011176,0.012402,0.000702,0.000793,0.006508,0.009771,0.011309,0.000684,0.000587,0.000577,0.000689,0.000689,0.012213,0.000896,0.000547,0.007132,0.000614,0.000166,0.007008,0.000499,0.000460,0.000533,0.008398,0.000597,0.016649,0.000286,0.000502,0.000332,0.008010,0.000304,0.000222,0.000727,0.000486,0.000181,0.000163,0.001469,0.009213,0.000343,0.020684,0.008602,1.004685,0.020540,0.021306,0.012695,0.009669,0.001016,0.011501,0.013987,0.000590,0.000590,0.001858,0.001887
rust.hir_lowering,0.000061,0.000103,0.000256,0.000530,0.000386,0.000101,0.009159,0.000348,0.000386,0.000381,0.019115,0.000386,0.000172,0.000663,0.000101,0.009131,0.000393,0.019155,0.019137,0.000381,0.008884,0.000381,0.000228,0.000103,0.009170,0.000228,0.000061,0.000103,0.000381,0.000381,0.008862,0.000537,0.000061,0.009171,0.000539,0.000103,0.000381,0.000386,0.000381,0.009084,0.000256,0.009175,0.000103,0.019159,0.000061,0.000133,0.000391,0.000392,0.000383,0.000387,0.000101,0.002583,0.000094,0.000256,0.000527,0.000383,0.000075,0.009055,0.000178,0.000428,0.000103,0.019156,0.000535,0.000531,0.000094,0.008844,0.000419,0.000156,0.000527,0.000533,0.000531,0.000528,0.000103,0.000174,0.000431,0.000381,0.000166,0.000256,0.000162,0.000256,0.009182,0.000535,0.000381,0.000161,0.000101,0.000101,0.000228,0.000103,0.000256,0.000063,0.000536,0.000384,0.000528,0.000061,0.008912,0.009053,0.000381,0.000419,0.000347,0.000282,0.000167,0.000323,0.000359,0.000331,0.000359,0.000162,0.008663,0.008663,0.000469,0.000367,0.000492,0.000282,0.000141,0.000178,0.000141,0.000299,0.000098,0.000175,0.006535,0.001094,0.009328,0.009328,0.009064,0.000990,0.000860,0.000499,0.009333,0.000983,0.000904,0.000940,0.000554,0.008898,0.000970,0.001029,0.000582,0.000582,0.000703,0.000661,0.009177,0.000524,0.000721,0.000302,0.010592,0.009448,0.006742,0.000588,0.000546,0.000603,0.000336,0.000189,0.006792,0.000326,0.007088,0.000403,0.000351,0.000558,0.000540,0.000216,0.000099,0.001289,0.002150,0.000631,0.016383,0.001241,0.019100,1.003120,0.019385,0.000291,0.000806,0.000150,0.000271,0.000337,0.010142,0.010142,0.001646,0.001483
rust.mir_semantics,0.000013,0.000126,0.004851,0.000017,0.004978,0.000294,0.000103,0.004962,0.004981,0.005940,0.012827,0.004743,0.000060,0.004731,0.000294,0.000103,0.004742,0.012854,0.012842,0.004963,0.000359,0.005935,0.005432,0.000126,0.000103,0.005434,0.000013,0.000126,0.005958,0.005954,0.000145,0.000017,0.000013,0.000103,0.000017,0.000126,0.005948,0.004975,0.005958,0.000138,0.004854,0.000103,0.000126,0.012857,0.000013,0.000249,0.004983,0.004984,0.004971,0.004971,0.000294,0.001567,0.000270,0.004839,0.000016,0.004984,0.000215,0.000138,0.000355,0.000052,0.000126,0.012854,0.000017,0.000017,0.000270,0.000146,0.005462,0.000215,0.000017,0.000017,0.000017,0.000017,0.000126,0.000215,0.000191,0.005940,0.000268,0.004836,0.000265,0.004842,0.000103,0.000017,0.005955,0.000262,0.000296,0.000294,0.005431,0.000126,0.004857,0.000171,0.000017,0.004984,0.000016,0.000013,0.000358,0.000138,0.005956,0.005462,0.005548,0.000435,0.000730,0.004840,0.006790,0.006130,0.006565,0.000348,0.000372,0.000372,0.008043,0.000759,0.009749,0.000435,0.000397,0.000451,0.000397,0.000322,0.000447,0.000261,0.000469,0.000029,0.000135,0.000135,0.000363,0.000376,0.000268,0.000577,0.000118,0.000312,0.000405,0.000452,0.000545,0.000122,0.000043,0.000043,0.000077,0.000077,0.000171,0.000168,0.008898,0.004809,0.014283,0.000869,0.000620,0.006894,0.006873,0.010378,0.005361,0.006132,0.000213,0.004957,0.008521,0.004329,0.012078,0.008939,0.000523,0.000070,0.000089,0.000522,0.000334,0.000616,0.004799,0.000088,0.015840,0.000131,0.013486,0.013195,1.002868,0.000155,0.000096,0.000030,0.000129,0.000158,0.000192,0.000192,0.000768,0.000833
rust.abi_layout,0.020149,0.000095,0.000011,0.000298,0.000171,0.000015,0.000423,0.000011,0.000171,0.000041,0.000134,0.000054,0.000054,0.000242,0.000015,0.000423,0.000054,0.000134,0.000134,0.000171,0.000337,0.000041,0.000018,0.000095,0.000423,0.000018,0.020141,0.000095,0.000041,0.000041,0.000223,0.000298,0.020079,0.000423,0.000298,0.000095,0.000041,0.000171,0.000041,0.000179,0.000011,0.000423,0.000095,0.000134,0.020127,0.000539,0.000171,0.000171,0.000171,0.000171,0.000015,0.000050,0.011335,0.000011,0.000298,0.000171,0.000495,0.000179,0.000609,0.000018,0.000095,0.000134,0.000298,0.000298,0.011337,0.000223,0.000034,0.000616,0.000298,0.000298,0.000298,0.000298,0.000095,0.000620,0.000095,0.000041,0.000167,0.000011,0.000167,0.000011,0.000423,0.000298,0.000041,0.000167,0.000015,0.000015,0.000018,0.000095,0.000011,0.000076,0.000298,0.000171,0.000298,0.020139,0.000337,0.000179,0.000041,0.000034,0.001133,0.006215,0.005745,0.005309,0.000743,0.000830,0.000765,0.003934,0.005793,0.005793,0.000917,0.005724,0.000356,0.006215,0.007677,0.005488,0.007677,0.018075,0.006305,0.017807,0.009842,0.000699,0.000706,0.000706,0.000517,0.000410,0.007779,0.008850,0.000599,0.003737,0.004561,0.004093,0.004555,0.000558,0.005838,0.000606,0.006047,0.006047,0.008817,0.004182,0.000131,0.000149,0.000170,0.000188,0.000736,0.000105,0.000113,0.000096,0.003452,0.000253,0.020505,0.000376,0.000141,0.000233,0.000181,0.000128,0.003649,0.003945,0.005463,0.000206,0.000298,0.000011,0.000079,0.000013,0.000425,0.000503,0.007117,0.000175,0.000138,1.004873,0.019313,0.015866,0.025871,0.023732,0.000171,0.000171,0.000123,0.000067
rust.repr_attributes,0.015880,0.000071,0.000010,0.000520,0.000191,0.000000,0.005819,0.000010,0.000191,0.000000,0.000132,0.000090,0.000106,0.000382,0.000000,0.005802,0.000094,0.000132,0.000132,0.000189,0.005630,0.000000,0.000000,0.000071,0.005826,0.000000,0.015873,0.000071,0.000000,0.000000,0.005514,0.000524,0.015827,0.005827,0.000525,0.000071,0.000000,0.000191,0.000000,0.005658,0.000010,0.005829,0.000071,0.000132,0.015863,0.000200,0.000195,0.000195,0.000190,0.000192,0.000000,0.000290,0.006730,0.000010,0.000517,0.000190,0.000161,0.005640,0.000236,0.000247,0.000071,0.000132,0.000522,0.000520,0.006730,0.005503,0.000010,0.000293,0.000518,0.000521,0.000520,0.000518,0.000071,0.000306,0.000270,0.000000,0.000197,0.000010,0.000195,0.000010,0.005833,0.000522,0.000000,0.000194,0.000000,0.000000,0.000000,0.000071,0.000010,0.000109,0.000523,0.000190,0.000518,0.015872,0.005648,0.005639,0.000000,0.000010,0.000499,0.000811,0.000867,0.000866,0.000207,0.000258,0.000207,0.000315,0.005919,0.005919,0.000385,0.000421,0.000303,0.000811,0.004588,0.001143,0.004588,0.016947,0.000974,0.015031,0.010716,0.006204,0.006411,0.006411,0.006236,0.005633,0.007956,0.006312,0.006412,0.007005,0.001019,0.000851,0.000752,0.006154,0.001040,0.000920,0.000906,0.000906,0.006406,0.001026,0.000051,0.000116,0.000109,0.000038,0.005820,0.000052,0.000043,0.000023,0.000269,0.000125,0.018773,0.000357,0.000117,0.000155,0.000116,0.000000,0.000308,0.000845,0.000746,0.000174,0.000201,0.000294,0.000324,0.000365,0.000310,0.005815,0.005551,0.000497,0.000087,0.019777,1.003876,0.021307,0.019422,0.021146,0.004052,0.004052,0.003713,0.000319
rust.ffi_extern_abi,0.025677,0.000205,0.000000,0.000063,0.000026,0.000000,0.000274,0.000000,0.000026,0.000044,0.000047,0.000000,0.000000,0.000042,0.000000,0.000274,0.000000,0.000047,0.000047,0.000026,0.000258,0.000044,0.000133,0.000205,0.000274,0.000133,0.025666,0.000205,0.000044,0.000044,0.000231,0.000063,0.025590,0.000274,0.000063,0.000205,0.000044,0.000026,0.000044,0.000408,0.000000,0.000274,0.000205,0.000047,0.025649,0.000234,0.000026,0.000026,0.000026,0.000026,0.000000,0.000234,0.010832,0.000000,0.000063,0.000026,0.000230,0.000408,0.000441,0.000186,0.000205,0.000047,0.000063,0.000063,0.010834,0.000231,0.000000,0.000268,0.000063,0.000063,0.000063,0.000063,0.000205,0.000271,0.000362,0.000044,0.000026,0.000000,0.000026,0.000000,0.000274,0.000063,0.000044,0.000026,0.000000,0.000000,0.000133,0.000205,0.000000,0.000020,0.000063,0.000026,0.000063,0.025664,0.000258,0.000408,0.000044,0.000000,0.000872,0.001027,0.001349,0.001383,0.000288,0.000427,0.000288,0.000376,0.000753,0.000753,0.000720,0.000497,0.000354,0.001027,0.007388,0.008038,0.007388,0.031312,0.001561,0.024324,0.019995,0.000552,0.000431,0.000431,0.000427,0.000342,0.008292,0.001376,0.000435,0.005768,0.000413,0.000322,0.000413,0.000401,0.000392,0.000199,0.000563,0.000563,0.001151,0.000728,0.000083,0.000077,0.000259,0.000000,0.000410,0.000083,0.000129,0.000011,0.000225,0.000159,0.025179,0.007170,0.000211,0.000294,0.000093,0.000000,0.000264,0.000450,0.000409,0.000371,0.000364,0.000279,0.000329,0.000327,0.000441,0.000350,0.000960,0.000152,0.000044,0.026756,0.035088,1.004760,0.026224,0.027383,0.005729,0.005729,0.005658,0.000355
rust.slice_fat_pointer,0.020683,0.000106,0.000011,0.000297,0.000115,0.000117,0.000408,0.000062,0.000115,0.000000,0.000124,0.000055,0.000056,0.000254,0.000117,0.000408,0.000055,0.000124,0.000124,0.000115,0.000253,0.000000,0.000000,0.000106,0.000408,0.000000,0.020674,0.000106,0.000000,0.000000,0.000196,0.000297,0.020611,0.000408,0.000297,0.000106,0.000000,0.000115,0.000000,0.000151,0.000011,0.000408,0.000106,0.000124,0.020660,0.000538,0.000115,0.000115,0.000115,0.000115,0.000117,0.000047,0.011626,0.000011,0.000297,0.000115,0.000551,0.000151,0.000630,0.000019,0.000106,0.000124,0.000297,0.000297,0.011627,0.000196,0.000011,0.000604,0.000297,0.000297,0.000297,0.000297,0.000106,0.000607,0.000106,0.000000,0.000109,0.000011,0.000109,0.000011,0.000408,0.000297,0.000000,0.000109,0.000117,0.000117,0.000000,0.000106,0.000011,0.000059,0.000297,0.000115,0.000297,0.020672,0.000253,0.000151,0.000000,0.000011,0.001172,0.007313,0.005689,0.005246,0.000738,0.000839,0.000751,0.000879,0.005704,0.005704,0.000950,0.005634,0.000310,0.007313,0.008664,0.006617,0.008664,0.018358,0.006314,0.019063,0.010111,0.000674,0.000672,0.000672,0.000395,0.000307,0.007320,0.007730,0.000542,0.000563,0.003939,0.000591,0.003933,0.000509,0.005613,0.000566,0.005847,0.005847,0.007746,0.005535,0.000101,0.000089,0.000139,0.000138,0.000720,0.000073,0.000073,0.000048,0.000327,0.000211,0.022295,0.000402,0.000202,0.000323,0.000222,0.000190,0.003736,0.005286,0.006588,0.000313,0.003662,0.000000,0.000077,0.000000,0.000421,0.000471,0.006619,0.000168,0.000118,0.026559,0.019470,0.015964,1.004965,0.023055,0.000150,0.000150,0.000116,0.000055
rust.dst_unsized,0.019981,0.000080,0.000000,0.000439,0.000226,0.000000,0.000594,0.000000,0.000226,0.000055,0.000179,0.000000,0.000000,0.000339,0.000000,0.000594,0.000000,0.000179,0.000179,0.000226,0.000486,0.000055,0.000023,0.000080,0.000594,0.000023,0.019972,0.000080,0.000055,0.000055,0.000262,0.000439,0.019913,0.000594,0.000439,0.000080,0.000055,0.000226,0.000055,0.000262,0.000000,0.000594,0.000080,0.000179,0.019959,0.000163,0.000226,0.000226,0.000226,0.000226,0.000000,0.000067,0.009256,0.000000,0.000439,0.000226,0.000160,0.000262,0.000245,0.000000,0.000080,0.000179,0.000439,0.000439,0.009257,0.000262,0.000031,0.000291,0.000439,0.000439,0.000439,0.000439,0.000080,0.000294,0.000080,0.000055,0.000217,0.000000,0.000217,0.000000,0.000594,0.000439,0.000055,0.000217,0.000000,0.000000,0.000023,0.000080,0.000000,0.000117,0.000439,0.000226,0.000439,0.019971,0.000486,0.000262,0.000055,0.000031,0.000581,0.001144,0.001063,0.001044,0.000201,0.000266,0.000214,0.000363,0.000786,0.000786,0.000407,0.000575,0.000364,0.001144,0.006040,0.001356,0.006040,0.018661,0.001187,0.018313,0.011395,0.004533,0.004574,0.004574,0.004373,0.000616,0.010120,0.011371,0.004478,0.004999,0.005869,0.005198,0.005852,0.004419,0.004556,0.004415,0.004740,0.004740,0.011371,0.005368,0.000086,0.000150,0.000159,0.000060,0.000896,0.000087,0.000098,0.000064,0.004549,0.000280,0.025864,0.000407,0.000113,0.000231,0.000182,0.000000,0.000268,0.005128,0.000827,0.000192,0.000272,0.000014,0.000100,0.000051,0.000450,0.000729,0.009322,0.000242,0.000166,0.028213,0.024548,0.019303,0.026698,1.004666,0.000247,0.000247,0.000207,0.000092
rust.crate_module_resolution,0.000122,0.000157,0.000000,0.000546,0.000209,0.000000,0.008767,0.000000,0.000210,0.000045,0.000995,0.000117,0.000753,0.000381,0.000000,0.008733,0.000123,0.001001,0.000999,0.000205,0.008596,0.000045,0.000000,0.000156,0.008780,0.000000,0.000122,0.000155,0.000045,0.000045,0.008494,0.000552,0.000122,0.008778,0.000553,0.000154,0.000045,0.000209,0.000045,0.019689,0.000000,0.008784,0.000154,0.001010,0.000122,0.000716,0.000214,0.000215,0.000207,0.000210,0.000000,0.014571,0.000127,0.000000,0.000543,0.000207,0.000065,0.019661,0.000222,0.014248,0.000154,0.000999,0.000549,0.000546,0.000127,0.008469,0.000044,0.000195,0.000543,0.000548,0.000546,0.000544,0.000154,0.000211,0.011187,0.000045,0.000850,0.000000,0.000846,0.000000,0.008793,0.000549,0.000045,0.000839,0.000000,0.000000,0.000000,0.000155,0.000000,0.000114,0.000551,0.000208,0.000544,0.000122,0.008631,0.019655,0.000045,0.000044,0.000135,0.000195,0.000094,0.000092,0.000087,0.000101,0.000105,0.000153,0.008001,0.008001,0.000135,0.000132,0.000205,0.000195,0.000206,0.000164,0.000206,0.000149,0.000086,0.000116,0.000428,0.005256,0.008933,0.008933,0.008820,0.007897,0.000663,0.000367,0.008984,0.005638,0.001043,0.006803,0.000492,0.005177,0.001088,0.005027,0.000563,0.000563,0.000528,0.000563,0.000112,0.004234,0.000061,0.000088,0.001150,0.000107,0.000089,0.000084,0.000157,0.000093,0.000135,0.000076,0.000061,0.000000,0.000076,0.000016,0.000290,0.000544,0.000504,0.000000,0.000000,0.019187,0.015655,0.023517,0.000323,0.008067,0.000395,0.007304,0.000203,0.000204,0.004726,0.004058,0.000174,0.000248,1.004501,0.030983,0.023622,0.014554
rust.visibility_privacy,0.000122,0.000157,0.000000,0.000546,0.000209,0.000000,0.008767,0.000000,0.000210,0.000045,0.000995,0.000117,0.000753,0.000381,0.000000,0.008733,0.000123,0.001001,0.000999,0.000205,0.008596,0.000045,0.000000,0.000156,0.008780,0.000000,0.000122,0.000155,0.000045,0.000045,0.008494,0.000552,0.000122,0.008778,0.000553,0.000154,0.000045,0.000209,0.000045,0.019689,0.000000,0.008784,0.000154,0.001010,0.000122,0.000716,0.000214,0.000215,0.000207,0.000210,0.000000,0.014571,0.000127,0.000000,0.000543,0.000207,0.000065,0.019661,0.000222,0.014248,0.000154,0.000999,0.000549,0.000546,0.000127,0.008469,0.000044,0.000195,0.000543,0.000548,0.000546,0.000544,0.000154,0.000211,0.011187,0.000045,0.000850,0.000000,0.000846,0.000000,0.008793,0.000549,0.000045,0.000839,0.000000,0.000000,0.000000,0.000155,0.000000,0.000114,0.000551,0.000208,0.000544,0.000122,0.008631,0.019655,0.000045,0.000044,0.000135,0.000195,0.000094,0.000092,0.000087,0.000101,0.000105,0.000153,0.008001,0.008001,0.000135,0.000132,0.000205,0.000195,0.000206,0.000164,0.000206,0.000149,0.000086,0.000116,0.000428,0.005256,0.008933,0.008933,0.008820,0.007897,0.000663,0.000367,0.008984,0.005638,0.001043,0.006803,0.000492,0.005177,0.001088,0.005027,0.000563,0.000563,0.000528,0.000563,0.000112,0.004234,0.000061,0.000088,0.001150,0.000107,0.000089,0.000084,0.000157,0.000093,0.000135,0.000076,0.000061,0.000000,0.000076,0.000016,0.000290,0.000544,0.000504,0.000000,0.000000,0.019187,0.015655,0.023517,0.000323,0.008067,0.000395,0.007304,0.000203,0.000204,0.004726,0.004058,0.000174,0.000248,0.030983,1.004501,0.023622,0.014554
rust.attributes_cfg,0.000162,0.000209,0.000000,0.000309,0.000102,0.000000,0.001298,0.000000,0.000102,0.000061,0.011786,0.000000,0.000660,0.000185,0.000000,0.001282,0.000000,0.011820,0.011807,0.000102,0.001227,0.000061,0.000000,0.000208,0.001303,0.000000,0.000162,0.000206,0.000061,0.000061,0.001142,0.000309,0.000162,0.001298,0.000309,0.000205,0.000061,0.000102,0.000061,0.019403,0.000000,0.001302,0.000205,0.011838,0.000162,0.000661,0.000102,0.000102,0.000102,0.000102,0.000000,0.025650,0.000061,0.000000,0.000309,0.000102,0.000000,0.019397,0.000209,0.015166,0.000205,0.011817,0.000309,0.000309,0.000061,0.001128,0.000059,0.000116,0.000309,0.000309,0.000309,0.000309,0.000205,0.000116,0.014739,0.000061,0.000770,0.000000,0.000769,0.000000,0.001307,0.000309,0.000061,0.000763,0.000000,0.000000,0.000000,0.000206,0.000000,0.000116,0.000309,0.000102,0.000309,0.000162,0.001242,0.019389,0.000061,0.000059,0.000068,0.000055,0.000000,0.000000,0.000000,0.000021,0.000024,0.000041,0.001008,0.001008,0.000068,0.000024,0.000102,0.000055,0.000131,0.000113,0.000131,0.000199,0.000000,0.000155,0.000618,0.010211,0.006349,0.006349,0.006333,0.009684,0.000405,0.000224,0.006413,0.006597,0.000536,0.001306,0.000308,0.005911,0.000558,0.000894,0.000258,0.000258,0.000283,0.000294,0.000075,0.005549,0.000081,0.000066,0.000645,0.000065,0.000065,0.000112,0.000155,0.000096,0.000180,0.000101,0.000027,0.000000,0.000044,0.000021,0.000116,0.000278,0.000228,0.000000,0.000000,0.025656,0.025614,0.025624,0.001286,0.009783,0.001656,0.001578,0.001081,0.000196,0.005764,0.005333,0.000180,0.000276,0.031435,0.031435,1.005250,0.024980
rust.feature_gates,0.000108,0.000446,0.000031,0.000057,0.000089,0.000000,0.000890,0.000031,0.000089,0.000077,0.014997,0.000031,0.000763,0.000076,0.000000,0.000875,0.000031,0.015039,0.015024,0.000089,0.000902,0.000077,0.000000,0.000444,0.000896,0.000000,0.000108,0.000440,0.000077,0.000077,0.000860,0.000057,0.000108,0.000891,0.000057,0.000439,0.000077,0.000089,0.000077,0.019122,0.000031,0.000894,0.000439,0.015063,0.000108,0.000764,0.000089,0.000089,0.000089,0.000089,0.000000,0.031916,0.000000,0.000031,0.000057,0.000089,0.000000,0.019115,0.000446,0.018591,0.000440,0.015036,0.000057,0.000057,0.000000,0.000846,0.000105,0.000000,0.000057,0.000057,0.000057,0.000057,0.000439,0.000000,0.022759,0.000077,0.000838,0.000031,0.000837,0.000031,0.000899,0.000057,0.000077,0.000829,0.000000,0.000000,0.000000,0.000440,0.000031,0.000000,0.000057,0.000089,0.000057,0.000108,0.000916,0.019106,0.000077,0.000105,0.000258,0.000152,0.000000,0.000084,0.000000,0.000026,0.000031,0.000000,0.000702,0.000702,0.000224,0.000031,0.000101,0.000152,0.000202,0.000219,0.000202,0.000217,0.000000,0.000208,0.011533,0.009899,0.001016,0.001016,0.001029,0.000857,0.000218,0.000217,0.001016,0.000722,0.000391,0.010044,0.000218,0.000594,0.000303,0.000560,0.000090,0.000090,0.000090,0.000231,0.000150,0.006807,0.000204,0.000072,0.000330,0.000137,0.000137,0.000127,0.000147,0.000189,0.000108,0.000201,0.000144,0.000110,0.000056,0.000026,0.000147,0.000094,0.000061,0.000093,0.000000,0.031715,0.031933,0.024267,0.009245,0.000844,0.002136,0.001806,0.001490,0.000135,0.000628,0.000425,0.000108,0.000156,0.024607,0.024607,0.031738,1.005101
