language,rule,symbol
r,program,_expression
r,program,_newline
r,program,_semicolon
r,program,_start
r,function_definition,_expression
r,function_definition,_newline
r,function_definition,parameters
r,parameters,_close_parenthesis
r,parameters,_open_parenthesis
r,parameters,comma
r,parameters,parameter
r,parameter,_parameter_with_default
r,parameter,_parameter_without_default
r,_parameter_with_default,_expression
r,_parameter_with_default,_parameter_name
r,_parameter_without_default,_parameter_name
r,_parameter_name,_identifier
r,if_statement,_close_parenthesis
r,if_statement,_else
r,if_statement,_expression
r,if_statement,_newline
r,if_statement,_open_parenthesis
r,for_statement,_close_parenthesis
r,for_statement,_expression
r,for_statement,_identifier
r,for_statement,_newline
r,for_statement,_open_parenthesis
r,while_statement,_close_parenthesis
r,while_statement,_expression
r,while_statement,_newline
r,while_statement,_open_parenthesis
r,repeat_statement,_expression
r,repeat_statement,_newline
r,braced_expression,_close_brace
r,braced_expression,_expression
r,braced_expression,_newline
r,braced_expression,_open_brace
r,braced_expression,_semicolon
r,parenthesized_expression,_close_parenthesis
r,parenthesized_expression,_expression
r,parenthesized_expression,_open_parenthesis
r,call,_expression
r,call,call_arguments
r,subset,_expression
r,subset,subset_arguments
r,subset2,_expression
r,subset2,subset2_arguments
r,call_arguments,_close_parenthesis
r,call_arguments,_open_parenthesis
r,call_arguments,argument
r,call_arguments,comma
r,subset_arguments,_close_bracket
r,subset_arguments,_open_bracket
r,subset_arguments,argument
r,subset_arguments,comma
r,subset2_arguments,_close_bracket2
r,subset2_arguments,_open_bracket2
r,subset2_arguments,argument
r,subset2_arguments,comma
r,argument,_argument_named
r,argument,_argument_unnamed
r,_argument_named,_argument_name_string_or_identifier_or_null
r,_argument_named,_argument_value
r,_argument_unnamed,_argument_value
r,_argument_value,_expression
r,unary_operator,_expression
r,unary_operator,_newline
r,binary_operator,_expression
r,binary_operator,_newline
r,extract_operator,_expression
r,extract_operator,_newline
r,extract_operator,_string_or_identifier
r,namespace_operator,_string_or_identifier
r,integer,_float_literal
r,complex,_float_literal
r,float,_float_literal
r,_float_literal,_hex_literal
r,_float_literal,_number_literal
r,string,_double_quoted_string
r,string,_raw_string
r,string,_single_quoted_string
r,_raw_string,_raw_string_close
r,_raw_string,_raw_string_content
r,_raw_string,_raw_string_open
r,_single_quoted_string,_single_quoted_string_content
r,_double_quoted_string,_double_quoted_string_content
r,_single_quoted_string_content,escape_sequence
r,_double_quoted_string_content,escape_sequence
r,_identifier,dot_dot_i
r,_identifier,dots
r,_identifier,identifier
r,_string_or_identifier,_identifier
r,_string_or_identifier,string
r,_argument_name_string_or_identifier_or_null,_string_or_identifier
r,_argument_name_string_or_identifier_or_null,null
r,_expression,binary_operator
r,_expression,braced_expression
r,_expression,break
r,_expression,call
r,_expression,complex
r,_expression,dot_dot_i
r,_expression,dots
r,_expression,extract_operator
r,_expression,false
r,_expression,float
r,_expression,for_statement
r,_expression,function_definition
r,_expression,identifier
r,_expression,if_statement
r,_expression,inf
r,_expression,integer
r,_expression,na
r,_expression,namespace_operator
r,_expression,nan
r,_expression,next
r,_expression,null
r,_expression,parenthesized_expression
r,_expression,repeat_statement
r,_expression,string
r,_expression,subset
r,_expression,subset2
r,_expression,true
r,_expression,unary_operator
r,_expression,while_statement
r,_else,_external_else
r,_open_parenthesis,_external_open_parenthesis
r,_close_parenthesis,_external_close_parenthesis
r,_open_brace,_external_open_brace
r,_close_brace,_external_close_brace
r,_open_bracket,_external_open_bracket
r,_close_bracket,_external_close_bracket
r,_open_bracket2,_external_open_bracket2
r,_close_bracket2,_external_close_bracket2
go,source_file,_statement
go,source_file,_top_level_declaration
go,_top_level_declaration,function_declaration
go,_top_level_declaration,import_declaration
go,_top_level_declaration,method_declaration
go,_top_level_declaration,package_clause
go,package_clause,_package_identifier
go,import_declaration,import_spec
go,import_declaration,import_spec_list
go,import_spec,_package_identifier
go,import_spec,_string_literal
go,import_spec,blank_identifier
go,import_spec,dot
go,import_spec_list,import_spec
go,_declaration,const_declaration
go,_declaration,type_declaration
go,_declaration,var_declaration
go,const_declaration,const_spec
go,const_spec,_type
go,const_spec,expression_list
go,const_spec,identifier
go,var_declaration,var_spec
go,var_declaration,var_spec_list
go,var_spec,_type
go,var_spec,expression_list
go,var_spec,identifier
go,var_spec_list,var_spec
go,function_declaration,_simple_type
go,function_declaration,block
go,function_declaration,identifier
go,function_declaration,parameter_list
go,function_declaration,type_parameter_list
go,method_declaration,_field_identifier
go,method_declaration,_simple_type
go,method_declaration,block
go,method_declaration,parameter_list
go,type_parameter_list,type_parameter_declaration
go,type_parameter_declaration,identifier
go,type_parameter_declaration,type_elem
go,parameter_list,parameter_declaration
go,parameter_list,variadic_parameter_declaration
go,parameter_declaration,_type
go,parameter_declaration,identifier
go,variadic_parameter_declaration,_type
go,variadic_parameter_declaration,identifier
go,type_alias,_type
go,type_alias,_type_identifier
go,type_alias,type_parameter_list
go,type_declaration,type_alias
go,type_declaration,type_spec
go,type_spec,_type
go,type_spec,_type_identifier
go,type_spec,type_parameter_list
go,field_name_list,_field_identifier
go,expression_list,_expression
go,_type,_simple_type
go,_type,parenthesized_type
go,parenthesized_type,_type
go,_simple_type,_type_identifier
go,_simple_type,array_type
go,_simple_type,channel_type
go,_simple_type,function_type
go,_simple_type,generic_type
go,_simple_type,interface_type
go,_simple_type,map_type
go,_simple_type,negated_type
go,_simple_type,pointer_type
go,_simple_type,qualified_type
go,_simple_type,slice_type
go,_simple_type,struct_type
go,generic_type,_type_identifier
go,generic_type,negated_type
go,generic_type,qualified_type
go,generic_type,type_arguments
go,type_arguments,type_elem
go,pointer_type,_type
go,array_type,_expression
go,array_type,_type
go,implicit_length_array_type,_type
go,slice_type,_type
go,struct_type,field_declaration_list
go,negated_type,_type
go,field_declaration_list,field_declaration
go,field_declaration,_field_identifier
go,field_declaration,_string_literal
go,field_declaration,_type
go,field_declaration,_type_identifier
go,field_declaration,generic_type
go,field_declaration,qualified_type
go,interface_type,_interface_elem
go,_interface_elem,method_elem
go,_interface_elem,type_elem
go,method_elem,_field_identifier
go,method_elem,_simple_type
go,method_elem,parameter_list
go,type_elem,_type
go,map_type,_type
go,channel_type,_type
go,function_type,_simple_type
go,function_type,parameter_list
go,block,statement_list
go,statement_list,_statement
go,statement_list,empty_labeled_statement
go,_statement,_declaration
go,_statement,_simple_statement
go,_statement,block
go,_statement,break_statement
go,_statement,continue_statement
go,_statement,defer_statement
go,_statement,empty_statement
go,_statement,expression_switch_statement
go,_statement,fallthrough_statement
go,_statement,for_statement
go,_statement,go_statement
go,_statement,goto_statement
go,_statement,if_statement
go,_statement,labeled_statement
go,_statement,return_statement
go,_statement,select_statement
go,_statement,type_switch_statement
go,_simple_statement,assignment_statement
go,_simple_statement,dec_statement
go,_simple_statement,expression_statement
go,_simple_statement,inc_statement
go,_simple_statement,send_statement
go,_simple_statement,short_var_declaration
go,expression_statement,_expression
go,send_statement,_expression
go,receive_statement,_expression
go,receive_statement,expression_list
go,inc_statement,_expression
go,dec_statement,_expression
go,assignment_statement,expression_list
go,short_var_declaration,expression_list
go,labeled_statement,_statement
go,labeled_statement,identifier
go,empty_labeled_statement,identifier
go,break_statement,identifier
go,continue_statement,identifier
go,goto_statement,identifier
go,return_statement,expression_list
go,go_statement,_expression
go,defer_statement,_expression
go,if_statement,_expression
go,if_statement,_simple_statement
go,if_statement,block
go,if_statement,if_statement
go,for_statement,_expression
go,for_statement,block
go,for_statement,for_clause
go,for_statement,range_clause
go,for_clause,_expression
go,for_clause,_simple_statement
go,range_clause,_expression
go,range_clause,expression_list
go,expression_switch_statement,_expression
go,expression_switch_statement,_simple_statement
go,expression_switch_statement,default_case
go,expression_switch_statement,expression_case
go,expression_case,expression_list
go,expression_case,statement_list
go,default_case,statement_list
go,type_switch_statement,_type_switch_header
go,type_switch_statement,default_case
go,type_switch_statement,type_case
go,_type_switch_header,_expression
go,_type_switch_header,_simple_statement
go,_type_switch_header,expression_list
go,type_case,_type
go,type_case,statement_list
go,select_statement,communication_case
go,select_statement,default_case
go,communication_case,receive_statement
go,communication_case,send_statement
go,communication_case,statement_list
go,_expression,_string_literal
go,_expression,binary_expression
go,_expression,call_expression
go,_expression,composite_literal
go,_expression,false
go,_expression,float_literal
go,_expression,func_literal
go,_expression,identifier
go,_expression,imaginary_literal
go,_expression,index_expression
go,_expression,int_literal
go,_expression,iota
go,_expression,nil
go,_expression,parenthesized_expression
go,_expression,rune_literal
go,_expression,selector_expression
go,_expression,slice_expression
go,_expression,true
go,_expression,type_assertion_expression
go,_expression,type_conversion_expression
go,_expression,type_instantiation_expression
go,_expression,unary_expression
go,parenthesized_expression,_expression
go,call_expression,_expression
go,call_expression,argument_list
go,call_expression,special_argument_list
go,call_expression,type_arguments
go,variadic_argument,_expression
go,special_argument_list,_expression
go,special_argument_list,_type
go,argument_list,_expression
go,argument_list,variadic_argument
go,selector_expression,_expression
go,selector_expression,_field_identifier
go,index_expression,_expression
go,slice_expression,_expression
go,type_assertion_expression,_expression
go,type_assertion_expression,_type
go,type_conversion_expression,_expression
go,type_conversion_expression,_type
go,type_instantiation_expression,_type
go,composite_literal,_type_identifier
go,composite_literal,array_type
go,composite_literal,generic_type
go,composite_literal,implicit_length_array_type
go,composite_literal,literal_value
go,composite_literal,map_type
go,composite_literal,qualified_type
go,composite_literal,slice_type
go,composite_literal,struct_type
go,literal_value,keyed_element
go,literal_value,literal_element
go,literal_element,_expression
go,literal_element,literal_value
go,keyed_element,literal_element
go,func_literal,_simple_type
go,func_literal,block
go,func_literal,parameter_list
go,unary_expression,_expression
go,binary_expression,_expression
go,qualified_type,_package_identifier
go,qualified_type,_type_identifier
go,_type_identifier,identifier
go,_field_identifier,identifier
go,_package_identifier,identifier
go,_string_literal,interpreted_string_literal
go,_string_literal,raw_string_literal
go,interpreted_string_literal,escape_sequence
rust,source_file,_statement
rust,source_file,shebang
rust,_statement,_declaration_statement
rust,_statement,expression_statement
rust,expression_statement,_expression
rust,expression_statement,_expression_ending_with_block
rust,_declaration_statement,associated_type
rust,_declaration_statement,attribute_item
rust,_declaration_statement,const_item
rust,_declaration_statement,empty_statement
rust,_declaration_statement,enum_item
rust,_declaration_statement,extern_crate_declaration
rust,_declaration_statement,foreign_mod_item
rust,_declaration_statement,function_item
rust,_declaration_statement,function_signature_item
rust,_declaration_statement,impl_item
rust,_declaration_statement,inner_attribute_item
rust,_declaration_statement,let_declaration
rust,_declaration_statement,macro_definition
rust,_declaration_statement,macro_invocation
rust,_declaration_statement,mod_item
rust,_declaration_statement,static_item
rust,_declaration_statement,struct_item
rust,_declaration_statement,trait_item
rust,_declaration_statement,type_item
rust,_declaration_statement,union_item
rust,_declaration_statement,use_declaration
rust,macro_definition,_reserved_identifier
rust,macro_definition,identifier
rust,macro_definition,macro_rule
rust,macro_rule,token_tree
rust,macro_rule,token_tree_pattern
rust,_token_pattern,_non_special_token
rust,_token_pattern,metavariable
rust,_token_pattern,token_binding_pattern
rust,_token_pattern,token_repetition_pattern
rust,_token_pattern,token_tree_pattern
rust,token_tree_pattern,_token_pattern
rust,token_binding_pattern,fragment_specifier
rust,token_binding_pattern,metavariable
rust,token_repetition_pattern,_token_pattern
rust,_tokens,_non_special_token
rust,_tokens,metavariable
rust,_tokens,token_repetition
rust,_tokens,token_tree
rust,token_tree,_tokens
rust,token_repetition,_tokens
rust,_non_special_token,_literal
rust,_non_special_token,crate
rust,_non_special_token,identifier
rust,_non_special_token,mutable_specifier
rust,_non_special_token,self
rust,_non_special_token,super
rust,attribute_item,attribute
rust,inner_attribute_item,attribute
rust,attribute,_expression
rust,attribute,_path
rust,attribute,delim_token_tree
rust,mod_item,declaration_list
rust,mod_item,identifier
rust,mod_item,visibility_modifier
rust,foreign_mod_item,declaration_list
rust,foreign_mod_item,extern_modifier
rust,declaration_list,_declaration_statement
rust,struct_item,_type_identifier
rust,struct_item,field_declaration_list
rust,struct_item,ordered_field_declaration_list
rust,struct_item,type_parameters
rust,struct_item,visibility_modifier
rust,struct_item,where_clause
rust,union_item,_type_identifier
rust,union_item,field_declaration_list
rust,union_item,type_parameters
rust,union_item,visibility_modifier
rust,union_item,where_clause
rust,enum_item,_type_identifier
rust,enum_item,enum_variant_list
rust,enum_item,type_parameters
rust,enum_item,visibility_modifier
rust,enum_item,where_clause
rust,enum_variant_list,attribute_item
rust,enum_variant_list,enum_variant
rust,enum_variant,_expression
rust,enum_variant,field_declaration_list
rust,enum_variant,identifier
rust,enum_variant,ordered_field_declaration_list
rust,enum_variant,visibility_modifier
rust,field_declaration_list,attribute_item
rust,field_declaration_list,field_declaration
rust,field_declaration,_field_identifier
rust,field_declaration,_type
rust,field_declaration,visibility_modifier
rust,ordered_field_declaration_list,_type
rust,ordered_field_declaration_list,attribute_item
rust,ordered_field_declaration_list,visibility_modifier
rust,extern_crate_declaration,crate
rust,extern_crate_declaration,identifier
rust,extern_crate_declaration,visibility_modifier
rust,const_item,_expression
rust,const_item,_type
rust,const_item,identifier
rust,const_item,visibility_modifier
rust,static_item,_expression
rust,static_item,_type
rust,static_item,identifier
rust,static_item,mutable_specifier
rust,static_item,visibility_modifier
rust,type_item,_type
rust,type_item,_type_identifier
rust,type_item,type_parameters
rust,type_item,visibility_modifier
rust,type_item,where_clause
rust,function_item,_type
rust,function_item,block
rust,function_item,function_modifiers
rust,function_item,identifier
rust,function_item,metavariable
rust,function_item,parameters
rust,function_item,type_parameters
rust,function_item,visibility_modifier
rust,function_item,where_clause
rust,function_signature_item,_type
rust,function_signature_item,function_modifiers
rust,function_signature_item,identifier
rust,function_signature_item,metavariable
rust,function_signature_item,parameters
rust,function_signature_item,type_parameters
rust,function_signature_item,visibility_modifier
rust,function_signature_item,where_clause
rust,function_modifiers,extern_modifier
rust,where_clause,where_predicate
rust,where_predicate,_type_identifier
rust,where_predicate,array_type
rust,where_predicate,generic_type
rust,where_predicate,higher_ranked_trait_bound
rust,where_predicate,lifetime
rust,where_predicate,pointer_type
rust,where_predicate,reference_type
rust,where_predicate,scoped_type_identifier
rust,where_predicate,trait_bounds
rust,where_predicate,tuple_type
rust,impl_item,_type
rust,impl_item,_type_identifier
rust,impl_item,declaration_list
rust,impl_item,generic_type
rust,impl_item,scoped_type_identifier
rust,impl_item,type_parameters
rust,impl_item,where_clause
rust,trait_item,_type_identifier
rust,trait_item,declaration_list
rust,trait_item,trait_bounds
rust,trait_item,type_parameters
rust,trait_item,visibility_modifier
rust,trait_item,where_clause
rust,associated_type,_type_identifier
rust,associated_type,trait_bounds
rust,associated_type,type_parameters
rust,associated_type,where_clause
rust,trait_bounds,_type
rust,trait_bounds,higher_ranked_trait_bound
rust,trait_bounds,lifetime
rust,higher_ranked_trait_bound,_type
rust,higher_ranked_trait_bound,type_parameters
rust,removed_trait_bound,_type
rust,type_parameters,attribute_item
rust,type_parameters,const_parameter
rust,type_parameters,lifetime_parameter
rust,type_parameters,metavariable
rust,type_parameters,type_parameter
rust,const_parameter,_literal
rust,const_parameter,_type
rust,const_parameter,block
rust,const_parameter,identifier
rust,const_parameter,negative_literal
rust,type_parameter,_type
rust,type_parameter,_type_identifier
rust,type_parameter,trait_bounds
rust,lifetime_parameter,lifetime
rust,lifetime_parameter,trait_bounds
rust,let_declaration,_expression
rust,let_declaration,_pattern
rust,let_declaration,_type
rust,let_declaration,block
rust,let_declaration,mutable_specifier
rust,use_declaration,_use_clause
rust,use_declaration,visibility_modifier
rust,_use_clause,_path
rust,_use_clause,scoped_use_list
rust,_use_clause,use_as_clause
rust,_use_clause,use_list
rust,_use_clause,use_wildcard
rust,scoped_use_list,_path
rust,scoped_use_list,use_list
rust,use_list,_use_clause
rust,use_as_clause,_path
rust,use_as_clause,identifier
rust,use_wildcard,_path
rust,parameters,_type
rust,parameters,attribute_item
rust,parameters,parameter
rust,parameters,self_parameter
rust,parameters,variadic_parameter
rust,self_parameter,lifetime
rust,self_parameter,mutable_specifier
rust,self_parameter,self
rust,variadic_parameter,_pattern
rust,variadic_parameter,mutable_specifier
rust,parameter,_pattern
rust,parameter,_type
rust,parameter,mutable_specifier
rust,parameter,self
rust,extern_modifier,string_literal
rust,visibility_modifier,_path
rust,visibility_modifier,crate
rust,visibility_modifier,self
rust,visibility_modifier,super
rust,_type,_type_identifier
rust,_type,abstract_type
rust,_type,array_type
rust,_type,bounded_type
rust,_type,dynamic_type
rust,_type,function_type
rust,_type,generic_type
rust,_type,macro_invocation
rust,_type,metavariable
rust,_type,never_type
rust,_type,pointer_type
rust,_type,reference_type
rust,_type,removed_trait_bound
rust,_type,scoped_type_identifier
rust,_type,tuple_type
rust,_type,unit_type
rust,bracketed_type,_type
rust,bracketed_type,qualified_type
rust,qualified_type,_type
rust,lifetime,identifier
rust,array_type,_expression
rust,array_type,_type
rust,for_lifetimes,lifetime
rust,function_type,_type
rust,function_type,_type_identifier
rust,function_type,for_lifetimes
rust,function_type,function_modifiers
rust,function_type,parameters
rust,function_type,scoped_type_identifier
rust,tuple_type,_type
rust,generic_function,field_expression
rust,generic_function,identifier
rust,generic_function,scoped_identifier
rust,generic_function,type_arguments
rust,generic_type,_reserved_identifier
rust,generic_type,_type_identifier
rust,generic_type,scoped_type_identifier
rust,generic_type,type_arguments
rust,generic_type_with_turbofish,_type_identifier
rust,generic_type_with_turbofish,scoped_identifier
rust,generic_type_with_turbofish,type_arguments
rust,bounded_type,_type
rust,bounded_type,lifetime
rust,bounded_type,use_bounds
rust,use_bounds,_type_identifier
rust,use_bounds,lifetime
rust,type_arguments,_literal
rust,type_arguments,_type
rust,type_arguments,block
rust,type_arguments,lifetime
rust,type_arguments,trait_bounds
rust,type_arguments,type_binding
rust,type_binding,_type
rust,type_binding,_type_identifier
rust,type_binding,type_arguments
rust,reference_type,_type
rust,reference_type,lifetime
rust,reference_type,mutable_specifier
rust,pointer_type,_type
rust,pointer_type,mutable_specifier
rust,abstract_type,_type_identifier
rust,abstract_type,bounded_type
rust,abstract_type,function_type
rust,abstract_type,generic_type
rust,abstract_type,removed_trait_bound
rust,abstract_type,scoped_type_identifier
rust,abstract_type,tuple_type
rust,abstract_type,type_parameters
rust,dynamic_type,_type_identifier
rust,dynamic_type,function_type
rust,dynamic_type,generic_type
rust,dynamic_type,higher_ranked_trait_bound
rust,dynamic_type,scoped_type_identifier
rust,dynamic_type,tuple_type
rust,_expression_except_range,_expression_ending_with_block
rust,_expression_except_range,_literal
rust,_expression_except_range,_reserved_identifier
rust,_expression_except_range,array_expression
rust,_expression_except_range,assignment_expression
rust,_expression_except_range,await_expression
rust,_expression_except_range,binary_expression
rust,_expression_except_range,break_expression
rust,_expression_except_range,call_expression
rust,_expression_except_range,closure_expression
rust,_expression_except_range,compound_assignment_expr
rust,_expression_except_range,continue_expression
rust,_expression_except_range,field_expression
rust,_expression_except_range,generic_function
rust,_expression_except_range,identifier
rust,_expression_except_range,index_expression
rust,_expression_except_range,macro_invocation
rust,_expression_except_range,metavariable
rust,_expression_except_range,parenthesized_expression
rust,_expression_except_range,reference_expression
rust,_expression_except_range,return_expression
rust,_expression_except_range,scoped_identifier
rust,_expression_except_range,self
rust,_expression_except_range,struct_expression
rust,_expression_except_range,try_expression
rust,_expression_except_range,tuple_expression
rust,_expression_except_range,type_cast_expression
rust,_expression_except_range,unary_expression
rust,_expression_except_range,unit_expression
rust,_expression_except_range,yield_expression
rust,_expression,_expression_except_range
rust,_expression,range_expression
rust,_expression_ending_with_block,async_block
rust,_expression_ending_with_block,block
rust,_expression_ending_with_block,const_block
rust,_expression_ending_with_block,for_expression
rust,_expression_ending_with_block,gen_block
rust,_expression_ending_with_block,if_expression
rust,_expression_ending_with_block,loop_expression
rust,_expression_ending_with_block,match_expression
rust,_expression_ending_with_block,try_block
rust,_expression_ending_with_block,unsafe_block
rust,_expression_ending_with_block,while_expression
rust,macro_invocation,_reserved_identifier
rust,macro_invocation,delim_token_tree
rust,macro_invocation,identifier
rust,macro_invocation,scoped_identifier
rust,delim_token_tree,_delim_tokens
rust,_delim_tokens,_non_delim_token
rust,_delim_tokens,delim_token_tree
rust,_non_delim_token,_non_special_token
rust,scoped_identifier,_path
rust,scoped_identifier,bracketed_type
rust,scoped_identifier,generic_type_with_turbofish
rust,scoped_identifier,identifier
rust,scoped_identifier,super
rust,scoped_type_identifier_in_expression_position,_path
rust,scoped_type_identifier_in_expression_position,_type_identifier
rust,scoped_type_identifier_in_expression_position,generic_type_with_turbofish
rust,scoped_type_identifier,_path
rust,scoped_type_identifier,_type_identifier
rust,scoped_type_identifier,bracketed_type
rust,scoped_type_identifier,generic_type
rust,scoped_type_identifier,generic_type_with_turbofish
rust,range_expression,_expression
rust,unary_expression,_expression
rust,try_expression,_expression
rust,reference_expression,_expression
rust,reference_expression,mutable_specifier
rust,binary_expression,_expression
rust,assignment_expression,_expression
rust,compound_assignment_expr,_expression
rust,type_cast_expression,_expression
rust,type_cast_expression,_type
rust,return_expression,_expression
rust,yield_expression,_expression
rust,call_expression,_expression_except_range
rust,call_expression,arguments
rust,arguments,_expression
rust,arguments,attribute_item
rust,array_expression,_expression
rust,array_expression,attribute_item
rust,parenthesized_expression,_expression
rust,tuple_expression,_expression
rust,tuple_expression,attribute_item
rust,struct_expression,_type_identifier
rust,struct_expression,field_initializer_list
rust,struct_expression,generic_type_with_turbofish
rust,struct_expression,scoped_type_identifier_in_expression_position
rust,field_initializer_list,base_field_initializer
rust,field_initializer_list,field_initializer
rust,field_initializer_list,shorthand_field_initializer
rust,shorthand_field_initializer,attribute_item
rust,shorthand_field_initializer,identifier
rust,field_initializer,_expression
rust,field_initializer,_field_identifier
rust,field_initializer,attribute_item
rust,field_initializer,integer_literal
rust,base_field_initializer,_expression
rust,if_expression,_condition
rust,if_expression,block
rust,if_expression,else_clause
rust,let_condition,_expression
rust,let_condition,_pattern
rust,_let_chain,_expression
rust,_let_chain,_let_chain
rust,_let_chain,let_condition
rust,_condition,_expression
rust,_condition,_let_chain
rust,_condition,let_condition
rust,else_clause,block
rust,else_clause,if_expression
rust,match_expression,_expression
rust,match_expression,match_block
rust,match_block,last_match_arm
rust,match_block,match_arm
rust,match_arm,_expression
rust,match_arm,_expression_ending_with_block
rust,match_arm,attribute_item
rust,match_arm,inner_attribute_item
rust,match_arm,match_pattern
rust,last_match_arm,_expression
rust,last_match_arm,attribute_item
rust,last_match_arm,inner_attribute_item
rust,last_match_arm,match_pattern
rust,match_pattern,_condition
rust,match_pattern,_pattern
rust,while_expression,_condition
rust,while_expression,block
rust,while_expression,label
rust,loop_expression,block
rust,loop_expression,label
rust,for_expression,_expression
rust,for_expression,_pattern
rust,for_expression,block
rust,for_expression,label
rust,const_block,block
rust,closure_expression,_expression
rust,closure_expression,_type
rust,closure_expression,block
rust,closure_expression,closure_parameters
rust,closure_parameters,_pattern
rust,closure_parameters,parameter
rust,label,identifier
rust,break_expression,_expression
rust,break_expression,label
rust,continue_expression,label
rust,index_expression,_expression
rust,await_expression,_expression
rust,field_expression,_expression
rust,field_expression,_field_identifier
rust,field_expression,integer_literal
rust,unsafe_block,block
rust,async_block,block
rust,gen_block,block
rust,try_block,block
rust,block,_expression
rust,block,_statement
rust,block,label
rust,_pattern,_literal_pattern
rust,_pattern,_reserved_identifier
rust,_pattern,captured_pattern
rust,_pattern,const_block
rust,_pattern,generic_pattern
rust,_pattern,identifier
rust,_pattern,macro_invocation
rust,_pattern,mut_pattern
rust,_pattern,or_pattern
rust,_pattern,range_pattern
rust,_pattern,ref_pattern
rust,_pattern,reference_pattern
rust,_pattern,remaining_field_pattern
rust,_pattern,scoped_identifier
rust,_pattern,slice_pattern
rust,_pattern,struct_pattern
rust,_pattern,tuple_pattern
rust,_pattern,tuple_struct_pattern
rust,generic_pattern,identifier
rust,generic_pattern,scoped_identifier
rust,generic_pattern,type_arguments
rust,tuple_pattern,_pattern
rust,tuple_pattern,closure_expression
rust,slice_pattern,_pattern
rust,tuple_struct_pattern,_pattern
rust,tuple_struct_pattern,generic_type_with_turbofish
rust,tuple_struct_pattern,identifier
rust,tuple_struct_pattern,scoped_identifier
rust,struct_pattern,_type_identifier
rust,struct_pattern,field_pattern
rust,struct_pattern,remaining_field_pattern
rust,struct_pattern,scoped_type_identifier
rust,field_pattern,_field_identifier
rust,field_pattern,_pattern
rust,field_pattern,identifier
rust,field_pattern,mutable_specifier
rust,mut_pattern,_pattern
rust,mut_pattern,mutable_specifier
rust,range_pattern,_literal_pattern
rust,range_pattern,_path
rust,ref_pattern,_pattern
rust,captured_pattern,_pattern
rust,captured_pattern,identifier
rust,reference_pattern,_pattern
rust,reference_pattern,mutable_specifier
rust,or_pattern,_pattern
rust,_literal,boolean_literal
rust,_literal,char_literal
rust,_literal,float_literal
rust,_literal,integer_literal
rust,_literal,raw_string_literal
rust,_literal,string_literal
rust,_literal_pattern,boolean_literal
rust,_literal_pattern,char_literal
rust,_literal_pattern,float_literal
rust,_literal_pattern,integer_literal
rust,_literal_pattern,negative_literal
rust,_literal_pattern,raw_string_literal
rust,_literal_pattern,string_literal
rust,negative_literal,float_literal
rust,negative_literal,integer_literal
rust,string_literal,escape_sequence
rust,string_literal,string_close
rust,string_literal,string_content
rust,raw_string_literal,_raw_string_literal_end
rust,raw_string_literal,_raw_string_literal_start
rust,raw_string_literal,raw_string_literal_content
rust,comment,block_comment
rust,comment,line_comment
rust,line_comment,_line_doc_comment_marker
rust,line_comment,_line_doc_content
rust,_line_doc_comment_marker,_inner_line_doc_comment_marker
rust,_line_doc_comment_marker,_outer_line_doc_comment_marker
rust,block_comment,_block_comment_content
rust,block_comment,_block_doc_comment_marker
rust,_block_doc_comment_marker,_inner_block_doc_comment_marker
rust,_block_doc_comment_marker,_outer_block_doc_comment_marker
rust,_path,_reserved_identifier
rust,_path,crate
rust,_path,identifier
rust,_path,metavariable
rust,_path,scoped_identifier
rust,_path,self
rust,_path,super
rust,_type_identifier,identifier
rust,_field_identifier,identifier
cpp,translation_unit,_top_level_item
cpp,_top_level_item,_empty_declaration
cpp,_top_level_item,_top_level_statement
cpp,_top_level_item,alias_declaration
cpp,_top_level_item,attributed_statement
cpp,_top_level_item,concept_definition
cpp,_top_level_item,consteval_block_declaration
cpp,_top_level_item,constructor_or_destructor_definition
cpp,_top_level_item,declaration
cpp,_top_level_item,export_declaration
cpp,_top_level_item,function_definition
cpp,_top_level_item,global_module_fragment_declaration
cpp,_top_level_item,import_declaration
cpp,_top_level_item,linkage_specification
cpp,_top_level_item,module_declaration
cpp,_top_level_item,namespace_alias_definition
cpp,_top_level_item,namespace_definition
cpp,_top_level_item,operator_cast_declaration
cpp,_top_level_item,operator_cast_definition
cpp,_top_level_item,preproc_call
cpp,_top_level_item,preproc_def
cpp,_top_level_item,preproc_function_def
cpp,_top_level_item,preproc_if
cpp,_top_level_item,preproc_ifdef
cpp,_top_level_item,preproc_include
cpp,_top_level_item,private_module_fragment_declaration
cpp,_top_level_item,static_assert_declaration
cpp,_top_level_item,template_declaration
cpp,_top_level_item,template_instantiation
cpp,_top_level_item,type_definition
cpp,_top_level_item,using_declaration
cpp,_block_item,_empty_declaration
cpp,_block_item,alias_declaration
cpp,_block_item,attributed_statement
cpp,_block_item,concept_definition
cpp,_block_item,consteval_block_declaration
cpp,_block_item,constructor_or_destructor_definition
cpp,_block_item,declaration
cpp,_block_item,export_declaration
cpp,_block_item,function_definition
cpp,_block_item,import_declaration
cpp,_block_item,linkage_specification
cpp,_block_item,namespace_alias_definition
cpp,_block_item,namespace_definition
cpp,_block_item,operator_cast_declaration
cpp,_block_item,operator_cast_definition
cpp,_block_item,preproc_call
cpp,_block_item,preproc_def
cpp,_block_item,preproc_function_def
cpp,_block_item,preproc_if_in_block
cpp,_block_item,preproc_ifdef_in_block
cpp,_block_item,preproc_include
cpp,_block_item,statement
cpp,_block_item,static_assert_declaration
cpp,_block_item,template_declaration
cpp,_block_item,template_instantiation
cpp,_block_item,type_definition
cpp,_block_item,using_declaration
cpp,preproc_include,identifier
cpp,preproc_include,preproc_call_expression
cpp,preproc_include,string_literal
cpp,preproc_include,system_lib_string
cpp,preproc_def,identifier
cpp,preproc_def,preproc_arg
cpp,preproc_function_def,identifier
cpp,preproc_function_def,preproc_arg
cpp,preproc_function_def,preproc_params
cpp,preproc_params,identifier
cpp,preproc_call,preproc_arg
cpp,preproc_call,preproc_directive
cpp,preproc_if,_preproc_expression
cpp,preproc_if,_top_level_item
cpp,preproc_if,preproc_elif
cpp,preproc_if,preproc_elifdef
cpp,preproc_if,preproc_else
cpp,preproc_ifdef,_top_level_item
cpp,preproc_ifdef,identifier
cpp,preproc_ifdef,preproc_elif
cpp,preproc_ifdef,preproc_elifdef
cpp,preproc_ifdef,preproc_else
cpp,preproc_else,_top_level_item
cpp,preproc_elif,_preproc_expression
cpp,preproc_elif,_top_level_item
cpp,preproc_elif,preproc_elif
cpp,preproc_elif,preproc_elifdef
cpp,preproc_elif,preproc_else
cpp,preproc_elifdef,_top_level_item
cpp,preproc_elifdef,identifier
cpp,preproc_elifdef,preproc_elif
cpp,preproc_elifdef,preproc_elifdef
cpp,preproc_elifdef,preproc_else
cpp,preproc_if_in_field_declaration_list,_field_declaration_list_item
cpp,preproc_if_in_field_declaration_list,_preproc_expression
cpp,preproc_if_in_field_declaration_list,preproc_elif_in_field_declaration_list
cpp,preproc_if_in_field_declaration_list,preproc_elifdef_in_field_declaration_list
cpp,preproc_if_in_field_declaration_list,preproc_else_in_field_declaration_list
cpp,preproc_ifdef_in_field_declaration_list,_field_declaration_list_item
cpp,preproc_ifdef_in_field_declaration_list,identifier
cpp,preproc_ifdef_in_field_declaration_list,preproc_elif_in_field_declaration_list
cpp,preproc_ifdef_in_field_declaration_list,preproc_elifdef_in_field_declaration_list
cpp,preproc_ifdef_in_field_declaration_list,preproc_else_in_field_declaration_list
cpp,preproc_else_in_field_declaration_list,_field_declaration_list_item
cpp,preproc_elif_in_field_declaration_list,_field_declaration_list_item
cpp,preproc_elif_in_field_declaration_list,_preproc_expression
cpp,preproc_elif_in_field_declaration_list,preproc_elif_in_field_declaration_list
cpp,preproc_elif_in_field_declaration_list,preproc_elifdef_in_field_declaration_list
cpp,preproc_elif_in_field_declaration_list,preproc_else_in_field_declaration_list
cpp,preproc_elifdef_in_field_declaration_list,_field_declaration_list_item
cpp,preproc_elifdef_in_field_declaration_list,identifier
cpp,preproc_elifdef_in_field_declaration_list,preproc_elif_in_field_declaration_list
cpp,preproc_elifdef_in_field_declaration_list,preproc_elifdef_in_field_declaration_list
cpp,preproc_elifdef_in_field_declaration_list,preproc_else_in_field_declaration_list
cpp,preproc_if_in_enumerator_list,_preproc_expression
cpp,preproc_if_in_enumerator_list,enumerator
cpp,preproc_if_in_enumerator_list,preproc_elif_in_enumerator_list
cpp,preproc_if_in_enumerator_list,preproc_elifdef_in_enumerator_list
cpp,preproc_if_in_enumerator_list,preproc_else_in_enumerator_list
cpp,preproc_ifdef_in_enumerator_list,enumerator
cpp,preproc_ifdef_in_enumerator_list,identifier
cpp,preproc_ifdef_in_enumerator_list,preproc_elif_in_enumerator_list
cpp,preproc_ifdef_in_enumerator_list,preproc_elifdef_in_enumerator_list
cpp,preproc_ifdef_in_enumerator_list,preproc_else_in_enumerator_list
cpp,preproc_else_in_enumerator_list,enumerator
cpp,preproc_elif_in_enumerator_list,_preproc_expression
cpp,preproc_elif_in_enumerator_list,enumerator
cpp,preproc_elif_in_enumerator_list,preproc_elif_in_enumerator_list
cpp,preproc_elif_in_enumerator_list,preproc_elifdef_in_enumerator_list
cpp,preproc_elif_in_enumerator_list,preproc_else_in_enumerator_list
cpp,preproc_elifdef_in_enumerator_list,enumerator
cpp,preproc_elifdef_in_enumerator_list,identifier
cpp,preproc_elifdef_in_enumerator_list,preproc_elif_in_enumerator_list
cpp,preproc_elifdef_in_enumerator_list,preproc_elifdef_in_enumerator_list
cpp,preproc_elifdef_in_enumerator_list,preproc_else_in_enumerator_list
cpp,preproc_if_in_enumerator_list_no_comma,_preproc_expression
cpp,preproc_if_in_enumerator_list_no_comma,enumerator
cpp,preproc_if_in_enumerator_list_no_comma,preproc_elif_in_enumerator_list_no_comma
cpp,preproc_if_in_enumerator_list_no_comma,preproc_elifdef_in_enumerator_list_no_comma
cpp,preproc_if_in_enumerator_list_no_comma,preproc_else_in_enumerator_list_no_comma
cpp,preproc_ifdef_in_enumerator_list_no_comma,enumerator
cpp,preproc_ifdef_in_enumerator_list_no_comma,identifier
cpp,preproc_ifdef_in_enumerator_list_no_comma,preproc_elif_in_enumerator_list_no_comma
cpp,preproc_ifdef_in_enumerator_list_no_comma,preproc_elifdef_in_enumerator_list_no_comma
cpp,preproc_ifdef_in_enumerator_list_no_comma,preproc_else_in_enumerator_list_no_comma
cpp,preproc_else_in_enumerator_list_no_comma,enumerator
cpp,preproc_elif_in_enumerator_list_no_comma,_preproc_expression
cpp,preproc_elif_in_enumerator_list_no_comma,enumerator
cpp,preproc_elif_in_enumerator_list_no_comma,preproc_elif_in_enumerator_list_no_comma
cpp,preproc_elif_in_enumerator_list_no_comma,preproc_elifdef_in_enumerator_list_no_comma
cpp,preproc_elif_in_enumerator_list_no_comma,preproc_else_in_enumerator_list_no_comma
cpp,preproc_elifdef_in_enumerator_list_no_comma,enumerator
cpp,preproc_elifdef_in_enumerator_list_no_comma,identifier
cpp,preproc_elifdef_in_enumerator_list_no_comma,preproc_elif_in_enumerator_list_no_comma
cpp,preproc_elifdef_in_enumerator_list_no_comma,preproc_elifdef_in_enumerator_list_no_comma
cpp,preproc_elifdef_in_enumerator_list_no_comma,preproc_else_in_enumerator_list_no_comma
cpp,_preproc_expression,char_literal
cpp,_preproc_expression,identifier
cpp,_preproc_expression,number_literal
cpp,_preproc_expression,preproc_binary_expression
cpp,_preproc_expression,preproc_call_expression
cpp,_preproc_expression,preproc_defined
cpp,_preproc_expression,preproc_parenthesized_expression
cpp,_preproc_expression,preproc_unary_expression
cpp,preproc_parenthesized_expression,_preproc_expression
cpp,preproc_defined,identifier
cpp,preproc_unary_expression,_preproc_expression
cpp,preproc_call_expression,identifier
cpp,preproc_call_expression,preproc_argument_list
cpp,preproc_argument_list,_preproc_expression
cpp,preproc_binary_expression,_preproc_expression
cpp,function_definition,_declaration_specifiers
cpp,function_definition,_declarator
cpp,function_definition,compound_statement
cpp,function_definition,ms_call_modifier
cpp,function_definition,try_statement
cpp,_old_style_function_definition,_declaration_specifiers
cpp,_old_style_function_definition,_old_style_function_declarator
cpp,_old_style_function_definition,compound_statement
cpp,_old_style_function_definition,declaration
cpp,_old_style_function_definition,ms_call_modifier
cpp,declaration,_declaration_specifiers
cpp,declaration,_declarator
cpp,declaration,gnu_asm_expression
cpp,declaration,init_declarator
cpp,declaration,ms_call_modifier
cpp,type_definition,_type_definition_declarators
cpp,type_definition,_type_definition_type
cpp,type_definition,attribute_specifier
cpp,_type_definition_type,type_qualifier
cpp,_type_definition_type,type_specifier
cpp,_type_definition_declarators,_type_declarator
cpp,_declaration_modifiers,attribute_declaration
cpp,_declaration_modifiers,attribute_specifier
cpp,_declaration_modifiers,ms_declspec_modifier
cpp,_declaration_modifiers,storage_class_specifier
cpp,_declaration_modifiers,type_qualifier
cpp,_declaration_specifiers,_declaration_modifiers
cpp,_declaration_specifiers,type_specifier
cpp,linkage_specification,declaration
cpp,linkage_specification,declaration_list
cpp,linkage_specification,function_definition
cpp,linkage_specification,string_literal
cpp,attribute_specifier,argument_list
cpp,attribute,argument_list
cpp,attribute,identifier
cpp,attribute_declaration,annotation
cpp,attribute_declaration,attribute
cpp,ms_declspec_modifier,identifier
cpp,ms_based_modifier,argument_list
cpp,ms_pointer_modifier,ms_restrict_modifier
cpp,ms_pointer_modifier,ms_signed_ptr_modifier
cpp,ms_pointer_modifier,ms_unaligned_ptr_modifier
cpp,ms_pointer_modifier,ms_unsigned_ptr_modifier
cpp,declaration_list,_block_item
cpp,_declarator,array_declarator
cpp,_declarator,attributed_declarator
cpp,_declarator,destructor_name
cpp,_declarator,function_declarator
cpp,_declarator,identifier
cpp,_declarator,operator_name
cpp,_declarator,parenthesized_declarator
cpp,_declarator,pointer_declarator
cpp,_declarator,qualified_identifier
cpp,_declarator,reference_declarator
cpp,_declarator,structured_binding_declarator
cpp,_declarator,template_function
cpp,_declaration_declarator,_function_declaration_declarator
cpp,_declaration_declarator,array_declarator
cpp,_declaration_declarator,attributed_declarator
cpp,_declaration_declarator,identifier
cpp,_declaration_declarator,parenthesized_declarator
cpp,_declaration_declarator,pointer_declarator
cpp,_field_declarator,_field_identifier
cpp,_field_declarator,array_field_declarator
cpp,_field_declarator,attributed_field_declarator
cpp,_field_declarator,function_field_declarator
cpp,_field_declarator,operator_name
cpp,_field_declarator,parenthesized_field_declarator
cpp,_field_declarator,pointer_field_declarator
cpp,_field_declarator,reference_field_declarator
cpp,_field_declarator,template_method
cpp,_type_declarator,_type_identifier
cpp,_type_declarator,array_type_declarator
cpp,_type_declarator,attributed_type_declarator
cpp,_type_declarator,function_type_declarator
cpp,_type_declarator,parenthesized_type_declarator
cpp,_type_declarator,pointer_type_declarator
cpp,_type_declarator,primitive_type
cpp,_type_declarator,reference_type_declarator
cpp,_abstract_declarator,abstract_array_declarator
cpp,_abstract_declarator,abstract_function_declarator
cpp,_abstract_declarator,abstract_parenthesized_declarator
cpp,_abstract_declarator,abstract_pointer_declarator
cpp,_abstract_declarator,abstract_reference_declarator
cpp,parenthesized_declarator,_declarator
cpp,parenthesized_declarator,ms_call_modifier
cpp,parenthesized_field_declarator,_field_declarator
cpp,parenthesized_field_declarator,ms_call_modifier
cpp,parenthesized_type_declarator,_type_declarator
cpp,parenthesized_type_declarator,ms_call_modifier
cpp,abstract_parenthesized_declarator,_abstract_declarator
cpp,abstract_parenthesized_declarator,ms_call_modifier
cpp,attributed_declarator,_declarator
cpp,attributed_declarator,attribute_declaration
cpp,attributed_field_declarator,_field_declarator
cpp,attributed_field_declarator,attribute_declaration
cpp,attributed_type_declarator,_type_declarator
cpp,attributed_type_declarator,attribute_declaration
cpp,pointer_declarator,_declarator
cpp,pointer_declarator,ms_based_modifier
cpp,pointer_declarator,ms_pointer_modifier
cpp,pointer_declarator,type_qualifier
cpp,pointer_field_declarator,_field_declarator
cpp,pointer_field_declarator,ms_based_modifier
cpp,pointer_field_declarator,ms_pointer_modifier
cpp,pointer_field_declarator,type_qualifier
cpp,pointer_type_declarator,_type_declarator
cpp,pointer_type_declarator,ms_based_modifier
cpp,pointer_type_declarator,ms_pointer_modifier
cpp,pointer_type_declarator,type_qualifier
cpp,abstract_pointer_declarator,_abstract_declarator
cpp,abstract_pointer_declarator,ms_pointer_modifier
cpp,abstract_pointer_declarator,type_qualifier
cpp,function_declarator,_declarator
cpp,function_declarator,_function_declarator_seq
cpp,_function_declaration_declarator,_declarator
cpp,_function_declaration_declarator,attribute_specifier
cpp,_function_declaration_declarator,gnu_asm_expression
cpp,_function_declaration_declarator,parameter_list
cpp,function_field_declarator,_field_declarator
cpp,function_field_declarator,_function_declarator_seq
cpp,function_type_declarator,_type_declarator
cpp,function_type_declarator,parameter_list
cpp,abstract_function_declarator,_abstract_declarator
cpp,abstract_function_declarator,_function_declarator_seq
cpp,_old_style_function_declarator,_declarator
cpp,_old_style_function_declarator,_old_style_parameter_list
cpp,array_declarator,_declarator
cpp,array_declarator,expression
cpp,array_declarator,type_qualifier
cpp,array_field_declarator,_field_declarator
cpp,array_field_declarator,expression
cpp,array_field_declarator,type_qualifier
cpp,array_type_declarator,_type_declarator
cpp,array_type_declarator,expression
cpp,array_type_declarator,type_qualifier
cpp,abstract_array_declarator,_abstract_declarator
cpp,abstract_array_declarator,expression
cpp,abstract_array_declarator,type_qualifier
cpp,init_declarator,_declarator
cpp,init_declarator,argument_list
cpp,init_declarator,expression
cpp,init_declarator,initializer_list
cpp,compound_statement,_block_item
cpp,type_qualifier,alignas_qualifier
cpp,alignas_qualifier,expression
cpp,alignas_qualifier,type_descriptor
cpp,type_specifier,_type_identifier
cpp,type_specifier,class_specifier
cpp,type_specifier,decltype
cpp,type_specifier,dependent_type
cpp,type_specifier,enum_specifier
cpp,type_specifier,placeholder_type_specifier
cpp,type_specifier,primitive_type
cpp,type_specifier,qualified_type_identifier
cpp,type_specifier,sized_type_specifier
cpp,type_specifier,splice_type_specifier
cpp,type_specifier,struct_specifier
cpp,type_specifier,template_type
cpp,type_specifier,union_specifier
cpp,sized_type_specifier,_type_identifier
cpp,sized_type_specifier,primitive_type
cpp,sized_type_specifier,type_qualifier
cpp,enum_specifier,_class_name
cpp,enum_specifier,_enum_base_clause
cpp,enum_specifier,attribute_specifier
cpp,enum_specifier,enumerator_list
cpp,enumerator_list,enumerator
cpp,enumerator_list,preproc_call
cpp,enumerator_list,preproc_if_in_enumerator_list
cpp,enumerator_list,preproc_if_in_enumerator_list_no_comma
cpp,enumerator_list,preproc_ifdef_in_enumerator_list
cpp,enumerator_list,preproc_ifdef_in_enumerator_list_no_comma
cpp,struct_specifier,_class_declaration
cpp,union_specifier,_class_declaration
cpp,field_declaration_list,_field_declaration_list_item
cpp,_field_declaration_list_item,access_specifier
cpp,_field_declaration_list_item,alias_declaration
cpp,_field_declaration_list_item,consteval_block_declaration
cpp,_field_declaration_list_item,constructor_or_destructor_declaration
cpp,_field_declaration_list_item,constructor_or_destructor_definition
cpp,_field_declaration_list_item,field_declaration
cpp,_field_declaration_list_item,friend_declaration
cpp,_field_declaration_list_item,inline_method_definition
cpp,_field_declaration_list_item,operator_cast_declaration
cpp,_field_declaration_list_item,operator_cast_definition
cpp,_field_declaration_list_item,preproc_call
cpp,_field_declaration_list_item,preproc_def
cpp,_field_declaration_list_item,preproc_function_def
cpp,_field_declaration_list_item,preproc_if_in_field_declaration_list
cpp,_field_declaration_list_item,preproc_ifdef_in_field_declaration_list
cpp,_field_declaration_list_item,static_assert_declaration
cpp,_field_declaration_list_item,template_declaration
cpp,_field_declaration_list_item,type_definition
cpp,_field_declaration_list_item,using_declaration
cpp,field_declaration,_declaration_specifiers
cpp,field_declaration,_field_declarator
cpp,field_declaration,attribute_specifier
cpp,field_declaration,bitfield_clause
cpp,field_declaration,expression
cpp,field_declaration,initializer_list
cpp,_field_declaration_declarator,_field_declarator
cpp,_field_declaration_declarator,bitfield_clause
cpp,bitfield_clause,expression
cpp,enumerator,expression
cpp,enumerator,identifier
cpp,parameter_list,explicit_object_parameter_declaration
cpp,parameter_list,optional_parameter_declaration
cpp,parameter_list,parameter_declaration
cpp,parameter_list,variadic_parameter_declaration
cpp,_old_style_parameter_list,identifier
cpp,_old_style_parameter_list,variadic_parameter
cpp,parameter_declaration,_abstract_declarator
cpp,parameter_declaration,_declaration_specifiers
cpp,parameter_declaration,_declarator
cpp,parameter_declaration,attribute_specifier
cpp,attributed_statement,attribute_declaration
cpp,attributed_statement,statement
cpp,statement,_non_case_statement
cpp,statement,case_statement
cpp,_non_case_statement,attributed_statement
cpp,_non_case_statement,break_statement
cpp,_non_case_statement,co_return_statement
cpp,_non_case_statement,co_yield_statement
cpp,_non_case_statement,compound_statement
cpp,_non_case_statement,continue_statement
cpp,_non_case_statement,do_statement
cpp,_non_case_statement,expansion_statement
cpp,_non_case_statement,expression_statement
cpp,_non_case_statement,for_range_loop
cpp,_non_case_statement,for_statement
cpp,_non_case_statement,goto_statement
cpp,_non_case_statement,if_statement
cpp,_non_case_statement,labeled_statement
cpp,_non_case_statement,return_statement
cpp,_non_case_statement,seh_leave_statement
cpp,_non_case_statement,seh_try_statement
cpp,_non_case_statement,switch_statement
cpp,_non_case_statement,throw_statement
cpp,_non_case_statement,try_statement
cpp,_non_case_statement,while_statement
cpp,_top_level_statement,_top_level_expression_statement
cpp,_top_level_statement,attributed_statement
cpp,_top_level_statement,break_statement
cpp,_top_level_statement,case_statement
cpp,_top_level_statement,co_return_statement
cpp,_top_level_statement,co_yield_statement
cpp,_top_level_statement,compound_statement
cpp,_top_level_statement,continue_statement
cpp,_top_level_statement,do_statement
cpp,_top_level_statement,expansion_statement
cpp,_top_level_statement,for_range_loop
cpp,_top_level_statement,for_statement
cpp,_top_level_statement,goto_statement
cpp,_top_level_statement,if_statement
cpp,_top_level_statement,labeled_statement
cpp,_top_level_statement,return_statement
cpp,_top_level_statement,switch_statement
cpp,_top_level_statement,throw_statement
cpp,_top_level_statement,try_statement
cpp,_top_level_statement,while_statement
cpp,labeled_statement,_statement_identifier
cpp,labeled_statement,declaration
cpp,labeled_statement,statement
cpp,_top_level_expression_statement,_expression_not_binary
cpp,expression_statement,comma_expression
cpp,expression_statement,expression
cpp,if_statement,condition_clause
cpp,if_statement,else_clause
cpp,if_statement,statement
cpp,else_clause,statement
cpp,switch_statement,compound_statement
cpp,switch_statement,condition_clause
cpp,case_statement,_non_case_statement
cpp,case_statement,declaration
cpp,case_statement,expression
cpp,case_statement,type_definition
cpp,while_statement,condition_clause
cpp,while_statement,statement
cpp,do_statement,parenthesized_expression
cpp,do_statement,statement
cpp,for_statement,_for_statement_body
cpp,for_statement,statement
cpp,_for_statement_body,comma_expression
cpp,_for_statement_body,declaration
cpp,_for_statement_body,expression
cpp,return_statement,comma_expression
cpp,return_statement,expression
cpp,return_statement,initializer_list
cpp,goto_statement,_statement_identifier
cpp,seh_try_statement,compound_statement
cpp,seh_try_statement,seh_except_clause
cpp,seh_try_statement,seh_finally_clause
cpp,seh_except_clause,compound_statement
cpp,seh_except_clause,parenthesized_expression
cpp,seh_finally_clause,compound_statement
cpp,expression,_expression_not_binary
cpp,expression,binary_expression
cpp,_expression_not_binary,_string
cpp,_expression_not_binary,alignof_expression
cpp,_expression_not_binary,assignment_expression
cpp,_expression_not_binary,call_expression
cpp,_expression_not_binary,cast_expression
cpp,_expression_not_binary,char_literal
cpp,_expression_not_binary,co_await_expression
cpp,_expression_not_binary,compound_literal_expression
cpp,_expression_not_binary,conditional_expression
cpp,_expression_not_binary,delete_expression
cpp,_expression_not_binary,extension_expression
cpp,_expression_not_binary,false
cpp,_expression_not_binary,field_expression
cpp,_expression_not_binary,fold_expression
cpp,_expression_not_binary,generic_expression
cpp,_expression_not_binary,gnu_asm_expression
cpp,_expression_not_binary,identifier
cpp,_expression_not_binary,lambda_expression
cpp,_expression_not_binary,new_expression
cpp,_expression_not_binary,null
cpp,_expression_not_binary,number_literal
cpp,_expression_not_binary,offsetof_expression
cpp,_expression_not_binary,parameter_pack_expansion
cpp,_expression_not_binary,parenthesized_expression
cpp,_expression_not_binary,pointer_expression
cpp,_expression_not_binary,qualified_identifier
cpp,_expression_not_binary,reflect_expression
cpp,_expression_not_binary,requires_clause
cpp,_expression_not_binary,requires_expression
cpp,_expression_not_binary,sizeof_expression
cpp,_expression_not_binary,splice_expression
cpp,_expression_not_binary,subscript_expression
cpp,_expression_not_binary,template_function
cpp,_expression_not_binary,this
cpp,_expression_not_binary,true
cpp,_expression_not_binary,unary_expression
cpp,_expression_not_binary,update_expression
cpp,_expression_not_binary,user_defined_literal
cpp,_string,concatenated_string
cpp,_string,raw_string_literal
cpp,_string,string_literal
cpp,comma_expression,comma_expression
cpp,comma_expression,expression
cpp,conditional_expression,comma_expression
cpp,conditional_expression,expression
cpp,_assignment_left_expression,call_expression
cpp,_assignment_left_expression,field_expression
cpp,_assignment_left_expression,identifier
cpp,_assignment_left_expression,parenthesized_expression
cpp,_assignment_left_expression,pointer_expression
cpp,_assignment_left_expression,qualified_identifier
cpp,_assignment_left_expression,subscript_expression
cpp,_assignment_left_expression,user_defined_literal
cpp,assignment_expression,_assignment_left_expression
cpp,assignment_expression,expression
cpp,assignment_expression,initializer_list
cpp,pointer_expression,expression
cpp,unary_expression,expression
cpp,binary_expression,expression
cpp,update_expression,expression
cpp,cast_expression,expression
cpp,cast_expression,type_descriptor
cpp,type_descriptor,_abstract_declarator
cpp,type_descriptor,type_qualifier
cpp,type_descriptor,type_specifier
cpp,sizeof_expression,expression
cpp,sizeof_expression,identifier
cpp,sizeof_expression,type_descriptor
cpp,alignof_expression,type_descriptor
cpp,offsetof_expression,_field_identifier
cpp,offsetof_expression,type_descriptor
cpp,generic_expression,expression
cpp,generic_expression,type_descriptor
cpp,subscript_expression,expression
cpp,subscript_expression,subscript_argument_list
cpp,call_expression,argument_list
cpp,call_expression,expression
cpp,call_expression,primitive_type
cpp,call_expression,splice_type_specifier
cpp,gnu_asm_expression,_string
cpp,gnu_asm_expression,gnu_asm_clobber_list
cpp,gnu_asm_expression,gnu_asm_goto_list
cpp,gnu_asm_expression,gnu_asm_input_operand_list
cpp,gnu_asm_expression,gnu_asm_output_operand_list
cpp,gnu_asm_expression,gnu_asm_qualifier
cpp,gnu_asm_output_operand_list,gnu_asm_output_operand
cpp,gnu_asm_output_operand,expression
cpp,gnu_asm_output_operand,identifier
cpp,gnu_asm_output_operand,string_literal
cpp,gnu_asm_input_operand_list,gnu_asm_input_operand
cpp,gnu_asm_input_operand,expression
cpp,gnu_asm_input_operand,identifier
cpp,gnu_asm_input_operand,string_literal
cpp,gnu_asm_clobber_list,_string
cpp,gnu_asm_goto_list,identifier
cpp,extension_expression,expression
cpp,argument_list,compound_statement
cpp,argument_list,expression
cpp,argument_list,initializer_list
cpp,field_expression,_field_identifier
cpp,field_expression,dependent_field_identifier
cpp,field_expression,destructor_name
cpp,field_expression,expression
cpp,field_expression,operator_name
cpp,field_expression,qualified_field_identifier
cpp,field_expression,splice_expression
cpp,field_expression,template_method
cpp,compound_literal_expression,_class_name
cpp,compound_literal_expression,initializer_list
cpp,compound_literal_expression,primitive_type
cpp,compound_literal_expression,splice_type_specifier
cpp,compound_literal_expression,type_descriptor
cpp,parenthesized_expression,_assignment_expression_lhs
cpp,parenthesized_expression,comma_expression
cpp,parenthesized_expression,compound_statement
cpp,parenthesized_expression,expression
cpp,initializer_list,expression
cpp,initializer_list,initializer_list
cpp,initializer_list,initializer_pair
cpp,initializer_pair,_field_identifier
cpp,initializer_pair,expression
cpp,initializer_pair,field_designator
cpp,initializer_pair,initializer_list
cpp,initializer_pair,subscript_designator
cpp,initializer_pair,subscript_range_designator
cpp,subscript_designator,expression
cpp,subscript_range_designator,expression
cpp,field_designator,_field_identifier
cpp,char_literal,escape_sequence
cpp,concatenated_string,identifier
cpp,concatenated_string,raw_string_literal
cpp,concatenated_string,string_literal
cpp,string_literal,escape_sequence
cpp,_type_identifier,identifier
cpp,_field_identifier,identifier
cpp,_statement_identifier,identifier
cpp,_empty_declaration,type_specifier
cpp,macro_type_specifier,identifier
cpp,macro_type_specifier,type_descriptor
cpp,preproc_if_in_block,_block_item
cpp,preproc_if_in_block,_preproc_expression
cpp,preproc_if_in_block,preproc_elif_in_block
cpp,preproc_if_in_block,preproc_elifdef_in_block
cpp,preproc_if_in_block,preproc_else_in_block
cpp,preproc_ifdef_in_block,_block_item
cpp,preproc_ifdef_in_block,identifier
cpp,preproc_ifdef_in_block,preproc_elif_in_block
cpp,preproc_ifdef_in_block,preproc_elifdef_in_block
cpp,preproc_ifdef_in_block,preproc_else_in_block
cpp,preproc_else_in_block,_block_item
cpp,preproc_elif_in_block,_block_item
cpp,preproc_elif_in_block,_preproc_expression
cpp,preproc_elif_in_block,preproc_elif_in_block
cpp,preproc_elif_in_block,preproc_elifdef_in_block
cpp,preproc_elif_in_block,preproc_else_in_block
cpp,preproc_elifdef_in_block,_block_item
cpp,preproc_elifdef_in_block,identifier
cpp,preproc_elifdef_in_block,preproc_elif_in_block
cpp,preproc_elifdef_in_block,preproc_elifdef_in_block
cpp,preproc_elifdef_in_block,preproc_else_in_block
cpp,placeholder_type_specifier,_type_identifier
cpp,placeholder_type_specifier,auto
cpp,placeholder_type_specifier,decltype_auto
cpp,placeholder_type_specifier,qualified_type_identifier
cpp,placeholder_type_specifier,template_type
cpp,decltype_auto,auto
cpp,decltype,expression
cpp,annotation,expression
cpp,_class_declaration,_class_declaration_item
cpp,_class_declaration,alignas_qualifier
cpp,_class_declaration,attribute_declaration
cpp,_class_declaration,attribute_specifier
cpp,_class_declaration,ms_declspec_modifier
cpp,_class_declaration_item,_class_name
cpp,_class_declaration_item,attribute_specifier
cpp,_class_declaration_item,base_class_clause
cpp,_class_declaration_item,field_declaration_list
cpp,_class_declaration_item,virtual_specifier
cpp,class_specifier,_class_declaration
cpp,_class_name,_type_identifier
cpp,_class_name,qualified_type_identifier
cpp,_class_name,splice_type_specifier
cpp,_class_name,template_type
cpp,explicit_function_specifier,expression
cpp,base_class_clause,_class_name
cpp,base_class_clause,access_specifier
cpp,base_class_clause,attribute_declaration
cpp,_enum_base_clause,_type_identifier
cpp,_enum_base_clause,primitive_type
cpp,_enum_base_clause,qualified_type_identifier
cpp,_enum_base_clause,sized_type_specifier
cpp,dependent_type,type_specifier
cpp,module_name,identifier
cpp,module_partition,module_name
cpp,module_declaration,attribute_declaration
cpp,module_declaration,module_name
cpp,module_declaration,module_partition
cpp,export_declaration,_block_item
cpp,export_declaration,declaration_list
cpp,import_declaration,attribute_declaration
cpp,import_declaration,module_name
cpp,import_declaration,module_partition
cpp,import_declaration,string_literal
cpp,import_declaration,system_lib_string
cpp,template_declaration,_empty_declaration
cpp,template_declaration,alias_declaration
cpp,template_declaration,concept_definition
cpp,template_declaration,constructor_or_destructor_declaration
cpp,template_declaration,constructor_or_destructor_definition
cpp,template_declaration,declaration
cpp,template_declaration,friend_declaration
cpp,template_declaration,function_definition
cpp,template_declaration,operator_cast_declaration
cpp,template_declaration,operator_cast_definition
cpp,template_declaration,requires_clause
cpp,template_declaration,template_declaration
cpp,template_declaration,template_parameter_list
cpp,template_instantiation,_declaration_specifiers
cpp,template_instantiation,_declarator
cpp,template_parameter_list,optional_parameter_declaration
cpp,template_parameter_list,optional_type_parameter_declaration
cpp,template_parameter_list,parameter_declaration
cpp,template_parameter_list,template_template_parameter_declaration
cpp,template_parameter_list,type_parameter_declaration
cpp,template_parameter_list,variadic_parameter_declaration
cpp,template_parameter_list,variadic_type_parameter_declaration
cpp,type_parameter_declaration,_type_identifier
cpp,variadic_type_parameter_declaration,_type_identifier
cpp,optional_type_parameter_declaration,_type_identifier
cpp,optional_type_parameter_declaration,type_specifier
cpp,template_template_parameter_declaration,optional_type_parameter_declaration
cpp,template_template_parameter_declaration,template_parameter_list
cpp,template_template_parameter_declaration,type_parameter_declaration
cpp,template_template_parameter_declaration,variadic_type_parameter_declaration
cpp,explicit_object_parameter_declaration,parameter_declaration
cpp,explicit_object_parameter_declaration,this
cpp,optional_parameter_declaration,_declaration_specifiers
cpp,optional_parameter_declaration,_declarator
cpp,optional_parameter_declaration,abstract_reference_declarator
cpp,optional_parameter_declaration,expression
cpp,variadic_parameter_declaration,_declaration_specifiers
cpp,variadic_parameter_declaration,variadic_declarator
cpp,variadic_parameter_declaration,variadic_reference_declarator
cpp,variadic_declarator,identifier
cpp,variadic_reference_declarator,variadic_declarator
cpp,operator_cast,_abstract_declarator
cpp,operator_cast,_declaration_specifiers
cpp,field_initializer_list,field_initializer
cpp,field_initializer,_field_identifier
cpp,field_initializer,argument_list
cpp,field_initializer,initializer_list
cpp,field_initializer,qualified_field_identifier
cpp,field_initializer,template_method
cpp,inline_method_definition,_declaration_specifiers
cpp,inline_method_definition,_field_declarator
cpp,inline_method_definition,compound_statement
cpp,inline_method_definition,default_method_clause
cpp,inline_method_definition,delete_method_clause
cpp,inline_method_definition,pure_virtual_clause
cpp,inline_method_definition,try_statement
cpp,_constructor_specifiers,_declaration_modifiers
cpp,_constructor_specifiers,explicit_function_specifier
cpp,operator_cast_definition,_constructor_specifiers
cpp,operator_cast_definition,compound_statement
cpp,operator_cast_definition,operator_cast
cpp,operator_cast_definition,qualified_operator_cast_identifier
cpp,operator_cast_definition,try_statement
cpp,operator_cast_declaration,_constructor_specifiers
cpp,operator_cast_declaration,expression
cpp,operator_cast_declaration,operator_cast
cpp,operator_cast_declaration,qualified_operator_cast_identifier
cpp,constructor_try_statement,catch_clause
cpp,constructor_try_statement,compound_statement
cpp,constructor_try_statement,field_initializer_list
cpp,constructor_or_destructor_definition,_constructor_specifiers
cpp,constructor_or_destructor_definition,compound_statement
cpp,constructor_or_destructor_definition,constructor_try_statement
cpp,constructor_or_destructor_definition,default_method_clause
cpp,constructor_or_destructor_definition,delete_method_clause
cpp,constructor_or_destructor_definition,field_initializer_list
cpp,constructor_or_destructor_definition,function_declarator
cpp,constructor_or_destructor_definition,pure_virtual_clause
cpp,constructor_or_destructor_declaration,_constructor_specifiers
cpp,constructor_or_destructor_declaration,function_declarator
cpp,friend_declaration,_class_name
cpp,friend_declaration,declaration
cpp,friend_declaration,function_definition
cpp,reference_declarator,_declarator
cpp,reference_field_declarator,_field_declarator
cpp,reference_type_declarator,_type_declarator
cpp,abstract_reference_declarator,_abstract_declarator
cpp,structured_binding_declarator,identifier
cpp,_function_declarator_seq,_function_attributes_end
cpp,_function_declarator_seq,_function_attributes_start
cpp,_function_declarator_seq,_function_exception_specification
cpp,_function_declarator_seq,_function_postfix
cpp,_function_declarator_seq,parameter_list
cpp,_function_declarator_seq,ref_qualifier
cpp,_function_declarator_seq,trailing_return_type
cpp,_function_attributes_start,attribute_specifier
cpp,_function_attributes_start,type_qualifier
cpp,_function_exception_specification,noexcept
cpp,_function_exception_specification,throw_specifier
cpp,_function_attributes_end,attribute_declaration
cpp,_function_attributes_end,attribute_specifier
cpp,_function_attributes_end,gnu_asm_expression
cpp,_function_postfix,requires_clause
cpp,_function_postfix,virtual_specifier
cpp,trailing_return_type,type_descriptor
cpp,noexcept,expression
cpp,throw_specifier,type_descriptor
cpp,template_type,_type_identifier
cpp,template_type,template_argument_list
cpp,template_method,_field_identifier
cpp,template_method,operator_name
cpp,template_method,template_argument_list
cpp,template_function,identifier
cpp,template_function,template_argument_list
cpp,template_argument_list,expression
cpp,template_argument_list,type_descriptor
cpp,template_argument_list,type_parameter_pack_expansion
cpp,namespace_definition,_namespace_identifier
cpp,namespace_definition,attribute_declaration
cpp,namespace_definition,declaration_list
cpp,namespace_definition,nested_namespace_specifier
cpp,namespace_alias_definition,_namespace_identifier
cpp,namespace_alias_definition,nested_namespace_specifier
cpp,namespace_alias_definition,splice_specifier
cpp,_namespace_specifier,_namespace_identifier
cpp,nested_namespace_specifier,_namespace_specifier
cpp,nested_namespace_specifier,nested_namespace_specifier
cpp,using_declaration,attribute_declaration
cpp,using_declaration,identifier
cpp,using_declaration,qualified_identifier
cpp,using_declaration,splice_type_specifier
cpp,alias_declaration,_type_identifier
cpp,alias_declaration,attribute_declaration
cpp,alias_declaration,type_descriptor
cpp,static_assert_declaration,_string
cpp,static_assert_declaration,expression
cpp,consteval_block_declaration,compound_statement
cpp,concept_definition,expression
cpp,concept_definition,identifier
cpp,for_range_loop,_for_range_loop_body
cpp,for_range_loop,statement
cpp,_for_range_loop_body,_declaration_specifiers
cpp,_for_range_loop_body,_declarator
cpp,_for_range_loop_body,expression
cpp,_for_range_loop_body,init_statement
cpp,_for_range_loop_body,initializer_list
cpp,init_statement,alias_declaration
cpp,init_statement,declaration
cpp,init_statement,expression_statement
cpp,init_statement,type_definition
cpp,condition_clause,comma_expression
cpp,condition_clause,condition_declaration
cpp,condition_clause,expression
cpp,condition_clause,init_statement
cpp,condition_declaration,_declaration_specifiers
cpp,condition_declaration,_declarator
cpp,condition_declaration,expression
cpp,condition_declaration,initializer_list
cpp,co_return_statement,expression
cpp,co_yield_statement,expression
cpp,throw_statement,expression
cpp,try_statement,catch_clause
cpp,try_statement,compound_statement
cpp,catch_clause,compound_statement
cpp,catch_clause,parameter_list
cpp,raw_string_literal,raw_string_content
cpp,raw_string_literal,raw_string_delimiter
cpp,subscript_argument_list,expression
cpp,subscript_argument_list,initializer_list
cpp,co_await_expression,expression
cpp,new_expression,argument_list
cpp,new_expression,initializer_list
cpp,new_expression,new_declarator
cpp,new_expression,type_specifier
cpp,new_declarator,expression
cpp,new_declarator,new_declarator
cpp,delete_expression,expression
cpp,type_requirement,_class_name
cpp,compound_requirement,expression
cpp,compound_requirement,trailing_return_type
cpp,_requirement,compound_requirement
cpp,_requirement,expression_statement
cpp,_requirement,type_requirement
cpp,requirement_seq,_requirement
cpp,constraint_conjunction,_requirement_clause_constraint
cpp,constraint_disjunction,_requirement_clause_constraint
cpp,_requirement_clause_constraint,_class_name
cpp,_requirement_clause_constraint,constraint_conjunction
cpp,_requirement_clause_constraint,constraint_disjunction
cpp,_requirement_clause_constraint,expression
cpp,_requirement_clause_constraint,false
cpp,_requirement_clause_constraint,fold_expression
cpp,_requirement_clause_constraint,lambda_expression
cpp,_requirement_clause_constraint,requires_expression
cpp,_requirement_clause_constraint,true
cpp,requires_clause,_requirement_clause_constraint
cpp,requires_parameter_list,optional_parameter_declaration
cpp,requires_parameter_list,parameter_declaration
cpp,requires_parameter_list,variadic_parameter_declaration
cpp,requires_expression,requirement_seq
cpp,requires_expression,requires_parameter_list
cpp,lambda_declarator,_function_exception_specification
cpp,lambda_declarator,attribute_declaration
cpp,lambda_declarator,lambda_specifier
cpp,lambda_declarator,parameter_list
cpp,lambda_declarator,requires_clause
cpp,lambda_declarator,trailing_return_type
cpp,lambda_expression,compound_statement
cpp,lambda_expression,lambda_capture_specifier
cpp,lambda_expression,lambda_declarator
cpp,lambda_expression,requires_clause
cpp,lambda_expression,template_parameter_list
cpp,lambda_capture_specifier,_lambda_capture
cpp,lambda_capture_specifier,lambda_default_capture
cpp,_lambda_capture_identifier,identifier
cpp,_lambda_capture_identifier,identifier_parameter_pack_expansion
cpp,_lambda_capture_identifier,qualified_identifier
cpp,lambda_capture_initializer,expression
cpp,lambda_capture_initializer,identifier
cpp,_lambda_capture,_lambda_capture_identifier
cpp,_lambda_capture,lambda_capture_initializer
cpp,_lambda_capture,this
cpp,_unary_left_fold,_fold_operator
cpp,_unary_left_fold,expression
cpp,_unary_right_fold,_fold_operator
cpp,_unary_right_fold,expression
cpp,_binary_fold,_binary_fold_operator
cpp,_binary_fold,expression
cpp,fold_expression,_binary_fold
cpp,fold_expression,_unary_left_fold
cpp,fold_expression,_unary_right_fold
cpp,parameter_pack_expansion,expression
cpp,type_parameter_pack_expansion,type_descriptor
cpp,identifier_parameter_pack_expansion,identifier
cpp,destructor_name,identifier
cpp,dependent_identifier,template_function
cpp,dependent_field_identifier,template_method
cpp,dependent_type_identifier,template_type
cpp,_scope_resolution,_namespace_identifier
cpp,_scope_resolution,decltype
cpp,_scope_resolution,dependent_type_identifier
cpp,_scope_resolution,splice_expression
cpp,_scope_resolution,splice_type_specifier
cpp,_scope_resolution,template_type
cpp,qualified_field_identifier,_field_identifier
cpp,qualified_field_identifier,_scope_resolution
cpp,qualified_field_identifier,dependent_field_identifier
cpp,qualified_field_identifier,qualified_field_identifier
cpp,qualified_field_identifier,template_method
cpp,qualified_identifier,_scope_resolution
cpp,qualified_identifier,dependent_identifier
cpp,qualified_identifier,destructor_name
cpp,qualified_identifier,identifier
cpp,qualified_identifier,operator_name
cpp,qualified_identifier,pointer_type_declarator
cpp,qualified_identifier,qualified_identifier
cpp,qualified_identifier,template_function
cpp,qualified_type_identifier,_scope_resolution
cpp,qualified_type_identifier,_type_identifier
cpp,qualified_type_identifier,dependent_type_identifier
cpp,qualified_type_identifier,qualified_type_identifier
cpp,qualified_type_identifier,template_type
cpp,qualified_operator_cast_identifier,_scope_resolution
cpp,qualified_operator_cast_identifier,operator_cast
cpp,qualified_operator_cast_identifier,qualified_operator_cast_identifier
cpp,_assignment_expression_lhs,expression
cpp,_assignment_expression_lhs,initializer_list
cpp,reflect_expression,expression
cpp,reflect_expression,type_descriptor
cpp,splice_specifier,expression
cpp,_splice_specialization_specifier,splice_specifier
cpp,_splice_specialization_specifier,template_argument_list
cpp,splice_type_specifier,_splice_specialization_specifier
cpp,splice_type_specifier,splice_specifier
cpp,splice_expression,_splice_specialization_specifier
cpp,splice_expression,splice_specifier
cpp,expansion_statement,_for_range_loop_body
cpp,expansion_statement,statement
cpp,operator_name,identifier
cpp,user_defined_literal,_string
cpp,user_defined_literal,char_literal
cpp,user_defined_literal,literal_suffix
cpp,user_defined_literal,number_literal
cpp,_namespace_identifier,identifier
c,translation_unit,_top_level_item
c,_top_level_item,_empty_declaration
c,_top_level_item,_old_style_function_definition
c,_top_level_item,_top_level_statement
c,_top_level_item,attributed_statement
c,_top_level_item,declaration
c,_top_level_item,function_definition
c,_top_level_item,linkage_specification
c,_top_level_item,preproc_call
c,_top_level_item,preproc_def
c,_top_level_item,preproc_function_def
c,_top_level_item,preproc_if
c,_top_level_item,preproc_ifdef
c,_top_level_item,preproc_include
c,_top_level_item,type_definition
c,_block_item,_empty_declaration
c,_block_item,_old_style_function_definition
c,_block_item,attributed_statement
c,_block_item,declaration
c,_block_item,function_definition
c,_block_item,linkage_specification
c,_block_item,preproc_call
c,_block_item,preproc_def
c,_block_item,preproc_function_def
c,_block_item,preproc_if
c,_block_item,preproc_ifdef
c,_block_item,preproc_include
c,_block_item,statement
c,_block_item,type_definition
c,preproc_include,identifier
c,preproc_include,preproc_call_expression
c,preproc_include,string_literal
c,preproc_include,system_lib_string
c,preproc_def,identifier
c,preproc_def,preproc_arg
c,preproc_function_def,identifier
c,preproc_function_def,preproc_arg
c,preproc_function_def,preproc_params
c,preproc_params,identifier
c,preproc_call,preproc_arg
c,preproc_call,preproc_directive
c,preproc_if,_block_item
c,preproc_if,_preproc_expression
c,preproc_if,preproc_elif
c,preproc_if,preproc_elifdef
c,preproc_if,preproc_else
c,preproc_ifdef,_block_item
c,preproc_ifdef,identifier
c,preproc_ifdef,preproc_elif
c,preproc_ifdef,preproc_elifdef
c,preproc_ifdef,preproc_else
c,preproc_else,_block_item
c,preproc_elif,_block_item
c,preproc_elif,_preproc_expression
c,preproc_elif,preproc_elif
c,preproc_elif,preproc_elifdef
c,preproc_elif,preproc_else
c,preproc_elifdef,_block_item
c,preproc_elifdef,identifier
c,preproc_elifdef,preproc_elif
c,preproc_elifdef,preproc_elifdef
c,preproc_elifdef,preproc_else
c,preproc_if_in_field_declaration_list,_field_declaration_list_item
c,preproc_if_in_field_declaration_list,_preproc_expression
c,preproc_if_in_field_declaration_list,preproc_elif_in_field_declaration_list
c,preproc_if_in_field_declaration_list,preproc_elifdef_in_field_declaration_list
c,preproc_if_in_field_declaration_list,preproc_else_in_field_declaration_list
c,preproc_ifdef_in_field_declaration_list,_field_declaration_list_item
c,preproc_ifdef_in_field_declaration_list,identifier
c,preproc_ifdef_in_field_declaration_list,preproc_elif_in_field_declaration_list
c,preproc_ifdef_in_field_declaration_list,preproc_elifdef_in_field_declaration_list
c,preproc_ifdef_in_field_declaration_list,preproc_else_in_field_declaration_list
c,preproc_else_in_field_declaration_list,_field_declaration_list_item
c,preproc_elif_in_field_declaration_list,_field_declaration_list_item
c,preproc_elif_in_field_declaration_list,_preproc_expression
c,preproc_elif_in_field_declaration_list,preproc_elif_in_field_declaration_list
c,preproc_elif_in_field_declaration_list,preproc_elifdef_in_field_declaration_list
c,preproc_elif_in_field_declaration_list,preproc_else_in_field_declaration_list
c,preproc_elifdef_in_field_declaration_list,_field_declaration_list_item
c,preproc_elifdef_in_field_declaration_list,identifier
c,preproc_elifdef_in_field_declaration_list,preproc_elif_in_field_declaration_list
c,preproc_elifdef_in_field_declaration_list,preproc_elifdef_in_field_declaration_list
c,preproc_elifdef_in_field_declaration_list,preproc_else_in_field_declaration_list
c,preproc_if_in_enumerator_list,_preproc_expression
c,preproc_if_in_enumerator_list,enumerator
c,preproc_if_in_enumerator_list,preproc_elif_in_enumerator_list
c,preproc_if_in_enumerator_list,preproc_elifdef_in_enumerator_list
c,preproc_if_in_enumerator_list,preproc_else_in_enumerator_list
c,preproc_ifdef_in_enumerator_list,enumerator
c,preproc_ifdef_in_enumerator_list,identifier
c,preproc_ifdef_in_enumerator_list,preproc_elif_in_enumerator_list
c,preproc_ifdef_in_enumerator_list,preproc_elifdef_in_enumerator_list
c,preproc_ifdef_in_enumerator_list,preproc_else_in_enumerator_list
c,preproc_else_in_enumerator_list,enumerator
c,preproc_elif_in_enumerator_list,_preproc_expression
c,preproc_elif_in_enumerator_list,enumerator
c,preproc_elif_in_enumerator_list,preproc_elif_in_enumerator_list
c,preproc_elif_in_enumerator_list,preproc_elifdef_in_enumerator_list
c,preproc_elif_in_enumerator_list,preproc_else_in_enumerator_list
c,preproc_elifdef_in_enumerator_list,enumerator
c,preproc_elifdef_in_enumerator_list,identifier
c,preproc_elifdef_in_enumerator_list,preproc_elif_in_enumerator_list
c,preproc_elifdef_in_enumerator_list,preproc_elifdef_in_enumerator_list
c,preproc_elifdef_in_enumerator_list,preproc_else_in_enumerator_list
c,preproc_if_in_enumerator_list_no_comma,_preproc_expression
c,preproc_if_in_enumerator_list_no_comma,enumerator
c,preproc_if_in_enumerator_list_no_comma,preproc_elif_in_enumerator_list_no_comma
c,preproc_if_in_enumerator_list_no_comma,preproc_elifdef_in_enumerator_list_no_comma
c,preproc_if_in_enumerator_list_no_comma,preproc_else_in_enumerator_list_no_comma
c,preproc_ifdef_in_enumerator_list_no_comma,enumerator
c,preproc_ifdef_in_enumerator_list_no_comma,identifier
c,preproc_ifdef_in_enumerator_list_no_comma,preproc_elif_in_enumerator_list_no_comma
c,preproc_ifdef_in_enumerator_list_no_comma,preproc_elifdef_in_enumerator_list_no_comma
c,preproc_ifdef_in_enumerator_list_no_comma,preproc_else_in_enumerator_list_no_comma
c,preproc_else_in_enumerator_list_no_comma,enumerator
c,preproc_elif_in_enumerator_list_no_comma,_preproc_expression
c,preproc_elif_in_enumerator_list_no_comma,enumerator
c,preproc_elif_in_enumerator_list_no_comma,preproc_elif_in_enumerator_list_no_comma
c,preproc_elif_in_enumerator_list_no_comma,preproc_elifdef_in_enumerator_list_no_comma
c,preproc_elif_in_enumerator_list_no_comma,preproc_else_in_enumerator_list_no_comma
c,preproc_elifdef_in_enumerator_list_no_comma,enumerator
c,preproc_elifdef_in_enumerator_list_no_comma,identifier
c,preproc_elifdef_in_enumerator_list_no_comma,preproc_elif_in_enumerator_list_no_comma
c,preproc_elifdef_in_enumerator_list_no_comma,preproc_elifdef_in_enumerator_list_no_comma
c,preproc_elifdef_in_enumerator_list_no_comma,preproc_else_in_enumerator_list_no_comma
c,_preproc_expression,char_literal
c,_preproc_expression,identifier
c,_preproc_expression,number_literal
c,_preproc_expression,preproc_binary_expression
c,_preproc_expression,preproc_call_expression
c,_preproc_expression,preproc_defined
c,_preproc_expression,preproc_parenthesized_expression
c,_preproc_expression,preproc_unary_expression
c,preproc_parenthesized_expression,_preproc_expression
c,preproc_defined,identifier
c,preproc_unary_expression,_preproc_expression
c,preproc_call_expression,identifier
c,preproc_call_expression,preproc_argument_list
c,preproc_argument_list,_preproc_expression
c,preproc_binary_expression,_preproc_expression
c,function_definition,_declaration_specifiers
c,function_definition,_declarator
c,function_definition,compound_statement
c,function_definition,ms_call_modifier
c,_old_style_function_definition,_declaration_specifiers
c,_old_style_function_definition,_old_style_function_declarator
c,_old_style_function_definition,compound_statement
c,_old_style_function_definition,declaration
c,_old_style_function_definition,ms_call_modifier
c,declaration,_declaration_declarator
c,declaration,_declaration_specifiers
c,declaration,gnu_asm_expression
c,declaration,init_declarator
c,declaration,ms_call_modifier
c,type_definition,_type_definition_declarators
c,type_definition,_type_definition_type
c,type_definition,attribute_specifier
c,_type_definition_type,type_qualifier
c,_type_definition_type,type_specifier
c,_type_definition_declarators,_type_declarator
c,_declaration_modifiers,attribute_declaration
c,_declaration_modifiers,attribute_specifier
c,_declaration_modifiers,ms_declspec_modifier
c,_declaration_modifiers,storage_class_specifier
c,_declaration_modifiers,type_qualifier
c,_declaration_specifiers,_declaration_modifiers
c,_declaration_specifiers,type_specifier
c,linkage_specification,declaration
c,linkage_specification,declaration_list
c,linkage_specification,function_definition
c,linkage_specification,string_literal
c,attribute_specifier,argument_list
c,attribute,argument_list
c,attribute,identifier
c,attribute_declaration,attribute
c,ms_declspec_modifier,identifier
c,ms_based_modifier,argument_list
c,ms_pointer_modifier,ms_restrict_modifier
c,ms_pointer_modifier,ms_signed_ptr_modifier
c,ms_pointer_modifier,ms_unaligned_ptr_modifier
c,ms_pointer_modifier,ms_unsigned_ptr_modifier
c,declaration_list,_block_item
c,_declarator,array_declarator
c,_declarator,attributed_declarator
c,_declarator,function_declarator
c,_declarator,identifier
c,_declarator,parenthesized_declarator
c,_declarator,pointer_declarator
c,_declaration_declarator,_function_declaration_declarator
c,_declaration_declarator,array_declarator
c,_declaration_declarator,attributed_declarator
c,_declaration_declarator,identifier
c,_declaration_declarator,parenthesized_declarator
c,_declaration_declarator,pointer_declarator
c,_field_declarator,_field_identifier
c,_field_declarator,array_field_declarator
c,_field_declarator,attributed_field_declarator
c,_field_declarator,function_field_declarator
c,_field_declarator,parenthesized_field_declarator
c,_field_declarator,pointer_field_declarator
c,_type_declarator,_type_identifier
c,_type_declarator,array_type_declarator
c,_type_declarator,attributed_type_declarator
c,_type_declarator,function_type_declarator
c,_type_declarator,parenthesized_type_declarator
c,_type_declarator,pointer_type_declarator
c,_type_declarator,primitive_type
c,_abstract_declarator,abstract_array_declarator
c,_abstract_declarator,abstract_function_declarator
c,_abstract_declarator,abstract_parenthesized_declarator
c,_abstract_declarator,abstract_pointer_declarator
c,parenthesized_declarator,_declarator
c,parenthesized_declarator,ms_call_modifier
c,parenthesized_field_declarator,_field_declarator
c,parenthesized_field_declarator,ms_call_modifier
c,parenthesized_type_declarator,_type_declarator
c,parenthesized_type_declarator,ms_call_modifier
c,abstract_parenthesized_declarator,_abstract_declarator
c,abstract_parenthesized_declarator,ms_call_modifier
c,attributed_declarator,_declarator
c,attributed_declarator,attribute_declaration
c,attributed_field_declarator,_field_declarator
c,attributed_field_declarator,attribute_declaration
c,attributed_type_declarator,_type_declarator
c,attributed_type_declarator,attribute_declaration
c,pointer_declarator,_declarator
c,pointer_declarator,ms_based_modifier
c,pointer_declarator,ms_pointer_modifier
c,pointer_declarator,type_qualifier
c,pointer_field_declarator,_field_declarator
c,pointer_field_declarator,ms_based_modifier
c,pointer_field_declarator,ms_pointer_modifier
c,pointer_field_declarator,type_qualifier
c,pointer_type_declarator,_type_declarator
c,pointer_type_declarator,ms_based_modifier
c,pointer_type_declarator,ms_pointer_modifier
c,pointer_type_declarator,type_qualifier
c,abstract_pointer_declarator,_abstract_declarator
c,abstract_pointer_declarator,ms_pointer_modifier
c,abstract_pointer_declarator,type_qualifier
c,function_declarator,_declarator
c,function_declarator,attribute_specifier
c,function_declarator,gnu_asm_expression
c,function_declarator,identifier
c,function_declarator,parameter_list
c,function_declarator,preproc_call_expression
c,_function_declaration_declarator,_declarator
c,_function_declaration_declarator,attribute_specifier
c,_function_declaration_declarator,gnu_asm_expression
c,_function_declaration_declarator,parameter_list
c,function_field_declarator,_field_declarator
c,function_field_declarator,parameter_list
c,function_type_declarator,_type_declarator
c,function_type_declarator,parameter_list
c,abstract_function_declarator,_abstract_declarator
c,abstract_function_declarator,parameter_list
c,_old_style_function_declarator,_declarator
c,_old_style_function_declarator,_old_style_parameter_list
c,array_declarator,_declarator
c,array_declarator,expression
c,array_declarator,type_qualifier
c,array_field_declarator,_field_declarator
c,array_field_declarator,expression
c,array_field_declarator,type_qualifier
c,array_type_declarator,_type_declarator
c,array_type_declarator,expression
c,array_type_declarator,type_qualifier
c,abstract_array_declarator,_abstract_declarator
c,abstract_array_declarator,expression
c,abstract_array_declarator,type_qualifier
c,init_declarator,_declarator
c,init_declarator,expression
c,init_declarator,initializer_list
c,compound_statement,_block_item
c,type_qualifier,alignas_qualifier
c,alignas_qualifier,expression
c,alignas_qualifier,type_descriptor
c,type_specifier,_type_identifier
c,type_specifier,enum_specifier
c,type_specifier,macro_type_specifier
c,type_specifier,primitive_type
c,type_specifier,sized_type_specifier
c,type_specifier,struct_specifier
c,type_specifier,union_specifier
c,sized_type_specifier,_type_identifier
c,sized_type_specifier,primitive_type
c,sized_type_specifier,type_qualifier
c,enum_specifier,_type_identifier
c,enum_specifier,attribute_specifier
c,enum_specifier,enumerator_list
c,enum_specifier,primitive_type
c,enumerator_list,enumerator
c,enumerator_list,preproc_call
c,enumerator_list,preproc_if_in_enumerator_list
c,enumerator_list,preproc_if_in_enumerator_list_no_comma
c,enumerator_list,preproc_ifdef_in_enumerator_list
c,enumerator_list,preproc_ifdef_in_enumerator_list_no_comma
c,struct_specifier,_type_identifier
c,struct_specifier,attribute_specifier
c,struct_specifier,field_declaration_list
c,struct_specifier,ms_declspec_modifier
c,union_specifier,_type_identifier
c,union_specifier,attribute_specifier
c,union_specifier,field_declaration_list
c,union_specifier,ms_declspec_modifier
c,field_declaration_list,_field_declaration_list_item
c,_field_declaration_list_item,field_declaration
c,_field_declaration_list_item,preproc_call
c,_field_declaration_list_item,preproc_def
c,_field_declaration_list_item,preproc_function_def
c,_field_declaration_list_item,preproc_if_in_field_declaration_list
c,_field_declaration_list_item,preproc_ifdef_in_field_declaration_list
c,field_declaration,_declaration_specifiers
c,field_declaration,_field_declaration_declarator
c,field_declaration,attribute_specifier
c,_field_declaration_declarator,_field_declarator
c,_field_declaration_declarator,bitfield_clause
c,bitfield_clause,expression
c,enumerator,expression
c,enumerator,identifier
c,parameter_list,compound_statement
c,parameter_list,parameter_declaration
c,parameter_list,variadic_parameter
c,_old_style_parameter_list,identifier
c,_old_style_parameter_list,variadic_parameter
c,parameter_declaration,_abstract_declarator
c,parameter_declaration,_declaration_specifiers
c,parameter_declaration,_declarator
c,parameter_declaration,attribute_specifier
c,attributed_statement,attribute_declaration
c,attributed_statement,statement
c,statement,_non_case_statement
c,statement,case_statement
c,_non_case_statement,attributed_statement
c,_non_case_statement,break_statement
c,_non_case_statement,compound_statement
c,_non_case_statement,continue_statement
c,_non_case_statement,do_statement
c,_non_case_statement,expression_statement
c,_non_case_statement,for_statement
c,_non_case_statement,goto_statement
c,_non_case_statement,if_statement
c,_non_case_statement,labeled_statement
c,_non_case_statement,return_statement
c,_non_case_statement,seh_leave_statement
c,_non_case_statement,seh_try_statement
c,_non_case_statement,switch_statement
c,_non_case_statement,while_statement
c,_top_level_statement,_top_level_expression_statement
c,_top_level_statement,attributed_statement
c,_top_level_statement,break_statement
c,_top_level_statement,case_statement
c,_top_level_statement,compound_statement
c,_top_level_statement,continue_statement
c,_top_level_statement,do_statement
c,_top_level_statement,for_statement
c,_top_level_statement,goto_statement
c,_top_level_statement,if_statement
c,_top_level_statement,labeled_statement
c,_top_level_statement,return_statement
c,_top_level_statement,switch_statement
c,_top_level_statement,while_statement
c,labeled_statement,_statement_identifier
c,labeled_statement,declaration
c,labeled_statement,statement
c,_top_level_expression_statement,_expression_not_binary
c,expression_statement,comma_expression
c,expression_statement,expression
c,if_statement,else_clause
c,if_statement,parenthesized_expression
c,if_statement,statement
c,else_clause,statement
c,switch_statement,compound_statement
c,switch_statement,parenthesized_expression
c,case_statement,_non_case_statement
c,case_statement,declaration
c,case_statement,expression
c,case_statement,type_definition
c,while_statement,parenthesized_expression
c,while_statement,statement
c,do_statement,parenthesized_expression
c,do_statement,statement
c,for_statement,_for_statement_body
c,for_statement,statement
c,_for_statement_body,comma_expression
c,_for_statement_body,declaration
c,_for_statement_body,expression
c,return_statement,comma_expression
c,return_statement,expression
c,goto_statement,_statement_identifier
c,seh_try_statement,compound_statement
c,seh_try_statement,seh_except_clause
c,seh_try_statement,seh_finally_clause
c,seh_except_clause,compound_statement
c,seh_except_clause,parenthesized_expression
c,seh_finally_clause,compound_statement
c,expression,_expression_not_binary
c,expression,binary_expression
c,_expression_not_binary,_string
c,_expression_not_binary,alignof_expression
c,_expression_not_binary,assignment_expression
c,_expression_not_binary,call_expression
c,_expression_not_binary,cast_expression
c,_expression_not_binary,char_literal
c,_expression_not_binary,compound_literal_expression
c,_expression_not_binary,conditional_expression
c,_expression_not_binary,extension_expression
c,_expression_not_binary,false
c,_expression_not_binary,field_expression
c,_expression_not_binary,generic_expression
c,_expression_not_binary,gnu_asm_expression
c,_expression_not_binary,identifier
c,_expression_not_binary,null
c,_expression_not_binary,number_literal
c,_expression_not_binary,offsetof_expression
c,_expression_not_binary,parenthesized_expression
c,_expression_not_binary,pointer_expression
c,_expression_not_binary,sizeof_expression
c,_expression_not_binary,subscript_expression
c,_expression_not_binary,true
c,_expression_not_binary,unary_expression
c,_expression_not_binary,update_expression
c,_string,concatenated_string
c,_string,string_literal
c,comma_expression,comma_expression
c,comma_expression,expression
c,conditional_expression,comma_expression
c,conditional_expression,expression
c,_assignment_left_expression,call_expression
c,_assignment_left_expression,field_expression
c,_assignment_left_expression,identifier
c,_assignment_left_expression,parenthesized_expression
c,_assignment_left_expression,pointer_expression
c,_assignment_left_expression,subscript_expression
c,assignment_expression,_assignment_left_expression
c,assignment_expression,expression
c,pointer_expression,expression
c,unary_expression,expression
c,binary_expression,expression
c,update_expression,expression
c,cast_expression,expression
c,cast_expression,type_descriptor
c,type_descriptor,_abstract_declarator
c,type_descriptor,type_qualifier
c,type_descriptor,type_specifier
c,sizeof_expression,expression
c,sizeof_expression,type_descriptor
c,alignof_expression,type_descriptor
c,offsetof_expression,_field_identifier
c,offsetof_expression,type_descriptor
c,generic_expression,expression
c,generic_expression,type_descriptor
c,subscript_expression,expression
c,call_expression,argument_list
c,call_expression,expression
c,gnu_asm_expression,_string
c,gnu_asm_expression,gnu_asm_clobber_list
c,gnu_asm_expression,gnu_asm_goto_list
c,gnu_asm_expression,gnu_asm_input_operand_list
c,gnu_asm_expression,gnu_asm_output_operand_list
c,gnu_asm_expression,gnu_asm_qualifier
c,gnu_asm_output_operand_list,gnu_asm_output_operand
c,gnu_asm_output_operand,expression
c,gnu_asm_output_operand,identifier
c,gnu_asm_output_operand,string_literal
c,gnu_asm_input_operand_list,gnu_asm_input_operand
c,gnu_asm_input_operand,expression
c,gnu_asm_input_operand,identifier
c,gnu_asm_input_operand,string_literal
c,gnu_asm_clobber_list,_string
c,gnu_asm_goto_list,identifier
c,extension_expression,expression
c,argument_list,compound_statement
c,argument_list,expression
c,field_expression,_field_identifier
c,field_expression,expression
c,compound_literal_expression,initializer_list
c,compound_literal_expression,type_descriptor
c,parenthesized_expression,comma_expression
c,parenthesized_expression,compound_statement
c,parenthesized_expression,expression
c,initializer_list,expression
c,initializer_list,initializer_list
c,initializer_list,initializer_pair
c,initializer_pair,_field_identifier
c,initializer_pair,expression
c,initializer_pair,field_designator
c,initializer_pair,initializer_list
c,initializer_pair,subscript_designator
c,initializer_pair,subscript_range_designator
c,subscript_designator,expression
c,subscript_range_designator,expression
c,field_designator,_field_identifier
c,char_literal,escape_sequence
c,concatenated_string,identifier
c,concatenated_string,string_literal
c,string_literal,escape_sequence
c,_type_identifier,identifier
c,_field_identifier,identifier
c,_statement_identifier,identifier
c,_empty_declaration,type_specifier
c,macro_type_specifier,identifier
c,macro_type_specifier,type_descriptor
python,module,_statement
python,_statement,_compound_statement
python,_statement,_simple_statements
python,_simple_statements,_newline
python,_simple_statements,_simple_statement
python,_simple_statement,assert_statement
python,_simple_statement,break_statement
python,_simple_statement,continue_statement
python,_simple_statement,delete_statement
python,_simple_statement,exec_statement
python,_simple_statement,expression_statement
python,_simple_statement,future_import_statement
python,_simple_statement,global_statement
python,_simple_statement,import_from_statement
python,_simple_statement,import_statement
python,_simple_statement,nonlocal_statement
python,_simple_statement,pass_statement
python,_simple_statement,print_statement
python,_simple_statement,raise_statement
python,_simple_statement,return_statement
python,_simple_statement,type_alias_statement
python,import_statement,_import_list
python,relative_import,dotted_name
python,relative_import,import_prefix
python,future_import_statement,_import_list
python,import_from_statement,_import_list
python,import_from_statement,dotted_name
python,import_from_statement,relative_import
python,import_from_statement,wildcard_import
python,_import_list,aliased_import
python,_import_list,dotted_name
python,aliased_import,dotted_name
python,aliased_import,identifier
python,print_statement,chevron
python,print_statement,expression
python,chevron,expression
python,assert_statement,expression
python,expression_statement,assignment
python,expression_statement,augmented_assignment
python,expression_statement,expression
python,expression_statement,tuple_expression
python,expression_statement,yield
python,tuple_expression,expression
python,named_expression,_named_expression_lhs
python,named_expression,expression
python,_named_expression_lhs,identifier
python,_named_expression_lhs,keyword_identifier
python,return_statement,_expressions
python,delete_statement,_expressions
python,_expressions,expression
python,_expressions,expression_list
python,raise_statement,_expressions
python,raise_statement,expression
python,_compound_statement,class_definition
python,_compound_statement,decorated_definition
python,_compound_statement,for_statement
python,_compound_statement,function_definition
python,_compound_statement,if_statement
python,_compound_statement,match_statement
python,_compound_statement,try_statement
python,_compound_statement,while_statement
python,_compound_statement,with_statement
python,if_statement,_suite
python,if_statement,elif_clause
python,if_statement,else_clause
python,if_statement,expression
python,elif_clause,_suite
python,elif_clause,expression
python,else_clause,_suite
python,match_statement,_match_block
python,match_statement,expression
python,_match_block,_dedent
python,_match_block,_indent
python,_match_block,_newline
python,_match_block,case_clause
python,case_clause,_suite
python,case_clause,case_pattern
python,case_clause,if_clause
python,for_statement,_expressions
python,for_statement,_left_hand_side
python,for_statement,_suite
python,for_statement,else_clause
python,while_statement,_suite
python,while_statement,else_clause
python,while_statement,expression
python,try_statement,_suite
python,try_statement,else_clause
python,try_statement,except_clause
python,try_statement,finally_clause
python,except_clause,_suite
python,except_clause,expression
python,finally_clause,_suite
python,with_statement,_suite
python,with_statement,with_clause
python,with_clause,with_item
python,with_item,expression
python,function_definition,_suite
python,function_definition,identifier
python,function_definition,parameters
python,function_definition,type
python,function_definition,type_parameter
python,parameters,_parameters
python,lambda_parameters,_parameters
python,list_splat,expression
python,dictionary_splat,expression
python,global_statement,identifier
python,nonlocal_statement,identifier
python,exec_statement,expression
python,exec_statement,identifier
python,exec_statement,string
python,type_alias_statement,type
python,class_definition,_suite
python,class_definition,argument_list
python,class_definition,identifier
python,class_definition,type_parameter
python,type_parameter,type
python,parenthesized_list_splat,list_splat
python,parenthesized_list_splat,parenthesized_list_splat
python,argument_list,dictionary_splat
python,argument_list,expression
python,argument_list,keyword_argument
python,argument_list,list_splat
python,argument_list,parenthesized_list_splat
python,decorated_definition,class_definition
python,decorated_definition,decorator
python,decorated_definition,function_definition
python,decorator,_newline
python,decorator,expression
python,_suite,_indent
python,_suite,_newline
python,_suite,_simple_statements
python,_suite,block
python,block,_dedent
python,block,_statement
python,expression_list,expression
python,dotted_name,identifier
python,case_pattern,_as_pattern
python,case_pattern,_simple_pattern
python,case_pattern,keyword_pattern
python,_simple_pattern,_list_pattern
python,_simple_pattern,_tuple_pattern
python,_simple_pattern,class_pattern
python,_simple_pattern,complex_pattern
python,_simple_pattern,concatenated_string
python,_simple_pattern,dict_pattern
python,_simple_pattern,dotted_name
python,_simple_pattern,false
python,_simple_pattern,float
python,_simple_pattern,integer
python,_simple_pattern,none
python,_simple_pattern,splat_pattern
python,_simple_pattern,string
python,_simple_pattern,true
python,_simple_pattern,union_pattern
python,_as_pattern,case_pattern
python,_as_pattern,identifier
python,union_pattern,_simple_pattern
python,_list_pattern,case_pattern
python,_tuple_pattern,case_pattern
python,dict_pattern,_key_value_pattern
python,dict_pattern,splat_pattern
python,_key_value_pattern,_simple_pattern
python,_key_value_pattern,case_pattern
python,keyword_pattern,_simple_pattern
python,keyword_pattern,identifier
python,splat_pattern,identifier
python,class_pattern,case_pattern
python,class_pattern,dotted_name
python,complex_pattern,float
python,complex_pattern,integer
python,_parameters,parameter
python,_patterns,pattern
python,parameter,default_parameter
python,parameter,dictionary_splat_pattern
python,parameter,identifier
python,parameter,keyword_separator
python,parameter,list_splat_pattern
python,parameter,positional_separator
python,parameter,tuple_pattern
python,parameter,typed_default_parameter
python,parameter,typed_parameter
python,pattern,attribute
python,pattern,identifier
python,pattern,keyword_identifier
python,pattern,list_pattern
python,pattern,list_splat_pattern
python,pattern,subscript
python,pattern,tuple_pattern
python,tuple_pattern,_patterns
python,list_pattern,_patterns
python,default_parameter,expression
python,default_parameter,identifier
python,default_parameter,tuple_pattern
python,typed_default_parameter,expression
python,typed_default_parameter,identifier
python,typed_default_parameter,type
python,list_splat_pattern,attribute
python,list_splat_pattern,identifier
python,list_splat_pattern,keyword_identifier
python,list_splat_pattern,subscript
python,dictionary_splat_pattern,attribute
python,dictionary_splat_pattern,identifier
python,dictionary_splat_pattern,keyword_identifier
python,dictionary_splat_pattern,subscript
python,as_pattern,expression
python,_expression_within_for_in_clause,expression
python,_expression_within_for_in_clause,lambda_within_for_in_clause
python,expression,as_pattern
python,expression,boolean_operator
python,expression,comparison_operator
python,expression,conditional_expression
python,expression,lambda
python,expression,named_expression
python,expression,not_operator
python,expression,primary_expression
python,primary_expression,attribute
python,primary_expression,await
python,primary_expression,binary_operator
python,primary_expression,call
python,primary_expression,concatenated_string
python,primary_expression,dictionary
python,primary_expression,dictionary_comprehension
python,primary_expression,ellipsis
python,primary_expression,false
python,primary_expression,float
python,primary_expression,generator_expression
python,primary_expression,identifier
python,primary_expression,integer
python,primary_expression,keyword_identifier
python,primary_expression,list
python,primary_expression,list_comprehension
python,primary_expression,list_splat_pattern
python,primary_expression,none
python,primary_expression,parenthesized_expression
python,primary_expression,set
python,primary_expression,set_comprehension
python,primary_expression,string
python,primary_expression,subscript
python,primary_expression,true
python,primary_expression,tuple
python,primary_expression,unary_operator
python,not_operator,expression
python,boolean_operator,expression
python,binary_operator,primary_expression
python,unary_operator,primary_expression
python,comparison_operator,_is_not
python,comparison_operator,_not_in
python,comparison_operator,primary_expression
python,lambda,expression
python,lambda,lambda_parameters
python,lambda_within_for_in_clause,_expression_within_for_in_clause
python,lambda_within_for_in_clause,lambda_parameters
python,assignment,_left_hand_side
python,assignment,_right_hand_side
python,assignment,type
python,augmented_assignment,_left_hand_side
python,augmented_assignment,_right_hand_side
python,_left_hand_side,pattern
python,_left_hand_side,pattern_list
python,pattern_list,pattern
python,_right_hand_side,assignment
python,_right_hand_side,augmented_assignment
python,_right_hand_side,expression
python,_right_hand_side,expression_list
python,_right_hand_side,pattern_list
python,_right_hand_side,yield
python,yield,_expressions
python,yield,expression
python,attribute,identifier
python,attribute,primary_expression
python,subscript,expression
python,subscript,primary_expression
python,subscript,slice
python,slice,expression
python,call,argument_list
python,call,generator_expression
python,call,primary_expression
python,typed_parameter,dictionary_splat_pattern
python,typed_parameter,identifier
python,typed_parameter,list_splat_pattern
python,typed_parameter,type
python,type,constrained_type
python,type,expression
python,type,generic_type
python,type,member_type
python,type,splat_type
python,type,union_type
python,splat_type,identifier
python,generic_type,identifier
python,generic_type,type_parameter
python,union_type,type
python,constrained_type,type
python,member_type,identifier
python,member_type,type
python,keyword_argument,expression
python,keyword_argument,identifier
python,keyword_argument,keyword_identifier
python,list,_collection_elements
python,set,_collection_elements
python,tuple,_collection_elements
python,dictionary,dictionary_splat
python,dictionary,pair
python,pair,expression
python,list_comprehension,_comprehension_clauses
python,list_comprehension,expression
python,dictionary_comprehension,_comprehension_clauses
python,dictionary_comprehension,pair
python,set_comprehension,_comprehension_clauses
python,set_comprehension,expression
python,generator_expression,_comprehension_clauses
python,generator_expression,expression
python,_comprehension_clauses,for_in_clause
python,_comprehension_clauses,if_clause
python,parenthesized_expression,expression
python,parenthesized_expression,yield
python,_collection_elements,expression
python,_collection_elements,list_splat
python,_collection_elements,parenthesized_list_splat
python,_collection_elements,yield
python,for_in_clause,_expression_within_for_in_clause
python,for_in_clause,_left_hand_side
python,if_clause,expression
python,conditional_expression,expression
python,concatenated_string,string
python,string,interpolation
python,string,string_content
python,string,string_end
python,string,string_start
python,string_content,_not_escape_sequence
python,string_content,_string_content
python,string_content,escape_interpolation
python,string_content,escape_sequence
python,interpolation,_f_expression
python,interpolation,format_specifier
python,interpolation,type_conversion
python,_f_expression,expression
python,_f_expression,expression_list
python,_f_expression,pattern_list
python,_f_expression,yield
python,format_specifier,interpolation
python,await,primary_expression
zig,source_file,_container_members
zig,_container_members,comptime_declaration
zig,_container_members,container_field
zig,_container_members,function_declaration
zig,_container_members,test_declaration
zig,_container_members,using_namespace_declaration
zig,_container_members,variable_declaration
zig,test_declaration,block
zig,test_declaration,identifier
zig,test_declaration,string
zig,comptime_declaration,block
zig,container_field,_reserved_identifier
zig,container_field,builtin_type
zig,container_field,byte_alignment
zig,container_field,comptime_type_expression
zig,container_field,expression
zig,container_field,identifier
zig,container_field,if_type_expression
zig,container_field,primary_type_expression
zig,variable_declaration,_variable_declaration_header
zig,variable_declaration,expression
zig,variable_declaration,string
zig,_variable_declaration_expression_statement,_variable_declaration_header
zig,_variable_declaration_expression_statement,expression
zig,_variable_declaration_header,address_space
zig,_variable_declaration_header,byte_alignment
zig,_variable_declaration_header,comptime_type_expression
zig,_variable_declaration_header,identifier
zig,_variable_declaration_header,if_type_expression
zig,_variable_declaration_header,link_section
zig,_variable_declaration_header,type_expression
zig,function_declaration,_function_prototype
zig,function_declaration,block
zig,function_declaration,string
zig,_function_prototype,address_space
zig,_function_prototype,byte_alignment
zig,_function_prototype,calling_convention
zig,_function_prototype,comptime_type_expression
zig,_function_prototype,identifier
zig,_function_prototype,if_type_expression
zig,_function_prototype,link_section
zig,_function_prototype,parameters
zig,_function_prototype,type_expression
zig,parameters,parameter
zig,parameter,builtin_type
zig,parameter,comptime_type_expression
zig,parameter,identifier
zig,parameter,if_type_expression
zig,parameter,type_expression
zig,using_namespace_declaration,expression
zig,block,statement
zig,struct_declaration,_container_members
zig,struct_declaration,expression
zig,opaque_declaration,_container_members
zig,enum_declaration,_container_members
zig,enum_declaration,expression
zig,union_declaration,_container_members
zig,union_declaration,expression
zig,error_set_declaration,identifier
zig,statement,_variable_declaration_expression_statement
zig,statement,comptime_statement
zig,statement,defer_statement
zig,statement,errdefer_statement
zig,statement,expression_statement
zig,statement,for_statement
zig,statement,if_statement
zig,statement,labeled_statement
zig,statement,nosuspend_statement
zig,statement,suspend_statement
zig,statement,switch_expression
zig,statement,while_statement
zig,comptime_statement,_block_expr_statement
zig,comptime_statement,_variable_declaration_expression_statement
zig,nosuspend_statement,_block_expr_statement
zig,suspend_statement,_block_expr_statement
zig,defer_statement,_block_expr_statement
zig,errdefer_statement,_block_expr_statement
zig,errdefer_statement,payload
zig,_block_expr_statement,block
zig,_block_expr_statement,block_label
zig,_block_expr_statement,expression_statement
zig,block_expression,block
zig,block_expression,block_label
zig,labeled_statement,block
zig,labeled_statement,block_label
zig,labeled_statement,for_statement
zig,labeled_statement,while_statement
zig,expression_statement,expression
zig,if_statement,_conditional_body
zig,if_statement,_if_prefix
zig,_if_prefix,expression
zig,_if_prefix,payload
zig,else_clause,payload
zig,else_clause,statement
zig,for_statement,_conditional_body
zig,for_statement,_for_prefix
zig,_for_prefix,expression
zig,_for_prefix,payload
zig,while_statement,_conditional_body
zig,while_statement,_while_prefix
zig,_while_prefix,expression
zig,_while_prefix,payload
zig,_conditional_body,block_expression
zig,_conditional_body,else_clause
zig,_conditional_body,expression
zig,payload,identifier
zig,byte_alignment,expression
zig,address_space,expression
zig,link_section,expression
zig,calling_convention,expression
zig,expression,asm_expression
zig,expression,assignment_expression
zig,expression,async_expression
zig,expression,await_expression
zig,expression,binary_expression
zig,expression,block
zig,expression,break_expression
zig,expression,catch_expression
zig,expression,comptime_expression
zig,expression,continue_expression
zig,expression,for_expression
zig,expression,if_expression
zig,expression,nosuspend_expression
zig,expression,resume_expression
zig,expression,return_expression
zig,expression,try_expression
zig,expression,type_expression
zig,expression,unary_expression
zig,expression,while_expression
zig,asm_expression,asm_output
zig,asm_expression,expression
zig,asm_output,asm_input
zig,asm_output,asm_output_item
zig,asm_output_item,identifier
zig,asm_output_item,multiline_string
zig,asm_output_item,string
zig,asm_output_item,type_expression
zig,asm_input,asm_clobbers
zig,asm_input,asm_input_item
zig,asm_input_item,expression
zig,asm_input_item,identifier
zig,asm_input_item,multiline_string
zig,asm_input_item,string
zig,asm_clobbers,multiline_string
zig,asm_clobbers,string
zig,if_expression,_if_prefix
zig,if_expression,expression
zig,if_expression,payload
zig,for_expression,_for_prefix
zig,for_expression,block_label
zig,for_expression,expression
zig,while_expression,_while_prefix
zig,while_expression,block_label
zig,while_expression,expression
zig,while_expression,payload
zig,assignment_expression,expression
zig,unary_expression,expression
zig,binary_expression,expression
zig,comptime_expression,expression
zig,async_expression,expression
zig,await_expression,expression
zig,nosuspend_expression,expression
zig,continue_expression,break_label
zig,continue_expression,expression
zig,resume_expression,expression
zig,return_expression,expression
zig,break_expression,break_label
zig,break_expression,expression
zig,try_expression,expression
zig,catch_expression,expression
zig,catch_expression,payload
zig,switch_expression,block_label
zig,switch_expression,expression
zig,switch_expression,switch_case
zig,switch_case,_switch_case_exp
zig,switch_case,expression
zig,switch_case,payload
zig,_switch_case_exp,expression
zig,type_expression,anonymous_struct_initializer
zig,type_expression,error_set_declaration
zig,type_expression,labeled_type_expression
zig,type_expression,parenthesized_expression
zig,type_expression,primary_type_expression
zig,type_expression,struct_initializer
zig,primary_type_expression,_function_prototype
zig,primary_type_expression,anyframe_type
zig,primary_type_expression,array_type
zig,primary_type_expression,boolean
zig,primary_type_expression,builtin_function
zig,primary_type_expression,builtin_type
zig,primary_type_expression,call_expression
zig,primary_type_expression,character
zig,primary_type_expression,dereference_expression
zig,primary_type_expression,enum_declaration
zig,primary_type_expression,error_type
zig,primary_type_expression,error_union_type
zig,primary_type_expression,field_expression
zig,primary_type_expression,float
zig,primary_type_expression,identifier
zig,primary_type_expression,index_expression
zig,primary_type_expression,integer
zig,primary_type_expression,multiline_string
zig,primary_type_expression,null_coercion_expression
zig,primary_type_expression,nullable_type
zig,primary_type_expression,opaque_declaration
zig,primary_type_expression,pointer_type
zig,primary_type_expression,range_expression
zig,primary_type_expression,slice_type
zig,primary_type_expression,string
zig,primary_type_expression,struct_declaration
zig,primary_type_expression,switch_expression
zig,primary_type_expression,union_declaration
zig,nullable_type,comptime_type_expression
zig,nullable_type,if_type_expression
zig,nullable_type,type_expression
zig,anyframe_type,type_expression
zig,slice_type,address_space
zig,slice_type,byte_alignment
zig,slice_type,expression
zig,slice_type,type_expression
zig,pointer_type,address_space
zig,pointer_type,expression
zig,pointer_type,type_expression
zig,array_type,expression
zig,array_type,type_expression
zig,error_union_type,type_expression
zig,field_expression,expression
zig,field_expression,identifier
zig,index_expression,expression
zig,dereference_expression,expression
zig,null_coercion_expression,expression
zig,range_expression,expression
zig,call_expression,arguments
zig,call_expression,expression
zig,anonymous_struct_initializer,initializer_list
zig,struct_initializer,initializer_list
zig,struct_initializer,primary_type_expression
zig,initializer_list,expression
zig,initializer_list,field_initializer
zig,field_initializer,expression
zig,field_initializer,identifier
zig,labeled_type_expression,block
zig,labeled_type_expression,block_label
zig,comptime_type_expression,type_expression
zig,if_type_expression,_if_prefix
zig,if_type_expression,payload
zig,if_type_expression,type_expression
zig,parenthesized_expression,expression
zig,block_label,builtin_type
zig,block_label,identifier
zig,break_label,identifier
zig,arguments,expression
zig,builtin_function,arguments
zig,builtin_function,builtin_identifier
zig,string,escape_sequence
zig,character,escape_sequence
zig,error_type,identifier
zig,identifier,_identifier
zig,identifier,string
julia,source_file,_block_form
julia,source_file,_terminator
julia,block,_block_form
julia,block,_terminator
julia,_block_form,_expression
julia,_block_form,assignment
julia,_block_form,open_tuple
julia,_bracket_form,_closed_assignment
julia,_bracket_form,_expression
julia,open_tuple,_expression
julia,assignment,_block_form
julia,assignment,_operation
julia,assignment,_primary_expression
julia,assignment,open_tuple
julia,assignment,operator
julia,_closed_assignment,_bracket_form
julia,_closed_assignment,_operation
julia,_closed_assignment,_primary_expression
julia,_closed_assignment,operator
julia,_expression,_definition
julia,_expression,_operation
julia,_expression,_primary_expression
julia,_expression,_statement
julia,_expression,arrow_function_expression
julia,_expression,compound_assignment_expression
julia,_expression,float_literal
julia,_expression,integer_literal
julia,_expression,juxtaposition_expression
julia,_expression,macrocall_expression
julia,_expression,operator
julia,_expression,ternary_expression
julia,_definition,abstract_definition
julia,_definition,function_definition
julia,_definition,macro_definition
julia,_definition,module_definition
julia,_definition,primitive_definition
julia,_definition,struct_definition
julia,module_definition,_terminator
julia,module_definition,block
julia,module_definition,identifier
julia,module_definition,interpolation_expression
julia,type_head,_primary_expression
julia,type_head,binary_expression
julia,abstract_definition,type_head
julia,primitive_definition,integer_literal
julia,primitive_definition,type_head
julia,struct_definition,_terminator
julia,struct_definition,block
julia,struct_definition,type_head
julia,signature,call_expression
julia,signature,identifier
julia,signature,tuple_expression
julia,signature,typed_expression
julia,signature,where_expression
julia,function_definition,_terminator
julia,function_definition,block
julia,function_definition,signature
julia,macro_definition,_terminator
julia,macro_definition,block
julia,macro_definition,signature
julia,_statement,break_statement
julia,_statement,compound_statement
julia,_statement,const_statement
julia,_statement,continue_statement
julia,_statement,export_statement
julia,_statement,for_statement
julia,_statement,global_statement
julia,_statement,if_statement
julia,_statement,import_statement
julia,_statement,let_statement
julia,_statement,local_statement
julia,_statement,public_statement
julia,_statement,quote_statement
julia,_statement,return_statement
julia,_statement,try_statement
julia,_statement,using_statement
julia,_statement,while_statement
julia,compound_statement,_terminator
julia,compound_statement,block
julia,quote_statement,_terminator
julia,quote_statement,block
julia,let_statement,_bracket_form
julia,let_statement,_terminator
julia,let_statement,block
julia,if_statement,_expression
julia,if_statement,_terminator
julia,if_statement,block
julia,if_statement,else_clause
julia,if_statement,elseif_clause
julia,elseif_clause,_expression
julia,elseif_clause,_terminator
julia,elseif_clause,block
julia,else_clause,_terminator
julia,else_clause,block
julia,try_statement,_terminator
julia,try_statement,block
julia,try_statement,catch_clause
julia,try_statement,else_clause
julia,try_statement,finally_clause
julia,catch_clause,_terminator
julia,catch_clause,block
julia,catch_clause,identifier
julia,finally_clause,_terminator
julia,finally_clause,block
julia,for_statement,_terminator
julia,for_statement,block
julia,for_statement,for_binding
julia,while_statement,_expression
julia,while_statement,_terminator
julia,while_statement,block
julia,return_statement,_block_form
julia,const_statement,_block_form
julia,global_statement,_block_form
julia,local_statement,_block_form
julia,import_alias,_exportable
julia,import_alias,_importable
julia,import_path,_scoped_identifier
julia,import_path,identifier
julia,_exportable,_exportable
julia,_exportable,identifier
julia,_exportable,interpolation_expression
julia,_exportable,macro_identifier
julia,_exportable,operator
julia,_importable,_exportable
julia,_importable,_scoped_identifier
julia,_importable,import_path
julia,_import_list,_importable
julia,_import_list,import_alias
julia,selected_import,_import_list
julia,selected_import,_importable
julia,export_statement,_exportable
julia,public_statement,_exportable
julia,import_statement,_import_list
julia,import_statement,selected_import
julia,using_statement,_import_list
julia,using_statement,selected_import
julia,_primary_expression,_array
julia,_primary_expression,_closed_macrocall_expression
julia,_primary_expression,_string
julia,_primary_expression,adjoint_expression
julia,_primary_expression,boolean_literal
julia,_primary_expression,broadcast_call_expression
julia,_primary_expression,call_expression
julia,_primary_expression,curly_expression
julia,_primary_expression,field_expression
julia,_primary_expression,identifier
julia,_primary_expression,index_expression
julia,_primary_expression,interpolation_expression
julia,_primary_expression,parametrized_type_expression
julia,_primary_expression,parenthesized_expression
julia,_primary_expression,quote_expression
julia,_primary_expression,tuple_expression
julia,_array,comprehension_expression
julia,_array,matrix_expression
julia,_array,vector_expression
julia,comprehension_expression,_bracket_form
julia,comprehension_expression,_terminator
julia,comprehension_expression,for_clause
julia,comprehension_expression,if_clause
julia,generator,_bracket_form
julia,generator,for_clause
julia,generator,if_clause
julia,if_clause,_expression
julia,for_clause,for_binding
julia,for_binding,_expression
julia,for_binding,identifier
julia,for_binding,interpolation_expression
julia,for_binding,tuple_expression
julia,for_binding,typed_expression
julia,matrix_expression,_terminator
julia,matrix_expression,matrix_row
julia,matrix_row,_bracket_form
julia,vector_expression,_bracket_form
julia,parenthesized_expression,_bracket_form
julia,parenthesized_expression,_semicolon
julia,parenthesized_expression,generator
julia,tuple_expression,_bracket_form
julia,tuple_expression,_semicolon
julia,tuple_expression,generator
julia,curly_expression,_bracket_form
julia,adjoint_expression,_primary_expression
julia,field_expression,_primary_expression
julia,field_expression,_string
julia,field_expression,identifier
julia,field_expression,interpolation_expression
julia,field_expression,quote_expression
julia,index_expression,_array
julia,index_expression,_immediate_bracket
julia,index_expression,_primary_expression
julia,parametrized_type_expression,_immediate_brace
julia,parametrized_type_expression,_primary_expression
julia,parametrized_type_expression,curly_expression
julia,call_expression,_immediate_paren
julia,call_expression,_primary_expression
julia,call_expression,do_clause
julia,call_expression,operator
julia,call_expression,tuple_expression
julia,broadcast_call_expression,_immediate_paren
julia,broadcast_call_expression,_primary_expression
julia,broadcast_call_expression,do_clause
julia,broadcast_call_expression,tuple_expression
julia,_qualified_macro_identifier,_primary_expression
julia,_qualified_macro_identifier,macro_identifier
julia,_macro_head,_qualified_macro_identifier
julia,_macro_head,macro_identifier
julia,_closed_macrocall_expression,_array
julia,_closed_macrocall_expression,_immediate_brace
julia,_closed_macrocall_expression,_immediate_bracket
julia,_closed_macrocall_expression,_immediate_paren
julia,_closed_macrocall_expression,_macro_head
julia,_closed_macrocall_expression,curly_expression
julia,_closed_macrocall_expression,do_clause
julia,_closed_macrocall_expression,tuple_expression
julia,macrocall_expression,_macro_head
julia,macrocall_expression,macro_argument_list
julia,macro_argument_list,_block_form
julia,do_clause,_bracket_form
julia,do_clause,_terminator
julia,do_clause,block
julia,interpolation_expression,_array
julia,interpolation_expression,_string
julia,interpolation_expression,curly_expression
julia,interpolation_expression,float_literal
julia,interpolation_expression,identifier
julia,interpolation_expression,integer_literal
julia,interpolation_expression,parenthesized_expression
julia,interpolation_expression,tuple_expression
julia,quote_expression,_array
julia,quote_expression,_assignment_operator
julia,quote_expression,_immediate_brace
julia,quote_expression,_immediate_bracket
julia,quote_expression,_immediate_paren
julia,quote_expression,_lazy_and_operator
julia,quote_expression,_lazy_or_operator
julia,quote_expression,_string
julia,quote_expression,_syntactic_operator
julia,quote_expression,curly_expression
julia,quote_expression,float_literal
julia,quote_expression,identifier
julia,quote_expression,integer_literal
julia,quote_expression,operator
julia,quote_expression,parenthesized_expression
julia,quote_expression,tuple_expression
julia,_operation,binary_expression
julia,_operation,range_expression
julia,_operation,splat_expression
julia,_operation,typed_expression
julia,_operation,unary_expression
julia,_operation,unary_typed_expression
julia,_operation,where_expression
julia,binary_expression,_arrow_operator
julia,binary_expression,_bitshift_operator
julia,binary_expression,_comparison_operator
julia,binary_expression,_ellipsis_operator
julia,binary_expression,_expression
julia,binary_expression,_lazy_and_operator
julia,binary_expression,_lazy_or_operator
julia,binary_expression,_pair_operator
julia,binary_expression,_pipe_left_operator
julia,binary_expression,_pipe_right_operator
julia,binary_expression,_plus_operator
julia,binary_expression,_power_operator
julia,binary_expression,_rational_operator
julia,binary_expression,_times_operator
julia,binary_expression,_type_order_operator
julia,binary_expression,_unary_plus_operator
julia,unary_expression,_expression
julia,unary_expression,_tilde_operator
julia,unary_expression,_type_order_operator
julia,unary_expression,_unary_operator
julia,unary_expression,_unary_plus_operator
julia,range_expression,_expression
julia,splat_expression,_expression
julia,ternary_expression,_bracket_form
julia,ternary_expression,_expression
julia,typed_expression,_expression
julia,typed_expression,_primary_expression
julia,unary_typed_expression,_primary_expression
julia,arrow_function_expression,_bracket_form
julia,arrow_function_expression,identifier
julia,arrow_function_expression,tuple_expression
julia,arrow_function_expression,typed_expression
julia,juxtaposition_expression,_primary_expression
julia,juxtaposition_expression,adjoint_expression
julia,juxtaposition_expression,float_literal
julia,juxtaposition_expression,integer_literal
julia,compound_assignment_expression,_assignment_operator
julia,compound_assignment_expression,_expression
julia,compound_assignment_expression,_primary_expression
julia,compound_assignment_expression,_tilde_operator
julia,where_expression,_expression
julia,macro_identifier,_scoped_identifier
julia,macro_identifier,_syntactic_operator
julia,macro_identifier,identifier
julia,macro_identifier,operator
julia,_scoped_identifier,identifier
julia,_scoped_identifier,interpolation_expression
julia,identifier,_word_identifier
julia,_string,character_literal
julia,_string,command_literal
julia,_string,prefixed_command_literal
julia,_string,prefixed_string_literal
julia,_string,string_literal
julia,string_literal,_content_str_1
julia,string_literal,_content_str_3
julia,string_literal,_delimiter_str_1
julia,string_literal,_delimiter_str_3
julia,string_literal,_end_str
julia,string_literal,escape_sequence
julia,string_literal,string_interpolation
julia,command_literal,_content_cmd_1
julia,command_literal,_content_cmd_3
julia,command_literal,_delimiter_cmd_1
julia,command_literal,_delimiter_cmd_3
julia,command_literal,_end_cmd
julia,command_literal,escape_sequence
julia,command_literal,string_interpolation
julia,prefixed_string_literal,_content_str_1_raw
julia,prefixed_string_literal,_content_str_3_raw
julia,prefixed_string_literal,_delimiter_str_1
julia,prefixed_string_literal,_delimiter_str_3
julia,prefixed_string_literal,_end_str
julia,prefixed_string_literal,_immediate_string_start
julia,prefixed_string_literal,escape_sequence
julia,prefixed_string_literal,identifier
julia,prefixed_command_literal,_content_cmd_1_raw
julia,prefixed_command_literal,_content_cmd_3_raw
julia,prefixed_command_literal,_delimiter_cmd_1
julia,prefixed_command_literal,_delimiter_cmd_3
julia,prefixed_command_literal,_end_cmd
julia,prefixed_command_literal,_immediate_command_start
julia,prefixed_command_literal,escape_sequence
julia,prefixed_command_literal,identifier
julia,string_interpolation,_bracket_form
julia,string_interpolation,_immediate_paren
julia,string_interpolation,identifier
julia,operator,_arrow_operator
julia,operator,_bitshift_operator
julia,operator,_comparison_operator
julia,operator,_ellipsis_operator
julia,operator,_pair_operator
julia,operator,_pipe_left_operator
julia,operator,_pipe_right_operator
julia,operator,_plus_operator
julia,operator,_power_operator
julia,operator,_rational_operator
julia,operator,_tilde_operator
julia,operator,_times_operator
julia,operator,_type_order_operator
julia,operator,_unary_operator
julia,operator,_unary_plus_operator
julia,_terminator,_semicolon
julia,block_comment,_block_comment_rest
nim,source_file,_semi_statement_list
nim,statement_list,_block_statement_list
nim,statement_list,_layout_empty
nim,statement_list,_line_statement_list
nim,_line_statement_list,_simple_statement
nim,_block_statement_list,_layout_end
nim,_block_statement_list,_layout_start
nim,_block_statement_list,_semi_statement_list
nim,_semi_statement_list,_layout_terminator
nim,_semi_statement_list,_statement
nim,_statement,_complex_statement
nim,_statement,_simple_statement
nim,_complex_statement,_declaration
nim,_complex_statement,_infix_typeof_expression
nim,_complex_statement,defer
nim,_complex_statement,static_statement
nim,_complex_statement,typeof
nim,_complex_statement,while
nim,_simple_statement,_expression_statement
nim,_simple_statement,_simple_statement_no_expression
nim,_simple_statement_no_expression,assembly_statement
nim,_simple_statement_no_expression,bind_statement
nim,_simple_statement_no_expression,break_statement
nim,_simple_statement_no_expression,continue_statement
nim,_simple_statement_no_expression,discard_statement
nim,_simple_statement_no_expression,export_statement
nim,_simple_statement_no_expression,import_from_statement
nim,_simple_statement_no_expression,import_statement
nim,_simple_statement_no_expression,include_statement
nim,_simple_statement_no_expression,mixin_statement
nim,_simple_statement_no_expression,pragma_statement
nim,_simple_statement_no_expression,raise_statement
nim,_simple_statement_no_expression,return_statement
nim,_simple_statement_no_expression,yield_statement
nim,_expression_statement,_call_extended
nim,_expression_statement,_expression
nim,_expression_statement,_infix_extended
nim,_expression_statement,_prefix_extended
nim,_expression_statement,assignment
nim,import_statement,_import_body
nim,export_statement,_import_body
nim,_import_body,_import_except
nim,_import_body,expression_list
nim,_import_except,_expression
nim,_import_except,_inhibit_keyword_termination
nim,_import_except,except_clause
nim,except_clause,expression_list
nim,include_statement,expression_list
nim,discard_statement,_expression_with_post_block
nim,return_statement,_expression_with_post_block
nim,raise_statement,_expression_with_post_block
nim,yield_statement,_expression_with_post_block
nim,break_statement,_expression_with_post_block
nim,continue_statement,_expression_with_post_block
nim,assembly_statement,_string_literal
nim,assembly_statement,pragma_list
nim,bind_statement,expression_list
nim,mixin_statement,expression_list
nim,import_from_statement,_expression
nim,import_from_statement,expression_list
nim,while,_simple_expression
nim,while,statement_list
nim,static_statement,statement_list
nim,pragma_statement,pragma_list
nim,pragma_statement,statement_list
nim,defer,statement_list
nim,_typeof_expression,_infix_typeof_expression
nim,_typeof_expression,typeof
nim,typeof,_paren_close
nim,typeof,_simple_expression
nim,_infix_typeof_expression,_infix_operator_0
nim,_infix_typeof_expression,_infix_operator_1
nim,_infix_typeof_expression,_infix_operator_10l
nim,_infix_typeof_expression,_infix_operator_10r
nim,_infix_typeof_expression,_infix_operator_2
nim,_infix_typeof_expression,_infix_operator_3
nim,_infix_typeof_expression,_infix_operator_4
nim,_infix_typeof_expression,_infix_operator_5
nim,_infix_typeof_expression,_infix_operator_6
nim,_infix_typeof_expression,_infix_operator_7
nim,_infix_typeof_expression,_infix_operator_8
nim,_infix_typeof_expression,_infix_operator_9
nim,_infix_typeof_expression,_simple_expression
nim,_infix_typeof_expression,_typeof_expression
nim,_declaration,const_section
nim,_declaration,converter_declaration
nim,_declaration,func_declaration
nim,_declaration,iterator_declaration
nim,_declaration,let_section
nim,_declaration,macro_declaration
nim,_declaration,method_declaration
nim,_declaration,proc_declaration
nim,_declaration,template_declaration
nim,_declaration,type_section
nim,_declaration,using_section
nim,_declaration,var_section
nim,proc_declaration,_routine_declaration
nim,func_declaration,_routine_declaration
nim,method_declaration,_routine_declaration
nim,iterator_declaration,_routine_declaration
nim,macro_declaration,_routine_declaration
nim,template_declaration,_routine_declaration
nim,converter_declaration,_routine_declaration
nim,_routine_declaration,_symbol
nim,_routine_declaration,exported_symbol
nim,_routine_declaration,generic_parameter_list
nim,_routine_declaration,parameter_declaration_list
nim,_routine_declaration,pragma_list
nim,_routine_declaration,statement_list
nim,_routine_declaration,term_rewriting_pattern
nim,_routine_declaration,type_expression
nim,generic_parameter_list,_bracket_close
nim,generic_parameter_list,_parameter_declaration_list
nim,term_rewriting_pattern,_curly_close
nim,term_rewriting_pattern,_semi_statement_list
nim,using_section,_variable_declaration_section
nim,const_section,_variable_declaration_section
nim,let_section,_variable_declaration_section
nim,var_section,_variable_declaration_section
nim,_variable_declaration_section,_layout_end
nim,_variable_declaration_section,_layout_start
nim,_variable_declaration_section,_layout_terminator
nim,_variable_declaration_section,variable_declaration
nim,variable_declaration,_expression_with_post_block
nim,variable_declaration,symbol_declaration_list
nim,variable_declaration,type_expression
nim,type_section,_layout_end
nim,type_section,_layout_start
nim,type_section,_layout_terminator
nim,type_section,type_declaration
nim,type_declaration,_type_definition
nim,type_declaration,type_symbol_declaration
nim,type_symbol_declaration,_symbol
nim,type_symbol_declaration,exported_symbol
nim,type_symbol_declaration,generic_parameter_list
nim,type_symbol_declaration,pragma_list
nim,_type_definition,_call_extended
nim,_type_definition,_distinct_declaration
nim,_type_definition,_pointer_declaration
nim,_type_definition,_ref_declaration
nim,_type_definition,_tuple_declaration
nim,_type_definition,concept_declaration
nim,_type_definition,enum_declaration
nim,_type_definition,object_declaration
nim,_type_definition,type_expression
nim,_distinct_declaration,_type_definition
nim,_ref_declaration,_type_definition
nim,_pointer_declaration,_type_definition
nim,enum_declaration,_layout_end
nim,enum_declaration,_layout_start
nim,enum_declaration,_layout_terminator
nim,enum_declaration,enum_field_declaration
nim,enum_field_declaration,_expression
nim,enum_field_declaration,symbol_declaration
nim,_tuple_declaration,_identifier_declaration
nim,_tuple_declaration,_layout_end
nim,_tuple_declaration,_layout_start
nim,_tuple_declaration,_layout_terminator
nim,object_declaration,_object_field_declaration_list
nim,object_declaration,pragma_list
nim,object_declaration,type_expression
nim,_object_field_declaration_branch_list,_layout_empty
nim,_object_field_declaration_branch_list,_object_field_declaration
nim,_object_field_declaration_branch_list,_object_field_declaration_list
nim,_object_field_declaration_list,_layout_end
nim,_object_field_declaration_list,_layout_start
nim,_object_field_declaration_list,_layout_terminator
nim,_object_field_declaration_list,_object_field_declaration
nim,_object_field_declaration,_identifier_declaration
nim,_object_field_declaration,conditional_declaration
nim,_object_field_declaration,nil_literal
nim,_object_field_declaration,variant_declaration
nim,conditional_declaration,_elif_declaration_branch
nim,conditional_declaration,_else_declaration_branch
nim,conditional_declaration,_expression
nim,conditional_declaration,_inhibit_keyword_termination
nim,conditional_declaration,_object_field_declaration_branch_list
nim,_elif_declaration_branch,_expression
nim,_elif_declaration_branch,_object_field_declaration_branch_list
nim,variant_declaration,_variant_declaration_body
nim,_variant_declaration_body,_else_declaration_branch
nim,_variant_declaration_body,_inhibit_keyword_termination
nim,_variant_declaration_body,_of_declaration_branch
nim,_variant_declaration_body,variant_discriminator_declaration
nim,variant_discriminator_declaration,_identifier_declaration
nim,_of_declaration_branch,_case_of
nim,_of_declaration_branch,_object_field_declaration_branch_list
nim,_of_declaration_branch,expression_list
nim,_else_declaration_branch,_object_field_declaration_branch_list
nim,concept_declaration,_block_statement_list
nim,concept_declaration,_concept_parameter_list
nim,concept_declaration,refinement_list
nim,refinement_list,type_expression
nim,_concept_parameter_list,_concept_parameter
nim,_concept_parameter,_concept_pointer_parameter
nim,_concept_parameter,_concept_ref_parameter
nim,_concept_parameter,_concept_static_parameter
nim,_concept_parameter,_concept_type_parameter
nim,_concept_parameter,_concept_var_parameter
nim,_concept_parameter,_symbol
nim,_concept_pointer_parameter,_symbol
nim,_concept_ref_parameter,_symbol
nim,_concept_static_parameter,_symbol
nim,_concept_type_parameter,_symbol
nim,_concept_var_parameter,_symbol
nim,_expression_with_post_block,_call_block
nim,_expression_with_post_block,_command_block
nim,_expression_with_post_block,_dot_generic_call_block
nim,_expression_with_post_block,_expression_with_call_do
nim,_expression_with_post_block,_infix_extended
nim,_expression_with_post_block,_prefix_extended
nim,_expression_with_call_do,_call_do
nim,_expression_with_call_do,_command_complex_expression
nim,_expression_with_call_do,_dot_generic_call_do
nim,_expression_with_call_do,_expression
nim,_expression,_simple_expression
nim,_expression,block
nim,_expression,case
nim,_expression,for
nim,_expression,func_expression
nim,_expression,if
nim,_expression,iterator_expression
nim,_expression,proc_expression
nim,_expression,try
nim,_expression,when
nim,_simple_expression,_prefix_expression
nim,_simple_expression,_simple_expression_command_start
nim,_simple_expression_command_start,_basic_expression
nim,_simple_expression_command_start,_command_expression
nim,_simple_expression_command_start,_infix_expression
nim,_simple_expression_command_start,_prefix_expression_command_start
nim,_basic_expression,_call_expression
nim,_basic_expression,_iterator_type
nim,_basic_expression,_literal
nim,_basic_expression,_proc_type
nim,_basic_expression,_sigil_expression
nim,_basic_expression,_symbol
nim,_basic_expression,array_construction
nim,_basic_expression,bracket_expression
nim,_basic_expression,cast
nim,_basic_expression,curly_construction
nim,_basic_expression,curly_expression
nim,_basic_expression,distinct_type
nim,_basic_expression,dot_expression
nim,_basic_expression,dot_generic_call
nim,_basic_expression,enum_type
nim,_basic_expression,generalized_string
nim,_basic_expression,object_type
nim,_basic_expression,out_type
nim,_basic_expression,parenthesized
nim,_basic_expression,pointer_type
nim,_basic_expression,pragma_expression
nim,_basic_expression,ref_type
nim,_basic_expression,tuple_construction
nim,_basic_expression,tuple_type
nim,_basic_expression,var_type
nim,for,_for_body
nim,for,statement_list
nim,_for_body,_expression
nim,_for_body,symbol_declaration_list
nim,block,_symbol
nim,block,statement_list
nim,if,_expression
nim,if,_if_body
nim,when,_expression
nim,when,_if_body
nim,_if_body,_if_alternatives
nim,_if_body,statement_list
nim,_if_branch,elif_branch
nim,_if_branch,else_branch
nim,_if_alternatives,_if_branch
nim,_if_alternatives,_inhibit_keyword_termination
nim,case,_expression
nim,case,_if_alternatives
nim,case,of_branch
nim,try,_inhibit_keyword_termination
nim,try,_try_branch
nim,try,statement_list
nim,_try_branch,except_branch
nim,_try_branch,finally_branch
nim,of_branch,_case_of
nim,of_branch,expression_list
nim,of_branch,statement_list
nim,elif_branch,_expression
nim,elif_branch,statement_list
nim,else_branch,statement_list
nim,except_branch,expression_list
nim,except_branch,statement_list
nim,finally_branch,statement_list
nim,do_block,parameter_declaration_list
nim,do_block,pragma_list
nim,do_block,statement_list
nim,do_block,type_expression
nim,_call_extended,_call_block
nim,_call_extended,_command_statement
nim,_call_extended,_dot_generic_call_block
nim,_command_statement,_basic_expression
nim,_command_statement,_command_statement_argument_list
nim,_command_statement_argument_list,_equal_expression_list
nim,_command_statement_argument_list,_post_expression_block_tail
nim,_command_statement_argument_list,statement_list
nim,_command_block,_basic_expression
nim,_command_block,_command_block_argument_list
nim,_command_block_argument_list,_command_expression_argument_list
nim,_command_block_argument_list,_post_expression_block_tail
nim,_command_block_argument_list,statement_list
nim,_dot_generic_call_block,_call_block_argument_list
nim,_dot_generic_call_block,_dot_generic_head
nim,_call_block,_basic_expression
nim,_call_block,_call_block_argument_list
nim,_call_block_argument_list,_call_argument_list
nim,_call_block_argument_list,_post_expression_block
nim,_dot_generic_call_do,_call_do_argument_list
nim,_dot_generic_call_do,_dot_generic_head
nim,_call_do,_basic_expression
nim,_call_do,_call_do_argument_list
nim,_call_do_argument_list,_call_argument_list
nim,_call_do_argument_list,_post_expression_do_block
nim,_call_expression,_basic_expression
nim,_call_expression,_call_argument_list
nim,_call_argument_list,_colon_equal_expression_list
nim,_call_argument_list,_paren_close
nim,_command_complex_expression,_basic_expression
nim,_command_complex_expression,_command_complex_expression_argument_list
nim,_command_complex_expression_argument_list,_expression_with_call_do
nim,_command_expression,_basic_expression
nim,_command_expression,_command_expression_argument_list
nim,_command_expression_argument_list,_simple_expression_command_start
nim,dot_generic_call,_call_argument_list
nim,dot_generic_call,_dot_generic_head
nim,_dot_generic_head,_basic_expression
nim,_dot_generic_head,_dot_generic_argument_list
nim,_dot_generic_head,_symbol
nim,_dot_generic_argument_list,_bracket_close
nim,_dot_generic_argument_list,_expression
nim,_post_expression_block,_post_expression_block_tail
nim,_post_expression_block,_post_expression_do_block
nim,_post_expression_block,statement_list
nim,_post_expression_do_block,_post_expression_block_tail
nim,_post_expression_do_block,do_block
nim,_post_expression_block_tail,_if_branch
nim,_post_expression_block_tail,_inhibit_keyword_termination
nim,_post_expression_block_tail,_try_branch
nim,_post_expression_block_tail,do_block
nim,_post_expression_block_tail,of_branch
nim,proc_expression,_proc_type
nim,proc_expression,statement_list
nim,func_expression,_func_type
nim,func_expression,statement_list
nim,iterator_expression,_iterator_type
nim,iterator_expression,statement_list
nim,type_expression,_simple_expression
nim,tuple_type,_tuple_field_declaration_list
nim,var_type,type_expression
nim,out_type,type_expression
nim,distinct_type,type_expression
nim,ref_type,type_expression
nim,pointer_type,type_expression
nim,_tuple_field_declaration_list,_bracket_close
nim,_tuple_field_declaration_list,_field_declaration_list
nim,_proc_type,parameter_declaration_list
nim,_proc_type,pragma_list
nim,_proc_type,type_expression
nim,_iterator_type,parameter_declaration_list
nim,_iterator_type,pragma_list
nim,_iterator_type,type_expression
nim,_func_type,parameter_declaration_list
nim,_func_type,pragma_list
nim,_func_type,type_expression
nim,_infix_extended,_infix_expression
nim,_infix_extended,_post_expression_block
nim,_infix_expression,_infix_operator_0
nim,_infix_expression,_infix_operator_1
nim,_infix_expression,_infix_operator_10l
nim,_infix_expression,_infix_operator_10r
nim,_infix_expression,_infix_operator_2
nim,_infix_expression,_infix_operator_3
nim,_infix_expression,_infix_operator_4
nim,_infix_expression,_infix_operator_5
nim,_infix_expression,_infix_operator_6
nim,_infix_expression,_infix_operator_7
nim,_infix_expression,_infix_operator_8
nim,_infix_expression,_infix_operator_9
nim,_infix_expression,_simple_expression
nim,_prefix_extended,_post_expression_block
nim,_prefix_extended,_prefix_expression
nim,_prefix_expression,_prefix_expression_command_start
nim,_prefix_expression,_prefix_expression_word
nim,_prefix_expression_word,_simple_expression
nim,_prefix_expression_command_start,_prefix_operator
nim,_prefix_expression_command_start,_sigil_operator
nim,_prefix_expression_command_start,_simple_expression
nim,_sigil_expression,_basic_expression
nim,_sigil_expression,_sigil_operator
nim,cast,_bracket_close
nim,cast,_expression
nim,cast,_paren_close
nim,cast,colon_expression
nim,cast,type_expression
nim,parenthesized,_expression_with_call_do
nim,parenthesized,_paren_close
nim,parenthesized,_simple_statement_no_expression
nim,parenthesized,_statement
nim,parenthesized,assignment
nim,parenthesized,const_section
nim,parenthesized,let_section
nim,parenthesized,var_section
nim,parenthesized,while
nim,dot_expression,_basic_expression
nim,dot_expression,_symbol
nim,bracket_expression,_basic_expression
nim,bracket_expression,_bracket_close
nim,bracket_expression,_colon_equal_expression_list
nim,curly_expression,_basic_expression
nim,curly_expression,_colon_equal_expression_list
nim,curly_expression,_curly_close
nim,pragma_expression,_basic_expression
nim,pragma_expression,pragma_list
nim,array_construction,_bracket_close
nim,array_construction,_colon_equal_expression_list
nim,curly_construction,_colon_equal_expression_list
nim,curly_construction,_curly_close
nim,tuple_construction,_colon_equal_expression_list
nim,tuple_construction,_paren_close
nim,generalized_string,_generalized_string_literal
nim,generalized_string,dot_expression
nim,generalized_string,identifier
nim,_generalized_string_literal,_long_string_body
nim,_generalized_string_literal,_raw_string_body
nim,pragma_list,_colon_equal_expression_list
nim,pragma_list,_curly_close
nim,pragma_list,_dot_curly_close
nim,expression_list,_expression
nim,_equal_expression_list,_expression_with_call_do
nim,_equal_expression_list,equal_expression
nim,_colon_equal_expression_list,_expression_with_call_do
nim,_colon_equal_expression_list,colon_expression
nim,_colon_equal_expression_list,equal_expression
nim,colon_expression,_expression
nim,colon_expression,_left_hand_side
nim,equal_expression,_expression
nim,equal_expression,_left_hand_side
nim,assignment,_expression_with_post_block
nim,assignment,_left_hand_side
nim,_left_hand_side,_simple_expression
nim,parameter_declaration_list,_parameter_declaration_list
nim,parameter_declaration_list,_paren_close
nim,_parameter_declaration_list,_identifier_declaration
nim,_field_declaration_list,_identifier_declaration
nim,_identifier_declaration,_expression_with_post_block
nim,_identifier_declaration,symbol_declaration_list
nim,_identifier_declaration,type_expression
nim,symbol_declaration_list,symbol_declaration
nim,symbol_declaration_list,tuple_deconstruct_declaration
nim,tuple_deconstruct_declaration,_paren_close
nim,tuple_deconstruct_declaration,symbol_declaration
nim,tuple_deconstruct_declaration,tuple_deconstruct_declaration
nim,symbol_declaration,_symbol
nim,symbol_declaration,exported_symbol
nim,symbol_declaration,pragma_list
nim,exported_symbol,_symbol
nim,exported_symbol,_want_export_marker
nim,_literal,_string_literal
nim,_literal,char_literal
nim,_literal,custom_numeric_literal
nim,_literal,float_literal
nim,_literal,integer_literal
nim,_literal,nil_literal
nim,char_literal,_char_escape_sequence
nim,_string_literal,interpreted_string_literal
nim,_string_literal,long_string_literal
nim,_string_literal,raw_string_literal
nim,interpreted_string_literal,_interpreted_string_body
nim,_interpreted_string_body,escape_sequence
nim,raw_string_literal,_raw_string_body
nim,_raw_string_body,_raw_string_escape
nim,long_string_literal,_long_string_body
nim,_long_string_body,_long_string_quote
nim,_symbol,accent_quoted
nim,_symbol,blank_identifier
nim,_symbol,identifier
nim,accent_quoted,_accent_quoted_identifier
nim,_paren_close,_inhibit_layout_end
nim,_bracket_close,_inhibit_layout_end
nim,_curly_close,_inhibit_layout_end
nim,_dot_curly_close,_inhibit_layout_end
nim,block_documentation_comment,_block_documentation_comment_content
nim,block_comment,_block_comment_content
nim,documentation_comment,comment_content
nim,comment,comment_content
csharp,compilation_unit,_top_level_item
csharp,compilation_unit,shebang_directive
csharp,_top_level_item,_top_level_item_no_statement
csharp,_top_level_item,global_statement
csharp,_top_level_item_no_statement,_namespace_member_declaration
csharp,_top_level_item_no_statement,extern_alias_directive
csharp,_top_level_item_no_statement,file_scoped_namespace_declaration
csharp,_top_level_item_no_statement,global_attribute
csharp,_top_level_item_no_statement,preproc_if_in_top_level
csharp,_top_level_item_no_statement,using_directive
csharp,global_statement,statement
csharp,extern_alias_directive,identifier
csharp,using_directive,_name
csharp,using_directive,identifier
csharp,using_directive,type
csharp,global_attribute,attribute
csharp,attribute,_name
csharp,attribute,attribute_argument_list
csharp,attribute_argument_list,attribute_argument
csharp,attribute_argument,expression
csharp,attribute_argument,identifier
csharp,attribute_list,attribute
csharp,attribute_list,attribute_target_specifier
csharp,_attribute_list,attribute_list
csharp,_attribute_list,preproc_if_in_attribute_list
csharp,_namespace_member_declaration,namespace_declaration
csharp,_namespace_member_declaration,type_declaration
csharp,namespace_declaration,_name
csharp,namespace_declaration,_optional_semi
csharp,namespace_declaration,declaration_list
csharp,file_scoped_namespace_declaration,_name
csharp,type_declaration,class_declaration
csharp,type_declaration,delegate_declaration
csharp,type_declaration,enum_declaration
csharp,type_declaration,interface_declaration
csharp,type_declaration,record_declaration
csharp,type_declaration,struct_declaration
csharp,class_declaration,_class_declaration_initializer
csharp,class_declaration,_declaration_list_body
csharp,_class_declaration_initializer,_attribute_list
csharp,_class_declaration_initializer,base_list
csharp,_class_declaration_initializer,identifier
csharp,_class_declaration_initializer,modifier
csharp,_class_declaration_initializer,parameter_list
csharp,_class_declaration_initializer,type_parameter_constraints_clause
csharp,_class_declaration_initializer,type_parameter_list
csharp,struct_declaration,_declaration_list_body
csharp,struct_declaration,_struct_declaration_initializer
csharp,_struct_declaration_initializer,_attribute_list
csharp,_struct_declaration_initializer,base_list
csharp,_struct_declaration_initializer,identifier
csharp,_struct_declaration_initializer,modifier
csharp,_struct_declaration_initializer,parameter_list
csharp,_struct_declaration_initializer,type_parameter_constraints_clause
csharp,_struct_declaration_initializer,type_parameter_list
csharp,enum_declaration,_enum_declaration_initializer
csharp,enum_declaration,_optional_semi
csharp,enum_declaration,enum_member_declaration_list
csharp,_enum_declaration_initializer,_attribute_list
csharp,_enum_declaration_initializer,base_list
csharp,_enum_declaration_initializer,identifier
csharp,_enum_declaration_initializer,modifier
csharp,enum_member_declaration_list,enum_member_declaration
csharp,enum_member_declaration_list,preproc_if_in_enum_member_declaration
csharp,enum_member_declaration,_attribute_list
csharp,enum_member_declaration,expression
csharp,enum_member_declaration,identifier
csharp,interface_declaration,_declaration_list_body
csharp,interface_declaration,_interface_declaration_initializer
csharp,_interface_declaration_initializer,_attribute_list
csharp,_interface_declaration_initializer,base_list
csharp,_interface_declaration_initializer,identifier
csharp,_interface_declaration_initializer,modifier
csharp,_interface_declaration_initializer,type_parameter_constraints_clause
csharp,_interface_declaration_initializer,type_parameter_list
csharp,delegate_declaration,_delegate_declaration_initializer
csharp,delegate_declaration,type_parameter_constraints_clause
csharp,_delegate_declaration_initializer,_attribute_list
csharp,_delegate_declaration_initializer,identifier
csharp,_delegate_declaration_initializer,modifier
csharp,_delegate_declaration_initializer,parameter_list
csharp,_delegate_declaration_initializer,type
csharp,_delegate_declaration_initializer,type_parameter_list
csharp,record_declaration,_declaration_list_body
csharp,record_declaration,_record_declaration_initializer
csharp,_record_declaration_initializer,_attribute_list
csharp,_record_declaration_initializer,identifier
csharp,_record_declaration_initializer,modifier
csharp,_record_declaration_initializer,parameter_list
csharp,_record_declaration_initializer,record_base
csharp,_record_declaration_initializer,type_parameter_constraints_clause
csharp,_record_declaration_initializer,type_parameter_list
csharp,record_base,_name
csharp,record_base,primary_constructor_base_type
csharp,_declaration_list_body,_optional_semi
csharp,_declaration_list_body,declaration_list
csharp,primary_constructor_base_type,_name
csharp,primary_constructor_base_type,argument_list
csharp,type_parameter_list,type_parameter
csharp,type_parameter,_attribute_list
csharp,type_parameter,identifier
csharp,base_list,argument_list
csharp,base_list,type
csharp,type_parameter_constraints_clause,identifier
csharp,type_parameter_constraints_clause,type_parameter_constraint
csharp,type_parameter_constraint,constructor_constraint
csharp,type_parameter_constraint,type
csharp,operator_declaration,_attribute_list
csharp,operator_declaration,_function_body
csharp,operator_declaration,explicit_interface_specifier
csharp,operator_declaration,modifier
csharp,operator_declaration,parameter_list
csharp,operator_declaration,type
csharp,conversion_operator_declaration,_attribute_list
csharp,conversion_operator_declaration,_function_body
csharp,conversion_operator_declaration,explicit_interface_specifier
csharp,conversion_operator_declaration,modifier
csharp,conversion_operator_declaration,parameter_list
csharp,conversion_operator_declaration,type
csharp,declaration_list,declaration
csharp,declaration,class_declaration
csharp,declaration,constructor_declaration
csharp,declaration,conversion_operator_declaration
csharp,declaration,delegate_declaration
csharp,declaration,destructor_declaration
csharp,declaration,enum_declaration
csharp,declaration,event_declaration
csharp,declaration,event_field_declaration
csharp,declaration,extension_declaration
csharp,declaration,field_declaration
csharp,declaration,indexer_declaration
csharp,declaration,interface_declaration
csharp,declaration,method_declaration
csharp,declaration,namespace_declaration
csharp,declaration,operator_declaration
csharp,declaration,preproc_if
csharp,declaration,property_declaration
csharp,declaration,record_declaration
csharp,declaration,struct_declaration
csharp,declaration,using_directive
csharp,extension_declaration,_attribute_list
csharp,extension_declaration,extension_body
csharp,extension_declaration,receiver_parameter
csharp,extension_declaration,type_parameter_constraints_clause
csharp,extension_declaration,type_parameter_list
csharp,receiver_parameter,_attribute_list
csharp,receiver_parameter,_parameter_type_with_modifiers
csharp,receiver_parameter,identifier
csharp,extension_body,_extension_member_declaration
csharp,_extension_member_declaration,method_declaration
csharp,_extension_member_declaration,operator_declaration
csharp,_extension_member_declaration,property_declaration
csharp,field_declaration,_attribute_list
csharp,field_declaration,modifier
csharp,field_declaration,variable_declaration
csharp,constructor_declaration,_constructor_declaration_initializer
csharp,constructor_declaration,_function_body
csharp,_constructor_declaration_initializer,_attribute_list
csharp,_constructor_declaration_initializer,constructor_initializer
csharp,_constructor_declaration_initializer,identifier
csharp,_constructor_declaration_initializer,modifier
csharp,_constructor_declaration_initializer,parameter_list
csharp,destructor_declaration,_attribute_list
csharp,destructor_declaration,_function_body
csharp,destructor_declaration,identifier
csharp,destructor_declaration,parameter_list
csharp,method_declaration,_attribute_list
csharp,method_declaration,_function_body
csharp,method_declaration,explicit_interface_specifier
csharp,method_declaration,identifier
csharp,method_declaration,modifier
csharp,method_declaration,parameter_list
csharp,method_declaration,type
csharp,method_declaration,type_parameter_constraints_clause
csharp,method_declaration,type_parameter_list
csharp,event_declaration,_attribute_list
csharp,event_declaration,accessor_list
csharp,event_declaration,explicit_interface_specifier
csharp,event_declaration,identifier
csharp,event_declaration,modifier
csharp,event_declaration,type
csharp,event_field_declaration,_attribute_list
csharp,event_field_declaration,modifier
csharp,event_field_declaration,variable_declaration
csharp,accessor_list,accessor_declaration
csharp,accessor_declaration,_attribute_list
csharp,accessor_declaration,_function_body
csharp,accessor_declaration,identifier
csharp,accessor_declaration,modifier
csharp,indexer_declaration,_attribute_list
csharp,indexer_declaration,accessor_list
csharp,indexer_declaration,arrow_expression_clause
csharp,indexer_declaration,bracketed_parameter_list
csharp,indexer_declaration,explicit_interface_specifier
csharp,indexer_declaration,modifier
csharp,indexer_declaration,type
csharp,bracketed_parameter_list,_parameter_array
csharp,bracketed_parameter_list,parameter
csharp,property_declaration,_attribute_list
csharp,property_declaration,accessor_list
csharp,property_declaration,arrow_expression_clause
csharp,property_declaration,explicit_interface_specifier
csharp,property_declaration,expression
csharp,property_declaration,identifier
csharp,property_declaration,modifier
csharp,property_declaration,type
csharp,explicit_interface_specifier,_name
csharp,parameter_list,_parameter_array
csharp,parameter_list,parameter
csharp,_parameter_type_with_modifiers,type
csharp,parameter,_attribute_list
csharp,parameter,_parameter_type_with_modifiers
csharp,parameter,expression
csharp,parameter,identifier
csharp,_parameter_array,_attribute_list
csharp,_parameter_array,identifier
csharp,_parameter_array,type
csharp,constructor_initializer,argument_list
csharp,argument_list,argument
csharp,tuple_pattern,discard
csharp,tuple_pattern,identifier
csharp,tuple_pattern,tuple_pattern
csharp,argument,declaration_expression
csharp,argument,expression
csharp,argument,identifier
csharp,block,statement
csharp,arrow_expression_clause,expression
csharp,_function_body,arrow_expression_clause
csharp,_function_body,block
csharp,variable_declaration,type
csharp,variable_declaration,variable_declarator
csharp,using_variable_declaration,type
csharp,using_variable_declaration,using_variable_declarator
csharp,variable_declarator,bracketed_argument_list
csharp,variable_declarator,expression
csharp,variable_declarator,identifier
csharp,variable_declarator,tuple_pattern
csharp,using_variable_declarator,expression
csharp,using_variable_declarator,identifier
csharp,bracketed_argument_list,argument
csharp,qualified_identifier,identifier
csharp,_name,_simple_name
csharp,_name,alias_qualified_name
csharp,_name,qualified_name
csharp,alias_qualified_name,_simple_name
csharp,alias_qualified_name,identifier
csharp,_simple_name,generic_name
csharp,_simple_name,identifier
csharp,qualified_name,_name
csharp,qualified_name,_simple_name
csharp,generic_name,identifier
csharp,generic_name,type_argument_list
csharp,type_argument_list,type
csharp,type,_name
csharp,type,array_type
csharp,type,function_pointer_type
csharp,type,implicit_type
csharp,type,nullable_type
csharp,type,pointer_type
csharp,type,predefined_type
csharp,type,ref_type
csharp,type,scoped_type
csharp,type,tuple_type
csharp,array_type,_array_base_type
csharp,array_type,array_rank_specifier
csharp,_array_base_type,_name
csharp,_array_base_type,array_type
csharp,_array_base_type,function_pointer_type
csharp,_array_base_type,nullable_type
csharp,_array_base_type,pointer_type
csharp,_array_base_type,predefined_type
csharp,_array_base_type,tuple_type
csharp,array_rank_specifier,expression
csharp,nullable_type,_nullable_base_type
csharp,_nullable_base_type,_name
csharp,_nullable_base_type,array_type
csharp,_nullable_base_type,predefined_type
csharp,_nullable_base_type,tuple_type
csharp,pointer_type,_pointer_base_type
csharp,_pointer_base_type,_name
csharp,_pointer_base_type,function_pointer_type
csharp,_pointer_base_type,nullable_type
csharp,_pointer_base_type,pointer_type
csharp,_pointer_base_type,predefined_type
csharp,_pointer_base_type,tuple_type
csharp,function_pointer_type,calling_convention
csharp,function_pointer_type,function_pointer_parameter
csharp,function_pointer_type,type
csharp,calling_convention,identifier
csharp,function_pointer_parameter,_ref_base_type
csharp,ref_type,type
csharp,_ref_base_type,_name
csharp,_ref_base_type,array_type
csharp,_ref_base_type,function_pointer_type
csharp,_ref_base_type,implicit_type
csharp,_ref_base_type,nullable_type
csharp,_ref_base_type,pointer_type
csharp,_ref_base_type,predefined_type
csharp,_ref_base_type,tuple_type
csharp,scoped_type,_scoped_base_type
csharp,_scoped_base_type,_name
csharp,_scoped_base_type,ref_type
csharp,tuple_type,tuple_element
csharp,tuple_element,identifier
csharp,tuple_element,type
csharp,statement,block
csharp,statement,break_statement
csharp,statement,checked_statement
csharp,statement,continue_statement
csharp,statement,do_statement
csharp,statement,empty_statement
csharp,statement,expression_statement
csharp,statement,fixed_statement
csharp,statement,for_statement
csharp,statement,foreach_statement
csharp,statement,goto_statement
csharp,statement,if_statement
csharp,statement,labeled_statement
csharp,statement,local_declaration_statement
csharp,statement,local_function_statement
csharp,statement,lock_statement
csharp,statement,preproc_if_in_top_level
csharp,statement,return_statement
csharp,statement,switch_statement
csharp,statement,throw_statement
csharp,statement,try_statement
csharp,statement,unsafe_statement
csharp,statement,using_statement
csharp,statement,while_statement
csharp,statement,yield_statement
csharp,checked_statement,block
csharp,do_statement,expression
csharp,do_statement,statement
csharp,expression_statement,_expression_statement_expression
csharp,fixed_statement,statement
csharp,fixed_statement,variable_declaration
csharp,for_statement,_for_statement_conditions
csharp,for_statement,statement
csharp,_for_statement_conditions,expression
csharp,_for_statement_conditions,variable_declaration
csharp,return_statement,expression
csharp,lock_statement,expression
csharp,lock_statement,statement
csharp,yield_statement,expression
csharp,switch_statement,expression
csharp,switch_statement,switch_body
csharp,switch_statement,tuple_expression
csharp,switch_body,switch_section
csharp,switch_section,expression
csharp,switch_section,pattern
csharp,switch_section,statement
csharp,switch_section,when_clause
csharp,throw_statement,expression
csharp,try_statement,block
csharp,try_statement,catch_clause
csharp,try_statement,finally_clause
csharp,catch_clause,block
csharp,catch_clause,catch_declaration
csharp,catch_clause,catch_filter_clause
csharp,catch_declaration,identifier
csharp,catch_declaration,type
csharp,catch_filter_clause,expression
csharp,finally_clause,block
csharp,unsafe_statement,block
csharp,using_statement,expression
csharp,using_statement,statement
csharp,using_statement,using_variable_declaration
csharp,foreach_statement,_foreach_statement_initializer
csharp,foreach_statement,statement
csharp,_foreach_statement_initializer,expression
csharp,_foreach_statement_initializer,identifier
csharp,_foreach_statement_initializer,tuple_pattern
csharp,_foreach_statement_initializer,type
csharp,goto_statement,expression
csharp,labeled_statement,identifier
csharp,labeled_statement,statement
csharp,if_statement,expression
csharp,if_statement,statement
csharp,while_statement,expression
csharp,while_statement,statement
csharp,local_declaration_statement,modifier
csharp,local_declaration_statement,variable_declaration
csharp,local_function_statement,_function_body
csharp,local_function_statement,_local_function_declaration
csharp,local_function_statement,type_parameter_constraints_clause
csharp,_local_function_declaration,_attribute_list
csharp,_local_function_declaration,identifier
csharp,_local_function_declaration,modifier
csharp,_local_function_declaration,parameter_list
csharp,_local_function_declaration,type
csharp,_local_function_declaration,type_parameter_list
csharp,pattern,_parenthesized_pattern_with_designation
csharp,pattern,and_pattern
csharp,pattern,constant_pattern
csharp,pattern,declaration_pattern
csharp,pattern,discard
csharp,pattern,list_pattern
csharp,pattern,negated_pattern
csharp,pattern,or_pattern
csharp,pattern,parenthesized_pattern
csharp,pattern,recursive_pattern
csharp,pattern,relational_pattern
csharp,pattern,type_pattern
csharp,pattern,var_pattern
csharp,_parenthesized_pattern_with_designation,_variable_designation
csharp,_parenthesized_pattern_with_designation,pattern
csharp,constant_pattern,_complex_invocation_expression
csharp,constant_pattern,_name_invocation_pattern
csharp,constant_pattern,_simple_name
csharp,constant_pattern,binary_expression
csharp,constant_pattern,cast_expression
csharp,constant_pattern,default_expression
csharp,constant_pattern,interpolated_string_expression
csharp,constant_pattern,literal
csharp,constant_pattern,member_access_expression
csharp,constant_pattern,parenthesized_expression
csharp,constant_pattern,postfix_unary_expression
csharp,constant_pattern,prefix_unary_expression
csharp,constant_pattern,sizeof_expression
csharp,constant_pattern,tuple_expression
csharp,constant_pattern,typeof_expression
csharp,_name_invocation_pattern,_name
csharp,_name_invocation_pattern,argument_list
csharp,_complex_invocation_expression,argument_list
csharp,_complex_invocation_expression,cast_expression
csharp,_complex_invocation_expression,conditional_access_expression
csharp,_complex_invocation_expression,element_access_expression
csharp,_complex_invocation_expression,invocation_expression
csharp,_complex_invocation_expression,member_access_expression
csharp,_complex_invocation_expression,parenthesized_expression
csharp,parenthesized_pattern,pattern
csharp,var_pattern,_variable_designation
csharp,type_pattern,type
csharp,list_pattern,_variable_designation
csharp,list_pattern,pattern
csharp,list_pattern,slice_pattern
csharp,slice_pattern,pattern
csharp,recursive_pattern,_name
csharp,recursive_pattern,_variable_designation
csharp,recursive_pattern,positional_pattern_clause
csharp,recursive_pattern,property_pattern_clause
csharp,recursive_pattern,type
csharp,positional_pattern_clause,subpattern
csharp,property_pattern_clause,subpattern
csharp,subpattern,expression
csharp,subpattern,identifier
csharp,subpattern,pattern
csharp,relational_pattern,expression
csharp,negated_pattern,pattern
csharp,and_pattern,pattern
csharp,or_pattern,pattern
csharp,declaration_pattern,_variable_designation
csharp,declaration_pattern,type
csharp,_variable_designation,discard
csharp,_variable_designation,identifier
csharp,_variable_designation,parenthesized_variable_designation
csharp,parenthesized_variable_designation,_variable_designation
csharp,expression,lvalue_expression
csharp,expression,non_lvalue_expression
csharp,non_lvalue_expression,_address_of_expression
csharp,non_lvalue_expression,_expression_statement_expression
csharp,non_lvalue_expression,anonymous_method_expression
csharp,non_lvalue_expression,anonymous_object_creation_expression
csharp,non_lvalue_expression,array_creation_expression
csharp,non_lvalue_expression,as_expression
csharp,non_lvalue_expression,binary_expression
csharp,non_lvalue_expression,cast_expression
csharp,non_lvalue_expression,checked_expression
csharp,non_lvalue_expression,collection_expression
csharp,non_lvalue_expression,conditional_access_expression
csharp,non_lvalue_expression,conditional_expression
csharp,non_lvalue_expression,default_expression
csharp,non_lvalue_expression,implicit_array_creation_expression
csharp,non_lvalue_expression,implicit_object_creation_expression
csharp,non_lvalue_expression,implicit_stackalloc_expression
csharp,non_lvalue_expression,initializer_expression
csharp,non_lvalue_expression,interpolated_string_expression
csharp,non_lvalue_expression,is_expression
csharp,non_lvalue_expression,is_pattern_expression
csharp,non_lvalue_expression,lambda_expression
csharp,non_lvalue_expression,literal
csharp,non_lvalue_expression,makeref_expression
csharp,non_lvalue_expression,preproc_if_in_expression
csharp,non_lvalue_expression,query_expression
csharp,non_lvalue_expression,range_expression
csharp,non_lvalue_expression,ref_expression
csharp,non_lvalue_expression,reftype_expression
csharp,non_lvalue_expression,refvalue_expression
csharp,non_lvalue_expression,sizeof_expression
csharp,non_lvalue_expression,stackalloc_expression
csharp,non_lvalue_expression,switch_expression
csharp,non_lvalue_expression,throw_expression
csharp,non_lvalue_expression,typeof_expression
csharp,non_lvalue_expression,with_expression
csharp,lvalue_expression,_parenthesized_lvalue_expression
csharp,lvalue_expression,_pointer_indirection_expression
csharp,lvalue_expression,_simple_name
csharp,lvalue_expression,bracketed_argument_list
csharp,lvalue_expression,conditional_access_expression
csharp,lvalue_expression,element_access_expression
csharp,lvalue_expression,member_access_expression
csharp,lvalue_expression,tuple_expression
csharp,_expression_statement_expression,assignment_expression
csharp,_expression_statement_expression,await_expression
csharp,_expression_statement_expression,invocation_expression
csharp,_expression_statement_expression,object_creation_expression
csharp,_expression_statement_expression,parenthesized_expression
csharp,_expression_statement_expression,postfix_unary_expression
csharp,_expression_statement_expression,prefix_unary_expression
csharp,assignment_expression,expression
csharp,assignment_expression,lvalue_expression
csharp,binary_expression,expression
csharp,postfix_unary_expression,expression
csharp,prefix_unary_expression,expression
csharp,_pointer_indirection_expression,lvalue_expression
csharp,_address_of_expression,lvalue_expression
csharp,query_expression,_query_body
csharp,query_expression,from_clause
csharp,from_clause,expression
csharp,from_clause,identifier
csharp,from_clause,type
csharp,_query_body,_query_clause
csharp,_query_body,_select_or_group_clause
csharp,_query_body,identifier
csharp,_query_clause,from_clause
csharp,_query_clause,join_clause
csharp,_query_clause,let_clause
csharp,_query_clause,order_by_clause
csharp,_query_clause,where_clause
csharp,join_clause,_join_body
csharp,join_clause,_join_header
csharp,join_clause,join_into_clause
csharp,_join_header,expression
csharp,_join_header,identifier
csharp,_join_header,type
csharp,_join_body,expression
csharp,join_into_clause,identifier
csharp,let_clause,expression
csharp,let_clause,identifier
csharp,order_by_clause,_ordering
csharp,_ordering,expression
csharp,where_clause,expression
csharp,_select_or_group_clause,group_clause
csharp,_select_or_group_clause,select_clause
csharp,group_clause,expression
csharp,select_clause,expression
csharp,conditional_expression,expression
csharp,conditional_access_expression,bracketed_argument_list
csharp,conditional_access_expression,expression
csharp,conditional_access_expression,member_binding_expression
csharp,as_expression,expression
csharp,as_expression,type
csharp,is_expression,expression
csharp,is_expression,type
csharp,is_pattern_expression,expression
csharp,is_pattern_expression,pattern
csharp,cast_expression,expression
csharp,cast_expression,type
csharp,checked_expression,expression
csharp,invocation_expression,argument_list
csharp,invocation_expression,expression
csharp,switch_expression,_switch_expression_body
csharp,switch_expression,expression
csharp,_switch_expression_body,switch_expression_arm
csharp,switch_expression_arm,expression
csharp,switch_expression_arm,pattern
csharp,switch_expression_arm,when_clause
csharp,when_clause,expression
csharp,await_expression,expression
csharp,throw_expression,expression
csharp,element_access_expression,bracketed_argument_list
csharp,element_access_expression,expression
csharp,interpolated_string_expression,_interpolated_raw_string_content
csharp,interpolated_string_expression,_interpolated_string_content
csharp,interpolated_string_expression,_interpolated_verbatim_string_content
csharp,interpolated_string_expression,interpolation_end_quote
csharp,interpolated_string_expression,interpolation_raw_start
csharp,interpolated_string_expression,interpolation_regular_start
csharp,interpolated_string_expression,interpolation_start_quote
csharp,interpolated_string_expression,interpolation_verbatim_start
csharp,_interpolated_string_content,escape_sequence
csharp,_interpolated_string_content,interpolation
csharp,_interpolated_string_content,interpolation_string_content
csharp,_interpolated_verbatim_string_content,interpolation
csharp,_interpolated_verbatim_string_content,interpolation_string_content
csharp,_interpolated_raw_string_content,interpolation
csharp,_interpolated_raw_string_content,interpolation_string_content
csharp,interpolation,expression
csharp,interpolation,interpolation_alignment_clause
csharp,interpolation,interpolation_close_brace
csharp,interpolation,interpolation_format_clause
csharp,interpolation,interpolation_open_brace
csharp,interpolation_alignment_clause,expression
csharp,member_access_expression,_name
csharp,member_access_expression,_simple_name
csharp,member_access_expression,expression
csharp,member_access_expression,predefined_type
csharp,member_binding_expression,_simple_name
csharp,object_creation_expression,argument_list
csharp,object_creation_expression,initializer_expression
csharp,object_creation_expression,type
csharp,_object_creation_type,_name
csharp,_object_creation_type,nullable_type
csharp,_object_creation_type,predefined_type
csharp,parenthesized_expression,non_lvalue_expression
csharp,_parenthesized_lvalue_expression,lvalue_expression
csharp,lambda_expression,_lambda_expression_init
csharp,lambda_expression,block
csharp,lambda_expression,expression
csharp,_lambda_expression_init,_attribute_list
csharp,_lambda_expression_init,_lambda_parameters
csharp,_lambda_expression_init,type
csharp,_lambda_parameters,_implicit_parameter_list_with_modifiers
csharp,_lambda_parameters,identifier
csharp,_lambda_parameters,parameter_list
csharp,_implicit_parameter_list_with_modifiers,_lambda_paren_open
csharp,_implicit_parameter_list_with_modifiers,identifier
csharp,array_creation_expression,array_type
csharp,array_creation_expression,initializer_expression
csharp,anonymous_method_expression,block
csharp,anonymous_method_expression,parameter_list
csharp,anonymous_object_creation_expression,_anonymous_object_member_declarator
csharp,_anonymous_object_member_declarator,expression
csharp,_anonymous_object_member_declarator,identifier
csharp,implicit_array_creation_expression,initializer_expression
csharp,implicit_object_creation_expression,argument_list
csharp,implicit_object_creation_expression,initializer_expression
csharp,implicit_stackalloc_expression,initializer_expression
csharp,collection_expression,collection_element
csharp,collection_element,expression_element
csharp,collection_element,spread_element
csharp,expression_element,expression
csharp,spread_element,expression
csharp,initializer_expression,expression
csharp,declaration_expression,identifier
csharp,declaration_expression,type
csharp,default_expression,type
csharp,with_expression,_with_body
csharp,with_expression,expression
csharp,_with_body,with_initializer
csharp,with_initializer,expression
csharp,with_initializer,identifier
csharp,sizeof_expression,type
csharp,typeof_expression,type
csharp,makeref_expression,expression
csharp,ref_expression,expression
csharp,reftype_expression,expression
csharp,refvalue_expression,expression
csharp,refvalue_expression,type
csharp,stackalloc_expression,array_type
csharp,stackalloc_expression,initializer_expression
csharp,range_expression,expression
csharp,tuple_expression,argument
csharp,literal,boolean_literal
csharp,literal,character_literal
csharp,literal,integer_literal
csharp,literal,null_literal
csharp,literal,raw_string_literal
csharp,literal,real_literal
csharp,literal,string_literal
csharp,literal,verbatim_string_literal
csharp,character_literal,character_literal_content
csharp,character_literal,escape_sequence
csharp,string_literal,escape_sequence
csharp,string_literal,string_literal_content
csharp,string_literal,string_literal_encoding
csharp,raw_string_literal,raw_string_content
csharp,raw_string_literal,raw_string_end
csharp,raw_string_literal,raw_string_start
csharp,identifier,_identifier_token
csharp,identifier,_reserved_identifier
csharp,preproc_if,_preproc_expression
csharp,preproc_if,declaration
csharp,preproc_if,preproc_elif
csharp,preproc_if,preproc_else
csharp,preproc_else,declaration
csharp,preproc_elif,_preproc_expression
csharp,preproc_elif,declaration
csharp,preproc_elif,preproc_elif
csharp,preproc_elif,preproc_else
csharp,preproc_if_in_top_level,_preproc_expression
csharp,preproc_if_in_top_level,_top_level_item_no_statement
csharp,preproc_if_in_top_level,preproc_elif_in_top_level
csharp,preproc_if_in_top_level,preproc_else_in_top_level
csharp,preproc_if_in_top_level,statement
csharp,preproc_else_in_top_level,_top_level_item_no_statement
csharp,preproc_else_in_top_level,statement
csharp,preproc_elif_in_top_level,_preproc_expression
csharp,preproc_elif_in_top_level,_top_level_item_no_statement
csharp,preproc_elif_in_top_level,preproc_elif_in_top_level
csharp,preproc_elif_in_top_level,preproc_else_in_top_level
csharp,preproc_elif_in_top_level,statement
csharp,preproc_if_in_expression,_preproc_expression
csharp,preproc_if_in_expression,expression
csharp,preproc_if_in_expression,preproc_elif_in_expression
csharp,preproc_if_in_expression,preproc_else_in_expression
csharp,preproc_else_in_expression,expression
csharp,preproc_elif_in_expression,_preproc_expression
csharp,preproc_elif_in_expression,expression
csharp,preproc_elif_in_expression,preproc_elif_in_expression
csharp,preproc_elif_in_expression,preproc_else_in_expression
csharp,preproc_if_in_enum_member_declaration,_preproc_expression
csharp,preproc_if_in_enum_member_declaration,enum_member_declaration
csharp,preproc_if_in_enum_member_declaration,preproc_elif_in_enum_member_declaration
csharp,preproc_if_in_enum_member_declaration,preproc_else_in_enum_member_declaration
csharp,preproc_else_in_enum_member_declaration,enum_member_declaration
csharp,preproc_elif_in_enum_member_declaration,_preproc_expression
csharp,preproc_elif_in_enum_member_declaration,enum_member_declaration
csharp,preproc_elif_in_enum_member_declaration,preproc_elif_in_enum_member_declaration
csharp,preproc_elif_in_enum_member_declaration,preproc_else_in_enum_member_declaration
csharp,preproc_if_in_attribute_list,_preproc_expression
csharp,preproc_if_in_attribute_list,attribute_list
csharp,preproc_if_in_attribute_list,preproc_elif_in_attribute_list
csharp,preproc_if_in_attribute_list,preproc_else_in_attribute_list
csharp,preproc_else_in_attribute_list,attribute_list
csharp,preproc_elif_in_attribute_list,_preproc_expression
csharp,preproc_elif_in_attribute_list,attribute_list
csharp,preproc_elif_in_attribute_list,preproc_elif_in_attribute_list
csharp,preproc_elif_in_attribute_list,preproc_else_in_attribute_list
csharp,_preproc_expression,boolean_literal
csharp,_preproc_expression,character_literal
csharp,_preproc_expression,identifier
csharp,_preproc_expression,integer_literal
csharp,_preproc_expression,preproc_binary_expression
csharp,_preproc_expression,preproc_parenthesized_expression
csharp,_preproc_expression,preproc_unary_expression
csharp,preproc_parenthesized_expression,_preproc_expression
csharp,preproc_unary_expression,_preproc_expression
csharp,preproc_binary_expression,_preproc_expression
csharp,preproc_region,preproc_arg
csharp,preproc_endregion,preproc_arg
csharp,preproc_line,integer_literal
csharp,preproc_line,string_literal
csharp,preproc_pragma,identifier
csharp,preproc_pragma,integer_literal
csharp,preproc_pragma,string_literal
csharp,preproc_error,preproc_arg
csharp,preproc_warning,preproc_arg
csharp,preproc_define,preproc_arg
csharp,preproc_undef,preproc_arg
java,program,_toplevel_statement
java,_toplevel_statement,method_declaration
java,_toplevel_statement,statement
java,_literal,binary_integer_literal
java,_literal,character_literal
java,_literal,decimal_floating_point_literal
java,_literal,decimal_integer_literal
java,_literal,false
java,_literal,hex_floating_point_literal
java,_literal,hex_integer_literal
java,_literal,null_literal
java,_literal,octal_integer_literal
java,_literal,string_literal
java,_literal,true
java,string_literal,_multiline_string_literal
java,string_literal,_string_literal
java,_string_literal,escape_sequence
java,_string_literal,string_fragment
java,_string_literal,string_interpolation
java,_multiline_string_literal,_escape_sequence
java,_multiline_string_literal,_multiline_string_fragment
java,_multiline_string_literal,string_interpolation
java,string_interpolation,expression
java,_escape_sequence,escape_sequence
java,expression,assignment_expression
java,expression,binary_expression
java,expression,cast_expression
java,expression,instanceof_expression
java,expression,lambda_expression
java,expression,primary_expression
java,expression,switch_expression
java,expression,ternary_expression
java,expression,unary_expression
java,expression,update_expression
java,cast_expression,_type
java,cast_expression,expression
java,cast_expression,lambda_expression
java,cast_expression,primary_expression
java,assignment_expression,_reserved_identifier
java,assignment_expression,array_access
java,assignment_expression,expression
java,assignment_expression,field_access
java,assignment_expression,identifier
java,binary_expression,expression
java,instanceof_expression,_reserved_identifier
java,instanceof_expression,_type
java,instanceof_expression,expression
java,instanceof_expression,identifier
java,instanceof_expression,record_pattern
java,lambda_expression,_reserved_identifier
java,lambda_expression,block
java,lambda_expression,expression
java,lambda_expression,formal_parameters
java,lambda_expression,identifier
java,lambda_expression,inferred_parameters
java,inferred_parameters,_reserved_identifier
java,inferred_parameters,identifier
java,ternary_expression,expression
java,unary_expression,expression
java,update_expression,expression
java,primary_expression,_literal
java,primary_expression,_reserved_identifier
java,primary_expression,array_access
java,primary_expression,array_creation_expression
java,primary_expression,class_literal
java,primary_expression,field_access
java,primary_expression,identifier
java,primary_expression,method_invocation
java,primary_expression,method_reference
java,primary_expression,object_creation_expression
java,primary_expression,parenthesized_expression
java,primary_expression,template_expression
java,primary_expression,this
java,array_creation_expression,_annotation
java,array_creation_expression,_simple_type
java,array_creation_expression,array_initializer
java,array_creation_expression,dimensions
java,array_creation_expression,dimensions_expr
java,dimensions_expr,_annotation
java,dimensions_expr,expression
java,parenthesized_expression,expression
java,class_literal,_unannotated_type
java,object_creation_expression,_unqualified_object_creation_expression
java,object_creation_expression,primary_expression
java,_unqualified_object_creation_expression,_annotation
java,_unqualified_object_creation_expression,_simple_type
java,_unqualified_object_creation_expression,argument_list
java,_unqualified_object_creation_expression,class_body
java,_unqualified_object_creation_expression,type_arguments
java,field_access,_reserved_identifier
java,field_access,identifier
java,field_access,primary_expression
java,field_access,super
java,field_access,this
java,template_expression,primary_expression
java,template_expression,string_literal
java,array_access,expression
java,array_access,primary_expression
java,method_invocation,_reserved_identifier
java,method_invocation,argument_list
java,method_invocation,identifier
java,method_invocation,primary_expression
java,method_invocation,super
java,method_invocation,type_arguments
java,argument_list,expression
java,method_reference,_type
java,method_reference,identifier
java,method_reference,primary_expression
java,method_reference,super
java,method_reference,type_arguments
java,type_arguments,_type
java,type_arguments,wildcard
java,wildcard,_annotation
java,wildcard,_wildcard_bounds
java,_wildcard_bounds,_type
java,_wildcard_bounds,super
java,dimensions,_annotation
java,switch_expression,parenthesized_expression
java,switch_expression,switch_block
java,switch_block,switch_block_statement_group
java,switch_block,switch_rule
java,switch_block_statement_group,statement
java,switch_block_statement_group,switch_label
java,switch_rule,block
java,switch_rule,expression_statement
java,switch_rule,switch_label
java,switch_rule,throw_statement
java,switch_label,expression
java,switch_label,guard
java,switch_label,pattern
java,pattern,record_pattern
java,pattern,type_pattern
java,type_pattern,_reserved_identifier
java,type_pattern,_unannotated_type
java,type_pattern,identifier
java,record_pattern,_reserved_identifier
java,record_pattern,generic_type
java,record_pattern,identifier
java,record_pattern,record_pattern_body
java,record_pattern_body,record_pattern
java,record_pattern_body,record_pattern_component
java,record_pattern_component,_reserved_identifier
java,record_pattern_component,_unannotated_type
java,record_pattern_component,identifier
java,record_pattern_component,underscore_pattern
java,guard,expression
java,statement,assert_statement
java,statement,block
java,statement,break_statement
java,statement,continue_statement
java,statement,declaration
java,statement,do_statement
java,statement,enhanced_for_statement
java,statement,expression_statement
java,statement,for_statement
java,statement,if_statement
java,statement,labeled_statement
java,statement,local_variable_declaration
java,statement,return_statement
java,statement,switch_expression
java,statement,synchronized_statement
java,statement,throw_statement
java,statement,try_statement
java,statement,try_with_resources_statement
java,statement,while_statement
java,statement,yield_statement
java,block,statement
java,expression_statement,expression
java,labeled_statement,identifier
java,labeled_statement,statement
java,assert_statement,expression
java,do_statement,parenthesized_expression
java,do_statement,statement
java,break_statement,identifier
java,continue_statement,identifier
java,return_statement,expression
java,yield_statement,expression
java,synchronized_statement,block
java,synchronized_statement,parenthesized_expression
java,throw_statement,expression
java,try_statement,block
java,try_statement,catch_clause
java,try_statement,finally_clause
java,catch_clause,block
java,catch_clause,catch_formal_parameter
java,catch_formal_parameter,_variable_declarator_id
java,catch_formal_parameter,catch_type
java,catch_formal_parameter,modifiers
java,catch_type,_unannotated_type
java,finally_clause,block
java,try_with_resources_statement,block
java,try_with_resources_statement,catch_clause
java,try_with_resources_statement,finally_clause
java,try_with_resources_statement,resource_specification
java,resource_specification,resource
java,resource,_unannotated_type
java,resource,_variable_declarator_id
java,resource,expression
java,resource,field_access
java,resource,identifier
java,resource,modifiers
java,if_statement,parenthesized_expression
java,if_statement,statement
java,while_statement,parenthesized_expression
java,while_statement,statement
java,for_statement,expression
java,for_statement,local_variable_declaration
java,for_statement,statement
java,enhanced_for_statement,_unannotated_type
java,enhanced_for_statement,_variable_declarator_id
java,enhanced_for_statement,expression
java,enhanced_for_statement,modifiers
java,enhanced_for_statement,statement
java,_annotation,annotation
java,_annotation,marker_annotation
java,marker_annotation,_name
java,annotation,_name
java,annotation,annotation_argument_list
java,annotation_argument_list,_element_value
java,annotation_argument_list,element_value_pair
java,element_value_pair,_element_value
java,element_value_pair,_reserved_identifier
java,element_value_pair,identifier
java,_element_value,_annotation
java,_element_value,element_value_array_initializer
java,_element_value,expression
java,element_value_array_initializer,_element_value
java,declaration,annotation_type_declaration
java,declaration,class_declaration
java,declaration,enum_declaration
java,declaration,import_declaration
java,declaration,interface_declaration
java,declaration,module_declaration
java,declaration,package_declaration
java,declaration,record_declaration
java,module_declaration,_annotation
java,module_declaration,_name
java,module_declaration,module_body
java,module_body,module_directive
java,module_directive,exports_module_directive
java,module_directive,opens_module_directive
java,module_directive,provides_module_directive
java,module_directive,requires_module_directive
java,module_directive,uses_module_directive
java,requires_module_directive,_name
java,requires_module_directive,requires_modifier
java,exports_module_directive,_name
java,opens_module_directive,_name
java,uses_module_directive,_name
java,provides_module_directive,_name
java,package_declaration,_annotation
java,package_declaration,_name
java,import_declaration,_name
java,import_declaration,asterisk
java,enum_declaration,enum_body
java,enum_declaration,identifier
java,enum_declaration,modifiers
java,enum_declaration,super_interfaces
java,enum_body,enum_body_declarations
java,enum_body,enum_constant
java,enum_body_declarations,_class_body_declaration
java,enum_constant,argument_list
java,enum_constant,class_body
java,enum_constant,identifier
java,enum_constant,modifiers
java,class_declaration,class_body
java,class_declaration,identifier
java,class_declaration,modifiers
java,class_declaration,permits
java,class_declaration,super_interfaces
java,class_declaration,superclass
java,class_declaration,type_parameters
java,modifiers,_annotation
java,type_parameters,type_parameter
java,type_parameter,_annotation
java,type_parameter,identifier
java,type_parameter,type_bound
java,type_bound,_type
java,superclass,_type
java,super_interfaces,type_list
java,type_list,_type
java,permits,type_list
java,class_body,_class_body_declaration
java,_class_body_declaration,annotation_type_declaration
java,_class_body_declaration,block
java,_class_body_declaration,class_declaration
java,_class_body_declaration,compact_constructor_declaration
java,_class_body_declaration,constructor_declaration
java,_class_body_declaration,enum_declaration
java,_class_body_declaration,field_declaration
java,_class_body_declaration,interface_declaration
java,_class_body_declaration,method_declaration
java,_class_body_declaration,record_declaration
java,_class_body_declaration,static_initializer
java,static_initializer,block
java,constructor_declaration,_constructor_declarator
java,constructor_declaration,constructor_body
java,constructor_declaration,modifiers
java,constructor_declaration,throws
java,_constructor_declarator,formal_parameters
java,_constructor_declarator,identifier
java,_constructor_declarator,type_parameters
java,constructor_body,explicit_constructor_invocation
java,constructor_body,statement
java,explicit_constructor_invocation,argument_list
java,explicit_constructor_invocation,primary_expression
java,explicit_constructor_invocation,super
java,explicit_constructor_invocation,this
java,explicit_constructor_invocation,type_arguments
java,_name,_reserved_identifier
java,_name,identifier
java,_name,scoped_identifier
java,scoped_identifier,_name
java,scoped_identifier,identifier
java,field_declaration,_unannotated_type
java,field_declaration,_variable_declarator_list
java,field_declaration,modifiers
java,record_declaration,class_body
java,record_declaration,formal_parameters
java,record_declaration,identifier
java,record_declaration,modifiers
java,record_declaration,super_interfaces
java,record_declaration,type_parameters
java,annotation_type_declaration,annotation_type_body
java,annotation_type_declaration,identifier
java,annotation_type_declaration,modifiers
java,annotation_type_body,annotation_type_declaration
java,annotation_type_body,annotation_type_element_declaration
java,annotation_type_body,class_declaration
java,annotation_type_body,constant_declaration
java,annotation_type_body,enum_declaration
java,annotation_type_body,interface_declaration
java,annotation_type_element_declaration,_default_value
java,annotation_type_element_declaration,_reserved_identifier
java,annotation_type_element_declaration,_unannotated_type
java,annotation_type_element_declaration,dimensions
java,annotation_type_element_declaration,identifier
java,annotation_type_element_declaration,modifiers
java,_default_value,_element_value
java,interface_declaration,extends_interfaces
java,interface_declaration,identifier
java,interface_declaration,interface_body
java,interface_declaration,modifiers
java,interface_declaration,permits
java,interface_declaration,type_parameters
java,extends_interfaces,type_list
java,interface_body,annotation_type_declaration
java,interface_body,class_declaration
java,interface_body,constant_declaration
java,interface_body,enum_declaration
java,interface_body,interface_declaration
java,interface_body,method_declaration
java,interface_body,record_declaration
java,constant_declaration,_unannotated_type
java,constant_declaration,_variable_declarator_list
java,constant_declaration,modifiers
java,_variable_declarator_list,variable_declarator
java,variable_declarator,_variable_declarator_id
java,variable_declarator,_variable_initializer
java,_variable_declarator_id,_reserved_identifier
java,_variable_declarator_id,dimensions
java,_variable_declarator_id,identifier
java,_variable_declarator_id,underscore_pattern
java,_variable_initializer,array_initializer
java,_variable_initializer,expression
java,array_initializer,_variable_initializer
java,_type,_unannotated_type
java,_type,annotated_type
java,_unannotated_type,_simple_type
java,_unannotated_type,array_type
java,_simple_type,boolean_type
java,_simple_type,floating_point_type
java,_simple_type,generic_type
java,_simple_type,identifier
java,_simple_type,integral_type
java,_simple_type,scoped_type_identifier
java,_simple_type,void_type
java,annotated_type,_annotation
java,annotated_type,_unannotated_type
java,scoped_type_identifier,_annotation
java,scoped_type_identifier,generic_type
java,scoped_type_identifier,identifier
java,scoped_type_identifier,scoped_type_identifier
java,generic_type,identifier
java,generic_type,scoped_type_identifier
java,generic_type,type_arguments
java,array_type,_unannotated_type
java,array_type,dimensions
java,_method_header,_annotation
java,_method_header,_method_declarator
java,_method_header,_unannotated_type
java,_method_header,throws
java,_method_header,type_parameters
java,_method_declarator,_reserved_identifier
java,_method_declarator,dimensions
java,_method_declarator,formal_parameters
java,_method_declarator,identifier
java,formal_parameters,formal_parameter
java,formal_parameters,receiver_parameter
java,formal_parameters,spread_parameter
java,formal_parameter,_unannotated_type
java,formal_parameter,_variable_declarator_id
java,formal_parameter,modifiers
java,receiver_parameter,_annotation
java,receiver_parameter,_unannotated_type
java,receiver_parameter,identifier
java,receiver_parameter,this
java,spread_parameter,_annotation
java,spread_parameter,_unannotated_type
java,spread_parameter,modifiers
java,spread_parameter,variable_declarator
java,throws,_type
java,local_variable_declaration,_unannotated_type
java,local_variable_declaration,_variable_declarator_list
java,local_variable_declaration,modifiers
java,method_declaration,_method_header
java,method_declaration,block
java,method_declaration,modifiers
java,compact_constructor_declaration,block
java,compact_constructor_declaration,identifier
java,compact_constructor_declaration,modifiers
kotlin,source_file,_semi
kotlin,source_file,_statement
kotlin,source_file,file_annotation
kotlin,source_file,import_list
kotlin,source_file,package_header
kotlin,source_file,shebang_line
kotlin,file_annotation,_semi
kotlin,file_annotation,_unescaped_annotation
kotlin,package_header,_semi
kotlin,package_header,identifier
kotlin,import_list,import_header
kotlin,import_header,_import_dot
kotlin,import_header,_import_identifier
kotlin,import_header,_semi
kotlin,import_header,import_alias
kotlin,import_header,wildcard_import
kotlin,import_alias,simple_identifier
kotlin,top_level_object,_declaration
kotlin,top_level_object,_semi
kotlin,type_alias,_type
kotlin,type_alias,modifiers
kotlin,type_alias,simple_identifier
kotlin,type_alias,type_parameters
kotlin,_declaration,class_declaration
kotlin,_declaration,destructuring_declaration
kotlin,_declaration,function_declaration
kotlin,_declaration,getter
kotlin,_declaration,object_declaration
kotlin,_declaration,property_declaration
kotlin,_declaration,setter
kotlin,_declaration,type_alias
kotlin,class_declaration,_delegation_specifiers
kotlin,class_declaration,class_body
kotlin,class_declaration,enum_class_body
kotlin,class_declaration,modifiers
kotlin,class_declaration,primary_constructor
kotlin,class_declaration,simple_identifier
kotlin,class_declaration,type_constraints
kotlin,class_declaration,type_parameters
kotlin,primary_constructor,_class_parameters
kotlin,primary_constructor,_primary_constructor_keyword
kotlin,primary_constructor,modifiers
kotlin,class_body,_class_member_declarations
kotlin,_class_parameters,class_parameter
kotlin,class_parameter,_expression
kotlin,class_parameter,_type
kotlin,class_parameter,binding_pattern_kind
kotlin,class_parameter,modifiers
kotlin,class_parameter,simple_identifier
kotlin,_delegation_specifiers,delegation_specifier
kotlin,delegation_specifier,constructor_invocation
kotlin,delegation_specifier,explicit_delegation
kotlin,delegation_specifier,function_type
kotlin,delegation_specifier,user_type
kotlin,constructor_invocation,user_type
kotlin,constructor_invocation,value_arguments
kotlin,_annotation_constructor_invocation,user_type
kotlin,_annotation_constructor_invocation,value_arguments
kotlin,_annotated_delegation_specifier,annotation
kotlin,_annotated_delegation_specifier,delegation_specifier
kotlin,explicit_delegation,_by_delegation_hint
kotlin,explicit_delegation,_expression_no_trailing_lambda
kotlin,explicit_delegation,function_type
kotlin,explicit_delegation,user_type
kotlin,_expression_no_trailing_lambda,_binary_expression
kotlin,_expression_no_trailing_lambda,_primary_expression_no_trailing_lambda
kotlin,_expression_no_trailing_lambda,_unary_expression
kotlin,_primary_expression_no_trailing_lambda,_function_literal
kotlin,_primary_expression_no_trailing_lambda,_generic_call_expression_no_trailing_lambda
kotlin,_primary_expression_no_trailing_lambda,_literal_constant
kotlin,_primary_expression_no_trailing_lambda,call_expression_no_trailing_lambda
kotlin,_primary_expression_no_trailing_lambda,callable_reference
kotlin,_primary_expression_no_trailing_lambda,collection_literal
kotlin,_primary_expression_no_trailing_lambda,if_expression
kotlin,_primary_expression_no_trailing_lambda,jump_expression
kotlin,_primary_expression_no_trailing_lambda,object_literal
kotlin,_primary_expression_no_trailing_lambda,parenthesized_expression
kotlin,_primary_expression_no_trailing_lambda,simple_identifier
kotlin,_primary_expression_no_trailing_lambda,string_literal
kotlin,_primary_expression_no_trailing_lambda,super_expression
kotlin,_primary_expression_no_trailing_lambda,this_expression
kotlin,_primary_expression_no_trailing_lambda,try_expression
kotlin,_primary_expression_no_trailing_lambda,when_expression
kotlin,call_expression_no_trailing_lambda,_call_suffix_no_trailing_lambda
kotlin,call_expression_no_trailing_lambda,_expression_no_trailing_lambda
kotlin,_generic_call_expression_no_trailing_lambda,_expression_no_trailing_lambda
kotlin,_generic_call_expression_no_trailing_lambda,_generic_call_suffix_no_trailing_lambda
kotlin,_call_suffix_no_trailing_lambda,type_arguments
kotlin,_call_suffix_no_trailing_lambda,value_arguments
kotlin,_generic_call_suffix_no_trailing_lambda,type_arguments
kotlin,_generic_call_suffix_no_trailing_lambda,value_arguments
kotlin,type_parameters,type_parameter
kotlin,type_parameter,_type
kotlin,type_parameter,simple_identifier
kotlin,type_parameter,type_parameter_modifiers
kotlin,type_constraints,type_constraint
kotlin,type_constraint,_type
kotlin,type_constraint,annotation
kotlin,type_constraint,simple_identifier
kotlin,_class_member_declarations,_class_member_declaration
kotlin,_class_member_declarations,_semi
kotlin,_class_member_declaration,_declaration
kotlin,_class_member_declaration,anonymous_initializer
kotlin,_class_member_declaration,companion_object
kotlin,_class_member_declaration,secondary_constructor
kotlin,anonymous_initializer,_block
kotlin,companion_object,_delegation_specifiers
kotlin,companion_object,class_body
kotlin,companion_object,modifiers
kotlin,companion_object,simple_identifier
kotlin,function_value_parameters,_function_value_parameter
kotlin,_function_value_parameter,_expression
kotlin,_function_value_parameter,parameter
kotlin,_function_value_parameter,parameter_modifiers
kotlin,receiver_type,_type_reference
kotlin,receiver_type,nullable_type
kotlin,receiver_type,parenthesized_type
kotlin,receiver_type,type_modifiers
kotlin,function_declaration,_type
kotlin,function_declaration,function_body
kotlin,function_declaration,function_value_parameters
kotlin,function_declaration,modifiers
kotlin,function_declaration,receiver_type
kotlin,function_declaration,simple_identifier
kotlin,function_declaration,type_constraints
kotlin,function_declaration,type_parameters
kotlin,function_body,_block
kotlin,function_body,_expression
kotlin,variable_declaration,_type
kotlin,variable_declaration,simple_identifier
kotlin,_name_based_destructuring_entry,_type
kotlin,_name_based_destructuring_entry,binding_pattern_kind
kotlin,_name_based_destructuring_entry,simple_identifier
kotlin,_positional_destructuring_entry,_type
kotlin,_positional_destructuring_entry,binding_pattern_kind
kotlin,_positional_destructuring_entry,simple_identifier
kotlin,property_declaration,_expression
kotlin,property_declaration,binding_pattern_kind
kotlin,property_declaration,getter
kotlin,property_declaration,modifiers
kotlin,property_declaration,multi_variable_declaration
kotlin,property_declaration,property_delegate
kotlin,property_declaration,receiver_type
kotlin,property_declaration,setter
kotlin,property_declaration,type_constraints
kotlin,property_declaration,type_parameters
kotlin,property_declaration,variable_declaration
kotlin,property_delegate,_by_delegation_hint
kotlin,property_delegate,_expression
kotlin,destructuring_declaration,_expression
kotlin,destructuring_declaration,modifiers
kotlin,destructuring_declaration,multi_variable_declaration
kotlin,destructuring_declaration,type_constraints
kotlin,getter,_type
kotlin,getter,function_body
kotlin,getter,modifiers
kotlin,setter,_type
kotlin,setter,function_body
kotlin,setter,modifiers
kotlin,setter,parameter_with_optional_type
kotlin,parameters_with_optional_type,parameter_with_optional_type
kotlin,parameter_with_optional_type,_type
kotlin,parameter_with_optional_type,parameter_modifiers
kotlin,parameter_with_optional_type,simple_identifier
kotlin,parameter,_type
kotlin,parameter,simple_identifier
kotlin,object_declaration,_delegation_specifiers
kotlin,object_declaration,class_body
kotlin,object_declaration,modifiers
kotlin,object_declaration,simple_identifier
kotlin,secondary_constructor,_block
kotlin,secondary_constructor,constructor_delegation_call
kotlin,secondary_constructor,function_value_parameters
kotlin,secondary_constructor,modifiers
kotlin,constructor_delegation_call,value_arguments
kotlin,enum_class_body,_class_member_declarations
kotlin,enum_class_body,_enum_entries
kotlin,_enum_entries,enum_entry
kotlin,enum_entry,class_body
kotlin,enum_entry,modifiers
kotlin,enum_entry,simple_identifier
kotlin,enum_entry,value_arguments
kotlin,_type,_type_reference
kotlin,_type,function_type
kotlin,_type,not_nullable_type
kotlin,_type,nullable_type
kotlin,_type,parenthesized_type
kotlin,_type,type_modifiers
kotlin,_type_reference,user_type
kotlin,not_nullable_type,parenthesized_user_type
kotlin,not_nullable_type,type_modifiers
kotlin,not_nullable_type,user_type
kotlin,nullable_type,_type_reference
kotlin,nullable_type,parenthesized_type
kotlin,nullable_type,quest
kotlin,user_type,_simple_user_type
kotlin,_simple_user_type,simple_identifier
kotlin,_simple_user_type,type_arguments
kotlin,type_projection,_type
kotlin,type_projection,type_projection_modifiers
kotlin,type_projection_modifiers,_type_projection_modifier
kotlin,_type_projection_modifier,variance_modifier
kotlin,function_type,_type
kotlin,function_type,function_type_parameters
kotlin,function_type,receiver_type
kotlin,function_type_parameters,_type
kotlin,function_type_parameters,parameter
kotlin,parenthesized_type,_type
kotlin,parenthesized_user_type,parenthesized_user_type
kotlin,parenthesized_user_type,user_type
kotlin,statements,_semi
kotlin,statements,_statement
kotlin,_statement,_declaration
kotlin,_statement,_expression
kotlin,_statement,_loop_statement
kotlin,_statement,_statement_annotation
kotlin,_statement,assignment
kotlin,_statement,label
kotlin,_statement_annotation,_multi_annotation
kotlin,_statement_annotation,_single_annotation
kotlin,control_structure_body,_block
kotlin,control_structure_body,_statement
kotlin,_block,statements
kotlin,_loop_statement,do_while_statement
kotlin,_loop_statement,for_statement
kotlin,_loop_statement,while_statement
kotlin,for_statement,_expression
kotlin,for_statement,annotation
kotlin,for_statement,control_structure_body
kotlin,for_statement,multi_variable_declaration
kotlin,for_statement,variable_declaration
kotlin,while_statement,_expression
kotlin,while_statement,control_structure_body
kotlin,do_while_statement,_expression
kotlin,do_while_statement,control_structure_body
kotlin,_semi,_automatic_semicolon
kotlin,assignment,_assignment_and_operator
kotlin,assignment,_expression
kotlin,assignment,directly_assignable_expression
kotlin,_expression,_binary_expression
kotlin,_expression,_primary_expression
kotlin,_expression,_unary_expression
kotlin,_unary_expression,as_expression
kotlin,_unary_expression,indexing_expression
kotlin,_unary_expression,navigation_expression
kotlin,_unary_expression,postfix_expression
kotlin,_unary_expression,prefix_expression
kotlin,_unary_expression,spread_expression
kotlin,postfix_expression,_expression
kotlin,postfix_expression,_postfix_unary_operator
kotlin,call_expression,_expression
kotlin,call_expression,call_suffix
kotlin,_generic_call_expression,_expression
kotlin,_generic_call_expression,_generic_call_suffix
kotlin,indexing_expression,_expression
kotlin,indexing_expression,indexing_suffix
kotlin,navigation_expression,_expression
kotlin,navigation_expression,navigation_suffix
kotlin,prefix_expression,_expression
kotlin,prefix_expression,_prefix_unary_operator
kotlin,prefix_expression,annotation
kotlin,prefix_expression,label
kotlin,as_expression,_as_operator
kotlin,as_expression,_expression
kotlin,as_expression,_type
kotlin,spread_expression,_expression
kotlin,_binary_expression,additive_expression
kotlin,_binary_expression,check_expression
kotlin,_binary_expression,comparison_expression
kotlin,_binary_expression,conjunction_expression
kotlin,_binary_expression,disjunction_expression
kotlin,_binary_expression,elvis_expression
kotlin,_binary_expression,equality_expression
kotlin,_binary_expression,infix_expression
kotlin,_binary_expression,multiplicative_expression
kotlin,_binary_expression,range_expression
kotlin,multiplicative_expression,_expression
kotlin,multiplicative_expression,_multiplicative_operator
kotlin,additive_expression,_additive_operator
kotlin,additive_expression,_expression
kotlin,range_expression,_expression
kotlin,infix_expression,_expression
kotlin,infix_expression,simple_identifier
kotlin,elvis_expression,_expression
kotlin,check_expression,_expression
kotlin,check_expression,_in_operator
kotlin,check_expression,_is_operator
kotlin,check_expression,_type
kotlin,comparison_expression,_comparison_operator
kotlin,comparison_expression,_expression
kotlin,equality_expression,_equality_operator
kotlin,equality_expression,_expression
kotlin,conjunction_expression,_expression
kotlin,disjunction_expression,_expression
kotlin,indexing_suffix,_expression
kotlin,navigation_suffix,_member_access_operator
kotlin,navigation_suffix,parenthesized_expression
kotlin,navigation_suffix,simple_identifier
kotlin,navigation_suffix,type_arguments
kotlin,call_suffix,annotated_lambda
kotlin,call_suffix,type_arguments
kotlin,call_suffix,value_arguments
kotlin,_generic_call_suffix,annotated_lambda
kotlin,_generic_call_suffix,type_arguments
kotlin,_generic_call_suffix,value_arguments
kotlin,annotated_lambda,annotation
kotlin,annotated_lambda,label
kotlin,annotated_lambda,lambda_literal
kotlin,type_arguments,type_projection
kotlin,value_arguments,value_argument
kotlin,value_argument,_expression
kotlin,value_argument,annotation
kotlin,value_argument,simple_identifier
kotlin,_primary_expression,_function_literal
kotlin,_primary_expression,_generic_call_expression
kotlin,_primary_expression,_literal_constant
kotlin,_primary_expression,call_expression
kotlin,_primary_expression,callable_reference
kotlin,_primary_expression,collection_literal
kotlin,_primary_expression,if_expression
kotlin,_primary_expression,jump_expression
kotlin,_primary_expression,object_literal
kotlin,_primary_expression,parenthesized_expression
kotlin,_primary_expression,simple_identifier
kotlin,_primary_expression,string_literal
kotlin,_primary_expression,super_expression
kotlin,_primary_expression,this_expression
kotlin,_primary_expression,try_expression
kotlin,_primary_expression,when_expression
kotlin,parenthesized_expression,_expression
kotlin,collection_literal,_expression
kotlin,_literal_constant,bin_literal
kotlin,_literal_constant,boolean_literal
kotlin,_literal_constant,character_literal
kotlin,_literal_constant,hex_literal
kotlin,_literal_constant,integer_literal
kotlin,_literal_constant,long_literal
kotlin,_literal_constant,null_literal
kotlin,_literal_constant,real_literal
kotlin,_literal_constant,unsigned_literal
kotlin,string_literal,_interpolation
kotlin,string_literal,_string_end
kotlin,string_literal,_string_start
kotlin,string_literal,string_content
kotlin,line_string_expression,_expression
kotlin,_interpolation,_expression
kotlin,_interpolation,_interpolation_expression_start
kotlin,_interpolation,_interpolation_identifier_start
kotlin,_interpolation,simple_identifier
kotlin,lambda_literal,lambda_parameters
kotlin,lambda_literal,statements
kotlin,multi_variable_declaration,_name_based_destructuring_entry
kotlin,multi_variable_declaration,_positional_destructuring_entry
kotlin,lambda_parameters,_lambda_parameter
kotlin,_lambda_parameter,_type
kotlin,_lambda_parameter,multi_variable_declaration
kotlin,_lambda_parameter,variable_declaration
kotlin,anonymous_function,_simple_user_type
kotlin,anonymous_function,_type
kotlin,anonymous_function,function_body
kotlin,anonymous_function,function_value_parameters
kotlin,_function_literal,anonymous_function
kotlin,_function_literal,lambda_literal
kotlin,object_literal,_delegation_specifiers
kotlin,object_literal,class_body
kotlin,this_expression,_this_at
kotlin,super_expression,_super_at
kotlin,super_expression,_type
kotlin,if_expression,_expression
kotlin,if_expression,control_structure_body
kotlin,when_subject,_expression
kotlin,when_subject,annotation
kotlin,when_subject,variable_declaration
kotlin,when_expression,when_entry
kotlin,when_expression,when_subject
kotlin,when_entry,_semi
kotlin,when_entry,control_structure_body
kotlin,when_entry,guard_condition
kotlin,when_entry,when_condition
kotlin,guard_condition,_expression
kotlin,when_condition,_expression
kotlin,when_condition,range_test
kotlin,when_condition,type_test
kotlin,range_test,_expression
kotlin,range_test,_in_operator
kotlin,type_test,_is_operator
kotlin,type_test,_type
kotlin,try_expression,_block
kotlin,try_expression,catch_block
kotlin,try_expression,finally_block
kotlin,catch_block,_block
kotlin,catch_block,_type
kotlin,catch_block,annotation
kotlin,catch_block,simple_identifier
kotlin,finally_block,_block
kotlin,jump_expression,_break_at
kotlin,jump_expression,_continue_at
kotlin,jump_expression,_expression
kotlin,jump_expression,_return_at
kotlin,callable_reference,simple_identifier
kotlin,_postfix_unary_suffix,_postfix_unary_operator
kotlin,_postfix_unary_suffix,indexing_suffix
kotlin,_postfix_unary_suffix,navigation_suffix
kotlin,_postfix_unary_expression,_postfix_unary_suffix
kotlin,_postfix_unary_expression,_primary_expression
kotlin,directly_assignable_expression,_postfix_unary_expression
kotlin,directly_assignable_expression,simple_identifier
kotlin,modifiers,_modifier
kotlin,modifiers,annotation
kotlin,parameter_modifiers,annotation
kotlin,parameter_modifiers,parameter_modifier
kotlin,_modifier,class_modifier
kotlin,_modifier,function_modifier
kotlin,_modifier,inheritance_modifier
kotlin,_modifier,member_modifier
kotlin,_modifier,parameter_modifier
kotlin,_modifier,platform_modifier
kotlin,_modifier,property_modifier
kotlin,_modifier,visibility_modifier
kotlin,type_modifiers,_type_modifier
kotlin,_type_modifier,annotation
kotlin,type_parameter_modifiers,_type_parameter_modifier
kotlin,_type_parameter_modifier,annotation
kotlin,_type_parameter_modifier,reification_modifier
kotlin,_type_parameter_modifier,variance_modifier
kotlin,annotation,_multi_annotation
kotlin,annotation,_single_annotation
kotlin,_single_annotation,_unescaped_annotation
kotlin,_single_annotation,use_site_target
kotlin,_multi_annotation,_unescaped_annotation
kotlin,_multi_annotation,use_site_target
kotlin,_unescaped_annotation,_annotation_constructor_invocation
kotlin,_unescaped_annotation,user_type
kotlin,simple_identifier,_lexical_identifier
kotlin,identifier,simple_identifier
kotlin,_import_identifier,_import_dot
kotlin,_import_identifier,_import_identifier
kotlin,_import_identifier,simple_identifier
kotlin,_return_at,_lexical_identifier
kotlin,_continue_at,_lexical_identifier
kotlin,_break_at,_lexical_identifier
kotlin,_this_at,_lexical_identifier
kotlin,_super_at,_lexical_identifier
kotlin,_super_at,_type
kotlin,unsigned_literal,bin_literal
kotlin,unsigned_literal,hex_literal
kotlin,unsigned_literal,integer_literal
kotlin,long_literal,bin_literal
kotlin,long_literal,hex_literal
kotlin,long_literal,integer_literal
kotlin,character_literal,character_escape_seq
kotlin,character_escape_seq,_escaped_identifier
kotlin,character_escape_seq,_uni_character_literal
kotlin,_lexical_identifier,_alpha_identifier
kotlin,_lexical_identifier,_backtick_identifier
swift,source_file,_semi
swift,source_file,_top_level_statement
swift,source_file,shebang_line
swift,_semi,_explicit_semi
swift,_semi,_implicit_semi
swift,shebang_line,_hash_symbol
swift,simple_identifier,_contextual_simple_identifier
swift,_contextual_simple_identifier,_parameter_ownership_modifier
swift,identifier,_dot
swift,identifier,simple_identifier
swift,_basic_literal,_string_literal
swift,_basic_literal,bin_literal
swift,_basic_literal,boolean_literal
swift,_basic_literal,hex_literal
swift,_basic_literal,integer_literal
swift,_basic_literal,nil_literal
swift,_basic_literal,oct_literal
swift,_basic_literal,real_literal
swift,_basic_literal,regex_literal
swift,_string_literal,line_string_literal
swift,_string_literal,multi_line_string_literal
swift,_string_literal,raw_string_literal
swift,line_string_literal,_interpolation
swift,line_string_literal,_line_string_content
swift,_line_string_content,line_str_text
swift,_line_string_content,str_escaped_char
swift,str_escaped_char,_escaped_identifier
swift,str_escaped_char,_uni_character_literal
swift,multi_line_string_literal,_interpolation
swift,multi_line_string_literal,_multi_line_string_content
swift,raw_string_literal,raw_str_continuing_indicator
swift,raw_string_literal,raw_str_end_part
swift,raw_string_literal,raw_str_interpolation
swift,raw_string_literal,raw_str_part
swift,raw_str_interpolation,_interpolation_contents
swift,raw_str_interpolation,raw_str_interpolation_start
swift,_multi_line_string_content,multi_line_str_text
swift,_multi_line_string_content,str_escaped_char
swift,_interpolation,_interpolation_contents
swift,_interpolation_contents,value_argument
swift,regex_literal,_extended_regex_literal
swift,regex_literal,_multiline_regex_literal
swift,regex_literal,_oneline_regex_literal
swift,_extended_regex_literal,_hash_symbol
swift,_multiline_regex_literal,_hash_symbol
swift,type_annotation,_possibly_implicitly_unwrapped_type
swift,_possibly_implicitly_unwrapped_type,_type
swift,_type,_unannotated_type
swift,_type,type_modifiers
swift,_unannotated_type,array_type
swift,_unannotated_type,bracket_qualified_type
swift,_unannotated_type,dictionary_type
swift,_unannotated_type,existential_type
swift,_unannotated_type,function_type
swift,_unannotated_type,metatype
swift,_unannotated_type,opaque_type
swift,_unannotated_type,optional_type
swift,_unannotated_type,protocol_composition_type
swift,_unannotated_type,suppressed_constraint
swift,_unannotated_type,tuple_type
swift,_unannotated_type,type_pack_expansion
swift,_unannotated_type,type_parameter_pack
swift,_unannotated_type,user_type
swift,user_type,_dot
swift,user_type,_simple_user_type
swift,_simple_user_type,simple_identifier
swift,_simple_user_type,type_arguments
swift,tuple_type,_parenthesized_type
swift,tuple_type,tuple_type_item
swift,tuple_type_item,_tuple_type_item_identifier
swift,tuple_type_item,_type
swift,tuple_type_item,parameter_modifiers
swift,_tuple_type_item_identifier,simple_identifier
swift,_tuple_type_item_identifier,wildcard_pattern
swift,function_type,_arrow_operator
swift,function_type,_async_keyword
swift,function_type,_type
swift,function_type,_unannotated_type
swift,function_type,throws
swift,function_type,throws_clause
swift,function_type,tuple_type
swift,array_type,_type
swift,dictionary_type,_type
swift,optional_type,_double_optional
swift,optional_type,_immediate_quest
swift,optional_type,array_type
swift,optional_type,dictionary_type
swift,optional_type,tuple_type
swift,optional_type,user_type
swift,metatype,_unannotated_type
swift,bracket_qualified_type,array_type
swift,bracket_qualified_type,dictionary_type
swift,bracket_qualified_type,simple_identifier
swift,opaque_type,_unannotated_type
swift,existential_type,_unannotated_type
swift,type_parameter_pack,_unannotated_type
swift,type_pack_expansion,_unannotated_type
swift,protocol_composition_type,_unannotated_type
swift,suppressed_constraint,simple_identifier
swift,_expression,_binary_expression
swift,_expression,_expression
swift,_expression,_immediate_quest
swift,_expression,_primary_expression
swift,_expression,_unary_expression
swift,_expression,assignment
swift,_expression,if_statement
swift,_expression,simple_identifier
swift,_expression,switch_statement
swift,_expression,ternary_expression
swift,_expression,value_pack_expansion
swift,_expression,value_parameter_pack
swift,_unary_expression,as_expression
swift,_unary_expression,call_expression
swift,_unary_expression,constructor_expression
swift,_unary_expression,diagnostic
swift,_unary_expression,directive
swift,_unary_expression,macro_invocation
swift,_unary_expression,navigation_expression
swift,_unary_expression,open_end_range_expression
swift,_unary_expression,open_start_range_expression
swift,_unary_expression,postfix_expression
swift,_unary_expression,prefix_expression
swift,_unary_expression,selector_expression
swift,postfix_expression,_expression
swift,postfix_expression,_postfix_unary_operator
swift,constructor_expression,array_type
swift,constructor_expression,constructor_suffix
swift,constructor_expression,dictionary_type
swift,constructor_expression,user_type
swift,_parenthesized_type,dictionary_type
swift,_parenthesized_type,existential_type
swift,_parenthesized_type,opaque_type
swift,navigation_expression,_expression
swift,navigation_expression,_navigable_type_expression
swift,navigation_expression,_parenthesized_type
swift,navigation_expression,navigation_suffix
swift,_navigable_type_expression,array_type
swift,_navigable_type_expression,dictionary_type
swift,_navigable_type_expression,user_type
swift,open_start_range_expression,_expression
swift,open_start_range_expression,_range_operator
swift,_range_operator,_open_ended_range_operator
swift,_range_operator,_three_dot_operator
swift,open_end_range_expression,_expression
swift,open_end_range_expression,_three_dot_operator
swift,prefix_expression,_expression
swift,prefix_expression,_prefix_unary_operator
swift,as_expression,_expression
swift,as_expression,_type
swift,as_expression,as_operator
swift,selector_expression,_expression
swift,selector_expression,_hash_symbol
swift,_binary_expression,additive_expression
swift,_binary_expression,bitwise_operation
swift,_binary_expression,check_expression
swift,_binary_expression,comparison_expression
swift,_binary_expression,conjunction_expression
swift,_binary_expression,disjunction_expression
swift,_binary_expression,equality_expression
swift,_binary_expression,infix_expression
swift,_binary_expression,multiplicative_expression
swift,_binary_expression,nil_coalescing_expression
swift,_binary_expression,range_expression
swift,multiplicative_expression,_expression
swift,multiplicative_expression,_multiplicative_operator
swift,additive_expression,_additive_operator
swift,additive_expression,_expression
swift,range_expression,_expr_hack_at_ternary_binary_suffix
swift,range_expression,_expression
swift,range_expression,_range_operator
swift,infix_expression,_expr_hack_at_ternary_binary_suffix
swift,infix_expression,_expression
swift,infix_expression,custom_operator
swift,nil_coalescing_expression,_expr_hack_at_ternary_binary_suffix
swift,nil_coalescing_expression,_expression
swift,nil_coalescing_expression,_nil_coalescing_operator
swift,check_expression,_expression
swift,check_expression,_is_operator
swift,check_expression,_type
swift,comparison_expression,_comparison_operator
swift,comparison_expression,_expr_hack_at_ternary_binary_suffix
swift,comparison_expression,_expression
swift,equality_expression,_equality_operator
swift,equality_expression,_expr_hack_at_ternary_binary_suffix
swift,equality_expression,_expression
swift,conjunction_expression,_conjunction_operator
swift,conjunction_expression,_expr_hack_at_ternary_binary_suffix
swift,conjunction_expression,_expression
swift,disjunction_expression,_disjunction_operator
swift,disjunction_expression,_expr_hack_at_ternary_binary_suffix
swift,disjunction_expression,_expression
swift,bitwise_operation,_bitwise_binary_operator
swift,bitwise_operation,_expr_hack_at_ternary_binary_suffix
swift,bitwise_operation,_expression
swift,custom_operator,_custom_operator
swift,navigation_suffix,_dot
swift,navigation_suffix,integer_literal
swift,navigation_suffix,simple_identifier
swift,call_suffix,_fn_call_lambda_arguments
swift,call_suffix,value_arguments
swift,constructor_suffix,_constructor_value_arguments
swift,constructor_suffix,_fn_call_lambda_arguments
swift,_constructor_value_arguments,value_argument
swift,_fn_call_lambda_arguments,lambda_literal
swift,_fn_call_lambda_arguments,simple_identifier
swift,type_arguments,_type
swift,value_arguments,value_argument
swift,value_argument_label,simple_identifier
swift,value_argument,_expression
swift,value_argument,type_modifiers
swift,value_argument,value_argument_label
swift,try_expression,_binary_expression
swift,try_expression,_expression
swift,try_expression,await_expression
swift,try_expression,call_expression
swift,try_expression,ternary_expression
swift,try_expression,try_operator
swift,await_expression,_await_operator
swift,await_expression,_expression
swift,await_expression,call_expression
swift,await_expression,ternary_expression
swift,consume_expression,_consume_operator
swift,consume_expression,_expression
swift,consume_expression,call_expression
swift,consume_expression,ternary_expression
swift,ternary_expression,_expr_hack_at_ternary_binary_suffix
swift,ternary_expression,_expression
swift,ternary_expression,_quest
swift,_expr_hack_at_ternary_binary_suffix,_expression
swift,_expr_hack_at_ternary_binary_suffix,expr_hack_at_ternary_binary_call
swift,expr_hack_at_ternary_binary_call,_expression
swift,expr_hack_at_ternary_binary_call,expr_hack_at_ternary_binary_call_suffix
swift,expr_hack_at_ternary_binary_call_suffix,value_arguments
swift,call_expression,_expression
swift,call_expression,call_suffix
swift,macro_invocation,_hash_symbol
swift,macro_invocation,call_suffix
swift,macro_invocation,simple_identifier
swift,macro_invocation,type_parameters
swift,_primary_expression,_basic_literal
swift,_primary_expression,_referenceable_operator
swift,_primary_expression,_three_dot_operator
swift,_primary_expression,array_literal
swift,_primary_expression,await_expression
swift,_primary_expression,consume_expression
swift,_primary_expression,dictionary_literal
swift,_primary_expression,discard_statement
swift,_primary_expression,key_path_expression
swift,_primary_expression,key_path_string_expression
swift,_primary_expression,lambda_literal
swift,_primary_expression,playground_literal
swift,_primary_expression,self_expression
swift,_primary_expression,special_literal
swift,_primary_expression,super_expression
swift,_primary_expression,try_expression
swift,_primary_expression,tuple_expression
swift,tuple_expression,_expression
swift,tuple_expression,simple_identifier
swift,array_literal,_expression
swift,dictionary_literal,_dictionary_literal_item
swift,_dictionary_literal_item,_expression
swift,special_literal,_hash_symbol
swift,playground_literal,_expression
swift,playground_literal,_hash_symbol
swift,playground_literal,simple_identifier
swift,lambda_literal,_lambda_type_declaration
swift,lambda_literal,statements
swift,_lambda_type_declaration,attribute
swift,_lambda_type_declaration,capture_list
swift,_lambda_type_declaration,lambda_function_type
swift,capture_list,capture_list_item
swift,capture_list_item,_equal_sign
swift,capture_list_item,_expression
swift,capture_list_item,ownership_modifier
swift,capture_list_item,self_expression
swift,capture_list_item,simple_identifier
swift,lambda_function_type,_arrow_operator
swift,lambda_function_type,_async_keyword
swift,lambda_function_type,_possibly_implicitly_unwrapped_type
swift,lambda_function_type,lambda_function_type_parameters
swift,lambda_function_type,throws
swift,lambda_function_type,throws_clause
swift,lambda_function_type_parameters,lambda_parameter
swift,lambda_parameter,_possibly_implicitly_unwrapped_type
swift,lambda_parameter,parameter_modifiers
swift,lambda_parameter,self_expression
swift,lambda_parameter,simple_identifier
swift,_else_options,_block
swift,_else_options,if_statement
swift,if_statement,_block
swift,if_statement,_else_options
swift,if_statement,_if_condition_sequence_item
swift,if_statement,else
swift,_if_condition_sequence_item,_expression
swift,_if_condition_sequence_item,_if_let_binding
swift,_if_condition_sequence_item,availability_condition
swift,_if_let_binding,_direct_or_indirect_binding
swift,_if_let_binding,_equal_sign
swift,_if_let_binding,_expression
swift,_if_let_binding,where_clause
swift,guard_statement,_block
swift,guard_statement,_if_condition_sequence_item
swift,guard_statement,else
swift,switch_statement,_expression
swift,switch_statement,switch_entry
swift,switch_entry,_expression
swift,switch_entry,default_keyword
swift,switch_entry,modifiers
swift,switch_entry,statements
swift,switch_entry,switch_pattern
swift,switch_entry,where_keyword
swift,switch_pattern,_binding_pattern_with_expr
swift,do_statement,_block
swift,do_statement,catch_block
swift,do_statement,throws
swift,do_statement,throws_clause
swift,catch_block,_binding_pattern_no_expr
swift,catch_block,_block
swift,catch_block,catch_keyword
swift,catch_block,where_clause
swift,where_clause,_expression
swift,where_clause,where_keyword
swift,key_path_expression,_key_path_component
swift,key_path_expression,_simple_user_type
swift,key_path_expression,array_type
swift,key_path_expression,dictionary_type
swift,key_path_string_expression,_expression
swift,key_path_string_expression,_hash_symbol
swift,_key_path_component,_key_path_postfixes
swift,_key_path_component,simple_identifier
swift,_key_path_postfixes,bang
swift,_key_path_postfixes,value_argument
swift,try_operator,_fake_try_bang
swift,try_operator,_try_operator_type
swift,_assignment_and_operator,_equal_sign
swift,_equality_operator,_eq_eq
swift,_additive_operator,_minus_then_ws
swift,_additive_operator,_plus_then_ws
swift,as_operator,_as
swift,as_operator,_as_bang
swift,as_operator,_as_quest
swift,_prefix_unary_operator,_dot
swift,_prefix_unary_operator,bang
swift,_prefix_unary_operator,custom_operator
swift,_postfix_unary_operator,bang
swift,directly_assignable_expression,_expression
swift,statements,_local_statement
swift,statements,_semi
swift,_local_statement,_expression
swift,_local_statement,_labeled_statement
swift,_local_statement,_local_declaration
swift,_local_statement,control_transfer_statement
swift,_top_level_statement,_expression
swift,_top_level_statement,_global_declaration
swift,_top_level_statement,_labeled_statement
swift,_top_level_statement,_throw_statement
swift,_block,statements
swift,_labeled_statement,do_statement
swift,_labeled_statement,for_statement
swift,_labeled_statement,guard_statement
swift,_labeled_statement,if_statement
swift,_labeled_statement,repeat_while_statement
swift,_labeled_statement,statement_label
swift,_labeled_statement,switch_statement
swift,_labeled_statement,while_statement
swift,for_statement,_await_operator
swift,for_statement,_binding_pattern_no_expr
swift,for_statement,_block
swift,for_statement,_for_statement_collection
swift,for_statement,try_operator
swift,for_statement,type_annotation
swift,for_statement,where_clause
swift,_for_statement_collection,_expression
swift,_for_statement_collection,for_statement_await
swift,for_statement_await,_await_operator
swift,for_statement_await,_expression
swift,while_statement,_if_condition_sequence_item
swift,while_statement,statements
swift,repeat_while_statement,_if_condition_sequence_item
swift,repeat_while_statement,_implicit_semi
swift,repeat_while_statement,statements
swift,control_transfer_statement,_expression
swift,control_transfer_statement,_optionally_valueful_control_keyword
swift,control_transfer_statement,_throw_statement
swift,_throw_statement,_expression
swift,_throw_statement,throw_keyword
swift,discard_statement,_discard_operator
swift,discard_statement,self_expression
swift,assignment,_assignment_and_operator
swift,assignment,_expression
swift,assignment,directly_assignable_expression
swift,value_parameter_pack,_expression
swift,value_pack_expansion,_expression
swift,availability_condition,_availability_argument
swift,availability_condition,_hash_symbol
swift,_availability_argument,identifier
swift,_availability_argument,integer_literal
swift,_global_declaration,associatedtype_declaration
swift,_global_declaration,class_declaration
swift,_global_declaration,function_declaration
swift,_global_declaration,import_declaration
swift,_global_declaration,init_declaration
swift,_global_declaration,macro_declaration
swift,_global_declaration,operator_declaration
swift,_global_declaration,precedence_group_declaration
swift,_global_declaration,property_declaration
swift,_global_declaration,protocol_declaration
swift,_global_declaration,typealias_declaration
swift,_type_level_declaration,associatedtype_declaration
swift,_type_level_declaration,class_declaration
swift,_type_level_declaration,deinit_declaration
swift,_type_level_declaration,function_declaration
swift,_type_level_declaration,import_declaration
swift,_type_level_declaration,init_declaration
swift,_type_level_declaration,operator_declaration
swift,_type_level_declaration,precedence_group_declaration
swift,_type_level_declaration,property_declaration
swift,_type_level_declaration,protocol_declaration
swift,_type_level_declaration,subscript_declaration
swift,_type_level_declaration,typealias_declaration
swift,_local_declaration,_local_class_declaration
swift,_local_declaration,_local_function_declaration
swift,_local_declaration,_local_property_declaration
swift,_local_declaration,_local_typealias_declaration
swift,_local_property_declaration,_locally_permitted_modifiers
swift,_local_property_declaration,_modifierless_property_declaration
swift,_local_typealias_declaration,_locally_permitted_modifiers
swift,_local_typealias_declaration,_modifierless_typealias_declaration
swift,_local_function_declaration,_locally_permitted_modifiers
swift,_local_function_declaration,_modifierless_function_declaration
swift,_local_class_declaration,_locally_permitted_modifiers
swift,_local_class_declaration,_modifierless_class_declaration
swift,import_declaration,_import_kind
swift,import_declaration,identifier
swift,import_declaration,modifiers
swift,protocol_property_declaration,_binding_kind_and_pattern
swift,protocol_property_declaration,modifiers
swift,protocol_property_declaration,protocol_property_requirements
swift,protocol_property_declaration,type_annotation
swift,protocol_property_declaration,type_constraints
swift,protocol_property_requirements,getter_specifier
swift,protocol_property_requirements,setter_specifier
swift,property_declaration,_modifierless_property_declaration
swift,property_declaration,modifiers
swift,_modifierless_property_declaration,_possibly_async_binding_pattern_kind
swift,_modifierless_property_declaration,_single_modifierless_property_declaration
swift,_single_modifierless_property_declaration,_expression_with_willset_didset
swift,_single_modifierless_property_declaration,_expression_without_willset_didset
swift,_single_modifierless_property_declaration,_no_expr_pattern_already_bound
swift,_single_modifierless_property_declaration,computed_property
swift,_single_modifierless_property_declaration,type_annotation
swift,_single_modifierless_property_declaration,type_constraints
swift,_single_modifierless_property_declaration,willset_didset_block
swift,_expression_with_willset_didset,_equal_sign
swift,_expression_with_willset_didset,_expression
swift,_expression_with_willset_didset,willset_didset_block
swift,_expression_without_willset_didset,_equal_sign
swift,_expression_without_willset_didset,_expression
swift,willset_didset_block,didset_clause
swift,willset_didset_block,willset_clause
swift,willset_clause,_block
swift,willset_clause,modifiers
swift,willset_clause,simple_identifier
swift,didset_clause,_block
swift,didset_clause,modifiers
swift,didset_clause,simple_identifier
swift,typealias_declaration,_modifierless_typealias_declaration
swift,typealias_declaration,modifiers
swift,_modifierless_typealias_declaration,_equal_sign
swift,_modifierless_typealias_declaration,_type
swift,_modifierless_typealias_declaration,simple_identifier
swift,_modifierless_typealias_declaration,type_parameters
swift,function_declaration,_bodyless_function_declaration
swift,function_declaration,function_body
swift,_modifierless_function_declaration,_modifierless_function_declaration_no_body
swift,_modifierless_function_declaration,function_body
swift,_bodyless_function_declaration,_modifierless_function_declaration_no_body
swift,_bodyless_function_declaration,modifiers
swift,_modifierless_function_declaration_no_body,_arrow_operator
swift,_modifierless_function_declaration_no_body,_async_keyword
swift,_modifierless_function_declaration_no_body,_function_value_parameters
swift,_modifierless_function_declaration_no_body,_non_constructor_function_decl
swift,_modifierless_function_declaration_no_body,_possibly_implicitly_unwrapped_type
swift,_modifierless_function_declaration_no_body,throws
swift,_modifierless_function_declaration_no_body,throws_clause
swift,_modifierless_function_declaration_no_body,type_constraints
swift,_modifierless_function_declaration_no_body,type_parameters
swift,function_body,_block
swift,macro_declaration,_macro_head
swift,macro_declaration,_macro_signature
swift,macro_declaration,macro_definition
swift,macro_declaration,simple_identifier
swift,macro_declaration,type_constraints
swift,macro_declaration,type_parameters
swift,_macro_head,modifiers
swift,_macro_signature,_arrow_operator
swift,_macro_signature,_function_value_parameters
swift,_macro_signature,_unannotated_type
swift,macro_definition,_equal_sign
swift,macro_definition,_expression
swift,macro_definition,external_macro_definition
swift,external_macro_definition,_hash_symbol
swift,external_macro_definition,value_arguments
swift,class_declaration,_modifierless_class_declaration
swift,class_declaration,modifiers
swift,_modifierless_class_declaration,_inheritance_specifiers
swift,_modifierless_class_declaration,_unannotated_type
swift,_modifierless_class_declaration,class_body
swift,_modifierless_class_declaration,enum_class_body
swift,_modifierless_class_declaration,simple_identifier
swift,_modifierless_class_declaration,type_constraints
swift,_modifierless_class_declaration,type_parameters
swift,class_body,_class_member_declarations
swift,_inheritance_specifiers,_annotated_inheritance_specifier
swift,inheritance_specifier,function_type
swift,inheritance_specifier,suppressed_constraint
swift,inheritance_specifier,user_type
swift,_annotated_inheritance_specifier,attribute
swift,_annotated_inheritance_specifier,inheritance_specifier
swift,type_parameters,type_constraints
swift,type_parameters,type_parameter
swift,type_parameter,_type
swift,type_parameter,_type_parameter_possibly_packed
swift,type_parameter,type_parameter_modifiers
swift,_type_parameter_possibly_packed,simple_identifier
swift,_type_parameter_possibly_packed,type_parameter_pack
swift,type_constraints,type_constraint
swift,type_constraints,where_keyword
swift,type_constraint,equality_constraint
swift,type_constraint,inheritance_constraint
swift,inheritance_constraint,_constrained_type
swift,inheritance_constraint,_possibly_implicitly_unwrapped_type
swift,inheritance_constraint,attribute
swift,equality_constraint,_constrained_type
swift,equality_constraint,_eq_eq
swift,equality_constraint,_equal_sign
swift,equality_constraint,_type
swift,equality_constraint,attribute
swift,_constrained_type,_unannotated_type
swift,_constrained_type,identifier
swift,_constrained_type,simple_identifier
swift,_class_member_separator,_semi
swift,_class_member_separator,multiline_comment
swift,_class_member_declarations,_class_member_separator
swift,_class_member_declarations,_type_level_declaration
swift,_class_member_declarations,directive
swift,_function_value_parameters,_function_value_parameter
swift,_function_value_parameter,_equal_sign
swift,_function_value_parameter,_expression
swift,_function_value_parameter,attribute
swift,_function_value_parameter,parameter
swift,parameter,_possibly_implicitly_unwrapped_type
swift,parameter,_three_dot_operator
swift,parameter,parameter_modifiers
swift,parameter,simple_identifier
swift,_non_constructor_function_decl,_referenceable_operator
swift,_non_constructor_function_decl,simple_identifier
swift,_referenceable_operator,_additive_operator
swift,_referenceable_operator,_assignment_and_operator
swift,_referenceable_operator,_comparison_operator
swift,_referenceable_operator,_equality_operator
swift,_referenceable_operator,_multiplicative_operator
swift,_referenceable_operator,bang
swift,_referenceable_operator,custom_operator
swift,_equal_sign,_eq_custom
swift,_eq_eq,_eq_eq_custom
swift,_dot,_dot_custom
swift,_arrow_operator,_arrow_operator_custom
swift,_conjunction_operator,_conjunction_operator_custom
swift,_disjunction_operator,_disjunction_operator_custom
swift,_nil_coalescing_operator,_nil_coalescing_operator_custom
swift,_double_optional,_double_optional_custom
swift,_as,_as_custom
swift,_as_quest,_as_quest_custom
swift,_as_bang,_as_bang_custom
swift,_hash_symbol,_hash_symbol_custom
swift,bang,_bang_custom
swift,_async_keyword,_async_keyword_custom
swift,throws,_rethrows_keyword
swift,throws,_throws_keyword
swift,throws_clause,_throws_keyword
swift,throws_clause,_unannotated_type
swift,enum_class_body,_type_level_declaration
swift,enum_class_body,directive
swift,enum_class_body,enum_entry
swift,enum_entry,_enum_entry_suffix
swift,enum_entry,modifiers
swift,enum_entry,simple_identifier
swift,_enum_entry_suffix,_equal_sign
swift,_enum_entry_suffix,_expression
swift,_enum_entry_suffix,enum_type_parameters
swift,enum_type_parameters,_equal_sign
swift,enum_type_parameters,_expression
swift,enum_type_parameters,_type
swift,enum_type_parameters,simple_identifier
swift,enum_type_parameters,wildcard_pattern
swift,protocol_declaration,_inheritance_specifiers
swift,protocol_declaration,modifiers
swift,protocol_declaration,protocol_body
swift,protocol_declaration,simple_identifier
swift,protocol_declaration,type_constraints
swift,protocol_declaration,type_parameters
swift,protocol_body,_protocol_member_declarations
swift,_protocol_member_declarations,_protocol_member_declaration
swift,_protocol_member_declarations,_semi
swift,_protocol_member_declarations,directive
swift,_protocol_member_declaration,_bodyless_function_declaration
swift,_protocol_member_declaration,associatedtype_declaration
swift,_protocol_member_declaration,deinit_declaration
swift,_protocol_member_declaration,function_body
swift,_protocol_member_declaration,init_declaration
swift,_protocol_member_declaration,protocol_property_declaration
swift,_protocol_member_declaration,subscript_declaration
swift,_protocol_member_declaration,typealias_declaration
swift,init_declaration,_async_keyword
swift,init_declaration,_function_value_parameters
swift,init_declaration,_quest
swift,init_declaration,bang
swift,init_declaration,function_body
swift,init_declaration,modifiers
swift,init_declaration,throws
swift,init_declaration,throws_clause
swift,init_declaration,type_constraints
swift,init_declaration,type_parameters
swift,deinit_declaration,function_body
swift,deinit_declaration,modifiers
swift,subscript_declaration,_arrow_operator
swift,subscript_declaration,_function_value_parameters
swift,subscript_declaration,_possibly_implicitly_unwrapped_type
swift,subscript_declaration,computed_property
swift,subscript_declaration,modifiers
swift,subscript_declaration,type_constraints
swift,subscript_declaration,type_parameters
swift,computed_property,computed_getter
swift,computed_property,computed_modify
swift,computed_property,computed_setter
swift,computed_property,statements
swift,computed_getter,_block
swift,computed_getter,attribute
swift,computed_getter,getter_specifier
swift,computed_modify,_block
swift,computed_modify,attribute
swift,computed_modify,modify_specifier
swift,computed_setter,_block
swift,computed_setter,attribute
swift,computed_setter,setter_specifier
swift,computed_setter,simple_identifier
swift,getter_specifier,_getter_effects
swift,getter_specifier,mutation_modifier
swift,setter_specifier,mutation_modifier
swift,modify_specifier,mutation_modifier
swift,_getter_effects,_async_keyword
swift,_getter_effects,throws
swift,_getter_effects,throws_clause
swift,operator_declaration,_referenceable_operator
swift,operator_declaration,deprecated_operator_declaration_body
swift,operator_declaration,simple_identifier
swift,deprecated_operator_declaration_body,_basic_literal
swift,deprecated_operator_declaration_body,simple_identifier
swift,precedence_group_declaration,precedence_group_attributes
swift,precedence_group_declaration,simple_identifier
swift,precedence_group_attributes,precedence_group_attribute
swift,precedence_group_attribute,boolean_literal
swift,precedence_group_attribute,simple_identifier
swift,associatedtype_declaration,_equal_sign
swift,associatedtype_declaration,_type
swift,associatedtype_declaration,modifiers
swift,associatedtype_declaration,simple_identifier
swift,associatedtype_declaration,type_constraints
swift,attribute,_attribute_argument
swift,attribute,user_type
swift,_attribute_argument,_expression
swift,_attribute_argument,integer_literal
swift,_attribute_argument,simple_identifier
swift,_universally_allowed_pattern,_case_pattern
swift,_universally_allowed_pattern,_tuple_pattern
swift,_universally_allowed_pattern,_type_casting_pattern
swift,_universally_allowed_pattern,wildcard_pattern
swift,_bound_identifier,simple_identifier
swift,_binding_pattern_no_expr,_binding_pattern
swift,_binding_pattern_no_expr,_bound_identifier
swift,_binding_pattern_no_expr,_quest
swift,_binding_pattern_no_expr,_universally_allowed_pattern
swift,_no_expr_pattern_already_bound,_bound_identifier
swift,_no_expr_pattern_already_bound,_quest
swift,_no_expr_pattern_already_bound,_universally_allowed_pattern
swift,_binding_pattern_with_expr,_binding_pattern
swift,_binding_pattern_with_expr,_expression
swift,_binding_pattern_with_expr,_quest
swift,_binding_pattern_with_expr,_universally_allowed_pattern
swift,_non_binding_pattern_with_expr,_expression
swift,_non_binding_pattern_with_expr,_quest
swift,_non_binding_pattern_with_expr,_universally_allowed_pattern
swift,_direct_or_indirect_binding,_binding_kind_and_pattern
swift,_direct_or_indirect_binding,_binding_pattern_no_expr
swift,_direct_or_indirect_binding,type_annotation
swift,_possibly_async_binding_pattern_kind,_async_modifier
swift,_possibly_async_binding_pattern_kind,value_binding_pattern
swift,_binding_kind_and_pattern,_no_expr_pattern_already_bound
swift,_binding_kind_and_pattern,_possibly_async_binding_pattern_kind
swift,_tuple_pattern_item,_binding_pattern_with_expr
swift,_tuple_pattern_item,simple_identifier
swift,_tuple_pattern,_tuple_pattern_item
swift,_case_pattern,_dot
swift,_case_pattern,_tuple_pattern
swift,_case_pattern,simple_identifier
swift,_case_pattern,user_type
swift,_type_casting_pattern,_as
swift,_type_casting_pattern,_binding_pattern_no_expr
swift,_type_casting_pattern,_type
swift,_binding_pattern,_no_expr_pattern_already_bound
swift,_binding_pattern,value_binding_pattern
swift,modifiers,_locally_permitted_modifiers
swift,modifiers,_non_local_scope_modifier
swift,_locally_permitted_modifiers,_locally_permitted_modifier
swift,_locally_permitted_modifiers,attribute
swift,parameter_modifiers,parameter_modifier
swift,_modifier,_locally_permitted_modifier
swift,_modifier,_non_local_scope_modifier
swift,_non_local_scope_modifier,function_modifier
swift,_non_local_scope_modifier,member_modifier
swift,_non_local_scope_modifier,mutation_modifier
swift,_non_local_scope_modifier,parameter_modifier
swift,_non_local_scope_modifier,property_modifier
swift,_non_local_scope_modifier,visibility_modifier
swift,_locally_permitted_modifier,inheritance_modifier
swift,_locally_permitted_modifier,ownership_modifier
swift,_locally_permitted_modifier,property_behavior_modifier
swift,type_modifiers,attribute
swift,type_parameter_modifiers,attribute
swift,parameter_modifier,_parameter_ownership_modifier
swift,directive,_compilation_condition
swift,directive,_directive_else
swift,directive,_directive_elseif
swift,directive,_directive_endif
swift,directive,_directive_if
swift,_compilation_condition,_comparison_operator
swift,_compilation_condition,_compilation_condition
swift,_compilation_condition,_conjunction_operator
swift,_compilation_condition,_disjunction_operator
swift,_compilation_condition,boolean_literal
swift,_compilation_condition,integer_literal
swift,_compilation_condition,simple_identifier
swift,diagnostic,_hash_symbol
