case_id,source_language,target_language,v0_parse,v1_matrixir,v2_uast,v3_closure,v4_emit,v5_reparse,v6_compile,v7_execute,v8_behavior,route,diagnostic
20e99fe1f9f90da81824d3f964e0cb27c64582e3ce3b09d46e6568cf7fec1004,kotlin,r,PASS,PASS,PASS,PASS,PASS,PASS,SKIP,SKIP,SKIP,DIRECT,
20e99fe1f9f90da81824d3f964e0cb27c64582e3ce3b09d46e6568cf7fec1004,kotlin,go,PASS,PASS,PASS,PASS,PASS,PASS,SKIP,SKIP,SKIP,DIRECT,
20e99fe1f9f90da81824d3f964e0cb27c64582e3ce3b09d46e6568cf7fec1004,kotlin,rust,PASS,PASS,PASS,PASS,PASS,PASS,SKIP,SKIP,SKIP,DIRECT,
20e99fe1f9f90da81824d3f964e0cb27c64582e3ce3b09d46e6568cf7fec1004,kotlin,cpp,PASS,PASS,PASS,PASS,PASS,PASS,SKIP,SKIP,SKIP,DIRECT,
20e99fe1f9f90da81824d3f964e0cb27c64582e3ce3b09d46e6568cf7fec1004,kotlin,c,PASS,PASS,PASS,PASS,PASS,PASS,SKIP,SKIP,SKIP,DIRECT,
20e99fe1f9f90da81824d3f964e0cb27c64582e3ce3b09d46e6568cf7fec1004,kotlin,python,PASS,PASS,PASS,PASS,PASS,PASS,SKIP,SKIP,SKIP,DIRECT,
20e99fe1f9f90da81824d3f964e0cb27c64582e3ce3b09d46e6568cf7fec1004,kotlin,zig,PASS,PASS,PASS,PASS,PASS,PASS,SKIP,SKIP,SKIP,DIRECT,
20e99fe1f9f90da81824d3f964e0cb27c64582e3ce3b09d46e6568cf7fec1004,kotlin,julia,PASS,PASS,PASS,PASS,PASS,PASS,SKIP,SKIP,SKIP,DIRECT,
20e99fe1f9f90da81824d3f964e0cb27c64582e3ce3b09d46e6568cf7fec1004,kotlin,nim,PASS,PASS,PASS,PASS,PASS,PASS,SKIP,SKIP,SKIP,DIRECT,
20e99fe1f9f90da81824d3f964e0cb27c64582e3ce3b09d46e6568cf7fec1004,kotlin,csharp,PASS,PASS,PASS,PASS,PASS,PASS,SKIP,SKIP,SKIP,DIRECT,
20e99fe1f9f90da81824d3f964e0cb27c64582e3ce3b09d46e6568cf7fec1004,kotlin,java,PASS,PASS,PASS,PASS,PASS,PASS,SKIP,SKIP,SKIP,DIRECT,
20e99fe1f9f90da81824d3f964e0cb27c64582e3ce3b09d46e6568cf7fec1004,kotlin,kotlin,PASS,PASS,PASS,PASS,PASS,PASS,SKIP,SKIP,SKIP,DIRECT,
20e99fe1f9f90da81824d3f964e0cb27c64582e3ce3b09d46e6568cf7fec1004,kotlin,swift,PASS,PASS,PASS,PASS,PASS,PASS,SKIP,SKIP,SKIP,DIRECT,
f01d0de13b33d226344e8b61846c4bc201415364195f1a31760835995ff17957,kotlin,r,PASS,PASS,PASS,PASS,PASS,PASS,SKIP,SKIP,SKIP,DIRECT,
f01d0de13b33d226344e8b61846c4bc201415364195f1a31760835995ff17957,kotlin,go,PASS,PASS,PASS,PASS,PASS,PASS,SKIP,SKIP,SKIP,DIRECT,
f01d0de13b33d226344e8b61846c4bc201415364195f1a31760835995ff17957,kotlin,rust,PASS,PASS,PASS,PASS,PASS,PASS,SKIP,SKIP,SKIP,DIRECT,
f01d0de13b33d226344e8b61846c4bc201415364195f1a31760835995ff17957,kotlin,cpp,PASS,PASS,PASS,PASS,PASS,PASS,SKIP,SKIP,SKIP,DIRECT,
f01d0de13b33d226344e8b61846c4bc201415364195f1a31760835995ff17957,kotlin,c,PASS,PASS,PASS,PASS,PASS,PASS,SKIP,SKIP,SKIP,DIRECT,
f01d0de13b33d226344e8b61846c4bc201415364195f1a31760835995ff17957,kotlin,python,PASS,PASS,PASS,PASS,PASS,PASS,SKIP,SKIP,SKIP,DIRECT,
f01d0de13b33d226344e8b61846c4bc201415364195f1a31760835995ff17957,kotlin,zig,PASS,PASS,PASS,PASS,PASS,PASS,SKIP,SKIP,SKIP,DIRECT,
f01d0de13b33d226344e8b61846c4bc201415364195f1a31760835995ff17957,kotlin,julia,PASS,PASS,PASS,PASS,PASS,PASS,SKIP,SKIP,SKIP,DIRECT,
f01d0de13b33d226344e8b61846c4bc201415364195f1a31760835995ff17957,kotlin,nim,PASS,PASS,PASS,PASS,PASS,PASS,SKIP,SKIP,SKIP,DIRECT,
f01d0de13b33d226344e8b61846c4bc201415364195f1a31760835995ff17957,kotlin,csharp,PASS,PASS,PASS,PASS,PASS,PASS,SKIP,SKIP,SKIP,DIRECT,
f01d0de13b33d226344e8b61846c4bc201415364195f1a31760835995ff17957,kotlin,java,PASS,PASS,PASS,PASS,PASS,PASS,SKIP,SKIP,SKIP,DIRECT,
f01d0de13b33d226344e8b61846c4bc201415364195f1a31760835995ff17957,kotlin,kotlin,PASS,PASS,PASS,PASS,PASS,PASS,SKIP,SKIP,SKIP,DIRECT,
f01d0de13b33d226344e8b61846c4bc201415364195f1a31760835995ff17957,kotlin,swift,PASS,PASS,PASS,PASS,PASS,PASS,SKIP,SKIP,SKIP,DIRECT,
756adfb51da93a1bcb0e8aa0cfcf89a467e941024630e7c84f14bda4ad8c7cd2,kotlin,r,PASS,PASS,PASS,PASS,PASS,PASS,SKIP,SKIP,SKIP,DIRECT,
756adfb51da93a1bcb0e8aa0cfcf89a467e941024630e7c84f14bda4ad8c7cd2,kotlin,go,PASS,PASS,PASS,PASS,PASS,PASS,SKIP,SKIP,SKIP,DIRECT,
756adfb51da93a1bcb0e8aa0cfcf89a467e941024630e7c84f14bda4ad8c7cd2,kotlin,rust,PASS,PASS,PASS,PASS,PASS,PASS,SKIP,SKIP,SKIP,DIRECT,
756adfb51da93a1bcb0e8aa0cfcf89a467e941024630e7c84f14bda4ad8c7cd2,kotlin,cpp,PASS,PASS,PASS,PASS,PASS,PASS,SKIP,SKIP,SKIP,DIRECT,
756adfb51da93a1bcb0e8aa0cfcf89a467e941024630e7c84f14bda4ad8c7cd2,kotlin,c,PASS,PASS,PASS,PASS,PASS,PASS,SKIP,SKIP,SKIP,DIRECT,
756adfb51da93a1bcb0e8aa0cfcf89a467e941024630e7c84f14bda4ad8c7cd2,kotlin,python,PASS,PASS,PASS,PASS,PASS,PASS,SKIP,SKIP,SKIP,DIRECT,
756adfb51da93a1bcb0e8aa0cfcf89a467e941024630e7c84f14bda4ad8c7cd2,kotlin,zig,PASS,PASS,PASS,PASS,PASS,PASS,SKIP,SKIP,SKIP,DIRECT,
756adfb51da93a1bcb0e8aa0cfcf89a467e941024630e7c84f14bda4ad8c7cd2,kotlin,julia,PASS,PASS,PASS,PASS,PASS,PASS,SKIP,SKIP,SKIP,DIRECT,
756adfb51da93a1bcb0e8aa0cfcf89a467e941024630e7c84f14bda4ad8c7cd2,kotlin,nim,PASS,PASS,PASS,PASS,PASS,PASS,SKIP,SKIP,SKIP,DIRECT,
756adfb51da93a1bcb0e8aa0cfcf89a467e941024630e7c84f14bda4ad8c7cd2,kotlin,csharp,PASS,PASS,PASS,PASS,PASS,PASS,SKIP,SKIP,SKIP,DIRECT,
756adfb51da93a1bcb0e8aa0cfcf89a467e941024630e7c84f14bda4ad8c7cd2,kotlin,java,PASS,PASS,PASS,PASS,PASS,PASS,SKIP,SKIP,SKIP,DIRECT,
756adfb51da93a1bcb0e8aa0cfcf89a467e941024630e7c84f14bda4ad8c7cd2,kotlin,kotlin,PASS,PASS,PASS,PASS,PASS,PASS,SKIP,SKIP,SKIP,DIRECT,
756adfb51da93a1bcb0e8aa0cfcf89a467e941024630e7c84f14bda4ad8c7cd2,kotlin,swift,PASS,PASS,PASS,PASS,PASS,PASS,SKIP,SKIP,SKIP,DIRECT,
06d8c54f3601660960da78a7f462dd4c1910dfff2533f036f99594467985776c,kotlin,r,PASS,PASS,PASS,PASS,PASS,PASS,SKIP,SKIP,SKIP,DIRECT,
06d8c54f3601660960da78a7f462dd4c1910dfff2533f036f99594467985776c,kotlin,go,PASS,PASS,PASS,PASS,PASS,PASS,SKIP,SKIP,SKIP,DIRECT,
06d8c54f3601660960da78a7f462dd4c1910dfff2533f036f99594467985776c,kotlin,rust,PASS,PASS,PASS,PASS,PASS,PASS,SKIP,SKIP,SKIP,DIRECT,
06d8c54f3601660960da78a7f462dd4c1910dfff2533f036f99594467985776c,kotlin,cpp,PASS,PASS,PASS,PASS,FAIL,SKIP,SKIP,SKIP,SKIP,DIRECT,DIRECT_NATIVE_UNAVAILABLE: target cpp emitted invalid syntax (other: C:\Users\tarek\AppData\Local\Temp\codetranspiler-syntax-3753346662\program.cpp: In function 'int main()': C:\Users\tarek\AppData\Local\Temp\codetranspiler-syntax-375334666
06d8c54f3601660960da78a7f462dd4c1910dfff2533f036f99594467985776c,kotlin,c,PASS,PASS,PASS,PASS,PASS,PASS,SKIP,SKIP,SKIP,DIRECT,
06d8c54f3601660960da78a7f462dd4c1910dfff2533f036f99594467985776c,kotlin,python,PASS,PASS,PASS,PASS,FAIL,SKIP,SKIP,SKIP,SKIP,DIRECT,"DIRECT_NATIVE_UNAVAILABLE: target python emitted invalid syntax (other: File ""C:\Users\tarek\AppData\Local\Temp\codetranspiler-syntax-1375156682\program.py"", line 2 def class(): ^^^^^ SyntaxError: invalid syntax)"
06d8c54f3601660960da78a7f462dd4c1910dfff2533f036f99594467985776c,kotlin,zig,PASS,PASS,PASS,PASS,PASS,PASS,SKIP,SKIP,SKIP,DIRECT,
06d8c54f3601660960da78a7f462dd4c1910dfff2533f036f99594467985776c,kotlin,julia,PASS,PASS,PASS,PASS,PASS,PASS,SKIP,SKIP,SKIP,DIRECT,
06d8c54f3601660960da78a7f462dd4c1910dfff2533f036f99594467985776c,kotlin,nim,PASS,PASS,PASS,PASS,PASS,PASS,SKIP,SKIP,SKIP,DIRECT,
06d8c54f3601660960da78a7f462dd4c1910dfff2533f036f99594467985776c,kotlin,csharp,PASS,PASS,PASS,PASS,PASS,PASS,SKIP,SKIP,SKIP,DIRECT,
06d8c54f3601660960da78a7f462dd4c1910dfff2533f036f99594467985776c,kotlin,java,PASS,PASS,PASS,PASS,FAIL,SKIP,SKIP,SKIP,SKIP,DIRECT,"DIRECT_NATIVE_UNAVAILABLE: target java emitted invalid syntax (other: C:\Users\tarek\AppData\Local\Temp\codetranspiler-syntax-3598591279\Main.java:5: Fehler: Keine Anweisung java.util.function.Function<Double, Double> class = () -> { ^ C:\U"
06d8c54f3601660960da78a7f462dd4c1910dfff2533f036f99594467985776c,kotlin,kotlin,PASS,PASS,PASS,PASS,PASS,PASS,SKIP,SKIP,SKIP,DIRECT,
06d8c54f3601660960da78a7f462dd4c1910dfff2533f036f99594467985776c,kotlin,swift,PASS,PASS,PASS,PASS,PASS,PASS,SKIP,SKIP,SKIP,DIRECT,
2fc6c64fbceffd70d73e2d8fda8836da86d88d7d15842ad074e2d2b16c75820b,kotlin,r,PASS,PASS,PASS,PASS,PASS,PASS,SKIP,SKIP,SKIP,DIRECT,
2fc6c64fbceffd70d73e2d8fda8836da86d88d7d15842ad074e2d2b16c75820b,kotlin,go,PASS,PASS,PASS,PASS,PASS,PASS,SKIP,SKIP,SKIP,DIRECT,
2fc6c64fbceffd70d73e2d8fda8836da86d88d7d15842ad074e2d2b16c75820b,kotlin,rust,PASS,PASS,PASS,PASS,PASS,PASS,SKIP,SKIP,SKIP,DIRECT,
2fc6c64fbceffd70d73e2d8fda8836da86d88d7d15842ad074e2d2b16c75820b,kotlin,cpp,PASS,PASS,PASS,PASS,PASS,PASS,SKIP,SKIP,SKIP,DIRECT,
2fc6c64fbceffd70d73e2d8fda8836da86d88d7d15842ad074e2d2b16c75820b,kotlin,c,PASS,PASS,PASS,PASS,PASS,PASS,SKIP,SKIP,SKIP,DIRECT,
2fc6c64fbceffd70d73e2d8fda8836da86d88d7d15842ad074e2d2b16c75820b,kotlin,python,PASS,PASS,PASS,PASS,PASS,PASS,SKIP,SKIP,SKIP,DIRECT,
2fc6c64fbceffd70d73e2d8fda8836da86d88d7d15842ad074e2d2b16c75820b,kotlin,zig,PASS,PASS,PASS,PASS,PASS,PASS,SKIP,SKIP,SKIP,DIRECT,
2fc6c64fbceffd70d73e2d8fda8836da86d88d7d15842ad074e2d2b16c75820b,kotlin,julia,PASS,PASS,PASS,PASS,PASS,PASS,SKIP,SKIP,SKIP,DIRECT,
2fc6c64fbceffd70d73e2d8fda8836da86d88d7d15842ad074e2d2b16c75820b,kotlin,nim,PASS,PASS,PASS,PASS,PASS,PASS,SKIP,SKIP,SKIP,DIRECT,
2fc6c64fbceffd70d73e2d8fda8836da86d88d7d15842ad074e2d2b16c75820b,kotlin,csharp,PASS,PASS,PASS,PASS,PASS,PASS,SKIP,SKIP,SKIP,DIRECT,
2fc6c64fbceffd70d73e2d8fda8836da86d88d7d15842ad074e2d2b16c75820b,kotlin,java,PASS,PASS,PASS,PASS,PASS,PASS,SKIP,SKIP,SKIP,DIRECT,
2fc6c64fbceffd70d73e2d8fda8836da86d88d7d15842ad074e2d2b16c75820b,kotlin,kotlin,PASS,PASS,PASS,PASS,PASS,PASS,SKIP,SKIP,SKIP,DIRECT,
2fc6c64fbceffd70d73e2d8fda8836da86d88d7d15842ad074e2d2b16c75820b,kotlin,swift,PASS,PASS,PASS,PASS,PASS,PASS,SKIP,SKIP,SKIP,DIRECT,
0f3e0d845877554212f6bac36d78ac93194af1a4fa4b1c510e6c900c2e6232f5,kotlin,r,PASS,PASS,PASS,PASS,PASS,PASS,SKIP,SKIP,SKIP,DIRECT,
0f3e0d845877554212f6bac36d78ac93194af1a4fa4b1c510e6c900c2e6232f5,kotlin,go,PASS,PASS,PASS,PASS,PASS,PASS,SKIP,SKIP,SKIP,DIRECT,
0f3e0d845877554212f6bac36d78ac93194af1a4fa4b1c510e6c900c2e6232f5,kotlin,rust,PASS,PASS,PASS,PASS,PASS,PASS,SKIP,SKIP,SKIP,DIRECT,
0f3e0d845877554212f6bac36d78ac93194af1a4fa4b1c510e6c900c2e6232f5,kotlin,cpp,PASS,PASS,PASS,PASS,PASS,PASS,SKIP,SKIP,SKIP,DIRECT,
0f3e0d845877554212f6bac36d78ac93194af1a4fa4b1c510e6c900c2e6232f5,kotlin,c,PASS,PASS,PASS,PASS,PASS,PASS,SKIP,SKIP,SKIP,DIRECT,
0f3e0d845877554212f6bac36d78ac93194af1a4fa4b1c510e6c900c2e6232f5,kotlin,python,PASS,PASS,PASS,PASS,PASS,PASS,SKIP,SKIP,SKIP,DIRECT,
0f3e0d845877554212f6bac36d78ac93194af1a4fa4b1c510e6c900c2e6232f5,kotlin,zig,PASS,PASS,PASS,PASS,PASS,PASS,SKIP,SKIP,SKIP,DIRECT,
0f3e0d845877554212f6bac36d78ac93194af1a4fa4b1c510e6c900c2e6232f5,kotlin,julia,PASS,PASS,PASS,PASS,PASS,PASS,SKIP,SKIP,SKIP,DIRECT,
0f3e0d845877554212f6bac36d78ac93194af1a4fa4b1c510e6c900c2e6232f5,kotlin,nim,PASS,PASS,PASS,PASS,PASS,PASS,SKIP,SKIP,SKIP,DIRECT,
0f3e0d845877554212f6bac36d78ac93194af1a4fa4b1c510e6c900c2e6232f5,kotlin,csharp,PASS,PASS,PASS,PASS,PASS,PASS,SKIP,SKIP,SKIP,DIRECT,
0f3e0d845877554212f6bac36d78ac93194af1a4fa4b1c510e6c900c2e6232f5,kotlin,java,PASS,PASS,PASS,PASS,PASS,PASS,SKIP,SKIP,SKIP,DIRECT,
0f3e0d845877554212f6bac36d78ac93194af1a4fa4b1c510e6c900c2e6232f5,kotlin,kotlin,PASS,PASS,PASS,PASS,PASS,PASS,SKIP,SKIP,SKIP,DIRECT,
0f3e0d845877554212f6bac36d78ac93194af1a4fa4b1c510e6c900c2e6232f5,kotlin,swift,PASS,PASS,PASS,PASS,PASS,PASS,SKIP,SKIP,SKIP,DIRECT,
7cea7e1675b944e128211fe69da8cd39edf2240a7b448cedf034f0db19eceeb0,kotlin,r,PASS,PASS,PASS,PASS,PASS,PASS,SKIP,SKIP,SKIP,DIRECT,
7cea7e1675b944e128211fe69da8cd39edf2240a7b448cedf034f0db19eceeb0,kotlin,go,PASS,PASS,PASS,PASS,PASS,PASS,SKIP,SKIP,SKIP,DIRECT,
7cea7e1675b944e128211fe69da8cd39edf2240a7b448cedf034f0db19eceeb0,kotlin,rust,PASS,PASS,PASS,PASS,PASS,PASS,SKIP,SKIP,SKIP,DIRECT,
7cea7e1675b944e128211fe69da8cd39edf2240a7b448cedf034f0db19eceeb0,kotlin,cpp,PASS,PASS,PASS,PASS,PASS,PASS,SKIP,SKIP,SKIP,DIRECT,
7cea7e1675b944e128211fe69da8cd39edf2240a7b448cedf034f0db19eceeb0,kotlin,c,PASS,PASS,PASS,PASS,PASS,PASS,SKIP,SKIP,SKIP,DIRECT,
7cea7e1675b944e128211fe69da8cd39edf2240a7b448cedf034f0db19eceeb0,kotlin,python,PASS,PASS,PASS,PASS,PASS,PASS,SKIP,SKIP,SKIP,DIRECT,
7cea7e1675b944e128211fe69da8cd39edf2240a7b448cedf034f0db19eceeb0,kotlin,zig,PASS,PASS,PASS,PASS,PASS,PASS,SKIP,SKIP,SKIP,DIRECT,
7cea7e1675b944e128211fe69da8cd39edf2240a7b448cedf034f0db19eceeb0,kotlin,julia,PASS,PASS,PASS,PASS,PASS,PASS,SKIP,SKIP,SKIP,DIRECT,
7cea7e1675b944e128211fe69da8cd39edf2240a7b448cedf034f0db19eceeb0,kotlin,nim,PASS,PASS,PASS,PASS,PASS,PASS,SKIP,SKIP,SKIP,DIRECT,
7cea7e1675b944e128211fe69da8cd39edf2240a7b448cedf034f0db19eceeb0,kotlin,csharp,PASS,PASS,PASS,PASS,PASS,PASS,SKIP,SKIP,SKIP,DIRECT,
7cea7e1675b944e128211fe69da8cd39edf2240a7b448cedf034f0db19eceeb0,kotlin,java,PASS,PASS,PASS,PASS,PASS,PASS,SKIP,SKIP,SKIP,DIRECT,
7cea7e1675b944e128211fe69da8cd39edf2240a7b448cedf034f0db19eceeb0,kotlin,kotlin,PASS,PASS,PASS,PASS,PASS,PASS,SKIP,SKIP,SKIP,DIRECT,
7cea7e1675b944e128211fe69da8cd39edf2240a7b448cedf034f0db19eceeb0,kotlin,swift,PASS,PASS,PASS,PASS,PASS,PASS,SKIP,SKIP,SKIP,DIRECT,
d18cf27f081af303bcd4d0132266761d30a35597dc98179c821d24f5b29986d2,kotlin,r,PASS,PASS,PASS,PASS,PASS,PASS,SKIP,SKIP,SKIP,DIRECT,
d18cf27f081af303bcd4d0132266761d30a35597dc98179c821d24f5b29986d2,kotlin,go,PASS,PASS,PASS,PASS,PASS,PASS,SKIP,SKIP,SKIP,DIRECT,
d18cf27f081af303bcd4d0132266761d30a35597dc98179c821d24f5b29986d2,kotlin,rust,PASS,PASS,PASS,PASS,PASS,PASS,SKIP,SKIP,SKIP,DIRECT,
d18cf27f081af303bcd4d0132266761d30a35597dc98179c821d24f5b29986d2,kotlin,cpp,PASS,PASS,PASS,PASS,PASS,PASS,SKIP,SKIP,SKIP,DIRECT,
d18cf27f081af303bcd4d0132266761d30a35597dc98179c821d24f5b29986d2,kotlin,c,PASS,PASS,PASS,PASS,PASS,PASS,SKIP,SKIP,SKIP,DIRECT,
d18cf27f081af303bcd4d0132266761d30a35597dc98179c821d24f5b29986d2,kotlin,python,PASS,PASS,PASS,PASS,PASS,PASS,SKIP,SKIP,SKIP,DIRECT,
d18cf27f081af303bcd4d0132266761d30a35597dc98179c821d24f5b29986d2,kotlin,zig,PASS,PASS,PASS,PASS,PASS,PASS,SKIP,SKIP,SKIP,DIRECT,
d18cf27f081af303bcd4d0132266761d30a35597dc98179c821d24f5b29986d2,kotlin,julia,PASS,PASS,PASS,PASS,PASS,PASS,SKIP,SKIP,SKIP,DIRECT,
d18cf27f081af303bcd4d0132266761d30a35597dc98179c821d24f5b29986d2,kotlin,nim,PASS,PASS,PASS,PASS,PASS,PASS,SKIP,SKIP,SKIP,DIRECT,
d18cf27f081af303bcd4d0132266761d30a35597dc98179c821d24f5b29986d2,kotlin,csharp,PASS,PASS,PASS,PASS,PASS,PASS,SKIP,SKIP,SKIP,DIRECT,
d18cf27f081af303bcd4d0132266761d30a35597dc98179c821d24f5b29986d2,kotlin,java,PASS,PASS,PASS,PASS,PASS,PASS,SKIP,SKIP,SKIP,DIRECT,
d18cf27f081af303bcd4d0132266761d30a35597dc98179c821d24f5b29986d2,kotlin,kotlin,PASS,PASS,PASS,PASS,PASS,PASS,SKIP,SKIP,SKIP,DIRECT,
d18cf27f081af303bcd4d0132266761d30a35597dc98179c821d24f5b29986d2,kotlin,swift,PASS,PASS,PASS,PASS,PASS,PASS,SKIP,SKIP,SKIP,DIRECT,
bed029b2b9a18f2e03e4d8f740e10afaf6a2461d7142cf58ae7e467b96ba7115,kotlin,r,PASS,PASS,PASS,PASS,PASS,PASS,SKIP,SKIP,SKIP,DIRECT,
bed029b2b9a18f2e03e4d8f740e10afaf6a2461d7142cf58ae7e467b96ba7115,kotlin,go,PASS,PASS,PASS,PASS,PASS,PASS,SKIP,SKIP,SKIP,DIRECT,
bed029b2b9a18f2e03e4d8f740e10afaf6a2461d7142cf58ae7e467b96ba7115,kotlin,rust,PASS,PASS,PASS,PASS,PASS,PASS,SKIP,SKIP,SKIP,DIRECT,
bed029b2b9a18f2e03e4d8f740e10afaf6a2461d7142cf58ae7e467b96ba7115,kotlin,cpp,PASS,PASS,PASS,PASS,PASS,PASS,SKIP,SKIP,SKIP,DIRECT,
bed029b2b9a18f2e03e4d8f740e10afaf6a2461d7142cf58ae7e467b96ba7115,kotlin,c,PASS,PASS,PASS,PASS,PASS,PASS,SKIP,SKIP,SKIP,DIRECT,
bed029b2b9a18f2e03e4d8f740e10afaf6a2461d7142cf58ae7e467b96ba7115,kotlin,python,PASS,PASS,PASS,PASS,PASS,PASS,SKIP,SKIP,SKIP,DIRECT,
bed029b2b9a18f2e03e4d8f740e10afaf6a2461d7142cf58ae7e467b96ba7115,kotlin,zig,PASS,PASS,PASS,PASS,PASS,PASS,SKIP,SKIP,SKIP,DIRECT,
bed029b2b9a18f2e03e4d8f740e10afaf6a2461d7142cf58ae7e467b96ba7115,kotlin,julia,PASS,PASS,PASS,PASS,PASS,PASS,SKIP,SKIP,SKIP,DIRECT,
bed029b2b9a18f2e03e4d8f740e10afaf6a2461d7142cf58ae7e467b96ba7115,kotlin,nim,PASS,PASS,PASS,PASS,PASS,PASS,SKIP,SKIP,SKIP,DIRECT,
bed029b2b9a18f2e03e4d8f740e10afaf6a2461d7142cf58ae7e467b96ba7115,kotlin,csharp,PASS,PASS,PASS,PASS,PASS,PASS,SKIP,SKIP,SKIP,DIRECT,
bed029b2b9a18f2e03e4d8f740e10afaf6a2461d7142cf58ae7e467b96ba7115,kotlin,java,PASS,PASS,PASS,PASS,PASS,PASS,SKIP,SKIP,SKIP,DIRECT,
bed029b2b9a18f2e03e4d8f740e10afaf6a2461d7142cf58ae7e467b96ba7115,kotlin,kotlin,PASS,PASS,PASS,PASS,PASS,PASS,SKIP,SKIP,SKIP,DIRECT,
bed029b2b9a18f2e03e4d8f740e10afaf6a2461d7142cf58ae7e467b96ba7115,kotlin,swift,PASS,PASS,PASS,PASS,PASS,PASS,SKIP,SKIP,SKIP,DIRECT,
c8952652c8c20f43100c364a17eec9a9fff7839853c6a36d5413c616b1f3b2fb,kotlin,r,PASS,PASS,PASS,PASS,FAIL,SKIP,SKIP,SKIP,SKIP,DIRECT,"universal node 2 lacks required ""expression"" child"
c8952652c8c20f43100c364a17eec9a9fff7839853c6a36d5413c616b1f3b2fb,kotlin,go,PASS,PASS,PASS,PASS,FAIL,SKIP,SKIP,SKIP,SKIP,DIRECT,DIRECT_NATIVE_UNAVAILABLE: unsupported UAST node OperationExpr/2
c8952652c8c20f43100c364a17eec9a9fff7839853c6a36d5413c616b1f3b2fb,kotlin,rust,PASS,PASS,PASS,PASS,FAIL,SKIP,SKIP,SKIP,SKIP,DIRECT,DIRECT_NATIVE_UNAVAILABLE: unsupported UAST node OperationExpr/2
c8952652c8c20f43100c364a17eec9a9fff7839853c6a36d5413c616b1f3b2fb,kotlin,cpp,PASS,PASS,PASS,PASS,FAIL,SKIP,SKIP,SKIP,SKIP,DIRECT,DIRECT_NATIVE_UNAVAILABLE: unsupported UAST node OperationExpr/2
c8952652c8c20f43100c364a17eec9a9fff7839853c6a36d5413c616b1f3b2fb,kotlin,c,PASS,PASS,PASS,PASS,FAIL,SKIP,SKIP,SKIP,SKIP,DIRECT,DIRECT_NATIVE_UNAVAILABLE: unsupported UAST node OperationExpr/2
c8952652c8c20f43100c364a17eec9a9fff7839853c6a36d5413c616b1f3b2fb,kotlin,python,PASS,PASS,PASS,PASS,FAIL,SKIP,SKIP,SKIP,SKIP,DIRECT,DIRECT_NATIVE_UNAVAILABLE: unsupported UAST node OperationExpr/2
c8952652c8c20f43100c364a17eec9a9fff7839853c6a36d5413c616b1f3b2fb,kotlin,zig,PASS,PASS,PASS,PASS,FAIL,SKIP,SKIP,SKIP,SKIP,DIRECT,DIRECT_NATIVE_UNAVAILABLE: unsupported UAST node OperationExpr/2
c8952652c8c20f43100c364a17eec9a9fff7839853c6a36d5413c616b1f3b2fb,kotlin,julia,PASS,PASS,PASS,PASS,FAIL,SKIP,SKIP,SKIP,SKIP,DIRECT,DIRECT_NATIVE_UNAVAILABLE: unsupported UAST node OperationExpr/2
c8952652c8c20f43100c364a17eec9a9fff7839853c6a36d5413c616b1f3b2fb,kotlin,nim,PASS,PASS,PASS,PASS,FAIL,SKIP,SKIP,SKIP,SKIP,DIRECT,DIRECT_NATIVE_UNAVAILABLE: unsupported UAST node OperationExpr/2
c8952652c8c20f43100c364a17eec9a9fff7839853c6a36d5413c616b1f3b2fb,kotlin,csharp,PASS,PASS,PASS,PASS,FAIL,SKIP,SKIP,SKIP,SKIP,DIRECT,DIRECT_NATIVE_UNAVAILABLE: unsupported UAST node OperationExpr/2
c8952652c8c20f43100c364a17eec9a9fff7839853c6a36d5413c616b1f3b2fb,kotlin,java,PASS,PASS,PASS,PASS,FAIL,SKIP,SKIP,SKIP,SKIP,DIRECT,DIRECT_NATIVE_UNAVAILABLE: unsupported UAST node OperationExpr/2
c8952652c8c20f43100c364a17eec9a9fff7839853c6a36d5413c616b1f3b2fb,kotlin,kotlin,PASS,PASS,PASS,PASS,FAIL,SKIP,SKIP,SKIP,SKIP,DIRECT,DIRECT_NATIVE_UNAVAILABLE: unsupported UAST node OperationExpr/2
c8952652c8c20f43100c364a17eec9a9fff7839853c6a36d5413c616b1f3b2fb,kotlin,swift,PASS,PASS,PASS,PASS,FAIL,SKIP,SKIP,SKIP,SKIP,DIRECT,DIRECT_NATIVE_UNAVAILABLE: unsupported UAST node OperationExpr/2
3b32b8dc3645b0cb3beae1895f2e82c48914c1d8c636ed9bf57d3836e350aa4c,kotlin,r,PASS,PASS,PASS,PASS,FAIL,SKIP,SKIP,SKIP,SKIP,DIRECT,"universal node 2 lacks required ""expression"" child"
3b32b8dc3645b0cb3beae1895f2e82c48914c1d8c636ed9bf57d3836e350aa4c,kotlin,go,PASS,PASS,PASS,PASS,FAIL,SKIP,SKIP,SKIP,SKIP,DIRECT,DIRECT_NATIVE_UNAVAILABLE: unsupported UAST node OperationExpr/2
3b32b8dc3645b0cb3beae1895f2e82c48914c1d8c636ed9bf57d3836e350aa4c,kotlin,rust,PASS,PASS,PASS,PASS,FAIL,SKIP,SKIP,SKIP,SKIP,DIRECT,DIRECT_NATIVE_UNAVAILABLE: unsupported UAST node OperationExpr/2
3b32b8dc3645b0cb3beae1895f2e82c48914c1d8c636ed9bf57d3836e350aa4c,kotlin,cpp,PASS,PASS,PASS,PASS,FAIL,SKIP,SKIP,SKIP,SKIP,DIRECT,DIRECT_NATIVE_UNAVAILABLE: unsupported UAST node OperationExpr/2
3b32b8dc3645b0cb3beae1895f2e82c48914c1d8c636ed9bf57d3836e350aa4c,kotlin,c,PASS,PASS,PASS,PASS,FAIL,SKIP,SKIP,SKIP,SKIP,DIRECT,DIRECT_NATIVE_UNAVAILABLE: unsupported UAST node OperationExpr/2
3b32b8dc3645b0cb3beae1895f2e82c48914c1d8c636ed9bf57d3836e350aa4c,kotlin,python,PASS,PASS,PASS,PASS,FAIL,SKIP,SKIP,SKIP,SKIP,DIRECT,DIRECT_NATIVE_UNAVAILABLE: unsupported UAST node OperationExpr/2
3b32b8dc3645b0cb3beae1895f2e82c48914c1d8c636ed9bf57d3836e350aa4c,kotlin,zig,PASS,PASS,PASS,PASS,FAIL,SKIP,SKIP,SKIP,SKIP,DIRECT,DIRECT_NATIVE_UNAVAILABLE: unsupported UAST node OperationExpr/2
3b32b8dc3645b0cb3beae1895f2e82c48914c1d8c636ed9bf57d3836e350aa4c,kotlin,julia,PASS,PASS,PASS,PASS,FAIL,SKIP,SKIP,SKIP,SKIP,DIRECT,DIRECT_NATIVE_UNAVAILABLE: unsupported UAST node OperationExpr/2
3b32b8dc3645b0cb3beae1895f2e82c48914c1d8c636ed9bf57d3836e350aa4c,kotlin,nim,PASS,PASS,PASS,PASS,FAIL,SKIP,SKIP,SKIP,SKIP,DIRECT,DIRECT_NATIVE_UNAVAILABLE: unsupported UAST node OperationExpr/2
3b32b8dc3645b0cb3beae1895f2e82c48914c1d8c636ed9bf57d3836e350aa4c,kotlin,csharp,PASS,PASS,PASS,PASS,FAIL,SKIP,SKIP,SKIP,SKIP,DIRECT,DIRECT_NATIVE_UNAVAILABLE: unsupported UAST node OperationExpr/2
3b32b8dc3645b0cb3beae1895f2e82c48914c1d8c636ed9bf57d3836e350aa4c,kotlin,java,PASS,PASS,PASS,PASS,FAIL,SKIP,SKIP,SKIP,SKIP,DIRECT,DIRECT_NATIVE_UNAVAILABLE: unsupported UAST node OperationExpr/2
3b32b8dc3645b0cb3beae1895f2e82c48914c1d8c636ed9bf57d3836e350aa4c,kotlin,kotlin,PASS,PASS,PASS,PASS,FAIL,SKIP,SKIP,SKIP,SKIP,DIRECT,DIRECT_NATIVE_UNAVAILABLE: unsupported UAST node OperationExpr/2
3b32b8dc3645b0cb3beae1895f2e82c48914c1d8c636ed9bf57d3836e350aa4c,kotlin,swift,PASS,PASS,PASS,PASS,FAIL,SKIP,SKIP,SKIP,SKIP,DIRECT,DIRECT_NATIVE_UNAVAILABLE: unsupported UAST node OperationExpr/2
4a09fca565ec1730e5d4f8b9c3a194691fd35fc19a15da8cdf443d5ad127064b,kotlin,r,PASS,PASS,PASS,PASS,FAIL,SKIP,SKIP,SKIP,SKIP,DIRECT,"universal node 2 lacks required ""expression"" child"
4a09fca565ec1730e5d4f8b9c3a194691fd35fc19a15da8cdf443d5ad127064b,kotlin,go,PASS,PASS,PASS,PASS,FAIL,SKIP,SKIP,SKIP,SKIP,DIRECT,DIRECT_NATIVE_UNAVAILABLE: unsupported UAST node OperationExpr/2
4a09fca565ec1730e5d4f8b9c3a194691fd35fc19a15da8cdf443d5ad127064b,kotlin,rust,PASS,PASS,PASS,PASS,FAIL,SKIP,SKIP,SKIP,SKIP,DIRECT,DIRECT_NATIVE_UNAVAILABLE: unsupported UAST node OperationExpr/2
4a09fca565ec1730e5d4f8b9c3a194691fd35fc19a15da8cdf443d5ad127064b,kotlin,cpp,PASS,PASS,PASS,PASS,FAIL,SKIP,SKIP,SKIP,SKIP,DIRECT,DIRECT_NATIVE_UNAVAILABLE: unsupported UAST node OperationExpr/2
4a09fca565ec1730e5d4f8b9c3a194691fd35fc19a15da8cdf443d5ad127064b,kotlin,c,PASS,PASS,PASS,PASS,FAIL,SKIP,SKIP,SKIP,SKIP,DIRECT,DIRECT_NATIVE_UNAVAILABLE: unsupported UAST node OperationExpr/2
4a09fca565ec1730e5d4f8b9c3a194691fd35fc19a15da8cdf443d5ad127064b,kotlin,python,PASS,PASS,PASS,PASS,FAIL,SKIP,SKIP,SKIP,SKIP,DIRECT,DIRECT_NATIVE_UNAVAILABLE: unsupported UAST node OperationExpr/2
4a09fca565ec1730e5d4f8b9c3a194691fd35fc19a15da8cdf443d5ad127064b,kotlin,zig,PASS,PASS,PASS,PASS,FAIL,SKIP,SKIP,SKIP,SKIP,DIRECT,DIRECT_NATIVE_UNAVAILABLE: unsupported UAST node OperationExpr/2
4a09fca565ec1730e5d4f8b9c3a194691fd35fc19a15da8cdf443d5ad127064b,kotlin,julia,PASS,PASS,PASS,PASS,FAIL,SKIP,SKIP,SKIP,SKIP,DIRECT,DIRECT_NATIVE_UNAVAILABLE: unsupported UAST node OperationExpr/2
4a09fca565ec1730e5d4f8b9c3a194691fd35fc19a15da8cdf443d5ad127064b,kotlin,nim,PASS,PASS,PASS,PASS,FAIL,SKIP,SKIP,SKIP,SKIP,DIRECT,DIRECT_NATIVE_UNAVAILABLE: unsupported UAST node OperationExpr/2
4a09fca565ec1730e5d4f8b9c3a194691fd35fc19a15da8cdf443d5ad127064b,kotlin,csharp,PASS,PASS,PASS,PASS,FAIL,SKIP,SKIP,SKIP,SKIP,DIRECT,DIRECT_NATIVE_UNAVAILABLE: unsupported UAST node OperationExpr/2
4a09fca565ec1730e5d4f8b9c3a194691fd35fc19a15da8cdf443d5ad127064b,kotlin,java,PASS,PASS,PASS,PASS,FAIL,SKIP,SKIP,SKIP,SKIP,DIRECT,DIRECT_NATIVE_UNAVAILABLE: unsupported UAST node OperationExpr/2
4a09fca565ec1730e5d4f8b9c3a194691fd35fc19a15da8cdf443d5ad127064b,kotlin,kotlin,PASS,PASS,PASS,PASS,FAIL,SKIP,SKIP,SKIP,SKIP,DIRECT,DIRECT_NATIVE_UNAVAILABLE: unsupported UAST node OperationExpr/2
4a09fca565ec1730e5d4f8b9c3a194691fd35fc19a15da8cdf443d5ad127064b,kotlin,swift,PASS,PASS,PASS,PASS,FAIL,SKIP,SKIP,SKIP,SKIP,DIRECT,DIRECT_NATIVE_UNAVAILABLE: unsupported UAST node OperationExpr/2
d77716c46438167cc7d142662213722b68ff4b53eaf150f11cb449ac748141e4,kotlin,r,PASS,PASS,PASS,PASS,PASS,PASS,SKIP,SKIP,SKIP,DIRECT,
d77716c46438167cc7d142662213722b68ff4b53eaf150f11cb449ac748141e4,kotlin,go,PASS,PASS,PASS,PASS,PASS,PASS,SKIP,SKIP,SKIP,DIRECT,
d77716c46438167cc7d142662213722b68ff4b53eaf150f11cb449ac748141e4,kotlin,rust,PASS,PASS,PASS,PASS,PASS,PASS,SKIP,SKIP,SKIP,DIRECT,
d77716c46438167cc7d142662213722b68ff4b53eaf150f11cb449ac748141e4,kotlin,cpp,PASS,PASS,PASS,PASS,PASS,PASS,SKIP,SKIP,SKIP,DIRECT,
d77716c46438167cc7d142662213722b68ff4b53eaf150f11cb449ac748141e4,kotlin,c,PASS,PASS,PASS,PASS,PASS,PASS,SKIP,SKIP,SKIP,DIRECT,
d77716c46438167cc7d142662213722b68ff4b53eaf150f11cb449ac748141e4,kotlin,python,PASS,PASS,PASS,PASS,PASS,PASS,SKIP,SKIP,SKIP,DIRECT,
d77716c46438167cc7d142662213722b68ff4b53eaf150f11cb449ac748141e4,kotlin,zig,PASS,PASS,PASS,PASS,PASS,PASS,SKIP,SKIP,SKIP,DIRECT,
d77716c46438167cc7d142662213722b68ff4b53eaf150f11cb449ac748141e4,kotlin,julia,PASS,PASS,PASS,PASS,PASS,PASS,SKIP,SKIP,SKIP,DIRECT,
d77716c46438167cc7d142662213722b68ff4b53eaf150f11cb449ac748141e4,kotlin,nim,PASS,PASS,PASS,PASS,PASS,PASS,SKIP,SKIP,SKIP,DIRECT,
d77716c46438167cc7d142662213722b68ff4b53eaf150f11cb449ac748141e4,kotlin,csharp,PASS,PASS,PASS,PASS,PASS,PASS,SKIP,SKIP,SKIP,DIRECT,
d77716c46438167cc7d142662213722b68ff4b53eaf150f11cb449ac748141e4,kotlin,java,PASS,PASS,PASS,PASS,PASS,PASS,SKIP,SKIP,SKIP,DIRECT,
d77716c46438167cc7d142662213722b68ff4b53eaf150f11cb449ac748141e4,kotlin,kotlin,PASS,PASS,PASS,PASS,PASS,PASS,SKIP,SKIP,SKIP,DIRECT,
d77716c46438167cc7d142662213722b68ff4b53eaf150f11cb449ac748141e4,kotlin,swift,PASS,PASS,PASS,PASS,PASS,PASS,SKIP,SKIP,SKIP,DIRECT,
5e66459c25723e0f53409fc55eacafa8a23ae2ea517996e64ef06d6c12763d8f,kotlin,r,PASS,PASS,PASS,PASS,PASS,PASS,SKIP,SKIP,SKIP,DIRECT,
5e66459c25723e0f53409fc55eacafa8a23ae2ea517996e64ef06d6c12763d8f,kotlin,go,PASS,PASS,PASS,PASS,PASS,PASS,SKIP,SKIP,SKIP,DIRECT,
5e66459c25723e0f53409fc55eacafa8a23ae2ea517996e64ef06d6c12763d8f,kotlin,rust,PASS,PASS,PASS,PASS,PASS,PASS,SKIP,SKIP,SKIP,DIRECT,
5e66459c25723e0f53409fc55eacafa8a23ae2ea517996e64ef06d6c12763d8f,kotlin,cpp,PASS,PASS,PASS,PASS,PASS,PASS,SKIP,SKIP,SKIP,DIRECT,
5e66459c25723e0f53409fc55eacafa8a23ae2ea517996e64ef06d6c12763d8f,kotlin,c,PASS,PASS,PASS,PASS,PASS,PASS,SKIP,SKIP,SKIP,DIRECT,
5e66459c25723e0f53409fc55eacafa8a23ae2ea517996e64ef06d6c12763d8f,kotlin,python,PASS,PASS,PASS,PASS,PASS,PASS,SKIP,SKIP,SKIP,DIRECT,
5e66459c25723e0f53409fc55eacafa8a23ae2ea517996e64ef06d6c12763d8f,kotlin,zig,PASS,PASS,PASS,PASS,PASS,PASS,SKIP,SKIP,SKIP,DIRECT,
5e66459c25723e0f53409fc55eacafa8a23ae2ea517996e64ef06d6c12763d8f,kotlin,julia,PASS,PASS,PASS,PASS,PASS,PASS,SKIP,SKIP,SKIP,DIRECT,
5e66459c25723e0f53409fc55eacafa8a23ae2ea517996e64ef06d6c12763d8f,kotlin,nim,PASS,PASS,PASS,PASS,PASS,PASS,SKIP,SKIP,SKIP,DIRECT,
5e66459c25723e0f53409fc55eacafa8a23ae2ea517996e64ef06d6c12763d8f,kotlin,csharp,PASS,PASS,PASS,PASS,PASS,PASS,SKIP,SKIP,SKIP,DIRECT,
5e66459c25723e0f53409fc55eacafa8a23ae2ea517996e64ef06d6c12763d8f,kotlin,java,PASS,PASS,PASS,PASS,PASS,PASS,SKIP,SKIP,SKIP,DIRECT,
5e66459c25723e0f53409fc55eacafa8a23ae2ea517996e64ef06d6c12763d8f,kotlin,kotlin,PASS,PASS,PASS,PASS,PASS,PASS,SKIP,SKIP,SKIP,DIRECT,
5e66459c25723e0f53409fc55eacafa8a23ae2ea517996e64ef06d6c12763d8f,kotlin,swift,PASS,PASS,PASS,PASS,PASS,PASS,SKIP,SKIP,SKIP,DIRECT,
736876d9d0c70d452c580ce525cdaab4dc4b6acdb5b4260aa3036cd3c52a0194,kotlin,r,PASS,PASS,PASS,PASS,PASS,PASS,SKIP,SKIP,SKIP,DIRECT,
736876d9d0c70d452c580ce525cdaab4dc4b6acdb5b4260aa3036cd3c52a0194,kotlin,go,PASS,PASS,PASS,PASS,PASS,PASS,SKIP,SKIP,SKIP,DIRECT,
736876d9d0c70d452c580ce525cdaab4dc4b6acdb5b4260aa3036cd3c52a0194,kotlin,rust,PASS,PASS,PASS,PASS,PASS,PASS,SKIP,SKIP,SKIP,DIRECT,
736876d9d0c70d452c580ce525cdaab4dc4b6acdb5b4260aa3036cd3c52a0194,kotlin,cpp,PASS,PASS,PASS,PASS,PASS,PASS,SKIP,SKIP,SKIP,DIRECT,
736876d9d0c70d452c580ce525cdaab4dc4b6acdb5b4260aa3036cd3c52a0194,kotlin,c,PASS,PASS,PASS,PASS,PASS,PASS,SKIP,SKIP,SKIP,DIRECT,
736876d9d0c70d452c580ce525cdaab4dc4b6acdb5b4260aa3036cd3c52a0194,kotlin,python,PASS,PASS,PASS,PASS,PASS,PASS,SKIP,SKIP,SKIP,DIRECT,
736876d9d0c70d452c580ce525cdaab4dc4b6acdb5b4260aa3036cd3c52a0194,kotlin,zig,PASS,PASS,PASS,PASS,PASS,PASS,SKIP,SKIP,SKIP,DIRECT,
736876d9d0c70d452c580ce525cdaab4dc4b6acdb5b4260aa3036cd3c52a0194,kotlin,julia,PASS,PASS,PASS,PASS,PASS,PASS,SKIP,SKIP,SKIP,DIRECT,
736876d9d0c70d452c580ce525cdaab4dc4b6acdb5b4260aa3036cd3c52a0194,kotlin,nim,PASS,PASS,PASS,PASS,PASS,PASS,SKIP,SKIP,SKIP,DIRECT,
736876d9d0c70d452c580ce525cdaab4dc4b6acdb5b4260aa3036cd3c52a0194,kotlin,csharp,PASS,PASS,PASS,PASS,PASS,PASS,SKIP,SKIP,SKIP,DIRECT,
736876d9d0c70d452c580ce525cdaab4dc4b6acdb5b4260aa3036cd3c52a0194,kotlin,java,PASS,PASS,PASS,PASS,PASS,PASS,SKIP,SKIP,SKIP,DIRECT,
736876d9d0c70d452c580ce525cdaab4dc4b6acdb5b4260aa3036cd3c52a0194,kotlin,kotlin,PASS,PASS,PASS,PASS,PASS,PASS,SKIP,SKIP,SKIP,DIRECT,
736876d9d0c70d452c580ce525cdaab4dc4b6acdb5b4260aa3036cd3c52a0194,kotlin,swift,PASS,PASS,PASS,PASS,PASS,PASS,SKIP,SKIP,SKIP,DIRECT,
0c4249f6233f81ec6a69be02009d09d1ff1d3b8e2d033c0fdd8196ae714ad442,kotlin,r,PASS,PASS,PASS,PASS,PASS,PASS,SKIP,SKIP,SKIP,DIRECT,
0c4249f6233f81ec6a69be02009d09d1ff1d3b8e2d033c0fdd8196ae714ad442,kotlin,go,PASS,PASS,PASS,PASS,PASS,PASS,SKIP,SKIP,SKIP,DIRECT,
0c4249f6233f81ec6a69be02009d09d1ff1d3b8e2d033c0fdd8196ae714ad442,kotlin,rust,PASS,PASS,PASS,PASS,PASS,PASS,SKIP,SKIP,SKIP,DIRECT,
0c4249f6233f81ec6a69be02009d09d1ff1d3b8e2d033c0fdd8196ae714ad442,kotlin,cpp,PASS,PASS,PASS,PASS,PASS,PASS,SKIP,SKIP,SKIP,DIRECT,
0c4249f6233f81ec6a69be02009d09d1ff1d3b8e2d033c0fdd8196ae714ad442,kotlin,c,PASS,PASS,PASS,PASS,PASS,PASS,SKIP,SKIP,SKIP,DIRECT,
0c4249f6233f81ec6a69be02009d09d1ff1d3b8e2d033c0fdd8196ae714ad442,kotlin,python,PASS,PASS,PASS,PASS,PASS,PASS,SKIP,SKIP,SKIP,DIRECT,
0c4249f6233f81ec6a69be02009d09d1ff1d3b8e2d033c0fdd8196ae714ad442,kotlin,zig,PASS,PASS,PASS,PASS,PASS,PASS,SKIP,SKIP,SKIP,DIRECT,
0c4249f6233f81ec6a69be02009d09d1ff1d3b8e2d033c0fdd8196ae714ad442,kotlin,julia,PASS,PASS,PASS,PASS,PASS,PASS,SKIP,SKIP,SKIP,DIRECT,
0c4249f6233f81ec6a69be02009d09d1ff1d3b8e2d033c0fdd8196ae714ad442,kotlin,nim,PASS,PASS,PASS,PASS,PASS,PASS,SKIP,SKIP,SKIP,DIRECT,
0c4249f6233f81ec6a69be02009d09d1ff1d3b8e2d033c0fdd8196ae714ad442,kotlin,csharp,PASS,PASS,PASS,PASS,PASS,PASS,SKIP,SKIP,SKIP,DIRECT,
0c4249f6233f81ec6a69be02009d09d1ff1d3b8e2d033c0fdd8196ae714ad442,kotlin,java,PASS,PASS,PASS,PASS,PASS,PASS,SKIP,SKIP,SKIP,DIRECT,
0c4249f6233f81ec6a69be02009d09d1ff1d3b8e2d033c0fdd8196ae714ad442,kotlin,kotlin,PASS,PASS,PASS,PASS,PASS,PASS,SKIP,SKIP,SKIP,DIRECT,
0c4249f6233f81ec6a69be02009d09d1ff1d3b8e2d033c0fdd8196ae714ad442,kotlin,swift,PASS,PASS,PASS,PASS,PASS,PASS,SKIP,SKIP,SKIP,DIRECT,
ccbd0cf34a3f0233a69d425311bea09892194ffb7663e9fe003644a95bd91720,kotlin,r,PASS,PASS,PASS,PASS,PASS,PASS,SKIP,SKIP,SKIP,DIRECT,
ccbd0cf34a3f0233a69d425311bea09892194ffb7663e9fe003644a95bd91720,kotlin,go,PASS,PASS,PASS,PASS,PASS,PASS,SKIP,SKIP,SKIP,DIRECT,
ccbd0cf34a3f0233a69d425311bea09892194ffb7663e9fe003644a95bd91720,kotlin,rust,PASS,PASS,PASS,PASS,PASS,PASS,SKIP,SKIP,SKIP,DIRECT,
ccbd0cf34a3f0233a69d425311bea09892194ffb7663e9fe003644a95bd91720,kotlin,cpp,PASS,PASS,PASS,PASS,PASS,PASS,SKIP,SKIP,SKIP,DIRECT,
ccbd0cf34a3f0233a69d425311bea09892194ffb7663e9fe003644a95bd91720,kotlin,c,PASS,PASS,PASS,PASS,PASS,PASS,SKIP,SKIP,SKIP,DIRECT,
ccbd0cf34a3f0233a69d425311bea09892194ffb7663e9fe003644a95bd91720,kotlin,python,PASS,PASS,PASS,PASS,PASS,PASS,SKIP,SKIP,SKIP,DIRECT,
ccbd0cf34a3f0233a69d425311bea09892194ffb7663e9fe003644a95bd91720,kotlin,zig,PASS,PASS,PASS,PASS,PASS,PASS,SKIP,SKIP,SKIP,DIRECT,
ccbd0cf34a3f0233a69d425311bea09892194ffb7663e9fe003644a95bd91720,kotlin,julia,PASS,PASS,PASS,PASS,PASS,PASS,SKIP,SKIP,SKIP,DIRECT,
ccbd0cf34a3f0233a69d425311bea09892194ffb7663e9fe003644a95bd91720,kotlin,nim,PASS,PASS,PASS,PASS,PASS,PASS,SKIP,SKIP,SKIP,DIRECT,
ccbd0cf34a3f0233a69d425311bea09892194ffb7663e9fe003644a95bd91720,kotlin,csharp,PASS,PASS,PASS,PASS,PASS,PASS,SKIP,SKIP,SKIP,DIRECT,
ccbd0cf34a3f0233a69d425311bea09892194ffb7663e9fe003644a95bd91720,kotlin,java,PASS,PASS,PASS,PASS,PASS,PASS,SKIP,SKIP,SKIP,DIRECT,
ccbd0cf34a3f0233a69d425311bea09892194ffb7663e9fe003644a95bd91720,kotlin,kotlin,PASS,PASS,PASS,PASS,PASS,PASS,SKIP,SKIP,SKIP,DIRECT,
ccbd0cf34a3f0233a69d425311bea09892194ffb7663e9fe003644a95bd91720,kotlin,swift,PASS,PASS,PASS,PASS,PASS,PASS,SKIP,SKIP,SKIP,DIRECT,
a81d5b521edbd5e4ecf19457f72a6b33c7d61c0578f2d582c2a330875eda678d,kotlin,r,PASS,PASS,PASS,PASS,PASS,PASS,SKIP,SKIP,SKIP,DIRECT,
a81d5b521edbd5e4ecf19457f72a6b33c7d61c0578f2d582c2a330875eda678d,kotlin,go,PASS,PASS,PASS,PASS,PASS,PASS,SKIP,SKIP,SKIP,DIRECT,
a81d5b521edbd5e4ecf19457f72a6b33c7d61c0578f2d582c2a330875eda678d,kotlin,rust,PASS,PASS,PASS,PASS,PASS,PASS,SKIP,SKIP,SKIP,DIRECT,
a81d5b521edbd5e4ecf19457f72a6b33c7d61c0578f2d582c2a330875eda678d,kotlin,cpp,PASS,PASS,PASS,PASS,PASS,PASS,SKIP,SKIP,SKIP,DIRECT,
a81d5b521edbd5e4ecf19457f72a6b33c7d61c0578f2d582c2a330875eda678d,kotlin,c,PASS,PASS,PASS,PASS,PASS,PASS,SKIP,SKIP,SKIP,DIRECT,
a81d5b521edbd5e4ecf19457f72a6b33c7d61c0578f2d582c2a330875eda678d,kotlin,python,PASS,PASS,PASS,PASS,PASS,PASS,SKIP,SKIP,SKIP,DIRECT,
a81d5b521edbd5e4ecf19457f72a6b33c7d61c0578f2d582c2a330875eda678d,kotlin,zig,PASS,PASS,PASS,PASS,PASS,PASS,SKIP,SKIP,SKIP,DIRECT,
a81d5b521edbd5e4ecf19457f72a6b33c7d61c0578f2d582c2a330875eda678d,kotlin,julia,PASS,PASS,PASS,PASS,PASS,PASS,SKIP,SKIP,SKIP,DIRECT,
a81d5b521edbd5e4ecf19457f72a6b33c7d61c0578f2d582c2a330875eda678d,kotlin,nim,PASS,PASS,PASS,PASS,PASS,PASS,SKIP,SKIP,SKIP,DIRECT,
a81d5b521edbd5e4ecf19457f72a6b33c7d61c0578f2d582c2a330875eda678d,kotlin,csharp,PASS,PASS,PASS,PASS,PASS,PASS,SKIP,SKIP,SKIP,DIRECT,
a81d5b521edbd5e4ecf19457f72a6b33c7d61c0578f2d582c2a330875eda678d,kotlin,java,PASS,PASS,PASS,PASS,PASS,PASS,SKIP,SKIP,SKIP,DIRECT,
a81d5b521edbd5e4ecf19457f72a6b33c7d61c0578f2d582c2a330875eda678d,kotlin,kotlin,PASS,PASS,PASS,PASS,PASS,PASS,SKIP,SKIP,SKIP,DIRECT,
a81d5b521edbd5e4ecf19457f72a6b33c7d61c0578f2d582c2a330875eda678d,kotlin,swift,PASS,PASS,PASS,PASS,PASS,PASS,SKIP,SKIP,SKIP,DIRECT,
d1d4c86179a4bd3e85b7b0b920dcb7042d50c71fc4ae156bf4be9123bc81ad2e,kotlin,r,PASS,PASS,PASS,PASS,PASS,PASS,SKIP,SKIP,SKIP,DIRECT,
d1d4c86179a4bd3e85b7b0b920dcb7042d50c71fc4ae156bf4be9123bc81ad2e,kotlin,go,PASS,PASS,PASS,PASS,PASS,PASS,SKIP,SKIP,SKIP,DIRECT,
d1d4c86179a4bd3e85b7b0b920dcb7042d50c71fc4ae156bf4be9123bc81ad2e,kotlin,rust,PASS,PASS,PASS,PASS,PASS,PASS,SKIP,SKIP,SKIP,DIRECT,
d1d4c86179a4bd3e85b7b0b920dcb7042d50c71fc4ae156bf4be9123bc81ad2e,kotlin,cpp,PASS,PASS,PASS,PASS,PASS,PASS,SKIP,SKIP,SKIP,DIRECT,
d1d4c86179a4bd3e85b7b0b920dcb7042d50c71fc4ae156bf4be9123bc81ad2e,kotlin,c,PASS,PASS,PASS,PASS,PASS,PASS,SKIP,SKIP,SKIP,DIRECT,
d1d4c86179a4bd3e85b7b0b920dcb7042d50c71fc4ae156bf4be9123bc81ad2e,kotlin,python,PASS,PASS,PASS,PASS,PASS,PASS,SKIP,SKIP,SKIP,DIRECT,
d1d4c86179a4bd3e85b7b0b920dcb7042d50c71fc4ae156bf4be9123bc81ad2e,kotlin,zig,PASS,PASS,PASS,PASS,PASS,PASS,SKIP,SKIP,SKIP,DIRECT,
d1d4c86179a4bd3e85b7b0b920dcb7042d50c71fc4ae156bf4be9123bc81ad2e,kotlin,julia,PASS,PASS,PASS,PASS,PASS,PASS,SKIP,SKIP,SKIP,DIRECT,
d1d4c86179a4bd3e85b7b0b920dcb7042d50c71fc4ae156bf4be9123bc81ad2e,kotlin,nim,PASS,PASS,PASS,PASS,PASS,PASS,SKIP,SKIP,SKIP,DIRECT,
d1d4c86179a4bd3e85b7b0b920dcb7042d50c71fc4ae156bf4be9123bc81ad2e,kotlin,csharp,PASS,PASS,PASS,PASS,PASS,PASS,SKIP,SKIP,SKIP,DIRECT,
d1d4c86179a4bd3e85b7b0b920dcb7042d50c71fc4ae156bf4be9123bc81ad2e,kotlin,java,PASS,PASS,PASS,PASS,PASS,PASS,SKIP,SKIP,SKIP,DIRECT,
d1d4c86179a4bd3e85b7b0b920dcb7042d50c71fc4ae156bf4be9123bc81ad2e,kotlin,kotlin,PASS,PASS,PASS,PASS,PASS,PASS,SKIP,SKIP,SKIP,DIRECT,
d1d4c86179a4bd3e85b7b0b920dcb7042d50c71fc4ae156bf4be9123bc81ad2e,kotlin,swift,PASS,PASS,PASS,PASS,PASS,PASS,SKIP,SKIP,SKIP,DIRECT,
2ffbd7f0706af3d0f39d8a793622bdd0b3b261d8ea3fde92653166e2718eb173,kotlin,r,PASS,PASS,PASS,PASS,PASS,PASS,SKIP,SKIP,SKIP,DIRECT,
2ffbd7f0706af3d0f39d8a793622bdd0b3b261d8ea3fde92653166e2718eb173,kotlin,go,PASS,PASS,PASS,PASS,PASS,PASS,SKIP,SKIP,SKIP,DIRECT,
2ffbd7f0706af3d0f39d8a793622bdd0b3b261d8ea3fde92653166e2718eb173,kotlin,rust,PASS,PASS,PASS,PASS,PASS,PASS,SKIP,SKIP,SKIP,DIRECT,
2ffbd7f0706af3d0f39d8a793622bdd0b3b261d8ea3fde92653166e2718eb173,kotlin,cpp,PASS,PASS,PASS,PASS,PASS,PASS,SKIP,SKIP,SKIP,DIRECT,
2ffbd7f0706af3d0f39d8a793622bdd0b3b261d8ea3fde92653166e2718eb173,kotlin,c,PASS,PASS,PASS,PASS,PASS,PASS,SKIP,SKIP,SKIP,DIRECT,
2ffbd7f0706af3d0f39d8a793622bdd0b3b261d8ea3fde92653166e2718eb173,kotlin,python,PASS,PASS,PASS,PASS,PASS,PASS,SKIP,SKIP,SKIP,DIRECT,
2ffbd7f0706af3d0f39d8a793622bdd0b3b261d8ea3fde92653166e2718eb173,kotlin,zig,PASS,PASS,PASS,PASS,PASS,PASS,SKIP,SKIP,SKIP,DIRECT,
2ffbd7f0706af3d0f39d8a793622bdd0b3b261d8ea3fde92653166e2718eb173,kotlin,julia,PASS,PASS,PASS,PASS,PASS,PASS,SKIP,SKIP,SKIP,DIRECT,
2ffbd7f0706af3d0f39d8a793622bdd0b3b261d8ea3fde92653166e2718eb173,kotlin,nim,PASS,PASS,PASS,PASS,PASS,PASS,SKIP,SKIP,SKIP,DIRECT,
2ffbd7f0706af3d0f39d8a793622bdd0b3b261d8ea3fde92653166e2718eb173,kotlin,csharp,PASS,PASS,PASS,PASS,PASS,PASS,SKIP,SKIP,SKIP,DIRECT,
2ffbd7f0706af3d0f39d8a793622bdd0b3b261d8ea3fde92653166e2718eb173,kotlin,java,PASS,PASS,PASS,PASS,PASS,PASS,SKIP,SKIP,SKIP,DIRECT,
2ffbd7f0706af3d0f39d8a793622bdd0b3b261d8ea3fde92653166e2718eb173,kotlin,kotlin,PASS,PASS,PASS,PASS,PASS,PASS,SKIP,SKIP,SKIP,DIRECT,
2ffbd7f0706af3d0f39d8a793622bdd0b3b261d8ea3fde92653166e2718eb173,kotlin,swift,PASS,PASS,PASS,PASS,PASS,PASS,SKIP,SKIP,SKIP,DIRECT,
560f0970875f796227ffdb78449a24639b9198ecc4888856b078772c23954603,kotlin,r,PASS,PASS,PASS,PASS,PASS,PASS,SKIP,SKIP,SKIP,DIRECT,
560f0970875f796227ffdb78449a24639b9198ecc4888856b078772c23954603,kotlin,go,PASS,PASS,PASS,PASS,PASS,PASS,SKIP,SKIP,SKIP,DIRECT,
560f0970875f796227ffdb78449a24639b9198ecc4888856b078772c23954603,kotlin,rust,PASS,PASS,PASS,PASS,PASS,PASS,SKIP,SKIP,SKIP,DIRECT,
560f0970875f796227ffdb78449a24639b9198ecc4888856b078772c23954603,kotlin,cpp,PASS,PASS,PASS,PASS,PASS,PASS,SKIP,SKIP,SKIP,DIRECT,
560f0970875f796227ffdb78449a24639b9198ecc4888856b078772c23954603,kotlin,c,PASS,PASS,PASS,PASS,PASS,PASS,SKIP,SKIP,SKIP,DIRECT,
560f0970875f796227ffdb78449a24639b9198ecc4888856b078772c23954603,kotlin,python,PASS,PASS,PASS,PASS,PASS,PASS,SKIP,SKIP,SKIP,DIRECT,
560f0970875f796227ffdb78449a24639b9198ecc4888856b078772c23954603,kotlin,zig,PASS,PASS,PASS,PASS,PASS,PASS,SKIP,SKIP,SKIP,DIRECT,
560f0970875f796227ffdb78449a24639b9198ecc4888856b078772c23954603,kotlin,julia,PASS,PASS,PASS,PASS,PASS,PASS,SKIP,SKIP,SKIP,DIRECT,
560f0970875f796227ffdb78449a24639b9198ecc4888856b078772c23954603,kotlin,nim,PASS,PASS,PASS,PASS,PASS,PASS,SKIP,SKIP,SKIP,DIRECT,
560f0970875f796227ffdb78449a24639b9198ecc4888856b078772c23954603,kotlin,csharp,PASS,PASS,PASS,PASS,PASS,PASS,SKIP,SKIP,SKIP,DIRECT,
560f0970875f796227ffdb78449a24639b9198ecc4888856b078772c23954603,kotlin,java,PASS,PASS,PASS,PASS,PASS,PASS,SKIP,SKIP,SKIP,DIRECT,
560f0970875f796227ffdb78449a24639b9198ecc4888856b078772c23954603,kotlin,kotlin,PASS,PASS,PASS,PASS,PASS,PASS,SKIP,SKIP,SKIP,DIRECT,
560f0970875f796227ffdb78449a24639b9198ecc4888856b078772c23954603,kotlin,swift,PASS,PASS,PASS,PASS,PASS,PASS,SKIP,SKIP,SKIP,DIRECT,
92c27138b3f1543bd341df8cd69dc75078be238323d2e6996dba1ff7c795c83a,kotlin,r,PASS,PASS,PASS,PASS,PASS,PASS,SKIP,SKIP,SKIP,DIRECT,
92c27138b3f1543bd341df8cd69dc75078be238323d2e6996dba1ff7c795c83a,kotlin,go,PASS,PASS,PASS,PASS,PASS,PASS,SKIP,SKIP,SKIP,DIRECT,
92c27138b3f1543bd341df8cd69dc75078be238323d2e6996dba1ff7c795c83a,kotlin,rust,PASS,PASS,PASS,PASS,PASS,PASS,SKIP,SKIP,SKIP,DIRECT,
92c27138b3f1543bd341df8cd69dc75078be238323d2e6996dba1ff7c795c83a,kotlin,cpp,PASS,PASS,PASS,PASS,PASS,PASS,SKIP,SKIP,SKIP,DIRECT,
92c27138b3f1543bd341df8cd69dc75078be238323d2e6996dba1ff7c795c83a,kotlin,c,PASS,PASS,PASS,PASS,PASS,PASS,SKIP,SKIP,SKIP,DIRECT,
92c27138b3f1543bd341df8cd69dc75078be238323d2e6996dba1ff7c795c83a,kotlin,python,PASS,PASS,PASS,PASS,PASS,PASS,SKIP,SKIP,SKIP,DIRECT,
92c27138b3f1543bd341df8cd69dc75078be238323d2e6996dba1ff7c795c83a,kotlin,zig,PASS,PASS,PASS,PASS,PASS,PASS,SKIP,SKIP,SKIP,DIRECT,
92c27138b3f1543bd341df8cd69dc75078be238323d2e6996dba1ff7c795c83a,kotlin,julia,PASS,PASS,PASS,PASS,PASS,PASS,SKIP,SKIP,SKIP,DIRECT,
92c27138b3f1543bd341df8cd69dc75078be238323d2e6996dba1ff7c795c83a,kotlin,nim,PASS,PASS,PASS,PASS,PASS,PASS,SKIP,SKIP,SKIP,DIRECT,
92c27138b3f1543bd341df8cd69dc75078be238323d2e6996dba1ff7c795c83a,kotlin,csharp,PASS,PASS,PASS,PASS,PASS,PASS,SKIP,SKIP,SKIP,DIRECT,
92c27138b3f1543bd341df8cd69dc75078be238323d2e6996dba1ff7c795c83a,kotlin,java,PASS,PASS,PASS,PASS,PASS,PASS,SKIP,SKIP,SKIP,DIRECT,
92c27138b3f1543bd341df8cd69dc75078be238323d2e6996dba1ff7c795c83a,kotlin,kotlin,PASS,PASS,PASS,PASS,PASS,PASS,SKIP,SKIP,SKIP,DIRECT,
92c27138b3f1543bd341df8cd69dc75078be238323d2e6996dba1ff7c795c83a,kotlin,swift,PASS,PASS,PASS,PASS,PASS,PASS,SKIP,SKIP,SKIP,DIRECT,
7bf141a526b37ee52619228bbd1776d91a05fd27efd5f8d96ab35774373486ea,kotlin,r,PASS,PASS,PASS,PASS,PASS,PASS,SKIP,SKIP,SKIP,DIRECT,
7bf141a526b37ee52619228bbd1776d91a05fd27efd5f8d96ab35774373486ea,kotlin,go,PASS,PASS,PASS,PASS,PASS,PASS,SKIP,SKIP,SKIP,DIRECT,
7bf141a526b37ee52619228bbd1776d91a05fd27efd5f8d96ab35774373486ea,kotlin,rust,PASS,PASS,PASS,PASS,PASS,PASS,SKIP,SKIP,SKIP,DIRECT,
7bf141a526b37ee52619228bbd1776d91a05fd27efd5f8d96ab35774373486ea,kotlin,cpp,PASS,PASS,PASS,PASS,FAIL,SKIP,SKIP,SKIP,SKIP,DIRECT,DIRECT_NATIVE_UNAVAILABLE: target cpp emitted invalid syntax (other: C:\Users\tarek\AppData\Local\Temp\codetranspiler-syntax-3027607857\program.cpp: In function 'int main()': C:\Users\tarek\AppData\Local\Temp\codetranspiler-syntax-302760785
7bf141a526b37ee52619228bbd1776d91a05fd27efd5f8d96ab35774373486ea,kotlin,c,PASS,PASS,PASS,PASS,PASS,PASS,SKIP,SKIP,SKIP,DIRECT,
7bf141a526b37ee52619228bbd1776d91a05fd27efd5f8d96ab35774373486ea,kotlin,python,PASS,PASS,PASS,PASS,FAIL,SKIP,SKIP,SKIP,SKIP,DIRECT,"DIRECT_NATIVE_UNAVAILABLE: target python emitted invalid syntax (other: Sorry: IndentationError: expected an indented block after function definition on line 2 (program.py, line 2))"
7bf141a526b37ee52619228bbd1776d91a05fd27efd5f8d96ab35774373486ea,kotlin,zig,PASS,PASS,PASS,PASS,PASS,PASS,SKIP,SKIP,SKIP,DIRECT,
7bf141a526b37ee52619228bbd1776d91a05fd27efd5f8d96ab35774373486ea,kotlin,julia,PASS,PASS,PASS,PASS,PASS,PASS,SKIP,SKIP,SKIP,DIRECT,
7bf141a526b37ee52619228bbd1776d91a05fd27efd5f8d96ab35774373486ea,kotlin,nim,PASS,PASS,PASS,PASS,PASS,PASS,SKIP,SKIP,SKIP,DIRECT,
7bf141a526b37ee52619228bbd1776d91a05fd27efd5f8d96ab35774373486ea,kotlin,csharp,PASS,PASS,PASS,PASS,PASS,PASS,SKIP,SKIP,SKIP,DIRECT,
7bf141a526b37ee52619228bbd1776d91a05fd27efd5f8d96ab35774373486ea,kotlin,java,PASS,PASS,PASS,PASS,FAIL,SKIP,SKIP,SKIP,SKIP,DIRECT,"DIRECT_NATIVE_UNAVAILABLE: target java emitted invalid syntax (other: C:\Users\tarek\AppData\Local\Temp\codetranspiler-syntax-715136592\Main.java:5: Fehler: Keine Anweisung java.util.function.Function<Double, Double> new = () -> { ^ C:\User"
7bf141a526b37ee52619228bbd1776d91a05fd27efd5f8d96ab35774373486ea,kotlin,kotlin,PASS,PASS,PASS,PASS,PASS,PASS,SKIP,SKIP,SKIP,DIRECT,
7bf141a526b37ee52619228bbd1776d91a05fd27efd5f8d96ab35774373486ea,kotlin,swift,PASS,PASS,PASS,PASS,PASS,PASS,SKIP,SKIP,SKIP,DIRECT,
e2ed1068de6e806abd421b6ed58f08cd760e3dc93ed313421d081a71da693e8a,kotlin,r,PASS,PASS,PASS,PASS,PASS,PASS,SKIP,SKIP,SKIP,DIRECT,
e2ed1068de6e806abd421b6ed58f08cd760e3dc93ed313421d081a71da693e8a,kotlin,go,PASS,PASS,PASS,PASS,PASS,PASS,SKIP,SKIP,SKIP,DIRECT,
e2ed1068de6e806abd421b6ed58f08cd760e3dc93ed313421d081a71da693e8a,kotlin,rust,PASS,PASS,PASS,PASS,PASS,PASS,SKIP,SKIP,SKIP,DIRECT,
e2ed1068de6e806abd421b6ed58f08cd760e3dc93ed313421d081a71da693e8a,kotlin,cpp,PASS,PASS,PASS,PASS,PASS,PASS,SKIP,SKIP,SKIP,DIRECT,
e2ed1068de6e806abd421b6ed58f08cd760e3dc93ed313421d081a71da693e8a,kotlin,c,PASS,PASS,PASS,PASS,PASS,PASS,SKIP,SKIP,SKIP,DIRECT,
e2ed1068de6e806abd421b6ed58f08cd760e3dc93ed313421d081a71da693e8a,kotlin,python,PASS,PASS,PASS,PASS,PASS,PASS,SKIP,SKIP,SKIP,DIRECT,
e2ed1068de6e806abd421b6ed58f08cd760e3dc93ed313421d081a71da693e8a,kotlin,zig,PASS,PASS,PASS,PASS,PASS,PASS,SKIP,SKIP,SKIP,DIRECT,
e2ed1068de6e806abd421b6ed58f08cd760e3dc93ed313421d081a71da693e8a,kotlin,julia,PASS,PASS,PASS,PASS,PASS,PASS,SKIP,SKIP,SKIP,DIRECT,
e2ed1068de6e806abd421b6ed58f08cd760e3dc93ed313421d081a71da693e8a,kotlin,nim,PASS,PASS,PASS,PASS,PASS,PASS,SKIP,SKIP,SKIP,DIRECT,
e2ed1068de6e806abd421b6ed58f08cd760e3dc93ed313421d081a71da693e8a,kotlin,csharp,PASS,PASS,PASS,PASS,PASS,PASS,SKIP,SKIP,SKIP,DIRECT,
e2ed1068de6e806abd421b6ed58f08cd760e3dc93ed313421d081a71da693e8a,kotlin,java,PASS,PASS,PASS,PASS,PASS,PASS,SKIP,SKIP,SKIP,DIRECT,
e2ed1068de6e806abd421b6ed58f08cd760e3dc93ed313421d081a71da693e8a,kotlin,kotlin,PASS,PASS,PASS,PASS,PASS,PASS,SKIP,SKIP,SKIP,DIRECT,
e2ed1068de6e806abd421b6ed58f08cd760e3dc93ed313421d081a71da693e8a,kotlin,swift,PASS,PASS,PASS,PASS,PASS,PASS,SKIP,SKIP,SKIP,DIRECT,
c893b18f0f600f3084f5f96f4a56a702ecf878e3a051d578480b98659966ef46,kotlin,r,PASS,PASS,PASS,PASS,PASS,PASS,SKIP,SKIP,SKIP,DIRECT,
c893b18f0f600f3084f5f96f4a56a702ecf878e3a051d578480b98659966ef46,kotlin,go,PASS,PASS,PASS,PASS,PASS,PASS,SKIP,SKIP,SKIP,DIRECT,
c893b18f0f600f3084f5f96f4a56a702ecf878e3a051d578480b98659966ef46,kotlin,rust,PASS,PASS,PASS,PASS,PASS,PASS,SKIP,SKIP,SKIP,DIRECT,
c893b18f0f600f3084f5f96f4a56a702ecf878e3a051d578480b98659966ef46,kotlin,cpp,PASS,PASS,PASS,PASS,PASS,PASS,SKIP,SKIP,SKIP,DIRECT,
c893b18f0f600f3084f5f96f4a56a702ecf878e3a051d578480b98659966ef46,kotlin,c,PASS,PASS,PASS,PASS,PASS,PASS,SKIP,SKIP,SKIP,DIRECT,
c893b18f0f600f3084f5f96f4a56a702ecf878e3a051d578480b98659966ef46,kotlin,python,PASS,PASS,PASS,PASS,PASS,PASS,SKIP,SKIP,SKIP,DIRECT,
c893b18f0f600f3084f5f96f4a56a702ecf878e3a051d578480b98659966ef46,kotlin,zig,PASS,PASS,PASS,PASS,PASS,PASS,SKIP,SKIP,SKIP,DIRECT,
c893b18f0f600f3084f5f96f4a56a702ecf878e3a051d578480b98659966ef46,kotlin,julia,PASS,PASS,PASS,PASS,PASS,PASS,SKIP,SKIP,SKIP,DIRECT,
c893b18f0f600f3084f5f96f4a56a702ecf878e3a051d578480b98659966ef46,kotlin,nim,PASS,PASS,PASS,PASS,PASS,PASS,SKIP,SKIP,SKIP,DIRECT,
c893b18f0f600f3084f5f96f4a56a702ecf878e3a051d578480b98659966ef46,kotlin,csharp,PASS,PASS,PASS,PASS,PASS,PASS,SKIP,SKIP,SKIP,DIRECT,
c893b18f0f600f3084f5f96f4a56a702ecf878e3a051d578480b98659966ef46,kotlin,java,PASS,PASS,PASS,PASS,PASS,PASS,SKIP,SKIP,SKIP,DIRECT,
c893b18f0f600f3084f5f96f4a56a702ecf878e3a051d578480b98659966ef46,kotlin,kotlin,PASS,PASS,PASS,PASS,PASS,PASS,SKIP,SKIP,SKIP,DIRECT,
c893b18f0f600f3084f5f96f4a56a702ecf878e3a051d578480b98659966ef46,kotlin,swift,PASS,PASS,PASS,PASS,PASS,PASS,SKIP,SKIP,SKIP,DIRECT,
d3849e423463cf3aace0ccf83d76ff5c7f9edf8357e3141a0ebff10b97adb27b,kotlin,r,PASS,PASS,PASS,PASS,PASS,PASS,SKIP,SKIP,SKIP,DIRECT,
d3849e423463cf3aace0ccf83d76ff5c7f9edf8357e3141a0ebff10b97adb27b,kotlin,go,PASS,PASS,PASS,PASS,PASS,PASS,SKIP,SKIP,SKIP,DIRECT,
d3849e423463cf3aace0ccf83d76ff5c7f9edf8357e3141a0ebff10b97adb27b,kotlin,rust,PASS,PASS,PASS,PASS,PASS,PASS,SKIP,SKIP,SKIP,DIRECT,
d3849e423463cf3aace0ccf83d76ff5c7f9edf8357e3141a0ebff10b97adb27b,kotlin,cpp,PASS,PASS,PASS,PASS,PASS,PASS,SKIP,SKIP,SKIP,DIRECT,
d3849e423463cf3aace0ccf83d76ff5c7f9edf8357e3141a0ebff10b97adb27b,kotlin,c,PASS,PASS,PASS,PASS,PASS,PASS,SKIP,SKIP,SKIP,DIRECT,
d3849e423463cf3aace0ccf83d76ff5c7f9edf8357e3141a0ebff10b97adb27b,kotlin,python,PASS,PASS,PASS,PASS,PASS,PASS,SKIP,SKIP,SKIP,DIRECT,
d3849e423463cf3aace0ccf83d76ff5c7f9edf8357e3141a0ebff10b97adb27b,kotlin,zig,PASS,PASS,PASS,PASS,PASS,PASS,SKIP,SKIP,SKIP,DIRECT,
d3849e423463cf3aace0ccf83d76ff5c7f9edf8357e3141a0ebff10b97adb27b,kotlin,julia,PASS,PASS,PASS,PASS,PASS,PASS,SKIP,SKIP,SKIP,DIRECT,
d3849e423463cf3aace0ccf83d76ff5c7f9edf8357e3141a0ebff10b97adb27b,kotlin,nim,PASS,PASS,PASS,PASS,PASS,PASS,SKIP,SKIP,SKIP,DIRECT,
d3849e423463cf3aace0ccf83d76ff5c7f9edf8357e3141a0ebff10b97adb27b,kotlin,csharp,PASS,PASS,PASS,PASS,PASS,PASS,SKIP,SKIP,SKIP,DIRECT,
d3849e423463cf3aace0ccf83d76ff5c7f9edf8357e3141a0ebff10b97adb27b,kotlin,java,PASS,PASS,PASS,PASS,PASS,PASS,SKIP,SKIP,SKIP,DIRECT,
d3849e423463cf3aace0ccf83d76ff5c7f9edf8357e3141a0ebff10b97adb27b,kotlin,kotlin,PASS,PASS,PASS,PASS,PASS,PASS,SKIP,SKIP,SKIP,DIRECT,
d3849e423463cf3aace0ccf83d76ff5c7f9edf8357e3141a0ebff10b97adb27b,kotlin,swift,PASS,PASS,PASS,PASS,PASS,PASS,SKIP,SKIP,SKIP,DIRECT,
c52fa0a49767271cf7749b0b2eac92ed01bc5edf2f423fff77efd5b6c1842d2b,kotlin,r,PASS,PASS,PASS,PASS,PASS,PASS,SKIP,SKIP,SKIP,DIRECT,
c52fa0a49767271cf7749b0b2eac92ed01bc5edf2f423fff77efd5b6c1842d2b,kotlin,go,PASS,PASS,PASS,PASS,PASS,PASS,SKIP,SKIP,SKIP,DIRECT,
c52fa0a49767271cf7749b0b2eac92ed01bc5edf2f423fff77efd5b6c1842d2b,kotlin,rust,PASS,PASS,PASS,PASS,PASS,PASS,SKIP,SKIP,SKIP,DIRECT,
c52fa0a49767271cf7749b0b2eac92ed01bc5edf2f423fff77efd5b6c1842d2b,kotlin,cpp,PASS,PASS,PASS,PASS,PASS,PASS,SKIP,SKIP,SKIP,DIRECT,
c52fa0a49767271cf7749b0b2eac92ed01bc5edf2f423fff77efd5b6c1842d2b,kotlin,c,PASS,PASS,PASS,PASS,PASS,PASS,SKIP,SKIP,SKIP,DIRECT,
c52fa0a49767271cf7749b0b2eac92ed01bc5edf2f423fff77efd5b6c1842d2b,kotlin,python,PASS,PASS,PASS,PASS,PASS,PASS,SKIP,SKIP,SKIP,DIRECT,
c52fa0a49767271cf7749b0b2eac92ed01bc5edf2f423fff77efd5b6c1842d2b,kotlin,zig,PASS,PASS,PASS,PASS,PASS,PASS,SKIP,SKIP,SKIP,DIRECT,
c52fa0a49767271cf7749b0b2eac92ed01bc5edf2f423fff77efd5b6c1842d2b,kotlin,julia,PASS,PASS,PASS,PASS,PASS,PASS,SKIP,SKIP,SKIP,DIRECT,
c52fa0a49767271cf7749b0b2eac92ed01bc5edf2f423fff77efd5b6c1842d2b,kotlin,nim,PASS,PASS,PASS,PASS,PASS,PASS,SKIP,SKIP,SKIP,DIRECT,
c52fa0a49767271cf7749b0b2eac92ed01bc5edf2f423fff77efd5b6c1842d2b,kotlin,csharp,PASS,PASS,PASS,PASS,PASS,PASS,SKIP,SKIP,SKIP,DIRECT,
c52fa0a49767271cf7749b0b2eac92ed01bc5edf2f423fff77efd5b6c1842d2b,kotlin,java,PASS,PASS,PASS,PASS,PASS,PASS,SKIP,SKIP,SKIP,DIRECT,
c52fa0a49767271cf7749b0b2eac92ed01bc5edf2f423fff77efd5b6c1842d2b,kotlin,kotlin,PASS,PASS,PASS,PASS,PASS,PASS,SKIP,SKIP,SKIP,DIRECT,
c52fa0a49767271cf7749b0b2eac92ed01bc5edf2f423fff77efd5b6c1842d2b,kotlin,swift,PASS,PASS,PASS,PASS,PASS,PASS,SKIP,SKIP,SKIP,DIRECT,
1bc97da0845b814f784bb291dcb54fadba9bf5a6151dd58fcff06c8ef23fc668,kotlin,r,PASS,PASS,PASS,PASS,PASS,PASS,SKIP,SKIP,SKIP,DIRECT,
1bc97da0845b814f784bb291dcb54fadba9bf5a6151dd58fcff06c8ef23fc668,kotlin,go,PASS,PASS,PASS,PASS,PASS,PASS,SKIP,SKIP,SKIP,DIRECT,
1bc97da0845b814f784bb291dcb54fadba9bf5a6151dd58fcff06c8ef23fc668,kotlin,rust,PASS,PASS,PASS,PASS,PASS,PASS,SKIP,SKIP,SKIP,DIRECT,
1bc97da0845b814f784bb291dcb54fadba9bf5a6151dd58fcff06c8ef23fc668,kotlin,cpp,PASS,PASS,PASS,PASS,PASS,PASS,SKIP,SKIP,SKIP,DIRECT,
1bc97da0845b814f784bb291dcb54fadba9bf5a6151dd58fcff06c8ef23fc668,kotlin,c,PASS,PASS,PASS,PASS,PASS,PASS,SKIP,SKIP,SKIP,DIRECT,
1bc97da0845b814f784bb291dcb54fadba9bf5a6151dd58fcff06c8ef23fc668,kotlin,python,PASS,PASS,PASS,PASS,FAIL,SKIP,SKIP,SKIP,SKIP,DIRECT,"DIRECT_NATIVE_UNAVAILABLE: target python emitted invalid syntax (other: Sorry: IndentationError: expected an indented block after function definition on line 2 (program.py, line 2))"
1bc97da0845b814f784bb291dcb54fadba9bf5a6151dd58fcff06c8ef23fc668,kotlin,zig,PASS,PASS,PASS,PASS,PASS,PASS,SKIP,SKIP,SKIP,DIRECT,
1bc97da0845b814f784bb291dcb54fadba9bf5a6151dd58fcff06c8ef23fc668,kotlin,julia,PASS,PASS,PASS,PASS,PASS,PASS,SKIP,SKIP,SKIP,DIRECT,
1bc97da0845b814f784bb291dcb54fadba9bf5a6151dd58fcff06c8ef23fc668,kotlin,nim,PASS,PASS,PASS,PASS,PASS,PASS,SKIP,SKIP,SKIP,DIRECT,
1bc97da0845b814f784bb291dcb54fadba9bf5a6151dd58fcff06c8ef23fc668,kotlin,csharp,PASS,PASS,PASS,PASS,PASS,PASS,SKIP,SKIP,SKIP,DIRECT,
1bc97da0845b814f784bb291dcb54fadba9bf5a6151dd58fcff06c8ef23fc668,kotlin,java,PASS,PASS,PASS,PASS,FAIL,SKIP,SKIP,SKIP,SKIP,DIRECT,DIRECT_NATIVE_UNAVAILABLE: target java emitted invalid syntax (other: C:\Users\tarek\AppData\Local\Temp\codetranspiler-syntax-1379598944\Main.java:5: Fehler: Inkompatible Typen: Ungültiger Rückgabetyp in Lambda-Ausdruck java.util.function.F
1bc97da0845b814f784bb291dcb54fadba9bf5a6151dd58fcff06c8ef23fc668,kotlin,kotlin,PASS,PASS,PASS,PASS,PASS,PASS,SKIP,SKIP,SKIP,DIRECT,
1bc97da0845b814f784bb291dcb54fadba9bf5a6151dd58fcff06c8ef23fc668,kotlin,swift,PASS,PASS,PASS,PASS,PASS,PASS,SKIP,SKIP,SKIP,DIRECT,
596db6008e59a4b57533a7ba679ffc4175df323c6a0149c8da0543fd481b7873,kotlin,r,PASS,PASS,PASS,PASS,PASS,PASS,SKIP,SKIP,SKIP,DIRECT,
596db6008e59a4b57533a7ba679ffc4175df323c6a0149c8da0543fd481b7873,kotlin,go,PASS,PASS,PASS,PASS,PASS,PASS,SKIP,SKIP,SKIP,DIRECT,
596db6008e59a4b57533a7ba679ffc4175df323c6a0149c8da0543fd481b7873,kotlin,rust,PASS,PASS,PASS,PASS,PASS,PASS,SKIP,SKIP,SKIP,DIRECT,
596db6008e59a4b57533a7ba679ffc4175df323c6a0149c8da0543fd481b7873,kotlin,cpp,PASS,PASS,PASS,PASS,PASS,PASS,SKIP,SKIP,SKIP,DIRECT,
596db6008e59a4b57533a7ba679ffc4175df323c6a0149c8da0543fd481b7873,kotlin,c,PASS,PASS,PASS,PASS,PASS,PASS,SKIP,SKIP,SKIP,DIRECT,
596db6008e59a4b57533a7ba679ffc4175df323c6a0149c8da0543fd481b7873,kotlin,python,PASS,PASS,PASS,PASS,PASS,PASS,SKIP,SKIP,SKIP,DIRECT,
596db6008e59a4b57533a7ba679ffc4175df323c6a0149c8da0543fd481b7873,kotlin,zig,PASS,PASS,PASS,PASS,PASS,PASS,SKIP,SKIP,SKIP,DIRECT,
596db6008e59a4b57533a7ba679ffc4175df323c6a0149c8da0543fd481b7873,kotlin,julia,PASS,PASS,PASS,PASS,PASS,PASS,SKIP,SKIP,SKIP,DIRECT,
596db6008e59a4b57533a7ba679ffc4175df323c6a0149c8da0543fd481b7873,kotlin,nim,PASS,PASS,PASS,PASS,PASS,PASS,SKIP,SKIP,SKIP,DIRECT,
596db6008e59a4b57533a7ba679ffc4175df323c6a0149c8da0543fd481b7873,kotlin,csharp,PASS,PASS,PASS,PASS,PASS,PASS,SKIP,SKIP,SKIP,DIRECT,
596db6008e59a4b57533a7ba679ffc4175df323c6a0149c8da0543fd481b7873,kotlin,java,PASS,PASS,PASS,PASS,PASS,PASS,SKIP,SKIP,SKIP,DIRECT,
596db6008e59a4b57533a7ba679ffc4175df323c6a0149c8da0543fd481b7873,kotlin,kotlin,PASS,PASS,PASS,PASS,PASS,PASS,SKIP,SKIP,SKIP,DIRECT,
596db6008e59a4b57533a7ba679ffc4175df323c6a0149c8da0543fd481b7873,kotlin,swift,PASS,PASS,PASS,PASS,PASS,PASS,SKIP,SKIP,SKIP,DIRECT,
f0c4e433c27f7653dc3687e7cd941e1433e7dade948dfa3f76164902d1f051ca,kotlin,r,PASS,PASS,PASS,PASS,PASS,PASS,SKIP,SKIP,SKIP,DIRECT,
f0c4e433c27f7653dc3687e7cd941e1433e7dade948dfa3f76164902d1f051ca,kotlin,go,PASS,PASS,PASS,PASS,PASS,PASS,SKIP,SKIP,SKIP,DIRECT,
f0c4e433c27f7653dc3687e7cd941e1433e7dade948dfa3f76164902d1f051ca,kotlin,rust,PASS,PASS,PASS,PASS,PASS,PASS,SKIP,SKIP,SKIP,DIRECT,
f0c4e433c27f7653dc3687e7cd941e1433e7dade948dfa3f76164902d1f051ca,kotlin,cpp,PASS,PASS,PASS,PASS,PASS,PASS,SKIP,SKIP,SKIP,DIRECT,
f0c4e433c27f7653dc3687e7cd941e1433e7dade948dfa3f76164902d1f051ca,kotlin,c,PASS,PASS,PASS,PASS,PASS,PASS,SKIP,SKIP,SKIP,DIRECT,
f0c4e433c27f7653dc3687e7cd941e1433e7dade948dfa3f76164902d1f051ca,kotlin,python,PASS,PASS,PASS,PASS,PASS,PASS,SKIP,SKIP,SKIP,DIRECT,
f0c4e433c27f7653dc3687e7cd941e1433e7dade948dfa3f76164902d1f051ca,kotlin,zig,PASS,PASS,PASS,PASS,PASS,PASS,SKIP,SKIP,SKIP,DIRECT,
f0c4e433c27f7653dc3687e7cd941e1433e7dade948dfa3f76164902d1f051ca,kotlin,julia,PASS,PASS,PASS,PASS,PASS,PASS,SKIP,SKIP,SKIP,DIRECT,
f0c4e433c27f7653dc3687e7cd941e1433e7dade948dfa3f76164902d1f051ca,kotlin,nim,PASS,PASS,PASS,PASS,PASS,PASS,SKIP,SKIP,SKIP,DIRECT,
f0c4e433c27f7653dc3687e7cd941e1433e7dade948dfa3f76164902d1f051ca,kotlin,csharp,PASS,PASS,PASS,PASS,PASS,PASS,SKIP,SKIP,SKIP,DIRECT,
f0c4e433c27f7653dc3687e7cd941e1433e7dade948dfa3f76164902d1f051ca,kotlin,java,PASS,PASS,PASS,PASS,PASS,PASS,SKIP,SKIP,SKIP,DIRECT,
f0c4e433c27f7653dc3687e7cd941e1433e7dade948dfa3f76164902d1f051ca,kotlin,kotlin,PASS,PASS,PASS,PASS,PASS,PASS,SKIP,SKIP,SKIP,DIRECT,
f0c4e433c27f7653dc3687e7cd941e1433e7dade948dfa3f76164902d1f051ca,kotlin,swift,PASS,PASS,PASS,PASS,PASS,PASS,SKIP,SKIP,SKIP,DIRECT,
013ace0e7b403d3f8c6baf41bf62b73acf0894a193ffbaf47923c994ffa19925,kotlin,r,PASS,PASS,PASS,PASS,PASS,PASS,SKIP,SKIP,SKIP,DIRECT,
013ace0e7b403d3f8c6baf41bf62b73acf0894a193ffbaf47923c994ffa19925,kotlin,go,PASS,PASS,PASS,PASS,PASS,PASS,SKIP,SKIP,SKIP,DIRECT,
013ace0e7b403d3f8c6baf41bf62b73acf0894a193ffbaf47923c994ffa19925,kotlin,rust,PASS,PASS,PASS,PASS,PASS,PASS,SKIP,SKIP,SKIP,DIRECT,
013ace0e7b403d3f8c6baf41bf62b73acf0894a193ffbaf47923c994ffa19925,kotlin,cpp,PASS,PASS,PASS,PASS,PASS,PASS,SKIP,SKIP,SKIP,DIRECT,
013ace0e7b403d3f8c6baf41bf62b73acf0894a193ffbaf47923c994ffa19925,kotlin,c,PASS,PASS,PASS,PASS,PASS,PASS,SKIP,SKIP,SKIP,DIRECT,
013ace0e7b403d3f8c6baf41bf62b73acf0894a193ffbaf47923c994ffa19925,kotlin,python,PASS,PASS,PASS,PASS,PASS,PASS,SKIP,SKIP,SKIP,DIRECT,
013ace0e7b403d3f8c6baf41bf62b73acf0894a193ffbaf47923c994ffa19925,kotlin,zig,PASS,PASS,PASS,PASS,PASS,PASS,SKIP,SKIP,SKIP,DIRECT,
013ace0e7b403d3f8c6baf41bf62b73acf0894a193ffbaf47923c994ffa19925,kotlin,julia,PASS,PASS,PASS,PASS,PASS,PASS,SKIP,SKIP,SKIP,DIRECT,
013ace0e7b403d3f8c6baf41bf62b73acf0894a193ffbaf47923c994ffa19925,kotlin,nim,PASS,PASS,PASS,PASS,PASS,PASS,SKIP,SKIP,SKIP,DIRECT,
013ace0e7b403d3f8c6baf41bf62b73acf0894a193ffbaf47923c994ffa19925,kotlin,csharp,PASS,PASS,PASS,PASS,PASS,PASS,SKIP,SKIP,SKIP,DIRECT,
013ace0e7b403d3f8c6baf41bf62b73acf0894a193ffbaf47923c994ffa19925,kotlin,java,PASS,PASS,PASS,PASS,PASS,PASS,SKIP,SKIP,SKIP,DIRECT,
013ace0e7b403d3f8c6baf41bf62b73acf0894a193ffbaf47923c994ffa19925,kotlin,kotlin,PASS,PASS,PASS,PASS,PASS,PASS,SKIP,SKIP,SKIP,DIRECT,
013ace0e7b403d3f8c6baf41bf62b73acf0894a193ffbaf47923c994ffa19925,kotlin,swift,PASS,PASS,PASS,PASS,PASS,PASS,SKIP,SKIP,SKIP,DIRECT,
7e1523eda2f59ec3c7c9ca30ab3b7d0d991839b2fcf8c08eb7d29df6446ba65b,kotlin,r,PASS,PASS,PASS,PASS,FAIL,SKIP,SKIP,SKIP,SKIP,DIRECT,"universal node 1 lacks required ""expression"" child"
7e1523eda2f59ec3c7c9ca30ab3b7d0d991839b2fcf8c08eb7d29df6446ba65b,kotlin,go,PASS,PASS,PASS,PASS,FAIL,SKIP,SKIP,SKIP,SKIP,DIRECT,DIRECT_NATIVE_UNAVAILABLE: unsupported UAST node OperationExpr/1
7e1523eda2f59ec3c7c9ca30ab3b7d0d991839b2fcf8c08eb7d29df6446ba65b,kotlin,rust,PASS,PASS,PASS,PASS,FAIL,SKIP,SKIP,SKIP,SKIP,DIRECT,DIRECT_NATIVE_UNAVAILABLE: unsupported UAST node OperationExpr/1
7e1523eda2f59ec3c7c9ca30ab3b7d0d991839b2fcf8c08eb7d29df6446ba65b,kotlin,cpp,PASS,PASS,PASS,PASS,FAIL,SKIP,SKIP,SKIP,SKIP,DIRECT,DIRECT_NATIVE_UNAVAILABLE: unsupported UAST node OperationExpr/1
7e1523eda2f59ec3c7c9ca30ab3b7d0d991839b2fcf8c08eb7d29df6446ba65b,kotlin,c,PASS,PASS,PASS,PASS,FAIL,SKIP,SKIP,SKIP,SKIP,DIRECT,DIRECT_NATIVE_UNAVAILABLE: unsupported UAST node OperationExpr/1
7e1523eda2f59ec3c7c9ca30ab3b7d0d991839b2fcf8c08eb7d29df6446ba65b,kotlin,python,PASS,PASS,PASS,PASS,FAIL,SKIP,SKIP,SKIP,SKIP,DIRECT,DIRECT_NATIVE_UNAVAILABLE: unsupported UAST node OperationExpr/1
7e1523eda2f59ec3c7c9ca30ab3b7d0d991839b2fcf8c08eb7d29df6446ba65b,kotlin,zig,PASS,PASS,PASS,PASS,FAIL,SKIP,SKIP,SKIP,SKIP,DIRECT,DIRECT_NATIVE_UNAVAILABLE: unsupported UAST node OperationExpr/1
7e1523eda2f59ec3c7c9ca30ab3b7d0d991839b2fcf8c08eb7d29df6446ba65b,kotlin,julia,PASS,PASS,PASS,PASS,FAIL,SKIP,SKIP,SKIP,SKIP,DIRECT,DIRECT_NATIVE_UNAVAILABLE: unsupported UAST node OperationExpr/1
7e1523eda2f59ec3c7c9ca30ab3b7d0d991839b2fcf8c08eb7d29df6446ba65b,kotlin,nim,PASS,PASS,PASS,PASS,FAIL,SKIP,SKIP,SKIP,SKIP,DIRECT,DIRECT_NATIVE_UNAVAILABLE: unsupported UAST node OperationExpr/1
7e1523eda2f59ec3c7c9ca30ab3b7d0d991839b2fcf8c08eb7d29df6446ba65b,kotlin,csharp,PASS,PASS,PASS,PASS,FAIL,SKIP,SKIP,SKIP,SKIP,DIRECT,DIRECT_NATIVE_UNAVAILABLE: unsupported UAST node OperationExpr/1
7e1523eda2f59ec3c7c9ca30ab3b7d0d991839b2fcf8c08eb7d29df6446ba65b,kotlin,java,PASS,PASS,PASS,PASS,FAIL,SKIP,SKIP,SKIP,SKIP,DIRECT,DIRECT_NATIVE_UNAVAILABLE: unsupported UAST node OperationExpr/1
7e1523eda2f59ec3c7c9ca30ab3b7d0d991839b2fcf8c08eb7d29df6446ba65b,kotlin,kotlin,PASS,PASS,PASS,PASS,FAIL,SKIP,SKIP,SKIP,SKIP,DIRECT,DIRECT_NATIVE_UNAVAILABLE: unsupported UAST node OperationExpr/1
7e1523eda2f59ec3c7c9ca30ab3b7d0d991839b2fcf8c08eb7d29df6446ba65b,kotlin,swift,PASS,PASS,PASS,PASS,FAIL,SKIP,SKIP,SKIP,SKIP,DIRECT,DIRECT_NATIVE_UNAVAILABLE: unsupported UAST node OperationExpr/1
66ca5bb8df96a1f1a7968337b9db0e8a82a73e636077228a370010b3132e0f41,kotlin,r,PASS,PASS,PASS,PASS,PASS,PASS,SKIP,SKIP,SKIP,DIRECT,
66ca5bb8df96a1f1a7968337b9db0e8a82a73e636077228a370010b3132e0f41,kotlin,go,PASS,PASS,PASS,PASS,PASS,PASS,SKIP,SKIP,SKIP,DIRECT,
66ca5bb8df96a1f1a7968337b9db0e8a82a73e636077228a370010b3132e0f41,kotlin,rust,PASS,PASS,PASS,PASS,PASS,PASS,SKIP,SKIP,SKIP,DIRECT,
66ca5bb8df96a1f1a7968337b9db0e8a82a73e636077228a370010b3132e0f41,kotlin,cpp,PASS,PASS,PASS,PASS,PASS,PASS,SKIP,SKIP,SKIP,DIRECT,
66ca5bb8df96a1f1a7968337b9db0e8a82a73e636077228a370010b3132e0f41,kotlin,c,PASS,PASS,PASS,PASS,PASS,PASS,SKIP,SKIP,SKIP,DIRECT,
66ca5bb8df96a1f1a7968337b9db0e8a82a73e636077228a370010b3132e0f41,kotlin,python,PASS,PASS,PASS,PASS,PASS,PASS,SKIP,SKIP,SKIP,DIRECT,
66ca5bb8df96a1f1a7968337b9db0e8a82a73e636077228a370010b3132e0f41,kotlin,zig,PASS,PASS,PASS,PASS,PASS,PASS,SKIP,SKIP,SKIP,DIRECT,
66ca5bb8df96a1f1a7968337b9db0e8a82a73e636077228a370010b3132e0f41,kotlin,julia,PASS,PASS,PASS,PASS,PASS,PASS,SKIP,SKIP,SKIP,DIRECT,
66ca5bb8df96a1f1a7968337b9db0e8a82a73e636077228a370010b3132e0f41,kotlin,nim,PASS,PASS,PASS,PASS,PASS,PASS,SKIP,SKIP,SKIP,DIRECT,
66ca5bb8df96a1f1a7968337b9db0e8a82a73e636077228a370010b3132e0f41,kotlin,csharp,PASS,PASS,PASS,PASS,PASS,PASS,SKIP,SKIP,SKIP,DIRECT,
66ca5bb8df96a1f1a7968337b9db0e8a82a73e636077228a370010b3132e0f41,kotlin,java,PASS,PASS,PASS,PASS,PASS,PASS,SKIP,SKIP,SKIP,DIRECT,
66ca5bb8df96a1f1a7968337b9db0e8a82a73e636077228a370010b3132e0f41,kotlin,kotlin,PASS,PASS,PASS,PASS,PASS,PASS,SKIP,SKIP,SKIP,DIRECT,
66ca5bb8df96a1f1a7968337b9db0e8a82a73e636077228a370010b3132e0f41,kotlin,swift,PASS,PASS,PASS,PASS,PASS,PASS,SKIP,SKIP,SKIP,DIRECT,
e3b2668f42592fae6e6c87be3db7146d19ec2403409301a67ebd978153cb5c54,kotlin,r,PASS,PASS,PASS,PASS,PASS,PASS,SKIP,SKIP,SKIP,DIRECT,
e3b2668f42592fae6e6c87be3db7146d19ec2403409301a67ebd978153cb5c54,kotlin,go,PASS,PASS,PASS,PASS,PASS,PASS,SKIP,SKIP,SKIP,DIRECT,
e3b2668f42592fae6e6c87be3db7146d19ec2403409301a67ebd978153cb5c54,kotlin,rust,PASS,PASS,PASS,PASS,PASS,PASS,SKIP,SKIP,SKIP,DIRECT,
e3b2668f42592fae6e6c87be3db7146d19ec2403409301a67ebd978153cb5c54,kotlin,cpp,PASS,PASS,PASS,PASS,PASS,PASS,SKIP,SKIP,SKIP,DIRECT,
e3b2668f42592fae6e6c87be3db7146d19ec2403409301a67ebd978153cb5c54,kotlin,c,PASS,PASS,PASS,PASS,PASS,PASS,SKIP,SKIP,SKIP,DIRECT,
e3b2668f42592fae6e6c87be3db7146d19ec2403409301a67ebd978153cb5c54,kotlin,python,PASS,PASS,PASS,PASS,PASS,PASS,SKIP,SKIP,SKIP,DIRECT,
e3b2668f42592fae6e6c87be3db7146d19ec2403409301a67ebd978153cb5c54,kotlin,zig,PASS,PASS,PASS,PASS,PASS,PASS,SKIP,SKIP,SKIP,DIRECT,
e3b2668f42592fae6e6c87be3db7146d19ec2403409301a67ebd978153cb5c54,kotlin,julia,PASS,PASS,PASS,PASS,PASS,PASS,SKIP,SKIP,SKIP,DIRECT,
e3b2668f42592fae6e6c87be3db7146d19ec2403409301a67ebd978153cb5c54,kotlin,nim,PASS,PASS,PASS,PASS,PASS,PASS,SKIP,SKIP,SKIP,DIRECT,
e3b2668f42592fae6e6c87be3db7146d19ec2403409301a67ebd978153cb5c54,kotlin,csharp,PASS,PASS,PASS,PASS,PASS,PASS,SKIP,SKIP,SKIP,DIRECT,
e3b2668f42592fae6e6c87be3db7146d19ec2403409301a67ebd978153cb5c54,kotlin,java,PASS,PASS,PASS,PASS,PASS,PASS,SKIP,SKIP,SKIP,DIRECT,
e3b2668f42592fae6e6c87be3db7146d19ec2403409301a67ebd978153cb5c54,kotlin,kotlin,PASS,PASS,PASS,PASS,PASS,PASS,SKIP,SKIP,SKIP,DIRECT,
e3b2668f42592fae6e6c87be3db7146d19ec2403409301a67ebd978153cb5c54,kotlin,swift,PASS,PASS,PASS,PASS,PASS,PASS,SKIP,SKIP,SKIP,DIRECT,
7f1ca43fb959b2fc0981af046b32cb4ad35eb2cc5195edb3648d9753e8f1bc60,kotlin,r,PASS,PASS,PASS,PASS,PASS,PASS,SKIP,SKIP,SKIP,DIRECT,
7f1ca43fb959b2fc0981af046b32cb4ad35eb2cc5195edb3648d9753e8f1bc60,kotlin,go,PASS,PASS,PASS,PASS,PASS,PASS,SKIP,SKIP,SKIP,DIRECT,
7f1ca43fb959b2fc0981af046b32cb4ad35eb2cc5195edb3648d9753e8f1bc60,kotlin,rust,PASS,PASS,PASS,PASS,PASS,PASS,SKIP,SKIP,SKIP,DIRECT,
7f1ca43fb959b2fc0981af046b32cb4ad35eb2cc5195edb3648d9753e8f1bc60,kotlin,cpp,PASS,PASS,PASS,PASS,PASS,PASS,SKIP,SKIP,SKIP,DIRECT,
7f1ca43fb959b2fc0981af046b32cb4ad35eb2cc5195edb3648d9753e8f1bc60,kotlin,c,PASS,PASS,PASS,PASS,PASS,PASS,SKIP,SKIP,SKIP,DIRECT,
7f1ca43fb959b2fc0981af046b32cb4ad35eb2cc5195edb3648d9753e8f1bc60,kotlin,python,PASS,PASS,PASS,PASS,PASS,PASS,SKIP,SKIP,SKIP,DIRECT,
7f1ca43fb959b2fc0981af046b32cb4ad35eb2cc5195edb3648d9753e8f1bc60,kotlin,zig,PASS,PASS,PASS,PASS,PASS,PASS,SKIP,SKIP,SKIP,DIRECT,
7f1ca43fb959b2fc0981af046b32cb4ad35eb2cc5195edb3648d9753e8f1bc60,kotlin,julia,PASS,PASS,PASS,PASS,PASS,PASS,SKIP,SKIP,SKIP,DIRECT,
7f1ca43fb959b2fc0981af046b32cb4ad35eb2cc5195edb3648d9753e8f1bc60,kotlin,nim,PASS,PASS,PASS,PASS,PASS,PASS,SKIP,SKIP,SKIP,DIRECT,
7f1ca43fb959b2fc0981af046b32cb4ad35eb2cc5195edb3648d9753e8f1bc60,kotlin,csharp,PASS,PASS,PASS,PASS,PASS,PASS,SKIP,SKIP,SKIP,DIRECT,
7f1ca43fb959b2fc0981af046b32cb4ad35eb2cc5195edb3648d9753e8f1bc60,kotlin,java,PASS,PASS,PASS,PASS,PASS,PASS,SKIP,SKIP,SKIP,DIRECT,
7f1ca43fb959b2fc0981af046b32cb4ad35eb2cc5195edb3648d9753e8f1bc60,kotlin,kotlin,PASS,PASS,PASS,PASS,PASS,PASS,SKIP,SKIP,SKIP,DIRECT,
7f1ca43fb959b2fc0981af046b32cb4ad35eb2cc5195edb3648d9753e8f1bc60,kotlin,swift,PASS,PASS,PASS,PASS,PASS,PASS,SKIP,SKIP,SKIP,DIRECT,
9fb2f30f4463cea81bc71edfdb12b1c009fe15033a74e9be507e5c0540416aeb,kotlin,r,PASS,PASS,PASS,PASS,PASS,PASS,SKIP,SKIP,SKIP,DIRECT,
9fb2f30f4463cea81bc71edfdb12b1c009fe15033a74e9be507e5c0540416aeb,kotlin,go,PASS,PASS,PASS,PASS,PASS,PASS,SKIP,SKIP,SKIP,DIRECT,
9fb2f30f4463cea81bc71edfdb12b1c009fe15033a74e9be507e5c0540416aeb,kotlin,rust,PASS,PASS,PASS,PASS,PASS,PASS,SKIP,SKIP,SKIP,DIRECT,
9fb2f30f4463cea81bc71edfdb12b1c009fe15033a74e9be507e5c0540416aeb,kotlin,cpp,PASS,PASS,PASS,PASS,PASS,PASS,SKIP,SKIP,SKIP,DIRECT,
9fb2f30f4463cea81bc71edfdb12b1c009fe15033a74e9be507e5c0540416aeb,kotlin,c,PASS,PASS,PASS,PASS,PASS,PASS,SKIP,SKIP,SKIP,DIRECT,
9fb2f30f4463cea81bc71edfdb12b1c009fe15033a74e9be507e5c0540416aeb,kotlin,python,PASS,PASS,PASS,PASS,PASS,PASS,SKIP,SKIP,SKIP,DIRECT,
9fb2f30f4463cea81bc71edfdb12b1c009fe15033a74e9be507e5c0540416aeb,kotlin,zig,PASS,PASS,PASS,PASS,PASS,PASS,SKIP,SKIP,SKIP,DIRECT,
9fb2f30f4463cea81bc71edfdb12b1c009fe15033a74e9be507e5c0540416aeb,kotlin,julia,PASS,PASS,PASS,PASS,PASS,PASS,SKIP,SKIP,SKIP,DIRECT,
9fb2f30f4463cea81bc71edfdb12b1c009fe15033a74e9be507e5c0540416aeb,kotlin,nim,PASS,PASS,PASS,PASS,PASS,PASS,SKIP,SKIP,SKIP,DIRECT,
9fb2f30f4463cea81bc71edfdb12b1c009fe15033a74e9be507e5c0540416aeb,kotlin,csharp,PASS,PASS,PASS,PASS,PASS,PASS,SKIP,SKIP,SKIP,DIRECT,
9fb2f30f4463cea81bc71edfdb12b1c009fe15033a74e9be507e5c0540416aeb,kotlin,java,PASS,PASS,PASS,PASS,PASS,PASS,SKIP,SKIP,SKIP,DIRECT,
9fb2f30f4463cea81bc71edfdb12b1c009fe15033a74e9be507e5c0540416aeb,kotlin,kotlin,PASS,PASS,PASS,PASS,PASS,PASS,SKIP,SKIP,SKIP,DIRECT,
9fb2f30f4463cea81bc71edfdb12b1c009fe15033a74e9be507e5c0540416aeb,kotlin,swift,PASS,PASS,PASS,PASS,PASS,PASS,SKIP,SKIP,SKIP,DIRECT,
8385bbff79d324d349be9dd57c2bbab2ec768c7143576cc5d7d757b5af146fea,kotlin,r,PASS,PASS,PASS,PASS,FAIL,SKIP,SKIP,SKIP,SKIP,DIRECT,"universal node 1 lacks required ""expression"" child"
8385bbff79d324d349be9dd57c2bbab2ec768c7143576cc5d7d757b5af146fea,kotlin,go,PASS,PASS,PASS,PASS,FAIL,SKIP,SKIP,SKIP,SKIP,DIRECT,DIRECT_NATIVE_UNAVAILABLE: unsupported UAST node OperationExpr/1
8385bbff79d324d349be9dd57c2bbab2ec768c7143576cc5d7d757b5af146fea,kotlin,rust,PASS,PASS,PASS,PASS,FAIL,SKIP,SKIP,SKIP,SKIP,DIRECT,DIRECT_NATIVE_UNAVAILABLE: unsupported UAST node OperationExpr/1
8385bbff79d324d349be9dd57c2bbab2ec768c7143576cc5d7d757b5af146fea,kotlin,cpp,PASS,PASS,PASS,PASS,FAIL,SKIP,SKIP,SKIP,SKIP,DIRECT,DIRECT_NATIVE_UNAVAILABLE: unsupported UAST node OperationExpr/1
8385bbff79d324d349be9dd57c2bbab2ec768c7143576cc5d7d757b5af146fea,kotlin,c,PASS,PASS,PASS,PASS,FAIL,SKIP,SKIP,SKIP,SKIP,DIRECT,DIRECT_NATIVE_UNAVAILABLE: unsupported UAST node OperationExpr/1
8385bbff79d324d349be9dd57c2bbab2ec768c7143576cc5d7d757b5af146fea,kotlin,python,PASS,PASS,PASS,PASS,FAIL,SKIP,SKIP,SKIP,SKIP,DIRECT,DIRECT_NATIVE_UNAVAILABLE: unsupported UAST node OperationExpr/1
8385bbff79d324d349be9dd57c2bbab2ec768c7143576cc5d7d757b5af146fea,kotlin,zig,PASS,PASS,PASS,PASS,FAIL,SKIP,SKIP,SKIP,SKIP,DIRECT,DIRECT_NATIVE_UNAVAILABLE: unsupported UAST node OperationExpr/1
8385bbff79d324d349be9dd57c2bbab2ec768c7143576cc5d7d757b5af146fea,kotlin,julia,PASS,PASS,PASS,PASS,FAIL,SKIP,SKIP,SKIP,SKIP,DIRECT,DIRECT_NATIVE_UNAVAILABLE: unsupported UAST node OperationExpr/1
8385bbff79d324d349be9dd57c2bbab2ec768c7143576cc5d7d757b5af146fea,kotlin,nim,PASS,PASS,PASS,PASS,FAIL,SKIP,SKIP,SKIP,SKIP,DIRECT,DIRECT_NATIVE_UNAVAILABLE: unsupported UAST node OperationExpr/1
8385bbff79d324d349be9dd57c2bbab2ec768c7143576cc5d7d757b5af146fea,kotlin,csharp,PASS,PASS,PASS,PASS,FAIL,SKIP,SKIP,SKIP,SKIP,DIRECT,DIRECT_NATIVE_UNAVAILABLE: unsupported UAST node OperationExpr/1
8385bbff79d324d349be9dd57c2bbab2ec768c7143576cc5d7d757b5af146fea,kotlin,java,PASS,PASS,PASS,PASS,FAIL,SKIP,SKIP,SKIP,SKIP,DIRECT,DIRECT_NATIVE_UNAVAILABLE: unsupported UAST node OperationExpr/1
8385bbff79d324d349be9dd57c2bbab2ec768c7143576cc5d7d757b5af146fea,kotlin,kotlin,PASS,PASS,PASS,PASS,FAIL,SKIP,SKIP,SKIP,SKIP,DIRECT,DIRECT_NATIVE_UNAVAILABLE: unsupported UAST node OperationExpr/1
8385bbff79d324d349be9dd57c2bbab2ec768c7143576cc5d7d757b5af146fea,kotlin,swift,PASS,PASS,PASS,PASS,FAIL,SKIP,SKIP,SKIP,SKIP,DIRECT,DIRECT_NATIVE_UNAVAILABLE: unsupported UAST node OperationExpr/1
99f4a2f89902eca25cd7378e2c95a7b007828b2f2ae07489305892a9105540b4,kotlin,r,FAIL,SKIP,SKIP,SKIP,SKIP,SKIP,SKIP,SKIP,SKIP,DIRECT,expected expression
99f4a2f89902eca25cd7378e2c95a7b007828b2f2ae07489305892a9105540b4,kotlin,go,FAIL,SKIP,SKIP,SKIP,SKIP,SKIP,SKIP,SKIP,SKIP,DIRECT,expected expression
99f4a2f89902eca25cd7378e2c95a7b007828b2f2ae07489305892a9105540b4,kotlin,rust,FAIL,SKIP,SKIP,SKIP,SKIP,SKIP,SKIP,SKIP,SKIP,DIRECT,expected expression
99f4a2f89902eca25cd7378e2c95a7b007828b2f2ae07489305892a9105540b4,kotlin,cpp,FAIL,SKIP,SKIP,SKIP,SKIP,SKIP,SKIP,SKIP,SKIP,DIRECT,expected expression
99f4a2f89902eca25cd7378e2c95a7b007828b2f2ae07489305892a9105540b4,kotlin,c,FAIL,SKIP,SKIP,SKIP,SKIP,SKIP,SKIP,SKIP,SKIP,DIRECT,expected expression
99f4a2f89902eca25cd7378e2c95a7b007828b2f2ae07489305892a9105540b4,kotlin,python,FAIL,SKIP,SKIP,SKIP,SKIP,SKIP,SKIP,SKIP,SKIP,DIRECT,expected expression
99f4a2f89902eca25cd7378e2c95a7b007828b2f2ae07489305892a9105540b4,kotlin,zig,FAIL,SKIP,SKIP,SKIP,SKIP,SKIP,SKIP,SKIP,SKIP,DIRECT,expected expression
99f4a2f89902eca25cd7378e2c95a7b007828b2f2ae07489305892a9105540b4,kotlin,julia,FAIL,SKIP,SKIP,SKIP,SKIP,SKIP,SKIP,SKIP,SKIP,DIRECT,expected expression
99f4a2f89902eca25cd7378e2c95a7b007828b2f2ae07489305892a9105540b4,kotlin,nim,FAIL,SKIP,SKIP,SKIP,SKIP,SKIP,SKIP,SKIP,SKIP,DIRECT,expected expression
99f4a2f89902eca25cd7378e2c95a7b007828b2f2ae07489305892a9105540b4,kotlin,csharp,FAIL,SKIP,SKIP,SKIP,SKIP,SKIP,SKIP,SKIP,SKIP,DIRECT,expected expression
99f4a2f89902eca25cd7378e2c95a7b007828b2f2ae07489305892a9105540b4,kotlin,java,FAIL,SKIP,SKIP,SKIP,SKIP,SKIP,SKIP,SKIP,SKIP,DIRECT,expected expression
99f4a2f89902eca25cd7378e2c95a7b007828b2f2ae07489305892a9105540b4,kotlin,kotlin,FAIL,SKIP,SKIP,SKIP,SKIP,SKIP,SKIP,SKIP,SKIP,DIRECT,expected expression
99f4a2f89902eca25cd7378e2c95a7b007828b2f2ae07489305892a9105540b4,kotlin,swift,FAIL,SKIP,SKIP,SKIP,SKIP,SKIP,SKIP,SKIP,SKIP,DIRECT,expected expression
89a7d7de0b452f3ef9e9a812122a9cf2b805df5035a475aaf6e5c90129c294f6,kotlin,r,PASS,PASS,PASS,PASS,FAIL,SKIP,SKIP,SKIP,SKIP,DIRECT,"universal node 9 lacks required ""expression"" child"
89a7d7de0b452f3ef9e9a812122a9cf2b805df5035a475aaf6e5c90129c294f6,kotlin,go,PASS,PASS,PASS,PASS,FAIL,SKIP,SKIP,SKIP,SKIP,DIRECT,"DIRECT_NATIVE_UNAVAILABLE: call ""listOf"" has no native contract for target ""go"" (arguments: 1, 2, 3)"
89a7d7de0b452f3ef9e9a812122a9cf2b805df5035a475aaf6e5c90129c294f6,kotlin,rust,PASS,PASS,PASS,PASS,FAIL,SKIP,SKIP,SKIP,SKIP,DIRECT,"DIRECT_NATIVE_UNAVAILABLE: call ""listOf"" has no native contract for target ""rust"" (arguments: 1.0, 2.0, 3.0)"
89a7d7de0b452f3ef9e9a812122a9cf2b805df5035a475aaf6e5c90129c294f6,kotlin,cpp,PASS,PASS,PASS,PASS,FAIL,SKIP,SKIP,SKIP,SKIP,DIRECT,"DIRECT_NATIVE_UNAVAILABLE: call ""listOf"" has no native contract for target ""cpp"" (arguments: 1, 2, 3)"
89a7d7de0b452f3ef9e9a812122a9cf2b805df5035a475aaf6e5c90129c294f6,kotlin,c,PASS,PASS,PASS,PASS,FAIL,SKIP,SKIP,SKIP,SKIP,DIRECT,"DIRECT_NATIVE_UNAVAILABLE: call ""listOf"" has no native contract for target ""c"" (arguments: 1, 2, 3)"
89a7d7de0b452f3ef9e9a812122a9cf2b805df5035a475aaf6e5c90129c294f6,kotlin,python,PASS,PASS,PASS,PASS,FAIL,SKIP,SKIP,SKIP,SKIP,DIRECT,"DIRECT_NATIVE_UNAVAILABLE: call ""listOf"" has no native contract for target ""python"" (arguments: 1, 2, 3)"
89a7d7de0b452f3ef9e9a812122a9cf2b805df5035a475aaf6e5c90129c294f6,kotlin,zig,PASS,PASS,PASS,PASS,FAIL,SKIP,SKIP,SKIP,SKIP,DIRECT,"DIRECT_NATIVE_UNAVAILABLE: call ""listOf"" has no native contract for target ""zig"" (arguments: 1, 2, 3)"
89a7d7de0b452f3ef9e9a812122a9cf2b805df5035a475aaf6e5c90129c294f6,kotlin,julia,PASS,PASS,PASS,PASS,FAIL,SKIP,SKIP,SKIP,SKIP,DIRECT,"DIRECT_NATIVE_UNAVAILABLE: call ""listOf"" has no native contract for target ""julia"" (arguments: 1, 2, 3)"
89a7d7de0b452f3ef9e9a812122a9cf2b805df5035a475aaf6e5c90129c294f6,kotlin,nim,PASS,PASS,PASS,PASS,FAIL,SKIP,SKIP,SKIP,SKIP,DIRECT,"DIRECT_NATIVE_UNAVAILABLE: call ""listOf"" has no native contract for target ""nim"" (arguments: 1, 2, 3)"
89a7d7de0b452f3ef9e9a812122a9cf2b805df5035a475aaf6e5c90129c294f6,kotlin,csharp,PASS,PASS,PASS,PASS,FAIL,SKIP,SKIP,SKIP,SKIP,DIRECT,"DIRECT_NATIVE_UNAVAILABLE: call ""listOf"" has no native contract for target ""csharp"" (arguments: 1, 2, 3)"
89a7d7de0b452f3ef9e9a812122a9cf2b805df5035a475aaf6e5c90129c294f6,kotlin,java,PASS,PASS,PASS,PASS,FAIL,SKIP,SKIP,SKIP,SKIP,DIRECT,"DIRECT_NATIVE_UNAVAILABLE: call ""listOf"" has no native contract for target ""java"" (arguments: 1, 2, 3)"
89a7d7de0b452f3ef9e9a812122a9cf2b805df5035a475aaf6e5c90129c294f6,kotlin,kotlin,PASS,PASS,PASS,PASS,FAIL,SKIP,SKIP,SKIP,SKIP,DIRECT,"DIRECT_NATIVE_UNAVAILABLE: call ""listOf"" has no native contract for target ""kotlin"" (arguments: 1.0, 2.0, 3.0)"
89a7d7de0b452f3ef9e9a812122a9cf2b805df5035a475aaf6e5c90129c294f6,kotlin,swift,PASS,PASS,PASS,PASS,FAIL,SKIP,SKIP,SKIP,SKIP,DIRECT,"DIRECT_NATIVE_UNAVAILABLE: call ""listOf"" has no native contract for target ""swift"" (arguments: 1, 2, 3)"
49a7400544e502793490a17e43a4603138cfef054052c44f604cdbae1667f464,kotlin,r,PASS,PASS,PASS,PASS,FAIL,SKIP,SKIP,SKIP,SKIP,DIRECT,"universal node 7 lacks required ""expression"" child"
49a7400544e502793490a17e43a4603138cfef054052c44f604cdbae1667f464,kotlin,go,PASS,PASS,PASS,PASS,FAIL,SKIP,SKIP,SKIP,SKIP,DIRECT,"DIRECT_NATIVE_UNAVAILABLE: call ""listOf"" has no native contract for target ""go"" (arguments: 1)"
49a7400544e502793490a17e43a4603138cfef054052c44f604cdbae1667f464,kotlin,rust,PASS,PASS,PASS,PASS,FAIL,SKIP,SKIP,SKIP,SKIP,DIRECT,"DIRECT_NATIVE_UNAVAILABLE: call ""listOf"" has no native contract for target ""rust"" (arguments: 1.0)"
49a7400544e502793490a17e43a4603138cfef054052c44f604cdbae1667f464,kotlin,cpp,PASS,PASS,PASS,PASS,FAIL,SKIP,SKIP,SKIP,SKIP,DIRECT,"DIRECT_NATIVE_UNAVAILABLE: call ""listOf"" has no native contract for target ""cpp"" (arguments: 1)"
49a7400544e502793490a17e43a4603138cfef054052c44f604cdbae1667f464,kotlin,c,PASS,PASS,PASS,PASS,FAIL,SKIP,SKIP,SKIP,SKIP,DIRECT,"DIRECT_NATIVE_UNAVAILABLE: call ""listOf"" has no native contract for target ""c"" (arguments: 1)"
49a7400544e502793490a17e43a4603138cfef054052c44f604cdbae1667f464,kotlin,python,PASS,PASS,PASS,PASS,FAIL,SKIP,SKIP,SKIP,SKIP,DIRECT,"DIRECT_NATIVE_UNAVAILABLE: call ""listOf"" has no native contract for target ""python"" (arguments: 1)"
49a7400544e502793490a17e43a4603138cfef054052c44f604cdbae1667f464,kotlin,zig,PASS,PASS,PASS,PASS,FAIL,SKIP,SKIP,SKIP,SKIP,DIRECT,"DIRECT_NATIVE_UNAVAILABLE: call ""listOf"" has no native contract for target ""zig"" (arguments: 1)"
49a7400544e502793490a17e43a4603138cfef054052c44f604cdbae1667f464,kotlin,julia,PASS,PASS,PASS,PASS,FAIL,SKIP,SKIP,SKIP,SKIP,DIRECT,"DIRECT_NATIVE_UNAVAILABLE: call ""listOf"" has no native contract for target ""julia"" (arguments: 1)"
49a7400544e502793490a17e43a4603138cfef054052c44f604cdbae1667f464,kotlin,nim,PASS,PASS,PASS,PASS,FAIL,SKIP,SKIP,SKIP,SKIP,DIRECT,"DIRECT_NATIVE_UNAVAILABLE: call ""listOf"" has no native contract for target ""nim"" (arguments: 1)"
49a7400544e502793490a17e43a4603138cfef054052c44f604cdbae1667f464,kotlin,csharp,PASS,PASS,PASS,PASS,FAIL,SKIP,SKIP,SKIP,SKIP,DIRECT,"DIRECT_NATIVE_UNAVAILABLE: call ""listOf"" has no native contract for target ""csharp"" (arguments: 1)"
49a7400544e502793490a17e43a4603138cfef054052c44f604cdbae1667f464,kotlin,java,PASS,PASS,PASS,PASS,FAIL,SKIP,SKIP,SKIP,SKIP,DIRECT,"DIRECT_NATIVE_UNAVAILABLE: call ""listOf"" has no native contract for target ""java"" (arguments: 1)"
49a7400544e502793490a17e43a4603138cfef054052c44f604cdbae1667f464,kotlin,kotlin,PASS,PASS,PASS,PASS,FAIL,SKIP,SKIP,SKIP,SKIP,DIRECT,"DIRECT_NATIVE_UNAVAILABLE: call ""listOf"" has no native contract for target ""kotlin"" (arguments: 1.0)"
49a7400544e502793490a17e43a4603138cfef054052c44f604cdbae1667f464,kotlin,swift,PASS,PASS,PASS,PASS,FAIL,SKIP,SKIP,SKIP,SKIP,DIRECT,"DIRECT_NATIVE_UNAVAILABLE: call ""listOf"" has no native contract for target ""swift"" (arguments: 1)"
d2f533a344bc9de91149388976f165246de13347bd9d5da2c02ebf7728518b0e,kotlin,r,PASS,PASS,PASS,PASS,FAIL,SKIP,SKIP,SKIP,SKIP,DIRECT,"universal node 7 lacks required ""expression"" child"
d2f533a344bc9de91149388976f165246de13347bd9d5da2c02ebf7728518b0e,kotlin,go,PASS,PASS,PASS,PASS,FAIL,SKIP,SKIP,SKIP,SKIP,DIRECT,"DIRECT_NATIVE_UNAVAILABLE: call ""listOf"" has no native contract for target ""go"" (arguments: 1)"
d2f533a344bc9de91149388976f165246de13347bd9d5da2c02ebf7728518b0e,kotlin,rust,PASS,PASS,PASS,PASS,FAIL,SKIP,SKIP,SKIP,SKIP,DIRECT,"DIRECT_NATIVE_UNAVAILABLE: call ""listOf"" has no native contract for target ""rust"" (arguments: 1.0)"
d2f533a344bc9de91149388976f165246de13347bd9d5da2c02ebf7728518b0e,kotlin,cpp,PASS,PASS,PASS,PASS,FAIL,SKIP,SKIP,SKIP,SKIP,DIRECT,"DIRECT_NATIVE_UNAVAILABLE: call ""listOf"" has no native contract for target ""cpp"" (arguments: 1)"
d2f533a344bc9de91149388976f165246de13347bd9d5da2c02ebf7728518b0e,kotlin,c,PASS,PASS,PASS,PASS,FAIL,SKIP,SKIP,SKIP,SKIP,DIRECT,"DIRECT_NATIVE_UNAVAILABLE: call ""listOf"" has no native contract for target ""c"" (arguments: 1)"
d2f533a344bc9de91149388976f165246de13347bd9d5da2c02ebf7728518b0e,kotlin,python,PASS,PASS,PASS,PASS,FAIL,SKIP,SKIP,SKIP,SKIP,DIRECT,"DIRECT_NATIVE_UNAVAILABLE: call ""listOf"" has no native contract for target ""python"" (arguments: 1)"
d2f533a344bc9de91149388976f165246de13347bd9d5da2c02ebf7728518b0e,kotlin,zig,PASS,PASS,PASS,PASS,FAIL,SKIP,SKIP,SKIP,SKIP,DIRECT,"DIRECT_NATIVE_UNAVAILABLE: call ""listOf"" has no native contract for target ""zig"" (arguments: 1)"
d2f533a344bc9de91149388976f165246de13347bd9d5da2c02ebf7728518b0e,kotlin,julia,PASS,PASS,PASS,PASS,FAIL,SKIP,SKIP,SKIP,SKIP,DIRECT,"DIRECT_NATIVE_UNAVAILABLE: call ""listOf"" has no native contract for target ""julia"" (arguments: 1)"
d2f533a344bc9de91149388976f165246de13347bd9d5da2c02ebf7728518b0e,kotlin,nim,PASS,PASS,PASS,PASS,FAIL,SKIP,SKIP,SKIP,SKIP,DIRECT,"DIRECT_NATIVE_UNAVAILABLE: call ""listOf"" has no native contract for target ""nim"" (arguments: 1)"
d2f533a344bc9de91149388976f165246de13347bd9d5da2c02ebf7728518b0e,kotlin,csharp,PASS,PASS,PASS,PASS,FAIL,SKIP,SKIP,SKIP,SKIP,DIRECT,"DIRECT_NATIVE_UNAVAILABLE: call ""listOf"" has no native contract for target ""csharp"" (arguments: 1)"
d2f533a344bc9de91149388976f165246de13347bd9d5da2c02ebf7728518b0e,kotlin,java,PASS,PASS,PASS,PASS,FAIL,SKIP,SKIP,SKIP,SKIP,DIRECT,"DIRECT_NATIVE_UNAVAILABLE: call ""listOf"" has no native contract for target ""java"" (arguments: 1)"
d2f533a344bc9de91149388976f165246de13347bd9d5da2c02ebf7728518b0e,kotlin,kotlin,PASS,PASS,PASS,PASS,FAIL,SKIP,SKIP,SKIP,SKIP,DIRECT,"DIRECT_NATIVE_UNAVAILABLE: call ""listOf"" has no native contract for target ""kotlin"" (arguments: 1.0)"
d2f533a344bc9de91149388976f165246de13347bd9d5da2c02ebf7728518b0e,kotlin,swift,PASS,PASS,PASS,PASS,FAIL,SKIP,SKIP,SKIP,SKIP,DIRECT,"DIRECT_NATIVE_UNAVAILABLE: call ""listOf"" has no native contract for target ""swift"" (arguments: 1)"
d6ddba7a049df4c043c44e3373bbc5496505c1cd4ded71f93f6eb1013ef01ec7,kotlin,r,PASS,PASS,PASS,PASS,FAIL,SKIP,SKIP,SKIP,SKIP,DIRECT,"universal node 5 lacks required ""expression"" child"
d6ddba7a049df4c043c44e3373bbc5496505c1cd4ded71f93f6eb1013ef01ec7,kotlin,go,PASS,PASS,PASS,PASS,FAIL,SKIP,SKIP,SKIP,SKIP,DIRECT,DIRECT_NATIVE_UNAVAILABLE: unsupported UAST node OperationExpr/5
d6ddba7a049df4c043c44e3373bbc5496505c1cd4ded71f93f6eb1013ef01ec7,kotlin,rust,PASS,PASS,PASS,PASS,FAIL,SKIP,SKIP,SKIP,SKIP,DIRECT,DIRECT_NATIVE_UNAVAILABLE: unsupported UAST node OperationExpr/5
d6ddba7a049df4c043c44e3373bbc5496505c1cd4ded71f93f6eb1013ef01ec7,kotlin,cpp,PASS,PASS,PASS,PASS,FAIL,SKIP,SKIP,SKIP,SKIP,DIRECT,DIRECT_NATIVE_UNAVAILABLE: unsupported UAST node OperationExpr/5
d6ddba7a049df4c043c44e3373bbc5496505c1cd4ded71f93f6eb1013ef01ec7,kotlin,c,PASS,PASS,PASS,PASS,FAIL,SKIP,SKIP,SKIP,SKIP,DIRECT,DIRECT_NATIVE_UNAVAILABLE: unsupported UAST node OperationExpr/5
d6ddba7a049df4c043c44e3373bbc5496505c1cd4ded71f93f6eb1013ef01ec7,kotlin,python,PASS,PASS,PASS,PASS,FAIL,SKIP,SKIP,SKIP,SKIP,DIRECT,DIRECT_NATIVE_UNAVAILABLE: unsupported UAST node OperationExpr/5
d6ddba7a049df4c043c44e3373bbc5496505c1cd4ded71f93f6eb1013ef01ec7,kotlin,zig,PASS,PASS,PASS,PASS,FAIL,SKIP,SKIP,SKIP,SKIP,DIRECT,DIRECT_NATIVE_UNAVAILABLE: unsupported UAST node OperationExpr/5
d6ddba7a049df4c043c44e3373bbc5496505c1cd4ded71f93f6eb1013ef01ec7,kotlin,julia,PASS,PASS,PASS,PASS,FAIL,SKIP,SKIP,SKIP,SKIP,DIRECT,DIRECT_NATIVE_UNAVAILABLE: unsupported UAST node OperationExpr/5
d6ddba7a049df4c043c44e3373bbc5496505c1cd4ded71f93f6eb1013ef01ec7,kotlin,nim,PASS,PASS,PASS,PASS,FAIL,SKIP,SKIP,SKIP,SKIP,DIRECT,DIRECT_NATIVE_UNAVAILABLE: unsupported UAST node OperationExpr/5
d6ddba7a049df4c043c44e3373bbc5496505c1cd4ded71f93f6eb1013ef01ec7,kotlin,csharp,PASS,PASS,PASS,PASS,FAIL,SKIP,SKIP,SKIP,SKIP,DIRECT,DIRECT_NATIVE_UNAVAILABLE: unsupported UAST node OperationExpr/5
d6ddba7a049df4c043c44e3373bbc5496505c1cd4ded71f93f6eb1013ef01ec7,kotlin,java,PASS,PASS,PASS,PASS,FAIL,SKIP,SKIP,SKIP,SKIP,DIRECT,DIRECT_NATIVE_UNAVAILABLE: unsupported UAST node OperationExpr/5
d6ddba7a049df4c043c44e3373bbc5496505c1cd4ded71f93f6eb1013ef01ec7,kotlin,kotlin,PASS,PASS,PASS,PASS,FAIL,SKIP,SKIP,SKIP,SKIP,DIRECT,DIRECT_NATIVE_UNAVAILABLE: unsupported UAST node OperationExpr/5
d6ddba7a049df4c043c44e3373bbc5496505c1cd4ded71f93f6eb1013ef01ec7,kotlin,swift,PASS,PASS,PASS,PASS,FAIL,SKIP,SKIP,SKIP,SKIP,DIRECT,DIRECT_NATIVE_UNAVAILABLE: unsupported UAST node OperationExpr/5
7ac6ed3fdd38d5181957efcd06b4f22844660e2e6afce34af6afeda0c4fd08f5,kotlin,r,PASS,PASS,PASS,PASS,FAIL,SKIP,SKIP,SKIP,SKIP,DIRECT,"universal node 7 lacks required ""expression"" child"
7ac6ed3fdd38d5181957efcd06b4f22844660e2e6afce34af6afeda0c4fd08f5,kotlin,go,PASS,PASS,PASS,PASS,FAIL,SKIP,SKIP,SKIP,SKIP,DIRECT,"DIRECT_NATIVE_UNAVAILABLE: call ""listOf"" has no native contract for target ""go"" (arguments: 1)"
7ac6ed3fdd38d5181957efcd06b4f22844660e2e6afce34af6afeda0c4fd08f5,kotlin,rust,PASS,PASS,PASS,PASS,FAIL,SKIP,SKIP,SKIP,SKIP,DIRECT,"DIRECT_NATIVE_UNAVAILABLE: call ""listOf"" has no native contract for target ""rust"" (arguments: 1.0)"
7ac6ed3fdd38d5181957efcd06b4f22844660e2e6afce34af6afeda0c4fd08f5,kotlin,cpp,PASS,PASS,PASS,PASS,FAIL,SKIP,SKIP,SKIP,SKIP,DIRECT,"DIRECT_NATIVE_UNAVAILABLE: call ""listOf"" has no native contract for target ""cpp"" (arguments: 1)"
7ac6ed3fdd38d5181957efcd06b4f22844660e2e6afce34af6afeda0c4fd08f5,kotlin,c,PASS,PASS,PASS,PASS,FAIL,SKIP,SKIP,SKIP,SKIP,DIRECT,"DIRECT_NATIVE_UNAVAILABLE: call ""listOf"" has no native contract for target ""c"" (arguments: 1)"
7ac6ed3fdd38d5181957efcd06b4f22844660e2e6afce34af6afeda0c4fd08f5,kotlin,python,PASS,PASS,PASS,PASS,FAIL,SKIP,SKIP,SKIP,SKIP,DIRECT,"DIRECT_NATIVE_UNAVAILABLE: call ""listOf"" has no native contract for target ""python"" (arguments: 1)"
7ac6ed3fdd38d5181957efcd06b4f22844660e2e6afce34af6afeda0c4fd08f5,kotlin,zig,PASS,PASS,PASS,PASS,FAIL,SKIP,SKIP,SKIP,SKIP,DIRECT,"DIRECT_NATIVE_UNAVAILABLE: call ""listOf"" has no native contract for target ""zig"" (arguments: 1)"
7ac6ed3fdd38d5181957efcd06b4f22844660e2e6afce34af6afeda0c4fd08f5,kotlin,julia,PASS,PASS,PASS,PASS,FAIL,SKIP,SKIP,SKIP,SKIP,DIRECT,"DIRECT_NATIVE_UNAVAILABLE: call ""listOf"" has no native contract for target ""julia"" (arguments: 1)"
7ac6ed3fdd38d5181957efcd06b4f22844660e2e6afce34af6afeda0c4fd08f5,kotlin,nim,PASS,PASS,PASS,PASS,FAIL,SKIP,SKIP,SKIP,SKIP,DIRECT,"DIRECT_NATIVE_UNAVAILABLE: call ""listOf"" has no native contract for target ""nim"" (arguments: 1)"
7ac6ed3fdd38d5181957efcd06b4f22844660e2e6afce34af6afeda0c4fd08f5,kotlin,csharp,PASS,PASS,PASS,PASS,FAIL,SKIP,SKIP,SKIP,SKIP,DIRECT,"DIRECT_NATIVE_UNAVAILABLE: call ""listOf"" has no native contract for target ""csharp"" (arguments: 1)"
7ac6ed3fdd38d5181957efcd06b4f22844660e2e6afce34af6afeda0c4fd08f5,kotlin,java,PASS,PASS,PASS,PASS,FAIL,SKIP,SKIP,SKIP,SKIP,DIRECT,"DIRECT_NATIVE_UNAVAILABLE: call ""listOf"" has no native contract for target ""java"" (arguments: 1)"
7ac6ed3fdd38d5181957efcd06b4f22844660e2e6afce34af6afeda0c4fd08f5,kotlin,kotlin,PASS,PASS,PASS,PASS,FAIL,SKIP,SKIP,SKIP,SKIP,DIRECT,"DIRECT_NATIVE_UNAVAILABLE: call ""listOf"" has no native contract for target ""kotlin"" (arguments: 1.0)"
7ac6ed3fdd38d5181957efcd06b4f22844660e2e6afce34af6afeda0c4fd08f5,kotlin,swift,PASS,PASS,PASS,PASS,FAIL,SKIP,SKIP,SKIP,SKIP,DIRECT,"DIRECT_NATIVE_UNAVAILABLE: call ""listOf"" has no native contract for target ""swift"" (arguments: 1)"
80affe589d9e2a407bb6a08a9e7bc74ba3cefd93f3aaa9e9a12475fb2ff8c7ae,kotlin,r,PASS,PASS,PASS,PASS,FAIL,SKIP,SKIP,SKIP,SKIP,DIRECT,"universal node 7 lacks required ""expression"" child"
80affe589d9e2a407bb6a08a9e7bc74ba3cefd93f3aaa9e9a12475fb2ff8c7ae,kotlin,go,PASS,PASS,PASS,PASS,FAIL,SKIP,SKIP,SKIP,SKIP,DIRECT,"DIRECT_NATIVE_UNAVAILABLE: call ""listOf"" has no native contract for target ""go"" (arguments: 1)"
80affe589d9e2a407bb6a08a9e7bc74ba3cefd93f3aaa9e9a12475fb2ff8c7ae,kotlin,rust,PASS,PASS,PASS,PASS,FAIL,SKIP,SKIP,SKIP,SKIP,DIRECT,"DIRECT_NATIVE_UNAVAILABLE: call ""listOf"" has no native contract for target ""rust"" (arguments: 1.0)"
80affe589d9e2a407bb6a08a9e7bc74ba3cefd93f3aaa9e9a12475fb2ff8c7ae,kotlin,cpp,PASS,PASS,PASS,PASS,FAIL,SKIP,SKIP,SKIP,SKIP,DIRECT,"DIRECT_NATIVE_UNAVAILABLE: call ""listOf"" has no native contract for target ""cpp"" (arguments: 1)"
80affe589d9e2a407bb6a08a9e7bc74ba3cefd93f3aaa9e9a12475fb2ff8c7ae,kotlin,c,PASS,PASS,PASS,PASS,FAIL,SKIP,SKIP,SKIP,SKIP,DIRECT,"DIRECT_NATIVE_UNAVAILABLE: call ""listOf"" has no native contract for target ""c"" (arguments: 1)"
80affe589d9e2a407bb6a08a9e7bc74ba3cefd93f3aaa9e9a12475fb2ff8c7ae,kotlin,python,PASS,PASS,PASS,PASS,FAIL,SKIP,SKIP,SKIP,SKIP,DIRECT,"DIRECT_NATIVE_UNAVAILABLE: call ""listOf"" has no native contract for target ""python"" (arguments: 1)"
80affe589d9e2a407bb6a08a9e7bc74ba3cefd93f3aaa9e9a12475fb2ff8c7ae,kotlin,zig,PASS,PASS,PASS,PASS,FAIL,SKIP,SKIP,SKIP,SKIP,DIRECT,"DIRECT_NATIVE_UNAVAILABLE: call ""listOf"" has no native contract for target ""zig"" (arguments: 1)"
80affe589d9e2a407bb6a08a9e7bc74ba3cefd93f3aaa9e9a12475fb2ff8c7ae,kotlin,julia,PASS,PASS,PASS,PASS,FAIL,SKIP,SKIP,SKIP,SKIP,DIRECT,"DIRECT_NATIVE_UNAVAILABLE: call ""listOf"" has no native contract for target ""julia"" (arguments: 1)"
80affe589d9e2a407bb6a08a9e7bc74ba3cefd93f3aaa9e9a12475fb2ff8c7ae,kotlin,nim,PASS,PASS,PASS,PASS,FAIL,SKIP,SKIP,SKIP,SKIP,DIRECT,"DIRECT_NATIVE_UNAVAILABLE: call ""listOf"" has no native contract for target ""nim"" (arguments: 1)"
80affe589d9e2a407bb6a08a9e7bc74ba3cefd93f3aaa9e9a12475fb2ff8c7ae,kotlin,csharp,PASS,PASS,PASS,PASS,FAIL,SKIP,SKIP,SKIP,SKIP,DIRECT,"DIRECT_NATIVE_UNAVAILABLE: call ""listOf"" has no native contract for target ""csharp"" (arguments: 1)"
80affe589d9e2a407bb6a08a9e7bc74ba3cefd93f3aaa9e9a12475fb2ff8c7ae,kotlin,java,PASS,PASS,PASS,PASS,FAIL,SKIP,SKIP,SKIP,SKIP,DIRECT,"DIRECT_NATIVE_UNAVAILABLE: call ""listOf"" has no native contract for target ""java"" (arguments: 1)"
80affe589d9e2a407bb6a08a9e7bc74ba3cefd93f3aaa9e9a12475fb2ff8c7ae,kotlin,kotlin,PASS,PASS,PASS,PASS,FAIL,SKIP,SKIP,SKIP,SKIP,DIRECT,"DIRECT_NATIVE_UNAVAILABLE: call ""listOf"" has no native contract for target ""kotlin"" (arguments: 1.0)"
80affe589d9e2a407bb6a08a9e7bc74ba3cefd93f3aaa9e9a12475fb2ff8c7ae,kotlin,swift,PASS,PASS,PASS,PASS,FAIL,SKIP,SKIP,SKIP,SKIP,DIRECT,"DIRECT_NATIVE_UNAVAILABLE: call ""listOf"" has no native contract for target ""swift"" (arguments: 1)"
0786b2a747cc9ce5f21f2eebc8467e22db0c4549ec70ebb869a7b0e1890e87b8,kotlin,r,PASS,PASS,PASS,PASS,FAIL,SKIP,SKIP,SKIP,SKIP,DIRECT,"universal node 8 lacks required ""expression"" child"
0786b2a747cc9ce5f21f2eebc8467e22db0c4549ec70ebb869a7b0e1890e87b8,kotlin,go,PASS,PASS,PASS,PASS,FAIL,SKIP,SKIP,SKIP,SKIP,DIRECT,"DIRECT_NATIVE_UNAVAILABLE: call ""listOf"" has no native contract for target ""go"" (arguments: 1)"
0786b2a747cc9ce5f21f2eebc8467e22db0c4549ec70ebb869a7b0e1890e87b8,kotlin,rust,PASS,PASS,PASS,PASS,FAIL,SKIP,SKIP,SKIP,SKIP,DIRECT,"DIRECT_NATIVE_UNAVAILABLE: call ""listOf"" has no native contract for target ""rust"" (arguments: 1.0)"
0786b2a747cc9ce5f21f2eebc8467e22db0c4549ec70ebb869a7b0e1890e87b8,kotlin,cpp,PASS,PASS,PASS,PASS,FAIL,SKIP,SKIP,SKIP,SKIP,DIRECT,"DIRECT_NATIVE_UNAVAILABLE: call ""listOf"" has no native contract for target ""cpp"" (arguments: 1)"
0786b2a747cc9ce5f21f2eebc8467e22db0c4549ec70ebb869a7b0e1890e87b8,kotlin,c,PASS,PASS,PASS,PASS,FAIL,SKIP,SKIP,SKIP,SKIP,DIRECT,"DIRECT_NATIVE_UNAVAILABLE: call ""listOf"" has no native contract for target ""c"" (arguments: 1)"
0786b2a747cc9ce5f21f2eebc8467e22db0c4549ec70ebb869a7b0e1890e87b8,kotlin,python,PASS,PASS,PASS,PASS,FAIL,SKIP,SKIP,SKIP,SKIP,DIRECT,"DIRECT_NATIVE_UNAVAILABLE: call ""listOf"" has no native contract for target ""python"" (arguments: 1)"
0786b2a747cc9ce5f21f2eebc8467e22db0c4549ec70ebb869a7b0e1890e87b8,kotlin,zig,PASS,PASS,PASS,PASS,FAIL,SKIP,SKIP,SKIP,SKIP,DIRECT,"DIRECT_NATIVE_UNAVAILABLE: call ""listOf"" has no native contract for target ""zig"" (arguments: 1)"
0786b2a747cc9ce5f21f2eebc8467e22db0c4549ec70ebb869a7b0e1890e87b8,kotlin,julia,PASS,PASS,PASS,PASS,FAIL,SKIP,SKIP,SKIP,SKIP,DIRECT,"DIRECT_NATIVE_UNAVAILABLE: call ""listOf"" has no native contract for target ""julia"" (arguments: 1)"
0786b2a747cc9ce5f21f2eebc8467e22db0c4549ec70ebb869a7b0e1890e87b8,kotlin,nim,PASS,PASS,PASS,PASS,FAIL,SKIP,SKIP,SKIP,SKIP,DIRECT,"DIRECT_NATIVE_UNAVAILABLE: call ""listOf"" has no native contract for target ""nim"" (arguments: 1)"
0786b2a747cc9ce5f21f2eebc8467e22db0c4549ec70ebb869a7b0e1890e87b8,kotlin,csharp,PASS,PASS,PASS,PASS,FAIL,SKIP,SKIP,SKIP,SKIP,DIRECT,"DIRECT_NATIVE_UNAVAILABLE: call ""listOf"" has no native contract for target ""csharp"" (arguments: 1)"
0786b2a747cc9ce5f21f2eebc8467e22db0c4549ec70ebb869a7b0e1890e87b8,kotlin,java,PASS,PASS,PASS,PASS,FAIL,SKIP,SKIP,SKIP,SKIP,DIRECT,"DIRECT_NATIVE_UNAVAILABLE: call ""listOf"" has no native contract for target ""java"" (arguments: 1)"
0786b2a747cc9ce5f21f2eebc8467e22db0c4549ec70ebb869a7b0e1890e87b8,kotlin,kotlin,PASS,PASS,PASS,PASS,FAIL,SKIP,SKIP,SKIP,SKIP,DIRECT,"DIRECT_NATIVE_UNAVAILABLE: call ""listOf"" has no native contract for target ""kotlin"" (arguments: 1.0)"
0786b2a747cc9ce5f21f2eebc8467e22db0c4549ec70ebb869a7b0e1890e87b8,kotlin,swift,PASS,PASS,PASS,PASS,FAIL,SKIP,SKIP,SKIP,SKIP,DIRECT,"DIRECT_NATIVE_UNAVAILABLE: call ""listOf"" has no native contract for target ""swift"" (arguments: 1)"
22d8e1aa44af6dd334b66fc439e44f76071f34902451ff06fb96d7f722d30697,kotlin,r,PASS,PASS,PASS,PASS,PASS,PASS,SKIP,SKIP,SKIP,DIRECT,
22d8e1aa44af6dd334b66fc439e44f76071f34902451ff06fb96d7f722d30697,kotlin,go,PASS,PASS,PASS,PASS,PASS,PASS,SKIP,SKIP,SKIP,DIRECT,
22d8e1aa44af6dd334b66fc439e44f76071f34902451ff06fb96d7f722d30697,kotlin,rust,PASS,PASS,PASS,PASS,PASS,PASS,SKIP,SKIP,SKIP,DIRECT,
22d8e1aa44af6dd334b66fc439e44f76071f34902451ff06fb96d7f722d30697,kotlin,cpp,PASS,PASS,PASS,PASS,PASS,PASS,SKIP,SKIP,SKIP,DIRECT,
22d8e1aa44af6dd334b66fc439e44f76071f34902451ff06fb96d7f722d30697,kotlin,c,PASS,PASS,PASS,PASS,PASS,PASS,SKIP,SKIP,SKIP,DIRECT,
22d8e1aa44af6dd334b66fc439e44f76071f34902451ff06fb96d7f722d30697,kotlin,python,PASS,PASS,PASS,PASS,PASS,PASS,SKIP,SKIP,SKIP,DIRECT,
22d8e1aa44af6dd334b66fc439e44f76071f34902451ff06fb96d7f722d30697,kotlin,zig,PASS,PASS,PASS,PASS,PASS,PASS,SKIP,SKIP,SKIP,DIRECT,
22d8e1aa44af6dd334b66fc439e44f76071f34902451ff06fb96d7f722d30697,kotlin,julia,PASS,PASS,PASS,PASS,PASS,PASS,SKIP,SKIP,SKIP,DIRECT,
22d8e1aa44af6dd334b66fc439e44f76071f34902451ff06fb96d7f722d30697,kotlin,nim,PASS,PASS,PASS,PASS,PASS,PASS,SKIP,SKIP,SKIP,DIRECT,
22d8e1aa44af6dd334b66fc439e44f76071f34902451ff06fb96d7f722d30697,kotlin,csharp,PASS,PASS,PASS,PASS,PASS,PASS,SKIP,SKIP,SKIP,DIRECT,
22d8e1aa44af6dd334b66fc439e44f76071f34902451ff06fb96d7f722d30697,kotlin,java,PASS,PASS,PASS,PASS,PASS,PASS,SKIP,SKIP,SKIP,DIRECT,
22d8e1aa44af6dd334b66fc439e44f76071f34902451ff06fb96d7f722d30697,kotlin,kotlin,PASS,PASS,PASS,PASS,PASS,PASS,SKIP,SKIP,SKIP,DIRECT,
22d8e1aa44af6dd334b66fc439e44f76071f34902451ff06fb96d7f722d30697,kotlin,swift,PASS,PASS,PASS,PASS,PASS,PASS,SKIP,SKIP,SKIP,DIRECT,
b28612207f324d560db4d750dd7b01f8ed3b09c7d0f2526363fc900205c67303,kotlin,r,PASS,PASS,PASS,PASS,PASS,PASS,SKIP,SKIP,SKIP,DIRECT,
b28612207f324d560db4d750dd7b01f8ed3b09c7d0f2526363fc900205c67303,kotlin,go,PASS,PASS,PASS,PASS,PASS,PASS,SKIP,SKIP,SKIP,DIRECT,
b28612207f324d560db4d750dd7b01f8ed3b09c7d0f2526363fc900205c67303,kotlin,rust,PASS,PASS,PASS,PASS,PASS,PASS,SKIP,SKIP,SKIP,DIRECT,
b28612207f324d560db4d750dd7b01f8ed3b09c7d0f2526363fc900205c67303,kotlin,cpp,PASS,PASS,PASS,PASS,PASS,PASS,SKIP,SKIP,SKIP,DIRECT,
b28612207f324d560db4d750dd7b01f8ed3b09c7d0f2526363fc900205c67303,kotlin,c,PASS,PASS,PASS,PASS,PASS,PASS,SKIP,SKIP,SKIP,DIRECT,
b28612207f324d560db4d750dd7b01f8ed3b09c7d0f2526363fc900205c67303,kotlin,python,PASS,PASS,PASS,PASS,PASS,PASS,SKIP,SKIP,SKIP,DIRECT,
b28612207f324d560db4d750dd7b01f8ed3b09c7d0f2526363fc900205c67303,kotlin,zig,PASS,PASS,PASS,PASS,PASS,PASS,SKIP,SKIP,SKIP,DIRECT,
b28612207f324d560db4d750dd7b01f8ed3b09c7d0f2526363fc900205c67303,kotlin,julia,PASS,PASS,PASS,PASS,PASS,PASS,SKIP,SKIP,SKIP,DIRECT,
b28612207f324d560db4d750dd7b01f8ed3b09c7d0f2526363fc900205c67303,kotlin,nim,PASS,PASS,PASS,PASS,PASS,PASS,SKIP,SKIP,SKIP,DIRECT,
b28612207f324d560db4d750dd7b01f8ed3b09c7d0f2526363fc900205c67303,kotlin,csharp,PASS,PASS,PASS,PASS,PASS,PASS,SKIP,SKIP,SKIP,DIRECT,
b28612207f324d560db4d750dd7b01f8ed3b09c7d0f2526363fc900205c67303,kotlin,java,PASS,PASS,PASS,PASS,FAIL,SKIP,SKIP,SKIP,SKIP,DIRECT,DIRECT_NATIVE_UNAVAILABLE: target java emitted invalid syntax (other: C:\Users\tarek\AppData\Local\Temp\codetranspiler-syntax-454511692\Main.java:6: Fehler: Keine Anweisung 2; ^ 1 Fehler)
b28612207f324d560db4d750dd7b01f8ed3b09c7d0f2526363fc900205c67303,kotlin,kotlin,PASS,PASS,PASS,PASS,PASS,PASS,SKIP,SKIP,SKIP,DIRECT,
b28612207f324d560db4d750dd7b01f8ed3b09c7d0f2526363fc900205c67303,kotlin,swift,PASS,PASS,PASS,PASS,PASS,PASS,SKIP,SKIP,SKIP,DIRECT,
c9ed7040902f9599a09f27569b9a922317fcc4325c8a099bc8f77af1170e9d9f,kotlin,r,PASS,PASS,PASS,PASS,PASS,PASS,SKIP,SKIP,SKIP,DIRECT,
c9ed7040902f9599a09f27569b9a922317fcc4325c8a099bc8f77af1170e9d9f,kotlin,go,PASS,PASS,PASS,PASS,PASS,PASS,SKIP,SKIP,SKIP,DIRECT,
c9ed7040902f9599a09f27569b9a922317fcc4325c8a099bc8f77af1170e9d9f,kotlin,rust,PASS,PASS,PASS,PASS,FAIL,SKIP,SKIP,SKIP,SKIP,DIRECT,DIRECT_NATIVE_UNAVAILABLE: target rust emitted invalid syntax (other: error[E0425]: cannot find value `x` in this scope --> C:\Users\tarek\AppData\Local\Temp\codetranspiler-syntax-3586056577\program.rs:3:9 | 3 | if (x.clone()) { | ^ not fou
c9ed7040902f9599a09f27569b9a922317fcc4325c8a099bc8f77af1170e9d9f,kotlin,cpp,PASS,PASS,PASS,PASS,FAIL,SKIP,SKIP,SKIP,SKIP,DIRECT,DIRECT_NATIVE_UNAVAILABLE: target cpp emitted invalid syntax (other: C:\Users\tarek\AppData\Local\Temp\codetranspiler-syntax-3042240772\program.cpp: In function 'int main()': C:\Users\tarek\AppData\Local\Temp\codetranspiler-syntax-304224077
c9ed7040902f9599a09f27569b9a922317fcc4325c8a099bc8f77af1170e9d9f,kotlin,c,PASS,PASS,PASS,PASS,FAIL,SKIP,SKIP,SKIP,SKIP,DIRECT,DIRECT_NATIVE_UNAVAILABLE: target c emitted invalid syntax (other: C:\Users\tarek\AppData\Local\Temp\codetranspiler-syntax-2300658729\program.c: In function 'main': C:\Users\tarek\AppData\Local\Temp\codetranspiler-syntax-2300658729\program.
c9ed7040902f9599a09f27569b9a922317fcc4325c8a099bc8f77af1170e9d9f,kotlin,python,PASS,PASS,PASS,PASS,FAIL,SKIP,SKIP,SKIP,SKIP,DIRECT,"DIRECT_NATIVE_UNAVAILABLE: target python emitted invalid syntax (other: Sorry: IndentationError: expected an indented block after 'if' statement on line 2 (program.py, line 3))"
c9ed7040902f9599a09f27569b9a922317fcc4325c8a099bc8f77af1170e9d9f,kotlin,zig,PASS,PASS,PASS,PASS,PASS,PASS,SKIP,SKIP,SKIP,DIRECT,
c9ed7040902f9599a09f27569b9a922317fcc4325c8a099bc8f77af1170e9d9f,kotlin,julia,PASS,PASS,PASS,PASS,PASS,PASS,SKIP,SKIP,SKIP,DIRECT,
c9ed7040902f9599a09f27569b9a922317fcc4325c8a099bc8f77af1170e9d9f,kotlin,nim,PASS,PASS,PASS,PASS,PASS,PASS,SKIP,SKIP,SKIP,DIRECT,
c9ed7040902f9599a09f27569b9a922317fcc4325c8a099bc8f77af1170e9d9f,kotlin,csharp,PASS,PASS,PASS,PASS,PASS,PASS,SKIP,SKIP,SKIP,DIRECT,
c9ed7040902f9599a09f27569b9a922317fcc4325c8a099bc8f77af1170e9d9f,kotlin,java,PASS,PASS,PASS,PASS,FAIL,SKIP,SKIP,SKIP,SKIP,DIRECT,DIRECT_NATIVE_UNAVAILABLE: target java emitted invalid syntax (other: C:\Users\tarek\AppData\Local\Temp\codetranspiler-syntax-3171998079\Main.java:5: Fehler: Symbol nicht gefunden if (x) { ^ Symbol: Variable x Ort: Klasse Main 1 Fehler)
c9ed7040902f9599a09f27569b9a922317fcc4325c8a099bc8f77af1170e9d9f,kotlin,kotlin,PASS,PASS,PASS,PASS,PASS,PASS,SKIP,SKIP,SKIP,DIRECT,
c9ed7040902f9599a09f27569b9a922317fcc4325c8a099bc8f77af1170e9d9f,kotlin,swift,PASS,PASS,PASS,PASS,PASS,PASS,SKIP,SKIP,SKIP,DIRECT,
94534232bd15c6470af44b6c22204c35bfc28785f6a44c239a58924ba66ecc21,kotlin,r,PASS,PASS,PASS,PASS,PASS,PASS,SKIP,SKIP,SKIP,DIRECT,
94534232bd15c6470af44b6c22204c35bfc28785f6a44c239a58924ba66ecc21,kotlin,go,PASS,PASS,PASS,PASS,PASS,PASS,SKIP,SKIP,SKIP,DIRECT,
94534232bd15c6470af44b6c22204c35bfc28785f6a44c239a58924ba66ecc21,kotlin,rust,PASS,PASS,PASS,PASS,FAIL,SKIP,SKIP,SKIP,SKIP,DIRECT,DIRECT_NATIVE_UNAVAILABLE: target rust emitted invalid syntax (other: error[E0425]: cannot find value `x` in this scope --> C:\Users\tarek\AppData\Local\Temp\codetranspiler-syntax-1724321488\program.rs:3:9 | 3 | if (x.clone()) { | ^ not fou
94534232bd15c6470af44b6c22204c35bfc28785f6a44c239a58924ba66ecc21,kotlin,cpp,PASS,PASS,PASS,PASS,FAIL,SKIP,SKIP,SKIP,SKIP,DIRECT,DIRECT_NATIVE_UNAVAILABLE: target cpp emitted invalid syntax (other: C:\Users\tarek\AppData\Local\Temp\codetranspiler-syntax-3800727569\program.cpp: In function 'int main()': C:\Users\tarek\AppData\Local\Temp\codetranspiler-syntax-380072756
94534232bd15c6470af44b6c22204c35bfc28785f6a44c239a58924ba66ecc21,kotlin,c,PASS,PASS,PASS,PASS,FAIL,SKIP,SKIP,SKIP,SKIP,DIRECT,DIRECT_NATIVE_UNAVAILABLE: target c emitted invalid syntax (other: C:\Users\tarek\AppData\Local\Temp\codetranspiler-syntax-1272082208\program.c: In function 'main': C:\Users\tarek\AppData\Local\Temp\codetranspiler-syntax-1272082208\program.
94534232bd15c6470af44b6c22204c35bfc28785f6a44c239a58924ba66ecc21,kotlin,python,PASS,PASS,PASS,PASS,FAIL,SKIP,SKIP,SKIP,SKIP,DIRECT,"DIRECT_NATIVE_UNAVAILABLE: target python emitted invalid syntax (other: Sorry: IndentationError: expected an indented block after 'if' statement on line 2 (program.py, line 3))"
94534232bd15c6470af44b6c22204c35bfc28785f6a44c239a58924ba66ecc21,kotlin,zig,PASS,PASS,PASS,PASS,PASS,PASS,SKIP,SKIP,SKIP,DIRECT,
94534232bd15c6470af44b6c22204c35bfc28785f6a44c239a58924ba66ecc21,kotlin,julia,PASS,PASS,PASS,PASS,PASS,PASS,SKIP,SKIP,SKIP,DIRECT,
94534232bd15c6470af44b6c22204c35bfc28785f6a44c239a58924ba66ecc21,kotlin,nim,PASS,PASS,PASS,PASS,PASS,PASS,SKIP,SKIP,SKIP,DIRECT,
94534232bd15c6470af44b6c22204c35bfc28785f6a44c239a58924ba66ecc21,kotlin,csharp,PASS,PASS,PASS,PASS,PASS,PASS,SKIP,SKIP,SKIP,DIRECT,
94534232bd15c6470af44b6c22204c35bfc28785f6a44c239a58924ba66ecc21,kotlin,java,PASS,PASS,PASS,PASS,FAIL,SKIP,SKIP,SKIP,SKIP,DIRECT,DIRECT_NATIVE_UNAVAILABLE: target java emitted invalid syntax (other: C:\Users\tarek\AppData\Local\Temp\codetranspiler-syntax-867781518\Main.java:5: Fehler: Symbol nicht gefunden if (x) { ^ Symbol: Variable x Ort: Klasse Main 1 Fehler)
94534232bd15c6470af44b6c22204c35bfc28785f6a44c239a58924ba66ecc21,kotlin,kotlin,PASS,PASS,PASS,PASS,PASS,PASS,SKIP,SKIP,SKIP,DIRECT,
94534232bd15c6470af44b6c22204c35bfc28785f6a44c239a58924ba66ecc21,kotlin,swift,PASS,PASS,PASS,PASS,PASS,PASS,SKIP,SKIP,SKIP,DIRECT,
e99e6a94025226ae638fef8daa13616c8b077fabaf4519a3d19258129d82ecd6,kotlin,r,PASS,PASS,PASS,PASS,PASS,PASS,SKIP,SKIP,SKIP,DIRECT,
e99e6a94025226ae638fef8daa13616c8b077fabaf4519a3d19258129d82ecd6,kotlin,go,PASS,PASS,PASS,PASS,PASS,PASS,SKIP,SKIP,SKIP,DIRECT,
e99e6a94025226ae638fef8daa13616c8b077fabaf4519a3d19258129d82ecd6,kotlin,rust,PASS,PASS,PASS,PASS,FAIL,SKIP,SKIP,SKIP,SKIP,DIRECT,DIRECT_NATIVE_UNAVAILABLE: target rust emitted invalid syntax (other: error[E0425]: cannot find value `obj` in this scope --> C:\Users\tarek\AppData\Local\Temp\codetranspiler-syntax-3249374103\program.rs:3:17 | 3 | let mut x = obj.clone(); 
e99e6a94025226ae638fef8daa13616c8b077fabaf4519a3d19258129d82ecd6,kotlin,cpp,PASS,PASS,PASS,PASS,FAIL,SKIP,SKIP,SKIP,SKIP,DIRECT,DIRECT_NATIVE_UNAVAILABLE: target cpp emitted invalid syntax (other: C:\Users\tarek\AppData\Local\Temp\codetranspiler-syntax-794452676\program.cpp: In function 'int main()': C:\Users\tarek\AppData\Local\Temp\codetranspiler-syntax-794452676\
e99e6a94025226ae638fef8daa13616c8b077fabaf4519a3d19258129d82ecd6,kotlin,c,PASS,PASS,PASS,PASS,FAIL,SKIP,SKIP,SKIP,SKIP,DIRECT,DIRECT_NATIVE_UNAVAILABLE: target c emitted invalid syntax (other: C:\Users\tarek\AppData\Local\Temp\codetranspiler-syntax-4247155341\program.c: In function 'main': C:\Users\tarek\AppData\Local\Temp\codetranspiler-syntax-4247155341\program.
e99e6a94025226ae638fef8daa13616c8b077fabaf4519a3d19258129d82ecd6,kotlin,python,PASS,PASS,PASS,PASS,PASS,PASS,SKIP,SKIP,SKIP,DIRECT,
e99e6a94025226ae638fef8daa13616c8b077fabaf4519a3d19258129d82ecd6,kotlin,zig,PASS,PASS,PASS,PASS,PASS,PASS,SKIP,SKIP,SKIP,DIRECT,
e99e6a94025226ae638fef8daa13616c8b077fabaf4519a3d19258129d82ecd6,kotlin,julia,PASS,PASS,PASS,PASS,PASS,PASS,SKIP,SKIP,SKIP,DIRECT,
e99e6a94025226ae638fef8daa13616c8b077fabaf4519a3d19258129d82ecd6,kotlin,nim,PASS,PASS,PASS,PASS,PASS,PASS,SKIP,SKIP,SKIP,DIRECT,
e99e6a94025226ae638fef8daa13616c8b077fabaf4519a3d19258129d82ecd6,kotlin,csharp,PASS,PASS,PASS,PASS,PASS,PASS,SKIP,SKIP,SKIP,DIRECT,
e99e6a94025226ae638fef8daa13616c8b077fabaf4519a3d19258129d82ecd6,kotlin,java,PASS,PASS,PASS,PASS,FAIL,SKIP,SKIP,SKIP,SKIP,DIRECT,DIRECT_NATIVE_UNAVAILABLE: target java emitted invalid syntax (other: C:\Users\tarek\AppData\Local\Temp\codetranspiler-syntax-3045237352\Main.java:5: Fehler: Symbol nicht gefunden var x = obj; ^ Symbol: Variable obj Ort: Klasse Main 1 Fehle
e99e6a94025226ae638fef8daa13616c8b077fabaf4519a3d19258129d82ecd6,kotlin,kotlin,PASS,PASS,PASS,PASS,PASS,PASS,SKIP,SKIP,SKIP,DIRECT,
e99e6a94025226ae638fef8daa13616c8b077fabaf4519a3d19258129d82ecd6,kotlin,swift,PASS,PASS,PASS,PASS,PASS,PASS,SKIP,SKIP,SKIP,DIRECT,
