feature,abi_calling_convention,allocation,array_list,array_type,assignment,atomic,attribute_annotation,await,binary_op,break,bytecode_vm,call,capture,cast_conversion,channel,class,closure_lambda,code_generation,compile_time_eval,comprehension,constant,continue,defer_cleanup,dynamic_dispatch,enum,exception_try,ffi,filesystem,for,foreach_iteration,function,function_type,gc,generic,generic_constraint,global_state,goto_label,identifier,if,import,index,interface_trait,io,ir,layout_alignment,lifetime,literal_boolean,literal_null,literal_numeric,literal_string,lock_mutex,macro,manual_memory,map_dict,map_type,member_access,memory_model,module,mutation,name_resolution,network,optimizer,optional_nullable,overload_resolution,ownership,parameter,pattern,pointer,primitive_bool,primitive_float,primitive_integer,primitive_string,random,reference,reflection,return,scope,set,shadowing,slice,struct,subtyping,switch_match,symbol_table,task_async,thread,throw_raise,time,tuple,tuple_type,type_inference,unary_op,union_sum,unsafe,variable,visibility,while,yield,r.promise_lazy_argument,r.promise_forcing,r.missing_argument,r.dots_ellipsis,r.default_argument_lazy,r.quote_substitute_eval,r.language_object_pairlist,r.environment,r.lexical_lookup,r.superassignment,r.active_binding,r.delayed_assignment,r.closure_environment_capture,r.atomic_vector,r.list_pairlist,r.vectorized_operation,r.vector_recycling,r.coercion_lattice,r.na_value,r.na_propagation,r.nan_inf_semantics,r.complex_type,r.raw_type,r.one_based_index,r.negative_index_exclusion,r.logical_index,r.double_bracket_index,r.dollar_member_partial_match,r.attributes,r.s3_dispatch,r.s4_dispatch,r.condition_system,r.restarts_unwind,r.on_exit_cleanup,r.copy_on_modify_named,r.gc_protect,r.altrep,r.ffi_C_Call_External,r.native_registration,r.namespace_package,r.bytecode_compiler,r.rng_state
abi_calling_convention,1.008448,0.002587,0.000022,0.000089,0.000022,0.000000,0.000526,0.000022,0.000022,0.000000,0.000113,0.000022,0.000146,0.000022,0.000000,0.000526,0.000022,0.000113,0.000113,0.000022,0.000526,0.000000,0.000000,0.000474,0.000526,0.000000,0.053228,0.000474,0.000000,0.000000,0.000526,0.000089,0.041911,0.000526,0.000089,0.000474,0.000000,0.000022,0.000000,0.014544,0.000022,0.000526,0.000474,0.000113,0.041911,0.002259,0.000022,0.000022,0.000022,0.000022,0.000000,0.000113,0.041911,0.000022,0.000089,0.000022,0.002114,0.014544,0.000474,0.000146,0.000474,0.000113,0.000089,0.000089,0.041911,0.000526,0.000022,0.002203,0.000089,0.000089,0.000089,0.000089,0.000474,0.000089,0.000474,0.000000,0.000146,0.000022,0.000146,0.000022,0.000526,0.000089,0.000000,0.000146,0.000000,0.000000,0.000000,0.000474,0.000022,0.000089,0.000089,0.000022,0.000089,0.041911,0.000526,0.000526,0.000000,0.000022,0.000302,0.000428,0.000300,0.000257,0.000521,0.000396,0.000421,0.000457,0.000396,0.000207,0.000493,0.000372,0.000396,0.000307,0.000351,0.000331,0.000387,0.000307,0.000351,0.000264,0.000409,0.000351,0.000351,0.000306,0.000356,0.000385,0.000354,0.000414,0.000430,0.000676,0.000658,0.000423,0.000272,0.000105,0.016259,0.032933,0.009474,0.038871,0.021444,0.014700,0.000400,0.000444
allocation,0.001235,1.003527,0.000433,0.000336,0.000374,0.000974,0.000378,0.000297,0.000433,0.000127,0.000228,0.000371,0.000346,0.000433,0.000974,0.000378,0.000374,0.000228,0.000228,0.000297,0.000220,0.000127,0.000191,0.018809,0.000220,0.000191,0.001235,0.019414,0.000127,0.000127,0.000294,0.000336,0.007835,0.000378,0.000358,0.019414,0.000127,0.000374,0.000127,0.000299,0.000433,0.000378,0.019414,0.000228,0.007835,0.007008,0.000297,0.000297,0.000297,0.000297,0.000974,0.000228,0.007835,0.000433,0.000336,0.000433,0.006831,0.000299,0.019414,0.000346,0.019414,0.000228,0.000336,0.000336,0.007835,0.000294,0.000297,0.007004,0.000336,0.000336,0.000336,0.000336,0.019414,0.000336,0.018767,0.000127,0.000346,0.000433,0.000346,0.000433,0.000220,0.000358,0.000127,0.000346,0.000974,0.000974,0.000191,0.019414,0.000433,0.000336,0.000336,0.000433,0.000336,0.007835,0.000297,0.000220,0.000127,0.000297,0.003234,0.006829,0.003649,0.000422,0.003219,0.002899,0.003257,0.003266,0.003297,0.002852,0.006813,0.003282,0.003297,0.003286,0.003753,0.003392,0.006887,0.003272,0.003762,0.003304,0.004407,0.003744,0.003737,0.003800,0.004429,0.003858,0.004431,0.003840,0.006875,0.005964,0.002999,0.006668,0.003484,0.003349,0.013866,0.011015,0.010557,0.007283,0.003677,0.003177,0.003520,0.015013
array_list,0.000005,0.000200,1.002497,0.003952,0.009330,0.000006,0.000201,0.009479,0.012726,0.002012,0.000010,0.009333,0.000183,0.012726,0.000006,0.000201,0.009330,0.000010,0.000010,0.009479,0.000437,0.002012,0.001791,0.000211,0.000437,0.001791,0.000005,0.000200,0.002012,0.002012,0.000301,0.003952,0.000010,0.000201,0.000492,0.000200,0.002012,0.009330,0.002012,0.000184,0.012726,0.000201,0.000200,0.000010,0.000010,0.000080,0.009479,0.009479,0.009479,0.009479,0.000006,0.000010,0.000010,0.012726,0.003952,0.012726,0.000005,0.000184,0.000200,0.000183,0.000200,0.000010,0.003952,0.003952,0.000010,0.000301,0.009479,0.000480,0.003952,0.003952,0.003952,0.003952,0.000200,0.003952,0.000194,0.002012,0.000183,0.012726,0.000183,0.012726,0.000437,0.000492,0.002012,0.000183,0.000006,0.000006,0.001791,0.000200,0.012726,0.003952,0.003952,0.012726,0.003952,0.000010,0.000292,0.000437,0.002012,0.009479,0.004958,0.003045,0.005871,0.004187,0.003035,0.004322,0.003107,0.000440,0.001534,0.002600,0.001565,0.003072,0.001534,0.006584,0.006961,0.008557,0.006501,0.005214,0.006984,0.008481,0.005521,0.005335,0.005325,0.009377,0.007546,0.007044,0.007554,0.006926,0.003014,0.001301,0.001380,0.000394,0.001672,0.001560,0.001362,0.000145,0.000288,0.000148,0.000157,0.000214,0.000162,0.001546
array_type,0.000026,0.000204,0.005213,1.003209,0.000504,0.000000,0.002927,0.000523,0.005213,0.000104,0.000008,0.000514,0.000100,0.005213,0.000000,0.002927,0.000504,0.000008,0.000008,0.000523,0.002810,0.000104,0.000077,0.000301,0.002810,0.000077,0.000026,0.000144,0.000104,0.000104,0.002796,0.016657,0.000065,0.002927,0.012044,0.000144,0.000104,0.000504,0.000104,0.002789,0.005213,0.002927,0.000144,0.000008,0.000065,0.000144,0.000523,0.000523,0.000523,0.000523,0.000000,0.000008,0.000065,0.005213,0.016657,0.005213,0.000061,0.002789,0.000144,0.000100,0.000144,0.000008,0.016657,0.016657,0.000065,0.002796,0.000523,0.011952,0.016657,0.016657,0.016657,0.016657,0.000144,0.016657,0.000144,0.000104,0.000100,0.005213,0.000100,0.005213,0.002810,0.012044,0.000104,0.000100,0.000000,0.000000,0.000077,0.000144,0.005213,0.016657,0.016657,0.005213,0.016657,0.000065,0.002788,0.002810,0.000104,0.000523,0.000360,0.000289,0.000418,0.000322,0.000398,0.000442,0.002212,0.002004,0.000264,0.000277,0.000341,0.000394,0.000264,0.009237,0.007278,0.007054,0.006823,0.012304,0.007307,0.006896,0.007693,0.010008,0.009994,0.005258,0.005234,0.007313,0.005235,0.005217,0.002350,0.000505,0.002122,0.001929,0.000185,0.000082,0.000263,0.000177,0.002292,0.000134,0.000200,0.000256,0.000122,0.000219
assignment,0.000006,0.000212,0.011498,0.000471,1.002371,0.000007,0.000270,0.011398,0.011498,0.002442,0.000013,0.011218,0.004384,0.011498,0.000007,0.000270,0.014948,0.000013,0.000013,0.011398,0.000561,0.002442,0.002169,0.000226,0.000561,0.002169,0.000006,0.000212,0.002442,0.002442,0.000393,0.000471,0.000013,0.000270,0.000095,0.000212,0.002442,0.014948,0.002442,0.000249,0.011498,0.000270,0.000212,0.000013,0.000013,0.000575,0.011398,0.011398,0.011398,0.011398,0.000007,0.000013,0.000013,0.011498,0.000471,0.011498,0.000007,0.000249,0.000212,0.004384,0.000212,0.000013,0.000471,0.000471,0.000013,0.000393,0.011398,0.000081,0.000471,0.000471,0.000471,0.000471,0.000212,0.000471,0.000205,0.002442,0.004384,0.011498,0.004384,0.011498,0.000561,0.000095,0.002442,0.004384,0.000007,0.000007,0.002169,0.000212,0.011498,0.000471,0.000471,0.011498,0.000471,0.000013,0.004098,0.000561,0.002442,0.011398,0.006056,0.003770,0.007049,0.005247,0.003736,0.005253,0.003571,0.004500,0.005903,0.007129,0.005773,0.007602,0.005903,0.003818,0.004362,0.006290,0.003858,0.002047,0.004373,0.006234,0.002577,0.002270,0.002264,0.007380,0.005144,0.004437,0.005155,0.004549,0.003454,0.001616,0.001607,0.000380,0.001992,0.001907,0.001605,0.000144,0.000213,0.000159,0.000166,0.000447,0.000175,0.001826
atomic,0.000000,0.002191,0.000028,0.000000,0.000028,1.011967,0.000000,0.000028,0.000028,0.000000,0.000000,0.000028,0.000000,0.000028,0.059878,0.000000,0.000028,0.000000,0.000000,0.000028,0.000000,0.000000,0.000000,0.001671,0.000000,0.000000,0.000000,0.018795,0.000000,0.000000,0.000000,0.000000,0.000520,0.000000,0.000000,0.018795,0.000000,0.000028,0.000000,0.000000,0.000028,0.000000,0.018795,0.000000,0.000520,0.000520,0.000028,0.000028,0.000028,0.000028,0.059878,0.000000,0.000520,0.000028,0.000000,0.000028,0.043588,0.000000,0.018795,0.000000,0.018795,0.000000,0.000000,0.000000,0.000520,0.000000,0.000028,0.000520,0.000000,0.000000,0.000000,0.000000,0.018795,0.000000,0.001671,0.000000,0.000000,0.000028,0.000000,0.000028,0.000000,0.000000,0.000000,0.000000,0.059878,0.059878,0.000000,0.018795,0.000028,0.000000,0.000000,0.000028,0.000000,0.000520,0.000000,0.000000,0.000000,0.000028,0.000273,0.000605,0.000319,0.000021,0.000273,0.000212,0.000242,0.000242,0.000273,0.000239,0.000564,0.000242,0.000273,0.000242,0.000282,0.000273,0.000605,0.000242,0.000282,0.000273,0.000337,0.000282,0.000282,0.000319,0.000382,0.000319,0.000382,0.000319,0.000564,0.000484,0.000212,0.000564,0.000282,0.000282,0.001125,0.000802,0.000802,0.000564,0.000282,0.000242,0.000282,0.018497
attribute_annotation,0.000216,0.000325,0.000375,0.004138,0.000409,0.000000,1.003398,0.000420,0.000375,0.000281,0.000064,0.000371,0.003928,0.000375,0.000000,0.022307,0.000409,0.000064,0.000064,0.000420,0.016787,0.000281,0.000042,0.006062,0.016787,0.000042,0.000216,0.000274,0.000281,0.000281,0.016699,0.004138,0.000065,0.022307,0.009725,0.000274,0.000281,0.000409,0.000281,0.016688,0.000375,0.022307,0.000274,0.000064,0.000065,0.003736,0.000420,0.000420,0.000420,0.000420,0.000000,0.000064,0.000065,0.000375,0.004138,0.000375,0.000051,0.016688,0.000274,0.003928,0.000274,0.000064,0.004138,0.004138,0.000065,0.016699,0.000420,0.003970,0.004138,0.004138,0.004138,0.004138,0.000274,0.004138,0.000274,0.000281,0.003928,0.000375,0.003928,0.000375,0.016787,0.009725,0.000281,0.003928,0.000000,0.000000,0.000042,0.000274,0.000375,0.004138,0.004138,0.000375,0.004138,0.000065,0.016756,0.016787,0.000281,0.000420,0.000530,0.000564,0.000458,0.005171,0.005984,0.002688,0.003028,0.006292,0.003100,0.002724,0.003100,0.003075,0.003100,0.003095,0.003411,0.002973,0.000605,0.003212,0.003414,0.000565,0.003981,0.003520,0.003517,0.000514,0.000527,0.003391,0.000532,0.003368,0.008636,0.010972,0.014532,0.002670,0.000181,0.000103,0.000264,0.000204,0.003140,0.000392,0.003167,0.006096,0.000222,0.000262
await,0.000006,0.000159,0.011015,0.000461,0.010747,0.000007,0.000262,1.002613,0.011015,0.006259,0.000012,0.010751,0.000239,0.011015,0.000007,0.000262,0.010747,0.000012,0.000012,0.014479,0.004080,0.006259,0.002466,0.000172,0.004080,0.002466,0.000006,0.000159,0.006259,0.006259,0.000378,0.000461,0.000012,0.000262,0.000107,0.000159,0.006259,0.010747,0.006259,0.000242,0.011015,0.000262,0.000159,0.000012,0.000012,0.000120,0.014479,0.014479,0.014479,0.014479,0.000007,0.000012,0.000012,0.011015,0.000461,0.011015,0.000006,0.000242,0.000159,0.000239,0.000159,0.000012,0.000461,0.000461,0.000012,0.000378,0.014479,0.000093,0.000461,0.000461,0.000461,0.000461,0.000159,0.000461,0.000153,0.006259,0.000239,0.011015,0.000239,0.011015,0.004080,0.000107,0.006259,0.000239,0.000007,0.000007,0.002466,0.000159,0.011015,0.000461,0.000461,0.011015,0.000461,0.000012,0.000368,0.004080,0.006259,0.014479,0.005691,0.003482,0.006738,0.004898,0.003519,0.004946,0.003374,0.000410,0.001709,0.002946,0.001708,0.003504,0.001709,0.003614,0.004132,0.006011,0.003612,0.001922,0.004142,0.005948,0.002421,0.002132,0.002127,0.007041,0.004837,0.004183,0.004846,0.004180,0.003259,0.001442,0.001478,0.000461,0.002170,0.002096,0.001483,0.000111,0.000189,0.000118,0.000151,0.000244,0.000131,0.001688
binary_op,0.000005,0.000200,0.012726,0.003952,0.009330,0.000006,0.000201,0.009479,1.002497,0.002012,0.000010,0.009333,0.000183,0.012726,0.000006,0.000201,0.009330,0.000010,0.000010,0.009479,0.000437,0.002012,0.001791,0.000211,0.000437,0.001791,0.000005,0.000200,0.002012,0.002012,0.000301,0.003952,0.000010,0.000201,0.000492,0.000200,0.002012,0.009330,0.002012,0.000184,0.012726,0.000201,0.000200,0.000010,0.000010,0.000080,0.009479,0.009479,0.009479,0.009479,0.000006,0.000010,0.000010,0.012726,0.003952,0.012726,0.000005,0.000184,0.000200,0.000183,0.000200,0.000010,0.003952,0.003952,0.000010,0.000301,0.009479,0.000480,0.003952,0.003952,0.003952,0.003952,0.000200,0.003952,0.000194,0.002012,0.000183,0.012726,0.000183,0.012726,0.000437,0.000492,0.002012,0.000183,0.000006,0.000006,0.001791,0.000200,0.012726,0.003952,0.003952,0.012726,0.003952,0.000010,0.000292,0.000437,0.002012,0.009479,0.004958,0.003045,0.005871,0.004187,0.003035,0.004322,0.003107,0.000440,0.001534,0.002600,0.001565,0.003072,0.001534,0.006584,0.006961,0.008557,0.006501,0.005214,0.006984,0.008481,0.005521,0.005335,0.005325,0.009377,0.007546,0.007044,0.007554,0.006926,0.003014,0.001301,0.001380,0.000394,0.001672,0.001560,0.001362,0.000145,0.000288,0.000148,0.000157,0.000214,0.000162,0.001546
break,0.000000,0.000107,0.003681,0.000144,0.003626,0.000000,0.000275,0.009855,0.003681,1.004221,0.000002,0.003651,0.000105,0.003681,0.000000,0.000275,0.003626,0.000002,0.000002,0.009855,0.006511,0.022777,0.016904,0.000107,0.006511,0.016904,0.000000,0.000107,0.022777,0.022777,0.000333,0.000144,0.000000,0.000275,0.000063,0.000107,0.022777,0.003626,0.022777,0.000275,0.003681,0.000275,0.000107,0.000002,0.000000,0.000073,0.009855,0.009855,0.009855,0.009855,0.000000,0.000002,0.000000,0.003681,0.000144,0.003681,0.000000,0.000275,0.000107,0.000105,0.000107,0.000002,0.000144,0.000144,0.000000,0.000333,0.009855,0.000063,0.000144,0.000144,0.000144,0.000144,0.000107,0.000144,0.000107,0.022777,0.000105,0.003681,0.000105,0.003681,0.006511,0.000063,0.022777,0.000105,0.000000,0.000000,0.016904,0.000107,0.003681,0.000144,0.000144,0.003681,0.000144,0.000000,0.000307,0.006511,0.022777,0.009855,0.002953,0.002818,0.003428,0.002620,0.002863,0.002606,0.000410,0.000221,0.000283,0.000354,0.000286,0.002788,0.000283,0.000417,0.000469,0.002999,0.000422,0.000286,0.000473,0.002953,0.000354,0.000312,0.000311,0.003443,0.000498,0.000487,0.000502,0.000490,0.000371,0.000260,0.000288,0.006105,0.012969,0.012923,0.000199,0.000052,0.000109,0.000081,0.000101,0.000164,0.000075,0.000227
bytecode_vm,0.000123,0.000522,0.000051,0.000031,0.000051,0.000000,0.000169,0.000051,0.000051,0.000006,1.014130,0.000093,0.000049,0.000051,0.000000,0.000169,0.000051,0.062903,0.062903,0.000051,0.000126,0.000006,0.000006,0.000529,0.000126,0.000006,0.000123,0.000485,0.000006,0.000006,0.000168,0.000031,0.000075,0.000169,0.000075,0.000485,0.000006,0.000051,0.000006,0.000211,0.000051,0.000169,0.000485,0.062903,0.000075,0.000086,0.000051,0.000051,0.000051,0.000051,0.000000,0.062903,0.000075,0.000051,0.000031,0.000051,0.000037,0.000211,0.000485,0.000049,0.000485,0.062903,0.000031,0.000031,0.000075,0.000168,0.000051,0.000068,0.000031,0.000031,0.000031,0.000031,0.000485,0.000031,0.018448,0.000006,0.000049,0.000051,0.000049,0.000051,0.000126,0.000075,0.000006,0.000049,0.000000,0.000000,0.000006,0.000485,0.000051,0.000031,0.000031,0.000051,0.000031,0.000075,0.000126,0.000126,0.000006,0.000051,0.000392,0.000386,0.000359,0.000181,0.000398,0.006312,0.007175,0.000352,0.000320,0.000143,0.000363,0.000363,0.000320,0.000295,0.000343,0.000281,0.000294,0.000273,0.000341,0.000246,0.000368,0.000314,0.000314,0.000282,0.000319,0.000314,0.000319,0.000325,0.000394,0.006347,0.006338,0.000346,0.000247,0.000104,0.000320,0.000326,0.008232,0.000397,0.008269,0.007177,0.052967,0.000391
call,0.000006,0.000222,0.012115,0.000506,0.011815,0.000007,0.000258,0.012010,0.012115,0.002590,0.000024,1.002376,0.000288,0.012115,0.000007,0.000258,0.011815,0.000024,0.000024,0.012010,0.000564,0.002590,0.002302,0.000237,0.000564,0.002302,0.000006,0.000222,0.002590,0.002590,0.004159,0.000506,0.000013,0.000258,0.000111,0.000222,0.002590,0.011815,0.002590,0.000236,0.012115,0.000258,0.000222,0.000024,0.000013,0.000155,0.012010,0.012010,0.012010,0.012010,0.000007,0.000024,0.000013,0.012115,0.000506,0.012115,0.000007,0.000236,0.000222,0.000288,0.000222,0.000024,0.000506,0.000506,0.000013,0.004159,0.012010,0.000096,0.000506,0.000506,0.000506,0.000506,0.000222,0.000506,0.000215,0.002590,0.000288,0.012115,0.000288,0.012115,0.000564,0.000111,0.002590,0.000288,0.000007,0.000007,0.002302,0.000222,0.012115,0.000506,0.000506,0.012115,0.000506,0.000013,0.000377,0.000564,0.002590,0.012010,0.010149,0.007698,0.011282,0.009238,0.007721,0.009301,0.007587,0.000525,0.001991,0.003318,0.001959,0.003914,0.001991,0.004040,0.004619,0.006642,0.004043,0.002154,0.004629,0.006573,0.002713,0.002389,0.002383,0.007785,0.005400,0.004669,0.005416,0.004686,0.003649,0.001650,0.001670,0.000408,0.002124,0.002022,0.001692,0.000155,0.000251,0.000165,0.000212,0.000342,0.000205,0.001925
capture,0.000086,0.000426,0.000489,0.000202,0.009511,0.000000,0.005632,0.000550,0.000489,0.000153,0.000026,0.000594,1.004921,0.000489,0.000000,0.005632,0.009511,0.000026,0.000026,0.000550,0.005607,0.000153,0.000081,0.000373,0.005607,0.000081,0.000086,0.000265,0.000153,0.000153,0.005640,0.000202,0.000161,0.005632,0.000299,0.000265,0.000153,0.009511,0.000153,0.005606,0.000489,0.005632,0.000265,0.000026,0.000161,0.023004,0.000550,0.000550,0.000550,0.000550,0.000000,0.000026,0.000161,0.000489,0.000202,0.000489,0.000161,0.005606,0.000265,0.031802,0.000265,0.000026,0.000202,0.000202,0.000161,0.005640,0.000550,0.000352,0.000202,0.000202,0.000202,0.000202,0.000265,0.000202,0.000265,0.000153,0.031802,0.000489,0.031802,0.000489,0.005607,0.000299,0.000153,0.031802,0.000000,0.000000,0.000081,0.000265,0.000489,0.000202,0.000202,0.000489,0.000202,0.000161,0.014523,0.005607,0.000153,0.000550,0.004109,0.004172,0.000708,0.007507,0.004301,0.003732,0.000648,0.023640,0.023661,0.021208,0.017490,0.017598,0.023661,0.000465,0.000531,0.000671,0.000499,0.000416,0.000531,0.000524,0.000553,0.000475,0.000475,0.000618,0.000563,0.000655,0.000575,0.004719,0.000629,0.003768,0.003827,0.000413,0.000250,0.000187,0.000514,0.000330,0.000531,0.000291,0.000461,0.008492,0.000262,0.000401
cast_conversion,0.000005,0.000200,0.012726,0.003952,0.009330,0.000006,0.000201,0.009479,0.012726,0.002012,0.000010,0.009333,0.000183,1.002497,0.000006,0.000201,0.009330,0.000010,0.000010,0.009479,0.000437,0.002012,0.001791,0.000211,0.000437,0.001791,0.000005,0.000200,0.002012,0.002012,0.000301,0.003952,0.000010,0.000201,0.000492,0.000200,0.002012,0.009330,0.002012,0.000184,0.012726,0.000201,0.000200,0.000010,0.000010,0.000080,0.009479,0.009479,0.009479,0.009479,0.000006,0.000010,0.000010,0.012726,0.003952,0.012726,0.000005,0.000184,0.000200,0.000183,0.000200,0.000010,0.003952,0.003952,0.000010,0.000301,0.009479,0.000480,0.003952,0.003952,0.003952,0.003952,0.000200,0.003952,0.000194,0.002012,0.000183,0.012726,0.000183,0.012726,0.000437,0.000492,0.002012,0.000183,0.000006,0.000006,0.001791,0.000200,0.012726,0.003952,0.003952,0.012726,0.003952,0.000010,0.000292,0.000437,0.002012,0.009479,0.004958,0.003045,0.005871,0.004187,0.003035,0.004322,0.003107,0.000440,0.001534,0.002600,0.001565,0.003072,0.001534,0.006584,0.006961,0.008557,0.006501,0.005214,0.006984,0.008481,0.005521,0.005335,0.005325,0.009377,0.007546,0.007044,0.007554,0.006926,0.003014,0.001301,0.001380,0.000394,0.001672,0.001560,0.001362,0.000145,0.000288,0.000148,0.000157,0.000214,0.000162,0.001546
channel,0.000000,0.002191,0.000028,0.000000,0.000028,0.059878,0.000000,0.000028,0.000028,0.000000,0.000000,0.000028,0.000000,0.000028,1.011967,0.000000,0.000028,0.000000,0.000000,0.000028,0.000000,0.000000,0.000000,0.001671,0.000000,0.000000,0.000000,0.018795,0.000000,0.000000,0.000000,0.000000,0.000520,0.000000,0.000000,0.018795,0.000000,0.000028,0.000000,0.000000,0.000028,0.000000,0.018795,0.000000,0.000520,0.000520,0.000028,0.000028,0.000028,0.000028,0.059878,0.000000,0.000520,0.000028,0.000000,0.000028,0.043588,0.000000,0.018795,0.000000,0.018795,0.000000,0.000000,0.000000,0.000520,0.000000,0.000028,0.000520,0.000000,0.000000,0.000000,0.000000,0.018795,0.000000,0.001671,0.000000,0.000000,0.000028,0.000000,0.000028,0.000000,0.000000,0.000000,0.000000,0.059878,0.059878,0.000000,0.018795,0.000028,0.000000,0.000000,0.000028,0.000000,0.000520,0.000000,0.000000,0.000000,0.000028,0.000273,0.000605,0.000319,0.000021,0.000273,0.000212,0.000242,0.000242,0.000273,0.000239,0.000564,0.000242,0.000273,0.000242,0.000282,0.000273,0.000605,0.000242,0.000282,0.000273,0.000337,0.000282,0.000282,0.000319,0.000382,0.000319,0.000382,0.000319,0.000564,0.000484,0.000212,0.000564,0.000282,0.000282,0.001125,0.000802,0.000802,0.000564,0.000282,0.000242,0.000282,0.018497
class,0.000216,0.000325,0.000375,0.004138,0.000409,0.000000,0.022307,0.000420,0.000375,0.000281,0.000064,0.000371,0.003928,0.000375,0.000000,1.003398,0.000409,0.000064,0.000064,0.000420,0.016787,0.000281,0.000042,0.006062,0.016787,0.000042,0.000216,0.000274,0.000281,0.000281,0.016699,0.004138,0.000065,0.022307,0.009725,0.000274,0.000281,0.000409,0.000281,0.016688,0.000375,0.022307,0.000274,0.000064,0.000065,0.003736,0.000420,0.000420,0.000420,0.000420,0.000000,0.000064,0.000065,0.000375,0.004138,0.000375,0.000051,0.016688,0.000274,0.003928,0.000274,0.000064,0.004138,0.004138,0.000065,0.016699,0.000420,0.003970,0.004138,0.004138,0.004138,0.004138,0.000274,0.004138,0.000274,0.000281,0.003928,0.000375,0.003928,0.000375,0.016787,0.009725,0.000281,0.003928,0.000000,0.000000,0.000042,0.000274,0.000375,0.004138,0.004138,0.000375,0.004138,0.000065,0.016756,0.016787,0.000281,0.000420,0.000530,0.000564,0.000458,0.005171,0.005984,0.002688,0.003028,0.006292,0.003100,0.002724,0.003100,0.003075,0.003100,0.003095,0.003411,0.002973,0.000605,0.003212,0.003414,0.000565,0.003981,0.003520,0.003517,0.000514,0.000527,0.003391,0.000532,0.003368,0.008636,0.010972,0.014532,0.002670,0.000181,0.000103,0.000264,0.000204,0.003140,0.000392,0.003167,0.006096,0.000222,0.000262
closure_lambda,0.000006,0.000212,0.011498,0.000471,0.014948,0.000007,0.000270,0.011398,0.011498,0.002442,0.000013,0.011218,0.004384,0.011498,0.000007,0.000270,1.002371,0.000013,0.000013,0.011398,0.000561,0.002442,0.002169,0.000226,0.000561,0.002169,0.000006,0.000212,0.002442,0.002442,0.000393,0.000471,0.000013,0.000270,0.000095,0.000212,0.002442,0.014948,0.002442,0.000249,0.011498,0.000270,0.000212,0.000013,0.000013,0.000575,0.011398,0.011398,0.011398,0.011398,0.000007,0.000013,0.000013,0.011498,0.000471,0.011498,0.000007,0.000249,0.000212,0.004384,0.000212,0.000013,0.000471,0.000471,0.000013,0.000393,0.011398,0.000081,0.000471,0.000471,0.000471,0.000471,0.000212,0.000471,0.000205,0.002442,0.004384,0.011498,0.004384,0.011498,0.000561,0.000095,0.002442,0.004384,0.000007,0.000007,0.002169,0.000212,0.011498,0.000471,0.000471,0.011498,0.000471,0.000013,0.004098,0.000561,0.002442,0.011398,0.006056,0.003770,0.007049,0.005247,0.003736,0.005253,0.003571,0.004500,0.005903,0.007129,0.005773,0.007602,0.005903,0.003818,0.004362,0.006290,0.003858,0.002047,0.004373,0.006234,0.002577,0.002270,0.002264,0.007380,0.005144,0.004437,0.005155,0.004549,0.003454,0.001616,0.001607,0.000380,0.001992,0.001907,0.001605,0.000144,0.000213,0.000159,0.000166,0.000447,0.000175,0.001826
code_generation,0.000123,0.000522,0.000051,0.000031,0.000051,0.000000,0.000169,0.000051,0.000051,0.000006,0.062903,0.000093,0.000049,0.000051,0.000000,0.000169,0.000051,1.014130,0.062903,0.000051,0.000126,0.000006,0.000006,0.000529,0.000126,0.000006,0.000123,0.000485,0.000006,0.000006,0.000168,0.000031,0.000075,0.000169,0.000075,0.000485,0.000006,0.000051,0.000006,0.000211,0.000051,0.000169,0.000485,0.062903,0.000075,0.000086,0.000051,0.000051,0.000051,0.000051,0.000000,0.062903,0.000075,0.000051,0.000031,0.000051,0.000037,0.000211,0.000485,0.000049,0.000485,0.062903,0.000031,0.000031,0.000075,0.000168,0.000051,0.000068,0.000031,0.000031,0.000031,0.000031,0.000485,0.000031,0.018448,0.000006,0.000049,0.000051,0.000049,0.000051,0.000126,0.000075,0.000006,0.000049,0.000000,0.000000,0.000006,0.000485,0.000051,0.000031,0.000031,0.000051,0.000031,0.000075,0.000126,0.000126,0.000006,0.000051,0.000392,0.000386,0.000359,0.000181,0.000398,0.006312,0.007175,0.000352,0.000320,0.000143,0.000363,0.000363,0.000320,0.000295,0.000343,0.000281,0.000294,0.000273,0.000341,0.000246,0.000368,0.000314,0.000314,0.000282,0.000319,0.000314,0.000319,0.000325,0.000394,0.006347,0.006338,0.000346,0.000247,0.000104,0.000320,0.000326,0.008232,0.000397,0.008269,0.007177,0.052967,0.000391
compile_time_eval,0.000123,0.000522,0.000051,0.000031,0.000051,0.000000,0.000169,0.000051,0.000051,0.000006,0.062903,0.000093,0.000049,0.000051,0.000000,0.000169,0.000051,0.062903,1.014130,0.000051,0.000126,0.000006,0.000006,0.000529,0.000126,0.000006,0.000123,0.000485,0.000006,0.000006,0.000168,0.000031,0.000075,0.000169,0.000075,0.000485,0.000006,0.000051,0.000006,0.000211,0.000051,0.000169,0.000485,0.062903,0.000075,0.000086,0.000051,0.000051,0.000051,0.000051,0.000000,0.062903,0.000075,0.000051,0.000031,0.000051,0.000037,0.000211,0.000485,0.000049,0.000485,0.062903,0.000031,0.000031,0.000075,0.000168,0.000051,0.000068,0.000031,0.000031,0.000031,0.000031,0.000485,0.000031,0.018448,0.000006,0.000049,0.000051,0.000049,0.000051,0.000126,0.000075,0.000006,0.000049,0.000000,0.000000,0.000006,0.000485,0.000051,0.000031,0.000031,0.000051,0.000031,0.000075,0.000126,0.000126,0.000006,0.000051,0.000392,0.000386,0.000359,0.000181,0.000398,0.006312,0.007175,0.000352,0.000320,0.000143,0.000363,0.000363,0.000320,0.000295,0.000343,0.000281,0.000294,0.000273,0.000341,0.000246,0.000368,0.000314,0.000314,0.000282,0.000319,0.000314,0.000319,0.000325,0.000394,0.006347,0.006338,0.000346,0.000247,0.000104,0.000320,0.000326,0.008232,0.000397,0.008269,0.007177,0.052967,0.000391
comprehension,0.000006,0.000159,0.011015,0.000461,0.010747,0.000007,0.000262,0.014479,0.011015,0.006259,0.000012,0.010751,0.000239,0.011015,0.000007,0.000262,0.010747,0.000012,0.000012,1.002613,0.004080,0.006259,0.002466,0.000172,0.004080,0.002466,0.000006,0.000159,0.006259,0.006259,0.000378,0.000461,0.000012,0.000262,0.000107,0.000159,0.006259,0.010747,0.006259,0.000242,0.011015,0.000262,0.000159,0.000012,0.000012,0.000120,0.014479,0.014479,0.014479,0.014479,0.000007,0.000012,0.000012,0.011015,0.000461,0.011015,0.000006,0.000242,0.000159,0.000239,0.000159,0.000012,0.000461,0.000461,0.000012,0.000378,0.014479,0.000093,0.000461,0.000461,0.000461,0.000461,0.000159,0.000461,0.000153,0.006259,0.000239,0.011015,0.000239,0.011015,0.004080,0.000107,0.006259,0.000239,0.000007,0.000007,0.002466,0.000159,0.011015,0.000461,0.000461,0.011015,0.000461,0.000012,0.000368,0.004080,0.006259,0.014479,0.005691,0.003482,0.006738,0.004898,0.003519,0.004946,0.003374,0.000410,0.001709,0.002946,0.001708,0.003504,0.001709,0.003614,0.004132,0.006011,0.003612,0.001922,0.004142,0.005948,0.002421,0.002132,0.002127,0.007041,0.004837,0.004183,0.004846,0.004180,0.003259,0.001442,0.001478,0.000461,0.002170,0.002096,0.001483,0.000111,0.000189,0.000118,0.000151,0.000244,0.000131,0.001688
constant,0.000185,0.000162,0.000697,0.003401,0.000726,0.000000,0.014369,0.005605,0.000697,0.005682,0.000040,0.000694,0.003348,0.000697,0.000000,0.014369,0.000726,0.000040,0.000040,0.005605,1.002908,0.005682,0.000640,0.000445,0.019138,0.000640,0.000185,0.000119,0.005682,0.005682,0.014214,0.003401,0.000056,0.014369,0.003538,0.000119,0.005682,0.000726,0.005682,0.014205,0.000697,0.014369,0.000119,0.000040,0.000056,0.003183,0.005605,0.005605,0.005605,0.005605,0.000000,0.000040,0.000056,0.000697,0.003401,0.000697,0.000043,0.014205,0.000119,0.003348,0.000119,0.000040,0.003401,0.003401,0.000056,0.014214,0.005605,0.003257,0.003401,0.003401,0.003401,0.003401,0.000119,0.003401,0.000119,0.005682,0.003348,0.000697,0.003348,0.000697,0.019138,0.003538,0.005682,0.003348,0.000000,0.000000,0.000640,0.000119,0.000697,0.003401,0.003401,0.000697,0.003401,0.000056,0.014263,0.019138,0.005682,0.005605,0.000652,0.000591,0.000632,0.004597,0.005230,0.002416,0.002565,0.005307,0.002648,0.002355,0.002587,0.002731,0.002648,0.002616,0.002908,0.002695,0.000506,0.002646,0.002914,0.000652,0.003344,0.002931,0.002928,0.000664,0.000512,0.002909,0.000516,0.002908,0.002683,0.004635,0.007669,0.002379,0.000582,0.000521,0.000207,0.000143,0.002601,0.000279,0.002644,0.005133,0.000143,0.000177
continue,0.000000,0.000107,0.003681,0.000144,0.003626,0.000000,0.000275,0.009855,0.003681,0.022777,0.000002,0.003651,0.000105,0.003681,0.000000,0.000275,0.003626,0.000002,0.000002,0.009855,0.006511,1.004221,0.016904,0.000107,0.006511,0.016904,0.000000,0.000107,0.022777,0.022777,0.000333,0.000144,0.000000,0.000275,0.000063,0.000107,0.022777,0.003626,0.022777,0.000275,0.003681,0.000275,0.000107,0.000002,0.000000,0.000073,0.009855,0.009855,0.009855,0.009855,0.000000,0.000002,0.000000,0.003681,0.000144,0.003681,0.000000,0.000275,0.000107,0.000105,0.000107,0.000002,0.000144,0.000144,0.000000,0.000333,0.009855,0.000063,0.000144,0.000144,0.000144,0.000144,0.000107,0.000144,0.000107,0.022777,0.000105,0.003681,0.000105,0.003681,0.006511,0.000063,0.022777,0.000105,0.000000,0.000000,0.016904,0.000107,0.003681,0.000144,0.000144,0.003681,0.000144,0.000000,0.000307,0.006511,0.022777,0.009855,0.002953,0.002818,0.003428,0.002620,0.002863,0.002606,0.000410,0.000221,0.000283,0.000354,0.000286,0.002788,0.000283,0.000417,0.000469,0.002999,0.000422,0.000286,0.000473,0.002953,0.000354,0.000312,0.000311,0.003443,0.000498,0.000487,0.000502,0.000490,0.000371,0.000260,0.000288,0.006105,0.012969,0.012923,0.000199,0.000052,0.000109,0.000081,0.000101,0.000164,0.000075,0.000227
defer_cleanup,0.000000,0.000208,0.004228,0.000138,0.004156,0.000000,0.000053,0.005010,0.004228,0.021813,0.000003,0.004188,0.000072,0.004228,0.000000,0.000053,0.004156,0.000003,0.000003,0.005010,0.000946,0.021813,1.004268,0.000208,0.000946,0.028082,0.000000,0.000208,0.021813,0.021813,0.000128,0.000138,0.000000,0.000053,0.000032,0.000208,0.021813,0.004156,0.021813,0.000053,0.004228,0.000053,0.000208,0.000003,0.000000,0.000031,0.005010,0.005010,0.005010,0.005010,0.000000,0.000003,0.000000,0.004228,0.000138,0.004228,0.000000,0.000053,0.000208,0.000072,0.000208,0.000003,0.000138,0.000138,0.000000,0.000128,0.005010,0.000032,0.000138,0.000138,0.000138,0.000138,0.000208,0.000138,0.000208,0.021813,0.000072,0.004228,0.000072,0.004228,0.000946,0.000032,0.021813,0.000072,0.000000,0.000000,0.028082,0.000208,0.004228,0.000138,0.000138,0.004228,0.000138,0.000000,0.000094,0.000946,0.021813,0.005010,0.003563,0.003523,0.004128,0.003056,0.003443,0.003112,0.000399,0.000228,0.000297,0.000333,0.000319,0.003406,0.000297,0.000399,0.000442,0.003583,0.000465,0.000304,0.000447,0.003555,0.000367,0.000328,0.000326,0.004135,0.000489,0.000465,0.000495,0.000453,0.000373,0.000240,0.000195,0.014598,0.023216,0.023139,0.000252,0.000094,0.000131,0.000157,0.000105,0.000130,0.000135,0.000287
dynamic_dispatch,0.000235,0.019503,0.000474,0.000514,0.000413,0.000771,0.007310,0.000334,0.000474,0.000131,0.000239,0.000410,0.000313,0.000474,0.000771,0.007310,0.000413,0.000239,0.000239,0.000334,0.000627,0.000131,0.000198,1.003265,0.000627,0.000198,0.000235,0.020108,0.000131,0.000131,0.000703,0.000514,0.000326,0.007310,0.007054,0.020108,0.000131,0.000413,0.000131,0.000708,0.000474,0.007310,0.020108,0.000239,0.000326,0.000407,0.000334,0.000334,0.000334,0.000334,0.000771,0.000239,0.000326,0.000474,0.000514,0.000474,0.000173,0.000708,0.020108,0.000313,0.020108,0.000239,0.000514,0.000514,0.000326,0.000703,0.000334,0.000546,0.000514,0.000514,0.000514,0.000514,0.020108,0.000514,0.019436,0.000131,0.000313,0.000474,0.000313,0.000474,0.000627,0.007054,0.000131,0.000313,0.000771,0.000771,0.000198,0.020108,0.000474,0.000514,0.000514,0.000474,0.000514,0.000326,0.000706,0.000627,0.000131,0.000334,0.003317,0.007036,0.003759,0.000531,0.003449,0.003092,0.003484,0.003448,0.003382,0.002972,0.007127,0.003450,0.003382,0.003529,0.004015,0.003588,0.007162,0.003519,0.004020,0.003438,0.004685,0.004001,0.003994,0.003935,0.004584,0.004078,0.004588,0.004044,0.013790,0.012897,0.009917,0.006971,0.003593,0.003477,0.007056,0.003722,0.003897,0.006850,0.003708,0.003413,0.003633,0.015528
enum,0.000185,0.000162,0.000697,0.003401,0.000726,0.000000,0.014369,0.005605,0.000697,0.005682,0.000040,0.000694,0.003348,0.000697,0.000000,0.014369,0.000726,0.000040,0.000040,0.005605,0.019138,0.005682,0.000640,0.000445,1.002908,0.000640,0.000185,0.000119,0.005682,0.005682,0.014214,0.003401,0.000056,0.014369,0.003538,0.000119,0.005682,0.000726,0.005682,0.014205,0.000697,0.014369,0.000119,0.000040,0.000056,0.003183,0.005605,0.005605,0.005605,0.005605,0.000000,0.000040,0.000056,0.000697,0.003401,0.000697,0.000043,0.014205,0.000119,0.003348,0.000119,0.000040,0.003401,0.003401,0.000056,0.014214,0.005605,0.003257,0.003401,0.003401,0.003401,0.003401,0.000119,0.003401,0.000119,0.005682,0.003348,0.000697,0.003348,0.000697,0.019138,0.003538,0.005682,0.003348,0.000000,0.000000,0.000640,0.000119,0.000697,0.003401,0.003401,0.000697,0.003401,0.000056,0.014263,0.019138,0.005682,0.005605,0.000652,0.000591,0.000632,0.004597,0.005230,0.002416,0.002565,0.005307,0.002648,0.002355,0.002587,0.002731,0.002648,0.002616,0.002908,0.002695,0.000506,0.002646,0.002914,0.000652,0.003344,0.002931,0.002928,0.000664,0.000512,0.002909,0.000516,0.002908,0.002683,0.004635,0.007669,0.002379,0.000582,0.000521,0.000207,0.000143,0.002601,0.000279,0.002644,0.005133,0.000143,0.000177
exception_try,0.000000,0.000208,0.004228,0.000138,0.004156,0.000000,0.000053,0.005010,0.004228,0.021813,0.000003,0.004188,0.000072,0.004228,0.000000,0.000053,0.004156,0.000003,0.000003,0.005010,0.000946,0.021813,0.028082,0.000208,0.000946,1.004268,0.000000,0.000208,0.021813,0.021813,0.000128,0.000138,0.000000,0.000053,0.000032,0.000208,0.021813,0.004156,0.021813,0.000053,0.004228,0.000053,0.000208,0.000003,0.000000,0.000031,0.005010,0.005010,0.005010,0.005010,0.000000,0.000003,0.000000,0.004228,0.000138,0.004228,0.000000,0.000053,0.000208,0.000072,0.000208,0.000003,0.000138,0.000138,0.000000,0.000128,0.005010,0.000032,0.000138,0.000138,0.000138,0.000138,0.000208,0.000138,0.000208,0.021813,0.000072,0.004228,0.000072,0.004228,0.000946,0.000032,0.021813,0.000072,0.000000,0.000000,0.028082,0.000208,0.004228,0.000138,0.000138,0.004228,0.000138,0.000000,0.000094,0.000946,0.021813,0.005010,0.003563,0.003523,0.004128,0.003056,0.003443,0.003112,0.000399,0.000228,0.000297,0.000333,0.000319,0.003406,0.000297,0.000399,0.000442,0.003583,0.000465,0.000304,0.000447,0.003555,0.000367,0.000328,0.000326,0.004135,0.000489,0.000465,0.000495,0.000453,0.000373,0.000240,0.000195,0.014598,0.023216,0.023139,0.000252,0.000094,0.000131,0.000157,0.000105,0.000130,0.000135,0.000287
ffi,0.053228,0.002587,0.000022,0.000089,0.000022,0.000000,0.000526,0.000022,0.000022,0.000000,0.000113,0.000022,0.000146,0.000022,0.000000,0.000526,0.000022,0.000113,0.000113,0.000022,0.000526,0.000000,0.000000,0.000474,0.000526,0.000000,1.008448,0.000474,0.000000,0.000000,0.000526,0.000089,0.041911,0.000526,0.000089,0.000474,0.000000,0.000022,0.000000,0.014544,0.000022,0.000526,0.000474,0.000113,0.041911,0.002259,0.000022,0.000022,0.000022,0.000022,0.000000,0.000113,0.041911,0.000022,0.000089,0.000022,0.002114,0.014544,0.000474,0.000146,0.000474,0.000113,0.000089,0.000089,0.041911,0.000526,0.000022,0.002203,0.000089,0.000089,0.000089,0.000089,0.000474,0.000089,0.000474,0.000000,0.000146,0.000022,0.000146,0.000022,0.000526,0.000089,0.000000,0.000146,0.000000,0.000000,0.000000,0.000474,0.000022,0.000089,0.000089,0.000022,0.000089,0.041911,0.000526,0.000526,0.000000,0.000022,0.000302,0.000428,0.000300,0.000257,0.000521,0.000396,0.000421,0.000457,0.000396,0.000207,0.000493,0.000372,0.000396,0.000307,0.000351,0.000331,0.000387,0.000307,0.000351,0.000264,0.000409,0.000351,0.000351,0.000306,0.000356,0.000385,0.000354,0.000414,0.000430,0.000676,0.000658,0.000423,0.000272,0.000105,0.016259,0.032933,0.009474,0.038871,0.021444,0.014700,0.000400,0.000444
filesystem,0.000222,0.019075,0.000426,0.000233,0.000367,0.008212,0.000313,0.000292,0.000426,0.000125,0.000208,0.000364,0.000212,0.000426,0.008212,0.000313,0.000367,0.000208,0.000208,0.000292,0.000159,0.000125,0.000188,0.019053,0.000159,0.000188,0.000222,1.004663,0.000125,0.000125,0.000231,0.000233,0.000309,0.000313,0.000254,0.026209,0.000125,0.000367,0.000125,0.000236,0.000426,0.000313,0.026209,0.000208,0.000309,0.000300,0.000292,0.000292,0.000292,0.000292,0.008212,0.000208,0.000309,0.000426,0.000233,0.000426,0.001254,0.000236,0.026209,0.000212,0.026209,0.000208,0.000233,0.000233,0.000309,0.000231,0.000292,0.000263,0.000233,0.000233,0.000233,0.000233,0.026209,0.000233,0.019011,0.000125,0.000212,0.000426,0.000212,0.000426,0.000159,0.000254,0.000125,0.000212,0.008212,0.008212,0.000188,0.026209,0.000426,0.000233,0.000233,0.000426,0.000233,0.000309,0.000234,0.000159,0.000125,0.000292,0.003215,0.006859,0.003652,0.000378,0.003201,0.002868,0.003209,0.003161,0.003219,0.002810,0.006818,0.003238,0.003219,0.003242,0.003722,0.003363,0.006922,0.003207,0.003731,0.003291,0.004372,0.003693,0.003687,0.003797,0.004429,0.003822,0.004433,0.003815,0.006891,0.005972,0.002939,0.006690,0.003489,0.003387,0.006879,0.003612,0.003649,0.006668,0.003495,0.003119,0.003506,0.021766
for,0.000000,0.000107,0.003681,0.000144,0.003626,0.000000,0.000275,0.009855,0.003681,0.022777,0.000002,0.003651,0.000105,0.003681,0.000000,0.000275,0.003626,0.000002,0.000002,0.009855,0.006511,0.022777,0.016904,0.000107,0.006511,0.016904,0.000000,0.000107,1.004221,0.022777,0.000333,0.000144,0.000000,0.000275,0.000063,0.000107,0.022777,0.003626,0.022777,0.000275,0.003681,0.000275,0.000107,0.000002,0.000000,0.000073,0.009855,0.009855,0.009855,0.009855,0.000000,0.000002,0.000000,0.003681,0.000144,0.003681,0.000000,0.000275,0.000107,0.000105,0.000107,0.000002,0.000144,0.000144,0.000000,0.000333,0.009855,0.000063,0.000144,0.000144,0.000144,0.000144,0.000107,0.000144,0.000107,0.022777,0.000105,0.003681,0.000105,0.003681,0.006511,0.000063,0.022777,0.000105,0.000000,0.000000,0.016904,0.000107,0.003681,0.000144,0.000144,0.003681,0.000144,0.000000,0.000307,0.006511,0.022777,0.009855,0.002953,0.002818,0.003428,0.002620,0.002863,0.002606,0.000410,0.000221,0.000283,0.000354,0.000286,0.002788,0.000283,0.000417,0.000469,0.002999,0.000422,0.000286,0.000473,0.002953,0.000354,0.000312,0.000311,0.003443,0.000498,0.000487,0.000502,0.000490,0.000371,0.000260,0.000288,0.006105,0.012969,0.012923,0.000199,0.000052,0.000109,0.000081,0.000101,0.000164,0.000075,0.000227
foreach_iteration,0.000000,0.000107,0.003681,0.000144,0.003626,0.000000,0.000275,0.009855,0.003681,0.022777,0.000002,0.003651,0.000105,0.003681,0.000000,0.000275,0.003626,0.000002,0.000002,0.009855,0.006511,0.022777,0.016904,0.000107,0.006511,0.016904,0.000000,0.000107,0.022777,1.004221,0.000333,0.000144,0.000000,0.000275,0.000063,0.000107,0.022777,0.003626,0.022777,0.000275,0.003681,0.000275,0.000107,0.000002,0.000000,0.000073,0.009855,0.009855,0.009855,0.009855,0.000000,0.000002,0.000000,0.003681,0.000144,0.003681,0.000000,0.000275,0.000107,0.000105,0.000107,0.000002,0.000144,0.000144,0.000000,0.000333,0.009855,0.000063,0.000144,0.000144,0.000144,0.000144,0.000107,0.000144,0.000107,0.022777,0.000105,0.003681,0.000105,0.003681,0.006511,0.000063,0.022777,0.000105,0.000000,0.000000,0.016904,0.000107,0.003681,0.000144,0.000144,0.003681,0.000144,0.000000,0.000307,0.006511,0.022777,0.009855,0.002953,0.002818,0.003428,0.002620,0.002863,0.002606,0.000410,0.000221,0.000283,0.000354,0.000286,0.002788,0.000283,0.000417,0.000469,0.002999,0.000422,0.000286,0.000473,0.002953,0.000354,0.000312,0.000311,0.003443,0.000498,0.000487,0.000502,0.000490,0.000371,0.000260,0.000288,0.006105,0.012969,0.012923,0.000199,0.000052,0.000109,0.000081,0.000101,0.000164,0.000075,0.000227
function,0.000216,0.000253,0.000562,0.003953,0.000595,0.000000,0.016699,0.000607,0.000562,0.000339,0.000063,0.005976,0.003934,0.000562,0.000000,0.016699,0.000595,0.000063,0.000063,0.000607,0.016606,0.000339,0.000101,0.000583,0.016606,0.000101,0.000216,0.000202,0.000339,0.000339,1.002998,0.003953,0.000065,0.016699,0.004113,0.000202,0.000339,0.000595,0.000339,0.016507,0.000562,0.016699,0.000202,0.000063,0.000065,0.003741,0.000607,0.000607,0.000607,0.000607,0.000000,0.000063,0.000065,0.000562,0.003953,0.000562,0.000051,0.016507,0.000202,0.003934,0.000202,0.000063,0.003953,0.003953,0.000065,0.021907,0.000607,0.003785,0.003953,0.003953,0.003953,0.003953,0.000202,0.003953,0.000202,0.000339,0.003934,0.000562,0.003934,0.000562,0.016606,0.004113,0.000339,0.003934,0.000000,0.000000,0.000101,0.000202,0.000562,0.003953,0.003953,0.000562,0.003953,0.000065,0.016575,0.016606,0.000339,0.000607,0.006188,0.006137,0.006115,0.010750,0.011518,0.008222,0.008451,0.006283,0.003208,0.002790,0.003092,0.003191,0.003208,0.003059,0.003403,0.003048,0.000609,0.003098,0.003407,0.000669,0.003915,0.003431,0.003428,0.000671,0.000600,0.003393,0.000613,0.003420,0.003146,0.005463,0.008971,0.002620,0.000252,0.000153,0.000294,0.000212,0.003091,0.000374,0.003144,0.006084,0.000251,0.000267
function_type,0.000026,0.000204,0.005213,0.016657,0.000504,0.000000,0.002927,0.000523,0.005213,0.000104,0.000008,0.000514,0.000100,0.005213,0.000000,0.002927,0.000504,0.000008,0.000008,0.000523,0.002810,0.000104,0.000077,0.000301,0.002810,0.000077,0.000026,0.000144,0.000104,0.000104,0.002796,1.003209,0.000065,0.002927,0.012044,0.000144,0.000104,0.000504,0.000104,0.002789,0.005213,0.002927,0.000144,0.000008,0.000065,0.000144,0.000523,0.000523,0.000523,0.000523,0.000000,0.000008,0.000065,0.005213,0.016657,0.005213,0.000061,0.002789,0.000144,0.000100,0.000144,0.000008,0.016657,0.016657,0.000065,0.002796,0.000523,0.011952,0.016657,0.016657,0.016657,0.016657,0.000144,0.016657,0.000144,0.000104,0.000100,0.005213,0.000100,0.005213,0.002810,0.012044,0.000104,0.000100,0.000000,0.000000,0.000077,0.000144,0.005213,0.016657,0.016657,0.005213,0.016657,0.000065,0.002788,0.002810,0.000104,0.000523,0.000360,0.000289,0.000418,0.000322,0.000398,0.000442,0.002212,0.002004,0.000264,0.000277,0.000341,0.000394,0.000264,0.009237,0.007278,0.007054,0.006823,0.012304,0.007307,0.006896,0.007693,0.010008,0.009994,0.005258,0.005234,0.007313,0.005235,0.005217,0.002350,0.000505,0.002122,0.001929,0.000185,0.000082,0.000263,0.000177,0.002292,0.000134,0.000200,0.000256,0.000122,0.000219
gc,0.035330,0.013833,0.000039,0.000188,0.000039,0.000408,0.000133,0.000039,0.000039,0.000000,0.000058,0.000039,0.000230,0.000039,0.000408,0.000133,0.000039,0.000058,0.000058,0.000039,0.000133,0.000000,0.000000,0.000555,0.000133,0.000000,0.035330,0.000555,0.000000,0.000000,0.000133,0.000188,1.009693,0.000133,0.000188,0.000555,0.000000,0.000039,0.000000,0.001035,0.000039,0.000133,0.000555,0.000058,0.047728,0.013431,0.000039,0.000039,0.000039,0.000039,0.000408,0.000058,0.047728,0.000039,0.000188,0.000039,0.013362,0.001035,0.000555,0.000230,0.000555,0.000058,0.000188,0.000188,0.047728,0.000133,0.000039,0.013503,0.000188,0.000188,0.000188,0.000188,0.000555,0.000188,0.000555,0.000000,0.000230,0.000039,0.000230,0.000039,0.000133,0.000188,0.000000,0.000230,0.000408,0.000408,0.000000,0.000555,0.000039,0.000188,0.000188,0.000039,0.000188,0.047728,0.000133,0.000133,0.000000,0.000039,0.000296,0.000432,0.000300,0.000109,0.000312,0.000272,0.000348,0.000417,0.000401,0.000241,0.000420,0.000296,0.000401,0.000307,0.000321,0.000323,0.000421,0.000347,0.000321,0.000284,0.000377,0.000355,0.000355,0.000312,0.000366,0.000383,0.000362,0.000351,0.000416,0.000399,0.000353,0.000404,0.000250,0.000111,0.025748,0.040076,0.019772,0.022620,0.007161,0.001275,0.000316,0.000524
generic,0.000216,0.000325,0.000375,0.004138,0.000409,0.000000,0.022307,0.000420,0.000375,0.000281,0.000064,0.000371,0.003928,0.000375,0.000000,0.022307,0.000409,0.000064,0.000064,0.000420,0.016787,0.000281,0.000042,0.006062,0.016787,0.000042,0.000216,0.000274,0.000281,0.000281,0.016699,0.004138,0.000065,1.003398,0.009725,0.000274,0.000281,0.000409,0.000281,0.016688,0.000375,0.022307,0.000274,0.000064,0.000065,0.003736,0.000420,0.000420,0.000420,0.000420,0.000000,0.000064,0.000065,0.000375,0.004138,0.000375,0.000051,0.016688,0.000274,0.003928,0.000274,0.000064,0.004138,0.004138,0.000065,0.016699,0.000420,0.003970,0.004138,0.004138,0.004138,0.004138,0.000274,0.004138,0.000274,0.000281,0.003928,0.000375,0.003928,0.000375,0.016787,0.009725,0.000281,0.003928,0.000000,0.000000,0.000042,0.000274,0.000375,0.004138,0.004138,0.000375,0.004138,0.000065,0.016756,0.016787,0.000281,0.000420,0.000530,0.000564,0.000458,0.005171,0.005984,0.002688,0.003028,0.006292,0.003100,0.002724,0.003100,0.003075,0.003100,0.003095,0.003411,0.002973,0.000605,0.003212,0.003414,0.000565,0.003981,0.003520,0.003517,0.000514,0.000527,0.003391,0.000532,0.003368,0.008636,0.010972,0.014532,0.002670,0.000181,0.000103,0.000264,0.000204,0.003140,0.000392,0.003167,0.006096,0.000222,0.000262
generic_constraint,0.000037,0.000312,0.000930,0.017276,0.000146,0.000000,0.009865,0.000173,0.000930,0.000065,0.000028,0.000161,0.000212,0.000930,0.000000,0.009865,0.000146,0.000028,0.000028,0.000173,0.004193,0.000065,0.000026,0.005935,0.004193,0.000026,0.000037,0.000225,0.000065,0.000065,0.004173,0.017276,0.000093,0.009865,1.002939,0.000225,0.000065,0.000146,0.000065,0.004163,0.000930,0.009865,0.000225,0.000028,0.000093,0.000275,0.000173,0.000173,0.000173,0.000173,0.000000,0.000028,0.000093,0.000930,0.017276,0.000930,0.000087,0.004163,0.000225,0.000212,0.000225,0.000028,0.017276,0.017276,0.000093,0.004173,0.000173,0.016482,0.017276,0.017276,0.017276,0.017276,0.000225,0.017276,0.000225,0.000065,0.000212,0.000930,0.000212,0.000930,0.004193,0.022116,0.000065,0.000212,0.000000,0.000000,0.000026,0.000225,0.000930,0.017276,0.017276,0.000930,0.017276,0.000093,0.004161,0.004193,0.000065,0.000173,0.000180,0.000201,0.000192,0.000332,0.000451,0.000389,0.002822,0.002803,0.000275,0.000257,0.000398,0.000353,0.000275,0.006719,0.004027,0.003560,0.003394,0.011012,0.004040,0.003348,0.004618,0.007825,0.007816,0.001031,0.001062,0.003985,0.001061,0.001188,0.008556,0.006260,0.008503,0.002657,0.000131,0.000069,0.000242,0.000197,0.003144,0.000170,0.000321,0.000473,0.000137,0.000197
global_state,0.000222,0.019075,0.000426,0.000233,0.000367,0.008212,0.000313,0.000292,0.000426,0.000125,0.000208,0.000364,0.000212,0.000426,0.008212,0.000313,0.000367,0.000208,0.000208,0.000292,0.000159,0.000125,0.000188,0.019053,0.000159,0.000188,0.000222,0.026209,0.000125,0.000125,0.000231,0.000233,0.000309,0.000313,0.000254,1.004663,0.000125,0.000367,0.000125,0.000236,0.000426,0.000313,0.026209,0.000208,0.000309,0.000300,0.000292,0.000292,0.000292,0.000292,0.008212,0.000208,0.000309,0.000426,0.000233,0.000426,0.001254,0.000236,0.026209,0.000212,0.026209,0.000208,0.000233,0.000233,0.000309,0.000231,0.000292,0.000263,0.000233,0.000233,0.000233,0.000233,0.026209,0.000233,0.019011,0.000125,0.000212,0.000426,0.000212,0.000426,0.000159,0.000254,0.000125,0.000212,0.008212,0.008212,0.000188,0.026209,0.000426,0.000233,0.000233,0.000426,0.000233,0.000309,0.000234,0.000159,0.000125,0.000292,0.003215,0.006859,0.003652,0.000378,0.003201,0.002868,0.003209,0.003161,0.003219,0.002810,0.006818,0.003238,0.003219,0.003242,0.003722,0.003363,0.006922,0.003207,0.003731,0.003291,0.004372,0.003693,0.003687,0.003797,0.004429,0.003822,0.004433,0.003815,0.006891,0.005972,0.002939,0.006690,0.003489,0.003387,0.006879,0.003612,0.003649,0.006668,0.003495,0.003119,0.003506,0.021766
goto_label,0.000000,0.000107,0.003681,0.000144,0.003626,0.000000,0.000275,0.009855,0.003681,0.022777,0.000002,0.003651,0.000105,0.003681,0.000000,0.000275,0.003626,0.000002,0.000002,0.009855,0.006511,0.022777,0.016904,0.000107,0.006511,0.016904,0.000000,0.000107,0.022777,0.022777,0.000333,0.000144,0.000000,0.000275,0.000063,0.000107,1.004221,0.003626,0.022777,0.000275,0.003681,0.000275,0.000107,0.000002,0.000000,0.000073,0.009855,0.009855,0.009855,0.009855,0.000000,0.000002,0.000000,0.003681,0.000144,0.003681,0.000000,0.000275,0.000107,0.000105,0.000107,0.000002,0.000144,0.000144,0.000000,0.000333,0.009855,0.000063,0.000144,0.000144,0.000144,0.000144,0.000107,0.000144,0.000107,0.022777,0.000105,0.003681,0.000105,0.003681,0.006511,0.000063,0.022777,0.000105,0.000000,0.000000,0.016904,0.000107,0.003681,0.000144,0.000144,0.003681,0.000144,0.000000,0.000307,0.006511,0.022777,0.009855,0.002953,0.002818,0.003428,0.002620,0.002863,0.002606,0.000410,0.000221,0.000283,0.000354,0.000286,0.002788,0.000283,0.000417,0.000469,0.002999,0.000422,0.000286,0.000473,0.002953,0.000354,0.000312,0.000311,0.003443,0.000498,0.000487,0.000502,0.000490,0.000371,0.000260,0.000288,0.006105,0.012969,0.012923,0.000199,0.000052,0.000109,0.000081,0.000101,0.000164,0.000075,0.000227
identifier,0.000006,0.000212,0.011498,0.000471,0.014948,0.000007,0.000270,0.011398,0.011498,0.002442,0.000013,0.011218,0.004384,0.011498,0.000007,0.000270,0.014948,0.000013,0.000013,0.011398,0.000561,0.002442,0.002169,0.000226,0.000561,0.002169,0.000006,0.000212,0.002442,0.002442,0.000393,0.000471,0.000013,0.000270,0.000095,0.000212,0.002442,1.002371,0.002442,0.000249,0.011498,0.000270,0.000212,0.000013,0.000013,0.000575,0.011398,0.011398,0.011398,0.011398,0.000007,0.000013,0.000013,0.011498,0.000471,0.011498,0.000007,0.000249,0.000212,0.004384,0.000212,0.000013,0.000471,0.000471,0.000013,0.000393,0.011398,0.000081,0.000471,0.000471,0.000471,0.000471,0.000212,0.000471,0.000205,0.002442,0.004384,0.011498,0.004384,0.011498,0.000561,0.000095,0.002442,0.004384,0.000007,0.000007,0.002169,0.000212,0.011498,0.000471,0.000471,0.011498,0.000471,0.000013,0.004098,0.000561,0.002442,0.011398,0.006056,0.003770,0.007049,0.005247,0.003736,0.005253,0.003571,0.004500,0.005903,0.007129,0.005773,0.007602,0.005903,0.003818,0.004362,0.006290,0.003858,0.002047,0.004373,0.006234,0.002577,0.002270,0.002264,0.007380,0.005144,0.004437,0.005155,0.004549,0.003454,0.001616,0.001607,0.000380,0.001992,0.001907,0.001605,0.000144,0.000213,0.000159,0.000166,0.000447,0.000175,0.001826
if,0.000000,0.000107,0.003681,0.000144,0.003626,0.000000,0.000275,0.009855,0.003681,0.022777,0.000002,0.003651,0.000105,0.003681,0.000000,0.000275,0.003626,0.000002,0.000002,0.009855,0.006511,0.022777,0.016904,0.000107,0.006511,0.016904,0.000000,0.000107,0.022777,0.022777,0.000333,0.000144,0.000000,0.000275,0.000063,0.000107,0.022777,0.003626,1.004221,0.000275,0.003681,0.000275,0.000107,0.000002,0.000000,0.000073,0.009855,0.009855,0.009855,0.009855,0.000000,0.000002,0.000000,0.003681,0.000144,0.003681,0.000000,0.000275,0.000107,0.000105,0.000107,0.000002,0.000144,0.000144,0.000000,0.000333,0.009855,0.000063,0.000144,0.000144,0.000144,0.000144,0.000107,0.000144,0.000107,0.022777,0.000105,0.003681,0.000105,0.003681,0.006511,0.000063,0.022777,0.000105,0.000000,0.000000,0.016904,0.000107,0.003681,0.000144,0.000144,0.003681,0.000144,0.000000,0.000307,0.006511,0.022777,0.009855,0.002953,0.002818,0.003428,0.002620,0.002863,0.002606,0.000410,0.000221,0.000283,0.000354,0.000286,0.002788,0.000283,0.000417,0.000469,0.002999,0.000422,0.000286,0.000473,0.002953,0.000354,0.000312,0.000311,0.003443,0.000498,0.000487,0.000502,0.000490,0.000371,0.000260,0.000288,0.006105,0.012969,0.012923,0.000199,0.000052,0.000109,0.000081,0.000101,0.000164,0.000075,0.000227
import,0.006259,0.000269,0.000360,0.004133,0.000395,0.000000,0.017490,0.000408,0.000360,0.000294,0.000083,0.000355,0.004099,0.000360,0.000000,0.017490,0.000395,0.000083,0.000083,0.000408,0.017393,0.000294,0.000044,0.000615,0.017393,0.000044,0.006259,0.000216,0.000294,0.000294,0.017301,0.004133,0.000528,0.017490,0.004301,0.000216,0.000294,0.000395,0.000294,1.003208,0.000360,0.017490,0.000216,0.000083,0.000528,0.003897,0.000408,0.000408,0.000408,0.000408,0.000000,0.000083,0.000528,0.000360,0.004133,0.000360,0.000053,0.023009,0.000216,0.004099,0.000216,0.000083,0.004133,0.004133,0.000528,0.017301,0.000408,0.003957,0.004133,0.004133,0.004133,0.004133,0.000216,0.004133,0.000216,0.000294,0.004099,0.000360,0.004099,0.000360,0.017393,0.004301,0.000294,0.004099,0.000000,0.000000,0.000044,0.000216,0.000360,0.004133,0.004133,0.000360,0.004133,0.000528,0.017361,0.017393,0.000294,0.000408,0.000565,0.000589,0.000475,0.005389,0.006234,0.002771,0.003080,0.006518,0.003244,0.002804,0.003188,0.003188,0.003244,0.003110,0.003451,0.003029,0.000564,0.003208,0.003458,0.000549,0.004050,0.003551,0.003548,0.000514,0.000524,0.003452,0.000528,0.003470,0.003207,0.005723,0.009387,0.002719,0.000195,0.000091,0.000429,0.000602,0.003320,0.006407,0.009143,0.012102,0.000256,0.000223
index,0.000005,0.000200,0.012726,0.003952,0.009330,0.000006,0.000201,0.009479,0.012726,0.002012,0.000010,0.009333,0.000183,0.012726,0.000006,0.000201,0.009330,0.000010,0.000010,0.009479,0.000437,0.002012,0.001791,0.000211,0.000437,0.001791,0.000005,0.000200,0.002012,0.002012,0.000301,0.003952,0.000010,0.000201,0.000492,0.000200,0.002012,0.009330,0.002012,0.000184,1.002497,0.000201,0.000200,0.000010,0.000010,0.000080,0.009479,0.009479,0.009479,0.009479,0.000006,0.000010,0.000010,0.012726,0.003952,0.012726,0.000005,0.000184,0.000200,0.000183,0.000200,0.000010,0.003952,0.003952,0.000010,0.000301,0.009479,0.000480,0.003952,0.003952,0.003952,0.003952,0.000200,0.003952,0.000194,0.002012,0.000183,0.012726,0.000183,0.012726,0.000437,0.000492,0.002012,0.000183,0.000006,0.000006,0.001791,0.000200,0.012726,0.003952,0.003952,0.012726,0.003952,0.000010,0.000292,0.000437,0.002012,0.009479,0.004958,0.003045,0.005871,0.004187,0.003035,0.004322,0.003107,0.000440,0.001534,0.002600,0.001565,0.003072,0.001534,0.006584,0.006961,0.008557,0.006501,0.005214,0.006984,0.008481,0.005521,0.005335,0.005325,0.009377,0.007546,0.007044,0.007554,0.006926,0.003014,0.001301,0.001380,0.000394,0.001672,0.001560,0.001362,0.000145,0.000288,0.000148,0.000157,0.000214,0.000162,0.001546
interface_trait,0.000216,0.000325,0.000375,0.004138,0.000409,0.000000,0.022307,0.000420,0.000375,0.000281,0.000064,0.000371,0.003928,0.000375,0.000000,0.022307,0.000409,0.000064,0.000064,0.000420,0.016787,0.000281,0.000042,0.006062,0.016787,0.000042,0.000216,0.000274,0.000281,0.000281,0.016699,0.004138,0.000065,0.022307,0.009725,0.000274,0.000281,0.000409,0.000281,0.016688,0.000375,1.003398,0.000274,0.000064,0.000065,0.003736,0.000420,0.000420,0.000420,0.000420,0.000000,0.000064,0.000065,0.000375,0.004138,0.000375,0.000051,0.016688,0.000274,0.003928,0.000274,0.000064,0.004138,0.004138,0.000065,0.016699,0.000420,0.003970,0.004138,0.004138,0.004138,0.004138,0.000274,0.004138,0.000274,0.000281,0.003928,0.000375,0.003928,0.000375,0.016787,0.009725,0.000281,0.003928,0.000000,0.000000,0.000042,0.000274,0.000375,0.004138,0.004138,0.000375,0.004138,0.000065,0.016756,0.016787,0.000281,0.000420,0.000530,0.000564,0.000458,0.005171,0.005984,0.002688,0.003028,0.006292,0.003100,0.002724,0.003100,0.003075,0.003100,0.003095,0.003411,0.002973,0.000605,0.003212,0.003414,0.000565,0.003981,0.003520,0.003517,0.000514,0.000527,0.003391,0.000532,0.003368,0.008636,0.010972,0.014532,0.002670,0.000181,0.000103,0.000264,0.000204,0.003140,0.000392,0.003167,0.006096,0.000222,0.000262
io,0.000222,0.019075,0.000426,0.000233,0.000367,0.008212,0.000313,0.000292,0.000426,0.000125,0.000208,0.000364,0.000212,0.000426,0.008212,0.000313,0.000367,0.000208,0.000208,0.000292,0.000159,0.000125,0.000188,0.019053,0.000159,0.000188,0.000222,0.026209,0.000125,0.000125,0.000231,0.000233,0.000309,0.000313,0.000254,0.026209,0.000125,0.000367,0.000125,0.000236,0.000426,0.000313,1.004663,0.000208,0.000309,0.000300,0.000292,0.000292,0.000292,0.000292,0.008212,0.000208,0.000309,0.000426,0.000233,0.000426,0.001254,0.000236,0.026209,0.000212,0.026209,0.000208,0.000233,0.000233,0.000309,0.000231,0.000292,0.000263,0.000233,0.000233,0.000233,0.000233,0.026209,0.000233,0.019011,0.000125,0.000212,0.000426,0.000212,0.000426,0.000159,0.000254,0.000125,0.000212,0.008212,0.008212,0.000188,0.026209,0.000426,0.000233,0.000233,0.000426,0.000233,0.000309,0.000234,0.000159,0.000125,0.000292,0.003215,0.006859,0.003652,0.000378,0.003201,0.002868,0.003209,0.003161,0.003219,0.002810,0.006818,0.003238,0.003219,0.003242,0.003722,0.003363,0.006922,0.003207,0.003731,0.003291,0.004372,0.003693,0.003687,0.003797,0.004429,0.003822,0.004433,0.003815,0.006891,0.005972,0.002939,0.006690,0.003489,0.003387,0.006879,0.003612,0.003649,0.006668,0.003495,0.003119,0.003506,0.021766
ir,0.000123,0.000522,0.000051,0.000031,0.000051,0.000000,0.000169,0.000051,0.000051,0.000006,0.062903,0.000093,0.000049,0.000051,0.000000,0.000169,0.000051,0.062903,0.062903,0.000051,0.000126,0.000006,0.000006,0.000529,0.000126,0.000006,0.000123,0.000485,0.000006,0.000006,0.000168,0.000031,0.000075,0.000169,0.000075,0.000485,0.000006,0.000051,0.000006,0.000211,0.000051,0.000169,0.000485,1.014130,0.000075,0.000086,0.000051,0.000051,0.000051,0.000051,0.000000,0.062903,0.000075,0.000051,0.000031,0.000051,0.000037,0.000211,0.000485,0.000049,0.000485,0.062903,0.000031,0.000031,0.000075,0.000168,0.000051,0.000068,0.000031,0.000031,0.000031,0.000031,0.000485,0.000031,0.018448,0.000006,0.000049,0.000051,0.000049,0.000051,0.000126,0.000075,0.000006,0.000049,0.000000,0.000000,0.000006,0.000485,0.000051,0.000031,0.000031,0.000051,0.000031,0.000075,0.000126,0.000126,0.000006,0.000051,0.000392,0.000386,0.000359,0.000181,0.000398,0.006312,0.007175,0.000352,0.000320,0.000143,0.000363,0.000363,0.000320,0.000295,0.000343,0.000281,0.000294,0.000273,0.000341,0.000246,0.000368,0.000314,0.000314,0.000282,0.000319,0.000314,0.000319,0.000325,0.000394,0.006347,0.006338,0.000346,0.000247,0.000104,0.000320,0.000326,0.008232,0.000397,0.008269,0.007177,0.052967,0.000391
layout_alignment,0.035330,0.013833,0.000039,0.000188,0.000039,0.000408,0.000133,0.000039,0.000039,0.000000,0.000058,0.000039,0.000230,0.000039,0.000408,0.000133,0.000039,0.000058,0.000058,0.000039,0.000133,0.000000,0.000000,0.000555,0.000133,0.000000,0.035330,0.000555,0.000000,0.000000,0.000133,0.000188,0.047728,0.000133,0.000188,0.000555,0.000000,0.000039,0.000000,0.001035,0.000039,0.000133,0.000555,0.000058,1.009693,0.013431,0.000039,0.000039,0.000039,0.000039,0.000408,0.000058,0.047728,0.000039,0.000188,0.000039,0.013362,0.001035,0.000555,0.000230,0.000555,0.000058,0.000188,0.000188,0.047728,0.000133,0.000039,0.013503,0.000188,0.000188,0.000188,0.000188,0.000555,0.000188,0.000555,0.000000,0.000230,0.000039,0.000230,0.000039,0.000133,0.000188,0.000000,0.000230,0.000408,0.000408,0.000000,0.000555,0.000039,0.000188,0.000188,0.000039,0.000188,0.047728,0.000133,0.000133,0.000000,0.000039,0.000296,0.000432,0.000300,0.000109,0.000312,0.000272,0.000348,0.000417,0.000401,0.000241,0.000420,0.000296,0.000401,0.000307,0.000321,0.000323,0.000421,0.000347,0.000321,0.000284,0.000377,0.000355,0.000355,0.000312,0.000366,0.000383,0.000362,0.000351,0.000416,0.000399,0.000353,0.000404,0.000250,0.000111,0.025748,0.040076,0.019772,0.022620,0.007161,0.001275,0.000316,0.000524
lifetime,0.001423,0.009248,0.000229,0.000313,0.001336,0.000305,0.005732,0.000295,0.000229,0.000115,0.000049,0.000342,0.024624,0.000229,0.000305,0.005732,0.001336,0.000049,0.000049,0.000295,0.005706,0.000115,0.000038,0.000518,0.005706,0.000038,0.001423,0.000403,0.000115,0.000115,0.005741,0.000313,0.010038,0.005732,0.000417,0.000403,0.000115,0.001336,0.000115,0.005705,0.000229,0.005732,0.000403,0.000049,0.010038,1.003536,0.000295,0.000295,0.000295,0.000295,0.000305,0.000049,0.010038,0.000229,0.000313,0.000229,0.008908,0.005705,0.000403,0.024624,0.000403,0.000049,0.000313,0.000313,0.010038,0.005741,0.000295,0.009174,0.000313,0.000313,0.000313,0.000313,0.000403,0.000313,0.000403,0.000115,0.024624,0.000229,0.024624,0.000229,0.005706,0.000417,0.000115,0.024624,0.000305,0.000305,0.000038,0.000403,0.000229,0.000313,0.000313,0.000229,0.000313,0.010038,0.006740,0.005706,0.000115,0.000295,0.004028,0.004133,0.000574,0.007484,0.004269,0.003655,0.000626,0.016040,0.015986,0.013443,0.009670,0.009685,0.015986,0.000441,0.000481,0.000555,0.000455,0.000454,0.000481,0.000405,0.000542,0.000488,0.000488,0.000461,0.000463,0.000591,0.000471,0.004654,0.000613,0.003789,0.003879,0.000459,0.000239,0.000148,0.009761,0.010085,0.009613,0.001222,0.000739,0.008658,0.000299,0.000463
literal_boolean,0.000006,0.000159,0.011015,0.000461,0.010747,0.000007,0.000262,0.014479,0.011015,0.006259,0.000012,0.010751,0.000239,0.011015,0.000007,0.000262,0.010747,0.000012,0.000012,0.014479,0.004080,0.006259,0.002466,0.000172,0.004080,0.002466,0.000006,0.000159,0.006259,0.006259,0.000378,0.000461,0.000012,0.000262,0.000107,0.000159,0.006259,0.010747,0.006259,0.000242,0.011015,0.000262,0.000159,0.000012,0.000012,0.000120,1.002613,0.014479,0.014479,0.014479,0.000007,0.000012,0.000012,0.011015,0.000461,0.011015,0.000006,0.000242,0.000159,0.000239,0.000159,0.000012,0.000461,0.000461,0.000012,0.000378,0.014479,0.000093,0.000461,0.000461,0.000461,0.000461,0.000159,0.000461,0.000153,0.006259,0.000239,0.011015,0.000239,0.011015,0.004080,0.000107,0.006259,0.000239,0.000007,0.000007,0.002466,0.000159,0.011015,0.000461,0.000461,0.011015,0.000461,0.000012,0.000368,0.004080,0.006259,0.014479,0.005691,0.003482,0.006738,0.004898,0.003519,0.004946,0.003374,0.000410,0.001709,0.002946,0.001708,0.003504,0.001709,0.003614,0.004132,0.006011,0.003612,0.001922,0.004142,0.005948,0.002421,0.002132,0.002127,0.007041,0.004837,0.004183,0.004846,0.004180,0.003259,0.001442,0.001478,0.000461,0.002170,0.002096,0.001483,0.000111,0.000189,0.000118,0.000151,0.000244,0.000131,0.001688
literal_null,0.000006,0.000159,0.011015,0.000461,0.010747,0.000007,0.000262,0.014479,0.011015,0.006259,0.000012,0.010751,0.000239,0.011015,0.000007,0.000262,0.010747,0.000012,0.000012,0.014479,0.004080,0.006259,0.002466,0.000172,0.004080,0.002466,0.000006,0.000159,0.006259,0.006259,0.000378,0.000461,0.000012,0.000262,0.000107,0.000159,0.006259,0.010747,0.006259,0.000242,0.011015,0.000262,0.000159,0.000012,0.000012,0.000120,0.014479,1.002613,0.014479,0.014479,0.000007,0.000012,0.000012,0.011015,0.000461,0.011015,0.000006,0.000242,0.000159,0.000239,0.000159,0.000012,0.000461,0.000461,0.000012,0.000378,0.014479,0.000093,0.000461,0.000461,0.000461,0.000461,0.000159,0.000461,0.000153,0.006259,0.000239,0.011015,0.000239,0.011015,0.004080,0.000107,0.006259,0.000239,0.000007,0.000007,0.002466,0.000159,0.011015,0.000461,0.000461,0.011015,0.000461,0.000012,0.000368,0.004080,0.006259,0.014479,0.005691,0.003482,0.006738,0.004898,0.003519,0.004946,0.003374,0.000410,0.001709,0.002946,0.001708,0.003504,0.001709,0.003614,0.004132,0.006011,0.003612,0.001922,0.004142,0.005948,0.002421,0.002132,0.002127,0.007041,0.004837,0.004183,0.004846,0.004180,0.003259,0.001442,0.001478,0.000461,0.002170,0.002096,0.001483,0.000111,0.000189,0.000118,0.000151,0.000244,0.000131,0.001688
literal_numeric,0.000006,0.000159,0.011015,0.000461,0.010747,0.000007,0.000262,0.014479,0.011015,0.006259,0.000012,0.010751,0.000239,0.011015,0.000007,0.000262,0.010747,0.000012,0.000012,0.014479,0.004080,0.006259,0.002466,0.000172,0.004080,0.002466,0.000006,0.000159,0.006259,0.006259,0.000378,0.000461,0.000012,0.000262,0.000107,0.000159,0.006259,0.010747,0.006259,0.000242,0.011015,0.000262,0.000159,0.000012,0.000012,0.000120,0.014479,0.014479,1.002613,0.014479,0.000007,0.000012,0.000012,0.011015,0.000461,0.011015,0.000006,0.000242,0.000159,0.000239,0.000159,0.000012,0.000461,0.000461,0.000012,0.000378,0.014479,0.000093,0.000461,0.000461,0.000461,0.000461,0.000159,0.000461,0.000153,0.006259,0.000239,0.011015,0.000239,0.011015,0.004080,0.000107,0.006259,0.000239,0.000007,0.000007,0.002466,0.000159,0.011015,0.000461,0.000461,0.011015,0.000461,0.000012,0.000368,0.004080,0.006259,0.014479,0.005691,0.003482,0.006738,0.004898,0.003519,0.004946,0.003374,0.000410,0.001709,0.002946,0.001708,0.003504,0.001709,0.003614,0.004132,0.006011,0.003612,0.001922,0.004142,0.005948,0.002421,0.002132,0.002127,0.007041,0.004837,0.004183,0.004846,0.004180,0.003259,0.001442,0.001478,0.000461,0.002170,0.002096,0.001483,0.000111,0.000189,0.000118,0.000151,0.000244,0.000131,0.001688
literal_string,0.000006,0.000159,0.011015,0.000461,0.010747,0.000007,0.000262,0.014479,0.011015,0.006259,0.000012,0.010751,0.000239,0.011015,0.000007,0.000262,0.010747,0.000012,0.000012,0.014479,0.004080,0.006259,0.002466,0.000172,0.004080,0.002466,0.000006,0.000159,0.006259,0.006259,0.000378,0.000461,0.000012,0.000262,0.000107,0.000159,0.006259,0.010747,0.006259,0.000242,0.011015,0.000262,0.000159,0.000012,0.000012,0.000120,0.014479,0.014479,0.014479,1.002613,0.000007,0.000012,0.000012,0.011015,0.000461,0.011015,0.000006,0.000242,0.000159,0.000239,0.000159,0.000012,0.000461,0.000461,0.000012,0.000378,0.014479,0.000093,0.000461,0.000461,0.000461,0.000461,0.000159,0.000461,0.000153,0.006259,0.000239,0.011015,0.000239,0.011015,0.004080,0.000107,0.006259,0.000239,0.000007,0.000007,0.002466,0.000159,0.011015,0.000461,0.000461,0.011015,0.000461,0.000012,0.000368,0.004080,0.006259,0.014479,0.005691,0.003482,0.006738,0.004898,0.003519,0.004946,0.003374,0.000410,0.001709,0.002946,0.001708,0.003504,0.001709,0.003614,0.004132,0.006011,0.003612,0.001922,0.004142,0.005948,0.002421,0.002132,0.002127,0.007041,0.004837,0.004183,0.004846,0.004180,0.003259,0.001442,0.001478,0.000461,0.002170,0.002096,0.001483,0.000111,0.000189,0.000118,0.000151,0.000244,0.000131,0.001688
lock_mutex,0.000000,0.002191,0.000028,0.000000,0.000028,0.059878,0.000000,0.000028,0.000028,0.000000,0.000000,0.000028,0.000000,0.000028,0.059878,0.000000,0.000028,0.000000,0.000000,0.000028,0.000000,0.000000,0.000000,0.001671,0.000000,0.000000,0.000000,0.018795,0.000000,0.000000,0.000000,0.000000,0.000520,0.000000,0.000000,0.018795,0.000000,0.000028,0.000000,0.000000,0.000028,0.000000,0.018795,0.000000,0.000520,0.000520,0.000028,0.000028,0.000028,0.000028,1.011967,0.000000,0.000520,0.000028,0.000000,0.000028,0.043588,0.000000,0.018795,0.000000,0.018795,0.000000,0.000000,0.000000,0.000520,0.000000,0.000028,0.000520,0.000000,0.000000,0.000000,0.000000,0.018795,0.000000,0.001671,0.000000,0.000000,0.000028,0.000000,0.000028,0.000000,0.000000,0.000000,0.000000,0.059878,0.059878,0.000000,0.018795,0.000028,0.000000,0.000000,0.000028,0.000000,0.000520,0.000000,0.000000,0.000000,0.000028,0.000273,0.000605,0.000319,0.000021,0.000273,0.000212,0.000242,0.000242,0.000273,0.000239,0.000564,0.000242,0.000273,0.000242,0.000282,0.000273,0.000605,0.000242,0.000282,0.000273,0.000337,0.000282,0.000282,0.000319,0.000382,0.000319,0.000382,0.000319,0.000564,0.000484,0.000212,0.000564,0.000282,0.000282,0.001125,0.000802,0.000802,0.000564,0.000282,0.000242,0.000282,0.018497
macro,0.000123,0.000522,0.000051,0.000031,0.000051,0.000000,0.000169,0.000051,0.000051,0.000006,0.062903,0.000093,0.000049,0.000051,0.000000,0.000169,0.000051,0.062903,0.062903,0.000051,0.000126,0.000006,0.000006,0.000529,0.000126,0.000006,0.000123,0.000485,0.000006,0.000006,0.000168,0.000031,0.000075,0.000169,0.000075,0.000485,0.000006,0.000051,0.000006,0.000211,0.000051,0.000169,0.000485,0.062903,0.000075,0.000086,0.000051,0.000051,0.000051,0.000051,0.000000,1.014130,0.000075,0.000051,0.000031,0.000051,0.000037,0.000211,0.000485,0.000049,0.000485,0.062903,0.000031,0.000031,0.000075,0.000168,0.000051,0.000068,0.000031,0.000031,0.000031,0.000031,0.000485,0.000031,0.018448,0.000006,0.000049,0.000051,0.000049,0.000051,0.000126,0.000075,0.000006,0.000049,0.000000,0.000000,0.000006,0.000485,0.000051,0.000031,0.000031,0.000051,0.000031,0.000075,0.000126,0.000126,0.000006,0.000051,0.000392,0.000386,0.000359,0.000181,0.000398,0.006312,0.007175,0.000352,0.000320,0.000143,0.000363,0.000363,0.000320,0.000295,0.000343,0.000281,0.000294,0.000273,0.000341,0.000246,0.000368,0.000314,0.000314,0.000282,0.000319,0.000314,0.000319,0.000325,0.000394,0.006347,0.006338,0.000346,0.000247,0.000104,0.000320,0.000326,0.008232,0.000397,0.008269,0.007177,0.052967,0.000391
manual_memory,0.035330,0.013833,0.000039,0.000188,0.000039,0.000408,0.000133,0.000039,0.000039,0.000000,0.000058,0.000039,0.000230,0.000039,0.000408,0.000133,0.000039,0.000058,0.000058,0.000039,0.000133,0.000000,0.000000,0.000555,0.000133,0.000000,0.035330,0.000555,0.000000,0.000000,0.000133,0.000188,0.047728,0.000133,0.000188,0.000555,0.000000,0.000039,0.000000,0.001035,0.000039,0.000133,0.000555,0.000058,0.047728,0.013431,0.000039,0.000039,0.000039,0.000039,0.000408,0.000058,1.009693,0.000039,0.000188,0.000039,0.013362,0.001035,0.000555,0.000230,0.000555,0.000058,0.000188,0.000188,0.047728,0.000133,0.000039,0.013503,0.000188,0.000188,0.000188,0.000188,0.000555,0.000188,0.000555,0.000000,0.000230,0.000039,0.000230,0.000039,0.000133,0.000188,0.000000,0.000230,0.000408,0.000408,0.000000,0.000555,0.000039,0.000188,0.000188,0.000039,0.000188,0.047728,0.000133,0.000133,0.000000,0.000039,0.000296,0.000432,0.000300,0.000109,0.000312,0.000272,0.000348,0.000417,0.000401,0.000241,0.000420,0.000296,0.000401,0.000307,0.000321,0.000323,0.000421,0.000347,0.000321,0.000284,0.000377,0.000355,0.000355,0.000312,0.000366,0.000383,0.000362,0.000351,0.000416,0.000399,0.000353,0.000404,0.000250,0.000111,0.025748,0.040076,0.019772,0.022620,0.007161,0.001275,0.000316,0.000524
map_dict,0.000005,0.000200,0.012726,0.003952,0.009330,0.000006,0.000201,0.009479,0.012726,0.002012,0.000010,0.009333,0.000183,0.012726,0.000006,0.000201,0.009330,0.000010,0.000010,0.009479,0.000437,0.002012,0.001791,0.000211,0.000437,0.001791,0.000005,0.000200,0.002012,0.002012,0.000301,0.003952,0.000010,0.000201,0.000492,0.000200,0.002012,0.009330,0.002012,0.000184,0.012726,0.000201,0.000200,0.000010,0.000010,0.000080,0.009479,0.009479,0.009479,0.009479,0.000006,0.000010,0.000010,1.002497,0.003952,0.012726,0.000005,0.000184,0.000200,0.000183,0.000200,0.000010,0.003952,0.003952,0.000010,0.000301,0.009479,0.000480,0.003952,0.003952,0.003952,0.003952,0.000200,0.003952,0.000194,0.002012,0.000183,0.012726,0.000183,0.012726,0.000437,0.000492,0.002012,0.000183,0.000006,0.000006,0.001791,0.000200,0.012726,0.003952,0.003952,0.012726,0.003952,0.000010,0.000292,0.000437,0.002012,0.009479,0.004958,0.003045,0.005871,0.004187,0.003035,0.004322,0.003107,0.000440,0.001534,0.002600,0.001565,0.003072,0.001534,0.006584,0.006961,0.008557,0.006501,0.005214,0.006984,0.008481,0.005521,0.005335,0.005325,0.009377,0.007546,0.007044,0.007554,0.006926,0.003014,0.001301,0.001380,0.000394,0.001672,0.001560,0.001362,0.000145,0.000288,0.000148,0.000157,0.000214,0.000162,0.001546
map_type,0.000026,0.000204,0.005213,0.016657,0.000504,0.000000,0.002927,0.000523,0.005213,0.000104,0.000008,0.000514,0.000100,0.005213,0.000000,0.002927,0.000504,0.000008,0.000008,0.000523,0.002810,0.000104,0.000077,0.000301,0.002810,0.000077,0.000026,0.000144,0.000104,0.000104,0.002796,0.016657,0.000065,0.002927,0.012044,0.000144,0.000104,0.000504,0.000104,0.002789,0.005213,0.002927,0.000144,0.000008,0.000065,0.000144,0.000523,0.000523,0.000523,0.000523,0.000000,0.000008,0.000065,0.005213,1.003209,0.005213,0.000061,0.002789,0.000144,0.000100,0.000144,0.000008,0.016657,0.016657,0.000065,0.002796,0.000523,0.011952,0.016657,0.016657,0.016657,0.016657,0.000144,0.016657,0.000144,0.000104,0.000100,0.005213,0.000100,0.005213,0.002810,0.012044,0.000104,0.000100,0.000000,0.000000,0.000077,0.000144,0.005213,0.016657,0.016657,0.005213,0.016657,0.000065,0.002788,0.002810,0.000104,0.000523,0.000360,0.000289,0.000418,0.000322,0.000398,0.000442,0.002212,0.002004,0.000264,0.000277,0.000341,0.000394,0.000264,0.009237,0.007278,0.007054,0.006823,0.012304,0.007307,0.006896,0.007693,0.010008,0.009994,0.005258,0.005234,0.007313,0.005235,0.005217,0.002350,0.000505,0.002122,0.001929,0.000185,0.000082,0.000263,0.000177,0.002292,0.000134,0.000200,0.000256,0.000122,0.000219
member_access,0.000005,0.000200,0.012726,0.003952,0.009330,0.000006,0.000201,0.009479,0.012726,0.002012,0.000010,0.009333,0.000183,0.012726,0.000006,0.000201,0.009330,0.000010,0.000010,0.009479,0.000437,0.002012,0.001791,0.000211,0.000437,0.001791,0.000005,0.000200,0.002012,0.002012,0.000301,0.003952,0.000010,0.000201,0.000492,0.000200,0.002012,0.009330,0.002012,0.000184,0.012726,0.000201,0.000200,0.000010,0.000010,0.000080,0.009479,0.009479,0.009479,0.009479,0.000006,0.000010,0.000010,0.012726,0.003952,1.002497,0.000005,0.000184,0.000200,0.000183,0.000200,0.000010,0.003952,0.003952,0.000010,0.000301,0.009479,0.000480,0.003952,0.003952,0.003952,0.003952,0.000200,0.003952,0.000194,0.002012,0.000183,0.012726,0.000183,0.012726,0.000437,0.000492,0.002012,0.000183,0.000006,0.000006,0.001791,0.000200,0.012726,0.003952,0.003952,0.012726,0.003952,0.000010,0.000292,0.000437,0.002012,0.009479,0.004958,0.003045,0.005871,0.004187,0.003035,0.004322,0.003107,0.000440,0.001534,0.002600,0.001565,0.003072,0.001534,0.006584,0.006961,0.008557,0.006501,0.005214,0.006984,0.008481,0.005521,0.005335,0.005325,0.009377,0.007546,0.007044,0.007554,0.006926,0.003014,0.001301,0.001380,0.000394,0.001672,0.001560,0.001362,0.000145,0.000288,0.000148,0.000157,0.000214,0.000162,0.001546
memory_model,0.002364,0.016000,0.000028,0.000233,0.000028,0.045405,0.000138,0.000028,0.000028,0.000000,0.000037,0.000028,0.000305,0.000028,0.045405,0.000138,0.000028,0.000037,0.000037,0.000028,0.000138,0.000000,0.000000,0.000390,0.000138,0.000000,0.002364,0.002990,0.000000,0.000000,0.000138,0.000233,0.017729,0.000138,0.000233,0.002990,0.000000,0.000028,0.000000,0.000138,0.000028,0.000138,0.002990,0.000037,0.017729,0.015813,0.000028,0.000028,0.000028,0.000028,0.045405,0.000037,0.017729,0.000028,0.000233,0.000028,1.008107,0.000138,0.002990,0.000305,0.002990,0.000037,0.000233,0.000233,0.017729,0.000138,0.000028,0.015893,0.000233,0.000233,0.000233,0.000233,0.002990,0.000233,0.000390,0.000000,0.000305,0.000028,0.000305,0.000028,0.000138,0.000233,0.000000,0.000305,0.045405,0.045405,0.000000,0.002990,0.000028,0.000233,0.000233,0.000028,0.000233,0.017729,0.000138,0.000138,0.000000,0.000028,0.000196,0.000280,0.000175,0.000110,0.000196,0.000177,0.000233,0.000368,0.000335,0.000231,0.000298,0.000223,0.000335,0.000222,0.000214,0.000216,0.000264,0.000275,0.000214,0.000180,0.000254,0.000260,0.000260,0.000183,0.000216,0.000259,0.000214,0.000234,0.000269,0.000241,0.000241,0.000260,0.000139,0.000066,0.016826,0.017599,0.016436,0.001754,0.000575,0.000259,0.000182,0.002957
module,0.006259,0.000269,0.000360,0.004133,0.000395,0.000000,0.017490,0.000408,0.000360,0.000294,0.000083,0.000355,0.004099,0.000360,0.000000,0.017490,0.000395,0.000083,0.000083,0.000408,0.017393,0.000294,0.000044,0.000615,0.017393,0.000044,0.006259,0.000216,0.000294,0.000294,0.017301,0.004133,0.000528,0.017490,0.004301,0.000216,0.000294,0.000395,0.000294,0.023009,0.000360,0.017490,0.000216,0.000083,0.000528,0.003897,0.000408,0.000408,0.000408,0.000408,0.000000,0.000083,0.000528,0.000360,0.004133,0.000360,0.000053,1.003208,0.000216,0.004099,0.000216,0.000083,0.004133,0.004133,0.000528,0.017301,0.000408,0.003957,0.004133,0.004133,0.004133,0.004133,0.000216,0.004133,0.000216,0.000294,0.004099,0.000360,0.004099,0.000360,0.017393,0.004301,0.000294,0.004099,0.000000,0.000000,0.000044,0.000216,0.000360,0.004133,0.004133,0.000360,0.004133,0.000528,0.017361,0.017393,0.000294,0.000408,0.000565,0.000589,0.000475,0.005389,0.006234,0.002771,0.003080,0.006518,0.003244,0.002804,0.003188,0.003188,0.003244,0.003110,0.003451,0.003029,0.000564,0.003208,0.003458,0.000549,0.004050,0.003551,0.003548,0.000514,0.000524,0.003452,0.000528,0.003470,0.003207,0.005723,0.009387,0.002719,0.000195,0.000091,0.000429,0.000602,0.003320,0.006407,0.009143,0.012102,0.000256,0.000223
mutation,0.000222,0.019075,0.000426,0.000233,0.000367,0.008212,0.000313,0.000292,0.000426,0.000125,0.000208,0.000364,0.000212,0.000426,0.008212,0.000313,0.000367,0.000208,0.000208,0.000292,0.000159,0.000125,0.000188,0.019053,0.000159,0.000188,0.000222,0.026209,0.000125,0.000125,0.000231,0.000233,0.000309,0.000313,0.000254,0.026209,0.000125,0.000367,0.000125,0.000236,0.000426,0.000313,0.026209,0.000208,0.000309,0.000300,0.000292,0.000292,0.000292,0.000292,0.008212,0.000208,0.000309,0.000426,0.000233,0.000426,0.001254,0.000236,1.004663,0.000212,0.026209,0.000208,0.000233,0.000233,0.000309,0.000231,0.000292,0.000263,0.000233,0.000233,0.000233,0.000233,0.026209,0.000233,0.019011,0.000125,0.000212,0.000426,0.000212,0.000426,0.000159,0.000254,0.000125,0.000212,0.008212,0.008212,0.000188,0.026209,0.000426,0.000233,0.000233,0.000426,0.000233,0.000309,0.000234,0.000159,0.000125,0.000292,0.003215,0.006859,0.003652,0.000378,0.003201,0.002868,0.003209,0.003161,0.003219,0.002810,0.006818,0.003238,0.003219,0.003242,0.003722,0.003363,0.006922,0.003207,0.003731,0.003291,0.004372,0.003693,0.003687,0.003797,0.004429,0.003822,0.004433,0.003815,0.006891,0.005972,0.002939,0.006690,0.003489,0.003387,0.006879,0.003612,0.003649,0.006668,0.003495,0.003119,0.003506,0.021766
name_resolution,0.000086,0.000426,0.000489,0.000202,0.009511,0.000000,0.005632,0.000550,0.000489,0.000153,0.000026,0.000594,0.031802,0.000489,0.000000,0.005632,0.009511,0.000026,0.000026,0.000550,0.005607,0.000153,0.000081,0.000373,0.005607,0.000081,0.000086,0.000265,0.000153,0.000153,0.005640,0.000202,0.000161,0.005632,0.000299,0.000265,0.000153,0.009511,0.000153,0.005606,0.000489,0.005632,0.000265,0.000026,0.000161,0.023004,0.000550,0.000550,0.000550,0.000550,0.000000,0.000026,0.000161,0.000489,0.000202,0.000489,0.000161,0.005606,0.000265,1.004921,0.000265,0.000026,0.000202,0.000202,0.000161,0.005640,0.000550,0.000352,0.000202,0.000202,0.000202,0.000202,0.000265,0.000202,0.000265,0.000153,0.031802,0.000489,0.031802,0.000489,0.005607,0.000299,0.000153,0.031802,0.000000,0.000000,0.000081,0.000265,0.000489,0.000202,0.000202,0.000489,0.000202,0.000161,0.014523,0.005607,0.000153,0.000550,0.004109,0.004172,0.000708,0.007507,0.004301,0.003732,0.000648,0.023640,0.023661,0.021208,0.017490,0.017598,0.023661,0.000465,0.000531,0.000671,0.000499,0.000416,0.000531,0.000524,0.000553,0.000475,0.000475,0.000618,0.000563,0.000655,0.000575,0.004719,0.000629,0.003768,0.003827,0.000413,0.000250,0.000187,0.000514,0.000330,0.000531,0.000291,0.000461,0.008492,0.000262,0.000401
network,0.000222,0.019075,0.000426,0.000233,0.000367,0.008212,0.000313,0.000292,0.000426,0.000125,0.000208,0.000364,0.000212,0.000426,0.008212,0.000313,0.000367,0.000208,0.000208,0.000292,0.000159,0.000125,0.000188,0.019053,0.000159,0.000188,0.000222,0.026209,0.000125,0.000125,0.000231,0.000233,0.000309,0.000313,0.000254,0.026209,0.000125,0.000367,0.000125,0.000236,0.000426,0.000313,0.026209,0.000208,0.000309,0.000300,0.000292,0.000292,0.000292,0.000292,0.008212,0.000208,0.000309,0.000426,0.000233,0.000426,0.001254,0.000236,0.026209,0.000212,1.004663,0.000208,0.000233,0.000233,0.000309,0.000231,0.000292,0.000263,0.000233,0.000233,0.000233,0.000233,0.026209,0.000233,0.019011,0.000125,0.000212,0.000426,0.000212,0.000426,0.000159,0.000254,0.000125,0.000212,0.008212,0.008212,0.000188,0.026209,0.000426,0.000233,0.000233,0.000426,0.000233,0.000309,0.000234,0.000159,0.000125,0.000292,0.003215,0.006859,0.003652,0.000378,0.003201,0.002868,0.003209,0.003161,0.003219,0.002810,0.006818,0.003238,0.003219,0.003242,0.003722,0.003363,0.006922,0.003207,0.003731,0.003291,0.004372,0.003693,0.003687,0.003797,0.004429,0.003822,0.004433,0.003815,0.006891,0.005972,0.002939,0.006690,0.003489,0.003387,0.006879,0.003612,0.003649,0.006668,0.003495,0.003119,0.003506,0.021766
optimizer,0.000123,0.000522,0.000051,0.000031,0.000051,0.000000,0.000169,0.000051,0.000051,0.000006,0.062903,0.000093,0.000049,0.000051,0.000000,0.000169,0.000051,0.062903,0.062903,0.000051,0.000126,0.000006,0.000006,0.000529,0.000126,0.000006,0.000123,0.000485,0.000006,0.000006,0.000168,0.000031,0.000075,0.000169,0.000075,0.000485,0.000006,0.000051,0.000006,0.000211,0.000051,0.000169,0.000485,0.062903,0.000075,0.000086,0.000051,0.000051,0.000051,0.000051,0.000000,0.062903,0.000075,0.000051,0.000031,0.000051,0.000037,0.000211,0.000485,0.000049,0.000485,1.014130,0.000031,0.000031,0.000075,0.000168,0.000051,0.000068,0.000031,0.000031,0.000031,0.000031,0.000485,0.000031,0.018448,0.000006,0.000049,0.000051,0.000049,0.000051,0.000126,0.000075,0.000006,0.000049,0.000000,0.000000,0.000006,0.000485,0.000051,0.000031,0.000031,0.000051,0.000031,0.000075,0.000126,0.000126,0.000006,0.000051,0.000392,0.000386,0.000359,0.000181,0.000398,0.006312,0.007175,0.000352,0.000320,0.000143,0.000363,0.000363,0.000320,0.000295,0.000343,0.000281,0.000294,0.000273,0.000341,0.000246,0.000368,0.000314,0.000314,0.000282,0.000319,0.000314,0.000319,0.000325,0.000394,0.006347,0.006338,0.000346,0.000247,0.000104,0.000320,0.000326,0.008232,0.000397,0.008269,0.007177,0.052967,0.000391
optional_nullable,0.000026,0.000204,0.005213,0.016657,0.000504,0.000000,0.002927,0.000523,0.005213,0.000104,0.000008,0.000514,0.000100,0.005213,0.000000,0.002927,0.000504,0.000008,0.000008,0.000523,0.002810,0.000104,0.000077,0.000301,0.002810,0.000077,0.000026,0.000144,0.000104,0.000104,0.002796,0.016657,0.000065,0.002927,0.012044,0.000144,0.000104,0.000504,0.000104,0.002789,0.005213,0.002927,0.000144,0.000008,0.000065,0.000144,0.000523,0.000523,0.000523,0.000523,0.000000,0.000008,0.000065,0.005213,0.016657,0.005213,0.000061,0.002789,0.000144,0.000100,0.000144,0.000008,1.003209,0.016657,0.000065,0.002796,0.000523,0.011952,0.016657,0.016657,0.016657,0.016657,0.000144,0.016657,0.000144,0.000104,0.000100,0.005213,0.000100,0.005213,0.002810,0.012044,0.000104,0.000100,0.000000,0.000000,0.000077,0.000144,0.005213,0.016657,0.016657,0.005213,0.016657,0.000065,0.002788,0.002810,0.000104,0.000523,0.000360,0.000289,0.000418,0.000322,0.000398,0.000442,0.002212,0.002004,0.000264,0.000277,0.000341,0.000394,0.000264,0.009237,0.007278,0.007054,0.006823,0.012304,0.007307,0.006896,0.007693,0.010008,0.009994,0.005258,0.005234,0.007313,0.005235,0.005217,0.002350,0.000505,0.002122,0.001929,0.000185,0.000082,0.000263,0.000177,0.002292,0.000134,0.000200,0.000256,0.000122,0.000219
overload_resolution,0.000026,0.000204,0.005213,0.016657,0.000504,0.000000,0.002927,0.000523,0.005213,0.000104,0.000008,0.000514,0.000100,0.005213,0.000000,0.002927,0.000504,0.000008,0.000008,0.000523,0.002810,0.000104,0.000077,0.000301,0.002810,0.000077,0.000026,0.000144,0.000104,0.000104,0.002796,0.016657,0.000065,0.002927,0.012044,0.000144,0.000104,0.000504,0.000104,0.002789,0.005213,0.002927,0.000144,0.000008,0.000065,0.000144,0.000523,0.000523,0.000523,0.000523,0.000000,0.000008,0.000065,0.005213,0.016657,0.005213,0.000061,0.002789,0.000144,0.000100,0.000144,0.000008,0.016657,1.003209,0.000065,0.002796,0.000523,0.011952,0.016657,0.016657,0.016657,0.016657,0.000144,0.016657,0.000144,0.000104,0.000100,0.005213,0.000100,0.005213,0.002810,0.012044,0.000104,0.000100,0.000000,0.000000,0.000077,0.000144,0.005213,0.016657,0.016657,0.005213,0.016657,0.000065,0.002788,0.002810,0.000104,0.000523,0.000360,0.000289,0.000418,0.000322,0.000398,0.000442,0.002212,0.002004,0.000264,0.000277,0.000341,0.000394,0.000264,0.009237,0.007278,0.007054,0.006823,0.012304,0.007307,0.006896,0.007693,0.010008,0.009994,0.005258,0.005234,0.007313,0.005235,0.005217,0.002350,0.000505,0.002122,0.001929,0.000185,0.000082,0.000263,0.000177,0.002292,0.000134,0.000200,0.000256,0.000122,0.000219
ownership,0.035330,0.013833,0.000039,0.000188,0.000039,0.000408,0.000133,0.000039,0.000039,0.000000,0.000058,0.000039,0.000230,0.000039,0.000408,0.000133,0.000039,0.000058,0.000058,0.000039,0.000133,0.000000,0.000000,0.000555,0.000133,0.000000,0.035330,0.000555,0.000000,0.000000,0.000133,0.000188,0.047728,0.000133,0.000188,0.000555,0.000000,0.000039,0.000000,0.001035,0.000039,0.000133,0.000555,0.000058,0.047728,0.013431,0.000039,0.000039,0.000039,0.000039,0.000408,0.000058,0.047728,0.000039,0.000188,0.000039,0.013362,0.001035,0.000555,0.000230,0.000555,0.000058,0.000188,0.000188,1.009693,0.000133,0.000039,0.013503,0.000188,0.000188,0.000188,0.000188,0.000555,0.000188,0.000555,0.000000,0.000230,0.000039,0.000230,0.000039,0.000133,0.000188,0.000000,0.000230,0.000408,0.000408,0.000000,0.000555,0.000039,0.000188,0.000188,0.000039,0.000188,0.047728,0.000133,0.000133,0.000000,0.000039,0.000296,0.000432,0.000300,0.000109,0.000312,0.000272,0.000348,0.000417,0.000401,0.000241,0.000420,0.000296,0.000401,0.000307,0.000321,0.000323,0.000421,0.000347,0.000321,0.000284,0.000377,0.000355,0.000355,0.000312,0.000366,0.000383,0.000362,0.000351,0.000416,0.000399,0.000353,0.000404,0.000250,0.000111,0.025748,0.040076,0.019772,0.022620,0.007161,0.001275,0.000316,0.000524
parameter,0.000216,0.000253,0.000562,0.003953,0.000595,0.000000,0.016699,0.000607,0.000562,0.000339,0.000063,0.005976,0.003934,0.000562,0.000000,0.016699,0.000595,0.000063,0.000063,0.000607,0.016606,0.000339,0.000101,0.000583,0.016606,0.000101,0.000216,0.000202,0.000339,0.000339,0.021907,0.003953,0.000065,0.016699,0.004113,0.000202,0.000339,0.000595,0.000339,0.016507,0.000562,0.016699,0.000202,0.000063,0.000065,0.003741,0.000607,0.000607,0.000607,0.000607,0.000000,0.000063,0.000065,0.000562,0.003953,0.000562,0.000051,0.016507,0.000202,0.003934,0.000202,0.000063,0.003953,0.003953,0.000065,1.002998,0.000607,0.003785,0.003953,0.003953,0.003953,0.003953,0.000202,0.003953,0.000202,0.000339,0.003934,0.000562,0.003934,0.000562,0.016606,0.004113,0.000339,0.003934,0.000000,0.000000,0.000101,0.000202,0.000562,0.003953,0.003953,0.000562,0.003953,0.000065,0.016575,0.016606,0.000339,0.000607,0.006188,0.006137,0.006115,0.010750,0.011518,0.008222,0.008451,0.006283,0.003208,0.002790,0.003092,0.003191,0.003208,0.003059,0.003403,0.003048,0.000609,0.003098,0.003407,0.000669,0.003915,0.003431,0.003428,0.000671,0.000600,0.003393,0.000613,0.003420,0.003146,0.005463,0.008971,0.002620,0.000252,0.000153,0.000294,0.000212,0.003091,0.000374,0.003144,0.006084,0.000251,0.000267
pattern,0.000006,0.000159,0.011015,0.000461,0.010747,0.000007,0.000262,0.014479,0.011015,0.006259,0.000012,0.010751,0.000239,0.011015,0.000007,0.000262,0.010747,0.000012,0.000012,0.014479,0.004080,0.006259,0.002466,0.000172,0.004080,0.002466,0.000006,0.000159,0.006259,0.006259,0.000378,0.000461,0.000012,0.000262,0.000107,0.000159,0.006259,0.010747,0.006259,0.000242,0.011015,0.000262,0.000159,0.000012,0.000012,0.000120,0.014479,0.014479,0.014479,0.014479,0.000007,0.000012,0.000012,0.011015,0.000461,0.011015,0.000006,0.000242,0.000159,0.000239,0.000159,0.000012,0.000461,0.000461,0.000012,0.000378,1.002613,0.000093,0.000461,0.000461,0.000461,0.000461,0.000159,0.000461,0.000153,0.006259,0.000239,0.011015,0.000239,0.011015,0.004080,0.000107,0.006259,0.000239,0.000007,0.000007,0.002466,0.000159,0.011015,0.000461,0.000461,0.011015,0.000461,0.000012,0.000368,0.004080,0.006259,0.014479,0.005691,0.003482,0.006738,0.004898,0.003519,0.004946,0.003374,0.000410,0.001709,0.002946,0.001708,0.003504,0.001709,0.003614,0.004132,0.006011,0.003612,0.001922,0.004142,0.005948,0.002421,0.002132,0.002127,0.007041,0.004837,0.004183,0.004846,0.004180,0.003259,0.001442,0.001478,0.000461,0.002170,0.002096,0.001483,0.000111,0.000189,0.000118,0.000151,0.000244,0.000131,0.001688
pointer,0.000890,0.005926,0.000881,0.016629,0.000120,0.000196,0.003906,0.000147,0.000881,0.000063,0.000025,0.000135,0.000242,0.000881,0.000196,0.003906,0.000120,0.000025,0.000025,0.000147,0.003743,0.000063,0.000025,0.000445,0.003743,0.000025,0.000890,0.000226,0.000063,0.000063,0.003724,0.016629,0.006471,0.003906,0.015986,0.000226,0.000063,0.000120,0.000063,0.003714,0.000881,0.003906,0.000226,0.000025,0.006471,0.005883,0.000147,0.000147,0.000147,0.000147,0.000196,0.000025,0.006471,0.000881,0.016629,0.000881,0.005740,0.003714,0.000226,0.000242,0.000226,0.000025,0.016629,0.016629,0.006471,0.003724,0.000147,1.002882,0.016629,0.016629,0.016629,0.016629,0.000226,0.016629,0.000226,0.000063,0.000242,0.000881,0.000242,0.000881,0.003743,0.015986,0.000063,0.000242,0.000196,0.000196,0.000025,0.000226,0.000881,0.016629,0.016629,0.000881,0.016629,0.006471,0.003713,0.003743,0.000063,0.000147,0.000202,0.000227,0.000204,0.000245,0.000345,0.000305,0.002650,0.002668,0.000296,0.000236,0.000332,0.000303,0.000296,0.006419,0.003805,0.003395,0.003272,0.010580,0.003821,0.003237,0.004384,0.007494,0.007485,0.001003,0.001034,0.003801,0.001033,0.001099,0.002842,0.000571,0.002673,0.002528,0.000141,0.000062,0.006223,0.006489,0.008819,0.000734,0.000395,0.000361,0.000145,0.000214
primitive_bool,0.000026,0.000204,0.005213,0.016657,0.000504,0.000000,0.002927,0.000523,0.005213,0.000104,0.000008,0.000514,0.000100,0.005213,0.000000,0.002927,0.000504,0.000008,0.000008,0.000523,0.002810,0.000104,0.000077,0.000301,0.002810,0.000077,0.000026,0.000144,0.000104,0.000104,0.002796,0.016657,0.000065,0.002927,0.012044,0.000144,0.000104,0.000504,0.000104,0.002789,0.005213,0.002927,0.000144,0.000008,0.000065,0.000144,0.000523,0.000523,0.000523,0.000523,0.000000,0.000008,0.000065,0.005213,0.016657,0.005213,0.000061,0.002789,0.000144,0.000100,0.000144,0.000008,0.016657,0.016657,0.000065,0.002796,0.000523,0.011952,1.003209,0.016657,0.016657,0.016657,0.000144,0.016657,0.000144,0.000104,0.000100,0.005213,0.000100,0.005213,0.002810,0.012044,0.000104,0.000100,0.000000,0.000000,0.000077,0.000144,0.005213,0.016657,0.016657,0.005213,0.016657,0.000065,0.002788,0.002810,0.000104,0.000523,0.000360,0.000289,0.000418,0.000322,0.000398,0.000442,0.002212,0.002004,0.000264,0.000277,0.000341,0.000394,0.000264,0.009237,0.007278,0.007054,0.006823,0.012304,0.007307,0.006896,0.007693,0.010008,0.009994,0.005258,0.005234,0.007313,0.005235,0.005217,0.002350,0.000505,0.002122,0.001929,0.000185,0.000082,0.000263,0.000177,0.002292,0.000134,0.000200,0.000256,0.000122,0.000219
primitive_float,0.000026,0.000204,0.005213,0.016657,0.000504,0.000000,0.002927,0.000523,0.005213,0.000104,0.000008,0.000514,0.000100,0.005213,0.000000,0.002927,0.000504,0.000008,0.000008,0.000523,0.002810,0.000104,0.000077,0.000301,0.002810,0.000077,0.000026,0.000144,0.000104,0.000104,0.002796,0.016657,0.000065,0.002927,0.012044,0.000144,0.000104,0.000504,0.000104,0.002789,0.005213,0.002927,0.000144,0.000008,0.000065,0.000144,0.000523,0.000523,0.000523,0.000523,0.000000,0.000008,0.000065,0.005213,0.016657,0.005213,0.000061,0.002789,0.000144,0.000100,0.000144,0.000008,0.016657,0.016657,0.000065,0.002796,0.000523,0.011952,0.016657,1.003209,0.016657,0.016657,0.000144,0.016657,0.000144,0.000104,0.000100,0.005213,0.000100,0.005213,0.002810,0.012044,0.000104,0.000100,0.000000,0.000000,0.000077,0.000144,0.005213,0.016657,0.016657,0.005213,0.016657,0.000065,0.002788,0.002810,0.000104,0.000523,0.000360,0.000289,0.000418,0.000322,0.000398,0.000442,0.002212,0.002004,0.000264,0.000277,0.000341,0.000394,0.000264,0.009237,0.007278,0.007054,0.006823,0.012304,0.007307,0.006896,0.007693,0.010008,0.009994,0.005258,0.005234,0.007313,0.005235,0.005217,0.002350,0.000505,0.002122,0.001929,0.000185,0.000082,0.000263,0.000177,0.002292,0.000134,0.000200,0.000256,0.000122,0.000219
primitive_integer,0.000026,0.000204,0.005213,0.016657,0.000504,0.000000,0.002927,0.000523,0.005213,0.000104,0.000008,0.000514,0.000100,0.005213,0.000000,0.002927,0.000504,0.000008,0.000008,0.000523,0.002810,0.000104,0.000077,0.000301,0.002810,0.000077,0.000026,0.000144,0.000104,0.000104,0.002796,0.016657,0.000065,0.002927,0.012044,0.000144,0.000104,0.000504,0.000104,0.002789,0.005213,0.002927,0.000144,0.000008,0.000065,0.000144,0.000523,0.000523,0.000523,0.000523,0.000000,0.000008,0.000065,0.005213,0.016657,0.005213,0.000061,0.002789,0.000144,0.000100,0.000144,0.000008,0.016657,0.016657,0.000065,0.002796,0.000523,0.011952,0.016657,0.016657,1.003209,0.016657,0.000144,0.016657,0.000144,0.000104,0.000100,0.005213,0.000100,0.005213,0.002810,0.012044,0.000104,0.000100,0.000000,0.000000,0.000077,0.000144,0.005213,0.016657,0.016657,0.005213,0.016657,0.000065,0.002788,0.002810,0.000104,0.000523,0.000360,0.000289,0.000418,0.000322,0.000398,0.000442,0.002212,0.002004,0.000264,0.000277,0.000341,0.000394,0.000264,0.009237,0.007278,0.007054,0.006823,0.012304,0.007307,0.006896,0.007693,0.010008,0.009994,0.005258,0.005234,0.007313,0.005235,0.005217,0.002350,0.000505,0.002122,0.001929,0.000185,0.000082,0.000263,0.000177,0.002292,0.000134,0.000200,0.000256,0.000122,0.000219
primitive_string,0.000026,0.000204,0.005213,0.016657,0.000504,0.000000,0.002927,0.000523,0.005213,0.000104,0.000008,0.000514,0.000100,0.005213,0.000000,0.002927,0.000504,0.000008,0.000008,0.000523,0.002810,0.000104,0.000077,0.000301,0.002810,0.000077,0.000026,0.000144,0.000104,0.000104,0.002796,0.016657,0.000065,0.002927,0.012044,0.000144,0.000104,0.000504,0.000104,0.002789,0.005213,0.002927,0.000144,0.000008,0.000065,0.000144,0.000523,0.000523,0.000523,0.000523,0.000000,0.000008,0.000065,0.005213,0.016657,0.005213,0.000061,0.002789,0.000144,0.000100,0.000144,0.000008,0.016657,0.016657,0.000065,0.002796,0.000523,0.011952,0.016657,0.016657,0.016657,1.003209,0.000144,0.016657,0.000144,0.000104,0.000100,0.005213,0.000100,0.005213,0.002810,0.012044,0.000104,0.000100,0.000000,0.000000,0.000077,0.000144,0.005213,0.016657,0.016657,0.005213,0.016657,0.000065,0.002788,0.002810,0.000104,0.000523,0.000360,0.000289,0.000418,0.000322,0.000398,0.000442,0.002212,0.002004,0.000264,0.000277,0.000341,0.000394,0.000264,0.009237,0.007278,0.007054,0.006823,0.012304,0.007307,0.006896,0.007693,0.010008,0.009994,0.005258,0.005234,0.007313,0.005235,0.005217,0.002350,0.000505,0.002122,0.001929,0.000185,0.000082,0.000263,0.000177,0.002292,0.000134,0.000200,0.000256,0.000122,0.000219
random,0.000222,0.019075,0.000426,0.000233,0.000367,0.008212,0.000313,0.000292,0.000426,0.000125,0.000208,0.000364,0.000212,0.000426,0.008212,0.000313,0.000367,0.000208,0.000208,0.000292,0.000159,0.000125,0.000188,0.019053,0.000159,0.000188,0.000222,0.026209,0.000125,0.000125,0.000231,0.000233,0.000309,0.000313,0.000254,0.026209,0.000125,0.000367,0.000125,0.000236,0.000426,0.000313,0.026209,0.000208,0.000309,0.000300,0.000292,0.000292,0.000292,0.000292,0.008212,0.000208,0.000309,0.000426,0.000233,0.000426,0.001254,0.000236,0.026209,0.000212,0.026209,0.000208,0.000233,0.000233,0.000309,0.000231,0.000292,0.000263,0.000233,0.000233,0.000233,0.000233,1.004663,0.000233,0.019011,0.000125,0.000212,0.000426,0.000212,0.000426,0.000159,0.000254,0.000125,0.000212,0.008212,0.008212,0.000188,0.026209,0.000426,0.000233,0.000233,0.000426,0.000233,0.000309,0.000234,0.000159,0.000125,0.000292,0.003215,0.006859,0.003652,0.000378,0.003201,0.002868,0.003209,0.003161,0.003219,0.002810,0.006818,0.003238,0.003219,0.003242,0.003722,0.003363,0.006922,0.003207,0.003731,0.003291,0.004372,0.003693,0.003687,0.003797,0.004429,0.003822,0.004433,0.003815,0.006891,0.005972,0.002939,0.006690,0.003489,0.003387,0.006879,0.003612,0.003649,0.006668,0.003495,0.003119,0.003506,0.021766
reference,0.000026,0.000204,0.005213,0.016657,0.000504,0.000000,0.002927,0.000523,0.005213,0.000104,0.000008,0.000514,0.000100,0.005213,0.000000,0.002927,0.000504,0.000008,0.000008,0.000523,0.002810,0.000104,0.000077,0.000301,0.002810,0.000077,0.000026,0.000144,0.000104,0.000104,0.002796,0.016657,0.000065,0.002927,0.012044,0.000144,0.000104,0.000504,0.000104,0.002789,0.005213,0.002927,0.000144,0.000008,0.000065,0.000144,0.000523,0.000523,0.000523,0.000523,0.000000,0.000008,0.000065,0.005213,0.016657,0.005213,0.000061,0.002789,0.000144,0.000100,0.000144,0.000008,0.016657,0.016657,0.000065,0.002796,0.000523,0.011952,0.016657,0.016657,0.016657,0.016657,0.000144,1.003209,0.000144,0.000104,0.000100,0.005213,0.000100,0.005213,0.002810,0.012044,0.000104,0.000100,0.000000,0.000000,0.000077,0.000144,0.005213,0.016657,0.016657,0.005213,0.016657,0.000065,0.002788,0.002810,0.000104,0.000523,0.000360,0.000289,0.000418,0.000322,0.000398,0.000442,0.002212,0.002004,0.000264,0.000277,0.000341,0.000394,0.000264,0.009237,0.007278,0.007054,0.006823,0.012304,0.007307,0.006896,0.007693,0.010008,0.009994,0.005258,0.005234,0.007313,0.005235,0.005217,0.002350,0.000505,0.002122,0.001929,0.000185,0.000082,0.000263,0.000177,0.002292,0.000134,0.000200,0.000256,0.000122,0.000219
reflection,0.000244,0.020204,0.000453,0.000255,0.000389,0.000800,0.000343,0.000307,0.000453,0.000136,0.008668,0.000386,0.000232,0.000453,0.000800,0.000343,0.000389,0.008668,0.008668,0.000307,0.000174,0.000136,0.000206,0.020180,0.000174,0.000206,0.000244,0.020832,0.000136,0.000136,0.000253,0.000255,0.000338,0.000343,0.000278,0.020832,0.000136,0.000389,0.000136,0.000258,0.000453,0.000343,0.020832,0.008668,0.000338,0.000329,0.000307,0.000307,0.000307,0.000307,0.000800,0.008668,0.000338,0.000453,0.000255,0.000453,0.000179,0.000258,0.020832,0.000232,0.020832,0.008668,0.000255,0.000255,0.000338,0.000253,0.000307,0.000288,0.000255,0.000255,0.000255,0.000255,0.020832,0.000255,1.003623,0.000136,0.000232,0.000453,0.000232,0.000453,0.000174,0.000278,0.000136,0.000232,0.000800,0.000800,0.000206,0.020832,0.000453,0.000255,0.000255,0.000453,0.000255,0.000338,0.000256,0.000174,0.000136,0.000307,0.003437,0.007278,0.003890,0.000409,0.003414,0.003275,0.003667,0.003384,0.003434,0.002980,0.007245,0.003469,0.003434,0.003466,0.003977,0.003583,0.007339,0.003427,0.003987,0.003504,0.004669,0.003946,0.003939,0.004042,0.004710,0.004070,0.004714,0.004061,0.007325,0.006554,0.003347,0.007113,0.003722,0.003597,0.007293,0.003856,0.004169,0.007081,0.004000,0.003564,0.011966,0.016083
return,0.000000,0.000107,0.003681,0.000144,0.003626,0.000000,0.000275,0.009855,0.003681,0.022777,0.000002,0.003651,0.000105,0.003681,0.000000,0.000275,0.003626,0.000002,0.000002,0.009855,0.006511,0.022777,0.016904,0.000107,0.006511,0.016904,0.000000,0.000107,0.022777,0.022777,0.000333,0.000144,0.000000,0.000275,0.000063,0.000107,0.022777,0.003626,0.022777,0.000275,0.003681,0.000275,0.000107,0.000002,0.000000,0.000073,0.009855,0.009855,0.009855,0.009855,0.000000,0.000002,0.000000,0.003681,0.000144,0.003681,0.000000,0.000275,0.000107,0.000105,0.000107,0.000002,0.000144,0.000144,0.000000,0.000333,0.009855,0.000063,0.000144,0.000144,0.000144,0.000144,0.000107,0.000144,0.000107,1.004221,0.000105,0.003681,0.000105,0.003681,0.006511,0.000063,0.022777,0.000105,0.000000,0.000000,0.016904,0.000107,0.003681,0.000144,0.000144,0.003681,0.000144,0.000000,0.000307,0.006511,0.022777,0.009855,0.002953,0.002818,0.003428,0.002620,0.002863,0.002606,0.000410,0.000221,0.000283,0.000354,0.000286,0.002788,0.000283,0.000417,0.000469,0.002999,0.000422,0.000286,0.000473,0.002953,0.000354,0.000312,0.000311,0.003443,0.000498,0.000487,0.000502,0.000490,0.000371,0.000260,0.000288,0.006105,0.012969,0.012923,0.000199,0.000052,0.000109,0.000081,0.000101,0.000164,0.000075,0.000227
scope,0.000086,0.000426,0.000489,0.000202,0.009511,0.000000,0.005632,0.000550,0.000489,0.000153,0.000026,0.000594,0.031802,0.000489,0.000000,0.005632,0.009511,0.000026,0.000026,0.000550,0.005607,0.000153,0.000081,0.000373,0.005607,0.000081,0.000086,0.000265,0.000153,0.000153,0.005640,0.000202,0.000161,0.005632,0.000299,0.000265,0.000153,0.009511,0.000153,0.005606,0.000489,0.005632,0.000265,0.000026,0.000161,0.023004,0.000550,0.000550,0.000550,0.000550,0.000000,0.000026,0.000161,0.000489,0.000202,0.000489,0.000161,0.005606,0.000265,0.031802,0.000265,0.000026,0.000202,0.000202,0.000161,0.005640,0.000550,0.000352,0.000202,0.000202,0.000202,0.000202,0.000265,0.000202,0.000265,0.000153,1.004921,0.000489,0.031802,0.000489,0.005607,0.000299,0.000153,0.031802,0.000000,0.000000,0.000081,0.000265,0.000489,0.000202,0.000202,0.000489,0.000202,0.000161,0.014523,0.005607,0.000153,0.000550,0.004109,0.004172,0.000708,0.007507,0.004301,0.003732,0.000648,0.023640,0.023661,0.021208,0.017490,0.017598,0.023661,0.000465,0.000531,0.000671,0.000499,0.000416,0.000531,0.000524,0.000553,0.000475,0.000475,0.000618,0.000563,0.000655,0.000575,0.004719,0.000629,0.003768,0.003827,0.000413,0.000250,0.000187,0.000514,0.000330,0.000531,0.000291,0.000461,0.008492,0.000262,0.000401
set,0.000005,0.000200,0.012726,0.003952,0.009330,0.000006,0.000201,0.009479,0.012726,0.002012,0.000010,0.009333,0.000183,0.012726,0.000006,0.000201,0.009330,0.000010,0.000010,0.009479,0.000437,0.002012,0.001791,0.000211,0.000437,0.001791,0.000005,0.000200,0.002012,0.002012,0.000301,0.003952,0.000010,0.000201,0.000492,0.000200,0.002012,0.009330,0.002012,0.000184,0.012726,0.000201,0.000200,0.000010,0.000010,0.000080,0.009479,0.009479,0.009479,0.009479,0.000006,0.000010,0.000010,0.012726,0.003952,0.012726,0.000005,0.000184,0.000200,0.000183,0.000200,0.000010,0.003952,0.003952,0.000010,0.000301,0.009479,0.000480,0.003952,0.003952,0.003952,0.003952,0.000200,0.003952,0.000194,0.002012,0.000183,1.002497,0.000183,0.012726,0.000437,0.000492,0.002012,0.000183,0.000006,0.000006,0.001791,0.000200,0.012726,0.003952,0.003952,0.012726,0.003952,0.000010,0.000292,0.000437,0.002012,0.009479,0.004958,0.003045,0.005871,0.004187,0.003035,0.004322,0.003107,0.000440,0.001534,0.002600,0.001565,0.003072,0.001534,0.006584,0.006961,0.008557,0.006501,0.005214,0.006984,0.008481,0.005521,0.005335,0.005325,0.009377,0.007546,0.007044,0.007554,0.006926,0.003014,0.001301,0.001380,0.000394,0.001672,0.001560,0.001362,0.000145,0.000288,0.000148,0.000157,0.000214,0.000162,0.001546
shadowing,0.000086,0.000426,0.000489,0.000202,0.009511,0.000000,0.005632,0.000550,0.000489,0.000153,0.000026,0.000594,0.031802,0.000489,0.000000,0.005632,0.009511,0.000026,0.000026,0.000550,0.005607,0.000153,0.000081,0.000373,0.005607,0.000081,0.000086,0.000265,0.000153,0.000153,0.005640,0.000202,0.000161,0.005632,0.000299,0.000265,0.000153,0.009511,0.000153,0.005606,0.000489,0.005632,0.000265,0.000026,0.000161,0.023004,0.000550,0.000550,0.000550,0.000550,0.000000,0.000026,0.000161,0.000489,0.000202,0.000489,0.000161,0.005606,0.000265,0.031802,0.000265,0.000026,0.000202,0.000202,0.000161,0.005640,0.000550,0.000352,0.000202,0.000202,0.000202,0.000202,0.000265,0.000202,0.000265,0.000153,0.031802,0.000489,1.004921,0.000489,0.005607,0.000299,0.000153,0.031802,0.000000,0.000000,0.000081,0.000265,0.000489,0.000202,0.000202,0.000489,0.000202,0.000161,0.014523,0.005607,0.000153,0.000550,0.004109,0.004172,0.000708,0.007507,0.004301,0.003732,0.000648,0.023640,0.023661,0.021208,0.017490,0.017598,0.023661,0.000465,0.000531,0.000671,0.000499,0.000416,0.000531,0.000524,0.000553,0.000475,0.000475,0.000618,0.000563,0.000655,0.000575,0.004719,0.000629,0.003768,0.003827,0.000413,0.000250,0.000187,0.000514,0.000330,0.000531,0.000291,0.000461,0.008492,0.000262,0.000401
slice,0.000005,0.000200,0.012726,0.003952,0.009330,0.000006,0.000201,0.009479,0.012726,0.002012,0.000010,0.009333,0.000183,0.012726,0.000006,0.000201,0.009330,0.000010,0.000010,0.009479,0.000437,0.002012,0.001791,0.000211,0.000437,0.001791,0.000005,0.000200,0.002012,0.002012,0.000301,0.003952,0.000010,0.000201,0.000492,0.000200,0.002012,0.009330,0.002012,0.000184,0.012726,0.000201,0.000200,0.000010,0.000010,0.000080,0.009479,0.009479,0.009479,0.009479,0.000006,0.000010,0.000010,0.012726,0.003952,0.012726,0.000005,0.000184,0.000200,0.000183,0.000200,0.000010,0.003952,0.003952,0.000010,0.000301,0.009479,0.000480,0.003952,0.003952,0.003952,0.003952,0.000200,0.003952,0.000194,0.002012,0.000183,0.012726,0.000183,1.002497,0.000437,0.000492,0.002012,0.000183,0.000006,0.000006,0.001791,0.000200,0.012726,0.003952,0.003952,0.012726,0.003952,0.000010,0.000292,0.000437,0.002012,0.009479,0.004958,0.003045,0.005871,0.004187,0.003035,0.004322,0.003107,0.000440,0.001534,0.002600,0.001565,0.003072,0.001534,0.006584,0.006961,0.008557,0.006501,0.005214,0.006984,0.008481,0.005521,0.005335,0.005325,0.009377,0.007546,0.007044,0.007554,0.006926,0.003014,0.001301,0.001380,0.000394,0.001672,0.001560,0.001362,0.000145,0.000288,0.000148,0.000157,0.000214,0.000162,0.001546
struct,0.000185,0.000162,0.000697,0.003401,0.000726,0.000000,0.014369,0.005605,0.000697,0.005682,0.000040,0.000694,0.003348,0.000697,0.000000,0.014369,0.000726,0.000040,0.000040,0.005605,0.019138,0.005682,0.000640,0.000445,0.019138,0.000640,0.000185,0.000119,0.005682,0.005682,0.014214,0.003401,0.000056,0.014369,0.003538,0.000119,0.005682,0.000726,0.005682,0.014205,0.000697,0.014369,0.000119,0.000040,0.000056,0.003183,0.005605,0.005605,0.005605,0.005605,0.000000,0.000040,0.000056,0.000697,0.003401,0.000697,0.000043,0.014205,0.000119,0.003348,0.000119,0.000040,0.003401,0.003401,0.000056,0.014214,0.005605,0.003257,0.003401,0.003401,0.003401,0.003401,0.000119,0.003401,0.000119,0.005682,0.003348,0.000697,0.003348,0.000697,1.002908,0.003538,0.005682,0.003348,0.000000,0.000000,0.000640,0.000119,0.000697,0.003401,0.003401,0.000697,0.003401,0.000056,0.014263,0.019138,0.005682,0.005605,0.000652,0.000591,0.000632,0.004597,0.005230,0.002416,0.002565,0.005307,0.002648,0.002355,0.002587,0.002731,0.002648,0.002616,0.002908,0.002695,0.000506,0.002646,0.002914,0.000652,0.003344,0.002931,0.002928,0.000664,0.000512,0.002909,0.000516,0.002908,0.002683,0.004635,0.007669,0.002379,0.000582,0.000521,0.000207,0.000143,0.002601,0.000279,0.002644,0.005133,0.000143,0.000177
subtyping,0.000037,0.000312,0.000930,0.017276,0.000146,0.000000,0.009865,0.000173,0.000930,0.000065,0.000028,0.000161,0.000212,0.000930,0.000000,0.009865,0.000146,0.000028,0.000028,0.000173,0.004193,0.000065,0.000026,0.005935,0.004193,0.000026,0.000037,0.000225,0.000065,0.000065,0.004173,0.017276,0.000093,0.009865,0.022116,0.000225,0.000065,0.000146,0.000065,0.004163,0.000930,0.009865,0.000225,0.000028,0.000093,0.000275,0.000173,0.000173,0.000173,0.000173,0.000000,0.000028,0.000093,0.000930,0.017276,0.000930,0.000087,0.004163,0.000225,0.000212,0.000225,0.000028,0.017276,0.017276,0.000093,0.004173,0.000173,0.016482,0.017276,0.017276,0.017276,0.017276,0.000225,0.017276,0.000225,0.000065,0.000212,0.000930,0.000212,0.000930,0.004193,1.002939,0.000065,0.000212,0.000000,0.000000,0.000026,0.000225,0.000930,0.017276,0.017276,0.000930,0.017276,0.000093,0.004161,0.004193,0.000065,0.000173,0.000180,0.000201,0.000192,0.000332,0.000451,0.000389,0.002822,0.002803,0.000275,0.000257,0.000398,0.000353,0.000275,0.006719,0.004027,0.003560,0.003394,0.011012,0.004040,0.003348,0.004618,0.007825,0.007816,0.001031,0.001062,0.003985,0.001061,0.001188,0.008556,0.006260,0.008503,0.002657,0.000131,0.000069,0.000242,0.000197,0.003144,0.000170,0.000321,0.000473,0.000137,0.000197
switch_match,0.000000,0.000107,0.003681,0.000144,0.003626,0.000000,0.000275,0.009855,0.003681,0.022777,0.000002,0.003651,0.000105,0.003681,0.000000,0.000275,0.003626,0.000002,0.000002,0.009855,0.006511,0.022777,0.016904,0.000107,0.006511,0.016904,0.000000,0.000107,0.022777,0.022777,0.000333,0.000144,0.000000,0.000275,0.000063,0.000107,0.022777,0.003626,0.022777,0.000275,0.003681,0.000275,0.000107,0.000002,0.000000,0.000073,0.009855,0.009855,0.009855,0.009855,0.000000,0.000002,0.000000,0.003681,0.000144,0.003681,0.000000,0.000275,0.000107,0.000105,0.000107,0.000002,0.000144,0.000144,0.000000,0.000333,0.009855,0.000063,0.000144,0.000144,0.000144,0.000144,0.000107,0.000144,0.000107,0.022777,0.000105,0.003681,0.000105,0.003681,0.006511,0.000063,1.004221,0.000105,0.000000,0.000000,0.016904,0.000107,0.003681,0.000144,0.000144,0.003681,0.000144,0.000000,0.000307,0.006511,0.022777,0.009855,0.002953,0.002818,0.003428,0.002620,0.002863,0.002606,0.000410,0.000221,0.000283,0.000354,0.000286,0.002788,0.000283,0.000417,0.000469,0.002999,0.000422,0.000286,0.000473,0.002953,0.000354,0.000312,0.000311,0.003443,0.000498,0.000487,0.000502,0.000490,0.000371,0.000260,0.000288,0.006105,0.012969,0.012923,0.000199,0.000052,0.000109,0.000081,0.000101,0.000164,0.000075,0.000227
symbol_table,0.000086,0.000426,0.000489,0.000202,0.009511,0.000000,0.005632,0.000550,0.000489,0.000153,0.000026,0.000594,0.031802,0.000489,0.000000,0.005632,0.009511,0.000026,0.000026,0.000550,0.005607,0.000153,0.000081,0.000373,0.005607,0.000081,0.000086,0.000265,0.000153,0.000153,0.005640,0.000202,0.000161,0.005632,0.000299,0.000265,0.000153,0.009511,0.000153,0.005606,0.000489,0.005632,0.000265,0.000026,0.000161,0.023004,0.000550,0.000550,0.000550,0.000550,0.000000,0.000026,0.000161,0.000489,0.000202,0.000489,0.000161,0.005606,0.000265,0.031802,0.000265,0.000026,0.000202,0.000202,0.000161,0.005640,0.000550,0.000352,0.000202,0.000202,0.000202,0.000202,0.000265,0.000202,0.000265,0.000153,0.031802,0.000489,0.031802,0.000489,0.005607,0.000299,0.000153,1.004921,0.000000,0.000000,0.000081,0.000265,0.000489,0.000202,0.000202,0.000489,0.000202,0.000161,0.014523,0.005607,0.000153,0.000550,0.004109,0.004172,0.000708,0.007507,0.004301,0.003732,0.000648,0.023640,0.023661,0.021208,0.017490,0.017598,0.023661,0.000465,0.000531,0.000671,0.000499,0.000416,0.000531,0.000524,0.000553,0.000475,0.000475,0.000618,0.000563,0.000655,0.000575,0.004719,0.000629,0.003768,0.003827,0.000413,0.000250,0.000187,0.000514,0.000330,0.000531,0.000291,0.000461,0.008492,0.000262,0.000401
task_async,0.000000,0.002191,0.000028,0.000000,0.000028,0.059878,0.000000,0.000028,0.000028,0.000000,0.000000,0.000028,0.000000,0.000028,0.059878,0.000000,0.000028,0.000000,0.000000,0.000028,0.000000,0.000000,0.000000,0.001671,0.000000,0.000000,0.000000,0.018795,0.000000,0.000000,0.000000,0.000000,0.000520,0.000000,0.000000,0.018795,0.000000,0.000028,0.000000,0.000000,0.000028,0.000000,0.018795,0.000000,0.000520,0.000520,0.000028,0.000028,0.000028,0.000028,0.059878,0.000000,0.000520,0.000028,0.000000,0.000028,0.043588,0.000000,0.018795,0.000000,0.018795,0.000000,0.000000,0.000000,0.000520,0.000000,0.000028,0.000520,0.000000,0.000000,0.000000,0.000000,0.018795,0.000000,0.001671,0.000000,0.000000,0.000028,0.000000,0.000028,0.000000,0.000000,0.000000,0.000000,1.011967,0.059878,0.000000,0.018795,0.000028,0.000000,0.000000,0.000028,0.000000,0.000520,0.000000,0.000000,0.000000,0.000028,0.000273,0.000605,0.000319,0.000021,0.000273,0.000212,0.000242,0.000242,0.000273,0.000239,0.000564,0.000242,0.000273,0.000242,0.000282,0.000273,0.000605,0.000242,0.000282,0.000273,0.000337,0.000282,0.000282,0.000319,0.000382,0.000319,0.000382,0.000319,0.000564,0.000484,0.000212,0.000564,0.000282,0.000282,0.001125,0.000802,0.000802,0.000564,0.000282,0.000242,0.000282,0.018497
thread,0.000000,0.002191,0.000028,0.000000,0.000028,0.059878,0.000000,0.000028,0.000028,0.000000,0.000000,0.000028,0.000000,0.000028,0.059878,0.000000,0.000028,0.000000,0.000000,0.000028,0.000000,0.000000,0.000000,0.001671,0.000000,0.000000,0.000000,0.018795,0.000000,0.000000,0.000000,0.000000,0.000520,0.000000,0.000000,0.018795,0.000000,0.000028,0.000000,0.000000,0.000028,0.000000,0.018795,0.000000,0.000520,0.000520,0.000028,0.000028,0.000028,0.000028,0.059878,0.000000,0.000520,0.000028,0.000000,0.000028,0.043588,0.000000,0.018795,0.000000,0.018795,0.000000,0.000000,0.000000,0.000520,0.000000,0.000028,0.000520,0.000000,0.000000,0.000000,0.000000,0.018795,0.000000,0.001671,0.000000,0.000000,0.000028,0.000000,0.000028,0.000000,0.000000,0.000000,0.000000,0.059878,1.011967,0.000000,0.018795,0.000028,0.000000,0.000000,0.000028,0.000000,0.000520,0.000000,0.000000,0.000000,0.000028,0.000273,0.000605,0.000319,0.000021,0.000273,0.000212,0.000242,0.000242,0.000273,0.000239,0.000564,0.000242,0.000273,0.000242,0.000282,0.000273,0.000605,0.000242,0.000282,0.000273,0.000337,0.000282,0.000282,0.000319,0.000382,0.000319,0.000382,0.000319,0.000564,0.000484,0.000212,0.000564,0.000282,0.000282,0.001125,0.000802,0.000802,0.000564,0.000282,0.000242,0.000282,0.018497
throw_raise,0.000000,0.000208,0.004228,0.000138,0.004156,0.000000,0.000053,0.005010,0.004228,0.021813,0.000003,0.004188,0.000072,0.004228,0.000000,0.000053,0.004156,0.000003,0.000003,0.005010,0.000946,0.021813,0.028082,0.000208,0.000946,0.028082,0.000000,0.000208,0.021813,0.021813,0.000128,0.000138,0.000000,0.000053,0.000032,0.000208,0.021813,0.004156,0.021813,0.000053,0.004228,0.000053,0.000208,0.000003,0.000000,0.000031,0.005010,0.005010,0.005010,0.005010,0.000000,0.000003,0.000000,0.004228,0.000138,0.004228,0.000000,0.000053,0.000208,0.000072,0.000208,0.000003,0.000138,0.000138,0.000000,0.000128,0.005010,0.000032,0.000138,0.000138,0.000138,0.000138,0.000208,0.000138,0.000208,0.021813,0.000072,0.004228,0.000072,0.004228,0.000946,0.000032,0.021813,0.000072,0.000000,0.000000,1.004268,0.000208,0.004228,0.000138,0.000138,0.004228,0.000138,0.000000,0.000094,0.000946,0.021813,0.005010,0.003563,0.003523,0.004128,0.003056,0.003443,0.003112,0.000399,0.000228,0.000297,0.000333,0.000319,0.003406,0.000297,0.000399,0.000442,0.003583,0.000465,0.000304,0.000447,0.003555,0.000367,0.000328,0.000326,0.004135,0.000489,0.000465,0.000495,0.000453,0.000373,0.000240,0.000195,0.014598,0.023216,0.023139,0.000252,0.000094,0.000131,0.000157,0.000105,0.000130,0.000135,0.000287
time,0.000222,0.019075,0.000426,0.000233,0.000367,0.008212,0.000313,0.000292,0.000426,0.000125,0.000208,0.000364,0.000212,0.000426,0.008212,0.000313,0.000367,0.000208,0.000208,0.000292,0.000159,0.000125,0.000188,0.019053,0.000159,0.000188,0.000222,0.026209,0.000125,0.000125,0.000231,0.000233,0.000309,0.000313,0.000254,0.026209,0.000125,0.000367,0.000125,0.000236,0.000426,0.000313,0.026209,0.000208,0.000309,0.000300,0.000292,0.000292,0.000292,0.000292,0.008212,0.000208,0.000309,0.000426,0.000233,0.000426,0.001254,0.000236,0.026209,0.000212,0.026209,0.000208,0.000233,0.000233,0.000309,0.000231,0.000292,0.000263,0.000233,0.000233,0.000233,0.000233,0.026209,0.000233,0.019011,0.000125,0.000212,0.000426,0.000212,0.000426,0.000159,0.000254,0.000125,0.000212,0.008212,0.008212,0.000188,1.004663,0.000426,0.000233,0.000233,0.000426,0.000233,0.000309,0.000234,0.000159,0.000125,0.000292,0.003215,0.006859,0.003652,0.000378,0.003201,0.002868,0.003209,0.003161,0.003219,0.002810,0.006818,0.003238,0.003219,0.003242,0.003722,0.003363,0.006922,0.003207,0.003731,0.003291,0.004372,0.003693,0.003687,0.003797,0.004429,0.003822,0.004433,0.003815,0.006891,0.005972,0.002939,0.006690,0.003489,0.003387,0.006879,0.003612,0.003649,0.006668,0.003495,0.003119,0.003506,0.021766
tuple,0.000005,0.000200,0.012726,0.003952,0.009330,0.000006,0.000201,0.009479,0.012726,0.002012,0.000010,0.009333,0.000183,0.012726,0.000006,0.000201,0.009330,0.000010,0.000010,0.009479,0.000437,0.002012,0.001791,0.000211,0.000437,0.001791,0.000005,0.000200,0.002012,0.002012,0.000301,0.003952,0.000010,0.000201,0.000492,0.000200,0.002012,0.009330,0.002012,0.000184,0.012726,0.000201,0.000200,0.000010,0.000010,0.000080,0.009479,0.009479,0.009479,0.009479,0.000006,0.000010,0.000010,0.012726,0.003952,0.012726,0.000005,0.000184,0.000200,0.000183,0.000200,0.000010,0.003952,0.003952,0.000010,0.000301,0.009479,0.000480,0.003952,0.003952,0.003952,0.003952,0.000200,0.003952,0.000194,0.002012,0.000183,0.012726,0.000183,0.012726,0.000437,0.000492,0.002012,0.000183,0.000006,0.000006,0.001791,0.000200,1.002497,0.003952,0.003952,0.012726,0.003952,0.000010,0.000292,0.000437,0.002012,0.009479,0.004958,0.003045,0.005871,0.004187,0.003035,0.004322,0.003107,0.000440,0.001534,0.002600,0.001565,0.003072,0.001534,0.006584,0.006961,0.008557,0.006501,0.005214,0.006984,0.008481,0.005521,0.005335,0.005325,0.009377,0.007546,0.007044,0.007554,0.006926,0.003014,0.001301,0.001380,0.000394,0.001672,0.001560,0.001362,0.000145,0.000288,0.000148,0.000157,0.000214,0.000162,0.001546
tuple_type,0.000026,0.000204,0.005213,0.016657,0.000504,0.000000,0.002927,0.000523,0.005213,0.000104,0.000008,0.000514,0.000100,0.005213,0.000000,0.002927,0.000504,0.000008,0.000008,0.000523,0.002810,0.000104,0.000077,0.000301,0.002810,0.000077,0.000026,0.000144,0.000104,0.000104,0.002796,0.016657,0.000065,0.002927,0.012044,0.000144,0.000104,0.000504,0.000104,0.002789,0.005213,0.002927,0.000144,0.000008,0.000065,0.000144,0.000523,0.000523,0.000523,0.000523,0.000000,0.000008,0.000065,0.005213,0.016657,0.005213,0.000061,0.002789,0.000144,0.000100,0.000144,0.000008,0.016657,0.016657,0.000065,0.002796,0.000523,0.011952,0.016657,0.016657,0.016657,0.016657,0.000144,0.016657,0.000144,0.000104,0.000100,0.005213,0.000100,0.005213,0.002810,0.012044,0.000104,0.000100,0.000000,0.000000,0.000077,0.000144,0.005213,1.003209,0.016657,0.005213,0.016657,0.000065,0.002788,0.002810,0.000104,0.000523,0.000360,0.000289,0.000418,0.000322,0.000398,0.000442,0.002212,0.002004,0.000264,0.000277,0.000341,0.000394,0.000264,0.009237,0.007278,0.007054,0.006823,0.012304,0.007307,0.006896,0.007693,0.010008,0.009994,0.005258,0.005234,0.007313,0.005235,0.005217,0.002350,0.000505,0.002122,0.001929,0.000185,0.000082,0.000263,0.000177,0.002292,0.000134,0.000200,0.000256,0.000122,0.000219
type_inference,0.000026,0.000204,0.005213,0.016657,0.000504,0.000000,0.002927,0.000523,0.005213,0.000104,0.000008,0.000514,0.000100,0.005213,0.000000,0.002927,0.000504,0.000008,0.000008,0.000523,0.002810,0.000104,0.000077,0.000301,0.002810,0.000077,0.000026,0.000144,0.000104,0.000104,0.002796,0.016657,0.000065,0.002927,0.012044,0.000144,0.000104,0.000504,0.000104,0.002789,0.005213,0.002927,0.000144,0.000008,0.000065,0.000144,0.000523,0.000523,0.000523,0.000523,0.000000,0.000008,0.000065,0.005213,0.016657,0.005213,0.000061,0.002789,0.000144,0.000100,0.000144,0.000008,0.016657,0.016657,0.000065,0.002796,0.000523,0.011952,0.016657,0.016657,0.016657,0.016657,0.000144,0.016657,0.000144,0.000104,0.000100,0.005213,0.000100,0.005213,0.002810,0.012044,0.000104,0.000100,0.000000,0.000000,0.000077,0.000144,0.005213,0.016657,1.003209,0.005213,0.016657,0.000065,0.002788,0.002810,0.000104,0.000523,0.000360,0.000289,0.000418,0.000322,0.000398,0.000442,0.002212,0.002004,0.000264,0.000277,0.000341,0.000394,0.000264,0.009237,0.007278,0.007054,0.006823,0.012304,0.007307,0.006896,0.007693,0.010008,0.009994,0.005258,0.005234,0.007313,0.005235,0.005217,0.002350,0.000505,0.002122,0.001929,0.000185,0.000082,0.000263,0.000177,0.002292,0.000134,0.000200,0.000256,0.000122,0.000219
unary_op,0.000005,0.000200,0.012726,0.003952,0.009330,0.000006,0.000201,0.009479,0.012726,0.002012,0.000010,0.009333,0.000183,0.012726,0.000006,0.000201,0.009330,0.000010,0.000010,0.009479,0.000437,0.002012,0.001791,0.000211,0.000437,0.001791,0.000005,0.000200,0.002012,0.002012,0.000301,0.003952,0.000010,0.000201,0.000492,0.000200,0.002012,0.009330,0.002012,0.000184,0.012726,0.000201,0.000200,0.000010,0.000010,0.000080,0.009479,0.009479,0.009479,0.009479,0.000006,0.000010,0.000010,0.012726,0.003952,0.012726,0.000005,0.000184,0.000200,0.000183,0.000200,0.000010,0.003952,0.003952,0.000010,0.000301,0.009479,0.000480,0.003952,0.003952,0.003952,0.003952,0.000200,0.003952,0.000194,0.002012,0.000183,0.012726,0.000183,0.012726,0.000437,0.000492,0.002012,0.000183,0.000006,0.000006,0.001791,0.000200,0.012726,0.003952,0.003952,1.002497,0.003952,0.000010,0.000292,0.000437,0.002012,0.009479,0.004958,0.003045,0.005871,0.004187,0.003035,0.004322,0.003107,0.000440,0.001534,0.002600,0.001565,0.003072,0.001534,0.006584,0.006961,0.008557,0.006501,0.005214,0.006984,0.008481,0.005521,0.005335,0.005325,0.009377,0.007546,0.007044,0.007554,0.006926,0.003014,0.001301,0.001380,0.000394,0.001672,0.001560,0.001362,0.000145,0.000288,0.000148,0.000157,0.000214,0.000162,0.001546
union_sum,0.000026,0.000204,0.005213,0.016657,0.000504,0.000000,0.002927,0.000523,0.005213,0.000104,0.000008,0.000514,0.000100,0.005213,0.000000,0.002927,0.000504,0.000008,0.000008,0.000523,0.002810,0.000104,0.000077,0.000301,0.002810,0.000077,0.000026,0.000144,0.000104,0.000104,0.002796,0.016657,0.000065,0.002927,0.012044,0.000144,0.000104,0.000504,0.000104,0.002789,0.005213,0.002927,0.000144,0.000008,0.000065,0.000144,0.000523,0.000523,0.000523,0.000523,0.000000,0.000008,0.000065,0.005213,0.016657,0.005213,0.000061,0.002789,0.000144,0.000100,0.000144,0.000008,0.016657,0.016657,0.000065,0.002796,0.000523,0.011952,0.016657,0.016657,0.016657,0.016657,0.000144,0.016657,0.000144,0.000104,0.000100,0.005213,0.000100,0.005213,0.002810,0.012044,0.000104,0.000100,0.000000,0.000000,0.000077,0.000144,0.005213,0.016657,0.016657,0.005213,1.003209,0.000065,0.002788,0.002810,0.000104,0.000523,0.000360,0.000289,0.000418,0.000322,0.000398,0.000442,0.002212,0.002004,0.000264,0.000277,0.000341,0.000394,0.000264,0.009237,0.007278,0.007054,0.006823,0.012304,0.007307,0.006896,0.007693,0.010008,0.009994,0.005258,0.005234,0.007313,0.005235,0.005217,0.002350,0.000505,0.002122,0.001929,0.000185,0.000082,0.000263,0.000177,0.002292,0.000134,0.000200,0.000256,0.000122,0.000219
unsafe,0.035330,0.013833,0.000039,0.000188,0.000039,0.000408,0.000133,0.000039,0.000039,0.000000,0.000058,0.000039,0.000230,0.000039,0.000408,0.000133,0.000039,0.000058,0.000058,0.000039,0.000133,0.000000,0.000000,0.000555,0.000133,0.000000,0.035330,0.000555,0.000000,0.000000,0.000133,0.000188,0.047728,0.000133,0.000188,0.000555,0.000000,0.000039,0.000000,0.001035,0.000039,0.000133,0.000555,0.000058,0.047728,0.013431,0.000039,0.000039,0.000039,0.000039,0.000408,0.000058,0.047728,0.000039,0.000188,0.000039,0.013362,0.001035,0.000555,0.000230,0.000555,0.000058,0.000188,0.000188,0.047728,0.000133,0.000039,0.013503,0.000188,0.000188,0.000188,0.000188,0.000555,0.000188,0.000555,0.000000,0.000230,0.000039,0.000230,0.000039,0.000133,0.000188,0.000000,0.000230,0.000408,0.000408,0.000000,0.000555,0.000039,0.000188,0.000188,0.000039,0.000188,1.009693,0.000133,0.000133,0.000000,0.000039,0.000296,0.000432,0.000300,0.000109,0.000312,0.000272,0.000348,0.000417,0.000401,0.000241,0.000420,0.000296,0.000401,0.000307,0.000321,0.000323,0.000421,0.000347,0.000321,0.000284,0.000377,0.000355,0.000355,0.000312,0.000366,0.000383,0.000362,0.000351,0.000416,0.000399,0.000353,0.000404,0.000250,0.000111,0.025748,0.040076,0.019772,0.022620,0.007161,0.001275,0.000316,0.000524
variable,0.000201,0.000237,0.000507,0.003662,0.005762,0.000000,0.015565,0.000549,0.000507,0.000290,0.000044,0.000503,0.009411,0.000507,0.000000,0.015565,0.005762,0.000044,0.000044,0.000549,0.015479,0.000290,0.000069,0.000544,0.015479,0.000069,0.000201,0.000190,0.000290,0.000290,0.015398,0.003662,0.000060,0.015565,0.003811,0.000190,0.000290,0.005762,0.000290,0.015387,0.000507,0.015565,0.000190,0.000044,0.000060,0.004081,0.000549,0.000549,0.000549,0.000549,0.000000,0.000044,0.000060,0.000507,0.003662,0.000507,0.000047,0.015387,0.000190,0.009411,0.000190,0.000044,0.003662,0.003662,0.000060,0.015398,0.000549,0.003505,0.003662,0.003662,0.003662,0.003662,0.000190,0.003662,0.000190,0.000290,0.009411,0.000507,0.009411,0.000507,0.015479,0.003811,0.000290,0.009411,0.000000,0.000000,0.000069,0.000190,0.000507,0.003662,0.003662,0.000507,0.003662,0.000060,1.003059,0.015479,0.000290,0.000549,0.000740,0.000753,0.000554,0.005062,0.005677,0.002634,0.002772,0.011443,0.008597,0.008159,0.008350,0.008402,0.008597,0.002816,0.003128,0.002808,0.000590,0.002882,0.003134,0.000608,0.003640,0.003192,0.003188,0.000602,0.000578,0.003157,0.000585,0.003317,0.002907,0.005149,0.008371,0.002425,0.000199,0.000123,0.000271,0.000192,0.002838,0.000350,0.002874,0.005829,0.000206,0.000244
visibility,0.000185,0.000162,0.000697,0.003401,0.000726,0.000000,0.014369,0.005605,0.000697,0.005682,0.000040,0.000694,0.003348,0.000697,0.000000,0.014369,0.000726,0.000040,0.000040,0.005605,0.019138,0.005682,0.000640,0.000445,0.019138,0.000640,0.000185,0.000119,0.005682,0.005682,0.014214,0.003401,0.000056,0.014369,0.003538,0.000119,0.005682,0.000726,0.005682,0.014205,0.000697,0.014369,0.000119,0.000040,0.000056,0.003183,0.005605,0.005605,0.005605,0.005605,0.000000,0.000040,0.000056,0.000697,0.003401,0.000697,0.000043,0.014205,0.000119,0.003348,0.000119,0.000040,0.003401,0.003401,0.000056,0.014214,0.005605,0.003257,0.003401,0.003401,0.003401,0.003401,0.000119,0.003401,0.000119,0.005682,0.003348,0.000697,0.003348,0.000697,0.019138,0.003538,0.005682,0.003348,0.000000,0.000000,0.000640,0.000119,0.000697,0.003401,0.003401,0.000697,0.003401,0.000056,0.014263,1.002908,0.005682,0.005605,0.000652,0.000591,0.000632,0.004597,0.005230,0.002416,0.002565,0.005307,0.002648,0.002355,0.002587,0.002731,0.002648,0.002616,0.002908,0.002695,0.000506,0.002646,0.002914,0.000652,0.003344,0.002931,0.002928,0.000664,0.000512,0.002909,0.000516,0.002908,0.002683,0.004635,0.007669,0.002379,0.000582,0.000521,0.000207,0.000143,0.002601,0.000279,0.002644,0.005133,0.000143,0.000177
while,0.000000,0.000107,0.003681,0.000144,0.003626,0.000000,0.000275,0.009855,0.003681,0.022777,0.000002,0.003651,0.000105,0.003681,0.000000,0.000275,0.003626,0.000002,0.000002,0.009855,0.006511,0.022777,0.016904,0.000107,0.006511,0.016904,0.000000,0.000107,0.022777,0.022777,0.000333,0.000144,0.000000,0.000275,0.000063,0.000107,0.022777,0.003626,0.022777,0.000275,0.003681,0.000275,0.000107,0.000002,0.000000,0.000073,0.009855,0.009855,0.009855,0.009855,0.000000,0.000002,0.000000,0.003681,0.000144,0.003681,0.000000,0.000275,0.000107,0.000105,0.000107,0.000002,0.000144,0.000144,0.000000,0.000333,0.009855,0.000063,0.000144,0.000144,0.000144,0.000144,0.000107,0.000144,0.000107,0.022777,0.000105,0.003681,0.000105,0.003681,0.006511,0.000063,0.022777,0.000105,0.000000,0.000000,0.016904,0.000107,0.003681,0.000144,0.000144,0.003681,0.000144,0.000000,0.000307,0.006511,1.004221,0.009855,0.002953,0.002818,0.003428,0.002620,0.002863,0.002606,0.000410,0.000221,0.000283,0.000354,0.000286,0.002788,0.000283,0.000417,0.000469,0.002999,0.000422,0.000286,0.000473,0.002953,0.000354,0.000312,0.000311,0.003443,0.000498,0.000487,0.000502,0.000490,0.000371,0.000260,0.000288,0.006105,0.012969,0.012923,0.000199,0.000052,0.000109,0.000081,0.000101,0.000164,0.000075,0.000227
yield,0.000006,0.000159,0.011015,0.000461,0.010747,0.000007,0.000262,0.014479,0.011015,0.006259,0.000012,0.010751,0.000239,0.011015,0.000007,0.000262,0.010747,0.000012,0.000012,0.014479,0.004080,0.006259,0.002466,0.000172,0.004080,0.002466,0.000006,0.000159,0.006259,0.006259,0.000378,0.000461,0.000012,0.000262,0.000107,0.000159,0.006259,0.010747,0.006259,0.000242,0.011015,0.000262,0.000159,0.000012,0.000012,0.000120,0.014479,0.014479,0.014479,0.014479,0.000007,0.000012,0.000012,0.011015,0.000461,0.011015,0.000006,0.000242,0.000159,0.000239,0.000159,0.000012,0.000461,0.000461,0.000012,0.000378,0.014479,0.000093,0.000461,0.000461,0.000461,0.000461,0.000159,0.000461,0.000153,0.006259,0.000239,0.011015,0.000239,0.011015,0.004080,0.000107,0.006259,0.000239,0.000007,0.000007,0.002466,0.000159,0.011015,0.000461,0.000461,0.011015,0.000461,0.000012,0.000368,0.004080,0.006259,1.002613,0.005691,0.003482,0.006738,0.004898,0.003519,0.004946,0.003374,0.000410,0.001709,0.002946,0.001708,0.003504,0.001709,0.003614,0.004132,0.006011,0.003612,0.001922,0.004142,0.005948,0.002421,0.002132,0.002127,0.007041,0.004837,0.004183,0.004846,0.004180,0.003259,0.001442,0.001478,0.000461,0.002170,0.002096,0.001483,0.000111,0.000189,0.000118,0.000151,0.000244,0.000131,0.001688
r.promise_lazy_argument,0.000099,0.002234,0.007430,0.000409,0.007363,0.000084,0.000426,0.007339,0.007430,0.002419,0.000118,0.011716,0.002303,0.007430,0.000084,0.000426,0.007363,0.000118,0.000118,0.007339,0.000612,0.002419,0.002261,0.002210,0.000612,0.002261,0.000099,0.002261,0.002419,0.002419,0.004971,0.000409,0.000116,0.000426,0.000142,0.002261,0.002419,0.007363,0.002419,0.000433,0.007430,0.000426,0.002261,0.000118,0.000116,0.002109,0.007339,0.007339,0.007339,0.007339,0.000084,0.000118,0.000116,0.007430,0.000409,0.007430,0.000058,0.000433,0.002261,0.002303,0.002261,0.000118,0.000409,0.000409,0.000116,0.004971,0.007339,0.000165,0.000409,0.000409,0.000409,0.000409,0.002261,0.000409,0.002205,0.002419,0.002303,0.007430,0.002303,0.007430,0.000612,0.000142,0.002419,0.002303,0.000084,0.000084,0.002261,0.002261,0.007430,0.000409,0.000409,0.007430,0.000409,0.000116,0.000640,0.000612,0.002419,0.007339,1.001795,0.014315,0.015327,0.012958,0.010961,0.010874,0.008634,0.004954,0.007152,0.004550,0.004528,0.007361,0.007152,0.003924,0.004436,0.006385,0.004032,0.002135,0.004445,0.006299,0.002669,0.002362,0.002356,0.007319,0.005117,0.004526,0.005138,0.005075,0.003745,0.002390,0.001919,0.002323,0.004019,0.002538,0.003490,0.001753,0.001874,0.001662,0.001823,0.003907,0.002913,0.004063
r.promise_forcing,0.000152,0.005082,0.004915,0.000354,0.004938,0.000200,0.000488,0.004836,0.004915,0.002486,0.000125,0.009572,0.002519,0.004915,0.000200,0.000488,0.004938,0.000125,0.000125,0.004836,0.000597,0.002486,0.002408,0.005050,0.000597,0.002408,0.000152,0.005195,0.002486,0.002486,0.005311,0.000354,0.000182,0.000488,0.000171,0.005195,0.002486,0.004938,0.002486,0.000486,0.004915,0.000488,0.005195,0.000125,0.000182,0.002331,0.004836,0.004836,0.004836,0.004836,0.000200,0.000125,0.000182,0.004915,0.000354,0.004915,0.000089,0.000486,0.005195,0.002519,0.005195,0.000125,0.000354,0.000354,0.000182,0.005311,0.004836,0.000200,0.000354,0.000354,0.000354,0.000354,0.005195,0.000354,0.005030,0.002486,0.002519,0.004915,0.002519,0.004915,0.000597,0.000171,0.002486,0.002519,0.000200,0.000200,0.002408,0.005195,0.004915,0.000354,0.000354,0.004915,0.000354,0.000182,0.000701,0.000597,0.002486,0.004836,0.015419,1.001714,0.012858,0.011708,0.011843,0.010010,0.007604,0.006033,0.008358,0.006992,0.007417,0.008489,0.008358,0.002404,0.002682,0.006621,0.006415,0.002214,0.002693,0.006541,0.002788,0.002455,0.002449,0.007599,0.005348,0.004717,0.005369,0.005487,0.004061,0.004287,0.002098,0.004482,0.004382,0.004828,0.006016,0.002024,0.002118,0.003613,0.002054,0.004454,0.002615,0.007272
r.missing_argument,0.000094,0.002397,0.008368,0.000451,0.008151,0.000093,0.000350,0.008264,0.008368,0.002670,0.000103,0.012387,0.000377,0.008368,0.000093,0.000350,0.008151,0.000103,0.000103,0.008264,0.000564,0.002670,0.002492,0.002382,0.000564,0.002492,0.000094,0.002442,0.002670,0.002670,0.004672,0.000451,0.000112,0.000350,0.000144,0.002442,0.002670,0.008151,0.002670,0.000346,0.008368,0.000350,0.002442,0.000103,0.000112,0.000286,0.008264,0.008264,0.008264,0.008264,0.000093,0.000103,0.000112,0.008368,0.000451,0.008368,0.000049,0.000346,0.002442,0.000377,0.002442,0.000103,0.000451,0.000451,0.000112,0.004672,0.008264,0.000158,0.000451,0.000451,0.000451,0.000451,0.002442,0.000451,0.002374,0.002670,0.000377,0.008368,0.000377,0.008368,0.000564,0.000144,0.002670,0.000377,0.000093,0.000093,0.002492,0.002442,0.008368,0.000451,0.000451,0.008368,0.000451,0.000112,0.000456,0.000564,0.002670,0.008264,0.014577,0.011353,1.001863,0.011092,0.012368,0.010536,0.008728,0.002600,0.004520,0.003234,0.002290,0.004826,0.004520,0.004234,0.004855,0.006993,0.004331,0.002272,0.004865,0.006907,0.002896,0.002534,0.002528,0.008730,0.005711,0.004942,0.006264,0.004987,0.004010,0.001962,0.001924,0.002522,0.004398,0.002806,0.003718,0.001856,0.001968,0.001730,0.001907,0.001899,0.002419,0.004420
r.dots_ellipsis,0.000093,0.000318,0.006851,0.000399,0.006966,0.000007,0.004536,0.006896,0.006851,0.002343,0.000060,0.011645,0.004594,0.006851,0.000007,0.004536,0.006966,0.000060,0.000060,0.006896,0.004712,0.002343,0.002118,0.000386,0.004712,0.002118,0.000093,0.000290,0.002343,0.002343,0.009431,0.000399,0.000046,0.004536,0.000287,0.000290,0.002343,0.006966,0.002343,0.004510,0.006851,0.004536,0.000290,0.000060,0.000046,0.004279,0.006896,0.006896,0.006896,0.006896,0.000007,0.000060,0.000046,0.006851,0.000399,0.006851,0.000035,0.004510,0.000290,0.004594,0.000290,0.000060,0.000399,0.000399,0.000046,0.009431,0.006896,0.000219,0.000399,0.000399,0.000399,0.000399,0.000290,0.000399,0.000287,0.002343,0.004594,0.006851,0.004594,0.006851,0.004712,0.000287,0.002343,0.004594,0.000007,0.000007,0.002118,0.000290,0.006851,0.000399,0.000399,0.006851,0.000399,0.000046,0.004780,0.004712,0.002343,0.006896,0.014149,0.011868,0.012734,1.001786,0.014437,0.011218,0.007447,0.005324,0.007279,0.007296,0.004603,0.007393,0.007279,0.002179,0.002431,0.004112,0.002164,0.000737,0.002433,0.003973,0.000911,0.000807,0.000804,0.004978,0.002648,0.002505,0.003129,0.004861,0.002112,0.003863,0.003507,0.001021,0.002065,0.002409,0.001719,0.000232,0.000440,0.000307,0.001829,0.005946,0.000764,0.001889
r.default_argument_lazy,0.000176,0.002280,0.004661,0.000463,0.004655,0.000086,0.004928,0.004652,0.004661,0.002404,0.000123,0.009137,0.002471,0.004661,0.000086,0.004928,0.004655,0.000123,0.000123,0.004652,0.005032,0.002404,0.002240,0.002356,0.005032,0.002240,0.000176,0.002307,0.002404,0.002404,0.009485,0.000463,0.000125,0.004928,0.000366,0.002307,0.002404,0.004655,0.002404,0.004898,0.004661,0.004928,0.002307,0.000123,0.000125,0.002291,0.004652,0.004652,0.004652,0.004652,0.000086,0.000123,0.000125,0.004661,0.000463,0.004661,0.000059,0.004898,0.002307,0.002471,0.002307,0.000123,0.000463,0.000463,0.000125,0.009485,0.004652,0.000289,0.000463,0.000463,0.000463,0.000463,0.002307,0.000463,0.002246,0.002404,0.002471,0.004661,0.002471,0.004661,0.005032,0.000366,0.002404,0.002471,0.000086,0.000086,0.002240,0.002307,0.004661,0.000463,0.000463,0.004661,0.000463,0.000125,0.005032,0.005032,0.002404,0.004652,0.011236,0.011270,0.013330,0.013553,1.001662,0.010599,0.007323,0.004683,0.006756,0.004890,0.004087,0.006902,0.006756,0.002311,0.002580,0.006311,0.003916,0.002131,0.002590,0.006141,0.002692,0.002369,0.002363,0.007718,0.004986,0.004505,0.005582,0.007069,0.002309,0.005378,0.005465,0.002599,0.004046,0.002667,0.003508,0.001800,0.002032,0.001774,0.003871,0.005892,0.002415,0.004085
r.quote_substitute_eval,0.000127,0.001938,0.006268,0.000486,0.006181,0.000063,0.002090,0.006173,0.006268,0.002066,0.001842,0.010392,0.002024,0.006268,0.000063,0.002090,0.006181,0.001842,0.001842,0.006173,0.002195,0.002066,0.001912,0.001994,0.002195,0.001912,0.000127,0.001952,0.002066,0.002066,0.006393,0.000486,0.000103,0.002090,0.000298,0.001952,0.002066,0.006181,0.002066,0.002056,0.006268,0.002090,0.001952,0.001842,0.000103,0.001852,0.006173,0.006173,0.006173,0.006173,0.000063,0.001842,0.000103,0.006268,0.000486,0.006268,0.000050,0.002056,0.001952,0.002024,0.001952,0.001842,0.000486,0.000486,0.000103,0.006393,0.006173,0.000241,0.000486,0.000486,0.000486,0.000486,0.001952,0.000486,0.002034,0.002066,0.002024,0.006268,0.002024,0.006268,0.002195,0.000298,0.002066,0.002024,0.000063,0.000063,0.001912,0.001952,0.006268,0.000486,0.000486,0.006268,0.000486,0.000103,0.002205,0.002195,0.002066,0.006173,0.010524,0.008995,0.010722,0.009944,0.010008,1.001601,0.012390,0.004555,0.004661,0.004092,0.005730,0.008609,0.004661,0.005235,0.005924,0.005598,0.003569,0.003364,0.005933,0.005443,0.004245,0.003749,0.003742,0.006212,0.004403,0.004049,0.004419,0.006439,0.005102,0.006803,0.006449,0.002162,0.003444,0.002217,0.001725,0.001552,0.003298,0.001520,0.003272,0.005308,0.003842,0.001984
r.language_object_pairlist,0.000145,0.002346,0.004854,0.002621,0.004527,0.000078,0.002537,0.004538,0.004854,0.000351,0.002256,0.009133,0.000379,0.004854,0.000078,0.002537,0.004527,0.002256,0.002256,0.004538,0.002511,0.000351,0.000264,0.002421,0.002511,0.000264,0.000145,0.002353,0.000351,0.000351,0.007081,0.002621,0.000142,0.002537,0.002331,0.002353,0.000351,0.004527,0.000351,0.002462,0.004854,0.002537,0.002353,0.002256,0.000142,0.000342,0.004538,0.004538,0.004538,0.004538,0.000078,0.002256,0.000142,0.004854,0.002621,0.004854,0.000072,0.002462,0.002353,0.000379,0.002353,0.002256,0.002621,0.002621,0.000142,0.007081,0.004538,0.002256,0.002621,0.002621,0.002621,0.002621,0.002353,0.002621,0.002454,0.000351,0.000379,0.004854,0.000379,0.004854,0.002511,0.002331,0.000351,0.000379,0.000078,0.000078,0.000264,0.002353,0.004854,0.002621,0.002621,0.004854,0.002621,0.000142,0.002500,0.002511,0.000351,0.004538,0.009004,0.007362,0.009569,0.007112,0.007450,0.013349,1.001475,0.004246,0.002612,0.002338,0.003876,0.004460,0.002612,0.009255,0.011279,0.006662,0.004248,0.006364,0.010857,0.004379,0.008445,0.007238,0.007225,0.004909,0.005293,0.007373,0.005305,0.004798,0.008937,0.005429,0.007825,0.004000,0.001993,0.000811,0.001965,0.001878,0.006553,0.001785,0.003938,0.003727,0.004605,0.002259
r.environment,0.000164,0.002451,0.000717,0.002473,0.005944,0.000081,0.005492,0.000574,0.000717,0.000196,0.000115,0.000658,0.014394,0.000717,0.000081,0.005492,0.005944,0.000115,0.000115,0.000574,0.005411,0.000196,0.000157,0.002496,0.005411,0.000157,0.000164,0.002415,0.000196,0.000196,0.005485,0.002473,0.000177,0.005492,0.002412,0.002415,0.000196,0.005944,0.000196,0.005428,0.000717,0.005492,0.002415,0.000115,0.000177,0.009124,0.000574,0.000574,0.000574,0.000574,0.000081,0.000115,0.000177,0.000717,0.002473,0.000717,0.000118,0.005428,0.002415,0.014394,0.002415,0.000115,0.002473,0.002473,0.000177,0.005485,0.000574,0.002367,0.002473,0.002473,0.002473,0.002473,0.002415,0.002473,0.002359,0.000196,0.014394,0.000717,0.014394,0.000717,0.005411,0.002412,0.000196,0.014394,0.000081,0.000081,0.000157,0.002415,0.000717,0.002473,0.002473,0.000717,0.002473,0.000177,0.010752,0.005411,0.000196,0.000574,0.005383,0.006086,0.002970,0.005298,0.004964,0.005113,0.004424,1.002777,0.017114,0.012705,0.012976,0.013926,0.017114,0.004024,0.004474,0.004130,0.002294,0.004029,0.004485,0.002260,0.005097,0.004486,0.004480,0.002487,0.002673,0.004565,0.002683,0.005512,0.004002,0.004595,0.005914,0.004293,0.001926,0.000918,0.001996,0.001940,0.004155,0.001844,0.002122,0.007232,0.002524,0.002260
r.lexical_lookup,0.000148,0.002577,0.002600,0.000340,0.008119,0.000095,0.002818,0.002493,0.002600,0.000262,0.000109,0.002600,0.015001,0.002600,0.000095,0.002818,0.008119,0.000109,0.000109,0.002493,0.002811,0.000262,0.000214,0.002549,0.002811,0.000214,0.000148,0.002561,0.000262,0.000262,0.002915,0.000340,0.000177,0.002818,0.000246,0.002561,0.000262,0.008119,0.000262,0.002813,0.002600,0.002818,0.002561,0.000109,0.000177,0.009468,0.002493,0.002493,0.002493,0.002493,0.000095,0.000109,0.000177,0.002600,0.000340,0.002600,0.000112,0.002813,0.002561,0.015001,0.002561,0.000109,0.000340,0.000340,0.000177,0.002915,0.002493,0.000273,0.000340,0.000340,0.000340,0.000340,0.002561,0.000340,0.002493,0.000262,0.015001,0.002600,0.015001,0.002600,0.002811,0.000246,0.000262,0.015001,0.000095,0.000095,0.000214,0.002561,0.002600,0.000340,0.000340,0.002600,0.000340,0.000177,0.008411,0.002811,0.000262,0.002493,0.008090,0.008778,0.005377,0.007541,0.007456,0.005448,0.002834,0.017819,1.002966,0.015814,0.013591,0.014645,0.022057,0.002275,0.002536,0.004332,0.004170,0.002170,0.002546,0.004210,0.002750,0.002419,0.002414,0.004816,0.005295,0.004708,0.005309,0.008474,0.002309,0.004639,0.003953,0.002638,0.002058,0.001014,0.003885,0.002022,0.002180,0.001919,0.002115,0.007415,0.002634,0.004470
r.superassignment,0.000079,0.002279,0.004508,0.000364,0.010027,0.000085,0.002531,0.004396,0.004508,0.000335,0.000050,0.004431,0.013751,0.004508,0.000085,0.002531,0.010027,0.000050,0.000050,0.004396,0.002557,0.000335,0.000245,0.002291,0.002557,0.000245,0.000079,0.002286,0.000335,0.000335,0.002593,0.000364,0.000109,0.002531,0.000236,0.002286,0.000335,0.010027,0.000335,0.002487,0.004508,0.002531,0.002286,0.000050,0.000109,0.008143,0.004396,0.004396,0.004396,0.004396,0.000085,0.000050,0.000109,0.004508,0.000364,0.004508,0.000079,0.002487,0.002286,0.013751,0.002286,0.000050,0.000364,0.000364,0.000109,0.002593,0.004396,0.000222,0.000364,0.000364,0.000364,0.000364,0.002286,0.000364,0.002212,0.000335,0.013751,0.004508,0.013751,0.004508,0.002557,0.000236,0.000335,0.013751,0.000085,0.000085,0.000245,0.002286,0.004508,0.000364,0.000364,0.004508,0.000364,0.000109,0.008164,0.002557,0.000335,0.004396,0.005264,0.007510,0.003934,0.007731,0.005519,0.004892,0.002594,0.013528,0.016173,1.002450,0.015131,0.013424,0.016173,0.002223,0.002458,0.004134,0.005880,0.002076,0.002467,0.004031,0.002569,0.002287,0.002282,0.005042,0.004849,0.004375,0.005347,0.007556,0.003766,0.005864,0.003635,0.002304,0.000489,0.002272,0.003519,0.000372,0.000500,0.001693,0.000443,0.004569,0.000843,0.004039
r.active_binding,0.000177,0.005115,0.002548,0.000421,0.007628,0.000188,0.002707,0.002394,0.002548,0.000255,0.000119,0.002457,0.010651,0.002548,0.000188,0.002707,0.007628,0.000119,0.000119,0.002394,0.002639,0.000255,0.000220,0.005160,0.002639,0.000220,0.000177,0.005209,0.000255,0.000255,0.002699,0.000421,0.000179,0.002707,0.000343,0.005209,0.000255,0.007628,0.000255,0.002655,0.002548,0.002707,0.005209,0.000119,0.000179,0.005501,0.002394,0.002394,0.002394,0.002394,0.000188,0.000119,0.000179,0.002548,0.000421,0.002548,0.000095,0.002655,0.005209,0.010651,0.005209,0.000119,0.000421,0.000421,0.000179,0.002699,0.002394,0.000295,0.000421,0.000421,0.000421,0.000421,0.005209,0.000421,0.005052,0.000255,0.010651,0.002548,0.010651,0.002548,0.002639,0.000343,0.000255,0.010651,0.000188,0.000188,0.000220,0.005209,0.002548,0.000421,0.000421,0.002548,0.000421,0.000179,0.007847,0.002639,0.000255,0.002394,0.004920,0.007483,0.002616,0.004581,0.004332,0.006433,0.004039,0.012979,0.013055,0.014212,1.002214,0.015711,0.013055,0.004070,0.004589,0.004320,0.006369,0.003957,0.004601,0.004172,0.005164,0.004476,0.004468,0.004747,0.005248,0.004709,0.005258,0.008501,0.006299,0.009091,0.005764,0.003764,0.002065,0.001928,0.003864,0.002029,0.002206,0.003663,0.002150,0.007349,0.002010,0.004672
r.delayed_assignment,0.000116,0.002141,0.004346,0.000423,0.008727,0.000070,0.002333,0.004266,0.004346,0.002155,0.000103,0.004266,0.009312,0.004346,0.000070,0.002333,0.008727,0.000103,0.000103,0.004266,0.002420,0.002155,0.002041,0.002170,0.002420,0.002041,0.000116,0.002150,0.002155,0.002155,0.002420,0.000423,0.000109,0.002333,0.000264,0.002150,0.002155,0.008727,0.002155,0.002307,0.004346,0.002333,0.002150,0.000103,0.000109,0.004788,0.004266,0.004266,0.004266,0.004266,0.000070,0.000103,0.000109,0.004346,0.000423,0.004346,0.000062,0.002307,0.002150,0.009312,0.002150,0.000103,0.000423,0.000423,0.000109,0.002420,0.004266,0.000234,0.000423,0.000423,0.000423,0.000423,0.002150,0.000423,0.002102,0.002155,0.009312,0.004346,0.009312,0.004346,0.002420,0.000264,0.002155,0.009312,0.000070,0.000070,0.002041,0.002150,0.004346,0.000423,0.000423,0.004346,0.000423,0.000109,0.006860,0.002420,0.002155,0.004266,0.006950,0.007441,0.004791,0.006392,0.006358,0.008398,0.004038,0.012101,0.012223,0.010955,0.013650,1.002073,0.012223,0.003656,0.004115,0.005866,0.003732,0.003500,0.004129,0.005735,0.004548,0.003950,0.003943,0.006648,0.004711,0.004227,0.004723,0.007275,0.003581,0.005537,0.004987,0.002397,0.003721,0.002452,0.001826,0.001670,0.001846,0.001615,0.001809,0.006106,0.002233,0.002118
r.closure_environment_capture,0.000148,0.002577,0.002600,0.000340,0.008119,0.000095,0.002818,0.002493,0.002600,0.000262,0.000109,0.002600,0.015001,0.002600,0.000095,0.002818,0.008119,0.000109,0.000109,0.002493,0.002811,0.000262,0.000214,0.002549,0.002811,0.000214,0.000148,0.002561,0.000262,0.000262,0.002915,0.000340,0.000177,0.002818,0.000246,0.002561,0.000262,0.008119,0.000262,0.002813,0.002600,0.002818,0.002561,0.000109,0.000177,0.009468,0.002493,0.002493,0.002493,0.002493,0.000095,0.000109,0.000177,0.002600,0.000340,0.002600,0.000112,0.002813,0.002561,0.015001,0.002561,0.000109,0.000340,0.000340,0.000177,0.002915,0.002493,0.000273,0.000340,0.000340,0.000340,0.000340,0.002561,0.000340,0.002493,0.000262,0.015001,0.002600,0.015001,0.002600,0.002811,0.000246,0.000262,0.015001,0.000095,0.000095,0.000214,0.002561,0.002600,0.000340,0.000340,0.002600,0.000340,0.000177,0.008411,0.002811,0.000262,0.002493,0.008090,0.008778,0.005377,0.007541,0.007456,0.005448,0.002834,0.017819,0.022057,0.015814,0.013591,0.014645,1.002966,0.002275,0.002536,0.004332,0.004170,0.002170,0.002546,0.004210,0.002750,0.002419,0.002414,0.004816,0.005295,0.004708,0.005309,0.008474,0.002309,0.004639,0.003953,0.002638,0.002058,0.001014,0.003885,0.002022,0.002180,0.001919,0.002115,0.007415,0.002634,0.004470
r.atomic_vector,0.000074,0.001667,0.007246,0.007707,0.003409,0.000055,0.001826,0.003423,0.007246,0.000251,0.000065,0.003425,0.000191,0.007246,0.000055,0.001826,0.003409,0.000065,0.000065,0.003423,0.001803,0.000251,0.000186,0.001727,0.001803,0.000186,0.000074,0.001674,0.000251,0.000251,0.001805,0.007707,0.000088,0.001826,0.003908,0.001674,0.000251,0.003409,0.000251,0.001751,0.007246,0.001826,0.001674,0.000065,0.000088,0.000170,0.003423,0.003423,0.003423,0.003423,0.000055,0.000065,0.000088,0.007246,0.007707,0.007246,0.000048,0.001751,0.001674,0.000191,0.001674,0.000065,0.007707,0.007707,0.000088,0.001805,0.003423,0.003849,0.007707,0.007707,0.007707,0.007707,0.001674,0.007707,0.001633,0.000251,0.000191,0.007246,0.000191,0.007246,0.001803,0.003908,0.000251,0.000191,0.000055,0.000055,0.000186,0.001674,0.007246,0.007707,0.007707,0.007246,0.007707,0.000088,0.001789,0.001803,0.000251,0.003423,0.002882,0.001639,0.003270,0.001465,0.001656,0.003973,0.006518,0.002720,0.001477,0.001411,0.002751,0.002844,0.001477,1.002024,0.011870,0.009257,0.007491,0.011459,0.012089,0.007238,0.010545,0.012248,0.011921,0.007273,0.007565,0.009160,0.007568,0.007116,0.006880,0.002546,0.004002,0.002622,0.001416,0.000243,0.001424,0.001327,0.002977,0.001240,0.001374,0.001334,0.001312,0.001642
r.list_pairlist,0.000086,0.001922,0.007731,0.006127,0.003931,0.000064,0.002031,0.003949,0.007731,0.000285,0.000077,0.003952,0.000221,0.007731,0.000064,0.002031,0.003931,0.000077,0.000077,0.003949,0.002023,0.000285,0.000208,0.001982,0.002023,0.000208,0.000086,0.001940,0.000285,0.000285,0.002026,0.006127,0.000093,0.002031,0.002364,0.001940,0.000285,0.003931,0.000285,0.001960,0.007731,0.002031,0.001940,0.000077,0.000093,0.000187,0.003949,0.003949,0.003949,0.003949,0.000064,0.000077,0.000093,0.007731,0.006127,0.007731,0.000047,0.001960,0.001940,0.000221,0.001940,0.000077,0.006127,0.006127,0.000093,0.002026,0.003949,0.002303,0.006127,0.006127,0.006127,0.006127,0.001940,0.006127,0.001891,0.000285,0.000221,0.007731,0.000221,0.007731,0.002023,0.002364,0.000285,0.000221,0.000064,0.000064,0.000208,0.001940,0.007731,0.006127,0.006127,0.007731,0.006127,0.000093,0.002005,0.002023,0.000285,0.003949,0.003288,0.001846,0.003783,0.001650,0.001865,0.004536,0.008016,0.003052,0.001662,0.001575,0.003130,0.003230,0.001662,0.011978,1.001909,0.009272,0.007496,0.009189,0.013285,0.007312,0.011168,0.009976,0.009959,0.007744,0.008179,0.010018,0.008182,0.007574,0.008159,0.002852,0.004499,0.002939,0.001608,0.000275,0.001592,0.001502,0.003382,0.001397,0.001567,0.001507,0.001496,0.001867
r.vectorized_operation,0.000070,0.001506,0.008242,0.005151,0.004916,0.000054,0.001535,0.004982,0.008242,0.001579,0.000054,0.004928,0.000242,0.008242,0.000054,0.001535,0.004916,0.000054,0.000054,0.004982,0.001626,0.001579,0.001462,0.001537,0.001626,0.001462,0.000070,0.001520,0.001579,0.001579,0.001574,0.005151,0.000081,0.001535,0.001812,0.001520,0.001579,0.004916,0.001579,0.001492,0.008242,0.001535,0.001520,0.000054,0.000081,0.000187,0.004982,0.004982,0.004982,0.004982,0.000054,0.000054,0.000081,0.008242,0.005151,0.008242,0.000041,0.001492,0.001520,0.000242,0.001520,0.000054,0.005151,0.005151,0.000081,0.001574,0.004982,0.001782,0.005151,0.005151,0.005151,0.005151,0.001520,0.005151,0.001478,0.001579,0.000242,0.008242,0.000242,0.008242,0.001626,0.001812,0.001579,0.000242,0.000054,0.000054,0.001462,0.001520,0.008242,0.005151,0.005151,0.008242,0.005151,0.000081,0.001561,0.001626,0.001579,0.004982,0.004104,0.003951,0.004726,0.002421,0.003957,0.003718,0.004106,0.002443,0.002462,0.002297,0.002556,0.003994,0.002462,0.008102,0.008042,1.001972,0.007960,0.008242,0.008889,0.009859,0.009781,0.008541,0.008255,0.010344,0.008735,0.010540,0.008742,0.007957,0.004103,0.002290,0.003505,0.002390,0.002645,0.001350,0.002340,0.001192,0.002573,0.001123,0.001230,0.001226,0.001178,0.002706
r.vector_recycling,0.000101,0.003779,0.007738,0.006156,0.003726,0.000148,0.000386,0.003700,0.007738,0.000274,0.000071,0.003707,0.000222,0.007738,0.000148,0.000386,0.003726,0.000071,0.000071,0.003700,0.000377,0.000274,0.000235,0.003790,0.000377,0.000235,0.000101,0.003866,0.000274,0.000274,0.000389,0.006156,0.000131,0.000386,0.002135,0.003866,0.000274,0.003726,0.000274,0.000343,0.007738,0.000386,0.003866,0.000071,0.000131,0.000189,0.003700,0.003700,0.003700,0.003700,0.000148,0.000071,0.000131,0.007738,0.006156,0.007738,0.000062,0.000343,0.003866,0.000222,0.003866,0.000071,0.006156,0.006156,0.000131,0.000389,0.003700,0.002122,0.006156,0.006156,0.006156,0.006156,0.003866,0.006156,0.003741,0.000274,0.000222,0.007738,0.000222,0.007738,0.000377,0.002135,0.000274,0.000222,0.000148,0.000148,0.000235,0.003866,0.007738,0.006156,0.006156,0.007738,0.006156,0.000131,0.000406,0.000377,0.000274,0.003700,0.003202,0.004730,0.003617,0.001574,0.003034,0.002929,0.003235,0.001677,0.002928,0.004037,0.004655,0.003139,0.002928,0.008101,0.008034,0.009836,1.001815,0.009348,0.008269,0.011798,0.008775,0.007984,0.007700,0.009735,0.010497,0.010050,0.010502,0.009524,0.005249,0.004069,0.002776,0.002849,0.001608,0.001449,0.004493,0.001519,0.001731,0.002678,0.001485,0.001427,0.001464,0.005423
r.coercion_lattice,0.000075,0.001682,0.005813,0.010398,0.001851,0.000055,0.001920,0.001844,0.005813,0.000174,0.000061,0.001850,0.000173,0.005813,0.000055,0.001920,0.001851,0.000061,0.000061,0.001844,0.001848,0.000174,0.000144,0.001744,0.001848,0.000144,0.000075,0.001677,0.000174,0.000174,0.001852,0.010398,0.000101,0.001920,0.006487,0.001677,0.000174,0.001851,0.000174,0.001830,0.005813,0.001920,0.001677,0.000061,0.000101,0.000177,0.001844,0.001844,0.001844,0.001844,0.000055,0.000061,0.000101,0.005813,0.010398,0.005813,0.000060,0.001830,0.001677,0.000173,0.001677,0.000061,0.010398,0.010398,0.000101,0.001852,0.001844,0.006427,0.010398,0.010398,0.010398,0.010398,0.001677,0.010398,0.001636,0.000174,0.000173,0.005813,0.000173,0.005813,0.001848,0.006487,0.000174,0.000173,0.000055,0.000055,0.000144,0.001677,0.005813,0.010398,0.010398,0.005813,0.010398,0.000101,0.001854,0.001848,0.000174,0.001844,0.001588,0.001529,0.001777,0.000502,0.001547,0.002585,0.004539,0.002759,0.001427,0.001335,0.002709,0.002758,0.001427,0.011606,0.009224,0.009538,0.008755,1.002319,0.009888,0.008824,0.010931,0.012746,0.012311,0.007254,0.007600,0.009277,0.007602,0.007160,0.004646,0.002533,0.004042,0.002677,0.001381,0.000203,0.001408,0.001342,0.003053,0.001242,0.001371,0.001325,0.001306,0.001612
r.na_value,0.000085,0.001904,0.007664,0.006079,0.003894,0.000063,0.002009,0.003912,0.007664,0.000283,0.000075,0.003914,0.000218,0.007664,0.000063,0.002009,0.003894,0.000075,0.000075,0.003912,0.002003,0.000283,0.000208,0.001962,0.002003,0.000208,0.000085,0.001921,0.000283,0.000283,0.002005,0.006079,0.000092,0.002009,0.002343,0.001921,0.000283,0.003894,0.000283,0.001941,0.007664,0.002009,0.001921,0.000075,0.000092,0.000184,0.003912,0.003912,0.003912,0.003912,0.000063,0.000075,0.000092,0.007664,0.006079,0.007664,0.000046,0.001941,0.001921,0.000218,0.001921,0.000075,0.006079,0.006079,0.000092,0.002005,0.003912,0.002285,0.006079,0.006079,0.006079,0.006079,0.001921,0.006079,0.001874,0.000283,0.000218,0.007664,0.000218,0.007664,0.002003,0.002343,0.000283,0.000218,0.000063,0.000063,0.000208,0.001921,0.007664,0.006079,0.006079,0.007664,0.006079,0.000092,0.001985,0.002003,0.000283,0.003912,0.003256,0.001831,0.003747,0.001632,0.001851,0.004490,0.007625,0.003024,0.001648,0.001562,0.003101,0.003203,0.001648,0.012055,0.013129,0.010128,0.007625,0.009735,1.001949,0.008186,0.011999,0.010390,0.010125,0.007686,0.008115,0.010184,0.008119,0.007514,0.007664,0.002823,0.004456,0.002911,0.001596,0.000273,0.001579,0.001489,0.003350,0.001384,0.001552,0.001492,0.001482,0.001852
r.na_propagation,0.000062,0.001614,0.008989,0.005541,0.005361,0.000059,0.000321,0.005425,0.008989,0.001711,0.000053,0.005367,0.000208,0.008989,0.000059,0.000321,0.005361,0.000053,0.000053,0.005425,0.000433,0.001711,0.001596,0.001620,0.000433,0.001596,0.000062,0.001637,0.001711,0.001711,0.000380,0.005541,0.000079,0.000321,0.001876,0.001637,0.001711,0.005361,0.001711,0.000297,0.008989,0.000321,0.001637,0.000053,0.000079,0.000150,0.005425,0.005425,0.005425,0.005425,0.000059,0.000053,0.000079,0.008989,0.005541,0.008989,0.000038,0.000297,0.001637,0.000208,0.001637,0.000053,0.005541,0.005541,0.000079,0.000380,0.005425,0.001870,0.005541,0.005541,0.005541,0.005541,0.001637,0.005541,0.001591,0.001711,0.000208,0.008989,0.000208,0.008989,0.000433,0.001876,0.001711,0.000208,0.000059,0.000059,0.001596,0.001637,0.008989,0.005541,0.005541,0.008989,0.005541,0.000079,0.000372,0.000433,0.001711,0.005425,0.004455,0.004295,0.005136,0.002573,0.004237,0.003978,0.002970,0.001471,0.002632,0.002464,0.002715,0.004296,0.002632,0.006971,0.006978,0.010848,0.010506,0.008390,0.007906,1.001906,0.007878,0.007173,0.006919,0.011276,0.009496,0.009081,0.009504,0.008615,0.002957,0.002370,0.002450,0.001458,0.002867,0.001468,0.002535,0.001271,0.001472,0.001194,0.001270,0.001232,0.001258,0.002946
r.nan_inf_semantics,0.000104,0.002339,0.006355,0.006713,0.002407,0.000080,0.002457,0.002398,0.006355,0.000223,0.000085,0.002406,0.000238,0.006355,0.000080,0.002457,0.002407,0.000085,0.000085,0.002398,0.002411,0.000223,0.000179,0.002398,0.002411,0.000179,0.000104,0.002361,0.000223,0.000223,0.002416,0.006713,0.000113,0.002457,0.002810,0.002361,0.000223,0.002407,0.000223,0.002385,0.006355,0.002457,0.002361,0.000085,0.000113,0.000218,0.002398,0.002398,0.002398,0.002398,0.000080,0.000085,0.000113,0.006355,0.006713,0.006355,0.000058,0.002385,0.002361,0.000238,0.002361,0.000085,0.006713,0.006713,0.000113,0.002416,0.002398,0.002750,0.006713,0.006713,0.006713,0.006713,0.002361,0.006713,0.002301,0.000223,0.000238,0.006355,0.000238,0.006355,0.002411,0.002810,0.000223,0.000238,0.000080,0.000080,0.000179,0.002361,0.006355,0.006713,0.006713,0.006355,0.006713,0.000113,0.002418,0.002411,0.000223,0.002398,0.002050,0.001988,0.002339,0.000641,0.002018,0.003369,0.006221,0.003604,0.001867,0.001706,0.003651,0.003700,0.001867,0.011030,0.011576,0.011689,0.008487,0.011288,0.012586,0.008557,1.001954,0.012297,0.011954,0.008486,0.009278,0.011962,0.009281,0.008390,0.006310,0.003281,0.005300,0.003492,0.001853,0.000262,0.001816,0.001791,0.004114,0.001637,0.001859,0.001755,0.001768,0.002167
r.complex_type,0.000088,0.001966,0.006079,0.008645,0.002099,0.000066,0.002150,0.002090,0.006079,0.000194,0.000072,0.002097,0.000202,0.006079,0.000066,0.002150,0.002099,0.000072,0.000072,0.002090,0.002092,0.000194,0.000158,0.002027,0.002092,0.000158,0.000088,0.001975,0.000194,0.000194,0.002096,0.008645,0.000106,0.002150,0.004712,0.001975,0.000194,0.002099,0.000194,0.002070,0.006079,0.002150,0.001975,0.000072,0.000106,0.000194,0.002090,0.002090,0.002090,0.002090,0.000066,0.000072,0.000106,0.006079,0.008645,0.006079,0.000058,0.002070,0.001975,0.000202,0.001975,0.000072,0.008645,0.008645,0.000106,0.002096,0.002090,0.004652,0.008645,0.008645,0.008645,0.008645,0.001975,0.008645,0.001925,0.000194,0.000202,0.006079,0.000202,0.006079,0.002092,0.004712,0.000194,0.000202,0.000066,0.000066,0.000158,0.001975,0.006079,0.008645,0.008645,0.006079,0.008645,0.000106,0.002099,0.002092,0.000194,0.002090,0.001796,0.001733,0.002026,0.000562,0.001757,0.002945,0.005277,0.003139,0.001626,0.001503,0.003132,0.003181,0.001626,0.012681,0.010235,0.010104,0.007643,0.013028,0.010787,0.007711,0.012171,1.002102,0.014039,0.007812,0.008324,0.010285,0.008327,0.007720,0.005372,0.002874,0.004608,0.003043,0.001593,0.000227,0.001590,0.001544,0.003515,0.001422,0.001591,0.001522,0.001514,0.001856
r.raw_type,0.000089,0.001976,0.006105,0.008688,0.002107,0.000066,0.002162,0.002098,0.006105,0.000195,0.000072,0.002105,0.000203,0.006105,0.000066,0.002162,0.002107,0.000072,0.000072,0.002098,0.002103,0.000195,0.000159,0.002036,0.002103,0.000159,0.000089,0.001984,0.000195,0.000195,0.002107,0.008688,0.000106,0.002162,0.004737,0.001984,0.000195,0.002107,0.000195,0.002081,0.006105,0.002162,0.001984,0.000072,0.000106,0.000196,0.002098,0.002098,0.002098,0.002098,0.000066,0.000072,0.000106,0.006105,0.008688,0.006105,0.000059,0.002081,0.001984,0.000203,0.001984,0.000072,0.008688,0.008688,0.000106,0.002107,0.002098,0.004677,0.008688,0.008688,0.008688,0.008688,0.001984,0.008688,0.001934,0.000195,0.000203,0.006105,0.000203,0.006105,0.002103,0.004737,0.000195,0.000203,0.000066,0.000066,0.000159,0.001984,0.006105,0.008688,0.008688,0.006105,0.008688,0.000106,0.002110,0.002103,0.000195,0.002098,0.001803,0.001740,0.002034,0.000564,0.001764,0.002958,0.005302,0.003155,0.001633,0.001509,0.003146,0.003196,0.001633,0.012420,0.010282,0.009827,0.007418,0.012663,0.010578,0.007485,0.011907,0.014128,1.002077,0.007846,0.008361,0.010332,0.008364,0.007754,0.005397,0.002887,0.004630,0.003058,0.001599,0.000227,0.001596,0.001551,0.003532,0.001428,0.001598,0.001529,0.001522,0.001863
r.one_based_index,0.000068,0.001772,0.009483,0.004031,0.006055,0.000066,0.000279,0.006128,0.009483,0.001903,0.000057,0.006065,0.000234,0.009483,0.000066,0.000279,0.006055,0.000057,0.000057,0.006128,0.000420,0.001903,0.001771,0.001769,0.000420,0.001771,0.000068,0.001802,0.001903,0.001903,0.000364,0.004031,0.000083,0.000279,0.000551,0.001802,0.001903,0.006055,0.001903,0.000266,0.009483,0.000279,0.001802,0.000057,0.000083,0.000163,0.006128,0.006128,0.006128,0.006128,0.000066,0.000057,0.000083,0.009483,0.004031,0.009483,0.000036,0.000266,0.001802,0.000234,0.001802,0.000057,0.004031,0.004031,0.000083,0.000364,0.006128,0.000553,0.004031,0.004031,0.004031,0.004031,0.001802,0.004031,0.001750,0.001903,0.000234,0.009483,0.000234,0.009483,0.000420,0.000551,0.001903,0.000234,0.000066,0.000066,0.001771,0.001802,0.009483,0.004031,0.004031,0.009483,0.004031,0.000083,0.000351,0.000420,0.001903,0.006128,0.004939,0.004761,0.006194,0.003077,0.005081,0.004332,0.003177,0.001545,0.002873,0.002941,0.002948,0.004752,0.002873,0.006683,0.007052,0.010860,0.008272,0.006581,0.007083,0.010759,0.007455,0.006933,0.006920,1.002047,0.010852,0.009563,0.011429,0.009445,0.003138,0.002526,0.002573,0.001523,0.003174,0.001605,0.003035,0.001375,0.001540,0.001280,0.001377,0.001326,0.001365,0.003255
r.negative_index_exclusion,0.000092,0.002394,0.008845,0.004651,0.004892,0.000092,0.000331,0.004879,0.008845,0.000319,0.000075,0.004876,0.000247,0.008845,0.000092,0.000331,0.004892,0.000075,0.000075,0.004879,0.000376,0.000319,0.000243,0.002389,0.000376,0.000243,0.000092,0.002436,0.000319,0.000319,0.000377,0.004651,0.000112,0.000331,0.000658,0.002436,0.000319,0.004892,0.000319,0.000314,0.008845,0.000331,0.002436,0.000075,0.000112,0.000190,0.004879,0.004879,0.004879,0.004879,0.000092,0.000075,0.000112,0.008845,0.004651,0.008845,0.000050,0.000314,0.002436,0.000247,0.002436,0.000075,0.004651,0.004651,0.000112,0.000377,0.004879,0.000661,0.004651,0.004651,0.004651,0.004651,0.002436,0.004651,0.002364,0.000319,0.000247,0.008845,0.000247,0.008845,0.000376,0.000658,0.000319,0.000247,0.000092,0.000092,0.000243,0.002436,0.008845,0.004651,0.004651,0.008845,0.004651,0.000112,0.000391,0.000376,0.000319,0.004879,0.004003,0.003884,0.004697,0.001897,0.003805,0.003558,0.003971,0.001925,0.003661,0.003279,0.003778,0.003903,0.003661,0.008057,0.008632,0.010630,0.010338,0.007991,0.008667,0.010501,0.009447,0.008564,0.008548,0.012578,1.001947,0.012474,0.014579,0.012318,0.003993,0.003220,0.003276,0.001792,0.001938,0.000328,0.004017,0.001820,0.002019,0.001664,0.001811,0.001686,0.001792,0.004341
r.logical_index,0.000090,0.001890,0.007485,0.005891,0.003826,0.000069,0.001932,0.003826,0.007485,0.000283,0.000067,0.003822,0.000260,0.007485,0.000069,0.001932,0.003826,0.000067,0.000067,0.003826,0.001936,0.000283,0.000209,0.001927,0.001936,0.000209,0.000090,0.001906,0.000283,0.000283,0.001933,0.005891,0.000106,0.001932,0.002238,0.001906,0.000283,0.003826,0.000283,0.001876,0.007485,0.001932,0.001906,0.000067,0.000106,0.000220,0.003826,0.003826,0.003826,0.003826,0.000069,0.000067,0.000106,0.007485,0.005891,0.007485,0.000054,0.001876,0.001906,0.000260,0.001906,0.000067,0.005891,0.005891,0.000106,0.001933,0.003826,0.002201,0.005891,0.005891,0.005891,0.005891,0.001906,0.005891,0.001852,0.000283,0.000260,0.007485,0.000260,0.007485,0.001936,0.002238,0.000283,0.000260,0.000069,0.000069,0.000209,0.001906,0.007485,0.005891,0.005891,0.007485,0.005891,0.000106,0.001936,0.001936,0.000283,0.003826,0.003210,0.003106,0.003685,0.001627,0.003117,0.002967,0.005014,0.002980,0.002952,0.002682,0.003073,0.003175,0.002952,0.008844,0.009586,0.011628,0.008973,0.008844,0.009860,0.009104,0.011042,0.009592,0.009575,0.010049,0.011309,1.001960,0.011115,0.009878,0.005061,0.002754,0.004306,0.002826,0.001570,0.000282,0.003153,0.001477,0.003248,0.001372,0.001515,0.001477,0.001446,0.003355
r.double_bracket_index,0.000091,0.002383,0.008812,0.004629,0.004879,0.000091,0.000333,0.004865,0.008812,0.000320,0.000075,0.004867,0.000251,0.008812,0.000091,0.000333,0.004879,0.000075,0.000075,0.004865,0.000377,0.000320,0.000245,0.002380,0.000377,0.000245,0.000091,0.002426,0.000320,0.000320,0.000383,0.004629,0.000110,0.000333,0.000654,0.002426,0.000320,0.004879,0.000320,0.000315,0.008812,0.000333,0.002426,0.000075,0.000110,0.000192,0.004865,0.004865,0.004865,0.004865,0.000091,0.000075,0.000110,0.008812,0.004629,0.008812,0.000049,0.000315,0.002426,0.000251,0.002426,0.000075,0.004629,0.004629,0.000110,0.000383,0.004865,0.000657,0.004629,0.004629,0.004629,0.004629,0.002426,0.004629,0.002355,0.000320,0.000251,0.008812,0.000251,0.008812,0.000377,0.000654,0.000320,0.000251,0.000091,0.000091,0.000245,0.002426,0.008812,0.004629,0.004629,0.008812,0.004629,0.000110,0.000394,0.000377,0.000320,0.004865,0.004000,0.003880,0.005127,0.002231,0.004239,0.003554,0.003960,0.001922,0.003654,0.003598,0.003766,0.003895,0.003654,0.008022,0.008595,0.010587,0.010294,0.007955,0.008630,0.010460,0.009405,0.008525,0.008509,0.013184,0.014509,0.012202,1.001953,0.012049,0.003976,0.003209,0.003264,0.001785,0.001933,0.000330,0.003892,0.001811,0.002009,0.001656,0.001805,0.001684,0.001785,0.004325
r.dollar_member_partial_match,0.000102,0.001983,0.007760,0.004431,0.004136,0.000073,0.002023,0.004031,0.007760,0.000300,0.000073,0.004045,0.001978,0.007760,0.000073,0.002023,0.004136,0.000073,0.000073,0.004031,0.002041,0.000300,0.000215,0.002015,0.002041,0.000215,0.000102,0.002006,0.000300,0.000300,0.002055,0.004431,0.000103,0.002023,0.000703,0.002006,0.000300,0.004136,0.000300,0.001989,0.007760,0.002023,0.002006,0.000073,0.000103,0.001822,0.004031,0.004031,0.004031,0.004031,0.000073,0.000073,0.000103,0.007760,0.004431,0.007760,0.000052,0.001989,0.002006,0.001978,0.002006,0.000073,0.004431,0.004431,0.000103,0.002055,0.004031,0.000671,0.004431,0.004431,0.004431,0.004431,0.002006,0.004431,0.001949,0.000300,0.001978,0.007760,0.001978,0.007760,0.002041,0.000703,0.000300,0.001978,0.000073,0.000073,0.000215,0.002006,0.007760,0.004431,0.004431,0.007760,0.004431,0.000103,0.002145,0.002041,0.000300,0.004031,0.003795,0.003809,0.003921,0.003329,0.005157,0.004975,0.003440,0.003793,0.005601,0.004883,0.005850,0.005762,0.005601,0.007246,0.007642,0.009257,0.008967,0.007197,0.007672,0.009108,0.008167,0.007592,0.007578,0.010465,0.011775,0.010417,0.011574,1.001771,0.003453,0.004838,0.004513,0.001590,0.001641,0.000301,0.003323,0.001538,0.001775,0.001452,0.001619,0.003437,0.001527,0.003549
r.attributes,0.000144,0.004807,0.004570,0.002702,0.004249,0.000175,0.007021,0.004253,0.004570,0.000308,0.000120,0.004263,0.000357,0.004570,0.000175,0.007021,0.004249,0.000120,0.000120,0.004253,0.002548,0.000308,0.000239,0.009298,0.002548,0.000239,0.000144,0.004903,0.000308,0.000308,0.002558,0.002702,0.000165,0.007021,0.006857,0.004903,0.000308,0.004249,0.000308,0.002488,0.004570,0.007021,0.004903,0.000120,0.000165,0.000325,0.004253,0.004253,0.004253,0.004253,0.000175,0.000120,0.000165,0.004570,0.002702,0.004570,0.000080,0.002488,0.004903,0.000357,0.004903,0.000120,0.002702,0.002702,0.000165,0.002558,0.004253,0.002348,0.002702,0.002702,0.002702,0.002702,0.004903,0.002702,0.004757,0.000308,0.000357,0.004570,0.000357,0.004570,0.002548,0.006857,0.000308,0.000357,0.000175,0.000175,0.000239,0.004903,0.004570,0.002702,0.002702,0.004570,0.002702,0.000165,0.002544,0.002548,0.000308,0.004253,0.003790,0.003816,0.004266,0.001958,0.002280,0.005335,0.008673,0.003728,0.002065,0.003294,0.005866,0.003838,0.002065,0.009480,0.011142,0.006460,0.006687,0.006320,0.010590,0.004231,0.008312,0.007150,0.007137,0.004705,0.005165,0.007222,0.005169,0.004674,1.001543,0.009796,0.009912,0.005618,0.001956,0.001805,0.004005,0.001893,0.004004,0.003398,0.002008,0.002017,0.001860,0.004358
r.s3_dispatch,0.000265,0.004897,0.002317,0.000682,0.002335,0.000177,0.010476,0.002209,0.002317,0.000253,0.002274,0.002263,0.002510,0.002317,0.000177,0.010476,0.002335,0.002274,0.002274,0.002209,0.005170,0.000253,0.000181,0.010212,0.005170,0.000181,0.000265,0.004990,0.000253,0.000253,0.005216,0.000682,0.000186,0.010476,0.005891,0.004990,0.000253,0.002335,0.000253,0.005214,0.002317,0.010476,0.004990,0.002274,0.000186,0.002357,0.002209,0.002209,0.002209,0.002209,0.000177,0.002274,0.000186,0.002317,0.000682,0.002317,0.000085,0.005214,0.004990,0.002510,0.004990,0.002274,0.000682,0.000682,0.000186,0.005216,0.002209,0.000554,0.000682,0.000682,0.000682,0.000682,0.004990,0.000682,0.004998,0.000253,0.002510,0.002317,0.002510,0.002317,0.005170,0.005891,0.000253,0.002510,0.000177,0.000177,0.000181,0.004990,0.002317,0.000682,0.000682,0.002317,0.000682,0.000186,0.005292,0.005170,0.000253,0.002209,0.002840,0.004729,0.002452,0.004204,0.006235,0.008352,0.006186,0.005026,0.004873,0.006024,0.009942,0.006969,0.004873,0.004120,0.004573,0.004234,0.006089,0.004046,0.004581,0.003981,0.005075,0.004491,0.004484,0.004449,0.004892,0.004616,0.004899,0.007689,0.011504,1.001753,0.016911,0.003791,0.001996,0.001833,0.003726,0.002008,0.004231,0.003686,0.006555,0.009481,0.004242,0.004472
r.s4_dispatch,0.000227,0.002167,0.002163,0.002522,0.002044,0.000068,0.012212,0.001993,0.002163,0.000246,0.001999,0.002017,0.002244,0.002163,0.000068,0.012212,0.002044,0.001999,0.001999,0.001993,0.007530,0.000246,0.000130,0.006912,0.007530,0.000130,0.000227,0.002161,0.000246,0.000246,0.007539,0.002522,0.000144,0.012212,0.007044,0.002161,0.000246,0.002044,0.000246,0.007527,0.002163,0.012212,0.002161,0.001999,0.000144,0.002125,0.001993,0.001993,0.001993,0.001993,0.000068,0.001999,0.000144,0.002163,0.002522,0.002163,0.000075,0.007527,0.002161,0.002244,0.002161,0.001999,0.002522,0.002522,0.000144,0.007539,0.001993,0.002283,0.002522,0.002522,0.002522,0.002522,0.002161,0.002522,0.002247,0.000246,0.002244,0.002163,0.002244,0.002163,0.007530,0.007044,0.000246,0.002244,0.000068,0.000068,0.000130,0.002161,0.002163,0.002522,0.002522,0.002163,0.002522,0.000144,0.007573,0.007530,0.000246,0.001993,0.002007,0.002038,0.002116,0.003360,0.005578,0.006970,0.007850,0.005694,0.003655,0.003287,0.005549,0.005526,0.003655,0.005700,0.006351,0.005703,0.003656,0.005684,0.006364,0.003623,0.007217,0.006339,0.006330,0.003988,0.004382,0.006352,0.004387,0.006314,0.010246,0.014886,1.001941,0.003330,0.001687,0.000255,0.001746,0.001704,0.005870,0.001744,0.005818,0.007863,0.003687,0.002003
r.condition_system,0.000192,0.006317,0.000809,0.003006,0.000633,0.000238,0.002942,0.000816,0.000809,0.006856,0.000143,0.000646,0.000318,0.000809,0.000238,0.002942,0.000633,0.000143,0.000143,0.000816,0.003062,0.006856,0.012704,0.006369,0.003062,0.012704,0.000192,0.006451,0.006856,0.006856,0.002886,0.003006,0.000217,0.002942,0.002886,0.006451,0.006856,0.000633,0.006856,0.002858,0.000809,0.002942,0.006451,0.000143,0.000217,0.000329,0.000816,0.000816,0.000816,0.000816,0.000238,0.000143,0.000217,0.000809,0.003006,0.000809,0.000105,0.002858,0.006451,0.000318,0.006451,0.000143,0.003006,0.003006,0.000217,0.002886,0.000816,0.002831,0.003006,0.003006,0.003006,0.003006,0.006451,0.003006,0.006259,0.006856,0.000318,0.000809,0.000318,0.000809,0.003062,0.002886,0.006856,0.000318,0.000238,0.000238,0.012704,0.006451,0.000809,0.003006,0.003006,0.000809,0.003006,0.000217,0.002876,0.003062,0.006856,0.000816,0.003185,0.005706,0.003637,0.001283,0.003477,0.003063,0.005260,0.005418,0.003198,0.002731,0.004750,0.003482,0.003198,0.004895,0.005438,0.005100,0.004919,0.004936,0.005451,0.002826,0.006234,0.005488,0.005480,0.003095,0.003141,0.005465,0.003144,0.002917,0.007613,0.004375,0.004366,1.001760,0.016077,0.015925,0.004602,0.002458,0.005101,0.004494,0.002491,0.002400,0.003160,0.005597
r.restarts_unwind,0.000120,0.003210,0.003342,0.000280,0.003230,0.000116,0.000194,0.003731,0.003342,0.014163,0.000099,0.003269,0.000186,0.003342,0.000116,0.000194,0.003230,0.000099,0.000099,0.003731,0.000729,0.014163,0.019648,0.003193,0.000729,0.019648,0.000120,0.003272,0.014163,0.014163,0.000269,0.000280,0.000130,0.000194,0.000139,0.003272,0.014163,0.003230,0.014163,0.000199,0.003342,0.000194,0.003272,0.000099,0.000130,0.000167,0.003731,0.003731,0.003731,0.003731,0.000116,0.000099,0.000130,0.003342,0.000280,0.003342,0.000055,0.000199,0.003272,0.000186,0.003272,0.000099,0.000280,0.000280,0.000130,0.000269,0.003731,0.000154,0.000280,0.000280,0.000280,0.000280,0.003272,0.000280,0.003185,0.014163,0.000186,0.003342,0.000186,0.003342,0.000729,0.000139,0.014163,0.000186,0.000116,0.000116,0.019648,0.003272,0.003342,0.000280,0.000280,0.003342,0.000280,0.000130,0.000229,0.000729,0.014163,0.003731,0.005359,0.005424,0.006166,0.002522,0.005263,0.004745,0.002549,0.002364,0.002426,0.000564,0.002534,0.005256,0.002426,0.002571,0.002893,0.005486,0.002700,0.002476,0.002905,0.005406,0.003217,0.002793,0.002787,0.006271,0.003304,0.002953,0.003312,0.002927,0.002577,0.002240,0.002151,0.015634,1.002801,0.017869,0.002441,0.002451,0.002538,0.002315,0.002457,0.002257,0.002453,0.002938
r.on_exit_cleanup,0.000054,0.003631,0.003667,0.000146,0.003638,0.000136,0.000130,0.004241,0.003667,0.016607,0.000049,0.003663,0.000165,0.003667,0.000136,0.000130,0.003638,0.000049,0.000049,0.004241,0.000767,0.016607,0.023043,0.003635,0.000767,0.023043,0.000054,0.003737,0.016607,0.016607,0.000193,0.000146,0.000068,0.000130,0.000086,0.003737,0.016607,0.003638,0.016607,0.000109,0.003667,0.000130,0.003737,0.000049,0.000068,0.000122,0.004241,0.004241,0.004241,0.004241,0.000136,0.000049,0.000068,0.003667,0.000146,0.003667,0.000031,0.000109,0.003737,0.000165,0.003737,0.000049,0.000146,0.000146,0.000068,0.000193,0.004241,0.000079,0.000146,0.000146,0.000146,0.000146,0.003737,0.000146,0.003622,0.016607,0.000165,0.003667,0.000165,0.003667,0.000767,0.000086,0.016607,0.000165,0.000136,0.000136,0.023043,0.003737,0.003667,0.000146,0.000146,0.003667,0.000146,0.000068,0.000166,0.000767,0.016607,0.004241,0.003982,0.007034,0.004630,0.003462,0.004083,0.003593,0.001221,0.001326,0.001406,0.003082,0.002784,0.004075,0.001406,0.000519,0.000583,0.003296,0.002862,0.000428,0.000585,0.003257,0.000535,0.000468,0.000466,0.003733,0.000657,0.000624,0.000664,0.000631,0.002799,0.002420,0.000382,0.018223,0.021026,1.003102,0.002688,0.000292,0.000322,0.002550,0.000269,0.000318,0.001171,0.003320
r.copy_on_modify_named,0.007497,0.013390,0.002852,0.000418,0.002728,0.000483,0.000296,0.002673,0.002852,0.000228,0.000135,0.002729,0.000402,0.002852,0.000483,0.000296,0.002728,0.000135,0.000135,0.002673,0.000271,0.000228,0.000223,0.006572,0.000271,0.000223,0.007497,0.006761,0.000228,0.000228,0.000330,0.000418,0.014084,0.000296,0.000268,0.006761,0.000228,0.002728,0.000228,0.000460,0.002852,0.000296,0.006761,0.000135,0.014084,0.007144,0.002673,0.002673,0.002673,0.002673,0.000483,0.000135,0.014084,0.002852,0.000418,0.002852,0.006937,0.000460,0.006761,0.000402,0.006761,0.000135,0.000418,0.000418,0.014084,0.000330,0.002673,0.007102,0.000418,0.000418,0.000418,0.000418,0.006761,0.000418,0.006541,0.000228,0.000402,0.002852,0.000402,0.002852,0.000271,0.000268,0.000228,0.000402,0.000483,0.000483,0.000223,0.006761,0.002852,0.000418,0.000418,0.002852,0.000418,0.014084,0.000327,0.000271,0.000228,0.002673,0.004879,0.007808,0.005465,0.002201,0.004784,0.002491,0.002634,0.002569,0.004801,0.004252,0.004971,0.002704,0.004801,0.002711,0.003003,0.005089,0.007907,0.002646,0.003015,0.005009,0.003305,0.002923,0.002916,0.006286,0.007178,0.006215,0.006988,0.006213,0.005533,0.004382,0.002333,0.004691,0.002559,0.002394,1.002714,0.017349,0.012947,0.012559,0.003097,0.002592,0.002488,0.009251
r.gc_protect,0.019118,0.013391,0.000383,0.000354,0.000308,0.000434,0.000289,0.000252,0.000383,0.000075,0.000173,0.000316,0.000325,0.000383,0.000434,0.000289,0.000308,0.000173,0.000173,0.000252,0.000237,0.000075,0.000105,0.004365,0.000237,0.000105,0.019118,0.004469,0.000075,0.000075,0.000300,0.000354,0.027598,0.000289,0.000275,0.004469,0.000075,0.000308,0.000075,0.000813,0.000383,0.000289,0.004469,0.000173,0.027598,0.009292,0.000252,0.000252,0.000252,0.000252,0.000434,0.000173,0.027598,0.000383,0.000354,0.000383,0.009134,0.000813,0.004469,0.000325,0.004469,0.000173,0.000354,0.000354,0.027598,0.000300,0.000252,0.009325,0.000354,0.000354,0.000354,0.000354,0.004469,0.000354,0.004355,0.000075,0.000325,0.000383,0.000325,0.000383,0.000237,0.000275,0.000075,0.000325,0.000434,0.000434,0.000105,0.004469,0.000383,0.000354,0.000354,0.000383,0.000354,0.027598,0.000293,0.000237,0.000075,0.000252,0.003084,0.003306,0.003434,0.000374,0.003090,0.002822,0.003169,0.003142,0.003145,0.000565,0.003286,0.003113,0.003145,0.003180,0.003567,0.003262,0.003365,0.003175,0.003578,0.003162,0.004103,0.003572,0.003567,0.003585,0.004094,0.003665,0.004094,0.003620,0.003292,0.002974,0.002867,0.003155,0.003235,0.000328,0.021842,1.005557,0.017985,0.020322,0.008288,0.003604,0.003298,0.003932
r.altrep,0.004401,0.010270,0.000608,0.003666,0.000365,0.000347,0.003552,0.000343,0.000608,0.000125,0.003495,0.000409,0.000419,0.000608,0.000347,0.003552,0.000365,0.003495,0.003495,0.000343,0.003438,0.000125,0.000117,0.003656,0.003438,0.000117,0.004401,0.003613,0.000125,0.000125,0.003497,0.003666,0.010895,0.003552,0.003506,0.003613,0.000125,0.000365,0.000125,0.003584,0.000608,0.003552,0.003613,0.003495,0.010895,0.007087,0.000343,0.000343,0.000343,0.000343,0.000347,0.003495,0.010895,0.000608,0.003666,0.000608,0.006826,0.003584,0.003613,0.000419,0.003613,0.003495,0.003666,0.003666,0.010895,0.003497,0.000343,0.010140,0.003666,0.003666,0.003666,0.003666,0.003613,0.003666,0.003767,0.000125,0.000419,0.000608,0.000419,0.000608,0.003438,0.003506,0.000125,0.000419,0.000347,0.000347,0.000117,0.003613,0.000608,0.003666,0.003666,0.000608,0.003666,0.010895,0.003456,0.003438,0.000125,0.000343,0.002639,0.002769,0.002914,0.000568,0.002792,0.004798,0.008849,0.005385,0.002714,0.000608,0.002858,0.002753,0.002714,0.005707,0.006425,0.005638,0.003068,0.005779,0.006441,0.002931,0.007541,0.006510,0.006501,0.003213,0.003635,0.006449,0.003635,0.003342,0.005572,0.005013,0.007902,0.005238,0.002681,0.000289,0.013043,0.014391,1.002018,0.006219,0.006318,0.005464,0.006337,0.003175
r.ffi_C_Call_External,0.023329,0.009154,0.000404,0.000277,0.000351,0.000315,0.000572,0.000277,0.000404,0.000120,0.000218,0.000347,0.000297,0.000404,0.000315,0.000572,0.000351,0.000218,0.000218,0.000277,0.000476,0.000120,0.000181,0.008303,0.000476,0.000181,0.023329,0.008531,0.000120,0.000120,0.000547,0.000277,0.016105,0.000572,0.000246,0.008531,0.000120,0.000351,0.000120,0.008935,0.000404,0.000572,0.008531,0.000218,0.016105,0.001164,0.000277,0.000277,0.000277,0.000277,0.000315,0.000218,0.016105,0.000404,0.000277,0.000404,0.000941,0.008935,0.008531,0.000297,0.008531,0.000218,0.000277,0.000277,0.016105,0.000547,0.000277,0.001091,0.000277,0.000277,0.000277,0.000277,0.008531,0.000277,0.008267,0.000120,0.000297,0.000404,0.000297,0.000404,0.000476,0.000246,0.000120,0.000297,0.000315,0.000315,0.000181,0.008531,0.000404,0.000277,0.000277,0.000404,0.000277,0.016105,0.000550,0.000476,0.000120,0.000277,0.003024,0.006103,0.003309,0.000512,0.003148,0.002858,0.003115,0.003088,0.003087,0.002663,0.006134,0.003113,0.003087,0.003071,0.003430,0.003180,0.006134,0.003037,0.003438,0.003070,0.003877,0.003402,0.003396,0.003450,0.003869,0.003521,0.003871,0.003533,0.006109,0.005644,0.003034,0.005963,0.003159,0.002956,0.016348,0.021011,0.008036,1.003751,0.017027,0.011579,0.003203,0.007407
r.native_registration,0.014045,0.005043,0.000467,0.000450,0.000401,0.000172,0.005052,0.000386,0.000467,0.000165,0.004950,0.000485,0.000512,0.000467,0.000172,0.005052,0.000401,0.004950,0.004950,0.000386,0.004926,0.000165,0.000132,0.004906,0.004926,0.000132,0.014045,0.004880,0.000165,0.000165,0.005015,0.000450,0.005564,0.005052,0.000505,0.004880,0.000165,0.000401,0.000165,0.013915,0.000467,0.005052,0.004880,0.004950,0.005564,0.000768,0.000386,0.000386,0.000386,0.000386,0.000172,0.004950,0.005564,0.000467,0.000450,0.000467,0.000337,0.013915,0.004880,0.000512,0.004880,0.004950,0.000450,0.000450,0.005564,0.005015,0.000386,0.000640,0.000450,0.000450,0.000450,0.000450,0.004880,0.000450,0.005097,0.000165,0.000512,0.000467,0.000512,0.000467,0.004926,0.000505,0.000165,0.000512,0.000172,0.000172,0.000132,0.004880,0.000467,0.000450,0.000450,0.000467,0.000450,0.005564,0.004936,0.004926,0.000165,0.000386,0.003620,0.003787,0.003981,0.003325,0.007498,0.006712,0.007498,0.003878,0.003713,0.000761,0.003928,0.003805,0.003713,0.003714,0.004198,0.003798,0.003711,0.003660,0.004208,0.003564,0.004806,0.004154,0.004148,0.004052,0.004597,0.004241,0.004604,0.004300,0.003940,0.010952,0.011042,0.003607,0.003659,0.000340,0.004400,0.009351,0.008908,0.018581,1.001991,0.021243,0.008873,0.004264
r.namespace_package,0.007231,0.003273,0.000477,0.000433,0.000810,0.000111,0.007303,0.000469,0.000477,0.000201,0.003227,0.000588,0.007097,0.000477,0.000111,0.007303,0.000810,0.003227,0.003227,0.000469,0.007184,0.000201,0.000123,0.003390,0.007184,0.000123,0.007231,0.003271,0.000201,0.000201,0.007288,0.000433,0.000744,0.007303,0.000559,0.003271,0.000201,0.000810,0.000201,0.013834,0.000477,0.007303,0.003271,0.003227,0.000744,0.006759,0.000469,0.000469,0.000469,0.000469,0.000111,0.003227,0.000744,0.000477,0.000433,0.000477,0.000114,0.013834,0.003271,0.007097,0.003271,0.003227,0.000433,0.000433,0.000744,0.007288,0.000469,0.000439,0.000433,0.000433,0.000433,0.000433,0.003271,0.000433,0.003410,0.000201,0.007097,0.000477,0.007097,0.000477,0.007184,0.000559,0.000201,0.007097,0.000111,0.000111,0.000123,0.003271,0.000477,0.000433,0.000433,0.000477,0.000433,0.000744,0.007518,0.007184,0.000201,0.000469,0.005826,0.006166,0.002977,0.008120,0.008571,0.008178,0.005329,0.009927,0.009774,0.005889,0.010085,0.009643,0.009774,0.002708,0.003032,0.002845,0.002679,0.002657,0.003038,0.002597,0.003407,0.002985,0.002980,0.002929,0.003215,0.003106,0.003225,0.006854,0.002972,0.011897,0.011209,0.002610,0.002524,0.000302,0.002765,0.003053,0.005786,0.009490,0.015954,1.002040,0.005872,0.002964
r.bytecode_compiler,0.000262,0.004829,0.000483,0.000276,0.000423,0.000172,0.000353,0.000335,0.000483,0.000123,0.031711,0.000470,0.000292,0.000483,0.000172,0.000353,0.000423,0.031711,0.031711,0.000335,0.000266,0.000123,0.000171,0.004807,0.000266,0.000171,0.000262,0.004896,0.000123,0.000123,0.000401,0.000276,0.000245,0.000353,0.000216,0.004896,0.000123,0.000423,0.000123,0.000389,0.000483,0.000353,0.004896,0.031711,0.000245,0.000311,0.000335,0.000335,0.000335,0.000335,0.000172,0.031711,0.000245,0.000483,0.000276,0.000483,0.000106,0.000389,0.004896,0.000292,0.004896,0.031711,0.000276,0.000276,0.000245,0.000401,0.000335,0.000235,0.000276,0.000276,0.000276,0.000276,0.004896,0.000276,0.015248,0.000123,0.000292,0.000483,0.000292,0.000483,0.000266,0.000216,0.000123,0.000292,0.000172,0.000172,0.000171,0.004896,0.000483,0.000276,0.000276,0.000483,0.000276,0.000245,0.000354,0.000266,0.000123,0.000335,0.005784,0.004822,0.005050,0.001389,0.004678,0.007883,0.008769,0.004614,0.004624,0.001447,0.003673,0.004697,0.004624,0.003548,0.004008,0.003640,0.003661,0.003487,0.004018,0.003531,0.004571,0.003955,0.003949,0.004016,0.004548,0.004050,0.004554,0.004054,0.003649,0.007088,0.007000,0.004576,0.003653,0.001482,0.003534,0.003721,0.008937,0.003495,0.008874,0.007820,1.006815,0.004271
r.rng_state,0.000184,0.013022,0.002909,0.000313,0.002788,0.007135,0.000264,0.002732,0.002909,0.000234,0.000148,0.002791,0.000282,0.002909,0.007135,0.000264,0.002788,0.000148,0.000148,0.002732,0.000208,0.000234,0.000229,0.012990,0.000208,0.000229,0.000184,0.019217,0.000234,0.000234,0.000269,0.000313,0.000258,0.000264,0.000196,0.019217,0.000234,0.002788,0.000234,0.000214,0.002909,0.000264,0.019217,0.000148,0.000258,0.000305,0.002732,0.002732,0.002732,0.002732,0.007135,0.000148,0.000258,0.002909,0.000313,0.002909,0.001095,0.000214,0.019217,0.000282,0.019217,0.000148,0.000313,0.000313,0.000258,0.000269,0.002732,0.000220,0.000313,0.000313,0.000313,0.000313,0.019217,0.000313,0.012958,0.000234,0.000282,0.002909,0.000282,0.002909,0.000208,0.000196,0.000234,0.000282,0.007135,0.007135,0.000229,0.019217,0.002909,0.000313,0.000313,0.002909,0.000313,0.000258,0.000265,0.000208,0.000234,0.002732,0.005102,0.008477,0.005836,0.002172,0.005004,0.002573,0.002720,0.002611,0.004961,0.004383,0.005399,0.002816,0.004961,0.002807,0.003164,0.005286,0.008573,0.002721,0.003176,0.005230,0.003543,0.003064,0.003058,0.006057,0.006968,0.005941,0.006975,0.005959,0.005407,0.004725,0.002404,0.005125,0.002766,0.002657,0.008310,0.002805,0.002831,0.005112,0.002697,0.002496,0.002700,1.003224
