predicate_id,language,lexer_function,instruction_ordinal,opcode,arg1,arg2,source_guard
p_bd081d79cd7b89e5e2a2,r,ts_lex,0,PUSH_EOF,,,eof
p_151adefc0b37bc193da7,r,ts_lex,0,PUSH_INT,9,,('\t' <= lookahead && lookahead <= '\r') || lookahead == ' '
p_151adefc0b37bc193da7,r,ts_lex,1,PUSH_LOOKAHEAD,,,('\t' <= lookahead && lookahead <= '\r') || lookahead == ' '
p_151adefc0b37bc193da7,r,ts_lex,2,CMP_LE,,,('\t' <= lookahead && lookahead <= '\r') || lookahead == ' '
p_151adefc0b37bc193da7,r,ts_lex,3,PUSH_LOOKAHEAD,,,('\t' <= lookahead && lookahead <= '\r') || lookahead == ' '
p_151adefc0b37bc193da7,r,ts_lex,4,PUSH_INT,13,,('\t' <= lookahead && lookahead <= '\r') || lookahead == ' '
p_151adefc0b37bc193da7,r,ts_lex,5,CMP_LE,,,('\t' <= lookahead && lookahead <= '\r') || lookahead == ' '
p_151adefc0b37bc193da7,r,ts_lex,6,AND,,,('\t' <= lookahead && lookahead <= '\r') || lookahead == ' '
p_151adefc0b37bc193da7,r,ts_lex,7,PUSH_LOOKAHEAD,,,('\t' <= lookahead && lookahead <= '\r') || lookahead == ' '
p_151adefc0b37bc193da7,r,ts_lex,8,PUSH_INT,32,,('\t' <= lookahead && lookahead <= '\r') || lookahead == ' '
p_151adefc0b37bc193da7,r,ts_lex,9,CMP_EQ,,,('\t' <= lookahead && lookahead <= '\r') || lookahead == ' '
p_151adefc0b37bc193da7,r,ts_lex,10,OR,,,('\t' <= lookahead && lookahead <= '\r') || lookahead == ' '
p_767eca23bb7fe406b2ab,r,ts_lex,0,PUSH_INT,49,,('1' <= lookahead && lookahead <= '9')
p_767eca23bb7fe406b2ab,r,ts_lex,1,PUSH_LOOKAHEAD,,,('1' <= lookahead && lookahead <= '9')
p_767eca23bb7fe406b2ab,r,ts_lex,2,CMP_LE,,,('1' <= lookahead && lookahead <= '9')
p_767eca23bb7fe406b2ab,r,ts_lex,3,PUSH_LOOKAHEAD,,,('1' <= lookahead && lookahead <= '9')
p_767eca23bb7fe406b2ab,r,ts_lex,4,PUSH_INT,57,,('1' <= lookahead && lookahead <= '9')
p_767eca23bb7fe406b2ab,r,ts_lex,5,CMP_LE,,,('1' <= lookahead && lookahead <= '9')
p_767eca23bb7fe406b2ab,r,ts_lex,6,AND,,,('1' <= lookahead && lookahead <= '9')
p_a14b2e65f3c13add0834,r,ts_lex,0,SET_CONTAINS,sym_identifier_character_set_2,669,"set_contains(sym_identifier_character_set_2, 669, lookahead)"
p_1f8e89671468d34a8a8c,r,ts_lex,0,PUSH_LOOKAHEAD,,,lookahead == 33
p_1f8e89671468d34a8a8c,r,ts_lex,1,PUSH_INT,33,,lookahead == 33
p_1f8e89671468d34a8a8c,r,ts_lex,2,CMP_EQ,,,lookahead == 33
p_418d60b5359399f8a125,r,ts_lex,0,PUSH_LOOKAHEAD,,,lookahead == 34
p_418d60b5359399f8a125,r,ts_lex,1,PUSH_INT,34,,lookahead == 34
p_418d60b5359399f8a125,r,ts_lex,2,CMP_EQ,,,lookahead == 34
p_323b58d37e0dc140fa6a,r,ts_lex,0,PUSH_LOOKAHEAD,,,lookahead == 35
p_323b58d37e0dc140fa6a,r,ts_lex,1,PUSH_INT,35,,lookahead == 35
p_323b58d37e0dc140fa6a,r,ts_lex,2,CMP_EQ,,,lookahead == 35
p_760ef4855ac6a49483f1,r,ts_lex,0,PUSH_LOOKAHEAD,,,lookahead == 36
p_760ef4855ac6a49483f1,r,ts_lex,1,PUSH_INT,36,,lookahead == 36
p_760ef4855ac6a49483f1,r,ts_lex,2,CMP_EQ,,,lookahead == 36
p_f8f2073ae7dc2e83ba54,r,ts_lex,0,PUSH_LOOKAHEAD,,,lookahead == 37
p_f8f2073ae7dc2e83ba54,r,ts_lex,1,PUSH_INT,37,,lookahead == 37
p_f8f2073ae7dc2e83ba54,r,ts_lex,2,CMP_EQ,,,lookahead == 37
p_7781d1ace2be5612a5dc,r,ts_lex,0,PUSH_LOOKAHEAD,,,lookahead == 38
p_7781d1ace2be5612a5dc,r,ts_lex,1,PUSH_INT,38,,lookahead == 38
p_7781d1ace2be5612a5dc,r,ts_lex,2,CMP_EQ,,,lookahead == 38
p_351cf866e2a421005cbf,r,ts_lex,0,PUSH_LOOKAHEAD,,,lookahead == 39
p_351cf866e2a421005cbf,r,ts_lex,1,PUSH_INT,39,,lookahead == 39
p_351cf866e2a421005cbf,r,ts_lex,2,CMP_EQ,,,lookahead == 39
p_506f8d966f2434796a86,r,ts_lex,0,PUSH_LOOKAHEAD,,,lookahead == 42
p_506f8d966f2434796a86,r,ts_lex,1,PUSH_INT,42,,lookahead == 42
p_506f8d966f2434796a86,r,ts_lex,2,CMP_EQ,,,lookahead == 42
p_b80cf91f1a99e4dfbcaa,r,ts_lex,0,PUSH_LOOKAHEAD,,,lookahead == 43
p_b80cf91f1a99e4dfbcaa,r,ts_lex,1,PUSH_INT,43,,lookahead == 43
p_b80cf91f1a99e4dfbcaa,r,ts_lex,2,CMP_EQ,,,lookahead == 43
p_e0ce19979b2f5d06f3e0,r,ts_lex,0,PUSH_LOOKAHEAD,,,lookahead == 44
p_e0ce19979b2f5d06f3e0,r,ts_lex,1,PUSH_INT,44,,lookahead == 44
p_e0ce19979b2f5d06f3e0,r,ts_lex,2,CMP_EQ,,,lookahead == 44
p_0ccf58b3a760071bd59b,r,ts_lex,0,PUSH_LOOKAHEAD,,,lookahead == 45
p_0ccf58b3a760071bd59b,r,ts_lex,1,PUSH_INT,45,,lookahead == 45
p_0ccf58b3a760071bd59b,r,ts_lex,2,CMP_EQ,,,lookahead == 45
p_fa57fe40ab955c8163cf,r,ts_lex,0,PUSH_LOOKAHEAD,,,lookahead == 46
p_fa57fe40ab955c8163cf,r,ts_lex,1,PUSH_INT,46,,lookahead == 46
p_fa57fe40ab955c8163cf,r,ts_lex,2,CMP_EQ,,,lookahead == 46
p_5c4c63055c52beef382c,r,ts_lex,0,PUSH_LOOKAHEAD,,,lookahead == 47
p_5c4c63055c52beef382c,r,ts_lex,1,PUSH_INT,47,,lookahead == 47
p_5c4c63055c52beef382c,r,ts_lex,2,CMP_EQ,,,lookahead == 47
p_cf74396405a3aac14a69,r,ts_lex,0,PUSH_LOOKAHEAD,,,lookahead == 48
p_cf74396405a3aac14a69,r,ts_lex,1,PUSH_INT,48,,lookahead == 48
p_cf74396405a3aac14a69,r,ts_lex,2,CMP_EQ,,,lookahead == 48
p_adb53d437d77caabab20,r,ts_lex,0,PUSH_LOOKAHEAD,,,lookahead == 58
p_adb53d437d77caabab20,r,ts_lex,1,PUSH_INT,58,,lookahead == 58
p_adb53d437d77caabab20,r,ts_lex,2,CMP_EQ,,,lookahead == 58
p_72dde573ddae2d7ff0cd,r,ts_lex,0,PUSH_LOOKAHEAD,,,lookahead == 60
p_72dde573ddae2d7ff0cd,r,ts_lex,1,PUSH_INT,60,,lookahead == 60
p_72dde573ddae2d7ff0cd,r,ts_lex,2,CMP_EQ,,,lookahead == 60
p_8ebc46c186fbb609ae55,r,ts_lex,0,PUSH_LOOKAHEAD,,,lookahead == 61
p_8ebc46c186fbb609ae55,r,ts_lex,1,PUSH_INT,61,,lookahead == 61
p_8ebc46c186fbb609ae55,r,ts_lex,2,CMP_EQ,,,lookahead == 61
p_4e40e4e276fcfa1d7705,r,ts_lex,0,PUSH_LOOKAHEAD,,,lookahead == 62
p_4e40e4e276fcfa1d7705,r,ts_lex,1,PUSH_INT,62,,lookahead == 62
p_4e40e4e276fcfa1d7705,r,ts_lex,2,CMP_EQ,,,lookahead == 62
p_a0dc6fb61b9444aadd8c,r,ts_lex,0,PUSH_LOOKAHEAD,,,lookahead == 63
p_a0dc6fb61b9444aadd8c,r,ts_lex,1,PUSH_INT,63,,lookahead == 63
p_a0dc6fb61b9444aadd8c,r,ts_lex,2,CMP_EQ,,,lookahead == 63
p_f38ec1827bb5f70c6a05,r,ts_lex,0,PUSH_LOOKAHEAD,,,lookahead == 64
p_f38ec1827bb5f70c6a05,r,ts_lex,1,PUSH_INT,64,,lookahead == 64
p_f38ec1827bb5f70c6a05,r,ts_lex,2,CMP_EQ,,,lookahead == 64
p_cd9da40ee315bbdb7357,r,ts_lex,0,PUSH_LOOKAHEAD,,,lookahead == 92
p_cd9da40ee315bbdb7357,r,ts_lex,1,PUSH_INT,92,,lookahead == 92
p_cd9da40ee315bbdb7357,r,ts_lex,2,CMP_EQ,,,lookahead == 92
p_6ef512fc7f2ddaabd543,r,ts_lex,0,PUSH_LOOKAHEAD,,,lookahead == 94
p_6ef512fc7f2ddaabd543,r,ts_lex,1,PUSH_INT,94,,lookahead == 94
p_6ef512fc7f2ddaabd543,r,ts_lex,2,CMP_EQ,,,lookahead == 94
p_aa7c4dbd4bc6f3896dfc,r,ts_lex,0,PUSH_LOOKAHEAD,,,lookahead == 96
p_aa7c4dbd4bc6f3896dfc,r,ts_lex,1,PUSH_INT,96,,lookahead == 96
p_aa7c4dbd4bc6f3896dfc,r,ts_lex,2,CMP_EQ,,,lookahead == 96
p_604da022d81ec52e3672,r,ts_lex,0,PUSH_LOOKAHEAD,,,lookahead == 124
p_604da022d81ec52e3672,r,ts_lex,1,PUSH_INT,124,,lookahead == 124
p_604da022d81ec52e3672,r,ts_lex,2,CMP_EQ,,,lookahead == 124
p_f04f064616ca000c4ece,r,ts_lex,0,PUSH_LOOKAHEAD,,,lookahead == 126
p_f04f064616ca000c4ece,r,ts_lex,1,PUSH_INT,126,,lookahead == 126
p_f04f064616ca000c4ece,r,ts_lex,2,CMP_EQ,,,lookahead == 126
p_3833b36da28a6836fff9,r,ts_lex,0,PUSH_LOOKAHEAD,,,"lookahead == '""'"
p_3833b36da28a6836fff9,r,ts_lex,1,PUSH_INT,34,,"lookahead == '""'"
p_3833b36da28a6836fff9,r,ts_lex,2,CMP_EQ,,,"lookahead == '""'"
p_933e9169291d163ff18e,r,ts_lex,0,PUSH_LOOKAHEAD,,,lookahead == '#'
p_933e9169291d163ff18e,r,ts_lex,1,PUSH_INT,35,,lookahead == '#'
p_933e9169291d163ff18e,r,ts_lex,2,CMP_EQ,,,lookahead == '#'
p_a9e0d050b532ff639479,r,ts_lex,0,PUSH_LOOKAHEAD,,,lookahead == '\\'
p_a9e0d050b532ff639479,r,ts_lex,1,PUSH_INT,92,,lookahead == '\\'
p_a9e0d050b532ff639479,r,ts_lex,2,CMP_EQ,,,lookahead == '\\'
p_f1c19e7a1f403095df3b,r,ts_lex,0,PUSH_LOOKAHEAD,,,lookahead != 0
p_f1c19e7a1f403095df3b,r,ts_lex,1,PUSH_INT,0,,lookahead != 0
p_f1c19e7a1f403095df3b,r,ts_lex,2,CMP_NE,,,lookahead != 0
p_40db4be8fc056dfa76e9,r,ts_lex,0,PUSH_LOOKAHEAD,,,lookahead == '\''
p_40db4be8fc056dfa76e9,r,ts_lex,1,PUSH_INT,39,,lookahead == '\''
p_40db4be8fc056dfa76e9,r,ts_lex,2,CMP_EQ,,,lookahead == '\''
p_34255945ca1174ee7675,r,ts_lex,0,PUSH_LOOKAHEAD,,,lookahead == '%'
p_34255945ca1174ee7675,r,ts_lex,1,PUSH_INT,37,,lookahead == '%'
p_34255945ca1174ee7675,r,ts_lex,2,CMP_EQ,,,lookahead == '%'
p_c72bf588406eab25344a,r,ts_lex,0,PUSH_LOOKAHEAD,,,lookahead != 0 && lookahead != '\n' && lookahead != '\\'
p_c72bf588406eab25344a,r,ts_lex,1,PUSH_INT,0,,lookahead != 0 && lookahead != '\n' && lookahead != '\\'
p_c72bf588406eab25344a,r,ts_lex,2,CMP_NE,,,lookahead != 0 && lookahead != '\n' && lookahead != '\\'
p_c72bf588406eab25344a,r,ts_lex,3,PUSH_LOOKAHEAD,,,lookahead != 0 && lookahead != '\n' && lookahead != '\\'
p_c72bf588406eab25344a,r,ts_lex,4,PUSH_INT,10,,lookahead != 0 && lookahead != '\n' && lookahead != '\\'
p_c72bf588406eab25344a,r,ts_lex,5,CMP_NE,,,lookahead != 0 && lookahead != '\n' && lookahead != '\\'
p_c72bf588406eab25344a,r,ts_lex,6,AND,,,lookahead != 0 && lookahead != '\n' && lookahead != '\\'
p_c72bf588406eab25344a,r,ts_lex,7,PUSH_LOOKAHEAD,,,lookahead != 0 && lookahead != '\n' && lookahead != '\\'
p_c72bf588406eab25344a,r,ts_lex,8,PUSH_INT,92,,lookahead != 0 && lookahead != '\n' && lookahead != '\\'
p_c72bf588406eab25344a,r,ts_lex,9,CMP_NE,,,lookahead != 0 && lookahead != '\n' && lookahead != '\\'
p_c72bf588406eab25344a,r,ts_lex,10,AND,,,lookahead != 0 && lookahead != '\n' && lookahead != '\\'
p_80389cb41907071d4a2c,r,ts_lex,0,PUSH_LOOKAHEAD,,,lookahead == '-'
p_80389cb41907071d4a2c,r,ts_lex,1,PUSH_INT,45,,lookahead == '-'
p_80389cb41907071d4a2c,r,ts_lex,2,CMP_EQ,,,lookahead == '-'
p_6fd7db2d49192140dcb7,r,ts_lex,0,PUSH_LOOKAHEAD,,,lookahead == '.'
p_6fd7db2d49192140dcb7,r,ts_lex,1,PUSH_INT,46,,lookahead == '.'
p_6fd7db2d49192140dcb7,r,ts_lex,2,CMP_EQ,,,lookahead == '.'
p_0c52ebd1b2843f3452f0,r,ts_lex,0,PUSH_INT,48,,('0' <= lookahead && lookahead <= '9') || ('A' <= lookahead && lookahead <= 'F') || ('a' <= lookahead && lookahead <= 'f')
p_0c52ebd1b2843f3452f0,r,ts_lex,1,PUSH_LOOKAHEAD,,,('0' <= lookahead && lookahead <= '9') || ('A' <= lookahead && lookahead <= 'F') || ('a' <= lookahead && lookahead <= 'f')
p_0c52ebd1b2843f3452f0,r,ts_lex,2,CMP_LE,,,('0' <= lookahead && lookahead <= '9') || ('A' <= lookahead && lookahead <= 'F') || ('a' <= lookahead && lookahead <= 'f')
p_0c52ebd1b2843f3452f0,r,ts_lex,3,PUSH_LOOKAHEAD,,,('0' <= lookahead && lookahead <= '9') || ('A' <= lookahead && lookahead <= 'F') || ('a' <= lookahead && lookahead <= 'f')
p_0c52ebd1b2843f3452f0,r,ts_lex,4,PUSH_INT,57,,('0' <= lookahead && lookahead <= '9') || ('A' <= lookahead && lookahead <= 'F') || ('a' <= lookahead && lookahead <= 'f')
p_0c52ebd1b2843f3452f0,r,ts_lex,5,CMP_LE,,,('0' <= lookahead && lookahead <= '9') || ('A' <= lookahead && lookahead <= 'F') || ('a' <= lookahead && lookahead <= 'f')
p_0c52ebd1b2843f3452f0,r,ts_lex,6,AND,,,('0' <= lookahead && lookahead <= '9') || ('A' <= lookahead && lookahead <= 'F') || ('a' <= lookahead && lookahead <= 'f')
p_0c52ebd1b2843f3452f0,r,ts_lex,7,PUSH_INT,65,,('0' <= lookahead && lookahead <= '9') || ('A' <= lookahead && lookahead <= 'F') || ('a' <= lookahead && lookahead <= 'f')
p_0c52ebd1b2843f3452f0,r,ts_lex,8,PUSH_LOOKAHEAD,,,('0' <= lookahead && lookahead <= '9') || ('A' <= lookahead && lookahead <= 'F') || ('a' <= lookahead && lookahead <= 'f')
p_0c52ebd1b2843f3452f0,r,ts_lex,9,CMP_LE,,,('0' <= lookahead && lookahead <= '9') || ('A' <= lookahead && lookahead <= 'F') || ('a' <= lookahead && lookahead <= 'f')
p_0c52ebd1b2843f3452f0,r,ts_lex,10,PUSH_LOOKAHEAD,,,('0' <= lookahead && lookahead <= '9') || ('A' <= lookahead && lookahead <= 'F') || ('a' <= lookahead && lookahead <= 'f')
p_0c52ebd1b2843f3452f0,r,ts_lex,11,PUSH_INT,70,,('0' <= lookahead && lookahead <= '9') || ('A' <= lookahead && lookahead <= 'F') || ('a' <= lookahead && lookahead <= 'f')
p_0c52ebd1b2843f3452f0,r,ts_lex,12,CMP_LE,,,('0' <= lookahead && lookahead <= '9') || ('A' <= lookahead && lookahead <= 'F') || ('a' <= lookahead && lookahead <= 'f')
p_0c52ebd1b2843f3452f0,r,ts_lex,13,AND,,,('0' <= lookahead && lookahead <= '9') || ('A' <= lookahead && lookahead <= 'F') || ('a' <= lookahead && lookahead <= 'f')
p_0c52ebd1b2843f3452f0,r,ts_lex,14,OR,,,('0' <= lookahead && lookahead <= '9') || ('A' <= lookahead && lookahead <= 'F') || ('a' <= lookahead && lookahead <= 'f')
p_0c52ebd1b2843f3452f0,r,ts_lex,15,PUSH_INT,97,,('0' <= lookahead && lookahead <= '9') || ('A' <= lookahead && lookahead <= 'F') || ('a' <= lookahead && lookahead <= 'f')
p_0c52ebd1b2843f3452f0,r,ts_lex,16,PUSH_LOOKAHEAD,,,('0' <= lookahead && lookahead <= '9') || ('A' <= lookahead && lookahead <= 'F') || ('a' <= lookahead && lookahead <= 'f')
p_0c52ebd1b2843f3452f0,r,ts_lex,17,CMP_LE,,,('0' <= lookahead && lookahead <= '9') || ('A' <= lookahead && lookahead <= 'F') || ('a' <= lookahead && lookahead <= 'f')
p_0c52ebd1b2843f3452f0,r,ts_lex,18,PUSH_LOOKAHEAD,,,('0' <= lookahead && lookahead <= '9') || ('A' <= lookahead && lookahead <= 'F') || ('a' <= lookahead && lookahead <= 'f')
p_0c52ebd1b2843f3452f0,r,ts_lex,19,PUSH_INT,102,,('0' <= lookahead && lookahead <= '9') || ('A' <= lookahead && lookahead <= 'F') || ('a' <= lookahead && lookahead <= 'f')
p_0c52ebd1b2843f3452f0,r,ts_lex,20,CMP_LE,,,('0' <= lookahead && lookahead <= '9') || ('A' <= lookahead && lookahead <= 'F') || ('a' <= lookahead && lookahead <= 'f')
p_0c52ebd1b2843f3452f0,r,ts_lex,21,AND,,,('0' <= lookahead && lookahead <= '9') || ('A' <= lookahead && lookahead <= 'F') || ('a' <= lookahead && lookahead <= 'f')
p_0c52ebd1b2843f3452f0,r,ts_lex,22,OR,,,('0' <= lookahead && lookahead <= '9') || ('A' <= lookahead && lookahead <= 'F') || ('a' <= lookahead && lookahead <= 'f')
p_26017da2a2605f36eb14,r,ts_lex,0,PUSH_LOOKAHEAD,,,lookahead == '='
p_26017da2a2605f36eb14,r,ts_lex,1,PUSH_INT,61,,lookahead == '='
p_26017da2a2605f36eb14,r,ts_lex,2,CMP_EQ,,,lookahead == '='
p_53fd5d03873a45896ea8,r,ts_lex,0,PUSH_LOOKAHEAD,,,lookahead == 'U'
p_53fd5d03873a45896ea8,r,ts_lex,1,PUSH_INT,85,,lookahead == 'U'
p_53fd5d03873a45896ea8,r,ts_lex,2,CMP_EQ,,,lookahead == 'U'
p_92b3cc94fe7e72eae4d7,r,ts_lex,0,PUSH_LOOKAHEAD,,,lookahead == 'u'
p_92b3cc94fe7e72eae4d7,r,ts_lex,1,PUSH_INT,117,,lookahead == 'u'
p_92b3cc94fe7e72eae4d7,r,ts_lex,2,CMP_EQ,,,lookahead == 'u'
p_22bf1ffaa17e8d955b4e,r,ts_lex,0,PUSH_LOOKAHEAD,,,lookahead == 'x'
p_22bf1ffaa17e8d955b4e,r,ts_lex,1,PUSH_INT,120,,lookahead == 'x'
p_22bf1ffaa17e8d955b4e,r,ts_lex,2,CMP_EQ,,,lookahead == 'x'
p_58710ee39c938f531c09,r,ts_lex,0,PUSH_INT,48,,('0' <= lookahead && lookahead <= '7')
p_58710ee39c938f531c09,r,ts_lex,1,PUSH_LOOKAHEAD,,,('0' <= lookahead && lookahead <= '7')
p_58710ee39c938f531c09,r,ts_lex,2,CMP_LE,,,('0' <= lookahead && lookahead <= '7')
p_58710ee39c938f531c09,r,ts_lex,3,PUSH_LOOKAHEAD,,,('0' <= lookahead && lookahead <= '7')
p_58710ee39c938f531c09,r,ts_lex,4,PUSH_INT,55,,('0' <= lookahead && lookahead <= '7')
p_58710ee39c938f531c09,r,ts_lex,5,CMP_LE,,,('0' <= lookahead && lookahead <= '7')
p_58710ee39c938f531c09,r,ts_lex,6,AND,,,('0' <= lookahead && lookahead <= '7')
p_e4c3d394772885d625fc,r,ts_lex,0,PUSH_LOOKAHEAD,,,lookahead != 0 && (lookahead < '0' || '9' < lookahead)
p_e4c3d394772885d625fc,r,ts_lex,1,PUSH_INT,0,,lookahead != 0 && (lookahead < '0' || '9' < lookahead)
p_e4c3d394772885d625fc,r,ts_lex,2,CMP_NE,,,lookahead != 0 && (lookahead < '0' || '9' < lookahead)
p_e4c3d394772885d625fc,r,ts_lex,3,PUSH_LOOKAHEAD,,,lookahead != 0 && (lookahead < '0' || '9' < lookahead)
p_e4c3d394772885d625fc,r,ts_lex,4,PUSH_INT,48,,lookahead != 0 && (lookahead < '0' || '9' < lookahead)
p_e4c3d394772885d625fc,r,ts_lex,5,CMP_LT,,,lookahead != 0 && (lookahead < '0' || '9' < lookahead)
p_e4c3d394772885d625fc,r,ts_lex,6,PUSH_INT,57,,lookahead != 0 && (lookahead < '0' || '9' < lookahead)
p_e4c3d394772885d625fc,r,ts_lex,7,PUSH_LOOKAHEAD,,,lookahead != 0 && (lookahead < '0' || '9' < lookahead)
p_e4c3d394772885d625fc,r,ts_lex,8,CMP_LT,,,lookahead != 0 && (lookahead < '0' || '9' < lookahead)
p_e4c3d394772885d625fc,r,ts_lex,9,OR,,,lookahead != 0 && (lookahead < '0' || '9' < lookahead)
p_e4c3d394772885d625fc,r,ts_lex,10,AND,,,lookahead != 0 && (lookahead < '0' || '9' < lookahead)
p_30aa183645d95ccdac06,r,ts_lex,0,PUSH_LOOKAHEAD,,,lookahead == '`'
p_30aa183645d95ccdac06,r,ts_lex,1,PUSH_INT,96,,lookahead == '`'
p_30aa183645d95ccdac06,r,ts_lex,2,CMP_EQ,,,lookahead == '`'
p_ce874d0b6b57f45cc4de,r,ts_lex,0,PUSH_LOOKAHEAD,,,lookahead == '{'
p_ce874d0b6b57f45cc4de,r,ts_lex,1,PUSH_INT,123,,lookahead == '{'
p_ce874d0b6b57f45cc4de,r,ts_lex,2,CMP_EQ,,,lookahead == '{'
p_d4b128f43e71cba81ee0,r,ts_lex,0,PUSH_LOOKAHEAD,,,lookahead == '}'
p_d4b128f43e71cba81ee0,r,ts_lex,1,PUSH_INT,125,,lookahead == '}'
p_d4b128f43e71cba81ee0,r,ts_lex,2,CMP_EQ,,,lookahead == '}'
p_7d97d2403703624d9c90,r,ts_lex,0,PUSH_LOOKAHEAD,,,lookahead == '+' || lookahead == '-'
p_7d97d2403703624d9c90,r,ts_lex,1,PUSH_INT,43,,lookahead == '+' || lookahead == '-'
p_7d97d2403703624d9c90,r,ts_lex,2,CMP_EQ,,,lookahead == '+' || lookahead == '-'
p_7d97d2403703624d9c90,r,ts_lex,3,PUSH_LOOKAHEAD,,,lookahead == '+' || lookahead == '-'
p_7d97d2403703624d9c90,r,ts_lex,4,PUSH_INT,45,,lookahead == '+' || lookahead == '-'
p_7d97d2403703624d9c90,r,ts_lex,5,CMP_EQ,,,lookahead == '+' || lookahead == '-'
p_7d97d2403703624d9c90,r,ts_lex,6,OR,,,lookahead == '+' || lookahead == '-'
p_260b817a68d584c79f98,r,ts_lex,0,PUSH_INT,48,,('0' <= lookahead && lookahead <= '9')
p_260b817a68d584c79f98,r,ts_lex,1,PUSH_LOOKAHEAD,,,('0' <= lookahead && lookahead <= '9')
p_260b817a68d584c79f98,r,ts_lex,2,CMP_LE,,,('0' <= lookahead && lookahead <= '9')
p_260b817a68d584c79f98,r,ts_lex,3,PUSH_LOOKAHEAD,,,('0' <= lookahead && lookahead <= '9')
p_260b817a68d584c79f98,r,ts_lex,4,PUSH_INT,57,,('0' <= lookahead && lookahead <= '9')
p_260b817a68d584c79f98,r,ts_lex,5,CMP_LE,,,('0' <= lookahead && lookahead <= '9')
p_260b817a68d584c79f98,r,ts_lex,6,AND,,,('0' <= lookahead && lookahead <= '9')
p_4fa63ffe76abf558ec9b,r,ts_lex,0,PUSH_LOOKAHEAD,,,lookahead == '>'
p_4fa63ffe76abf558ec9b,r,ts_lex,1,PUSH_INT,62,,lookahead == '>'
p_4fa63ffe76abf558ec9b,r,ts_lex,2,CMP_EQ,,,lookahead == '>'
p_c48cf23a01e32072c459,r,ts_lex,0,PUSH_LOOKAHEAD,,,lookahead == '|'
p_c48cf23a01e32072c459,r,ts_lex,1,PUSH_INT,124,,lookahead == '|'
p_c48cf23a01e32072c459,r,ts_lex,2,CMP_EQ,,,lookahead == '|'
p_1da6b7f4c817c8dfbed3,r,ts_lex,0,PUSH_LOOKAHEAD,,,lookahead == '&'
p_1da6b7f4c817c8dfbed3,r,ts_lex,1,PUSH_INT,38,,lookahead == '&'
p_1da6b7f4c817c8dfbed3,r,ts_lex,2,CMP_EQ,,,lookahead == '&'
p_6a69506a94f7fc6b04d4,r,ts_lex,0,PUSH_LOOKAHEAD,,,lookahead == '<'
p_6a69506a94f7fc6b04d4,r,ts_lex,1,PUSH_INT,60,,lookahead == '<'
p_6a69506a94f7fc6b04d4,r,ts_lex,2,CMP_EQ,,,lookahead == '<'
p_0bdd70cfa300db6f37d3,r,ts_lex,0,PUSH_LOOKAHEAD,,,lookahead == '*'
p_0bdd70cfa300db6f37d3,r,ts_lex,1,PUSH_INT,42,,lookahead == '*'
p_0bdd70cfa300db6f37d3,r,ts_lex,2,CMP_EQ,,,lookahead == '*'
p_def9df1513fc092202be,r,ts_lex,0,PUSH_LOOKAHEAD,,,lookahead == ':'
p_def9df1513fc092202be,r,ts_lex,1,PUSH_INT,58,,lookahead == ':'
p_def9df1513fc092202be,r,ts_lex,2,CMP_EQ,,,lookahead == ':'
p_a0288a6b6ed23b7e5e9f,r,ts_lex,0,PUSH_LOOKAHEAD,,,lookahead == 'P' || lookahead == 'p'
p_a0288a6b6ed23b7e5e9f,r,ts_lex,1,PUSH_INT,80,,lookahead == 'P' || lookahead == 'p'
p_a0288a6b6ed23b7e5e9f,r,ts_lex,2,CMP_EQ,,,lookahead == 'P' || lookahead == 'p'
p_a0288a6b6ed23b7e5e9f,r,ts_lex,3,PUSH_LOOKAHEAD,,,lookahead == 'P' || lookahead == 'p'
p_a0288a6b6ed23b7e5e9f,r,ts_lex,4,PUSH_INT,112,,lookahead == 'P' || lookahead == 'p'
p_a0288a6b6ed23b7e5e9f,r,ts_lex,5,CMP_EQ,,,lookahead == 'P' || lookahead == 'p'
p_a0288a6b6ed23b7e5e9f,r,ts_lex,6,OR,,,lookahead == 'P' || lookahead == 'p'
p_5d1bbf9a5eac0929d21a,r,ts_lex,0,PUSH_LOOKAHEAD,,,lookahead == 'E' || lookahead == 'e'
p_5d1bbf9a5eac0929d21a,r,ts_lex,1,PUSH_INT,69,,lookahead == 'E' || lookahead == 'e'
p_5d1bbf9a5eac0929d21a,r,ts_lex,2,CMP_EQ,,,lookahead == 'E' || lookahead == 'e'
p_5d1bbf9a5eac0929d21a,r,ts_lex,3,PUSH_LOOKAHEAD,,,lookahead == 'E' || lookahead == 'e'
p_5d1bbf9a5eac0929d21a,r,ts_lex,4,PUSH_INT,101,,lookahead == 'E' || lookahead == 'e'
p_5d1bbf9a5eac0929d21a,r,ts_lex,5,CMP_EQ,,,lookahead == 'E' || lookahead == 'e'
p_5d1bbf9a5eac0929d21a,r,ts_lex,6,OR,,,lookahead == 'E' || lookahead == 'e'
p_0202159a55f7c8c5b475,r,ts_lex,0,PUSH_LOOKAHEAD,,,lookahead == 'X' || lookahead == 'x'
p_0202159a55f7c8c5b475,r,ts_lex,1,PUSH_INT,88,,lookahead == 'X' || lookahead == 'x'
p_0202159a55f7c8c5b475,r,ts_lex,2,CMP_EQ,,,lookahead == 'X' || lookahead == 'x'
p_0202159a55f7c8c5b475,r,ts_lex,3,PUSH_LOOKAHEAD,,,lookahead == 'X' || lookahead == 'x'
p_0202159a55f7c8c5b475,r,ts_lex,4,PUSH_INT,120,,lookahead == 'X' || lookahead == 'x'
p_0202159a55f7c8c5b475,r,ts_lex,5,CMP_EQ,,,lookahead == 'X' || lookahead == 'x'
p_0202159a55f7c8c5b475,r,ts_lex,6,OR,,,lookahead == 'X' || lookahead == 'x'
p_0d05ede1da0894795244,r,ts_lex,0,PUSH_LOOKAHEAD,,,lookahead != 0 && lookahead != '\'' && lookahead != '\\'
p_0d05ede1da0894795244,r,ts_lex,1,PUSH_INT,0,,lookahead != 0 && lookahead != '\'' && lookahead != '\\'
p_0d05ede1da0894795244,r,ts_lex,2,CMP_NE,,,lookahead != 0 && lookahead != '\'' && lookahead != '\\'
p_0d05ede1da0894795244,r,ts_lex,3,PUSH_LOOKAHEAD,,,lookahead != 0 && lookahead != '\'' && lookahead != '\\'
p_0d05ede1da0894795244,r,ts_lex,4,PUSH_INT,39,,lookahead != 0 && lookahead != '\'' && lookahead != '\\'
p_0d05ede1da0894795244,r,ts_lex,5,CMP_NE,,,lookahead != 0 && lookahead != '\'' && lookahead != '\\'
p_0d05ede1da0894795244,r,ts_lex,6,AND,,,lookahead != 0 && lookahead != '\'' && lookahead != '\\'
p_0d05ede1da0894795244,r,ts_lex,7,PUSH_LOOKAHEAD,,,lookahead != 0 && lookahead != '\'' && lookahead != '\\'
p_0d05ede1da0894795244,r,ts_lex,8,PUSH_INT,92,,lookahead != 0 && lookahead != '\'' && lookahead != '\\'
p_0d05ede1da0894795244,r,ts_lex,9,CMP_NE,,,lookahead != 0 && lookahead != '\'' && lookahead != '\\'
p_0d05ede1da0894795244,r,ts_lex,10,AND,,,lookahead != 0 && lookahead != '\'' && lookahead != '\\'
p_e6659d7c96748a601910,r,ts_lex,0,PUSH_LOOKAHEAD,,,lookahead == '\n' || lookahead == '\r'
p_e6659d7c96748a601910,r,ts_lex,1,PUSH_INT,10,,lookahead == '\n' || lookahead == '\r'
p_e6659d7c96748a601910,r,ts_lex,2,CMP_EQ,,,lookahead == '\n' || lookahead == '\r'
p_e6659d7c96748a601910,r,ts_lex,3,PUSH_LOOKAHEAD,,,lookahead == '\n' || lookahead == '\r'
p_e6659d7c96748a601910,r,ts_lex,4,PUSH_INT,13,,lookahead == '\n' || lookahead == '\r'
p_e6659d7c96748a601910,r,ts_lex,5,CMP_EQ,,,lookahead == '\n' || lookahead == '\r'
p_e6659d7c96748a601910,r,ts_lex,6,OR,,,lookahead == '\n' || lookahead == '\r'
p_a5f49064ca6f92ecbd95,r,ts_lex,0,PUSH_LOOKAHEAD,,,"lookahead != 0 && lookahead != '""' && lookahead != '#' && lookahead != '\\'"
p_a5f49064ca6f92ecbd95,r,ts_lex,1,PUSH_INT,0,,"lookahead != 0 && lookahead != '""' && lookahead != '#' && lookahead != '\\'"
p_a5f49064ca6f92ecbd95,r,ts_lex,2,CMP_NE,,,"lookahead != 0 && lookahead != '""' && lookahead != '#' && lookahead != '\\'"
p_a5f49064ca6f92ecbd95,r,ts_lex,3,PUSH_LOOKAHEAD,,,"lookahead != 0 && lookahead != '""' && lookahead != '#' && lookahead != '\\'"
p_a5f49064ca6f92ecbd95,r,ts_lex,4,PUSH_INT,34,,"lookahead != 0 && lookahead != '""' && lookahead != '#' && lookahead != '\\'"
p_a5f49064ca6f92ecbd95,r,ts_lex,5,CMP_NE,,,"lookahead != 0 && lookahead != '""' && lookahead != '#' && lookahead != '\\'"
p_a5f49064ca6f92ecbd95,r,ts_lex,6,AND,,,"lookahead != 0 && lookahead != '""' && lookahead != '#' && lookahead != '\\'"
p_a5f49064ca6f92ecbd95,r,ts_lex,7,PUSH_LOOKAHEAD,,,"lookahead != 0 && lookahead != '""' && lookahead != '#' && lookahead != '\\'"
p_a5f49064ca6f92ecbd95,r,ts_lex,8,PUSH_INT,35,,"lookahead != 0 && lookahead != '""' && lookahead != '#' && lookahead != '\\'"
p_a5f49064ca6f92ecbd95,r,ts_lex,9,CMP_NE,,,"lookahead != 0 && lookahead != '""' && lookahead != '#' && lookahead != '\\'"
p_a5f49064ca6f92ecbd95,r,ts_lex,10,AND,,,"lookahead != 0 && lookahead != '""' && lookahead != '#' && lookahead != '\\'"
p_a5f49064ca6f92ecbd95,r,ts_lex,11,PUSH_LOOKAHEAD,,,"lookahead != 0 && lookahead != '""' && lookahead != '#' && lookahead != '\\'"
p_a5f49064ca6f92ecbd95,r,ts_lex,12,PUSH_INT,92,,"lookahead != 0 && lookahead != '""' && lookahead != '#' && lookahead != '\\'"
p_a5f49064ca6f92ecbd95,r,ts_lex,13,CMP_NE,,,"lookahead != 0 && lookahead != '""' && lookahead != '#' && lookahead != '\\'"
p_a5f49064ca6f92ecbd95,r,ts_lex,14,AND,,,"lookahead != 0 && lookahead != '""' && lookahead != '#' && lookahead != '\\'"
p_66005bdad43aa4a249b9,r,ts_lex,0,PUSH_LOOKAHEAD,,,"lookahead != 0 && lookahead != '""' && lookahead != '\\'"
p_66005bdad43aa4a249b9,r,ts_lex,1,PUSH_INT,0,,"lookahead != 0 && lookahead != '""' && lookahead != '\\'"
p_66005bdad43aa4a249b9,r,ts_lex,2,CMP_NE,,,"lookahead != 0 && lookahead != '""' && lookahead != '\\'"
p_66005bdad43aa4a249b9,r,ts_lex,3,PUSH_LOOKAHEAD,,,"lookahead != 0 && lookahead != '""' && lookahead != '\\'"
p_66005bdad43aa4a249b9,r,ts_lex,4,PUSH_INT,34,,"lookahead != 0 && lookahead != '""' && lookahead != '\\'"
p_66005bdad43aa4a249b9,r,ts_lex,5,CMP_NE,,,"lookahead != 0 && lookahead != '""' && lookahead != '\\'"
p_66005bdad43aa4a249b9,r,ts_lex,6,AND,,,"lookahead != 0 && lookahead != '""' && lookahead != '\\'"
p_66005bdad43aa4a249b9,r,ts_lex,7,PUSH_LOOKAHEAD,,,"lookahead != 0 && lookahead != '""' && lookahead != '\\'"
p_66005bdad43aa4a249b9,r,ts_lex,8,PUSH_INT,92,,"lookahead != 0 && lookahead != '""' && lookahead != '\\'"
p_66005bdad43aa4a249b9,r,ts_lex,9,CMP_NE,,,"lookahead != 0 && lookahead != '""' && lookahead != '\\'"
p_66005bdad43aa4a249b9,r,ts_lex,10,AND,,,"lookahead != 0 && lookahead != '""' && lookahead != '\\'"
p_ad9647ca6654f5e480a2,r,ts_lex,0,SET_CONTAINS,sym_identifier_character_set_3,777,"set_contains(sym_identifier_character_set_3, 777, lookahead)"
p_d6a9ebe6f655495911d0,r,ts_lex,0,PUSH_LOOKAHEAD,,,lookahead != 0 && lookahead != '\n' && lookahead != '\r'
p_d6a9ebe6f655495911d0,r,ts_lex,1,PUSH_INT,0,,lookahead != 0 && lookahead != '\n' && lookahead != '\r'
p_d6a9ebe6f655495911d0,r,ts_lex,2,CMP_NE,,,lookahead != 0 && lookahead != '\n' && lookahead != '\r'
p_d6a9ebe6f655495911d0,r,ts_lex,3,PUSH_LOOKAHEAD,,,lookahead != 0 && lookahead != '\n' && lookahead != '\r'
p_d6a9ebe6f655495911d0,r,ts_lex,4,PUSH_INT,10,,lookahead != 0 && lookahead != '\n' && lookahead != '\r'
p_d6a9ebe6f655495911d0,r,ts_lex,5,CMP_NE,,,lookahead != 0 && lookahead != '\n' && lookahead != '\r'
p_d6a9ebe6f655495911d0,r,ts_lex,6,AND,,,lookahead != 0 && lookahead != '\n' && lookahead != '\r'
p_d6a9ebe6f655495911d0,r,ts_lex,7,PUSH_LOOKAHEAD,,,lookahead != 0 && lookahead != '\n' && lookahead != '\r'
p_d6a9ebe6f655495911d0,r,ts_lex,8,PUSH_INT,13,,lookahead != 0 && lookahead != '\n' && lookahead != '\r'
p_d6a9ebe6f655495911d0,r,ts_lex,9,CMP_NE,,,lookahead != 0 && lookahead != '\n' && lookahead != '\r'
p_d6a9ebe6f655495911d0,r,ts_lex,10,AND,,,lookahead != 0 && lookahead != '\n' && lookahead != '\r'
p_a0dd06ca9e0972261179,r,ts_lex_keywords,0,PUSH_INT,9,,('\t' <= lookahead && lookahead <= '\r') || lookahead == ' '
p_a0dd06ca9e0972261179,r,ts_lex_keywords,1,PUSH_LOOKAHEAD,,,('\t' <= lookahead && lookahead <= '\r') || lookahead == ' '
p_a0dd06ca9e0972261179,r,ts_lex_keywords,2,CMP_LE,,,('\t' <= lookahead && lookahead <= '\r') || lookahead == ' '
p_a0dd06ca9e0972261179,r,ts_lex_keywords,3,PUSH_LOOKAHEAD,,,('\t' <= lookahead && lookahead <= '\r') || lookahead == ' '
p_a0dd06ca9e0972261179,r,ts_lex_keywords,4,PUSH_INT,13,,('\t' <= lookahead && lookahead <= '\r') || lookahead == ' '
p_a0dd06ca9e0972261179,r,ts_lex_keywords,5,CMP_LE,,,('\t' <= lookahead && lookahead <= '\r') || lookahead == ' '
p_a0dd06ca9e0972261179,r,ts_lex_keywords,6,AND,,,('\t' <= lookahead && lookahead <= '\r') || lookahead == ' '
p_a0dd06ca9e0972261179,r,ts_lex_keywords,7,PUSH_LOOKAHEAD,,,('\t' <= lookahead && lookahead <= '\r') || lookahead == ' '
p_a0dd06ca9e0972261179,r,ts_lex_keywords,8,PUSH_INT,32,,('\t' <= lookahead && lookahead <= '\r') || lookahead == ' '
p_a0dd06ca9e0972261179,r,ts_lex_keywords,9,CMP_EQ,,,('\t' <= lookahead && lookahead <= '\r') || lookahead == ' '
p_a0dd06ca9e0972261179,r,ts_lex_keywords,10,OR,,,('\t' <= lookahead && lookahead <= '\r') || lookahead == ' '
p_44e544a8484cc0be3f4d,r,ts_lex_keywords,0,PUSH_LOOKAHEAD,,,lookahead == 70
p_44e544a8484cc0be3f4d,r,ts_lex_keywords,1,PUSH_INT,70,,lookahead == 70
p_44e544a8484cc0be3f4d,r,ts_lex_keywords,2,CMP_EQ,,,lookahead == 70
p_80b1c45d9f71da6ef0aa,r,ts_lex_keywords,0,PUSH_LOOKAHEAD,,,lookahead == 73
p_80b1c45d9f71da6ef0aa,r,ts_lex_keywords,1,PUSH_INT,73,,lookahead == 73
p_80b1c45d9f71da6ef0aa,r,ts_lex_keywords,2,CMP_EQ,,,lookahead == 73
p_5514cb302f72f9ad1c0c,r,ts_lex_keywords,0,PUSH_LOOKAHEAD,,,lookahead == 76
p_5514cb302f72f9ad1c0c,r,ts_lex_keywords,1,PUSH_INT,76,,lookahead == 76
p_5514cb302f72f9ad1c0c,r,ts_lex_keywords,2,CMP_EQ,,,lookahead == 76
p_8eeda93230ab34ac4d2a,r,ts_lex_keywords,0,PUSH_LOOKAHEAD,,,lookahead == 78
p_8eeda93230ab34ac4d2a,r,ts_lex_keywords,1,PUSH_INT,78,,lookahead == 78
p_8eeda93230ab34ac4d2a,r,ts_lex_keywords,2,CMP_EQ,,,lookahead == 78
p_c59d84fd421dd44e0ca6,r,ts_lex_keywords,0,PUSH_LOOKAHEAD,,,lookahead == 84
p_c59d84fd421dd44e0ca6,r,ts_lex_keywords,1,PUSH_INT,84,,lookahead == 84
p_c59d84fd421dd44e0ca6,r,ts_lex_keywords,2,CMP_EQ,,,lookahead == 84
p_47b23869fe6403a77ef6,r,ts_lex_keywords,0,PUSH_LOOKAHEAD,,,lookahead == 98
p_47b23869fe6403a77ef6,r,ts_lex_keywords,1,PUSH_INT,98,,lookahead == 98
p_47b23869fe6403a77ef6,r,ts_lex_keywords,2,CMP_EQ,,,lookahead == 98
p_09ae89232d26f9d41a1b,r,ts_lex_keywords,0,PUSH_LOOKAHEAD,,,lookahead == 102
p_09ae89232d26f9d41a1b,r,ts_lex_keywords,1,PUSH_INT,102,,lookahead == 102
p_09ae89232d26f9d41a1b,r,ts_lex_keywords,2,CMP_EQ,,,lookahead == 102
p_80506fd67718d3563ee9,r,ts_lex_keywords,0,PUSH_LOOKAHEAD,,,lookahead == 105
p_80506fd67718d3563ee9,r,ts_lex_keywords,1,PUSH_INT,105,,lookahead == 105
p_80506fd67718d3563ee9,r,ts_lex_keywords,2,CMP_EQ,,,lookahead == 105
p_18734e855946fbcdf539,r,ts_lex_keywords,0,PUSH_LOOKAHEAD,,,lookahead == 110
p_18734e855946fbcdf539,r,ts_lex_keywords,1,PUSH_INT,110,,lookahead == 110
p_18734e855946fbcdf539,r,ts_lex_keywords,2,CMP_EQ,,,lookahead == 110
p_a65962159974788e5e9a,r,ts_lex_keywords,0,PUSH_LOOKAHEAD,,,lookahead == 114
p_a65962159974788e5e9a,r,ts_lex_keywords,1,PUSH_INT,114,,lookahead == 114
p_a65962159974788e5e9a,r,ts_lex_keywords,2,CMP_EQ,,,lookahead == 114
p_915ab9a98d9518c4146f,r,ts_lex_keywords,0,PUSH_LOOKAHEAD,,,lookahead == 119
p_915ab9a98d9518c4146f,r,ts_lex_keywords,1,PUSH_INT,119,,lookahead == 119
p_915ab9a98d9518c4146f,r,ts_lex_keywords,2,CMP_EQ,,,lookahead == 119
p_a27225a231bd85855105,r,ts_lex_keywords,0,PUSH_LOOKAHEAD,,,lookahead == 'A'
p_a27225a231bd85855105,r,ts_lex_keywords,1,PUSH_INT,65,,lookahead == 'A'
p_a27225a231bd85855105,r,ts_lex_keywords,2,CMP_EQ,,,lookahead == 'A'
p_7d4d2e4c35af02832073,r,ts_lex_keywords,0,PUSH_LOOKAHEAD,,,lookahead == 'n'
p_7d4d2e4c35af02832073,r,ts_lex_keywords,1,PUSH_INT,110,,lookahead == 'n'
p_7d4d2e4c35af02832073,r,ts_lex_keywords,2,CMP_EQ,,,lookahead == 'n'
p_0462ff3e39c06da83c09,r,ts_lex_keywords,0,PUSH_LOOKAHEAD,,,lookahead == 'U'
p_0462ff3e39c06da83c09,r,ts_lex_keywords,1,PUSH_INT,85,,lookahead == 'U'
p_0462ff3e39c06da83c09,r,ts_lex_keywords,2,CMP_EQ,,,lookahead == 'U'
p_1888c88d73ea0eacf92d,r,ts_lex_keywords,0,PUSH_LOOKAHEAD,,,lookahead == 'a'
p_1888c88d73ea0eacf92d,r,ts_lex_keywords,1,PUSH_INT,97,,lookahead == 'a'
p_1888c88d73ea0eacf92d,r,ts_lex_keywords,2,CMP_EQ,,,lookahead == 'a'
p_d7d243e41a38e9816aaf,r,ts_lex_keywords,0,PUSH_LOOKAHEAD,,,lookahead == 'R'
p_d7d243e41a38e9816aaf,r,ts_lex_keywords,1,PUSH_INT,82,,lookahead == 'R'
p_d7d243e41a38e9816aaf,r,ts_lex_keywords,2,CMP_EQ,,,lookahead == 'R'
p_44ddb5c3d3ca9e9ed295,r,ts_lex_keywords,0,PUSH_LOOKAHEAD,,,lookahead == 'r'
p_44ddb5c3d3ca9e9ed295,r,ts_lex_keywords,1,PUSH_INT,114,,lookahead == 'r'
p_44ddb5c3d3ca9e9ed295,r,ts_lex_keywords,2,CMP_EQ,,,lookahead == 'r'
p_4f8c26cd63603ea99de2,r,ts_lex_keywords,0,PUSH_LOOKAHEAD,,,lookahead == 'o'
p_4f8c26cd63603ea99de2,r,ts_lex_keywords,1,PUSH_INT,111,,lookahead == 'o'
p_4f8c26cd63603ea99de2,r,ts_lex_keywords,2,CMP_EQ,,,lookahead == 'o'
p_a9c891ff428b003051fb,r,ts_lex_keywords,0,PUSH_LOOKAHEAD,,,lookahead == 'u'
p_a9c891ff428b003051fb,r,ts_lex_keywords,1,PUSH_INT,117,,lookahead == 'u'
p_a9c891ff428b003051fb,r,ts_lex_keywords,2,CMP_EQ,,,lookahead == 'u'
p_0f4053de7c1166c794e8,r,ts_lex_keywords,0,PUSH_LOOKAHEAD,,,lookahead == 'f'
p_0f4053de7c1166c794e8,r,ts_lex_keywords,1,PUSH_INT,102,,lookahead == 'f'
p_0f4053de7c1166c794e8,r,ts_lex_keywords,2,CMP_EQ,,,lookahead == 'f'
p_f8c43385cea7b1a9517b,r,ts_lex_keywords,0,PUSH_LOOKAHEAD,,,lookahead == 'e'
p_f8c43385cea7b1a9517b,r,ts_lex_keywords,1,PUSH_INT,101,,lookahead == 'e'
p_f8c43385cea7b1a9517b,r,ts_lex_keywords,2,CMP_EQ,,,lookahead == 'e'
p_4aac07ff743a69be5c68,r,ts_lex_keywords,0,PUSH_LOOKAHEAD,,,lookahead == 'h'
p_4aac07ff743a69be5c68,r,ts_lex_keywords,1,PUSH_INT,104,,lookahead == 'h'
p_4aac07ff743a69be5c68,r,ts_lex_keywords,2,CMP_EQ,,,lookahead == 'h'
p_bfe2bdb4204d180628f1,r,ts_lex_keywords,0,PUSH_LOOKAHEAD,,,lookahead == 'L'
p_bfe2bdb4204d180628f1,r,ts_lex_keywords,1,PUSH_INT,76,,lookahead == 'L'
p_bfe2bdb4204d180628f1,r,ts_lex_keywords,2,CMP_EQ,,,lookahead == 'L'
p_956a03b51374608a802a,r,ts_lex_keywords,0,PUSH_LOOKAHEAD,,,lookahead == '_'
p_956a03b51374608a802a,r,ts_lex_keywords,1,PUSH_INT,95,,lookahead == '_'
p_956a03b51374608a802a,r,ts_lex_keywords,2,CMP_EQ,,,lookahead == '_'
p_377677371e803481668d,r,ts_lex_keywords,0,PUSH_LOOKAHEAD,,,lookahead == 'N'
p_377677371e803481668d,r,ts_lex_keywords,1,PUSH_INT,78,,lookahead == 'N'
p_377677371e803481668d,r,ts_lex_keywords,2,CMP_EQ,,,lookahead == 'N'
p_6ee354f3b275951e71ec,r,ts_lex_keywords,0,PUSH_LOOKAHEAD,,,lookahead == 'x'
p_6ee354f3b275951e71ec,r,ts_lex_keywords,1,PUSH_INT,120,,lookahead == 'x'
p_6ee354f3b275951e71ec,r,ts_lex_keywords,2,CMP_EQ,,,lookahead == 'x'
p_63ffbba6c876415089f8,r,ts_lex_keywords,0,PUSH_LOOKAHEAD,,,lookahead == 'p'
p_63ffbba6c876415089f8,r,ts_lex_keywords,1,PUSH_INT,112,,lookahead == 'p'
p_63ffbba6c876415089f8,r,ts_lex_keywords,2,CMP_EQ,,,lookahead == 'p'
p_4deafd9f5a4e471de98f,r,ts_lex_keywords,0,PUSH_LOOKAHEAD,,,lookahead == 'i'
p_4deafd9f5a4e471de98f,r,ts_lex_keywords,1,PUSH_INT,105,,lookahead == 'i'
p_4deafd9f5a4e471de98f,r,ts_lex_keywords,2,CMP_EQ,,,lookahead == 'i'
p_45e6a0c0d72a0224dd09,r,ts_lex_keywords,0,PUSH_LOOKAHEAD,,,lookahead == 'S'
p_45e6a0c0d72a0224dd09,r,ts_lex_keywords,1,PUSH_INT,83,,lookahead == 'S'
p_45e6a0c0d72a0224dd09,r,ts_lex_keywords,2,CMP_EQ,,,lookahead == 'S'
p_cc580a464916bb777aad,r,ts_lex_keywords,0,PUSH_LOOKAHEAD,,,lookahead == 'c'
p_cc580a464916bb777aad,r,ts_lex_keywords,1,PUSH_INT,99,,lookahead == 'c'
p_cc580a464916bb777aad,r,ts_lex_keywords,2,CMP_EQ,,,lookahead == 'c'
p_3b669149eacae928b615,r,ts_lex_keywords,0,PUSH_LOOKAHEAD,,,lookahead == 'E'
p_3b669149eacae928b615,r,ts_lex_keywords,1,PUSH_INT,69,,lookahead == 'E'
p_3b669149eacae928b615,r,ts_lex_keywords,2,CMP_EQ,,,lookahead == 'E'
p_f21bb670c753d93dfbab,r,ts_lex_keywords,0,PUSH_LOOKAHEAD,,,lookahead == 't'
p_f21bb670c753d93dfbab,r,ts_lex_keywords,1,PUSH_INT,116,,lookahead == 't'
p_f21bb670c753d93dfbab,r,ts_lex_keywords,2,CMP_EQ,,,lookahead == 't'
p_31d445fd5cf0fe23c896,r,ts_lex_keywords,0,PUSH_LOOKAHEAD,,,lookahead == 'l'
p_31d445fd5cf0fe23c896,r,ts_lex_keywords,1,PUSH_INT,108,,lookahead == 'l'
p_31d445fd5cf0fe23c896,r,ts_lex_keywords,2,CMP_EQ,,,lookahead == 'l'
p_2090a37d4c2570f8d001,r,ts_lex_keywords,0,PUSH_LOOKAHEAD,,,lookahead == 'k'
p_2090a37d4c2570f8d001,r,ts_lex_keywords,1,PUSH_INT,107,,lookahead == 'k'
p_2090a37d4c2570f8d001,r,ts_lex_keywords,2,CMP_EQ,,,lookahead == 'k'
p_09bbe59edd54038fd46a,r,ts_lex_keywords,0,PUSH_LOOKAHEAD,,,lookahead == 'm'
p_09bbe59edd54038fd46a,r,ts_lex_keywords,1,PUSH_INT,109,,lookahead == 'm'
p_09bbe59edd54038fd46a,r,ts_lex_keywords,2,CMP_EQ,,,lookahead == 'm'
p_70c82bf5c0eba36b3686,r,ts_lex_keywords,0,PUSH_LOOKAHEAD,,,lookahead == 'g'
p_70c82bf5c0eba36b3686,r,ts_lex_keywords,1,PUSH_INT,103,,lookahead == 'g'
p_70c82bf5c0eba36b3686,r,ts_lex_keywords,2,CMP_EQ,,,lookahead == 'g'
p_b53ba33c2bd88325d469,go,ts_lex,0,PUSH_EOF,,,eof
p_d9c53bee6007fca1032b,go,ts_lex,0,PUSH_INT,9,,('\t' <= lookahead && lookahead <= '\r') || lookahead == ' '
p_d9c53bee6007fca1032b,go,ts_lex,1,PUSH_LOOKAHEAD,,,('\t' <= lookahead && lookahead <= '\r') || lookahead == ' '
p_d9c53bee6007fca1032b,go,ts_lex,2,CMP_LE,,,('\t' <= lookahead && lookahead <= '\r') || lookahead == ' '
p_d9c53bee6007fca1032b,go,ts_lex,3,PUSH_LOOKAHEAD,,,('\t' <= lookahead && lookahead <= '\r') || lookahead == ' '
p_d9c53bee6007fca1032b,go,ts_lex,4,PUSH_INT,13,,('\t' <= lookahead && lookahead <= '\r') || lookahead == ' '
p_d9c53bee6007fca1032b,go,ts_lex,5,CMP_LE,,,('\t' <= lookahead && lookahead <= '\r') || lookahead == ' '
p_d9c53bee6007fca1032b,go,ts_lex,6,AND,,,('\t' <= lookahead && lookahead <= '\r') || lookahead == ' '
p_d9c53bee6007fca1032b,go,ts_lex,7,PUSH_LOOKAHEAD,,,('\t' <= lookahead && lookahead <= '\r') || lookahead == ' '
p_d9c53bee6007fca1032b,go,ts_lex,8,PUSH_INT,32,,('\t' <= lookahead && lookahead <= '\r') || lookahead == ' '
p_d9c53bee6007fca1032b,go,ts_lex,9,CMP_EQ,,,('\t' <= lookahead && lookahead <= '\r') || lookahead == ' '
p_d9c53bee6007fca1032b,go,ts_lex,10,OR,,,('\t' <= lookahead && lookahead <= '\r') || lookahead == ' '
p_7bf2746851afdf93d7af,go,ts_lex,0,PUSH_INT,49,,('1' <= lookahead && lookahead <= '9')
p_7bf2746851afdf93d7af,go,ts_lex,1,PUSH_LOOKAHEAD,,,('1' <= lookahead && lookahead <= '9')
p_7bf2746851afdf93d7af,go,ts_lex,2,CMP_LE,,,('1' <= lookahead && lookahead <= '9')
p_7bf2746851afdf93d7af,go,ts_lex,3,PUSH_LOOKAHEAD,,,('1' <= lookahead && lookahead <= '9')
p_7bf2746851afdf93d7af,go,ts_lex,4,PUSH_INT,57,,('1' <= lookahead && lookahead <= '9')
p_7bf2746851afdf93d7af,go,ts_lex,5,CMP_LE,,,('1' <= lookahead && lookahead <= '9')
p_7bf2746851afdf93d7af,go,ts_lex,6,AND,,,('1' <= lookahead && lookahead <= '9')
p_e242ff5e0f3dad554569,go,ts_lex,0,SET_CONTAINS,sym_identifier_character_set_1,685,"set_contains(sym_identifier_character_set_1, 685, lookahead)"
p_a70f268a0b81475b16c9,go,ts_lex,0,PUSH_LOOKAHEAD,,,lookahead == 0
p_a70f268a0b81475b16c9,go,ts_lex,1,PUSH_INT,0,,lookahead == 0
p_a70f268a0b81475b16c9,go,ts_lex,2,CMP_EQ,,,lookahead == 0
p_6bcf052302a046042bcd,go,ts_lex,0,PUSH_LOOKAHEAD,,,lookahead == 33
p_6bcf052302a046042bcd,go,ts_lex,1,PUSH_INT,33,,lookahead == 33
p_6bcf052302a046042bcd,go,ts_lex,2,CMP_EQ,,,lookahead == 33
p_4b26b8b7488fc0f7180d,go,ts_lex,0,PUSH_LOOKAHEAD,,,lookahead == 34
p_4b26b8b7488fc0f7180d,go,ts_lex,1,PUSH_INT,34,,lookahead == 34
p_4b26b8b7488fc0f7180d,go,ts_lex,2,CMP_EQ,,,lookahead == 34
p_00826e548b94a5823ce2,go,ts_lex,0,PUSH_LOOKAHEAD,,,lookahead == 37
p_00826e548b94a5823ce2,go,ts_lex,1,PUSH_INT,37,,lookahead == 37
p_00826e548b94a5823ce2,go,ts_lex,2,CMP_EQ,,,lookahead == 37
p_80fffe988aa9ddaa9799,go,ts_lex,0,PUSH_LOOKAHEAD,,,lookahead == 38
p_80fffe988aa9ddaa9799,go,ts_lex,1,PUSH_INT,38,,lookahead == 38
p_80fffe988aa9ddaa9799,go,ts_lex,2,CMP_EQ,,,lookahead == 38
p_8f17bcb17b8374e04ccd,go,ts_lex,0,PUSH_LOOKAHEAD,,,lookahead == 39
p_8f17bcb17b8374e04ccd,go,ts_lex,1,PUSH_INT,39,,lookahead == 39
p_8f17bcb17b8374e04ccd,go,ts_lex,2,CMP_EQ,,,lookahead == 39
p_3109ecf97bbd8fb1769e,go,ts_lex,0,PUSH_LOOKAHEAD,,,lookahead == 40
p_3109ecf97bbd8fb1769e,go,ts_lex,1,PUSH_INT,40,,lookahead == 40
p_3109ecf97bbd8fb1769e,go,ts_lex,2,CMP_EQ,,,lookahead == 40
p_47fb0575da10afbf2357,go,ts_lex,0,PUSH_LOOKAHEAD,,,lookahead == 41
p_47fb0575da10afbf2357,go,ts_lex,1,PUSH_INT,41,,lookahead == 41
p_47fb0575da10afbf2357,go,ts_lex,2,CMP_EQ,,,lookahead == 41
p_4ba932399439e1be818b,go,ts_lex,0,PUSH_LOOKAHEAD,,,lookahead == 42
p_4ba932399439e1be818b,go,ts_lex,1,PUSH_INT,42,,lookahead == 42
p_4ba932399439e1be818b,go,ts_lex,2,CMP_EQ,,,lookahead == 42
p_4c95e3d47a22ac7e780d,go,ts_lex,0,PUSH_LOOKAHEAD,,,lookahead == 43
p_4c95e3d47a22ac7e780d,go,ts_lex,1,PUSH_INT,43,,lookahead == 43
p_4c95e3d47a22ac7e780d,go,ts_lex,2,CMP_EQ,,,lookahead == 43
p_c4cca1c1505bb4648de8,go,ts_lex,0,PUSH_LOOKAHEAD,,,lookahead == 44
p_c4cca1c1505bb4648de8,go,ts_lex,1,PUSH_INT,44,,lookahead == 44
p_c4cca1c1505bb4648de8,go,ts_lex,2,CMP_EQ,,,lookahead == 44
p_672f6f3a4b35acade8f4,go,ts_lex,0,PUSH_LOOKAHEAD,,,lookahead == 45
p_672f6f3a4b35acade8f4,go,ts_lex,1,PUSH_INT,45,,lookahead == 45
p_672f6f3a4b35acade8f4,go,ts_lex,2,CMP_EQ,,,lookahead == 45
p_6ec59f27a9c8e9e4b9c8,go,ts_lex,0,PUSH_LOOKAHEAD,,,lookahead == 46
p_6ec59f27a9c8e9e4b9c8,go,ts_lex,1,PUSH_INT,46,,lookahead == 46
p_6ec59f27a9c8e9e4b9c8,go,ts_lex,2,CMP_EQ,,,lookahead == 46
p_29aa72d3910c6bd0cca6,go,ts_lex,0,PUSH_LOOKAHEAD,,,lookahead == 47
p_29aa72d3910c6bd0cca6,go,ts_lex,1,PUSH_INT,47,,lookahead == 47
p_29aa72d3910c6bd0cca6,go,ts_lex,2,CMP_EQ,,,lookahead == 47
p_b628386ba51815bf5aef,go,ts_lex,0,PUSH_LOOKAHEAD,,,lookahead == 48
p_b628386ba51815bf5aef,go,ts_lex,1,PUSH_INT,48,,lookahead == 48
p_b628386ba51815bf5aef,go,ts_lex,2,CMP_EQ,,,lookahead == 48
p_f09fffcdd124279c6d19,go,ts_lex,0,PUSH_LOOKAHEAD,,,lookahead == 58
p_f09fffcdd124279c6d19,go,ts_lex,1,PUSH_INT,58,,lookahead == 58
p_f09fffcdd124279c6d19,go,ts_lex,2,CMP_EQ,,,lookahead == 58
p_76272dfe55cd73eff591,go,ts_lex,0,PUSH_LOOKAHEAD,,,lookahead == 59
p_76272dfe55cd73eff591,go,ts_lex,1,PUSH_INT,59,,lookahead == 59
p_76272dfe55cd73eff591,go,ts_lex,2,CMP_EQ,,,lookahead == 59
p_bc6c50039bac3bcfdfe8,go,ts_lex,0,PUSH_LOOKAHEAD,,,lookahead == 60
p_bc6c50039bac3bcfdfe8,go,ts_lex,1,PUSH_INT,60,,lookahead == 60
p_bc6c50039bac3bcfdfe8,go,ts_lex,2,CMP_EQ,,,lookahead == 60
p_b49a57803e186e67d0b4,go,ts_lex,0,PUSH_LOOKAHEAD,,,lookahead == 61
p_b49a57803e186e67d0b4,go,ts_lex,1,PUSH_INT,61,,lookahead == 61
p_b49a57803e186e67d0b4,go,ts_lex,2,CMP_EQ,,,lookahead == 61
p_6c3e8d22ceeba788b5f0,go,ts_lex,0,PUSH_LOOKAHEAD,,,lookahead == 62
p_6c3e8d22ceeba788b5f0,go,ts_lex,1,PUSH_INT,62,,lookahead == 62
p_6c3e8d22ceeba788b5f0,go,ts_lex,2,CMP_EQ,,,lookahead == 62
p_7df04d0fe110abc322c6,go,ts_lex,0,PUSH_LOOKAHEAD,,,lookahead == 91
p_7df04d0fe110abc322c6,go,ts_lex,1,PUSH_INT,91,,lookahead == 91
p_7df04d0fe110abc322c6,go,ts_lex,2,CMP_EQ,,,lookahead == 91
p_7b5ae26bc7dda832b44a,go,ts_lex,0,PUSH_LOOKAHEAD,,,lookahead == 92
p_7b5ae26bc7dda832b44a,go,ts_lex,1,PUSH_INT,92,,lookahead == 92
p_7b5ae26bc7dda832b44a,go,ts_lex,2,CMP_EQ,,,lookahead == 92
p_dbe5e84df4d906bb3d39,go,ts_lex,0,PUSH_LOOKAHEAD,,,lookahead == 93
p_dbe5e84df4d906bb3d39,go,ts_lex,1,PUSH_INT,93,,lookahead == 93
p_dbe5e84df4d906bb3d39,go,ts_lex,2,CMP_EQ,,,lookahead == 93
p_c9f473e515bdeb5720f7,go,ts_lex,0,PUSH_LOOKAHEAD,,,lookahead == 94
p_c9f473e515bdeb5720f7,go,ts_lex,1,PUSH_INT,94,,lookahead == 94
p_c9f473e515bdeb5720f7,go,ts_lex,2,CMP_EQ,,,lookahead == 94
p_020136e18018466d99dd,go,ts_lex,0,PUSH_LOOKAHEAD,,,lookahead == 96
p_020136e18018466d99dd,go,ts_lex,1,PUSH_INT,96,,lookahead == 96
p_020136e18018466d99dd,go,ts_lex,2,CMP_EQ,,,lookahead == 96
p_3087c253328a16e1c256,go,ts_lex,0,PUSH_LOOKAHEAD,,,lookahead == 123
p_3087c253328a16e1c256,go,ts_lex,1,PUSH_INT,123,,lookahead == 123
p_3087c253328a16e1c256,go,ts_lex,2,CMP_EQ,,,lookahead == 123
p_99d4254020345ca9cc6a,go,ts_lex,0,PUSH_LOOKAHEAD,,,lookahead == 124
p_99d4254020345ca9cc6a,go,ts_lex,1,PUSH_INT,124,,lookahead == 124
p_99d4254020345ca9cc6a,go,ts_lex,2,CMP_EQ,,,lookahead == 124
p_1d848def12ebf82ccbc5,go,ts_lex,0,PUSH_LOOKAHEAD,,,lookahead == 125
p_1d848def12ebf82ccbc5,go,ts_lex,1,PUSH_INT,125,,lookahead == 125
p_1d848def12ebf82ccbc5,go,ts_lex,2,CMP_EQ,,,lookahead == 125
p_b6463bbac6d6b49199af,go,ts_lex,0,PUSH_LOOKAHEAD,,,lookahead == 126
p_b6463bbac6d6b49199af,go,ts_lex,1,PUSH_INT,126,,lookahead == 126
p_b6463bbac6d6b49199af,go,ts_lex,2,CMP_EQ,,,lookahead == 126
p_2d1f90570c30977360f8,go,ts_lex,0,PUSH_LOOKAHEAD,,,lookahead == 10
p_2d1f90570c30977360f8,go,ts_lex,1,PUSH_INT,10,,lookahead == 10
p_2d1f90570c30977360f8,go,ts_lex,2,CMP_EQ,,,lookahead == 10
p_db0af3b8912625328991,go,ts_lex,0,PUSH_LOOKAHEAD,,,lookahead == '\n'
p_db0af3b8912625328991,go,ts_lex,1,PUSH_INT,10,,lookahead == '\n'
p_db0af3b8912625328991,go,ts_lex,2,CMP_EQ,,,lookahead == '\n'
p_0275cd9c382bfaa0c39a,go,ts_lex,0,PUSH_LOOKAHEAD,,,"lookahead == '""'"
p_0275cd9c382bfaa0c39a,go,ts_lex,1,PUSH_INT,34,,"lookahead == '""'"
p_0275cd9c382bfaa0c39a,go,ts_lex,2,CMP_EQ,,,"lookahead == '""'"
p_9f3409e4a8d4cc2f0877,go,ts_lex,0,PUSH_LOOKAHEAD,,,lookahead == '/'
p_9f3409e4a8d4cc2f0877,go,ts_lex,1,PUSH_INT,47,,lookahead == '/'
p_9f3409e4a8d4cc2f0877,go,ts_lex,2,CMP_EQ,,,lookahead == '/'
p_98f101b1c15777a425e6,go,ts_lex,0,PUSH_LOOKAHEAD,,,lookahead == '\\'
p_98f101b1c15777a425e6,go,ts_lex,1,PUSH_INT,92,,lookahead == '\\'
p_98f101b1c15777a425e6,go,ts_lex,2,CMP_EQ,,,lookahead == '\\'
p_b9c3a8f401eb198c8c03,go,ts_lex,0,PUSH_LOOKAHEAD,,,lookahead != 0
p_b9c3a8f401eb198c8c03,go,ts_lex,1,PUSH_INT,0,,lookahead != 0
p_b9c3a8f401eb198c8c03,go,ts_lex,2,CMP_NE,,,lookahead != 0
p_b660eccfb35acb47617d,go,ts_lex,0,PUSH_LOOKAHEAD,,,lookahead == '\''
p_b660eccfb35acb47617d,go,ts_lex,1,PUSH_INT,39,,lookahead == '\''
p_b660eccfb35acb47617d,go,ts_lex,2,CMP_EQ,,,lookahead == '\''
p_dcaf61a0357553534da2,go,ts_lex,0,PUSH_LOOKAHEAD,,,lookahead == '*'
p_dcaf61a0357553534da2,go,ts_lex,1,PUSH_INT,42,,lookahead == '*'
p_dcaf61a0357553534da2,go,ts_lex,2,CMP_EQ,,,lookahead == '*'
p_b5f379d1bab22125bad7,go,ts_lex,0,PUSH_LOOKAHEAD,,,lookahead == '-'
p_b5f379d1bab22125bad7,go,ts_lex,1,PUSH_INT,45,,lookahead == '-'
p_b5f379d1bab22125bad7,go,ts_lex,2,CMP_EQ,,,lookahead == '-'
p_bab064bc3908674473bb,go,ts_lex,0,PUSH_LOOKAHEAD,,,lookahead == '.'
p_bab064bc3908674473bb,go,ts_lex,1,PUSH_INT,46,,lookahead == '.'
p_bab064bc3908674473bb,go,ts_lex,2,CMP_EQ,,,lookahead == '.'
p_9952c7f24a2469179277,go,ts_lex,0,PUSH_INT,48,,('0' <= lookahead && lookahead <= '9')
p_9952c7f24a2469179277,go,ts_lex,1,PUSH_LOOKAHEAD,,,('0' <= lookahead && lookahead <= '9')
p_9952c7f24a2469179277,go,ts_lex,2,CMP_LE,,,('0' <= lookahead && lookahead <= '9')
p_9952c7f24a2469179277,go,ts_lex,3,PUSH_LOOKAHEAD,,,('0' <= lookahead && lookahead <= '9')
p_9952c7f24a2469179277,go,ts_lex,4,PUSH_INT,57,,('0' <= lookahead && lookahead <= '9')
p_9952c7f24a2469179277,go,ts_lex,5,CMP_LE,,,('0' <= lookahead && lookahead <= '9')
p_9952c7f24a2469179277,go,ts_lex,6,AND,,,('0' <= lookahead && lookahead <= '9')
p_827f22c2ec425ad4cb1e,go,ts_lex,0,PUSH_LOOKAHEAD,,,lookahead == '_'
p_827f22c2ec425ad4cb1e,go,ts_lex,1,PUSH_INT,95,,lookahead == '_'
p_827f22c2ec425ad4cb1e,go,ts_lex,2,CMP_EQ,,,lookahead == '_'
p_828a73cbe46cd95cb898,go,ts_lex,0,PUSH_LOOKAHEAD,,,lookahead == 'i'
p_828a73cbe46cd95cb898,go,ts_lex,1,PUSH_INT,105,,lookahead == 'i'
p_828a73cbe46cd95cb898,go,ts_lex,2,CMP_EQ,,,lookahead == 'i'
p_459fe611bf6dce31336c,go,ts_lex,0,PUSH_LOOKAHEAD,,,lookahead == 'E' || lookahead == 'e'
p_459fe611bf6dce31336c,go,ts_lex,1,PUSH_INT,69,,lookahead == 'E' || lookahead == 'e'
p_459fe611bf6dce31336c,go,ts_lex,2,CMP_EQ,,,lookahead == 'E' || lookahead == 'e'
p_459fe611bf6dce31336c,go,ts_lex,3,PUSH_LOOKAHEAD,,,lookahead == 'E' || lookahead == 'e'
p_459fe611bf6dce31336c,go,ts_lex,4,PUSH_INT,101,,lookahead == 'E' || lookahead == 'e'
p_459fe611bf6dce31336c,go,ts_lex,5,CMP_EQ,,,lookahead == 'E' || lookahead == 'e'
p_459fe611bf6dce31336c,go,ts_lex,6,OR,,,lookahead == 'E' || lookahead == 'e'
p_d108992ea0d26b9155ca,go,ts_lex,0,PUSH_INT,48,,('0' <= lookahead && lookahead <= '9') || ('A' <= lookahead && lookahead <= 'F') || ('a' <= lookahead && lookahead <= 'f')
p_d108992ea0d26b9155ca,go,ts_lex,1,PUSH_LOOKAHEAD,,,('0' <= lookahead && lookahead <= '9') || ('A' <= lookahead && lookahead <= 'F') || ('a' <= lookahead && lookahead <= 'f')
p_d108992ea0d26b9155ca,go,ts_lex,2,CMP_LE,,,('0' <= lookahead && lookahead <= '9') || ('A' <= lookahead && lookahead <= 'F') || ('a' <= lookahead && lookahead <= 'f')
p_d108992ea0d26b9155ca,go,ts_lex,3,PUSH_LOOKAHEAD,,,('0' <= lookahead && lookahead <= '9') || ('A' <= lookahead && lookahead <= 'F') || ('a' <= lookahead && lookahead <= 'f')
p_d108992ea0d26b9155ca,go,ts_lex,4,PUSH_INT,57,,('0' <= lookahead && lookahead <= '9') || ('A' <= lookahead && lookahead <= 'F') || ('a' <= lookahead && lookahead <= 'f')
p_d108992ea0d26b9155ca,go,ts_lex,5,CMP_LE,,,('0' <= lookahead && lookahead <= '9') || ('A' <= lookahead && lookahead <= 'F') || ('a' <= lookahead && lookahead <= 'f')
p_d108992ea0d26b9155ca,go,ts_lex,6,AND,,,('0' <= lookahead && lookahead <= '9') || ('A' <= lookahead && lookahead <= 'F') || ('a' <= lookahead && lookahead <= 'f')
p_d108992ea0d26b9155ca,go,ts_lex,7,PUSH_INT,65,,('0' <= lookahead && lookahead <= '9') || ('A' <= lookahead && lookahead <= 'F') || ('a' <= lookahead && lookahead <= 'f')
p_d108992ea0d26b9155ca,go,ts_lex,8,PUSH_LOOKAHEAD,,,('0' <= lookahead && lookahead <= '9') || ('A' <= lookahead && lookahead <= 'F') || ('a' <= lookahead && lookahead <= 'f')
p_d108992ea0d26b9155ca,go,ts_lex,9,CMP_LE,,,('0' <= lookahead && lookahead <= '9') || ('A' <= lookahead && lookahead <= 'F') || ('a' <= lookahead && lookahead <= 'f')
p_d108992ea0d26b9155ca,go,ts_lex,10,PUSH_LOOKAHEAD,,,('0' <= lookahead && lookahead <= '9') || ('A' <= lookahead && lookahead <= 'F') || ('a' <= lookahead && lookahead <= 'f')
p_d108992ea0d26b9155ca,go,ts_lex,11,PUSH_INT,70,,('0' <= lookahead && lookahead <= '9') || ('A' <= lookahead && lookahead <= 'F') || ('a' <= lookahead && lookahead <= 'f')
p_d108992ea0d26b9155ca,go,ts_lex,12,CMP_LE,,,('0' <= lookahead && lookahead <= '9') || ('A' <= lookahead && lookahead <= 'F') || ('a' <= lookahead && lookahead <= 'f')
p_d108992ea0d26b9155ca,go,ts_lex,13,AND,,,('0' <= lookahead && lookahead <= '9') || ('A' <= lookahead && lookahead <= 'F') || ('a' <= lookahead && lookahead <= 'f')
p_d108992ea0d26b9155ca,go,ts_lex,14,OR,,,('0' <= lookahead && lookahead <= '9') || ('A' <= lookahead && lookahead <= 'F') || ('a' <= lookahead && lookahead <= 'f')
p_d108992ea0d26b9155ca,go,ts_lex,15,PUSH_INT,97,,('0' <= lookahead && lookahead <= '9') || ('A' <= lookahead && lookahead <= 'F') || ('a' <= lookahead && lookahead <= 'f')
p_d108992ea0d26b9155ca,go,ts_lex,16,PUSH_LOOKAHEAD,,,('0' <= lookahead && lookahead <= '9') || ('A' <= lookahead && lookahead <= 'F') || ('a' <= lookahead && lookahead <= 'f')
p_d108992ea0d26b9155ca,go,ts_lex,17,CMP_LE,,,('0' <= lookahead && lookahead <= '9') || ('A' <= lookahead && lookahead <= 'F') || ('a' <= lookahead && lookahead <= 'f')
p_d108992ea0d26b9155ca,go,ts_lex,18,PUSH_LOOKAHEAD,,,('0' <= lookahead && lookahead <= '9') || ('A' <= lookahead && lookahead <= 'F') || ('a' <= lookahead && lookahead <= 'f')
p_d108992ea0d26b9155ca,go,ts_lex,19,PUSH_INT,102,,('0' <= lookahead && lookahead <= '9') || ('A' <= lookahead && lookahead <= 'F') || ('a' <= lookahead && lookahead <= 'f')
p_d108992ea0d26b9155ca,go,ts_lex,20,CMP_LE,,,('0' <= lookahead && lookahead <= '9') || ('A' <= lookahead && lookahead <= 'F') || ('a' <= lookahead && lookahead <= 'f')
p_d108992ea0d26b9155ca,go,ts_lex,21,AND,,,('0' <= lookahead && lookahead <= '9') || ('A' <= lookahead && lookahead <= 'F') || ('a' <= lookahead && lookahead <= 'f')
p_d108992ea0d26b9155ca,go,ts_lex,22,OR,,,('0' <= lookahead && lookahead <= '9') || ('A' <= lookahead && lookahead <= 'F') || ('a' <= lookahead && lookahead <= 'f')
p_5070b95fb71c4d73bb1c,go,ts_lex,0,PUSH_LOOKAHEAD,,,lookahead == '='
p_5070b95fb71c4d73bb1c,go,ts_lex,1,PUSH_INT,61,,lookahead == '='
p_5070b95fb71c4d73bb1c,go,ts_lex,2,CMP_EQ,,,lookahead == '='
p_48fc0ecab92d2ec20408,go,ts_lex,0,PUSH_LOOKAHEAD,,,lookahead == 'U'
p_48fc0ecab92d2ec20408,go,ts_lex,1,PUSH_INT,85,,lookahead == 'U'
p_48fc0ecab92d2ec20408,go,ts_lex,2,CMP_EQ,,,lookahead == 'U'
p_7b1eba2383c8d6b75994,go,ts_lex,0,PUSH_LOOKAHEAD,,,lookahead == 'u'
p_7b1eba2383c8d6b75994,go,ts_lex,1,PUSH_INT,117,,lookahead == 'u'
p_7b1eba2383c8d6b75994,go,ts_lex,2,CMP_EQ,,,lookahead == 'u'
p_61dd067d2e9d702a3d2c,go,ts_lex,0,PUSH_LOOKAHEAD,,,lookahead == 'x'
p_61dd067d2e9d702a3d2c,go,ts_lex,1,PUSH_INT,120,,lookahead == 'x'
p_61dd067d2e9d702a3d2c,go,ts_lex,2,CMP_EQ,,,lookahead == 'x'
p_1fae52859119f9905838,go,ts_lex,0,PUSH_INT,48,,('0' <= lookahead && lookahead <= '7')
p_1fae52859119f9905838,go,ts_lex,1,PUSH_LOOKAHEAD,,,('0' <= lookahead && lookahead <= '7')
p_1fae52859119f9905838,go,ts_lex,2,CMP_LE,,,('0' <= lookahead && lookahead <= '7')
p_1fae52859119f9905838,go,ts_lex,3,PUSH_LOOKAHEAD,,,('0' <= lookahead && lookahead <= '7')
p_1fae52859119f9905838,go,ts_lex,4,PUSH_INT,55,,('0' <= lookahead && lookahead <= '7')
p_1fae52859119f9905838,go,ts_lex,5,CMP_LE,,,('0' <= lookahead && lookahead <= '7')
p_1fae52859119f9905838,go,ts_lex,6,AND,,,('0' <= lookahead && lookahead <= '7')
p_42605b8818ccb0fc220b,go,ts_lex,0,SET_CONTAINS,sym_rune_literal_character_set_1,11,"set_contains(sym_rune_literal_character_set_1, 11, lookahead)"
p_bb0df361293c43a2542f,go,ts_lex,0,PUSH_LOOKAHEAD,,,lookahead != 0 && lookahead != '\''
p_bb0df361293c43a2542f,go,ts_lex,1,PUSH_INT,0,,lookahead != 0 && lookahead != '\''
p_bb0df361293c43a2542f,go,ts_lex,2,CMP_NE,,,lookahead != 0 && lookahead != '\''
p_bb0df361293c43a2542f,go,ts_lex,3,PUSH_LOOKAHEAD,,,lookahead != 0 && lookahead != '\''
p_bb0df361293c43a2542f,go,ts_lex,4,PUSH_INT,39,,lookahead != 0 && lookahead != '\''
p_bb0df361293c43a2542f,go,ts_lex,5,CMP_NE,,,lookahead != 0 && lookahead != '\''
p_bb0df361293c43a2542f,go,ts_lex,6,AND,,,lookahead != 0 && lookahead != '\''
p_b1e9276edea567c5344f,go,ts_lex,0,PUSH_LOOKAHEAD,,,lookahead == '0' || lookahead == '1'
p_b1e9276edea567c5344f,go,ts_lex,1,PUSH_INT,48,,lookahead == '0' || lookahead == '1'
p_b1e9276edea567c5344f,go,ts_lex,2,CMP_EQ,,,lookahead == '0' || lookahead == '1'
p_b1e9276edea567c5344f,go,ts_lex,3,PUSH_LOOKAHEAD,,,lookahead == '0' || lookahead == '1'
p_b1e9276edea567c5344f,go,ts_lex,4,PUSH_INT,49,,lookahead == '0' || lookahead == '1'
p_b1e9276edea567c5344f,go,ts_lex,5,CMP_EQ,,,lookahead == '0' || lookahead == '1'
p_b1e9276edea567c5344f,go,ts_lex,6,OR,,,lookahead == '0' || lookahead == '1'
p_18c2771217c49767fde2,go,ts_lex,0,PUSH_LOOKAHEAD,,,lookahead == 'P' || lookahead == 'p'
p_18c2771217c49767fde2,go,ts_lex,1,PUSH_INT,80,,lookahead == 'P' || lookahead == 'p'
p_18c2771217c49767fde2,go,ts_lex,2,CMP_EQ,,,lookahead == 'P' || lookahead == 'p'
p_18c2771217c49767fde2,go,ts_lex,3,PUSH_LOOKAHEAD,,,lookahead == 'P' || lookahead == 'p'
p_18c2771217c49767fde2,go,ts_lex,4,PUSH_INT,112,,lookahead == 'P' || lookahead == 'p'
p_18c2771217c49767fde2,go,ts_lex,5,CMP_EQ,,,lookahead == 'P' || lookahead == 'p'
p_18c2771217c49767fde2,go,ts_lex,6,OR,,,lookahead == 'P' || lookahead == 'p'
p_dc0ea8f1858edf028c31,go,ts_lex,0,PUSH_LOOKAHEAD,,,lookahead == '+' || lookahead == '-'
p_dc0ea8f1858edf028c31,go,ts_lex,1,PUSH_INT,43,,lookahead == '+' || lookahead == '-'
p_dc0ea8f1858edf028c31,go,ts_lex,2,CMP_EQ,,,lookahead == '+' || lookahead == '-'
p_dc0ea8f1858edf028c31,go,ts_lex,3,PUSH_LOOKAHEAD,,,lookahead == '+' || lookahead == '-'
p_dc0ea8f1858edf028c31,go,ts_lex,4,PUSH_INT,45,,lookahead == '+' || lookahead == '-'
p_dc0ea8f1858edf028c31,go,ts_lex,5,CMP_EQ,,,lookahead == '+' || lookahead == '-'
p_dc0ea8f1858edf028c31,go,ts_lex,6,OR,,,lookahead == '+' || lookahead == '-'
p_7eed519f50a15a0e21e4,go,ts_lex,0,PUSH_LOOKAHEAD,,,lookahead == '8' || lookahead == '9'
p_7eed519f50a15a0e21e4,go,ts_lex,1,PUSH_INT,56,,lookahead == '8' || lookahead == '9'
p_7eed519f50a15a0e21e4,go,ts_lex,2,CMP_EQ,,,lookahead == '8' || lookahead == '9'
p_7eed519f50a15a0e21e4,go,ts_lex,3,PUSH_LOOKAHEAD,,,lookahead == '8' || lookahead == '9'
p_7eed519f50a15a0e21e4,go,ts_lex,4,PUSH_INT,57,,lookahead == '8' || lookahead == '9'
p_7eed519f50a15a0e21e4,go,ts_lex,5,CMP_EQ,,,lookahead == '8' || lookahead == '9'
p_7eed519f50a15a0e21e4,go,ts_lex,6,OR,,,lookahead == '8' || lookahead == '9'
p_514a137531346fcc2f94,go,ts_lex,0,PUSH_LOOKAHEAD,,,lookahead == '|'
p_514a137531346fcc2f94,go,ts_lex,1,PUSH_INT,124,,lookahead == '|'
p_514a137531346fcc2f94,go,ts_lex,2,CMP_EQ,,,lookahead == '|'
p_750fba0de5cd25cbad3e,go,ts_lex,0,PUSH_LOOKAHEAD,,,lookahead == '+'
p_750fba0de5cd25cbad3e,go,ts_lex,1,PUSH_INT,43,,lookahead == '+'
p_750fba0de5cd25cbad3e,go,ts_lex,2,CMP_EQ,,,lookahead == '+'
p_7c2b0cf3f51eca4c64f3,go,ts_lex,0,PUSH_LOOKAHEAD,,,lookahead == '&'
p_7c2b0cf3f51eca4c64f3,go,ts_lex,1,PUSH_INT,38,,lookahead == '&'
p_7c2b0cf3f51eca4c64f3,go,ts_lex,2,CMP_EQ,,,lookahead == '&'
p_ae95d7b60c7708d23e6b,go,ts_lex,0,PUSH_LOOKAHEAD,,,lookahead == '^'
p_ae95d7b60c7708d23e6b,go,ts_lex,1,PUSH_INT,94,,lookahead == '^'
p_ae95d7b60c7708d23e6b,go,ts_lex,2,CMP_EQ,,,lookahead == '^'
p_b959a74ee024ae800b2c,go,ts_lex,0,PUSH_LOOKAHEAD,,,lookahead == '<'
p_b959a74ee024ae800b2c,go,ts_lex,1,PUSH_INT,60,,lookahead == '<'
p_b959a74ee024ae800b2c,go,ts_lex,2,CMP_EQ,,,lookahead == '<'
p_288121a0daa8f2e8598b,go,ts_lex,0,PUSH_LOOKAHEAD,,,lookahead == '>'
p_288121a0daa8f2e8598b,go,ts_lex,1,PUSH_INT,62,,lookahead == '>'
p_288121a0daa8f2e8598b,go,ts_lex,2,CMP_EQ,,,lookahead == '>'
p_da7664860d9833b4eddc,go,ts_lex,0,SET_CONTAINS,sym_identifier_character_set_2,800,"set_contains(sym_identifier_character_set_2, 800, lookahead)"
p_ffe8498e24bdab09048e,go,ts_lex,0,PUSH_LOOKAHEAD,,,lookahead != 0 && lookahead != '`'
p_ffe8498e24bdab09048e,go,ts_lex,1,PUSH_INT,0,,lookahead != 0 && lookahead != '`'
p_ffe8498e24bdab09048e,go,ts_lex,2,CMP_NE,,,lookahead != 0 && lookahead != '`'
p_ffe8498e24bdab09048e,go,ts_lex,3,PUSH_LOOKAHEAD,,,lookahead != 0 && lookahead != '`'
p_ffe8498e24bdab09048e,go,ts_lex,4,PUSH_INT,96,,lookahead != 0 && lookahead != '`'
p_ffe8498e24bdab09048e,go,ts_lex,5,CMP_NE,,,lookahead != 0 && lookahead != '`'
p_ffe8498e24bdab09048e,go,ts_lex,6,AND,,,lookahead != 0 && lookahead != '`'
p_5318404bbc0908c5b6e9,go,ts_lex,0,PUSH_LOOKAHEAD,,,"lookahead != 0 && lookahead != '\n' && lookahead != '""' && lookahead != '\\'"
p_5318404bbc0908c5b6e9,go,ts_lex,1,PUSH_INT,0,,"lookahead != 0 && lookahead != '\n' && lookahead != '""' && lookahead != '\\'"
p_5318404bbc0908c5b6e9,go,ts_lex,2,CMP_NE,,,"lookahead != 0 && lookahead != '\n' && lookahead != '""' && lookahead != '\\'"
p_5318404bbc0908c5b6e9,go,ts_lex,3,PUSH_LOOKAHEAD,,,"lookahead != 0 && lookahead != '\n' && lookahead != '""' && lookahead != '\\'"
p_5318404bbc0908c5b6e9,go,ts_lex,4,PUSH_INT,10,,"lookahead != 0 && lookahead != '\n' && lookahead != '""' && lookahead != '\\'"
p_5318404bbc0908c5b6e9,go,ts_lex,5,CMP_NE,,,"lookahead != 0 && lookahead != '\n' && lookahead != '""' && lookahead != '\\'"
p_5318404bbc0908c5b6e9,go,ts_lex,6,AND,,,"lookahead != 0 && lookahead != '\n' && lookahead != '""' && lookahead != '\\'"
p_5318404bbc0908c5b6e9,go,ts_lex,7,PUSH_LOOKAHEAD,,,"lookahead != 0 && lookahead != '\n' && lookahead != '""' && lookahead != '\\'"
p_5318404bbc0908c5b6e9,go,ts_lex,8,PUSH_INT,34,,"lookahead != 0 && lookahead != '\n' && lookahead != '""' && lookahead != '\\'"
p_5318404bbc0908c5b6e9,go,ts_lex,9,CMP_NE,,,"lookahead != 0 && lookahead != '\n' && lookahead != '""' && lookahead != '\\'"
p_5318404bbc0908c5b6e9,go,ts_lex,10,AND,,,"lookahead != 0 && lookahead != '\n' && lookahead != '""' && lookahead != '\\'"
p_5318404bbc0908c5b6e9,go,ts_lex,11,PUSH_LOOKAHEAD,,,"lookahead != 0 && lookahead != '\n' && lookahead != '""' && lookahead != '\\'"
p_5318404bbc0908c5b6e9,go,ts_lex,12,PUSH_INT,92,,"lookahead != 0 && lookahead != '\n' && lookahead != '""' && lookahead != '\\'"
p_5318404bbc0908c5b6e9,go,ts_lex,13,CMP_NE,,,"lookahead != 0 && lookahead != '\n' && lookahead != '""' && lookahead != '\\'"
p_5318404bbc0908c5b6e9,go,ts_lex,14,AND,,,"lookahead != 0 && lookahead != '\n' && lookahead != '""' && lookahead != '\\'"
p_8152524084bc602bfc4e,go,ts_lex,0,PUSH_LOOKAHEAD,,,lookahead == '\t' || (0x0b <= lookahead && lookahead <= '\r') || lookahead == ' '
p_8152524084bc602bfc4e,go,ts_lex,1,PUSH_INT,9,,lookahead == '\t' || (0x0b <= lookahead && lookahead <= '\r') || lookahead == ' '
p_8152524084bc602bfc4e,go,ts_lex,2,CMP_EQ,,,lookahead == '\t' || (0x0b <= lookahead && lookahead <= '\r') || lookahead == ' '
p_8152524084bc602bfc4e,go,ts_lex,3,PUSH_INT,11,,lookahead == '\t' || (0x0b <= lookahead && lookahead <= '\r') || lookahead == ' '
p_8152524084bc602bfc4e,go,ts_lex,4,PUSH_LOOKAHEAD,,,lookahead == '\t' || (0x0b <= lookahead && lookahead <= '\r') || lookahead == ' '
p_8152524084bc602bfc4e,go,ts_lex,5,CMP_LE,,,lookahead == '\t' || (0x0b <= lookahead && lookahead <= '\r') || lookahead == ' '
p_8152524084bc602bfc4e,go,ts_lex,6,PUSH_LOOKAHEAD,,,lookahead == '\t' || (0x0b <= lookahead && lookahead <= '\r') || lookahead == ' '
p_8152524084bc602bfc4e,go,ts_lex,7,PUSH_INT,13,,lookahead == '\t' || (0x0b <= lookahead && lookahead <= '\r') || lookahead == ' '
p_8152524084bc602bfc4e,go,ts_lex,8,CMP_LE,,,lookahead == '\t' || (0x0b <= lookahead && lookahead <= '\r') || lookahead == ' '
p_8152524084bc602bfc4e,go,ts_lex,9,AND,,,lookahead == '\t' || (0x0b <= lookahead && lookahead <= '\r') || lookahead == ' '
p_8152524084bc602bfc4e,go,ts_lex,10,OR,,,lookahead == '\t' || (0x0b <= lookahead && lookahead <= '\r') || lookahead == ' '
p_8152524084bc602bfc4e,go,ts_lex,11,PUSH_LOOKAHEAD,,,lookahead == '\t' || (0x0b <= lookahead && lookahead <= '\r') || lookahead == ' '
p_8152524084bc602bfc4e,go,ts_lex,12,PUSH_INT,32,,lookahead == '\t' || (0x0b <= lookahead && lookahead <= '\r') || lookahead == ' '
p_8152524084bc602bfc4e,go,ts_lex,13,CMP_EQ,,,lookahead == '\t' || (0x0b <= lookahead && lookahead <= '\r') || lookahead == ' '
p_8152524084bc602bfc4e,go,ts_lex,14,OR,,,lookahead == '\t' || (0x0b <= lookahead && lookahead <= '\r') || lookahead == ' '
p_56bb857c44158213be5f,go,ts_lex,0,PUSH_LOOKAHEAD,,,"lookahead != 0 && (lookahead < '\t' || '\r' < lookahead) && lookahead != '""' && lookahead != '\\'"
p_56bb857c44158213be5f,go,ts_lex,1,PUSH_INT,0,,"lookahead != 0 && (lookahead < '\t' || '\r' < lookahead) && lookahead != '""' && lookahead != '\\'"
p_56bb857c44158213be5f,go,ts_lex,2,CMP_NE,,,"lookahead != 0 && (lookahead < '\t' || '\r' < lookahead) && lookahead != '""' && lookahead != '\\'"
p_56bb857c44158213be5f,go,ts_lex,3,PUSH_LOOKAHEAD,,,"lookahead != 0 && (lookahead < '\t' || '\r' < lookahead) && lookahead != '""' && lookahead != '\\'"
p_56bb857c44158213be5f,go,ts_lex,4,PUSH_INT,9,,"lookahead != 0 && (lookahead < '\t' || '\r' < lookahead) && lookahead != '""' && lookahead != '\\'"
p_56bb857c44158213be5f,go,ts_lex,5,CMP_LT,,,"lookahead != 0 && (lookahead < '\t' || '\r' < lookahead) && lookahead != '""' && lookahead != '\\'"
p_56bb857c44158213be5f,go,ts_lex,6,PUSH_INT,13,,"lookahead != 0 && (lookahead < '\t' || '\r' < lookahead) && lookahead != '""' && lookahead != '\\'"
p_56bb857c44158213be5f,go,ts_lex,7,PUSH_LOOKAHEAD,,,"lookahead != 0 && (lookahead < '\t' || '\r' < lookahead) && lookahead != '""' && lookahead != '\\'"
p_56bb857c44158213be5f,go,ts_lex,8,CMP_LT,,,"lookahead != 0 && (lookahead < '\t' || '\r' < lookahead) && lookahead != '""' && lookahead != '\\'"
p_56bb857c44158213be5f,go,ts_lex,9,OR,,,"lookahead != 0 && (lookahead < '\t' || '\r' < lookahead) && lookahead != '""' && lookahead != '\\'"
p_56bb857c44158213be5f,go,ts_lex,10,AND,,,"lookahead != 0 && (lookahead < '\t' || '\r' < lookahead) && lookahead != '""' && lookahead != '\\'"
p_56bb857c44158213be5f,go,ts_lex,11,PUSH_LOOKAHEAD,,,"lookahead != 0 && (lookahead < '\t' || '\r' < lookahead) && lookahead != '""' && lookahead != '\\'"
p_56bb857c44158213be5f,go,ts_lex,12,PUSH_INT,34,,"lookahead != 0 && (lookahead < '\t' || '\r' < lookahead) && lookahead != '""' && lookahead != '\\'"
p_56bb857c44158213be5f,go,ts_lex,13,CMP_NE,,,"lookahead != 0 && (lookahead < '\t' || '\r' < lookahead) && lookahead != '""' && lookahead != '\\'"
p_56bb857c44158213be5f,go,ts_lex,14,AND,,,"lookahead != 0 && (lookahead < '\t' || '\r' < lookahead) && lookahead != '""' && lookahead != '\\'"
p_56bb857c44158213be5f,go,ts_lex,15,PUSH_LOOKAHEAD,,,"lookahead != 0 && (lookahead < '\t' || '\r' < lookahead) && lookahead != '""' && lookahead != '\\'"
p_56bb857c44158213be5f,go,ts_lex,16,PUSH_INT,92,,"lookahead != 0 && (lookahead < '\t' || '\r' < lookahead) && lookahead != '""' && lookahead != '\\'"
p_56bb857c44158213be5f,go,ts_lex,17,CMP_NE,,,"lookahead != 0 && (lookahead < '\t' || '\r' < lookahead) && lookahead != '""' && lookahead != '\\'"
p_56bb857c44158213be5f,go,ts_lex,18,AND,,,"lookahead != 0 && (lookahead < '\t' || '\r' < lookahead) && lookahead != '""' && lookahead != '\\'"
p_613150f32406506ed83e,go,ts_lex,0,PUSH_LOOKAHEAD,,,lookahead == 95
p_613150f32406506ed83e,go,ts_lex,1,PUSH_INT,95,,lookahead == 95
p_613150f32406506ed83e,go,ts_lex,2,CMP_EQ,,,lookahead == 95
p_166ecd077a1b4c13d6b2,go,ts_lex,0,PUSH_LOOKAHEAD,,,lookahead == 105
p_166ecd077a1b4c13d6b2,go,ts_lex,1,PUSH_INT,105,,lookahead == 105
p_166ecd077a1b4c13d6b2,go,ts_lex,2,CMP_EQ,,,lookahead == 105
p_ff452806a3c27b9b53ab,go,ts_lex,0,PUSH_LOOKAHEAD,,,lookahead == 66
p_ff452806a3c27b9b53ab,go,ts_lex,1,PUSH_INT,66,,lookahead == 66
p_ff452806a3c27b9b53ab,go,ts_lex,2,CMP_EQ,,,lookahead == 66
p_e02ae7febc97585cb0b1,go,ts_lex,0,PUSH_LOOKAHEAD,,,lookahead == 98
p_e02ae7febc97585cb0b1,go,ts_lex,1,PUSH_INT,98,,lookahead == 98
p_e02ae7febc97585cb0b1,go,ts_lex,2,CMP_EQ,,,lookahead == 98
p_6582714da1c2e5b96240,go,ts_lex,0,PUSH_LOOKAHEAD,,,lookahead == 69
p_6582714da1c2e5b96240,go,ts_lex,1,PUSH_INT,69,,lookahead == 69
p_6582714da1c2e5b96240,go,ts_lex,2,CMP_EQ,,,lookahead == 69
p_e47900be9d33ad2e7397,go,ts_lex,0,PUSH_LOOKAHEAD,,,lookahead == 101
p_e47900be9d33ad2e7397,go,ts_lex,1,PUSH_INT,101,,lookahead == 101
p_e47900be9d33ad2e7397,go,ts_lex,2,CMP_EQ,,,lookahead == 101
p_c8e22e8eda6657bfba26,go,ts_lex,0,PUSH_LOOKAHEAD,,,lookahead == 79
p_c8e22e8eda6657bfba26,go,ts_lex,1,PUSH_INT,79,,lookahead == 79
p_c8e22e8eda6657bfba26,go,ts_lex,2,CMP_EQ,,,lookahead == 79
p_2e6489bbe87d4bd3823b,go,ts_lex,0,PUSH_LOOKAHEAD,,,lookahead == 111
p_2e6489bbe87d4bd3823b,go,ts_lex,1,PUSH_INT,111,,lookahead == 111
p_2e6489bbe87d4bd3823b,go,ts_lex,2,CMP_EQ,,,lookahead == 111
p_35a5b930f37de20c0540,go,ts_lex,0,PUSH_LOOKAHEAD,,,lookahead == 88
p_35a5b930f37de20c0540,go,ts_lex,1,PUSH_INT,88,,lookahead == 88
p_35a5b930f37de20c0540,go,ts_lex,2,CMP_EQ,,,lookahead == 88
p_29cf8ef20aef158972aa,go,ts_lex,0,PUSH_LOOKAHEAD,,,lookahead == 120
p_29cf8ef20aef158972aa,go,ts_lex,1,PUSH_INT,120,,lookahead == 120
p_29cf8ef20aef158972aa,go,ts_lex,2,CMP_EQ,,,lookahead == 120
p_c7df6458a9da6f4eb20d,go,ts_lex,0,PUSH_LOOKAHEAD,,,lookahead == 56
p_c7df6458a9da6f4eb20d,go,ts_lex,1,PUSH_INT,56,,lookahead == 56
p_c7df6458a9da6f4eb20d,go,ts_lex,2,CMP_EQ,,,lookahead == 56
p_1df26d310ae172dd4bd2,go,ts_lex,0,PUSH_LOOKAHEAD,,,lookahead == 57
p_1df26d310ae172dd4bd2,go,ts_lex,1,PUSH_INT,57,,lookahead == 57
p_1df26d310ae172dd4bd2,go,ts_lex,2,CMP_EQ,,,lookahead == 57
p_fa2801d7a6489349dec4,go,ts_lex,0,PUSH_LOOKAHEAD,,,lookahead != 0 && lookahead != '\n'
p_fa2801d7a6489349dec4,go,ts_lex,1,PUSH_INT,0,,lookahead != 0 && lookahead != '\n'
p_fa2801d7a6489349dec4,go,ts_lex,2,CMP_NE,,,lookahead != 0 && lookahead != '\n'
p_fa2801d7a6489349dec4,go,ts_lex,3,PUSH_LOOKAHEAD,,,lookahead != 0 && lookahead != '\n'
p_fa2801d7a6489349dec4,go,ts_lex,4,PUSH_INT,10,,lookahead != 0 && lookahead != '\n'
p_fa2801d7a6489349dec4,go,ts_lex,5,CMP_NE,,,lookahead != 0 && lookahead != '\n'
p_fa2801d7a6489349dec4,go,ts_lex,6,AND,,,lookahead != 0 && lookahead != '\n'
p_385134d54a8c4bfc487c,go,ts_lex_keywords,0,PUSH_INT,9,,('\t' <= lookahead && lookahead <= '\r') || lookahead == ' '
p_385134d54a8c4bfc487c,go,ts_lex_keywords,1,PUSH_LOOKAHEAD,,,('\t' <= lookahead && lookahead <= '\r') || lookahead == ' '
p_385134d54a8c4bfc487c,go,ts_lex_keywords,2,CMP_LE,,,('\t' <= lookahead && lookahead <= '\r') || lookahead == ' '
p_385134d54a8c4bfc487c,go,ts_lex_keywords,3,PUSH_LOOKAHEAD,,,('\t' <= lookahead && lookahead <= '\r') || lookahead == ' '
p_385134d54a8c4bfc487c,go,ts_lex_keywords,4,PUSH_INT,13,,('\t' <= lookahead && lookahead <= '\r') || lookahead == ' '
p_385134d54a8c4bfc487c,go,ts_lex_keywords,5,CMP_LE,,,('\t' <= lookahead && lookahead <= '\r') || lookahead == ' '
p_385134d54a8c4bfc487c,go,ts_lex_keywords,6,AND,,,('\t' <= lookahead && lookahead <= '\r') || lookahead == ' '
p_385134d54a8c4bfc487c,go,ts_lex_keywords,7,PUSH_LOOKAHEAD,,,('\t' <= lookahead && lookahead <= '\r') || lookahead == ' '
p_385134d54a8c4bfc487c,go,ts_lex_keywords,8,PUSH_INT,32,,('\t' <= lookahead && lookahead <= '\r') || lookahead == ' '
p_385134d54a8c4bfc487c,go,ts_lex_keywords,9,CMP_EQ,,,('\t' <= lookahead && lookahead <= '\r') || lookahead == ' '
p_385134d54a8c4bfc487c,go,ts_lex_keywords,10,OR,,,('\t' <= lookahead && lookahead <= '\r') || lookahead == ' '
p_f0b1e9d83015c7e25b05,go,ts_lex_keywords,0,PUSH_LOOKAHEAD,,,lookahead == 95
p_f0b1e9d83015c7e25b05,go,ts_lex_keywords,1,PUSH_INT,95,,lookahead == 95
p_f0b1e9d83015c7e25b05,go,ts_lex_keywords,2,CMP_EQ,,,lookahead == 95
p_c67d3ee188a07e896752,go,ts_lex_keywords,0,PUSH_LOOKAHEAD,,,lookahead == 98
p_c67d3ee188a07e896752,go,ts_lex_keywords,1,PUSH_INT,98,,lookahead == 98
p_c67d3ee188a07e896752,go,ts_lex_keywords,2,CMP_EQ,,,lookahead == 98
p_6dbb11fee3ec499ebf3b,go,ts_lex_keywords,0,PUSH_LOOKAHEAD,,,lookahead == 99
p_6dbb11fee3ec499ebf3b,go,ts_lex_keywords,1,PUSH_INT,99,,lookahead == 99
p_6dbb11fee3ec499ebf3b,go,ts_lex_keywords,2,CMP_EQ,,,lookahead == 99
p_5898cfb05ef29d47a5ec,go,ts_lex_keywords,0,PUSH_LOOKAHEAD,,,lookahead == 100
p_5898cfb05ef29d47a5ec,go,ts_lex_keywords,1,PUSH_INT,100,,lookahead == 100
p_5898cfb05ef29d47a5ec,go,ts_lex_keywords,2,CMP_EQ,,,lookahead == 100
p_45f1bc81aff855b9f67f,go,ts_lex_keywords,0,PUSH_LOOKAHEAD,,,lookahead == 101
p_45f1bc81aff855b9f67f,go,ts_lex_keywords,1,PUSH_INT,101,,lookahead == 101
p_45f1bc81aff855b9f67f,go,ts_lex_keywords,2,CMP_EQ,,,lookahead == 101
p_b2d958eaa92ec6fc031e,go,ts_lex_keywords,0,PUSH_LOOKAHEAD,,,lookahead == 102
p_b2d958eaa92ec6fc031e,go,ts_lex_keywords,1,PUSH_INT,102,,lookahead == 102
p_b2d958eaa92ec6fc031e,go,ts_lex_keywords,2,CMP_EQ,,,lookahead == 102
p_2728406fd95609cd0b50,go,ts_lex_keywords,0,PUSH_LOOKAHEAD,,,lookahead == 103
p_2728406fd95609cd0b50,go,ts_lex_keywords,1,PUSH_INT,103,,lookahead == 103
p_2728406fd95609cd0b50,go,ts_lex_keywords,2,CMP_EQ,,,lookahead == 103
p_26e0403fb1a17f95738c,go,ts_lex_keywords,0,PUSH_LOOKAHEAD,,,lookahead == 105
p_26e0403fb1a17f95738c,go,ts_lex_keywords,1,PUSH_INT,105,,lookahead == 105
p_26e0403fb1a17f95738c,go,ts_lex_keywords,2,CMP_EQ,,,lookahead == 105
p_1ec7535ca08cbc67e584,go,ts_lex_keywords,0,PUSH_LOOKAHEAD,,,lookahead == 109
p_1ec7535ca08cbc67e584,go,ts_lex_keywords,1,PUSH_INT,109,,lookahead == 109
p_1ec7535ca08cbc67e584,go,ts_lex_keywords,2,CMP_EQ,,,lookahead == 109
p_1af76f2b341dbae1c703,go,ts_lex_keywords,0,PUSH_LOOKAHEAD,,,lookahead == 110
p_1af76f2b341dbae1c703,go,ts_lex_keywords,1,PUSH_INT,110,,lookahead == 110
p_1af76f2b341dbae1c703,go,ts_lex_keywords,2,CMP_EQ,,,lookahead == 110
p_47cfba3f60cef9a8741a,go,ts_lex_keywords,0,PUSH_LOOKAHEAD,,,lookahead == 112
p_47cfba3f60cef9a8741a,go,ts_lex_keywords,1,PUSH_INT,112,,lookahead == 112
p_47cfba3f60cef9a8741a,go,ts_lex_keywords,2,CMP_EQ,,,lookahead == 112
p_773b9812479da89c94bf,go,ts_lex_keywords,0,PUSH_LOOKAHEAD,,,lookahead == 114
p_773b9812479da89c94bf,go,ts_lex_keywords,1,PUSH_INT,114,,lookahead == 114
p_773b9812479da89c94bf,go,ts_lex_keywords,2,CMP_EQ,,,lookahead == 114
p_112de06f8f8c4e03bb83,go,ts_lex_keywords,0,PUSH_LOOKAHEAD,,,lookahead == 115
p_112de06f8f8c4e03bb83,go,ts_lex_keywords,1,PUSH_INT,115,,lookahead == 115
p_112de06f8f8c4e03bb83,go,ts_lex_keywords,2,CMP_EQ,,,lookahead == 115
p_65963ff381a7e716cf9f,go,ts_lex_keywords,0,PUSH_LOOKAHEAD,,,lookahead == 116
p_65963ff381a7e716cf9f,go,ts_lex_keywords,1,PUSH_INT,116,,lookahead == 116
p_65963ff381a7e716cf9f,go,ts_lex_keywords,2,CMP_EQ,,,lookahead == 116
p_b4831bba165c30f18598,go,ts_lex_keywords,0,PUSH_LOOKAHEAD,,,lookahead == 118
p_b4831bba165c30f18598,go,ts_lex_keywords,1,PUSH_INT,118,,lookahead == 118
p_b4831bba165c30f18598,go,ts_lex_keywords,2,CMP_EQ,,,lookahead == 118
p_82a1e5de5493a1f3dd3e,go,ts_lex_keywords,0,PUSH_LOOKAHEAD,,,lookahead == 'r'
p_82a1e5de5493a1f3dd3e,go,ts_lex_keywords,1,PUSH_INT,114,,lookahead == 'r'
p_82a1e5de5493a1f3dd3e,go,ts_lex_keywords,2,CMP_EQ,,,lookahead == 'r'
p_45c12963ab5aeb248052,go,ts_lex_keywords,0,PUSH_LOOKAHEAD,,,lookahead == 'a'
p_45c12963ab5aeb248052,go,ts_lex_keywords,1,PUSH_INT,97,,lookahead == 'a'
p_45c12963ab5aeb248052,go,ts_lex_keywords,2,CMP_EQ,,,lookahead == 'a'
p_83a82275fa605babf4e4,go,ts_lex_keywords,0,PUSH_LOOKAHEAD,,,lookahead == 'h'
p_83a82275fa605babf4e4,go,ts_lex_keywords,1,PUSH_INT,104,,lookahead == 'h'
p_83a82275fa605babf4e4,go,ts_lex_keywords,2,CMP_EQ,,,lookahead == 'h'
p_b4b87899f9c513593b03,go,ts_lex_keywords,0,PUSH_LOOKAHEAD,,,lookahead == 'o'
p_b4b87899f9c513593b03,go,ts_lex_keywords,1,PUSH_INT,111,,lookahead == 'o'
p_b4b87899f9c513593b03,go,ts_lex_keywords,2,CMP_EQ,,,lookahead == 'o'
p_3eca8f9ca5d9156d1c13,go,ts_lex_keywords,0,PUSH_LOOKAHEAD,,,lookahead == 'e'
p_3eca8f9ca5d9156d1c13,go,ts_lex_keywords,1,PUSH_INT,101,,lookahead == 'e'
p_3eca8f9ca5d9156d1c13,go,ts_lex_keywords,2,CMP_EQ,,,lookahead == 'e'
p_8a64e3108a1cb55b24ca,go,ts_lex_keywords,0,PUSH_LOOKAHEAD,,,lookahead == 'l'
p_8a64e3108a1cb55b24ca,go,ts_lex_keywords,1,PUSH_INT,108,,lookahead == 'l'
p_8a64e3108a1cb55b24ca,go,ts_lex_keywords,2,CMP_EQ,,,lookahead == 'l'
p_2892a4b5092d40853321,go,ts_lex_keywords,0,PUSH_LOOKAHEAD,,,lookahead == 'u'
p_2892a4b5092d40853321,go,ts_lex_keywords,1,PUSH_INT,117,,lookahead == 'u'
p_2892a4b5092d40853321,go,ts_lex_keywords,2,CMP_EQ,,,lookahead == 'u'
p_58980e987d62eec37ee5,go,ts_lex_keywords,0,PUSH_LOOKAHEAD,,,lookahead == 'f'
p_58980e987d62eec37ee5,go,ts_lex_keywords,1,PUSH_INT,102,,lookahead == 'f'
p_58980e987d62eec37ee5,go,ts_lex_keywords,2,CMP_EQ,,,lookahead == 'f'
p_aa683acca70a5616d655,go,ts_lex_keywords,0,PUSH_LOOKAHEAD,,,lookahead == 'm'
p_aa683acca70a5616d655,go,ts_lex_keywords,1,PUSH_INT,109,,lookahead == 'm'
p_aa683acca70a5616d655,go,ts_lex_keywords,2,CMP_EQ,,,lookahead == 'm'
p_c234aa933373547fadfe,go,ts_lex_keywords,0,PUSH_LOOKAHEAD,,,lookahead == 'n'
p_c234aa933373547fadfe,go,ts_lex_keywords,1,PUSH_INT,110,,lookahead == 'n'
p_c234aa933373547fadfe,go,ts_lex_keywords,2,CMP_EQ,,,lookahead == 'n'
p_3b8863ac5a2483a7b1ed,go,ts_lex_keywords,0,PUSH_LOOKAHEAD,,,lookahead == 'i'
p_3b8863ac5a2483a7b1ed,go,ts_lex_keywords,1,PUSH_INT,105,,lookahead == 'i'
p_3b8863ac5a2483a7b1ed,go,ts_lex_keywords,2,CMP_EQ,,,lookahead == 'i'
p_d5f8fb661d47f8660be8,go,ts_lex_keywords,0,PUSH_LOOKAHEAD,,,lookahead == 't'
p_d5f8fb661d47f8660be8,go,ts_lex_keywords,1,PUSH_INT,116,,lookahead == 't'
p_d5f8fb661d47f8660be8,go,ts_lex_keywords,2,CMP_EQ,,,lookahead == 't'
p_e16d17fa38c6fc2c4166,go,ts_lex_keywords,0,PUSH_LOOKAHEAD,,,lookahead == 'w'
p_e16d17fa38c6fc2c4166,go,ts_lex_keywords,1,PUSH_INT,119,,lookahead == 'w'
p_e16d17fa38c6fc2c4166,go,ts_lex_keywords,2,CMP_EQ,,,lookahead == 'w'
p_4f74f689033df5f51e77,go,ts_lex_keywords,0,PUSH_LOOKAHEAD,,,lookahead == 'y'
p_4f74f689033df5f51e77,go,ts_lex_keywords,1,PUSH_INT,121,,lookahead == 'y'
p_4f74f689033df5f51e77,go,ts_lex_keywords,2,CMP_EQ,,,lookahead == 'y'
p_cdb83e3f7aa6d8c014e6,go,ts_lex_keywords,0,PUSH_LOOKAHEAD,,,lookahead == 's'
p_cdb83e3f7aa6d8c014e6,go,ts_lex_keywords,1,PUSH_INT,115,,lookahead == 's'
p_cdb83e3f7aa6d8c014e6,go,ts_lex_keywords,2,CMP_EQ,,,lookahead == 's'
p_b59fbaae553938848c10,go,ts_lex_keywords,0,PUSH_LOOKAHEAD,,,lookahead == 'p'
p_b59fbaae553938848c10,go,ts_lex_keywords,1,PUSH_INT,112,,lookahead == 'p'
p_b59fbaae553938848c10,go,ts_lex_keywords,2,CMP_EQ,,,lookahead == 'p'
p_e76c9ab7aa708d276ef8,go,ts_lex_keywords,0,PUSH_LOOKAHEAD,,,lookahead == 'k'
p_e76c9ab7aa708d276ef8,go,ts_lex_keywords,1,PUSH_INT,107,,lookahead == 'k'
p_e76c9ab7aa708d276ef8,go,ts_lex_keywords,2,CMP_EQ,,,lookahead == 'k'
p_b6e56667b53affb4839a,go,ts_lex_keywords,0,PUSH_LOOKAHEAD,,,lookahead == 'c'
p_b6e56667b53affb4839a,go,ts_lex_keywords,1,PUSH_INT,99,,lookahead == 'c'
p_b6e56667b53affb4839a,go,ts_lex_keywords,2,CMP_EQ,,,lookahead == 'c'
p_4c6395996307edc17d57,go,ts_lex_keywords,0,PUSH_LOOKAHEAD,,,lookahead == 'g'
p_4c6395996307edc17d57,go,ts_lex_keywords,1,PUSH_INT,103,,lookahead == 'g'
p_4c6395996307edc17d57,go,ts_lex_keywords,2,CMP_EQ,,,lookahead == 'g'
p_f6be174ec35409738c29,rust,ts_lex,0,PUSH_EOF,,,eof
p_36124be0cbc9d21816fb,rust,ts_lex,0,PUSH_INT,9,,('\t' <= lookahead && lookahead <= '\r') || lookahead == ' '
p_36124be0cbc9d21816fb,rust,ts_lex,1,PUSH_LOOKAHEAD,,,('\t' <= lookahead && lookahead <= '\r') || lookahead == ' '
p_36124be0cbc9d21816fb,rust,ts_lex,2,CMP_LE,,,('\t' <= lookahead && lookahead <= '\r') || lookahead == ' '
p_36124be0cbc9d21816fb,rust,ts_lex,3,PUSH_LOOKAHEAD,,,('\t' <= lookahead && lookahead <= '\r') || lookahead == ' '
p_36124be0cbc9d21816fb,rust,ts_lex,4,PUSH_INT,13,,('\t' <= lookahead && lookahead <= '\r') || lookahead == ' '
p_36124be0cbc9d21816fb,rust,ts_lex,5,CMP_LE,,,('\t' <= lookahead && lookahead <= '\r') || lookahead == ' '
p_36124be0cbc9d21816fb,rust,ts_lex,6,AND,,,('\t' <= lookahead && lookahead <= '\r') || lookahead == ' '
p_36124be0cbc9d21816fb,rust,ts_lex,7,PUSH_LOOKAHEAD,,,('\t' <= lookahead && lookahead <= '\r') || lookahead == ' '
p_36124be0cbc9d21816fb,rust,ts_lex,8,PUSH_INT,32,,('\t' <= lookahead && lookahead <= '\r') || lookahead == ' '
p_36124be0cbc9d21816fb,rust,ts_lex,9,CMP_EQ,,,('\t' <= lookahead && lookahead <= '\r') || lookahead == ' '
p_36124be0cbc9d21816fb,rust,ts_lex,10,OR,,,('\t' <= lookahead && lookahead <= '\r') || lookahead == ' '
p_8551f46767d7577d0201,rust,ts_lex,0,PUSH_INT,49,,('1' <= lookahead && lookahead <= '9')
p_8551f46767d7577d0201,rust,ts_lex,1,PUSH_LOOKAHEAD,,,('1' <= lookahead && lookahead <= '9')
p_8551f46767d7577d0201,rust,ts_lex,2,CMP_LE,,,('1' <= lookahead && lookahead <= '9')
p_8551f46767d7577d0201,rust,ts_lex,3,PUSH_LOOKAHEAD,,,('1' <= lookahead && lookahead <= '9')
p_8551f46767d7577d0201,rust,ts_lex,4,PUSH_INT,57,,('1' <= lookahead && lookahead <= '9')
p_8551f46767d7577d0201,rust,ts_lex,5,CMP_LE,,,('1' <= lookahead && lookahead <= '9')
p_8551f46767d7577d0201,rust,ts_lex,6,AND,,,('1' <= lookahead && lookahead <= '9')
p_2ca84447cdf9ac763f58,rust,ts_lex,0,SET_CONTAINS,sym_identifier_character_set_1,685,"set_contains(sym_identifier_character_set_1, 685, lookahead)"
p_ecb13621de9ab9635755,rust,ts_lex,0,PUSH_LOOKAHEAD,,,lookahead == 33
p_ecb13621de9ab9635755,rust,ts_lex,1,PUSH_INT,33,,lookahead == 33
p_ecb13621de9ab9635755,rust,ts_lex,2,CMP_EQ,,,lookahead == 33
p_7f9f6808f6d1f24fa0b8,rust,ts_lex,0,PUSH_LOOKAHEAD,,,lookahead == 34
p_7f9f6808f6d1f24fa0b8,rust,ts_lex,1,PUSH_INT,34,,lookahead == 34
p_7f9f6808f6d1f24fa0b8,rust,ts_lex,2,CMP_EQ,,,lookahead == 34
p_12cf5c555b2a4e8546cb,rust,ts_lex,0,PUSH_LOOKAHEAD,,,lookahead == 35
p_12cf5c555b2a4e8546cb,rust,ts_lex,1,PUSH_INT,35,,lookahead == 35
p_12cf5c555b2a4e8546cb,rust,ts_lex,2,CMP_EQ,,,lookahead == 35
p_f393c0a105e2b9dee88c,rust,ts_lex,0,PUSH_LOOKAHEAD,,,lookahead == 36
p_f393c0a105e2b9dee88c,rust,ts_lex,1,PUSH_INT,36,,lookahead == 36
p_f393c0a105e2b9dee88c,rust,ts_lex,2,CMP_EQ,,,lookahead == 36
p_873c7eb276849f7f42ab,rust,ts_lex,0,PUSH_LOOKAHEAD,,,lookahead == 37
p_873c7eb276849f7f42ab,rust,ts_lex,1,PUSH_INT,37,,lookahead == 37
p_873c7eb276849f7f42ab,rust,ts_lex,2,CMP_EQ,,,lookahead == 37
p_dd2198673760af0ba5ca,rust,ts_lex,0,PUSH_LOOKAHEAD,,,lookahead == 38
p_dd2198673760af0ba5ca,rust,ts_lex,1,PUSH_INT,38,,lookahead == 38
p_dd2198673760af0ba5ca,rust,ts_lex,2,CMP_EQ,,,lookahead == 38
p_cc4564929b744020862b,rust,ts_lex,0,PUSH_LOOKAHEAD,,,lookahead == 39
p_cc4564929b744020862b,rust,ts_lex,1,PUSH_INT,39,,lookahead == 39
p_cc4564929b744020862b,rust,ts_lex,2,CMP_EQ,,,lookahead == 39
p_0b1af54cea26bf5b055c,rust,ts_lex,0,PUSH_LOOKAHEAD,,,lookahead == 40
p_0b1af54cea26bf5b055c,rust,ts_lex,1,PUSH_INT,40,,lookahead == 40
p_0b1af54cea26bf5b055c,rust,ts_lex,2,CMP_EQ,,,lookahead == 40
p_05bf26c755ba7f9e5ea6,rust,ts_lex,0,PUSH_LOOKAHEAD,,,lookahead == 41
p_05bf26c755ba7f9e5ea6,rust,ts_lex,1,PUSH_INT,41,,lookahead == 41
p_05bf26c755ba7f9e5ea6,rust,ts_lex,2,CMP_EQ,,,lookahead == 41
p_049eac0e6eba5e724b26,rust,ts_lex,0,PUSH_LOOKAHEAD,,,lookahead == 42
p_049eac0e6eba5e724b26,rust,ts_lex,1,PUSH_INT,42,,lookahead == 42
p_049eac0e6eba5e724b26,rust,ts_lex,2,CMP_EQ,,,lookahead == 42
p_2217f98ff2e543033015,rust,ts_lex,0,PUSH_LOOKAHEAD,,,lookahead == 43
p_2217f98ff2e543033015,rust,ts_lex,1,PUSH_INT,43,,lookahead == 43
p_2217f98ff2e543033015,rust,ts_lex,2,CMP_EQ,,,lookahead == 43
p_253023110ed7274e7f34,rust,ts_lex,0,PUSH_LOOKAHEAD,,,lookahead == 44
p_253023110ed7274e7f34,rust,ts_lex,1,PUSH_INT,44,,lookahead == 44
p_253023110ed7274e7f34,rust,ts_lex,2,CMP_EQ,,,lookahead == 44
p_e611f9fac53bc0713728,rust,ts_lex,0,PUSH_LOOKAHEAD,,,lookahead == 45
p_e611f9fac53bc0713728,rust,ts_lex,1,PUSH_INT,45,,lookahead == 45
p_e611f9fac53bc0713728,rust,ts_lex,2,CMP_EQ,,,lookahead == 45
p_bdbf414c2bdfdfef9d59,rust,ts_lex,0,PUSH_LOOKAHEAD,,,lookahead == 46
p_bdbf414c2bdfdfef9d59,rust,ts_lex,1,PUSH_INT,46,,lookahead == 46
p_bdbf414c2bdfdfef9d59,rust,ts_lex,2,CMP_EQ,,,lookahead == 46
p_83f4bef434b5a4c69d16,rust,ts_lex,0,PUSH_LOOKAHEAD,,,lookahead == 47
p_83f4bef434b5a4c69d16,rust,ts_lex,1,PUSH_INT,47,,lookahead == 47
p_83f4bef434b5a4c69d16,rust,ts_lex,2,CMP_EQ,,,lookahead == 47
p_5a32556fe39c9fecef13,rust,ts_lex,0,PUSH_LOOKAHEAD,,,lookahead == 48
p_5a32556fe39c9fecef13,rust,ts_lex,1,PUSH_INT,48,,lookahead == 48
p_5a32556fe39c9fecef13,rust,ts_lex,2,CMP_EQ,,,lookahead == 48
p_e4080e01872d88c3ecfe,rust,ts_lex,0,PUSH_LOOKAHEAD,,,lookahead == 58
p_e4080e01872d88c3ecfe,rust,ts_lex,1,PUSH_INT,58,,lookahead == 58
p_e4080e01872d88c3ecfe,rust,ts_lex,2,CMP_EQ,,,lookahead == 58
p_b1469d905be782caca1d,rust,ts_lex,0,PUSH_LOOKAHEAD,,,lookahead == 59
p_b1469d905be782caca1d,rust,ts_lex,1,PUSH_INT,59,,lookahead == 59
p_b1469d905be782caca1d,rust,ts_lex,2,CMP_EQ,,,lookahead == 59
p_b071c943088a5ec4f626,rust,ts_lex,0,PUSH_LOOKAHEAD,,,lookahead == 60
p_b071c943088a5ec4f626,rust,ts_lex,1,PUSH_INT,60,,lookahead == 60
p_b071c943088a5ec4f626,rust,ts_lex,2,CMP_EQ,,,lookahead == 60
p_917e5e133886ee1132a2,rust,ts_lex,0,PUSH_LOOKAHEAD,,,lookahead == 61
p_917e5e133886ee1132a2,rust,ts_lex,1,PUSH_INT,61,,lookahead == 61
p_917e5e133886ee1132a2,rust,ts_lex,2,CMP_EQ,,,lookahead == 61
p_7d684135eec1b954f4cf,rust,ts_lex,0,PUSH_LOOKAHEAD,,,lookahead == 62
p_7d684135eec1b954f4cf,rust,ts_lex,1,PUSH_INT,62,,lookahead == 62
p_7d684135eec1b954f4cf,rust,ts_lex,2,CMP_EQ,,,lookahead == 62
p_cd18468735634a805eff,rust,ts_lex,0,PUSH_LOOKAHEAD,,,lookahead == 63
p_cd18468735634a805eff,rust,ts_lex,1,PUSH_INT,63,,lookahead == 63
p_cd18468735634a805eff,rust,ts_lex,2,CMP_EQ,,,lookahead == 63
p_ade234e40b7c75ea4a9a,rust,ts_lex,0,PUSH_LOOKAHEAD,,,lookahead == 64
p_ade234e40b7c75ea4a9a,rust,ts_lex,1,PUSH_INT,64,,lookahead == 64
p_ade234e40b7c75ea4a9a,rust,ts_lex,2,CMP_EQ,,,lookahead == 64
p_c091bd431023ceeebb21,rust,ts_lex,0,PUSH_LOOKAHEAD,,,lookahead == 91
p_c091bd431023ceeebb21,rust,ts_lex,1,PUSH_INT,91,,lookahead == 91
p_c091bd431023ceeebb21,rust,ts_lex,2,CMP_EQ,,,lookahead == 91
p_ed1537b284ebf203aafe,rust,ts_lex,0,PUSH_LOOKAHEAD,,,lookahead == 92
p_ed1537b284ebf203aafe,rust,ts_lex,1,PUSH_INT,92,,lookahead == 92
p_ed1537b284ebf203aafe,rust,ts_lex,2,CMP_EQ,,,lookahead == 92
p_64804fe9549735bd6904,rust,ts_lex,0,PUSH_LOOKAHEAD,,,lookahead == 93
p_64804fe9549735bd6904,rust,ts_lex,1,PUSH_INT,93,,lookahead == 93
p_64804fe9549735bd6904,rust,ts_lex,2,CMP_EQ,,,lookahead == 93
p_997028001bae816355b6,rust,ts_lex,0,PUSH_LOOKAHEAD,,,lookahead == 94
p_997028001bae816355b6,rust,ts_lex,1,PUSH_INT,94,,lookahead == 94
p_997028001bae816355b6,rust,ts_lex,2,CMP_EQ,,,lookahead == 94
p_916148a6ab4fab1504d5,rust,ts_lex,0,PUSH_LOOKAHEAD,,,lookahead == 98
p_916148a6ab4fab1504d5,rust,ts_lex,1,PUSH_INT,98,,lookahead == 98
p_916148a6ab4fab1504d5,rust,ts_lex,2,CMP_EQ,,,lookahead == 98
p_4c80c76250727c23ca6b,rust,ts_lex,0,PUSH_LOOKAHEAD,,,lookahead == 99
p_4c80c76250727c23ca6b,rust,ts_lex,1,PUSH_INT,99,,lookahead == 99
p_4c80c76250727c23ca6b,rust,ts_lex,2,CMP_EQ,,,lookahead == 99
p_34ef2132e4acf03907a6,rust,ts_lex,0,PUSH_LOOKAHEAD,,,lookahead == 109
p_34ef2132e4acf03907a6,rust,ts_lex,1,PUSH_INT,109,,lookahead == 109
p_34ef2132e4acf03907a6,rust,ts_lex,2,CMP_EQ,,,lookahead == 109
p_a3cdb1f98e1a9a1c0298,rust,ts_lex,0,PUSH_LOOKAHEAD,,,lookahead == 114
p_a3cdb1f98e1a9a1c0298,rust,ts_lex,1,PUSH_INT,114,,lookahead == 114
p_a3cdb1f98e1a9a1c0298,rust,ts_lex,2,CMP_EQ,,,lookahead == 114
p_1aa776368d3865ac0f7a,rust,ts_lex,0,PUSH_LOOKAHEAD,,,lookahead == 123
p_1aa776368d3865ac0f7a,rust,ts_lex,1,PUSH_INT,123,,lookahead == 123
p_1aa776368d3865ac0f7a,rust,ts_lex,2,CMP_EQ,,,lookahead == 123
p_d452728321dd400c4979,rust,ts_lex,0,PUSH_LOOKAHEAD,,,lookahead == 124
p_d452728321dd400c4979,rust,ts_lex,1,PUSH_INT,124,,lookahead == 124
p_d452728321dd400c4979,rust,ts_lex,2,CMP_EQ,,,lookahead == 124
p_fd4a5475c249a5738e4c,rust,ts_lex,0,PUSH_LOOKAHEAD,,,lookahead == 125
p_fd4a5475c249a5738e4c,rust,ts_lex,1,PUSH_INT,125,,lookahead == 125
p_fd4a5475c249a5738e4c,rust,ts_lex,2,CMP_EQ,,,lookahead == 125
p_0db5ffabee8de4ffb10f,rust,ts_lex,0,PUSH_LOOKAHEAD,,,lookahead == '\n'
p_0db5ffabee8de4ffb10f,rust,ts_lex,1,PUSH_INT,10,,lookahead == '\n'
p_0db5ffabee8de4ffb10f,rust,ts_lex,2,CMP_EQ,,,lookahead == '\n'
p_ae5e89753a7de6d6a57e,rust,ts_lex,0,PUSH_LOOKAHEAD,,,lookahead == '['
p_ae5e89753a7de6d6a57e,rust,ts_lex,1,PUSH_INT,91,,lookahead == '['
p_ae5e89753a7de6d6a57e,rust,ts_lex,2,CMP_EQ,,,lookahead == '['
p_2d4b690634da60698f47,rust,ts_lex,0,PUSH_LOOKAHEAD,,,lookahead != 0
p_2d4b690634da60698f47,rust,ts_lex,1,PUSH_INT,0,,lookahead != 0
p_2d4b690634da60698f47,rust,ts_lex,2,CMP_NE,,,lookahead != 0
p_3fb697ff67ee89fee9d3,rust,ts_lex,0,PUSH_LOOKAHEAD,,,lookahead != 0 && lookahead != '['
p_3fb697ff67ee89fee9d3,rust,ts_lex,1,PUSH_INT,0,,lookahead != 0 && lookahead != '['
p_3fb697ff67ee89fee9d3,rust,ts_lex,2,CMP_NE,,,lookahead != 0 && lookahead != '['
p_3fb697ff67ee89fee9d3,rust,ts_lex,3,PUSH_LOOKAHEAD,,,lookahead != 0 && lookahead != '['
p_3fb697ff67ee89fee9d3,rust,ts_lex,4,PUSH_INT,91,,lookahead != 0 && lookahead != '['
p_3fb697ff67ee89fee9d3,rust,ts_lex,5,CMP_NE,,,lookahead != 0 && lookahead != '['
p_3fb697ff67ee89fee9d3,rust,ts_lex,6,AND,,,lookahead != 0 && lookahead != '['
p_0ee7356a76a4de7ae087,rust,ts_lex,0,PUSH_LOOKAHEAD,,,"lookahead == '""'"
p_0ee7356a76a4de7ae087,rust,ts_lex,1,PUSH_INT,34,,"lookahead == '""'"
p_0ee7356a76a4de7ae087,rust,ts_lex,2,CMP_EQ,,,"lookahead == '""'"
p_64aa6e27fe428f8e4e9c,rust,ts_lex,0,PUSH_LOOKAHEAD,,,lookahead == '/'
p_64aa6e27fe428f8e4e9c,rust,ts_lex,1,PUSH_INT,47,,lookahead == '/'
p_64aa6e27fe428f8e4e9c,rust,ts_lex,2,CMP_EQ,,,lookahead == '/'
p_c8b2fcd61a9c2569d14b,rust,ts_lex,0,PUSH_LOOKAHEAD,,,lookahead == ';'
p_c8b2fcd61a9c2569d14b,rust,ts_lex,1,PUSH_INT,59,,lookahead == ';'
p_c8b2fcd61a9c2569d14b,rust,ts_lex,2,CMP_EQ,,,lookahead == ';'
p_140ce0669e30e7852903,rust,ts_lex,0,PUSH_LOOKAHEAD,,,lookahead == 'r'
p_140ce0669e30e7852903,rust,ts_lex,1,PUSH_INT,114,,lookahead == 'r'
p_140ce0669e30e7852903,rust,ts_lex,2,CMP_EQ,,,lookahead == 'r'
p_48ef3f5d978c49a370cf,rust,ts_lex,0,PUSH_LOOKAHEAD,,,lookahead == '{'
p_48ef3f5d978c49a370cf,rust,ts_lex,1,PUSH_INT,123,,lookahead == '{'
p_48ef3f5d978c49a370cf,rust,ts_lex,2,CMP_EQ,,,lookahead == '{'
p_f5d260a7c056e1b34db1,rust,ts_lex,0,PUSH_LOOKAHEAD,,,lookahead == 'b' || lookahead == 'c'
p_f5d260a7c056e1b34db1,rust,ts_lex,1,PUSH_INT,98,,lookahead == 'b' || lookahead == 'c'
p_f5d260a7c056e1b34db1,rust,ts_lex,2,CMP_EQ,,,lookahead == 'b' || lookahead == 'c'
p_f5d260a7c056e1b34db1,rust,ts_lex,3,PUSH_LOOKAHEAD,,,lookahead == 'b' || lookahead == 'c'
p_f5d260a7c056e1b34db1,rust,ts_lex,4,PUSH_INT,99,,lookahead == 'b' || lookahead == 'c'
p_f5d260a7c056e1b34db1,rust,ts_lex,5,CMP_EQ,,,lookahead == 'b' || lookahead == 'c'
p_f5d260a7c056e1b34db1,rust,ts_lex,6,OR,,,lookahead == 'b' || lookahead == 'c'
p_290f1337eb8cd7f7e609,rust,ts_lex,0,PUSH_LOOKAHEAD,,,lookahead == '&'
p_290f1337eb8cd7f7e609,rust,ts_lex,1,PUSH_INT,38,,lookahead == '&'
p_290f1337eb8cd7f7e609,rust,ts_lex,2,CMP_EQ,,,lookahead == '&'
p_6c7a814c2057ee533e85,rust,ts_lex,0,PUSH_LOOKAHEAD,,,lookahead == '\''
p_6c7a814c2057ee533e85,rust,ts_lex,1,PUSH_INT,39,,lookahead == '\''
p_6c7a814c2057ee533e85,rust,ts_lex,2,CMP_EQ,,,lookahead == '\''
p_286932740826100561c1,rust,ts_lex,0,PUSH_LOOKAHEAD,,,lookahead == '\\'
p_286932740826100561c1,rust,ts_lex,1,PUSH_INT,92,,lookahead == '\\'
p_286932740826100561c1,rust,ts_lex,2,CMP_EQ,,,lookahead == '\\'
p_bf8aeacdc615387025ac,rust,ts_lex,0,PUSH_LOOKAHEAD,,,lookahead == '*'
p_bf8aeacdc615387025ac,rust,ts_lex,1,PUSH_INT,42,,lookahead == '*'
p_bf8aeacdc615387025ac,rust,ts_lex,2,CMP_EQ,,,lookahead == '*'
p_60d8690085171d8607d9,rust,ts_lex,0,PUSH_LOOKAHEAD,,,lookahead == '+'
p_60d8690085171d8607d9,rust,ts_lex,1,PUSH_INT,43,,lookahead == '+'
p_60d8690085171d8607d9,rust,ts_lex,2,CMP_EQ,,,lookahead == '+'
p_5a788d3be63f80829478,rust,ts_lex,0,PUSH_LOOKAHEAD,,,lookahead == '?'
p_5a788d3be63f80829478,rust,ts_lex,1,PUSH_INT,63,,lookahead == '?'
p_5a788d3be63f80829478,rust,ts_lex,2,CMP_EQ,,,lookahead == '?'
p_aaa265e61de9f9d65414,rust,ts_lex,0,PUSH_LOOKAHEAD,,,lookahead == '.'
p_aaa265e61de9f9d65414,rust,ts_lex,1,PUSH_INT,46,,lookahead == '.'
p_aaa265e61de9f9d65414,rust,ts_lex,2,CMP_EQ,,,lookahead == '.'
p_76482e2f0c3a3a758510,rust,ts_lex,0,PUSH_LOOKAHEAD,,,lookahead == '1'
p_76482e2f0c3a3a758510,rust,ts_lex,1,PUSH_INT,49,,lookahead == '1'
p_76482e2f0c3a3a758510,rust,ts_lex,2,CMP_EQ,,,lookahead == '1'
p_992c44534c832d89ce8e,rust,ts_lex,0,PUSH_LOOKAHEAD,,,lookahead == '3'
p_992c44534c832d89ce8e,rust,ts_lex,1,PUSH_INT,51,,lookahead == '3'
p_992c44534c832d89ce8e,rust,ts_lex,2,CMP_EQ,,,lookahead == '3'
p_7d767ebc93dc1eca64a0,rust,ts_lex,0,PUSH_LOOKAHEAD,,,lookahead == '6'
p_7d767ebc93dc1eca64a0,rust,ts_lex,1,PUSH_INT,54,,lookahead == '6'
p_7d767ebc93dc1eca64a0,rust,ts_lex,2,CMP_EQ,,,lookahead == '6'
p_f1ced4df779e22c7c6d6,rust,ts_lex,0,PUSH_LOOKAHEAD,,,lookahead == '8'
p_f1ced4df779e22c7c6d6,rust,ts_lex,1,PUSH_INT,56,,lookahead == '8'
p_f1ced4df779e22c7c6d6,rust,ts_lex,2,CMP_EQ,,,lookahead == '8'
p_3470d2042ae9fa4d404c,rust,ts_lex,0,PUSH_LOOKAHEAD,,,lookahead == 's'
p_3470d2042ae9fa4d404c,rust,ts_lex,1,PUSH_INT,115,,lookahead == 's'
p_3470d2042ae9fa4d404c,rust,ts_lex,2,CMP_EQ,,,lookahead == 's'
p_1124cdd19a77db6e6891,rust,ts_lex,0,PUSH_LOOKAHEAD,,,lookahead == '2'
p_1124cdd19a77db6e6891,rust,ts_lex,1,PUSH_INT,50,,lookahead == '2'
p_1124cdd19a77db6e6891,rust,ts_lex,2,CMP_EQ,,,lookahead == '2'
p_0fa9e6037bf5628a734f,rust,ts_lex,0,PUSH_LOOKAHEAD,,,lookahead == '4'
p_0fa9e6037bf5628a734f,rust,ts_lex,1,PUSH_INT,52,,lookahead == '4'
p_0fa9e6037bf5628a734f,rust,ts_lex,2,CMP_EQ,,,lookahead == '4'
p_1d0213000750085db720,rust,ts_lex,0,PUSH_LOOKAHEAD,,,lookahead == ':'
p_1d0213000750085db720,rust,ts_lex,1,PUSH_INT,58,,lookahead == ':'
p_1d0213000750085db720,rust,ts_lex,2,CMP_EQ,,,lookahead == ':'
p_9decf0def1f49f931d05,rust,ts_lex,0,PUSH_LOOKAHEAD,,,lookahead == '='
p_9decf0def1f49f931d05,rust,ts_lex,1,PUSH_INT,61,,lookahead == '='
p_9decf0def1f49f931d05,rust,ts_lex,2,CMP_EQ,,,lookahead == '='
p_6c6fddd51d95fef9cb76,rust,ts_lex,0,PUSH_LOOKAHEAD,,,lookahead == '>'
p_6c6fddd51d95fef9cb76,rust,ts_lex,1,PUSH_INT,62,,lookahead == '>'
p_6c6fddd51d95fef9cb76,rust,ts_lex,2,CMP_EQ,,,lookahead == '>'
p_647132469b16254827e5,rust,ts_lex,0,PUSH_LOOKAHEAD,,,lookahead == 'e'
p_647132469b16254827e5,rust,ts_lex,1,PUSH_INT,101,,lookahead == 'e'
p_647132469b16254827e5,rust,ts_lex,2,CMP_EQ,,,lookahead == 'e'
p_a4d29bd12e33d7c48ac4,rust,ts_lex,0,PUSH_LOOKAHEAD,,,lookahead == 'i'
p_a4d29bd12e33d7c48ac4,rust,ts_lex,1,PUSH_INT,105,,lookahead == 'i'
p_a4d29bd12e33d7c48ac4,rust,ts_lex,2,CMP_EQ,,,lookahead == 'i'
p_6c692ee4a729cd7aa410,rust,ts_lex,0,PUSH_LOOKAHEAD,,,lookahead == 'u'
p_6c692ee4a729cd7aa410,rust,ts_lex,1,PUSH_INT,117,,lookahead == 'u'
p_6c692ee4a729cd7aa410,rust,ts_lex,2,CMP_EQ,,,lookahead == 'u'
p_c7d80333904ec65c6191,rust,ts_lex,0,PUSH_LOOKAHEAD,,,lookahead == 'x'
p_c7d80333904ec65c6191,rust,ts_lex,1,PUSH_INT,120,,lookahead == 'x'
p_c7d80333904ec65c6191,rust,ts_lex,2,CMP_EQ,,,lookahead == 'x'
p_8db694bf1de8e3113399,rust,ts_lex,0,PUSH_LOOKAHEAD,,,lookahead == 'z'
p_8db694bf1de8e3113399,rust,ts_lex,1,PUSH_INT,122,,lookahead == 'z'
p_8db694bf1de8e3113399,rust,ts_lex,2,CMP_EQ,,,lookahead == 'z'
p_3b9fd0d03aee5728ed7e,rust,ts_lex,0,PUSH_INT,48,,('0' <= lookahead && lookahead <= '9') || ('A' <= lookahead && lookahead <= 'F') || ('a' <= lookahead && lookahead <= 'f')
p_3b9fd0d03aee5728ed7e,rust,ts_lex,1,PUSH_LOOKAHEAD,,,('0' <= lookahead && lookahead <= '9') || ('A' <= lookahead && lookahead <= 'F') || ('a' <= lookahead && lookahead <= 'f')
p_3b9fd0d03aee5728ed7e,rust,ts_lex,2,CMP_LE,,,('0' <= lookahead && lookahead <= '9') || ('A' <= lookahead && lookahead <= 'F') || ('a' <= lookahead && lookahead <= 'f')
p_3b9fd0d03aee5728ed7e,rust,ts_lex,3,PUSH_LOOKAHEAD,,,('0' <= lookahead && lookahead <= '9') || ('A' <= lookahead && lookahead <= 'F') || ('a' <= lookahead && lookahead <= 'f')
p_3b9fd0d03aee5728ed7e,rust,ts_lex,4,PUSH_INT,57,,('0' <= lookahead && lookahead <= '9') || ('A' <= lookahead && lookahead <= 'F') || ('a' <= lookahead && lookahead <= 'f')
p_3b9fd0d03aee5728ed7e,rust,ts_lex,5,CMP_LE,,,('0' <= lookahead && lookahead <= '9') || ('A' <= lookahead && lookahead <= 'F') || ('a' <= lookahead && lookahead <= 'f')
p_3b9fd0d03aee5728ed7e,rust,ts_lex,6,AND,,,('0' <= lookahead && lookahead <= '9') || ('A' <= lookahead && lookahead <= 'F') || ('a' <= lookahead && lookahead <= 'f')
p_3b9fd0d03aee5728ed7e,rust,ts_lex,7,PUSH_INT,65,,('0' <= lookahead && lookahead <= '9') || ('A' <= lookahead && lookahead <= 'F') || ('a' <= lookahead && lookahead <= 'f')
p_3b9fd0d03aee5728ed7e,rust,ts_lex,8,PUSH_LOOKAHEAD,,,('0' <= lookahead && lookahead <= '9') || ('A' <= lookahead && lookahead <= 'F') || ('a' <= lookahead && lookahead <= 'f')
p_3b9fd0d03aee5728ed7e,rust,ts_lex,9,CMP_LE,,,('0' <= lookahead && lookahead <= '9') || ('A' <= lookahead && lookahead <= 'F') || ('a' <= lookahead && lookahead <= 'f')
p_3b9fd0d03aee5728ed7e,rust,ts_lex,10,PUSH_LOOKAHEAD,,,('0' <= lookahead && lookahead <= '9') || ('A' <= lookahead && lookahead <= 'F') || ('a' <= lookahead && lookahead <= 'f')
p_3b9fd0d03aee5728ed7e,rust,ts_lex,11,PUSH_INT,70,,('0' <= lookahead && lookahead <= '9') || ('A' <= lookahead && lookahead <= 'F') || ('a' <= lookahead && lookahead <= 'f')
p_3b9fd0d03aee5728ed7e,rust,ts_lex,12,CMP_LE,,,('0' <= lookahead && lookahead <= '9') || ('A' <= lookahead && lookahead <= 'F') || ('a' <= lookahead && lookahead <= 'f')
p_3b9fd0d03aee5728ed7e,rust,ts_lex,13,AND,,,('0' <= lookahead && lookahead <= '9') || ('A' <= lookahead && lookahead <= 'F') || ('a' <= lookahead && lookahead <= 'f')
p_3b9fd0d03aee5728ed7e,rust,ts_lex,14,OR,,,('0' <= lookahead && lookahead <= '9') || ('A' <= lookahead && lookahead <= 'F') || ('a' <= lookahead && lookahead <= 'f')
p_3b9fd0d03aee5728ed7e,rust,ts_lex,15,PUSH_INT,97,,('0' <= lookahead && lookahead <= '9') || ('A' <= lookahead && lookahead <= 'F') || ('a' <= lookahead && lookahead <= 'f')
p_3b9fd0d03aee5728ed7e,rust,ts_lex,16,PUSH_LOOKAHEAD,,,('0' <= lookahead && lookahead <= '9') || ('A' <= lookahead && lookahead <= 'F') || ('a' <= lookahead && lookahead <= 'f')
p_3b9fd0d03aee5728ed7e,rust,ts_lex,17,CMP_LE,,,('0' <= lookahead && lookahead <= '9') || ('A' <= lookahead && lookahead <= 'F') || ('a' <= lookahead && lookahead <= 'f')
p_3b9fd0d03aee5728ed7e,rust,ts_lex,18,PUSH_LOOKAHEAD,,,('0' <= lookahead && lookahead <= '9') || ('A' <= lookahead && lookahead <= 'F') || ('a' <= lookahead && lookahead <= 'f')
p_3b9fd0d03aee5728ed7e,rust,ts_lex,19,PUSH_INT,102,,('0' <= lookahead && lookahead <= '9') || ('A' <= lookahead && lookahead <= 'F') || ('a' <= lookahead && lookahead <= 'f')
p_3b9fd0d03aee5728ed7e,rust,ts_lex,20,CMP_LE,,,('0' <= lookahead && lookahead <= '9') || ('A' <= lookahead && lookahead <= 'F') || ('a' <= lookahead && lookahead <= 'f')
p_3b9fd0d03aee5728ed7e,rust,ts_lex,21,AND,,,('0' <= lookahead && lookahead <= '9') || ('A' <= lookahead && lookahead <= 'F') || ('a' <= lookahead && lookahead <= 'f')
p_3b9fd0d03aee5728ed7e,rust,ts_lex,22,OR,,,('0' <= lookahead && lookahead <= '9') || ('A' <= lookahead && lookahead <= 'F') || ('a' <= lookahead && lookahead <= 'f')
p_a9c2aafbcdf2d017454b,rust,ts_lex,0,PUSH_LOOKAHEAD,,,lookahead == '}'
p_a9c2aafbcdf2d017454b,rust,ts_lex,1,PUSH_INT,125,,lookahead == '}'
p_a9c2aafbcdf2d017454b,rust,ts_lex,2,CMP_EQ,,,lookahead == '}'
p_c9d7e1f395b702b7253d,rust,ts_lex,0,PUSH_LOOKAHEAD,,,lookahead == '0' || lookahead == '1' || lookahead == '_'
p_c9d7e1f395b702b7253d,rust,ts_lex,1,PUSH_INT,48,,lookahead == '0' || lookahead == '1' || lookahead == '_'
p_c9d7e1f395b702b7253d,rust,ts_lex,2,CMP_EQ,,,lookahead == '0' || lookahead == '1' || lookahead == '_'
p_c9d7e1f395b702b7253d,rust,ts_lex,3,PUSH_LOOKAHEAD,,,lookahead == '0' || lookahead == '1' || lookahead == '_'
p_c9d7e1f395b702b7253d,rust,ts_lex,4,PUSH_INT,49,,lookahead == '0' || lookahead == '1' || lookahead == '_'
p_c9d7e1f395b702b7253d,rust,ts_lex,5,CMP_EQ,,,lookahead == '0' || lookahead == '1' || lookahead == '_'
p_c9d7e1f395b702b7253d,rust,ts_lex,6,OR,,,lookahead == '0' || lookahead == '1' || lookahead == '_'
p_c9d7e1f395b702b7253d,rust,ts_lex,7,PUSH_LOOKAHEAD,,,lookahead == '0' || lookahead == '1' || lookahead == '_'
p_c9d7e1f395b702b7253d,rust,ts_lex,8,PUSH_INT,95,,lookahead == '0' || lookahead == '1' || lookahead == '_'
p_c9d7e1f395b702b7253d,rust,ts_lex,9,CMP_EQ,,,lookahead == '0' || lookahead == '1' || lookahead == '_'
p_c9d7e1f395b702b7253d,rust,ts_lex,10,OR,,,lookahead == '0' || lookahead == '1' || lookahead == '_'
p_6b70d7544fc0a50655ab,rust,ts_lex,0,PUSH_INT,48,,('0' <= lookahead && lookahead <= '7') || lookahead == '_'
p_6b70d7544fc0a50655ab,rust,ts_lex,1,PUSH_LOOKAHEAD,,,('0' <= lookahead && lookahead <= '7') || lookahead == '_'
p_6b70d7544fc0a50655ab,rust,ts_lex,2,CMP_LE,,,('0' <= lookahead && lookahead <= '7') || lookahead == '_'
p_6b70d7544fc0a50655ab,rust,ts_lex,3,PUSH_LOOKAHEAD,,,('0' <= lookahead && lookahead <= '7') || lookahead == '_'
p_6b70d7544fc0a50655ab,rust,ts_lex,4,PUSH_INT,55,,('0' <= lookahead && lookahead <= '7') || lookahead == '_'
p_6b70d7544fc0a50655ab,rust,ts_lex,5,CMP_LE,,,('0' <= lookahead && lookahead <= '7') || lookahead == '_'
p_6b70d7544fc0a50655ab,rust,ts_lex,6,AND,,,('0' <= lookahead && lookahead <= '7') || lookahead == '_'
p_6b70d7544fc0a50655ab,rust,ts_lex,7,PUSH_LOOKAHEAD,,,('0' <= lookahead && lookahead <= '7') || lookahead == '_'
p_6b70d7544fc0a50655ab,rust,ts_lex,8,PUSH_INT,95,,('0' <= lookahead && lookahead <= '7') || lookahead == '_'
p_6b70d7544fc0a50655ab,rust,ts_lex,9,CMP_EQ,,,('0' <= lookahead && lookahead <= '7') || lookahead == '_'
p_6b70d7544fc0a50655ab,rust,ts_lex,10,OR,,,('0' <= lookahead && lookahead <= '7') || lookahead == '_'
p_039aeb47a37d4830cadf,rust,ts_lex,0,PUSH_INT,48,,('0' <= lookahead && lookahead <= '9') || ('A' <= lookahead && lookahead <= 'F') || lookahead == '_' || ('a' <= lookahead && lookahead <= 'f')
p_039aeb47a37d4830cadf,rust,ts_lex,1,PUSH_LOOKAHEAD,,,('0' <= lookahead && lookahead <= '9') || ('A' <= lookahead && lookahead <= 'F') || lookahead == '_' || ('a' <= lookahead && lookahead <= 'f')
p_039aeb47a37d4830cadf,rust,ts_lex,2,CMP_LE,,,('0' <= lookahead && lookahead <= '9') || ('A' <= lookahead && lookahead <= 'F') || lookahead == '_' || ('a' <= lookahead && lookahead <= 'f')
p_039aeb47a37d4830cadf,rust,ts_lex,3,PUSH_LOOKAHEAD,,,('0' <= lookahead && lookahead <= '9') || ('A' <= lookahead && lookahead <= 'F') || lookahead == '_' || ('a' <= lookahead && lookahead <= 'f')
p_039aeb47a37d4830cadf,rust,ts_lex,4,PUSH_INT,57,,('0' <= lookahead && lookahead <= '9') || ('A' <= lookahead && lookahead <= 'F') || lookahead == '_' || ('a' <= lookahead && lookahead <= 'f')
p_039aeb47a37d4830cadf,rust,ts_lex,5,CMP_LE,,,('0' <= lookahead && lookahead <= '9') || ('A' <= lookahead && lookahead <= 'F') || lookahead == '_' || ('a' <= lookahead && lookahead <= 'f')
p_039aeb47a37d4830cadf,rust,ts_lex,6,AND,,,('0' <= lookahead && lookahead <= '9') || ('A' <= lookahead && lookahead <= 'F') || lookahead == '_' || ('a' <= lookahead && lookahead <= 'f')
p_039aeb47a37d4830cadf,rust,ts_lex,7,PUSH_INT,65,,('0' <= lookahead && lookahead <= '9') || ('A' <= lookahead && lookahead <= 'F') || lookahead == '_' || ('a' <= lookahead && lookahead <= 'f')
p_039aeb47a37d4830cadf,rust,ts_lex,8,PUSH_LOOKAHEAD,,,('0' <= lookahead && lookahead <= '9') || ('A' <= lookahead && lookahead <= 'F') || lookahead == '_' || ('a' <= lookahead && lookahead <= 'f')
p_039aeb47a37d4830cadf,rust,ts_lex,9,CMP_LE,,,('0' <= lookahead && lookahead <= '9') || ('A' <= lookahead && lookahead <= 'F') || lookahead == '_' || ('a' <= lookahead && lookahead <= 'f')
p_039aeb47a37d4830cadf,rust,ts_lex,10,PUSH_LOOKAHEAD,,,('0' <= lookahead && lookahead <= '9') || ('A' <= lookahead && lookahead <= 'F') || lookahead == '_' || ('a' <= lookahead && lookahead <= 'f')
p_039aeb47a37d4830cadf,rust,ts_lex,11,PUSH_INT,70,,('0' <= lookahead && lookahead <= '9') || ('A' <= lookahead && lookahead <= 'F') || lookahead == '_' || ('a' <= lookahead && lookahead <= 'f')
p_039aeb47a37d4830cadf,rust,ts_lex,12,CMP_LE,,,('0' <= lookahead && lookahead <= '9') || ('A' <= lookahead && lookahead <= 'F') || lookahead == '_' || ('a' <= lookahead && lookahead <= 'f')
p_039aeb47a37d4830cadf,rust,ts_lex,13,AND,,,('0' <= lookahead && lookahead <= '9') || ('A' <= lookahead && lookahead <= 'F') || lookahead == '_' || ('a' <= lookahead && lookahead <= 'f')
p_039aeb47a37d4830cadf,rust,ts_lex,14,OR,,,('0' <= lookahead && lookahead <= '9') || ('A' <= lookahead && lookahead <= 'F') || lookahead == '_' || ('a' <= lookahead && lookahead <= 'f')
p_039aeb47a37d4830cadf,rust,ts_lex,15,PUSH_LOOKAHEAD,,,('0' <= lookahead && lookahead <= '9') || ('A' <= lookahead && lookahead <= 'F') || lookahead == '_' || ('a' <= lookahead && lookahead <= 'f')
p_039aeb47a37d4830cadf,rust,ts_lex,16,PUSH_INT,95,,('0' <= lookahead && lookahead <= '9') || ('A' <= lookahead && lookahead <= 'F') || lookahead == '_' || ('a' <= lookahead && lookahead <= 'f')
p_039aeb47a37d4830cadf,rust,ts_lex,17,CMP_EQ,,,('0' <= lookahead && lookahead <= '9') || ('A' <= lookahead && lookahead <= 'F') || lookahead == '_' || ('a' <= lookahead && lookahead <= 'f')
p_039aeb47a37d4830cadf,rust,ts_lex,18,OR,,,('0' <= lookahead && lookahead <= '9') || ('A' <= lookahead && lookahead <= 'F') || lookahead == '_' || ('a' <= lookahead && lookahead <= 'f')
p_039aeb47a37d4830cadf,rust,ts_lex,19,PUSH_INT,97,,('0' <= lookahead && lookahead <= '9') || ('A' <= lookahead && lookahead <= 'F') || lookahead == '_' || ('a' <= lookahead && lookahead <= 'f')
p_039aeb47a37d4830cadf,rust,ts_lex,20,PUSH_LOOKAHEAD,,,('0' <= lookahead && lookahead <= '9') || ('A' <= lookahead && lookahead <= 'F') || lookahead == '_' || ('a' <= lookahead && lookahead <= 'f')
p_039aeb47a37d4830cadf,rust,ts_lex,21,CMP_LE,,,('0' <= lookahead && lookahead <= '9') || ('A' <= lookahead && lookahead <= 'F') || lookahead == '_' || ('a' <= lookahead && lookahead <= 'f')
p_039aeb47a37d4830cadf,rust,ts_lex,22,PUSH_LOOKAHEAD,,,('0' <= lookahead && lookahead <= '9') || ('A' <= lookahead && lookahead <= 'F') || lookahead == '_' || ('a' <= lookahead && lookahead <= 'f')
p_039aeb47a37d4830cadf,rust,ts_lex,23,PUSH_INT,102,,('0' <= lookahead && lookahead <= '9') || ('A' <= lookahead && lookahead <= 'F') || lookahead == '_' || ('a' <= lookahead && lookahead <= 'f')
p_039aeb47a37d4830cadf,rust,ts_lex,24,CMP_LE,,,('0' <= lookahead && lookahead <= '9') || ('A' <= lookahead && lookahead <= 'F') || lookahead == '_' || ('a' <= lookahead && lookahead <= 'f')
p_039aeb47a37d4830cadf,rust,ts_lex,25,AND,,,('0' <= lookahead && lookahead <= '9') || ('A' <= lookahead && lookahead <= 'F') || lookahead == '_' || ('a' <= lookahead && lookahead <= 'f')
p_039aeb47a37d4830cadf,rust,ts_lex,26,OR,,,('0' <= lookahead && lookahead <= '9') || ('A' <= lookahead && lookahead <= 'F') || lookahead == '_' || ('a' <= lookahead && lookahead <= 'f')
p_cf17156dc3d22ccaf4c8,rust,ts_lex,0,PUSH_INT,65,,('A' <= lookahead && lookahead <= 'Z') || lookahead == '_' || ('a' <= lookahead && lookahead <= 'z')
p_cf17156dc3d22ccaf4c8,rust,ts_lex,1,PUSH_LOOKAHEAD,,,('A' <= lookahead && lookahead <= 'Z') || lookahead == '_' || ('a' <= lookahead && lookahead <= 'z')
p_cf17156dc3d22ccaf4c8,rust,ts_lex,2,CMP_LE,,,('A' <= lookahead && lookahead <= 'Z') || lookahead == '_' || ('a' <= lookahead && lookahead <= 'z')
p_cf17156dc3d22ccaf4c8,rust,ts_lex,3,PUSH_LOOKAHEAD,,,('A' <= lookahead && lookahead <= 'Z') || lookahead == '_' || ('a' <= lookahead && lookahead <= 'z')
p_cf17156dc3d22ccaf4c8,rust,ts_lex,4,PUSH_INT,90,,('A' <= lookahead && lookahead <= 'Z') || lookahead == '_' || ('a' <= lookahead && lookahead <= 'z')
p_cf17156dc3d22ccaf4c8,rust,ts_lex,5,CMP_LE,,,('A' <= lookahead && lookahead <= 'Z') || lookahead == '_' || ('a' <= lookahead && lookahead <= 'z')
p_cf17156dc3d22ccaf4c8,rust,ts_lex,6,AND,,,('A' <= lookahead && lookahead <= 'Z') || lookahead == '_' || ('a' <= lookahead && lookahead <= 'z')
p_cf17156dc3d22ccaf4c8,rust,ts_lex,7,PUSH_LOOKAHEAD,,,('A' <= lookahead && lookahead <= 'Z') || lookahead == '_' || ('a' <= lookahead && lookahead <= 'z')
p_cf17156dc3d22ccaf4c8,rust,ts_lex,8,PUSH_INT,95,,('A' <= lookahead && lookahead <= 'Z') || lookahead == '_' || ('a' <= lookahead && lookahead <= 'z')
p_cf17156dc3d22ccaf4c8,rust,ts_lex,9,CMP_EQ,,,('A' <= lookahead && lookahead <= 'Z') || lookahead == '_' || ('a' <= lookahead && lookahead <= 'z')
p_cf17156dc3d22ccaf4c8,rust,ts_lex,10,OR,,,('A' <= lookahead && lookahead <= 'Z') || lookahead == '_' || ('a' <= lookahead && lookahead <= 'z')
p_cf17156dc3d22ccaf4c8,rust,ts_lex,11,PUSH_INT,97,,('A' <= lookahead && lookahead <= 'Z') || lookahead == '_' || ('a' <= lookahead && lookahead <= 'z')
p_cf17156dc3d22ccaf4c8,rust,ts_lex,12,PUSH_LOOKAHEAD,,,('A' <= lookahead && lookahead <= 'Z') || lookahead == '_' || ('a' <= lookahead && lookahead <= 'z')
p_cf17156dc3d22ccaf4c8,rust,ts_lex,13,CMP_LE,,,('A' <= lookahead && lookahead <= 'Z') || lookahead == '_' || ('a' <= lookahead && lookahead <= 'z')
p_cf17156dc3d22ccaf4c8,rust,ts_lex,14,PUSH_LOOKAHEAD,,,('A' <= lookahead && lookahead <= 'Z') || lookahead == '_' || ('a' <= lookahead && lookahead <= 'z')
p_cf17156dc3d22ccaf4c8,rust,ts_lex,15,PUSH_INT,122,,('A' <= lookahead && lookahead <= 'Z') || lookahead == '_' || ('a' <= lookahead && lookahead <= 'z')
p_cf17156dc3d22ccaf4c8,rust,ts_lex,16,CMP_LE,,,('A' <= lookahead && lookahead <= 'Z') || lookahead == '_' || ('a' <= lookahead && lookahead <= 'z')
p_cf17156dc3d22ccaf4c8,rust,ts_lex,17,AND,,,('A' <= lookahead && lookahead <= 'Z') || lookahead == '_' || ('a' <= lookahead && lookahead <= 'z')
p_cf17156dc3d22ccaf4c8,rust,ts_lex,18,OR,,,('A' <= lookahead && lookahead <= 'Z') || lookahead == '_' || ('a' <= lookahead && lookahead <= 'z')
p_9c9e21faca68135c605a,rust,ts_lex,0,PUSH_LOOKAHEAD,,,lookahead != 0 && lookahead != '*' && lookahead != '+' && lookahead != '?'
p_9c9e21faca68135c605a,rust,ts_lex,1,PUSH_INT,0,,lookahead != 0 && lookahead != '*' && lookahead != '+' && lookahead != '?'
p_9c9e21faca68135c605a,rust,ts_lex,2,CMP_NE,,,lookahead != 0 && lookahead != '*' && lookahead != '+' && lookahead != '?'
p_9c9e21faca68135c605a,rust,ts_lex,3,PUSH_LOOKAHEAD,,,lookahead != 0 && lookahead != '*' && lookahead != '+' && lookahead != '?'
p_9c9e21faca68135c605a,rust,ts_lex,4,PUSH_INT,42,,lookahead != 0 && lookahead != '*' && lookahead != '+' && lookahead != '?'
p_9c9e21faca68135c605a,rust,ts_lex,5,CMP_NE,,,lookahead != 0 && lookahead != '*' && lookahead != '+' && lookahead != '?'
p_9c9e21faca68135c605a,rust,ts_lex,6,AND,,,lookahead != 0 && lookahead != '*' && lookahead != '+' && lookahead != '?'
p_9c9e21faca68135c605a,rust,ts_lex,7,PUSH_LOOKAHEAD,,,lookahead != 0 && lookahead != '*' && lookahead != '+' && lookahead != '?'
p_9c9e21faca68135c605a,rust,ts_lex,8,PUSH_INT,43,,lookahead != 0 && lookahead != '*' && lookahead != '+' && lookahead != '?'
p_9c9e21faca68135c605a,rust,ts_lex,9,CMP_NE,,,lookahead != 0 && lookahead != '*' && lookahead != '+' && lookahead != '?'
p_9c9e21faca68135c605a,rust,ts_lex,10,AND,,,lookahead != 0 && lookahead != '*' && lookahead != '+' && lookahead != '?'
p_9c9e21faca68135c605a,rust,ts_lex,11,PUSH_LOOKAHEAD,,,lookahead != 0 && lookahead != '*' && lookahead != '+' && lookahead != '?'
p_9c9e21faca68135c605a,rust,ts_lex,12,PUSH_INT,63,,lookahead != 0 && lookahead != '*' && lookahead != '+' && lookahead != '?'
p_9c9e21faca68135c605a,rust,ts_lex,13,CMP_NE,,,lookahead != 0 && lookahead != '*' && lookahead != '+' && lookahead != '?'
p_9c9e21faca68135c605a,rust,ts_lex,14,AND,,,lookahead != 0 && lookahead != '*' && lookahead != '+' && lookahead != '?'
p_2da22d8d197f9e33c114,rust,ts_lex,0,PUSH_LOOKAHEAD,,,lookahead == '|'
p_2da22d8d197f9e33c114,rust,ts_lex,1,PUSH_INT,124,,lookahead == '|'
p_2da22d8d197f9e33c114,rust,ts_lex,2,CMP_EQ,,,lookahead == '|'
p_5ebeca7e2242c155f080,rust,ts_lex,0,PUSH_LOOKAHEAD,,,lookahead == '<'
p_5ebeca7e2242c155f080,rust,ts_lex,1,PUSH_INT,60,,lookahead == '<'
p_5ebeca7e2242c155f080,rust,ts_lex,2,CMP_EQ,,,lookahead == '<'
p_5c7ce2f60cb4cd158813,rust,ts_lex,0,PUSH_LOOKAHEAD,,,lookahead == '!'
p_5c7ce2f60cb4cd158813,rust,ts_lex,1,PUSH_INT,33,,lookahead == '!'
p_5c7ce2f60cb4cd158813,rust,ts_lex,2,CMP_EQ,,,lookahead == '!'
p_1b5e902a36f33a32071a,rust,ts_lex,0,PUSH_LOOKAHEAD,,,lookahead == 'f'
p_1b5e902a36f33a32071a,rust,ts_lex,1,PUSH_INT,102,,lookahead == 'f'
p_1b5e902a36f33a32071a,rust,ts_lex,2,CMP_EQ,,,lookahead == 'f'
p_22deaadc7db1b4cf3afd,rust,ts_lex,0,PUSH_INT,48,,('0' <= lookahead && lookahead <= '9') || ('A' <= lookahead && lookahead <= 'F') || lookahead == '_' || ('a' <= lookahead && lookahead <= 'e')
p_22deaadc7db1b4cf3afd,rust,ts_lex,1,PUSH_LOOKAHEAD,,,('0' <= lookahead && lookahead <= '9') || ('A' <= lookahead && lookahead <= 'F') || lookahead == '_' || ('a' <= lookahead && lookahead <= 'e')
p_22deaadc7db1b4cf3afd,rust,ts_lex,2,CMP_LE,,,('0' <= lookahead && lookahead <= '9') || ('A' <= lookahead && lookahead <= 'F') || lookahead == '_' || ('a' <= lookahead && lookahead <= 'e')
p_22deaadc7db1b4cf3afd,rust,ts_lex,3,PUSH_LOOKAHEAD,,,('0' <= lookahead && lookahead <= '9') || ('A' <= lookahead && lookahead <= 'F') || lookahead == '_' || ('a' <= lookahead && lookahead <= 'e')
p_22deaadc7db1b4cf3afd,rust,ts_lex,4,PUSH_INT,57,,('0' <= lookahead && lookahead <= '9') || ('A' <= lookahead && lookahead <= 'F') || lookahead == '_' || ('a' <= lookahead && lookahead <= 'e')
p_22deaadc7db1b4cf3afd,rust,ts_lex,5,CMP_LE,,,('0' <= lookahead && lookahead <= '9') || ('A' <= lookahead && lookahead <= 'F') || lookahead == '_' || ('a' <= lookahead && lookahead <= 'e')
p_22deaadc7db1b4cf3afd,rust,ts_lex,6,AND,,,('0' <= lookahead && lookahead <= '9') || ('A' <= lookahead && lookahead <= 'F') || lookahead == '_' || ('a' <= lookahead && lookahead <= 'e')
p_22deaadc7db1b4cf3afd,rust,ts_lex,7,PUSH_INT,65,,('0' <= lookahead && lookahead <= '9') || ('A' <= lookahead && lookahead <= 'F') || lookahead == '_' || ('a' <= lookahead && lookahead <= 'e')
p_22deaadc7db1b4cf3afd,rust,ts_lex,8,PUSH_LOOKAHEAD,,,('0' <= lookahead && lookahead <= '9') || ('A' <= lookahead && lookahead <= 'F') || lookahead == '_' || ('a' <= lookahead && lookahead <= 'e')
p_22deaadc7db1b4cf3afd,rust,ts_lex,9,CMP_LE,,,('0' <= lookahead && lookahead <= '9') || ('A' <= lookahead && lookahead <= 'F') || lookahead == '_' || ('a' <= lookahead && lookahead <= 'e')
p_22deaadc7db1b4cf3afd,rust,ts_lex,10,PUSH_LOOKAHEAD,,,('0' <= lookahead && lookahead <= '9') || ('A' <= lookahead && lookahead <= 'F') || lookahead == '_' || ('a' <= lookahead && lookahead <= 'e')
p_22deaadc7db1b4cf3afd,rust,ts_lex,11,PUSH_INT,70,,('0' <= lookahead && lookahead <= '9') || ('A' <= lookahead && lookahead <= 'F') || lookahead == '_' || ('a' <= lookahead && lookahead <= 'e')
p_22deaadc7db1b4cf3afd,rust,ts_lex,12,CMP_LE,,,('0' <= lookahead && lookahead <= '9') || ('A' <= lookahead && lookahead <= 'F') || lookahead == '_' || ('a' <= lookahead && lookahead <= 'e')
p_22deaadc7db1b4cf3afd,rust,ts_lex,13,AND,,,('0' <= lookahead && lookahead <= '9') || ('A' <= lookahead && lookahead <= 'F') || lookahead == '_' || ('a' <= lookahead && lookahead <= 'e')
p_22deaadc7db1b4cf3afd,rust,ts_lex,14,OR,,,('0' <= lookahead && lookahead <= '9') || ('A' <= lookahead && lookahead <= 'F') || lookahead == '_' || ('a' <= lookahead && lookahead <= 'e')
p_22deaadc7db1b4cf3afd,rust,ts_lex,15,PUSH_LOOKAHEAD,,,('0' <= lookahead && lookahead <= '9') || ('A' <= lookahead && lookahead <= 'F') || lookahead == '_' || ('a' <= lookahead && lookahead <= 'e')
p_22deaadc7db1b4cf3afd,rust,ts_lex,16,PUSH_INT,95,,('0' <= lookahead && lookahead <= '9') || ('A' <= lookahead && lookahead <= 'F') || lookahead == '_' || ('a' <= lookahead && lookahead <= 'e')
p_22deaadc7db1b4cf3afd,rust,ts_lex,17,CMP_EQ,,,('0' <= lookahead && lookahead <= '9') || ('A' <= lookahead && lookahead <= 'F') || lookahead == '_' || ('a' <= lookahead && lookahead <= 'e')
p_22deaadc7db1b4cf3afd,rust,ts_lex,18,OR,,,('0' <= lookahead && lookahead <= '9') || ('A' <= lookahead && lookahead <= 'F') || lookahead == '_' || ('a' <= lookahead && lookahead <= 'e')
p_22deaadc7db1b4cf3afd,rust,ts_lex,19,PUSH_INT,97,,('0' <= lookahead && lookahead <= '9') || ('A' <= lookahead && lookahead <= 'F') || lookahead == '_' || ('a' <= lookahead && lookahead <= 'e')
p_22deaadc7db1b4cf3afd,rust,ts_lex,20,PUSH_LOOKAHEAD,,,('0' <= lookahead && lookahead <= '9') || ('A' <= lookahead && lookahead <= 'F') || lookahead == '_' || ('a' <= lookahead && lookahead <= 'e')
p_22deaadc7db1b4cf3afd,rust,ts_lex,21,CMP_LE,,,('0' <= lookahead && lookahead <= '9') || ('A' <= lookahead && lookahead <= 'F') || lookahead == '_' || ('a' <= lookahead && lookahead <= 'e')
p_22deaadc7db1b4cf3afd,rust,ts_lex,22,PUSH_LOOKAHEAD,,,('0' <= lookahead && lookahead <= '9') || ('A' <= lookahead && lookahead <= 'F') || lookahead == '_' || ('a' <= lookahead && lookahead <= 'e')
p_22deaadc7db1b4cf3afd,rust,ts_lex,23,PUSH_INT,101,,('0' <= lookahead && lookahead <= '9') || ('A' <= lookahead && lookahead <= 'F') || lookahead == '_' || ('a' <= lookahead && lookahead <= 'e')
p_22deaadc7db1b4cf3afd,rust,ts_lex,24,CMP_LE,,,('0' <= lookahead && lookahead <= '9') || ('A' <= lookahead && lookahead <= 'F') || lookahead == '_' || ('a' <= lookahead && lookahead <= 'e')
p_22deaadc7db1b4cf3afd,rust,ts_lex,25,AND,,,('0' <= lookahead && lookahead <= '9') || ('A' <= lookahead && lookahead <= 'F') || lookahead == '_' || ('a' <= lookahead && lookahead <= 'e')
p_22deaadc7db1b4cf3afd,rust,ts_lex,26,OR,,,('0' <= lookahead && lookahead <= '9') || ('A' <= lookahead && lookahead <= 'F') || lookahead == '_' || ('a' <= lookahead && lookahead <= 'e')
p_0938a19ba64a64559df4,rust,ts_lex,0,PUSH_LOOKAHEAD,,,lookahead == 'b'
p_0938a19ba64a64559df4,rust,ts_lex,1,PUSH_INT,98,,lookahead == 'b'
p_0938a19ba64a64559df4,rust,ts_lex,2,CMP_EQ,,,lookahead == 'b'
p_6d7b18facaa3525254cb,rust,ts_lex,0,PUSH_LOOKAHEAD,,,lookahead == 'o'
p_6d7b18facaa3525254cb,rust,ts_lex,1,PUSH_INT,111,,lookahead == 'o'
p_6d7b18facaa3525254cb,rust,ts_lex,2,CMP_EQ,,,lookahead == 'o'
p_b0efc629df5f421d453f,rust,ts_lex,0,PUSH_INT,48,,('0' <= lookahead && lookahead <= '9') || lookahead == '_'
p_b0efc629df5f421d453f,rust,ts_lex,1,PUSH_LOOKAHEAD,,,('0' <= lookahead && lookahead <= '9') || lookahead == '_'
p_b0efc629df5f421d453f,rust,ts_lex,2,CMP_LE,,,('0' <= lookahead && lookahead <= '9') || lookahead == '_'
p_b0efc629df5f421d453f,rust,ts_lex,3,PUSH_LOOKAHEAD,,,('0' <= lookahead && lookahead <= '9') || lookahead == '_'
p_b0efc629df5f421d453f,rust,ts_lex,4,PUSH_INT,57,,('0' <= lookahead && lookahead <= '9') || lookahead == '_'
p_b0efc629df5f421d453f,rust,ts_lex,5,CMP_LE,,,('0' <= lookahead && lookahead <= '9') || lookahead == '_'
p_b0efc629df5f421d453f,rust,ts_lex,6,AND,,,('0' <= lookahead && lookahead <= '9') || lookahead == '_'
p_b0efc629df5f421d453f,rust,ts_lex,7,PUSH_LOOKAHEAD,,,('0' <= lookahead && lookahead <= '9') || lookahead == '_'
p_b0efc629df5f421d453f,rust,ts_lex,8,PUSH_INT,95,,('0' <= lookahead && lookahead <= '9') || lookahead == '_'
p_b0efc629df5f421d453f,rust,ts_lex,9,CMP_EQ,,,('0' <= lookahead && lookahead <= '9') || lookahead == '_'
p_b0efc629df5f421d453f,rust,ts_lex,10,OR,,,('0' <= lookahead && lookahead <= '9') || lookahead == '_'
p_c6ec7f3545285fa46e89,rust,ts_lex,0,PUSH_LOOKAHEAD,,,lookahead != 0 && lookahead != '\n'
p_c6ec7f3545285fa46e89,rust,ts_lex,1,PUSH_INT,0,,lookahead != 0 && lookahead != '\n'
p_c6ec7f3545285fa46e89,rust,ts_lex,2,CMP_NE,,,lookahead != 0 && lookahead != '\n'
p_c6ec7f3545285fa46e89,rust,ts_lex,3,PUSH_LOOKAHEAD,,,lookahead != 0 && lookahead != '\n'
p_c6ec7f3545285fa46e89,rust,ts_lex,4,PUSH_INT,10,,lookahead != 0 && lookahead != '\n'
p_c6ec7f3545285fa46e89,rust,ts_lex,5,CMP_NE,,,lookahead != 0 && lookahead != '\n'
p_c6ec7f3545285fa46e89,rust,ts_lex,6,AND,,,lookahead != 0 && lookahead != '\n'
p_032c6ea20b0d9788d712,rust,ts_lex,0,PUSH_LOOKAHEAD,,,lookahead == '\t' || (0x0b <= lookahead && lookahead <= '\r') || lookahead == ' '
p_032c6ea20b0d9788d712,rust,ts_lex,1,PUSH_INT,9,,lookahead == '\t' || (0x0b <= lookahead && lookahead <= '\r') || lookahead == ' '
p_032c6ea20b0d9788d712,rust,ts_lex,2,CMP_EQ,,,lookahead == '\t' || (0x0b <= lookahead && lookahead <= '\r') || lookahead == ' '
p_032c6ea20b0d9788d712,rust,ts_lex,3,PUSH_INT,11,,lookahead == '\t' || (0x0b <= lookahead && lookahead <= '\r') || lookahead == ' '
p_032c6ea20b0d9788d712,rust,ts_lex,4,PUSH_LOOKAHEAD,,,lookahead == '\t' || (0x0b <= lookahead && lookahead <= '\r') || lookahead == ' '
p_032c6ea20b0d9788d712,rust,ts_lex,5,CMP_LE,,,lookahead == '\t' || (0x0b <= lookahead && lookahead <= '\r') || lookahead == ' '
p_032c6ea20b0d9788d712,rust,ts_lex,6,PUSH_LOOKAHEAD,,,lookahead == '\t' || (0x0b <= lookahead && lookahead <= '\r') || lookahead == ' '
p_032c6ea20b0d9788d712,rust,ts_lex,7,PUSH_INT,13,,lookahead == '\t' || (0x0b <= lookahead && lookahead <= '\r') || lookahead == ' '
p_032c6ea20b0d9788d712,rust,ts_lex,8,CMP_LE,,,lookahead == '\t' || (0x0b <= lookahead && lookahead <= '\r') || lookahead == ' '
p_032c6ea20b0d9788d712,rust,ts_lex,9,AND,,,lookahead == '\t' || (0x0b <= lookahead && lookahead <= '\r') || lookahead == ' '
p_032c6ea20b0d9788d712,rust,ts_lex,10,OR,,,lookahead == '\t' || (0x0b <= lookahead && lookahead <= '\r') || lookahead == ' '
p_032c6ea20b0d9788d712,rust,ts_lex,11,PUSH_LOOKAHEAD,,,lookahead == '\t' || (0x0b <= lookahead && lookahead <= '\r') || lookahead == ' '
p_032c6ea20b0d9788d712,rust,ts_lex,12,PUSH_INT,32,,lookahead == '\t' || (0x0b <= lookahead && lookahead <= '\r') || lookahead == ' '
p_032c6ea20b0d9788d712,rust,ts_lex,13,CMP_EQ,,,lookahead == '\t' || (0x0b <= lookahead && lookahead <= '\r') || lookahead == ' '
p_032c6ea20b0d9788d712,rust,ts_lex,14,OR,,,lookahead == '\t' || (0x0b <= lookahead && lookahead <= '\r') || lookahead == ' '
p_9c68eae6cb65d78aada3,rust,ts_lex,0,PUSH_LOOKAHEAD,,,lookahead != 0 && (lookahead < '\t' || '\r' < lookahead)
p_9c68eae6cb65d78aada3,rust,ts_lex,1,PUSH_INT,0,,lookahead != 0 && (lookahead < '\t' || '\r' < lookahead)
p_9c68eae6cb65d78aada3,rust,ts_lex,2,CMP_NE,,,lookahead != 0 && (lookahead < '\t' || '\r' < lookahead)
p_9c68eae6cb65d78aada3,rust,ts_lex,3,PUSH_LOOKAHEAD,,,lookahead != 0 && (lookahead < '\t' || '\r' < lookahead)
p_9c68eae6cb65d78aada3,rust,ts_lex,4,PUSH_INT,9,,lookahead != 0 && (lookahead < '\t' || '\r' < lookahead)
p_9c68eae6cb65d78aada3,rust,ts_lex,5,CMP_LT,,,lookahead != 0 && (lookahead < '\t' || '\r' < lookahead)
p_9c68eae6cb65d78aada3,rust,ts_lex,6,PUSH_INT,13,,lookahead != 0 && (lookahead < '\t' || '\r' < lookahead)
p_9c68eae6cb65d78aada3,rust,ts_lex,7,PUSH_LOOKAHEAD,,,lookahead != 0 && (lookahead < '\t' || '\r' < lookahead)
p_9c68eae6cb65d78aada3,rust,ts_lex,8,CMP_LT,,,lookahead != 0 && (lookahead < '\t' || '\r' < lookahead)
p_9c68eae6cb65d78aada3,rust,ts_lex,9,OR,,,lookahead != 0 && (lookahead < '\t' || '\r' < lookahead)
p_9c68eae6cb65d78aada3,rust,ts_lex,10,AND,,,lookahead != 0 && (lookahead < '\t' || '\r' < lookahead)
p_2db8c32cf94f97526352,rust,ts_lex,0,SET_CONTAINS,sym_identifier_character_set_3,800,"set_contains(sym_identifier_character_set_3, 800, lookahead)"
p_3b1dfb3670a18a1c928f,rust,ts_lex,0,PUSH_LOOKAHEAD,,,lookahead == '#'
p_3b1dfb3670a18a1c928f,rust,ts_lex,1,PUSH_INT,35,,lookahead == '#'
p_3b1dfb3670a18a1c928f,rust,ts_lex,2,CMP_EQ,,,lookahead == '#'
p_2ed7e7876696784c2d55,rust,ts_lex,0,PUSH_LOOKAHEAD,,,lookahead == '_'
p_2ed7e7876696784c2d55,rust,ts_lex,1,PUSH_INT,95,,lookahead == '_'
p_2ed7e7876696784c2d55,rust,ts_lex,2,CMP_EQ,,,lookahead == '_'
p_a388f42c20b0ed7eaf38,rust,ts_lex,0,PUSH_LOOKAHEAD,,,lookahead == 'a'
p_a388f42c20b0ed7eaf38,rust,ts_lex,1,PUSH_INT,97,,lookahead == 'a'
p_a388f42c20b0ed7eaf38,rust,ts_lex,2,CMP_EQ,,,lookahead == 'a'
p_a01bddfd369909af90c1,rust,ts_lex,0,PUSH_LOOKAHEAD,,,lookahead == 'c'
p_a01bddfd369909af90c1,rust,ts_lex,1,PUSH_INT,99,,lookahead == 'c'
p_a01bddfd369909af90c1,rust,ts_lex,2,CMP_EQ,,,lookahead == 'c'
p_7229670308c117068cae,rust,ts_lex,0,PUSH_LOOKAHEAD,,,lookahead == 'l'
p_7229670308c117068cae,rust,ts_lex,1,PUSH_INT,108,,lookahead == 'l'
p_7229670308c117068cae,rust,ts_lex,2,CMP_EQ,,,lookahead == 'l'
p_61e071f9d42845e796d3,rust,ts_lex,0,PUSH_INT,48,,('0' <= lookahead && lookahead <= '9') || ('A' <= lookahead && lookahead <= 'Z') || lookahead == '_' || ('a' <= lookahead && lookahead <= 'z')
p_61e071f9d42845e796d3,rust,ts_lex,1,PUSH_LOOKAHEAD,,,('0' <= lookahead && lookahead <= '9') || ('A' <= lookahead && lookahead <= 'Z') || lookahead == '_' || ('a' <= lookahead && lookahead <= 'z')
p_61e071f9d42845e796d3,rust,ts_lex,2,CMP_LE,,,('0' <= lookahead && lookahead <= '9') || ('A' <= lookahead && lookahead <= 'Z') || lookahead == '_' || ('a' <= lookahead && lookahead <= 'z')
p_61e071f9d42845e796d3,rust,ts_lex,3,PUSH_LOOKAHEAD,,,('0' <= lookahead && lookahead <= '9') || ('A' <= lookahead && lookahead <= 'Z') || lookahead == '_' || ('a' <= lookahead && lookahead <= 'z')
p_61e071f9d42845e796d3,rust,ts_lex,4,PUSH_INT,57,,('0' <= lookahead && lookahead <= '9') || ('A' <= lookahead && lookahead <= 'Z') || lookahead == '_' || ('a' <= lookahead && lookahead <= 'z')
p_61e071f9d42845e796d3,rust,ts_lex,5,CMP_LE,,,('0' <= lookahead && lookahead <= '9') || ('A' <= lookahead && lookahead <= 'Z') || lookahead == '_' || ('a' <= lookahead && lookahead <= 'z')
p_61e071f9d42845e796d3,rust,ts_lex,6,AND,,,('0' <= lookahead && lookahead <= '9') || ('A' <= lookahead && lookahead <= 'Z') || lookahead == '_' || ('a' <= lookahead && lookahead <= 'z')
p_61e071f9d42845e796d3,rust,ts_lex,7,PUSH_INT,65,,('0' <= lookahead && lookahead <= '9') || ('A' <= lookahead && lookahead <= 'Z') || lookahead == '_' || ('a' <= lookahead && lookahead <= 'z')
p_61e071f9d42845e796d3,rust,ts_lex,8,PUSH_LOOKAHEAD,,,('0' <= lookahead && lookahead <= '9') || ('A' <= lookahead && lookahead <= 'Z') || lookahead == '_' || ('a' <= lookahead && lookahead <= 'z')
p_61e071f9d42845e796d3,rust,ts_lex,9,CMP_LE,,,('0' <= lookahead && lookahead <= '9') || ('A' <= lookahead && lookahead <= 'Z') || lookahead == '_' || ('a' <= lookahead && lookahead <= 'z')
p_61e071f9d42845e796d3,rust,ts_lex,10,PUSH_LOOKAHEAD,,,('0' <= lookahead && lookahead <= '9') || ('A' <= lookahead && lookahead <= 'Z') || lookahead == '_' || ('a' <= lookahead && lookahead <= 'z')
p_61e071f9d42845e796d3,rust,ts_lex,11,PUSH_INT,90,,('0' <= lookahead && lookahead <= '9') || ('A' <= lookahead && lookahead <= 'Z') || lookahead == '_' || ('a' <= lookahead && lookahead <= 'z')
p_61e071f9d42845e796d3,rust,ts_lex,12,CMP_LE,,,('0' <= lookahead && lookahead <= '9') || ('A' <= lookahead && lookahead <= 'Z') || lookahead == '_' || ('a' <= lookahead && lookahead <= 'z')
p_61e071f9d42845e796d3,rust,ts_lex,13,AND,,,('0' <= lookahead && lookahead <= '9') || ('A' <= lookahead && lookahead <= 'Z') || lookahead == '_' || ('a' <= lookahead && lookahead <= 'z')
p_61e071f9d42845e796d3,rust,ts_lex,14,OR,,,('0' <= lookahead && lookahead <= '9') || ('A' <= lookahead && lookahead <= 'Z') || lookahead == '_' || ('a' <= lookahead && lookahead <= 'z')
p_61e071f9d42845e796d3,rust,ts_lex,15,PUSH_LOOKAHEAD,,,('0' <= lookahead && lookahead <= '9') || ('A' <= lookahead && lookahead <= 'Z') || lookahead == '_' || ('a' <= lookahead && lookahead <= 'z')
p_61e071f9d42845e796d3,rust,ts_lex,16,PUSH_INT,95,,('0' <= lookahead && lookahead <= '9') || ('A' <= lookahead && lookahead <= 'Z') || lookahead == '_' || ('a' <= lookahead && lookahead <= 'z')
p_61e071f9d42845e796d3,rust,ts_lex,17,CMP_EQ,,,('0' <= lookahead && lookahead <= '9') || ('A' <= lookahead && lookahead <= 'Z') || lookahead == '_' || ('a' <= lookahead && lookahead <= 'z')
p_61e071f9d42845e796d3,rust,ts_lex,18,OR,,,('0' <= lookahead && lookahead <= '9') || ('A' <= lookahead && lookahead <= 'Z') || lookahead == '_' || ('a' <= lookahead && lookahead <= 'z')
p_61e071f9d42845e796d3,rust,ts_lex,19,PUSH_INT,97,,('0' <= lookahead && lookahead <= '9') || ('A' <= lookahead && lookahead <= 'Z') || lookahead == '_' || ('a' <= lookahead && lookahead <= 'z')
p_61e071f9d42845e796d3,rust,ts_lex,20,PUSH_LOOKAHEAD,,,('0' <= lookahead && lookahead <= '9') || ('A' <= lookahead && lookahead <= 'Z') || lookahead == '_' || ('a' <= lookahead && lookahead <= 'z')
p_61e071f9d42845e796d3,rust,ts_lex,21,CMP_LE,,,('0' <= lookahead && lookahead <= '9') || ('A' <= lookahead && lookahead <= 'Z') || lookahead == '_' || ('a' <= lookahead && lookahead <= 'z')
p_61e071f9d42845e796d3,rust,ts_lex,22,PUSH_LOOKAHEAD,,,('0' <= lookahead && lookahead <= '9') || ('A' <= lookahead && lookahead <= 'Z') || lookahead == '_' || ('a' <= lookahead && lookahead <= 'z')
p_61e071f9d42845e796d3,rust,ts_lex,23,PUSH_INT,122,,('0' <= lookahead && lookahead <= '9') || ('A' <= lookahead && lookahead <= 'Z') || lookahead == '_' || ('a' <= lookahead && lookahead <= 'z')
p_61e071f9d42845e796d3,rust,ts_lex,24,CMP_LE,,,('0' <= lookahead && lookahead <= '9') || ('A' <= lookahead && lookahead <= 'Z') || lookahead == '_' || ('a' <= lookahead && lookahead <= 'z')
p_61e071f9d42845e796d3,rust,ts_lex,25,AND,,,('0' <= lookahead && lookahead <= '9') || ('A' <= lookahead && lookahead <= 'Z') || lookahead == '_' || ('a' <= lookahead && lookahead <= 'z')
p_61e071f9d42845e796d3,rust,ts_lex,26,OR,,,('0' <= lookahead && lookahead <= '9') || ('A' <= lookahead && lookahead <= 'Z') || lookahead == '_' || ('a' <= lookahead && lookahead <= 'z')
p_e726c2ce612ffd5786ba,rust,ts_lex_keywords,0,PUSH_INT,9,,('\t' <= lookahead && lookahead <= '\r') || lookahead == ' '
p_e726c2ce612ffd5786ba,rust,ts_lex_keywords,1,PUSH_LOOKAHEAD,,,('\t' <= lookahead && lookahead <= '\r') || lookahead == ' '
p_e726c2ce612ffd5786ba,rust,ts_lex_keywords,2,CMP_LE,,,('\t' <= lookahead && lookahead <= '\r') || lookahead == ' '
p_e726c2ce612ffd5786ba,rust,ts_lex_keywords,3,PUSH_LOOKAHEAD,,,('\t' <= lookahead && lookahead <= '\r') || lookahead == ' '
p_e726c2ce612ffd5786ba,rust,ts_lex_keywords,4,PUSH_INT,13,,('\t' <= lookahead && lookahead <= '\r') || lookahead == ' '
p_e726c2ce612ffd5786ba,rust,ts_lex_keywords,5,CMP_LE,,,('\t' <= lookahead && lookahead <= '\r') || lookahead == ' '
p_e726c2ce612ffd5786ba,rust,ts_lex_keywords,6,AND,,,('\t' <= lookahead && lookahead <= '\r') || lookahead == ' '
p_e726c2ce612ffd5786ba,rust,ts_lex_keywords,7,PUSH_LOOKAHEAD,,,('\t' <= lookahead && lookahead <= '\r') || lookahead == ' '
p_e726c2ce612ffd5786ba,rust,ts_lex_keywords,8,PUSH_INT,32,,('\t' <= lookahead && lookahead <= '\r') || lookahead == ' '
p_e726c2ce612ffd5786ba,rust,ts_lex_keywords,9,CMP_EQ,,,('\t' <= lookahead && lookahead <= '\r') || lookahead == ' '
p_e726c2ce612ffd5786ba,rust,ts_lex_keywords,10,OR,,,('\t' <= lookahead && lookahead <= '\r') || lookahead == ' '
p_e6759d0bc92dcb9b29c2,rust,ts_lex_keywords,0,PUSH_LOOKAHEAD,,,lookahead == 95
p_e6759d0bc92dcb9b29c2,rust,ts_lex_keywords,1,PUSH_INT,95,,lookahead == 95
p_e6759d0bc92dcb9b29c2,rust,ts_lex_keywords,2,CMP_EQ,,,lookahead == 95
p_faf8e6f3700a1c1a620e,rust,ts_lex_keywords,0,PUSH_LOOKAHEAD,,,lookahead == 97
p_faf8e6f3700a1c1a620e,rust,ts_lex_keywords,1,PUSH_INT,97,,lookahead == 97
p_faf8e6f3700a1c1a620e,rust,ts_lex_keywords,2,CMP_EQ,,,lookahead == 97
p_05b84a605a880e477632,rust,ts_lex_keywords,0,PUSH_LOOKAHEAD,,,lookahead == 98
p_05b84a605a880e477632,rust,ts_lex_keywords,1,PUSH_INT,98,,lookahead == 98
p_05b84a605a880e477632,rust,ts_lex_keywords,2,CMP_EQ,,,lookahead == 98
p_1f6567ac76799e860c8a,rust,ts_lex_keywords,0,PUSH_LOOKAHEAD,,,lookahead == 99
p_1f6567ac76799e860c8a,rust,ts_lex_keywords,1,PUSH_INT,99,,lookahead == 99
p_1f6567ac76799e860c8a,rust,ts_lex_keywords,2,CMP_EQ,,,lookahead == 99
p_ff68868d0dfd33a9b1af,rust,ts_lex_keywords,0,PUSH_LOOKAHEAD,,,lookahead == 100
p_ff68868d0dfd33a9b1af,rust,ts_lex_keywords,1,PUSH_INT,100,,lookahead == 100
p_ff68868d0dfd33a9b1af,rust,ts_lex_keywords,2,CMP_EQ,,,lookahead == 100
p_949b5a8ddc98a95d0c2b,rust,ts_lex_keywords,0,PUSH_LOOKAHEAD,,,lookahead == 101
p_949b5a8ddc98a95d0c2b,rust,ts_lex_keywords,1,PUSH_INT,101,,lookahead == 101
p_949b5a8ddc98a95d0c2b,rust,ts_lex_keywords,2,CMP_EQ,,,lookahead == 101
p_3fc46eb27e1b3bf39d16,rust,ts_lex_keywords,0,PUSH_LOOKAHEAD,,,lookahead == 102
p_3fc46eb27e1b3bf39d16,rust,ts_lex_keywords,1,PUSH_INT,102,,lookahead == 102
p_3fc46eb27e1b3bf39d16,rust,ts_lex_keywords,2,CMP_EQ,,,lookahead == 102
p_035dacfdda30dd1f4c92,rust,ts_lex_keywords,0,PUSH_LOOKAHEAD,,,lookahead == 103
p_035dacfdda30dd1f4c92,rust,ts_lex_keywords,1,PUSH_INT,103,,lookahead == 103
p_035dacfdda30dd1f4c92,rust,ts_lex_keywords,2,CMP_EQ,,,lookahead == 103
p_f0041facab7d7c451f30,rust,ts_lex_keywords,0,PUSH_LOOKAHEAD,,,lookahead == 105
p_f0041facab7d7c451f30,rust,ts_lex_keywords,1,PUSH_INT,105,,lookahead == 105
p_f0041facab7d7c451f30,rust,ts_lex_keywords,2,CMP_EQ,,,lookahead == 105
p_d93673fa39055f06f805,rust,ts_lex_keywords,0,PUSH_LOOKAHEAD,,,lookahead == 108
p_d93673fa39055f06f805,rust,ts_lex_keywords,1,PUSH_INT,108,,lookahead == 108
p_d93673fa39055f06f805,rust,ts_lex_keywords,2,CMP_EQ,,,lookahead == 108
p_5ab73219b9bf9ff8169e,rust,ts_lex_keywords,0,PUSH_LOOKAHEAD,,,lookahead == 109
p_5ab73219b9bf9ff8169e,rust,ts_lex_keywords,1,PUSH_INT,109,,lookahead == 109
p_5ab73219b9bf9ff8169e,rust,ts_lex_keywords,2,CMP_EQ,,,lookahead == 109
p_e48cc5652a38796faaec,rust,ts_lex_keywords,0,PUSH_LOOKAHEAD,,,lookahead == 112
p_e48cc5652a38796faaec,rust,ts_lex_keywords,1,PUSH_INT,112,,lookahead == 112
p_e48cc5652a38796faaec,rust,ts_lex_keywords,2,CMP_EQ,,,lookahead == 112
p_05ba57611295c19f57bb,rust,ts_lex_keywords,0,PUSH_LOOKAHEAD,,,lookahead == 114
p_05ba57611295c19f57bb,rust,ts_lex_keywords,1,PUSH_INT,114,,lookahead == 114
p_05ba57611295c19f57bb,rust,ts_lex_keywords,2,CMP_EQ,,,lookahead == 114
p_2113a52a2cb58930f32e,rust,ts_lex_keywords,0,PUSH_LOOKAHEAD,,,lookahead == 115
p_2113a52a2cb58930f32e,rust,ts_lex_keywords,1,PUSH_INT,115,,lookahead == 115
p_2113a52a2cb58930f32e,rust,ts_lex_keywords,2,CMP_EQ,,,lookahead == 115
p_74a2d28ab937673baf11,rust,ts_lex_keywords,0,PUSH_LOOKAHEAD,,,lookahead == 116
p_74a2d28ab937673baf11,rust,ts_lex_keywords,1,PUSH_INT,116,,lookahead == 116
p_74a2d28ab937673baf11,rust,ts_lex_keywords,2,CMP_EQ,,,lookahead == 116
p_4515ec6450b919208c9e,rust,ts_lex_keywords,0,PUSH_LOOKAHEAD,,,lookahead == 117
p_4515ec6450b919208c9e,rust,ts_lex_keywords,1,PUSH_INT,117,,lookahead == 117
p_4515ec6450b919208c9e,rust,ts_lex_keywords,2,CMP_EQ,,,lookahead == 117
p_b15f5cc5480b3a351957,rust,ts_lex_keywords,0,PUSH_LOOKAHEAD,,,lookahead == 118
p_b15f5cc5480b3a351957,rust,ts_lex_keywords,1,PUSH_INT,118,,lookahead == 118
p_b15f5cc5480b3a351957,rust,ts_lex_keywords,2,CMP_EQ,,,lookahead == 118
p_da7eb695c5b7777a6233,rust,ts_lex_keywords,0,PUSH_LOOKAHEAD,,,lookahead == 119
p_da7eb695c5b7777a6233,rust,ts_lex_keywords,1,PUSH_INT,119,,lookahead == 119
p_da7eb695c5b7777a6233,rust,ts_lex_keywords,2,CMP_EQ,,,lookahead == 119
p_1872dc6538d303972106,rust,ts_lex_keywords,0,PUSH_LOOKAHEAD,,,lookahead == 121
p_1872dc6538d303972106,rust,ts_lex_keywords,1,PUSH_INT,121,,lookahead == 121
p_1872dc6538d303972106,rust,ts_lex_keywords,2,CMP_EQ,,,lookahead == 121
p_8b983e33935dc0814030,rust,ts_lex_keywords,0,PUSH_LOOKAHEAD,,,lookahead == 's'
p_8b983e33935dc0814030,rust,ts_lex_keywords,1,PUSH_INT,115,,lookahead == 's'
p_8b983e33935dc0814030,rust,ts_lex_keywords,2,CMP_EQ,,,lookahead == 's'
p_9a1e389eab5d6e4e5f71,rust,ts_lex_keywords,0,PUSH_LOOKAHEAD,,,lookahead == 'w'
p_9a1e389eab5d6e4e5f71,rust,ts_lex_keywords,1,PUSH_INT,119,,lookahead == 'w'
p_9a1e389eab5d6e4e5f71,rust,ts_lex_keywords,2,CMP_EQ,,,lookahead == 'w'
p_7b09b9283c3e99d9694c,rust,ts_lex_keywords,0,PUSH_LOOKAHEAD,,,lookahead == 'l'
p_7b09b9283c3e99d9694c,rust,ts_lex_keywords,1,PUSH_INT,108,,lookahead == 'l'
p_7b09b9283c3e99d9694c,rust,ts_lex_keywords,2,CMP_EQ,,,lookahead == 'l'
p_cb61fbb25dc74b6c41d7,rust,ts_lex_keywords,0,PUSH_LOOKAHEAD,,,lookahead == 'o'
p_cb61fbb25dc74b6c41d7,rust,ts_lex_keywords,1,PUSH_INT,111,,lookahead == 'o'
p_cb61fbb25dc74b6c41d7,rust,ts_lex_keywords,2,CMP_EQ,,,lookahead == 'o'
p_973db423f196f5a1c28b,rust,ts_lex_keywords,0,PUSH_LOOKAHEAD,,,lookahead == 'r'
p_973db423f196f5a1c28b,rust,ts_lex_keywords,1,PUSH_INT,114,,lookahead == 'r'
p_973db423f196f5a1c28b,rust,ts_lex_keywords,2,CMP_EQ,,,lookahead == 'r'
p_ecb5af6f648f1ab73d96,rust,ts_lex_keywords,0,PUSH_LOOKAHEAD,,,lookahead == 'h'
p_ecb5af6f648f1ab73d96,rust,ts_lex_keywords,1,PUSH_INT,104,,lookahead == 'h'
p_ecb5af6f648f1ab73d96,rust,ts_lex_keywords,2,CMP_EQ,,,lookahead == 'h'
p_3a3c66b534682df193fa,rust,ts_lex_keywords,0,PUSH_LOOKAHEAD,,,lookahead == 'e'
p_3a3c66b534682df193fa,rust,ts_lex_keywords,1,PUSH_INT,101,,lookahead == 'e'
p_3a3c66b534682df193fa,rust,ts_lex_keywords,2,CMP_EQ,,,lookahead == 'e'
p_a21a4c657ce1e6b7c1f4,rust,ts_lex_keywords,0,PUSH_LOOKAHEAD,,,lookahead == 'y'
p_a21a4c657ce1e6b7c1f4,rust,ts_lex_keywords,1,PUSH_INT,121,,lookahead == 'y'
p_a21a4c657ce1e6b7c1f4,rust,ts_lex_keywords,2,CMP_EQ,,,lookahead == 'y'
p_5886d66b5424b7b71010,rust,ts_lex_keywords,0,PUSH_LOOKAHEAD,,,lookahead == 'n'
p_5886d66b5424b7b71010,rust,ts_lex_keywords,1,PUSH_INT,110,,lookahead == 'n'
p_5886d66b5424b7b71010,rust,ts_lex_keywords,2,CMP_EQ,,,lookahead == 'n'
p_a93e092af8b979eba633,rust,ts_lex_keywords,0,PUSH_LOOKAHEAD,,,lookahead == 'x'
p_a93e092af8b979eba633,rust,ts_lex_keywords,1,PUSH_INT,120,,lookahead == 'x'
p_a93e092af8b979eba633,rust,ts_lex_keywords,2,CMP_EQ,,,lookahead == 'x'
p_4759287b71a4cb1defb6,rust,ts_lex_keywords,0,PUSH_LOOKAHEAD,,,lookahead == '3'
p_4759287b71a4cb1defb6,rust,ts_lex_keywords,1,PUSH_INT,51,,lookahead == '3'
p_4759287b71a4cb1defb6,rust,ts_lex_keywords,2,CMP_EQ,,,lookahead == '3'
p_b09d008ba8219731db40,rust,ts_lex_keywords,0,PUSH_LOOKAHEAD,,,lookahead == '6'
p_b09d008ba8219731db40,rust,ts_lex_keywords,1,PUSH_INT,54,,lookahead == '6'
p_b09d008ba8219731db40,rust,ts_lex_keywords,2,CMP_EQ,,,lookahead == '6'
p_aac91e79699a8f8a778b,rust,ts_lex_keywords,0,PUSH_LOOKAHEAD,,,lookahead == 'a'
p_aac91e79699a8f8a778b,rust,ts_lex_keywords,1,PUSH_INT,97,,lookahead == 'a'
p_aac91e79699a8f8a778b,rust,ts_lex_keywords,2,CMP_EQ,,,lookahead == 'a'
p_fd1c00c65db88ebc63f4,rust,ts_lex_keywords,0,PUSH_LOOKAHEAD,,,lookahead == 49
p_fd1c00c65db88ebc63f4,rust,ts_lex_keywords,1,PUSH_INT,49,,lookahead == 49
p_fd1c00c65db88ebc63f4,rust,ts_lex_keywords,2,CMP_EQ,,,lookahead == 49
p_0d30af4ad572d435cf71,rust,ts_lex_keywords,0,PUSH_LOOKAHEAD,,,lookahead == 51
p_0d30af4ad572d435cf71,rust,ts_lex_keywords,1,PUSH_INT,51,,lookahead == 51
p_0d30af4ad572d435cf71,rust,ts_lex_keywords,2,CMP_EQ,,,lookahead == 51
p_325717a4aead595afb85,rust,ts_lex_keywords,0,PUSH_LOOKAHEAD,,,lookahead == 54
p_325717a4aead595afb85,rust,ts_lex_keywords,1,PUSH_INT,54,,lookahead == 54
p_325717a4aead595afb85,rust,ts_lex_keywords,2,CMP_EQ,,,lookahead == 54
p_f6b77fe29b0ec4d5d3ef,rust,ts_lex_keywords,0,PUSH_LOOKAHEAD,,,lookahead == 56
p_f6b77fe29b0ec4d5d3ef,rust,ts_lex_keywords,1,PUSH_INT,56,,lookahead == 56
p_f6b77fe29b0ec4d5d3ef,rust,ts_lex_keywords,2,CMP_EQ,,,lookahead == 56
p_9b87b47c58e974f12318,rust,ts_lex_keywords,0,PUSH_LOOKAHEAD,,,lookahead == 110
p_9b87b47c58e974f12318,rust,ts_lex_keywords,1,PUSH_INT,110,,lookahead == 110
p_9b87b47c58e974f12318,rust,ts_lex_keywords,2,CMP_EQ,,,lookahead == 110
p_d89df05bf06861ba3160,rust,ts_lex_keywords,0,PUSH_LOOKAHEAD,,,lookahead == 'i'
p_d89df05bf06861ba3160,rust,ts_lex_keywords,1,PUSH_INT,105,,lookahead == 'i'
p_d89df05bf06861ba3160,rust,ts_lex_keywords,2,CMP_EQ,,,lookahead == 'i'
p_11493ab065eb449491f4,rust,ts_lex_keywords,0,PUSH_LOOKAHEAD,,,lookahead == 'u'
p_11493ab065eb449491f4,rust,ts_lex_keywords,1,PUSH_INT,117,,lookahead == 'u'
p_11493ab065eb449491f4,rust,ts_lex_keywords,2,CMP_EQ,,,lookahead == 'u'
p_bf7124364c969709049b,rust,ts_lex_keywords,0,PUSH_LOOKAHEAD,,,lookahead == 't'
p_bf7124364c969709049b,rust,ts_lex_keywords,1,PUSH_INT,116,,lookahead == 't'
p_bf7124364c969709049b,rust,ts_lex_keywords,2,CMP_EQ,,,lookahead == 't'
p_369a0868ff73441d2f17,rust,ts_lex_keywords,0,PUSH_LOOKAHEAD,,,lookahead == '1'
p_369a0868ff73441d2f17,rust,ts_lex_keywords,1,PUSH_INT,49,,lookahead == '1'
p_369a0868ff73441d2f17,rust,ts_lex_keywords,2,CMP_EQ,,,lookahead == '1'
p_fa88ab2122e5e08a5961,rust,ts_lex_keywords,0,PUSH_LOOKAHEAD,,,lookahead == '8'
p_fa88ab2122e5e08a5961,rust,ts_lex_keywords,1,PUSH_INT,56,,lookahead == '8'
p_fa88ab2122e5e08a5961,rust,ts_lex_keywords,2,CMP_EQ,,,lookahead == '8'
p_6ec420486f30e8fa2477,rust,ts_lex_keywords,0,PUSH_LOOKAHEAD,,,lookahead == 'f'
p_6ec420486f30e8fa2477,rust,ts_lex_keywords,1,PUSH_INT,102,,lookahead == 'f'
p_6ec420486f30e8fa2477,rust,ts_lex_keywords,2,CMP_EQ,,,lookahead == 'f'
p_d53097b72196f2687eb9,rust,ts_lex_keywords,0,PUSH_LOOKAHEAD,,,lookahead == 'p'
p_d53097b72196f2687eb9,rust,ts_lex_keywords,1,PUSH_INT,112,,lookahead == 'p'
p_d53097b72196f2687eb9,rust,ts_lex_keywords,2,CMP_EQ,,,lookahead == 'p'
p_0cd0a2f48046ee64cabb,rust,ts_lex_keywords,0,PUSH_LOOKAHEAD,,,lookahead == '2'
p_0cd0a2f48046ee64cabb,rust,ts_lex_keywords,1,PUSH_INT,50,,lookahead == '2'
p_0cd0a2f48046ee64cabb,rust,ts_lex_keywords,2,CMP_EQ,,,lookahead == '2'
p_b851e957a78a82b63205,rust,ts_lex_keywords,0,PUSH_LOOKAHEAD,,,lookahead == '4'
p_b851e957a78a82b63205,rust,ts_lex_keywords,1,PUSH_INT,52,,lookahead == '4'
p_b851e957a78a82b63205,rust,ts_lex_keywords,2,CMP_EQ,,,lookahead == '4'
p_ca86bf73a0475665055d,rust,ts_lex_keywords,0,PUSH_LOOKAHEAD,,,lookahead == 'd'
p_ca86bf73a0475665055d,rust,ts_lex_keywords,1,PUSH_INT,100,,lookahead == 'd'
p_ca86bf73a0475665055d,rust,ts_lex_keywords,2,CMP_EQ,,,lookahead == 'd'
p_4830e61577585fc82acf,rust,ts_lex_keywords,0,PUSH_LOOKAHEAD,,,lookahead == 'v'
p_4830e61577585fc82acf,rust,ts_lex_keywords,1,PUSH_INT,118,,lookahead == 'v'
p_4830e61577585fc82acf,rust,ts_lex_keywords,2,CMP_EQ,,,lookahead == 'v'
p_ccb7e2315c099481b15f,rust,ts_lex_keywords,0,PUSH_LOOKAHEAD,,,lookahead == 'b'
p_ccb7e2315c099481b15f,rust,ts_lex_keywords,1,PUSH_INT,98,,lookahead == 'b'
p_ccb7e2315c099481b15f,rust,ts_lex_keywords,2,CMP_EQ,,,lookahead == 'b'
p_432b8b200cced689e529,rust,ts_lex_keywords,0,PUSH_LOOKAHEAD,,,lookahead == 'm'
p_432b8b200cced689e529,rust,ts_lex_keywords,1,PUSH_INT,109,,lookahead == 'm'
p_432b8b200cced689e529,rust,ts_lex_keywords,2,CMP_EQ,,,lookahead == 'm'
p_44242a9a96e189078a4a,rust,ts_lex_keywords,0,PUSH_LOOKAHEAD,,,lookahead == 'c'
p_44242a9a96e189078a4a,rust,ts_lex_keywords,1,PUSH_INT,99,,lookahead == 'c'
p_44242a9a96e189078a4a,rust,ts_lex_keywords,2,CMP_EQ,,,lookahead == 'c'
p_9d9106741c4d10106a7c,rust,ts_lex_keywords,0,PUSH_LOOKAHEAD,,,lookahead == 'z'
p_9d9106741c4d10106a7c,rust,ts_lex_keywords,1,PUSH_INT,122,,lookahead == 'z'
p_9d9106741c4d10106a7c,rust,ts_lex_keywords,2,CMP_EQ,,,lookahead == 'z'
p_fd9265e95f57a6a0a51a,rust,ts_lex_keywords,0,PUSH_LOOKAHEAD,,,lookahead == '_'
p_fd9265e95f57a6a0a51a,rust,ts_lex_keywords,1,PUSH_INT,95,,lookahead == '_'
p_fd9265e95f57a6a0a51a,rust,ts_lex_keywords,2,CMP_EQ,,,lookahead == '_'
p_1ac797db60d58ef9b40e,rust,ts_lex_keywords,0,PUSH_LOOKAHEAD,,,lookahead == 'k'
p_1ac797db60d58ef9b40e,rust,ts_lex_keywords,1,PUSH_INT,107,,lookahead == 'k'
p_1ac797db60d58ef9b40e,rust,ts_lex_keywords,2,CMP_EQ,,,lookahead == 'k'
p_11146578d8fda12bae60,rust,ts_lex_keywords,0,PUSH_LOOKAHEAD,,,lookahead == '0'
p_11146578d8fda12bae60,rust,ts_lex_keywords,1,PUSH_INT,48,,lookahead == '0'
p_11146578d8fda12bae60,rust,ts_lex_keywords,2,CMP_EQ,,,lookahead == '0'
p_7be99c59b4b1dfa5282d,cpp,ts_lex,0,PUSH_EOF,,,eof
p_ea7b720048102beedf48,cpp,ts_lex,0,PUSH_INT,9,,('\t' <= lookahead && lookahead <= '\r') || lookahead == ' '
p_ea7b720048102beedf48,cpp,ts_lex,1,PUSH_LOOKAHEAD,,,('\t' <= lookahead && lookahead <= '\r') || lookahead == ' '
p_ea7b720048102beedf48,cpp,ts_lex,2,CMP_LE,,,('\t' <= lookahead && lookahead <= '\r') || lookahead == ' '
p_ea7b720048102beedf48,cpp,ts_lex,3,PUSH_LOOKAHEAD,,,('\t' <= lookahead && lookahead <= '\r') || lookahead == ' '
p_ea7b720048102beedf48,cpp,ts_lex,4,PUSH_INT,13,,('\t' <= lookahead && lookahead <= '\r') || lookahead == ' '
p_ea7b720048102beedf48,cpp,ts_lex,5,CMP_LE,,,('\t' <= lookahead && lookahead <= '\r') || lookahead == ' '
p_ea7b720048102beedf48,cpp,ts_lex,6,AND,,,('\t' <= lookahead && lookahead <= '\r') || lookahead == ' '
p_ea7b720048102beedf48,cpp,ts_lex,7,PUSH_LOOKAHEAD,,,('\t' <= lookahead && lookahead <= '\r') || lookahead == ' '
p_ea7b720048102beedf48,cpp,ts_lex,8,PUSH_INT,32,,('\t' <= lookahead && lookahead <= '\r') || lookahead == ' '
p_ea7b720048102beedf48,cpp,ts_lex,9,CMP_EQ,,,('\t' <= lookahead && lookahead <= '\r') || lookahead == ' '
p_ea7b720048102beedf48,cpp,ts_lex,10,OR,,,('\t' <= lookahead && lookahead <= '\r') || lookahead == ' '
p_9fc479988f5457f0b64e,cpp,ts_lex,0,PUSH_INT,49,,('1' <= lookahead && lookahead <= '9')
p_9fc479988f5457f0b64e,cpp,ts_lex,1,PUSH_LOOKAHEAD,,,('1' <= lookahead && lookahead <= '9')
p_9fc479988f5457f0b64e,cpp,ts_lex,2,CMP_LE,,,('1' <= lookahead && lookahead <= '9')
p_9fc479988f5457f0b64e,cpp,ts_lex,3,PUSH_LOOKAHEAD,,,('1' <= lookahead && lookahead <= '9')
p_9fc479988f5457f0b64e,cpp,ts_lex,4,PUSH_INT,57,,('1' <= lookahead && lookahead <= '9')
p_9fc479988f5457f0b64e,cpp,ts_lex,5,CMP_LE,,,('1' <= lookahead && lookahead <= '9')
p_9fc479988f5457f0b64e,cpp,ts_lex,6,AND,,,('1' <= lookahead && lookahead <= '9')
p_052374307f2d08abd55a,cpp,ts_lex,0,SET_CONTAINS,sym_identifier_character_set_1,687,"set_contains(sym_identifier_character_set_1, 687, lookahead)"
p_07a7b94b39578f205fcf,cpp,ts_lex,0,PUSH_LOOKAHEAD,,,lookahead == 33
p_07a7b94b39578f205fcf,cpp,ts_lex,1,PUSH_INT,33,,lookahead == 33
p_07a7b94b39578f205fcf,cpp,ts_lex,2,CMP_EQ,,,lookahead == 33
p_351657bc3f0c7b14604f,cpp,ts_lex,0,PUSH_LOOKAHEAD,,,lookahead == 34
p_351657bc3f0c7b14604f,cpp,ts_lex,1,PUSH_INT,34,,lookahead == 34
p_351657bc3f0c7b14604f,cpp,ts_lex,2,CMP_EQ,,,lookahead == 34
p_b61877f69a2bbe06da90,cpp,ts_lex,0,PUSH_LOOKAHEAD,,,lookahead == 35
p_b61877f69a2bbe06da90,cpp,ts_lex,1,PUSH_INT,35,,lookahead == 35
p_b61877f69a2bbe06da90,cpp,ts_lex,2,CMP_EQ,,,lookahead == 35
p_fee6135019d6b6d21921,cpp,ts_lex,0,PUSH_LOOKAHEAD,,,lookahead == 37
p_fee6135019d6b6d21921,cpp,ts_lex,1,PUSH_INT,37,,lookahead == 37
p_fee6135019d6b6d21921,cpp,ts_lex,2,CMP_EQ,,,lookahead == 37
p_89bf54a7999ecb5eaa3c,cpp,ts_lex,0,PUSH_LOOKAHEAD,,,lookahead == 38
p_89bf54a7999ecb5eaa3c,cpp,ts_lex,1,PUSH_INT,38,,lookahead == 38
p_89bf54a7999ecb5eaa3c,cpp,ts_lex,2,CMP_EQ,,,lookahead == 38
p_35dc53b8b8ad957b806a,cpp,ts_lex,0,PUSH_LOOKAHEAD,,,lookahead == 39
p_35dc53b8b8ad957b806a,cpp,ts_lex,1,PUSH_INT,39,,lookahead == 39
p_35dc53b8b8ad957b806a,cpp,ts_lex,2,CMP_EQ,,,lookahead == 39
p_dc1a96e5c997f0b7102f,cpp,ts_lex,0,PUSH_LOOKAHEAD,,,lookahead == 40
p_dc1a96e5c997f0b7102f,cpp,ts_lex,1,PUSH_INT,40,,lookahead == 40
p_dc1a96e5c997f0b7102f,cpp,ts_lex,2,CMP_EQ,,,lookahead == 40
p_330bf25900d30a4368c3,cpp,ts_lex,0,PUSH_LOOKAHEAD,,,lookahead == 41
p_330bf25900d30a4368c3,cpp,ts_lex,1,PUSH_INT,41,,lookahead == 41
p_330bf25900d30a4368c3,cpp,ts_lex,2,CMP_EQ,,,lookahead == 41
p_323584764a9fd1cfb801,cpp,ts_lex,0,PUSH_LOOKAHEAD,,,lookahead == 42
p_323584764a9fd1cfb801,cpp,ts_lex,1,PUSH_INT,42,,lookahead == 42
p_323584764a9fd1cfb801,cpp,ts_lex,2,CMP_EQ,,,lookahead == 42
p_2b15632cb480701d4371,cpp,ts_lex,0,PUSH_LOOKAHEAD,,,lookahead == 43
p_2b15632cb480701d4371,cpp,ts_lex,1,PUSH_INT,43,,lookahead == 43
p_2b15632cb480701d4371,cpp,ts_lex,2,CMP_EQ,,,lookahead == 43
p_7d38c35e20a228b60bc0,cpp,ts_lex,0,PUSH_LOOKAHEAD,,,lookahead == 44
p_7d38c35e20a228b60bc0,cpp,ts_lex,1,PUSH_INT,44,,lookahead == 44
p_7d38c35e20a228b60bc0,cpp,ts_lex,2,CMP_EQ,,,lookahead == 44
p_e27dd94af9fcc62233ed,cpp,ts_lex,0,PUSH_LOOKAHEAD,,,lookahead == 45
p_e27dd94af9fcc62233ed,cpp,ts_lex,1,PUSH_INT,45,,lookahead == 45
p_e27dd94af9fcc62233ed,cpp,ts_lex,2,CMP_EQ,,,lookahead == 45
p_0bd533f4036c02cdadd3,cpp,ts_lex,0,PUSH_LOOKAHEAD,,,lookahead == 46
p_0bd533f4036c02cdadd3,cpp,ts_lex,1,PUSH_INT,46,,lookahead == 46
p_0bd533f4036c02cdadd3,cpp,ts_lex,2,CMP_EQ,,,lookahead == 46
p_4fefb35e6541821538ff,cpp,ts_lex,0,PUSH_LOOKAHEAD,,,lookahead == 47
p_4fefb35e6541821538ff,cpp,ts_lex,1,PUSH_INT,47,,lookahead == 47
p_4fefb35e6541821538ff,cpp,ts_lex,2,CMP_EQ,,,lookahead == 47
p_6575ddfad7b239ac5998,cpp,ts_lex,0,PUSH_LOOKAHEAD,,,lookahead == 48
p_6575ddfad7b239ac5998,cpp,ts_lex,1,PUSH_INT,48,,lookahead == 48
p_6575ddfad7b239ac5998,cpp,ts_lex,2,CMP_EQ,,,lookahead == 48
p_b11102fea6a346eae8e7,cpp,ts_lex,0,PUSH_LOOKAHEAD,,,lookahead == 58
p_b11102fea6a346eae8e7,cpp,ts_lex,1,PUSH_INT,58,,lookahead == 58
p_b11102fea6a346eae8e7,cpp,ts_lex,2,CMP_EQ,,,lookahead == 58
p_d046636c329f8a450102,cpp,ts_lex,0,PUSH_LOOKAHEAD,,,lookahead == 59
p_d046636c329f8a450102,cpp,ts_lex,1,PUSH_INT,59,,lookahead == 59
p_d046636c329f8a450102,cpp,ts_lex,2,CMP_EQ,,,lookahead == 59
p_f6cc512eaf56173696cc,cpp,ts_lex,0,PUSH_LOOKAHEAD,,,lookahead == 60
p_f6cc512eaf56173696cc,cpp,ts_lex,1,PUSH_INT,60,,lookahead == 60
p_f6cc512eaf56173696cc,cpp,ts_lex,2,CMP_EQ,,,lookahead == 60
p_dd22db1ff380ae52c082,cpp,ts_lex,0,PUSH_LOOKAHEAD,,,lookahead == 61
p_dd22db1ff380ae52c082,cpp,ts_lex,1,PUSH_INT,61,,lookahead == 61
p_dd22db1ff380ae52c082,cpp,ts_lex,2,CMP_EQ,,,lookahead == 61
p_4a807ae050ded4f081fd,cpp,ts_lex,0,PUSH_LOOKAHEAD,,,lookahead == 62
p_4a807ae050ded4f081fd,cpp,ts_lex,1,PUSH_INT,62,,lookahead == 62
p_4a807ae050ded4f081fd,cpp,ts_lex,2,CMP_EQ,,,lookahead == 62
p_1b6a0cf2ae2129aea105,cpp,ts_lex,0,PUSH_LOOKAHEAD,,,lookahead == 63
p_1b6a0cf2ae2129aea105,cpp,ts_lex,1,PUSH_INT,63,,lookahead == 63
p_1b6a0cf2ae2129aea105,cpp,ts_lex,2,CMP_EQ,,,lookahead == 63
p_5333dc7628123b940f5f,cpp,ts_lex,0,PUSH_LOOKAHEAD,,,lookahead == 70
p_5333dc7628123b940f5f,cpp,ts_lex,1,PUSH_INT,70,,lookahead == 70
p_5333dc7628123b940f5f,cpp,ts_lex,2,CMP_EQ,,,lookahead == 70
p_242a4d5d98c25b43ae3c,cpp,ts_lex,0,PUSH_LOOKAHEAD,,,lookahead == 76
p_242a4d5d98c25b43ae3c,cpp,ts_lex,1,PUSH_INT,76,,lookahead == 76
p_242a4d5d98c25b43ae3c,cpp,ts_lex,2,CMP_EQ,,,lookahead == 76
p_ced50e6674c76334b251,cpp,ts_lex,0,PUSH_LOOKAHEAD,,,lookahead == 82
p_ced50e6674c76334b251,cpp,ts_lex,1,PUSH_INT,82,,lookahead == 82
p_ced50e6674c76334b251,cpp,ts_lex,2,CMP_EQ,,,lookahead == 82
p_627cdb2e75bef269d113,cpp,ts_lex,0,PUSH_LOOKAHEAD,,,lookahead == 84
p_627cdb2e75bef269d113,cpp,ts_lex,1,PUSH_INT,84,,lookahead == 84
p_627cdb2e75bef269d113,cpp,ts_lex,2,CMP_EQ,,,lookahead == 84
p_da898088e83ec03c06dc,cpp,ts_lex,0,PUSH_LOOKAHEAD,,,lookahead == 85
p_da898088e83ec03c06dc,cpp,ts_lex,1,PUSH_INT,85,,lookahead == 85
p_da898088e83ec03c06dc,cpp,ts_lex,2,CMP_EQ,,,lookahead == 85
p_30e698917854849d8a63,cpp,ts_lex,0,PUSH_LOOKAHEAD,,,lookahead == 91
p_30e698917854849d8a63,cpp,ts_lex,1,PUSH_INT,91,,lookahead == 91
p_30e698917854849d8a63,cpp,ts_lex,2,CMP_EQ,,,lookahead == 91
p_f8fa78c486d4b7cd50b2,cpp,ts_lex,0,PUSH_LOOKAHEAD,,,lookahead == 92
p_f8fa78c486d4b7cd50b2,cpp,ts_lex,1,PUSH_INT,92,,lookahead == 92
p_f8fa78c486d4b7cd50b2,cpp,ts_lex,2,CMP_EQ,,,lookahead == 92
p_9b4c4dcc76a649078920,cpp,ts_lex,0,PUSH_LOOKAHEAD,,,lookahead == 93
p_9b4c4dcc76a649078920,cpp,ts_lex,1,PUSH_INT,93,,lookahead == 93
p_9b4c4dcc76a649078920,cpp,ts_lex,2,CMP_EQ,,,lookahead == 93
p_02718d08c21dc2d2795b,cpp,ts_lex,0,PUSH_LOOKAHEAD,,,lookahead == 94
p_02718d08c21dc2d2795b,cpp,ts_lex,1,PUSH_INT,94,,lookahead == 94
p_02718d08c21dc2d2795b,cpp,ts_lex,2,CMP_EQ,,,lookahead == 94
p_c2a52bc24071a1a891f4,cpp,ts_lex,0,PUSH_LOOKAHEAD,,,lookahead == 98
p_c2a52bc24071a1a891f4,cpp,ts_lex,1,PUSH_INT,98,,lookahead == 98
p_c2a52bc24071a1a891f4,cpp,ts_lex,2,CMP_EQ,,,lookahead == 98
p_0e33dc2751c9177c1da3,cpp,ts_lex,0,PUSH_LOOKAHEAD,,,lookahead == 99
p_0e33dc2751c9177c1da3,cpp,ts_lex,1,PUSH_INT,99,,lookahead == 99
p_0e33dc2751c9177c1da3,cpp,ts_lex,2,CMP_EQ,,,lookahead == 99
p_b915ff3798d3284a18be,cpp,ts_lex,0,PUSH_LOOKAHEAD,,,lookahead == 100
p_b915ff3798d3284a18be,cpp,ts_lex,1,PUSH_INT,100,,lookahead == 100
p_b915ff3798d3284a18be,cpp,ts_lex,2,CMP_EQ,,,lookahead == 100
p_a83a507601aa11f47c87,cpp,ts_lex,0,PUSH_LOOKAHEAD,,,lookahead == 102
p_a83a507601aa11f47c87,cpp,ts_lex,1,PUSH_INT,102,,lookahead == 102
p_a83a507601aa11f47c87,cpp,ts_lex,2,CMP_EQ,,,lookahead == 102
p_2613668bba6c3132ac44,cpp,ts_lex,0,PUSH_LOOKAHEAD,,,lookahead == 105
p_2613668bba6c3132ac44,cpp,ts_lex,1,PUSH_INT,105,,lookahead == 105
p_2613668bba6c3132ac44,cpp,ts_lex,2,CMP_EQ,,,lookahead == 105
p_065818e09b91e47d091e,cpp,ts_lex,0,PUSH_LOOKAHEAD,,,lookahead == 109
p_065818e09b91e47d091e,cpp,ts_lex,1,PUSH_INT,109,,lookahead == 109
p_065818e09b91e47d091e,cpp,ts_lex,2,CMP_EQ,,,lookahead == 109
p_92c9d56be822fb93a318,cpp,ts_lex,0,PUSH_LOOKAHEAD,,,lookahead == 110
p_92c9d56be822fb93a318,cpp,ts_lex,1,PUSH_INT,110,,lookahead == 110
p_92c9d56be822fb93a318,cpp,ts_lex,2,CMP_EQ,,,lookahead == 110
p_b466dd7fd2bbc6323e22,cpp,ts_lex,0,PUSH_LOOKAHEAD,,,lookahead == 112
p_b466dd7fd2bbc6323e22,cpp,ts_lex,1,PUSH_INT,112,,lookahead == 112
p_b466dd7fd2bbc6323e22,cpp,ts_lex,2,CMP_EQ,,,lookahead == 112
p_ca8de748d48f589ba1ef,cpp,ts_lex,0,PUSH_LOOKAHEAD,,,lookahead == 115
p_ca8de748d48f589ba1ef,cpp,ts_lex,1,PUSH_INT,115,,lookahead == 115
p_ca8de748d48f589ba1ef,cpp,ts_lex,2,CMP_EQ,,,lookahead == 115
p_7f7e6f6d2c8caf2be84c,cpp,ts_lex,0,PUSH_LOOKAHEAD,,,lookahead == 116
p_7f7e6f6d2c8caf2be84c,cpp,ts_lex,1,PUSH_INT,116,,lookahead == 116
p_7f7e6f6d2c8caf2be84c,cpp,ts_lex,2,CMP_EQ,,,lookahead == 116
p_3391dddc9ca2379b1c75,cpp,ts_lex,0,PUSH_LOOKAHEAD,,,lookahead == 117
p_3391dddc9ca2379b1c75,cpp,ts_lex,1,PUSH_INT,117,,lookahead == 117
p_3391dddc9ca2379b1c75,cpp,ts_lex,2,CMP_EQ,,,lookahead == 117
p_26d1ad23d1b931239034,cpp,ts_lex,0,PUSH_LOOKAHEAD,,,lookahead == 118
p_26d1ad23d1b931239034,cpp,ts_lex,1,PUSH_INT,118,,lookahead == 118
p_26d1ad23d1b931239034,cpp,ts_lex,2,CMP_EQ,,,lookahead == 118
p_14c0b27dd5910cebfb53,cpp,ts_lex,0,PUSH_LOOKAHEAD,,,lookahead == 123
p_14c0b27dd5910cebfb53,cpp,ts_lex,1,PUSH_INT,123,,lookahead == 123
p_14c0b27dd5910cebfb53,cpp,ts_lex,2,CMP_EQ,,,lookahead == 123
p_949f9cba7db3ef17b8ca,cpp,ts_lex,0,PUSH_LOOKAHEAD,,,lookahead == 124
p_949f9cba7db3ef17b8ca,cpp,ts_lex,1,PUSH_INT,124,,lookahead == 124
p_949f9cba7db3ef17b8ca,cpp,ts_lex,2,CMP_EQ,,,lookahead == 124
p_47cb5810ed7683828bf5,cpp,ts_lex,0,PUSH_LOOKAHEAD,,,lookahead == 125
p_47cb5810ed7683828bf5,cpp,ts_lex,1,PUSH_INT,125,,lookahead == 125
p_47cb5810ed7683828bf5,cpp,ts_lex,2,CMP_EQ,,,lookahead == 125
p_f8d8d2e7ffb3336eb7d0,cpp,ts_lex,0,PUSH_LOOKAHEAD,,,lookahead == 126
p_f8d8d2e7ffb3336eb7d0,cpp,ts_lex,1,PUSH_INT,126,,lookahead == 126
p_f8d8d2e7ffb3336eb7d0,cpp,ts_lex,2,CMP_EQ,,,lookahead == 126
p_4401e8afb13bd17cbd49,cpp,ts_lex,0,PUSH_LOOKAHEAD,,,lookahead == '\n'
p_4401e8afb13bd17cbd49,cpp,ts_lex,1,PUSH_INT,10,,lookahead == '\n'
p_4401e8afb13bd17cbd49,cpp,ts_lex,2,CMP_EQ,,,lookahead == '\n'
p_94601f52467eb6f5ca6a,cpp,ts_lex,0,PUSH_LOOKAHEAD,,,lookahead == '\r'
p_94601f52467eb6f5ca6a,cpp,ts_lex,1,PUSH_INT,13,,lookahead == '\r'
p_94601f52467eb6f5ca6a,cpp,ts_lex,2,CMP_EQ,,,lookahead == '\r'
p_e753fbac3f3c5c4a9656,cpp,ts_lex,0,PUSH_LOOKAHEAD,,,lookahead == 'U'
p_e753fbac3f3c5c4a9656,cpp,ts_lex,1,PUSH_INT,85,,lookahead == 'U'
p_e753fbac3f3c5c4a9656,cpp,ts_lex,2,CMP_EQ,,,lookahead == 'U'
p_b37b124a06e3d4cf7a06,cpp,ts_lex,0,PUSH_LOOKAHEAD,,,lookahead == 'u'
p_b37b124a06e3d4cf7a06,cpp,ts_lex,1,PUSH_INT,117,,lookahead == 'u'
p_b37b124a06e3d4cf7a06,cpp,ts_lex,2,CMP_EQ,,,lookahead == 'u'
p_1a6a6e0d15f22df554a4,cpp,ts_lex,0,PUSH_LOOKAHEAD,,,lookahead == '\\'
p_1a6a6e0d15f22df554a4,cpp,ts_lex,1,PUSH_INT,92,,lookahead == '\\'
p_1a6a6e0d15f22df554a4,cpp,ts_lex,2,CMP_EQ,,,lookahead == '\\'
p_99ee52e732a61090ebda,cpp,ts_lex,0,PUSH_LOOKAHEAD,,,lookahead == '^'
p_99ee52e732a61090ebda,cpp,ts_lex,1,PUSH_INT,94,,lookahead == '^'
p_99ee52e732a61090ebda,cpp,ts_lex,2,CMP_EQ,,,lookahead == '^'
p_381ba2c692a5f4ffd394,cpp,ts_lex,0,PUSH_LOOKAHEAD,,,lookahead == '|'
p_381ba2c692a5f4ffd394,cpp,ts_lex,1,PUSH_INT,124,,lookahead == '|'
p_381ba2c692a5f4ffd394,cpp,ts_lex,2,CMP_EQ,,,lookahead == '|'
p_611860b5cc4a30b0b5b3,cpp,ts_lex,0,PUSH_LOOKAHEAD,,,lookahead == 10
p_611860b5cc4a30b0b5b3,cpp,ts_lex,1,PUSH_INT,10,,lookahead == 10
p_611860b5cc4a30b0b5b3,cpp,ts_lex,2,CMP_EQ,,,lookahead == 10
p_0c227854c68f5931f7a4,cpp,ts_lex,0,PUSH_LOOKAHEAD,,,"lookahead == '""'"
p_0c227854c68f5931f7a4,cpp,ts_lex,1,PUSH_INT,34,,"lookahead == '""'"
p_0c227854c68f5931f7a4,cpp,ts_lex,2,CMP_EQ,,,"lookahead == '""'"
p_53934549056c8fcf46ae,cpp,ts_lex,0,PUSH_LOOKAHEAD,,,lookahead == '/'
p_53934549056c8fcf46ae,cpp,ts_lex,1,PUSH_INT,47,,lookahead == '/'
p_53934549056c8fcf46ae,cpp,ts_lex,2,CMP_EQ,,,lookahead == '/'
p_7bed45decbe6b9783677,cpp,ts_lex,0,PUSH_LOOKAHEAD,,,lookahead != 0
p_7bed45decbe6b9783677,cpp,ts_lex,1,PUSH_INT,0,,lookahead != 0
p_7bed45decbe6b9783677,cpp,ts_lex,2,CMP_NE,,,lookahead != 0
p_9cb24adee33c704d298e,cpp,ts_lex,0,PUSH_LOOKAHEAD,,,lookahead == 'x'
p_9cb24adee33c704d298e,cpp,ts_lex,1,PUSH_INT,120,,lookahead == 'x'
p_9cb24adee33c704d298e,cpp,ts_lex,2,CMP_EQ,,,lookahead == 'x'
p_eeb9b8f003b75e4394b2,cpp,ts_lex,0,PUSH_INT,48,,('0' <= lookahead && lookahead <= '9')
p_eeb9b8f003b75e4394b2,cpp,ts_lex,1,PUSH_LOOKAHEAD,,,('0' <= lookahead && lookahead <= '9')
p_eeb9b8f003b75e4394b2,cpp,ts_lex,2,CMP_LE,,,('0' <= lookahead && lookahead <= '9')
p_eeb9b8f003b75e4394b2,cpp,ts_lex,3,PUSH_LOOKAHEAD,,,('0' <= lookahead && lookahead <= '9')
p_eeb9b8f003b75e4394b2,cpp,ts_lex,4,PUSH_INT,57,,('0' <= lookahead && lookahead <= '9')
p_eeb9b8f003b75e4394b2,cpp,ts_lex,5,CMP_LE,,,('0' <= lookahead && lookahead <= '9')
p_eeb9b8f003b75e4394b2,cpp,ts_lex,6,AND,,,('0' <= lookahead && lookahead <= '9')
p_1975444774c29e562f8c,cpp,ts_lex,0,PUSH_LOOKAHEAD,,,lookahead == '\''
p_1975444774c29e562f8c,cpp,ts_lex,1,PUSH_INT,39,,lookahead == '\''
p_1975444774c29e562f8c,cpp,ts_lex,2,CMP_EQ,,,lookahead == '\''
p_8b65b33a7d345697fa5d,cpp,ts_lex,0,PUSH_LOOKAHEAD,,,lookahead == '('
p_8b65b33a7d345697fa5d,cpp,ts_lex,1,PUSH_INT,40,,lookahead == '('
p_8b65b33a7d345697fa5d,cpp,ts_lex,2,CMP_EQ,,,lookahead == '('
p_c94edbfca866ab5026c2,cpp,ts_lex,0,PUSH_INT,9,,('\t' <= lookahead && lookahead <= '\f') || lookahead == ' '
p_c94edbfca866ab5026c2,cpp,ts_lex,1,PUSH_LOOKAHEAD,,,('\t' <= lookahead && lookahead <= '\f') || lookahead == ' '
p_c94edbfca866ab5026c2,cpp,ts_lex,2,CMP_LE,,,('\t' <= lookahead && lookahead <= '\f') || lookahead == ' '
p_c94edbfca866ab5026c2,cpp,ts_lex,3,PUSH_LOOKAHEAD,,,('\t' <= lookahead && lookahead <= '\f') || lookahead == ' '
p_c94edbfca866ab5026c2,cpp,ts_lex,4,PUSH_INT,12,,('\t' <= lookahead && lookahead <= '\f') || lookahead == ' '
p_c94edbfca866ab5026c2,cpp,ts_lex,5,CMP_LE,,,('\t' <= lookahead && lookahead <= '\f') || lookahead == ' '
p_c94edbfca866ab5026c2,cpp,ts_lex,6,AND,,,('\t' <= lookahead && lookahead <= '\f') || lookahead == ' '
p_c94edbfca866ab5026c2,cpp,ts_lex,7,PUSH_LOOKAHEAD,,,('\t' <= lookahead && lookahead <= '\f') || lookahead == ' '
p_c94edbfca866ab5026c2,cpp,ts_lex,8,PUSH_INT,32,,('\t' <= lookahead && lookahead <= '\f') || lookahead == ' '
p_c94edbfca866ab5026c2,cpp,ts_lex,9,CMP_EQ,,,('\t' <= lookahead && lookahead <= '\f') || lookahead == ' '
p_c94edbfca866ab5026c2,cpp,ts_lex,10,OR,,,('\t' <= lookahead && lookahead <= '\f') || lookahead == ' '
p_a4caa50eea7085ec46eb,cpp,ts_lex,0,PUSH_INT,65,,('A' <= lookahead && lookahead <= '_') || ('a' <= lookahead && lookahead <= 'z')
p_a4caa50eea7085ec46eb,cpp,ts_lex,1,PUSH_LOOKAHEAD,,,('A' <= lookahead && lookahead <= '_') || ('a' <= lookahead && lookahead <= 'z')
p_a4caa50eea7085ec46eb,cpp,ts_lex,2,CMP_LE,,,('A' <= lookahead && lookahead <= '_') || ('a' <= lookahead && lookahead <= 'z')
p_a4caa50eea7085ec46eb,cpp,ts_lex,3,PUSH_LOOKAHEAD,,,('A' <= lookahead && lookahead <= '_') || ('a' <= lookahead && lookahead <= 'z')
p_a4caa50eea7085ec46eb,cpp,ts_lex,4,PUSH_INT,95,,('A' <= lookahead && lookahead <= '_') || ('a' <= lookahead && lookahead <= 'z')
p_a4caa50eea7085ec46eb,cpp,ts_lex,5,CMP_LE,,,('A' <= lookahead && lookahead <= '_') || ('a' <= lookahead && lookahead <= 'z')
p_a4caa50eea7085ec46eb,cpp,ts_lex,6,AND,,,('A' <= lookahead && lookahead <= '_') || ('a' <= lookahead && lookahead <= 'z')
p_a4caa50eea7085ec46eb,cpp,ts_lex,7,PUSH_INT,97,,('A' <= lookahead && lookahead <= '_') || ('a' <= lookahead && lookahead <= 'z')
p_a4caa50eea7085ec46eb,cpp,ts_lex,8,PUSH_LOOKAHEAD,,,('A' <= lookahead && lookahead <= '_') || ('a' <= lookahead && lookahead <= 'z')
p_a4caa50eea7085ec46eb,cpp,ts_lex,9,CMP_LE,,,('A' <= lookahead && lookahead <= '_') || ('a' <= lookahead && lookahead <= 'z')
p_a4caa50eea7085ec46eb,cpp,ts_lex,10,PUSH_LOOKAHEAD,,,('A' <= lookahead && lookahead <= '_') || ('a' <= lookahead && lookahead <= 'z')
p_a4caa50eea7085ec46eb,cpp,ts_lex,11,PUSH_INT,122,,('A' <= lookahead && lookahead <= '_') || ('a' <= lookahead && lookahead <= 'z')
p_a4caa50eea7085ec46eb,cpp,ts_lex,12,CMP_LE,,,('A' <= lookahead && lookahead <= '_') || ('a' <= lookahead && lookahead <= 'z')
p_a4caa50eea7085ec46eb,cpp,ts_lex,13,AND,,,('A' <= lookahead && lookahead <= '_') || ('a' <= lookahead && lookahead <= 'z')
p_a4caa50eea7085ec46eb,cpp,ts_lex,14,OR,,,('A' <= lookahead && lookahead <= '_') || ('a' <= lookahead && lookahead <= 'z')
p_488994716d800e225e10,cpp,ts_lex,0,PUSH_INT,65,,('A' <= lookahead && lookahead <= 'Z') || lookahead == '_' || ('a' <= lookahead && lookahead <= 'z')
p_488994716d800e225e10,cpp,ts_lex,1,PUSH_LOOKAHEAD,,,('A' <= lookahead && lookahead <= 'Z') || lookahead == '_' || ('a' <= lookahead && lookahead <= 'z')
p_488994716d800e225e10,cpp,ts_lex,2,CMP_LE,,,('A' <= lookahead && lookahead <= 'Z') || lookahead == '_' || ('a' <= lookahead && lookahead <= 'z')
p_488994716d800e225e10,cpp,ts_lex,3,PUSH_LOOKAHEAD,,,('A' <= lookahead && lookahead <= 'Z') || lookahead == '_' || ('a' <= lookahead && lookahead <= 'z')
p_488994716d800e225e10,cpp,ts_lex,4,PUSH_INT,90,,('A' <= lookahead && lookahead <= 'Z') || lookahead == '_' || ('a' <= lookahead && lookahead <= 'z')
p_488994716d800e225e10,cpp,ts_lex,5,CMP_LE,,,('A' <= lookahead && lookahead <= 'Z') || lookahead == '_' || ('a' <= lookahead && lookahead <= 'z')
p_488994716d800e225e10,cpp,ts_lex,6,AND,,,('A' <= lookahead && lookahead <= 'Z') || lookahead == '_' || ('a' <= lookahead && lookahead <= 'z')
p_488994716d800e225e10,cpp,ts_lex,7,PUSH_LOOKAHEAD,,,('A' <= lookahead && lookahead <= 'Z') || lookahead == '_' || ('a' <= lookahead && lookahead <= 'z')
p_488994716d800e225e10,cpp,ts_lex,8,PUSH_INT,95,,('A' <= lookahead && lookahead <= 'Z') || lookahead == '_' || ('a' <= lookahead && lookahead <= 'z')
p_488994716d800e225e10,cpp,ts_lex,9,CMP_EQ,,,('A' <= lookahead && lookahead <= 'Z') || lookahead == '_' || ('a' <= lookahead && lookahead <= 'z')
p_488994716d800e225e10,cpp,ts_lex,10,OR,,,('A' <= lookahead && lookahead <= 'Z') || lookahead == '_' || ('a' <= lookahead && lookahead <= 'z')
p_488994716d800e225e10,cpp,ts_lex,11,PUSH_INT,97,,('A' <= lookahead && lookahead <= 'Z') || lookahead == '_' || ('a' <= lookahead && lookahead <= 'z')
p_488994716d800e225e10,cpp,ts_lex,12,PUSH_LOOKAHEAD,,,('A' <= lookahead && lookahead <= 'Z') || lookahead == '_' || ('a' <= lookahead && lookahead <= 'z')
p_488994716d800e225e10,cpp,ts_lex,13,CMP_LE,,,('A' <= lookahead && lookahead <= 'Z') || lookahead == '_' || ('a' <= lookahead && lookahead <= 'z')
p_488994716d800e225e10,cpp,ts_lex,14,PUSH_LOOKAHEAD,,,('A' <= lookahead && lookahead <= 'Z') || lookahead == '_' || ('a' <= lookahead && lookahead <= 'z')
p_488994716d800e225e10,cpp,ts_lex,15,PUSH_INT,122,,('A' <= lookahead && lookahead <= 'Z') || lookahead == '_' || ('a' <= lookahead && lookahead <= 'z')
p_488994716d800e225e10,cpp,ts_lex,16,CMP_LE,,,('A' <= lookahead && lookahead <= 'Z') || lookahead == '_' || ('a' <= lookahead && lookahead <= 'z')
p_488994716d800e225e10,cpp,ts_lex,17,AND,,,('A' <= lookahead && lookahead <= 'Z') || lookahead == '_' || ('a' <= lookahead && lookahead <= 'z')
p_488994716d800e225e10,cpp,ts_lex,18,OR,,,('A' <= lookahead && lookahead <= 'Z') || lookahead == '_' || ('a' <= lookahead && lookahead <= 'z')
p_d7f523a96c4f445bdf47,cpp,ts_lex,0,PUSH_LOOKAHEAD,,,lookahead == 'P' || lookahead == 'p'
p_d7f523a96c4f445bdf47,cpp,ts_lex,1,PUSH_INT,80,,lookahead == 'P' || lookahead == 'p'
p_d7f523a96c4f445bdf47,cpp,ts_lex,2,CMP_EQ,,,lookahead == 'P' || lookahead == 'p'
p_d7f523a96c4f445bdf47,cpp,ts_lex,3,PUSH_LOOKAHEAD,,,lookahead == 'P' || lookahead == 'p'
p_d7f523a96c4f445bdf47,cpp,ts_lex,4,PUSH_INT,112,,lookahead == 'P' || lookahead == 'p'
p_d7f523a96c4f445bdf47,cpp,ts_lex,5,CMP_EQ,,,lookahead == 'P' || lookahead == 'p'
p_d7f523a96c4f445bdf47,cpp,ts_lex,6,OR,,,lookahead == 'P' || lookahead == 'p'
p_bc4e327b47085951646d,cpp,ts_lex,0,PUSH_INT,48,,('0' <= lookahead && lookahead <= '9') || ('A' <= lookahead && lookahead <= 'F') || ('a' <= lookahead && lookahead <= 'f')
p_bc4e327b47085951646d,cpp,ts_lex,1,PUSH_LOOKAHEAD,,,('0' <= lookahead && lookahead <= '9') || ('A' <= lookahead && lookahead <= 'F') || ('a' <= lookahead && lookahead <= 'f')
p_bc4e327b47085951646d,cpp,ts_lex,2,CMP_LE,,,('0' <= lookahead && lookahead <= '9') || ('A' <= lookahead && lookahead <= 'F') || ('a' <= lookahead && lookahead <= 'f')
p_bc4e327b47085951646d,cpp,ts_lex,3,PUSH_LOOKAHEAD,,,('0' <= lookahead && lookahead <= '9') || ('A' <= lookahead && lookahead <= 'F') || ('a' <= lookahead && lookahead <= 'f')
p_bc4e327b47085951646d,cpp,ts_lex,4,PUSH_INT,57,,('0' <= lookahead && lookahead <= '9') || ('A' <= lookahead && lookahead <= 'F') || ('a' <= lookahead && lookahead <= 'f')
p_bc4e327b47085951646d,cpp,ts_lex,5,CMP_LE,,,('0' <= lookahead && lookahead <= '9') || ('A' <= lookahead && lookahead <= 'F') || ('a' <= lookahead && lookahead <= 'f')
p_bc4e327b47085951646d,cpp,ts_lex,6,AND,,,('0' <= lookahead && lookahead <= '9') || ('A' <= lookahead && lookahead <= 'F') || ('a' <= lookahead && lookahead <= 'f')
p_bc4e327b47085951646d,cpp,ts_lex,7,PUSH_INT,65,,('0' <= lookahead && lookahead <= '9') || ('A' <= lookahead && lookahead <= 'F') || ('a' <= lookahead && lookahead <= 'f')
p_bc4e327b47085951646d,cpp,ts_lex,8,PUSH_LOOKAHEAD,,,('0' <= lookahead && lookahead <= '9') || ('A' <= lookahead && lookahead <= 'F') || ('a' <= lookahead && lookahead <= 'f')
p_bc4e327b47085951646d,cpp,ts_lex,9,CMP_LE,,,('0' <= lookahead && lookahead <= '9') || ('A' <= lookahead && lookahead <= 'F') || ('a' <= lookahead && lookahead <= 'f')
p_bc4e327b47085951646d,cpp,ts_lex,10,PUSH_LOOKAHEAD,,,('0' <= lookahead && lookahead <= '9') || ('A' <= lookahead && lookahead <= 'F') || ('a' <= lookahead && lookahead <= 'f')
p_bc4e327b47085951646d,cpp,ts_lex,11,PUSH_INT,70,,('0' <= lookahead && lookahead <= '9') || ('A' <= lookahead && lookahead <= 'F') || ('a' <= lookahead && lookahead <= 'f')
p_bc4e327b47085951646d,cpp,ts_lex,12,CMP_LE,,,('0' <= lookahead && lookahead <= '9') || ('A' <= lookahead && lookahead <= 'F') || ('a' <= lookahead && lookahead <= 'f')
p_bc4e327b47085951646d,cpp,ts_lex,13,AND,,,('0' <= lookahead && lookahead <= '9') || ('A' <= lookahead && lookahead <= 'F') || ('a' <= lookahead && lookahead <= 'f')
p_bc4e327b47085951646d,cpp,ts_lex,14,OR,,,('0' <= lookahead && lookahead <= '9') || ('A' <= lookahead && lookahead <= 'F') || ('a' <= lookahead && lookahead <= 'f')
p_bc4e327b47085951646d,cpp,ts_lex,15,PUSH_INT,97,,('0' <= lookahead && lookahead <= '9') || ('A' <= lookahead && lookahead <= 'F') || ('a' <= lookahead && lookahead <= 'f')
p_bc4e327b47085951646d,cpp,ts_lex,16,PUSH_LOOKAHEAD,,,('0' <= lookahead && lookahead <= '9') || ('A' <= lookahead && lookahead <= 'F') || ('a' <= lookahead && lookahead <= 'f')
p_bc4e327b47085951646d,cpp,ts_lex,17,CMP_LE,,,('0' <= lookahead && lookahead <= '9') || ('A' <= lookahead && lookahead <= 'F') || ('a' <= lookahead && lookahead <= 'f')
p_bc4e327b47085951646d,cpp,ts_lex,18,PUSH_LOOKAHEAD,,,('0' <= lookahead && lookahead <= '9') || ('A' <= lookahead && lookahead <= 'F') || ('a' <= lookahead && lookahead <= 'f')
p_bc4e327b47085951646d,cpp,ts_lex,19,PUSH_INT,102,,('0' <= lookahead && lookahead <= '9') || ('A' <= lookahead && lookahead <= 'F') || ('a' <= lookahead && lookahead <= 'f')
p_bc4e327b47085951646d,cpp,ts_lex,20,CMP_LE,,,('0' <= lookahead && lookahead <= '9') || ('A' <= lookahead && lookahead <= 'F') || ('a' <= lookahead && lookahead <= 'f')
p_bc4e327b47085951646d,cpp,ts_lex,21,AND,,,('0' <= lookahead && lookahead <= '9') || ('A' <= lookahead && lookahead <= 'F') || ('a' <= lookahead && lookahead <= 'f')
p_bc4e327b47085951646d,cpp,ts_lex,22,OR,,,('0' <= lookahead && lookahead <= '9') || ('A' <= lookahead && lookahead <= 'F') || ('a' <= lookahead && lookahead <= 'f')
p_e032d3978bbc4b3c4c20,cpp,ts_lex,0,PUSH_LOOKAHEAD,,,lookahead == '.'
p_e032d3978bbc4b3c4c20,cpp,ts_lex,1,PUSH_INT,46,,lookahead == '.'
p_e032d3978bbc4b3c4c20,cpp,ts_lex,2,CMP_EQ,,,lookahead == '.'
p_c76a99cd90a31baca868,cpp,ts_lex,0,PUSH_LOOKAHEAD,,,lookahead == 'E' || lookahead == 'e'
p_c76a99cd90a31baca868,cpp,ts_lex,1,PUSH_INT,69,,lookahead == 'E' || lookahead == 'e'
p_c76a99cd90a31baca868,cpp,ts_lex,2,CMP_EQ,,,lookahead == 'E' || lookahead == 'e'
p_c76a99cd90a31baca868,cpp,ts_lex,3,PUSH_LOOKAHEAD,,,lookahead == 'E' || lookahead == 'e'
p_c76a99cd90a31baca868,cpp,ts_lex,4,PUSH_INT,101,,lookahead == 'E' || lookahead == 'e'
p_c76a99cd90a31baca868,cpp,ts_lex,5,CMP_EQ,,,lookahead == 'E' || lookahead == 'e'
p_c76a99cd90a31baca868,cpp,ts_lex,6,OR,,,lookahead == 'E' || lookahead == 'e'
p_84a2fc9619e764588689,cpp,ts_lex,0,PUSH_LOOKAHEAD,,,lookahead == ')'
p_84a2fc9619e764588689,cpp,ts_lex,1,PUSH_INT,41,,lookahead == ')'
p_84a2fc9619e764588689,cpp,ts_lex,2,CMP_EQ,,,lookahead == ')'
p_25457a11b059271bfb14,cpp,ts_lex,0,PUSH_LOOKAHEAD,,,lookahead == '*'
p_25457a11b059271bfb14,cpp,ts_lex,1,PUSH_INT,42,,lookahead == '*'
p_25457a11b059271bfb14,cpp,ts_lex,2,CMP_EQ,,,lookahead == '*'
p_7aa46122cf8fff927828,cpp,ts_lex,0,PUSH_LOOKAHEAD,,,lookahead == '1'
p_7aa46122cf8fff927828,cpp,ts_lex,1,PUSH_INT,49,,lookahead == '1'
p_7aa46122cf8fff927828,cpp,ts_lex,2,CMP_EQ,,,lookahead == '1'
p_202fd6f69ebf25cc4625,cpp,ts_lex,0,PUSH_LOOKAHEAD,,,lookahead == '2'
p_202fd6f69ebf25cc4625,cpp,ts_lex,1,PUSH_INT,50,,lookahead == '2'
p_202fd6f69ebf25cc4625,cpp,ts_lex,2,CMP_EQ,,,lookahead == '2'
p_0edde7a25f77638dbcf8,cpp,ts_lex,0,PUSH_LOOKAHEAD,,,lookahead == '6'
p_0edde7a25f77638dbcf8,cpp,ts_lex,1,PUSH_INT,54,,lookahead == '6'
p_0edde7a25f77638dbcf8,cpp,ts_lex,2,CMP_EQ,,,lookahead == '6'
p_bc8bd99a7f3708443d84,cpp,ts_lex,0,PUSH_LOOKAHEAD,,,lookahead == '4'
p_bc8bd99a7f3708443d84,cpp,ts_lex,1,PUSH_INT,52,,lookahead == '4'
p_bc8bd99a7f3708443d84,cpp,ts_lex,2,CMP_EQ,,,lookahead == '4'
p_34350875ab42c6136837,cpp,ts_lex,0,PUSH_LOOKAHEAD,,,lookahead == '8'
p_34350875ab42c6136837,cpp,ts_lex,1,PUSH_INT,56,,lookahead == '8'
p_34350875ab42c6136837,cpp,ts_lex,2,CMP_EQ,,,lookahead == '8'
p_c2964b7cd51f62eab068,cpp,ts_lex,0,PUSH_LOOKAHEAD,,,lookahead == ':'
p_c2964b7cd51f62eab068,cpp,ts_lex,1,PUSH_INT,58,,lookahead == ':'
p_c2964b7cd51f62eab068,cpp,ts_lex,2,CMP_EQ,,,lookahead == ':'
p_45457f0045ae85bf22b0,cpp,ts_lex,0,PUSH_LOOKAHEAD,,,lookahead == '['
p_45457f0045ae85bf22b0,cpp,ts_lex,1,PUSH_INT,91,,lookahead == '['
p_45457f0045ae85bf22b0,cpp,ts_lex,2,CMP_EQ,,,lookahead == '['
p_8d7ce88d0a09f4187f63,cpp,ts_lex,0,PUSH_LOOKAHEAD,,,lookahead == ']'
p_8d7ce88d0a09f4187f63,cpp,ts_lex,1,PUSH_INT,93,,lookahead == ']'
p_8d7ce88d0a09f4187f63,cpp,ts_lex,2,CMP_EQ,,,lookahead == ']'
p_44e0f6e78d02c8f2f17e,cpp,ts_lex,0,PUSH_LOOKAHEAD,,,lookahead == '<'
p_44e0f6e78d02c8f2f17e,cpp,ts_lex,1,PUSH_INT,60,,lookahead == '<'
p_44e0f6e78d02c8f2f17e,cpp,ts_lex,2,CMP_EQ,,,lookahead == '<'
p_ac85f9ef156c669389e3,cpp,ts_lex,0,PUSH_LOOKAHEAD,,,lookahead == '='
p_ac85f9ef156c669389e3,cpp,ts_lex,1,PUSH_INT,61,,lookahead == '='
p_ac85f9ef156c669389e3,cpp,ts_lex,2,CMP_EQ,,,lookahead == '='
p_f92efd0b22d0d6c3d296,cpp,ts_lex,0,PUSH_LOOKAHEAD,,,lookahead == '>'
p_f92efd0b22d0d6c3d296,cpp,ts_lex,1,PUSH_INT,62,,lookahead == '>'
p_f92efd0b22d0d6c3d296,cpp,ts_lex,2,CMP_EQ,,,lookahead == '>'
p_859f36652a6ce7f00264,cpp,ts_lex,0,PUSH_LOOKAHEAD,,,lookahead != 0 && lookahead != '\n'
p_859f36652a6ce7f00264,cpp,ts_lex,1,PUSH_INT,0,,lookahead != 0 && lookahead != '\n'
p_859f36652a6ce7f00264,cpp,ts_lex,2,CMP_NE,,,lookahead != 0 && lookahead != '\n'
p_859f36652a6ce7f00264,cpp,ts_lex,3,PUSH_LOOKAHEAD,,,lookahead != 0 && lookahead != '\n'
p_859f36652a6ce7f00264,cpp,ts_lex,4,PUSH_INT,10,,lookahead != 0 && lookahead != '\n'
p_859f36652a6ce7f00264,cpp,ts_lex,5,CMP_NE,,,lookahead != 0 && lookahead != '\n'
p_859f36652a6ce7f00264,cpp,ts_lex,6,AND,,,lookahead != 0 && lookahead != '\n'
p_0b2c76aa53320f0c5500,cpp,ts_lex,0,PUSH_LOOKAHEAD,,,lookahead == 'F'
p_0b2c76aa53320f0c5500,cpp,ts_lex,1,PUSH_INT,70,,lookahead == 'F'
p_0b2c76aa53320f0c5500,cpp,ts_lex,2,CMP_EQ,,,lookahead == 'F'
p_dca8106507b8cc2b20cf,cpp,ts_lex,0,PUSH_LOOKAHEAD,,,lookahead == 'd'
p_dca8106507b8cc2b20cf,cpp,ts_lex,1,PUSH_INT,100,,lookahead == 'd'
p_dca8106507b8cc2b20cf,cpp,ts_lex,2,CMP_EQ,,,lookahead == 'd'
p_d408c9fc35363fba16e2,cpp,ts_lex,0,PUSH_LOOKAHEAD,,,lookahead == 'e'
p_d408c9fc35363fba16e2,cpp,ts_lex,1,PUSH_INT,101,,lookahead == 'e'
p_d408c9fc35363fba16e2,cpp,ts_lex,2,CMP_EQ,,,lookahead == 'e'
p_3beb755210eeefd0dbb5,cpp,ts_lex,0,PUSH_LOOKAHEAD,,,lookahead == 'i'
p_3beb755210eeefd0dbb5,cpp,ts_lex,1,PUSH_INT,105,,lookahead == 'i'
p_3beb755210eeefd0dbb5,cpp,ts_lex,2,CMP_EQ,,,lookahead == 'i'
p_2c1dc2eac78c971af489,cpp,ts_lex,0,PUSH_LOOKAHEAD,,,lookahead == '\t' || lookahead == ' '
p_2c1dc2eac78c971af489,cpp,ts_lex,1,PUSH_INT,9,,lookahead == '\t' || lookahead == ' '
p_2c1dc2eac78c971af489,cpp,ts_lex,2,CMP_EQ,,,lookahead == '\t' || lookahead == ' '
p_2c1dc2eac78c971af489,cpp,ts_lex,3,PUSH_LOOKAHEAD,,,lookahead == '\t' || lookahead == ' '
p_2c1dc2eac78c971af489,cpp,ts_lex,4,PUSH_INT,32,,lookahead == '\t' || lookahead == ' '
p_2c1dc2eac78c971af489,cpp,ts_lex,5,CMP_EQ,,,lookahead == '\t' || lookahead == ' '
p_2c1dc2eac78c971af489,cpp,ts_lex,6,OR,,,lookahead == '\t' || lookahead == ' '
p_19a85ad434493ef8f8fb,cpp,ts_lex,0,PUSH_INT,48,,('0' <= lookahead && lookahead <= '9') || ('A' <= lookahead && lookahead <= 'Z') || ('a' <= lookahead && lookahead <= 'z')
p_19a85ad434493ef8f8fb,cpp,ts_lex,1,PUSH_LOOKAHEAD,,,('0' <= lookahead && lookahead <= '9') || ('A' <= lookahead && lookahead <= 'Z') || ('a' <= lookahead && lookahead <= 'z')
p_19a85ad434493ef8f8fb,cpp,ts_lex,2,CMP_LE,,,('0' <= lookahead && lookahead <= '9') || ('A' <= lookahead && lookahead <= 'Z') || ('a' <= lookahead && lookahead <= 'z')
p_19a85ad434493ef8f8fb,cpp,ts_lex,3,PUSH_LOOKAHEAD,,,('0' <= lookahead && lookahead <= '9') || ('A' <= lookahead && lookahead <= 'Z') || ('a' <= lookahead && lookahead <= 'z')
p_19a85ad434493ef8f8fb,cpp,ts_lex,4,PUSH_INT,57,,('0' <= lookahead && lookahead <= '9') || ('A' <= lookahead && lookahead <= 'Z') || ('a' <= lookahead && lookahead <= 'z')
p_19a85ad434493ef8f8fb,cpp,ts_lex,5,CMP_LE,,,('0' <= lookahead && lookahead <= '9') || ('A' <= lookahead && lookahead <= 'Z') || ('a' <= lookahead && lookahead <= 'z')
p_19a85ad434493ef8f8fb,cpp,ts_lex,6,AND,,,('0' <= lookahead && lookahead <= '9') || ('A' <= lookahead && lookahead <= 'Z') || ('a' <= lookahead && lookahead <= 'z')
p_19a85ad434493ef8f8fb,cpp,ts_lex,7,PUSH_INT,65,,('0' <= lookahead && lookahead <= '9') || ('A' <= lookahead && lookahead <= 'Z') || ('a' <= lookahead && lookahead <= 'z')
p_19a85ad434493ef8f8fb,cpp,ts_lex,8,PUSH_LOOKAHEAD,,,('0' <= lookahead && lookahead <= '9') || ('A' <= lookahead && lookahead <= 'Z') || ('a' <= lookahead && lookahead <= 'z')
p_19a85ad434493ef8f8fb,cpp,ts_lex,9,CMP_LE,,,('0' <= lookahead && lookahead <= '9') || ('A' <= lookahead && lookahead <= 'Z') || ('a' <= lookahead && lookahead <= 'z')
p_19a85ad434493ef8f8fb,cpp,ts_lex,10,PUSH_LOOKAHEAD,,,('0' <= lookahead && lookahead <= '9') || ('A' <= lookahead && lookahead <= 'Z') || ('a' <= lookahead && lookahead <= 'z')
p_19a85ad434493ef8f8fb,cpp,ts_lex,11,PUSH_INT,90,,('0' <= lookahead && lookahead <= '9') || ('A' <= lookahead && lookahead <= 'Z') || ('a' <= lookahead && lookahead <= 'z')
p_19a85ad434493ef8f8fb,cpp,ts_lex,12,CMP_LE,,,('0' <= lookahead && lookahead <= '9') || ('A' <= lookahead && lookahead <= 'Z') || ('a' <= lookahead && lookahead <= 'z')
p_19a85ad434493ef8f8fb,cpp,ts_lex,13,AND,,,('0' <= lookahead && lookahead <= '9') || ('A' <= lookahead && lookahead <= 'Z') || ('a' <= lookahead && lookahead <= 'z')
p_19a85ad434493ef8f8fb,cpp,ts_lex,14,OR,,,('0' <= lookahead && lookahead <= '9') || ('A' <= lookahead && lookahead <= 'Z') || ('a' <= lookahead && lookahead <= 'z')
p_19a85ad434493ef8f8fb,cpp,ts_lex,15,PUSH_INT,97,,('0' <= lookahead && lookahead <= '9') || ('A' <= lookahead && lookahead <= 'Z') || ('a' <= lookahead && lookahead <= 'z')
p_19a85ad434493ef8f8fb,cpp,ts_lex,16,PUSH_LOOKAHEAD,,,('0' <= lookahead && lookahead <= '9') || ('A' <= lookahead && lookahead <= 'Z') || ('a' <= lookahead && lookahead <= 'z')
p_19a85ad434493ef8f8fb,cpp,ts_lex,17,CMP_LE,,,('0' <= lookahead && lookahead <= '9') || ('A' <= lookahead && lookahead <= 'Z') || ('a' <= lookahead && lookahead <= 'z')
p_19a85ad434493ef8f8fb,cpp,ts_lex,18,PUSH_LOOKAHEAD,,,('0' <= lookahead && lookahead <= '9') || ('A' <= lookahead && lookahead <= 'Z') || ('a' <= lookahead && lookahead <= 'z')
p_19a85ad434493ef8f8fb,cpp,ts_lex,19,PUSH_INT,122,,('0' <= lookahead && lookahead <= '9') || ('A' <= lookahead && lookahead <= 'Z') || ('a' <= lookahead && lookahead <= 'z')
p_19a85ad434493ef8f8fb,cpp,ts_lex,20,CMP_LE,,,('0' <= lookahead && lookahead <= '9') || ('A' <= lookahead && lookahead <= 'Z') || ('a' <= lookahead && lookahead <= 'z')
p_19a85ad434493ef8f8fb,cpp,ts_lex,21,AND,,,('0' <= lookahead && lookahead <= '9') || ('A' <= lookahead && lookahead <= 'Z') || ('a' <= lookahead && lookahead <= 'z')
p_19a85ad434493ef8f8fb,cpp,ts_lex,22,OR,,,('0' <= lookahead && lookahead <= '9') || ('A' <= lookahead && lookahead <= 'Z') || ('a' <= lookahead && lookahead <= 'z')
p_aa8d3ec397d15ab26e57,cpp,ts_lex,0,PUSH_LOOKAHEAD,,,lookahead == 'f'
p_aa8d3ec397d15ab26e57,cpp,ts_lex,1,PUSH_INT,102,,lookahead == 'f'
p_aa8d3ec397d15ab26e57,cpp,ts_lex,2,CMP_EQ,,,lookahead == 'f'
p_9151431477bb3c70b6bf,cpp,ts_lex,0,PUSH_LOOKAHEAD,,,lookahead == 's'
p_9151431477bb3c70b6bf,cpp,ts_lex,1,PUSH_INT,115,,lookahead == 's'
p_9151431477bb3c70b6bf,cpp,ts_lex,2,CMP_EQ,,,lookahead == 's'
p_b3ff3ec8a06617dd9dd2,cpp,ts_lex,0,PUSH_LOOKAHEAD,,,lookahead == 'l'
p_b3ff3ec8a06617dd9dd2,cpp,ts_lex,1,PUSH_INT,108,,lookahead == 'l'
p_b3ff3ec8a06617dd9dd2,cpp,ts_lex,2,CMP_EQ,,,lookahead == 'l'
p_4295f378f33cc98e0810,cpp,ts_lex,0,PUSH_LOOKAHEAD,,,lookahead == 'n'
p_4295f378f33cc98e0810,cpp,ts_lex,1,PUSH_INT,110,,lookahead == 'n'
p_4295f378f33cc98e0810,cpp,ts_lex,2,CMP_EQ,,,lookahead == 'n'
p_e2729a08ea41e7ac211a,cpp,ts_lex,0,PUSH_LOOKAHEAD,,,lookahead == '+' || lookahead == '-'
p_e2729a08ea41e7ac211a,cpp,ts_lex,1,PUSH_INT,43,,lookahead == '+' || lookahead == '-'
p_e2729a08ea41e7ac211a,cpp,ts_lex,2,CMP_EQ,,,lookahead == '+' || lookahead == '-'
p_e2729a08ea41e7ac211a,cpp,ts_lex,3,PUSH_LOOKAHEAD,,,lookahead == '+' || lookahead == '-'
p_e2729a08ea41e7ac211a,cpp,ts_lex,4,PUSH_INT,45,,lookahead == '+' || lookahead == '-'
p_e2729a08ea41e7ac211a,cpp,ts_lex,5,CMP_EQ,,,lookahead == '+' || lookahead == '-'
p_e2729a08ea41e7ac211a,cpp,ts_lex,6,OR,,,lookahead == '+' || lookahead == '-'
p_1ee10bf8d7c386f78ad2,cpp,ts_lex,0,PUSH_LOOKAHEAD,,,lookahead == '0' || lookahead == '1'
p_1ee10bf8d7c386f78ad2,cpp,ts_lex,1,PUSH_INT,48,,lookahead == '0' || lookahead == '1'
p_1ee10bf8d7c386f78ad2,cpp,ts_lex,2,CMP_EQ,,,lookahead == '0' || lookahead == '1'
p_1ee10bf8d7c386f78ad2,cpp,ts_lex,3,PUSH_LOOKAHEAD,,,lookahead == '0' || lookahead == '1'
p_1ee10bf8d7c386f78ad2,cpp,ts_lex,4,PUSH_INT,49,,lookahead == '0' || lookahead == '1'
p_1ee10bf8d7c386f78ad2,cpp,ts_lex,5,CMP_EQ,,,lookahead == '0' || lookahead == '1'
p_1ee10bf8d7c386f78ad2,cpp,ts_lex,6,OR,,,lookahead == '0' || lookahead == '1'
p_509d2d52a542edd003b7,cpp,ts_lex,0,PUSH_LOOKAHEAD,,,lookahead == '8' || lookahead == '9'
p_509d2d52a542edd003b7,cpp,ts_lex,1,PUSH_INT,56,,lookahead == '8' || lookahead == '9'
p_509d2d52a542edd003b7,cpp,ts_lex,2,CMP_EQ,,,lookahead == '8' || lookahead == '9'
p_509d2d52a542edd003b7,cpp,ts_lex,3,PUSH_LOOKAHEAD,,,lookahead == '8' || lookahead == '9'
p_509d2d52a542edd003b7,cpp,ts_lex,4,PUSH_INT,57,,lookahead == '8' || lookahead == '9'
p_509d2d52a542edd003b7,cpp,ts_lex,5,CMP_EQ,,,lookahead == '8' || lookahead == '9'
p_509d2d52a542edd003b7,cpp,ts_lex,6,OR,,,lookahead == '8' || lookahead == '9'
p_80a721ba17cc570f6b1e,cpp,ts_lex,0,PUSH_INT,48,,('0' <= lookahead && lookahead <= '7')
p_80a721ba17cc570f6b1e,cpp,ts_lex,1,PUSH_LOOKAHEAD,,,('0' <= lookahead && lookahead <= '7')
p_80a721ba17cc570f6b1e,cpp,ts_lex,2,CMP_LE,,,('0' <= lookahead && lookahead <= '7')
p_80a721ba17cc570f6b1e,cpp,ts_lex,3,PUSH_LOOKAHEAD,,,('0' <= lookahead && lookahead <= '7')
p_80a721ba17cc570f6b1e,cpp,ts_lex,4,PUSH_INT,55,,('0' <= lookahead && lookahead <= '7')
p_80a721ba17cc570f6b1e,cpp,ts_lex,5,CMP_LE,,,('0' <= lookahead && lookahead <= '7')
p_80a721ba17cc570f6b1e,cpp,ts_lex,6,AND,,,('0' <= lookahead && lookahead <= '7')
p_2fac65750f196c7ac00d,cpp,ts_lex,0,PUSH_LOOKAHEAD,,,lookahead != 0 && lookahead != '*'
p_2fac65750f196c7ac00d,cpp,ts_lex,1,PUSH_INT,0,,lookahead != 0 && lookahead != '*'
p_2fac65750f196c7ac00d,cpp,ts_lex,2,CMP_NE,,,lookahead != 0 && lookahead != '*'
p_2fac65750f196c7ac00d,cpp,ts_lex,3,PUSH_LOOKAHEAD,,,lookahead != 0 && lookahead != '*'
p_2fac65750f196c7ac00d,cpp,ts_lex,4,PUSH_INT,42,,lookahead != 0 && lookahead != '*'
p_2fac65750f196c7ac00d,cpp,ts_lex,5,CMP_NE,,,lookahead != 0 && lookahead != '*'
p_2fac65750f196c7ac00d,cpp,ts_lex,6,AND,,,lookahead != 0 && lookahead != '*'
p_7bfbdcff93f71c010770,cpp,ts_lex,0,PUSH_INT,48,,('0' <= lookahead && lookahead <= '9') || ('A' <= lookahead && lookahead <= 'Z') || lookahead == '_' || ('a' <= lookahead && lookahead <= 'z')
p_7bfbdcff93f71c010770,cpp,ts_lex,1,PUSH_LOOKAHEAD,,,('0' <= lookahead && lookahead <= '9') || ('A' <= lookahead && lookahead <= 'Z') || lookahead == '_' || ('a' <= lookahead && lookahead <= 'z')
p_7bfbdcff93f71c010770,cpp,ts_lex,2,CMP_LE,,,('0' <= lookahead && lookahead <= '9') || ('A' <= lookahead && lookahead <= 'Z') || lookahead == '_' || ('a' <= lookahead && lookahead <= 'z')
p_7bfbdcff93f71c010770,cpp,ts_lex,3,PUSH_LOOKAHEAD,,,('0' <= lookahead && lookahead <= '9') || ('A' <= lookahead && lookahead <= 'Z') || lookahead == '_' || ('a' <= lookahead && lookahead <= 'z')
p_7bfbdcff93f71c010770,cpp,ts_lex,4,PUSH_INT,57,,('0' <= lookahead && lookahead <= '9') || ('A' <= lookahead && lookahead <= 'Z') || lookahead == '_' || ('a' <= lookahead && lookahead <= 'z')
p_7bfbdcff93f71c010770,cpp,ts_lex,5,CMP_LE,,,('0' <= lookahead && lookahead <= '9') || ('A' <= lookahead && lookahead <= 'Z') || lookahead == '_' || ('a' <= lookahead && lookahead <= 'z')
p_7bfbdcff93f71c010770,cpp,ts_lex,6,AND,,,('0' <= lookahead && lookahead <= '9') || ('A' <= lookahead && lookahead <= 'Z') || lookahead == '_' || ('a' <= lookahead && lookahead <= 'z')
p_7bfbdcff93f71c010770,cpp,ts_lex,7,PUSH_INT,65,,('0' <= lookahead && lookahead <= '9') || ('A' <= lookahead && lookahead <= 'Z') || lookahead == '_' || ('a' <= lookahead && lookahead <= 'z')
p_7bfbdcff93f71c010770,cpp,ts_lex,8,PUSH_LOOKAHEAD,,,('0' <= lookahead && lookahead <= '9') || ('A' <= lookahead && lookahead <= 'Z') || lookahead == '_' || ('a' <= lookahead && lookahead <= 'z')
p_7bfbdcff93f71c010770,cpp,ts_lex,9,CMP_LE,,,('0' <= lookahead && lookahead <= '9') || ('A' <= lookahead && lookahead <= 'Z') || lookahead == '_' || ('a' <= lookahead && lookahead <= 'z')
p_7bfbdcff93f71c010770,cpp,ts_lex,10,PUSH_LOOKAHEAD,,,('0' <= lookahead && lookahead <= '9') || ('A' <= lookahead && lookahead <= 'Z') || lookahead == '_' || ('a' <= lookahead && lookahead <= 'z')
p_7bfbdcff93f71c010770,cpp,ts_lex,11,PUSH_INT,90,,('0' <= lookahead && lookahead <= '9') || ('A' <= lookahead && lookahead <= 'Z') || lookahead == '_' || ('a' <= lookahead && lookahead <= 'z')
p_7bfbdcff93f71c010770,cpp,ts_lex,12,CMP_LE,,,('0' <= lookahead && lookahead <= '9') || ('A' <= lookahead && lookahead <= 'Z') || lookahead == '_' || ('a' <= lookahead && lookahead <= 'z')
p_7bfbdcff93f71c010770,cpp,ts_lex,13,AND,,,('0' <= lookahead && lookahead <= '9') || ('A' <= lookahead && lookahead <= 'Z') || lookahead == '_' || ('a' <= lookahead && lookahead <= 'z')
p_7bfbdcff93f71c010770,cpp,ts_lex,14,OR,,,('0' <= lookahead && lookahead <= '9') || ('A' <= lookahead && lookahead <= 'Z') || lookahead == '_' || ('a' <= lookahead && lookahead <= 'z')
p_7bfbdcff93f71c010770,cpp,ts_lex,15,PUSH_LOOKAHEAD,,,('0' <= lookahead && lookahead <= '9') || ('A' <= lookahead && lookahead <= 'Z') || lookahead == '_' || ('a' <= lookahead && lookahead <= 'z')
p_7bfbdcff93f71c010770,cpp,ts_lex,16,PUSH_INT,95,,('0' <= lookahead && lookahead <= '9') || ('A' <= lookahead && lookahead <= 'Z') || lookahead == '_' || ('a' <= lookahead && lookahead <= 'z')
p_7bfbdcff93f71c010770,cpp,ts_lex,17,CMP_EQ,,,('0' <= lookahead && lookahead <= '9') || ('A' <= lookahead && lookahead <= 'Z') || lookahead == '_' || ('a' <= lookahead && lookahead <= 'z')
p_7bfbdcff93f71c010770,cpp,ts_lex,18,OR,,,('0' <= lookahead && lookahead <= '9') || ('A' <= lookahead && lookahead <= 'Z') || lookahead == '_' || ('a' <= lookahead && lookahead <= 'z')
p_7bfbdcff93f71c010770,cpp,ts_lex,19,PUSH_INT,97,,('0' <= lookahead && lookahead <= '9') || ('A' <= lookahead && lookahead <= 'Z') || lookahead == '_' || ('a' <= lookahead && lookahead <= 'z')
p_7bfbdcff93f71c010770,cpp,ts_lex,20,PUSH_LOOKAHEAD,,,('0' <= lookahead && lookahead <= '9') || ('A' <= lookahead && lookahead <= 'Z') || lookahead == '_' || ('a' <= lookahead && lookahead <= 'z')
p_7bfbdcff93f71c010770,cpp,ts_lex,21,CMP_LE,,,('0' <= lookahead && lookahead <= '9') || ('A' <= lookahead && lookahead <= 'Z') || lookahead == '_' || ('a' <= lookahead && lookahead <= 'z')
p_7bfbdcff93f71c010770,cpp,ts_lex,22,PUSH_LOOKAHEAD,,,('0' <= lookahead && lookahead <= '9') || ('A' <= lookahead && lookahead <= 'Z') || lookahead == '_' || ('a' <= lookahead && lookahead <= 'z')
p_7bfbdcff93f71c010770,cpp,ts_lex,23,PUSH_INT,122,,('0' <= lookahead && lookahead <= '9') || ('A' <= lookahead && lookahead <= 'Z') || lookahead == '_' || ('a' <= lookahead && lookahead <= 'z')
p_7bfbdcff93f71c010770,cpp,ts_lex,24,CMP_LE,,,('0' <= lookahead && lookahead <= '9') || ('A' <= lookahead && lookahead <= 'Z') || lookahead == '_' || ('a' <= lookahead && lookahead <= 'z')
p_7bfbdcff93f71c010770,cpp,ts_lex,25,AND,,,('0' <= lookahead && lookahead <= '9') || ('A' <= lookahead && lookahead <= 'Z') || lookahead == '_' || ('a' <= lookahead && lookahead <= 'z')
p_7bfbdcff93f71c010770,cpp,ts_lex,26,OR,,,('0' <= lookahead && lookahead <= '9') || ('A' <= lookahead && lookahead <= 'Z') || lookahead == '_' || ('a' <= lookahead && lookahead <= 'z')
p_842637624ea257bcc88a,cpp,ts_lex,0,PUSH_LOOKAHEAD,,,lookahead == 'c'
p_842637624ea257bcc88a,cpp,ts_lex,1,PUSH_INT,99,,lookahead == 'c'
p_842637624ea257bcc88a,cpp,ts_lex,2,CMP_EQ,,,lookahead == 'c'
p_ca55abf64529a4986d91,cpp,ts_lex,0,PUSH_LOOKAHEAD,,,lookahead == '-'
p_ca55abf64529a4986d91,cpp,ts_lex,1,PUSH_INT,45,,lookahead == '-'
p_ca55abf64529a4986d91,cpp,ts_lex,2,CMP_EQ,,,lookahead == '-'
p_63e01cced20a70d92c95,cpp,ts_lex,0,PUSH_LOOKAHEAD,,,lookahead == '0'
p_63e01cced20a70d92c95,cpp,ts_lex,1,PUSH_INT,48,,lookahead == '0'
p_63e01cced20a70d92c95,cpp,ts_lex,2,CMP_EQ,,,lookahead == '0'
p_6dbf42f0fc722ca55cfa,cpp,ts_lex,0,PUSH_LOOKAHEAD,,,lookahead == '+'
p_6dbf42f0fc722ca55cfa,cpp,ts_lex,1,PUSH_INT,43,,lookahead == '+'
p_6dbf42f0fc722ca55cfa,cpp,ts_lex,2,CMP_EQ,,,lookahead == '+'
p_83431b040315fd55a0ed,cpp,ts_lex,0,PUSH_LOOKAHEAD,,,lookahead == '&'
p_83431b040315fd55a0ed,cpp,ts_lex,1,PUSH_INT,38,,lookahead == '&'
p_83431b040315fd55a0ed,cpp,ts_lex,2,CMP_EQ,,,lookahead == '&'
p_7878ad953fff60c50cc0,cpp,ts_lex,0,PUSH_LOOKAHEAD,,,lookahead == '3'
p_7878ad953fff60c50cc0,cpp,ts_lex,1,PUSH_INT,51,,lookahead == '3'
p_7878ad953fff60c50cc0,cpp,ts_lex,2,CMP_EQ,,,lookahead == '3'
p_a606b80848add56dbcd6,cpp,ts_lex,0,PUSH_LOOKAHEAD,,,lookahead == 'p'
p_a606b80848add56dbcd6,cpp,ts_lex,1,PUSH_INT,112,,lookahead == 'p'
p_a606b80848add56dbcd6,cpp,ts_lex,2,CMP_EQ,,,lookahead == 'p'
p_221f2c2f7315bfedada6,cpp,ts_lex,0,SET_CONTAINS,sym_identifier_character_set_2,802,"set_contains(sym_identifier_character_set_2, 802, lookahead)"
p_82e621f1c651bb5c595d,cpp,ts_lex,0,PUSH_LOOKAHEAD,,,lookahead == 66
p_82e621f1c651bb5c595d,cpp,ts_lex,1,PUSH_INT,66,,lookahead == 66
p_82e621f1c651bb5c595d,cpp,ts_lex,2,CMP_EQ,,,lookahead == 66
p_0b3e69233bc6b67b876c,cpp,ts_lex,0,PUSH_LOOKAHEAD,,,lookahead == 69
p_0b3e69233bc6b67b876c,cpp,ts_lex,1,PUSH_INT,69,,lookahead == 69
p_0b3e69233bc6b67b876c,cpp,ts_lex,2,CMP_EQ,,,lookahead == 69
p_2b4d008cc2eaa81adbc7,cpp,ts_lex,0,PUSH_LOOKAHEAD,,,lookahead == 101
p_2b4d008cc2eaa81adbc7,cpp,ts_lex,1,PUSH_INT,101,,lookahead == 101
p_2b4d008cc2eaa81adbc7,cpp,ts_lex,2,CMP_EQ,,,lookahead == 101
p_291953638a76be289a62,cpp,ts_lex,0,PUSH_LOOKAHEAD,,,lookahead == 108
p_291953638a76be289a62,cpp,ts_lex,1,PUSH_INT,108,,lookahead == 108
p_291953638a76be289a62,cpp,ts_lex,2,CMP_EQ,,,lookahead == 108
p_962d3ebe9d508cf8ef17,cpp,ts_lex,0,PUSH_LOOKAHEAD,,,lookahead == 88
p_962d3ebe9d508cf8ef17,cpp,ts_lex,1,PUSH_INT,88,,lookahead == 88
p_962d3ebe9d508cf8ef17,cpp,ts_lex,2,CMP_EQ,,,lookahead == 88
p_dab670a8a6e55a34e1a3,cpp,ts_lex,0,PUSH_LOOKAHEAD,,,lookahead == 120
p_dab670a8a6e55a34e1a3,cpp,ts_lex,1,PUSH_INT,120,,lookahead == 120
p_dab670a8a6e55a34e1a3,cpp,ts_lex,2,CMP_EQ,,,lookahead == 120
p_93de0cedab199b8d9c67,cpp,ts_lex,0,PUSH_LOOKAHEAD,,,lookahead == 90
p_93de0cedab199b8d9c67,cpp,ts_lex,1,PUSH_INT,90,,lookahead == 90
p_93de0cedab199b8d9c67,cpp,ts_lex,2,CMP_EQ,,,lookahead == 90
p_394805bfe84efce48405,cpp,ts_lex,0,PUSH_LOOKAHEAD,,,lookahead == 122
p_394805bfe84efce48405,cpp,ts_lex,1,PUSH_INT,122,,lookahead == 122
p_394805bfe84efce48405,cpp,ts_lex,2,CMP_EQ,,,lookahead == 122
p_aa6e5df095a88b9c43f7,cpp,ts_lex,0,PUSH_LOOKAHEAD,,,lookahead == 56
p_aa6e5df095a88b9c43f7,cpp,ts_lex,1,PUSH_INT,56,,lookahead == 56
p_aa6e5df095a88b9c43f7,cpp,ts_lex,2,CMP_EQ,,,lookahead == 56
p_8b5f3676e9fef79b1176,cpp,ts_lex,0,PUSH_LOOKAHEAD,,,lookahead == 57
p_8b5f3676e9fef79b1176,cpp,ts_lex,1,PUSH_INT,57,,lookahead == 57
p_8b5f3676e9fef79b1176,cpp,ts_lex,2,CMP_EQ,,,lookahead == 57
p_e922ebdcb03c131ce649,cpp,ts_lex,0,PUSH_LOOKAHEAD,,,lookahead == 49
p_e922ebdcb03c131ce649,cpp,ts_lex,1,PUSH_INT,49,,lookahead == 49
p_e922ebdcb03c131ce649,cpp,ts_lex,2,CMP_EQ,,,lookahead == 49
p_a2e9cacd96ec47841a58,cpp,ts_lex,0,PUSH_LOOKAHEAD,,,lookahead == 'B'
p_a2e9cacd96ec47841a58,cpp,ts_lex,1,PUSH_INT,66,,lookahead == 'B'
p_a2e9cacd96ec47841a58,cpp,ts_lex,2,CMP_EQ,,,lookahead == 'B'
p_8c1de0e8ea171b9ba55a,cpp,ts_lex,0,PUSH_LOOKAHEAD,,,lookahead == 'b'
p_8c1de0e8ea171b9ba55a,cpp,ts_lex,1,PUSH_INT,98,,lookahead == 'b'
p_8c1de0e8ea171b9ba55a,cpp,ts_lex,2,CMP_EQ,,,lookahead == 'b'
p_6ffc8e2e29982985443f,cpp,ts_lex,0,PUSH_LOOKAHEAD,,,lookahead == 'F' || lookahead == 'f'
p_6ffc8e2e29982985443f,cpp,ts_lex,1,PUSH_INT,70,,lookahead == 'F' || lookahead == 'f'
p_6ffc8e2e29982985443f,cpp,ts_lex,2,CMP_EQ,,,lookahead == 'F' || lookahead == 'f'
p_6ffc8e2e29982985443f,cpp,ts_lex,3,PUSH_LOOKAHEAD,,,lookahead == 'F' || lookahead == 'f'
p_6ffc8e2e29982985443f,cpp,ts_lex,4,PUSH_INT,102,,lookahead == 'F' || lookahead == 'f'
p_6ffc8e2e29982985443f,cpp,ts_lex,5,CMP_EQ,,,lookahead == 'F' || lookahead == 'f'
p_6ffc8e2e29982985443f,cpp,ts_lex,6,OR,,,lookahead == 'F' || lookahead == 'f'
p_156194864fc248f32a9a,cpp,ts_lex,0,PUSH_LOOKAHEAD,,,lookahead == 'L' || lookahead == 'l'
p_156194864fc248f32a9a,cpp,ts_lex,1,PUSH_INT,76,,lookahead == 'L' || lookahead == 'l'
p_156194864fc248f32a9a,cpp,ts_lex,2,CMP_EQ,,,lookahead == 'L' || lookahead == 'l'
p_156194864fc248f32a9a,cpp,ts_lex,3,PUSH_LOOKAHEAD,,,lookahead == 'L' || lookahead == 'l'
p_156194864fc248f32a9a,cpp,ts_lex,4,PUSH_INT,108,,lookahead == 'L' || lookahead == 'l'
p_156194864fc248f32a9a,cpp,ts_lex,5,CMP_EQ,,,lookahead == 'L' || lookahead == 'l'
p_156194864fc248f32a9a,cpp,ts_lex,6,OR,,,lookahead == 'L' || lookahead == 'l'
p_e88ef1d7996092ca85da,cpp,ts_lex,0,PUSH_LOOKAHEAD,,,lookahead == 80
p_e88ef1d7996092ca85da,cpp,ts_lex,1,PUSH_INT,80,,lookahead == 80
p_e88ef1d7996092ca85da,cpp,ts_lex,2,CMP_EQ,,,lookahead == 80
p_f43c54680c25bb6cd683,cpp,ts_lex,0,PUSH_LOOKAHEAD,,,lookahead == 'L'
p_f43c54680c25bb6cd683,cpp,ts_lex,1,PUSH_INT,76,,lookahead == 'L'
p_f43c54680c25bb6cd683,cpp,ts_lex,2,CMP_EQ,,,lookahead == 'L'
p_fb2f8987fa8ff6666aa9,cpp,ts_lex,0,PUSH_LOOKAHEAD,,,lookahead == 'U' || lookahead == 'u'
p_fb2f8987fa8ff6666aa9,cpp,ts_lex,1,PUSH_INT,85,,lookahead == 'U' || lookahead == 'u'
p_fb2f8987fa8ff6666aa9,cpp,ts_lex,2,CMP_EQ,,,lookahead == 'U' || lookahead == 'u'
p_fb2f8987fa8ff6666aa9,cpp,ts_lex,3,PUSH_LOOKAHEAD,,,lookahead == 'U' || lookahead == 'u'
p_fb2f8987fa8ff6666aa9,cpp,ts_lex,4,PUSH_INT,117,,lookahead == 'U' || lookahead == 'u'
p_fb2f8987fa8ff6666aa9,cpp,ts_lex,5,CMP_EQ,,,lookahead == 'U' || lookahead == 'u'
p_fb2f8987fa8ff6666aa9,cpp,ts_lex,6,OR,,,lookahead == 'U' || lookahead == 'u'
p_36b7359c64aa8ec67c13,cpp,ts_lex,0,PUSH_LOOKAHEAD,,,lookahead == 'Z' || lookahead == 'z'
p_36b7359c64aa8ec67c13,cpp,ts_lex,1,PUSH_INT,90,,lookahead == 'Z' || lookahead == 'z'
p_36b7359c64aa8ec67c13,cpp,ts_lex,2,CMP_EQ,,,lookahead == 'Z' || lookahead == 'z'
p_36b7359c64aa8ec67c13,cpp,ts_lex,3,PUSH_LOOKAHEAD,,,lookahead == 'Z' || lookahead == 'z'
p_36b7359c64aa8ec67c13,cpp,ts_lex,4,PUSH_INT,122,,lookahead == 'Z' || lookahead == 'z'
p_36b7359c64aa8ec67c13,cpp,ts_lex,5,CMP_EQ,,,lookahead == 'Z' || lookahead == 'z'
p_36b7359c64aa8ec67c13,cpp,ts_lex,6,OR,,,lookahead == 'Z' || lookahead == 'z'
p_e797fe3567a54ace7649,cpp,ts_lex,0,PUSH_LOOKAHEAD,,,"lookahead != 0 && lookahead != '\n' && lookahead != '""' && lookahead != '\\'"
p_e797fe3567a54ace7649,cpp,ts_lex,1,PUSH_INT,0,,"lookahead != 0 && lookahead != '\n' && lookahead != '""' && lookahead != '\\'"
p_e797fe3567a54ace7649,cpp,ts_lex,2,CMP_NE,,,"lookahead != 0 && lookahead != '\n' && lookahead != '""' && lookahead != '\\'"
p_e797fe3567a54ace7649,cpp,ts_lex,3,PUSH_LOOKAHEAD,,,"lookahead != 0 && lookahead != '\n' && lookahead != '""' && lookahead != '\\'"
p_e797fe3567a54ace7649,cpp,ts_lex,4,PUSH_INT,10,,"lookahead != 0 && lookahead != '\n' && lookahead != '""' && lookahead != '\\'"
p_e797fe3567a54ace7649,cpp,ts_lex,5,CMP_NE,,,"lookahead != 0 && lookahead != '\n' && lookahead != '""' && lookahead != '\\'"
p_e797fe3567a54ace7649,cpp,ts_lex,6,AND,,,"lookahead != 0 && lookahead != '\n' && lookahead != '""' && lookahead != '\\'"
p_e797fe3567a54ace7649,cpp,ts_lex,7,PUSH_LOOKAHEAD,,,"lookahead != 0 && lookahead != '\n' && lookahead != '""' && lookahead != '\\'"
p_e797fe3567a54ace7649,cpp,ts_lex,8,PUSH_INT,34,,"lookahead != 0 && lookahead != '\n' && lookahead != '""' && lookahead != '\\'"
p_e797fe3567a54ace7649,cpp,ts_lex,9,CMP_NE,,,"lookahead != 0 && lookahead != '\n' && lookahead != '""' && lookahead != '\\'"
p_e797fe3567a54ace7649,cpp,ts_lex,10,AND,,,"lookahead != 0 && lookahead != '\n' && lookahead != '""' && lookahead != '\\'"
p_e797fe3567a54ace7649,cpp,ts_lex,11,PUSH_LOOKAHEAD,,,"lookahead != 0 && lookahead != '\n' && lookahead != '""' && lookahead != '\\'"
p_e797fe3567a54ace7649,cpp,ts_lex,12,PUSH_INT,92,,"lookahead != 0 && lookahead != '\n' && lookahead != '""' && lookahead != '\\'"
p_e797fe3567a54ace7649,cpp,ts_lex,13,CMP_NE,,,"lookahead != 0 && lookahead != '\n' && lookahead != '""' && lookahead != '\\'"
p_e797fe3567a54ace7649,cpp,ts_lex,14,AND,,,"lookahead != 0 && lookahead != '\n' && lookahead != '""' && lookahead != '\\'"
p_fd499ee8749fd3bff984,cpp,ts_lex,0,PUSH_LOOKAHEAD,,,lookahead == '\t' || (0x0b <= lookahead && lookahead <= '\r') || lookahead == ' '
p_fd499ee8749fd3bff984,cpp,ts_lex,1,PUSH_INT,9,,lookahead == '\t' || (0x0b <= lookahead && lookahead <= '\r') || lookahead == ' '
p_fd499ee8749fd3bff984,cpp,ts_lex,2,CMP_EQ,,,lookahead == '\t' || (0x0b <= lookahead && lookahead <= '\r') || lookahead == ' '
p_fd499ee8749fd3bff984,cpp,ts_lex,3,PUSH_INT,11,,lookahead == '\t' || (0x0b <= lookahead && lookahead <= '\r') || lookahead == ' '
p_fd499ee8749fd3bff984,cpp,ts_lex,4,PUSH_LOOKAHEAD,,,lookahead == '\t' || (0x0b <= lookahead && lookahead <= '\r') || lookahead == ' '
p_fd499ee8749fd3bff984,cpp,ts_lex,5,CMP_LE,,,lookahead == '\t' || (0x0b <= lookahead && lookahead <= '\r') || lookahead == ' '
p_fd499ee8749fd3bff984,cpp,ts_lex,6,PUSH_LOOKAHEAD,,,lookahead == '\t' || (0x0b <= lookahead && lookahead <= '\r') || lookahead == ' '
p_fd499ee8749fd3bff984,cpp,ts_lex,7,PUSH_INT,13,,lookahead == '\t' || (0x0b <= lookahead && lookahead <= '\r') || lookahead == ' '
p_fd499ee8749fd3bff984,cpp,ts_lex,8,CMP_LE,,,lookahead == '\t' || (0x0b <= lookahead && lookahead <= '\r') || lookahead == ' '
p_fd499ee8749fd3bff984,cpp,ts_lex,9,AND,,,lookahead == '\t' || (0x0b <= lookahead && lookahead <= '\r') || lookahead == ' '
p_fd499ee8749fd3bff984,cpp,ts_lex,10,OR,,,lookahead == '\t' || (0x0b <= lookahead && lookahead <= '\r') || lookahead == ' '
p_fd499ee8749fd3bff984,cpp,ts_lex,11,PUSH_LOOKAHEAD,,,lookahead == '\t' || (0x0b <= lookahead && lookahead <= '\r') || lookahead == ' '
p_fd499ee8749fd3bff984,cpp,ts_lex,12,PUSH_INT,32,,lookahead == '\t' || (0x0b <= lookahead && lookahead <= '\r') || lookahead == ' '
p_fd499ee8749fd3bff984,cpp,ts_lex,13,CMP_EQ,,,lookahead == '\t' || (0x0b <= lookahead && lookahead <= '\r') || lookahead == ' '
p_fd499ee8749fd3bff984,cpp,ts_lex,14,OR,,,lookahead == '\t' || (0x0b <= lookahead && lookahead <= '\r') || lookahead == ' '
p_12b2167ce51034e87e9a,cpp,ts_lex,0,PUSH_LOOKAHEAD,,,"lookahead != 0 && (lookahead < '\t' || '\r' < lookahead) && lookahead != '""' && lookahead != '\\'"
p_12b2167ce51034e87e9a,cpp,ts_lex,1,PUSH_INT,0,,"lookahead != 0 && (lookahead < '\t' || '\r' < lookahead) && lookahead != '""' && lookahead != '\\'"
p_12b2167ce51034e87e9a,cpp,ts_lex,2,CMP_NE,,,"lookahead != 0 && (lookahead < '\t' || '\r' < lookahead) && lookahead != '""' && lookahead != '\\'"
p_12b2167ce51034e87e9a,cpp,ts_lex,3,PUSH_LOOKAHEAD,,,"lookahead != 0 && (lookahead < '\t' || '\r' < lookahead) && lookahead != '""' && lookahead != '\\'"
p_12b2167ce51034e87e9a,cpp,ts_lex,4,PUSH_INT,9,,"lookahead != 0 && (lookahead < '\t' || '\r' < lookahead) && lookahead != '""' && lookahead != '\\'"
p_12b2167ce51034e87e9a,cpp,ts_lex,5,CMP_LT,,,"lookahead != 0 && (lookahead < '\t' || '\r' < lookahead) && lookahead != '""' && lookahead != '\\'"
p_12b2167ce51034e87e9a,cpp,ts_lex,6,PUSH_INT,13,,"lookahead != 0 && (lookahead < '\t' || '\r' < lookahead) && lookahead != '""' && lookahead != '\\'"
p_12b2167ce51034e87e9a,cpp,ts_lex,7,PUSH_LOOKAHEAD,,,"lookahead != 0 && (lookahead < '\t' || '\r' < lookahead) && lookahead != '""' && lookahead != '\\'"
p_12b2167ce51034e87e9a,cpp,ts_lex,8,CMP_LT,,,"lookahead != 0 && (lookahead < '\t' || '\r' < lookahead) && lookahead != '""' && lookahead != '\\'"
p_12b2167ce51034e87e9a,cpp,ts_lex,9,OR,,,"lookahead != 0 && (lookahead < '\t' || '\r' < lookahead) && lookahead != '""' && lookahead != '\\'"
p_12b2167ce51034e87e9a,cpp,ts_lex,10,AND,,,"lookahead != 0 && (lookahead < '\t' || '\r' < lookahead) && lookahead != '""' && lookahead != '\\'"
p_12b2167ce51034e87e9a,cpp,ts_lex,11,PUSH_LOOKAHEAD,,,"lookahead != 0 && (lookahead < '\t' || '\r' < lookahead) && lookahead != '""' && lookahead != '\\'"
p_12b2167ce51034e87e9a,cpp,ts_lex,12,PUSH_INT,34,,"lookahead != 0 && (lookahead < '\t' || '\r' < lookahead) && lookahead != '""' && lookahead != '\\'"
p_12b2167ce51034e87e9a,cpp,ts_lex,13,CMP_NE,,,"lookahead != 0 && (lookahead < '\t' || '\r' < lookahead) && lookahead != '""' && lookahead != '\\'"
p_12b2167ce51034e87e9a,cpp,ts_lex,14,AND,,,"lookahead != 0 && (lookahead < '\t' || '\r' < lookahead) && lookahead != '""' && lookahead != '\\'"
p_12b2167ce51034e87e9a,cpp,ts_lex,15,PUSH_LOOKAHEAD,,,"lookahead != 0 && (lookahead < '\t' || '\r' < lookahead) && lookahead != '""' && lookahead != '\\'"
p_12b2167ce51034e87e9a,cpp,ts_lex,16,PUSH_INT,92,,"lookahead != 0 && (lookahead < '\t' || '\r' < lookahead) && lookahead != '""' && lookahead != '\\'"
p_12b2167ce51034e87e9a,cpp,ts_lex,17,CMP_NE,,,"lookahead != 0 && (lookahead < '\t' || '\r' < lookahead) && lookahead != '""' && lookahead != '\\'"
p_12b2167ce51034e87e9a,cpp,ts_lex,18,AND,,,"lookahead != 0 && (lookahead < '\t' || '\r' < lookahead) && lookahead != '""' && lookahead != '\\'"
p_8b6268e9841a4db6b1e4,cpp,ts_lex,0,PUSH_LOOKAHEAD,,,lookahead == 'R'
p_8b6268e9841a4db6b1e4,cpp,ts_lex,1,PUSH_INT,82,,lookahead == 'R'
p_8b6268e9841a4db6b1e4,cpp,ts_lex,2,CMP_EQ,,,lookahead == 'R'
p_d0dda1eb085c62748825,cpp,ts_lex,0,PUSH_LOOKAHEAD,,,lookahead == 'A'
p_d0dda1eb085c62748825,cpp,ts_lex,1,PUSH_INT,65,,lookahead == 'A'
p_d0dda1eb085c62748825,cpp,ts_lex,2,CMP_EQ,,,lookahead == 'A'
p_72875fdbf0b267e72e88,cpp,ts_lex,0,PUSH_LOOKAHEAD,,,lookahead == 'E'
p_72875fdbf0b267e72e88,cpp,ts_lex,1,PUSH_INT,69,,lookahead == 'E'
p_72875fdbf0b267e72e88,cpp,ts_lex,2,CMP_EQ,,,lookahead == 'E'
p_3b7f885f85e03e35eb5c,cpp,ts_lex,0,PUSH_LOOKAHEAD,,,lookahead == 'S'
p_3b7f885f85e03e35eb5c,cpp,ts_lex,1,PUSH_INT,83,,lookahead == 'S'
p_3b7f885f85e03e35eb5c,cpp,ts_lex,2,CMP_EQ,,,lookahead == 'S'
p_3a0fb1e173ad8cc56bc4,cpp,ts_lex,0,PUSH_LOOKAHEAD,,,lookahead == '_'
p_3a0fb1e173ad8cc56bc4,cpp,ts_lex,1,PUSH_INT,95,,lookahead == '_'
p_3a0fb1e173ad8cc56bc4,cpp,ts_lex,2,CMP_EQ,,,lookahead == '_'
p_a5895d981d9b227c3b68,cpp,ts_lex,0,PUSH_LOOKAHEAD,,,lookahead == 'a'
p_a5895d981d9b227c3b68,cpp,ts_lex,1,PUSH_INT,97,,lookahead == 'a'
p_a5895d981d9b227c3b68,cpp,ts_lex,2,CMP_EQ,,,lookahead == 'a'
p_084d1b18a8f279fbeae6,cpp,ts_lex,0,PUSH_LOOKAHEAD,,,lookahead == 'g'
p_084d1b18a8f279fbeae6,cpp,ts_lex,1,PUSH_INT,103,,lookahead == 'g'
p_084d1b18a8f279fbeae6,cpp,ts_lex,2,CMP_EQ,,,lookahead == 'g'
p_d4f49c1f0930b87039e6,cpp,ts_lex,0,PUSH_LOOKAHEAD,,,lookahead == 'h'
p_d4f49c1f0930b87039e6,cpp,ts_lex,1,PUSH_INT,104,,lookahead == 'h'
p_d4f49c1f0930b87039e6,cpp,ts_lex,2,CMP_EQ,,,lookahead == 'h'
p_7b0cfa47c49473790b83,cpp,ts_lex,0,PUSH_LOOKAHEAD,,,lookahead == 'o'
p_7b0cfa47c49473790b83,cpp,ts_lex,1,PUSH_INT,111,,lookahead == 'o'
p_7b0cfa47c49473790b83,cpp,ts_lex,2,CMP_EQ,,,lookahead == 'o'
p_539d4bef13c40788e9d6,cpp,ts_lex,0,PUSH_LOOKAHEAD,,,lookahead == 'r'
p_539d4bef13c40788e9d6,cpp,ts_lex,1,PUSH_INT,114,,lookahead == 'r'
p_539d4bef13c40788e9d6,cpp,ts_lex,2,CMP_EQ,,,lookahead == 'r'
p_49f3b5547637ef3c5ce0,cpp,ts_lex,0,PUSH_LOOKAHEAD,,,lookahead == 't'
p_49f3b5547637ef3c5ce0,cpp,ts_lex,1,PUSH_INT,116,,lookahead == 't'
p_49f3b5547637ef3c5ce0,cpp,ts_lex,2,CMP_EQ,,,lookahead == 't'
p_ae02b86b3f19357d6b21,cpp,ts_lex,0,PUSH_LOOKAHEAD,,,lookahead == 'z'
p_ae02b86b3f19357d6b21,cpp,ts_lex,1,PUSH_INT,122,,lookahead == 'z'
p_ae02b86b3f19357d6b21,cpp,ts_lex,2,CMP_EQ,,,lookahead == 'z'
p_44a4f6367f589b70602f,cpp,ts_lex_keywords,0,PUSH_LOOKAHEAD,,,lookahead == 'N'
p_44a4f6367f589b70602f,cpp,ts_lex_keywords,1,PUSH_INT,78,,lookahead == 'N'
p_44a4f6367f589b70602f,cpp,ts_lex_keywords,2,CMP_EQ,,,lookahead == 'N'
p_7c3fe5f613da642355d3,cpp,ts_lex_keywords,0,PUSH_LOOKAHEAD,,,lookahead == '\\'
p_7c3fe5f613da642355d3,cpp,ts_lex_keywords,1,PUSH_INT,92,,lookahead == '\\'
p_7c3fe5f613da642355d3,cpp,ts_lex_keywords,2,CMP_EQ,,,lookahead == '\\'
p_8cf9f4655c80f80e2297,cpp,ts_lex_keywords,0,PUSH_LOOKAHEAD,,,lookahead == '_'
p_8cf9f4655c80f80e2297,cpp,ts_lex_keywords,1,PUSH_INT,95,,lookahead == '_'
p_8cf9f4655c80f80e2297,cpp,ts_lex_keywords,2,CMP_EQ,,,lookahead == '_'
p_9994ce029257566fe8a0,cpp,ts_lex_keywords,0,PUSH_LOOKAHEAD,,,lookahead == 'a'
p_9994ce029257566fe8a0,cpp,ts_lex_keywords,1,PUSH_INT,97,,lookahead == 'a'
p_9994ce029257566fe8a0,cpp,ts_lex_keywords,2,CMP_EQ,,,lookahead == 'a'
p_3bcfe1a555a2db3be8b2,cpp,ts_lex_keywords,0,PUSH_LOOKAHEAD,,,lookahead == 'b'
p_3bcfe1a555a2db3be8b2,cpp,ts_lex_keywords,1,PUSH_INT,98,,lookahead == 'b'
p_3bcfe1a555a2db3be8b2,cpp,ts_lex_keywords,2,CMP_EQ,,,lookahead == 'b'
p_a19aabead7904b79f0a2,cpp,ts_lex_keywords,0,PUSH_LOOKAHEAD,,,lookahead == 'c'
p_a19aabead7904b79f0a2,cpp,ts_lex_keywords,1,PUSH_INT,99,,lookahead == 'c'
p_a19aabead7904b79f0a2,cpp,ts_lex_keywords,2,CMP_EQ,,,lookahead == 'c'
p_2bf87961b1b0531e9a95,cpp,ts_lex_keywords,0,PUSH_LOOKAHEAD,,,lookahead == 'd'
p_2bf87961b1b0531e9a95,cpp,ts_lex_keywords,1,PUSH_INT,100,,lookahead == 'd'
p_2bf87961b1b0531e9a95,cpp,ts_lex_keywords,2,CMP_EQ,,,lookahead == 'd'
p_211399656d9a753994a4,cpp,ts_lex_keywords,0,PUSH_LOOKAHEAD,,,lookahead == 'e'
p_211399656d9a753994a4,cpp,ts_lex_keywords,1,PUSH_INT,101,,lookahead == 'e'
p_211399656d9a753994a4,cpp,ts_lex_keywords,2,CMP_EQ,,,lookahead == 'e'
p_3c0220349ac0aebdec04,cpp,ts_lex_keywords,0,PUSH_LOOKAHEAD,,,lookahead == 'f'
p_3c0220349ac0aebdec04,cpp,ts_lex_keywords,1,PUSH_INT,102,,lookahead == 'f'
p_3c0220349ac0aebdec04,cpp,ts_lex_keywords,2,CMP_EQ,,,lookahead == 'f'
p_1b12ec898fabe46bcd94,cpp,ts_lex_keywords,0,PUSH_LOOKAHEAD,,,lookahead == 'g'
p_1b12ec898fabe46bcd94,cpp,ts_lex_keywords,1,PUSH_INT,103,,lookahead == 'g'
p_1b12ec898fabe46bcd94,cpp,ts_lex_keywords,2,CMP_EQ,,,lookahead == 'g'
p_d38990534a7f97e388b6,cpp,ts_lex_keywords,0,PUSH_LOOKAHEAD,,,lookahead == 'i'
p_d38990534a7f97e388b6,cpp,ts_lex_keywords,1,PUSH_INT,105,,lookahead == 'i'
p_d38990534a7f97e388b6,cpp,ts_lex_keywords,2,CMP_EQ,,,lookahead == 'i'
p_e42e153d98623f896e9f,cpp,ts_lex_keywords,0,PUSH_LOOKAHEAD,,,lookahead == 'l'
p_e42e153d98623f896e9f,cpp,ts_lex_keywords,1,PUSH_INT,108,,lookahead == 'l'
p_e42e153d98623f896e9f,cpp,ts_lex_keywords,2,CMP_EQ,,,lookahead == 'l'
p_60f7647da96229292e44,cpp,ts_lex_keywords,0,PUSH_LOOKAHEAD,,,lookahead == 'm'
p_60f7647da96229292e44,cpp,ts_lex_keywords,1,PUSH_INT,109,,lookahead == 'm'
p_60f7647da96229292e44,cpp,ts_lex_keywords,2,CMP_EQ,,,lookahead == 'm'
p_0b34a0307df1790fe650,cpp,ts_lex_keywords,0,PUSH_LOOKAHEAD,,,lookahead == 'n'
p_0b34a0307df1790fe650,cpp,ts_lex_keywords,1,PUSH_INT,110,,lookahead == 'n'
p_0b34a0307df1790fe650,cpp,ts_lex_keywords,2,CMP_EQ,,,lookahead == 'n'
p_30b3c361621229d46ae6,cpp,ts_lex_keywords,0,PUSH_LOOKAHEAD,,,lookahead == 'o'
p_30b3c361621229d46ae6,cpp,ts_lex_keywords,1,PUSH_INT,111,,lookahead == 'o'
p_30b3c361621229d46ae6,cpp,ts_lex_keywords,2,CMP_EQ,,,lookahead == 'o'
p_aa34e453d8aa870c8273,cpp,ts_lex_keywords,0,PUSH_LOOKAHEAD,,,lookahead == 'p'
p_aa34e453d8aa870c8273,cpp,ts_lex_keywords,1,PUSH_INT,112,,lookahead == 'p'
p_aa34e453d8aa870c8273,cpp,ts_lex_keywords,2,CMP_EQ,,,lookahead == 'p'
p_058da3ce27c9d3563d3b,cpp,ts_lex_keywords,0,PUSH_LOOKAHEAD,,,lookahead == 'r'
p_058da3ce27c9d3563d3b,cpp,ts_lex_keywords,1,PUSH_INT,114,,lookahead == 'r'
p_058da3ce27c9d3563d3b,cpp,ts_lex_keywords,2,CMP_EQ,,,lookahead == 'r'
p_f8667a6f5c9d4ae6820a,cpp,ts_lex_keywords,0,PUSH_LOOKAHEAD,,,lookahead == 's'
p_f8667a6f5c9d4ae6820a,cpp,ts_lex_keywords,1,PUSH_INT,115,,lookahead == 's'
p_f8667a6f5c9d4ae6820a,cpp,ts_lex_keywords,2,CMP_EQ,,,lookahead == 's'
p_1e7caafa0e2089b96f91,cpp,ts_lex_keywords,0,PUSH_LOOKAHEAD,,,lookahead == 't'
p_1e7caafa0e2089b96f91,cpp,ts_lex_keywords,1,PUSH_INT,116,,lookahead == 't'
p_1e7caafa0e2089b96f91,cpp,ts_lex_keywords,2,CMP_EQ,,,lookahead == 't'
p_41f56801dd7241738178,cpp,ts_lex_keywords,0,PUSH_LOOKAHEAD,,,lookahead == 'u'
p_41f56801dd7241738178,cpp,ts_lex_keywords,1,PUSH_INT,117,,lookahead == 'u'
p_41f56801dd7241738178,cpp,ts_lex_keywords,2,CMP_EQ,,,lookahead == 'u'
p_38787a00636006076855,cpp,ts_lex_keywords,0,PUSH_LOOKAHEAD,,,lookahead == 'v'
p_38787a00636006076855,cpp,ts_lex_keywords,1,PUSH_INT,118,,lookahead == 'v'
p_38787a00636006076855,cpp,ts_lex_keywords,2,CMP_EQ,,,lookahead == 'v'
p_61d2acb9d169ab4064df,cpp,ts_lex_keywords,0,PUSH_LOOKAHEAD,,,lookahead == 'w'
p_61d2acb9d169ab4064df,cpp,ts_lex_keywords,1,PUSH_INT,119,,lookahead == 'w'
p_61d2acb9d169ab4064df,cpp,ts_lex_keywords,2,CMP_EQ,,,lookahead == 'w'
p_e3bcc31ef7d510fdac08,cpp,ts_lex_keywords,0,PUSH_LOOKAHEAD,,,lookahead == 'x'
p_e3bcc31ef7d510fdac08,cpp,ts_lex_keywords,1,PUSH_INT,120,,lookahead == 'x'
p_e3bcc31ef7d510fdac08,cpp,ts_lex_keywords,2,CMP_EQ,,,lookahead == 'x'
p_6f26c3aff53ca2728949,cpp,ts_lex_keywords,0,PUSH_INT,9,,('\t' <= lookahead && lookahead <= '\r') || lookahead == ' '
p_6f26c3aff53ca2728949,cpp,ts_lex_keywords,1,PUSH_LOOKAHEAD,,,('\t' <= lookahead && lookahead <= '\r') || lookahead == ' '
p_6f26c3aff53ca2728949,cpp,ts_lex_keywords,2,CMP_LE,,,('\t' <= lookahead && lookahead <= '\r') || lookahead == ' '
p_6f26c3aff53ca2728949,cpp,ts_lex_keywords,3,PUSH_LOOKAHEAD,,,('\t' <= lookahead && lookahead <= '\r') || lookahead == ' '
p_6f26c3aff53ca2728949,cpp,ts_lex_keywords,4,PUSH_INT,13,,('\t' <= lookahead && lookahead <= '\r') || lookahead == ' '
p_6f26c3aff53ca2728949,cpp,ts_lex_keywords,5,CMP_LE,,,('\t' <= lookahead && lookahead <= '\r') || lookahead == ' '
p_6f26c3aff53ca2728949,cpp,ts_lex_keywords,6,AND,,,('\t' <= lookahead && lookahead <= '\r') || lookahead == ' '
p_6f26c3aff53ca2728949,cpp,ts_lex_keywords,7,PUSH_LOOKAHEAD,,,('\t' <= lookahead && lookahead <= '\r') || lookahead == ' '
p_6f26c3aff53ca2728949,cpp,ts_lex_keywords,8,PUSH_INT,32,,('\t' <= lookahead && lookahead <= '\r') || lookahead == ' '
p_6f26c3aff53ca2728949,cpp,ts_lex_keywords,9,CMP_EQ,,,('\t' <= lookahead && lookahead <= '\r') || lookahead == ' '
p_6f26c3aff53ca2728949,cpp,ts_lex_keywords,10,OR,,,('\t' <= lookahead && lookahead <= '\r') || lookahead == ' '
p_a13400e19ff3555a6229,cpp,ts_lex_keywords,0,PUSH_LOOKAHEAD,,,lookahead == 'U'
p_a13400e19ff3555a6229,cpp,ts_lex_keywords,1,PUSH_INT,85,,lookahead == 'U'
p_a13400e19ff3555a6229,cpp,ts_lex_keywords,2,CMP_EQ,,,lookahead == 'U'
p_458953340d69c34c6308,cpp,ts_lex_keywords,0,PUSH_LOOKAHEAD,,,lookahead == '\n'
p_458953340d69c34c6308,cpp,ts_lex_keywords,1,PUSH_INT,10,,lookahead == '\n'
p_458953340d69c34c6308,cpp,ts_lex_keywords,2,CMP_EQ,,,lookahead == '\n'
p_7933ffb3e5e9f2f13964,cpp,ts_lex_keywords,0,PUSH_LOOKAHEAD,,,lookahead == '\r'
p_7933ffb3e5e9f2f13964,cpp,ts_lex_keywords,1,PUSH_INT,13,,lookahead == '\r'
p_7933ffb3e5e9f2f13964,cpp,ts_lex_keywords,2,CMP_EQ,,,lookahead == '\r'
p_73eebbda6f4dc8c3c4a9,cpp,ts_lex_keywords,0,PUSH_LOOKAHEAD,,,lookahead == 'A'
p_73eebbda6f4dc8c3c4a9,cpp,ts_lex_keywords,1,PUSH_INT,65,,lookahead == 'A'
p_73eebbda6f4dc8c3c4a9,cpp,ts_lex_keywords,2,CMP_EQ,,,lookahead == 'A'
p_97e8a5ee41c5d7157cbe,cpp,ts_lex_keywords,0,PUSH_LOOKAHEAD,,,lookahead == 'G'
p_97e8a5ee41c5d7157cbe,cpp,ts_lex_keywords,1,PUSH_INT,71,,lookahead == 'G'
p_97e8a5ee41c5d7157cbe,cpp,ts_lex_keywords,2,CMP_EQ,,,lookahead == 'G'
p_b810dbf2e85a11568b85,cpp,ts_lex_keywords,0,PUSH_LOOKAHEAD,,,lookahead == 'h'
p_b810dbf2e85a11568b85,cpp,ts_lex_keywords,1,PUSH_INT,104,,lookahead == 'h'
p_b810dbf2e85a11568b85,cpp,ts_lex_keywords,2,CMP_EQ,,,lookahead == 'h'
p_f980d4ca5542a7f58b7b,cpp,ts_lex_keywords,0,PUSH_LOOKAHEAD,,,lookahead == 'y'
p_f980d4ca5542a7f58b7b,cpp,ts_lex_keywords,1,PUSH_INT,121,,lookahead == 'y'
p_f980d4ca5542a7f58b7b,cpp,ts_lex_keywords,2,CMP_EQ,,,lookahead == 'y'
p_86e6360d5aa74dbec2a5,cpp,ts_lex_keywords,0,PUSH_LOOKAHEAD,,,lookahead == 'L'
p_86e6360d5aa74dbec2a5,cpp,ts_lex_keywords,1,PUSH_INT,76,,lookahead == 'L'
p_86e6360d5aa74dbec2a5,cpp,ts_lex_keywords,2,CMP_EQ,,,lookahead == 'L'
p_af343f2b5bde9235f527,cpp,ts_lex_keywords,0,PUSH_LOOKAHEAD,,,lookahead == 97
p_af343f2b5bde9235f527,cpp,ts_lex_keywords,1,PUSH_INT,97,,lookahead == 97
p_af343f2b5bde9235f527,cpp,ts_lex_keywords,2,CMP_EQ,,,lookahead == 97
p_637f414dd804966606fb,cpp,ts_lex_keywords,0,PUSH_LOOKAHEAD,,,lookahead == 98
p_637f414dd804966606fb,cpp,ts_lex_keywords,1,PUSH_INT,98,,lookahead == 98
p_637f414dd804966606fb,cpp,ts_lex_keywords,2,CMP_EQ,,,lookahead == 98
p_a00853a1a05fd830b490,cpp,ts_lex_keywords,0,PUSH_LOOKAHEAD,,,lookahead == 99
p_a00853a1a05fd830b490,cpp,ts_lex_keywords,1,PUSH_INT,99,,lookahead == 99
p_a00853a1a05fd830b490,cpp,ts_lex_keywords,2,CMP_EQ,,,lookahead == 99
p_dcdd20434c5e7ab30a50,cpp,ts_lex_keywords,0,PUSH_LOOKAHEAD,,,lookahead == 100
p_dcdd20434c5e7ab30a50,cpp,ts_lex_keywords,1,PUSH_INT,100,,lookahead == 100
p_dcdd20434c5e7ab30a50,cpp,ts_lex_keywords,2,CMP_EQ,,,lookahead == 100
p_20d9c67a29091d672d98,cpp,ts_lex_keywords,0,PUSH_LOOKAHEAD,,,lookahead == 101
p_20d9c67a29091d672d98,cpp,ts_lex_keywords,1,PUSH_INT,101,,lookahead == 101
p_20d9c67a29091d672d98,cpp,ts_lex_keywords,2,CMP_EQ,,,lookahead == 101
p_e8679d285b97ddc9eadd,cpp,ts_lex_keywords,0,PUSH_LOOKAHEAD,,,lookahead == 102
p_e8679d285b97ddc9eadd,cpp,ts_lex_keywords,1,PUSH_INT,102,,lookahead == 102
p_e8679d285b97ddc9eadd,cpp,ts_lex_keywords,2,CMP_EQ,,,lookahead == 102
p_38e33218da27bec0d275,cpp,ts_lex_keywords,0,PUSH_LOOKAHEAD,,,lookahead == 105
p_38e33218da27bec0d275,cpp,ts_lex_keywords,1,PUSH_INT,105,,lookahead == 105
p_38e33218da27bec0d275,cpp,ts_lex_keywords,2,CMP_EQ,,,lookahead == 105
p_06729c16fd2562fe3326,cpp,ts_lex_keywords,0,PUSH_LOOKAHEAD,,,lookahead == 108
p_06729c16fd2562fe3326,cpp,ts_lex_keywords,1,PUSH_INT,108,,lookahead == 108
p_06729c16fd2562fe3326,cpp,ts_lex_keywords,2,CMP_EQ,,,lookahead == 108
p_2f679b200c1d318800d6,cpp,ts_lex_keywords,0,PUSH_LOOKAHEAD,,,lookahead == 114
p_2f679b200c1d318800d6,cpp,ts_lex_keywords,1,PUSH_INT,114,,lookahead == 114
p_2f679b200c1d318800d6,cpp,ts_lex_keywords,2,CMP_EQ,,,lookahead == 114
p_4594d93d20a438a63001,cpp,ts_lex_keywords,0,PUSH_LOOKAHEAD,,,lookahead == 115
p_4594d93d20a438a63001,cpp,ts_lex_keywords,1,PUSH_INT,115,,lookahead == 115
p_4594d93d20a438a63001,cpp,ts_lex_keywords,2,CMP_EQ,,,lookahead == 115
p_05ffd8eb852c8c9cf305,cpp,ts_lex_keywords,0,PUSH_LOOKAHEAD,,,lookahead == 116
p_05ffd8eb852c8c9cf305,cpp,ts_lex_keywords,1,PUSH_INT,116,,lookahead == 116
p_05ffd8eb852c8c9cf305,cpp,ts_lex_keywords,2,CMP_EQ,,,lookahead == 116
p_46662a01254175071c27,cpp,ts_lex_keywords,0,PUSH_LOOKAHEAD,,,lookahead == 117
p_46662a01254175071c27,cpp,ts_lex_keywords,1,PUSH_INT,117,,lookahead == 117
p_46662a01254175071c27,cpp,ts_lex_keywords,2,CMP_EQ,,,lookahead == 117
p_91d2efb21129ba27f28b,cpp,ts_lex_keywords,0,PUSH_LOOKAHEAD,,,lookahead == 118
p_91d2efb21129ba27f28b,cpp,ts_lex_keywords,1,PUSH_INT,118,,lookahead == 118
p_91d2efb21129ba27f28b,cpp,ts_lex_keywords,2,CMP_EQ,,,lookahead == 118
p_e10c17a8f008ed5c4e9d,cpp,ts_lex_keywords,0,PUSH_LOOKAHEAD,,,lookahead == 'q'
p_e10c17a8f008ed5c4e9d,cpp,ts_lex_keywords,1,PUSH_INT,113,,lookahead == 'q'
p_e10c17a8f008ed5c4e9d,cpp,ts_lex_keywords,2,CMP_EQ,,,lookahead == 'q'
p_9b3efc0ce7a4d9193ccc,cpp,ts_lex_keywords,0,PUSH_LOOKAHEAD,,,lookahead == 'z'
p_9b3efc0ce7a4d9193ccc,cpp,ts_lex_keywords,1,PUSH_INT,122,,lookahead == 'z'
p_9b3efc0ce7a4d9193ccc,cpp,ts_lex_keywords,2,CMP_EQ,,,lookahead == 'z'
p_2a31d937ee59ef32ebf3,cpp,ts_lex_keywords,0,PUSH_LOOKAHEAD,,,lookahead == 'k'
p_2a31d937ee59ef32ebf3,cpp,ts_lex_keywords,1,PUSH_INT,107,,lookahead == 'k'
p_2a31d937ee59ef32ebf3,cpp,ts_lex_keywords,2,CMP_EQ,,,lookahead == 'k'
p_82f4a559b7e6a94c8695,c,ts_lex,0,PUSH_EOF,,,eof
p_2752ad548ea2710962e0,c,ts_lex,0,PUSH_INT,9,,('\t' <= lookahead && lookahead <= '\r') || lookahead == ' '
p_2752ad548ea2710962e0,c,ts_lex,1,PUSH_LOOKAHEAD,,,('\t' <= lookahead && lookahead <= '\r') || lookahead == ' '
p_2752ad548ea2710962e0,c,ts_lex,2,CMP_LE,,,('\t' <= lookahead && lookahead <= '\r') || lookahead == ' '
p_2752ad548ea2710962e0,c,ts_lex,3,PUSH_LOOKAHEAD,,,('\t' <= lookahead && lookahead <= '\r') || lookahead == ' '
p_2752ad548ea2710962e0,c,ts_lex,4,PUSH_INT,13,,('\t' <= lookahead && lookahead <= '\r') || lookahead == ' '
p_2752ad548ea2710962e0,c,ts_lex,5,CMP_LE,,,('\t' <= lookahead && lookahead <= '\r') || lookahead == ' '
p_2752ad548ea2710962e0,c,ts_lex,6,AND,,,('\t' <= lookahead && lookahead <= '\r') || lookahead == ' '
p_2752ad548ea2710962e0,c,ts_lex,7,PUSH_LOOKAHEAD,,,('\t' <= lookahead && lookahead <= '\r') || lookahead == ' '
p_2752ad548ea2710962e0,c,ts_lex,8,PUSH_INT,32,,('\t' <= lookahead && lookahead <= '\r') || lookahead == ' '
p_2752ad548ea2710962e0,c,ts_lex,9,CMP_EQ,,,('\t' <= lookahead && lookahead <= '\r') || lookahead == ' '
p_2752ad548ea2710962e0,c,ts_lex,10,OR,,,('\t' <= lookahead && lookahead <= '\r') || lookahead == ' '
p_05069e36e6b4ceb6c91d,c,ts_lex,0,PUSH_INT,49,,('1' <= lookahead && lookahead <= '9')
p_05069e36e6b4ceb6c91d,c,ts_lex,1,PUSH_LOOKAHEAD,,,('1' <= lookahead && lookahead <= '9')
p_05069e36e6b4ceb6c91d,c,ts_lex,2,CMP_LE,,,('1' <= lookahead && lookahead <= '9')
p_05069e36e6b4ceb6c91d,c,ts_lex,3,PUSH_LOOKAHEAD,,,('1' <= lookahead && lookahead <= '9')
p_05069e36e6b4ceb6c91d,c,ts_lex,4,PUSH_INT,57,,('1' <= lookahead && lookahead <= '9')
p_05069e36e6b4ceb6c91d,c,ts_lex,5,CMP_LE,,,('1' <= lookahead && lookahead <= '9')
p_05069e36e6b4ceb6c91d,c,ts_lex,6,AND,,,('1' <= lookahead && lookahead <= '9')
p_ef73b553a3a94c3f046d,c,ts_lex,0,SET_CONTAINS,sym_identifier_character_set_1,687,"set_contains(sym_identifier_character_set_1, 687, lookahead)"
p_96b652ea349e0e22be21,c,ts_lex,0,PUSH_LOOKAHEAD,,,lookahead == 33
p_96b652ea349e0e22be21,c,ts_lex,1,PUSH_INT,33,,lookahead == 33
p_96b652ea349e0e22be21,c,ts_lex,2,CMP_EQ,,,lookahead == 33
p_1e5055b0fade8a804d20,c,ts_lex,0,PUSH_LOOKAHEAD,,,lookahead == 34
p_1e5055b0fade8a804d20,c,ts_lex,1,PUSH_INT,34,,lookahead == 34
p_1e5055b0fade8a804d20,c,ts_lex,2,CMP_EQ,,,lookahead == 34
p_cf339ee67902d79d551b,c,ts_lex,0,PUSH_LOOKAHEAD,,,lookahead == 35
p_cf339ee67902d79d551b,c,ts_lex,1,PUSH_INT,35,,lookahead == 35
p_cf339ee67902d79d551b,c,ts_lex,2,CMP_EQ,,,lookahead == 35
p_0e7dfd40a5eb02128d68,c,ts_lex,0,PUSH_LOOKAHEAD,,,lookahead == 37
p_0e7dfd40a5eb02128d68,c,ts_lex,1,PUSH_INT,37,,lookahead == 37
p_0e7dfd40a5eb02128d68,c,ts_lex,2,CMP_EQ,,,lookahead == 37
p_2e8495cff48810e1b08c,c,ts_lex,0,PUSH_LOOKAHEAD,,,lookahead == 38
p_2e8495cff48810e1b08c,c,ts_lex,1,PUSH_INT,38,,lookahead == 38
p_2e8495cff48810e1b08c,c,ts_lex,2,CMP_EQ,,,lookahead == 38
p_2a813b846de906c74850,c,ts_lex,0,PUSH_LOOKAHEAD,,,lookahead == 39
p_2a813b846de906c74850,c,ts_lex,1,PUSH_INT,39,,lookahead == 39
p_2a813b846de906c74850,c,ts_lex,2,CMP_EQ,,,lookahead == 39
p_86c473d2c48f84006fd8,c,ts_lex,0,PUSH_LOOKAHEAD,,,lookahead == 40
p_86c473d2c48f84006fd8,c,ts_lex,1,PUSH_INT,40,,lookahead == 40
p_86c473d2c48f84006fd8,c,ts_lex,2,CMP_EQ,,,lookahead == 40
p_0729fad0d11ad52d3501,c,ts_lex,0,PUSH_LOOKAHEAD,,,lookahead == 41
p_0729fad0d11ad52d3501,c,ts_lex,1,PUSH_INT,41,,lookahead == 41
p_0729fad0d11ad52d3501,c,ts_lex,2,CMP_EQ,,,lookahead == 41
p_d47c8b81fcb85a93840d,c,ts_lex,0,PUSH_LOOKAHEAD,,,lookahead == 42
p_d47c8b81fcb85a93840d,c,ts_lex,1,PUSH_INT,42,,lookahead == 42
p_d47c8b81fcb85a93840d,c,ts_lex,2,CMP_EQ,,,lookahead == 42
p_360c878e72d4394c09d3,c,ts_lex,0,PUSH_LOOKAHEAD,,,lookahead == 43
p_360c878e72d4394c09d3,c,ts_lex,1,PUSH_INT,43,,lookahead == 43
p_360c878e72d4394c09d3,c,ts_lex,2,CMP_EQ,,,lookahead == 43
p_6b4c9152b68a091e6e64,c,ts_lex,0,PUSH_LOOKAHEAD,,,lookahead == 44
p_6b4c9152b68a091e6e64,c,ts_lex,1,PUSH_INT,44,,lookahead == 44
p_6b4c9152b68a091e6e64,c,ts_lex,2,CMP_EQ,,,lookahead == 44
p_9a22cf9d9445fc85edac,c,ts_lex,0,PUSH_LOOKAHEAD,,,lookahead == 45
p_9a22cf9d9445fc85edac,c,ts_lex,1,PUSH_INT,45,,lookahead == 45
p_9a22cf9d9445fc85edac,c,ts_lex,2,CMP_EQ,,,lookahead == 45
p_07b969f7126ee03cbc52,c,ts_lex,0,PUSH_LOOKAHEAD,,,lookahead == 46
p_07b969f7126ee03cbc52,c,ts_lex,1,PUSH_INT,46,,lookahead == 46
p_07b969f7126ee03cbc52,c,ts_lex,2,CMP_EQ,,,lookahead == 46
p_2706c36b12ca5f250c46,c,ts_lex,0,PUSH_LOOKAHEAD,,,lookahead == 47
p_2706c36b12ca5f250c46,c,ts_lex,1,PUSH_INT,47,,lookahead == 47
p_2706c36b12ca5f250c46,c,ts_lex,2,CMP_EQ,,,lookahead == 47
p_0bdabd7d3957ab59f368,c,ts_lex,0,PUSH_LOOKAHEAD,,,lookahead == 48
p_0bdabd7d3957ab59f368,c,ts_lex,1,PUSH_INT,48,,lookahead == 48
p_0bdabd7d3957ab59f368,c,ts_lex,2,CMP_EQ,,,lookahead == 48
p_ca0b62d16f372e9057bd,c,ts_lex,0,PUSH_LOOKAHEAD,,,lookahead == 58
p_ca0b62d16f372e9057bd,c,ts_lex,1,PUSH_INT,58,,lookahead == 58
p_ca0b62d16f372e9057bd,c,ts_lex,2,CMP_EQ,,,lookahead == 58
p_aa81444467645f1a1377,c,ts_lex,0,PUSH_LOOKAHEAD,,,lookahead == 59
p_aa81444467645f1a1377,c,ts_lex,1,PUSH_INT,59,,lookahead == 59
p_aa81444467645f1a1377,c,ts_lex,2,CMP_EQ,,,lookahead == 59
p_f226dbb4402e72b7642b,c,ts_lex,0,PUSH_LOOKAHEAD,,,lookahead == 60
p_f226dbb4402e72b7642b,c,ts_lex,1,PUSH_INT,60,,lookahead == 60
p_f226dbb4402e72b7642b,c,ts_lex,2,CMP_EQ,,,lookahead == 60
p_b726dc9f92888df0758d,c,ts_lex,0,PUSH_LOOKAHEAD,,,lookahead == 61
p_b726dc9f92888df0758d,c,ts_lex,1,PUSH_INT,61,,lookahead == 61
p_b726dc9f92888df0758d,c,ts_lex,2,CMP_EQ,,,lookahead == 61
p_b6983a73bbd271d99c8d,c,ts_lex,0,PUSH_LOOKAHEAD,,,lookahead == 62
p_b6983a73bbd271d99c8d,c,ts_lex,1,PUSH_INT,62,,lookahead == 62
p_b6983a73bbd271d99c8d,c,ts_lex,2,CMP_EQ,,,lookahead == 62
p_1b78153435201074d5bb,c,ts_lex,0,PUSH_LOOKAHEAD,,,lookahead == 63
p_1b78153435201074d5bb,c,ts_lex,1,PUSH_INT,63,,lookahead == 63
p_1b78153435201074d5bb,c,ts_lex,2,CMP_EQ,,,lookahead == 63
p_b1d5e88a1bbf41a0ddad,c,ts_lex,0,PUSH_LOOKAHEAD,,,lookahead == 76
p_b1d5e88a1bbf41a0ddad,c,ts_lex,1,PUSH_INT,76,,lookahead == 76
p_b1d5e88a1bbf41a0ddad,c,ts_lex,2,CMP_EQ,,,lookahead == 76
p_6a09623d3d47fcb8806c,c,ts_lex,0,PUSH_LOOKAHEAD,,,lookahead == 85
p_6a09623d3d47fcb8806c,c,ts_lex,1,PUSH_INT,85,,lookahead == 85
p_6a09623d3d47fcb8806c,c,ts_lex,2,CMP_EQ,,,lookahead == 85
p_182c30fe3ea511d8d778,c,ts_lex,0,PUSH_LOOKAHEAD,,,lookahead == 91
p_182c30fe3ea511d8d778,c,ts_lex,1,PUSH_INT,91,,lookahead == 91
p_182c30fe3ea511d8d778,c,ts_lex,2,CMP_EQ,,,lookahead == 91
p_c75254327d060114fd8b,c,ts_lex,0,PUSH_LOOKAHEAD,,,lookahead == 92
p_c75254327d060114fd8b,c,ts_lex,1,PUSH_INT,92,,lookahead == 92
p_c75254327d060114fd8b,c,ts_lex,2,CMP_EQ,,,lookahead == 92
p_39d485727c5e8f95af07,c,ts_lex,0,PUSH_LOOKAHEAD,,,lookahead == 93
p_39d485727c5e8f95af07,c,ts_lex,1,PUSH_INT,93,,lookahead == 93
p_39d485727c5e8f95af07,c,ts_lex,2,CMP_EQ,,,lookahead == 93
p_331f731472cc31b42175,c,ts_lex,0,PUSH_LOOKAHEAD,,,lookahead == 94
p_331f731472cc31b42175,c,ts_lex,1,PUSH_INT,94,,lookahead == 94
p_331f731472cc31b42175,c,ts_lex,2,CMP_EQ,,,lookahead == 94
p_24e90fd8900782878052,c,ts_lex,0,PUSH_LOOKAHEAD,,,lookahead == 117
p_24e90fd8900782878052,c,ts_lex,1,PUSH_INT,117,,lookahead == 117
p_24e90fd8900782878052,c,ts_lex,2,CMP_EQ,,,lookahead == 117
p_cbb4ebf79127d380b86c,c,ts_lex,0,PUSH_LOOKAHEAD,,,lookahead == 123
p_cbb4ebf79127d380b86c,c,ts_lex,1,PUSH_INT,123,,lookahead == 123
p_cbb4ebf79127d380b86c,c,ts_lex,2,CMP_EQ,,,lookahead == 123
p_0d2771a38a8d0c0ab1e5,c,ts_lex,0,PUSH_LOOKAHEAD,,,lookahead == 124
p_0d2771a38a8d0c0ab1e5,c,ts_lex,1,PUSH_INT,124,,lookahead == 124
p_0d2771a38a8d0c0ab1e5,c,ts_lex,2,CMP_EQ,,,lookahead == 124
p_cbf6d048d03e63483da0,c,ts_lex,0,PUSH_LOOKAHEAD,,,lookahead == 125
p_cbf6d048d03e63483da0,c,ts_lex,1,PUSH_INT,125,,lookahead == 125
p_cbf6d048d03e63483da0,c,ts_lex,2,CMP_EQ,,,lookahead == 125
p_6178eac0b744dcc071c1,c,ts_lex,0,PUSH_LOOKAHEAD,,,lookahead == 126
p_6178eac0b744dcc071c1,c,ts_lex,1,PUSH_INT,126,,lookahead == 126
p_6178eac0b744dcc071c1,c,ts_lex,2,CMP_EQ,,,lookahead == 126
p_b6e34f4f0a88badcb804,c,ts_lex,0,PUSH_LOOKAHEAD,,,lookahead == '\n'
p_b6e34f4f0a88badcb804,c,ts_lex,1,PUSH_INT,10,,lookahead == '\n'
p_b6e34f4f0a88badcb804,c,ts_lex,2,CMP_EQ,,,lookahead == '\n'
p_cfcc426f780b66edf613,c,ts_lex,0,PUSH_LOOKAHEAD,,,lookahead == '\r'
p_cfcc426f780b66edf613,c,ts_lex,1,PUSH_INT,13,,lookahead == '\r'
p_cfcc426f780b66edf613,c,ts_lex,2,CMP_EQ,,,lookahead == '\r'
p_7f773bfbae25a19c3585,c,ts_lex,0,PUSH_LOOKAHEAD,,,lookahead == 'U'
p_7f773bfbae25a19c3585,c,ts_lex,1,PUSH_INT,85,,lookahead == 'U'
p_7f773bfbae25a19c3585,c,ts_lex,2,CMP_EQ,,,lookahead == 'U'
p_d7d4e822dc1980a27923,c,ts_lex,0,PUSH_LOOKAHEAD,,,lookahead == 'u'
p_d7d4e822dc1980a27923,c,ts_lex,1,PUSH_INT,117,,lookahead == 'u'
p_d7d4e822dc1980a27923,c,ts_lex,2,CMP_EQ,,,lookahead == 'u'
p_30d922f59c8e8191d3df,c,ts_lex,0,PUSH_LOOKAHEAD,,,lookahead == '\\'
p_30d922f59c8e8191d3df,c,ts_lex,1,PUSH_INT,92,,lookahead == '\\'
p_30d922f59c8e8191d3df,c,ts_lex,2,CMP_EQ,,,lookahead == '\\'
p_f15fb3da98e52e45bda5,c,ts_lex,0,PUSH_LOOKAHEAD,,,lookahead == '^'
p_f15fb3da98e52e45bda5,c,ts_lex,1,PUSH_INT,94,,lookahead == '^'
p_f15fb3da98e52e45bda5,c,ts_lex,2,CMP_EQ,,,lookahead == '^'
p_89b10db49a78be9854bf,c,ts_lex,0,PUSH_LOOKAHEAD,,,lookahead == '|'
p_89b10db49a78be9854bf,c,ts_lex,1,PUSH_INT,124,,lookahead == '|'
p_89b10db49a78be9854bf,c,ts_lex,2,CMP_EQ,,,lookahead == '|'
p_bc6b6eda542e9c288eb9,c,ts_lex,0,PUSH_LOOKAHEAD,,,lookahead == 10
p_bc6b6eda542e9c288eb9,c,ts_lex,1,PUSH_INT,10,,lookahead == 10
p_bc6b6eda542e9c288eb9,c,ts_lex,2,CMP_EQ,,,lookahead == 10
p_76db8fbd5dd3d7ba0fc7,c,ts_lex,0,PUSH_LOOKAHEAD,,,lookahead == '\''
p_76db8fbd5dd3d7ba0fc7,c,ts_lex,1,PUSH_INT,39,,lookahead == '\''
p_76db8fbd5dd3d7ba0fc7,c,ts_lex,2,CMP_EQ,,,lookahead == '\''
p_99d7a54a82fff1492f92,c,ts_lex,0,PUSH_LOOKAHEAD,,,lookahead == '/'
p_99d7a54a82fff1492f92,c,ts_lex,1,PUSH_INT,47,,lookahead == '/'
p_99d7a54a82fff1492f92,c,ts_lex,2,CMP_EQ,,,lookahead == '/'
p_59df0564ba807be997ff,c,ts_lex,0,PUSH_LOOKAHEAD,,,lookahead != 0
p_59df0564ba807be997ff,c,ts_lex,1,PUSH_INT,0,,lookahead != 0
p_59df0564ba807be997ff,c,ts_lex,2,CMP_NE,,,lookahead != 0
p_4ee075dbf6e632dc7fed,c,ts_lex,0,PUSH_LOOKAHEAD,,,lookahead == 'x'
p_4ee075dbf6e632dc7fed,c,ts_lex,1,PUSH_INT,120,,lookahead == 'x'
p_4ee075dbf6e632dc7fed,c,ts_lex,2,CMP_EQ,,,lookahead == 'x'
p_adfe87dc86cf60b6dec8,c,ts_lex,0,PUSH_INT,48,,('0' <= lookahead && lookahead <= '9')
p_adfe87dc86cf60b6dec8,c,ts_lex,1,PUSH_LOOKAHEAD,,,('0' <= lookahead && lookahead <= '9')
p_adfe87dc86cf60b6dec8,c,ts_lex,2,CMP_LE,,,('0' <= lookahead && lookahead <= '9')
p_adfe87dc86cf60b6dec8,c,ts_lex,3,PUSH_LOOKAHEAD,,,('0' <= lookahead && lookahead <= '9')
p_adfe87dc86cf60b6dec8,c,ts_lex,4,PUSH_INT,57,,('0' <= lookahead && lookahead <= '9')
p_adfe87dc86cf60b6dec8,c,ts_lex,5,CMP_LE,,,('0' <= lookahead && lookahead <= '9')
p_adfe87dc86cf60b6dec8,c,ts_lex,6,AND,,,('0' <= lookahead && lookahead <= '9')
p_9aad1bdf12dd6c7dc70f,c,ts_lex,0,PUSH_LOOKAHEAD,,,"lookahead == '""'"
p_9aad1bdf12dd6c7dc70f,c,ts_lex,1,PUSH_INT,34,,"lookahead == '""'"
p_9aad1bdf12dd6c7dc70f,c,ts_lex,2,CMP_EQ,,,"lookahead == '""'"
p_5aa8df9933914b4b7f4b,c,ts_lex,0,PUSH_LOOKAHEAD,,,lookahead == '('
p_5aa8df9933914b4b7f4b,c,ts_lex,1,PUSH_INT,40,,lookahead == '('
p_5aa8df9933914b4b7f4b,c,ts_lex,2,CMP_EQ,,,lookahead == '('
p_2fe174e12da1dda4070c,c,ts_lex,0,PUSH_INT,9,,('\t' <= lookahead && lookahead <= '\f') || lookahead == ' '
p_2fe174e12da1dda4070c,c,ts_lex,1,PUSH_LOOKAHEAD,,,('\t' <= lookahead && lookahead <= '\f') || lookahead == ' '
p_2fe174e12da1dda4070c,c,ts_lex,2,CMP_LE,,,('\t' <= lookahead && lookahead <= '\f') || lookahead == ' '
p_2fe174e12da1dda4070c,c,ts_lex,3,PUSH_LOOKAHEAD,,,('\t' <= lookahead && lookahead <= '\f') || lookahead == ' '
p_2fe174e12da1dda4070c,c,ts_lex,4,PUSH_INT,12,,('\t' <= lookahead && lookahead <= '\f') || lookahead == ' '
p_2fe174e12da1dda4070c,c,ts_lex,5,CMP_LE,,,('\t' <= lookahead && lookahead <= '\f') || lookahead == ' '
p_2fe174e12da1dda4070c,c,ts_lex,6,AND,,,('\t' <= lookahead && lookahead <= '\f') || lookahead == ' '
p_2fe174e12da1dda4070c,c,ts_lex,7,PUSH_LOOKAHEAD,,,('\t' <= lookahead && lookahead <= '\f') || lookahead == ' '
p_2fe174e12da1dda4070c,c,ts_lex,8,PUSH_INT,32,,('\t' <= lookahead && lookahead <= '\f') || lookahead == ' '
p_2fe174e12da1dda4070c,c,ts_lex,9,CMP_EQ,,,('\t' <= lookahead && lookahead <= '\f') || lookahead == ' '
p_2fe174e12da1dda4070c,c,ts_lex,10,OR,,,('\t' <= lookahead && lookahead <= '\f') || lookahead == ' '
p_4413fb111f45479e7dc7,c,ts_lex,0,PUSH_LOOKAHEAD,,,lookahead == '<'
p_4413fb111f45479e7dc7,c,ts_lex,1,PUSH_INT,60,,lookahead == '<'
p_4413fb111f45479e7dc7,c,ts_lex,2,CMP_EQ,,,lookahead == '<'
p_d835522c06e1bf9b2cd5,c,ts_lex,0,PUSH_LOOKAHEAD,,,lookahead == 'L'
p_d835522c06e1bf9b2cd5,c,ts_lex,1,PUSH_INT,76,,lookahead == 'L'
p_d835522c06e1bf9b2cd5,c,ts_lex,2,CMP_EQ,,,lookahead == 'L'
p_f1ffca38b42141bfb567,c,ts_lex,0,PUSH_LOOKAHEAD,,,lookahead == '#'
p_f1ffca38b42141bfb567,c,ts_lex,1,PUSH_INT,35,,lookahead == '#'
p_f1ffca38b42141bfb567,c,ts_lex,2,CMP_EQ,,,lookahead == '#'
p_bddeeb78c7924694afc4,c,ts_lex,0,PUSH_LOOKAHEAD,,,lookahead == '}'
p_bddeeb78c7924694afc4,c,ts_lex,1,PUSH_INT,125,,lookahead == '}'
p_bddeeb78c7924694afc4,c,ts_lex,2,CMP_EQ,,,lookahead == '}'
p_af19d217386d90050ef1,c,ts_lex,0,PUSH_LOOKAHEAD,,,lookahead == '['
p_af19d217386d90050ef1,c,ts_lex,1,PUSH_INT,91,,lookahead == '['
p_af19d217386d90050ef1,c,ts_lex,2,CMP_EQ,,,lookahead == '['
p_5f60bee891e0a660a220,c,ts_lex,0,PUSH_LOOKAHEAD,,,lookahead == '*'
p_5f60bee891e0a660a220,c,ts_lex,1,PUSH_INT,42,,lookahead == '*'
p_5f60bee891e0a660a220,c,ts_lex,2,CMP_EQ,,,lookahead == '*'
p_ccbaed8613a201aedfb2,c,ts_lex,0,PUSH_LOOKAHEAD,,,lookahead == '.'
p_ccbaed8613a201aedfb2,c,ts_lex,1,PUSH_INT,46,,lookahead == '.'
p_ccbaed8613a201aedfb2,c,ts_lex,2,CMP_EQ,,,lookahead == '.'
p_fe984afcdb7eb62db24c,c,ts_lex,0,PUSH_LOOKAHEAD,,,lookahead == '0'
p_fe984afcdb7eb62db24c,c,ts_lex,1,PUSH_INT,48,,lookahead == '0'
p_fe984afcdb7eb62db24c,c,ts_lex,2,CMP_EQ,,,lookahead == '0'
p_3e3b3e1a31deff5f805e,c,ts_lex,0,PUSH_INT,65,,('A' <= lookahead && lookahead <= 'F') || ('a' <= lookahead && lookahead <= 'f')
p_3e3b3e1a31deff5f805e,c,ts_lex,1,PUSH_LOOKAHEAD,,,('A' <= lookahead && lookahead <= 'F') || ('a' <= lookahead && lookahead <= 'f')
p_3e3b3e1a31deff5f805e,c,ts_lex,2,CMP_LE,,,('A' <= lookahead && lookahead <= 'F') || ('a' <= lookahead && lookahead <= 'f')
p_3e3b3e1a31deff5f805e,c,ts_lex,3,PUSH_LOOKAHEAD,,,('A' <= lookahead && lookahead <= 'F') || ('a' <= lookahead && lookahead <= 'f')
p_3e3b3e1a31deff5f805e,c,ts_lex,4,PUSH_INT,70,,('A' <= lookahead && lookahead <= 'F') || ('a' <= lookahead && lookahead <= 'f')
p_3e3b3e1a31deff5f805e,c,ts_lex,5,CMP_LE,,,('A' <= lookahead && lookahead <= 'F') || ('a' <= lookahead && lookahead <= 'f')
p_3e3b3e1a31deff5f805e,c,ts_lex,6,AND,,,('A' <= lookahead && lookahead <= 'F') || ('a' <= lookahead && lookahead <= 'f')
p_3e3b3e1a31deff5f805e,c,ts_lex,7,PUSH_INT,97,,('A' <= lookahead && lookahead <= 'F') || ('a' <= lookahead && lookahead <= 'f')
p_3e3b3e1a31deff5f805e,c,ts_lex,8,PUSH_LOOKAHEAD,,,('A' <= lookahead && lookahead <= 'F') || ('a' <= lookahead && lookahead <= 'f')
p_3e3b3e1a31deff5f805e,c,ts_lex,9,CMP_LE,,,('A' <= lookahead && lookahead <= 'F') || ('a' <= lookahead && lookahead <= 'f')
p_3e3b3e1a31deff5f805e,c,ts_lex,10,PUSH_LOOKAHEAD,,,('A' <= lookahead && lookahead <= 'F') || ('a' <= lookahead && lookahead <= 'f')
p_3e3b3e1a31deff5f805e,c,ts_lex,11,PUSH_INT,102,,('A' <= lookahead && lookahead <= 'F') || ('a' <= lookahead && lookahead <= 'f')
p_3e3b3e1a31deff5f805e,c,ts_lex,12,CMP_LE,,,('A' <= lookahead && lookahead <= 'F') || ('a' <= lookahead && lookahead <= 'f')
p_3e3b3e1a31deff5f805e,c,ts_lex,13,AND,,,('A' <= lookahead && lookahead <= 'F') || ('a' <= lookahead && lookahead <= 'f')
p_3e3b3e1a31deff5f805e,c,ts_lex,14,OR,,,('A' <= lookahead && lookahead <= 'F') || ('a' <= lookahead && lookahead <= 'f')
p_2b443d45dd4251920343,c,ts_lex,0,PUSH_LOOKAHEAD,,,lookahead == ':'
p_2b443d45dd4251920343,c,ts_lex,1,PUSH_INT,58,,lookahead == ':'
p_2b443d45dd4251920343,c,ts_lex,2,CMP_EQ,,,lookahead == ':'
p_1ef0cc22379c16035b16,c,ts_lex,0,PUSH_LOOKAHEAD,,,lookahead == '='
p_1ef0cc22379c16035b16,c,ts_lex,1,PUSH_INT,61,,lookahead == '='
p_1ef0cc22379c16035b16,c,ts_lex,2,CMP_EQ,,,lookahead == '='
p_5dbe18510841707845b1,c,ts_lex,0,PUSH_LOOKAHEAD,,,lookahead == '>'
p_5dbe18510841707845b1,c,ts_lex,1,PUSH_INT,62,,lookahead == '>'
p_5dbe18510841707845b1,c,ts_lex,2,CMP_EQ,,,lookahead == '>'
p_71b7d46c9aafb331b046,c,ts_lex,0,PUSH_LOOKAHEAD,,,lookahead != 0 && lookahead != '\n'
p_71b7d46c9aafb331b046,c,ts_lex,1,PUSH_INT,0,,lookahead != 0 && lookahead != '\n'
p_71b7d46c9aafb331b046,c,ts_lex,2,CMP_NE,,,lookahead != 0 && lookahead != '\n'
p_71b7d46c9aafb331b046,c,ts_lex,3,PUSH_LOOKAHEAD,,,lookahead != 0 && lookahead != '\n'
p_71b7d46c9aafb331b046,c,ts_lex,4,PUSH_INT,10,,lookahead != 0 && lookahead != '\n'
p_71b7d46c9aafb331b046,c,ts_lex,5,CMP_NE,,,lookahead != 0 && lookahead != '\n'
p_71b7d46c9aafb331b046,c,ts_lex,6,AND,,,lookahead != 0 && lookahead != '\n'
p_d1ce9ebdca9fb041a1ca,c,ts_lex,0,PUSH_LOOKAHEAD,,,lookahead == ']'
p_d1ce9ebdca9fb041a1ca,c,ts_lex,1,PUSH_INT,93,,lookahead == ']'
p_d1ce9ebdca9fb041a1ca,c,ts_lex,2,CMP_EQ,,,lookahead == ']'
p_a4eea39a7f5640178519,c,ts_lex,0,PUSH_LOOKAHEAD,,,lookahead == 'd'
p_a4eea39a7f5640178519,c,ts_lex,1,PUSH_INT,100,,lookahead == 'd'
p_a4eea39a7f5640178519,c,ts_lex,2,CMP_EQ,,,lookahead == 'd'
p_df24a902df32d78b99ac,c,ts_lex,0,PUSH_LOOKAHEAD,,,lookahead == 'e'
p_df24a902df32d78b99ac,c,ts_lex,1,PUSH_INT,101,,lookahead == 'e'
p_df24a902df32d78b99ac,c,ts_lex,2,CMP_EQ,,,lookahead == 'e'
p_c547ed26df535ee944a2,c,ts_lex,0,PUSH_LOOKAHEAD,,,lookahead == 'i'
p_c547ed26df535ee944a2,c,ts_lex,1,PUSH_INT,105,,lookahead == 'i'
p_c547ed26df535ee944a2,c,ts_lex,2,CMP_EQ,,,lookahead == 'i'
p_41207e0b373a44c86a37,c,ts_lex,0,PUSH_LOOKAHEAD,,,lookahead == '\t' || lookahead == ' '
p_41207e0b373a44c86a37,c,ts_lex,1,PUSH_INT,9,,lookahead == '\t' || lookahead == ' '
p_41207e0b373a44c86a37,c,ts_lex,2,CMP_EQ,,,lookahead == '\t' || lookahead == ' '
p_41207e0b373a44c86a37,c,ts_lex,3,PUSH_LOOKAHEAD,,,lookahead == '\t' || lookahead == ' '
p_41207e0b373a44c86a37,c,ts_lex,4,PUSH_INT,32,,lookahead == '\t' || lookahead == ' '
p_41207e0b373a44c86a37,c,ts_lex,5,CMP_EQ,,,lookahead == '\t' || lookahead == ' '
p_41207e0b373a44c86a37,c,ts_lex,6,OR,,,lookahead == '\t' || lookahead == ' '
p_b396644dd62fbc9b0570,c,ts_lex,0,PUSH_INT,48,,('0' <= lookahead && lookahead <= '9') || ('A' <= lookahead && lookahead <= 'Z') || ('a' <= lookahead && lookahead <= 'z')
p_b396644dd62fbc9b0570,c,ts_lex,1,PUSH_LOOKAHEAD,,,('0' <= lookahead && lookahead <= '9') || ('A' <= lookahead && lookahead <= 'Z') || ('a' <= lookahead && lookahead <= 'z')
p_b396644dd62fbc9b0570,c,ts_lex,2,CMP_LE,,,('0' <= lookahead && lookahead <= '9') || ('A' <= lookahead && lookahead <= 'Z') || ('a' <= lookahead && lookahead <= 'z')
p_b396644dd62fbc9b0570,c,ts_lex,3,PUSH_LOOKAHEAD,,,('0' <= lookahead && lookahead <= '9') || ('A' <= lookahead && lookahead <= 'Z') || ('a' <= lookahead && lookahead <= 'z')
p_b396644dd62fbc9b0570,c,ts_lex,4,PUSH_INT,57,,('0' <= lookahead && lookahead <= '9') || ('A' <= lookahead && lookahead <= 'Z') || ('a' <= lookahead && lookahead <= 'z')
p_b396644dd62fbc9b0570,c,ts_lex,5,CMP_LE,,,('0' <= lookahead && lookahead <= '9') || ('A' <= lookahead && lookahead <= 'Z') || ('a' <= lookahead && lookahead <= 'z')
p_b396644dd62fbc9b0570,c,ts_lex,6,AND,,,('0' <= lookahead && lookahead <= '9') || ('A' <= lookahead && lookahead <= 'Z') || ('a' <= lookahead && lookahead <= 'z')
p_b396644dd62fbc9b0570,c,ts_lex,7,PUSH_INT,65,,('0' <= lookahead && lookahead <= '9') || ('A' <= lookahead && lookahead <= 'Z') || ('a' <= lookahead && lookahead <= 'z')
p_b396644dd62fbc9b0570,c,ts_lex,8,PUSH_LOOKAHEAD,,,('0' <= lookahead && lookahead <= '9') || ('A' <= lookahead && lookahead <= 'Z') || ('a' <= lookahead && lookahead <= 'z')
p_b396644dd62fbc9b0570,c,ts_lex,9,CMP_LE,,,('0' <= lookahead && lookahead <= '9') || ('A' <= lookahead && lookahead <= 'Z') || ('a' <= lookahead && lookahead <= 'z')
p_b396644dd62fbc9b0570,c,ts_lex,10,PUSH_LOOKAHEAD,,,('0' <= lookahead && lookahead <= '9') || ('A' <= lookahead && lookahead <= 'Z') || ('a' <= lookahead && lookahead <= 'z')
p_b396644dd62fbc9b0570,c,ts_lex,11,PUSH_INT,90,,('0' <= lookahead && lookahead <= '9') || ('A' <= lookahead && lookahead <= 'Z') || ('a' <= lookahead && lookahead <= 'z')
p_b396644dd62fbc9b0570,c,ts_lex,12,CMP_LE,,,('0' <= lookahead && lookahead <= '9') || ('A' <= lookahead && lookahead <= 'Z') || ('a' <= lookahead && lookahead <= 'z')
p_b396644dd62fbc9b0570,c,ts_lex,13,AND,,,('0' <= lookahead && lookahead <= '9') || ('A' <= lookahead && lookahead <= 'Z') || ('a' <= lookahead && lookahead <= 'z')
p_b396644dd62fbc9b0570,c,ts_lex,14,OR,,,('0' <= lookahead && lookahead <= '9') || ('A' <= lookahead && lookahead <= 'Z') || ('a' <= lookahead && lookahead <= 'z')
p_b396644dd62fbc9b0570,c,ts_lex,15,PUSH_INT,97,,('0' <= lookahead && lookahead <= '9') || ('A' <= lookahead && lookahead <= 'Z') || ('a' <= lookahead && lookahead <= 'z')
p_b396644dd62fbc9b0570,c,ts_lex,16,PUSH_LOOKAHEAD,,,('0' <= lookahead && lookahead <= '9') || ('A' <= lookahead && lookahead <= 'Z') || ('a' <= lookahead && lookahead <= 'z')
p_b396644dd62fbc9b0570,c,ts_lex,17,CMP_LE,,,('0' <= lookahead && lookahead <= '9') || ('A' <= lookahead && lookahead <= 'Z') || ('a' <= lookahead && lookahead <= 'z')
p_b396644dd62fbc9b0570,c,ts_lex,18,PUSH_LOOKAHEAD,,,('0' <= lookahead && lookahead <= '9') || ('A' <= lookahead && lookahead <= 'Z') || ('a' <= lookahead && lookahead <= 'z')
p_b396644dd62fbc9b0570,c,ts_lex,19,PUSH_INT,122,,('0' <= lookahead && lookahead <= '9') || ('A' <= lookahead && lookahead <= 'Z') || ('a' <= lookahead && lookahead <= 'z')
p_b396644dd62fbc9b0570,c,ts_lex,20,CMP_LE,,,('0' <= lookahead && lookahead <= '9') || ('A' <= lookahead && lookahead <= 'Z') || ('a' <= lookahead && lookahead <= 'z')
p_b396644dd62fbc9b0570,c,ts_lex,21,AND,,,('0' <= lookahead && lookahead <= '9') || ('A' <= lookahead && lookahead <= 'Z') || ('a' <= lookahead && lookahead <= 'z')
p_b396644dd62fbc9b0570,c,ts_lex,22,OR,,,('0' <= lookahead && lookahead <= '9') || ('A' <= lookahead && lookahead <= 'Z') || ('a' <= lookahead && lookahead <= 'z')
p_9e6480d6a63280156312,c,ts_lex,0,PUSH_LOOKAHEAD,,,lookahead == 'f'
p_9e6480d6a63280156312,c,ts_lex,1,PUSH_INT,102,,lookahead == 'f'
p_9e6480d6a63280156312,c,ts_lex,2,CMP_EQ,,,lookahead == 'f'
p_5f594a3fabc6ac7dffba,c,ts_lex,0,PUSH_LOOKAHEAD,,,lookahead == 's'
p_5f594a3fabc6ac7dffba,c,ts_lex,1,PUSH_INT,115,,lookahead == 's'
p_5f594a3fabc6ac7dffba,c,ts_lex,2,CMP_EQ,,,lookahead == 's'
p_d388d56366cb95ddcd39,c,ts_lex,0,PUSH_LOOKAHEAD,,,lookahead == 'l'
p_d388d56366cb95ddcd39,c,ts_lex,1,PUSH_INT,108,,lookahead == 'l'
p_d388d56366cb95ddcd39,c,ts_lex,2,CMP_EQ,,,lookahead == 'l'
p_5c42d434b1e4ebfd2fc1,c,ts_lex,0,PUSH_LOOKAHEAD,,,lookahead == 'n'
p_5c42d434b1e4ebfd2fc1,c,ts_lex,1,PUSH_INT,110,,lookahead == 'n'
p_5c42d434b1e4ebfd2fc1,c,ts_lex,2,CMP_EQ,,,lookahead == 'n'
p_51e6bad86e89b44a3f4c,c,ts_lex,0,PUSH_INT,48,,('0' <= lookahead && lookahead <= '9') || ('A' <= lookahead && lookahead <= 'F') || ('a' <= lookahead && lookahead <= 'f')
p_51e6bad86e89b44a3f4c,c,ts_lex,1,PUSH_LOOKAHEAD,,,('0' <= lookahead && lookahead <= '9') || ('A' <= lookahead && lookahead <= 'F') || ('a' <= lookahead && lookahead <= 'f')
p_51e6bad86e89b44a3f4c,c,ts_lex,2,CMP_LE,,,('0' <= lookahead && lookahead <= '9') || ('A' <= lookahead && lookahead <= 'F') || ('a' <= lookahead && lookahead <= 'f')
p_51e6bad86e89b44a3f4c,c,ts_lex,3,PUSH_LOOKAHEAD,,,('0' <= lookahead && lookahead <= '9') || ('A' <= lookahead && lookahead <= 'F') || ('a' <= lookahead && lookahead <= 'f')
p_51e6bad86e89b44a3f4c,c,ts_lex,4,PUSH_INT,57,,('0' <= lookahead && lookahead <= '9') || ('A' <= lookahead && lookahead <= 'F') || ('a' <= lookahead && lookahead <= 'f')
p_51e6bad86e89b44a3f4c,c,ts_lex,5,CMP_LE,,,('0' <= lookahead && lookahead <= '9') || ('A' <= lookahead && lookahead <= 'F') || ('a' <= lookahead && lookahead <= 'f')
p_51e6bad86e89b44a3f4c,c,ts_lex,6,AND,,,('0' <= lookahead && lookahead <= '9') || ('A' <= lookahead && lookahead <= 'F') || ('a' <= lookahead && lookahead <= 'f')
p_51e6bad86e89b44a3f4c,c,ts_lex,7,PUSH_INT,65,,('0' <= lookahead && lookahead <= '9') || ('A' <= lookahead && lookahead <= 'F') || ('a' <= lookahead && lookahead <= 'f')
p_51e6bad86e89b44a3f4c,c,ts_lex,8,PUSH_LOOKAHEAD,,,('0' <= lookahead && lookahead <= '9') || ('A' <= lookahead && lookahead <= 'F') || ('a' <= lookahead && lookahead <= 'f')
p_51e6bad86e89b44a3f4c,c,ts_lex,9,CMP_LE,,,('0' <= lookahead && lookahead <= '9') || ('A' <= lookahead && lookahead <= 'F') || ('a' <= lookahead && lookahead <= 'f')
p_51e6bad86e89b44a3f4c,c,ts_lex,10,PUSH_LOOKAHEAD,,,('0' <= lookahead && lookahead <= '9') || ('A' <= lookahead && lookahead <= 'F') || ('a' <= lookahead && lookahead <= 'f')
p_51e6bad86e89b44a3f4c,c,ts_lex,11,PUSH_INT,70,,('0' <= lookahead && lookahead <= '9') || ('A' <= lookahead && lookahead <= 'F') || ('a' <= lookahead && lookahead <= 'f')
p_51e6bad86e89b44a3f4c,c,ts_lex,12,CMP_LE,,,('0' <= lookahead && lookahead <= '9') || ('A' <= lookahead && lookahead <= 'F') || ('a' <= lookahead && lookahead <= 'f')
p_51e6bad86e89b44a3f4c,c,ts_lex,13,AND,,,('0' <= lookahead && lookahead <= '9') || ('A' <= lookahead && lookahead <= 'F') || ('a' <= lookahead && lookahead <= 'f')
p_51e6bad86e89b44a3f4c,c,ts_lex,14,OR,,,('0' <= lookahead && lookahead <= '9') || ('A' <= lookahead && lookahead <= 'F') || ('a' <= lookahead && lookahead <= 'f')
p_51e6bad86e89b44a3f4c,c,ts_lex,15,PUSH_INT,97,,('0' <= lookahead && lookahead <= '9') || ('A' <= lookahead && lookahead <= 'F') || ('a' <= lookahead && lookahead <= 'f')
p_51e6bad86e89b44a3f4c,c,ts_lex,16,PUSH_LOOKAHEAD,,,('0' <= lookahead && lookahead <= '9') || ('A' <= lookahead && lookahead <= 'F') || ('a' <= lookahead && lookahead <= 'f')
p_51e6bad86e89b44a3f4c,c,ts_lex,17,CMP_LE,,,('0' <= lookahead && lookahead <= '9') || ('A' <= lookahead && lookahead <= 'F') || ('a' <= lookahead && lookahead <= 'f')
p_51e6bad86e89b44a3f4c,c,ts_lex,18,PUSH_LOOKAHEAD,,,('0' <= lookahead && lookahead <= '9') || ('A' <= lookahead && lookahead <= 'F') || ('a' <= lookahead && lookahead <= 'f')
p_51e6bad86e89b44a3f4c,c,ts_lex,19,PUSH_INT,102,,('0' <= lookahead && lookahead <= '9') || ('A' <= lookahead && lookahead <= 'F') || ('a' <= lookahead && lookahead <= 'f')
p_51e6bad86e89b44a3f4c,c,ts_lex,20,CMP_LE,,,('0' <= lookahead && lookahead <= '9') || ('A' <= lookahead && lookahead <= 'F') || ('a' <= lookahead && lookahead <= 'f')
p_51e6bad86e89b44a3f4c,c,ts_lex,21,AND,,,('0' <= lookahead && lookahead <= '9') || ('A' <= lookahead && lookahead <= 'F') || ('a' <= lookahead && lookahead <= 'f')
p_51e6bad86e89b44a3f4c,c,ts_lex,22,OR,,,('0' <= lookahead && lookahead <= '9') || ('A' <= lookahead && lookahead <= 'F') || ('a' <= lookahead && lookahead <= 'f')
p_1f33ca70dc4606ffcb25,c,ts_lex,0,PUSH_LOOKAHEAD,,,lookahead != 0 && lookahead != '*'
p_1f33ca70dc4606ffcb25,c,ts_lex,1,PUSH_INT,0,,lookahead != 0 && lookahead != '*'
p_1f33ca70dc4606ffcb25,c,ts_lex,2,CMP_NE,,,lookahead != 0 && lookahead != '*'
p_1f33ca70dc4606ffcb25,c,ts_lex,3,PUSH_LOOKAHEAD,,,lookahead != 0 && lookahead != '*'
p_1f33ca70dc4606ffcb25,c,ts_lex,4,PUSH_INT,42,,lookahead != 0 && lookahead != '*'
p_1f33ca70dc4606ffcb25,c,ts_lex,5,CMP_NE,,,lookahead != 0 && lookahead != '*'
p_1f33ca70dc4606ffcb25,c,ts_lex,6,AND,,,lookahead != 0 && lookahead != '*'
p_67c336b99983ac76ee47,c,ts_lex,0,PUSH_INT,48,,('0' <= lookahead && lookahead <= '9') || ('A' <= lookahead && lookahead <= 'Z') || lookahead == '_' || ('a' <= lookahead && lookahead <= 'z')
p_67c336b99983ac76ee47,c,ts_lex,1,PUSH_LOOKAHEAD,,,('0' <= lookahead && lookahead <= '9') || ('A' <= lookahead && lookahead <= 'Z') || lookahead == '_' || ('a' <= lookahead && lookahead <= 'z')
p_67c336b99983ac76ee47,c,ts_lex,2,CMP_LE,,,('0' <= lookahead && lookahead <= '9') || ('A' <= lookahead && lookahead <= 'Z') || lookahead == '_' || ('a' <= lookahead && lookahead <= 'z')
p_67c336b99983ac76ee47,c,ts_lex,3,PUSH_LOOKAHEAD,,,('0' <= lookahead && lookahead <= '9') || ('A' <= lookahead && lookahead <= 'Z') || lookahead == '_' || ('a' <= lookahead && lookahead <= 'z')
p_67c336b99983ac76ee47,c,ts_lex,4,PUSH_INT,57,,('0' <= lookahead && lookahead <= '9') || ('A' <= lookahead && lookahead <= 'Z') || lookahead == '_' || ('a' <= lookahead && lookahead <= 'z')
p_67c336b99983ac76ee47,c,ts_lex,5,CMP_LE,,,('0' <= lookahead && lookahead <= '9') || ('A' <= lookahead && lookahead <= 'Z') || lookahead == '_' || ('a' <= lookahead && lookahead <= 'z')
p_67c336b99983ac76ee47,c,ts_lex,6,AND,,,('0' <= lookahead && lookahead <= '9') || ('A' <= lookahead && lookahead <= 'Z') || lookahead == '_' || ('a' <= lookahead && lookahead <= 'z')
p_67c336b99983ac76ee47,c,ts_lex,7,PUSH_INT,65,,('0' <= lookahead && lookahead <= '9') || ('A' <= lookahead && lookahead <= 'Z') || lookahead == '_' || ('a' <= lookahead && lookahead <= 'z')
p_67c336b99983ac76ee47,c,ts_lex,8,PUSH_LOOKAHEAD,,,('0' <= lookahead && lookahead <= '9') || ('A' <= lookahead && lookahead <= 'Z') || lookahead == '_' || ('a' <= lookahead && lookahead <= 'z')
p_67c336b99983ac76ee47,c,ts_lex,9,CMP_LE,,,('0' <= lookahead && lookahead <= '9') || ('A' <= lookahead && lookahead <= 'Z') || lookahead == '_' || ('a' <= lookahead && lookahead <= 'z')
p_67c336b99983ac76ee47,c,ts_lex,10,PUSH_LOOKAHEAD,,,('0' <= lookahead && lookahead <= '9') || ('A' <= lookahead && lookahead <= 'Z') || lookahead == '_' || ('a' <= lookahead && lookahead <= 'z')
p_67c336b99983ac76ee47,c,ts_lex,11,PUSH_INT,90,,('0' <= lookahead && lookahead <= '9') || ('A' <= lookahead && lookahead <= 'Z') || lookahead == '_' || ('a' <= lookahead && lookahead <= 'z')
p_67c336b99983ac76ee47,c,ts_lex,12,CMP_LE,,,('0' <= lookahead && lookahead <= '9') || ('A' <= lookahead && lookahead <= 'Z') || lookahead == '_' || ('a' <= lookahead && lookahead <= 'z')
p_67c336b99983ac76ee47,c,ts_lex,13,AND,,,('0' <= lookahead && lookahead <= '9') || ('A' <= lookahead && lookahead <= 'Z') || lookahead == '_' || ('a' <= lookahead && lookahead <= 'z')
p_67c336b99983ac76ee47,c,ts_lex,14,OR,,,('0' <= lookahead && lookahead <= '9') || ('A' <= lookahead && lookahead <= 'Z') || lookahead == '_' || ('a' <= lookahead && lookahead <= 'z')
p_67c336b99983ac76ee47,c,ts_lex,15,PUSH_LOOKAHEAD,,,('0' <= lookahead && lookahead <= '9') || ('A' <= lookahead && lookahead <= 'Z') || lookahead == '_' || ('a' <= lookahead && lookahead <= 'z')
p_67c336b99983ac76ee47,c,ts_lex,16,PUSH_INT,95,,('0' <= lookahead && lookahead <= '9') || ('A' <= lookahead && lookahead <= 'Z') || lookahead == '_' || ('a' <= lookahead && lookahead <= 'z')
p_67c336b99983ac76ee47,c,ts_lex,17,CMP_EQ,,,('0' <= lookahead && lookahead <= '9') || ('A' <= lookahead && lookahead <= 'Z') || lookahead == '_' || ('a' <= lookahead && lookahead <= 'z')
p_67c336b99983ac76ee47,c,ts_lex,18,OR,,,('0' <= lookahead && lookahead <= '9') || ('A' <= lookahead && lookahead <= 'Z') || lookahead == '_' || ('a' <= lookahead && lookahead <= 'z')
p_67c336b99983ac76ee47,c,ts_lex,19,PUSH_INT,97,,('0' <= lookahead && lookahead <= '9') || ('A' <= lookahead && lookahead <= 'Z') || lookahead == '_' || ('a' <= lookahead && lookahead <= 'z')
p_67c336b99983ac76ee47,c,ts_lex,20,PUSH_LOOKAHEAD,,,('0' <= lookahead && lookahead <= '9') || ('A' <= lookahead && lookahead <= 'Z') || lookahead == '_' || ('a' <= lookahead && lookahead <= 'z')
p_67c336b99983ac76ee47,c,ts_lex,21,CMP_LE,,,('0' <= lookahead && lookahead <= '9') || ('A' <= lookahead && lookahead <= 'Z') || lookahead == '_' || ('a' <= lookahead && lookahead <= 'z')
p_67c336b99983ac76ee47,c,ts_lex,22,PUSH_LOOKAHEAD,,,('0' <= lookahead && lookahead <= '9') || ('A' <= lookahead && lookahead <= 'Z') || lookahead == '_' || ('a' <= lookahead && lookahead <= 'z')
p_67c336b99983ac76ee47,c,ts_lex,23,PUSH_INT,122,,('0' <= lookahead && lookahead <= '9') || ('A' <= lookahead && lookahead <= 'Z') || lookahead == '_' || ('a' <= lookahead && lookahead <= 'z')
p_67c336b99983ac76ee47,c,ts_lex,24,CMP_LE,,,('0' <= lookahead && lookahead <= '9') || ('A' <= lookahead && lookahead <= 'Z') || lookahead == '_' || ('a' <= lookahead && lookahead <= 'z')
p_67c336b99983ac76ee47,c,ts_lex,25,AND,,,('0' <= lookahead && lookahead <= '9') || ('A' <= lookahead && lookahead <= 'Z') || lookahead == '_' || ('a' <= lookahead && lookahead <= 'z')
p_67c336b99983ac76ee47,c,ts_lex,26,OR,,,('0' <= lookahead && lookahead <= '9') || ('A' <= lookahead && lookahead <= 'Z') || lookahead == '_' || ('a' <= lookahead && lookahead <= 'z')
p_bfbff63e3c2599197861,c,ts_lex,0,PUSH_LOOKAHEAD,,,lookahead == 'c'
p_bfbff63e3c2599197861,c,ts_lex,1,PUSH_INT,99,,lookahead == 'c'
p_bfbff63e3c2599197861,c,ts_lex,2,CMP_EQ,,,lookahead == 'c'
p_7e0166d556313387e831,c,ts_lex,0,PUSH_LOOKAHEAD,,,lookahead == '-'
p_7e0166d556313387e831,c,ts_lex,1,PUSH_INT,45,,lookahead == '-'
p_7e0166d556313387e831,c,ts_lex,2,CMP_EQ,,,lookahead == '-'
p_626c6fece54ced92e779,c,ts_lex,0,PUSH_LOOKAHEAD,,,lookahead == '+'
p_626c6fece54ced92e779,c,ts_lex,1,PUSH_INT,43,,lookahead == '+'
p_626c6fece54ced92e779,c,ts_lex,2,CMP_EQ,,,lookahead == '+'
p_839cea8216ddca4dea94,c,ts_lex,0,PUSH_LOOKAHEAD,,,lookahead == '&'
p_839cea8216ddca4dea94,c,ts_lex,1,PUSH_INT,38,,lookahead == '&'
p_839cea8216ddca4dea94,c,ts_lex,2,CMP_EQ,,,lookahead == '&'
p_5112aeaa451a130d8731,c,ts_lex,0,PUSH_LOOKAHEAD,,,lookahead == 'E' || lookahead == 'P' || lookahead == 'e' || lookahead == 'p'
p_5112aeaa451a130d8731,c,ts_lex,1,PUSH_INT,69,,lookahead == 'E' || lookahead == 'P' || lookahead == 'e' || lookahead == 'p'
p_5112aeaa451a130d8731,c,ts_lex,2,CMP_EQ,,,lookahead == 'E' || lookahead == 'P' || lookahead == 'e' || lookahead == 'p'
p_5112aeaa451a130d8731,c,ts_lex,3,PUSH_LOOKAHEAD,,,lookahead == 'E' || lookahead == 'P' || lookahead == 'e' || lookahead == 'p'
p_5112aeaa451a130d8731,c,ts_lex,4,PUSH_INT,80,,lookahead == 'E' || lookahead == 'P' || lookahead == 'e' || lookahead == 'p'
p_5112aeaa451a130d8731,c,ts_lex,5,CMP_EQ,,,lookahead == 'E' || lookahead == 'P' || lookahead == 'e' || lookahead == 'p'
p_5112aeaa451a130d8731,c,ts_lex,6,OR,,,lookahead == 'E' || lookahead == 'P' || lookahead == 'e' || lookahead == 'p'
p_5112aeaa451a130d8731,c,ts_lex,7,PUSH_LOOKAHEAD,,,lookahead == 'E' || lookahead == 'P' || lookahead == 'e' || lookahead == 'p'
p_5112aeaa451a130d8731,c,ts_lex,8,PUSH_INT,101,,lookahead == 'E' || lookahead == 'P' || lookahead == 'e' || lookahead == 'p'
p_5112aeaa451a130d8731,c,ts_lex,9,CMP_EQ,,,lookahead == 'E' || lookahead == 'P' || lookahead == 'e' || lookahead == 'p'
p_5112aeaa451a130d8731,c,ts_lex,10,OR,,,lookahead == 'E' || lookahead == 'P' || lookahead == 'e' || lookahead == 'p'
p_5112aeaa451a130d8731,c,ts_lex,11,PUSH_LOOKAHEAD,,,lookahead == 'E' || lookahead == 'P' || lookahead == 'e' || lookahead == 'p'
p_5112aeaa451a130d8731,c,ts_lex,12,PUSH_INT,112,,lookahead == 'E' || lookahead == 'P' || lookahead == 'e' || lookahead == 'p'
p_5112aeaa451a130d8731,c,ts_lex,13,CMP_EQ,,,lookahead == 'E' || lookahead == 'P' || lookahead == 'e' || lookahead == 'p'
p_5112aeaa451a130d8731,c,ts_lex,14,OR,,,lookahead == 'E' || lookahead == 'P' || lookahead == 'e' || lookahead == 'p'
p_599d46086d8653943a02,c,ts_lex,0,SET_CONTAINS,sym_number_literal_character_set_13,13,"set_contains(sym_number_literal_character_set_13, 13, lookahead)"
p_efe94dc183406d64a924,c,ts_lex,0,PUSH_LOOKAHEAD,,,lookahead == 66
p_efe94dc183406d64a924,c,ts_lex,1,PUSH_INT,66,,lookahead == 66
p_efe94dc183406d64a924,c,ts_lex,2,CMP_EQ,,,lookahead == 66
p_3a9032abc9a0ca3289d0,c,ts_lex,0,PUSH_LOOKAHEAD,,,lookahead == 98
p_3a9032abc9a0ca3289d0,c,ts_lex,1,PUSH_INT,98,,lookahead == 98
p_3a9032abc9a0ca3289d0,c,ts_lex,2,CMP_EQ,,,lookahead == 98
p_49be2c6c046d79fbdb2e,c,ts_lex,0,PUSH_LOOKAHEAD,,,lookahead == 69
p_49be2c6c046d79fbdb2e,c,ts_lex,1,PUSH_INT,69,,lookahead == 69
p_49be2c6c046d79fbdb2e,c,ts_lex,2,CMP_EQ,,,lookahead == 69
p_c063d5c9bb6a73886fe5,c,ts_lex,0,PUSH_LOOKAHEAD,,,lookahead == 101
p_c063d5c9bb6a73886fe5,c,ts_lex,1,PUSH_INT,101,,lookahead == 101
p_c063d5c9bb6a73886fe5,c,ts_lex,2,CMP_EQ,,,lookahead == 101
p_46afa3a111403774b41a,c,ts_lex,0,PUSH_LOOKAHEAD,,,lookahead == 80
p_46afa3a111403774b41a,c,ts_lex,1,PUSH_INT,80,,lookahead == 80
p_46afa3a111403774b41a,c,ts_lex,2,CMP_EQ,,,lookahead == 80
p_645f4f15480d84f87555,c,ts_lex,0,PUSH_LOOKAHEAD,,,lookahead == 112
p_645f4f15480d84f87555,c,ts_lex,1,PUSH_INT,112,,lookahead == 112
p_645f4f15480d84f87555,c,ts_lex,2,CMP_EQ,,,lookahead == 112
p_435d92c0d1ddffca5b14,c,ts_lex,0,PUSH_LOOKAHEAD,,,lookahead == 88
p_435d92c0d1ddffca5b14,c,ts_lex,1,PUSH_INT,88,,lookahead == 88
p_435d92c0d1ddffca5b14,c,ts_lex,2,CMP_EQ,,,lookahead == 88
p_eb53ef65af34dfb32291,c,ts_lex,0,PUSH_LOOKAHEAD,,,lookahead == 120
p_eb53ef65af34dfb32291,c,ts_lex,1,PUSH_INT,120,,lookahead == 120
p_eb53ef65af34dfb32291,c,ts_lex,2,CMP_EQ,,,lookahead == 120
p_021fa79115cc719c414e,c,ts_lex,0,PUSH_LOOKAHEAD,,,lookahead == 65
p_021fa79115cc719c414e,c,ts_lex,1,PUSH_INT,65,,lookahead == 65
p_021fa79115cc719c414e,c,ts_lex,2,CMP_EQ,,,lookahead == 65
p_31361ff5489e97d30ce6,c,ts_lex,0,PUSH_LOOKAHEAD,,,lookahead == 67
p_31361ff5489e97d30ce6,c,ts_lex,1,PUSH_INT,67,,lookahead == 67
p_31361ff5489e97d30ce6,c,ts_lex,2,CMP_EQ,,,lookahead == 67
p_132873262dc0c68bf0a7,c,ts_lex,0,PUSH_LOOKAHEAD,,,lookahead == 97
p_132873262dc0c68bf0a7,c,ts_lex,1,PUSH_INT,97,,lookahead == 97
p_132873262dc0c68bf0a7,c,ts_lex,2,CMP_EQ,,,lookahead == 97
p_155dac33468f61a0e89a,c,ts_lex,0,PUSH_LOOKAHEAD,,,lookahead == 99
p_155dac33468f61a0e89a,c,ts_lex,1,PUSH_INT,99,,lookahead == 99
p_155dac33468f61a0e89a,c,ts_lex,2,CMP_EQ,,,lookahead == 99
p_4ee154a0783d72ee2d88,c,ts_lex,0,PUSH_LOOKAHEAD,,,lookahead == 68
p_4ee154a0783d72ee2d88,c,ts_lex,1,PUSH_INT,68,,lookahead == 68
p_4ee154a0783d72ee2d88,c,ts_lex,2,CMP_EQ,,,lookahead == 68
p_73273c5bb0d17395dfae,c,ts_lex,0,PUSH_LOOKAHEAD,,,lookahead == 70
p_73273c5bb0d17395dfae,c,ts_lex,1,PUSH_INT,70,,lookahead == 70
p_73273c5bb0d17395dfae,c,ts_lex,2,CMP_EQ,,,lookahead == 70
p_b118a0addcf0ad3e4360,c,ts_lex,0,PUSH_LOOKAHEAD,,,lookahead == 100
p_b118a0addcf0ad3e4360,c,ts_lex,1,PUSH_INT,100,,lookahead == 100
p_b118a0addcf0ad3e4360,c,ts_lex,2,CMP_EQ,,,lookahead == 100
p_bd11e43ab16c42c6b07a,c,ts_lex,0,PUSH_LOOKAHEAD,,,lookahead == 102
p_bd11e43ab16c42c6b07a,c,ts_lex,1,PUSH_INT,102,,lookahead == 102
p_bd11e43ab16c42c6b07a,c,ts_lex,2,CMP_EQ,,,lookahead == 102
p_d0eea702d91a3d972581,c,ts_lex,0,PUSH_LOOKAHEAD,,,lookahead == 87
p_d0eea702d91a3d972581,c,ts_lex,1,PUSH_INT,87,,lookahead == 87
p_d0eea702d91a3d972581,c,ts_lex,2,CMP_EQ,,,lookahead == 87
p_2623c248a6108d515395,c,ts_lex,0,PUSH_LOOKAHEAD,,,lookahead == 108
p_2623c248a6108d515395,c,ts_lex,1,PUSH_INT,108,,lookahead == 108
p_2623c248a6108d515395,c,ts_lex,2,CMP_EQ,,,lookahead == 108
p_c501a3a9f1f8dc185c0d,c,ts_lex,0,PUSH_LOOKAHEAD,,,lookahead == 119
p_c501a3a9f1f8dc185c0d,c,ts_lex,1,PUSH_INT,119,,lookahead == 119
p_c501a3a9f1f8dc185c0d,c,ts_lex,2,CMP_EQ,,,lookahead == 119
p_e41eb04b2f81156a7fff,c,ts_lex,0,PUSH_INT,48,,('0' <= lookahead && lookahead <= '9') || ('A' <= lookahead && lookahead <= 'E') || ('a' <= lookahead && lookahead <= 'e')
p_e41eb04b2f81156a7fff,c,ts_lex,1,PUSH_LOOKAHEAD,,,('0' <= lookahead && lookahead <= '9') || ('A' <= lookahead && lookahead <= 'E') || ('a' <= lookahead && lookahead <= 'e')
p_e41eb04b2f81156a7fff,c,ts_lex,2,CMP_LE,,,('0' <= lookahead && lookahead <= '9') || ('A' <= lookahead && lookahead <= 'E') || ('a' <= lookahead && lookahead <= 'e')
p_e41eb04b2f81156a7fff,c,ts_lex,3,PUSH_LOOKAHEAD,,,('0' <= lookahead && lookahead <= '9') || ('A' <= lookahead && lookahead <= 'E') || ('a' <= lookahead && lookahead <= 'e')
p_e41eb04b2f81156a7fff,c,ts_lex,4,PUSH_INT,57,,('0' <= lookahead && lookahead <= '9') || ('A' <= lookahead && lookahead <= 'E') || ('a' <= lookahead && lookahead <= 'e')
p_e41eb04b2f81156a7fff,c,ts_lex,5,CMP_LE,,,('0' <= lookahead && lookahead <= '9') || ('A' <= lookahead && lookahead <= 'E') || ('a' <= lookahead && lookahead <= 'e')
p_e41eb04b2f81156a7fff,c,ts_lex,6,AND,,,('0' <= lookahead && lookahead <= '9') || ('A' <= lookahead && lookahead <= 'E') || ('a' <= lookahead && lookahead <= 'e')
p_e41eb04b2f81156a7fff,c,ts_lex,7,PUSH_INT,65,,('0' <= lookahead && lookahead <= '9') || ('A' <= lookahead && lookahead <= 'E') || ('a' <= lookahead && lookahead <= 'e')
p_e41eb04b2f81156a7fff,c,ts_lex,8,PUSH_LOOKAHEAD,,,('0' <= lookahead && lookahead <= '9') || ('A' <= lookahead && lookahead <= 'E') || ('a' <= lookahead && lookahead <= 'e')
p_e41eb04b2f81156a7fff,c,ts_lex,9,CMP_LE,,,('0' <= lookahead && lookahead <= '9') || ('A' <= lookahead && lookahead <= 'E') || ('a' <= lookahead && lookahead <= 'e')
p_e41eb04b2f81156a7fff,c,ts_lex,10,PUSH_LOOKAHEAD,,,('0' <= lookahead && lookahead <= '9') || ('A' <= lookahead && lookahead <= 'E') || ('a' <= lookahead && lookahead <= 'e')
p_e41eb04b2f81156a7fff,c,ts_lex,11,PUSH_INT,69,,('0' <= lookahead && lookahead <= '9') || ('A' <= lookahead && lookahead <= 'E') || ('a' <= lookahead && lookahead <= 'e')
p_e41eb04b2f81156a7fff,c,ts_lex,12,CMP_LE,,,('0' <= lookahead && lookahead <= '9') || ('A' <= lookahead && lookahead <= 'E') || ('a' <= lookahead && lookahead <= 'e')
p_e41eb04b2f81156a7fff,c,ts_lex,13,AND,,,('0' <= lookahead && lookahead <= '9') || ('A' <= lookahead && lookahead <= 'E') || ('a' <= lookahead && lookahead <= 'e')
p_e41eb04b2f81156a7fff,c,ts_lex,14,OR,,,('0' <= lookahead && lookahead <= '9') || ('A' <= lookahead && lookahead <= 'E') || ('a' <= lookahead && lookahead <= 'e')
p_e41eb04b2f81156a7fff,c,ts_lex,15,PUSH_INT,97,,('0' <= lookahead && lookahead <= '9') || ('A' <= lookahead && lookahead <= 'E') || ('a' <= lookahead && lookahead <= 'e')
p_e41eb04b2f81156a7fff,c,ts_lex,16,PUSH_LOOKAHEAD,,,('0' <= lookahead && lookahead <= '9') || ('A' <= lookahead && lookahead <= 'E') || ('a' <= lookahead && lookahead <= 'e')
p_e41eb04b2f81156a7fff,c,ts_lex,17,CMP_LE,,,('0' <= lookahead && lookahead <= '9') || ('A' <= lookahead && lookahead <= 'E') || ('a' <= lookahead && lookahead <= 'e')
p_e41eb04b2f81156a7fff,c,ts_lex,18,PUSH_LOOKAHEAD,,,('0' <= lookahead && lookahead <= '9') || ('A' <= lookahead && lookahead <= 'E') || ('a' <= lookahead && lookahead <= 'e')
p_e41eb04b2f81156a7fff,c,ts_lex,19,PUSH_INT,101,,('0' <= lookahead && lookahead <= '9') || ('A' <= lookahead && lookahead <= 'E') || ('a' <= lookahead && lookahead <= 'e')
p_e41eb04b2f81156a7fff,c,ts_lex,20,CMP_LE,,,('0' <= lookahead && lookahead <= '9') || ('A' <= lookahead && lookahead <= 'E') || ('a' <= lookahead && lookahead <= 'e')
p_e41eb04b2f81156a7fff,c,ts_lex,21,AND,,,('0' <= lookahead && lookahead <= '9') || ('A' <= lookahead && lookahead <= 'E') || ('a' <= lookahead && lookahead <= 'e')
p_e41eb04b2f81156a7fff,c,ts_lex,22,OR,,,('0' <= lookahead && lookahead <= '9') || ('A' <= lookahead && lookahead <= 'E') || ('a' <= lookahead && lookahead <= 'e')
p_bbea52475fd6a579d719,c,ts_lex,0,PUSH_INT,48,,('0' <= lookahead && lookahead <= '9') || ('A' <= lookahead && lookahead <= 'C') || ('a' <= lookahead && lookahead <= 'c')
p_bbea52475fd6a579d719,c,ts_lex,1,PUSH_LOOKAHEAD,,,('0' <= lookahead && lookahead <= '9') || ('A' <= lookahead && lookahead <= 'C') || ('a' <= lookahead && lookahead <= 'c')
p_bbea52475fd6a579d719,c,ts_lex,2,CMP_LE,,,('0' <= lookahead && lookahead <= '9') || ('A' <= lookahead && lookahead <= 'C') || ('a' <= lookahead && lookahead <= 'c')
p_bbea52475fd6a579d719,c,ts_lex,3,PUSH_LOOKAHEAD,,,('0' <= lookahead && lookahead <= '9') || ('A' <= lookahead && lookahead <= 'C') || ('a' <= lookahead && lookahead <= 'c')
p_bbea52475fd6a579d719,c,ts_lex,4,PUSH_INT,57,,('0' <= lookahead && lookahead <= '9') || ('A' <= lookahead && lookahead <= 'C') || ('a' <= lookahead && lookahead <= 'c')
p_bbea52475fd6a579d719,c,ts_lex,5,CMP_LE,,,('0' <= lookahead && lookahead <= '9') || ('A' <= lookahead && lookahead <= 'C') || ('a' <= lookahead && lookahead <= 'c')
p_bbea52475fd6a579d719,c,ts_lex,6,AND,,,('0' <= lookahead && lookahead <= '9') || ('A' <= lookahead && lookahead <= 'C') || ('a' <= lookahead && lookahead <= 'c')
p_bbea52475fd6a579d719,c,ts_lex,7,PUSH_INT,65,,('0' <= lookahead && lookahead <= '9') || ('A' <= lookahead && lookahead <= 'C') || ('a' <= lookahead && lookahead <= 'c')
p_bbea52475fd6a579d719,c,ts_lex,8,PUSH_LOOKAHEAD,,,('0' <= lookahead && lookahead <= '9') || ('A' <= lookahead && lookahead <= 'C') || ('a' <= lookahead && lookahead <= 'c')
p_bbea52475fd6a579d719,c,ts_lex,9,CMP_LE,,,('0' <= lookahead && lookahead <= '9') || ('A' <= lookahead && lookahead <= 'C') || ('a' <= lookahead && lookahead <= 'c')
p_bbea52475fd6a579d719,c,ts_lex,10,PUSH_LOOKAHEAD,,,('0' <= lookahead && lookahead <= '9') || ('A' <= lookahead && lookahead <= 'C') || ('a' <= lookahead && lookahead <= 'c')
p_bbea52475fd6a579d719,c,ts_lex,11,PUSH_INT,67,,('0' <= lookahead && lookahead <= '9') || ('A' <= lookahead && lookahead <= 'C') || ('a' <= lookahead && lookahead <= 'c')
p_bbea52475fd6a579d719,c,ts_lex,12,CMP_LE,,,('0' <= lookahead && lookahead <= '9') || ('A' <= lookahead && lookahead <= 'C') || ('a' <= lookahead && lookahead <= 'c')
p_bbea52475fd6a579d719,c,ts_lex,13,AND,,,('0' <= lookahead && lookahead <= '9') || ('A' <= lookahead && lookahead <= 'C') || ('a' <= lookahead && lookahead <= 'c')
p_bbea52475fd6a579d719,c,ts_lex,14,OR,,,('0' <= lookahead && lookahead <= '9') || ('A' <= lookahead && lookahead <= 'C') || ('a' <= lookahead && lookahead <= 'c')
p_bbea52475fd6a579d719,c,ts_lex,15,PUSH_INT,97,,('0' <= lookahead && lookahead <= '9') || ('A' <= lookahead && lookahead <= 'C') || ('a' <= lookahead && lookahead <= 'c')
p_bbea52475fd6a579d719,c,ts_lex,16,PUSH_LOOKAHEAD,,,('0' <= lookahead && lookahead <= '9') || ('A' <= lookahead && lookahead <= 'C') || ('a' <= lookahead && lookahead <= 'c')
p_bbea52475fd6a579d719,c,ts_lex,17,CMP_LE,,,('0' <= lookahead && lookahead <= '9') || ('A' <= lookahead && lookahead <= 'C') || ('a' <= lookahead && lookahead <= 'c')
p_bbea52475fd6a579d719,c,ts_lex,18,PUSH_LOOKAHEAD,,,('0' <= lookahead && lookahead <= '9') || ('A' <= lookahead && lookahead <= 'C') || ('a' <= lookahead && lookahead <= 'c')
p_bbea52475fd6a579d719,c,ts_lex,19,PUSH_INT,99,,('0' <= lookahead && lookahead <= '9') || ('A' <= lookahead && lookahead <= 'C') || ('a' <= lookahead && lookahead <= 'c')
p_bbea52475fd6a579d719,c,ts_lex,20,CMP_LE,,,('0' <= lookahead && lookahead <= '9') || ('A' <= lookahead && lookahead <= 'C') || ('a' <= lookahead && lookahead <= 'c')
p_bbea52475fd6a579d719,c,ts_lex,21,AND,,,('0' <= lookahead && lookahead <= '9') || ('A' <= lookahead && lookahead <= 'C') || ('a' <= lookahead && lookahead <= 'c')
p_bbea52475fd6a579d719,c,ts_lex,22,OR,,,('0' <= lookahead && lookahead <= '9') || ('A' <= lookahead && lookahead <= 'C') || ('a' <= lookahead && lookahead <= 'c')
p_8a13fc1eae1cd6c56cb0,c,ts_lex,0,PUSH_LOOKAHEAD,,,"lookahead != 0 && lookahead != '\n' && lookahead != '""' && lookahead != '\\'"
p_8a13fc1eae1cd6c56cb0,c,ts_lex,1,PUSH_INT,0,,"lookahead != 0 && lookahead != '\n' && lookahead != '""' && lookahead != '\\'"
p_8a13fc1eae1cd6c56cb0,c,ts_lex,2,CMP_NE,,,"lookahead != 0 && lookahead != '\n' && lookahead != '""' && lookahead != '\\'"
p_8a13fc1eae1cd6c56cb0,c,ts_lex,3,PUSH_LOOKAHEAD,,,"lookahead != 0 && lookahead != '\n' && lookahead != '""' && lookahead != '\\'"
p_8a13fc1eae1cd6c56cb0,c,ts_lex,4,PUSH_INT,10,,"lookahead != 0 && lookahead != '\n' && lookahead != '""' && lookahead != '\\'"
p_8a13fc1eae1cd6c56cb0,c,ts_lex,5,CMP_NE,,,"lookahead != 0 && lookahead != '\n' && lookahead != '""' && lookahead != '\\'"
p_8a13fc1eae1cd6c56cb0,c,ts_lex,6,AND,,,"lookahead != 0 && lookahead != '\n' && lookahead != '""' && lookahead != '\\'"
p_8a13fc1eae1cd6c56cb0,c,ts_lex,7,PUSH_LOOKAHEAD,,,"lookahead != 0 && lookahead != '\n' && lookahead != '""' && lookahead != '\\'"
p_8a13fc1eae1cd6c56cb0,c,ts_lex,8,PUSH_INT,34,,"lookahead != 0 && lookahead != '\n' && lookahead != '""' && lookahead != '\\'"
p_8a13fc1eae1cd6c56cb0,c,ts_lex,9,CMP_NE,,,"lookahead != 0 && lookahead != '\n' && lookahead != '""' && lookahead != '\\'"
p_8a13fc1eae1cd6c56cb0,c,ts_lex,10,AND,,,"lookahead != 0 && lookahead != '\n' && lookahead != '""' && lookahead != '\\'"
p_8a13fc1eae1cd6c56cb0,c,ts_lex,11,PUSH_LOOKAHEAD,,,"lookahead != 0 && lookahead != '\n' && lookahead != '""' && lookahead != '\\'"
p_8a13fc1eae1cd6c56cb0,c,ts_lex,12,PUSH_INT,92,,"lookahead != 0 && lookahead != '\n' && lookahead != '""' && lookahead != '\\'"
p_8a13fc1eae1cd6c56cb0,c,ts_lex,13,CMP_NE,,,"lookahead != 0 && lookahead != '\n' && lookahead != '""' && lookahead != '\\'"
p_8a13fc1eae1cd6c56cb0,c,ts_lex,14,AND,,,"lookahead != 0 && lookahead != '\n' && lookahead != '""' && lookahead != '\\'"
p_b9589fee2343df5e0e8f,c,ts_lex,0,PUSH_LOOKAHEAD,,,lookahead == '\t' || (0x0b <= lookahead && lookahead <= '\r') || lookahead == ' '
p_b9589fee2343df5e0e8f,c,ts_lex,1,PUSH_INT,9,,lookahead == '\t' || (0x0b <= lookahead && lookahead <= '\r') || lookahead == ' '
p_b9589fee2343df5e0e8f,c,ts_lex,2,CMP_EQ,,,lookahead == '\t' || (0x0b <= lookahead && lookahead <= '\r') || lookahead == ' '
p_b9589fee2343df5e0e8f,c,ts_lex,3,PUSH_INT,11,,lookahead == '\t' || (0x0b <= lookahead && lookahead <= '\r') || lookahead == ' '
p_b9589fee2343df5e0e8f,c,ts_lex,4,PUSH_LOOKAHEAD,,,lookahead == '\t' || (0x0b <= lookahead && lookahead <= '\r') || lookahead == ' '
p_b9589fee2343df5e0e8f,c,ts_lex,5,CMP_LE,,,lookahead == '\t' || (0x0b <= lookahead && lookahead <= '\r') || lookahead == ' '
p_b9589fee2343df5e0e8f,c,ts_lex,6,PUSH_LOOKAHEAD,,,lookahead == '\t' || (0x0b <= lookahead && lookahead <= '\r') || lookahead == ' '
p_b9589fee2343df5e0e8f,c,ts_lex,7,PUSH_INT,13,,lookahead == '\t' || (0x0b <= lookahead && lookahead <= '\r') || lookahead == ' '
p_b9589fee2343df5e0e8f,c,ts_lex,8,CMP_LE,,,lookahead == '\t' || (0x0b <= lookahead && lookahead <= '\r') || lookahead == ' '
p_b9589fee2343df5e0e8f,c,ts_lex,9,AND,,,lookahead == '\t' || (0x0b <= lookahead && lookahead <= '\r') || lookahead == ' '
p_b9589fee2343df5e0e8f,c,ts_lex,10,OR,,,lookahead == '\t' || (0x0b <= lookahead && lookahead <= '\r') || lookahead == ' '
p_b9589fee2343df5e0e8f,c,ts_lex,11,PUSH_LOOKAHEAD,,,lookahead == '\t' || (0x0b <= lookahead && lookahead <= '\r') || lookahead == ' '
p_b9589fee2343df5e0e8f,c,ts_lex,12,PUSH_INT,32,,lookahead == '\t' || (0x0b <= lookahead && lookahead <= '\r') || lookahead == ' '
p_b9589fee2343df5e0e8f,c,ts_lex,13,CMP_EQ,,,lookahead == '\t' || (0x0b <= lookahead && lookahead <= '\r') || lookahead == ' '
p_b9589fee2343df5e0e8f,c,ts_lex,14,OR,,,lookahead == '\t' || (0x0b <= lookahead && lookahead <= '\r') || lookahead == ' '
p_75db3ac72757958f3de8,c,ts_lex,0,PUSH_LOOKAHEAD,,,"lookahead != 0 && (lookahead < '\t' || '\r' < lookahead) && lookahead != '""' && lookahead != '\\'"
p_75db3ac72757958f3de8,c,ts_lex,1,PUSH_INT,0,,"lookahead != 0 && (lookahead < '\t' || '\r' < lookahead) && lookahead != '""' && lookahead != '\\'"
p_75db3ac72757958f3de8,c,ts_lex,2,CMP_NE,,,"lookahead != 0 && (lookahead < '\t' || '\r' < lookahead) && lookahead != '""' && lookahead != '\\'"
p_75db3ac72757958f3de8,c,ts_lex,3,PUSH_LOOKAHEAD,,,"lookahead != 0 && (lookahead < '\t' || '\r' < lookahead) && lookahead != '""' && lookahead != '\\'"
p_75db3ac72757958f3de8,c,ts_lex,4,PUSH_INT,9,,"lookahead != 0 && (lookahead < '\t' || '\r' < lookahead) && lookahead != '""' && lookahead != '\\'"
p_75db3ac72757958f3de8,c,ts_lex,5,CMP_LT,,,"lookahead != 0 && (lookahead < '\t' || '\r' < lookahead) && lookahead != '""' && lookahead != '\\'"
p_75db3ac72757958f3de8,c,ts_lex,6,PUSH_INT,13,,"lookahead != 0 && (lookahead < '\t' || '\r' < lookahead) && lookahead != '""' && lookahead != '\\'"
p_75db3ac72757958f3de8,c,ts_lex,7,PUSH_LOOKAHEAD,,,"lookahead != 0 && (lookahead < '\t' || '\r' < lookahead) && lookahead != '""' && lookahead != '\\'"
p_75db3ac72757958f3de8,c,ts_lex,8,CMP_LT,,,"lookahead != 0 && (lookahead < '\t' || '\r' < lookahead) && lookahead != '""' && lookahead != '\\'"
p_75db3ac72757958f3de8,c,ts_lex,9,OR,,,"lookahead != 0 && (lookahead < '\t' || '\r' < lookahead) && lookahead != '""' && lookahead != '\\'"
p_75db3ac72757958f3de8,c,ts_lex,10,AND,,,"lookahead != 0 && (lookahead < '\t' || '\r' < lookahead) && lookahead != '""' && lookahead != '\\'"
p_75db3ac72757958f3de8,c,ts_lex,11,PUSH_LOOKAHEAD,,,"lookahead != 0 && (lookahead < '\t' || '\r' < lookahead) && lookahead != '""' && lookahead != '\\'"
p_75db3ac72757958f3de8,c,ts_lex,12,PUSH_INT,34,,"lookahead != 0 && (lookahead < '\t' || '\r' < lookahead) && lookahead != '""' && lookahead != '\\'"
p_75db3ac72757958f3de8,c,ts_lex,13,CMP_NE,,,"lookahead != 0 && (lookahead < '\t' || '\r' < lookahead) && lookahead != '""' && lookahead != '\\'"
p_75db3ac72757958f3de8,c,ts_lex,14,AND,,,"lookahead != 0 && (lookahead < '\t' || '\r' < lookahead) && lookahead != '""' && lookahead != '\\'"
p_75db3ac72757958f3de8,c,ts_lex,15,PUSH_LOOKAHEAD,,,"lookahead != 0 && (lookahead < '\t' || '\r' < lookahead) && lookahead != '""' && lookahead != '\\'"
p_75db3ac72757958f3de8,c,ts_lex,16,PUSH_INT,92,,"lookahead != 0 && (lookahead < '\t' || '\r' < lookahead) && lookahead != '""' && lookahead != '\\'"
p_75db3ac72757958f3de8,c,ts_lex,17,CMP_NE,,,"lookahead != 0 && (lookahead < '\t' || '\r' < lookahead) && lookahead != '""' && lookahead != '\\'"
p_75db3ac72757958f3de8,c,ts_lex,18,AND,,,"lookahead != 0 && (lookahead < '\t' || '\r' < lookahead) && lookahead != '""' && lookahead != '\\'"
p_e30a5db8fa874087fca9,c,ts_lex,0,SET_CONTAINS,sym_identifier_character_set_2,802,"set_contains(sym_identifier_character_set_2, 802, lookahead)"
p_de7b7a1997499135863f,c,ts_lex,0,PUSH_LOOKAHEAD,,,lookahead == '8'
p_de7b7a1997499135863f,c,ts_lex,1,PUSH_INT,56,,lookahead == '8'
p_de7b7a1997499135863f,c,ts_lex,2,CMP_EQ,,,lookahead == '8'
p_69dff4e1a9ec05df8fd7,c,ts_lex_keywords,0,PUSH_LOOKAHEAD,,,lookahead == 'F'
p_69dff4e1a9ec05df8fd7,c,ts_lex_keywords,1,PUSH_INT,70,,lookahead == 'F'
p_69dff4e1a9ec05df8fd7,c,ts_lex_keywords,2,CMP_EQ,,,lookahead == 'F'
p_148a164e4d89c13394ca,c,ts_lex_keywords,0,PUSH_LOOKAHEAD,,,lookahead == 'N'
p_148a164e4d89c13394ca,c,ts_lex_keywords,1,PUSH_INT,78,,lookahead == 'N'
p_148a164e4d89c13394ca,c,ts_lex_keywords,2,CMP_EQ,,,lookahead == 'N'
p_57a82add927d25ba80f1,c,ts_lex_keywords,0,PUSH_LOOKAHEAD,,,lookahead == 'T'
p_57a82add927d25ba80f1,c,ts_lex_keywords,1,PUSH_INT,84,,lookahead == 'T'
p_57a82add927d25ba80f1,c,ts_lex_keywords,2,CMP_EQ,,,lookahead == 'T'
p_8e5defdf0432aa7c4726,c,ts_lex_keywords,0,PUSH_LOOKAHEAD,,,lookahead == '\\'
p_8e5defdf0432aa7c4726,c,ts_lex_keywords,1,PUSH_INT,92,,lookahead == '\\'
p_8e5defdf0432aa7c4726,c,ts_lex_keywords,2,CMP_EQ,,,lookahead == '\\'
p_74e13e53e69d6dd72e59,c,ts_lex_keywords,0,PUSH_LOOKAHEAD,,,lookahead == '_'
p_74e13e53e69d6dd72e59,c,ts_lex_keywords,1,PUSH_INT,95,,lookahead == '_'
p_74e13e53e69d6dd72e59,c,ts_lex_keywords,2,CMP_EQ,,,lookahead == '_'
p_bf349ccfee5f6cc1b471,c,ts_lex_keywords,0,PUSH_LOOKAHEAD,,,lookahead == 'a'
p_bf349ccfee5f6cc1b471,c,ts_lex_keywords,1,PUSH_INT,97,,lookahead == 'a'
p_bf349ccfee5f6cc1b471,c,ts_lex_keywords,2,CMP_EQ,,,lookahead == 'a'
p_767d012c3683cfad48e7,c,ts_lex_keywords,0,PUSH_LOOKAHEAD,,,lookahead == 'b'
p_767d012c3683cfad48e7,c,ts_lex_keywords,1,PUSH_INT,98,,lookahead == 'b'
p_767d012c3683cfad48e7,c,ts_lex_keywords,2,CMP_EQ,,,lookahead == 'b'
p_35eae23ad2c06c4c88dc,c,ts_lex_keywords,0,PUSH_LOOKAHEAD,,,lookahead == 'c'
p_35eae23ad2c06c4c88dc,c,ts_lex_keywords,1,PUSH_INT,99,,lookahead == 'c'
p_35eae23ad2c06c4c88dc,c,ts_lex_keywords,2,CMP_EQ,,,lookahead == 'c'
p_d1444fa5e40e942934b7,c,ts_lex_keywords,0,PUSH_LOOKAHEAD,,,lookahead == 'd'
p_d1444fa5e40e942934b7,c,ts_lex_keywords,1,PUSH_INT,100,,lookahead == 'd'
p_d1444fa5e40e942934b7,c,ts_lex_keywords,2,CMP_EQ,,,lookahead == 'd'
p_4821ddbcc45cd459a5c5,c,ts_lex_keywords,0,PUSH_LOOKAHEAD,,,lookahead == 'e'
p_4821ddbcc45cd459a5c5,c,ts_lex_keywords,1,PUSH_INT,101,,lookahead == 'e'
p_4821ddbcc45cd459a5c5,c,ts_lex_keywords,2,CMP_EQ,,,lookahead == 'e'
p_6cbe22d08fbeaf4e566c,c,ts_lex_keywords,0,PUSH_LOOKAHEAD,,,lookahead == 'f'
p_6cbe22d08fbeaf4e566c,c,ts_lex_keywords,1,PUSH_INT,102,,lookahead == 'f'
p_6cbe22d08fbeaf4e566c,c,ts_lex_keywords,2,CMP_EQ,,,lookahead == 'f'
p_7eb1f6116dba4c55195c,c,ts_lex_keywords,0,PUSH_LOOKAHEAD,,,lookahead == 'g'
p_7eb1f6116dba4c55195c,c,ts_lex_keywords,1,PUSH_INT,103,,lookahead == 'g'
p_7eb1f6116dba4c55195c,c,ts_lex_keywords,2,CMP_EQ,,,lookahead == 'g'
p_48be1cfa68ba6dc1218e,c,ts_lex_keywords,0,PUSH_LOOKAHEAD,,,lookahead == 'i'
p_48be1cfa68ba6dc1218e,c,ts_lex_keywords,1,PUSH_INT,105,,lookahead == 'i'
p_48be1cfa68ba6dc1218e,c,ts_lex_keywords,2,CMP_EQ,,,lookahead == 'i'
p_86e05b5da70c8e424648,c,ts_lex_keywords,0,PUSH_LOOKAHEAD,,,lookahead == 'l'
p_86e05b5da70c8e424648,c,ts_lex_keywords,1,PUSH_INT,108,,lookahead == 'l'
p_86e05b5da70c8e424648,c,ts_lex_keywords,2,CMP_EQ,,,lookahead == 'l'
p_e6d71497ffd7c2184c8b,c,ts_lex_keywords,0,PUSH_LOOKAHEAD,,,lookahead == 'm'
p_e6d71497ffd7c2184c8b,c,ts_lex_keywords,1,PUSH_INT,109,,lookahead == 'm'
p_e6d71497ffd7c2184c8b,c,ts_lex_keywords,2,CMP_EQ,,,lookahead == 'm'
p_7563e308c0dd8886e0ae,c,ts_lex_keywords,0,PUSH_LOOKAHEAD,,,lookahead == 'n'
p_7563e308c0dd8886e0ae,c,ts_lex_keywords,1,PUSH_INT,110,,lookahead == 'n'
p_7563e308c0dd8886e0ae,c,ts_lex_keywords,2,CMP_EQ,,,lookahead == 'n'
p_e3ee3863ddb416db6a57,c,ts_lex_keywords,0,PUSH_LOOKAHEAD,,,lookahead == 'o'
p_e3ee3863ddb416db6a57,c,ts_lex_keywords,1,PUSH_INT,111,,lookahead == 'o'
p_e3ee3863ddb416db6a57,c,ts_lex_keywords,2,CMP_EQ,,,lookahead == 'o'
p_8cb3de3fbc15945690c7,c,ts_lex_keywords,0,PUSH_LOOKAHEAD,,,lookahead == 'p'
p_8cb3de3fbc15945690c7,c,ts_lex_keywords,1,PUSH_INT,112,,lookahead == 'p'
p_8cb3de3fbc15945690c7,c,ts_lex_keywords,2,CMP_EQ,,,lookahead == 'p'
p_4f56cc450dc8919f1a65,c,ts_lex_keywords,0,PUSH_LOOKAHEAD,,,lookahead == 'r'
p_4f56cc450dc8919f1a65,c,ts_lex_keywords,1,PUSH_INT,114,,lookahead == 'r'
p_4f56cc450dc8919f1a65,c,ts_lex_keywords,2,CMP_EQ,,,lookahead == 'r'
p_591b237425f1ad6ff852,c,ts_lex_keywords,0,PUSH_LOOKAHEAD,,,lookahead == 's'
p_591b237425f1ad6ff852,c,ts_lex_keywords,1,PUSH_INT,115,,lookahead == 's'
p_591b237425f1ad6ff852,c,ts_lex_keywords,2,CMP_EQ,,,lookahead == 's'
p_2d9a1a3518533f56765d,c,ts_lex_keywords,0,PUSH_LOOKAHEAD,,,lookahead == 't'
p_2d9a1a3518533f56765d,c,ts_lex_keywords,1,PUSH_INT,116,,lookahead == 't'
p_2d9a1a3518533f56765d,c,ts_lex_keywords,2,CMP_EQ,,,lookahead == 't'
p_61be07c6ea24015853b8,c,ts_lex_keywords,0,PUSH_LOOKAHEAD,,,lookahead == 'u'
p_61be07c6ea24015853b8,c,ts_lex_keywords,1,PUSH_INT,117,,lookahead == 'u'
p_61be07c6ea24015853b8,c,ts_lex_keywords,2,CMP_EQ,,,lookahead == 'u'
p_74453074f1ce773e6ad4,c,ts_lex_keywords,0,PUSH_LOOKAHEAD,,,lookahead == 'v'
p_74453074f1ce773e6ad4,c,ts_lex_keywords,1,PUSH_INT,118,,lookahead == 'v'
p_74453074f1ce773e6ad4,c,ts_lex_keywords,2,CMP_EQ,,,lookahead == 'v'
p_740acabc2ac75374a853,c,ts_lex_keywords,0,PUSH_LOOKAHEAD,,,lookahead == 'w'
p_740acabc2ac75374a853,c,ts_lex_keywords,1,PUSH_INT,119,,lookahead == 'w'
p_740acabc2ac75374a853,c,ts_lex_keywords,2,CMP_EQ,,,lookahead == 'w'
p_917d1530c7682344310a,c,ts_lex_keywords,0,PUSH_INT,9,,('\t' <= lookahead && lookahead <= '\r') || lookahead == ' '
p_917d1530c7682344310a,c,ts_lex_keywords,1,PUSH_LOOKAHEAD,,,('\t' <= lookahead && lookahead <= '\r') || lookahead == ' '
p_917d1530c7682344310a,c,ts_lex_keywords,2,CMP_LE,,,('\t' <= lookahead && lookahead <= '\r') || lookahead == ' '
p_917d1530c7682344310a,c,ts_lex_keywords,3,PUSH_LOOKAHEAD,,,('\t' <= lookahead && lookahead <= '\r') || lookahead == ' '
p_917d1530c7682344310a,c,ts_lex_keywords,4,PUSH_INT,13,,('\t' <= lookahead && lookahead <= '\r') || lookahead == ' '
p_917d1530c7682344310a,c,ts_lex_keywords,5,CMP_LE,,,('\t' <= lookahead && lookahead <= '\r') || lookahead == ' '
p_917d1530c7682344310a,c,ts_lex_keywords,6,AND,,,('\t' <= lookahead && lookahead <= '\r') || lookahead == ' '
p_917d1530c7682344310a,c,ts_lex_keywords,7,PUSH_LOOKAHEAD,,,('\t' <= lookahead && lookahead <= '\r') || lookahead == ' '
p_917d1530c7682344310a,c,ts_lex_keywords,8,PUSH_INT,32,,('\t' <= lookahead && lookahead <= '\r') || lookahead == ' '
p_917d1530c7682344310a,c,ts_lex_keywords,9,CMP_EQ,,,('\t' <= lookahead && lookahead <= '\r') || lookahead == ' '
p_917d1530c7682344310a,c,ts_lex_keywords,10,OR,,,('\t' <= lookahead && lookahead <= '\r') || lookahead == ' '
p_c07369fe3f25983c0ba5,c,ts_lex_keywords,0,PUSH_LOOKAHEAD,,,lookahead == 'A'
p_c07369fe3f25983c0ba5,c,ts_lex_keywords,1,PUSH_INT,65,,lookahead == 'A'
p_c07369fe3f25983c0ba5,c,ts_lex_keywords,2,CMP_EQ,,,lookahead == 'A'
p_f4e983240185c49a2686,c,ts_lex_keywords,0,PUSH_LOOKAHEAD,,,lookahead == 'U'
p_f4e983240185c49a2686,c,ts_lex_keywords,1,PUSH_INT,85,,lookahead == 'U'
p_f4e983240185c49a2686,c,ts_lex_keywords,2,CMP_EQ,,,lookahead == 'U'
p_5fec01eec084b74ea834,c,ts_lex_keywords,0,PUSH_LOOKAHEAD,,,lookahead == 'R'
p_5fec01eec084b74ea834,c,ts_lex_keywords,1,PUSH_INT,82,,lookahead == 'R'
p_5fec01eec084b74ea834,c,ts_lex_keywords,2,CMP_EQ,,,lookahead == 'R'
p_5b2ce27712b7f5343978,c,ts_lex_keywords,0,PUSH_LOOKAHEAD,,,lookahead == '\n'
p_5b2ce27712b7f5343978,c,ts_lex_keywords,1,PUSH_INT,10,,lookahead == '\n'
p_5b2ce27712b7f5343978,c,ts_lex_keywords,2,CMP_EQ,,,lookahead == '\n'
p_b00ec36f6e57ded66894,c,ts_lex_keywords,0,PUSH_LOOKAHEAD,,,lookahead == '\r'
p_b00ec36f6e57ded66894,c,ts_lex_keywords,1,PUSH_INT,13,,lookahead == '\r'
p_b00ec36f6e57ded66894,c,ts_lex_keywords,2,CMP_EQ,,,lookahead == '\r'
p_490b354c02a2cc57a74e,c,ts_lex_keywords,0,PUSH_LOOKAHEAD,,,lookahead == 'G'
p_490b354c02a2cc57a74e,c,ts_lex_keywords,1,PUSH_INT,71,,lookahead == 'G'
p_490b354c02a2cc57a74e,c,ts_lex_keywords,2,CMP_EQ,,,lookahead == 'G'
p_baa43f58c1e5e44df3a1,c,ts_lex_keywords,0,PUSH_LOOKAHEAD,,,lookahead == 'h'
p_baa43f58c1e5e44df3a1,c,ts_lex_keywords,1,PUSH_INT,104,,lookahead == 'h'
p_baa43f58c1e5e44df3a1,c,ts_lex_keywords,2,CMP_EQ,,,lookahead == 'h'
p_1207f4102911dfdaecb0,c,ts_lex_keywords,0,PUSH_LOOKAHEAD,,,lookahead == 'x'
p_1207f4102911dfdaecb0,c,ts_lex_keywords,1,PUSH_INT,120,,lookahead == 'x'
p_1207f4102911dfdaecb0,c,ts_lex_keywords,2,CMP_EQ,,,lookahead == 'x'
p_d66d43057c9925c34999,c,ts_lex_keywords,0,PUSH_LOOKAHEAD,,,lookahead == 'y'
p_d66d43057c9925c34999,c,ts_lex_keywords,1,PUSH_INT,121,,lookahead == 'y'
p_d66d43057c9925c34999,c,ts_lex_keywords,2,CMP_EQ,,,lookahead == 'y'
p_d37fa01bbe088cdf3a70,c,ts_lex_keywords,0,PUSH_LOOKAHEAD,,,lookahead == 'L'
p_d37fa01bbe088cdf3a70,c,ts_lex_keywords,1,PUSH_INT,76,,lookahead == 'L'
p_d37fa01bbe088cdf3a70,c,ts_lex_keywords,2,CMP_EQ,,,lookahead == 'L'
p_73103c96298893eb0108,c,ts_lex_keywords,0,PUSH_LOOKAHEAD,,,lookahead == 97
p_73103c96298893eb0108,c,ts_lex_keywords,1,PUSH_INT,97,,lookahead == 97
p_73103c96298893eb0108,c,ts_lex_keywords,2,CMP_EQ,,,lookahead == 97
p_7c3b4c426eaab7224bb6,c,ts_lex_keywords,0,PUSH_LOOKAHEAD,,,lookahead == 98
p_7c3b4c426eaab7224bb6,c,ts_lex_keywords,1,PUSH_INT,98,,lookahead == 98
p_7c3b4c426eaab7224bb6,c,ts_lex_keywords,2,CMP_EQ,,,lookahead == 98
p_ef2806dfb87b386cbd7e,c,ts_lex_keywords,0,PUSH_LOOKAHEAD,,,lookahead == 99
p_ef2806dfb87b386cbd7e,c,ts_lex_keywords,1,PUSH_INT,99,,lookahead == 99
p_ef2806dfb87b386cbd7e,c,ts_lex_keywords,2,CMP_EQ,,,lookahead == 99
p_340394b2606677f5125e,c,ts_lex_keywords,0,PUSH_LOOKAHEAD,,,lookahead == 100
p_340394b2606677f5125e,c,ts_lex_keywords,1,PUSH_INT,100,,lookahead == 100
p_340394b2606677f5125e,c,ts_lex_keywords,2,CMP_EQ,,,lookahead == 100
p_7e0483ac35f60d8c824c,c,ts_lex_keywords,0,PUSH_LOOKAHEAD,,,lookahead == 101
p_7e0483ac35f60d8c824c,c,ts_lex_keywords,1,PUSH_INT,101,,lookahead == 101
p_7e0483ac35f60d8c824c,c,ts_lex_keywords,2,CMP_EQ,,,lookahead == 101
p_cbb1eb4709d8ed8461b6,c,ts_lex_keywords,0,PUSH_LOOKAHEAD,,,lookahead == 102
p_cbb1eb4709d8ed8461b6,c,ts_lex_keywords,1,PUSH_INT,102,,lookahead == 102
p_cbb1eb4709d8ed8461b6,c,ts_lex_keywords,2,CMP_EQ,,,lookahead == 102
p_d7f4757692ddfbe14445,c,ts_lex_keywords,0,PUSH_LOOKAHEAD,,,lookahead == 105
p_d7f4757692ddfbe14445,c,ts_lex_keywords,1,PUSH_INT,105,,lookahead == 105
p_d7f4757692ddfbe14445,c,ts_lex_keywords,2,CMP_EQ,,,lookahead == 105
p_647e22ff8d733508bc00,c,ts_lex_keywords,0,PUSH_LOOKAHEAD,,,lookahead == 108
p_647e22ff8d733508bc00,c,ts_lex_keywords,1,PUSH_INT,108,,lookahead == 108
p_647e22ff8d733508bc00,c,ts_lex_keywords,2,CMP_EQ,,,lookahead == 108
p_2048c3cf4ec0e79779dd,c,ts_lex_keywords,0,PUSH_LOOKAHEAD,,,lookahead == 114
p_2048c3cf4ec0e79779dd,c,ts_lex_keywords,1,PUSH_INT,114,,lookahead == 114
p_2048c3cf4ec0e79779dd,c,ts_lex_keywords,2,CMP_EQ,,,lookahead == 114
p_8a131ecf1f3bc0dbc374,c,ts_lex_keywords,0,PUSH_LOOKAHEAD,,,lookahead == 115
p_8a131ecf1f3bc0dbc374,c,ts_lex_keywords,1,PUSH_INT,115,,lookahead == 115
p_8a131ecf1f3bc0dbc374,c,ts_lex_keywords,2,CMP_EQ,,,lookahead == 115
p_c5caf8ce08c228219482,c,ts_lex_keywords,0,PUSH_LOOKAHEAD,,,lookahead == 116
p_c5caf8ce08c228219482,c,ts_lex_keywords,1,PUSH_INT,116,,lookahead == 116
p_c5caf8ce08c228219482,c,ts_lex_keywords,2,CMP_EQ,,,lookahead == 116
p_a131288dd0aaea623daf,c,ts_lex_keywords,0,PUSH_LOOKAHEAD,,,lookahead == 117
p_a131288dd0aaea623daf,c,ts_lex_keywords,1,PUSH_INT,117,,lookahead == 117
p_a131288dd0aaea623daf,c,ts_lex_keywords,2,CMP_EQ,,,lookahead == 117
p_e5b944d8ae46b3415ffa,c,ts_lex_keywords,0,PUSH_LOOKAHEAD,,,lookahead == 118
p_e5b944d8ae46b3415ffa,c,ts_lex_keywords,1,PUSH_INT,118,,lookahead == 118
p_e5b944d8ae46b3415ffa,c,ts_lex_keywords,2,CMP_EQ,,,lookahead == 118
p_bf1d131f769e70394f3e,c,ts_lex_keywords,0,PUSH_LOOKAHEAD,,,lookahead == 'z'
p_bf1d131f769e70394f3e,c,ts_lex_keywords,1,PUSH_INT,122,,lookahead == 'z'
p_bf1d131f769e70394f3e,c,ts_lex_keywords,2,CMP_EQ,,,lookahead == 'z'
p_d18c7a8627c7a1d930c3,c,ts_lex_keywords,0,PUSH_LOOKAHEAD,,,lookahead == 'S'
p_d18c7a8627c7a1d930c3,c,ts_lex_keywords,1,PUSH_INT,83,,lookahead == 'S'
p_d18c7a8627c7a1d930c3,c,ts_lex_keywords,2,CMP_EQ,,,lookahead == 'S'
p_fe9127fd1ff8bf188257,c,ts_lex_keywords,0,PUSH_LOOKAHEAD,,,lookahead == 'E'
p_fe9127fd1ff8bf188257,c,ts_lex_keywords,1,PUSH_INT,69,,lookahead == 'E'
p_fe9127fd1ff8bf188257,c,ts_lex_keywords,2,CMP_EQ,,,lookahead == 'E'
p_721f7ed87877cec67170,c,ts_lex_keywords,0,PUSH_LOOKAHEAD,,,lookahead == '1'
p_721f7ed87877cec67170,c,ts_lex_keywords,1,PUSH_INT,49,,lookahead == '1'
p_721f7ed87877cec67170,c,ts_lex_keywords,2,CMP_EQ,,,lookahead == '1'
p_d8e82dd3c694361bc103,c,ts_lex_keywords,0,PUSH_LOOKAHEAD,,,lookahead == '3'
p_d8e82dd3c694361bc103,c,ts_lex_keywords,1,PUSH_INT,51,,lookahead == '3'
p_d8e82dd3c694361bc103,c,ts_lex_keywords,2,CMP_EQ,,,lookahead == '3'
p_53518701972689b9b095,c,ts_lex_keywords,0,PUSH_LOOKAHEAD,,,lookahead == '6'
p_53518701972689b9b095,c,ts_lex_keywords,1,PUSH_INT,54,,lookahead == '6'
p_53518701972689b9b095,c,ts_lex_keywords,2,CMP_EQ,,,lookahead == '6'
p_649cea13a54e2fe86579,c,ts_lex_keywords,0,PUSH_LOOKAHEAD,,,lookahead == '8'
p_649cea13a54e2fe86579,c,ts_lex_keywords,1,PUSH_INT,56,,lookahead == '8'
p_649cea13a54e2fe86579,c,ts_lex_keywords,2,CMP_EQ,,,lookahead == '8'
p_b0ddcc6b35634443696d,c,ts_lex_keywords,0,PUSH_LOOKAHEAD,,,lookahead == 'k'
p_b0ddcc6b35634443696d,c,ts_lex_keywords,1,PUSH_INT,107,,lookahead == 'k'
p_b0ddcc6b35634443696d,c,ts_lex_keywords,2,CMP_EQ,,,lookahead == 'k'
p_8d4aae0d5cf82c8288b6,c,ts_lex_keywords,0,PUSH_LOOKAHEAD,,,lookahead == '2'
p_8d4aae0d5cf82c8288b6,c,ts_lex_keywords,1,PUSH_INT,50,,lookahead == '2'
p_8d4aae0d5cf82c8288b6,c,ts_lex_keywords,2,CMP_EQ,,,lookahead == '2'
p_5ea9a896bbfde696535c,c,ts_lex_keywords,0,PUSH_LOOKAHEAD,,,lookahead == '4'
p_5ea9a896bbfde696535c,c,ts_lex_keywords,1,PUSH_INT,52,,lookahead == '4'
p_5ea9a896bbfde696535c,c,ts_lex_keywords,2,CMP_EQ,,,lookahead == '4'
p_1c50eb10f53884d6f777,python,ts_lex,0,PUSH_EOF,,,eof
p_2155261d8d0fecb372fd,python,ts_lex,0,PUSH_LOOKAHEAD,,,lookahead == '\r'
p_2155261d8d0fecb372fd,python,ts_lex,1,PUSH_INT,13,,lookahead == '\r'
p_2155261d8d0fecb372fd,python,ts_lex,2,CMP_EQ,,,lookahead == '\r'
p_430ff37cd919932f098c,python,ts_lex,0,PUSH_LOOKAHEAD,,,lookahead == '!'
p_430ff37cd919932f098c,python,ts_lex,1,PUSH_INT,33,,lookahead == '!'
p_430ff37cd919932f098c,python,ts_lex,2,CMP_EQ,,,lookahead == '!'
p_8bf28a6e614907544542,python,ts_lex,0,PUSH_LOOKAHEAD,,,lookahead == '#'
p_8bf28a6e614907544542,python,ts_lex,1,PUSH_INT,35,,lookahead == '#'
p_8bf28a6e614907544542,python,ts_lex,2,CMP_EQ,,,lookahead == '#'
p_ede1cf70c2874981d0e6,python,ts_lex,0,PUSH_LOOKAHEAD,,,lookahead == '%'
p_ede1cf70c2874981d0e6,python,ts_lex,1,PUSH_INT,37,,lookahead == '%'
p_ede1cf70c2874981d0e6,python,ts_lex,2,CMP_EQ,,,lookahead == '%'
p_85be776d0fa3d05cb998,python,ts_lex,0,PUSH_LOOKAHEAD,,,lookahead == '&'
p_85be776d0fa3d05cb998,python,ts_lex,1,PUSH_INT,38,,lookahead == '&'
p_85be776d0fa3d05cb998,python,ts_lex,2,CMP_EQ,,,lookahead == '&'
p_15826cc88c80a9c3d2c9,python,ts_lex,0,PUSH_LOOKAHEAD,,,lookahead == '('
p_15826cc88c80a9c3d2c9,python,ts_lex,1,PUSH_INT,40,,lookahead == '('
p_15826cc88c80a9c3d2c9,python,ts_lex,2,CMP_EQ,,,lookahead == '('
p_593a26fe2521e1e05e0e,python,ts_lex,0,PUSH_LOOKAHEAD,,,lookahead == ')'
p_593a26fe2521e1e05e0e,python,ts_lex,1,PUSH_INT,41,,lookahead == ')'
p_593a26fe2521e1e05e0e,python,ts_lex,2,CMP_EQ,,,lookahead == ')'
p_48d1de3a75ed4adc71ca,python,ts_lex,0,PUSH_LOOKAHEAD,,,lookahead == '*'
p_48d1de3a75ed4adc71ca,python,ts_lex,1,PUSH_INT,42,,lookahead == '*'
p_48d1de3a75ed4adc71ca,python,ts_lex,2,CMP_EQ,,,lookahead == '*'
p_c279e0563ff8737ef6cf,python,ts_lex,0,PUSH_LOOKAHEAD,,,lookahead == '+'
p_c279e0563ff8737ef6cf,python,ts_lex,1,PUSH_INT,43,,lookahead == '+'
p_c279e0563ff8737ef6cf,python,ts_lex,2,CMP_EQ,,,lookahead == '+'
p_8a7fc57ffc9d98c8a755,python,ts_lex,0,PUSH_LOOKAHEAD,,,"lookahead == ','"
p_8a7fc57ffc9d98c8a755,python,ts_lex,1,PUSH_INT,44,,"lookahead == ','"
p_8a7fc57ffc9d98c8a755,python,ts_lex,2,CMP_EQ,,,"lookahead == ','"
p_c922d98bb86ff7d6da82,python,ts_lex,0,PUSH_LOOKAHEAD,,,lookahead == '-'
p_c922d98bb86ff7d6da82,python,ts_lex,1,PUSH_INT,45,,lookahead == '-'
p_c922d98bb86ff7d6da82,python,ts_lex,2,CMP_EQ,,,lookahead == '-'
p_21318e3939f42a0ed095,python,ts_lex,0,PUSH_LOOKAHEAD,,,lookahead == '.'
p_21318e3939f42a0ed095,python,ts_lex,1,PUSH_INT,46,,lookahead == '.'
p_21318e3939f42a0ed095,python,ts_lex,2,CMP_EQ,,,lookahead == '.'
p_80e068211528cce1a94e,python,ts_lex,0,PUSH_LOOKAHEAD,,,lookahead == '/'
p_80e068211528cce1a94e,python,ts_lex,1,PUSH_INT,47,,lookahead == '/'
p_80e068211528cce1a94e,python,ts_lex,2,CMP_EQ,,,lookahead == '/'
p_3e587c29eb04f3fd9428,python,ts_lex,0,PUSH_LOOKAHEAD,,,lookahead == '0'
p_3e587c29eb04f3fd9428,python,ts_lex,1,PUSH_INT,48,,lookahead == '0'
p_3e587c29eb04f3fd9428,python,ts_lex,2,CMP_EQ,,,lookahead == '0'
p_9e0811bed6d6bf43faf2,python,ts_lex,0,PUSH_LOOKAHEAD,,,lookahead == ':'
p_9e0811bed6d6bf43faf2,python,ts_lex,1,PUSH_INT,58,,lookahead == ':'
p_9e0811bed6d6bf43faf2,python,ts_lex,2,CMP_EQ,,,lookahead == ':'
p_04684aef52c57e7fc554,python,ts_lex,0,PUSH_LOOKAHEAD,,,lookahead == ';'
p_04684aef52c57e7fc554,python,ts_lex,1,PUSH_INT,59,,lookahead == ';'
p_04684aef52c57e7fc554,python,ts_lex,2,CMP_EQ,,,lookahead == ';'
p_86d20e3f593dcb901e9c,python,ts_lex,0,PUSH_LOOKAHEAD,,,lookahead == '<'
p_86d20e3f593dcb901e9c,python,ts_lex,1,PUSH_INT,60,,lookahead == '<'
p_86d20e3f593dcb901e9c,python,ts_lex,2,CMP_EQ,,,lookahead == '<'
p_ebe46800bc9d9803e65b,python,ts_lex,0,PUSH_LOOKAHEAD,,,lookahead == '='
p_ebe46800bc9d9803e65b,python,ts_lex,1,PUSH_INT,61,,lookahead == '='
p_ebe46800bc9d9803e65b,python,ts_lex,2,CMP_EQ,,,lookahead == '='
p_cdabe1c296a742781572,python,ts_lex,0,PUSH_LOOKAHEAD,,,lookahead == '>'
p_cdabe1c296a742781572,python,ts_lex,1,PUSH_INT,62,,lookahead == '>'
p_cdabe1c296a742781572,python,ts_lex,2,CMP_EQ,,,lookahead == '>'
p_ca884dbb5da6e7f565ad,python,ts_lex,0,PUSH_LOOKAHEAD,,,lookahead == '@'
p_ca884dbb5da6e7f565ad,python,ts_lex,1,PUSH_INT,64,,lookahead == '@'
p_ca884dbb5da6e7f565ad,python,ts_lex,2,CMP_EQ,,,lookahead == '@'
p_b4f07a2bd57b519df671,python,ts_lex,0,PUSH_LOOKAHEAD,,,lookahead == '['
p_b4f07a2bd57b519df671,python,ts_lex,1,PUSH_INT,91,,lookahead == '['
p_b4f07a2bd57b519df671,python,ts_lex,2,CMP_EQ,,,lookahead == '['
p_7f6e84d687f632483424,python,ts_lex,0,PUSH_LOOKAHEAD,,,lookahead == '\\'
p_7f6e84d687f632483424,python,ts_lex,1,PUSH_INT,92,,lookahead == '\\'
p_7f6e84d687f632483424,python,ts_lex,2,CMP_EQ,,,lookahead == '\\'
p_0a304a1c2c3a9ff8a258,python,ts_lex,0,PUSH_LOOKAHEAD,,,lookahead == ']'
p_0a304a1c2c3a9ff8a258,python,ts_lex,1,PUSH_INT,93,,lookahead == ']'
p_0a304a1c2c3a9ff8a258,python,ts_lex,2,CMP_EQ,,,lookahead == ']'
p_083c8a02d23de59303c5,python,ts_lex,0,PUSH_LOOKAHEAD,,,lookahead == '^'
p_083c8a02d23de59303c5,python,ts_lex,1,PUSH_INT,94,,lookahead == '^'
p_083c8a02d23de59303c5,python,ts_lex,2,CMP_EQ,,,lookahead == '^'
p_0479d90c65f43c2b5c69,python,ts_lex,0,PUSH_LOOKAHEAD,,,lookahead == '{'
p_0479d90c65f43c2b5c69,python,ts_lex,1,PUSH_INT,123,,lookahead == '{'
p_0479d90c65f43c2b5c69,python,ts_lex,2,CMP_EQ,,,lookahead == '{'
p_afa08f071e090f210b98,python,ts_lex,0,PUSH_LOOKAHEAD,,,lookahead == '|'
p_afa08f071e090f210b98,python,ts_lex,1,PUSH_INT,124,,lookahead == '|'
p_afa08f071e090f210b98,python,ts_lex,2,CMP_EQ,,,lookahead == '|'
p_16dca5343f4cc1bd4b73,python,ts_lex,0,PUSH_LOOKAHEAD,,,lookahead == '}'
p_16dca5343f4cc1bd4b73,python,ts_lex,1,PUSH_INT,125,,lookahead == '}'
p_16dca5343f4cc1bd4b73,python,ts_lex,2,CMP_EQ,,,lookahead == '}'
p_79f42ca0a6358e23227e,python,ts_lex,0,PUSH_LOOKAHEAD,,,lookahead == '~'
p_79f42ca0a6358e23227e,python,ts_lex,1,PUSH_INT,126,,lookahead == '~'
p_79f42ca0a6358e23227e,python,ts_lex,2,CMP_EQ,,,lookahead == '~'
p_aa8dfe9b385404df1adc,python,ts_lex,0,PUSH_INT,9,,('\t' <= lookahead && lookahead <= '\f') || lookahead == ' ' || lookahead == 0x200b || lookahead == 0x2060 || lookahead == 0xfeff
p_aa8dfe9b385404df1adc,python,ts_lex,1,PUSH_LOOKAHEAD,,,('\t' <= lookahead && lookahead <= '\f') || lookahead == ' ' || lookahead == 0x200b || lookahead == 0x2060 || lookahead == 0xfeff
p_aa8dfe9b385404df1adc,python,ts_lex,2,CMP_LE,,,('\t' <= lookahead && lookahead <= '\f') || lookahead == ' ' || lookahead == 0x200b || lookahead == 0x2060 || lookahead == 0xfeff
p_aa8dfe9b385404df1adc,python,ts_lex,3,PUSH_LOOKAHEAD,,,('\t' <= lookahead && lookahead <= '\f') || lookahead == ' ' || lookahead == 0x200b || lookahead == 0x2060 || lookahead == 0xfeff
p_aa8dfe9b385404df1adc,python,ts_lex,4,PUSH_INT,12,,('\t' <= lookahead && lookahead <= '\f') || lookahead == ' ' || lookahead == 0x200b || lookahead == 0x2060 || lookahead == 0xfeff
p_aa8dfe9b385404df1adc,python,ts_lex,5,CMP_LE,,,('\t' <= lookahead && lookahead <= '\f') || lookahead == ' ' || lookahead == 0x200b || lookahead == 0x2060 || lookahead == 0xfeff
p_aa8dfe9b385404df1adc,python,ts_lex,6,AND,,,('\t' <= lookahead && lookahead <= '\f') || lookahead == ' ' || lookahead == 0x200b || lookahead == 0x2060 || lookahead == 0xfeff
p_aa8dfe9b385404df1adc,python,ts_lex,7,PUSH_LOOKAHEAD,,,('\t' <= lookahead && lookahead <= '\f') || lookahead == ' ' || lookahead == 0x200b || lookahead == 0x2060 || lookahead == 0xfeff
p_aa8dfe9b385404df1adc,python,ts_lex,8,PUSH_INT,32,,('\t' <= lookahead && lookahead <= '\f') || lookahead == ' ' || lookahead == 0x200b || lookahead == 0x2060 || lookahead == 0xfeff
p_aa8dfe9b385404df1adc,python,ts_lex,9,CMP_EQ,,,('\t' <= lookahead && lookahead <= '\f') || lookahead == ' ' || lookahead == 0x200b || lookahead == 0x2060 || lookahead == 0xfeff
p_aa8dfe9b385404df1adc,python,ts_lex,10,OR,,,('\t' <= lookahead && lookahead <= '\f') || lookahead == ' ' || lookahead == 0x200b || lookahead == 0x2060 || lookahead == 0xfeff
p_aa8dfe9b385404df1adc,python,ts_lex,11,PUSH_LOOKAHEAD,,,('\t' <= lookahead && lookahead <= '\f') || lookahead == ' ' || lookahead == 0x200b || lookahead == 0x2060 || lookahead == 0xfeff
p_aa8dfe9b385404df1adc,python,ts_lex,12,PUSH_INT,8203,,('\t' <= lookahead && lookahead <= '\f') || lookahead == ' ' || lookahead == 0x200b || lookahead == 0x2060 || lookahead == 0xfeff
p_aa8dfe9b385404df1adc,python,ts_lex,13,CMP_EQ,,,('\t' <= lookahead && lookahead <= '\f') || lookahead == ' ' || lookahead == 0x200b || lookahead == 0x2060 || lookahead == 0xfeff
p_aa8dfe9b385404df1adc,python,ts_lex,14,OR,,,('\t' <= lookahead && lookahead <= '\f') || lookahead == ' ' || lookahead == 0x200b || lookahead == 0x2060 || lookahead == 0xfeff
p_aa8dfe9b385404df1adc,python,ts_lex,15,PUSH_LOOKAHEAD,,,('\t' <= lookahead && lookahead <= '\f') || lookahead == ' ' || lookahead == 0x200b || lookahead == 0x2060 || lookahead == 0xfeff
p_aa8dfe9b385404df1adc,python,ts_lex,16,PUSH_INT,8288,,('\t' <= lookahead && lookahead <= '\f') || lookahead == ' ' || lookahead == 0x200b || lookahead == 0x2060 || lookahead == 0xfeff
p_aa8dfe9b385404df1adc,python,ts_lex,17,CMP_EQ,,,('\t' <= lookahead && lookahead <= '\f') || lookahead == ' ' || lookahead == 0x200b || lookahead == 0x2060 || lookahead == 0xfeff
p_aa8dfe9b385404df1adc,python,ts_lex,18,OR,,,('\t' <= lookahead && lookahead <= '\f') || lookahead == ' ' || lookahead == 0x200b || lookahead == 0x2060 || lookahead == 0xfeff
p_aa8dfe9b385404df1adc,python,ts_lex,19,PUSH_LOOKAHEAD,,,('\t' <= lookahead && lookahead <= '\f') || lookahead == ' ' || lookahead == 0x200b || lookahead == 0x2060 || lookahead == 0xfeff
p_aa8dfe9b385404df1adc,python,ts_lex,20,PUSH_INT,65279,,('\t' <= lookahead && lookahead <= '\f') || lookahead == ' ' || lookahead == 0x200b || lookahead == 0x2060 || lookahead == 0xfeff
p_aa8dfe9b385404df1adc,python,ts_lex,21,CMP_EQ,,,('\t' <= lookahead && lookahead <= '\f') || lookahead == ' ' || lookahead == 0x200b || lookahead == 0x2060 || lookahead == 0xfeff
p_aa8dfe9b385404df1adc,python,ts_lex,22,OR,,,('\t' <= lookahead && lookahead <= '\f') || lookahead == ' ' || lookahead == 0x200b || lookahead == 0x2060 || lookahead == 0xfeff
p_be715bed1dc000bafca8,python,ts_lex,0,PUSH_INT,49,,('1' <= lookahead && lookahead <= '9')
p_be715bed1dc000bafca8,python,ts_lex,1,PUSH_LOOKAHEAD,,,('1' <= lookahead && lookahead <= '9')
p_be715bed1dc000bafca8,python,ts_lex,2,CMP_LE,,,('1' <= lookahead && lookahead <= '9')
p_be715bed1dc000bafca8,python,ts_lex,3,PUSH_LOOKAHEAD,,,('1' <= lookahead && lookahead <= '9')
p_be715bed1dc000bafca8,python,ts_lex,4,PUSH_INT,57,,('1' <= lookahead && lookahead <= '9')
p_be715bed1dc000bafca8,python,ts_lex,5,CMP_LE,,,('1' <= lookahead && lookahead <= '9')
p_be715bed1dc000bafca8,python,ts_lex,6,AND,,,('1' <= lookahead && lookahead <= '9')
p_55e59825f8ebb6ee8768,python,ts_lex,0,SET_CONTAINS,sym_identifier_character_set_1,685,"set_contains(sym_identifier_character_set_1, 685, lookahead)"
p_f3a18eb0e7b51b3fff62,python,ts_lex,0,PUSH_LOOKAHEAD,,,lookahead == '\n'
p_f3a18eb0e7b51b3fff62,python,ts_lex,1,PUSH_INT,10,,lookahead == '\n'
p_f3a18eb0e7b51b3fff62,python,ts_lex,2,CMP_EQ,,,lookahead == '\n'
p_736c7c4134b8b83123ec,python,ts_lex,0,PUSH_LOOKAHEAD,,,lookahead != 0
p_736c7c4134b8b83123ec,python,ts_lex,1,PUSH_INT,0,,lookahead != 0
p_736c7c4134b8b83123ec,python,ts_lex,2,CMP_NE,,,lookahead != 0
p_8555b5d67c4ac27cf1ac,python,ts_lex,0,PUSH_EOF,,,(!eof && lookahead == 00) || lookahead == '\n'
p_8555b5d67c4ac27cf1ac,python,ts_lex,1,NOT,,,(!eof && lookahead == 00) || lookahead == '\n'
p_8555b5d67c4ac27cf1ac,python,ts_lex,2,PUSH_LOOKAHEAD,,,(!eof && lookahead == 00) || lookahead == '\n'
p_8555b5d67c4ac27cf1ac,python,ts_lex,3,PUSH_INT,0,,(!eof && lookahead == 00) || lookahead == '\n'
p_8555b5d67c4ac27cf1ac,python,ts_lex,4,CMP_EQ,,,(!eof && lookahead == 00) || lookahead == '\n'
p_8555b5d67c4ac27cf1ac,python,ts_lex,5,AND,,,(!eof && lookahead == 00) || lookahead == '\n'
p_8555b5d67c4ac27cf1ac,python,ts_lex,6,PUSH_LOOKAHEAD,,,(!eof && lookahead == 00) || lookahead == '\n'
p_8555b5d67c4ac27cf1ac,python,ts_lex,7,PUSH_INT,10,,(!eof && lookahead == 00) || lookahead == '\n'
p_8555b5d67c4ac27cf1ac,python,ts_lex,8,CMP_EQ,,,(!eof && lookahead == 00) || lookahead == '\n'
p_8555b5d67c4ac27cf1ac,python,ts_lex,9,OR,,,(!eof && lookahead == 00) || lookahead == '\n'
p_8ccf1f9c9eba48ff75e1,python,ts_lex,0,PUSH_INT,48,,('0' <= lookahead && lookahead <= '9')
p_8ccf1f9c9eba48ff75e1,python,ts_lex,1,PUSH_LOOKAHEAD,,,('0' <= lookahead && lookahead <= '9')
p_8ccf1f9c9eba48ff75e1,python,ts_lex,2,CMP_LE,,,('0' <= lookahead && lookahead <= '9')
p_8ccf1f9c9eba48ff75e1,python,ts_lex,3,PUSH_LOOKAHEAD,,,('0' <= lookahead && lookahead <= '9')
p_8ccf1f9c9eba48ff75e1,python,ts_lex,4,PUSH_INT,57,,('0' <= lookahead && lookahead <= '9')
p_8ccf1f9c9eba48ff75e1,python,ts_lex,5,CMP_LE,,,('0' <= lookahead && lookahead <= '9')
p_8ccf1f9c9eba48ff75e1,python,ts_lex,6,AND,,,('0' <= lookahead && lookahead <= '9')
p_b3a737ac937919082b18,python,ts_lex,0,PUSH_INT,97,,('a' <= lookahead && lookahead <= 'z')
p_b3a737ac937919082b18,python,ts_lex,1,PUSH_LOOKAHEAD,,,('a' <= lookahead && lookahead <= 'z')
p_b3a737ac937919082b18,python,ts_lex,2,CMP_LE,,,('a' <= lookahead && lookahead <= 'z')
p_b3a737ac937919082b18,python,ts_lex,3,PUSH_LOOKAHEAD,,,('a' <= lookahead && lookahead <= 'z')
p_b3a737ac937919082b18,python,ts_lex,4,PUSH_INT,122,,('a' <= lookahead && lookahead <= 'z')
p_b3a737ac937919082b18,python,ts_lex,5,CMP_LE,,,('a' <= lookahead && lookahead <= 'z')
p_b3a737ac937919082b18,python,ts_lex,6,AND,,,('a' <= lookahead && lookahead <= 'z')
p_2b56485d46cba34bf8a1,python,ts_lex,0,PUSH_LOOKAHEAD,,,lookahead == '_'
p_2b56485d46cba34bf8a1,python,ts_lex,1,PUSH_INT,95,,lookahead == '_'
p_2b56485d46cba34bf8a1,python,ts_lex,2,CMP_EQ,,,lookahead == '_'
p_fa766d49a3fe46d60e3b,python,ts_lex,0,PUSH_LOOKAHEAD,,,lookahead == '0' || lookahead == '1'
p_fa766d49a3fe46d60e3b,python,ts_lex,1,PUSH_INT,48,,lookahead == '0' || lookahead == '1'
p_fa766d49a3fe46d60e3b,python,ts_lex,2,CMP_EQ,,,lookahead == '0' || lookahead == '1'
p_fa766d49a3fe46d60e3b,python,ts_lex,3,PUSH_LOOKAHEAD,,,lookahead == '0' || lookahead == '1'
p_fa766d49a3fe46d60e3b,python,ts_lex,4,PUSH_INT,49,,lookahead == '0' || lookahead == '1'
p_fa766d49a3fe46d60e3b,python,ts_lex,5,CMP_EQ,,,lookahead == '0' || lookahead == '1'
p_fa766d49a3fe46d60e3b,python,ts_lex,6,OR,,,lookahead == '0' || lookahead == '1'
p_dd6042ec1ba6b355675f,python,ts_lex,0,PUSH_INT,48,,('0' <= lookahead && lookahead <= '7')
p_dd6042ec1ba6b355675f,python,ts_lex,1,PUSH_LOOKAHEAD,,,('0' <= lookahead && lookahead <= '7')
p_dd6042ec1ba6b355675f,python,ts_lex,2,CMP_LE,,,('0' <= lookahead && lookahead <= '7')
p_dd6042ec1ba6b355675f,python,ts_lex,3,PUSH_LOOKAHEAD,,,('0' <= lookahead && lookahead <= '7')
p_dd6042ec1ba6b355675f,python,ts_lex,4,PUSH_INT,55,,('0' <= lookahead && lookahead <= '7')
p_dd6042ec1ba6b355675f,python,ts_lex,5,CMP_LE,,,('0' <= lookahead && lookahead <= '7')
p_dd6042ec1ba6b355675f,python,ts_lex,6,AND,,,('0' <= lookahead && lookahead <= '7')
p_bf8cc950162e5b9cba82,python,ts_lex,0,PUSH_INT,48,,('0' <= lookahead && lookahead <= '9') || ('A' <= lookahead && lookahead <= 'F') || ('a' <= lookahead && lookahead <= 'f')
p_bf8cc950162e5b9cba82,python,ts_lex,1,PUSH_LOOKAHEAD,,,('0' <= lookahead && lookahead <= '9') || ('A' <= lookahead && lookahead <= 'F') || ('a' <= lookahead && lookahead <= 'f')
p_bf8cc950162e5b9cba82,python,ts_lex,2,CMP_LE,,,('0' <= lookahead && lookahead <= '9') || ('A' <= lookahead && lookahead <= 'F') || ('a' <= lookahead && lookahead <= 'f')
p_bf8cc950162e5b9cba82,python,ts_lex,3,PUSH_LOOKAHEAD,,,('0' <= lookahead && lookahead <= '9') || ('A' <= lookahead && lookahead <= 'F') || ('a' <= lookahead && lookahead <= 'f')
p_bf8cc950162e5b9cba82,python,ts_lex,4,PUSH_INT,57,,('0' <= lookahead && lookahead <= '9') || ('A' <= lookahead && lookahead <= 'F') || ('a' <= lookahead && lookahead <= 'f')
p_bf8cc950162e5b9cba82,python,ts_lex,5,CMP_LE,,,('0' <= lookahead && lookahead <= '9') || ('A' <= lookahead && lookahead <= 'F') || ('a' <= lookahead && lookahead <= 'f')
p_bf8cc950162e5b9cba82,python,ts_lex,6,AND,,,('0' <= lookahead && lookahead <= '9') || ('A' <= lookahead && lookahead <= 'F') || ('a' <= lookahead && lookahead <= 'f')
p_bf8cc950162e5b9cba82,python,ts_lex,7,PUSH_INT,65,,('0' <= lookahead && lookahead <= '9') || ('A' <= lookahead && lookahead <= 'F') || ('a' <= lookahead && lookahead <= 'f')
p_bf8cc950162e5b9cba82,python,ts_lex,8,PUSH_LOOKAHEAD,,,('0' <= lookahead && lookahead <= '9') || ('A' <= lookahead && lookahead <= 'F') || ('a' <= lookahead && lookahead <= 'f')
p_bf8cc950162e5b9cba82,python,ts_lex,9,CMP_LE,,,('0' <= lookahead && lookahead <= '9') || ('A' <= lookahead && lookahead <= 'F') || ('a' <= lookahead && lookahead <= 'f')
p_bf8cc950162e5b9cba82,python,ts_lex,10,PUSH_LOOKAHEAD,,,('0' <= lookahead && lookahead <= '9') || ('A' <= lookahead && lookahead <= 'F') || ('a' <= lookahead && lookahead <= 'f')
p_bf8cc950162e5b9cba82,python,ts_lex,11,PUSH_INT,70,,('0' <= lookahead && lookahead <= '9') || ('A' <= lookahead && lookahead <= 'F') || ('a' <= lookahead && lookahead <= 'f')
p_bf8cc950162e5b9cba82,python,ts_lex,12,CMP_LE,,,('0' <= lookahead && lookahead <= '9') || ('A' <= lookahead && lookahead <= 'F') || ('a' <= lookahead && lookahead <= 'f')
p_bf8cc950162e5b9cba82,python,ts_lex,13,AND,,,('0' <= lookahead && lookahead <= '9') || ('A' <= lookahead && lookahead <= 'F') || ('a' <= lookahead && lookahead <= 'f')
p_bf8cc950162e5b9cba82,python,ts_lex,14,OR,,,('0' <= lookahead && lookahead <= '9') || ('A' <= lookahead && lookahead <= 'F') || ('a' <= lookahead && lookahead <= 'f')
p_bf8cc950162e5b9cba82,python,ts_lex,15,PUSH_INT,97,,('0' <= lookahead && lookahead <= '9') || ('A' <= lookahead && lookahead <= 'F') || ('a' <= lookahead && lookahead <= 'f')
p_bf8cc950162e5b9cba82,python,ts_lex,16,PUSH_LOOKAHEAD,,,('0' <= lookahead && lookahead <= '9') || ('A' <= lookahead && lookahead <= 'F') || ('a' <= lookahead && lookahead <= 'f')
p_bf8cc950162e5b9cba82,python,ts_lex,17,CMP_LE,,,('0' <= lookahead && lookahead <= '9') || ('A' <= lookahead && lookahead <= 'F') || ('a' <= lookahead && lookahead <= 'f')
p_bf8cc950162e5b9cba82,python,ts_lex,18,PUSH_LOOKAHEAD,,,('0' <= lookahead && lookahead <= '9') || ('A' <= lookahead && lookahead <= 'F') || ('a' <= lookahead && lookahead <= 'f')
p_bf8cc950162e5b9cba82,python,ts_lex,19,PUSH_INT,102,,('0' <= lookahead && lookahead <= '9') || ('A' <= lookahead && lookahead <= 'F') || ('a' <= lookahead && lookahead <= 'f')
p_bf8cc950162e5b9cba82,python,ts_lex,20,CMP_LE,,,('0' <= lookahead && lookahead <= '9') || ('A' <= lookahead && lookahead <= 'F') || ('a' <= lookahead && lookahead <= 'f')
p_bf8cc950162e5b9cba82,python,ts_lex,21,AND,,,('0' <= lookahead && lookahead <= '9') || ('A' <= lookahead && lookahead <= 'F') || ('a' <= lookahead && lookahead <= 'f')
p_bf8cc950162e5b9cba82,python,ts_lex,22,OR,,,('0' <= lookahead && lookahead <= '9') || ('A' <= lookahead && lookahead <= 'F') || ('a' <= lookahead && lookahead <= 'f')
p_83b43a765d9c4d38fa18,python,ts_lex,0,PUSH_LOOKAHEAD,,,lookahead == '+' || lookahead == '-'
p_83b43a765d9c4d38fa18,python,ts_lex,1,PUSH_INT,43,,lookahead == '+' || lookahead == '-'
p_83b43a765d9c4d38fa18,python,ts_lex,2,CMP_EQ,,,lookahead == '+' || lookahead == '-'
p_83b43a765d9c4d38fa18,python,ts_lex,3,PUSH_LOOKAHEAD,,,lookahead == '+' || lookahead == '-'
p_83b43a765d9c4d38fa18,python,ts_lex,4,PUSH_INT,45,,lookahead == '+' || lookahead == '-'
p_83b43a765d9c4d38fa18,python,ts_lex,5,CMP_EQ,,,lookahead == '+' || lookahead == '-'
p_83b43a765d9c4d38fa18,python,ts_lex,6,OR,,,lookahead == '+' || lookahead == '-'
p_afcf04c2af3ddb58d5e9,python,ts_lex,0,PUSH_LOOKAHEAD,,,lookahead != 0 && lookahead != '}'
p_afcf04c2af3ddb58d5e9,python,ts_lex,1,PUSH_INT,0,,lookahead != 0 && lookahead != '}'
p_afcf04c2af3ddb58d5e9,python,ts_lex,2,CMP_NE,,,lookahead != 0 && lookahead != '}'
p_afcf04c2af3ddb58d5e9,python,ts_lex,3,PUSH_LOOKAHEAD,,,lookahead != 0 && lookahead != '}'
p_afcf04c2af3ddb58d5e9,python,ts_lex,4,PUSH_INT,125,,lookahead != 0 && lookahead != '}'
p_afcf04c2af3ddb58d5e9,python,ts_lex,5,CMP_NE,,,lookahead != 0 && lookahead != '}'
p_afcf04c2af3ddb58d5e9,python,ts_lex,6,AND,,,lookahead != 0 && lookahead != '}'
p_90cbbaee84eebc4e3b2c,python,ts_lex,0,PUSH_LOOKAHEAD,,,lookahead == 0
p_90cbbaee84eebc4e3b2c,python,ts_lex,1,PUSH_INT,0,,lookahead == 0
p_90cbbaee84eebc4e3b2c,python,ts_lex,2,CMP_EQ,,,lookahead == 0
p_a928559774365d42a4f8,python,ts_lex,0,PUSH_LOOKAHEAD,,,lookahead == 10
p_a928559774365d42a4f8,python,ts_lex,1,PUSH_INT,10,,lookahead == 10
p_a928559774365d42a4f8,python,ts_lex,2,CMP_EQ,,,lookahead == 10
p_00264076bde8959fe7db,python,ts_lex,0,PUSH_LOOKAHEAD,,,lookahead == 13
p_00264076bde8959fe7db,python,ts_lex,1,PUSH_INT,13,,lookahead == 13
p_00264076bde8959fe7db,python,ts_lex,2,CMP_EQ,,,lookahead == 13
p_c4b884f58c167d657f29,python,ts_lex,0,PUSH_LOOKAHEAD,,,lookahead == 78
p_c4b884f58c167d657f29,python,ts_lex,1,PUSH_INT,78,,lookahead == 78
p_c4b884f58c167d657f29,python,ts_lex,2,CMP_EQ,,,lookahead == 78
p_6c33c0b85be2a6f57e02,python,ts_lex,0,PUSH_LOOKAHEAD,,,lookahead == 85
p_6c33c0b85be2a6f57e02,python,ts_lex,1,PUSH_INT,85,,lookahead == 85
p_6c33c0b85be2a6f57e02,python,ts_lex,2,CMP_EQ,,,lookahead == 85
p_4885e7d63636ce17cedb,python,ts_lex,0,PUSH_LOOKAHEAD,,,lookahead == 117
p_4885e7d63636ce17cedb,python,ts_lex,1,PUSH_INT,117,,lookahead == 117
p_4885e7d63636ce17cedb,python,ts_lex,2,CMP_EQ,,,lookahead == 117
p_de6282770d677f9d3769,python,ts_lex,0,PUSH_LOOKAHEAD,,,lookahead == 120
p_de6282770d677f9d3769,python,ts_lex,1,PUSH_INT,120,,lookahead == 120
p_de6282770d677f9d3769,python,ts_lex,2,CMP_EQ,,,lookahead == 120
p_42a101c73b01e547ce25,python,ts_lex,0,PUSH_LOOKAHEAD,,,lookahead == 34
p_42a101c73b01e547ce25,python,ts_lex,1,PUSH_INT,34,,lookahead == 34
p_42a101c73b01e547ce25,python,ts_lex,2,CMP_EQ,,,lookahead == 34
p_93539b5c6d9a2f20b5b4,python,ts_lex,0,PUSH_LOOKAHEAD,,,lookahead == 39
p_93539b5c6d9a2f20b5b4,python,ts_lex,1,PUSH_INT,39,,lookahead == 39
p_93539b5c6d9a2f20b5b4,python,ts_lex,2,CMP_EQ,,,lookahead == 39
p_ef800e816afbb5eb8123,python,ts_lex,0,PUSH_LOOKAHEAD,,,lookahead == 92
p_ef800e816afbb5eb8123,python,ts_lex,1,PUSH_INT,92,,lookahead == 92
p_ef800e816afbb5eb8123,python,ts_lex,2,CMP_EQ,,,lookahead == 92
p_03751ed8328c6b4ec2d4,python,ts_lex,0,PUSH_LOOKAHEAD,,,lookahead == 97
p_03751ed8328c6b4ec2d4,python,ts_lex,1,PUSH_INT,97,,lookahead == 97
p_03751ed8328c6b4ec2d4,python,ts_lex,2,CMP_EQ,,,lookahead == 97
p_8625957bddefa3ece7d2,python,ts_lex,0,PUSH_LOOKAHEAD,,,lookahead == 98
p_8625957bddefa3ece7d2,python,ts_lex,1,PUSH_INT,98,,lookahead == 98
p_8625957bddefa3ece7d2,python,ts_lex,2,CMP_EQ,,,lookahead == 98
p_38786d16e0096e74982b,python,ts_lex,0,PUSH_LOOKAHEAD,,,lookahead == 102
p_38786d16e0096e74982b,python,ts_lex,1,PUSH_INT,102,,lookahead == 102
p_38786d16e0096e74982b,python,ts_lex,2,CMP_EQ,,,lookahead == 102
p_c628abde1854d50bcdd4,python,ts_lex,0,PUSH_LOOKAHEAD,,,lookahead == 110
p_c628abde1854d50bcdd4,python,ts_lex,1,PUSH_INT,110,,lookahead == 110
p_c628abde1854d50bcdd4,python,ts_lex,2,CMP_EQ,,,lookahead == 110
p_230da7094aa5620384cb,python,ts_lex,0,PUSH_LOOKAHEAD,,,lookahead == 114
p_230da7094aa5620384cb,python,ts_lex,1,PUSH_INT,114,,lookahead == 114
p_230da7094aa5620384cb,python,ts_lex,2,CMP_EQ,,,lookahead == 114
p_259ab23a875a82d9881d,python,ts_lex,0,PUSH_LOOKAHEAD,,,lookahead == 116
p_259ab23a875a82d9881d,python,ts_lex,1,PUSH_INT,116,,lookahead == 116
p_259ab23a875a82d9881d,python,ts_lex,2,CMP_EQ,,,lookahead == 116
p_366b12970f55d3fdd27a,python,ts_lex,0,PUSH_LOOKAHEAD,,,lookahead == 118
p_366b12970f55d3fdd27a,python,ts_lex,1,PUSH_INT,118,,lookahead == 118
p_366b12970f55d3fdd27a,python,ts_lex,2,CMP_EQ,,,lookahead == 118
p_37a5ab1bf1a6af048be8,python,ts_lex,0,PUSH_EOF,,,(!eof && lookahead == 00)
p_37a5ab1bf1a6af048be8,python,ts_lex,1,NOT,,,(!eof && lookahead == 00)
p_37a5ab1bf1a6af048be8,python,ts_lex,2,PUSH_LOOKAHEAD,,,(!eof && lookahead == 00)
p_37a5ab1bf1a6af048be8,python,ts_lex,3,PUSH_INT,0,,(!eof && lookahead == 00)
p_37a5ab1bf1a6af048be8,python,ts_lex,4,CMP_EQ,,,(!eof && lookahead == 00)
p_37a5ab1bf1a6af048be8,python,ts_lex,5,AND,,,(!eof && lookahead == 00)
p_a42316079095198f70f5,python,ts_lex,0,PUSH_LOOKAHEAD,,,lookahead != 0 && lookahead != '\n' && lookahead != '{' && lookahead != '}'
p_a42316079095198f70f5,python,ts_lex,1,PUSH_INT,0,,lookahead != 0 && lookahead != '\n' && lookahead != '{' && lookahead != '}'
p_a42316079095198f70f5,python,ts_lex,2,CMP_NE,,,lookahead != 0 && lookahead != '\n' && lookahead != '{' && lookahead != '}'
p_a42316079095198f70f5,python,ts_lex,3,PUSH_LOOKAHEAD,,,lookahead != 0 && lookahead != '\n' && lookahead != '{' && lookahead != '}'
p_a42316079095198f70f5,python,ts_lex,4,PUSH_INT,10,,lookahead != 0 && lookahead != '\n' && lookahead != '{' && lookahead != '}'
p_a42316079095198f70f5,python,ts_lex,5,CMP_NE,,,lookahead != 0 && lookahead != '\n' && lookahead != '{' && lookahead != '}'
p_a42316079095198f70f5,python,ts_lex,6,AND,,,lookahead != 0 && lookahead != '\n' && lookahead != '{' && lookahead != '}'
p_a42316079095198f70f5,python,ts_lex,7,PUSH_LOOKAHEAD,,,lookahead != 0 && lookahead != '\n' && lookahead != '{' && lookahead != '}'
p_a42316079095198f70f5,python,ts_lex,8,PUSH_INT,123,,lookahead != 0 && lookahead != '\n' && lookahead != '{' && lookahead != '}'
p_a42316079095198f70f5,python,ts_lex,9,CMP_NE,,,lookahead != 0 && lookahead != '\n' && lookahead != '{' && lookahead != '}'
p_a42316079095198f70f5,python,ts_lex,10,AND,,,lookahead != 0 && lookahead != '\n' && lookahead != '{' && lookahead != '}'
p_a42316079095198f70f5,python,ts_lex,11,PUSH_LOOKAHEAD,,,lookahead != 0 && lookahead != '\n' && lookahead != '{' && lookahead != '}'
p_a42316079095198f70f5,python,ts_lex,12,PUSH_INT,125,,lookahead != 0 && lookahead != '\n' && lookahead != '{' && lookahead != '}'
p_a42316079095198f70f5,python,ts_lex,13,CMP_NE,,,lookahead != 0 && lookahead != '\n' && lookahead != '{' && lookahead != '}'
p_a42316079095198f70f5,python,ts_lex,14,AND,,,lookahead != 0 && lookahead != '\n' && lookahead != '{' && lookahead != '}'
p_03377cf6ba4a6bb32e54,python,ts_lex,0,PUSH_LOOKAHEAD,,,lookahead != 0 && (lookahead < '\t' || '\r' < lookahead) && lookahead != '{' && lookahead != '}'
p_03377cf6ba4a6bb32e54,python,ts_lex,1,PUSH_INT,0,,lookahead != 0 && (lookahead < '\t' || '\r' < lookahead) && lookahead != '{' && lookahead != '}'
p_03377cf6ba4a6bb32e54,python,ts_lex,2,CMP_NE,,,lookahead != 0 && (lookahead < '\t' || '\r' < lookahead) && lookahead != '{' && lookahead != '}'
p_03377cf6ba4a6bb32e54,python,ts_lex,3,PUSH_LOOKAHEAD,,,lookahead != 0 && (lookahead < '\t' || '\r' < lookahead) && lookahead != '{' && lookahead != '}'
p_03377cf6ba4a6bb32e54,python,ts_lex,4,PUSH_INT,9,,lookahead != 0 && (lookahead < '\t' || '\r' < lookahead) && lookahead != '{' && lookahead != '}'
p_03377cf6ba4a6bb32e54,python,ts_lex,5,CMP_LT,,,lookahead != 0 && (lookahead < '\t' || '\r' < lookahead) && lookahead != '{' && lookahead != '}'
p_03377cf6ba4a6bb32e54,python,ts_lex,6,PUSH_INT,13,,lookahead != 0 && (lookahead < '\t' || '\r' < lookahead) && lookahead != '{' && lookahead != '}'
p_03377cf6ba4a6bb32e54,python,ts_lex,7,PUSH_LOOKAHEAD,,,lookahead != 0 && (lookahead < '\t' || '\r' < lookahead) && lookahead != '{' && lookahead != '}'
p_03377cf6ba4a6bb32e54,python,ts_lex,8,CMP_LT,,,lookahead != 0 && (lookahead < '\t' || '\r' < lookahead) && lookahead != '{' && lookahead != '}'
p_03377cf6ba4a6bb32e54,python,ts_lex,9,OR,,,lookahead != 0 && (lookahead < '\t' || '\r' < lookahead) && lookahead != '{' && lookahead != '}'
p_03377cf6ba4a6bb32e54,python,ts_lex,10,AND,,,lookahead != 0 && (lookahead < '\t' || '\r' < lookahead) && lookahead != '{' && lookahead != '}'
p_03377cf6ba4a6bb32e54,python,ts_lex,11,PUSH_LOOKAHEAD,,,lookahead != 0 && (lookahead < '\t' || '\r' < lookahead) && lookahead != '{' && lookahead != '}'
p_03377cf6ba4a6bb32e54,python,ts_lex,12,PUSH_INT,123,,lookahead != 0 && (lookahead < '\t' || '\r' < lookahead) && lookahead != '{' && lookahead != '}'
p_03377cf6ba4a6bb32e54,python,ts_lex,13,CMP_NE,,,lookahead != 0 && (lookahead < '\t' || '\r' < lookahead) && lookahead != '{' && lookahead != '}'
p_03377cf6ba4a6bb32e54,python,ts_lex,14,AND,,,lookahead != 0 && (lookahead < '\t' || '\r' < lookahead) && lookahead != '{' && lookahead != '}'
p_03377cf6ba4a6bb32e54,python,ts_lex,15,PUSH_LOOKAHEAD,,,lookahead != 0 && (lookahead < '\t' || '\r' < lookahead) && lookahead != '{' && lookahead != '}'
p_03377cf6ba4a6bb32e54,python,ts_lex,16,PUSH_INT,125,,lookahead != 0 && (lookahead < '\t' || '\r' < lookahead) && lookahead != '{' && lookahead != '}'
p_03377cf6ba4a6bb32e54,python,ts_lex,17,CMP_NE,,,lookahead != 0 && (lookahead < '\t' || '\r' < lookahead) && lookahead != '{' && lookahead != '}'
p_03377cf6ba4a6bb32e54,python,ts_lex,18,AND,,,lookahead != 0 && (lookahead < '\t' || '\r' < lookahead) && lookahead != '{' && lookahead != '}'
p_9a16a3bc3008d8d3d530,python,ts_lex,0,PUSH_LOOKAHEAD,,,lookahead == 35
p_9a16a3bc3008d8d3d530,python,ts_lex,1,PUSH_INT,35,,lookahead == 35
p_9a16a3bc3008d8d3d530,python,ts_lex,2,CMP_EQ,,,lookahead == 35
p_6fe6df58ae613e3a8850,python,ts_lex,0,PUSH_LOOKAHEAD,,,lookahead == 9
p_6fe6df58ae613e3a8850,python,ts_lex,1,PUSH_INT,9,,lookahead == 9
p_6fe6df58ae613e3a8850,python,ts_lex,2,CMP_EQ,,,lookahead == 9
p_24164e1c66e812535044,python,ts_lex,0,PUSH_LOOKAHEAD,,,lookahead == 11
p_24164e1c66e812535044,python,ts_lex,1,PUSH_INT,11,,lookahead == 11
p_24164e1c66e812535044,python,ts_lex,2,CMP_EQ,,,lookahead == 11
p_134d71d352120542c691,python,ts_lex,0,PUSH_LOOKAHEAD,,,lookahead == 12
p_134d71d352120542c691,python,ts_lex,1,PUSH_INT,12,,lookahead == 12
p_134d71d352120542c691,python,ts_lex,2,CMP_EQ,,,lookahead == 12
p_51dc832bf8a594d826e5,python,ts_lex,0,PUSH_LOOKAHEAD,,,lookahead == 32
p_51dc832bf8a594d826e5,python,ts_lex,1,PUSH_INT,32,,lookahead == 32
p_51dc832bf8a594d826e5,python,ts_lex,2,CMP_EQ,,,lookahead == 32
p_8ea45c8bcf00c65d47f2,python,ts_lex,0,PUSH_LOOKAHEAD,,,lookahead == 8203
p_8ea45c8bcf00c65d47f2,python,ts_lex,1,PUSH_INT,8203,,lookahead == 8203
p_8ea45c8bcf00c65d47f2,python,ts_lex,2,CMP_EQ,,,lookahead == 8203
p_e9e5a5afda78f70d83e8,python,ts_lex,0,PUSH_LOOKAHEAD,,,lookahead == 8288
p_e9e5a5afda78f70d83e8,python,ts_lex,1,PUSH_INT,8288,,lookahead == 8288
p_e9e5a5afda78f70d83e8,python,ts_lex,2,CMP_EQ,,,lookahead == 8288
p_c12aa76be666bf7050cb,python,ts_lex,0,PUSH_LOOKAHEAD,,,lookahead == 65279
p_c12aa76be666bf7050cb,python,ts_lex,1,PUSH_INT,65279,,lookahead == 65279
p_c12aa76be666bf7050cb,python,ts_lex,2,CMP_EQ,,,lookahead == 65279
p_d6818e7280e4a34cc001,python,ts_lex,0,PUSH_LOOKAHEAD,,,lookahead == 46
p_d6818e7280e4a34cc001,python,ts_lex,1,PUSH_INT,46,,lookahead == 46
p_d6818e7280e4a34cc001,python,ts_lex,2,CMP_EQ,,,lookahead == 46
p_b74cb80539bab0da7aaa,python,ts_lex,0,PUSH_LOOKAHEAD,,,lookahead == 95
p_b74cb80539bab0da7aaa,python,ts_lex,1,PUSH_INT,95,,lookahead == 95
p_b74cb80539bab0da7aaa,python,ts_lex,2,CMP_EQ,,,lookahead == 95
p_0b49b145e08b438569e9,python,ts_lex,0,PUSH_LOOKAHEAD,,,lookahead == 66
p_0b49b145e08b438569e9,python,ts_lex,1,PUSH_INT,66,,lookahead == 66
p_0b49b145e08b438569e9,python,ts_lex,2,CMP_EQ,,,lookahead == 66
p_361fe03332a0b90accd5,python,ts_lex,0,PUSH_LOOKAHEAD,,,lookahead == 69
p_361fe03332a0b90accd5,python,ts_lex,1,PUSH_INT,69,,lookahead == 69
p_361fe03332a0b90accd5,python,ts_lex,2,CMP_EQ,,,lookahead == 69
p_ab1fde55f21ef687abac,python,ts_lex,0,PUSH_LOOKAHEAD,,,lookahead == 101
p_ab1fde55f21ef687abac,python,ts_lex,1,PUSH_INT,101,,lookahead == 101
p_ab1fde55f21ef687abac,python,ts_lex,2,CMP_EQ,,,lookahead == 101
p_5df279f277f9f02ea427,python,ts_lex,0,PUSH_LOOKAHEAD,,,lookahead == 79
p_5df279f277f9f02ea427,python,ts_lex,1,PUSH_INT,79,,lookahead == 79
p_5df279f277f9f02ea427,python,ts_lex,2,CMP_EQ,,,lookahead == 79
p_76b635e1722d2b423589,python,ts_lex,0,PUSH_LOOKAHEAD,,,lookahead == 111
p_76b635e1722d2b423589,python,ts_lex,1,PUSH_INT,111,,lookahead == 111
p_76b635e1722d2b423589,python,ts_lex,2,CMP_EQ,,,lookahead == 111
p_dbebf7ef3b635f66a7ab,python,ts_lex,0,PUSH_LOOKAHEAD,,,lookahead == 88
p_dbebf7ef3b635f66a7ab,python,ts_lex,1,PUSH_INT,88,,lookahead == 88
p_dbebf7ef3b635f66a7ab,python,ts_lex,2,CMP_EQ,,,lookahead == 88
p_5a235dc5590c0a52b43f,python,ts_lex,0,PUSH_LOOKAHEAD,,,lookahead == 74
p_5a235dc5590c0a52b43f,python,ts_lex,1,PUSH_INT,74,,lookahead == 74
p_5a235dc5590c0a52b43f,python,ts_lex,2,CMP_EQ,,,lookahead == 74
p_5acffcbbe6506551b873,python,ts_lex,0,PUSH_LOOKAHEAD,,,lookahead == 76
p_5acffcbbe6506551b873,python,ts_lex,1,PUSH_INT,76,,lookahead == 76
p_5acffcbbe6506551b873,python,ts_lex,2,CMP_EQ,,,lookahead == 76
p_093b9a1d1da4beec50c4,python,ts_lex,0,PUSH_LOOKAHEAD,,,lookahead == 106
p_093b9a1d1da4beec50c4,python,ts_lex,1,PUSH_INT,106,,lookahead == 106
p_093b9a1d1da4beec50c4,python,ts_lex,2,CMP_EQ,,,lookahead == 106
p_1ca07b3888d1ef169885,python,ts_lex,0,PUSH_LOOKAHEAD,,,lookahead == 108
p_1ca07b3888d1ef169885,python,ts_lex,1,PUSH_INT,108,,lookahead == 108
p_1ca07b3888d1ef169885,python,ts_lex,2,CMP_EQ,,,lookahead == 108
p_0c74d785b5056d8f04b9,python,ts_lex,0,PUSH_LOOKAHEAD,,,lookahead == 'E' || lookahead == 'e'
p_0c74d785b5056d8f04b9,python,ts_lex,1,PUSH_INT,69,,lookahead == 'E' || lookahead == 'e'
p_0c74d785b5056d8f04b9,python,ts_lex,2,CMP_EQ,,,lookahead == 'E' || lookahead == 'e'
p_0c74d785b5056d8f04b9,python,ts_lex,3,PUSH_LOOKAHEAD,,,lookahead == 'E' || lookahead == 'e'
p_0c74d785b5056d8f04b9,python,ts_lex,4,PUSH_INT,101,,lookahead == 'E' || lookahead == 'e'
p_0c74d785b5056d8f04b9,python,ts_lex,5,CMP_EQ,,,lookahead == 'E' || lookahead == 'e'
p_0c74d785b5056d8f04b9,python,ts_lex,6,OR,,,lookahead == 'E' || lookahead == 'e'
p_ea60c8cfc69650cb872e,python,ts_lex,0,PUSH_LOOKAHEAD,,,lookahead == 'J' || lookahead == 'L' || lookahead == 'j' || lookahead == 'l'
p_ea60c8cfc69650cb872e,python,ts_lex,1,PUSH_INT,74,,lookahead == 'J' || lookahead == 'L' || lookahead == 'j' || lookahead == 'l'
p_ea60c8cfc69650cb872e,python,ts_lex,2,CMP_EQ,,,lookahead == 'J' || lookahead == 'L' || lookahead == 'j' || lookahead == 'l'
p_ea60c8cfc69650cb872e,python,ts_lex,3,PUSH_LOOKAHEAD,,,lookahead == 'J' || lookahead == 'L' || lookahead == 'j' || lookahead == 'l'
p_ea60c8cfc69650cb872e,python,ts_lex,4,PUSH_INT,76,,lookahead == 'J' || lookahead == 'L' || lookahead == 'j' || lookahead == 'l'
p_ea60c8cfc69650cb872e,python,ts_lex,5,CMP_EQ,,,lookahead == 'J' || lookahead == 'L' || lookahead == 'j' || lookahead == 'l'
p_ea60c8cfc69650cb872e,python,ts_lex,6,OR,,,lookahead == 'J' || lookahead == 'L' || lookahead == 'j' || lookahead == 'l'
p_ea60c8cfc69650cb872e,python,ts_lex,7,PUSH_LOOKAHEAD,,,lookahead == 'J' || lookahead == 'L' || lookahead == 'j' || lookahead == 'l'
p_ea60c8cfc69650cb872e,python,ts_lex,8,PUSH_INT,106,,lookahead == 'J' || lookahead == 'L' || lookahead == 'j' || lookahead == 'l'
p_ea60c8cfc69650cb872e,python,ts_lex,9,CMP_EQ,,,lookahead == 'J' || lookahead == 'L' || lookahead == 'j' || lookahead == 'l'
p_ea60c8cfc69650cb872e,python,ts_lex,10,OR,,,lookahead == 'J' || lookahead == 'L' || lookahead == 'j' || lookahead == 'l'
p_ea60c8cfc69650cb872e,python,ts_lex,11,PUSH_LOOKAHEAD,,,lookahead == 'J' || lookahead == 'L' || lookahead == 'j' || lookahead == 'l'
p_ea60c8cfc69650cb872e,python,ts_lex,12,PUSH_INT,108,,lookahead == 'J' || lookahead == 'L' || lookahead == 'j' || lookahead == 'l'
p_ea60c8cfc69650cb872e,python,ts_lex,13,CMP_EQ,,,lookahead == 'J' || lookahead == 'L' || lookahead == 'j' || lookahead == 'l'
p_ea60c8cfc69650cb872e,python,ts_lex,14,OR,,,lookahead == 'J' || lookahead == 'L' || lookahead == 'j' || lookahead == 'l'
p_e736f9ab259db4764f86,python,ts_lex,0,PUSH_LOOKAHEAD,,,lookahead == 'L' || lookahead == 'l'
p_e736f9ab259db4764f86,python,ts_lex,1,PUSH_INT,76,,lookahead == 'L' || lookahead == 'l'
p_e736f9ab259db4764f86,python,ts_lex,2,CMP_EQ,,,lookahead == 'L' || lookahead == 'l'
p_e736f9ab259db4764f86,python,ts_lex,3,PUSH_LOOKAHEAD,,,lookahead == 'L' || lookahead == 'l'
p_e736f9ab259db4764f86,python,ts_lex,4,PUSH_INT,108,,lookahead == 'L' || lookahead == 'l'
p_e736f9ab259db4764f86,python,ts_lex,5,CMP_EQ,,,lookahead == 'L' || lookahead == 'l'
p_e736f9ab259db4764f86,python,ts_lex,6,OR,,,lookahead == 'L' || lookahead == 'l'
p_28a579f78981934e90c2,python,ts_lex,0,PUSH_LOOKAHEAD,,,lookahead == 'J' || lookahead == 'j'
p_28a579f78981934e90c2,python,ts_lex,1,PUSH_INT,74,,lookahead == 'J' || lookahead == 'j'
p_28a579f78981934e90c2,python,ts_lex,2,CMP_EQ,,,lookahead == 'J' || lookahead == 'j'
p_28a579f78981934e90c2,python,ts_lex,3,PUSH_LOOKAHEAD,,,lookahead == 'J' || lookahead == 'j'
p_28a579f78981934e90c2,python,ts_lex,4,PUSH_INT,106,,lookahead == 'J' || lookahead == 'j'
p_28a579f78981934e90c2,python,ts_lex,5,CMP_EQ,,,lookahead == 'J' || lookahead == 'j'
p_28a579f78981934e90c2,python,ts_lex,6,OR,,,lookahead == 'J' || lookahead == 'j'
p_685d0333fc3bf1a89475,python,ts_lex,0,SET_CONTAINS,sym_identifier_character_set_2,800,"set_contains(sym_identifier_character_set_2, 800, lookahead)"
p_b61382cb21288ab345d5,python,ts_lex,0,PUSH_LOOKAHEAD,,,lookahead != 0 && lookahead != '\n'
p_b61382cb21288ab345d5,python,ts_lex,1,PUSH_INT,0,,lookahead != 0 && lookahead != '\n'
p_b61382cb21288ab345d5,python,ts_lex,2,CMP_NE,,,lookahead != 0 && lookahead != '\n'
p_b61382cb21288ab345d5,python,ts_lex,3,PUSH_LOOKAHEAD,,,lookahead != 0 && lookahead != '\n'
p_b61382cb21288ab345d5,python,ts_lex,4,PUSH_INT,10,,lookahead != 0 && lookahead != '\n'
p_b61382cb21288ab345d5,python,ts_lex,5,CMP_NE,,,lookahead != 0 && lookahead != '\n'
p_b61382cb21288ab345d5,python,ts_lex,6,AND,,,lookahead != 0 && lookahead != '\n'
p_4e1dc5fa86e54c5351ff,python,ts_lex_keywords,0,PUSH_LOOKAHEAD,,,lookahead == '\r'
p_4e1dc5fa86e54c5351ff,python,ts_lex_keywords,1,PUSH_INT,13,,lookahead == '\r'
p_4e1dc5fa86e54c5351ff,python,ts_lex_keywords,2,CMP_EQ,,,lookahead == '\r'
p_49fc55054024301e3635,python,ts_lex_keywords,0,PUSH_LOOKAHEAD,,,lookahead == 'F'
p_49fc55054024301e3635,python,ts_lex_keywords,1,PUSH_INT,70,,lookahead == 'F'
p_49fc55054024301e3635,python,ts_lex_keywords,2,CMP_EQ,,,lookahead == 'F'
p_6f50254e9a3f13369e14,python,ts_lex_keywords,0,PUSH_LOOKAHEAD,,,lookahead == 'N'
p_6f50254e9a3f13369e14,python,ts_lex_keywords,1,PUSH_INT,78,,lookahead == 'N'
p_6f50254e9a3f13369e14,python,ts_lex_keywords,2,CMP_EQ,,,lookahead == 'N'
p_11a90d2a673a12e07032,python,ts_lex_keywords,0,PUSH_LOOKAHEAD,,,lookahead == 'T'
p_11a90d2a673a12e07032,python,ts_lex_keywords,1,PUSH_INT,84,,lookahead == 'T'
p_11a90d2a673a12e07032,python,ts_lex_keywords,2,CMP_EQ,,,lookahead == 'T'
p_1a5ffeea45948ef5bfa3,python,ts_lex_keywords,0,PUSH_LOOKAHEAD,,,lookahead == '_'
p_1a5ffeea45948ef5bfa3,python,ts_lex_keywords,1,PUSH_INT,95,,lookahead == '_'
p_1a5ffeea45948ef5bfa3,python,ts_lex_keywords,2,CMP_EQ,,,lookahead == '_'
p_528ee86bd7e05f77e0b3,python,ts_lex_keywords,0,PUSH_LOOKAHEAD,,,lookahead == 'a'
p_528ee86bd7e05f77e0b3,python,ts_lex_keywords,1,PUSH_INT,97,,lookahead == 'a'
p_528ee86bd7e05f77e0b3,python,ts_lex_keywords,2,CMP_EQ,,,lookahead == 'a'
p_1742bd1a4421e61e96a1,python,ts_lex_keywords,0,PUSH_LOOKAHEAD,,,lookahead == 'b'
p_1742bd1a4421e61e96a1,python,ts_lex_keywords,1,PUSH_INT,98,,lookahead == 'b'
p_1742bd1a4421e61e96a1,python,ts_lex_keywords,2,CMP_EQ,,,lookahead == 'b'
p_dc98e127938f1c9a23ff,python,ts_lex_keywords,0,PUSH_LOOKAHEAD,,,lookahead == 'c'
p_dc98e127938f1c9a23ff,python,ts_lex_keywords,1,PUSH_INT,99,,lookahead == 'c'
p_dc98e127938f1c9a23ff,python,ts_lex_keywords,2,CMP_EQ,,,lookahead == 'c'
p_e8849095b67d800e24b5,python,ts_lex_keywords,0,PUSH_LOOKAHEAD,,,lookahead == 'd'
p_e8849095b67d800e24b5,python,ts_lex_keywords,1,PUSH_INT,100,,lookahead == 'd'
p_e8849095b67d800e24b5,python,ts_lex_keywords,2,CMP_EQ,,,lookahead == 'd'
p_c4dc9693c13932811152,python,ts_lex_keywords,0,PUSH_LOOKAHEAD,,,lookahead == 'e'
p_c4dc9693c13932811152,python,ts_lex_keywords,1,PUSH_INT,101,,lookahead == 'e'
p_c4dc9693c13932811152,python,ts_lex_keywords,2,CMP_EQ,,,lookahead == 'e'
p_82fa3168f980a729b827,python,ts_lex_keywords,0,PUSH_LOOKAHEAD,,,lookahead == 'f'
p_82fa3168f980a729b827,python,ts_lex_keywords,1,PUSH_INT,102,,lookahead == 'f'
p_82fa3168f980a729b827,python,ts_lex_keywords,2,CMP_EQ,,,lookahead == 'f'
p_01243d326a91dfff5b60,python,ts_lex_keywords,0,PUSH_LOOKAHEAD,,,lookahead == 'g'
p_01243d326a91dfff5b60,python,ts_lex_keywords,1,PUSH_INT,103,,lookahead == 'g'
p_01243d326a91dfff5b60,python,ts_lex_keywords,2,CMP_EQ,,,lookahead == 'g'
p_80df9c3314f4c29ec511,python,ts_lex_keywords,0,PUSH_LOOKAHEAD,,,lookahead == 'i'
p_80df9c3314f4c29ec511,python,ts_lex_keywords,1,PUSH_INT,105,,lookahead == 'i'
p_80df9c3314f4c29ec511,python,ts_lex_keywords,2,CMP_EQ,,,lookahead == 'i'
p_c40aed82866c4de26781,python,ts_lex_keywords,0,PUSH_LOOKAHEAD,,,lookahead == 'l'
p_c40aed82866c4de26781,python,ts_lex_keywords,1,PUSH_INT,108,,lookahead == 'l'
p_c40aed82866c4de26781,python,ts_lex_keywords,2,CMP_EQ,,,lookahead == 'l'
p_e1165b3af52638eab9c8,python,ts_lex_keywords,0,PUSH_LOOKAHEAD,,,lookahead == 'm'
p_e1165b3af52638eab9c8,python,ts_lex_keywords,1,PUSH_INT,109,,lookahead == 'm'
p_e1165b3af52638eab9c8,python,ts_lex_keywords,2,CMP_EQ,,,lookahead == 'm'
p_9cb2029d59e7f6848f8a,python,ts_lex_keywords,0,PUSH_LOOKAHEAD,,,lookahead == 'n'
p_9cb2029d59e7f6848f8a,python,ts_lex_keywords,1,PUSH_INT,110,,lookahead == 'n'
p_9cb2029d59e7f6848f8a,python,ts_lex_keywords,2,CMP_EQ,,,lookahead == 'n'
p_0d356255ae59fe61bd15,python,ts_lex_keywords,0,PUSH_LOOKAHEAD,,,lookahead == 'o'
p_0d356255ae59fe61bd15,python,ts_lex_keywords,1,PUSH_INT,111,,lookahead == 'o'
p_0d356255ae59fe61bd15,python,ts_lex_keywords,2,CMP_EQ,,,lookahead == 'o'
p_3295dbc1cc698563a660,python,ts_lex_keywords,0,PUSH_LOOKAHEAD,,,lookahead == 'p'
p_3295dbc1cc698563a660,python,ts_lex_keywords,1,PUSH_INT,112,,lookahead == 'p'
p_3295dbc1cc698563a660,python,ts_lex_keywords,2,CMP_EQ,,,lookahead == 'p'
p_16c8c31ced421f23b097,python,ts_lex_keywords,0,PUSH_LOOKAHEAD,,,lookahead == 'r'
p_16c8c31ced421f23b097,python,ts_lex_keywords,1,PUSH_INT,114,,lookahead == 'r'
p_16c8c31ced421f23b097,python,ts_lex_keywords,2,CMP_EQ,,,lookahead == 'r'
p_8b3b7a113acad054acf8,python,ts_lex_keywords,0,PUSH_LOOKAHEAD,,,lookahead == 't'
p_8b3b7a113acad054acf8,python,ts_lex_keywords,1,PUSH_INT,116,,lookahead == 't'
p_8b3b7a113acad054acf8,python,ts_lex_keywords,2,CMP_EQ,,,lookahead == 't'
p_463f0d9d9af4ff35caf6,python,ts_lex_keywords,0,PUSH_LOOKAHEAD,,,lookahead == 'w'
p_463f0d9d9af4ff35caf6,python,ts_lex_keywords,1,PUSH_INT,119,,lookahead == 'w'
p_463f0d9d9af4ff35caf6,python,ts_lex_keywords,2,CMP_EQ,,,lookahead == 'w'
p_428a5c141de98a78aa07,python,ts_lex_keywords,0,PUSH_LOOKAHEAD,,,lookahead == 'y'
p_428a5c141de98a78aa07,python,ts_lex_keywords,1,PUSH_INT,121,,lookahead == 'y'
p_428a5c141de98a78aa07,python,ts_lex_keywords,2,CMP_EQ,,,lookahead == 'y'
p_c18efbeccc0942e4b5e0,python,ts_lex_keywords,0,PUSH_INT,9,,('\t' <= lookahead && lookahead <= '\f') || lookahead == ' ' || lookahead == 0x200b || lookahead == 0x2060 || lookahead == 0xfeff
p_c18efbeccc0942e4b5e0,python,ts_lex_keywords,1,PUSH_LOOKAHEAD,,,('\t' <= lookahead && lookahead <= '\f') || lookahead == ' ' || lookahead == 0x200b || lookahead == 0x2060 || lookahead == 0xfeff
p_c18efbeccc0942e4b5e0,python,ts_lex_keywords,2,CMP_LE,,,('\t' <= lookahead && lookahead <= '\f') || lookahead == ' ' || lookahead == 0x200b || lookahead == 0x2060 || lookahead == 0xfeff
p_c18efbeccc0942e4b5e0,python,ts_lex_keywords,3,PUSH_LOOKAHEAD,,,('\t' <= lookahead && lookahead <= '\f') || lookahead == ' ' || lookahead == 0x200b || lookahead == 0x2060 || lookahead == 0xfeff
p_c18efbeccc0942e4b5e0,python,ts_lex_keywords,4,PUSH_INT,12,,('\t' <= lookahead && lookahead <= '\f') || lookahead == ' ' || lookahead == 0x200b || lookahead == 0x2060 || lookahead == 0xfeff
p_c18efbeccc0942e4b5e0,python,ts_lex_keywords,5,CMP_LE,,,('\t' <= lookahead && lookahead <= '\f') || lookahead == ' ' || lookahead == 0x200b || lookahead == 0x2060 || lookahead == 0xfeff
p_c18efbeccc0942e4b5e0,python,ts_lex_keywords,6,AND,,,('\t' <= lookahead && lookahead <= '\f') || lookahead == ' ' || lookahead == 0x200b || lookahead == 0x2060 || lookahead == 0xfeff
p_c18efbeccc0942e4b5e0,python,ts_lex_keywords,7,PUSH_LOOKAHEAD,,,('\t' <= lookahead && lookahead <= '\f') || lookahead == ' ' || lookahead == 0x200b || lookahead == 0x2060 || lookahead == 0xfeff
p_c18efbeccc0942e4b5e0,python,ts_lex_keywords,8,PUSH_INT,32,,('\t' <= lookahead && lookahead <= '\f') || lookahead == ' ' || lookahead == 0x200b || lookahead == 0x2060 || lookahead == 0xfeff
p_c18efbeccc0942e4b5e0,python,ts_lex_keywords,9,CMP_EQ,,,('\t' <= lookahead && lookahead <= '\f') || lookahead == ' ' || lookahead == 0x200b || lookahead == 0x2060 || lookahead == 0xfeff
p_c18efbeccc0942e4b5e0,python,ts_lex_keywords,10,OR,,,('\t' <= lookahead && lookahead <= '\f') || lookahead == ' ' || lookahead == 0x200b || lookahead == 0x2060 || lookahead == 0xfeff
p_c18efbeccc0942e4b5e0,python,ts_lex_keywords,11,PUSH_LOOKAHEAD,,,('\t' <= lookahead && lookahead <= '\f') || lookahead == ' ' || lookahead == 0x200b || lookahead == 0x2060 || lookahead == 0xfeff
p_c18efbeccc0942e4b5e0,python,ts_lex_keywords,12,PUSH_INT,8203,,('\t' <= lookahead && lookahead <= '\f') || lookahead == ' ' || lookahead == 0x200b || lookahead == 0x2060 || lookahead == 0xfeff
p_c18efbeccc0942e4b5e0,python,ts_lex_keywords,13,CMP_EQ,,,('\t' <= lookahead && lookahead <= '\f') || lookahead == ' ' || lookahead == 0x200b || lookahead == 0x2060 || lookahead == 0xfeff
p_c18efbeccc0942e4b5e0,python,ts_lex_keywords,14,OR,,,('\t' <= lookahead && lookahead <= '\f') || lookahead == ' ' || lookahead == 0x200b || lookahead == 0x2060 || lookahead == 0xfeff
p_c18efbeccc0942e4b5e0,python,ts_lex_keywords,15,PUSH_LOOKAHEAD,,,('\t' <= lookahead && lookahead <= '\f') || lookahead == ' ' || lookahead == 0x200b || lookahead == 0x2060 || lookahead == 0xfeff
p_c18efbeccc0942e4b5e0,python,ts_lex_keywords,16,PUSH_INT,8288,,('\t' <= lookahead && lookahead <= '\f') || lookahead == ' ' || lookahead == 0x200b || lookahead == 0x2060 || lookahead == 0xfeff
p_c18efbeccc0942e4b5e0,python,ts_lex_keywords,17,CMP_EQ,,,('\t' <= lookahead && lookahead <= '\f') || lookahead == ' ' || lookahead == 0x200b || lookahead == 0x2060 || lookahead == 0xfeff
p_c18efbeccc0942e4b5e0,python,ts_lex_keywords,18,OR,,,('\t' <= lookahead && lookahead <= '\f') || lookahead == ' ' || lookahead == 0x200b || lookahead == 0x2060 || lookahead == 0xfeff
p_c18efbeccc0942e4b5e0,python,ts_lex_keywords,19,PUSH_LOOKAHEAD,,,('\t' <= lookahead && lookahead <= '\f') || lookahead == ' ' || lookahead == 0x200b || lookahead == 0x2060 || lookahead == 0xfeff
p_c18efbeccc0942e4b5e0,python,ts_lex_keywords,20,PUSH_INT,65279,,('\t' <= lookahead && lookahead <= '\f') || lookahead == ' ' || lookahead == 0x200b || lookahead == 0x2060 || lookahead == 0xfeff
p_c18efbeccc0942e4b5e0,python,ts_lex_keywords,21,CMP_EQ,,,('\t' <= lookahead && lookahead <= '\f') || lookahead == ' ' || lookahead == 0x200b || lookahead == 0x2060 || lookahead == 0xfeff
p_c18efbeccc0942e4b5e0,python,ts_lex_keywords,22,OR,,,('\t' <= lookahead && lookahead <= '\f') || lookahead == ' ' || lookahead == 0x200b || lookahead == 0x2060 || lookahead == 0xfeff
p_e2e70c5e7ecdf4c85274,python,ts_lex_keywords,0,PUSH_LOOKAHEAD,,,lookahead == 's'
p_e2e70c5e7ecdf4c85274,python,ts_lex_keywords,1,PUSH_INT,115,,lookahead == 's'
p_e2e70c5e7ecdf4c85274,python,ts_lex_keywords,2,CMP_EQ,,,lookahead == 's'
p_f3e55e7834101baa6f93,python,ts_lex_keywords,0,PUSH_LOOKAHEAD,,,lookahead == 'x'
p_f3e55e7834101baa6f93,python,ts_lex_keywords,1,PUSH_INT,120,,lookahead == 'x'
p_f3e55e7834101baa6f93,python,ts_lex_keywords,2,CMP_EQ,,,lookahead == 'x'
p_8188994bbb6fad05aa83,python,ts_lex_keywords,0,PUSH_LOOKAHEAD,,,lookahead == 'h'
p_8188994bbb6fad05aa83,python,ts_lex_keywords,1,PUSH_INT,104,,lookahead == 'h'
p_8188994bbb6fad05aa83,python,ts_lex_keywords,2,CMP_EQ,,,lookahead == 'h'
p_95f29cd321784b5a0b88,python,ts_lex_keywords,0,PUSH_LOOKAHEAD,,,lookahead == 'u'
p_95f29cd321784b5a0b88,python,ts_lex_keywords,1,PUSH_INT,117,,lookahead == 'u'
p_95f29cd321784b5a0b88,python,ts_lex_keywords,2,CMP_EQ,,,lookahead == 'u'
p_aaf98d8b8fa97ade2ff2,python,ts_lex_keywords,0,PUSH_LOOKAHEAD,,,lookahead == 'k'
p_aaf98d8b8fa97ade2ff2,python,ts_lex_keywords,1,PUSH_INT,107,,lookahead == 'k'
p_aaf98d8b8fa97ade2ff2,python,ts_lex_keywords,2,CMP_EQ,,,lookahead == 'k'
p_11a1f046c16b8e21b8d0,zig,ts_lex,0,PUSH_EOF,,,eof
p_c5ff0c01a14c53bba4b6,zig,ts_lex,0,PUSH_INT,9,,('\t' <= lookahead && lookahead <= '\r') || lookahead == ' '
p_c5ff0c01a14c53bba4b6,zig,ts_lex,1,PUSH_LOOKAHEAD,,,('\t' <= lookahead && lookahead <= '\r') || lookahead == ' '
p_c5ff0c01a14c53bba4b6,zig,ts_lex,2,CMP_LE,,,('\t' <= lookahead && lookahead <= '\r') || lookahead == ' '
p_c5ff0c01a14c53bba4b6,zig,ts_lex,3,PUSH_LOOKAHEAD,,,('\t' <= lookahead && lookahead <= '\r') || lookahead == ' '
p_c5ff0c01a14c53bba4b6,zig,ts_lex,4,PUSH_INT,13,,('\t' <= lookahead && lookahead <= '\r') || lookahead == ' '
p_c5ff0c01a14c53bba4b6,zig,ts_lex,5,CMP_LE,,,('\t' <= lookahead && lookahead <= '\r') || lookahead == ' '
p_c5ff0c01a14c53bba4b6,zig,ts_lex,6,AND,,,('\t' <= lookahead && lookahead <= '\r') || lookahead == ' '
p_c5ff0c01a14c53bba4b6,zig,ts_lex,7,PUSH_LOOKAHEAD,,,('\t' <= lookahead && lookahead <= '\r') || lookahead == ' '
p_c5ff0c01a14c53bba4b6,zig,ts_lex,8,PUSH_INT,32,,('\t' <= lookahead && lookahead <= '\r') || lookahead == ' '
p_c5ff0c01a14c53bba4b6,zig,ts_lex,9,CMP_EQ,,,('\t' <= lookahead && lookahead <= '\r') || lookahead == ' '
p_c5ff0c01a14c53bba4b6,zig,ts_lex,10,OR,,,('\t' <= lookahead && lookahead <= '\r') || lookahead == ' '
p_51ff2707093db52524ca,zig,ts_lex,0,PUSH_INT,49,,('1' <= lookahead && lookahead <= '9')
p_51ff2707093db52524ca,zig,ts_lex,1,PUSH_LOOKAHEAD,,,('1' <= lookahead && lookahead <= '9')
p_51ff2707093db52524ca,zig,ts_lex,2,CMP_LE,,,('1' <= lookahead && lookahead <= '9')
p_51ff2707093db52524ca,zig,ts_lex,3,PUSH_LOOKAHEAD,,,('1' <= lookahead && lookahead <= '9')
p_51ff2707093db52524ca,zig,ts_lex,4,PUSH_INT,57,,('1' <= lookahead && lookahead <= '9')
p_51ff2707093db52524ca,zig,ts_lex,5,CMP_LE,,,('1' <= lookahead && lookahead <= '9')
p_51ff2707093db52524ca,zig,ts_lex,6,AND,,,('1' <= lookahead && lookahead <= '9')
p_3c6b6060d257de7f682c,zig,ts_lex,0,PUSH_INT,65,,('A' <= lookahead && lookahead <= '_') || ('a' <= lookahead && lookahead <= 'z')
p_3c6b6060d257de7f682c,zig,ts_lex,1,PUSH_LOOKAHEAD,,,('A' <= lookahead && lookahead <= '_') || ('a' <= lookahead && lookahead <= 'z')
p_3c6b6060d257de7f682c,zig,ts_lex,2,CMP_LE,,,('A' <= lookahead && lookahead <= '_') || ('a' <= lookahead && lookahead <= 'z')
p_3c6b6060d257de7f682c,zig,ts_lex,3,PUSH_LOOKAHEAD,,,('A' <= lookahead && lookahead <= '_') || ('a' <= lookahead && lookahead <= 'z')
p_3c6b6060d257de7f682c,zig,ts_lex,4,PUSH_INT,95,,('A' <= lookahead && lookahead <= '_') || ('a' <= lookahead && lookahead <= 'z')
p_3c6b6060d257de7f682c,zig,ts_lex,5,CMP_LE,,,('A' <= lookahead && lookahead <= '_') || ('a' <= lookahead && lookahead <= 'z')
p_3c6b6060d257de7f682c,zig,ts_lex,6,AND,,,('A' <= lookahead && lookahead <= '_') || ('a' <= lookahead && lookahead <= 'z')
p_3c6b6060d257de7f682c,zig,ts_lex,7,PUSH_INT,97,,('A' <= lookahead && lookahead <= '_') || ('a' <= lookahead && lookahead <= 'z')
p_3c6b6060d257de7f682c,zig,ts_lex,8,PUSH_LOOKAHEAD,,,('A' <= lookahead && lookahead <= '_') || ('a' <= lookahead && lookahead <= 'z')
p_3c6b6060d257de7f682c,zig,ts_lex,9,CMP_LE,,,('A' <= lookahead && lookahead <= '_') || ('a' <= lookahead && lookahead <= 'z')
p_3c6b6060d257de7f682c,zig,ts_lex,10,PUSH_LOOKAHEAD,,,('A' <= lookahead && lookahead <= '_') || ('a' <= lookahead && lookahead <= 'z')
p_3c6b6060d257de7f682c,zig,ts_lex,11,PUSH_INT,122,,('A' <= lookahead && lookahead <= '_') || ('a' <= lookahead && lookahead <= 'z')
p_3c6b6060d257de7f682c,zig,ts_lex,12,CMP_LE,,,('A' <= lookahead && lookahead <= '_') || ('a' <= lookahead && lookahead <= 'z')
p_3c6b6060d257de7f682c,zig,ts_lex,13,AND,,,('A' <= lookahead && lookahead <= '_') || ('a' <= lookahead && lookahead <= 'z')
p_3c6b6060d257de7f682c,zig,ts_lex,14,OR,,,('A' <= lookahead && lookahead <= '_') || ('a' <= lookahead && lookahead <= 'z')
p_4aec6344eedff368095e,zig,ts_lex,0,PUSH_LOOKAHEAD,,,lookahead == 33
p_4aec6344eedff368095e,zig,ts_lex,1,PUSH_INT,33,,lookahead == 33
p_4aec6344eedff368095e,zig,ts_lex,2,CMP_EQ,,,lookahead == 33
p_0099513b3ef3fb37b1aa,zig,ts_lex,0,PUSH_LOOKAHEAD,,,lookahead == 34
p_0099513b3ef3fb37b1aa,zig,ts_lex,1,PUSH_INT,34,,lookahead == 34
p_0099513b3ef3fb37b1aa,zig,ts_lex,2,CMP_EQ,,,lookahead == 34
p_9f550b91d74749683e05,zig,ts_lex,0,PUSH_LOOKAHEAD,,,lookahead == 37
p_9f550b91d74749683e05,zig,ts_lex,1,PUSH_INT,37,,lookahead == 37
p_9f550b91d74749683e05,zig,ts_lex,2,CMP_EQ,,,lookahead == 37
p_8cb4e00e8f3e376c2a8c,zig,ts_lex,0,PUSH_LOOKAHEAD,,,lookahead == 38
p_8cb4e00e8f3e376c2a8c,zig,ts_lex,1,PUSH_INT,38,,lookahead == 38
p_8cb4e00e8f3e376c2a8c,zig,ts_lex,2,CMP_EQ,,,lookahead == 38
p_e466c9bab30877f38469,zig,ts_lex,0,PUSH_LOOKAHEAD,,,lookahead == 39
p_e466c9bab30877f38469,zig,ts_lex,1,PUSH_INT,39,,lookahead == 39
p_e466c9bab30877f38469,zig,ts_lex,2,CMP_EQ,,,lookahead == 39
p_b130276094ad913f3180,zig,ts_lex,0,PUSH_LOOKAHEAD,,,lookahead == 40
p_b130276094ad913f3180,zig,ts_lex,1,PUSH_INT,40,,lookahead == 40
p_b130276094ad913f3180,zig,ts_lex,2,CMP_EQ,,,lookahead == 40
p_ffb250224536547c34d1,zig,ts_lex,0,PUSH_LOOKAHEAD,,,lookahead == 41
p_ffb250224536547c34d1,zig,ts_lex,1,PUSH_INT,41,,lookahead == 41
p_ffb250224536547c34d1,zig,ts_lex,2,CMP_EQ,,,lookahead == 41
p_b757f6711eda8767e321,zig,ts_lex,0,PUSH_LOOKAHEAD,,,lookahead == 42
p_b757f6711eda8767e321,zig,ts_lex,1,PUSH_INT,42,,lookahead == 42
p_b757f6711eda8767e321,zig,ts_lex,2,CMP_EQ,,,lookahead == 42
p_dd3899b2e702dd660f51,zig,ts_lex,0,PUSH_LOOKAHEAD,,,lookahead == 43
p_dd3899b2e702dd660f51,zig,ts_lex,1,PUSH_INT,43,,lookahead == 43
p_dd3899b2e702dd660f51,zig,ts_lex,2,CMP_EQ,,,lookahead == 43
p_831e1b198962665a412e,zig,ts_lex,0,PUSH_LOOKAHEAD,,,lookahead == 44
p_831e1b198962665a412e,zig,ts_lex,1,PUSH_INT,44,,lookahead == 44
p_831e1b198962665a412e,zig,ts_lex,2,CMP_EQ,,,lookahead == 44
p_29d0b090bdc838011641,zig,ts_lex,0,PUSH_LOOKAHEAD,,,lookahead == 45
p_29d0b090bdc838011641,zig,ts_lex,1,PUSH_INT,45,,lookahead == 45
p_29d0b090bdc838011641,zig,ts_lex,2,CMP_EQ,,,lookahead == 45
p_ac630aa718d52a22bef9,zig,ts_lex,0,PUSH_LOOKAHEAD,,,lookahead == 46
p_ac630aa718d52a22bef9,zig,ts_lex,1,PUSH_INT,46,,lookahead == 46
p_ac630aa718d52a22bef9,zig,ts_lex,2,CMP_EQ,,,lookahead == 46
p_7f07a65b968a847301ff,zig,ts_lex,0,PUSH_LOOKAHEAD,,,lookahead == 47
p_7f07a65b968a847301ff,zig,ts_lex,1,PUSH_INT,47,,lookahead == 47
p_7f07a65b968a847301ff,zig,ts_lex,2,CMP_EQ,,,lookahead == 47
p_50004a4fba1dbf428865,zig,ts_lex,0,PUSH_LOOKAHEAD,,,lookahead == 48
p_50004a4fba1dbf428865,zig,ts_lex,1,PUSH_INT,48,,lookahead == 48
p_50004a4fba1dbf428865,zig,ts_lex,2,CMP_EQ,,,lookahead == 48
p_231e57af5e810cc06ddd,zig,ts_lex,0,PUSH_LOOKAHEAD,,,lookahead == 58
p_231e57af5e810cc06ddd,zig,ts_lex,1,PUSH_INT,58,,lookahead == 58
p_231e57af5e810cc06ddd,zig,ts_lex,2,CMP_EQ,,,lookahead == 58
p_16e621117b39d19d8c5e,zig,ts_lex,0,PUSH_LOOKAHEAD,,,lookahead == 59
p_16e621117b39d19d8c5e,zig,ts_lex,1,PUSH_INT,59,,lookahead == 59
p_16e621117b39d19d8c5e,zig,ts_lex,2,CMP_EQ,,,lookahead == 59
p_d1df5099324279583e0b,zig,ts_lex,0,PUSH_LOOKAHEAD,,,lookahead == 60
p_d1df5099324279583e0b,zig,ts_lex,1,PUSH_INT,60,,lookahead == 60
p_d1df5099324279583e0b,zig,ts_lex,2,CMP_EQ,,,lookahead == 60
p_dcc685e42598434ea899,zig,ts_lex,0,PUSH_LOOKAHEAD,,,lookahead == 61
p_dcc685e42598434ea899,zig,ts_lex,1,PUSH_INT,61,,lookahead == 61
p_dcc685e42598434ea899,zig,ts_lex,2,CMP_EQ,,,lookahead == 61
p_55cab64758dbc1bbeef7,zig,ts_lex,0,PUSH_LOOKAHEAD,,,lookahead == 62
p_55cab64758dbc1bbeef7,zig,ts_lex,1,PUSH_INT,62,,lookahead == 62
p_55cab64758dbc1bbeef7,zig,ts_lex,2,CMP_EQ,,,lookahead == 62
p_6db1b0b186cbe9cbe40b,zig,ts_lex,0,PUSH_LOOKAHEAD,,,lookahead == 63
p_6db1b0b186cbe9cbe40b,zig,ts_lex,1,PUSH_INT,63,,lookahead == 63
p_6db1b0b186cbe9cbe40b,zig,ts_lex,2,CMP_EQ,,,lookahead == 63
p_a3a86fff2131857a55db,zig,ts_lex,0,PUSH_LOOKAHEAD,,,lookahead == 64
p_a3a86fff2131857a55db,zig,ts_lex,1,PUSH_INT,64,,lookahead == 64
p_a3a86fff2131857a55db,zig,ts_lex,2,CMP_EQ,,,lookahead == 64
p_401ab4edef84c56d6509,zig,ts_lex,0,PUSH_LOOKAHEAD,,,lookahead == 91
p_401ab4edef84c56d6509,zig,ts_lex,1,PUSH_INT,91,,lookahead == 91
p_401ab4edef84c56d6509,zig,ts_lex,2,CMP_EQ,,,lookahead == 91
p_40f783aa2eb968d629fb,zig,ts_lex,0,PUSH_LOOKAHEAD,,,lookahead == 92
p_40f783aa2eb968d629fb,zig,ts_lex,1,PUSH_INT,92,,lookahead == 92
p_40f783aa2eb968d629fb,zig,ts_lex,2,CMP_EQ,,,lookahead == 92
p_9bcdd64b51fab1a63e84,zig,ts_lex,0,PUSH_LOOKAHEAD,,,lookahead == 93
p_9bcdd64b51fab1a63e84,zig,ts_lex,1,PUSH_INT,93,,lookahead == 93
p_9bcdd64b51fab1a63e84,zig,ts_lex,2,CMP_EQ,,,lookahead == 93
p_f0ce42323738d9f4c2fa,zig,ts_lex,0,PUSH_LOOKAHEAD,,,lookahead == 94
p_f0ce42323738d9f4c2fa,zig,ts_lex,1,PUSH_INT,94,,lookahead == 94
p_f0ce42323738d9f4c2fa,zig,ts_lex,2,CMP_EQ,,,lookahead == 94
p_6b572bb4948374501924,zig,ts_lex,0,PUSH_LOOKAHEAD,,,lookahead == 123
p_6b572bb4948374501924,zig,ts_lex,1,PUSH_INT,123,,lookahead == 123
p_6b572bb4948374501924,zig,ts_lex,2,CMP_EQ,,,lookahead == 123
p_4f04b27bf12635eafb10,zig,ts_lex,0,PUSH_LOOKAHEAD,,,lookahead == 124
p_4f04b27bf12635eafb10,zig,ts_lex,1,PUSH_INT,124,,lookahead == 124
p_4f04b27bf12635eafb10,zig,ts_lex,2,CMP_EQ,,,lookahead == 124
p_f3f57c482e2ca6860151,zig,ts_lex,0,PUSH_LOOKAHEAD,,,lookahead == 125
p_f3f57c482e2ca6860151,zig,ts_lex,1,PUSH_INT,125,,lookahead == 125
p_f3f57c482e2ca6860151,zig,ts_lex,2,CMP_EQ,,,lookahead == 125
p_4396b832cbfa7cfdb135,zig,ts_lex,0,PUSH_LOOKAHEAD,,,lookahead == 126
p_4396b832cbfa7cfdb135,zig,ts_lex,1,PUSH_INT,126,,lookahead == 126
p_4396b832cbfa7cfdb135,zig,ts_lex,2,CMP_EQ,,,lookahead == 126
p_8e9ad642f6f5f54431e8,zig,ts_lex,0,PUSH_LOOKAHEAD,,,lookahead == '\n'
p_8e9ad642f6f5f54431e8,zig,ts_lex,1,PUSH_INT,10,,lookahead == '\n'
p_8e9ad642f6f5f54431e8,zig,ts_lex,2,CMP_EQ,,,lookahead == '\n'
p_c97bc7d43274511919b2,zig,ts_lex,0,PUSH_LOOKAHEAD,,,"lookahead == '""'"
p_c97bc7d43274511919b2,zig,ts_lex,1,PUSH_INT,34,,"lookahead == '""'"
p_c97bc7d43274511919b2,zig,ts_lex,2,CMP_EQ,,,"lookahead == '""'"
p_a0544462ad6ef611731a,zig,ts_lex,0,PUSH_LOOKAHEAD,,,lookahead == '/'
p_a0544462ad6ef611731a,zig,ts_lex,1,PUSH_INT,47,,lookahead == '/'
p_a0544462ad6ef611731a,zig,ts_lex,2,CMP_EQ,,,lookahead == '/'
p_bc22357e6e2b74b82c15,zig,ts_lex,0,PUSH_LOOKAHEAD,,,lookahead == '\\'
p_bc22357e6e2b74b82c15,zig,ts_lex,1,PUSH_INT,92,,lookahead == '\\'
p_bc22357e6e2b74b82c15,zig,ts_lex,2,CMP_EQ,,,lookahead == '\\'
p_da7fff06551738bcdfc9,zig,ts_lex,0,PUSH_LOOKAHEAD,,,lookahead != 0
p_da7fff06551738bcdfc9,zig,ts_lex,1,PUSH_INT,0,,lookahead != 0
p_da7fff06551738bcdfc9,zig,ts_lex,2,CMP_NE,,,lookahead != 0
p_9dc094911f89677a2c5b,zig,ts_lex,0,PUSH_LOOKAHEAD,,,lookahead != 0 && lookahead != '\''
p_9dc094911f89677a2c5b,zig,ts_lex,1,PUSH_INT,0,,lookahead != 0 && lookahead != '\''
p_9dc094911f89677a2c5b,zig,ts_lex,2,CMP_NE,,,lookahead != 0 && lookahead != '\''
p_9dc094911f89677a2c5b,zig,ts_lex,3,PUSH_LOOKAHEAD,,,lookahead != 0 && lookahead != '\''
p_9dc094911f89677a2c5b,zig,ts_lex,4,PUSH_INT,39,,lookahead != 0 && lookahead != '\''
p_9dc094911f89677a2c5b,zig,ts_lex,5,CMP_NE,,,lookahead != 0 && lookahead != '\''
p_9dc094911f89677a2c5b,zig,ts_lex,6,AND,,,lookahead != 0 && lookahead != '\''
p_13ec186def04b1aa9b9e,zig,ts_lex,0,PUSH_INT,65,,('A' <= lookahead && lookahead <= 'Z') || lookahead == '_' || ('a' <= lookahead && lookahead <= 'z')
p_13ec186def04b1aa9b9e,zig,ts_lex,1,PUSH_LOOKAHEAD,,,('A' <= lookahead && lookahead <= 'Z') || lookahead == '_' || ('a' <= lookahead && lookahead <= 'z')
p_13ec186def04b1aa9b9e,zig,ts_lex,2,CMP_LE,,,('A' <= lookahead && lookahead <= 'Z') || lookahead == '_' || ('a' <= lookahead && lookahead <= 'z')
p_13ec186def04b1aa9b9e,zig,ts_lex,3,PUSH_LOOKAHEAD,,,('A' <= lookahead && lookahead <= 'Z') || lookahead == '_' || ('a' <= lookahead && lookahead <= 'z')
p_13ec186def04b1aa9b9e,zig,ts_lex,4,PUSH_INT,90,,('A' <= lookahead && lookahead <= 'Z') || lookahead == '_' || ('a' <= lookahead && lookahead <= 'z')
p_13ec186def04b1aa9b9e,zig,ts_lex,5,CMP_LE,,,('A' <= lookahead && lookahead <= 'Z') || lookahead == '_' || ('a' <= lookahead && lookahead <= 'z')
p_13ec186def04b1aa9b9e,zig,ts_lex,6,AND,,,('A' <= lookahead && lookahead <= 'Z') || lookahead == '_' || ('a' <= lookahead && lookahead <= 'z')
p_13ec186def04b1aa9b9e,zig,ts_lex,7,PUSH_LOOKAHEAD,,,('A' <= lookahead && lookahead <= 'Z') || lookahead == '_' || ('a' <= lookahead && lookahead <= 'z')
p_13ec186def04b1aa9b9e,zig,ts_lex,8,PUSH_INT,95,,('A' <= lookahead && lookahead <= 'Z') || lookahead == '_' || ('a' <= lookahead && lookahead <= 'z')
p_13ec186def04b1aa9b9e,zig,ts_lex,9,CMP_EQ,,,('A' <= lookahead && lookahead <= 'Z') || lookahead == '_' || ('a' <= lookahead && lookahead <= 'z')
p_13ec186def04b1aa9b9e,zig,ts_lex,10,OR,,,('A' <= lookahead && lookahead <= 'Z') || lookahead == '_' || ('a' <= lookahead && lookahead <= 'z')
p_13ec186def04b1aa9b9e,zig,ts_lex,11,PUSH_INT,97,,('A' <= lookahead && lookahead <= 'Z') || lookahead == '_' || ('a' <= lookahead && lookahead <= 'z')
p_13ec186def04b1aa9b9e,zig,ts_lex,12,PUSH_LOOKAHEAD,,,('A' <= lookahead && lookahead <= 'Z') || lookahead == '_' || ('a' <= lookahead && lookahead <= 'z')
p_13ec186def04b1aa9b9e,zig,ts_lex,13,CMP_LE,,,('A' <= lookahead && lookahead <= 'Z') || lookahead == '_' || ('a' <= lookahead && lookahead <= 'z')
p_13ec186def04b1aa9b9e,zig,ts_lex,14,PUSH_LOOKAHEAD,,,('A' <= lookahead && lookahead <= 'Z') || lookahead == '_' || ('a' <= lookahead && lookahead <= 'z')
p_13ec186def04b1aa9b9e,zig,ts_lex,15,PUSH_INT,122,,('A' <= lookahead && lookahead <= 'Z') || lookahead == '_' || ('a' <= lookahead && lookahead <= 'z')
p_13ec186def04b1aa9b9e,zig,ts_lex,16,CMP_LE,,,('A' <= lookahead && lookahead <= 'Z') || lookahead == '_' || ('a' <= lookahead && lookahead <= 'z')
p_13ec186def04b1aa9b9e,zig,ts_lex,17,AND,,,('A' <= lookahead && lookahead <= 'Z') || lookahead == '_' || ('a' <= lookahead && lookahead <= 'z')
p_13ec186def04b1aa9b9e,zig,ts_lex,18,OR,,,('A' <= lookahead && lookahead <= 'Z') || lookahead == '_' || ('a' <= lookahead && lookahead <= 'z')
p_f4d0ec212d2561494604,zig,ts_lex,0,PUSH_LOOKAHEAD,,,lookahead == '.'
p_f4d0ec212d2561494604,zig,ts_lex,1,PUSH_INT,46,,lookahead == '.'
p_f4d0ec212d2561494604,zig,ts_lex,2,CMP_EQ,,,lookahead == '.'
p_3b08fc9c4e7214d23108,zig,ts_lex,0,PUSH_LOOKAHEAD,,,lookahead == 'u'
p_3b08fc9c4e7214d23108,zig,ts_lex,1,PUSH_INT,117,,lookahead == 'u'
p_3b08fc9c4e7214d23108,zig,ts_lex,2,CMP_EQ,,,lookahead == 'u'
p_d77efdb2fb0e4e265903,zig,ts_lex,0,PUSH_LOOKAHEAD,,,lookahead == 'x'
p_d77efdb2fb0e4e265903,zig,ts_lex,1,PUSH_INT,120,,lookahead == 'x'
p_d77efdb2fb0e4e265903,zig,ts_lex,2,CMP_EQ,,,lookahead == 'x'
p_0afb45ae4ba62dac139e,zig,ts_lex,0,PUSH_INT,48,,('0' <= lookahead && lookahead <= '9')
p_0afb45ae4ba62dac139e,zig,ts_lex,1,PUSH_LOOKAHEAD,,,('0' <= lookahead && lookahead <= '9')
p_0afb45ae4ba62dac139e,zig,ts_lex,2,CMP_LE,,,('0' <= lookahead && lookahead <= '9')
p_0afb45ae4ba62dac139e,zig,ts_lex,3,PUSH_LOOKAHEAD,,,('0' <= lookahead && lookahead <= '9')
p_0afb45ae4ba62dac139e,zig,ts_lex,4,PUSH_INT,57,,('0' <= lookahead && lookahead <= '9')
p_0afb45ae4ba62dac139e,zig,ts_lex,5,CMP_LE,,,('0' <= lookahead && lookahead <= '9')
p_0afb45ae4ba62dac139e,zig,ts_lex,6,AND,,,('0' <= lookahead && lookahead <= '9')
p_035fc7cf256fd28102f7,zig,ts_lex,0,PUSH_LOOKAHEAD,,,lookahead != 0 && lookahead != 'U'
p_035fc7cf256fd28102f7,zig,ts_lex,1,PUSH_INT,0,,lookahead != 0 && lookahead != 'U'
p_035fc7cf256fd28102f7,zig,ts_lex,2,CMP_NE,,,lookahead != 0 && lookahead != 'U'
p_035fc7cf256fd28102f7,zig,ts_lex,3,PUSH_LOOKAHEAD,,,lookahead != 0 && lookahead != 'U'
p_035fc7cf256fd28102f7,zig,ts_lex,4,PUSH_INT,85,,lookahead != 0 && lookahead != 'U'
p_035fc7cf256fd28102f7,zig,ts_lex,5,CMP_NE,,,lookahead != 0 && lookahead != 'U'
p_035fc7cf256fd28102f7,zig,ts_lex,6,AND,,,lookahead != 0 && lookahead != 'U'
p_c98ae3ea3bad8377a662,zig,ts_lex,0,PUSH_LOOKAHEAD,,,lookahead == '{'
p_c98ae3ea3bad8377a662,zig,ts_lex,1,PUSH_INT,123,,lookahead == '{'
p_c98ae3ea3bad8377a662,zig,ts_lex,2,CMP_EQ,,,lookahead == '{'
p_8236a6cb9cdbd096e630,zig,ts_lex,0,PUSH_LOOKAHEAD,,,lookahead == '}'
p_8236a6cb9cdbd096e630,zig,ts_lex,1,PUSH_INT,125,,lookahead == '}'
p_8236a6cb9cdbd096e630,zig,ts_lex,2,CMP_EQ,,,lookahead == '}'
p_5cb88156e906b5cd5817,zig,ts_lex,0,PUSH_INT,48,,('0' <= lookahead && lookahead <= '9') || ('A' <= lookahead && lookahead <= 'F') || ('a' <= lookahead && lookahead <= 'f')
p_5cb88156e906b5cd5817,zig,ts_lex,1,PUSH_LOOKAHEAD,,,('0' <= lookahead && lookahead <= '9') || ('A' <= lookahead && lookahead <= 'F') || ('a' <= lookahead && lookahead <= 'f')
p_5cb88156e906b5cd5817,zig,ts_lex,2,CMP_LE,,,('0' <= lookahead && lookahead <= '9') || ('A' <= lookahead && lookahead <= 'F') || ('a' <= lookahead && lookahead <= 'f')
p_5cb88156e906b5cd5817,zig,ts_lex,3,PUSH_LOOKAHEAD,,,('0' <= lookahead && lookahead <= '9') || ('A' <= lookahead && lookahead <= 'F') || ('a' <= lookahead && lookahead <= 'f')
p_5cb88156e906b5cd5817,zig,ts_lex,4,PUSH_INT,57,,('0' <= lookahead && lookahead <= '9') || ('A' <= lookahead && lookahead <= 'F') || ('a' <= lookahead && lookahead <= 'f')
p_5cb88156e906b5cd5817,zig,ts_lex,5,CMP_LE,,,('0' <= lookahead && lookahead <= '9') || ('A' <= lookahead && lookahead <= 'F') || ('a' <= lookahead && lookahead <= 'f')
p_5cb88156e906b5cd5817,zig,ts_lex,6,AND,,,('0' <= lookahead && lookahead <= '9') || ('A' <= lookahead && lookahead <= 'F') || ('a' <= lookahead && lookahead <= 'f')
p_5cb88156e906b5cd5817,zig,ts_lex,7,PUSH_INT,65,,('0' <= lookahead && lookahead <= '9') || ('A' <= lookahead && lookahead <= 'F') || ('a' <= lookahead && lookahead <= 'f')
p_5cb88156e906b5cd5817,zig,ts_lex,8,PUSH_LOOKAHEAD,,,('0' <= lookahead && lookahead <= '9') || ('A' <= lookahead && lookahead <= 'F') || ('a' <= lookahead && lookahead <= 'f')
p_5cb88156e906b5cd5817,zig,ts_lex,9,CMP_LE,,,('0' <= lookahead && lookahead <= '9') || ('A' <= lookahead && lookahead <= 'F') || ('a' <= lookahead && lookahead <= 'f')
p_5cb88156e906b5cd5817,zig,ts_lex,10,PUSH_LOOKAHEAD,,,('0' <= lookahead && lookahead <= '9') || ('A' <= lookahead && lookahead <= 'F') || ('a' <= lookahead && lookahead <= 'f')
p_5cb88156e906b5cd5817,zig,ts_lex,11,PUSH_INT,70,,('0' <= lookahead && lookahead <= '9') || ('A' <= lookahead && lookahead <= 'F') || ('a' <= lookahead && lookahead <= 'f')
p_5cb88156e906b5cd5817,zig,ts_lex,12,CMP_LE,,,('0' <= lookahead && lookahead <= '9') || ('A' <= lookahead && lookahead <= 'F') || ('a' <= lookahead && lookahead <= 'f')
p_5cb88156e906b5cd5817,zig,ts_lex,13,AND,,,('0' <= lookahead && lookahead <= '9') || ('A' <= lookahead && lookahead <= 'F') || ('a' <= lookahead && lookahead <= 'f')
p_5cb88156e906b5cd5817,zig,ts_lex,14,OR,,,('0' <= lookahead && lookahead <= '9') || ('A' <= lookahead && lookahead <= 'F') || ('a' <= lookahead && lookahead <= 'f')
p_5cb88156e906b5cd5817,zig,ts_lex,15,PUSH_INT,97,,('0' <= lookahead && lookahead <= '9') || ('A' <= lookahead && lookahead <= 'F') || ('a' <= lookahead && lookahead <= 'f')
p_5cb88156e906b5cd5817,zig,ts_lex,16,PUSH_LOOKAHEAD,,,('0' <= lookahead && lookahead <= '9') || ('A' <= lookahead && lookahead <= 'F') || ('a' <= lookahead && lookahead <= 'f')
p_5cb88156e906b5cd5817,zig,ts_lex,17,CMP_LE,,,('0' <= lookahead && lookahead <= '9') || ('A' <= lookahead && lookahead <= 'F') || ('a' <= lookahead && lookahead <= 'f')
p_5cb88156e906b5cd5817,zig,ts_lex,18,PUSH_LOOKAHEAD,,,('0' <= lookahead && lookahead <= '9') || ('A' <= lookahead && lookahead <= 'F') || ('a' <= lookahead && lookahead <= 'f')
p_5cb88156e906b5cd5817,zig,ts_lex,19,PUSH_INT,102,,('0' <= lookahead && lookahead <= '9') || ('A' <= lookahead && lookahead <= 'F') || ('a' <= lookahead && lookahead <= 'f')
p_5cb88156e906b5cd5817,zig,ts_lex,20,CMP_LE,,,('0' <= lookahead && lookahead <= '9') || ('A' <= lookahead && lookahead <= 'F') || ('a' <= lookahead && lookahead <= 'f')
p_5cb88156e906b5cd5817,zig,ts_lex,21,AND,,,('0' <= lookahead && lookahead <= '9') || ('A' <= lookahead && lookahead <= 'F') || ('a' <= lookahead && lookahead <= 'f')
p_5cb88156e906b5cd5817,zig,ts_lex,22,OR,,,('0' <= lookahead && lookahead <= '9') || ('A' <= lookahead && lookahead <= 'F') || ('a' <= lookahead && lookahead <= 'f')
p_4f8b31892fd3b2924973,zig,ts_lex,0,PUSH_LOOKAHEAD,,,lookahead == '+' || lookahead == '-'
p_4f8b31892fd3b2924973,zig,ts_lex,1,PUSH_INT,43,,lookahead == '+' || lookahead == '-'
p_4f8b31892fd3b2924973,zig,ts_lex,2,CMP_EQ,,,lookahead == '+' || lookahead == '-'
p_4f8b31892fd3b2924973,zig,ts_lex,3,PUSH_LOOKAHEAD,,,lookahead == '+' || lookahead == '-'
p_4f8b31892fd3b2924973,zig,ts_lex,4,PUSH_INT,45,,lookahead == '+' || lookahead == '-'
p_4f8b31892fd3b2924973,zig,ts_lex,5,CMP_EQ,,,lookahead == '+' || lookahead == '-'
p_4f8b31892fd3b2924973,zig,ts_lex,6,OR,,,lookahead == '+' || lookahead == '-'
p_2595e0e71d95d40487f3,zig,ts_lex,0,PUSH_LOOKAHEAD,,,lookahead == '0' || lookahead == '1'
p_2595e0e71d95d40487f3,zig,ts_lex,1,PUSH_INT,48,,lookahead == '0' || lookahead == '1'
p_2595e0e71d95d40487f3,zig,ts_lex,2,CMP_EQ,,,lookahead == '0' || lookahead == '1'
p_2595e0e71d95d40487f3,zig,ts_lex,3,PUSH_LOOKAHEAD,,,lookahead == '0' || lookahead == '1'
p_2595e0e71d95d40487f3,zig,ts_lex,4,PUSH_INT,49,,lookahead == '0' || lookahead == '1'
p_2595e0e71d95d40487f3,zig,ts_lex,5,CMP_EQ,,,lookahead == '0' || lookahead == '1'
p_2595e0e71d95d40487f3,zig,ts_lex,6,OR,,,lookahead == '0' || lookahead == '1'
p_0b25116e68614854bdc5,zig,ts_lex,0,PUSH_INT,48,,('0' <= lookahead && lookahead <= '7')
p_0b25116e68614854bdc5,zig,ts_lex,1,PUSH_LOOKAHEAD,,,('0' <= lookahead && lookahead <= '7')
p_0b25116e68614854bdc5,zig,ts_lex,2,CMP_LE,,,('0' <= lookahead && lookahead <= '7')
p_0b25116e68614854bdc5,zig,ts_lex,3,PUSH_LOOKAHEAD,,,('0' <= lookahead && lookahead <= '7')
p_0b25116e68614854bdc5,zig,ts_lex,4,PUSH_INT,55,,('0' <= lookahead && lookahead <= '7')
p_0b25116e68614854bdc5,zig,ts_lex,5,CMP_LE,,,('0' <= lookahead && lookahead <= '7')
p_0b25116e68614854bdc5,zig,ts_lex,6,AND,,,('0' <= lookahead && lookahead <= '7')
p_9ade0d567e3aef9680be,zig,ts_lex,0,PUSH_LOOKAHEAD,,,lookahead == '='
p_9ade0d567e3aef9680be,zig,ts_lex,1,PUSH_INT,61,,lookahead == '='
p_9ade0d567e3aef9680be,zig,ts_lex,2,CMP_EQ,,,lookahead == '='
p_7aae16e776e32b75b16a,zig,ts_lex,0,PUSH_LOOKAHEAD,,,lookahead == '>'
p_7aae16e776e32b75b16a,zig,ts_lex,1,PUSH_INT,62,,lookahead == '>'
p_7aae16e776e32b75b16a,zig,ts_lex,2,CMP_EQ,,,lookahead == '>'
p_a83571a6c54f9e925460,zig,ts_lex,0,PUSH_LOOKAHEAD,,,lookahead == '|'
p_a83571a6c54f9e925460,zig,ts_lex,1,PUSH_INT,124,,lookahead == '|'
p_a83571a6c54f9e925460,zig,ts_lex,2,CMP_EQ,,,lookahead == '|'
p_a6c133e6c6f383fd1140,zig,ts_lex,0,PUSH_LOOKAHEAD,,,lookahead == '%'
p_a6c133e6c6f383fd1140,zig,ts_lex,1,PUSH_INT,37,,lookahead == '%'
p_a6c133e6c6f383fd1140,zig,ts_lex,2,CMP_EQ,,,lookahead == '%'
p_246e501fafc873ed6a89,zig,ts_lex,0,PUSH_LOOKAHEAD,,,lookahead == '*'
p_246e501fafc873ed6a89,zig,ts_lex,1,PUSH_INT,42,,lookahead == '*'
p_246e501fafc873ed6a89,zig,ts_lex,2,CMP_EQ,,,lookahead == '*'
p_72e100412b8168e4634d,zig,ts_lex,0,PUSH_LOOKAHEAD,,,lookahead == '<'
p_72e100412b8168e4634d,zig,ts_lex,1,PUSH_INT,60,,lookahead == '<'
p_72e100412b8168e4634d,zig,ts_lex,2,CMP_EQ,,,lookahead == '<'
p_20e18850ed9ab00d805e,zig,ts_lex,0,PUSH_LOOKAHEAD,,,lookahead == '+'
p_20e18850ed9ab00d805e,zig,ts_lex,1,PUSH_INT,43,,lookahead == '+'
p_20e18850ed9ab00d805e,zig,ts_lex,2,CMP_EQ,,,lookahead == '+'
p_4d24b1335a3c0a3ca2e7,zig,ts_lex,0,PUSH_LOOKAHEAD,,,lookahead == '?'
p_4d24b1335a3c0a3ca2e7,zig,ts_lex,1,PUSH_INT,63,,lookahead == '?'
p_4d24b1335a3c0a3ca2e7,zig,ts_lex,2,CMP_EQ,,,lookahead == '?'
p_650e04ba3f548d5b1329,zig,ts_lex,0,PUSH_LOOKAHEAD,,,lookahead == '\t' || (0x0b <= lookahead && lookahead <= '\r') || lookahead == ' '
p_650e04ba3f548d5b1329,zig,ts_lex,1,PUSH_INT,9,,lookahead == '\t' || (0x0b <= lookahead && lookahead <= '\r') || lookahead == ' '
p_650e04ba3f548d5b1329,zig,ts_lex,2,CMP_EQ,,,lookahead == '\t' || (0x0b <= lookahead && lookahead <= '\r') || lookahead == ' '
p_650e04ba3f548d5b1329,zig,ts_lex,3,PUSH_INT,11,,lookahead == '\t' || (0x0b <= lookahead && lookahead <= '\r') || lookahead == ' '
p_650e04ba3f548d5b1329,zig,ts_lex,4,PUSH_LOOKAHEAD,,,lookahead == '\t' || (0x0b <= lookahead && lookahead <= '\r') || lookahead == ' '
p_650e04ba3f548d5b1329,zig,ts_lex,5,CMP_LE,,,lookahead == '\t' || (0x0b <= lookahead && lookahead <= '\r') || lookahead == ' '
p_650e04ba3f548d5b1329,zig,ts_lex,6,PUSH_LOOKAHEAD,,,lookahead == '\t' || (0x0b <= lookahead && lookahead <= '\r') || lookahead == ' '
p_650e04ba3f548d5b1329,zig,ts_lex,7,PUSH_INT,13,,lookahead == '\t' || (0x0b <= lookahead && lookahead <= '\r') || lookahead == ' '
p_650e04ba3f548d5b1329,zig,ts_lex,8,CMP_LE,,,lookahead == '\t' || (0x0b <= lookahead && lookahead <= '\r') || lookahead == ' '
p_650e04ba3f548d5b1329,zig,ts_lex,9,AND,,,lookahead == '\t' || (0x0b <= lookahead && lookahead <= '\r') || lookahead == ' '
p_650e04ba3f548d5b1329,zig,ts_lex,10,OR,,,lookahead == '\t' || (0x0b <= lookahead && lookahead <= '\r') || lookahead == ' '
p_650e04ba3f548d5b1329,zig,ts_lex,11,PUSH_LOOKAHEAD,,,lookahead == '\t' || (0x0b <= lookahead && lookahead <= '\r') || lookahead == ' '
p_650e04ba3f548d5b1329,zig,ts_lex,12,PUSH_INT,32,,lookahead == '\t' || (0x0b <= lookahead && lookahead <= '\r') || lookahead == ' '
p_650e04ba3f548d5b1329,zig,ts_lex,13,CMP_EQ,,,lookahead == '\t' || (0x0b <= lookahead && lookahead <= '\r') || lookahead == ' '
p_650e04ba3f548d5b1329,zig,ts_lex,14,OR,,,lookahead == '\t' || (0x0b <= lookahead && lookahead <= '\r') || lookahead == ' '
p_f1f84cc5f3acaae8f3a3,zig,ts_lex,0,PUSH_LOOKAHEAD,,,"lookahead != 0 && (lookahead < '\t' || '\r' < lookahead) && lookahead != '""' && lookahead != '\\'"
p_f1f84cc5f3acaae8f3a3,zig,ts_lex,1,PUSH_INT,0,,"lookahead != 0 && (lookahead < '\t' || '\r' < lookahead) && lookahead != '""' && lookahead != '\\'"
p_f1f84cc5f3acaae8f3a3,zig,ts_lex,2,CMP_NE,,,"lookahead != 0 && (lookahead < '\t' || '\r' < lookahead) && lookahead != '""' && lookahead != '\\'"
p_f1f84cc5f3acaae8f3a3,zig,ts_lex,3,PUSH_LOOKAHEAD,,,"lookahead != 0 && (lookahead < '\t' || '\r' < lookahead) && lookahead != '""' && lookahead != '\\'"
p_f1f84cc5f3acaae8f3a3,zig,ts_lex,4,PUSH_INT,9,,"lookahead != 0 && (lookahead < '\t' || '\r' < lookahead) && lookahead != '""' && lookahead != '\\'"
p_f1f84cc5f3acaae8f3a3,zig,ts_lex,5,CMP_LT,,,"lookahead != 0 && (lookahead < '\t' || '\r' < lookahead) && lookahead != '""' && lookahead != '\\'"
p_f1f84cc5f3acaae8f3a3,zig,ts_lex,6,PUSH_INT,13,,"lookahead != 0 && (lookahead < '\t' || '\r' < lookahead) && lookahead != '""' && lookahead != '\\'"
p_f1f84cc5f3acaae8f3a3,zig,ts_lex,7,PUSH_LOOKAHEAD,,,"lookahead != 0 && (lookahead < '\t' || '\r' < lookahead) && lookahead != '""' && lookahead != '\\'"
p_f1f84cc5f3acaae8f3a3,zig,ts_lex,8,CMP_LT,,,"lookahead != 0 && (lookahead < '\t' || '\r' < lookahead) && lookahead != '""' && lookahead != '\\'"
p_f1f84cc5f3acaae8f3a3,zig,ts_lex,9,OR,,,"lookahead != 0 && (lookahead < '\t' || '\r' < lookahead) && lookahead != '""' && lookahead != '\\'"
p_f1f84cc5f3acaae8f3a3,zig,ts_lex,10,AND,,,"lookahead != 0 && (lookahead < '\t' || '\r' < lookahead) && lookahead != '""' && lookahead != '\\'"
p_f1f84cc5f3acaae8f3a3,zig,ts_lex,11,PUSH_LOOKAHEAD,,,"lookahead != 0 && (lookahead < '\t' || '\r' < lookahead) && lookahead != '""' && lookahead != '\\'"
p_f1f84cc5f3acaae8f3a3,zig,ts_lex,12,PUSH_INT,34,,"lookahead != 0 && (lookahead < '\t' || '\r' < lookahead) && lookahead != '""' && lookahead != '\\'"
p_f1f84cc5f3acaae8f3a3,zig,ts_lex,13,CMP_NE,,,"lookahead != 0 && (lookahead < '\t' || '\r' < lookahead) && lookahead != '""' && lookahead != '\\'"
p_f1f84cc5f3acaae8f3a3,zig,ts_lex,14,AND,,,"lookahead != 0 && (lookahead < '\t' || '\r' < lookahead) && lookahead != '""' && lookahead != '\\'"
p_f1f84cc5f3acaae8f3a3,zig,ts_lex,15,PUSH_LOOKAHEAD,,,"lookahead != 0 && (lookahead < '\t' || '\r' < lookahead) && lookahead != '""' && lookahead != '\\'"
p_f1f84cc5f3acaae8f3a3,zig,ts_lex,16,PUSH_INT,92,,"lookahead != 0 && (lookahead < '\t' || '\r' < lookahead) && lookahead != '""' && lookahead != '\\'"
p_f1f84cc5f3acaae8f3a3,zig,ts_lex,17,CMP_NE,,,"lookahead != 0 && (lookahead < '\t' || '\r' < lookahead) && lookahead != '""' && lookahead != '\\'"
p_f1f84cc5f3acaae8f3a3,zig,ts_lex,18,AND,,,"lookahead != 0 && (lookahead < '\t' || '\r' < lookahead) && lookahead != '""' && lookahead != '\\'"
p_cf8b2ad48090e9c96f65,zig,ts_lex,0,PUSH_LOOKAHEAD,,,"lookahead != 0 && lookahead != '\n' && lookahead != '""' && lookahead != '\\'"
p_cf8b2ad48090e9c96f65,zig,ts_lex,1,PUSH_INT,0,,"lookahead != 0 && lookahead != '\n' && lookahead != '""' && lookahead != '\\'"
p_cf8b2ad48090e9c96f65,zig,ts_lex,2,CMP_NE,,,"lookahead != 0 && lookahead != '\n' && lookahead != '""' && lookahead != '\\'"
p_cf8b2ad48090e9c96f65,zig,ts_lex,3,PUSH_LOOKAHEAD,,,"lookahead != 0 && lookahead != '\n' && lookahead != '""' && lookahead != '\\'"
p_cf8b2ad48090e9c96f65,zig,ts_lex,4,PUSH_INT,10,,"lookahead != 0 && lookahead != '\n' && lookahead != '""' && lookahead != '\\'"
p_cf8b2ad48090e9c96f65,zig,ts_lex,5,CMP_NE,,,"lookahead != 0 && lookahead != '\n' && lookahead != '""' && lookahead != '\\'"
p_cf8b2ad48090e9c96f65,zig,ts_lex,6,AND,,,"lookahead != 0 && lookahead != '\n' && lookahead != '""' && lookahead != '\\'"
p_cf8b2ad48090e9c96f65,zig,ts_lex,7,PUSH_LOOKAHEAD,,,"lookahead != 0 && lookahead != '\n' && lookahead != '""' && lookahead != '\\'"
p_cf8b2ad48090e9c96f65,zig,ts_lex,8,PUSH_INT,34,,"lookahead != 0 && lookahead != '\n' && lookahead != '""' && lookahead != '\\'"
p_cf8b2ad48090e9c96f65,zig,ts_lex,9,CMP_NE,,,"lookahead != 0 && lookahead != '\n' && lookahead != '""' && lookahead != '\\'"
p_cf8b2ad48090e9c96f65,zig,ts_lex,10,AND,,,"lookahead != 0 && lookahead != '\n' && lookahead != '""' && lookahead != '\\'"
p_cf8b2ad48090e9c96f65,zig,ts_lex,11,PUSH_LOOKAHEAD,,,"lookahead != 0 && lookahead != '\n' && lookahead != '""' && lookahead != '\\'"
p_cf8b2ad48090e9c96f65,zig,ts_lex,12,PUSH_INT,92,,"lookahead != 0 && lookahead != '\n' && lookahead != '""' && lookahead != '\\'"
p_cf8b2ad48090e9c96f65,zig,ts_lex,13,CMP_NE,,,"lookahead != 0 && lookahead != '\n' && lookahead != '""' && lookahead != '\\'"
p_cf8b2ad48090e9c96f65,zig,ts_lex,14,AND,,,"lookahead != 0 && lookahead != '\n' && lookahead != '""' && lookahead != '\\'"
p_37255eca52d307ea81c0,zig,ts_lex,0,PUSH_LOOKAHEAD,,,lookahead != 0 && lookahead != '\n'
p_37255eca52d307ea81c0,zig,ts_lex,1,PUSH_INT,0,,lookahead != 0 && lookahead != '\n'
p_37255eca52d307ea81c0,zig,ts_lex,2,CMP_NE,,,lookahead != 0 && lookahead != '\n'
p_37255eca52d307ea81c0,zig,ts_lex,3,PUSH_LOOKAHEAD,,,lookahead != 0 && lookahead != '\n'
p_37255eca52d307ea81c0,zig,ts_lex,4,PUSH_INT,10,,lookahead != 0 && lookahead != '\n'
p_37255eca52d307ea81c0,zig,ts_lex,5,CMP_NE,,,lookahead != 0 && lookahead != '\n'
p_37255eca52d307ea81c0,zig,ts_lex,6,AND,,,lookahead != 0 && lookahead != '\n'
p_dab6b7f76133e361cdcd,zig,ts_lex,0,PUSH_LOOKAHEAD,,,lookahead != 0 && (lookahead < '\t' || '\r' < lookahead) && lookahead != '\''
p_dab6b7f76133e361cdcd,zig,ts_lex,1,PUSH_INT,0,,lookahead != 0 && (lookahead < '\t' || '\r' < lookahead) && lookahead != '\''
p_dab6b7f76133e361cdcd,zig,ts_lex,2,CMP_NE,,,lookahead != 0 && (lookahead < '\t' || '\r' < lookahead) && lookahead != '\''
p_dab6b7f76133e361cdcd,zig,ts_lex,3,PUSH_LOOKAHEAD,,,lookahead != 0 && (lookahead < '\t' || '\r' < lookahead) && lookahead != '\''
p_dab6b7f76133e361cdcd,zig,ts_lex,4,PUSH_INT,9,,lookahead != 0 && (lookahead < '\t' || '\r' < lookahead) && lookahead != '\''
p_dab6b7f76133e361cdcd,zig,ts_lex,5,CMP_LT,,,lookahead != 0 && (lookahead < '\t' || '\r' < lookahead) && lookahead != '\''
p_dab6b7f76133e361cdcd,zig,ts_lex,6,PUSH_INT,13,,lookahead != 0 && (lookahead < '\t' || '\r' < lookahead) && lookahead != '\''
p_dab6b7f76133e361cdcd,zig,ts_lex,7,PUSH_LOOKAHEAD,,,lookahead != 0 && (lookahead < '\t' || '\r' < lookahead) && lookahead != '\''
p_dab6b7f76133e361cdcd,zig,ts_lex,8,CMP_LT,,,lookahead != 0 && (lookahead < '\t' || '\r' < lookahead) && lookahead != '\''
p_dab6b7f76133e361cdcd,zig,ts_lex,9,OR,,,lookahead != 0 && (lookahead < '\t' || '\r' < lookahead) && lookahead != '\''
p_dab6b7f76133e361cdcd,zig,ts_lex,10,AND,,,lookahead != 0 && (lookahead < '\t' || '\r' < lookahead) && lookahead != '\''
p_dab6b7f76133e361cdcd,zig,ts_lex,11,PUSH_LOOKAHEAD,,,lookahead != 0 && (lookahead < '\t' || '\r' < lookahead) && lookahead != '\''
p_dab6b7f76133e361cdcd,zig,ts_lex,12,PUSH_INT,39,,lookahead != 0 && (lookahead < '\t' || '\r' < lookahead) && lookahead != '\''
p_dab6b7f76133e361cdcd,zig,ts_lex,13,CMP_NE,,,lookahead != 0 && (lookahead < '\t' || '\r' < lookahead) && lookahead != '\''
p_dab6b7f76133e361cdcd,zig,ts_lex,14,AND,,,lookahead != 0 && (lookahead < '\t' || '\r' < lookahead) && lookahead != '\''
p_4c415e39cce4d62941e0,zig,ts_lex,0,PUSH_LOOKAHEAD,,,lookahead == '_'
p_4c415e39cce4d62941e0,zig,ts_lex,1,PUSH_INT,95,,lookahead == '_'
p_4c415e39cce4d62941e0,zig,ts_lex,2,CMP_EQ,,,lookahead == '_'
p_ea9c7b1aacdd4cc43355,zig,ts_lex,0,PUSH_LOOKAHEAD,,,lookahead == 'b'
p_ea9c7b1aacdd4cc43355,zig,ts_lex,1,PUSH_INT,98,,lookahead == 'b'
p_ea9c7b1aacdd4cc43355,zig,ts_lex,2,CMP_EQ,,,lookahead == 'b'
p_68513d7beb883b6c793c,zig,ts_lex,0,PUSH_LOOKAHEAD,,,lookahead == 'o'
p_68513d7beb883b6c793c,zig,ts_lex,1,PUSH_INT,111,,lookahead == 'o'
p_68513d7beb883b6c793c,zig,ts_lex,2,CMP_EQ,,,lookahead == 'o'
p_8ed9f69d0974e8684f78,zig,ts_lex,0,PUSH_LOOKAHEAD,,,lookahead == 'E' || lookahead == 'e'
p_8ed9f69d0974e8684f78,zig,ts_lex,1,PUSH_INT,69,,lookahead == 'E' || lookahead == 'e'
p_8ed9f69d0974e8684f78,zig,ts_lex,2,CMP_EQ,,,lookahead == 'E' || lookahead == 'e'
p_8ed9f69d0974e8684f78,zig,ts_lex,3,PUSH_LOOKAHEAD,,,lookahead == 'E' || lookahead == 'e'
p_8ed9f69d0974e8684f78,zig,ts_lex,4,PUSH_INT,101,,lookahead == 'E' || lookahead == 'e'
p_8ed9f69d0974e8684f78,zig,ts_lex,5,CMP_EQ,,,lookahead == 'E' || lookahead == 'e'
p_8ed9f69d0974e8684f78,zig,ts_lex,6,OR,,,lookahead == 'E' || lookahead == 'e'
p_8c7e38f3b9989071fa65,zig,ts_lex,0,PUSH_LOOKAHEAD,,,lookahead == 'P' || lookahead == 'p'
p_8c7e38f3b9989071fa65,zig,ts_lex,1,PUSH_INT,80,,lookahead == 'P' || lookahead == 'p'
p_8c7e38f3b9989071fa65,zig,ts_lex,2,CMP_EQ,,,lookahead == 'P' || lookahead == 'p'
p_8c7e38f3b9989071fa65,zig,ts_lex,3,PUSH_LOOKAHEAD,,,lookahead == 'P' || lookahead == 'p'
p_8c7e38f3b9989071fa65,zig,ts_lex,4,PUSH_INT,112,,lookahead == 'P' || lookahead == 'p'
p_8c7e38f3b9989071fa65,zig,ts_lex,5,CMP_EQ,,,lookahead == 'P' || lookahead == 'p'
p_8c7e38f3b9989071fa65,zig,ts_lex,6,OR,,,lookahead == 'P' || lookahead == 'p'
p_ec2124ff90961966ca5e,zig,ts_lex,0,PUSH_INT,48,,('0' <= lookahead && lookahead <= '9') || ('A' <= lookahead && lookahead <= 'Z') || lookahead == '_' || ('a' <= lookahead && lookahead <= 'z')
p_ec2124ff90961966ca5e,zig,ts_lex,1,PUSH_LOOKAHEAD,,,('0' <= lookahead && lookahead <= '9') || ('A' <= lookahead && lookahead <= 'Z') || lookahead == '_' || ('a' <= lookahead && lookahead <= 'z')
p_ec2124ff90961966ca5e,zig,ts_lex,2,CMP_LE,,,('0' <= lookahead && lookahead <= '9') || ('A' <= lookahead && lookahead <= 'Z') || lookahead == '_' || ('a' <= lookahead && lookahead <= 'z')
p_ec2124ff90961966ca5e,zig,ts_lex,3,PUSH_LOOKAHEAD,,,('0' <= lookahead && lookahead <= '9') || ('A' <= lookahead && lookahead <= 'Z') || lookahead == '_' || ('a' <= lookahead && lookahead <= 'z')
p_ec2124ff90961966ca5e,zig,ts_lex,4,PUSH_INT,57,,('0' <= lookahead && lookahead <= '9') || ('A' <= lookahead && lookahead <= 'Z') || lookahead == '_' || ('a' <= lookahead && lookahead <= 'z')
p_ec2124ff90961966ca5e,zig,ts_lex,5,CMP_LE,,,('0' <= lookahead && lookahead <= '9') || ('A' <= lookahead && lookahead <= 'Z') || lookahead == '_' || ('a' <= lookahead && lookahead <= 'z')
p_ec2124ff90961966ca5e,zig,ts_lex,6,AND,,,('0' <= lookahead && lookahead <= '9') || ('A' <= lookahead && lookahead <= 'Z') || lookahead == '_' || ('a' <= lookahead && lookahead <= 'z')
p_ec2124ff90961966ca5e,zig,ts_lex,7,PUSH_INT,65,,('0' <= lookahead && lookahead <= '9') || ('A' <= lookahead && lookahead <= 'Z') || lookahead == '_' || ('a' <= lookahead && lookahead <= 'z')
p_ec2124ff90961966ca5e,zig,ts_lex,8,PUSH_LOOKAHEAD,,,('0' <= lookahead && lookahead <= '9') || ('A' <= lookahead && lookahead <= 'Z') || lookahead == '_' || ('a' <= lookahead && lookahead <= 'z')
p_ec2124ff90961966ca5e,zig,ts_lex,9,CMP_LE,,,('0' <= lookahead && lookahead <= '9') || ('A' <= lookahead && lookahead <= 'Z') || lookahead == '_' || ('a' <= lookahead && lookahead <= 'z')
p_ec2124ff90961966ca5e,zig,ts_lex,10,PUSH_LOOKAHEAD,,,('0' <= lookahead && lookahead <= '9') || ('A' <= lookahead && lookahead <= 'Z') || lookahead == '_' || ('a' <= lookahead && lookahead <= 'z')
p_ec2124ff90961966ca5e,zig,ts_lex,11,PUSH_INT,90,,('0' <= lookahead && lookahead <= '9') || ('A' <= lookahead && lookahead <= 'Z') || lookahead == '_' || ('a' <= lookahead && lookahead <= 'z')
p_ec2124ff90961966ca5e,zig,ts_lex,12,CMP_LE,,,('0' <= lookahead && lookahead <= '9') || ('A' <= lookahead && lookahead <= 'Z') || lookahead == '_' || ('a' <= lookahead && lookahead <= 'z')
p_ec2124ff90961966ca5e,zig,ts_lex,13,AND,,,('0' <= lookahead && lookahead <= '9') || ('A' <= lookahead && lookahead <= 'Z') || lookahead == '_' || ('a' <= lookahead && lookahead <= 'z')
p_ec2124ff90961966ca5e,zig,ts_lex,14,OR,,,('0' <= lookahead && lookahead <= '9') || ('A' <= lookahead && lookahead <= 'Z') || lookahead == '_' || ('a' <= lookahead && lookahead <= 'z')
p_ec2124ff90961966ca5e,zig,ts_lex,15,PUSH_LOOKAHEAD,,,('0' <= lookahead && lookahead <= '9') || ('A' <= lookahead && lookahead <= 'Z') || lookahead == '_' || ('a' <= lookahead && lookahead <= 'z')
p_ec2124ff90961966ca5e,zig,ts_lex,16,PUSH_INT,95,,('0' <= lookahead && lookahead <= '9') || ('A' <= lookahead && lookahead <= 'Z') || lookahead == '_' || ('a' <= lookahead && lookahead <= 'z')
p_ec2124ff90961966ca5e,zig,ts_lex,17,CMP_EQ,,,('0' <= lookahead && lookahead <= '9') || ('A' <= lookahead && lookahead <= 'Z') || lookahead == '_' || ('a' <= lookahead && lookahead <= 'z')
p_ec2124ff90961966ca5e,zig,ts_lex,18,OR,,,('0' <= lookahead && lookahead <= '9') || ('A' <= lookahead && lookahead <= 'Z') || lookahead == '_' || ('a' <= lookahead && lookahead <= 'z')
p_ec2124ff90961966ca5e,zig,ts_lex,19,PUSH_INT,97,,('0' <= lookahead && lookahead <= '9') || ('A' <= lookahead && lookahead <= 'Z') || lookahead == '_' || ('a' <= lookahead && lookahead <= 'z')
p_ec2124ff90961966ca5e,zig,ts_lex,20,PUSH_LOOKAHEAD,,,('0' <= lookahead && lookahead <= '9') || ('A' <= lookahead && lookahead <= 'Z') || lookahead == '_' || ('a' <= lookahead && lookahead <= 'z')
p_ec2124ff90961966ca5e,zig,ts_lex,21,CMP_LE,,,('0' <= lookahead && lookahead <= '9') || ('A' <= lookahead && lookahead <= 'Z') || lookahead == '_' || ('a' <= lookahead && lookahead <= 'z')
p_ec2124ff90961966ca5e,zig,ts_lex,22,PUSH_LOOKAHEAD,,,('0' <= lookahead && lookahead <= '9') || ('A' <= lookahead && lookahead <= 'Z') || lookahead == '_' || ('a' <= lookahead && lookahead <= 'z')
p_ec2124ff90961966ca5e,zig,ts_lex,23,PUSH_INT,122,,('0' <= lookahead && lookahead <= '9') || ('A' <= lookahead && lookahead <= 'Z') || lookahead == '_' || ('a' <= lookahead && lookahead <= 'z')
p_ec2124ff90961966ca5e,zig,ts_lex,24,CMP_LE,,,('0' <= lookahead && lookahead <= '9') || ('A' <= lookahead && lookahead <= 'Z') || lookahead == '_' || ('a' <= lookahead && lookahead <= 'z')
p_ec2124ff90961966ca5e,zig,ts_lex,25,AND,,,('0' <= lookahead && lookahead <= '9') || ('A' <= lookahead && lookahead <= 'Z') || lookahead == '_' || ('a' <= lookahead && lookahead <= 'z')
p_ec2124ff90961966ca5e,zig,ts_lex,26,OR,,,('0' <= lookahead && lookahead <= '9') || ('A' <= lookahead && lookahead <= 'Z') || lookahead == '_' || ('a' <= lookahead && lookahead <= 'z')
p_1e4695dd6cfd6b7c8a86,zig,ts_lex_keywords,0,PUSH_INT,9,,('\t' <= lookahead && lookahead <= '\r') || lookahead == ' '
p_1e4695dd6cfd6b7c8a86,zig,ts_lex_keywords,1,PUSH_LOOKAHEAD,,,('\t' <= lookahead && lookahead <= '\r') || lookahead == ' '
p_1e4695dd6cfd6b7c8a86,zig,ts_lex_keywords,2,CMP_LE,,,('\t' <= lookahead && lookahead <= '\r') || lookahead == ' '
p_1e4695dd6cfd6b7c8a86,zig,ts_lex_keywords,3,PUSH_LOOKAHEAD,,,('\t' <= lookahead && lookahead <= '\r') || lookahead == ' '
p_1e4695dd6cfd6b7c8a86,zig,ts_lex_keywords,4,PUSH_INT,13,,('\t' <= lookahead && lookahead <= '\r') || lookahead == ' '
p_1e4695dd6cfd6b7c8a86,zig,ts_lex_keywords,5,CMP_LE,,,('\t' <= lookahead && lookahead <= '\r') || lookahead == ' '
p_1e4695dd6cfd6b7c8a86,zig,ts_lex_keywords,6,AND,,,('\t' <= lookahead && lookahead <= '\r') || lookahead == ' '
p_1e4695dd6cfd6b7c8a86,zig,ts_lex_keywords,7,PUSH_LOOKAHEAD,,,('\t' <= lookahead && lookahead <= '\r') || lookahead == ' '
p_1e4695dd6cfd6b7c8a86,zig,ts_lex_keywords,8,PUSH_INT,32,,('\t' <= lookahead && lookahead <= '\r') || lookahead == ' '
p_1e4695dd6cfd6b7c8a86,zig,ts_lex_keywords,9,CMP_EQ,,,('\t' <= lookahead && lookahead <= '\r') || lookahead == ' '
p_1e4695dd6cfd6b7c8a86,zig,ts_lex_keywords,10,OR,,,('\t' <= lookahead && lookahead <= '\r') || lookahead == ' '
p_74b5b172961a78e203fd,zig,ts_lex_keywords,0,PUSH_LOOKAHEAD,,,lookahead == 97
p_74b5b172961a78e203fd,zig,ts_lex_keywords,1,PUSH_INT,97,,lookahead == 97
p_74b5b172961a78e203fd,zig,ts_lex_keywords,2,CMP_EQ,,,lookahead == 97
p_ce82dca4a5b1e292beb6,zig,ts_lex_keywords,0,PUSH_LOOKAHEAD,,,lookahead == 98
p_ce82dca4a5b1e292beb6,zig,ts_lex_keywords,1,PUSH_INT,98,,lookahead == 98
p_ce82dca4a5b1e292beb6,zig,ts_lex_keywords,2,CMP_EQ,,,lookahead == 98
p_d8b69203abe1d55e1376,zig,ts_lex_keywords,0,PUSH_LOOKAHEAD,,,lookahead == 99
p_d8b69203abe1d55e1376,zig,ts_lex_keywords,1,PUSH_INT,99,,lookahead == 99
p_d8b69203abe1d55e1376,zig,ts_lex_keywords,2,CMP_EQ,,,lookahead == 99
p_8fb45ec2553f445c6630,zig,ts_lex_keywords,0,PUSH_LOOKAHEAD,,,lookahead == 100
p_8fb45ec2553f445c6630,zig,ts_lex_keywords,1,PUSH_INT,100,,lookahead == 100
p_8fb45ec2553f445c6630,zig,ts_lex_keywords,2,CMP_EQ,,,lookahead == 100
p_9d50193916d84362f3e8,zig,ts_lex_keywords,0,PUSH_LOOKAHEAD,,,lookahead == 101
p_9d50193916d84362f3e8,zig,ts_lex_keywords,1,PUSH_INT,101,,lookahead == 101
p_9d50193916d84362f3e8,zig,ts_lex_keywords,2,CMP_EQ,,,lookahead == 101
p_816dd463a12ffe0e03e8,zig,ts_lex_keywords,0,PUSH_LOOKAHEAD,,,lookahead == 102
p_816dd463a12ffe0e03e8,zig,ts_lex_keywords,1,PUSH_INT,102,,lookahead == 102
p_816dd463a12ffe0e03e8,zig,ts_lex_keywords,2,CMP_EQ,,,lookahead == 102
p_ca8b675725c1cf8fd098,zig,ts_lex_keywords,0,PUSH_LOOKAHEAD,,,lookahead == 105
p_ca8b675725c1cf8fd098,zig,ts_lex_keywords,1,PUSH_INT,105,,lookahead == 105
p_ca8b675725c1cf8fd098,zig,ts_lex_keywords,2,CMP_EQ,,,lookahead == 105
p_7d1ffd4f83b5497dbd3c,zig,ts_lex_keywords,0,PUSH_LOOKAHEAD,,,lookahead == 108
p_7d1ffd4f83b5497dbd3c,zig,ts_lex_keywords,1,PUSH_INT,108,,lookahead == 108
p_7d1ffd4f83b5497dbd3c,zig,ts_lex_keywords,2,CMP_EQ,,,lookahead == 108
p_cc3682f92bcf188d7cfc,zig,ts_lex_keywords,0,PUSH_LOOKAHEAD,,,lookahead == 110
p_cc3682f92bcf188d7cfc,zig,ts_lex_keywords,1,PUSH_INT,110,,lookahead == 110
p_cc3682f92bcf188d7cfc,zig,ts_lex_keywords,2,CMP_EQ,,,lookahead == 110
p_53b6c578b4ff79d0d38d,zig,ts_lex_keywords,0,PUSH_LOOKAHEAD,,,lookahead == 111
p_53b6c578b4ff79d0d38d,zig,ts_lex_keywords,1,PUSH_INT,111,,lookahead == 111
p_53b6c578b4ff79d0d38d,zig,ts_lex_keywords,2,CMP_EQ,,,lookahead == 111
p_4fcd8d5214c781118514,zig,ts_lex_keywords,0,PUSH_LOOKAHEAD,,,lookahead == 112
p_4fcd8d5214c781118514,zig,ts_lex_keywords,1,PUSH_INT,112,,lookahead == 112
p_4fcd8d5214c781118514,zig,ts_lex_keywords,2,CMP_EQ,,,lookahead == 112
p_8b713546aead3527504d,zig,ts_lex_keywords,0,PUSH_LOOKAHEAD,,,lookahead == 114
p_8b713546aead3527504d,zig,ts_lex_keywords,1,PUSH_INT,114,,lookahead == 114
p_8b713546aead3527504d,zig,ts_lex_keywords,2,CMP_EQ,,,lookahead == 114
p_f985d3ebe38bfb645346,zig,ts_lex_keywords,0,PUSH_LOOKAHEAD,,,lookahead == 115
p_f985d3ebe38bfb645346,zig,ts_lex_keywords,1,PUSH_INT,115,,lookahead == 115
p_f985d3ebe38bfb645346,zig,ts_lex_keywords,2,CMP_EQ,,,lookahead == 115
p_14f11a7ae210f9a06092,zig,ts_lex_keywords,0,PUSH_LOOKAHEAD,,,lookahead == 116
p_14f11a7ae210f9a06092,zig,ts_lex_keywords,1,PUSH_INT,116,,lookahead == 116
p_14f11a7ae210f9a06092,zig,ts_lex_keywords,2,CMP_EQ,,,lookahead == 116
p_c6d159eaab5e258e9d5e,zig,ts_lex_keywords,0,PUSH_LOOKAHEAD,,,lookahead == 117
p_c6d159eaab5e258e9d5e,zig,ts_lex_keywords,1,PUSH_INT,117,,lookahead == 117
p_c6d159eaab5e258e9d5e,zig,ts_lex_keywords,2,CMP_EQ,,,lookahead == 117
p_145b62f22a10de67a902,zig,ts_lex_keywords,0,PUSH_LOOKAHEAD,,,lookahead == 118
p_145b62f22a10de67a902,zig,ts_lex_keywords,1,PUSH_INT,118,,lookahead == 118
p_145b62f22a10de67a902,zig,ts_lex_keywords,2,CMP_EQ,,,lookahead == 118
p_ebe5790ae39b3ef316ea,zig,ts_lex_keywords,0,PUSH_LOOKAHEAD,,,lookahead == 119
p_ebe5790ae39b3ef316ea,zig,ts_lex_keywords,1,PUSH_INT,119,,lookahead == 119
p_ebe5790ae39b3ef316ea,zig,ts_lex_keywords,2,CMP_EQ,,,lookahead == 119
p_ed21e81a4c118391ae63,zig,ts_lex_keywords,0,PUSH_LOOKAHEAD,,,lookahead == 'd'
p_ed21e81a4c118391ae63,zig,ts_lex_keywords,1,PUSH_INT,100,,lookahead == 'd'
p_ed21e81a4c118391ae63,zig,ts_lex_keywords,2,CMP_EQ,,,lookahead == 'd'
p_2c9224f9844aac7f949b,zig,ts_lex_keywords,0,PUSH_LOOKAHEAD,,,lookahead == 'l'
p_2c9224f9844aac7f949b,zig,ts_lex_keywords,1,PUSH_INT,108,,lookahead == 'l'
p_2c9224f9844aac7f949b,zig,ts_lex_keywords,2,CMP_EQ,,,lookahead == 'l'
p_fc4ffc63488159c5eed2,zig,ts_lex_keywords,0,PUSH_LOOKAHEAD,,,lookahead == 'n'
p_fc4ffc63488159c5eed2,zig,ts_lex_keywords,1,PUSH_INT,110,,lookahead == 'n'
p_fc4ffc63488159c5eed2,zig,ts_lex_keywords,2,CMP_EQ,,,lookahead == 'n'
p_48d3f12e1aeff35de961,zig,ts_lex_keywords,0,PUSH_LOOKAHEAD,,,lookahead == 's'
p_48d3f12e1aeff35de961,zig,ts_lex_keywords,1,PUSH_INT,115,,lookahead == 's'
p_48d3f12e1aeff35de961,zig,ts_lex_keywords,2,CMP_EQ,,,lookahead == 's'
p_8b4debb3ff1cbbcd4c9c,zig,ts_lex_keywords,0,PUSH_LOOKAHEAD,,,lookahead == 'w'
p_8b4debb3ff1cbbcd4c9c,zig,ts_lex_keywords,1,PUSH_INT,119,,lookahead == 'w'
p_8b4debb3ff1cbbcd4c9c,zig,ts_lex_keywords,2,CMP_EQ,,,lookahead == 'w'
p_ad7d4f2ea7916ee60eab,zig,ts_lex_keywords,0,PUSH_LOOKAHEAD,,,lookahead == 'o'
p_ad7d4f2ea7916ee60eab,zig,ts_lex_keywords,1,PUSH_INT,111,,lookahead == 'o'
p_ad7d4f2ea7916ee60eab,zig,ts_lex_keywords,2,CMP_EQ,,,lookahead == 'o'
p_620773ccc38d4069ebfb,zig,ts_lex_keywords,0,PUSH_LOOKAHEAD,,,lookahead == 'r'
p_620773ccc38d4069ebfb,zig,ts_lex_keywords,1,PUSH_INT,114,,lookahead == 'r'
p_620773ccc38d4069ebfb,zig,ts_lex_keywords,2,CMP_EQ,,,lookahead == 'r'
p_202f51757ef1ca12a3f8,zig,ts_lex_keywords,0,PUSH_LOOKAHEAD,,,lookahead == '_'
p_202f51757ef1ca12a3f8,zig,ts_lex_keywords,1,PUSH_INT,95,,lookahead == '_'
p_202f51757ef1ca12a3f8,zig,ts_lex_keywords,2,CMP_EQ,,,lookahead == '_'
p_452f25a0ac78443a8d1b,zig,ts_lex_keywords,0,PUSH_LOOKAHEAD,,,lookahead == 'a'
p_452f25a0ac78443a8d1b,zig,ts_lex_keywords,1,PUSH_INT,97,,lookahead == 'a'
p_452f25a0ac78443a8d1b,zig,ts_lex_keywords,2,CMP_EQ,,,lookahead == 'a'
p_5b9e9b6e9671e079422f,zig,ts_lex_keywords,0,PUSH_LOOKAHEAD,,,lookahead == 'e'
p_5b9e9b6e9671e079422f,zig,ts_lex_keywords,1,PUSH_INT,101,,lookahead == 'e'
p_5b9e9b6e9671e079422f,zig,ts_lex_keywords,2,CMP_EQ,,,lookahead == 'e'
p_495481ab5897caddd12c,zig,ts_lex_keywords,0,PUSH_LOOKAHEAD,,,lookahead == 'x'
p_495481ab5897caddd12c,zig,ts_lex_keywords,1,PUSH_INT,120,,lookahead == 'x'
p_495481ab5897caddd12c,zig,ts_lex_keywords,2,CMP_EQ,,,lookahead == 'x'
p_4fbd4a83175de6c8cf1c,zig,ts_lex_keywords,0,PUSH_LOOKAHEAD,,,lookahead == '1'
p_4fbd4a83175de6c8cf1c,zig,ts_lex_keywords,1,PUSH_INT,49,,lookahead == '1'
p_4fbd4a83175de6c8cf1c,zig,ts_lex_keywords,2,CMP_EQ,,,lookahead == '1'
p_e37b51b0c0b98cd35b1a,zig,ts_lex_keywords,0,PUSH_LOOKAHEAD,,,lookahead == '3'
p_e37b51b0c0b98cd35b1a,zig,ts_lex_keywords,1,PUSH_INT,51,,lookahead == '3'
p_e37b51b0c0b98cd35b1a,zig,ts_lex_keywords,2,CMP_EQ,,,lookahead == '3'
p_742fd2eec21075a6fbc1,zig,ts_lex_keywords,0,PUSH_LOOKAHEAD,,,lookahead == '6'
p_742fd2eec21075a6fbc1,zig,ts_lex_keywords,1,PUSH_INT,54,,lookahead == '6'
p_742fd2eec21075a6fbc1,zig,ts_lex_keywords,2,CMP_EQ,,,lookahead == '6'
p_9b1aa2f6e550098af3a0,zig,ts_lex_keywords,0,PUSH_LOOKAHEAD,,,lookahead == 'f'
p_9b1aa2f6e550098af3a0,zig,ts_lex_keywords,1,PUSH_INT,102,,lookahead == 'f'
p_9b1aa2f6e550098af3a0,zig,ts_lex_keywords,2,CMP_EQ,,,lookahead == 'f'
p_78a89320cf1d45762f1d,zig,ts_lex_keywords,0,PUSH_INT,49,,('1' <= lookahead && lookahead <= '9')
p_78a89320cf1d45762f1d,zig,ts_lex_keywords,1,PUSH_LOOKAHEAD,,,('1' <= lookahead && lookahead <= '9')
p_78a89320cf1d45762f1d,zig,ts_lex_keywords,2,CMP_LE,,,('1' <= lookahead && lookahead <= '9')
p_78a89320cf1d45762f1d,zig,ts_lex_keywords,3,PUSH_LOOKAHEAD,,,('1' <= lookahead && lookahead <= '9')
p_78a89320cf1d45762f1d,zig,ts_lex_keywords,4,PUSH_INT,57,,('1' <= lookahead && lookahead <= '9')
p_78a89320cf1d45762f1d,zig,ts_lex_keywords,5,CMP_LE,,,('1' <= lookahead && lookahead <= '9')
p_78a89320cf1d45762f1d,zig,ts_lex_keywords,6,AND,,,('1' <= lookahead && lookahead <= '9')
p_ece66cae9aaff0155df2,zig,ts_lex_keywords,0,PUSH_LOOKAHEAD,,,lookahead == 'i'
p_ece66cae9aaff0155df2,zig,ts_lex_keywords,1,PUSH_INT,105,,lookahead == 'i'
p_ece66cae9aaff0155df2,zig,ts_lex_keywords,2,CMP_EQ,,,lookahead == 'i'
p_257e2d5eb73502fcc753,zig,ts_lex_keywords,0,PUSH_LOOKAHEAD,,,lookahead == 'u'
p_257e2d5eb73502fcc753,zig,ts_lex_keywords,1,PUSH_INT,117,,lookahead == 'u'
p_257e2d5eb73502fcc753,zig,ts_lex_keywords,2,CMP_EQ,,,lookahead == 'u'
p_22e99eecc63cdf8a3ebc,zig,ts_lex_keywords,0,PUSH_LOOKAHEAD,,,lookahead == 'p'
p_22e99eecc63cdf8a3ebc,zig,ts_lex_keywords,1,PUSH_INT,112,,lookahead == 'p'
p_22e99eecc63cdf8a3ebc,zig,ts_lex_keywords,2,CMP_EQ,,,lookahead == 'p'
p_13644e2afc7b8f18aebc,zig,ts_lex_keywords,0,PUSH_LOOKAHEAD,,,lookahead == 't'
p_13644e2afc7b8f18aebc,zig,ts_lex_keywords,1,PUSH_INT,116,,lookahead == 't'
p_13644e2afc7b8f18aebc,zig,ts_lex_keywords,2,CMP_EQ,,,lookahead == 't'
p_e282a26edc075a27e6ff,zig,ts_lex_keywords,0,PUSH_LOOKAHEAD,,,lookahead == 'h'
p_e282a26edc075a27e6ff,zig,ts_lex_keywords,1,PUSH_INT,104,,lookahead == 'h'
p_e282a26edc075a27e6ff,zig,ts_lex_keywords,2,CMP_EQ,,,lookahead == 'h'
p_f2d5e5fc046859949863,zig,ts_lex_keywords,0,PUSH_LOOKAHEAD,,,lookahead == 'y'
p_f2d5e5fc046859949863,zig,ts_lex_keywords,1,PUSH_INT,121,,lookahead == 'y'
p_f2d5e5fc046859949863,zig,ts_lex_keywords,2,CMP_EQ,,,lookahead == 'y'
p_46f7d62ab473df7f08f4,zig,ts_lex_keywords,0,PUSH_LOOKAHEAD,,,lookahead == 'm'
p_46f7d62ab473df7f08f4,zig,ts_lex_keywords,1,PUSH_INT,109,,lookahead == 'm'
p_46f7d62ab473df7f08f4,zig,ts_lex_keywords,2,CMP_EQ,,,lookahead == 'm'
p_09e2fd3b320dfd5624dc,zig,ts_lex_keywords,0,PUSH_LOOKAHEAD,,,lookahead == '2'
p_09e2fd3b320dfd5624dc,zig,ts_lex_keywords,1,PUSH_INT,50,,lookahead == '2'
p_09e2fd3b320dfd5624dc,zig,ts_lex_keywords,2,CMP_EQ,,,lookahead == '2'
p_e100099e0c25949c9235,zig,ts_lex_keywords,0,PUSH_LOOKAHEAD,,,lookahead == '4'
p_e100099e0c25949c9235,zig,ts_lex_keywords,1,PUSH_INT,52,,lookahead == '4'
p_e100099e0c25949c9235,zig,ts_lex_keywords,2,CMP_EQ,,,lookahead == '4'
p_db02928f0f0af0e31fc8,zig,ts_lex_keywords,0,PUSH_INT,48,,('0' <= lookahead && lookahead <= '9')
p_db02928f0f0af0e31fc8,zig,ts_lex_keywords,1,PUSH_LOOKAHEAD,,,('0' <= lookahead && lookahead <= '9')
p_db02928f0f0af0e31fc8,zig,ts_lex_keywords,2,CMP_LE,,,('0' <= lookahead && lookahead <= '9')
p_db02928f0f0af0e31fc8,zig,ts_lex_keywords,3,PUSH_LOOKAHEAD,,,('0' <= lookahead && lookahead <= '9')
p_db02928f0f0af0e31fc8,zig,ts_lex_keywords,4,PUSH_INT,57,,('0' <= lookahead && lookahead <= '9')
p_db02928f0f0af0e31fc8,zig,ts_lex_keywords,5,CMP_LE,,,('0' <= lookahead && lookahead <= '9')
p_db02928f0f0af0e31fc8,zig,ts_lex_keywords,6,AND,,,('0' <= lookahead && lookahead <= '9')
p_247dfa210821ec804b1c,zig,ts_lex_keywords,0,PUSH_LOOKAHEAD,,,lookahead == 'c'
p_247dfa210821ec804b1c,zig,ts_lex_keywords,1,PUSH_INT,99,,lookahead == 'c'
p_247dfa210821ec804b1c,zig,ts_lex_keywords,2,CMP_EQ,,,lookahead == 'c'
p_c2f81177e3e5ac0e4aff,zig,ts_lex_keywords,0,PUSH_LOOKAHEAD,,,lookahead == 'b'
p_c2f81177e3e5ac0e4aff,zig,ts_lex_keywords,1,PUSH_INT,98,,lookahead == 'b'
p_c2f81177e3e5ac0e4aff,zig,ts_lex_keywords,2,CMP_EQ,,,lookahead == 'b'
p_362d2123a2a11ae8d795,zig,ts_lex_keywords,0,PUSH_LOOKAHEAD,,,lookahead == 'g'
p_362d2123a2a11ae8d795,zig,ts_lex_keywords,1,PUSH_INT,103,,lookahead == 'g'
p_362d2123a2a11ae8d795,zig,ts_lex_keywords,2,CMP_EQ,,,lookahead == 'g'
p_6090efff42a4786c8ccd,zig,ts_lex_keywords,0,PUSH_LOOKAHEAD,,,lookahead == '8'
p_6090efff42a4786c8ccd,zig,ts_lex_keywords,1,PUSH_INT,56,,lookahead == '8'
p_6090efff42a4786c8ccd,zig,ts_lex_keywords,2,CMP_EQ,,,lookahead == '8'
p_3f9a7f63f6c5d4e3f361,zig,ts_lex_keywords,0,PUSH_LOOKAHEAD,,,lookahead == 'z'
p_3f9a7f63f6c5d4e3f361,zig,ts_lex_keywords,1,PUSH_INT,122,,lookahead == 'z'
p_3f9a7f63f6c5d4e3f361,zig,ts_lex_keywords,2,CMP_EQ,,,lookahead == 'z'
p_763a4e22b2a4f0b0ce60,zig,ts_lex_keywords,0,PUSH_LOOKAHEAD,,,lookahead == 'k'
p_763a4e22b2a4f0b0ce60,zig,ts_lex_keywords,1,PUSH_INT,107,,lookahead == 'k'
p_763a4e22b2a4f0b0ce60,zig,ts_lex_keywords,2,CMP_EQ,,,lookahead == 'k'
p_3668c07347c6a4415c00,zig,ts_lex_keywords,0,PUSH_LOOKAHEAD,,,lookahead == 'q'
p_3668c07347c6a4415c00,zig,ts_lex_keywords,1,PUSH_INT,113,,lookahead == 'q'
p_3668c07347c6a4415c00,zig,ts_lex_keywords,2,CMP_EQ,,,lookahead == 'q'
p_c89b4d3df79ece156e58,zig,ts_lex_keywords,0,PUSH_LOOKAHEAD,,,lookahead == 'v'
p_c89b4d3df79ece156e58,zig,ts_lex_keywords,1,PUSH_INT,118,,lookahead == 'v'
p_c89b4d3df79ece156e58,zig,ts_lex_keywords,2,CMP_EQ,,,lookahead == 'v'
p_ff06e901479e50df3ea1,julia,ts_lex,0,PUSH_EOF,,,eof
p_f9ebeb464ce6f18cbbef,julia,ts_lex,0,PUSH_LOOKAHEAD,,,lookahead == 0xac || (0x221a <= lookahead && lookahead <= 0x221c)
p_f9ebeb464ce6f18cbbef,julia,ts_lex,1,PUSH_INT,172,,lookahead == 0xac || (0x221a <= lookahead && lookahead <= 0x221c)
p_f9ebeb464ce6f18cbbef,julia,ts_lex,2,CMP_EQ,,,lookahead == 0xac || (0x221a <= lookahead && lookahead <= 0x221c)
p_f9ebeb464ce6f18cbbef,julia,ts_lex,3,PUSH_INT,8730,,lookahead == 0xac || (0x221a <= lookahead && lookahead <= 0x221c)
p_f9ebeb464ce6f18cbbef,julia,ts_lex,4,PUSH_LOOKAHEAD,,,lookahead == 0xac || (0x221a <= lookahead && lookahead <= 0x221c)
p_f9ebeb464ce6f18cbbef,julia,ts_lex,5,CMP_LE,,,lookahead == 0xac || (0x221a <= lookahead && lookahead <= 0x221c)
p_f9ebeb464ce6f18cbbef,julia,ts_lex,6,PUSH_LOOKAHEAD,,,lookahead == 0xac || (0x221a <= lookahead && lookahead <= 0x221c)
p_f9ebeb464ce6f18cbbef,julia,ts_lex,7,PUSH_INT,8732,,lookahead == 0xac || (0x221a <= lookahead && lookahead <= 0x221c)
p_f9ebeb464ce6f18cbbef,julia,ts_lex,8,CMP_LE,,,lookahead == 0xac || (0x221a <= lookahead && lookahead <= 0x221c)
p_f9ebeb464ce6f18cbbef,julia,ts_lex,9,AND,,,lookahead == 0xac || (0x221a <= lookahead && lookahead <= 0x221c)
p_f9ebeb464ce6f18cbbef,julia,ts_lex,10,OR,,,lookahead == 0xac || (0x221a <= lookahead && lookahead <= 0x221c)
p_7c8f7b086ebc324d8257,julia,ts_lex,0,PUSH_LOOKAHEAD,,,lookahead == 0x2026 || lookahead == 0x205d || (0x22ee <= lookahead && lookahead <= 0x22f1)
p_7c8f7b086ebc324d8257,julia,ts_lex,1,PUSH_INT,8230,,lookahead == 0x2026 || lookahead == 0x205d || (0x22ee <= lookahead && lookahead <= 0x22f1)
p_7c8f7b086ebc324d8257,julia,ts_lex,2,CMP_EQ,,,lookahead == 0x2026 || lookahead == 0x205d || (0x22ee <= lookahead && lookahead <= 0x22f1)
p_7c8f7b086ebc324d8257,julia,ts_lex,3,PUSH_LOOKAHEAD,,,lookahead == 0x2026 || lookahead == 0x205d || (0x22ee <= lookahead && lookahead <= 0x22f1)
p_7c8f7b086ebc324d8257,julia,ts_lex,4,PUSH_INT,8285,,lookahead == 0x2026 || lookahead == 0x205d || (0x22ee <= lookahead && lookahead <= 0x22f1)
p_7c8f7b086ebc324d8257,julia,ts_lex,5,CMP_EQ,,,lookahead == 0x2026 || lookahead == 0x205d || (0x22ee <= lookahead && lookahead <= 0x22f1)
p_7c8f7b086ebc324d8257,julia,ts_lex,6,OR,,,lookahead == 0x2026 || lookahead == 0x205d || (0x22ee <= lookahead && lookahead <= 0x22f1)
p_7c8f7b086ebc324d8257,julia,ts_lex,7,PUSH_INT,8942,,lookahead == 0x2026 || lookahead == 0x205d || (0x22ee <= lookahead && lookahead <= 0x22f1)
p_7c8f7b086ebc324d8257,julia,ts_lex,8,PUSH_LOOKAHEAD,,,lookahead == 0x2026 || lookahead == 0x205d || (0x22ee <= lookahead && lookahead <= 0x22f1)
p_7c8f7b086ebc324d8257,julia,ts_lex,9,CMP_LE,,,lookahead == 0x2026 || lookahead == 0x205d || (0x22ee <= lookahead && lookahead <= 0x22f1)
p_7c8f7b086ebc324d8257,julia,ts_lex,10,PUSH_LOOKAHEAD,,,lookahead == 0x2026 || lookahead == 0x205d || (0x22ee <= lookahead && lookahead <= 0x22f1)
p_7c8f7b086ebc324d8257,julia,ts_lex,11,PUSH_INT,8945,,lookahead == 0x2026 || lookahead == 0x205d || (0x22ee <= lookahead && lookahead <= 0x22f1)
p_7c8f7b086ebc324d8257,julia,ts_lex,12,CMP_LE,,,lookahead == 0x2026 || lookahead == 0x205d || (0x22ee <= lookahead && lookahead <= 0x22f1)
p_7c8f7b086ebc324d8257,julia,ts_lex,13,AND,,,lookahead == 0x2026 || lookahead == 0x205d || (0x22ee <= lookahead && lookahead <= 0x22f1)
p_7c8f7b086ebc324d8257,julia,ts_lex,14,OR,,,lookahead == 0x2026 || lookahead == 0x205d || (0x22ee <= lookahead && lookahead <= 0x22f1)
p_17a13bb47f884390c562,julia,ts_lex,0,PUSH_INT,9,,('\t' <= lookahead && lookahead <= '\r') || lookahead == ' '
p_17a13bb47f884390c562,julia,ts_lex,1,PUSH_LOOKAHEAD,,,('\t' <= lookahead && lookahead <= '\r') || lookahead == ' '
p_17a13bb47f884390c562,julia,ts_lex,2,CMP_LE,,,('\t' <= lookahead && lookahead <= '\r') || lookahead == ' '
p_17a13bb47f884390c562,julia,ts_lex,3,PUSH_LOOKAHEAD,,,('\t' <= lookahead && lookahead <= '\r') || lookahead == ' '
p_17a13bb47f884390c562,julia,ts_lex,4,PUSH_INT,13,,('\t' <= lookahead && lookahead <= '\r') || lookahead == ' '
p_17a13bb47f884390c562,julia,ts_lex,5,CMP_LE,,,('\t' <= lookahead && lookahead <= '\r') || lookahead == ' '
p_17a13bb47f884390c562,julia,ts_lex,6,AND,,,('\t' <= lookahead && lookahead <= '\r') || lookahead == ' '
p_17a13bb47f884390c562,julia,ts_lex,7,PUSH_LOOKAHEAD,,,('\t' <= lookahead && lookahead <= '\r') || lookahead == ' '
p_17a13bb47f884390c562,julia,ts_lex,8,PUSH_INT,32,,('\t' <= lookahead && lookahead <= '\r') || lookahead == ' '
p_17a13bb47f884390c562,julia,ts_lex,9,CMP_EQ,,,('\t' <= lookahead && lookahead <= '\r') || lookahead == ' '
p_17a13bb47f884390c562,julia,ts_lex,10,OR,,,('\t' <= lookahead && lookahead <= '\r') || lookahead == ' '
p_8f3c252a0b172979e87a,julia,ts_lex,0,PUSH_INT,49,,('1' <= lookahead && lookahead <= '9')
p_8f3c252a0b172979e87a,julia,ts_lex,1,PUSH_LOOKAHEAD,,,('1' <= lookahead && lookahead <= '9')
p_8f3c252a0b172979e87a,julia,ts_lex,2,CMP_LE,,,('1' <= lookahead && lookahead <= '9')
p_8f3c252a0b172979e87a,julia,ts_lex,3,PUSH_LOOKAHEAD,,,('1' <= lookahead && lookahead <= '9')
p_8f3c252a0b172979e87a,julia,ts_lex,4,PUSH_INT,57,,('1' <= lookahead && lookahead <= '9')
p_8f3c252a0b172979e87a,julia,ts_lex,5,CMP_LE,,,('1' <= lookahead && lookahead <= '9')
p_8f3c252a0b172979e87a,julia,ts_lex,6,AND,,,('1' <= lookahead && lookahead <= '9')
p_9c2f7aed3282b773df74,julia,ts_lex,0,SET_CONTAINS,sym__power_operator_character_set_2,20,"set_contains(sym__power_operator_character_set_2, 20, lookahead)"
p_89d42b0871c1bffcde07,julia,ts_lex,0,SET_CONTAINS,sym__plus_operator_character_set_2,32,"set_contains(sym__plus_operator_character_set_2, 32, lookahead)"
p_b8e245ea77d0379d3196,julia,ts_lex,0,SET_CONTAINS,sym__times_operator_character_set_2,47,"set_contains(sym__times_operator_character_set_2, 47, lookahead)"
p_c3cc841a02adc904236a,julia,ts_lex,0,SET_CONTAINS,sym__arrow_operator_character_set_2,50,"set_contains(sym__arrow_operator_character_set_2, 50, lookahead)"
p_d5f5e61b507f684afbba,julia,ts_lex,0,SET_CONTAINS,sym__comparison_operator_character_set_2,34,"set_contains(sym__comparison_operator_character_set_2, 34, lookahead)"
p_d3aebcb3a53b11ccceda,julia,ts_lex,0,SET_CONTAINS,sym__word_identifier_character_set_1,689,"set_contains(sym__word_identifier_character_set_1, 689, lookahead)"
p_36154e3513b7a73d8428,julia,ts_lex,0,PUSH_LOOKAHEAD,,,lookahead == 33
p_36154e3513b7a73d8428,julia,ts_lex,1,PUSH_INT,33,,lookahead == 33
p_36154e3513b7a73d8428,julia,ts_lex,2,CMP_EQ,,,lookahead == 33
p_ddfc0bdae43fb41e3e1e,julia,ts_lex,0,PUSH_LOOKAHEAD,,,lookahead == 34
p_ddfc0bdae43fb41e3e1e,julia,ts_lex,1,PUSH_INT,34,,lookahead == 34
p_ddfc0bdae43fb41e3e1e,julia,ts_lex,2,CMP_EQ,,,lookahead == 34
p_0963f6da18970c97f126,julia,ts_lex,0,PUSH_LOOKAHEAD,,,lookahead == 35
p_0963f6da18970c97f126,julia,ts_lex,1,PUSH_INT,35,,lookahead == 35
p_0963f6da18970c97f126,julia,ts_lex,2,CMP_EQ,,,lookahead == 35
p_84773653f8913987ef9e,julia,ts_lex,0,PUSH_LOOKAHEAD,,,lookahead == 36
p_84773653f8913987ef9e,julia,ts_lex,1,PUSH_INT,36,,lookahead == 36
p_84773653f8913987ef9e,julia,ts_lex,2,CMP_EQ,,,lookahead == 36
p_cc8f84661ac4f23052c6,julia,ts_lex,0,PUSH_LOOKAHEAD,,,lookahead == 37
p_cc8f84661ac4f23052c6,julia,ts_lex,1,PUSH_INT,37,,lookahead == 37
p_cc8f84661ac4f23052c6,julia,ts_lex,2,CMP_EQ,,,lookahead == 37
p_6945a30b09809db6544a,julia,ts_lex,0,PUSH_LOOKAHEAD,,,lookahead == 38
p_6945a30b09809db6544a,julia,ts_lex,1,PUSH_INT,38,,lookahead == 38
p_6945a30b09809db6544a,julia,ts_lex,2,CMP_EQ,,,lookahead == 38
p_8705753084a4e2fba50f,julia,ts_lex,0,PUSH_LOOKAHEAD,,,lookahead == 39
p_8705753084a4e2fba50f,julia,ts_lex,1,PUSH_INT,39,,lookahead == 39
p_8705753084a4e2fba50f,julia,ts_lex,2,CMP_EQ,,,lookahead == 39
p_b6aaaa6ca5265d702135,julia,ts_lex,0,PUSH_LOOKAHEAD,,,lookahead == 40
p_b6aaaa6ca5265d702135,julia,ts_lex,1,PUSH_INT,40,,lookahead == 40
p_b6aaaa6ca5265d702135,julia,ts_lex,2,CMP_EQ,,,lookahead == 40
p_6774a0aae7c8096b4b3d,julia,ts_lex,0,PUSH_LOOKAHEAD,,,lookahead == 41
p_6774a0aae7c8096b4b3d,julia,ts_lex,1,PUSH_INT,41,,lookahead == 41
p_6774a0aae7c8096b4b3d,julia,ts_lex,2,CMP_EQ,,,lookahead == 41
p_34c65932f04c553fb080,julia,ts_lex,0,PUSH_LOOKAHEAD,,,lookahead == 42
p_34c65932f04c553fb080,julia,ts_lex,1,PUSH_INT,42,,lookahead == 42
p_34c65932f04c553fb080,julia,ts_lex,2,CMP_EQ,,,lookahead == 42
p_7c5f14b9beba39d72770,julia,ts_lex,0,PUSH_LOOKAHEAD,,,lookahead == 43
p_7c5f14b9beba39d72770,julia,ts_lex,1,PUSH_INT,43,,lookahead == 43
p_7c5f14b9beba39d72770,julia,ts_lex,2,CMP_EQ,,,lookahead == 43
p_db80357bbf6d6e3231ef,julia,ts_lex,0,PUSH_LOOKAHEAD,,,lookahead == 44
p_db80357bbf6d6e3231ef,julia,ts_lex,1,PUSH_INT,44,,lookahead == 44
p_db80357bbf6d6e3231ef,julia,ts_lex,2,CMP_EQ,,,lookahead == 44
p_dbb9499dc99f70660e44,julia,ts_lex,0,PUSH_LOOKAHEAD,,,lookahead == 45
p_dbb9499dc99f70660e44,julia,ts_lex,1,PUSH_INT,45,,lookahead == 45
p_dbb9499dc99f70660e44,julia,ts_lex,2,CMP_EQ,,,lookahead == 45
p_7900c71949c63b96344f,julia,ts_lex,0,PUSH_LOOKAHEAD,,,lookahead == 46
p_7900c71949c63b96344f,julia,ts_lex,1,PUSH_INT,46,,lookahead == 46
p_7900c71949c63b96344f,julia,ts_lex,2,CMP_EQ,,,lookahead == 46
p_7e40bf5099d0da564b6e,julia,ts_lex,0,PUSH_LOOKAHEAD,,,lookahead == 47
p_7e40bf5099d0da564b6e,julia,ts_lex,1,PUSH_INT,47,,lookahead == 47
p_7e40bf5099d0da564b6e,julia,ts_lex,2,CMP_EQ,,,lookahead == 47
p_daccd32f0900e581709f,julia,ts_lex,0,PUSH_LOOKAHEAD,,,lookahead == 48
p_daccd32f0900e581709f,julia,ts_lex,1,PUSH_INT,48,,lookahead == 48
p_daccd32f0900e581709f,julia,ts_lex,2,CMP_EQ,,,lookahead == 48
p_3ec28338c6025e3ffee9,julia,ts_lex,0,PUSH_LOOKAHEAD,,,lookahead == 58
p_3ec28338c6025e3ffee9,julia,ts_lex,1,PUSH_INT,58,,lookahead == 58
p_3ec28338c6025e3ffee9,julia,ts_lex,2,CMP_EQ,,,lookahead == 58
p_6a252aee07bd818eaae8,julia,ts_lex,0,PUSH_LOOKAHEAD,,,lookahead == 59
p_6a252aee07bd818eaae8,julia,ts_lex,1,PUSH_INT,59,,lookahead == 59
p_6a252aee07bd818eaae8,julia,ts_lex,2,CMP_EQ,,,lookahead == 59
p_b33a451ea89cafc9a7c5,julia,ts_lex,0,PUSH_LOOKAHEAD,,,lookahead == 60
p_b33a451ea89cafc9a7c5,julia,ts_lex,1,PUSH_INT,60,,lookahead == 60
p_b33a451ea89cafc9a7c5,julia,ts_lex,2,CMP_EQ,,,lookahead == 60
p_d99715a02f63af72f3c5,julia,ts_lex,0,PUSH_LOOKAHEAD,,,lookahead == 61
p_d99715a02f63af72f3c5,julia,ts_lex,1,PUSH_INT,61,,lookahead == 61
p_d99715a02f63af72f3c5,julia,ts_lex,2,CMP_EQ,,,lookahead == 61
p_ca9a2d4af49fe1c169af,julia,ts_lex,0,PUSH_LOOKAHEAD,,,lookahead == 62
p_ca9a2d4af49fe1c169af,julia,ts_lex,1,PUSH_INT,62,,lookahead == 62
p_ca9a2d4af49fe1c169af,julia,ts_lex,2,CMP_EQ,,,lookahead == 62
p_012b92d29e42f52a00c1,julia,ts_lex,0,PUSH_LOOKAHEAD,,,lookahead == 63
p_012b92d29e42f52a00c1,julia,ts_lex,1,PUSH_INT,63,,lookahead == 63
p_012b92d29e42f52a00c1,julia,ts_lex,2,CMP_EQ,,,lookahead == 63
p_6b0e63a0a6bdf2c6df02,julia,ts_lex,0,PUSH_LOOKAHEAD,,,lookahead == 64
p_6b0e63a0a6bdf2c6df02,julia,ts_lex,1,PUSH_INT,64,,lookahead == 64
p_6b0e63a0a6bdf2c6df02,julia,ts_lex,2,CMP_EQ,,,lookahead == 64
p_392955ab6b1a9a8dda56,julia,ts_lex,0,PUSH_LOOKAHEAD,,,lookahead == 91
p_392955ab6b1a9a8dda56,julia,ts_lex,1,PUSH_INT,91,,lookahead == 91
p_392955ab6b1a9a8dda56,julia,ts_lex,2,CMP_EQ,,,lookahead == 91
p_204a852eb257c7356f32,julia,ts_lex,0,PUSH_LOOKAHEAD,,,lookahead == 92
p_204a852eb257c7356f32,julia,ts_lex,1,PUSH_INT,92,,lookahead == 92
p_204a852eb257c7356f32,julia,ts_lex,2,CMP_EQ,,,lookahead == 92
p_d2267b5dcdb7801bc4c6,julia,ts_lex,0,PUSH_LOOKAHEAD,,,lookahead == 93
p_d2267b5dcdb7801bc4c6,julia,ts_lex,1,PUSH_INT,93,,lookahead == 93
p_d2267b5dcdb7801bc4c6,julia,ts_lex,2,CMP_EQ,,,lookahead == 93
p_1429d99e7cdee634bcd2,julia,ts_lex,0,PUSH_LOOKAHEAD,,,lookahead == 94
p_1429d99e7cdee634bcd2,julia,ts_lex,1,PUSH_INT,94,,lookahead == 94
p_1429d99e7cdee634bcd2,julia,ts_lex,2,CMP_EQ,,,lookahead == 94
p_eea470b70bb8d2ebc34c,julia,ts_lex,0,PUSH_LOOKAHEAD,,,lookahead == 96
p_eea470b70bb8d2ebc34c,julia,ts_lex,1,PUSH_INT,96,,lookahead == 96
p_eea470b70bb8d2ebc34c,julia,ts_lex,2,CMP_EQ,,,lookahead == 96
p_7c8eab3991bfeca2278f,julia,ts_lex,0,PUSH_LOOKAHEAD,,,lookahead == 97
p_7c8eab3991bfeca2278f,julia,ts_lex,1,PUSH_INT,97,,lookahead == 97
p_7c8eab3991bfeca2278f,julia,ts_lex,2,CMP_EQ,,,lookahead == 97
p_b111fba027d1f5d64036,julia,ts_lex,0,PUSH_LOOKAHEAD,,,lookahead == 98
p_b111fba027d1f5d64036,julia,ts_lex,1,PUSH_INT,98,,lookahead == 98
p_b111fba027d1f5d64036,julia,ts_lex,2,CMP_EQ,,,lookahead == 98
p_3232b53e363a4d0bd9f3,julia,ts_lex,0,PUSH_LOOKAHEAD,,,lookahead == 99
p_3232b53e363a4d0bd9f3,julia,ts_lex,1,PUSH_INT,99,,lookahead == 99
p_3232b53e363a4d0bd9f3,julia,ts_lex,2,CMP_EQ,,,lookahead == 99
p_6fe3c7848cd068de3687,julia,ts_lex,0,PUSH_LOOKAHEAD,,,lookahead == 101
p_6fe3c7848cd068de3687,julia,ts_lex,1,PUSH_INT,101,,lookahead == 101
p_6fe3c7848cd068de3687,julia,ts_lex,2,CMP_EQ,,,lookahead == 101
p_78b27e64f814476e0b25,julia,ts_lex,0,PUSH_LOOKAHEAD,,,lookahead == 102
p_78b27e64f814476e0b25,julia,ts_lex,1,PUSH_INT,102,,lookahead == 102
p_78b27e64f814476e0b25,julia,ts_lex,2,CMP_EQ,,,lookahead == 102
p_4dc5aa23f70b1fe6161b,julia,ts_lex,0,PUSH_LOOKAHEAD,,,lookahead == 103
p_4dc5aa23f70b1fe6161b,julia,ts_lex,1,PUSH_INT,103,,lookahead == 103
p_4dc5aa23f70b1fe6161b,julia,ts_lex,2,CMP_EQ,,,lookahead == 103
p_9cfefaeafdabaa531b4e,julia,ts_lex,0,PUSH_LOOKAHEAD,,,lookahead == 105
p_9cfefaeafdabaa531b4e,julia,ts_lex,1,PUSH_INT,105,,lookahead == 105
p_9cfefaeafdabaa531b4e,julia,ts_lex,2,CMP_EQ,,,lookahead == 105
p_972bd1bfb9a158f34f9f,julia,ts_lex,0,PUSH_LOOKAHEAD,,,lookahead == 108
p_972bd1bfb9a158f34f9f,julia,ts_lex,1,PUSH_INT,108,,lookahead == 108
p_972bd1bfb9a158f34f9f,julia,ts_lex,2,CMP_EQ,,,lookahead == 108
p_bbfaf318ffe31b4cca1e,julia,ts_lex,0,PUSH_LOOKAHEAD,,,lookahead == 109
p_bbfaf318ffe31b4cca1e,julia,ts_lex,1,PUSH_INT,109,,lookahead == 109
p_bbfaf318ffe31b4cca1e,julia,ts_lex,2,CMP_EQ,,,lookahead == 109
p_0adf4b3a7ba00266184a,julia,ts_lex,0,PUSH_LOOKAHEAD,,,lookahead == 112
p_0adf4b3a7ba00266184a,julia,ts_lex,1,PUSH_INT,112,,lookahead == 112
p_0adf4b3a7ba00266184a,julia,ts_lex,2,CMP_EQ,,,lookahead == 112
p_b4a6ae6e7189a629beb3,julia,ts_lex,0,PUSH_LOOKAHEAD,,,lookahead == 113
p_b4a6ae6e7189a629beb3,julia,ts_lex,1,PUSH_INT,113,,lookahead == 113
p_b4a6ae6e7189a629beb3,julia,ts_lex,2,CMP_EQ,,,lookahead == 113
p_7a0e4ea1a3f87552982d,julia,ts_lex,0,PUSH_LOOKAHEAD,,,lookahead == 115
p_7a0e4ea1a3f87552982d,julia,ts_lex,1,PUSH_INT,115,,lookahead == 115
p_7a0e4ea1a3f87552982d,julia,ts_lex,2,CMP_EQ,,,lookahead == 115
p_07e8304346964897e932,julia,ts_lex,0,PUSH_LOOKAHEAD,,,lookahead == 116
p_07e8304346964897e932,julia,ts_lex,1,PUSH_INT,116,,lookahead == 116
p_07e8304346964897e932,julia,ts_lex,2,CMP_EQ,,,lookahead == 116
p_f98ca8b5ff646c2e2c66,julia,ts_lex,0,PUSH_LOOKAHEAD,,,lookahead == 117
p_f98ca8b5ff646c2e2c66,julia,ts_lex,1,PUSH_INT,117,,lookahead == 117
p_f98ca8b5ff646c2e2c66,julia,ts_lex,2,CMP_EQ,,,lookahead == 117
p_0d5395584aec7002d876,julia,ts_lex,0,PUSH_LOOKAHEAD,,,lookahead == 119
p_0d5395584aec7002d876,julia,ts_lex,1,PUSH_INT,119,,lookahead == 119
p_0d5395584aec7002d876,julia,ts_lex,2,CMP_EQ,,,lookahead == 119
p_be80793f0d6ee0dc7eb5,julia,ts_lex,0,PUSH_LOOKAHEAD,,,lookahead == 123
p_be80793f0d6ee0dc7eb5,julia,ts_lex,1,PUSH_INT,123,,lookahead == 123
p_be80793f0d6ee0dc7eb5,julia,ts_lex,2,CMP_EQ,,,lookahead == 123
p_569edfac54826fe8eeb0,julia,ts_lex,0,PUSH_LOOKAHEAD,,,lookahead == 124
p_569edfac54826fe8eeb0,julia,ts_lex,1,PUSH_INT,124,,lookahead == 124
p_569edfac54826fe8eeb0,julia,ts_lex,2,CMP_EQ,,,lookahead == 124
p_b09887f633a2cdb1b853,julia,ts_lex,0,PUSH_LOOKAHEAD,,,lookahead == 125
p_b09887f633a2cdb1b853,julia,ts_lex,1,PUSH_INT,125,,lookahead == 125
p_b09887f633a2cdb1b853,julia,ts_lex,2,CMP_EQ,,,lookahead == 125
p_b7b31786d6b6ecfc3f6c,julia,ts_lex,0,PUSH_LOOKAHEAD,,,lookahead == 126
p_b7b31786d6b6ecfc3f6c,julia,ts_lex,1,PUSH_INT,126,,lookahead == 126
p_b7b31786d6b6ecfc3f6c,julia,ts_lex,2,CMP_EQ,,,lookahead == 126
p_bea22381c532cd5fc99e,julia,ts_lex,0,PUSH_LOOKAHEAD,,,lookahead == 247
p_bea22381c532cd5fc99e,julia,ts_lex,1,PUSH_INT,247,,lookahead == 247
p_bea22381c532cd5fc99e,julia,ts_lex,2,CMP_EQ,,,lookahead == 247
p_644d70bd157a83b9355c,julia,ts_lex,0,PUSH_LOOKAHEAD,,,lookahead == 8712
p_644d70bd157a83b9355c,julia,ts_lex,1,PUSH_INT,8712,,lookahead == 8712
p_644d70bd157a83b9355c,julia,ts_lex,2,CMP_EQ,,,lookahead == 8712
p_23639db7d084c4f76726,julia,ts_lex,0,PUSH_LOOKAHEAD,,,lookahead == 8722
p_23639db7d084c4f76726,julia,ts_lex,1,PUSH_INT,8722,,lookahead == 8722
p_23639db7d084c4f76726,julia,ts_lex,2,CMP_EQ,,,lookahead == 8722
p_38946b68f78c79e1b28d,julia,ts_lex,0,PUSH_LOOKAHEAD,,,lookahead == 8891
p_38946b68f78c79e1b28d,julia,ts_lex,1,PUSH_INT,8891,,lookahead == 8891
p_38946b68f78c79e1b28d,julia,ts_lex,2,CMP_EQ,,,lookahead == 8891
p_411c9ee57eec9e3a068e,julia,ts_lex,0,PUSH_LOOKAHEAD,,,lookahead == 177
p_411c9ee57eec9e3a068e,julia,ts_lex,1,PUSH_INT,177,,lookahead == 177
p_411c9ee57eec9e3a068e,julia,ts_lex,2,CMP_EQ,,,lookahead == 177
p_fca1c1a97081f6fb6e44,julia,ts_lex,0,PUSH_LOOKAHEAD,,,lookahead == 8723
p_fca1c1a97081f6fb6e44,julia,ts_lex,1,PUSH_INT,8723,,lookahead == 8723
p_fca1c1a97081f6fb6e44,julia,ts_lex,2,CMP_EQ,,,lookahead == 8723
p_6352e4bf9c921d927998,julia,ts_lex,0,PUSH_LOOKAHEAD,,,lookahead == 8788
p_6352e4bf9c921d927998,julia,ts_lex,1,PUSH_INT,8788,,lookahead == 8788
p_6352e4bf9c921d927998,julia,ts_lex,2,CMP_EQ,,,lookahead == 8788
p_5c2fcc8edd265119fd7e,julia,ts_lex,0,PUSH_LOOKAHEAD,,,lookahead == 8789
p_5c2fcc8edd265119fd7e,julia,ts_lex,1,PUSH_INT,8789,,lookahead == 8789
p_5c2fcc8edd265119fd7e,julia,ts_lex,2,CMP_EQ,,,lookahead == 8789
p_0928678d996943aee579,julia,ts_lex,0,PUSH_LOOKAHEAD,,,lookahead == 10868
p_0928678d996943aee579,julia,ts_lex,1,PUSH_INT,10868,,lookahead == 10868
p_0928678d996943aee579,julia,ts_lex,2,CMP_EQ,,,lookahead == 10868
p_eb6cb380d772537b5387,julia,ts_lex,0,PUSH_INT,9,,('\t' <= lookahead && lookahead <= '\f') || lookahead == ' '
p_eb6cb380d772537b5387,julia,ts_lex,1,PUSH_LOOKAHEAD,,,('\t' <= lookahead && lookahead <= '\f') || lookahead == ' '
p_eb6cb380d772537b5387,julia,ts_lex,2,CMP_LE,,,('\t' <= lookahead && lookahead <= '\f') || lookahead == ' '
p_eb6cb380d772537b5387,julia,ts_lex,3,PUSH_LOOKAHEAD,,,('\t' <= lookahead && lookahead <= '\f') || lookahead == ' '
p_eb6cb380d772537b5387,julia,ts_lex,4,PUSH_INT,12,,('\t' <= lookahead && lookahead <= '\f') || lookahead == ' '
p_eb6cb380d772537b5387,julia,ts_lex,5,CMP_LE,,,('\t' <= lookahead && lookahead <= '\f') || lookahead == ' '
p_eb6cb380d772537b5387,julia,ts_lex,6,AND,,,('\t' <= lookahead && lookahead <= '\f') || lookahead == ' '
p_eb6cb380d772537b5387,julia,ts_lex,7,PUSH_LOOKAHEAD,,,('\t' <= lookahead && lookahead <= '\f') || lookahead == ' '
p_eb6cb380d772537b5387,julia,ts_lex,8,PUSH_INT,32,,('\t' <= lookahead && lookahead <= '\f') || lookahead == ' '
p_eb6cb380d772537b5387,julia,ts_lex,9,CMP_EQ,,,('\t' <= lookahead && lookahead <= '\f') || lookahead == ' '
p_eb6cb380d772537b5387,julia,ts_lex,10,OR,,,('\t' <= lookahead && lookahead <= '\f') || lookahead == ' '
p_fb7c98000f9e7e66f972,julia,ts_lex,0,PUSH_LOOKAHEAD,,,lookahead == 10
p_fb7c98000f9e7e66f972,julia,ts_lex,1,PUSH_INT,10,,lookahead == 10
p_fb7c98000f9e7e66f972,julia,ts_lex,2,CMP_EQ,,,lookahead == 10
p_4f85ae6ad6cbf14e3b34,julia,ts_lex,0,PUSH_LOOKAHEAD,,,lookahead == 13
p_4f85ae6ad6cbf14e3b34,julia,ts_lex,1,PUSH_INT,13,,lookahead == 13
p_4f85ae6ad6cbf14e3b34,julia,ts_lex,2,CMP_EQ,,,lookahead == 13
p_5e5de6ccb04c44343648,julia,ts_lex,0,PUSH_LOOKAHEAD,,,lookahead == '\n'
p_5e5de6ccb04c44343648,julia,ts_lex,1,PUSH_INT,10,,lookahead == '\n'
p_5e5de6ccb04c44343648,julia,ts_lex,2,CMP_EQ,,,lookahead == '\n'
p_4747da62303054264c01,julia,ts_lex,0,PUSH_LOOKAHEAD,,,lookahead == '\r'
p_4747da62303054264c01,julia,ts_lex,1,PUSH_INT,13,,lookahead == '\r'
p_4747da62303054264c01,julia,ts_lex,2,CMP_EQ,,,lookahead == '\r'
p_35e4a88d5b8020f05a64,julia,ts_lex,0,PUSH_LOOKAHEAD,,,lookahead == '#'
p_35e4a88d5b8020f05a64,julia,ts_lex,1,PUSH_INT,35,,lookahead == '#'
p_35e4a88d5b8020f05a64,julia,ts_lex,2,CMP_EQ,,,lookahead == '#'
p_5463b28e3de148be99d9,julia,ts_lex,0,PUSH_LOOKAHEAD,,,"lookahead == ','"
p_5463b28e3de148be99d9,julia,ts_lex,1,PUSH_INT,44,,"lookahead == ','"
p_5463b28e3de148be99d9,julia,ts_lex,2,CMP_EQ,,,"lookahead == ','"
p_5bffe03d46d5951f4f9d,julia,ts_lex,0,PUSH_LOOKAHEAD,,,lookahead == ';'
p_5bffe03d46d5951f4f9d,julia,ts_lex,1,PUSH_INT,59,,lookahead == ';'
p_5bffe03d46d5951f4f9d,julia,ts_lex,2,CMP_EQ,,,lookahead == ';'
p_7a7de696ff7c67da2c7a,julia,ts_lex,0,PUSH_LOOKAHEAD,,,lookahead == '='
p_7a7de696ff7c67da2c7a,julia,ts_lex,1,PUSH_INT,61,,lookahead == '='
p_7a7de696ff7c67da2c7a,julia,ts_lex,2,CMP_EQ,,,lookahead == '='
p_ae30290054a3bdb33378,julia,ts_lex,0,PUSH_INT,48,,('0' <= lookahead && lookahead <= '9')
p_ae30290054a3bdb33378,julia,ts_lex,1,PUSH_LOOKAHEAD,,,('0' <= lookahead && lookahead <= '9')
p_ae30290054a3bdb33378,julia,ts_lex,2,CMP_LE,,,('0' <= lookahead && lookahead <= '9')
p_ae30290054a3bdb33378,julia,ts_lex,3,PUSH_LOOKAHEAD,,,('0' <= lookahead && lookahead <= '9')
p_ae30290054a3bdb33378,julia,ts_lex,4,PUSH_INT,57,,('0' <= lookahead && lookahead <= '9')
p_ae30290054a3bdb33378,julia,ts_lex,5,CMP_LE,,,('0' <= lookahead && lookahead <= '9')
p_ae30290054a3bdb33378,julia,ts_lex,6,AND,,,('0' <= lookahead && lookahead <= '9')
p_21955c062f2e0afb8b42,julia,ts_lex,0,PUSH_LOOKAHEAD,,,lookahead == '.' || lookahead == 0x2026 || lookahead == 0x205d || (0x22ee <= lookahead && lookahead <= 0x22f1)
p_21955c062f2e0afb8b42,julia,ts_lex,1,PUSH_INT,46,,lookahead == '.' || lookahead == 0x2026 || lookahead == 0x205d || (0x22ee <= lookahead && lookahead <= 0x22f1)
p_21955c062f2e0afb8b42,julia,ts_lex,2,CMP_EQ,,,lookahead == '.' || lookahead == 0x2026 || lookahead == 0x205d || (0x22ee <= lookahead && lookahead <= 0x22f1)
p_21955c062f2e0afb8b42,julia,ts_lex,3,PUSH_LOOKAHEAD,,,lookahead == '.' || lookahead == 0x2026 || lookahead == 0x205d || (0x22ee <= lookahead && lookahead <= 0x22f1)
p_21955c062f2e0afb8b42,julia,ts_lex,4,PUSH_INT,8230,,lookahead == '.' || lookahead == 0x2026 || lookahead == 0x205d || (0x22ee <= lookahead && lookahead <= 0x22f1)
p_21955c062f2e0afb8b42,julia,ts_lex,5,CMP_EQ,,,lookahead == '.' || lookahead == 0x2026 || lookahead == 0x205d || (0x22ee <= lookahead && lookahead <= 0x22f1)
p_21955c062f2e0afb8b42,julia,ts_lex,6,OR,,,lookahead == '.' || lookahead == 0x2026 || lookahead == 0x205d || (0x22ee <= lookahead && lookahead <= 0x22f1)
p_21955c062f2e0afb8b42,julia,ts_lex,7,PUSH_LOOKAHEAD,,,lookahead == '.' || lookahead == 0x2026 || lookahead == 0x205d || (0x22ee <= lookahead && lookahead <= 0x22f1)
p_21955c062f2e0afb8b42,julia,ts_lex,8,PUSH_INT,8285,,lookahead == '.' || lookahead == 0x2026 || lookahead == 0x205d || (0x22ee <= lookahead && lookahead <= 0x22f1)
p_21955c062f2e0afb8b42,julia,ts_lex,9,CMP_EQ,,,lookahead == '.' || lookahead == 0x2026 || lookahead == 0x205d || (0x22ee <= lookahead && lookahead <= 0x22f1)
p_21955c062f2e0afb8b42,julia,ts_lex,10,OR,,,lookahead == '.' || lookahead == 0x2026 || lookahead == 0x205d || (0x22ee <= lookahead && lookahead <= 0x22f1)
p_21955c062f2e0afb8b42,julia,ts_lex,11,PUSH_INT,8942,,lookahead == '.' || lookahead == 0x2026 || lookahead == 0x205d || (0x22ee <= lookahead && lookahead <= 0x22f1)
p_21955c062f2e0afb8b42,julia,ts_lex,12,PUSH_LOOKAHEAD,,,lookahead == '.' || lookahead == 0x2026 || lookahead == 0x205d || (0x22ee <= lookahead && lookahead <= 0x22f1)
p_21955c062f2e0afb8b42,julia,ts_lex,13,CMP_LE,,,lookahead == '.' || lookahead == 0x2026 || lookahead == 0x205d || (0x22ee <= lookahead && lookahead <= 0x22f1)
p_21955c062f2e0afb8b42,julia,ts_lex,14,PUSH_LOOKAHEAD,,,lookahead == '.' || lookahead == 0x2026 || lookahead == 0x205d || (0x22ee <= lookahead && lookahead <= 0x22f1)
p_21955c062f2e0afb8b42,julia,ts_lex,15,PUSH_INT,8945,,lookahead == '.' || lookahead == 0x2026 || lookahead == 0x205d || (0x22ee <= lookahead && lookahead <= 0x22f1)
p_21955c062f2e0afb8b42,julia,ts_lex,16,CMP_LE,,,lookahead == '.' || lookahead == 0x2026 || lookahead == 0x205d || (0x22ee <= lookahead && lookahead <= 0x22f1)
p_21955c062f2e0afb8b42,julia,ts_lex,17,AND,,,lookahead == '.' || lookahead == 0x2026 || lookahead == 0x205d || (0x22ee <= lookahead && lookahead <= 0x22f1)
p_21955c062f2e0afb8b42,julia,ts_lex,18,OR,,,lookahead == '.' || lookahead == 0x2026 || lookahead == 0x205d || (0x22ee <= lookahead && lookahead <= 0x22f1)
p_d39b0bed0f29a81d553f,julia,ts_lex,0,PUSH_LOOKAHEAD,,,"lookahead == '""'"
p_d39b0bed0f29a81d553f,julia,ts_lex,1,PUSH_INT,34,,"lookahead == '""'"
p_d39b0bed0f29a81d553f,julia,ts_lex,2,CMP_EQ,,,"lookahead == '""'"
p_8426dcf05d01bd62cbab,julia,ts_lex,0,PUSH_LOOKAHEAD,,,lookahead == '$'
p_8426dcf05d01bd62cbab,julia,ts_lex,1,PUSH_INT,36,,lookahead == '$'
p_8426dcf05d01bd62cbab,julia,ts_lex,2,CMP_EQ,,,lookahead == '$'
p_080085ae8f01698af0af,julia,ts_lex,0,PUSH_LOOKAHEAD,,,lookahead == ')'
p_080085ae8f01698af0af,julia,ts_lex,1,PUSH_INT,41,,lookahead == ')'
p_080085ae8f01698af0af,julia,ts_lex,2,CMP_EQ,,,lookahead == ')'
p_6ee7e6f9319c370c345b,julia,ts_lex,0,PUSH_LOOKAHEAD,,,lookahead == '.'
p_6ee7e6f9319c370c345b,julia,ts_lex,1,PUSH_INT,46,,lookahead == '.'
p_6ee7e6f9319c370c345b,julia,ts_lex,2,CMP_EQ,,,lookahead == '.'
p_e7e53d039ba1f4623cb6,julia,ts_lex,0,PUSH_LOOKAHEAD,,,lookahead == '\\'
p_e7e53d039ba1f4623cb6,julia,ts_lex,1,PUSH_INT,92,,lookahead == '\\'
p_e7e53d039ba1f4623cb6,julia,ts_lex,2,CMP_EQ,,,lookahead == '\\'
p_f2f05a871f979757acbb,julia,ts_lex,0,PUSH_LOOKAHEAD,,,lookahead == '\''
p_f2f05a871f979757acbb,julia,ts_lex,1,PUSH_INT,39,,lookahead == '\''
p_f2f05a871f979757acbb,julia,ts_lex,2,CMP_EQ,,,lookahead == '\''
p_6e9530cdb556e126184b,julia,ts_lex,0,PUSH_INT,48,,('0' <= lookahead && lookahead <= '7')
p_6e9530cdb556e126184b,julia,ts_lex,1,PUSH_LOOKAHEAD,,,('0' <= lookahead && lookahead <= '7')
p_6e9530cdb556e126184b,julia,ts_lex,2,CMP_LE,,,('0' <= lookahead && lookahead <= '7')
p_6e9530cdb556e126184b,julia,ts_lex,3,PUSH_LOOKAHEAD,,,('0' <= lookahead && lookahead <= '7')
p_6e9530cdb556e126184b,julia,ts_lex,4,PUSH_INT,55,,('0' <= lookahead && lookahead <= '7')
p_6e9530cdb556e126184b,julia,ts_lex,5,CMP_LE,,,('0' <= lookahead && lookahead <= '7')
p_6e9530cdb556e126184b,julia,ts_lex,6,AND,,,('0' <= lookahead && lookahead <= '7')
p_1f8c29dd8e5127102c63,julia,ts_lex,0,PUSH_INT,48,,('0' <= lookahead && lookahead <= '9') || ('A' <= lookahead && lookahead <= 'F') || ('a' <= lookahead && lookahead <= 'f')
p_1f8c29dd8e5127102c63,julia,ts_lex,1,PUSH_LOOKAHEAD,,,('0' <= lookahead && lookahead <= '9') || ('A' <= lookahead && lookahead <= 'F') || ('a' <= lookahead && lookahead <= 'f')
p_1f8c29dd8e5127102c63,julia,ts_lex,2,CMP_LE,,,('0' <= lookahead && lookahead <= '9') || ('A' <= lookahead && lookahead <= 'F') || ('a' <= lookahead && lookahead <= 'f')
p_1f8c29dd8e5127102c63,julia,ts_lex,3,PUSH_LOOKAHEAD,,,('0' <= lookahead && lookahead <= '9') || ('A' <= lookahead && lookahead <= 'F') || ('a' <= lookahead && lookahead <= 'f')
p_1f8c29dd8e5127102c63,julia,ts_lex,4,PUSH_INT,57,,('0' <= lookahead && lookahead <= '9') || ('A' <= lookahead && lookahead <= 'F') || ('a' <= lookahead && lookahead <= 'f')
p_1f8c29dd8e5127102c63,julia,ts_lex,5,CMP_LE,,,('0' <= lookahead && lookahead <= '9') || ('A' <= lookahead && lookahead <= 'F') || ('a' <= lookahead && lookahead <= 'f')
p_1f8c29dd8e5127102c63,julia,ts_lex,6,AND,,,('0' <= lookahead && lookahead <= '9') || ('A' <= lookahead && lookahead <= 'F') || ('a' <= lookahead && lookahead <= 'f')
p_1f8c29dd8e5127102c63,julia,ts_lex,7,PUSH_INT,65,,('0' <= lookahead && lookahead <= '9') || ('A' <= lookahead && lookahead <= 'F') || ('a' <= lookahead && lookahead <= 'f')
p_1f8c29dd8e5127102c63,julia,ts_lex,8,PUSH_LOOKAHEAD,,,('0' <= lookahead && lookahead <= '9') || ('A' <= lookahead && lookahead <= 'F') || ('a' <= lookahead && lookahead <= 'f')
p_1f8c29dd8e5127102c63,julia,ts_lex,9,CMP_LE,,,('0' <= lookahead && lookahead <= '9') || ('A' <= lookahead && lookahead <= 'F') || ('a' <= lookahead && lookahead <= 'f')
p_1f8c29dd8e5127102c63,julia,ts_lex,10,PUSH_LOOKAHEAD,,,('0' <= lookahead && lookahead <= '9') || ('A' <= lookahead && lookahead <= 'F') || ('a' <= lookahead && lookahead <= 'f')
p_1f8c29dd8e5127102c63,julia,ts_lex,11,PUSH_INT,70,,('0' <= lookahead && lookahead <= '9') || ('A' <= lookahead && lookahead <= 'F') || ('a' <= lookahead && lookahead <= 'f')
p_1f8c29dd8e5127102c63,julia,ts_lex,12,CMP_LE,,,('0' <= lookahead && lookahead <= '9') || ('A' <= lookahead && lookahead <= 'F') || ('a' <= lookahead && lookahead <= 'f')
p_1f8c29dd8e5127102c63,julia,ts_lex,13,AND,,,('0' <= lookahead && lookahead <= '9') || ('A' <= lookahead && lookahead <= 'F') || ('a' <= lookahead && lookahead <= 'f')
p_1f8c29dd8e5127102c63,julia,ts_lex,14,OR,,,('0' <= lookahead && lookahead <= '9') || ('A' <= lookahead && lookahead <= 'F') || ('a' <= lookahead && lookahead <= 'f')
p_1f8c29dd8e5127102c63,julia,ts_lex,15,PUSH_INT,97,,('0' <= lookahead && lookahead <= '9') || ('A' <= lookahead && lookahead <= 'F') || ('a' <= lookahead && lookahead <= 'f')
p_1f8c29dd8e5127102c63,julia,ts_lex,16,PUSH_LOOKAHEAD,,,('0' <= lookahead && lookahead <= '9') || ('A' <= lookahead && lookahead <= 'F') || ('a' <= lookahead && lookahead <= 'f')
p_1f8c29dd8e5127102c63,julia,ts_lex,17,CMP_LE,,,('0' <= lookahead && lookahead <= '9') || ('A' <= lookahead && lookahead <= 'F') || ('a' <= lookahead && lookahead <= 'f')
p_1f8c29dd8e5127102c63,julia,ts_lex,18,PUSH_LOOKAHEAD,,,('0' <= lookahead && lookahead <= '9') || ('A' <= lookahead && lookahead <= 'F') || ('a' <= lookahead && lookahead <= 'f')
p_1f8c29dd8e5127102c63,julia,ts_lex,19,PUSH_INT,102,,('0' <= lookahead && lookahead <= '9') || ('A' <= lookahead && lookahead <= 'F') || ('a' <= lookahead && lookahead <= 'f')
p_1f8c29dd8e5127102c63,julia,ts_lex,20,CMP_LE,,,('0' <= lookahead && lookahead <= '9') || ('A' <= lookahead && lookahead <= 'F') || ('a' <= lookahead && lookahead <= 'f')
p_1f8c29dd8e5127102c63,julia,ts_lex,21,AND,,,('0' <= lookahead && lookahead <= '9') || ('A' <= lookahead && lookahead <= 'F') || ('a' <= lookahead && lookahead <= 'f')
p_1f8c29dd8e5127102c63,julia,ts_lex,22,OR,,,('0' <= lookahead && lookahead <= '9') || ('A' <= lookahead && lookahead <= 'F') || ('a' <= lookahead && lookahead <= 'f')
p_462e25eb2a0ab7467837,julia,ts_lex,0,PUSH_LOOKAHEAD,,,lookahead == '-'
p_462e25eb2a0ab7467837,julia,ts_lex,1,PUSH_INT,45,,lookahead == '-'
p_462e25eb2a0ab7467837,julia,ts_lex,2,CMP_EQ,,,lookahead == '-'
p_1fd824f29c0f97e9ceb2,julia,ts_lex,0,PUSH_LOOKAHEAD,,,lookahead == ':'
p_1fd824f29c0f97e9ceb2,julia,ts_lex,1,PUSH_INT,58,,lookahead == ':'
p_1fd824f29c0f97e9ceb2,julia,ts_lex,2,CMP_EQ,,,lookahead == ':'
p_6bb7aa3c10fa363db561,julia,ts_lex,0,PUSH_LOOKAHEAD,,,lookahead == '>'
p_6bb7aa3c10fa363db561,julia,ts_lex,1,PUSH_INT,62,,lookahead == '>'
p_6bb7aa3c10fa363db561,julia,ts_lex,2,CMP_EQ,,,lookahead == '>'
p_e9442a430667a45f4207,julia,ts_lex,0,PUSH_LOOKAHEAD,,,lookahead != 0 && lookahead != '\''
p_e9442a430667a45f4207,julia,ts_lex,1,PUSH_INT,0,,lookahead != 0 && lookahead != '\''
p_e9442a430667a45f4207,julia,ts_lex,2,CMP_NE,,,lookahead != 0 && lookahead != '\''
p_e9442a430667a45f4207,julia,ts_lex,3,PUSH_LOOKAHEAD,,,lookahead != 0 && lookahead != '\''
p_e9442a430667a45f4207,julia,ts_lex,4,PUSH_INT,39,,lookahead != 0 && lookahead != '\''
p_e9442a430667a45f4207,julia,ts_lex,5,CMP_NE,,,lookahead != 0 && lookahead != '\''
p_e9442a430667a45f4207,julia,ts_lex,6,AND,,,lookahead != 0 && lookahead != '\''
p_d22534314a2a7e436985,julia,ts_lex,0,PUSH_LOOKAHEAD,,,lookahead == '_'
p_d22534314a2a7e436985,julia,ts_lex,1,PUSH_INT,95,,lookahead == '_'
p_d22534314a2a7e436985,julia,ts_lex,2,CMP_EQ,,,lookahead == '_'
p_73c3b127a1ffa2abea7d,julia,ts_lex,0,PUSH_LOOKAHEAD,,,lookahead == 'p'
p_73c3b127a1ffa2abea7d,julia,ts_lex,1,PUSH_INT,112,,lookahead == 'p'
p_73c3b127a1ffa2abea7d,julia,ts_lex,2,CMP_EQ,,,lookahead == 'p'
p_da65520963547c46fc0c,julia,ts_lex,0,PUSH_LOOKAHEAD,,,lookahead == '`'
p_da65520963547c46fc0c,julia,ts_lex,1,PUSH_INT,96,,lookahead == '`'
p_da65520963547c46fc0c,julia,ts_lex,2,CMP_EQ,,,lookahead == '`'
p_93d66b467be9247dade3,julia,ts_lex,0,PUSH_LOOKAHEAD,,,lookahead == 'x'
p_93d66b467be9247dade3,julia,ts_lex,1,PUSH_INT,120,,lookahead == 'x'
p_93d66b467be9247dade3,julia,ts_lex,2,CMP_EQ,,,lookahead == 'x'
p_b8721c099544fb94afd3,julia,ts_lex,0,PUSH_LOOKAHEAD,,,lookahead == 'U' || lookahead == 'u'
p_b8721c099544fb94afd3,julia,ts_lex,1,PUSH_INT,85,,lookahead == 'U' || lookahead == 'u'
p_b8721c099544fb94afd3,julia,ts_lex,2,CMP_EQ,,,lookahead == 'U' || lookahead == 'u'
p_b8721c099544fb94afd3,julia,ts_lex,3,PUSH_LOOKAHEAD,,,lookahead == 'U' || lookahead == 'u'
p_b8721c099544fb94afd3,julia,ts_lex,4,PUSH_INT,117,,lookahead == 'U' || lookahead == 'u'
p_b8721c099544fb94afd3,julia,ts_lex,5,CMP_EQ,,,lookahead == 'U' || lookahead == 'u'
p_b8721c099544fb94afd3,julia,ts_lex,6,OR,,,lookahead == 'U' || lookahead == 'u'
p_3780fb29ebadaf36f2ae,julia,ts_lex,0,PUSH_LOOKAHEAD,,,lookahead != 0
p_3780fb29ebadaf36f2ae,julia,ts_lex,1,PUSH_INT,0,,lookahead != 0
p_3780fb29ebadaf36f2ae,julia,ts_lex,2,CMP_NE,,,lookahead != 0
p_888f43f2116a6587c337,julia,ts_lex,0,PUSH_LOOKAHEAD,,,lookahead == '+' || lookahead == '-'
p_888f43f2116a6587c337,julia,ts_lex,1,PUSH_INT,43,,lookahead == '+' || lookahead == '-'
p_888f43f2116a6587c337,julia,ts_lex,2,CMP_EQ,,,lookahead == '+' || lookahead == '-'
p_888f43f2116a6587c337,julia,ts_lex,3,PUSH_LOOKAHEAD,,,lookahead == '+' || lookahead == '-'
p_888f43f2116a6587c337,julia,ts_lex,4,PUSH_INT,45,,lookahead == '+' || lookahead == '-'
p_888f43f2116a6587c337,julia,ts_lex,5,CMP_EQ,,,lookahead == '+' || lookahead == '-'
p_888f43f2116a6587c337,julia,ts_lex,6,OR,,,lookahead == '+' || lookahead == '-'
p_e0188072f21f8e6dd978,julia,ts_lex,0,PUSH_LOOKAHEAD,,,lookahead == '0' || lookahead == '1'
p_e0188072f21f8e6dd978,julia,ts_lex,1,PUSH_INT,48,,lookahead == '0' || lookahead == '1'
p_e0188072f21f8e6dd978,julia,ts_lex,2,CMP_EQ,,,lookahead == '0' || lookahead == '1'
p_e0188072f21f8e6dd978,julia,ts_lex,3,PUSH_LOOKAHEAD,,,lookahead == '0' || lookahead == '1'
p_e0188072f21f8e6dd978,julia,ts_lex,4,PUSH_INT,49,,lookahead == '0' || lookahead == '1'
p_e0188072f21f8e6dd978,julia,ts_lex,5,CMP_EQ,,,lookahead == '0' || lookahead == '1'
p_e0188072f21f8e6dd978,julia,ts_lex,6,OR,,,lookahead == '0' || lookahead == '1'
p_f86b3599ff243b61b12a,julia,ts_lex,0,PUSH_LOOKAHEAD,,,lookahead == 69
p_f86b3599ff243b61b12a,julia,ts_lex,1,PUSH_INT,69,,lookahead == 69
p_f86b3599ff243b61b12a,julia,ts_lex,2,CMP_EQ,,,lookahead == 69
p_1e64040a431cbcf7f874,julia,ts_lex,0,PUSH_LOOKAHEAD,,,lookahead == 'E' || lookahead == 'e' || lookahead == 'f'
p_1e64040a431cbcf7f874,julia,ts_lex,1,PUSH_INT,69,,lookahead == 'E' || lookahead == 'e' || lookahead == 'f'
p_1e64040a431cbcf7f874,julia,ts_lex,2,CMP_EQ,,,lookahead == 'E' || lookahead == 'e' || lookahead == 'f'
p_1e64040a431cbcf7f874,julia,ts_lex,3,PUSH_LOOKAHEAD,,,lookahead == 'E' || lookahead == 'e' || lookahead == 'f'
p_1e64040a431cbcf7f874,julia,ts_lex,4,PUSH_INT,101,,lookahead == 'E' || lookahead == 'e' || lookahead == 'f'
p_1e64040a431cbcf7f874,julia,ts_lex,5,CMP_EQ,,,lookahead == 'E' || lookahead == 'e' || lookahead == 'f'
p_1e64040a431cbcf7f874,julia,ts_lex,6,OR,,,lookahead == 'E' || lookahead == 'e' || lookahead == 'f'
p_1e64040a431cbcf7f874,julia,ts_lex,7,PUSH_LOOKAHEAD,,,lookahead == 'E' || lookahead == 'e' || lookahead == 'f'
p_1e64040a431cbcf7f874,julia,ts_lex,8,PUSH_INT,102,,lookahead == 'E' || lookahead == 'e' || lookahead == 'f'
p_1e64040a431cbcf7f874,julia,ts_lex,9,CMP_EQ,,,lookahead == 'E' || lookahead == 'e' || lookahead == 'f'
p_1e64040a431cbcf7f874,julia,ts_lex,10,OR,,,lookahead == 'E' || lookahead == 'e' || lookahead == 'f'
p_0bfba66e88742638db25,julia,ts_lex,0,PUSH_LOOKAHEAD,,,lookahead == 'i'
p_0bfba66e88742638db25,julia,ts_lex,1,PUSH_INT,105,,lookahead == 'i'
p_0bfba66e88742638db25,julia,ts_lex,2,CMP_EQ,,,lookahead == 'i'
p_1a106b4607e0865fd9d5,julia,ts_lex,0,PUSH_EOF,,,"(!eof && set_contains(sym__word_identifier_character_set_2, 94, lookahead))"
p_1a106b4607e0865fd9d5,julia,ts_lex,1,NOT,,,"(!eof && set_contains(sym__word_identifier_character_set_2, 94, lookahead))"
p_1a106b4607e0865fd9d5,julia,ts_lex,2,SET_CONTAINS,sym__word_identifier_character_set_2,94,"(!eof && set_contains(sym__word_identifier_character_set_2, 94, lookahead))"
p_1a106b4607e0865fd9d5,julia,ts_lex,3,AND,,,"(!eof && set_contains(sym__word_identifier_character_set_2, 94, lookahead))"
p_5d6b2033a2399627e877,julia,ts_lex,0,PUSH_LOOKAHEAD,,,lookahead == 'a'
p_5d6b2033a2399627e877,julia,ts_lex,1,PUSH_INT,97,,lookahead == 'a'
p_5d6b2033a2399627e877,julia,ts_lex,2,CMP_EQ,,,lookahead == 'a'
p_28e10c60ba5e27caec1d,julia,ts_lex,0,PUSH_LOOKAHEAD,,,lookahead == 'o'
p_28e10c60ba5e27caec1d,julia,ts_lex,1,PUSH_INT,111,,lookahead == 'o'
p_28e10c60ba5e27caec1d,julia,ts_lex,2,CMP_EQ,,,lookahead == 'o'
p_962e04751f1d81862880,julia,ts_lex,0,PUSH_LOOKAHEAD,,,lookahead == 'r'
p_962e04751f1d81862880,julia,ts_lex,1,PUSH_INT,114,,lookahead == 'r'
p_962e04751f1d81862880,julia,ts_lex,2,CMP_EQ,,,lookahead == 'r'
p_e718829c6d5249ad7333,julia,ts_lex,0,PUSH_LOOKAHEAD,,,lookahead == 'b'
p_e718829c6d5249ad7333,julia,ts_lex,1,PUSH_INT,98,,lookahead == 'b'
p_e718829c6d5249ad7333,julia,ts_lex,2,CMP_EQ,,,lookahead == 'b'
p_acf839e1ac16dc6d8cfd,julia,ts_lex,0,PUSH_LOOKAHEAD,,,lookahead == 'c'
p_acf839e1ac16dc6d8cfd,julia,ts_lex,1,PUSH_INT,99,,lookahead == 'c'
p_acf839e1ac16dc6d8cfd,julia,ts_lex,2,CMP_EQ,,,lookahead == 'c'
p_bf661fefae99d60bf0ef,julia,ts_lex,0,PUSH_LOOKAHEAD,,,lookahead == 'd'
p_bf661fefae99d60bf0ef,julia,ts_lex,1,PUSH_INT,100,,lookahead == 'd'
p_bf661fefae99d60bf0ef,julia,ts_lex,2,CMP_EQ,,,lookahead == 'd'
p_91564989be69f3ddc82f,julia,ts_lex,0,PUSH_LOOKAHEAD,,,lookahead == 'e'
p_91564989be69f3ddc82f,julia,ts_lex,1,PUSH_INT,101,,lookahead == 'e'
p_91564989be69f3ddc82f,julia,ts_lex,2,CMP_EQ,,,lookahead == 'e'
p_c02b0575e5d00fb36fd8,julia,ts_lex,0,PUSH_LOOKAHEAD,,,lookahead == 'f'
p_c02b0575e5d00fb36fd8,julia,ts_lex,1,PUSH_INT,102,,lookahead == 'f'
p_c02b0575e5d00fb36fd8,julia,ts_lex,2,CMP_EQ,,,lookahead == 'f'
p_275a7ea4d7fda684d749,julia,ts_lex,0,PUSH_LOOKAHEAD,,,lookahead == 'm'
p_275a7ea4d7fda684d749,julia,ts_lex,1,PUSH_INT,109,,lookahead == 'm'
p_275a7ea4d7fda684d749,julia,ts_lex,2,CMP_EQ,,,lookahead == 'm'
p_d9fbf983ee4ad47c31e1,julia,ts_lex,0,PUSH_LOOKAHEAD,,,lookahead == 'g'
p_d9fbf983ee4ad47c31e1,julia,ts_lex,1,PUSH_INT,103,,lookahead == 'g'
p_d9fbf983ee4ad47c31e1,julia,ts_lex,2,CMP_EQ,,,lookahead == 'g'
p_ec24bef8d6659bcadef6,julia,ts_lex,0,PUSH_LOOKAHEAD,,,lookahead == 'h'
p_ec24bef8d6659bcadef6,julia,ts_lex,1,PUSH_INT,104,,lookahead == 'h'
p_ec24bef8d6659bcadef6,julia,ts_lex,2,CMP_EQ,,,lookahead == 'h'
p_fc1125e85772bed74a71,julia,ts_lex,0,PUSH_LOOKAHEAD,,,lookahead == 'k'
p_fc1125e85772bed74a71,julia,ts_lex,1,PUSH_INT,107,,lookahead == 'k'
p_fc1125e85772bed74a71,julia,ts_lex,2,CMP_EQ,,,lookahead == 'k'
p_3ee0d9a87288570348b0,julia,ts_lex,0,PUSH_LOOKAHEAD,,,lookahead == 'l'
p_3ee0d9a87288570348b0,julia,ts_lex,1,PUSH_INT,108,,lookahead == 'l'
p_3ee0d9a87288570348b0,julia,ts_lex,2,CMP_EQ,,,lookahead == 'l'
p_61a630954ea8ca17392a,julia,ts_lex,0,PUSH_LOOKAHEAD,,,lookahead == 'n'
p_61a630954ea8ca17392a,julia,ts_lex,1,PUSH_INT,110,,lookahead == 'n'
p_61a630954ea8ca17392a,julia,ts_lex,2,CMP_EQ,,,lookahead == 'n'
p_d75d1ac6af23d013f7d4,julia,ts_lex,0,PUSH_LOOKAHEAD,,,lookahead == 'u'
p_d75d1ac6af23d013f7d4,julia,ts_lex,1,PUSH_INT,117,,lookahead == 'u'
p_d75d1ac6af23d013f7d4,julia,ts_lex,2,CMP_EQ,,,lookahead == 'u'
p_41d8ba5ce2ce54299ae9,julia,ts_lex,0,PUSH_LOOKAHEAD,,,lookahead == 's'
p_41d8ba5ce2ce54299ae9,julia,ts_lex,1,PUSH_INT,115,,lookahead == 's'
p_41d8ba5ce2ce54299ae9,julia,ts_lex,2,CMP_EQ,,,lookahead == 's'
p_9a8bb6338a1065f09334,julia,ts_lex,0,PUSH_LOOKAHEAD,,,lookahead == 't'
p_9a8bb6338a1065f09334,julia,ts_lex,1,PUSH_INT,116,,lookahead == 't'
p_9a8bb6338a1065f09334,julia,ts_lex,2,CMP_EQ,,,lookahead == 't'
p_135a49b689d88b276afa,julia,ts_lex,0,PUSH_LOOKAHEAD,,,lookahead == 'v'
p_135a49b689d88b276afa,julia,ts_lex,1,PUSH_INT,118,,lookahead == 'v'
p_135a49b689d88b276afa,julia,ts_lex,2,CMP_EQ,,,lookahead == 'v'
p_87dd0a723f447105f940,julia,ts_lex,0,PUSH_LOOKAHEAD,,,lookahead == 'y'
p_87dd0a723f447105f940,julia,ts_lex,1,PUSH_INT,121,,lookahead == 'y'
p_87dd0a723f447105f940,julia,ts_lex,2,CMP_EQ,,,lookahead == 'y'
p_860dd7464d3d80809166,julia,ts_lex,0,PUSH_LOOKAHEAD,,,lookahead == '<'
p_860dd7464d3d80809166,julia,ts_lex,1,PUSH_INT,60,,lookahead == '<'
p_860dd7464d3d80809166,julia,ts_lex,2,CMP_EQ,,,lookahead == '<'
p_657465094ab2067255cc,julia,ts_lex,0,PUSH_LOOKAHEAD,,,lookahead == '|'
p_657465094ab2067255cc,julia,ts_lex,1,PUSH_INT,124,,lookahead == '|'
p_657465094ab2067255cc,julia,ts_lex,2,CMP_EQ,,,lookahead == '|'
p_995060acacb219eb1b7c,julia,ts_lex,0,PUSH_LOOKAHEAD,,,lookahead == '&'
p_995060acacb219eb1b7c,julia,ts_lex,1,PUSH_INT,38,,lookahead == '&'
p_995060acacb219eb1b7c,julia,ts_lex,2,CMP_EQ,,,lookahead == '&'
p_7b0ad9690b59bd96c20d,julia,ts_lex,0,PUSH_LOOKAHEAD,,,lookahead == '/'
p_7b0ad9690b59bd96c20d,julia,ts_lex,1,PUSH_INT,47,,lookahead == '/'
p_7b0ad9690b59bd96c20d,julia,ts_lex,2,CMP_EQ,,,lookahead == '/'
p_f2f6bd6b37d9d492d04f,julia,ts_lex,0,PUSH_LOOKAHEAD,,,lookahead == '+'
p_f2f6bd6b37d9d492d04f,julia,ts_lex,1,PUSH_INT,43,,lookahead == '+'
p_f2f6bd6b37d9d492d04f,julia,ts_lex,2,CMP_EQ,,,lookahead == '+'
p_9b932b1808eb44b4d16f,julia,ts_lex,0,PUSH_LOOKAHEAD,,,lookahead != 0 && lookahead != '\n'
p_9b932b1808eb44b4d16f,julia,ts_lex,1,PUSH_INT,0,,lookahead != 0 && lookahead != '\n'
p_9b932b1808eb44b4d16f,julia,ts_lex,2,CMP_NE,,,lookahead != 0 && lookahead != '\n'
p_9b932b1808eb44b4d16f,julia,ts_lex,3,PUSH_LOOKAHEAD,,,lookahead != 0 && lookahead != '\n'
p_9b932b1808eb44b4d16f,julia,ts_lex,4,PUSH_INT,10,,lookahead != 0 && lookahead != '\n'
p_9b932b1808eb44b4d16f,julia,ts_lex,5,CMP_NE,,,lookahead != 0 && lookahead != '\n'
p_9b932b1808eb44b4d16f,julia,ts_lex,6,AND,,,lookahead != 0 && lookahead != '\n'
p_6c4f40c43ad8a17454ca,julia,ts_lex,0,PUSH_LOOKAHEAD,,,lookahead == '\t' || (0x0b <= lookahead && lookahead <= '\r') || lookahead == ' '
p_6c4f40c43ad8a17454ca,julia,ts_lex,1,PUSH_INT,9,,lookahead == '\t' || (0x0b <= lookahead && lookahead <= '\r') || lookahead == ' '
p_6c4f40c43ad8a17454ca,julia,ts_lex,2,CMP_EQ,,,lookahead == '\t' || (0x0b <= lookahead && lookahead <= '\r') || lookahead == ' '
p_6c4f40c43ad8a17454ca,julia,ts_lex,3,PUSH_INT,11,,lookahead == '\t' || (0x0b <= lookahead && lookahead <= '\r') || lookahead == ' '
p_6c4f40c43ad8a17454ca,julia,ts_lex,4,PUSH_LOOKAHEAD,,,lookahead == '\t' || (0x0b <= lookahead && lookahead <= '\r') || lookahead == ' '
p_6c4f40c43ad8a17454ca,julia,ts_lex,5,CMP_LE,,,lookahead == '\t' || (0x0b <= lookahead && lookahead <= '\r') || lookahead == ' '
p_6c4f40c43ad8a17454ca,julia,ts_lex,6,PUSH_LOOKAHEAD,,,lookahead == '\t' || (0x0b <= lookahead && lookahead <= '\r') || lookahead == ' '
p_6c4f40c43ad8a17454ca,julia,ts_lex,7,PUSH_INT,13,,lookahead == '\t' || (0x0b <= lookahead && lookahead <= '\r') || lookahead == ' '
p_6c4f40c43ad8a17454ca,julia,ts_lex,8,CMP_LE,,,lookahead == '\t' || (0x0b <= lookahead && lookahead <= '\r') || lookahead == ' '
p_6c4f40c43ad8a17454ca,julia,ts_lex,9,AND,,,lookahead == '\t' || (0x0b <= lookahead && lookahead <= '\r') || lookahead == ' '
p_6c4f40c43ad8a17454ca,julia,ts_lex,10,OR,,,lookahead == '\t' || (0x0b <= lookahead && lookahead <= '\r') || lookahead == ' '
p_6c4f40c43ad8a17454ca,julia,ts_lex,11,PUSH_LOOKAHEAD,,,lookahead == '\t' || (0x0b <= lookahead && lookahead <= '\r') || lookahead == ' '
p_6c4f40c43ad8a17454ca,julia,ts_lex,12,PUSH_INT,32,,lookahead == '\t' || (0x0b <= lookahead && lookahead <= '\r') || lookahead == ' '
p_6c4f40c43ad8a17454ca,julia,ts_lex,13,CMP_EQ,,,lookahead == '\t' || (0x0b <= lookahead && lookahead <= '\r') || lookahead == ' '
p_6c4f40c43ad8a17454ca,julia,ts_lex,14,OR,,,lookahead == '\t' || (0x0b <= lookahead && lookahead <= '\r') || lookahead == ' '
p_e25df5d1b7103a257e42,julia,ts_lex,0,PUSH_LOOKAHEAD,,,lookahead != 0 && (lookahead < '\t' || '\r' < lookahead)
p_e25df5d1b7103a257e42,julia,ts_lex,1,PUSH_INT,0,,lookahead != 0 && (lookahead < '\t' || '\r' < lookahead)
p_e25df5d1b7103a257e42,julia,ts_lex,2,CMP_NE,,,lookahead != 0 && (lookahead < '\t' || '\r' < lookahead)
p_e25df5d1b7103a257e42,julia,ts_lex,3,PUSH_LOOKAHEAD,,,lookahead != 0 && (lookahead < '\t' || '\r' < lookahead)
p_e25df5d1b7103a257e42,julia,ts_lex,4,PUSH_INT,9,,lookahead != 0 && (lookahead < '\t' || '\r' < lookahead)
p_e25df5d1b7103a257e42,julia,ts_lex,5,CMP_LT,,,lookahead != 0 && (lookahead < '\t' || '\r' < lookahead)
p_e25df5d1b7103a257e42,julia,ts_lex,6,PUSH_INT,13,,lookahead != 0 && (lookahead < '\t' || '\r' < lookahead)
p_e25df5d1b7103a257e42,julia,ts_lex,7,PUSH_LOOKAHEAD,,,lookahead != 0 && (lookahead < '\t' || '\r' < lookahead)
p_e25df5d1b7103a257e42,julia,ts_lex,8,CMP_LT,,,lookahead != 0 && (lookahead < '\t' || '\r' < lookahead)
p_e25df5d1b7103a257e42,julia,ts_lex,9,OR,,,lookahead != 0 && (lookahead < '\t' || '\r' < lookahead)
p_e25df5d1b7103a257e42,julia,ts_lex,10,AND,,,lookahead != 0 && (lookahead < '\t' || '\r' < lookahead)
p_e644b1c13563e3ac8f65,julia,ts_lex_keywords,0,PUSH_INT,9,,('\t' <= lookahead && lookahead <= '\r') || lookahead == ' '
p_e644b1c13563e3ac8f65,julia,ts_lex_keywords,1,PUSH_LOOKAHEAD,,,('\t' <= lookahead && lookahead <= '\r') || lookahead == ' '
p_e644b1c13563e3ac8f65,julia,ts_lex_keywords,2,CMP_LE,,,('\t' <= lookahead && lookahead <= '\r') || lookahead == ' '
p_e644b1c13563e3ac8f65,julia,ts_lex_keywords,3,PUSH_LOOKAHEAD,,,('\t' <= lookahead && lookahead <= '\r') || lookahead == ' '
p_e644b1c13563e3ac8f65,julia,ts_lex_keywords,4,PUSH_INT,13,,('\t' <= lookahead && lookahead <= '\r') || lookahead == ' '
p_e644b1c13563e3ac8f65,julia,ts_lex_keywords,5,CMP_LE,,,('\t' <= lookahead && lookahead <= '\r') || lookahead == ' '
p_e644b1c13563e3ac8f65,julia,ts_lex_keywords,6,AND,,,('\t' <= lookahead && lookahead <= '\r') || lookahead == ' '
p_e644b1c13563e3ac8f65,julia,ts_lex_keywords,7,PUSH_LOOKAHEAD,,,('\t' <= lookahead && lookahead <= '\r') || lookahead == ' '
p_e644b1c13563e3ac8f65,julia,ts_lex_keywords,8,PUSH_INT,32,,('\t' <= lookahead && lookahead <= '\r') || lookahead == ' '
p_e644b1c13563e3ac8f65,julia,ts_lex_keywords,9,CMP_EQ,,,('\t' <= lookahead && lookahead <= '\r') || lookahead == ' '
p_e644b1c13563e3ac8f65,julia,ts_lex_keywords,10,OR,,,('\t' <= lookahead && lookahead <= '\r') || lookahead == ' '
p_7158ebcb197f91be7ffb,julia,ts_lex_keywords,0,PUSH_LOOKAHEAD,,,lookahead == 97
p_7158ebcb197f91be7ffb,julia,ts_lex_keywords,1,PUSH_INT,97,,lookahead == 97
p_7158ebcb197f91be7ffb,julia,ts_lex_keywords,2,CMP_EQ,,,lookahead == 97
p_f841b3ff300feda5acad,julia,ts_lex_keywords,0,PUSH_LOOKAHEAD,,,lookahead == 98
p_f841b3ff300feda5acad,julia,ts_lex_keywords,1,PUSH_INT,98,,lookahead == 98
p_f841b3ff300feda5acad,julia,ts_lex_keywords,2,CMP_EQ,,,lookahead == 98
p_5ff9bc270d43d498f9e6,julia,ts_lex_keywords,0,PUSH_LOOKAHEAD,,,lookahead == 99
p_5ff9bc270d43d498f9e6,julia,ts_lex_keywords,1,PUSH_INT,99,,lookahead == 99
p_5ff9bc270d43d498f9e6,julia,ts_lex_keywords,2,CMP_EQ,,,lookahead == 99
p_42e2d0b95f0b9454ce71,julia,ts_lex_keywords,0,PUSH_LOOKAHEAD,,,lookahead == 100
p_42e2d0b95f0b9454ce71,julia,ts_lex_keywords,1,PUSH_INT,100,,lookahead == 100
p_42e2d0b95f0b9454ce71,julia,ts_lex_keywords,2,CMP_EQ,,,lookahead == 100
p_59b2a5f169a10d4a3283,julia,ts_lex_keywords,0,PUSH_LOOKAHEAD,,,lookahead == 101
p_59b2a5f169a10d4a3283,julia,ts_lex_keywords,1,PUSH_INT,101,,lookahead == 101
p_59b2a5f169a10d4a3283,julia,ts_lex_keywords,2,CMP_EQ,,,lookahead == 101
p_4f7102f7fcca697a22d7,julia,ts_lex_keywords,0,PUSH_LOOKAHEAD,,,lookahead == 102
p_4f7102f7fcca697a22d7,julia,ts_lex_keywords,1,PUSH_INT,102,,lookahead == 102
p_4f7102f7fcca697a22d7,julia,ts_lex_keywords,2,CMP_EQ,,,lookahead == 102
p_45e987c0c54354259ade,julia,ts_lex_keywords,0,PUSH_LOOKAHEAD,,,lookahead == 103
p_45e987c0c54354259ade,julia,ts_lex_keywords,1,PUSH_INT,103,,lookahead == 103
p_45e987c0c54354259ade,julia,ts_lex_keywords,2,CMP_EQ,,,lookahead == 103
p_df096879dff78547148d,julia,ts_lex_keywords,0,PUSH_LOOKAHEAD,,,lookahead == 105
p_df096879dff78547148d,julia,ts_lex_keywords,1,PUSH_INT,105,,lookahead == 105
p_df096879dff78547148d,julia,ts_lex_keywords,2,CMP_EQ,,,lookahead == 105
p_2e37b4cdaedec620783f,julia,ts_lex_keywords,0,PUSH_LOOKAHEAD,,,lookahead == 108
p_2e37b4cdaedec620783f,julia,ts_lex_keywords,1,PUSH_INT,108,,lookahead == 108
p_2e37b4cdaedec620783f,julia,ts_lex_keywords,2,CMP_EQ,,,lookahead == 108
p_ecd2b2d657be79885559,julia,ts_lex_keywords,0,PUSH_LOOKAHEAD,,,lookahead == 109
p_ecd2b2d657be79885559,julia,ts_lex_keywords,1,PUSH_INT,109,,lookahead == 109
p_ecd2b2d657be79885559,julia,ts_lex_keywords,2,CMP_EQ,,,lookahead == 109
p_05d865a120c0d102cdfc,julia,ts_lex_keywords,0,PUSH_LOOKAHEAD,,,lookahead == 111
p_05d865a120c0d102cdfc,julia,ts_lex_keywords,1,PUSH_INT,111,,lookahead == 111
p_05d865a120c0d102cdfc,julia,ts_lex_keywords,2,CMP_EQ,,,lookahead == 111
p_e79fa5d37a94137ce501,julia,ts_lex_keywords,0,PUSH_LOOKAHEAD,,,lookahead == 112
p_e79fa5d37a94137ce501,julia,ts_lex_keywords,1,PUSH_INT,112,,lookahead == 112
p_e79fa5d37a94137ce501,julia,ts_lex_keywords,2,CMP_EQ,,,lookahead == 112
p_1693583d835cb131d4d1,julia,ts_lex_keywords,0,PUSH_LOOKAHEAD,,,lookahead == 113
p_1693583d835cb131d4d1,julia,ts_lex_keywords,1,PUSH_INT,113,,lookahead == 113
p_1693583d835cb131d4d1,julia,ts_lex_keywords,2,CMP_EQ,,,lookahead == 113
p_d575a80d3b6ec467cbfd,julia,ts_lex_keywords,0,PUSH_LOOKAHEAD,,,lookahead == 114
p_d575a80d3b6ec467cbfd,julia,ts_lex_keywords,1,PUSH_INT,114,,lookahead == 114
p_d575a80d3b6ec467cbfd,julia,ts_lex_keywords,2,CMP_EQ,,,lookahead == 114
p_df9ad96d1a6e3bef2766,julia,ts_lex_keywords,0,PUSH_LOOKAHEAD,,,lookahead == 115
p_df9ad96d1a6e3bef2766,julia,ts_lex_keywords,1,PUSH_INT,115,,lookahead == 115
p_df9ad96d1a6e3bef2766,julia,ts_lex_keywords,2,CMP_EQ,,,lookahead == 115
p_4639d53793c4a2ff9102,julia,ts_lex_keywords,0,PUSH_LOOKAHEAD,,,lookahead == 116
p_4639d53793c4a2ff9102,julia,ts_lex_keywords,1,PUSH_INT,116,,lookahead == 116
p_4639d53793c4a2ff9102,julia,ts_lex_keywords,2,CMP_EQ,,,lookahead == 116
p_ed17cb3e86b6f24a0655,julia,ts_lex_keywords,0,PUSH_LOOKAHEAD,,,lookahead == 117
p_ed17cb3e86b6f24a0655,julia,ts_lex_keywords,1,PUSH_INT,117,,lookahead == 117
p_ed17cb3e86b6f24a0655,julia,ts_lex_keywords,2,CMP_EQ,,,lookahead == 117
p_78caabdff51ff6b2ff36,julia,ts_lex_keywords,0,PUSH_LOOKAHEAD,,,lookahead == 119
p_78caabdff51ff6b2ff36,julia,ts_lex_keywords,1,PUSH_INT,119,,lookahead == 119
p_78caabdff51ff6b2ff36,julia,ts_lex_keywords,2,CMP_EQ,,,lookahead == 119
p_3f147f165a5b20b892c4,julia,ts_lex_keywords,0,PUSH_LOOKAHEAD,,,lookahead == 'b'
p_3f147f165a5b20b892c4,julia,ts_lex_keywords,1,PUSH_INT,98,,lookahead == 'b'
p_3f147f165a5b20b892c4,julia,ts_lex_keywords,2,CMP_EQ,,,lookahead == 'b'
p_833e696e5faaaa7172b1,julia,ts_lex_keywords,0,PUSH_LOOKAHEAD,,,lookahead == 's'
p_833e696e5faaaa7172b1,julia,ts_lex_keywords,1,PUSH_INT,115,,lookahead == 's'
p_833e696e5faaaa7172b1,julia,ts_lex_keywords,2,CMP_EQ,,,lookahead == 's'
p_2f576605c440631d2c9e,julia,ts_lex_keywords,0,PUSH_LOOKAHEAD,,,lookahead == 'a'
p_2f576605c440631d2c9e,julia,ts_lex_keywords,1,PUSH_INT,97,,lookahead == 'a'
p_2f576605c440631d2c9e,julia,ts_lex_keywords,2,CMP_EQ,,,lookahead == 'a'
p_6f2414ebdb09fd3f8930,julia,ts_lex_keywords,0,PUSH_LOOKAHEAD,,,lookahead == 'e'
p_6f2414ebdb09fd3f8930,julia,ts_lex_keywords,1,PUSH_INT,101,,lookahead == 'e'
p_6f2414ebdb09fd3f8930,julia,ts_lex_keywords,2,CMP_EQ,,,lookahead == 'e'
p_2c21972a35ccfa3f143a,julia,ts_lex_keywords,0,PUSH_LOOKAHEAD,,,lookahead == 'r'
p_2c21972a35ccfa3f143a,julia,ts_lex_keywords,1,PUSH_INT,114,,lookahead == 'r'
p_2c21972a35ccfa3f143a,julia,ts_lex_keywords,2,CMP_EQ,,,lookahead == 'r'
p_c2237a31b00044f77d15,julia,ts_lex_keywords,0,PUSH_LOOKAHEAD,,,lookahead == 'o'
p_c2237a31b00044f77d15,julia,ts_lex_keywords,1,PUSH_INT,111,,lookahead == 'o'
p_c2237a31b00044f77d15,julia,ts_lex_keywords,2,CMP_EQ,,,lookahead == 'o'
p_3d02d2134d129777ecca,julia,ts_lex_keywords,0,PUSH_LOOKAHEAD,,,lookahead == 'l'
p_3d02d2134d129777ecca,julia,ts_lex_keywords,1,PUSH_INT,108,,lookahead == 'l'
p_3d02d2134d129777ecca,julia,ts_lex_keywords,2,CMP_EQ,,,lookahead == 'l'
p_28718793ed6f482f8c4e,julia,ts_lex_keywords,0,PUSH_LOOKAHEAD,,,lookahead == 'n'
p_28718793ed6f482f8c4e,julia,ts_lex_keywords,1,PUSH_INT,110,,lookahead == 'n'
p_28718793ed6f482f8c4e,julia,ts_lex_keywords,2,CMP_EQ,,,lookahead == 'n'
p_420fbf876bf33eff24bf,julia,ts_lex_keywords,0,PUSH_LOOKAHEAD,,,lookahead == 'x'
p_420fbf876bf33eff24bf,julia,ts_lex_keywords,1,PUSH_INT,120,,lookahead == 'x'
p_420fbf876bf33eff24bf,julia,ts_lex_keywords,2,CMP_EQ,,,lookahead == 'x'
p_5b79391c5f44df5f28ca,julia,ts_lex_keywords,0,PUSH_LOOKAHEAD,,,lookahead == 'i'
p_5b79391c5f44df5f28ca,julia,ts_lex_keywords,1,PUSH_INT,105,,lookahead == 'i'
p_5b79391c5f44df5f28ca,julia,ts_lex_keywords,2,CMP_EQ,,,lookahead == 'i'
p_5d1c0aa59d14b6cc7820,julia,ts_lex_keywords,0,PUSH_LOOKAHEAD,,,lookahead == 'u'
p_5d1c0aa59d14b6cc7820,julia,ts_lex_keywords,1,PUSH_INT,117,,lookahead == 'u'
p_5d1c0aa59d14b6cc7820,julia,ts_lex_keywords,2,CMP_EQ,,,lookahead == 'u'
p_9f7edff92527822f6539,julia,ts_lex_keywords,0,PUSH_LOOKAHEAD,,,lookahead == 'f'
p_9f7edff92527822f6539,julia,ts_lex_keywords,1,PUSH_INT,102,,lookahead == 'f'
p_9f7edff92527822f6539,julia,ts_lex_keywords,2,CMP_EQ,,,lookahead == 'f'
p_c96f629692935faf0ca2,julia,ts_lex_keywords,0,PUSH_LOOKAHEAD,,,lookahead == 'm'
p_c96f629692935faf0ca2,julia,ts_lex_keywords,1,PUSH_INT,109,,lookahead == 'm'
p_c96f629692935faf0ca2,julia,ts_lex_keywords,2,CMP_EQ,,,lookahead == 'm'
p_0d443aa21cf7481270d4,julia,ts_lex_keywords,0,PUSH_LOOKAHEAD,,,lookahead == 't'
p_0d443aa21cf7481270d4,julia,ts_lex_keywords,1,PUSH_INT,116,,lookahead == 't'
p_0d443aa21cf7481270d4,julia,ts_lex_keywords,2,CMP_EQ,,,lookahead == 't'
p_0774d2d6a44aeaa3ee30,julia,ts_lex_keywords,0,PUSH_LOOKAHEAD,,,lookahead == 'y'
p_0774d2d6a44aeaa3ee30,julia,ts_lex_keywords,1,PUSH_INT,121,,lookahead == 'y'
p_0774d2d6a44aeaa3ee30,julia,ts_lex_keywords,2,CMP_EQ,,,lookahead == 'y'
p_87737b9401e4c7524da1,julia,ts_lex_keywords,0,PUSH_LOOKAHEAD,,,lookahead == 'h'
p_87737b9401e4c7524da1,julia,ts_lex_keywords,1,PUSH_INT,104,,lookahead == 'h'
p_87737b9401e4c7524da1,julia,ts_lex_keywords,2,CMP_EQ,,,lookahead == 'h'
p_4366fa4edc584bb691ab,julia,ts_lex_keywords,0,PUSH_LOOKAHEAD,,,lookahead == 'g'
p_4366fa4edc584bb691ab,julia,ts_lex_keywords,1,PUSH_INT,103,,lookahead == 'g'
p_4366fa4edc584bb691ab,julia,ts_lex_keywords,2,CMP_EQ,,,lookahead == 'g'
p_ccd6b3bca62b6884a684,julia,ts_lex_keywords,0,PUSH_LOOKAHEAD,,,lookahead == 'd'
p_ccd6b3bca62b6884a684,julia,ts_lex_keywords,1,PUSH_INT,100,,lookahead == 'd'
p_ccd6b3bca62b6884a684,julia,ts_lex_keywords,2,CMP_EQ,,,lookahead == 'd'
p_489e07158704acfb2b70,julia,ts_lex_keywords,0,PUSH_LOOKAHEAD,,,lookahead == 'p'
p_489e07158704acfb2b70,julia,ts_lex_keywords,1,PUSH_INT,112,,lookahead == 'p'
p_489e07158704acfb2b70,julia,ts_lex_keywords,2,CMP_EQ,,,lookahead == 'p'
p_97465a5bcc3abe98cd43,julia,ts_lex_keywords,0,PUSH_LOOKAHEAD,,,lookahead == 'c'
p_97465a5bcc3abe98cd43,julia,ts_lex_keywords,1,PUSH_INT,99,,lookahead == 'c'
p_97465a5bcc3abe98cd43,julia,ts_lex_keywords,2,CMP_EQ,,,lookahead == 'c'
p_33ef6290caad791d46cf,julia,ts_lex_keywords,0,PUSH_LOOKAHEAD,,,lookahead == 'k'
p_33ef6290caad791d46cf,julia,ts_lex_keywords,1,PUSH_INT,107,,lookahead == 'k'
p_33ef6290caad791d46cf,julia,ts_lex_keywords,2,CMP_EQ,,,lookahead == 'k'
p_91891429d58180d77196,julia,ts_lex_keywords,0,PUSH_LOOKAHEAD,,,lookahead == 'v'
p_91891429d58180d77196,julia,ts_lex_keywords,1,PUSH_INT,118,,lookahead == 'v'
p_91891429d58180d77196,julia,ts_lex_keywords,2,CMP_EQ,,,lookahead == 'v'
p_6eef1aac4b3462ebd805,nim,ts_lex,0,PUSH_EOF,,,eof
p_e4bfd2e05246f378ccd8,nim,ts_lex,0,PUSH_LOOKAHEAD,,,lookahead == '\n' || lookahead == '\r' || lookahead == ' '
p_e4bfd2e05246f378ccd8,nim,ts_lex,1,PUSH_INT,10,,lookahead == '\n' || lookahead == '\r' || lookahead == ' '
p_e4bfd2e05246f378ccd8,nim,ts_lex,2,CMP_EQ,,,lookahead == '\n' || lookahead == '\r' || lookahead == ' '
p_e4bfd2e05246f378ccd8,nim,ts_lex,3,PUSH_LOOKAHEAD,,,lookahead == '\n' || lookahead == '\r' || lookahead == ' '
p_e4bfd2e05246f378ccd8,nim,ts_lex,4,PUSH_INT,13,,lookahead == '\n' || lookahead == '\r' || lookahead == ' '
p_e4bfd2e05246f378ccd8,nim,ts_lex,5,CMP_EQ,,,lookahead == '\n' || lookahead == '\r' || lookahead == ' '
p_e4bfd2e05246f378ccd8,nim,ts_lex,6,OR,,,lookahead == '\n' || lookahead == '\r' || lookahead == ' '
p_e4bfd2e05246f378ccd8,nim,ts_lex,7,PUSH_LOOKAHEAD,,,lookahead == '\n' || lookahead == '\r' || lookahead == ' '
p_e4bfd2e05246f378ccd8,nim,ts_lex,8,PUSH_INT,32,,lookahead == '\n' || lookahead == '\r' || lookahead == ' '
p_e4bfd2e05246f378ccd8,nim,ts_lex,9,CMP_EQ,,,lookahead == '\n' || lookahead == '\r' || lookahead == ' '
p_e4bfd2e05246f378ccd8,nim,ts_lex,10,OR,,,lookahead == '\n' || lookahead == '\r' || lookahead == ' '
p_229a66f19f99c1bbab48,nim,ts_lex,0,PUSH_LOOKAHEAD,,,lookahead == '!' || ('<' <= lookahead && lookahead <= '>')
p_229a66f19f99c1bbab48,nim,ts_lex,1,PUSH_INT,33,,lookahead == '!' || ('<' <= lookahead && lookahead <= '>')
p_229a66f19f99c1bbab48,nim,ts_lex,2,CMP_EQ,,,lookahead == '!' || ('<' <= lookahead && lookahead <= '>')
p_229a66f19f99c1bbab48,nim,ts_lex,3,PUSH_INT,60,,lookahead == '!' || ('<' <= lookahead && lookahead <= '>')
p_229a66f19f99c1bbab48,nim,ts_lex,4,PUSH_LOOKAHEAD,,,lookahead == '!' || ('<' <= lookahead && lookahead <= '>')
p_229a66f19f99c1bbab48,nim,ts_lex,5,CMP_LE,,,lookahead == '!' || ('<' <= lookahead && lookahead <= '>')
p_229a66f19f99c1bbab48,nim,ts_lex,6,PUSH_LOOKAHEAD,,,lookahead == '!' || ('<' <= lookahead && lookahead <= '>')
p_229a66f19f99c1bbab48,nim,ts_lex,7,PUSH_INT,62,,lookahead == '!' || ('<' <= lookahead && lookahead <= '>')
p_229a66f19f99c1bbab48,nim,ts_lex,8,CMP_LE,,,lookahead == '!' || ('<' <= lookahead && lookahead <= '>')
p_229a66f19f99c1bbab48,nim,ts_lex,9,AND,,,lookahead == '!' || ('<' <= lookahead && lookahead <= '>')
p_229a66f19f99c1bbab48,nim,ts_lex,10,OR,,,lookahead == '!' || ('<' <= lookahead && lookahead <= '>')
p_1165555c0b171f40a54a,nim,ts_lex,0,PUSH_INT,49,,('1' <= lookahead && lookahead <= '9')
p_1165555c0b171f40a54a,nim,ts_lex,1,PUSH_LOOKAHEAD,,,('1' <= lookahead && lookahead <= '9')
p_1165555c0b171f40a54a,nim,ts_lex,2,CMP_LE,,,('1' <= lookahead && lookahead <= '9')
p_1165555c0b171f40a54a,nim,ts_lex,3,PUSH_LOOKAHEAD,,,('1' <= lookahead && lookahead <= '9')
p_1165555c0b171f40a54a,nim,ts_lex,4,PUSH_INT,57,,('1' <= lookahead && lookahead <= '9')
p_1165555c0b171f40a54a,nim,ts_lex,5,CMP_LE,,,('1' <= lookahead && lookahead <= '9')
p_1165555c0b171f40a54a,nim,ts_lex,6,AND,,,('1' <= lookahead && lookahead <= '9')
p_c275f06d62b62da39bbe,nim,ts_lex,0,PUSH_LOOKAHEAD,,,lookahead == '+' || lookahead == '|' || lookahead == 0xb1 || lookahead == 0x2228 || lookahead == 0x222a || (0x2294 <= lookahead && lookahead <= 0x2296) || lookahead == 0x229e || lookahead == 0x229f
p_c275f06d62b62da39bbe,nim,ts_lex,1,PUSH_INT,43,,lookahead == '+' || lookahead == '|' || lookahead == 0xb1 || lookahead == 0x2228 || lookahead == 0x222a || (0x2294 <= lookahead && lookahead <= 0x2296) || lookahead == 0x229e || lookahead == 0x229f
p_c275f06d62b62da39bbe,nim,ts_lex,2,CMP_EQ,,,lookahead == '+' || lookahead == '|' || lookahead == 0xb1 || lookahead == 0x2228 || lookahead == 0x222a || (0x2294 <= lookahead && lookahead <= 0x2296) || lookahead == 0x229e || lookahead == 0x229f
p_c275f06d62b62da39bbe,nim,ts_lex,3,PUSH_LOOKAHEAD,,,lookahead == '+' || lookahead == '|' || lookahead == 0xb1 || lookahead == 0x2228 || lookahead == 0x222a || (0x2294 <= lookahead && lookahead <= 0x2296) || lookahead == 0x229e || lookahead == 0x229f
p_c275f06d62b62da39bbe,nim,ts_lex,4,PUSH_INT,124,,lookahead == '+' || lookahead == '|' || lookahead == 0xb1 || lookahead == 0x2228 || lookahead == 0x222a || (0x2294 <= lookahead && lookahead <= 0x2296) || lookahead == 0x229e || lookahead == 0x229f
p_c275f06d62b62da39bbe,nim,ts_lex,5,CMP_EQ,,,lookahead == '+' || lookahead == '|' || lookahead == 0xb1 || lookahead == 0x2228 || lookahead == 0x222a || (0x2294 <= lookahead && lookahead <= 0x2296) || lookahead == 0x229e || lookahead == 0x229f
p_c275f06d62b62da39bbe,nim,ts_lex,6,OR,,,lookahead == '+' || lookahead == '|' || lookahead == 0xb1 || lookahead == 0x2228 || lookahead == 0x222a || (0x2294 <= lookahead && lookahead <= 0x2296) || lookahead == 0x229e || lookahead == 0x229f
p_c275f06d62b62da39bbe,nim,ts_lex,7,PUSH_LOOKAHEAD,,,lookahead == '+' || lookahead == '|' || lookahead == 0xb1 || lookahead == 0x2228 || lookahead == 0x222a || (0x2294 <= lookahead && lookahead <= 0x2296) || lookahead == 0x229e || lookahead == 0x229f
p_c275f06d62b62da39bbe,nim,ts_lex,8,PUSH_INT,177,,lookahead == '+' || lookahead == '|' || lookahead == 0xb1 || lookahead == 0x2228 || lookahead == 0x222a || (0x2294 <= lookahead && lookahead <= 0x2296) || lookahead == 0x229e || lookahead == 0x229f
p_c275f06d62b62da39bbe,nim,ts_lex,9,CMP_EQ,,,lookahead == '+' || lookahead == '|' || lookahead == 0xb1 || lookahead == 0x2228 || lookahead == 0x222a || (0x2294 <= lookahead && lookahead <= 0x2296) || lookahead == 0x229e || lookahead == 0x229f
p_c275f06d62b62da39bbe,nim,ts_lex,10,OR,,,lookahead == '+' || lookahead == '|' || lookahead == 0xb1 || lookahead == 0x2228 || lookahead == 0x222a || (0x2294 <= lookahead && lookahead <= 0x2296) || lookahead == 0x229e || lookahead == 0x229f
p_c275f06d62b62da39bbe,nim,ts_lex,11,PUSH_LOOKAHEAD,,,lookahead == '+' || lookahead == '|' || lookahead == 0xb1 || lookahead == 0x2228 || lookahead == 0x222a || (0x2294 <= lookahead && lookahead <= 0x2296) || lookahead == 0x229e || lookahead == 0x229f
p_c275f06d62b62da39bbe,nim,ts_lex,12,PUSH_INT,8744,,lookahead == '+' || lookahead == '|' || lookahead == 0xb1 || lookahead == 0x2228 || lookahead == 0x222a || (0x2294 <= lookahead && lookahead <= 0x2296) || lookahead == 0x229e || lookahead == 0x229f
p_c275f06d62b62da39bbe,nim,ts_lex,13,CMP_EQ,,,lookahead == '+' || lookahead == '|' || lookahead == 0xb1 || lookahead == 0x2228 || lookahead == 0x222a || (0x2294 <= lookahead && lookahead <= 0x2296) || lookahead == 0x229e || lookahead == 0x229f
p_c275f06d62b62da39bbe,nim,ts_lex,14,OR,,,lookahead == '+' || lookahead == '|' || lookahead == 0xb1 || lookahead == 0x2228 || lookahead == 0x222a || (0x2294 <= lookahead && lookahead <= 0x2296) || lookahead == 0x229e || lookahead == 0x229f
p_c275f06d62b62da39bbe,nim,ts_lex,15,PUSH_LOOKAHEAD,,,lookahead == '+' || lookahead == '|' || lookahead == 0xb1 || lookahead == 0x2228 || lookahead == 0x222a || (0x2294 <= lookahead && lookahead <= 0x2296) || lookahead == 0x229e || lookahead == 0x229f
p_c275f06d62b62da39bbe,nim,ts_lex,16,PUSH_INT,8746,,lookahead == '+' || lookahead == '|' || lookahead == 0xb1 || lookahead == 0x2228 || lookahead == 0x222a || (0x2294 <= lookahead && lookahead <= 0x2296) || lookahead == 0x229e || lookahead == 0x229f
p_c275f06d62b62da39bbe,nim,ts_lex,17,CMP_EQ,,,lookahead == '+' || lookahead == '|' || lookahead == 0xb1 || lookahead == 0x2228 || lookahead == 0x222a || (0x2294 <= lookahead && lookahead <= 0x2296) || lookahead == 0x229e || lookahead == 0x229f
p_c275f06d62b62da39bbe,nim,ts_lex,18,OR,,,lookahead == '+' || lookahead == '|' || lookahead == 0xb1 || lookahead == 0x2228 || lookahead == 0x222a || (0x2294 <= lookahead && lookahead <= 0x2296) || lookahead == 0x229e || lookahead == 0x229f
p_c275f06d62b62da39bbe,nim,ts_lex,19,PUSH_INT,8852,,lookahead == '+' || lookahead == '|' || lookahead == 0xb1 || lookahead == 0x2228 || lookahead == 0x222a || (0x2294 <= lookahead && lookahead <= 0x2296) || lookahead == 0x229e || lookahead == 0x229f
p_c275f06d62b62da39bbe,nim,ts_lex,20,PUSH_LOOKAHEAD,,,lookahead == '+' || lookahead == '|' || lookahead == 0xb1 || lookahead == 0x2228 || lookahead == 0x222a || (0x2294 <= lookahead && lookahead <= 0x2296) || lookahead == 0x229e || lookahead == 0x229f
p_c275f06d62b62da39bbe,nim,ts_lex,21,CMP_LE,,,lookahead == '+' || lookahead == '|' || lookahead == 0xb1 || lookahead == 0x2228 || lookahead == 0x222a || (0x2294 <= lookahead && lookahead <= 0x2296) || lookahead == 0x229e || lookahead == 0x229f
p_c275f06d62b62da39bbe,nim,ts_lex,22,PUSH_LOOKAHEAD,,,lookahead == '+' || lookahead == '|' || lookahead == 0xb1 || lookahead == 0x2228 || lookahead == 0x222a || (0x2294 <= lookahead && lookahead <= 0x2296) || lookahead == 0x229e || lookahead == 0x229f
p_c275f06d62b62da39bbe,nim,ts_lex,23,PUSH_INT,8854,,lookahead == '+' || lookahead == '|' || lookahead == 0xb1 || lookahead == 0x2228 || lookahead == 0x222a || (0x2294 <= lookahead && lookahead <= 0x2296) || lookahead == 0x229e || lookahead == 0x229f
p_c275f06d62b62da39bbe,nim,ts_lex,24,CMP_LE,,,lookahead == '+' || lookahead == '|' || lookahead == 0xb1 || lookahead == 0x2228 || lookahead == 0x222a || (0x2294 <= lookahead && lookahead <= 0x2296) || lookahead == 0x229e || lookahead == 0x229f
p_c275f06d62b62da39bbe,nim,ts_lex,25,AND,,,lookahead == '+' || lookahead == '|' || lookahead == 0xb1 || lookahead == 0x2228 || lookahead == 0x222a || (0x2294 <= lookahead && lookahead <= 0x2296) || lookahead == 0x229e || lookahead == 0x229f
p_c275f06d62b62da39bbe,nim,ts_lex,26,OR,,,lookahead == '+' || lookahead == '|' || lookahead == 0xb1 || lookahead == 0x2228 || lookahead == 0x222a || (0x2294 <= lookahead && lookahead <= 0x2296) || lookahead == 0x229e || lookahead == 0x229f
p_c275f06d62b62da39bbe,nim,ts_lex,27,PUSH_LOOKAHEAD,,,lookahead == '+' || lookahead == '|' || lookahead == 0xb1 || lookahead == 0x2228 || lookahead == 0x222a || (0x2294 <= lookahead && lookahead <= 0x2296) || lookahead == 0x229e || lookahead == 0x229f
p_c275f06d62b62da39bbe,nim,ts_lex,28,PUSH_INT,8862,,lookahead == '+' || lookahead == '|' || lookahead == 0xb1 || lookahead == 0x2228 || lookahead == 0x222a || (0x2294 <= lookahead && lookahead <= 0x2296) || lookahead == 0x229e || lookahead == 0x229f
p_c275f06d62b62da39bbe,nim,ts_lex,29,CMP_EQ,,,lookahead == '+' || lookahead == '|' || lookahead == 0xb1 || lookahead == 0x2228 || lookahead == 0x222a || (0x2294 <= lookahead && lookahead <= 0x2296) || lookahead == 0x229e || lookahead == 0x229f
p_c275f06d62b62da39bbe,nim,ts_lex,30,OR,,,lookahead == '+' || lookahead == '|' || lookahead == 0xb1 || lookahead == 0x2228 || lookahead == 0x222a || (0x2294 <= lookahead && lookahead <= 0x2296) || lookahead == 0x229e || lookahead == 0x229f
p_c275f06d62b62da39bbe,nim,ts_lex,31,PUSH_LOOKAHEAD,,,lookahead == '+' || lookahead == '|' || lookahead == 0xb1 || lookahead == 0x2228 || lookahead == 0x222a || (0x2294 <= lookahead && lookahead <= 0x2296) || lookahead == 0x229e || lookahead == 0x229f
p_c275f06d62b62da39bbe,nim,ts_lex,32,PUSH_INT,8863,,lookahead == '+' || lookahead == '|' || lookahead == 0xb1 || lookahead == 0x2228 || lookahead == 0x222a || (0x2294 <= lookahead && lookahead <= 0x2296) || lookahead == 0x229e || lookahead == 0x229f
p_c275f06d62b62da39bbe,nim,ts_lex,33,CMP_EQ,,,lookahead == '+' || lookahead == '|' || lookahead == 0xb1 || lookahead == 0x2228 || lookahead == 0x222a || (0x2294 <= lookahead && lookahead <= 0x2296) || lookahead == 0x229e || lookahead == 0x229f
p_c275f06d62b62da39bbe,nim,ts_lex,34,OR,,,lookahead == '+' || lookahead == '|' || lookahead == 0xb1 || lookahead == 0x2228 || lookahead == 0x222a || (0x2294 <= lookahead && lookahead <= 0x2296) || lookahead == 0x229e || lookahead == 0x229f
p_d5732a2a443bef638bf6,nim,ts_lex,0,SET_CONTAINS,aux_sym__infix_operator_9_token2_character_set_1,17,"set_contains(aux_sym__infix_operator_9_token2_character_set_1, 17, lookahead)"
p_8729cb8553b9e87ad088,nim,ts_lex,0,PUSH_LOOKAHEAD,,,lookahead > '@' && (lookahead < '{' || 0x7f < lookahead)
p_8729cb8553b9e87ad088,nim,ts_lex,1,PUSH_INT,64,,lookahead > '@' && (lookahead < '{' || 0x7f < lookahead)
p_8729cb8553b9e87ad088,nim,ts_lex,2,CMP_GT,,,lookahead > '@' && (lookahead < '{' || 0x7f < lookahead)
p_8729cb8553b9e87ad088,nim,ts_lex,3,PUSH_LOOKAHEAD,,,lookahead > '@' && (lookahead < '{' || 0x7f < lookahead)
p_8729cb8553b9e87ad088,nim,ts_lex,4,PUSH_INT,123,,lookahead > '@' && (lookahead < '{' || 0x7f < lookahead)
p_8729cb8553b9e87ad088,nim,ts_lex,5,CMP_LT,,,lookahead > '@' && (lookahead < '{' || 0x7f < lookahead)
p_8729cb8553b9e87ad088,nim,ts_lex,6,PUSH_INT,127,,lookahead > '@' && (lookahead < '{' || 0x7f < lookahead)
p_8729cb8553b9e87ad088,nim,ts_lex,7,PUSH_LOOKAHEAD,,,lookahead > '@' && (lookahead < '{' || 0x7f < lookahead)
p_8729cb8553b9e87ad088,nim,ts_lex,8,CMP_LT,,,lookahead > '@' && (lookahead < '{' || 0x7f < lookahead)
p_8729cb8553b9e87ad088,nim,ts_lex,9,OR,,,lookahead > '@' && (lookahead < '{' || 0x7f < lookahead)
p_8729cb8553b9e87ad088,nim,ts_lex,10,AND,,,lookahead > '@' && (lookahead < '{' || 0x7f < lookahead)
p_82e2d99dbfeb1280449a,nim,ts_lex,0,PUSH_LOOKAHEAD,,,lookahead == 34
p_82e2d99dbfeb1280449a,nim,ts_lex,1,PUSH_INT,34,,lookahead == 34
p_82e2d99dbfeb1280449a,nim,ts_lex,2,CMP_EQ,,,lookahead == 34
p_4eed851fddb82f8d392e,nim,ts_lex,0,PUSH_LOOKAHEAD,,,lookahead == 35
p_4eed851fddb82f8d392e,nim,ts_lex,1,PUSH_INT,35,,lookahead == 35
p_4eed851fddb82f8d392e,nim,ts_lex,2,CMP_EQ,,,lookahead == 35
p_7fff4feeca2933c80402,nim,ts_lex,0,PUSH_LOOKAHEAD,,,lookahead == 36
p_7fff4feeca2933c80402,nim,ts_lex,1,PUSH_INT,36,,lookahead == 36
p_7fff4feeca2933c80402,nim,ts_lex,2,CMP_EQ,,,lookahead == 36
p_e9f36a78046c12d10e2b,nim,ts_lex,0,PUSH_LOOKAHEAD,,,lookahead == 38
p_e9f36a78046c12d10e2b,nim,ts_lex,1,PUSH_INT,38,,lookahead == 38
p_e9f36a78046c12d10e2b,nim,ts_lex,2,CMP_EQ,,,lookahead == 38
p_16fb5ed3542bff32878b,nim,ts_lex,0,PUSH_LOOKAHEAD,,,lookahead == 39
p_16fb5ed3542bff32878b,nim,ts_lex,1,PUSH_INT,39,,lookahead == 39
p_16fb5ed3542bff32878b,nim,ts_lex,2,CMP_EQ,,,lookahead == 39
p_29e93bf70771ec99a415,nim,ts_lex,0,PUSH_LOOKAHEAD,,,lookahead == 40
p_29e93bf70771ec99a415,nim,ts_lex,1,PUSH_INT,40,,lookahead == 40
p_29e93bf70771ec99a415,nim,ts_lex,2,CMP_EQ,,,lookahead == 40
p_e8dc484b53243a99ddaa,nim,ts_lex,0,PUSH_LOOKAHEAD,,,lookahead == 41
p_e8dc484b53243a99ddaa,nim,ts_lex,1,PUSH_INT,41,,lookahead == 41
p_e8dc484b53243a99ddaa,nim,ts_lex,2,CMP_EQ,,,lookahead == 41
p_6a243bd814f5b8c66d73,nim,ts_lex,0,PUSH_LOOKAHEAD,,,lookahead == 42
p_6a243bd814f5b8c66d73,nim,ts_lex,1,PUSH_INT,42,,lookahead == 42
p_6a243bd814f5b8c66d73,nim,ts_lex,2,CMP_EQ,,,lookahead == 42
p_71db7e99eaba70944648,nim,ts_lex,0,PUSH_LOOKAHEAD,,,lookahead == 44
p_71db7e99eaba70944648,nim,ts_lex,1,PUSH_INT,44,,lookahead == 44
p_71db7e99eaba70944648,nim,ts_lex,2,CMP_EQ,,,lookahead == 44
p_ea4884a296d3906305c4,nim,ts_lex,0,PUSH_LOOKAHEAD,,,lookahead == 45
p_ea4884a296d3906305c4,nim,ts_lex,1,PUSH_INT,45,,lookahead == 45
p_ea4884a296d3906305c4,nim,ts_lex,2,CMP_EQ,,,lookahead == 45
p_e8170a24608df2ac4155,nim,ts_lex,0,PUSH_LOOKAHEAD,,,lookahead == 46
p_e8170a24608df2ac4155,nim,ts_lex,1,PUSH_INT,46,,lookahead == 46
p_e8170a24608df2ac4155,nim,ts_lex,2,CMP_EQ,,,lookahead == 46
p_2be67b25c0c293dd979f,nim,ts_lex,0,PUSH_LOOKAHEAD,,,lookahead == 48
p_2be67b25c0c293dd979f,nim,ts_lex,1,PUSH_INT,48,,lookahead == 48
p_2be67b25c0c293dd979f,nim,ts_lex,2,CMP_EQ,,,lookahead == 48
p_7b3c7ee2c97510e88778,nim,ts_lex,0,PUSH_LOOKAHEAD,,,lookahead == 58
p_7b3c7ee2c97510e88778,nim,ts_lex,1,PUSH_INT,58,,lookahead == 58
p_7b3c7ee2c97510e88778,nim,ts_lex,2,CMP_EQ,,,lookahead == 58
p_7c959c9e17f3543427a0,nim,ts_lex,0,PUSH_LOOKAHEAD,,,lookahead == 59
p_7c959c9e17f3543427a0,nim,ts_lex,1,PUSH_INT,59,,lookahead == 59
p_7c959c9e17f3543427a0,nim,ts_lex,2,CMP_EQ,,,lookahead == 59
p_da6e885e1cb68a04ff6d,nim,ts_lex,0,PUSH_LOOKAHEAD,,,lookahead == 61
p_da6e885e1cb68a04ff6d,nim,ts_lex,1,PUSH_INT,61,,lookahead == 61
p_da6e885e1cb68a04ff6d,nim,ts_lex,2,CMP_EQ,,,lookahead == 61
p_f4c280d8c2f0b9abb572,nim,ts_lex,0,PUSH_LOOKAHEAD,,,lookahead == 63
p_f4c280d8c2f0b9abb572,nim,ts_lex,1,PUSH_INT,63,,lookahead == 63
p_f4c280d8c2f0b9abb572,nim,ts_lex,2,CMP_EQ,,,lookahead == 63
p_8ad2d260cb48ebf46aeb,nim,ts_lex,0,PUSH_LOOKAHEAD,,,lookahead == 64
p_8ad2d260cb48ebf46aeb,nim,ts_lex,1,PUSH_INT,64,,lookahead == 64
p_8ad2d260cb48ebf46aeb,nim,ts_lex,2,CMP_EQ,,,lookahead == 64
p_aaa32bb12b9e3898afd5,nim,ts_lex,0,PUSH_LOOKAHEAD,,,lookahead == 82
p_aaa32bb12b9e3898afd5,nim,ts_lex,1,PUSH_INT,82,,lookahead == 82
p_aaa32bb12b9e3898afd5,nim,ts_lex,2,CMP_EQ,,,lookahead == 82
p_b4ce76459c9eff677a56,nim,ts_lex,0,PUSH_LOOKAHEAD,,,lookahead == 91
p_b4ce76459c9eff677a56,nim,ts_lex,1,PUSH_INT,91,,lookahead == 91
p_b4ce76459c9eff677a56,nim,ts_lex,2,CMP_EQ,,,lookahead == 91
p_56aa17a7de689c0836eb,nim,ts_lex,0,PUSH_LOOKAHEAD,,,lookahead == 93
p_56aa17a7de689c0836eb,nim,ts_lex,1,PUSH_INT,93,,lookahead == 93
p_56aa17a7de689c0836eb,nim,ts_lex,2,CMP_EQ,,,lookahead == 93
p_0423d29cbc6c22003e79,nim,ts_lex,0,PUSH_LOOKAHEAD,,,lookahead == 94
p_0423d29cbc6c22003e79,nim,ts_lex,1,PUSH_INT,94,,lookahead == 94
p_0423d29cbc6c22003e79,nim,ts_lex,2,CMP_EQ,,,lookahead == 94
p_13025a614a1212035ade,nim,ts_lex,0,PUSH_LOOKAHEAD,,,lookahead == 95
p_13025a614a1212035ade,nim,ts_lex,1,PUSH_INT,95,,lookahead == 95
p_13025a614a1212035ade,nim,ts_lex,2,CMP_EQ,,,lookahead == 95
p_890a664bc0692bbf77fb,nim,ts_lex,0,PUSH_LOOKAHEAD,,,lookahead == 96
p_890a664bc0692bbf77fb,nim,ts_lex,1,PUSH_INT,96,,lookahead == 96
p_890a664bc0692bbf77fb,nim,ts_lex,2,CMP_EQ,,,lookahead == 96
p_2b5554441978b75a2b03,nim,ts_lex,0,PUSH_LOOKAHEAD,,,lookahead == 102
p_2b5554441978b75a2b03,nim,ts_lex,1,PUSH_INT,102,,lookahead == 102
p_2b5554441978b75a2b03,nim,ts_lex,2,CMP_EQ,,,lookahead == 102
p_5b1cacd3d78aba41ff6e,nim,ts_lex,0,PUSH_LOOKAHEAD,,,lookahead == 114
p_5b1cacd3d78aba41ff6e,nim,ts_lex,1,PUSH_INT,114,,lookahead == 114
p_5b1cacd3d78aba41ff6e,nim,ts_lex,2,CMP_EQ,,,lookahead == 114
p_ad464cf0382c7b840f15,nim,ts_lex,0,PUSH_LOOKAHEAD,,,lookahead == 123
p_ad464cf0382c7b840f15,nim,ts_lex,1,PUSH_INT,123,,lookahead == 123
p_ad464cf0382c7b840f15,nim,ts_lex,2,CMP_EQ,,,lookahead == 123
p_83a2cc2b2d5779729048,nim,ts_lex,0,PUSH_LOOKAHEAD,,,lookahead == 125
p_83a2cc2b2d5779729048,nim,ts_lex,1,PUSH_INT,125,,lookahead == 125
p_83a2cc2b2d5779729048,nim,ts_lex,2,CMP_EQ,,,lookahead == 125
p_f20beb455eede103c8ab,nim,ts_lex,0,PUSH_LOOKAHEAD,,,lookahead == 126
p_f20beb455eede103c8ab,nim,ts_lex,1,PUSH_INT,126,,lookahead == 126
p_f20beb455eede103c8ab,nim,ts_lex,2,CMP_EQ,,,lookahead == 126
p_73910937d703aac1af8f,nim,ts_lex,0,PUSH_LOOKAHEAD,,,lookahead == ' '
p_73910937d703aac1af8f,nim,ts_lex,1,PUSH_INT,32,,lookahead == ' '
p_73910937d703aac1af8f,nim,ts_lex,2,CMP_EQ,,,lookahead == ' '
p_77d6f7c52c48331dc3b1,nim,ts_lex,0,PUSH_LOOKAHEAD,,,"lookahead == '""'"
p_77d6f7c52c48331dc3b1,nim,ts_lex,1,PUSH_INT,34,,"lookahead == '""'"
p_77d6f7c52c48331dc3b1,nim,ts_lex,2,CMP_EQ,,,"lookahead == '""'"
p_f8aab5f84419671fd1a7,nim,ts_lex,0,PUSH_LOOKAHEAD,,,lookahead == '#'
p_f8aab5f84419671fd1a7,nim,ts_lex,1,PUSH_INT,35,,lookahead == '#'
p_f8aab5f84419671fd1a7,nim,ts_lex,2,CMP_EQ,,,lookahead == '#'
p_1ccc61bb915cf082d643,nim,ts_lex,0,PUSH_LOOKAHEAD,,,lookahead == '\n' || lookahead == '\r'
p_1ccc61bb915cf082d643,nim,ts_lex,1,PUSH_INT,10,,lookahead == '\n' || lookahead == '\r'
p_1ccc61bb915cf082d643,nim,ts_lex,2,CMP_EQ,,,lookahead == '\n' || lookahead == '\r'
p_1ccc61bb915cf082d643,nim,ts_lex,3,PUSH_LOOKAHEAD,,,lookahead == '\n' || lookahead == '\r'
p_1ccc61bb915cf082d643,nim,ts_lex,4,PUSH_INT,13,,lookahead == '\n' || lookahead == '\r'
p_1ccc61bb915cf082d643,nim,ts_lex,5,CMP_EQ,,,lookahead == '\n' || lookahead == '\r'
p_1ccc61bb915cf082d643,nim,ts_lex,6,OR,,,lookahead == '\n' || lookahead == '\r'
p_a1c58a05f84b16260b89,nim,ts_lex,0,PUSH_LOOKAHEAD,,,lookahead != 0
p_a1c58a05f84b16260b89,nim,ts_lex,1,PUSH_INT,0,,lookahead != 0
p_a1c58a05f84b16260b89,nim,ts_lex,2,CMP_NE,,,lookahead != 0
p_41b6272caeafa44b4c68,nim,ts_lex,0,PUSH_LOOKAHEAD,,,lookahead == '\\'
p_41b6272caeafa44b4c68,nim,ts_lex,1,PUSH_INT,92,,lookahead == '\\'
p_41b6272caeafa44b4c68,nim,ts_lex,2,CMP_EQ,,,lookahead == '\\'
p_7869cfbf66e4f6e2fec6,nim,ts_lex,0,PUSH_LOOKAHEAD,,,lookahead != 0 && lookahead != '\''
p_7869cfbf66e4f6e2fec6,nim,ts_lex,1,PUSH_INT,0,,lookahead != 0 && lookahead != '\''
p_7869cfbf66e4f6e2fec6,nim,ts_lex,2,CMP_NE,,,lookahead != 0 && lookahead != '\''
p_7869cfbf66e4f6e2fec6,nim,ts_lex,3,PUSH_LOOKAHEAD,,,lookahead != 0 && lookahead != '\''
p_7869cfbf66e4f6e2fec6,nim,ts_lex,4,PUSH_INT,39,,lookahead != 0 && lookahead != '\''
p_7869cfbf66e4f6e2fec6,nim,ts_lex,5,CMP_NE,,,lookahead != 0 && lookahead != '\''
p_7869cfbf66e4f6e2fec6,nim,ts_lex,6,AND,,,lookahead != 0 && lookahead != '\''
p_5d21c82549efa3b641ba,nim,ts_lex,0,PUSH_LOOKAHEAD,,,lookahead > '@' && (lookahead < '[' || '`' < lookahead) && (lookahead < '{' || 0x7f < lookahead)
p_5d21c82549efa3b641ba,nim,ts_lex,1,PUSH_INT,64,,lookahead > '@' && (lookahead < '[' || '`' < lookahead) && (lookahead < '{' || 0x7f < lookahead)
p_5d21c82549efa3b641ba,nim,ts_lex,2,CMP_GT,,,lookahead > '@' && (lookahead < '[' || '`' < lookahead) && (lookahead < '{' || 0x7f < lookahead)
p_5d21c82549efa3b641ba,nim,ts_lex,3,PUSH_LOOKAHEAD,,,lookahead > '@' && (lookahead < '[' || '`' < lookahead) && (lookahead < '{' || 0x7f < lookahead)
p_5d21c82549efa3b641ba,nim,ts_lex,4,PUSH_INT,91,,lookahead > '@' && (lookahead < '[' || '`' < lookahead) && (lookahead < '{' || 0x7f < lookahead)
p_5d21c82549efa3b641ba,nim,ts_lex,5,CMP_LT,,,lookahead > '@' && (lookahead < '[' || '`' < lookahead) && (lookahead < '{' || 0x7f < lookahead)
p_5d21c82549efa3b641ba,nim,ts_lex,6,PUSH_INT,96,,lookahead > '@' && (lookahead < '[' || '`' < lookahead) && (lookahead < '{' || 0x7f < lookahead)
p_5d21c82549efa3b641ba,nim,ts_lex,7,PUSH_LOOKAHEAD,,,lookahead > '@' && (lookahead < '[' || '`' < lookahead) && (lookahead < '{' || 0x7f < lookahead)
p_5d21c82549efa3b641ba,nim,ts_lex,8,CMP_LT,,,lookahead > '@' && (lookahead < '[' || '`' < lookahead) && (lookahead < '{' || 0x7f < lookahead)
p_5d21c82549efa3b641ba,nim,ts_lex,9,OR,,,lookahead > '@' && (lookahead < '[' || '`' < lookahead) && (lookahead < '{' || 0x7f < lookahead)
p_5d21c82549efa3b641ba,nim,ts_lex,10,AND,,,lookahead > '@' && (lookahead < '[' || '`' < lookahead) && (lookahead < '{' || 0x7f < lookahead)
p_5d21c82549efa3b641ba,nim,ts_lex,11,PUSH_LOOKAHEAD,,,lookahead > '@' && (lookahead < '[' || '`' < lookahead) && (lookahead < '{' || 0x7f < lookahead)
p_5d21c82549efa3b641ba,nim,ts_lex,12,PUSH_INT,123,,lookahead > '@' && (lookahead < '[' || '`' < lookahead) && (lookahead < '{' || 0x7f < lookahead)
p_5d21c82549efa3b641ba,nim,ts_lex,13,CMP_LT,,,lookahead > '@' && (lookahead < '[' || '`' < lookahead) && (lookahead < '{' || 0x7f < lookahead)
p_5d21c82549efa3b641ba,nim,ts_lex,14,PUSH_INT,127,,lookahead > '@' && (lookahead < '[' || '`' < lookahead) && (lookahead < '{' || 0x7f < lookahead)
p_5d21c82549efa3b641ba,nim,ts_lex,15,PUSH_LOOKAHEAD,,,lookahead > '@' && (lookahead < '[' || '`' < lookahead) && (lookahead < '{' || 0x7f < lookahead)
p_5d21c82549efa3b641ba,nim,ts_lex,16,CMP_LT,,,lookahead > '@' && (lookahead < '[' || '`' < lookahead) && (lookahead < '{' || 0x7f < lookahead)
p_5d21c82549efa3b641ba,nim,ts_lex,17,OR,,,lookahead > '@' && (lookahead < '[' || '`' < lookahead) && (lookahead < '{' || 0x7f < lookahead)
p_5d21c82549efa3b641ba,nim,ts_lex,18,AND,,,lookahead > '@' && (lookahead < '[' || '`' < lookahead) && (lookahead < '{' || 0x7f < lookahead)
p_c6a49351cc2a3117176d,nim,ts_lex,0,PUSH_LOOKAHEAD,,,lookahead == ':'
p_c6a49351cc2a3117176d,nim,ts_lex,1,PUSH_INT,58,,lookahead == ':'
p_c6a49351cc2a3117176d,nim,ts_lex,2,CMP_EQ,,,lookahead == ':'
p_8eebf72c4fd2e0adeeb5,nim,ts_lex,0,PUSH_LOOKAHEAD,,,lookahead == ';'
p_8eebf72c4fd2e0adeeb5,nim,ts_lex,1,PUSH_INT,59,,lookahead == ';'
p_8eebf72c4fd2e0adeeb5,nim,ts_lex,2,CMP_EQ,,,lookahead == ';'
p_6cb89131e8fd759b35db,nim,ts_lex,0,PUSH_LOOKAHEAD,,,lookahead == '='
p_6cb89131e8fd759b35db,nim,ts_lex,1,PUSH_INT,61,,lookahead == '='
p_6cb89131e8fd759b35db,nim,ts_lex,2,CMP_EQ,,,lookahead == '='
p_fe0936660b17a79f9dec,nim,ts_lex,0,PUSH_LOOKAHEAD,,,lookahead == 'R'
p_fe0936660b17a79f9dec,nim,ts_lex,1,PUSH_INT,82,,lookahead == 'R'
p_fe0936660b17a79f9dec,nim,ts_lex,2,CMP_EQ,,,lookahead == 'R'
p_e5187f8bd6eb03355085,nim,ts_lex,0,PUSH_LOOKAHEAD,,,lookahead == 'r'
p_e5187f8bd6eb03355085,nim,ts_lex,1,PUSH_INT,114,,lookahead == 'r'
p_e5187f8bd6eb03355085,nim,ts_lex,2,CMP_EQ,,,lookahead == 'r'
p_1901a1d9878d7ed9e1a1,nim,ts_lex,0,SET_CONTAINS,sym_custom_numeric_literal_character_set_2,11,"set_contains(sym_custom_numeric_literal_character_set_2, 11, lookahead)"
p_cad6df5c337cba01e69d,nim,ts_lex,0,PUSH_LOOKAHEAD,,,lookahead == '`'
p_cad6df5c337cba01e69d,nim,ts_lex,1,PUSH_INT,96,,lookahead == '`'
p_cad6df5c337cba01e69d,nim,ts_lex,2,CMP_EQ,,,lookahead == '`'
p_2b6b07b225ba5c518ab1,nim,ts_lex,0,PUSH_LOOKAHEAD,,,lookahead > ' '
p_2b6b07b225ba5c518ab1,nim,ts_lex,1,PUSH_INT,32,,lookahead > ' '
p_2b6b07b225ba5c518ab1,nim,ts_lex,2,CMP_GT,,,lookahead > ' '
p_3750d37d142d458d4dd7,nim,ts_lex,0,PUSH_LOOKAHEAD,,,lookahead == '-'
p_3750d37d142d458d4dd7,nim,ts_lex,1,PUSH_INT,45,,lookahead == '-'
p_3750d37d142d458d4dd7,nim,ts_lex,2,CMP_EQ,,,lookahead == '-'
p_33bfcb753ddec2ff55e4,nim,ts_lex,0,PUSH_LOOKAHEAD,,,lookahead == '>'
p_33bfcb753ddec2ff55e4,nim,ts_lex,1,PUSH_INT,62,,lookahead == '>'
p_33bfcb753ddec2ff55e4,nim,ts_lex,2,CMP_EQ,,,lookahead == '>'
p_05b35577154866d9c1a1,nim,ts_lex,0,PUSH_LOOKAHEAD,,,lookahead == '~'
p_05b35577154866d9c1a1,nim,ts_lex,1,PUSH_INT,126,,lookahead == '~'
p_05b35577154866d9c1a1,nim,ts_lex,2,CMP_EQ,,,lookahead == '~'
p_be4e9695e2fdb7f524aa,nim,ts_lex,0,PUSH_LOOKAHEAD,,,lookahead == '!' || ('<' <= lookahead && lookahead <= '?')
p_be4e9695e2fdb7f524aa,nim,ts_lex,1,PUSH_INT,33,,lookahead == '!' || ('<' <= lookahead && lookahead <= '?')
p_be4e9695e2fdb7f524aa,nim,ts_lex,2,CMP_EQ,,,lookahead == '!' || ('<' <= lookahead && lookahead <= '?')
p_be4e9695e2fdb7f524aa,nim,ts_lex,3,PUSH_INT,60,,lookahead == '!' || ('<' <= lookahead && lookahead <= '?')
p_be4e9695e2fdb7f524aa,nim,ts_lex,4,PUSH_LOOKAHEAD,,,lookahead == '!' || ('<' <= lookahead && lookahead <= '?')
p_be4e9695e2fdb7f524aa,nim,ts_lex,5,CMP_LE,,,lookahead == '!' || ('<' <= lookahead && lookahead <= '?')
p_be4e9695e2fdb7f524aa,nim,ts_lex,6,PUSH_LOOKAHEAD,,,lookahead == '!' || ('<' <= lookahead && lookahead <= '?')
p_be4e9695e2fdb7f524aa,nim,ts_lex,7,PUSH_INT,63,,lookahead == '!' || ('<' <= lookahead && lookahead <= '?')
p_be4e9695e2fdb7f524aa,nim,ts_lex,8,CMP_LE,,,lookahead == '!' || ('<' <= lookahead && lookahead <= '?')
p_be4e9695e2fdb7f524aa,nim,ts_lex,9,AND,,,lookahead == '!' || ('<' <= lookahead && lookahead <= '?')
p_be4e9695e2fdb7f524aa,nim,ts_lex,10,OR,,,lookahead == '!' || ('<' <= lookahead && lookahead <= '?')
p_5909904380e809fd7ad9,nim,ts_lex,0,SET_CONTAINS,aux_sym__infix_operator_1_token1_character_set_2,17,"set_contains(aux_sym__infix_operator_1_token1_character_set_2, 17, lookahead)"
p_e434e4329aad09aec043,nim,ts_lex,0,PUSH_LOOKAHEAD,,,lookahead == '}'
p_e434e4329aad09aec043,nim,ts_lex,1,PUSH_INT,125,,lookahead == '}'
p_e434e4329aad09aec043,nim,ts_lex,2,CMP_EQ,,,lookahead == '}'
p_e153ecc12769468be1c2,nim,ts_lex,0,PUSH_LOOKAHEAD,,,lookahead == '.'
p_e153ecc12769468be1c2,nim,ts_lex,1,PUSH_INT,46,,lookahead == '.'
p_e153ecc12769468be1c2,nim,ts_lex,2,CMP_EQ,,,lookahead == '.'
p_0976872acf44b298bf9c,nim,ts_lex,0,PUSH_LOOKAHEAD,,,lookahead == '1'
p_0976872acf44b298bf9c,nim,ts_lex,1,PUSH_INT,49,,lookahead == '1'
p_0976872acf44b298bf9c,nim,ts_lex,2,CMP_EQ,,,lookahead == '1'
p_a6ce3939bbc644f0f7d8,nim,ts_lex,0,PUSH_LOOKAHEAD,,,lookahead == '3'
p_a6ce3939bbc644f0f7d8,nim,ts_lex,1,PUSH_INT,51,,lookahead == '3'
p_a6ce3939bbc644f0f7d8,nim,ts_lex,2,CMP_EQ,,,lookahead == '3'
p_58ca1eb80fed6ac3ce28,nim,ts_lex,0,PUSH_LOOKAHEAD,,,lookahead == '6'
p_58ca1eb80fed6ac3ce28,nim,ts_lex,1,PUSH_INT,54,,lookahead == '6'
p_58ca1eb80fed6ac3ce28,nim,ts_lex,2,CMP_EQ,,,lookahead == '6'
p_0c1bcf4cc59df463a87a,nim,ts_lex,0,PUSH_LOOKAHEAD,,,lookahead == '8'
p_0c1bcf4cc59df463a87a,nim,ts_lex,1,PUSH_INT,56,,lookahead == '8'
p_0c1bcf4cc59df463a87a,nim,ts_lex,2,CMP_EQ,,,lookahead == '8'
p_35c24cdf5100ac3d8b39,nim,ts_lex,0,PUSH_LOOKAHEAD,,,lookahead == '2'
p_35c24cdf5100ac3d8b39,nim,ts_lex,1,PUSH_INT,50,,lookahead == '2'
p_35c24cdf5100ac3d8b39,nim,ts_lex,2,CMP_EQ,,,lookahead == '2'
p_d7800851eb61506e99ce,nim,ts_lex,0,PUSH_LOOKAHEAD,,,lookahead == '4'
p_d7800851eb61506e99ce,nim,ts_lex,1,PUSH_INT,52,,lookahead == '4'
p_d7800851eb61506e99ce,nim,ts_lex,2,CMP_EQ,,,lookahead == '4'
p_17825a8740f52aaedac4,nim,ts_lex,0,PUSH_LOOKAHEAD,,,lookahead == '-' || lookahead == '=' || lookahead == '~'
p_17825a8740f52aaedac4,nim,ts_lex,1,PUSH_INT,45,,lookahead == '-' || lookahead == '=' || lookahead == '~'
p_17825a8740f52aaedac4,nim,ts_lex,2,CMP_EQ,,,lookahead == '-' || lookahead == '=' || lookahead == '~'
p_17825a8740f52aaedac4,nim,ts_lex,3,PUSH_LOOKAHEAD,,,lookahead == '-' || lookahead == '=' || lookahead == '~'
p_17825a8740f52aaedac4,nim,ts_lex,4,PUSH_INT,61,,lookahead == '-' || lookahead == '=' || lookahead == '~'
p_17825a8740f52aaedac4,nim,ts_lex,5,CMP_EQ,,,lookahead == '-' || lookahead == '=' || lookahead == '~'
p_17825a8740f52aaedac4,nim,ts_lex,6,OR,,,lookahead == '-' || lookahead == '=' || lookahead == '~'
p_17825a8740f52aaedac4,nim,ts_lex,7,PUSH_LOOKAHEAD,,,lookahead == '-' || lookahead == '=' || lookahead == '~'
p_17825a8740f52aaedac4,nim,ts_lex,8,PUSH_INT,126,,lookahead == '-' || lookahead == '=' || lookahead == '~'
p_17825a8740f52aaedac4,nim,ts_lex,9,CMP_EQ,,,lookahead == '-' || lookahead == '=' || lookahead == '~'
p_17825a8740f52aaedac4,nim,ts_lex,10,OR,,,lookahead == '-' || lookahead == '=' || lookahead == '~'
p_14c9a2c094c84a71f75e,nim,ts_lex,0,SET_CONTAINS,aux_sym__infix_operator_0_token1_character_set_1,18,"set_contains(aux_sym__infix_operator_0_token1_character_set_1, 18, lookahead)"
p_93fa8e784c5e38b2b96b,nim,ts_lex,0,PUSH_LOOKAHEAD,,,lookahead == '{'
p_93fa8e784c5e38b2b96b,nim,ts_lex,1,PUSH_INT,123,,lookahead == '{'
p_93fa8e784c5e38b2b96b,nim,ts_lex,2,CMP_EQ,,,lookahead == '{'
p_29825847c1092a1d8f42,nim,ts_lex,0,PUSH_INT,48,,('0' <= lookahead && lookahead <= '9') || ('A' <= lookahead && lookahead <= 'F') || ('a' <= lookahead && lookahead <= 'f')
p_29825847c1092a1d8f42,nim,ts_lex,1,PUSH_LOOKAHEAD,,,('0' <= lookahead && lookahead <= '9') || ('A' <= lookahead && lookahead <= 'F') || ('a' <= lookahead && lookahead <= 'f')
p_29825847c1092a1d8f42,nim,ts_lex,2,CMP_LE,,,('0' <= lookahead && lookahead <= '9') || ('A' <= lookahead && lookahead <= 'F') || ('a' <= lookahead && lookahead <= 'f')
p_29825847c1092a1d8f42,nim,ts_lex,3,PUSH_LOOKAHEAD,,,('0' <= lookahead && lookahead <= '9') || ('A' <= lookahead && lookahead <= 'F') || ('a' <= lookahead && lookahead <= 'f')
p_29825847c1092a1d8f42,nim,ts_lex,4,PUSH_INT,57,,('0' <= lookahead && lookahead <= '9') || ('A' <= lookahead && lookahead <= 'F') || ('a' <= lookahead && lookahead <= 'f')
p_29825847c1092a1d8f42,nim,ts_lex,5,CMP_LE,,,('0' <= lookahead && lookahead <= '9') || ('A' <= lookahead && lookahead <= 'F') || ('a' <= lookahead && lookahead <= 'f')
p_29825847c1092a1d8f42,nim,ts_lex,6,AND,,,('0' <= lookahead && lookahead <= '9') || ('A' <= lookahead && lookahead <= 'F') || ('a' <= lookahead && lookahead <= 'f')
p_29825847c1092a1d8f42,nim,ts_lex,7,PUSH_INT,65,,('0' <= lookahead && lookahead <= '9') || ('A' <= lookahead && lookahead <= 'F') || ('a' <= lookahead && lookahead <= 'f')
p_29825847c1092a1d8f42,nim,ts_lex,8,PUSH_LOOKAHEAD,,,('0' <= lookahead && lookahead <= '9') || ('A' <= lookahead && lookahead <= 'F') || ('a' <= lookahead && lookahead <= 'f')
p_29825847c1092a1d8f42,nim,ts_lex,9,CMP_LE,,,('0' <= lookahead && lookahead <= '9') || ('A' <= lookahead && lookahead <= 'F') || ('a' <= lookahead && lookahead <= 'f')
p_29825847c1092a1d8f42,nim,ts_lex,10,PUSH_LOOKAHEAD,,,('0' <= lookahead && lookahead <= '9') || ('A' <= lookahead && lookahead <= 'F') || ('a' <= lookahead && lookahead <= 'f')
p_29825847c1092a1d8f42,nim,ts_lex,11,PUSH_INT,70,,('0' <= lookahead && lookahead <= '9') || ('A' <= lookahead && lookahead <= 'F') || ('a' <= lookahead && lookahead <= 'f')
p_29825847c1092a1d8f42,nim,ts_lex,12,CMP_LE,,,('0' <= lookahead && lookahead <= '9') || ('A' <= lookahead && lookahead <= 'F') || ('a' <= lookahead && lookahead <= 'f')
p_29825847c1092a1d8f42,nim,ts_lex,13,AND,,,('0' <= lookahead && lookahead <= '9') || ('A' <= lookahead && lookahead <= 'F') || ('a' <= lookahead && lookahead <= 'f')
p_29825847c1092a1d8f42,nim,ts_lex,14,OR,,,('0' <= lookahead && lookahead <= '9') || ('A' <= lookahead && lookahead <= 'F') || ('a' <= lookahead && lookahead <= 'f')
p_29825847c1092a1d8f42,nim,ts_lex,15,PUSH_INT,97,,('0' <= lookahead && lookahead <= '9') || ('A' <= lookahead && lookahead <= 'F') || ('a' <= lookahead && lookahead <= 'f')
p_29825847c1092a1d8f42,nim,ts_lex,16,PUSH_LOOKAHEAD,,,('0' <= lookahead && lookahead <= '9') || ('A' <= lookahead && lookahead <= 'F') || ('a' <= lookahead && lookahead <= 'f')
p_29825847c1092a1d8f42,nim,ts_lex,17,CMP_LE,,,('0' <= lookahead && lookahead <= '9') || ('A' <= lookahead && lookahead <= 'F') || ('a' <= lookahead && lookahead <= 'f')
p_29825847c1092a1d8f42,nim,ts_lex,18,PUSH_LOOKAHEAD,,,('0' <= lookahead && lookahead <= '9') || ('A' <= lookahead && lookahead <= 'F') || ('a' <= lookahead && lookahead <= 'f')
p_29825847c1092a1d8f42,nim,ts_lex,19,PUSH_INT,102,,('0' <= lookahead && lookahead <= '9') || ('A' <= lookahead && lookahead <= 'F') || ('a' <= lookahead && lookahead <= 'f')
p_29825847c1092a1d8f42,nim,ts_lex,20,CMP_LE,,,('0' <= lookahead && lookahead <= '9') || ('A' <= lookahead && lookahead <= 'F') || ('a' <= lookahead && lookahead <= 'f')
p_29825847c1092a1d8f42,nim,ts_lex,21,AND,,,('0' <= lookahead && lookahead <= '9') || ('A' <= lookahead && lookahead <= 'F') || ('a' <= lookahead && lookahead <= 'f')
p_29825847c1092a1d8f42,nim,ts_lex,22,OR,,,('0' <= lookahead && lookahead <= '9') || ('A' <= lookahead && lookahead <= 'F') || ('a' <= lookahead && lookahead <= 'f')
p_dbbb55f4bb551080a867,nim,ts_lex,0,PUSH_LOOKAHEAD,,,lookahead == '+' || lookahead == '-'
p_dbbb55f4bb551080a867,nim,ts_lex,1,PUSH_INT,43,,lookahead == '+' || lookahead == '-'
p_dbbb55f4bb551080a867,nim,ts_lex,2,CMP_EQ,,,lookahead == '+' || lookahead == '-'
p_dbbb55f4bb551080a867,nim,ts_lex,3,PUSH_LOOKAHEAD,,,lookahead == '+' || lookahead == '-'
p_dbbb55f4bb551080a867,nim,ts_lex,4,PUSH_INT,45,,lookahead == '+' || lookahead == '-'
p_dbbb55f4bb551080a867,nim,ts_lex,5,CMP_EQ,,,lookahead == '+' || lookahead == '-'
p_dbbb55f4bb551080a867,nim,ts_lex,6,OR,,,lookahead == '+' || lookahead == '-'
p_de1c0b30800859b99bcf,nim,ts_lex,0,PUSH_INT,48,,('0' <= lookahead && lookahead <= '9')
p_de1c0b30800859b99bcf,nim,ts_lex,1,PUSH_LOOKAHEAD,,,('0' <= lookahead && lookahead <= '9')
p_de1c0b30800859b99bcf,nim,ts_lex,2,CMP_LE,,,('0' <= lookahead && lookahead <= '9')
p_de1c0b30800859b99bcf,nim,ts_lex,3,PUSH_LOOKAHEAD,,,('0' <= lookahead && lookahead <= '9')
p_de1c0b30800859b99bcf,nim,ts_lex,4,PUSH_INT,57,,('0' <= lookahead && lookahead <= '9')
p_de1c0b30800859b99bcf,nim,ts_lex,5,CMP_LE,,,('0' <= lookahead && lookahead <= '9')
p_de1c0b30800859b99bcf,nim,ts_lex,6,AND,,,('0' <= lookahead && lookahead <= '9')
p_985c5e874b2fd8eae88d,nim,ts_lex,0,PUSH_LOOKAHEAD,,,lookahead == 'M' || lookahead == 'm'
p_985c5e874b2fd8eae88d,nim,ts_lex,1,PUSH_INT,77,,lookahead == 'M' || lookahead == 'm'
p_985c5e874b2fd8eae88d,nim,ts_lex,2,CMP_EQ,,,lookahead == 'M' || lookahead == 'm'
p_985c5e874b2fd8eae88d,nim,ts_lex,3,PUSH_LOOKAHEAD,,,lookahead == 'M' || lookahead == 'm'
p_985c5e874b2fd8eae88d,nim,ts_lex,4,PUSH_INT,109,,lookahead == 'M' || lookahead == 'm'
p_985c5e874b2fd8eae88d,nim,ts_lex,5,CMP_EQ,,,lookahead == 'M' || lookahead == 'm'
p_985c5e874b2fd8eae88d,nim,ts_lex,6,OR,,,lookahead == 'M' || lookahead == 'm'
p_9a72f4b51db727340fe7,nim,ts_lex,0,SET_CONTAINS,sym_custom_numeric_literal_character_set_4,12,"set_contains(sym_custom_numeric_literal_character_set_4, 12, lookahead)"
p_058357d4b9e7169fd77e,nim,ts_lex,0,PUSH_LOOKAHEAD,,,lookahead == 'O' || lookahead == 'o'
p_058357d4b9e7169fd77e,nim,ts_lex,1,PUSH_INT,79,,lookahead == 'O' || lookahead == 'o'
p_058357d4b9e7169fd77e,nim,ts_lex,2,CMP_EQ,,,lookahead == 'O' || lookahead == 'o'
p_058357d4b9e7169fd77e,nim,ts_lex,3,PUSH_LOOKAHEAD,,,lookahead == 'O' || lookahead == 'o'
p_058357d4b9e7169fd77e,nim,ts_lex,4,PUSH_INT,111,,lookahead == 'O' || lookahead == 'o'
p_058357d4b9e7169fd77e,nim,ts_lex,5,CMP_EQ,,,lookahead == 'O' || lookahead == 'o'
p_058357d4b9e7169fd77e,nim,ts_lex,6,OR,,,lookahead == 'O' || lookahead == 'o'
p_4a7e70d085bafd9875c1,nim,ts_lex,0,PUSH_LOOKAHEAD,,,lookahead == 'R' || lookahead == 'r'
p_4a7e70d085bafd9875c1,nim,ts_lex,1,PUSH_INT,82,,lookahead == 'R' || lookahead == 'r'
p_4a7e70d085bafd9875c1,nim,ts_lex,2,CMP_EQ,,,lookahead == 'R' || lookahead == 'r'
p_4a7e70d085bafd9875c1,nim,ts_lex,3,PUSH_LOOKAHEAD,,,lookahead == 'R' || lookahead == 'r'
p_4a7e70d085bafd9875c1,nim,ts_lex,4,PUSH_INT,114,,lookahead == 'R' || lookahead == 'r'
p_4a7e70d085bafd9875c1,nim,ts_lex,5,CMP_EQ,,,lookahead == 'R' || lookahead == 'r'
p_4a7e70d085bafd9875c1,nim,ts_lex,6,OR,,,lookahead == 'R' || lookahead == 'r'
p_ec078e0e5f0a42a415b9,nim,ts_lex,0,PUSH_LOOKAHEAD,,,lookahead == 'U' || lookahead == 'u'
p_ec078e0e5f0a42a415b9,nim,ts_lex,1,PUSH_INT,85,,lookahead == 'U' || lookahead == 'u'
p_ec078e0e5f0a42a415b9,nim,ts_lex,2,CMP_EQ,,,lookahead == 'U' || lookahead == 'u'
p_ec078e0e5f0a42a415b9,nim,ts_lex,3,PUSH_LOOKAHEAD,,,lookahead == 'U' || lookahead == 'u'
p_ec078e0e5f0a42a415b9,nim,ts_lex,4,PUSH_INT,117,,lookahead == 'U' || lookahead == 'u'
p_ec078e0e5f0a42a415b9,nim,ts_lex,5,CMP_EQ,,,lookahead == 'U' || lookahead == 'u'
p_ec078e0e5f0a42a415b9,nim,ts_lex,6,OR,,,lookahead == 'U' || lookahead == 'u'
p_b558d12790e100ab0039,nim,ts_lex,0,PUSH_LOOKAHEAD,,,lookahead == 'X' || lookahead == 'x'
p_b558d12790e100ab0039,nim,ts_lex,1,PUSH_INT,88,,lookahead == 'X' || lookahead == 'x'
p_b558d12790e100ab0039,nim,ts_lex,2,CMP_EQ,,,lookahead == 'X' || lookahead == 'x'
p_b558d12790e100ab0039,nim,ts_lex,3,PUSH_LOOKAHEAD,,,lookahead == 'X' || lookahead == 'x'
p_b558d12790e100ab0039,nim,ts_lex,4,PUSH_INT,120,,lookahead == 'X' || lookahead == 'x'
p_b558d12790e100ab0039,nim,ts_lex,5,CMP_EQ,,,lookahead == 'X' || lookahead == 'x'
p_b558d12790e100ab0039,nim,ts_lex,6,OR,,,lookahead == 'X' || lookahead == 'x'
p_41032d65bc5908894fbb,nim,ts_lex,0,SET_CONTAINS,sym_escape_sequence_character_set_1,20,"set_contains(sym_escape_sequence_character_set_1, 20, lookahead)"
p_3756a45f04ccc8755e1a,nim,ts_lex,0,SET_CONTAINS,sym__char_escape_sequence_character_set_1,20,"set_contains(sym__char_escape_sequence_character_set_1, 20, lookahead)"
p_2b54b954bdc108276fc4,nim,ts_lex,0,PUSH_LOOKAHEAD,,,lookahead == '0' || lookahead == '1'
p_2b54b954bdc108276fc4,nim,ts_lex,1,PUSH_INT,48,,lookahead == '0' || lookahead == '1'
p_2b54b954bdc108276fc4,nim,ts_lex,2,CMP_EQ,,,lookahead == '0' || lookahead == '1'
p_2b54b954bdc108276fc4,nim,ts_lex,3,PUSH_LOOKAHEAD,,,lookahead == '0' || lookahead == '1'
p_2b54b954bdc108276fc4,nim,ts_lex,4,PUSH_INT,49,,lookahead == '0' || lookahead == '1'
p_2b54b954bdc108276fc4,nim,ts_lex,5,CMP_EQ,,,lookahead == '0' || lookahead == '1'
p_2b54b954bdc108276fc4,nim,ts_lex,6,OR,,,lookahead == '0' || lookahead == '1'
p_28f817f7bab94ceb39a0,nim,ts_lex,0,PUSH_LOOKAHEAD,,,lookahead == 68
p_28f817f7bab94ceb39a0,nim,ts_lex,1,PUSH_INT,68,,lookahead == 68
p_28f817f7bab94ceb39a0,nim,ts_lex,2,CMP_EQ,,,lookahead == 68
p_988ed2b40486be764a6a,nim,ts_lex,0,PUSH_LOOKAHEAD,,,lookahead == 70
p_988ed2b40486be764a6a,nim,ts_lex,1,PUSH_INT,70,,lookahead == 70
p_988ed2b40486be764a6a,nim,ts_lex,2,CMP_EQ,,,lookahead == 70
p_4b9325f20eb41ce67702,nim,ts_lex,0,PUSH_LOOKAHEAD,,,lookahead == 100
p_4b9325f20eb41ce67702,nim,ts_lex,1,PUSH_INT,100,,lookahead == 100
p_4b9325f20eb41ce67702,nim,ts_lex,2,CMP_EQ,,,lookahead == 100
p_756cb8138e5752c44d7b,nim,ts_lex,0,PUSH_LOOKAHEAD,,,lookahead == 73
p_756cb8138e5752c44d7b,nim,ts_lex,1,PUSH_INT,73,,lookahead == 73
p_756cb8138e5752c44d7b,nim,ts_lex,2,CMP_EQ,,,lookahead == 73
p_9b8c58b72c94202a9f1a,nim,ts_lex,0,PUSH_LOOKAHEAD,,,lookahead == 85
p_9b8c58b72c94202a9f1a,nim,ts_lex,1,PUSH_INT,85,,lookahead == 85
p_9b8c58b72c94202a9f1a,nim,ts_lex,2,CMP_EQ,,,lookahead == 85
p_3f26ec542fba28864969,nim,ts_lex,0,PUSH_LOOKAHEAD,,,lookahead == 105
p_3f26ec542fba28864969,nim,ts_lex,1,PUSH_INT,105,,lookahead == 105
p_3f26ec542fba28864969,nim,ts_lex,2,CMP_EQ,,,lookahead == 105
p_75b6cc9fc5d63bda3c8e,nim,ts_lex,0,PUSH_LOOKAHEAD,,,lookahead == 117
p_75b6cc9fc5d63bda3c8e,nim,ts_lex,1,PUSH_INT,117,,lookahead == 117
p_75b6cc9fc5d63bda3c8e,nim,ts_lex,2,CMP_EQ,,,lookahead == 117
p_5e669277ad5cbea4b2b5,nim,ts_lex,0,PUSH_LOOKAHEAD,,,lookahead == 'D' || lookahead == 'F' || lookahead == 'd' || lookahead == 'f'
p_5e669277ad5cbea4b2b5,nim,ts_lex,1,PUSH_INT,68,,lookahead == 'D' || lookahead == 'F' || lookahead == 'd' || lookahead == 'f'
p_5e669277ad5cbea4b2b5,nim,ts_lex,2,CMP_EQ,,,lookahead == 'D' || lookahead == 'F' || lookahead == 'd' || lookahead == 'f'
p_5e669277ad5cbea4b2b5,nim,ts_lex,3,PUSH_LOOKAHEAD,,,lookahead == 'D' || lookahead == 'F' || lookahead == 'd' || lookahead == 'f'
p_5e669277ad5cbea4b2b5,nim,ts_lex,4,PUSH_INT,70,,lookahead == 'D' || lookahead == 'F' || lookahead == 'd' || lookahead == 'f'
p_5e669277ad5cbea4b2b5,nim,ts_lex,5,CMP_EQ,,,lookahead == 'D' || lookahead == 'F' || lookahead == 'd' || lookahead == 'f'
p_5e669277ad5cbea4b2b5,nim,ts_lex,6,OR,,,lookahead == 'D' || lookahead == 'F' || lookahead == 'd' || lookahead == 'f'
p_5e669277ad5cbea4b2b5,nim,ts_lex,7,PUSH_LOOKAHEAD,,,lookahead == 'D' || lookahead == 'F' || lookahead == 'd' || lookahead == 'f'
p_5e669277ad5cbea4b2b5,nim,ts_lex,8,PUSH_INT,100,,lookahead == 'D' || lookahead == 'F' || lookahead == 'd' || lookahead == 'f'
p_5e669277ad5cbea4b2b5,nim,ts_lex,9,CMP_EQ,,,lookahead == 'D' || lookahead == 'F' || lookahead == 'd' || lookahead == 'f'
p_5e669277ad5cbea4b2b5,nim,ts_lex,10,OR,,,lookahead == 'D' || lookahead == 'F' || lookahead == 'd' || lookahead == 'f'
p_5e669277ad5cbea4b2b5,nim,ts_lex,11,PUSH_LOOKAHEAD,,,lookahead == 'D' || lookahead == 'F' || lookahead == 'd' || lookahead == 'f'
p_5e669277ad5cbea4b2b5,nim,ts_lex,12,PUSH_INT,102,,lookahead == 'D' || lookahead == 'F' || lookahead == 'd' || lookahead == 'f'
p_5e669277ad5cbea4b2b5,nim,ts_lex,13,CMP_EQ,,,lookahead == 'D' || lookahead == 'F' || lookahead == 'd' || lookahead == 'f'
p_5e669277ad5cbea4b2b5,nim,ts_lex,14,OR,,,lookahead == 'D' || lookahead == 'F' || lookahead == 'd' || lookahead == 'f'
p_b493c2bcff02cbc7981a,nim,ts_lex,0,PUSH_INT,48,,('0' <= lookahead && lookahead <= '7')
p_b493c2bcff02cbc7981a,nim,ts_lex,1,PUSH_LOOKAHEAD,,,('0' <= lookahead && lookahead <= '7')
p_b493c2bcff02cbc7981a,nim,ts_lex,2,CMP_LE,,,('0' <= lookahead && lookahead <= '7')
p_b493c2bcff02cbc7981a,nim,ts_lex,3,PUSH_LOOKAHEAD,,,('0' <= lookahead && lookahead <= '7')
p_b493c2bcff02cbc7981a,nim,ts_lex,4,PUSH_INT,55,,('0' <= lookahead && lookahead <= '7')
p_b493c2bcff02cbc7981a,nim,ts_lex,5,CMP_LE,,,('0' <= lookahead && lookahead <= '7')
p_b493c2bcff02cbc7981a,nim,ts_lex,6,AND,,,('0' <= lookahead && lookahead <= '7')
p_047613059b8da9f7562b,nim,ts_lex,0,PUSH_LOOKAHEAD,,,lookahead == '_'
p_047613059b8da9f7562b,nim,ts_lex,1,PUSH_INT,95,,lookahead == '_'
p_047613059b8da9f7562b,nim,ts_lex,2,CMP_EQ,,,lookahead == '_'
p_9de52a40bd73e14b2b09,nim,ts_lex,0,PUSH_LOOKAHEAD,,,lookahead == 62
p_9de52a40bd73e14b2b09,nim,ts_lex,1,PUSH_INT,62,,lookahead == 62
p_9de52a40bd73e14b2b09,nim,ts_lex,2,CMP_EQ,,,lookahead == 62
p_3d2b1f1d5d9030b36530,nim,ts_lex,0,PUSH_LOOKAHEAD,,,lookahead == 33
p_3d2b1f1d5d9030b36530,nim,ts_lex,1,PUSH_INT,33,,lookahead == 33
p_3d2b1f1d5d9030b36530,nim,ts_lex,2,CMP_EQ,,,lookahead == 33
p_f545019cdef5104762c9,nim,ts_lex,0,PUSH_LOOKAHEAD,,,lookahead == 60
p_f545019cdef5104762c9,nim,ts_lex,1,PUSH_INT,60,,lookahead == 60
p_f545019cdef5104762c9,nim,ts_lex,2,CMP_EQ,,,lookahead == 60
p_51573265488b1cf6f0c2,nim,ts_lex,0,PUSH_LOOKAHEAD,,,lookahead == 66
p_51573265488b1cf6f0c2,nim,ts_lex,1,PUSH_INT,66,,lookahead == 66
p_51573265488b1cf6f0c2,nim,ts_lex,2,CMP_EQ,,,lookahead == 66
p_1bc636ee762a47bf2547,nim,ts_lex,0,PUSH_LOOKAHEAD,,,lookahead == 98
p_1bc636ee762a47bf2547,nim,ts_lex,1,PUSH_INT,98,,lookahead == 98
p_1bc636ee762a47bf2547,nim,ts_lex,2,CMP_EQ,,,lookahead == 98
p_fe0996bcf9836a7b9bb7,nim,ts_lex,0,PUSH_LOOKAHEAD,,,lookahead == 69
p_fe0996bcf9836a7b9bb7,nim,ts_lex,1,PUSH_INT,69,,lookahead == 69
p_fe0996bcf9836a7b9bb7,nim,ts_lex,2,CMP_EQ,,,lookahead == 69
p_9965d8ef14943977f011,nim,ts_lex,0,PUSH_LOOKAHEAD,,,lookahead == 101
p_9965d8ef14943977f011,nim,ts_lex,1,PUSH_INT,101,,lookahead == 101
p_9965d8ef14943977f011,nim,ts_lex,2,CMP_EQ,,,lookahead == 101
p_3298f7c1c0250f74e4e6,nim,ts_lex,0,PUSH_LOOKAHEAD,,,lookahead == 79
p_3298f7c1c0250f74e4e6,nim,ts_lex,1,PUSH_INT,79,,lookahead == 79
p_3298f7c1c0250f74e4e6,nim,ts_lex,2,CMP_EQ,,,lookahead == 79
p_09887030873bd8394dc9,nim,ts_lex,0,PUSH_LOOKAHEAD,,,lookahead == 111
p_09887030873bd8394dc9,nim,ts_lex,1,PUSH_INT,111,,lookahead == 111
p_09887030873bd8394dc9,nim,ts_lex,2,CMP_EQ,,,lookahead == 111
p_9954dbb698029c374d0b,nim,ts_lex,0,PUSH_LOOKAHEAD,,,lookahead == 88
p_9954dbb698029c374d0b,nim,ts_lex,1,PUSH_INT,88,,lookahead == 88
p_9954dbb698029c374d0b,nim,ts_lex,2,CMP_EQ,,,lookahead == 88
p_77eb4804d8bb7a1c3482,nim,ts_lex,0,PUSH_LOOKAHEAD,,,lookahead == 120
p_77eb4804d8bb7a1c3482,nim,ts_lex,1,PUSH_INT,120,,lookahead == 120
p_77eb4804d8bb7a1c3482,nim,ts_lex,2,CMP_EQ,,,lookahead == 120
p_a33860bbd7c5c0d5593e,nim,ts_lex,0,PUSH_INT,48,,('0' <= lookahead && lookahead <= '9') || ('A' <= lookahead && lookahead <= 'E') || ('a' <= lookahead && lookahead <= 'e')
p_a33860bbd7c5c0d5593e,nim,ts_lex,1,PUSH_LOOKAHEAD,,,('0' <= lookahead && lookahead <= '9') || ('A' <= lookahead && lookahead <= 'E') || ('a' <= lookahead && lookahead <= 'e')
p_a33860bbd7c5c0d5593e,nim,ts_lex,2,CMP_LE,,,('0' <= lookahead && lookahead <= '9') || ('A' <= lookahead && lookahead <= 'E') || ('a' <= lookahead && lookahead <= 'e')
p_a33860bbd7c5c0d5593e,nim,ts_lex,3,PUSH_LOOKAHEAD,,,('0' <= lookahead && lookahead <= '9') || ('A' <= lookahead && lookahead <= 'E') || ('a' <= lookahead && lookahead <= 'e')
p_a33860bbd7c5c0d5593e,nim,ts_lex,4,PUSH_INT,57,,('0' <= lookahead && lookahead <= '9') || ('A' <= lookahead && lookahead <= 'E') || ('a' <= lookahead && lookahead <= 'e')
p_a33860bbd7c5c0d5593e,nim,ts_lex,5,CMP_LE,,,('0' <= lookahead && lookahead <= '9') || ('A' <= lookahead && lookahead <= 'E') || ('a' <= lookahead && lookahead <= 'e')
p_a33860bbd7c5c0d5593e,nim,ts_lex,6,AND,,,('0' <= lookahead && lookahead <= '9') || ('A' <= lookahead && lookahead <= 'E') || ('a' <= lookahead && lookahead <= 'e')
p_a33860bbd7c5c0d5593e,nim,ts_lex,7,PUSH_INT,65,,('0' <= lookahead && lookahead <= '9') || ('A' <= lookahead && lookahead <= 'E') || ('a' <= lookahead && lookahead <= 'e')
p_a33860bbd7c5c0d5593e,nim,ts_lex,8,PUSH_LOOKAHEAD,,,('0' <= lookahead && lookahead <= '9') || ('A' <= lookahead && lookahead <= 'E') || ('a' <= lookahead && lookahead <= 'e')
p_a33860bbd7c5c0d5593e,nim,ts_lex,9,CMP_LE,,,('0' <= lookahead && lookahead <= '9') || ('A' <= lookahead && lookahead <= 'E') || ('a' <= lookahead && lookahead <= 'e')
p_a33860bbd7c5c0d5593e,nim,ts_lex,10,PUSH_LOOKAHEAD,,,('0' <= lookahead && lookahead <= '9') || ('A' <= lookahead && lookahead <= 'E') || ('a' <= lookahead && lookahead <= 'e')
p_a33860bbd7c5c0d5593e,nim,ts_lex,11,PUSH_INT,69,,('0' <= lookahead && lookahead <= '9') || ('A' <= lookahead && lookahead <= 'E') || ('a' <= lookahead && lookahead <= 'e')
p_a33860bbd7c5c0d5593e,nim,ts_lex,12,CMP_LE,,,('0' <= lookahead && lookahead <= '9') || ('A' <= lookahead && lookahead <= 'E') || ('a' <= lookahead && lookahead <= 'e')
p_a33860bbd7c5c0d5593e,nim,ts_lex,13,AND,,,('0' <= lookahead && lookahead <= '9') || ('A' <= lookahead && lookahead <= 'E') || ('a' <= lookahead && lookahead <= 'e')
p_a33860bbd7c5c0d5593e,nim,ts_lex,14,OR,,,('0' <= lookahead && lookahead <= '9') || ('A' <= lookahead && lookahead <= 'E') || ('a' <= lookahead && lookahead <= 'e')
p_a33860bbd7c5c0d5593e,nim,ts_lex,15,PUSH_INT,97,,('0' <= lookahead && lookahead <= '9') || ('A' <= lookahead && lookahead <= 'E') || ('a' <= lookahead && lookahead <= 'e')
p_a33860bbd7c5c0d5593e,nim,ts_lex,16,PUSH_LOOKAHEAD,,,('0' <= lookahead && lookahead <= '9') || ('A' <= lookahead && lookahead <= 'E') || ('a' <= lookahead && lookahead <= 'e')
p_a33860bbd7c5c0d5593e,nim,ts_lex,17,CMP_LE,,,('0' <= lookahead && lookahead <= '9') || ('A' <= lookahead && lookahead <= 'E') || ('a' <= lookahead && lookahead <= 'e')
p_a33860bbd7c5c0d5593e,nim,ts_lex,18,PUSH_LOOKAHEAD,,,('0' <= lookahead && lookahead <= '9') || ('A' <= lookahead && lookahead <= 'E') || ('a' <= lookahead && lookahead <= 'e')
p_a33860bbd7c5c0d5593e,nim,ts_lex,19,PUSH_INT,101,,('0' <= lookahead && lookahead <= '9') || ('A' <= lookahead && lookahead <= 'E') || ('a' <= lookahead && lookahead <= 'e')
p_a33860bbd7c5c0d5593e,nim,ts_lex,20,CMP_LE,,,('0' <= lookahead && lookahead <= '9') || ('A' <= lookahead && lookahead <= 'E') || ('a' <= lookahead && lookahead <= 'e')
p_a33860bbd7c5c0d5593e,nim,ts_lex,21,AND,,,('0' <= lookahead && lookahead <= '9') || ('A' <= lookahead && lookahead <= 'E') || ('a' <= lookahead && lookahead <= 'e')
p_a33860bbd7c5c0d5593e,nim,ts_lex,22,OR,,,('0' <= lookahead && lookahead <= '9') || ('A' <= lookahead && lookahead <= 'E') || ('a' <= lookahead && lookahead <= 'e')
p_a442d6d41c2dadda1a53,nim,ts_lex,0,PUSH_LOOKAHEAD,,,lookahead == 49
p_a442d6d41c2dadda1a53,nim,ts_lex,1,PUSH_INT,49,,lookahead == 49
p_a442d6d41c2dadda1a53,nim,ts_lex,2,CMP_EQ,,,lookahead == 49
p_cf83d4faacd54b5ad799,nim,ts_lex,0,PUSH_LOOKAHEAD,,,lookahead == 51
p_cf83d4faacd54b5ad799,nim,ts_lex,1,PUSH_INT,51,,lookahead == 51
p_cf83d4faacd54b5ad799,nim,ts_lex,2,CMP_EQ,,,lookahead == 51
p_381e900ea872b5175edd,nim,ts_lex,0,PUSH_LOOKAHEAD,,,lookahead == 54
p_381e900ea872b5175edd,nim,ts_lex,1,PUSH_INT,54,,lookahead == 54
p_381e900ea872b5175edd,nim,ts_lex,2,CMP_EQ,,,lookahead == 54
p_37ff364eddc7fbc23ac6,nim,ts_lex,0,PUSH_LOOKAHEAD,,,lookahead == 50
p_37ff364eddc7fbc23ac6,nim,ts_lex,1,PUSH_INT,50,,lookahead == 50
p_37ff364eddc7fbc23ac6,nim,ts_lex,2,CMP_EQ,,,lookahead == 50
p_e2eedd409236fbc8d8fe,nim,ts_lex,0,PUSH_LOOKAHEAD,,,lookahead == 52
p_e2eedd409236fbc8d8fe,nim,ts_lex,1,PUSH_INT,52,,lookahead == 52
p_e2eedd409236fbc8d8fe,nim,ts_lex,2,CMP_EQ,,,lookahead == 52
p_c41a6714649f37ad3497,nim,ts_lex,0,PUSH_LOOKAHEAD,,,lookahead == 56
p_c41a6714649f37ad3497,nim,ts_lex,1,PUSH_INT,56,,lookahead == 56
p_c41a6714649f37ad3497,nim,ts_lex,2,CMP_EQ,,,lookahead == 56
p_cdef38072b588bceb6ae,nim,ts_lex,0,PUSH_LOOKAHEAD,,,lookahead == '\''
p_cdef38072b588bceb6ae,nim,ts_lex,1,PUSH_INT,39,,lookahead == '\''
p_cdef38072b588bceb6ae,nim,ts_lex,2,CMP_EQ,,,lookahead == '\''
p_bfd948c6e8a6afaa2552,nim,ts_lex,0,PUSH_LOOKAHEAD,,,"lookahead != 0 && lookahead != '\n' && lookahead != '\r' && lookahead != '""' && lookahead != '#' && lookahead != '\\'"
p_bfd948c6e8a6afaa2552,nim,ts_lex,1,PUSH_INT,0,,"lookahead != 0 && lookahead != '\n' && lookahead != '\r' && lookahead != '""' && lookahead != '#' && lookahead != '\\'"
p_bfd948c6e8a6afaa2552,nim,ts_lex,2,CMP_NE,,,"lookahead != 0 && lookahead != '\n' && lookahead != '\r' && lookahead != '""' && lookahead != '#' && lookahead != '\\'"
p_bfd948c6e8a6afaa2552,nim,ts_lex,3,PUSH_LOOKAHEAD,,,"lookahead != 0 && lookahead != '\n' && lookahead != '\r' && lookahead != '""' && lookahead != '#' && lookahead != '\\'"
p_bfd948c6e8a6afaa2552,nim,ts_lex,4,PUSH_INT,10,,"lookahead != 0 && lookahead != '\n' && lookahead != '\r' && lookahead != '""' && lookahead != '#' && lookahead != '\\'"
p_bfd948c6e8a6afaa2552,nim,ts_lex,5,CMP_NE,,,"lookahead != 0 && lookahead != '\n' && lookahead != '\r' && lookahead != '""' && lookahead != '#' && lookahead != '\\'"
p_bfd948c6e8a6afaa2552,nim,ts_lex,6,AND,,,"lookahead != 0 && lookahead != '\n' && lookahead != '\r' && lookahead != '""' && lookahead != '#' && lookahead != '\\'"
p_bfd948c6e8a6afaa2552,nim,ts_lex,7,PUSH_LOOKAHEAD,,,"lookahead != 0 && lookahead != '\n' && lookahead != '\r' && lookahead != '""' && lookahead != '#' && lookahead != '\\'"
p_bfd948c6e8a6afaa2552,nim,ts_lex,8,PUSH_INT,13,,"lookahead != 0 && lookahead != '\n' && lookahead != '\r' && lookahead != '""' && lookahead != '#' && lookahead != '\\'"
p_bfd948c6e8a6afaa2552,nim,ts_lex,9,CMP_NE,,,"lookahead != 0 && lookahead != '\n' && lookahead != '\r' && lookahead != '""' && lookahead != '#' && lookahead != '\\'"
p_bfd948c6e8a6afaa2552,nim,ts_lex,10,AND,,,"lookahead != 0 && lookahead != '\n' && lookahead != '\r' && lookahead != '""' && lookahead != '#' && lookahead != '\\'"
p_bfd948c6e8a6afaa2552,nim,ts_lex,11,PUSH_LOOKAHEAD,,,"lookahead != 0 && lookahead != '\n' && lookahead != '\r' && lookahead != '""' && lookahead != '#' && lookahead != '\\'"
p_bfd948c6e8a6afaa2552,nim,ts_lex,12,PUSH_INT,34,,"lookahead != 0 && lookahead != '\n' && lookahead != '\r' && lookahead != '""' && lookahead != '#' && lookahead != '\\'"
p_bfd948c6e8a6afaa2552,nim,ts_lex,13,CMP_NE,,,"lookahead != 0 && lookahead != '\n' && lookahead != '\r' && lookahead != '""' && lookahead != '#' && lookahead != '\\'"
p_bfd948c6e8a6afaa2552,nim,ts_lex,14,AND,,,"lookahead != 0 && lookahead != '\n' && lookahead != '\r' && lookahead != '""' && lookahead != '#' && lookahead != '\\'"
p_bfd948c6e8a6afaa2552,nim,ts_lex,15,PUSH_LOOKAHEAD,,,"lookahead != 0 && lookahead != '\n' && lookahead != '\r' && lookahead != '""' && lookahead != '#' && lookahead != '\\'"
p_bfd948c6e8a6afaa2552,nim,ts_lex,16,PUSH_INT,35,,"lookahead != 0 && lookahead != '\n' && lookahead != '\r' && lookahead != '""' && lookahead != '#' && lookahead != '\\'"
p_bfd948c6e8a6afaa2552,nim,ts_lex,17,CMP_NE,,,"lookahead != 0 && lookahead != '\n' && lookahead != '\r' && lookahead != '""' && lookahead != '#' && lookahead != '\\'"
p_bfd948c6e8a6afaa2552,nim,ts_lex,18,AND,,,"lookahead != 0 && lookahead != '\n' && lookahead != '\r' && lookahead != '""' && lookahead != '#' && lookahead != '\\'"
p_bfd948c6e8a6afaa2552,nim,ts_lex,19,PUSH_LOOKAHEAD,,,"lookahead != 0 && lookahead != '\n' && lookahead != '\r' && lookahead != '""' && lookahead != '#' && lookahead != '\\'"
p_bfd948c6e8a6afaa2552,nim,ts_lex,20,PUSH_INT,92,,"lookahead != 0 && lookahead != '\n' && lookahead != '\r' && lookahead != '""' && lookahead != '#' && lookahead != '\\'"
p_bfd948c6e8a6afaa2552,nim,ts_lex,21,CMP_NE,,,"lookahead != 0 && lookahead != '\n' && lookahead != '\r' && lookahead != '""' && lookahead != '#' && lookahead != '\\'"
p_bfd948c6e8a6afaa2552,nim,ts_lex,22,AND,,,"lookahead != 0 && lookahead != '\n' && lookahead != '\r' && lookahead != '""' && lookahead != '#' && lookahead != '\\'"
p_ad6917d281c3617fffa7,nim,ts_lex,0,PUSH_LOOKAHEAD,,,lookahead == '['
p_ad6917d281c3617fffa7,nim,ts_lex,1,PUSH_INT,91,,lookahead == '['
p_ad6917d281c3617fffa7,nim,ts_lex,2,CMP_EQ,,,lookahead == '['
p_304565884b046b74d0c2,nim,ts_lex,0,PUSH_LOOKAHEAD,,,"lookahead != 0 && lookahead != '\n' && lookahead != '\r' && lookahead != '""' && lookahead != '#' && lookahead != '[' && lookahead != '\\'"
p_304565884b046b74d0c2,nim,ts_lex,1,PUSH_INT,0,,"lookahead != 0 && lookahead != '\n' && lookahead != '\r' && lookahead != '""' && lookahead != '#' && lookahead != '[' && lookahead != '\\'"
p_304565884b046b74d0c2,nim,ts_lex,2,CMP_NE,,,"lookahead != 0 && lookahead != '\n' && lookahead != '\r' && lookahead != '""' && lookahead != '#' && lookahead != '[' && lookahead != '\\'"
p_304565884b046b74d0c2,nim,ts_lex,3,PUSH_LOOKAHEAD,,,"lookahead != 0 && lookahead != '\n' && lookahead != '\r' && lookahead != '""' && lookahead != '#' && lookahead != '[' && lookahead != '\\'"
p_304565884b046b74d0c2,nim,ts_lex,4,PUSH_INT,10,,"lookahead != 0 && lookahead != '\n' && lookahead != '\r' && lookahead != '""' && lookahead != '#' && lookahead != '[' && lookahead != '\\'"
p_304565884b046b74d0c2,nim,ts_lex,5,CMP_NE,,,"lookahead != 0 && lookahead != '\n' && lookahead != '\r' && lookahead != '""' && lookahead != '#' && lookahead != '[' && lookahead != '\\'"
p_304565884b046b74d0c2,nim,ts_lex,6,AND,,,"lookahead != 0 && lookahead != '\n' && lookahead != '\r' && lookahead != '""' && lookahead != '#' && lookahead != '[' && lookahead != '\\'"
p_304565884b046b74d0c2,nim,ts_lex,7,PUSH_LOOKAHEAD,,,"lookahead != 0 && lookahead != '\n' && lookahead != '\r' && lookahead != '""' && lookahead != '#' && lookahead != '[' && lookahead != '\\'"
p_304565884b046b74d0c2,nim,ts_lex,8,PUSH_INT,13,,"lookahead != 0 && lookahead != '\n' && lookahead != '\r' && lookahead != '""' && lookahead != '#' && lookahead != '[' && lookahead != '\\'"
p_304565884b046b74d0c2,nim,ts_lex,9,CMP_NE,,,"lookahead != 0 && lookahead != '\n' && lookahead != '\r' && lookahead != '""' && lookahead != '#' && lookahead != '[' && lookahead != '\\'"
p_304565884b046b74d0c2,nim,ts_lex,10,AND,,,"lookahead != 0 && lookahead != '\n' && lookahead != '\r' && lookahead != '""' && lookahead != '#' && lookahead != '[' && lookahead != '\\'"
p_304565884b046b74d0c2,nim,ts_lex,11,PUSH_LOOKAHEAD,,,"lookahead != 0 && lookahead != '\n' && lookahead != '\r' && lookahead != '""' && lookahead != '#' && lookahead != '[' && lookahead != '\\'"
p_304565884b046b74d0c2,nim,ts_lex,12,PUSH_INT,34,,"lookahead != 0 && lookahead != '\n' && lookahead != '\r' && lookahead != '""' && lookahead != '#' && lookahead != '[' && lookahead != '\\'"
p_304565884b046b74d0c2,nim,ts_lex,13,CMP_NE,,,"lookahead != 0 && lookahead != '\n' && lookahead != '\r' && lookahead != '""' && lookahead != '#' && lookahead != '[' && lookahead != '\\'"
p_304565884b046b74d0c2,nim,ts_lex,14,AND,,,"lookahead != 0 && lookahead != '\n' && lookahead != '\r' && lookahead != '""' && lookahead != '#' && lookahead != '[' && lookahead != '\\'"
p_304565884b046b74d0c2,nim,ts_lex,15,PUSH_LOOKAHEAD,,,"lookahead != 0 && lookahead != '\n' && lookahead != '\r' && lookahead != '""' && lookahead != '#' && lookahead != '[' && lookahead != '\\'"
p_304565884b046b74d0c2,nim,ts_lex,16,PUSH_INT,35,,"lookahead != 0 && lookahead != '\n' && lookahead != '\r' && lookahead != '""' && lookahead != '#' && lookahead != '[' && lookahead != '\\'"
p_304565884b046b74d0c2,nim,ts_lex,17,CMP_NE,,,"lookahead != 0 && lookahead != '\n' && lookahead != '\r' && lookahead != '""' && lookahead != '#' && lookahead != '[' && lookahead != '\\'"
p_304565884b046b74d0c2,nim,ts_lex,18,AND,,,"lookahead != 0 && lookahead != '\n' && lookahead != '\r' && lookahead != '""' && lookahead != '#' && lookahead != '[' && lookahead != '\\'"
p_304565884b046b74d0c2,nim,ts_lex,19,PUSH_LOOKAHEAD,,,"lookahead != 0 && lookahead != '\n' && lookahead != '\r' && lookahead != '""' && lookahead != '#' && lookahead != '[' && lookahead != '\\'"
p_304565884b046b74d0c2,nim,ts_lex,20,PUSH_INT,91,,"lookahead != 0 && lookahead != '\n' && lookahead != '\r' && lookahead != '""' && lookahead != '#' && lookahead != '[' && lookahead != '\\'"
p_304565884b046b74d0c2,nim,ts_lex,21,CMP_NE,,,"lookahead != 0 && lookahead != '\n' && lookahead != '\r' && lookahead != '""' && lookahead != '#' && lookahead != '[' && lookahead != '\\'"
p_304565884b046b74d0c2,nim,ts_lex,22,AND,,,"lookahead != 0 && lookahead != '\n' && lookahead != '\r' && lookahead != '""' && lookahead != '#' && lookahead != '[' && lookahead != '\\'"
p_304565884b046b74d0c2,nim,ts_lex,23,PUSH_LOOKAHEAD,,,"lookahead != 0 && lookahead != '\n' && lookahead != '\r' && lookahead != '""' && lookahead != '#' && lookahead != '[' && lookahead != '\\'"
p_304565884b046b74d0c2,nim,ts_lex,24,PUSH_INT,92,,"lookahead != 0 && lookahead != '\n' && lookahead != '\r' && lookahead != '""' && lookahead != '#' && lookahead != '[' && lookahead != '\\'"
p_304565884b046b74d0c2,nim,ts_lex,25,CMP_NE,,,"lookahead != 0 && lookahead != '\n' && lookahead != '\r' && lookahead != '""' && lookahead != '#' && lookahead != '[' && lookahead != '\\'"
p_304565884b046b74d0c2,nim,ts_lex,26,AND,,,"lookahead != 0 && lookahead != '\n' && lookahead != '\r' && lookahead != '""' && lookahead != '#' && lookahead != '[' && lookahead != '\\'"
p_ea16e12112ca99450808,nim,ts_lex,0,PUSH_LOOKAHEAD,,,"lookahead != 0 && lookahead != '\n' && lookahead != '\r' && lookahead != '""' && lookahead != '[' && lookahead != '\\'"
p_ea16e12112ca99450808,nim,ts_lex,1,PUSH_INT,0,,"lookahead != 0 && lookahead != '\n' && lookahead != '\r' && lookahead != '""' && lookahead != '[' && lookahead != '\\'"
p_ea16e12112ca99450808,nim,ts_lex,2,CMP_NE,,,"lookahead != 0 && lookahead != '\n' && lookahead != '\r' && lookahead != '""' && lookahead != '[' && lookahead != '\\'"
p_ea16e12112ca99450808,nim,ts_lex,3,PUSH_LOOKAHEAD,,,"lookahead != 0 && lookahead != '\n' && lookahead != '\r' && lookahead != '""' && lookahead != '[' && lookahead != '\\'"
p_ea16e12112ca99450808,nim,ts_lex,4,PUSH_INT,10,,"lookahead != 0 && lookahead != '\n' && lookahead != '\r' && lookahead != '""' && lookahead != '[' && lookahead != '\\'"
p_ea16e12112ca99450808,nim,ts_lex,5,CMP_NE,,,"lookahead != 0 && lookahead != '\n' && lookahead != '\r' && lookahead != '""' && lookahead != '[' && lookahead != '\\'"
p_ea16e12112ca99450808,nim,ts_lex,6,AND,,,"lookahead != 0 && lookahead != '\n' && lookahead != '\r' && lookahead != '""' && lookahead != '[' && lookahead != '\\'"
p_ea16e12112ca99450808,nim,ts_lex,7,PUSH_LOOKAHEAD,,,"lookahead != 0 && lookahead != '\n' && lookahead != '\r' && lookahead != '""' && lookahead != '[' && lookahead != '\\'"
p_ea16e12112ca99450808,nim,ts_lex,8,PUSH_INT,13,,"lookahead != 0 && lookahead != '\n' && lookahead != '\r' && lookahead != '""' && lookahead != '[' && lookahead != '\\'"
p_ea16e12112ca99450808,nim,ts_lex,9,CMP_NE,,,"lookahead != 0 && lookahead != '\n' && lookahead != '\r' && lookahead != '""' && lookahead != '[' && lookahead != '\\'"
p_ea16e12112ca99450808,nim,ts_lex,10,AND,,,"lookahead != 0 && lookahead != '\n' && lookahead != '\r' && lookahead != '""' && lookahead != '[' && lookahead != '\\'"
p_ea16e12112ca99450808,nim,ts_lex,11,PUSH_LOOKAHEAD,,,"lookahead != 0 && lookahead != '\n' && lookahead != '\r' && lookahead != '""' && lookahead != '[' && lookahead != '\\'"
p_ea16e12112ca99450808,nim,ts_lex,12,PUSH_INT,34,,"lookahead != 0 && lookahead != '\n' && lookahead != '\r' && lookahead != '""' && lookahead != '[' && lookahead != '\\'"
p_ea16e12112ca99450808,nim,ts_lex,13,CMP_NE,,,"lookahead != 0 && lookahead != '\n' && lookahead != '\r' && lookahead != '""' && lookahead != '[' && lookahead != '\\'"
p_ea16e12112ca99450808,nim,ts_lex,14,AND,,,"lookahead != 0 && lookahead != '\n' && lookahead != '\r' && lookahead != '""' && lookahead != '[' && lookahead != '\\'"
p_ea16e12112ca99450808,nim,ts_lex,15,PUSH_LOOKAHEAD,,,"lookahead != 0 && lookahead != '\n' && lookahead != '\r' && lookahead != '""' && lookahead != '[' && lookahead != '\\'"
p_ea16e12112ca99450808,nim,ts_lex,16,PUSH_INT,91,,"lookahead != 0 && lookahead != '\n' && lookahead != '\r' && lookahead != '""' && lookahead != '[' && lookahead != '\\'"
p_ea16e12112ca99450808,nim,ts_lex,17,CMP_NE,,,"lookahead != 0 && lookahead != '\n' && lookahead != '\r' && lookahead != '""' && lookahead != '[' && lookahead != '\\'"
p_ea16e12112ca99450808,nim,ts_lex,18,AND,,,"lookahead != 0 && lookahead != '\n' && lookahead != '\r' && lookahead != '""' && lookahead != '[' && lookahead != '\\'"
p_ea16e12112ca99450808,nim,ts_lex,19,PUSH_LOOKAHEAD,,,"lookahead != 0 && lookahead != '\n' && lookahead != '\r' && lookahead != '""' && lookahead != '[' && lookahead != '\\'"
p_ea16e12112ca99450808,nim,ts_lex,20,PUSH_INT,92,,"lookahead != 0 && lookahead != '\n' && lookahead != '\r' && lookahead != '""' && lookahead != '[' && lookahead != '\\'"
p_ea16e12112ca99450808,nim,ts_lex,21,CMP_NE,,,"lookahead != 0 && lookahead != '\n' && lookahead != '\r' && lookahead != '""' && lookahead != '[' && lookahead != '\\'"
p_ea16e12112ca99450808,nim,ts_lex,22,AND,,,"lookahead != 0 && lookahead != '\n' && lookahead != '\r' && lookahead != '""' && lookahead != '[' && lookahead != '\\'"
p_1eb626d4aefdc1963345,nim,ts_lex,0,PUSH_LOOKAHEAD,,,"lookahead != 0 && lookahead != '\n' && lookahead != '\r' && lookahead != '""' && lookahead != '\\'"
p_1eb626d4aefdc1963345,nim,ts_lex,1,PUSH_INT,0,,"lookahead != 0 && lookahead != '\n' && lookahead != '\r' && lookahead != '""' && lookahead != '\\'"
p_1eb626d4aefdc1963345,nim,ts_lex,2,CMP_NE,,,"lookahead != 0 && lookahead != '\n' && lookahead != '\r' && lookahead != '""' && lookahead != '\\'"
p_1eb626d4aefdc1963345,nim,ts_lex,3,PUSH_LOOKAHEAD,,,"lookahead != 0 && lookahead != '\n' && lookahead != '\r' && lookahead != '""' && lookahead != '\\'"
p_1eb626d4aefdc1963345,nim,ts_lex,4,PUSH_INT,10,,"lookahead != 0 && lookahead != '\n' && lookahead != '\r' && lookahead != '""' && lookahead != '\\'"
p_1eb626d4aefdc1963345,nim,ts_lex,5,CMP_NE,,,"lookahead != 0 && lookahead != '\n' && lookahead != '\r' && lookahead != '""' && lookahead != '\\'"
p_1eb626d4aefdc1963345,nim,ts_lex,6,AND,,,"lookahead != 0 && lookahead != '\n' && lookahead != '\r' && lookahead != '""' && lookahead != '\\'"
p_1eb626d4aefdc1963345,nim,ts_lex,7,PUSH_LOOKAHEAD,,,"lookahead != 0 && lookahead != '\n' && lookahead != '\r' && lookahead != '""' && lookahead != '\\'"
p_1eb626d4aefdc1963345,nim,ts_lex,8,PUSH_INT,13,,"lookahead != 0 && lookahead != '\n' && lookahead != '\r' && lookahead != '""' && lookahead != '\\'"
p_1eb626d4aefdc1963345,nim,ts_lex,9,CMP_NE,,,"lookahead != 0 && lookahead != '\n' && lookahead != '\r' && lookahead != '""' && lookahead != '\\'"
p_1eb626d4aefdc1963345,nim,ts_lex,10,AND,,,"lookahead != 0 && lookahead != '\n' && lookahead != '\r' && lookahead != '""' && lookahead != '\\'"
p_1eb626d4aefdc1963345,nim,ts_lex,11,PUSH_LOOKAHEAD,,,"lookahead != 0 && lookahead != '\n' && lookahead != '\r' && lookahead != '""' && lookahead != '\\'"
p_1eb626d4aefdc1963345,nim,ts_lex,12,PUSH_INT,34,,"lookahead != 0 && lookahead != '\n' && lookahead != '\r' && lookahead != '""' && lookahead != '\\'"
p_1eb626d4aefdc1963345,nim,ts_lex,13,CMP_NE,,,"lookahead != 0 && lookahead != '\n' && lookahead != '\r' && lookahead != '""' && lookahead != '\\'"
p_1eb626d4aefdc1963345,nim,ts_lex,14,AND,,,"lookahead != 0 && lookahead != '\n' && lookahead != '\r' && lookahead != '""' && lookahead != '\\'"
p_1eb626d4aefdc1963345,nim,ts_lex,15,PUSH_LOOKAHEAD,,,"lookahead != 0 && lookahead != '\n' && lookahead != '\r' && lookahead != '""' && lookahead != '\\'"
p_1eb626d4aefdc1963345,nim,ts_lex,16,PUSH_INT,92,,"lookahead != 0 && lookahead != '\n' && lookahead != '\r' && lookahead != '""' && lookahead != '\\'"
p_1eb626d4aefdc1963345,nim,ts_lex,17,CMP_NE,,,"lookahead != 0 && lookahead != '\n' && lookahead != '\r' && lookahead != '""' && lookahead != '\\'"
p_1eb626d4aefdc1963345,nim,ts_lex,18,AND,,,"lookahead != 0 && lookahead != '\n' && lookahead != '\r' && lookahead != '""' && lookahead != '\\'"
p_7a1239cba932f68243c7,nim,ts_lex,0,PUSH_LOOKAHEAD,,,"lookahead != 0 && lookahead != '""' && lookahead != '#'"
p_7a1239cba932f68243c7,nim,ts_lex,1,PUSH_INT,0,,"lookahead != 0 && lookahead != '""' && lookahead != '#'"
p_7a1239cba932f68243c7,nim,ts_lex,2,CMP_NE,,,"lookahead != 0 && lookahead != '""' && lookahead != '#'"
p_7a1239cba932f68243c7,nim,ts_lex,3,PUSH_LOOKAHEAD,,,"lookahead != 0 && lookahead != '""' && lookahead != '#'"
p_7a1239cba932f68243c7,nim,ts_lex,4,PUSH_INT,34,,"lookahead != 0 && lookahead != '""' && lookahead != '#'"
p_7a1239cba932f68243c7,nim,ts_lex,5,CMP_NE,,,"lookahead != 0 && lookahead != '""' && lookahead != '#'"
p_7a1239cba932f68243c7,nim,ts_lex,6,AND,,,"lookahead != 0 && lookahead != '""' && lookahead != '#'"
p_7a1239cba932f68243c7,nim,ts_lex,7,PUSH_LOOKAHEAD,,,"lookahead != 0 && lookahead != '""' && lookahead != '#'"
p_7a1239cba932f68243c7,nim,ts_lex,8,PUSH_INT,35,,"lookahead != 0 && lookahead != '""' && lookahead != '#'"
p_7a1239cba932f68243c7,nim,ts_lex,9,CMP_NE,,,"lookahead != 0 && lookahead != '""' && lookahead != '#'"
p_7a1239cba932f68243c7,nim,ts_lex,10,AND,,,"lookahead != 0 && lookahead != '""' && lookahead != '#'"
p_e6770ec1a2e0917cd9e0,nim,ts_lex,0,PUSH_LOOKAHEAD,,,"lookahead != 0 && lookahead != '""'"
p_e6770ec1a2e0917cd9e0,nim,ts_lex,1,PUSH_INT,0,,"lookahead != 0 && lookahead != '""'"
p_e6770ec1a2e0917cd9e0,nim,ts_lex,2,CMP_NE,,,"lookahead != 0 && lookahead != '""'"
p_e6770ec1a2e0917cd9e0,nim,ts_lex,3,PUSH_LOOKAHEAD,,,"lookahead != 0 && lookahead != '""'"
p_e6770ec1a2e0917cd9e0,nim,ts_lex,4,PUSH_INT,34,,"lookahead != 0 && lookahead != '""'"
p_e6770ec1a2e0917cd9e0,nim,ts_lex,5,CMP_NE,,,"lookahead != 0 && lookahead != '""'"
p_e6770ec1a2e0917cd9e0,nim,ts_lex,6,AND,,,"lookahead != 0 && lookahead != '""'"
p_e285bebf62118a649237,nim,ts_lex,0,PUSH_LOOKAHEAD,,,lookahead > ' ' && lookahead != '`'
p_e285bebf62118a649237,nim,ts_lex,1,PUSH_INT,32,,lookahead > ' ' && lookahead != '`'
p_e285bebf62118a649237,nim,ts_lex,2,CMP_GT,,,lookahead > ' ' && lookahead != '`'
p_e285bebf62118a649237,nim,ts_lex,3,PUSH_LOOKAHEAD,,,lookahead > ' ' && lookahead != '`'
p_e285bebf62118a649237,nim,ts_lex,4,PUSH_INT,96,,lookahead > ' ' && lookahead != '`'
p_e285bebf62118a649237,nim,ts_lex,5,CMP_NE,,,lookahead > ' ' && lookahead != '`'
p_e285bebf62118a649237,nim,ts_lex,6,AND,,,lookahead > ' ' && lookahead != '`'
p_f412b89c6d3b96041628,nim,ts_lex_keywords,0,PUSH_LOOKAHEAD,,,lookahead == '\n' || lookahead == '\r' || lookahead == ' '
p_f412b89c6d3b96041628,nim,ts_lex_keywords,1,PUSH_INT,10,,lookahead == '\n' || lookahead == '\r' || lookahead == ' '
p_f412b89c6d3b96041628,nim,ts_lex_keywords,2,CMP_EQ,,,lookahead == '\n' || lookahead == '\r' || lookahead == ' '
p_f412b89c6d3b96041628,nim,ts_lex_keywords,3,PUSH_LOOKAHEAD,,,lookahead == '\n' || lookahead == '\r' || lookahead == ' '
p_f412b89c6d3b96041628,nim,ts_lex_keywords,4,PUSH_INT,13,,lookahead == '\n' || lookahead == '\r' || lookahead == ' '
p_f412b89c6d3b96041628,nim,ts_lex_keywords,5,CMP_EQ,,,lookahead == '\n' || lookahead == '\r' || lookahead == ' '
p_f412b89c6d3b96041628,nim,ts_lex_keywords,6,OR,,,lookahead == '\n' || lookahead == '\r' || lookahead == ' '
p_f412b89c6d3b96041628,nim,ts_lex_keywords,7,PUSH_LOOKAHEAD,,,lookahead == '\n' || lookahead == '\r' || lookahead == ' '
p_f412b89c6d3b96041628,nim,ts_lex_keywords,8,PUSH_INT,32,,lookahead == '\n' || lookahead == '\r' || lookahead == ' '
p_f412b89c6d3b96041628,nim,ts_lex_keywords,9,CMP_EQ,,,lookahead == '\n' || lookahead == '\r' || lookahead == ' '
p_f412b89c6d3b96041628,nim,ts_lex_keywords,10,OR,,,lookahead == '\n' || lookahead == '\r' || lookahead == ' '
p_617dd8f76788ab558193,nim,ts_lex_keywords,0,PUSH_LOOKAHEAD,,,lookahead == 97
p_617dd8f76788ab558193,nim,ts_lex_keywords,1,PUSH_INT,97,,lookahead == 97
p_617dd8f76788ab558193,nim,ts_lex_keywords,2,CMP_EQ,,,lookahead == 97
p_47d49b79ef9e59cf54ac,nim,ts_lex_keywords,0,PUSH_LOOKAHEAD,,,lookahead == 98
p_47d49b79ef9e59cf54ac,nim,ts_lex_keywords,1,PUSH_INT,98,,lookahead == 98
p_47d49b79ef9e59cf54ac,nim,ts_lex_keywords,2,CMP_EQ,,,lookahead == 98
p_33c74ab71baf92c53034,nim,ts_lex_keywords,0,PUSH_LOOKAHEAD,,,lookahead == 99
p_33c74ab71baf92c53034,nim,ts_lex_keywords,1,PUSH_INT,99,,lookahead == 99
p_33c74ab71baf92c53034,nim,ts_lex_keywords,2,CMP_EQ,,,lookahead == 99
p_bd8230af8637dc54ef73,nim,ts_lex_keywords,0,PUSH_LOOKAHEAD,,,lookahead == 100
p_bd8230af8637dc54ef73,nim,ts_lex_keywords,1,PUSH_INT,100,,lookahead == 100
p_bd8230af8637dc54ef73,nim,ts_lex_keywords,2,CMP_EQ,,,lookahead == 100
p_aafa60e29f42d6512a35,nim,ts_lex_keywords,0,PUSH_LOOKAHEAD,,,lookahead == 101
p_aafa60e29f42d6512a35,nim,ts_lex_keywords,1,PUSH_INT,101,,lookahead == 101
p_aafa60e29f42d6512a35,nim,ts_lex_keywords,2,CMP_EQ,,,lookahead == 101
p_f088cda2cfb248ccfc85,nim,ts_lex_keywords,0,PUSH_LOOKAHEAD,,,lookahead == 102
p_f088cda2cfb248ccfc85,nim,ts_lex_keywords,1,PUSH_INT,102,,lookahead == 102
p_f088cda2cfb248ccfc85,nim,ts_lex_keywords,2,CMP_EQ,,,lookahead == 102
p_134d1bd7917bfe383cc9,nim,ts_lex_keywords,0,PUSH_LOOKAHEAD,,,lookahead == 105
p_134d1bd7917bfe383cc9,nim,ts_lex_keywords,1,PUSH_INT,105,,lookahead == 105
p_134d1bd7917bfe383cc9,nim,ts_lex_keywords,2,CMP_EQ,,,lookahead == 105
p_e83fe2d15bdc5269e011,nim,ts_lex_keywords,0,PUSH_LOOKAHEAD,,,lookahead == 108
p_e83fe2d15bdc5269e011,nim,ts_lex_keywords,1,PUSH_INT,108,,lookahead == 108
p_e83fe2d15bdc5269e011,nim,ts_lex_keywords,2,CMP_EQ,,,lookahead == 108
p_29e17c4c3efbe0f51177,nim,ts_lex_keywords,0,PUSH_LOOKAHEAD,,,lookahead == 109
p_29e17c4c3efbe0f51177,nim,ts_lex_keywords,1,PUSH_INT,109,,lookahead == 109
p_29e17c4c3efbe0f51177,nim,ts_lex_keywords,2,CMP_EQ,,,lookahead == 109
p_07f347243967a4639a34,nim,ts_lex_keywords,0,PUSH_LOOKAHEAD,,,lookahead == 110
p_07f347243967a4639a34,nim,ts_lex_keywords,1,PUSH_INT,110,,lookahead == 110
p_07f347243967a4639a34,nim,ts_lex_keywords,2,CMP_EQ,,,lookahead == 110
p_ec6fcba4f3b6d0d208bf,nim,ts_lex_keywords,0,PUSH_LOOKAHEAD,,,lookahead == 111
p_ec6fcba4f3b6d0d208bf,nim,ts_lex_keywords,1,PUSH_INT,111,,lookahead == 111
p_ec6fcba4f3b6d0d208bf,nim,ts_lex_keywords,2,CMP_EQ,,,lookahead == 111
p_7b1e70bc728f5b49aa47,nim,ts_lex_keywords,0,PUSH_LOOKAHEAD,,,lookahead == 112
p_7b1e70bc728f5b49aa47,nim,ts_lex_keywords,1,PUSH_INT,112,,lookahead == 112
p_7b1e70bc728f5b49aa47,nim,ts_lex_keywords,2,CMP_EQ,,,lookahead == 112
p_2724bc2124c3538ee3b1,nim,ts_lex_keywords,0,PUSH_LOOKAHEAD,,,lookahead == 114
p_2724bc2124c3538ee3b1,nim,ts_lex_keywords,1,PUSH_INT,114,,lookahead == 114
p_2724bc2124c3538ee3b1,nim,ts_lex_keywords,2,CMP_EQ,,,lookahead == 114
p_48e6e8fbe2998f98a002,nim,ts_lex_keywords,0,PUSH_LOOKAHEAD,,,lookahead == 115
p_48e6e8fbe2998f98a002,nim,ts_lex_keywords,1,PUSH_INT,115,,lookahead == 115
p_48e6e8fbe2998f98a002,nim,ts_lex_keywords,2,CMP_EQ,,,lookahead == 115
p_179dbe1757c1108fad21,nim,ts_lex_keywords,0,PUSH_LOOKAHEAD,,,lookahead == 116
p_179dbe1757c1108fad21,nim,ts_lex_keywords,1,PUSH_INT,116,,lookahead == 116
p_179dbe1757c1108fad21,nim,ts_lex_keywords,2,CMP_EQ,,,lookahead == 116
p_c0b2153c816521c14d8c,nim,ts_lex_keywords,0,PUSH_LOOKAHEAD,,,lookahead == 117
p_c0b2153c816521c14d8c,nim,ts_lex_keywords,1,PUSH_INT,117,,lookahead == 117
p_c0b2153c816521c14d8c,nim,ts_lex_keywords,2,CMP_EQ,,,lookahead == 117
p_92fd7b3c4fc4f481b680,nim,ts_lex_keywords,0,PUSH_LOOKAHEAD,,,lookahead == 118
p_92fd7b3c4fc4f481b680,nim,ts_lex_keywords,1,PUSH_INT,118,,lookahead == 118
p_92fd7b3c4fc4f481b680,nim,ts_lex_keywords,2,CMP_EQ,,,lookahead == 118
p_fe10a02aac68baccbe73,nim,ts_lex_keywords,0,PUSH_LOOKAHEAD,,,lookahead == 119
p_fe10a02aac68baccbe73,nim,ts_lex_keywords,1,PUSH_INT,119,,lookahead == 119
p_fe10a02aac68baccbe73,nim,ts_lex_keywords,2,CMP_EQ,,,lookahead == 119
p_b0126efea764f0a0f8f9,nim,ts_lex_keywords,0,PUSH_LOOKAHEAD,,,lookahead == 120
p_b0126efea764f0a0f8f9,nim,ts_lex_keywords,1,PUSH_INT,120,,lookahead == 120
p_b0126efea764f0a0f8f9,nim,ts_lex_keywords,2,CMP_EQ,,,lookahead == 120
p_35290e388909ef124749,nim,ts_lex_keywords,0,PUSH_LOOKAHEAD,,,lookahead == 121
p_35290e388909ef124749,nim,ts_lex_keywords,1,PUSH_INT,121,,lookahead == 121
p_35290e388909ef124749,nim,ts_lex_keywords,2,CMP_EQ,,,lookahead == 121
p_ca18a7baceb6eca6ee4a,nim,ts_lex_keywords,0,PUSH_LOOKAHEAD,,,lookahead == '_'
p_ca18a7baceb6eca6ee4a,nim,ts_lex_keywords,1,PUSH_INT,95,,lookahead == '_'
p_ca18a7baceb6eca6ee4a,nim,ts_lex_keywords,2,CMP_EQ,,,lookahead == '_'
p_a3974d579e555720d7ea,nim,ts_lex_keywords,0,PUSH_LOOKAHEAD,,,lookahead == 'N' || lookahead == 'n'
p_a3974d579e555720d7ea,nim,ts_lex_keywords,1,PUSH_INT,78,,lookahead == 'N' || lookahead == 'n'
p_a3974d579e555720d7ea,nim,ts_lex_keywords,2,CMP_EQ,,,lookahead == 'N' || lookahead == 'n'
p_a3974d579e555720d7ea,nim,ts_lex_keywords,3,PUSH_LOOKAHEAD,,,lookahead == 'N' || lookahead == 'n'
p_a3974d579e555720d7ea,nim,ts_lex_keywords,4,PUSH_INT,110,,lookahead == 'N' || lookahead == 'n'
p_a3974d579e555720d7ea,nim,ts_lex_keywords,5,CMP_EQ,,,lookahead == 'N' || lookahead == 'n'
p_a3974d579e555720d7ea,nim,ts_lex_keywords,6,OR,,,lookahead == 'N' || lookahead == 'n'
p_620a6151d2e34927afde,nim,ts_lex_keywords,0,PUSH_LOOKAHEAD,,,lookahead == 'S' || lookahead == 's'
p_620a6151d2e34927afde,nim,ts_lex_keywords,1,PUSH_INT,83,,lookahead == 'S' || lookahead == 's'
p_620a6151d2e34927afde,nim,ts_lex_keywords,2,CMP_EQ,,,lookahead == 'S' || lookahead == 's'
p_620a6151d2e34927afde,nim,ts_lex_keywords,3,PUSH_LOOKAHEAD,,,lookahead == 'S' || lookahead == 's'
p_620a6151d2e34927afde,nim,ts_lex_keywords,4,PUSH_INT,115,,lookahead == 'S' || lookahead == 's'
p_620a6151d2e34927afde,nim,ts_lex_keywords,5,CMP_EQ,,,lookahead == 'S' || lookahead == 's'
p_620a6151d2e34927afde,nim,ts_lex_keywords,6,OR,,,lookahead == 'S' || lookahead == 's'
p_c01a5225d4cade75c41a,nim,ts_lex_keywords,0,PUSH_LOOKAHEAD,,,lookahead == 'I' || lookahead == 'i'
p_c01a5225d4cade75c41a,nim,ts_lex_keywords,1,PUSH_INT,73,,lookahead == 'I' || lookahead == 'i'
p_c01a5225d4cade75c41a,nim,ts_lex_keywords,2,CMP_EQ,,,lookahead == 'I' || lookahead == 'i'
p_c01a5225d4cade75c41a,nim,ts_lex_keywords,3,PUSH_LOOKAHEAD,,,lookahead == 'I' || lookahead == 'i'
p_c01a5225d4cade75c41a,nim,ts_lex_keywords,4,PUSH_INT,105,,lookahead == 'I' || lookahead == 'i'
p_c01a5225d4cade75c41a,nim,ts_lex_keywords,5,CMP_EQ,,,lookahead == 'I' || lookahead == 'i'
p_c01a5225d4cade75c41a,nim,ts_lex_keywords,6,OR,,,lookahead == 'I' || lookahead == 'i'
p_6e606179ec4ea42439f4,nim,ts_lex_keywords,0,PUSH_LOOKAHEAD,,,lookahead == 'L' || lookahead == 'l'
p_6e606179ec4ea42439f4,nim,ts_lex_keywords,1,PUSH_INT,76,,lookahead == 'L' || lookahead == 'l'
p_6e606179ec4ea42439f4,nim,ts_lex_keywords,2,CMP_EQ,,,lookahead == 'L' || lookahead == 'l'
p_6e606179ec4ea42439f4,nim,ts_lex_keywords,3,PUSH_LOOKAHEAD,,,lookahead == 'L' || lookahead == 'l'
p_6e606179ec4ea42439f4,nim,ts_lex_keywords,4,PUSH_INT,108,,lookahead == 'L' || lookahead == 'l'
p_6e606179ec4ea42439f4,nim,ts_lex_keywords,5,CMP_EQ,,,lookahead == 'L' || lookahead == 'l'
p_6e606179ec4ea42439f4,nim,ts_lex_keywords,6,OR,,,lookahead == 'L' || lookahead == 'l'
p_6a7ed13e95c1ec674ade,nim,ts_lex_keywords,0,PUSH_LOOKAHEAD,,,lookahead == 'R' || lookahead == 'r'
p_6a7ed13e95c1ec674ade,nim,ts_lex_keywords,1,PUSH_INT,82,,lookahead == 'R' || lookahead == 'r'
p_6a7ed13e95c1ec674ade,nim,ts_lex_keywords,2,CMP_EQ,,,lookahead == 'R' || lookahead == 'r'
p_6a7ed13e95c1ec674ade,nim,ts_lex_keywords,3,PUSH_LOOKAHEAD,,,lookahead == 'R' || lookahead == 'r'
p_6a7ed13e95c1ec674ade,nim,ts_lex_keywords,4,PUSH_INT,114,,lookahead == 'R' || lookahead == 'r'
p_6a7ed13e95c1ec674ade,nim,ts_lex_keywords,5,CMP_EQ,,,lookahead == 'R' || lookahead == 'r'
p_6a7ed13e95c1ec674ade,nim,ts_lex_keywords,6,OR,,,lookahead == 'R' || lookahead == 'r'
p_53b1a46a9d942c8ada36,nim,ts_lex_keywords,0,PUSH_LOOKAHEAD,,,lookahead == 'A' || lookahead == 'a'
p_53b1a46a9d942c8ada36,nim,ts_lex_keywords,1,PUSH_INT,65,,lookahead == 'A' || lookahead == 'a'
p_53b1a46a9d942c8ada36,nim,ts_lex_keywords,2,CMP_EQ,,,lookahead == 'A' || lookahead == 'a'
p_53b1a46a9d942c8ada36,nim,ts_lex_keywords,3,PUSH_LOOKAHEAD,,,lookahead == 'A' || lookahead == 'a'
p_53b1a46a9d942c8ada36,nim,ts_lex_keywords,4,PUSH_INT,97,,lookahead == 'A' || lookahead == 'a'
p_53b1a46a9d942c8ada36,nim,ts_lex_keywords,5,CMP_EQ,,,lookahead == 'A' || lookahead == 'a'
p_53b1a46a9d942c8ada36,nim,ts_lex_keywords,6,OR,,,lookahead == 'A' || lookahead == 'a'
p_e95662281cdaf16e7711,nim,ts_lex_keywords,0,PUSH_LOOKAHEAD,,,lookahead == 'O' || lookahead == 'o'
p_e95662281cdaf16e7711,nim,ts_lex_keywords,1,PUSH_INT,79,,lookahead == 'O' || lookahead == 'o'
p_e95662281cdaf16e7711,nim,ts_lex_keywords,2,CMP_EQ,,,lookahead == 'O' || lookahead == 'o'
p_e95662281cdaf16e7711,nim,ts_lex_keywords,3,PUSH_LOOKAHEAD,,,lookahead == 'O' || lookahead == 'o'
p_e95662281cdaf16e7711,nim,ts_lex_keywords,4,PUSH_INT,111,,lookahead == 'O' || lookahead == 'o'
p_e95662281cdaf16e7711,nim,ts_lex_keywords,5,CMP_EQ,,,lookahead == 'O' || lookahead == 'o'
p_e95662281cdaf16e7711,nim,ts_lex_keywords,6,OR,,,lookahead == 'O' || lookahead == 'o'
p_74bbb2492caf10eea1e3,nim,ts_lex_keywords,0,PUSH_LOOKAHEAD,,,lookahead == 'E' || lookahead == 'e'
p_74bbb2492caf10eea1e3,nim,ts_lex_keywords,1,PUSH_INT,69,,lookahead == 'E' || lookahead == 'e'
p_74bbb2492caf10eea1e3,nim,ts_lex_keywords,2,CMP_EQ,,,lookahead == 'E' || lookahead == 'e'
p_74bbb2492caf10eea1e3,nim,ts_lex_keywords,3,PUSH_LOOKAHEAD,,,lookahead == 'E' || lookahead == 'e'
p_74bbb2492caf10eea1e3,nim,ts_lex_keywords,4,PUSH_INT,101,,lookahead == 'E' || lookahead == 'e'
p_74bbb2492caf10eea1e3,nim,ts_lex_keywords,5,CMP_EQ,,,lookahead == 'E' || lookahead == 'e'
p_74bbb2492caf10eea1e3,nim,ts_lex_keywords,6,OR,,,lookahead == 'E' || lookahead == 'e'
p_5fb0392c640790c9202d,nim,ts_lex_keywords,0,PUSH_LOOKAHEAD,,,lookahead == 'X' || lookahead == 'x'
p_5fb0392c640790c9202d,nim,ts_lex_keywords,1,PUSH_INT,88,,lookahead == 'X' || lookahead == 'x'
p_5fb0392c640790c9202d,nim,ts_lex_keywords,2,CMP_EQ,,,lookahead == 'X' || lookahead == 'x'
p_5fb0392c640790c9202d,nim,ts_lex_keywords,3,PUSH_LOOKAHEAD,,,lookahead == 'X' || lookahead == 'x'
p_5fb0392c640790c9202d,nim,ts_lex_keywords,4,PUSH_INT,120,,lookahead == 'X' || lookahead == 'x'
p_5fb0392c640790c9202d,nim,ts_lex_keywords,5,CMP_EQ,,,lookahead == 'X' || lookahead == 'x'
p_5fb0392c640790c9202d,nim,ts_lex_keywords,6,OR,,,lookahead == 'X' || lookahead == 'x'
p_cf72187fde0f2a4f1940,nim,ts_lex_keywords,0,PUSH_LOOKAHEAD,,,lookahead == 95
p_cf72187fde0f2a4f1940,nim,ts_lex_keywords,1,PUSH_INT,95,,lookahead == 95
p_cf72187fde0f2a4f1940,nim,ts_lex_keywords,2,CMP_EQ,,,lookahead == 95
p_836e3a395f629b78fcbd,nim,ts_lex_keywords,0,PUSH_LOOKAHEAD,,,lookahead == 73
p_836e3a395f629b78fcbd,nim,ts_lex_keywords,1,PUSH_INT,73,,lookahead == 73
p_836e3a395f629b78fcbd,nim,ts_lex_keywords,2,CMP_EQ,,,lookahead == 73
p_57dca76a381b4b7cca88,nim,ts_lex_keywords,0,PUSH_LOOKAHEAD,,,lookahead == 79
p_57dca76a381b4b7cca88,nim,ts_lex_keywords,1,PUSH_INT,79,,lookahead == 79
p_57dca76a381b4b7cca88,nim,ts_lex_keywords,2,CMP_EQ,,,lookahead == 79
p_00fa84242b04e513a6ac,nim,ts_lex_keywords,0,PUSH_LOOKAHEAD,,,lookahead == 82
p_00fa84242b04e513a6ac,nim,ts_lex_keywords,1,PUSH_INT,82,,lookahead == 82
p_00fa84242b04e513a6ac,nim,ts_lex_keywords,2,CMP_EQ,,,lookahead == 82
p_e0ef4af6e17112e505b1,nim,ts_lex_keywords,0,PUSH_LOOKAHEAD,,,lookahead == 85
p_e0ef4af6e17112e505b1,nim,ts_lex_keywords,1,PUSH_INT,85,,lookahead == 85
p_e0ef4af6e17112e505b1,nim,ts_lex_keywords,2,CMP_EQ,,,lookahead == 85
p_4afda7e2b239d2010c59,nim,ts_lex_keywords,0,PUSH_LOOKAHEAD,,,lookahead == 70
p_4afda7e2b239d2010c59,nim,ts_lex_keywords,1,PUSH_INT,70,,lookahead == 70
p_4afda7e2b239d2010c59,nim,ts_lex_keywords,2,CMP_EQ,,,lookahead == 70
p_5886f13d500045547bfc,nim,ts_lex_keywords,0,PUSH_LOOKAHEAD,,,lookahead == 77
p_5886f13d500045547bfc,nim,ts_lex_keywords,1,PUSH_INT,77,,lookahead == 77
p_5886f13d500045547bfc,nim,ts_lex_keywords,2,CMP_EQ,,,lookahead == 77
p_11c4715e046e0e9b9494,nim,ts_lex_keywords,0,PUSH_LOOKAHEAD,,,lookahead == 78
p_11c4715e046e0e9b9494,nim,ts_lex_keywords,1,PUSH_INT,78,,lookahead == 78
p_11c4715e046e0e9b9494,nim,ts_lex_keywords,2,CMP_EQ,,,lookahead == 78
p_3830521c933fb6eb9d2d,nim,ts_lex_keywords,0,PUSH_LOOKAHEAD,,,lookahead == 83
p_3830521c933fb6eb9d2d,nim,ts_lex_keywords,1,PUSH_INT,83,,lookahead == 83
p_3830521c933fb6eb9d2d,nim,ts_lex_keywords,2,CMP_EQ,,,lookahead == 83
p_d54c14c54c7b62bc28d0,nim,ts_lex_keywords,0,PUSH_LOOKAHEAD,,,lookahead == 84
p_d54c14c54c7b62bc28d0,nim,ts_lex_keywords,1,PUSH_INT,84,,lookahead == 84
p_d54c14c54c7b62bc28d0,nim,ts_lex_keywords,2,CMP_EQ,,,lookahead == 84
p_b8ea8697a3b64a331403,nim,ts_lex_keywords,0,PUSH_LOOKAHEAD,,,lookahead == 65
p_b8ea8697a3b64a331403,nim,ts_lex_keywords,1,PUSH_INT,65,,lookahead == 65
p_b8ea8697a3b64a331403,nim,ts_lex_keywords,2,CMP_EQ,,,lookahead == 65
p_dc33706a0919b0030516,nim,ts_lex_keywords,0,PUSH_LOOKAHEAD,,,lookahead == 69
p_dc33706a0919b0030516,nim,ts_lex_keywords,1,PUSH_INT,69,,lookahead == 69
p_dc33706a0919b0030516,nim,ts_lex_keywords,2,CMP_EQ,,,lookahead == 69
p_6a8863740078d70fa928,nim,ts_lex_keywords,0,PUSH_LOOKAHEAD,,,lookahead == 66
p_6a8863740078d70fa928,nim,ts_lex_keywords,1,PUSH_INT,66,,lookahead == 66
p_6a8863740078d70fa928,nim,ts_lex_keywords,2,CMP_EQ,,,lookahead == 66
p_03ea3e710f856ae51439,nim,ts_lex_keywords,0,PUSH_LOOKAHEAD,,,lookahead == 'T' || lookahead == 't'
p_03ea3e710f856ae51439,nim,ts_lex_keywords,1,PUSH_INT,84,,lookahead == 'T' || lookahead == 't'
p_03ea3e710f856ae51439,nim,ts_lex_keywords,2,CMP_EQ,,,lookahead == 'T' || lookahead == 't'
p_03ea3e710f856ae51439,nim,ts_lex_keywords,3,PUSH_LOOKAHEAD,,,lookahead == 'T' || lookahead == 't'
p_03ea3e710f856ae51439,nim,ts_lex_keywords,4,PUSH_INT,116,,lookahead == 'T' || lookahead == 't'
p_03ea3e710f856ae51439,nim,ts_lex_keywords,5,CMP_EQ,,,lookahead == 'T' || lookahead == 't'
p_03ea3e710f856ae51439,nim,ts_lex_keywords,6,OR,,,lookahead == 'T' || lookahead == 't'
p_14f75f7fb5ef735cd4f1,nim,ts_lex_keywords,0,PUSH_LOOKAHEAD,,,lookahead == 'H' || lookahead == 'h'
p_14f75f7fb5ef735cd4f1,nim,ts_lex_keywords,1,PUSH_INT,72,,lookahead == 'H' || lookahead == 'h'
p_14f75f7fb5ef735cd4f1,nim,ts_lex_keywords,2,CMP_EQ,,,lookahead == 'H' || lookahead == 'h'
p_14f75f7fb5ef735cd4f1,nim,ts_lex_keywords,3,PUSH_LOOKAHEAD,,,lookahead == 'H' || lookahead == 'h'
p_14f75f7fb5ef735cd4f1,nim,ts_lex_keywords,4,PUSH_INT,104,,lookahead == 'H' || lookahead == 'h'
p_14f75f7fb5ef735cd4f1,nim,ts_lex_keywords,5,CMP_EQ,,,lookahead == 'H' || lookahead == 'h'
p_14f75f7fb5ef735cd4f1,nim,ts_lex_keywords,6,OR,,,lookahead == 'H' || lookahead == 'h'
p_4092f20c39f5b7550406,nim,ts_lex_keywords,0,PUSH_LOOKAHEAD,,,lookahead == 89
p_4092f20c39f5b7550406,nim,ts_lex_keywords,1,PUSH_INT,89,,lookahead == 89
p_4092f20c39f5b7550406,nim,ts_lex_keywords,2,CMP_EQ,,,lookahead == 89
p_ae1dbc31206b60c9a835,nim,ts_lex_keywords,0,PUSH_LOOKAHEAD,,,lookahead == 'D' || lookahead == 'd'
p_ae1dbc31206b60c9a835,nim,ts_lex_keywords,1,PUSH_INT,68,,lookahead == 'D' || lookahead == 'd'
p_ae1dbc31206b60c9a835,nim,ts_lex_keywords,2,CMP_EQ,,,lookahead == 'D' || lookahead == 'd'
p_ae1dbc31206b60c9a835,nim,ts_lex_keywords,3,PUSH_LOOKAHEAD,,,lookahead == 'D' || lookahead == 'd'
p_ae1dbc31206b60c9a835,nim,ts_lex_keywords,4,PUSH_INT,100,,lookahead == 'D' || lookahead == 'd'
p_ae1dbc31206b60c9a835,nim,ts_lex_keywords,5,CMP_EQ,,,lookahead == 'D' || lookahead == 'd'
p_ae1dbc31206b60c9a835,nim,ts_lex_keywords,6,OR,,,lookahead == 'D' || lookahead == 'd'
p_5e5e34dc55a2764c9ab0,nim,ts_lex_keywords,0,PUSH_LOOKAHEAD,,,lookahead == 'M' || lookahead == 'm'
p_5e5e34dc55a2764c9ab0,nim,ts_lex_keywords,1,PUSH_INT,77,,lookahead == 'M' || lookahead == 'm'
p_5e5e34dc55a2764c9ab0,nim,ts_lex_keywords,2,CMP_EQ,,,lookahead == 'M' || lookahead == 'm'
p_5e5e34dc55a2764c9ab0,nim,ts_lex_keywords,3,PUSH_LOOKAHEAD,,,lookahead == 'M' || lookahead == 'm'
p_5e5e34dc55a2764c9ab0,nim,ts_lex_keywords,4,PUSH_INT,109,,lookahead == 'M' || lookahead == 'm'
p_5e5e34dc55a2764c9ab0,nim,ts_lex_keywords,5,CMP_EQ,,,lookahead == 'M' || lookahead == 'm'
p_5e5e34dc55a2764c9ab0,nim,ts_lex_keywords,6,OR,,,lookahead == 'M' || lookahead == 'm'
p_074eb708bd3123ef0283,nim,ts_lex_keywords,0,PUSH_LOOKAHEAD,,,lookahead == 'F' || lookahead == 'f'
p_074eb708bd3123ef0283,nim,ts_lex_keywords,1,PUSH_INT,70,,lookahead == 'F' || lookahead == 'f'
p_074eb708bd3123ef0283,nim,ts_lex_keywords,2,CMP_EQ,,,lookahead == 'F' || lookahead == 'f'
p_074eb708bd3123ef0283,nim,ts_lex_keywords,3,PUSH_LOOKAHEAD,,,lookahead == 'F' || lookahead == 'f'
p_074eb708bd3123ef0283,nim,ts_lex_keywords,4,PUSH_INT,102,,lookahead == 'F' || lookahead == 'f'
p_074eb708bd3123ef0283,nim,ts_lex_keywords,5,CMP_EQ,,,lookahead == 'F' || lookahead == 'f'
p_074eb708bd3123ef0283,nim,ts_lex_keywords,6,OR,,,lookahead == 'F' || lookahead == 'f'
p_23f4bb246869676bec10,nim,ts_lex_keywords,0,PUSH_LOOKAHEAD,,,lookahead == 'V' || lookahead == 'v'
p_23f4bb246869676bec10,nim,ts_lex_keywords,1,PUSH_INT,86,,lookahead == 'V' || lookahead == 'v'
p_23f4bb246869676bec10,nim,ts_lex_keywords,2,CMP_EQ,,,lookahead == 'V' || lookahead == 'v'
p_23f4bb246869676bec10,nim,ts_lex_keywords,3,PUSH_LOOKAHEAD,,,lookahead == 'V' || lookahead == 'v'
p_23f4bb246869676bec10,nim,ts_lex_keywords,4,PUSH_INT,118,,lookahead == 'V' || lookahead == 'v'
p_23f4bb246869676bec10,nim,ts_lex_keywords,5,CMP_EQ,,,lookahead == 'V' || lookahead == 'v'
p_23f4bb246869676bec10,nim,ts_lex_keywords,6,OR,,,lookahead == 'V' || lookahead == 'v'
p_6d03f3e5c5c8a43833ca,nim,ts_lex_keywords,0,PUSH_LOOKAHEAD,,,lookahead == 'U' || lookahead == 'u'
p_6d03f3e5c5c8a43833ca,nim,ts_lex_keywords,1,PUSH_INT,85,,lookahead == 'U' || lookahead == 'u'
p_6d03f3e5c5c8a43833ca,nim,ts_lex_keywords,2,CMP_EQ,,,lookahead == 'U' || lookahead == 'u'
p_6d03f3e5c5c8a43833ca,nim,ts_lex_keywords,3,PUSH_LOOKAHEAD,,,lookahead == 'U' || lookahead == 'u'
p_6d03f3e5c5c8a43833ca,nim,ts_lex_keywords,4,PUSH_INT,117,,lookahead == 'U' || lookahead == 'u'
p_6d03f3e5c5c8a43833ca,nim,ts_lex_keywords,5,CMP_EQ,,,lookahead == 'U' || lookahead == 'u'
p_6d03f3e5c5c8a43833ca,nim,ts_lex_keywords,6,OR,,,lookahead == 'U' || lookahead == 'u'
p_46d1c2a0499b1874b0d2,nim,ts_lex_keywords,0,PUSH_LOOKAHEAD,,,lookahead == 'C' || lookahead == 'c'
p_46d1c2a0499b1874b0d2,nim,ts_lex_keywords,1,PUSH_INT,67,,lookahead == 'C' || lookahead == 'c'
p_46d1c2a0499b1874b0d2,nim,ts_lex_keywords,2,CMP_EQ,,,lookahead == 'C' || lookahead == 'c'
p_46d1c2a0499b1874b0d2,nim,ts_lex_keywords,3,PUSH_LOOKAHEAD,,,lookahead == 'C' || lookahead == 'c'
p_46d1c2a0499b1874b0d2,nim,ts_lex_keywords,4,PUSH_INT,99,,lookahead == 'C' || lookahead == 'c'
p_46d1c2a0499b1874b0d2,nim,ts_lex_keywords,5,CMP_EQ,,,lookahead == 'C' || lookahead == 'c'
p_46d1c2a0499b1874b0d2,nim,ts_lex_keywords,6,OR,,,lookahead == 'C' || lookahead == 'c'
p_d40b37a8e3bc3a89e621,nim,ts_lex_keywords,0,PUSH_LOOKAHEAD,,,lookahead == 'P' || lookahead == 'p'
p_d40b37a8e3bc3a89e621,nim,ts_lex_keywords,1,PUSH_INT,80,,lookahead == 'P' || lookahead == 'p'
p_d40b37a8e3bc3a89e621,nim,ts_lex_keywords,2,CMP_EQ,,,lookahead == 'P' || lookahead == 'p'
p_d40b37a8e3bc3a89e621,nim,ts_lex_keywords,3,PUSH_LOOKAHEAD,,,lookahead == 'P' || lookahead == 'p'
p_d40b37a8e3bc3a89e621,nim,ts_lex_keywords,4,PUSH_INT,112,,lookahead == 'P' || lookahead == 'p'
p_d40b37a8e3bc3a89e621,nim,ts_lex_keywords,5,CMP_EQ,,,lookahead == 'P' || lookahead == 'p'
p_d40b37a8e3bc3a89e621,nim,ts_lex_keywords,6,OR,,,lookahead == 'P' || lookahead == 'p'
p_fde398da3a0ee2953a45,nim,ts_lex_keywords,0,PUSH_LOOKAHEAD,,,lookahead == 'J' || lookahead == 'j'
p_fde398da3a0ee2953a45,nim,ts_lex_keywords,1,PUSH_INT,74,,lookahead == 'J' || lookahead == 'j'
p_fde398da3a0ee2953a45,nim,ts_lex_keywords,2,CMP_EQ,,,lookahead == 'J' || lookahead == 'j'
p_fde398da3a0ee2953a45,nim,ts_lex_keywords,3,PUSH_LOOKAHEAD,,,lookahead == 'J' || lookahead == 'j'
p_fde398da3a0ee2953a45,nim,ts_lex_keywords,4,PUSH_INT,106,,lookahead == 'J' || lookahead == 'j'
p_fde398da3a0ee2953a45,nim,ts_lex_keywords,5,CMP_EQ,,,lookahead == 'J' || lookahead == 'j'
p_fde398da3a0ee2953a45,nim,ts_lex_keywords,6,OR,,,lookahead == 'J' || lookahead == 'j'
p_881eb47f28a52909186e,nim,ts_lex_keywords,0,PUSH_LOOKAHEAD,,,lookahead == 'Y' || lookahead == 'y'
p_881eb47f28a52909186e,nim,ts_lex_keywords,1,PUSH_INT,89,,lookahead == 'Y' || lookahead == 'y'
p_881eb47f28a52909186e,nim,ts_lex_keywords,2,CMP_EQ,,,lookahead == 'Y' || lookahead == 'y'
p_881eb47f28a52909186e,nim,ts_lex_keywords,3,PUSH_LOOKAHEAD,,,lookahead == 'Y' || lookahead == 'y'
p_881eb47f28a52909186e,nim,ts_lex_keywords,4,PUSH_INT,121,,lookahead == 'Y' || lookahead == 'y'
p_881eb47f28a52909186e,nim,ts_lex_keywords,5,CMP_EQ,,,lookahead == 'Y' || lookahead == 'y'
p_881eb47f28a52909186e,nim,ts_lex_keywords,6,OR,,,lookahead == 'Y' || lookahead == 'y'
p_d59e70fbf4cc69dfc8f5,nim,ts_lex_keywords,0,PUSH_LOOKAHEAD,,,lookahead == 67
p_d59e70fbf4cc69dfc8f5,nim,ts_lex_keywords,1,PUSH_INT,67,,lookahead == 67
p_d59e70fbf4cc69dfc8f5,nim,ts_lex_keywords,2,CMP_EQ,,,lookahead == 67
p_c440645ffb0a4dba3c00,nim,ts_lex_keywords,0,PUSH_LOOKAHEAD,,,lookahead == 86
p_c440645ffb0a4dba3c00,nim,ts_lex_keywords,1,PUSH_INT,86,,lookahead == 86
p_c440645ffb0a4dba3c00,nim,ts_lex_keywords,2,CMP_EQ,,,lookahead == 86
p_d5d6140898831962ebe6,nim,ts_lex_keywords,0,PUSH_LOOKAHEAD,,,lookahead == 'K' || lookahead == 'k'
p_d5d6140898831962ebe6,nim,ts_lex_keywords,1,PUSH_INT,75,,lookahead == 'K' || lookahead == 'k'
p_d5d6140898831962ebe6,nim,ts_lex_keywords,2,CMP_EQ,,,lookahead == 'K' || lookahead == 'k'
p_d5d6140898831962ebe6,nim,ts_lex_keywords,3,PUSH_LOOKAHEAD,,,lookahead == 'K' || lookahead == 'k'
p_d5d6140898831962ebe6,nim,ts_lex_keywords,4,PUSH_INT,107,,lookahead == 'K' || lookahead == 'k'
p_d5d6140898831962ebe6,nim,ts_lex_keywords,5,CMP_EQ,,,lookahead == 'K' || lookahead == 'k'
p_d5d6140898831962ebe6,nim,ts_lex_keywords,6,OR,,,lookahead == 'K' || lookahead == 'k'
p_c1b33c605fd2f165f7d9,nim,ts_lex_keywords,0,PUSH_LOOKAHEAD,,,lookahead == 'G' || lookahead == 'g'
p_c1b33c605fd2f165f7d9,nim,ts_lex_keywords,1,PUSH_INT,71,,lookahead == 'G' || lookahead == 'g'
p_c1b33c605fd2f165f7d9,nim,ts_lex_keywords,2,CMP_EQ,,,lookahead == 'G' || lookahead == 'g'
p_c1b33c605fd2f165f7d9,nim,ts_lex_keywords,3,PUSH_LOOKAHEAD,,,lookahead == 'G' || lookahead == 'g'
p_c1b33c605fd2f165f7d9,nim,ts_lex_keywords,4,PUSH_INT,103,,lookahead == 'G' || lookahead == 'g'
p_c1b33c605fd2f165f7d9,nim,ts_lex_keywords,5,CMP_EQ,,,lookahead == 'G' || lookahead == 'g'
p_c1b33c605fd2f165f7d9,nim,ts_lex_keywords,6,OR,,,lookahead == 'G' || lookahead == 'g'
p_d1c256d07067910e4510,csharp,ts_lex,0,PUSH_EOF,,,eof
p_c630aac17e67a81e97fb,csharp,ts_lex,0,PUSH_INT,9,,('\t' <= lookahead && lookahead <= '\r') || lookahead == ' ' || lookahead == 0xa0 || lookahead == 0x3000 || lookahead == 0xfeff
p_c630aac17e67a81e97fb,csharp,ts_lex,1,PUSH_LOOKAHEAD,,,('\t' <= lookahead && lookahead <= '\r') || lookahead == ' ' || lookahead == 0xa0 || lookahead == 0x3000 || lookahead == 0xfeff
p_c630aac17e67a81e97fb,csharp,ts_lex,2,CMP_LE,,,('\t' <= lookahead && lookahead <= '\r') || lookahead == ' ' || lookahead == 0xa0 || lookahead == 0x3000 || lookahead == 0xfeff
p_c630aac17e67a81e97fb,csharp,ts_lex,3,PUSH_LOOKAHEAD,,,('\t' <= lookahead && lookahead <= '\r') || lookahead == ' ' || lookahead == 0xa0 || lookahead == 0x3000 || lookahead == 0xfeff
p_c630aac17e67a81e97fb,csharp,ts_lex,4,PUSH_INT,13,,('\t' <= lookahead && lookahead <= '\r') || lookahead == ' ' || lookahead == 0xa0 || lookahead == 0x3000 || lookahead == 0xfeff
p_c630aac17e67a81e97fb,csharp,ts_lex,5,CMP_LE,,,('\t' <= lookahead && lookahead <= '\r') || lookahead == ' ' || lookahead == 0xa0 || lookahead == 0x3000 || lookahead == 0xfeff
p_c630aac17e67a81e97fb,csharp,ts_lex,6,AND,,,('\t' <= lookahead && lookahead <= '\r') || lookahead == ' ' || lookahead == 0xa0 || lookahead == 0x3000 || lookahead == 0xfeff
p_c630aac17e67a81e97fb,csharp,ts_lex,7,PUSH_LOOKAHEAD,,,('\t' <= lookahead && lookahead <= '\r') || lookahead == ' ' || lookahead == 0xa0 || lookahead == 0x3000 || lookahead == 0xfeff
p_c630aac17e67a81e97fb,csharp,ts_lex,8,PUSH_INT,32,,('\t' <= lookahead && lookahead <= '\r') || lookahead == ' ' || lookahead == 0xa0 || lookahead == 0x3000 || lookahead == 0xfeff
p_c630aac17e67a81e97fb,csharp,ts_lex,9,CMP_EQ,,,('\t' <= lookahead && lookahead <= '\r') || lookahead == ' ' || lookahead == 0xa0 || lookahead == 0x3000 || lookahead == 0xfeff
p_c630aac17e67a81e97fb,csharp,ts_lex,10,OR,,,('\t' <= lookahead && lookahead <= '\r') || lookahead == ' ' || lookahead == 0xa0 || lookahead == 0x3000 || lookahead == 0xfeff
p_c630aac17e67a81e97fb,csharp,ts_lex,11,PUSH_LOOKAHEAD,,,('\t' <= lookahead && lookahead <= '\r') || lookahead == ' ' || lookahead == 0xa0 || lookahead == 0x3000 || lookahead == 0xfeff
p_c630aac17e67a81e97fb,csharp,ts_lex,12,PUSH_INT,160,,('\t' <= lookahead && lookahead <= '\r') || lookahead == ' ' || lookahead == 0xa0 || lookahead == 0x3000 || lookahead == 0xfeff
p_c630aac17e67a81e97fb,csharp,ts_lex,13,CMP_EQ,,,('\t' <= lookahead && lookahead <= '\r') || lookahead == ' ' || lookahead == 0xa0 || lookahead == 0x3000 || lookahead == 0xfeff
p_c630aac17e67a81e97fb,csharp,ts_lex,14,OR,,,('\t' <= lookahead && lookahead <= '\r') || lookahead == ' ' || lookahead == 0xa0 || lookahead == 0x3000 || lookahead == 0xfeff
p_c630aac17e67a81e97fb,csharp,ts_lex,15,PUSH_LOOKAHEAD,,,('\t' <= lookahead && lookahead <= '\r') || lookahead == ' ' || lookahead == 0xa0 || lookahead == 0x3000 || lookahead == 0xfeff
p_c630aac17e67a81e97fb,csharp,ts_lex,16,PUSH_INT,12288,,('\t' <= lookahead && lookahead <= '\r') || lookahead == ' ' || lookahead == 0xa0 || lookahead == 0x3000 || lookahead == 0xfeff
p_c630aac17e67a81e97fb,csharp,ts_lex,17,CMP_EQ,,,('\t' <= lookahead && lookahead <= '\r') || lookahead == ' ' || lookahead == 0xa0 || lookahead == 0x3000 || lookahead == 0xfeff
p_c630aac17e67a81e97fb,csharp,ts_lex,18,OR,,,('\t' <= lookahead && lookahead <= '\r') || lookahead == ' ' || lookahead == 0xa0 || lookahead == 0x3000 || lookahead == 0xfeff
p_c630aac17e67a81e97fb,csharp,ts_lex,19,PUSH_LOOKAHEAD,,,('\t' <= lookahead && lookahead <= '\r') || lookahead == ' ' || lookahead == 0xa0 || lookahead == 0x3000 || lookahead == 0xfeff
p_c630aac17e67a81e97fb,csharp,ts_lex,20,PUSH_INT,65279,,('\t' <= lookahead && lookahead <= '\r') || lookahead == ' ' || lookahead == 0xa0 || lookahead == 0x3000 || lookahead == 0xfeff
p_c630aac17e67a81e97fb,csharp,ts_lex,21,CMP_EQ,,,('\t' <= lookahead && lookahead <= '\r') || lookahead == ' ' || lookahead == 0xa0 || lookahead == 0x3000 || lookahead == 0xfeff
p_c630aac17e67a81e97fb,csharp,ts_lex,22,OR,,,('\t' <= lookahead && lookahead <= '\r') || lookahead == ' ' || lookahead == 0xa0 || lookahead == 0x3000 || lookahead == 0xfeff
p_8db396aedafba7c2138f,csharp,ts_lex,0,PUSH_INT,49,,('1' <= lookahead && lookahead <= '9')
p_8db396aedafba7c2138f,csharp,ts_lex,1,PUSH_LOOKAHEAD,,,('1' <= lookahead && lookahead <= '9')
p_8db396aedafba7c2138f,csharp,ts_lex,2,CMP_LE,,,('1' <= lookahead && lookahead <= '9')
p_8db396aedafba7c2138f,csharp,ts_lex,3,PUSH_LOOKAHEAD,,,('1' <= lookahead && lookahead <= '9')
p_8db396aedafba7c2138f,csharp,ts_lex,4,PUSH_INT,57,,('1' <= lookahead && lookahead <= '9')
p_8db396aedafba7c2138f,csharp,ts_lex,5,CMP_LE,,,('1' <= lookahead && lookahead <= '9')
p_8db396aedafba7c2138f,csharp,ts_lex,6,AND,,,('1' <= lookahead && lookahead <= '9')
p_10ea3b0dbddf6d4c82a5,csharp,ts_lex,0,SET_CONTAINS,sym__identifier_token_character_set_2,686,"set_contains(sym__identifier_token_character_set_2, 686, lookahead)"
p_d50275f5e0584c74be66,csharp,ts_lex,0,PUSH_LOOKAHEAD,,,lookahead == 33
p_d50275f5e0584c74be66,csharp,ts_lex,1,PUSH_INT,33,,lookahead == 33
p_d50275f5e0584c74be66,csharp,ts_lex,2,CMP_EQ,,,lookahead == 33
p_1491e640379de2a30df8,csharp,ts_lex,0,PUSH_LOOKAHEAD,,,lookahead == 34
p_1491e640379de2a30df8,csharp,ts_lex,1,PUSH_INT,34,,lookahead == 34
p_1491e640379de2a30df8,csharp,ts_lex,2,CMP_EQ,,,lookahead == 34
p_3f893c11f4ffd6fc2733,csharp,ts_lex,0,PUSH_LOOKAHEAD,,,lookahead == 35
p_3f893c11f4ffd6fc2733,csharp,ts_lex,1,PUSH_INT,35,,lookahead == 35
p_3f893c11f4ffd6fc2733,csharp,ts_lex,2,CMP_EQ,,,lookahead == 35
p_2fee9f755b9e5e57c3c9,csharp,ts_lex,0,PUSH_LOOKAHEAD,,,lookahead == 37
p_2fee9f755b9e5e57c3c9,csharp,ts_lex,1,PUSH_INT,37,,lookahead == 37
p_2fee9f755b9e5e57c3c9,csharp,ts_lex,2,CMP_EQ,,,lookahead == 37
p_3b1bba4ba49ff2ac9ddd,csharp,ts_lex,0,PUSH_LOOKAHEAD,,,lookahead == 38
p_3b1bba4ba49ff2ac9ddd,csharp,ts_lex,1,PUSH_INT,38,,lookahead == 38
p_3b1bba4ba49ff2ac9ddd,csharp,ts_lex,2,CMP_EQ,,,lookahead == 38
p_f25ab1d637251de72b51,csharp,ts_lex,0,PUSH_LOOKAHEAD,,,lookahead == 39
p_f25ab1d637251de72b51,csharp,ts_lex,1,PUSH_INT,39,,lookahead == 39
p_f25ab1d637251de72b51,csharp,ts_lex,2,CMP_EQ,,,lookahead == 39
p_8ae0d038bd7e2ff0f4d6,csharp,ts_lex,0,PUSH_LOOKAHEAD,,,lookahead == 40
p_8ae0d038bd7e2ff0f4d6,csharp,ts_lex,1,PUSH_INT,40,,lookahead == 40
p_8ae0d038bd7e2ff0f4d6,csharp,ts_lex,2,CMP_EQ,,,lookahead == 40
p_75985bc6af70cdbc30a4,csharp,ts_lex,0,PUSH_LOOKAHEAD,,,lookahead == 41
p_75985bc6af70cdbc30a4,csharp,ts_lex,1,PUSH_INT,41,,lookahead == 41
p_75985bc6af70cdbc30a4,csharp,ts_lex,2,CMP_EQ,,,lookahead == 41
p_f73b725217cfccd3519b,csharp,ts_lex,0,PUSH_LOOKAHEAD,,,lookahead == 42
p_f73b725217cfccd3519b,csharp,ts_lex,1,PUSH_INT,42,,lookahead == 42
p_f73b725217cfccd3519b,csharp,ts_lex,2,CMP_EQ,,,lookahead == 42
p_57b892d2b952910ae81e,csharp,ts_lex,0,PUSH_LOOKAHEAD,,,lookahead == 43
p_57b892d2b952910ae81e,csharp,ts_lex,1,PUSH_INT,43,,lookahead == 43
p_57b892d2b952910ae81e,csharp,ts_lex,2,CMP_EQ,,,lookahead == 43
p_fc9db41e8e3415a26820,csharp,ts_lex,0,PUSH_LOOKAHEAD,,,lookahead == 44
p_fc9db41e8e3415a26820,csharp,ts_lex,1,PUSH_INT,44,,lookahead == 44
p_fc9db41e8e3415a26820,csharp,ts_lex,2,CMP_EQ,,,lookahead == 44
p_bbb67ee99325e9e37f89,csharp,ts_lex,0,PUSH_LOOKAHEAD,,,lookahead == 45
p_bbb67ee99325e9e37f89,csharp,ts_lex,1,PUSH_INT,45,,lookahead == 45
p_bbb67ee99325e9e37f89,csharp,ts_lex,2,CMP_EQ,,,lookahead == 45
p_d8ef9e484d6b861c8dcf,csharp,ts_lex,0,PUSH_LOOKAHEAD,,,lookahead == 46
p_d8ef9e484d6b861c8dcf,csharp,ts_lex,1,PUSH_INT,46,,lookahead == 46
p_d8ef9e484d6b861c8dcf,csharp,ts_lex,2,CMP_EQ,,,lookahead == 46
p_66104993e66b541402e0,csharp,ts_lex,0,PUSH_LOOKAHEAD,,,lookahead == 47
p_66104993e66b541402e0,csharp,ts_lex,1,PUSH_INT,47,,lookahead == 47
p_66104993e66b541402e0,csharp,ts_lex,2,CMP_EQ,,,lookahead == 47
p_dcebf78736b9a7eb9f18,csharp,ts_lex,0,PUSH_LOOKAHEAD,,,lookahead == 48
p_dcebf78736b9a7eb9f18,csharp,ts_lex,1,PUSH_INT,48,,lookahead == 48
p_dcebf78736b9a7eb9f18,csharp,ts_lex,2,CMP_EQ,,,lookahead == 48
p_57330b9d35b20217b31f,csharp,ts_lex,0,PUSH_LOOKAHEAD,,,lookahead == 58
p_57330b9d35b20217b31f,csharp,ts_lex,1,PUSH_INT,58,,lookahead == 58
p_57330b9d35b20217b31f,csharp,ts_lex,2,CMP_EQ,,,lookahead == 58
p_5a0c5c0b3884a5fc1575,csharp,ts_lex,0,PUSH_LOOKAHEAD,,,lookahead == 59
p_5a0c5c0b3884a5fc1575,csharp,ts_lex,1,PUSH_INT,59,,lookahead == 59
p_5a0c5c0b3884a5fc1575,csharp,ts_lex,2,CMP_EQ,,,lookahead == 59
p_3382ae73a9e5a5e7d79a,csharp,ts_lex,0,PUSH_LOOKAHEAD,,,lookahead == 60
p_3382ae73a9e5a5e7d79a,csharp,ts_lex,1,PUSH_INT,60,,lookahead == 60
p_3382ae73a9e5a5e7d79a,csharp,ts_lex,2,CMP_EQ,,,lookahead == 60
p_dad5ff70388f5b51da9c,csharp,ts_lex,0,PUSH_LOOKAHEAD,,,lookahead == 61
p_dad5ff70388f5b51da9c,csharp,ts_lex,1,PUSH_INT,61,,lookahead == 61
p_dad5ff70388f5b51da9c,csharp,ts_lex,2,CMP_EQ,,,lookahead == 61
p_4704721e881ac7a023bd,csharp,ts_lex,0,PUSH_LOOKAHEAD,,,lookahead == 62
p_4704721e881ac7a023bd,csharp,ts_lex,1,PUSH_INT,62,,lookahead == 62
p_4704721e881ac7a023bd,csharp,ts_lex,2,CMP_EQ,,,lookahead == 62
p_36bab19fc25a6d06514d,csharp,ts_lex,0,PUSH_LOOKAHEAD,,,lookahead == 63
p_36bab19fc25a6d06514d,csharp,ts_lex,1,PUSH_INT,63,,lookahead == 63
p_36bab19fc25a6d06514d,csharp,ts_lex,2,CMP_EQ,,,lookahead == 63
p_c6796da3372779341e5a,csharp,ts_lex,0,PUSH_LOOKAHEAD,,,lookahead == 64
p_c6796da3372779341e5a,csharp,ts_lex,1,PUSH_INT,64,,lookahead == 64
p_c6796da3372779341e5a,csharp,ts_lex,2,CMP_EQ,,,lookahead == 64
p_c82d1d87570dc7793755,csharp,ts_lex,0,PUSH_LOOKAHEAD,,,lookahead == 91
p_c82d1d87570dc7793755,csharp,ts_lex,1,PUSH_INT,91,,lookahead == 91
p_c82d1d87570dc7793755,csharp,ts_lex,2,CMP_EQ,,,lookahead == 91
p_1e34c61e15ebf2a0bacd,csharp,ts_lex,0,PUSH_LOOKAHEAD,,,lookahead == 92
p_1e34c61e15ebf2a0bacd,csharp,ts_lex,1,PUSH_INT,92,,lookahead == 92
p_1e34c61e15ebf2a0bacd,csharp,ts_lex,2,CMP_EQ,,,lookahead == 92
p_570cd594a8accee09489,csharp,ts_lex,0,PUSH_LOOKAHEAD,,,lookahead == 93
p_570cd594a8accee09489,csharp,ts_lex,1,PUSH_INT,93,,lookahead == 93
p_570cd594a8accee09489,csharp,ts_lex,2,CMP_EQ,,,lookahead == 93
p_b6741bca7075108f3d87,csharp,ts_lex,0,PUSH_LOOKAHEAD,,,lookahead == 94
p_b6741bca7075108f3d87,csharp,ts_lex,1,PUSH_INT,94,,lookahead == 94
p_b6741bca7075108f3d87,csharp,ts_lex,2,CMP_EQ,,,lookahead == 94
p_dbd85e2abae6e6c57b9c,csharp,ts_lex,0,PUSH_LOOKAHEAD,,,lookahead == 123
p_dbd85e2abae6e6c57b9c,csharp,ts_lex,1,PUSH_INT,123,,lookahead == 123
p_dbd85e2abae6e6c57b9c,csharp,ts_lex,2,CMP_EQ,,,lookahead == 123
p_0bc3ffc0935684fae307,csharp,ts_lex,0,PUSH_LOOKAHEAD,,,lookahead == 124
p_0bc3ffc0935684fae307,csharp,ts_lex,1,PUSH_INT,124,,lookahead == 124
p_0bc3ffc0935684fae307,csharp,ts_lex,2,CMP_EQ,,,lookahead == 124
p_2479a0445e37fb83e847,csharp,ts_lex,0,PUSH_LOOKAHEAD,,,lookahead == 125
p_2479a0445e37fb83e847,csharp,ts_lex,1,PUSH_INT,125,,lookahead == 125
p_2479a0445e37fb83e847,csharp,ts_lex,2,CMP_EQ,,,lookahead == 125
p_a2fd8d39f58d6ad38c78,csharp,ts_lex,0,PUSH_LOOKAHEAD,,,lookahead == 126
p_a2fd8d39f58d6ad38c78,csharp,ts_lex,1,PUSH_INT,126,,lookahead == 126
p_a2fd8d39f58d6ad38c78,csharp,ts_lex,2,CMP_EQ,,,lookahead == 126
p_3075d6c38f8ba4842517,csharp,ts_lex,0,PUSH_LOOKAHEAD,,,lookahead == 85
p_3075d6c38f8ba4842517,csharp,ts_lex,1,PUSH_INT,85,,lookahead == 85
p_3075d6c38f8ba4842517,csharp,ts_lex,2,CMP_EQ,,,lookahead == 85
p_d72eca63f5ae55d12b6c,csharp,ts_lex,0,PUSH_LOOKAHEAD,,,lookahead == 117
p_d72eca63f5ae55d12b6c,csharp,ts_lex,1,PUSH_INT,117,,lookahead == 117
p_d72eca63f5ae55d12b6c,csharp,ts_lex,2,CMP_EQ,,,lookahead == 117
p_4a6316317a9fb46cf1fc,csharp,ts_lex,0,PUSH_LOOKAHEAD,,,lookahead == 10
p_4a6316317a9fb46cf1fc,csharp,ts_lex,1,PUSH_INT,10,,lookahead == 10
p_4a6316317a9fb46cf1fc,csharp,ts_lex,2,CMP_EQ,,,lookahead == 10
p_e42558bfe4953cc30617,csharp,ts_lex,0,PUSH_LOOKAHEAD,,,lookahead == '\n'
p_e42558bfe4953cc30617,csharp,ts_lex,1,PUSH_INT,10,,lookahead == '\n'
p_e42558bfe4953cc30617,csharp,ts_lex,2,CMP_EQ,,,lookahead == '\n'
p_63870411ba41c609ab5c,csharp,ts_lex,0,PUSH_LOOKAHEAD,,,"lookahead == '""'"
p_63870411ba41c609ab5c,csharp,ts_lex,1,PUSH_INT,34,,"lookahead == '""'"
p_63870411ba41c609ab5c,csharp,ts_lex,2,CMP_EQ,,,"lookahead == '""'"
p_1bf7a59dc15ef913c9e1,csharp,ts_lex,0,PUSH_LOOKAHEAD,,,lookahead == '#'
p_1bf7a59dc15ef913c9e1,csharp,ts_lex,1,PUSH_INT,35,,lookahead == '#'
p_1bf7a59dc15ef913c9e1,csharp,ts_lex,2,CMP_EQ,,,lookahead == '#'
p_9ed6073c97c19ebc0ad1,csharp,ts_lex,0,PUSH_LOOKAHEAD,,,lookahead == '/'
p_9ed6073c97c19ebc0ad1,csharp,ts_lex,1,PUSH_INT,47,,lookahead == '/'
p_9ed6073c97c19ebc0ad1,csharp,ts_lex,2,CMP_EQ,,,lookahead == '/'
p_1e89ad522d94a5835505,csharp,ts_lex,0,PUSH_LOOKAHEAD,,,lookahead == '\\'
p_1e89ad522d94a5835505,csharp,ts_lex,1,PUSH_INT,92,,lookahead == '\\'
p_1e89ad522d94a5835505,csharp,ts_lex,2,CMP_EQ,,,lookahead == '\\'
p_771cf23bdaa5aad4ea61,csharp,ts_lex,0,PUSH_LOOKAHEAD,,,lookahead != 0
p_771cf23bdaa5aad4ea61,csharp,ts_lex,1,PUSH_INT,0,,lookahead != 0
p_771cf23bdaa5aad4ea61,csharp,ts_lex,2,CMP_NE,,,lookahead != 0
p_3ca28e2b29cc088491b5,csharp,ts_lex,0,PUSH_LOOKAHEAD,,,lookahead == 0xa0 || lookahead == 0x3000 || lookahead == 0xfeff
p_3ca28e2b29cc088491b5,csharp,ts_lex,1,PUSH_INT,160,,lookahead == 0xa0 || lookahead == 0x3000 || lookahead == 0xfeff
p_3ca28e2b29cc088491b5,csharp,ts_lex,2,CMP_EQ,,,lookahead == 0xa0 || lookahead == 0x3000 || lookahead == 0xfeff
p_3ca28e2b29cc088491b5,csharp,ts_lex,3,PUSH_LOOKAHEAD,,,lookahead == 0xa0 || lookahead == 0x3000 || lookahead == 0xfeff
p_3ca28e2b29cc088491b5,csharp,ts_lex,4,PUSH_INT,12288,,lookahead == 0xa0 || lookahead == 0x3000 || lookahead == 0xfeff
p_3ca28e2b29cc088491b5,csharp,ts_lex,5,CMP_EQ,,,lookahead == 0xa0 || lookahead == 0x3000 || lookahead == 0xfeff
p_3ca28e2b29cc088491b5,csharp,ts_lex,6,OR,,,lookahead == 0xa0 || lookahead == 0x3000 || lookahead == 0xfeff
p_3ca28e2b29cc088491b5,csharp,ts_lex,7,PUSH_LOOKAHEAD,,,lookahead == 0xa0 || lookahead == 0x3000 || lookahead == 0xfeff
p_3ca28e2b29cc088491b5,csharp,ts_lex,8,PUSH_INT,65279,,lookahead == 0xa0 || lookahead == 0x3000 || lookahead == 0xfeff
p_3ca28e2b29cc088491b5,csharp,ts_lex,9,CMP_EQ,,,lookahead == 0xa0 || lookahead == 0x3000 || lookahead == 0xfeff
p_3ca28e2b29cc088491b5,csharp,ts_lex,10,OR,,,lookahead == 0xa0 || lookahead == 0x3000 || lookahead == 0xfeff
p_8aaa8c425bcd84e6ae9c,csharp,ts_lex,0,PUSH_INT,9,,('\t' <= lookahead && lookahead <= '\r') || lookahead == ' '
p_8aaa8c425bcd84e6ae9c,csharp,ts_lex,1,PUSH_LOOKAHEAD,,,('\t' <= lookahead && lookahead <= '\r') || lookahead == ' '
p_8aaa8c425bcd84e6ae9c,csharp,ts_lex,2,CMP_LE,,,('\t' <= lookahead && lookahead <= '\r') || lookahead == ' '
p_8aaa8c425bcd84e6ae9c,csharp,ts_lex,3,PUSH_LOOKAHEAD,,,('\t' <= lookahead && lookahead <= '\r') || lookahead == ' '
p_8aaa8c425bcd84e6ae9c,csharp,ts_lex,4,PUSH_INT,13,,('\t' <= lookahead && lookahead <= '\r') || lookahead == ' '
p_8aaa8c425bcd84e6ae9c,csharp,ts_lex,5,CMP_LE,,,('\t' <= lookahead && lookahead <= '\r') || lookahead == ' '
p_8aaa8c425bcd84e6ae9c,csharp,ts_lex,6,AND,,,('\t' <= lookahead && lookahead <= '\r') || lookahead == ' '
p_8aaa8c425bcd84e6ae9c,csharp,ts_lex,7,PUSH_LOOKAHEAD,,,('\t' <= lookahead && lookahead <= '\r') || lookahead == ' '
p_8aaa8c425bcd84e6ae9c,csharp,ts_lex,8,PUSH_INT,32,,('\t' <= lookahead && lookahead <= '\r') || lookahead == ' '
p_8aaa8c425bcd84e6ae9c,csharp,ts_lex,9,CMP_EQ,,,('\t' <= lookahead && lookahead <= '\r') || lookahead == ' '
p_8aaa8c425bcd84e6ae9c,csharp,ts_lex,10,OR,,,('\t' <= lookahead && lookahead <= '\r') || lookahead == ' '
p_47b0200d04be2087121f,csharp,ts_lex,0,PUSH_LOOKAHEAD,,,lookahead == 100
p_47b0200d04be2087121f,csharp,ts_lex,1,PUSH_INT,100,,lookahead == 100
p_47b0200d04be2087121f,csharp,ts_lex,2,CMP_EQ,,,lookahead == 100
p_39bee251b377a10a350c,csharp,ts_lex,0,PUSH_LOOKAHEAD,,,lookahead == 101
p_39bee251b377a10a350c,csharp,ts_lex,1,PUSH_INT,101,,lookahead == 101
p_39bee251b377a10a350c,csharp,ts_lex,2,CMP_EQ,,,lookahead == 101
p_57ff8b5941a2e3bde4db,csharp,ts_lex,0,PUSH_LOOKAHEAD,,,lookahead == 105
p_57ff8b5941a2e3bde4db,csharp,ts_lex,1,PUSH_INT,105,,lookahead == 105
p_57ff8b5941a2e3bde4db,csharp,ts_lex,2,CMP_EQ,,,lookahead == 105
p_69610eb648a6a1f84477,csharp,ts_lex,0,PUSH_LOOKAHEAD,,,lookahead == 108
p_69610eb648a6a1f84477,csharp,ts_lex,1,PUSH_INT,108,,lookahead == 108
p_69610eb648a6a1f84477,csharp,ts_lex,2,CMP_EQ,,,lookahead == 108
p_4a40f43f2e501360471e,csharp,ts_lex,0,PUSH_LOOKAHEAD,,,lookahead == 110
p_4a40f43f2e501360471e,csharp,ts_lex,1,PUSH_INT,110,,lookahead == 110
p_4a40f43f2e501360471e,csharp,ts_lex,2,CMP_EQ,,,lookahead == 110
p_976969345f61ebf218b6,csharp,ts_lex,0,PUSH_LOOKAHEAD,,,lookahead == 112
p_976969345f61ebf218b6,csharp,ts_lex,1,PUSH_INT,112,,lookahead == 112
p_976969345f61ebf218b6,csharp,ts_lex,2,CMP_EQ,,,lookahead == 112
p_a4eefdf8c62c63a5717b,csharp,ts_lex,0,PUSH_LOOKAHEAD,,,lookahead == 114
p_a4eefdf8c62c63a5717b,csharp,ts_lex,1,PUSH_INT,114,,lookahead == 114
p_a4eefdf8c62c63a5717b,csharp,ts_lex,2,CMP_EQ,,,lookahead == 114
p_28864473c39c2a3675b8,csharp,ts_lex,0,PUSH_LOOKAHEAD,,,lookahead == 119
p_28864473c39c2a3675b8,csharp,ts_lex,1,PUSH_INT,119,,lookahead == 119
p_28864473c39c2a3675b8,csharp,ts_lex,2,CMP_EQ,,,lookahead == 119
p_a25d3bb5ce5d9672bbbe,csharp,ts_lex,0,PUSH_LOOKAHEAD,,,lookahead == 9
p_a25d3bb5ce5d9672bbbe,csharp,ts_lex,1,PUSH_INT,9,,lookahead == 9
p_a25d3bb5ce5d9672bbbe,csharp,ts_lex,2,CMP_EQ,,,lookahead == 9
p_9e752ba36b130b1f8703,csharp,ts_lex,0,PUSH_LOOKAHEAD,,,lookahead == 32
p_9e752ba36b130b1f8703,csharp,ts_lex,1,PUSH_INT,32,,lookahead == 32
p_9e752ba36b130b1f8703,csharp,ts_lex,2,CMP_EQ,,,lookahead == 32
p_4002f6b9c4e2c96fdccb,csharp,ts_lex,0,PUSH_LOOKAHEAD,,,lookahead != 0 && lookahead != '\''
p_4002f6b9c4e2c96fdccb,csharp,ts_lex,1,PUSH_INT,0,,lookahead != 0 && lookahead != '\''
p_4002f6b9c4e2c96fdccb,csharp,ts_lex,2,CMP_NE,,,lookahead != 0 && lookahead != '\''
p_4002f6b9c4e2c96fdccb,csharp,ts_lex,3,PUSH_LOOKAHEAD,,,lookahead != 0 && lookahead != '\''
p_4002f6b9c4e2c96fdccb,csharp,ts_lex,4,PUSH_INT,39,,lookahead != 0 && lookahead != '\''
p_4002f6b9c4e2c96fdccb,csharp,ts_lex,5,CMP_NE,,,lookahead != 0 && lookahead != '\''
p_4002f6b9c4e2c96fdccb,csharp,ts_lex,6,AND,,,lookahead != 0 && lookahead != '\''
p_494b73197dbf92451a30,csharp,ts_lex,0,PUSH_LOOKAHEAD,,,"lookahead != 0 && lookahead != '""' && lookahead != '#' && lookahead != '}'"
p_494b73197dbf92451a30,csharp,ts_lex,1,PUSH_INT,0,,"lookahead != 0 && lookahead != '""' && lookahead != '#' && lookahead != '}'"
p_494b73197dbf92451a30,csharp,ts_lex,2,CMP_NE,,,"lookahead != 0 && lookahead != '""' && lookahead != '#' && lookahead != '}'"
p_494b73197dbf92451a30,csharp,ts_lex,3,PUSH_LOOKAHEAD,,,"lookahead != 0 && lookahead != '""' && lookahead != '#' && lookahead != '}'"
p_494b73197dbf92451a30,csharp,ts_lex,4,PUSH_INT,34,,"lookahead != 0 && lookahead != '""' && lookahead != '#' && lookahead != '}'"
p_494b73197dbf92451a30,csharp,ts_lex,5,CMP_NE,,,"lookahead != 0 && lookahead != '""' && lookahead != '#' && lookahead != '}'"
p_494b73197dbf92451a30,csharp,ts_lex,6,AND,,,"lookahead != 0 && lookahead != '""' && lookahead != '#' && lookahead != '}'"
p_494b73197dbf92451a30,csharp,ts_lex,7,PUSH_LOOKAHEAD,,,"lookahead != 0 && lookahead != '""' && lookahead != '#' && lookahead != '}'"
p_494b73197dbf92451a30,csharp,ts_lex,8,PUSH_INT,35,,"lookahead != 0 && lookahead != '""' && lookahead != '#' && lookahead != '}'"
p_494b73197dbf92451a30,csharp,ts_lex,9,CMP_NE,,,"lookahead != 0 && lookahead != '""' && lookahead != '#' && lookahead != '}'"
p_494b73197dbf92451a30,csharp,ts_lex,10,AND,,,"lookahead != 0 && lookahead != '""' && lookahead != '#' && lookahead != '}'"
p_494b73197dbf92451a30,csharp,ts_lex,11,PUSH_LOOKAHEAD,,,"lookahead != 0 && lookahead != '""' && lookahead != '#' && lookahead != '}'"
p_494b73197dbf92451a30,csharp,ts_lex,12,PUSH_INT,125,,"lookahead != 0 && lookahead != '""' && lookahead != '#' && lookahead != '}'"
p_494b73197dbf92451a30,csharp,ts_lex,13,CMP_NE,,,"lookahead != 0 && lookahead != '""' && lookahead != '#' && lookahead != '}'"
p_494b73197dbf92451a30,csharp,ts_lex,14,AND,,,"lookahead != 0 && lookahead != '""' && lookahead != '#' && lookahead != '}'"
p_8bfc969ccc1b70e180c2,csharp,ts_lex,0,PUSH_LOOKAHEAD,,,lookahead == '&'
p_8bfc969ccc1b70e180c2,csharp,ts_lex,1,PUSH_INT,38,,lookahead == '&'
p_8bfc969ccc1b70e180c2,csharp,ts_lex,2,CMP_EQ,,,lookahead == '&'
p_d0c4ceaedf5d21fe4a6d,csharp,ts_lex,0,PUSH_LOOKAHEAD,,,lookahead == '*'
p_d0c4ceaedf5d21fe4a6d,csharp,ts_lex,1,PUSH_INT,42,,lookahead == '*'
p_d0c4ceaedf5d21fe4a6d,csharp,ts_lex,2,CMP_EQ,,,lookahead == '*'
p_5dc20ab08ac363b96641,csharp,ts_lex,0,PUSH_LOOKAHEAD,,,lookahead == '8'
p_5dc20ab08ac363b96641,csharp,ts_lex,1,PUSH_INT,56,,lookahead == '8'
p_5dc20ab08ac363b96641,csharp,ts_lex,2,CMP_EQ,,,lookahead == '8'
p_70dcf5af0626bf946414,csharp,ts_lex,0,PUSH_LOOKAHEAD,,,lookahead == '='
p_70dcf5af0626bf946414,csharp,ts_lex,1,PUSH_INT,61,,lookahead == '='
p_70dcf5af0626bf946414,csharp,ts_lex,2,CMP_EQ,,,lookahead == '='
p_b9114d2ab4339b719c88,csharp,ts_lex,0,PUSH_LOOKAHEAD,,,lookahead == '>'
p_b9114d2ab4339b719c88,csharp,ts_lex,1,PUSH_INT,62,,lookahead == '>'
p_b9114d2ab4339b719c88,csharp,ts_lex,2,CMP_EQ,,,lookahead == '>'
p_653b6d37fb724bf4cb72,csharp,ts_lex,0,PUSH_LOOKAHEAD,,,lookahead == 120
p_653b6d37fb724bf4cb72,csharp,ts_lex,1,PUSH_INT,120,,lookahead == 120
p_653b6d37fb724bf4cb72,csharp,ts_lex,2,CMP_EQ,,,lookahead == 120
p_d11b43d521fa73453951,csharp,ts_lex,0,PUSH_LOOKAHEAD,,,lookahead == 97
p_d11b43d521fa73453951,csharp,ts_lex,1,PUSH_INT,97,,lookahead == 97
p_d11b43d521fa73453951,csharp,ts_lex,2,CMP_EQ,,,lookahead == 97
p_dbc228208b3a946712e4,csharp,ts_lex,0,PUSH_LOOKAHEAD,,,lookahead == 98
p_dbc228208b3a946712e4,csharp,ts_lex,1,PUSH_INT,98,,lookahead == 98
p_dbc228208b3a946712e4,csharp,ts_lex,2,CMP_EQ,,,lookahead == 98
p_d767b6660af2d6597981,csharp,ts_lex,0,PUSH_LOOKAHEAD,,,lookahead == 102
p_d767b6660af2d6597981,csharp,ts_lex,1,PUSH_INT,102,,lookahead == 102
p_d767b6660af2d6597981,csharp,ts_lex,2,CMP_EQ,,,lookahead == 102
p_fc88af0a2d8a03a197cc,csharp,ts_lex,0,PUSH_LOOKAHEAD,,,lookahead == 116
p_fc88af0a2d8a03a197cc,csharp,ts_lex,1,PUSH_INT,116,,lookahead == 116
p_fc88af0a2d8a03a197cc,csharp,ts_lex,2,CMP_EQ,,,lookahead == 116
p_0b71614c36340890df1b,csharp,ts_lex,0,PUSH_LOOKAHEAD,,,lookahead == 118
p_0b71614c36340890df1b,csharp,ts_lex,1,PUSH_INT,118,,lookahead == 118
p_0b71614c36340890df1b,csharp,ts_lex,2,CMP_EQ,,,lookahead == 118
p_4dac0432c076cf1042c5,csharp,ts_lex,0,PUSH_LOOKAHEAD,,,lookahead == 'U'
p_4dac0432c076cf1042c5,csharp,ts_lex,1,PUSH_INT,85,,lookahead == 'U'
p_4dac0432c076cf1042c5,csharp,ts_lex,2,CMP_EQ,,,lookahead == 'U'
p_860207376218d4e95603,csharp,ts_lex,0,PUSH_LOOKAHEAD,,,lookahead == 'u'
p_860207376218d4e95603,csharp,ts_lex,1,PUSH_INT,117,,lookahead == 'u'
p_860207376218d4e95603,csharp,ts_lex,2,CMP_EQ,,,lookahead == 'u'
p_c4cddb8412931a990fa2,csharp,ts_lex,0,PUSH_LOOKAHEAD,,,lookahead == '_'
p_c4cddb8412931a990fa2,csharp,ts_lex,1,PUSH_INT,95,,lookahead == '_'
p_c4cddb8412931a990fa2,csharp,ts_lex,2,CMP_EQ,,,lookahead == '_'
p_161874afb4643b8f4543,csharp,ts_lex,0,PUSH_INT,48,,('0' <= lookahead && lookahead <= '9')
p_161874afb4643b8f4543,csharp,ts_lex,1,PUSH_LOOKAHEAD,,,('0' <= lookahead && lookahead <= '9')
p_161874afb4643b8f4543,csharp,ts_lex,2,CMP_LE,,,('0' <= lookahead && lookahead <= '9')
p_161874afb4643b8f4543,csharp,ts_lex,3,PUSH_LOOKAHEAD,,,('0' <= lookahead && lookahead <= '9')
p_161874afb4643b8f4543,csharp,ts_lex,4,PUSH_INT,57,,('0' <= lookahead && lookahead <= '9')
p_161874afb4643b8f4543,csharp,ts_lex,5,CMP_LE,,,('0' <= lookahead && lookahead <= '9')
p_161874afb4643b8f4543,csharp,ts_lex,6,AND,,,('0' <= lookahead && lookahead <= '9')
p_e8e94dc33b63bf58f772,csharp,ts_lex,0,PUSH_LOOKAHEAD,,,lookahead == '0' || lookahead == '1'
p_e8e94dc33b63bf58f772,csharp,ts_lex,1,PUSH_INT,48,,lookahead == '0' || lookahead == '1'
p_e8e94dc33b63bf58f772,csharp,ts_lex,2,CMP_EQ,,,lookahead == '0' || lookahead == '1'
p_e8e94dc33b63bf58f772,csharp,ts_lex,3,PUSH_LOOKAHEAD,,,lookahead == '0' || lookahead == '1'
p_e8e94dc33b63bf58f772,csharp,ts_lex,4,PUSH_INT,49,,lookahead == '0' || lookahead == '1'
p_e8e94dc33b63bf58f772,csharp,ts_lex,5,CMP_EQ,,,lookahead == '0' || lookahead == '1'
p_e8e94dc33b63bf58f772,csharp,ts_lex,6,OR,,,lookahead == '0' || lookahead == '1'
p_fa0fe39f51ab846e3656,csharp,ts_lex,0,PUSH_INT,48,,('0' <= lookahead && lookahead <= '9') || ('A' <= lookahead && lookahead <= 'F') || ('a' <= lookahead && lookahead <= 'f')
p_fa0fe39f51ab846e3656,csharp,ts_lex,1,PUSH_LOOKAHEAD,,,('0' <= lookahead && lookahead <= '9') || ('A' <= lookahead && lookahead <= 'F') || ('a' <= lookahead && lookahead <= 'f')
p_fa0fe39f51ab846e3656,csharp,ts_lex,2,CMP_LE,,,('0' <= lookahead && lookahead <= '9') || ('A' <= lookahead && lookahead <= 'F') || ('a' <= lookahead && lookahead <= 'f')
p_fa0fe39f51ab846e3656,csharp,ts_lex,3,PUSH_LOOKAHEAD,,,('0' <= lookahead && lookahead <= '9') || ('A' <= lookahead && lookahead <= 'F') || ('a' <= lookahead && lookahead <= 'f')
p_fa0fe39f51ab846e3656,csharp,ts_lex,4,PUSH_INT,57,,('0' <= lookahead && lookahead <= '9') || ('A' <= lookahead && lookahead <= 'F') || ('a' <= lookahead && lookahead <= 'f')
p_fa0fe39f51ab846e3656,csharp,ts_lex,5,CMP_LE,,,('0' <= lookahead && lookahead <= '9') || ('A' <= lookahead && lookahead <= 'F') || ('a' <= lookahead && lookahead <= 'f')
p_fa0fe39f51ab846e3656,csharp,ts_lex,6,AND,,,('0' <= lookahead && lookahead <= '9') || ('A' <= lookahead && lookahead <= 'F') || ('a' <= lookahead && lookahead <= 'f')
p_fa0fe39f51ab846e3656,csharp,ts_lex,7,PUSH_INT,65,,('0' <= lookahead && lookahead <= '9') || ('A' <= lookahead && lookahead <= 'F') || ('a' <= lookahead && lookahead <= 'f')
p_fa0fe39f51ab846e3656,csharp,ts_lex,8,PUSH_LOOKAHEAD,,,('0' <= lookahead && lookahead <= '9') || ('A' <= lookahead && lookahead <= 'F') || ('a' <= lookahead && lookahead <= 'f')
p_fa0fe39f51ab846e3656,csharp,ts_lex,9,CMP_LE,,,('0' <= lookahead && lookahead <= '9') || ('A' <= lookahead && lookahead <= 'F') || ('a' <= lookahead && lookahead <= 'f')
p_fa0fe39f51ab846e3656,csharp,ts_lex,10,PUSH_LOOKAHEAD,,,('0' <= lookahead && lookahead <= '9') || ('A' <= lookahead && lookahead <= 'F') || ('a' <= lookahead && lookahead <= 'f')
p_fa0fe39f51ab846e3656,csharp,ts_lex,11,PUSH_INT,70,,('0' <= lookahead && lookahead <= '9') || ('A' <= lookahead && lookahead <= 'F') || ('a' <= lookahead && lookahead <= 'f')
p_fa0fe39f51ab846e3656,csharp,ts_lex,12,CMP_LE,,,('0' <= lookahead && lookahead <= '9') || ('A' <= lookahead && lookahead <= 'F') || ('a' <= lookahead && lookahead <= 'f')
p_fa0fe39f51ab846e3656,csharp,ts_lex,13,AND,,,('0' <= lookahead && lookahead <= '9') || ('A' <= lookahead && lookahead <= 'F') || ('a' <= lookahead && lookahead <= 'f')
p_fa0fe39f51ab846e3656,csharp,ts_lex,14,OR,,,('0' <= lookahead && lookahead <= '9') || ('A' <= lookahead && lookahead <= 'F') || ('a' <= lookahead && lookahead <= 'f')
p_fa0fe39f51ab846e3656,csharp,ts_lex,15,PUSH_INT,97,,('0' <= lookahead && lookahead <= '9') || ('A' <= lookahead && lookahead <= 'F') || ('a' <= lookahead && lookahead <= 'f')
p_fa0fe39f51ab846e3656,csharp,ts_lex,16,PUSH_LOOKAHEAD,,,('0' <= lookahead && lookahead <= '9') || ('A' <= lookahead && lookahead <= 'F') || ('a' <= lookahead && lookahead <= 'f')
p_fa0fe39f51ab846e3656,csharp,ts_lex,17,CMP_LE,,,('0' <= lookahead && lookahead <= '9') || ('A' <= lookahead && lookahead <= 'F') || ('a' <= lookahead && lookahead <= 'f')
p_fa0fe39f51ab846e3656,csharp,ts_lex,18,PUSH_LOOKAHEAD,,,('0' <= lookahead && lookahead <= '9') || ('A' <= lookahead && lookahead <= 'F') || ('a' <= lookahead && lookahead <= 'f')
p_fa0fe39f51ab846e3656,csharp,ts_lex,19,PUSH_INT,102,,('0' <= lookahead && lookahead <= '9') || ('A' <= lookahead && lookahead <= 'F') || ('a' <= lookahead && lookahead <= 'f')
p_fa0fe39f51ab846e3656,csharp,ts_lex,20,CMP_LE,,,('0' <= lookahead && lookahead <= '9') || ('A' <= lookahead && lookahead <= 'F') || ('a' <= lookahead && lookahead <= 'f')
p_fa0fe39f51ab846e3656,csharp,ts_lex,21,AND,,,('0' <= lookahead && lookahead <= '9') || ('A' <= lookahead && lookahead <= 'F') || ('a' <= lookahead && lookahead <= 'f')
p_fa0fe39f51ab846e3656,csharp,ts_lex,22,OR,,,('0' <= lookahead && lookahead <= '9') || ('A' <= lookahead && lookahead <= 'F') || ('a' <= lookahead && lookahead <= 'f')
p_0c8a21a9861ff03b3d8d,csharp,ts_lex,0,PUSH_LOOKAHEAD,,,lookahead == 'a'
p_0c8a21a9861ff03b3d8d,csharp,ts_lex,1,PUSH_INT,97,,lookahead == 'a'
p_0c8a21a9861ff03b3d8d,csharp,ts_lex,2,CMP_EQ,,,lookahead == 'a'
p_a4bb2405f4f0026d00ba,csharp,ts_lex,0,PUSH_LOOKAHEAD,,,lookahead == 'b'
p_a4bb2405f4f0026d00ba,csharp,ts_lex,1,PUSH_INT,98,,lookahead == 'b'
p_a4bb2405f4f0026d00ba,csharp,ts_lex,2,CMP_EQ,,,lookahead == 'b'
p_acd0b22fde50e6bca887,csharp,ts_lex,0,PUSH_LOOKAHEAD,,,lookahead == 'd'
p_acd0b22fde50e6bca887,csharp,ts_lex,1,PUSH_INT,100,,lookahead == 'd'
p_acd0b22fde50e6bca887,csharp,ts_lex,2,CMP_EQ,,,lookahead == 'd'
p_7e1c8a80b8d9b716d96c,csharp,ts_lex,0,PUSH_LOOKAHEAD,,,lookahead == 'e'
p_7e1c8a80b8d9b716d96c,csharp,ts_lex,1,PUSH_INT,101,,lookahead == 'e'
p_7e1c8a80b8d9b716d96c,csharp,ts_lex,2,CMP_EQ,,,lookahead == 'e'
p_fdbaee562460ad20eb15,csharp,ts_lex,0,PUSH_LOOKAHEAD,,,lookahead == 'f'
p_fdbaee562460ad20eb15,csharp,ts_lex,1,PUSH_INT,102,,lookahead == 'f'
p_fdbaee562460ad20eb15,csharp,ts_lex,2,CMP_EQ,,,lookahead == 'f'
p_4b337da17f5be46f5e42,csharp,ts_lex,0,PUSH_LOOKAHEAD,,,lookahead == 'g'
p_4b337da17f5be46f5e42,csharp,ts_lex,1,PUSH_INT,103,,lookahead == 'g'
p_4b337da17f5be46f5e42,csharp,ts_lex,2,CMP_EQ,,,lookahead == 'g'
p_ee108a84e4cca01bece1,csharp,ts_lex,0,PUSH_LOOKAHEAD,,,lookahead == 'i'
p_ee108a84e4cca01bece1,csharp,ts_lex,1,PUSH_INT,105,,lookahead == 'i'
p_ee108a84e4cca01bece1,csharp,ts_lex,2,CMP_EQ,,,lookahead == 'i'
p_ccea822a7200099f634a,csharp,ts_lex,0,PUSH_LOOKAHEAD,,,lookahead == 's'
p_ccea822a7200099f634a,csharp,ts_lex,1,PUSH_INT,115,,lookahead == 's'
p_ccea822a7200099f634a,csharp,ts_lex,2,CMP_EQ,,,lookahead == 's'
p_12757e83b2ef7ee0014a,csharp,ts_lex,0,PUSH_LOOKAHEAD,,,lookahead == 'r'
p_12757e83b2ef7ee0014a,csharp,ts_lex,1,PUSH_INT,114,,lookahead == 'r'
p_12757e83b2ef7ee0014a,csharp,ts_lex,2,CMP_EQ,,,lookahead == 'r'
p_85d389bcaf2d75bd92df,csharp,ts_lex,0,PUSH_LOOKAHEAD,,,lookahead == 'l'
p_85d389bcaf2d75bd92df,csharp,ts_lex,1,PUSH_INT,108,,lookahead == 'l'
p_85d389bcaf2d75bd92df,csharp,ts_lex,2,CMP_EQ,,,lookahead == 'l'
p_149249558252a8a4062b,csharp,ts_lex,0,PUSH_LOOKAHEAD,,,lookahead == 'n'
p_149249558252a8a4062b,csharp,ts_lex,1,PUSH_INT,110,,lookahead == 'n'
p_149249558252a8a4062b,csharp,ts_lex,2,CMP_EQ,,,lookahead == 'n'
p_d12c64112292bbb48d3e,csharp,ts_lex,0,PUSH_LOOKAHEAD,,,lookahead == 'm'
p_d12c64112292bbb48d3e,csharp,ts_lex,1,PUSH_INT,109,,lookahead == 'm'
p_d12c64112292bbb48d3e,csharp,ts_lex,2,CMP_EQ,,,lookahead == 'm'
p_ce9ac1cd7de6c9ea36bc,csharp,ts_lex,0,PUSH_LOOKAHEAD,,,lookahead == 'o'
p_ce9ac1cd7de6c9ea36bc,csharp,ts_lex,1,PUSH_INT,111,,lookahead == 'o'
p_ce9ac1cd7de6c9ea36bc,csharp,ts_lex,2,CMP_EQ,,,lookahead == 'o'
p_0569f1112c3981384fe8,csharp,ts_lex,0,PUSH_LOOKAHEAD,,,lookahead == '|'
p_0569f1112c3981384fe8,csharp,ts_lex,1,PUSH_INT,124,,lookahead == '|'
p_0569f1112c3981384fe8,csharp,ts_lex,2,CMP_EQ,,,lookahead == '|'
p_93c1aa54d49f137edfa0,csharp,ts_lex,0,PUSH_LOOKAHEAD,,,lookahead == '+' || lookahead == '-'
p_93c1aa54d49f137edfa0,csharp,ts_lex,1,PUSH_INT,43,,lookahead == '+' || lookahead == '-'
p_93c1aa54d49f137edfa0,csharp,ts_lex,2,CMP_EQ,,,lookahead == '+' || lookahead == '-'
p_93c1aa54d49f137edfa0,csharp,ts_lex,3,PUSH_LOOKAHEAD,,,lookahead == '+' || lookahead == '-'
p_93c1aa54d49f137edfa0,csharp,ts_lex,4,PUSH_INT,45,,lookahead == '+' || lookahead == '-'
p_93c1aa54d49f137edfa0,csharp,ts_lex,5,CMP_EQ,,,lookahead == '+' || lookahead == '-'
p_93c1aa54d49f137edfa0,csharp,ts_lex,6,OR,,,lookahead == '+' || lookahead == '-'
p_b0daef4e21a8f42c40a1,csharp,ts_lex,0,PUSH_LOOKAHEAD,,,lookahead != 0 && lookahead != '*'
p_b0daef4e21a8f42c40a1,csharp,ts_lex,1,PUSH_INT,0,,lookahead != 0 && lookahead != '*'
p_b0daef4e21a8f42c40a1,csharp,ts_lex,2,CMP_NE,,,lookahead != 0 && lookahead != '*'
p_b0daef4e21a8f42c40a1,csharp,ts_lex,3,PUSH_LOOKAHEAD,,,lookahead != 0 && lookahead != '*'
p_b0daef4e21a8f42c40a1,csharp,ts_lex,4,PUSH_INT,42,,lookahead != 0 && lookahead != '*'
p_b0daef4e21a8f42c40a1,csharp,ts_lex,5,CMP_NE,,,lookahead != 0 && lookahead != '*'
p_b0daef4e21a8f42c40a1,csharp,ts_lex,6,AND,,,lookahead != 0 && lookahead != '*'
p_2ab4e54361f849073d5e,csharp,ts_lex,0,PUSH_LOOKAHEAD,,,lookahead == ':'
p_2ab4e54361f849073d5e,csharp,ts_lex,1,PUSH_INT,58,,lookahead == ':'
p_2ab4e54361f849073d5e,csharp,ts_lex,2,CMP_EQ,,,lookahead == ':'
p_812f2d285dce1f5c9a2f,csharp,ts_lex,0,PUSH_LOOKAHEAD,,,lookahead == '<'
p_812f2d285dce1f5c9a2f,csharp,ts_lex,1,PUSH_INT,60,,lookahead == '<'
p_812f2d285dce1f5c9a2f,csharp,ts_lex,2,CMP_EQ,,,lookahead == '<'
p_4db1e38d16cd4327a618,csharp,ts_lex,0,PUSH_LOOKAHEAD,,,lookahead == '?'
p_4db1e38d16cd4327a618,csharp,ts_lex,1,PUSH_INT,63,,lookahead == '?'
p_4db1e38d16cd4327a618,csharp,ts_lex,2,CMP_EQ,,,lookahead == '?'
p_a8468e9ba5d3259035a3,csharp,ts_lex,0,PUSH_LOOKAHEAD,,,lookahead == '+'
p_a8468e9ba5d3259035a3,csharp,ts_lex,1,PUSH_INT,43,,lookahead == '+'
p_a8468e9ba5d3259035a3,csharp,ts_lex,2,CMP_EQ,,,lookahead == '+'
p_b3c902c54d49c606a7f9,csharp,ts_lex,0,PUSH_LOOKAHEAD,,,lookahead == '-'
p_b3c902c54d49c606a7f9,csharp,ts_lex,1,PUSH_INT,45,,lookahead == '-'
p_b3c902c54d49c606a7f9,csharp,ts_lex,2,CMP_EQ,,,lookahead == '-'
p_7cc19e10dc5db38d230a,csharp,ts_lex,0,PUSH_LOOKAHEAD,,,lookahead == '.'
p_7cc19e10dc5db38d230a,csharp,ts_lex,1,PUSH_INT,46,,lookahead == '.'
p_7cc19e10dc5db38d230a,csharp,ts_lex,2,CMP_EQ,,,lookahead == '.'
p_f74bb60d8f7855e8b7dc,csharp,ts_lex,0,PUSH_LOOKAHEAD,,,"lookahead != 0 && lookahead != '""' && lookahead != '}'"
p_f74bb60d8f7855e8b7dc,csharp,ts_lex,1,PUSH_INT,0,,"lookahead != 0 && lookahead != '""' && lookahead != '}'"
p_f74bb60d8f7855e8b7dc,csharp,ts_lex,2,CMP_NE,,,"lookahead != 0 && lookahead != '""' && lookahead != '}'"
p_f74bb60d8f7855e8b7dc,csharp,ts_lex,3,PUSH_LOOKAHEAD,,,"lookahead != 0 && lookahead != '""' && lookahead != '}'"
p_f74bb60d8f7855e8b7dc,csharp,ts_lex,4,PUSH_INT,34,,"lookahead != 0 && lookahead != '""' && lookahead != '}'"
p_f74bb60d8f7855e8b7dc,csharp,ts_lex,5,CMP_NE,,,"lookahead != 0 && lookahead != '""' && lookahead != '}'"
p_f74bb60d8f7855e8b7dc,csharp,ts_lex,6,AND,,,"lookahead != 0 && lookahead != '""' && lookahead != '}'"
p_f74bb60d8f7855e8b7dc,csharp,ts_lex,7,PUSH_LOOKAHEAD,,,"lookahead != 0 && lookahead != '""' && lookahead != '}'"
p_f74bb60d8f7855e8b7dc,csharp,ts_lex,8,PUSH_INT,125,,"lookahead != 0 && lookahead != '""' && lookahead != '}'"
p_f74bb60d8f7855e8b7dc,csharp,ts_lex,9,CMP_NE,,,"lookahead != 0 && lookahead != '""' && lookahead != '}'"
p_f74bb60d8f7855e8b7dc,csharp,ts_lex,10,AND,,,"lookahead != 0 && lookahead != '""' && lookahead != '}'"
p_e52e9a688bc1ee7472fb,csharp,ts_lex,0,PUSH_LOOKAHEAD,,,"lookahead == '""' || lookahead == '}'"
p_e52e9a688bc1ee7472fb,csharp,ts_lex,1,PUSH_INT,34,,"lookahead == '""' || lookahead == '}'"
p_e52e9a688bc1ee7472fb,csharp,ts_lex,2,CMP_EQ,,,"lookahead == '""' || lookahead == '}'"
p_e52e9a688bc1ee7472fb,csharp,ts_lex,3,PUSH_LOOKAHEAD,,,"lookahead == '""' || lookahead == '}'"
p_e52e9a688bc1ee7472fb,csharp,ts_lex,4,PUSH_INT,125,,"lookahead == '""' || lookahead == '}'"
p_e52e9a688bc1ee7472fb,csharp,ts_lex,5,CMP_EQ,,,"lookahead == '""' || lookahead == '}'"
p_e52e9a688bc1ee7472fb,csharp,ts_lex,6,OR,,,"lookahead == '""' || lookahead == '}'"
p_bed056d5c008afb9b227,csharp,ts_lex,0,PUSH_LOOKAHEAD,,,lookahead == '\n' || lookahead == '\r'
p_bed056d5c008afb9b227,csharp,ts_lex,1,PUSH_INT,10,,lookahead == '\n' || lookahead == '\r'
p_bed056d5c008afb9b227,csharp,ts_lex,2,CMP_EQ,,,lookahead == '\n' || lookahead == '\r'
p_bed056d5c008afb9b227,csharp,ts_lex,3,PUSH_LOOKAHEAD,,,lookahead == '\n' || lookahead == '\r'
p_bed056d5c008afb9b227,csharp,ts_lex,4,PUSH_INT,13,,lookahead == '\n' || lookahead == '\r'
p_bed056d5c008afb9b227,csharp,ts_lex,5,CMP_EQ,,,lookahead == '\n' || lookahead == '\r'
p_bed056d5c008afb9b227,csharp,ts_lex,6,OR,,,lookahead == '\n' || lookahead == '\r'
p_564d523c737bf1ee7d21,csharp,ts_lex,0,PUSH_LOOKAHEAD,,,lookahead == 95
p_564d523c737bf1ee7d21,csharp,ts_lex,1,PUSH_INT,95,,lookahead == 95
p_564d523c737bf1ee7d21,csharp,ts_lex,2,CMP_EQ,,,lookahead == 95
p_86b65b00743b521a4583,csharp,ts_lex,0,PUSH_LOOKAHEAD,,,lookahead == 66
p_86b65b00743b521a4583,csharp,ts_lex,1,PUSH_INT,66,,lookahead == 66
p_86b65b00743b521a4583,csharp,ts_lex,2,CMP_EQ,,,lookahead == 66
p_19a5c94a96c2c1dabd0f,csharp,ts_lex,0,PUSH_LOOKAHEAD,,,lookahead == 69
p_19a5c94a96c2c1dabd0f,csharp,ts_lex,1,PUSH_INT,69,,lookahead == 69
p_19a5c94a96c2c1dabd0f,csharp,ts_lex,2,CMP_EQ,,,lookahead == 69
p_f98361e6d07369222624,csharp,ts_lex,0,PUSH_LOOKAHEAD,,,lookahead == 76
p_f98361e6d07369222624,csharp,ts_lex,1,PUSH_INT,76,,lookahead == 76
p_f98361e6d07369222624,csharp,ts_lex,2,CMP_EQ,,,lookahead == 76
p_4f92db25c3ed5a5380c9,csharp,ts_lex,0,PUSH_LOOKAHEAD,,,lookahead == 88
p_4f92db25c3ed5a5380c9,csharp,ts_lex,1,PUSH_INT,88,,lookahead == 88
p_4f92db25c3ed5a5380c9,csharp,ts_lex,2,CMP_EQ,,,lookahead == 88
p_67b4dfb3a257fefac6df,csharp,ts_lex,0,PUSH_LOOKAHEAD,,,lookahead == 68
p_67b4dfb3a257fefac6df,csharp,ts_lex,1,PUSH_INT,68,,lookahead == 68
p_67b4dfb3a257fefac6df,csharp,ts_lex,2,CMP_EQ,,,lookahead == 68
p_edafd5b08ea532c86d54,csharp,ts_lex,0,PUSH_LOOKAHEAD,,,lookahead == 70
p_edafd5b08ea532c86d54,csharp,ts_lex,1,PUSH_INT,70,,lookahead == 70
p_edafd5b08ea532c86d54,csharp,ts_lex,2,CMP_EQ,,,lookahead == 70
p_76717dfbddc42b9884a4,csharp,ts_lex,0,PUSH_LOOKAHEAD,,,lookahead == 77
p_76717dfbddc42b9884a4,csharp,ts_lex,1,PUSH_INT,77,,lookahead == 77
p_76717dfbddc42b9884a4,csharp,ts_lex,2,CMP_EQ,,,lookahead == 77
p_a08035cb9632d6d45085,csharp,ts_lex,0,PUSH_LOOKAHEAD,,,lookahead == 109
p_a08035cb9632d6d45085,csharp,ts_lex,1,PUSH_INT,109,,lookahead == 109
p_a08035cb9632d6d45085,csharp,ts_lex,2,CMP_EQ,,,lookahead == 109
p_ba61315b925366b9e583,csharp,ts_lex,0,PUSH_LOOKAHEAD,,,lookahead == 'L' || lookahead == 'l'
p_ba61315b925366b9e583,csharp,ts_lex,1,PUSH_INT,76,,lookahead == 'L' || lookahead == 'l'
p_ba61315b925366b9e583,csharp,ts_lex,2,CMP_EQ,,,lookahead == 'L' || lookahead == 'l'
p_ba61315b925366b9e583,csharp,ts_lex,3,PUSH_LOOKAHEAD,,,lookahead == 'L' || lookahead == 'l'
p_ba61315b925366b9e583,csharp,ts_lex,4,PUSH_INT,108,,lookahead == 'L' || lookahead == 'l'
p_ba61315b925366b9e583,csharp,ts_lex,5,CMP_EQ,,,lookahead == 'L' || lookahead == 'l'
p_ba61315b925366b9e583,csharp,ts_lex,6,OR,,,lookahead == 'L' || lookahead == 'l'
p_da2ab45d29f777370269,csharp,ts_lex,0,PUSH_LOOKAHEAD,,,lookahead == 'U' || lookahead == 'u'
p_da2ab45d29f777370269,csharp,ts_lex,1,PUSH_INT,85,,lookahead == 'U' || lookahead == 'u'
p_da2ab45d29f777370269,csharp,ts_lex,2,CMP_EQ,,,lookahead == 'U' || lookahead == 'u'
p_da2ab45d29f777370269,csharp,ts_lex,3,PUSH_LOOKAHEAD,,,lookahead == 'U' || lookahead == 'u'
p_da2ab45d29f777370269,csharp,ts_lex,4,PUSH_INT,117,,lookahead == 'U' || lookahead == 'u'
p_da2ab45d29f777370269,csharp,ts_lex,5,CMP_EQ,,,lookahead == 'U' || lookahead == 'u'
p_da2ab45d29f777370269,csharp,ts_lex,6,OR,,,lookahead == 'U' || lookahead == 'u'
p_a9b8588811fcf1ff62c6,csharp,ts_lex,0,PUSH_LOOKAHEAD,,,lookahead == 'D' || lookahead == 'F' || lookahead == 'M' || lookahead == 'd' || lookahead == 'f' || lookahead == 'm'
p_a9b8588811fcf1ff62c6,csharp,ts_lex,1,PUSH_INT,68,,lookahead == 'D' || lookahead == 'F' || lookahead == 'M' || lookahead == 'd' || lookahead == 'f' || lookahead == 'm'
p_a9b8588811fcf1ff62c6,csharp,ts_lex,2,CMP_EQ,,,lookahead == 'D' || lookahead == 'F' || lookahead == 'M' || lookahead == 'd' || lookahead == 'f' || lookahead == 'm'
p_a9b8588811fcf1ff62c6,csharp,ts_lex,3,PUSH_LOOKAHEAD,,,lookahead == 'D' || lookahead == 'F' || lookahead == 'M' || lookahead == 'd' || lookahead == 'f' || lookahead == 'm'
p_a9b8588811fcf1ff62c6,csharp,ts_lex,4,PUSH_INT,70,,lookahead == 'D' || lookahead == 'F' || lookahead == 'M' || lookahead == 'd' || lookahead == 'f' || lookahead == 'm'
p_a9b8588811fcf1ff62c6,csharp,ts_lex,5,CMP_EQ,,,lookahead == 'D' || lookahead == 'F' || lookahead == 'M' || lookahead == 'd' || lookahead == 'f' || lookahead == 'm'
p_a9b8588811fcf1ff62c6,csharp,ts_lex,6,OR,,,lookahead == 'D' || lookahead == 'F' || lookahead == 'M' || lookahead == 'd' || lookahead == 'f' || lookahead == 'm'
p_a9b8588811fcf1ff62c6,csharp,ts_lex,7,PUSH_LOOKAHEAD,,,lookahead == 'D' || lookahead == 'F' || lookahead == 'M' || lookahead == 'd' || lookahead == 'f' || lookahead == 'm'
p_a9b8588811fcf1ff62c6,csharp,ts_lex,8,PUSH_INT,77,,lookahead == 'D' || lookahead == 'F' || lookahead == 'M' || lookahead == 'd' || lookahead == 'f' || lookahead == 'm'
p_a9b8588811fcf1ff62c6,csharp,ts_lex,9,CMP_EQ,,,lookahead == 'D' || lookahead == 'F' || lookahead == 'M' || lookahead == 'd' || lookahead == 'f' || lookahead == 'm'
p_a9b8588811fcf1ff62c6,csharp,ts_lex,10,OR,,,lookahead == 'D' || lookahead == 'F' || lookahead == 'M' || lookahead == 'd' || lookahead == 'f' || lookahead == 'm'
p_a9b8588811fcf1ff62c6,csharp,ts_lex,11,PUSH_LOOKAHEAD,,,lookahead == 'D' || lookahead == 'F' || lookahead == 'M' || lookahead == 'd' || lookahead == 'f' || lookahead == 'm'
p_a9b8588811fcf1ff62c6,csharp,ts_lex,12,PUSH_INT,100,,lookahead == 'D' || lookahead == 'F' || lookahead == 'M' || lookahead == 'd' || lookahead == 'f' || lookahead == 'm'
p_a9b8588811fcf1ff62c6,csharp,ts_lex,13,CMP_EQ,,,lookahead == 'D' || lookahead == 'F' || lookahead == 'M' || lookahead == 'd' || lookahead == 'f' || lookahead == 'm'
p_a9b8588811fcf1ff62c6,csharp,ts_lex,14,OR,,,lookahead == 'D' || lookahead == 'F' || lookahead == 'M' || lookahead == 'd' || lookahead == 'f' || lookahead == 'm'
p_a9b8588811fcf1ff62c6,csharp,ts_lex,15,PUSH_LOOKAHEAD,,,lookahead == 'D' || lookahead == 'F' || lookahead == 'M' || lookahead == 'd' || lookahead == 'f' || lookahead == 'm'
p_a9b8588811fcf1ff62c6,csharp,ts_lex,16,PUSH_INT,102,,lookahead == 'D' || lookahead == 'F' || lookahead == 'M' || lookahead == 'd' || lookahead == 'f' || lookahead == 'm'
p_a9b8588811fcf1ff62c6,csharp,ts_lex,17,CMP_EQ,,,lookahead == 'D' || lookahead == 'F' || lookahead == 'M' || lookahead == 'd' || lookahead == 'f' || lookahead == 'm'
p_a9b8588811fcf1ff62c6,csharp,ts_lex,18,OR,,,lookahead == 'D' || lookahead == 'F' || lookahead == 'M' || lookahead == 'd' || lookahead == 'f' || lookahead == 'm'
p_a9b8588811fcf1ff62c6,csharp,ts_lex,19,PUSH_LOOKAHEAD,,,lookahead == 'D' || lookahead == 'F' || lookahead == 'M' || lookahead == 'd' || lookahead == 'f' || lookahead == 'm'
p_a9b8588811fcf1ff62c6,csharp,ts_lex,20,PUSH_INT,109,,lookahead == 'D' || lookahead == 'F' || lookahead == 'M' || lookahead == 'd' || lookahead == 'f' || lookahead == 'm'
p_a9b8588811fcf1ff62c6,csharp,ts_lex,21,CMP_EQ,,,lookahead == 'D' || lookahead == 'F' || lookahead == 'M' || lookahead == 'd' || lookahead == 'f' || lookahead == 'm'
p_a9b8588811fcf1ff62c6,csharp,ts_lex,22,OR,,,lookahead == 'D' || lookahead == 'F' || lookahead == 'M' || lookahead == 'd' || lookahead == 'f' || lookahead == 'm'
p_c5991c852ddc18c6c0e1,csharp,ts_lex,0,PUSH_INT,48,,('0' <= lookahead && lookahead <= '9') || lookahead == '_'
p_c5991c852ddc18c6c0e1,csharp,ts_lex,1,PUSH_LOOKAHEAD,,,('0' <= lookahead && lookahead <= '9') || lookahead == '_'
p_c5991c852ddc18c6c0e1,csharp,ts_lex,2,CMP_LE,,,('0' <= lookahead && lookahead <= '9') || lookahead == '_'
p_c5991c852ddc18c6c0e1,csharp,ts_lex,3,PUSH_LOOKAHEAD,,,('0' <= lookahead && lookahead <= '9') || lookahead == '_'
p_c5991c852ddc18c6c0e1,csharp,ts_lex,4,PUSH_INT,57,,('0' <= lookahead && lookahead <= '9') || lookahead == '_'
p_c5991c852ddc18c6c0e1,csharp,ts_lex,5,CMP_LE,,,('0' <= lookahead && lookahead <= '9') || lookahead == '_'
p_c5991c852ddc18c6c0e1,csharp,ts_lex,6,AND,,,('0' <= lookahead && lookahead <= '9') || lookahead == '_'
p_c5991c852ddc18c6c0e1,csharp,ts_lex,7,PUSH_LOOKAHEAD,,,('0' <= lookahead && lookahead <= '9') || lookahead == '_'
p_c5991c852ddc18c6c0e1,csharp,ts_lex,8,PUSH_INT,95,,('0' <= lookahead && lookahead <= '9') || lookahead == '_'
p_c5991c852ddc18c6c0e1,csharp,ts_lex,9,CMP_EQ,,,('0' <= lookahead && lookahead <= '9') || lookahead == '_'
p_c5991c852ddc18c6c0e1,csharp,ts_lex,10,OR,,,('0' <= lookahead && lookahead <= '9') || lookahead == '_'
p_0baa726ae88250432353,csharp,ts_lex,0,PUSH_LOOKAHEAD,,,lookahead == '\r'
p_0baa726ae88250432353,csharp,ts_lex,1,PUSH_INT,13,,lookahead == '\r'
p_0baa726ae88250432353,csharp,ts_lex,2,CMP_EQ,,,lookahead == '\r'
p_c60e37e1f8d736ce4115,csharp,ts_lex,0,PUSH_LOOKAHEAD,,,"lookahead != 0 && lookahead != '\n' && lookahead != '""' && lookahead != '\\'"
p_c60e37e1f8d736ce4115,csharp,ts_lex,1,PUSH_INT,0,,"lookahead != 0 && lookahead != '\n' && lookahead != '""' && lookahead != '\\'"
p_c60e37e1f8d736ce4115,csharp,ts_lex,2,CMP_NE,,,"lookahead != 0 && lookahead != '\n' && lookahead != '""' && lookahead != '\\'"
p_c60e37e1f8d736ce4115,csharp,ts_lex,3,PUSH_LOOKAHEAD,,,"lookahead != 0 && lookahead != '\n' && lookahead != '""' && lookahead != '\\'"
p_c60e37e1f8d736ce4115,csharp,ts_lex,4,PUSH_INT,10,,"lookahead != 0 && lookahead != '\n' && lookahead != '""' && lookahead != '\\'"
p_c60e37e1f8d736ce4115,csharp,ts_lex,5,CMP_NE,,,"lookahead != 0 && lookahead != '\n' && lookahead != '""' && lookahead != '\\'"
p_c60e37e1f8d736ce4115,csharp,ts_lex,6,AND,,,"lookahead != 0 && lookahead != '\n' && lookahead != '""' && lookahead != '\\'"
p_c60e37e1f8d736ce4115,csharp,ts_lex,7,PUSH_LOOKAHEAD,,,"lookahead != 0 && lookahead != '\n' && lookahead != '""' && lookahead != '\\'"
p_c60e37e1f8d736ce4115,csharp,ts_lex,8,PUSH_INT,34,,"lookahead != 0 && lookahead != '\n' && lookahead != '""' && lookahead != '\\'"
p_c60e37e1f8d736ce4115,csharp,ts_lex,9,CMP_NE,,,"lookahead != 0 && lookahead != '\n' && lookahead != '""' && lookahead != '\\'"
p_c60e37e1f8d736ce4115,csharp,ts_lex,10,AND,,,"lookahead != 0 && lookahead != '\n' && lookahead != '""' && lookahead != '\\'"
p_c60e37e1f8d736ce4115,csharp,ts_lex,11,PUSH_LOOKAHEAD,,,"lookahead != 0 && lookahead != '\n' && lookahead != '""' && lookahead != '\\'"
p_c60e37e1f8d736ce4115,csharp,ts_lex,12,PUSH_INT,92,,"lookahead != 0 && lookahead != '\n' && lookahead != '""' && lookahead != '\\'"
p_c60e37e1f8d736ce4115,csharp,ts_lex,13,CMP_NE,,,"lookahead != 0 && lookahead != '\n' && lookahead != '""' && lookahead != '\\'"
p_c60e37e1f8d736ce4115,csharp,ts_lex,14,AND,,,"lookahead != 0 && lookahead != '\n' && lookahead != '""' && lookahead != '\\'"
p_56aacb5f154d989a113e,csharp,ts_lex,0,PUSH_LOOKAHEAD,,,lookahead == '\t' || (0x0b <= lookahead && lookahead <= '\r') || lookahead == ' ' || lookahead == 0xa0 || lookahead == 0x3000 || lookahead == 0xfeff
p_56aacb5f154d989a113e,csharp,ts_lex,1,PUSH_INT,9,,lookahead == '\t' || (0x0b <= lookahead && lookahead <= '\r') || lookahead == ' ' || lookahead == 0xa0 || lookahead == 0x3000 || lookahead == 0xfeff
p_56aacb5f154d989a113e,csharp,ts_lex,2,CMP_EQ,,,lookahead == '\t' || (0x0b <= lookahead && lookahead <= '\r') || lookahead == ' ' || lookahead == 0xa0 || lookahead == 0x3000 || lookahead == 0xfeff
p_56aacb5f154d989a113e,csharp,ts_lex,3,PUSH_INT,11,,lookahead == '\t' || (0x0b <= lookahead && lookahead <= '\r') || lookahead == ' ' || lookahead == 0xa0 || lookahead == 0x3000 || lookahead == 0xfeff
p_56aacb5f154d989a113e,csharp,ts_lex,4,PUSH_LOOKAHEAD,,,lookahead == '\t' || (0x0b <= lookahead && lookahead <= '\r') || lookahead == ' ' || lookahead == 0xa0 || lookahead == 0x3000 || lookahead == 0xfeff
p_56aacb5f154d989a113e,csharp,ts_lex,5,CMP_LE,,,lookahead == '\t' || (0x0b <= lookahead && lookahead <= '\r') || lookahead == ' ' || lookahead == 0xa0 || lookahead == 0x3000 || lookahead == 0xfeff
p_56aacb5f154d989a113e,csharp,ts_lex,6,PUSH_LOOKAHEAD,,,lookahead == '\t' || (0x0b <= lookahead && lookahead <= '\r') || lookahead == ' ' || lookahead == 0xa0 || lookahead == 0x3000 || lookahead == 0xfeff
p_56aacb5f154d989a113e,csharp,ts_lex,7,PUSH_INT,13,,lookahead == '\t' || (0x0b <= lookahead && lookahead <= '\r') || lookahead == ' ' || lookahead == 0xa0 || lookahead == 0x3000 || lookahead == 0xfeff
p_56aacb5f154d989a113e,csharp,ts_lex,8,CMP_LE,,,lookahead == '\t' || (0x0b <= lookahead && lookahead <= '\r') || lookahead == ' ' || lookahead == 0xa0 || lookahead == 0x3000 || lookahead == 0xfeff
p_56aacb5f154d989a113e,csharp,ts_lex,9,AND,,,lookahead == '\t' || (0x0b <= lookahead && lookahead <= '\r') || lookahead == ' ' || lookahead == 0xa0 || lookahead == 0x3000 || lookahead == 0xfeff
p_56aacb5f154d989a113e,csharp,ts_lex,10,OR,,,lookahead == '\t' || (0x0b <= lookahead && lookahead <= '\r') || lookahead == ' ' || lookahead == 0xa0 || lookahead == 0x3000 || lookahead == 0xfeff
p_56aacb5f154d989a113e,csharp,ts_lex,11,PUSH_LOOKAHEAD,,,lookahead == '\t' || (0x0b <= lookahead && lookahead <= '\r') || lookahead == ' ' || lookahead == 0xa0 || lookahead == 0x3000 || lookahead == 0xfeff
p_56aacb5f154d989a113e,csharp,ts_lex,12,PUSH_INT,32,,lookahead == '\t' || (0x0b <= lookahead && lookahead <= '\r') || lookahead == ' ' || lookahead == 0xa0 || lookahead == 0x3000 || lookahead == 0xfeff
p_56aacb5f154d989a113e,csharp,ts_lex,13,CMP_EQ,,,lookahead == '\t' || (0x0b <= lookahead && lookahead <= '\r') || lookahead == ' ' || lookahead == 0xa0 || lookahead == 0x3000 || lookahead == 0xfeff
p_56aacb5f154d989a113e,csharp,ts_lex,14,OR,,,lookahead == '\t' || (0x0b <= lookahead && lookahead <= '\r') || lookahead == ' ' || lookahead == 0xa0 || lookahead == 0x3000 || lookahead == 0xfeff
p_56aacb5f154d989a113e,csharp,ts_lex,15,PUSH_LOOKAHEAD,,,lookahead == '\t' || (0x0b <= lookahead && lookahead <= '\r') || lookahead == ' ' || lookahead == 0xa0 || lookahead == 0x3000 || lookahead == 0xfeff
p_56aacb5f154d989a113e,csharp,ts_lex,16,PUSH_INT,160,,lookahead == '\t' || (0x0b <= lookahead && lookahead <= '\r') || lookahead == ' ' || lookahead == 0xa0 || lookahead == 0x3000 || lookahead == 0xfeff
p_56aacb5f154d989a113e,csharp,ts_lex,17,CMP_EQ,,,lookahead == '\t' || (0x0b <= lookahead && lookahead <= '\r') || lookahead == ' ' || lookahead == 0xa0 || lookahead == 0x3000 || lookahead == 0xfeff
p_56aacb5f154d989a113e,csharp,ts_lex,18,OR,,,lookahead == '\t' || (0x0b <= lookahead && lookahead <= '\r') || lookahead == ' ' || lookahead == 0xa0 || lookahead == 0x3000 || lookahead == 0xfeff
p_56aacb5f154d989a113e,csharp,ts_lex,19,PUSH_LOOKAHEAD,,,lookahead == '\t' || (0x0b <= lookahead && lookahead <= '\r') || lookahead == ' ' || lookahead == 0xa0 || lookahead == 0x3000 || lookahead == 0xfeff
p_56aacb5f154d989a113e,csharp,ts_lex,20,PUSH_INT,12288,,lookahead == '\t' || (0x0b <= lookahead && lookahead <= '\r') || lookahead == ' ' || lookahead == 0xa0 || lookahead == 0x3000 || lookahead == 0xfeff
p_56aacb5f154d989a113e,csharp,ts_lex,21,CMP_EQ,,,lookahead == '\t' || (0x0b <= lookahead && lookahead <= '\r') || lookahead == ' ' || lookahead == 0xa0 || lookahead == 0x3000 || lookahead == 0xfeff
p_56aacb5f154d989a113e,csharp,ts_lex,22,OR,,,lookahead == '\t' || (0x0b <= lookahead && lookahead <= '\r') || lookahead == ' ' || lookahead == 0xa0 || lookahead == 0x3000 || lookahead == 0xfeff
p_56aacb5f154d989a113e,csharp,ts_lex,23,PUSH_LOOKAHEAD,,,lookahead == '\t' || (0x0b <= lookahead && lookahead <= '\r') || lookahead == ' ' || lookahead == 0xa0 || lookahead == 0x3000 || lookahead == 0xfeff
p_56aacb5f154d989a113e,csharp,ts_lex,24,PUSH_INT,65279,,lookahead == '\t' || (0x0b <= lookahead && lookahead <= '\r') || lookahead == ' ' || lookahead == 0xa0 || lookahead == 0x3000 || lookahead == 0xfeff
p_56aacb5f154d989a113e,csharp,ts_lex,25,CMP_EQ,,,lookahead == '\t' || (0x0b <= lookahead && lookahead <= '\r') || lookahead == ' ' || lookahead == 0xa0 || lookahead == 0x3000 || lookahead == 0xfeff
p_56aacb5f154d989a113e,csharp,ts_lex,26,OR,,,lookahead == '\t' || (0x0b <= lookahead && lookahead <= '\r') || lookahead == ' ' || lookahead == 0xa0 || lookahead == 0x3000 || lookahead == 0xfeff
p_65770647121e51e4606e,csharp,ts_lex,0,PUSH_LOOKAHEAD,,,"lookahead != 0 && (lookahead < '\t' || '\r' < lookahead) && lookahead != '""' && lookahead != '#' && lookahead != '\\'"
p_65770647121e51e4606e,csharp,ts_lex,1,PUSH_INT,0,,"lookahead != 0 && (lookahead < '\t' || '\r' < lookahead) && lookahead != '""' && lookahead != '#' && lookahead != '\\'"
p_65770647121e51e4606e,csharp,ts_lex,2,CMP_NE,,,"lookahead != 0 && (lookahead < '\t' || '\r' < lookahead) && lookahead != '""' && lookahead != '#' && lookahead != '\\'"
p_65770647121e51e4606e,csharp,ts_lex,3,PUSH_LOOKAHEAD,,,"lookahead != 0 && (lookahead < '\t' || '\r' < lookahead) && lookahead != '""' && lookahead != '#' && lookahead != '\\'"
p_65770647121e51e4606e,csharp,ts_lex,4,PUSH_INT,9,,"lookahead != 0 && (lookahead < '\t' || '\r' < lookahead) && lookahead != '""' && lookahead != '#' && lookahead != '\\'"
p_65770647121e51e4606e,csharp,ts_lex,5,CMP_LT,,,"lookahead != 0 && (lookahead < '\t' || '\r' < lookahead) && lookahead != '""' && lookahead != '#' && lookahead != '\\'"
p_65770647121e51e4606e,csharp,ts_lex,6,PUSH_INT,13,,"lookahead != 0 && (lookahead < '\t' || '\r' < lookahead) && lookahead != '""' && lookahead != '#' && lookahead != '\\'"
p_65770647121e51e4606e,csharp,ts_lex,7,PUSH_LOOKAHEAD,,,"lookahead != 0 && (lookahead < '\t' || '\r' < lookahead) && lookahead != '""' && lookahead != '#' && lookahead != '\\'"
p_65770647121e51e4606e,csharp,ts_lex,8,CMP_LT,,,"lookahead != 0 && (lookahead < '\t' || '\r' < lookahead) && lookahead != '""' && lookahead != '#' && lookahead != '\\'"
p_65770647121e51e4606e,csharp,ts_lex,9,OR,,,"lookahead != 0 && (lookahead < '\t' || '\r' < lookahead) && lookahead != '""' && lookahead != '#' && lookahead != '\\'"
p_65770647121e51e4606e,csharp,ts_lex,10,AND,,,"lookahead != 0 && (lookahead < '\t' || '\r' < lookahead) && lookahead != '""' && lookahead != '#' && lookahead != '\\'"
p_65770647121e51e4606e,csharp,ts_lex,11,PUSH_LOOKAHEAD,,,"lookahead != 0 && (lookahead < '\t' || '\r' < lookahead) && lookahead != '""' && lookahead != '#' && lookahead != '\\'"
p_65770647121e51e4606e,csharp,ts_lex,12,PUSH_INT,34,,"lookahead != 0 && (lookahead < '\t' || '\r' < lookahead) && lookahead != '""' && lookahead != '#' && lookahead != '\\'"
p_65770647121e51e4606e,csharp,ts_lex,13,CMP_NE,,,"lookahead != 0 && (lookahead < '\t' || '\r' < lookahead) && lookahead != '""' && lookahead != '#' && lookahead != '\\'"
p_65770647121e51e4606e,csharp,ts_lex,14,AND,,,"lookahead != 0 && (lookahead < '\t' || '\r' < lookahead) && lookahead != '""' && lookahead != '#' && lookahead != '\\'"
p_65770647121e51e4606e,csharp,ts_lex,15,PUSH_LOOKAHEAD,,,"lookahead != 0 && (lookahead < '\t' || '\r' < lookahead) && lookahead != '""' && lookahead != '#' && lookahead != '\\'"
p_65770647121e51e4606e,csharp,ts_lex,16,PUSH_INT,35,,"lookahead != 0 && (lookahead < '\t' || '\r' < lookahead) && lookahead != '""' && lookahead != '#' && lookahead != '\\'"
p_65770647121e51e4606e,csharp,ts_lex,17,CMP_NE,,,"lookahead != 0 && (lookahead < '\t' || '\r' < lookahead) && lookahead != '""' && lookahead != '#' && lookahead != '\\'"
p_65770647121e51e4606e,csharp,ts_lex,18,AND,,,"lookahead != 0 && (lookahead < '\t' || '\r' < lookahead) && lookahead != '""' && lookahead != '#' && lookahead != '\\'"
p_65770647121e51e4606e,csharp,ts_lex,19,PUSH_LOOKAHEAD,,,"lookahead != 0 && (lookahead < '\t' || '\r' < lookahead) && lookahead != '""' && lookahead != '#' && lookahead != '\\'"
p_65770647121e51e4606e,csharp,ts_lex,20,PUSH_INT,92,,"lookahead != 0 && (lookahead < '\t' || '\r' < lookahead) && lookahead != '""' && lookahead != '#' && lookahead != '\\'"
p_65770647121e51e4606e,csharp,ts_lex,21,CMP_NE,,,"lookahead != 0 && (lookahead < '\t' || '\r' < lookahead) && lookahead != '""' && lookahead != '#' && lookahead != '\\'"
p_65770647121e51e4606e,csharp,ts_lex,22,AND,,,"lookahead != 0 && (lookahead < '\t' || '\r' < lookahead) && lookahead != '""' && lookahead != '#' && lookahead != '\\'"
p_b3b867cf402ff021e611,csharp,ts_lex,0,PUSH_LOOKAHEAD,,,"lookahead != 0 && lookahead != '\t' && lookahead != '\n' && lookahead != '""' && lookahead != '\\'"
p_b3b867cf402ff021e611,csharp,ts_lex,1,PUSH_INT,0,,"lookahead != 0 && lookahead != '\t' && lookahead != '\n' && lookahead != '""' && lookahead != '\\'"
p_b3b867cf402ff021e611,csharp,ts_lex,2,CMP_NE,,,"lookahead != 0 && lookahead != '\t' && lookahead != '\n' && lookahead != '""' && lookahead != '\\'"
p_b3b867cf402ff021e611,csharp,ts_lex,3,PUSH_LOOKAHEAD,,,"lookahead != 0 && lookahead != '\t' && lookahead != '\n' && lookahead != '""' && lookahead != '\\'"
p_b3b867cf402ff021e611,csharp,ts_lex,4,PUSH_INT,9,,"lookahead != 0 && lookahead != '\t' && lookahead != '\n' && lookahead != '""' && lookahead != '\\'"
p_b3b867cf402ff021e611,csharp,ts_lex,5,CMP_NE,,,"lookahead != 0 && lookahead != '\t' && lookahead != '\n' && lookahead != '""' && lookahead != '\\'"
p_b3b867cf402ff021e611,csharp,ts_lex,6,AND,,,"lookahead != 0 && lookahead != '\t' && lookahead != '\n' && lookahead != '""' && lookahead != '\\'"
p_b3b867cf402ff021e611,csharp,ts_lex,7,PUSH_LOOKAHEAD,,,"lookahead != 0 && lookahead != '\t' && lookahead != '\n' && lookahead != '""' && lookahead != '\\'"
p_b3b867cf402ff021e611,csharp,ts_lex,8,PUSH_INT,10,,"lookahead != 0 && lookahead != '\t' && lookahead != '\n' && lookahead != '""' && lookahead != '\\'"
p_b3b867cf402ff021e611,csharp,ts_lex,9,CMP_NE,,,"lookahead != 0 && lookahead != '\t' && lookahead != '\n' && lookahead != '""' && lookahead != '\\'"
p_b3b867cf402ff021e611,csharp,ts_lex,10,AND,,,"lookahead != 0 && lookahead != '\t' && lookahead != '\n' && lookahead != '""' && lookahead != '\\'"
p_b3b867cf402ff021e611,csharp,ts_lex,11,PUSH_LOOKAHEAD,,,"lookahead != 0 && lookahead != '\t' && lookahead != '\n' && lookahead != '""' && lookahead != '\\'"
p_b3b867cf402ff021e611,csharp,ts_lex,12,PUSH_INT,34,,"lookahead != 0 && lookahead != '\t' && lookahead != '\n' && lookahead != '""' && lookahead != '\\'"
p_b3b867cf402ff021e611,csharp,ts_lex,13,CMP_NE,,,"lookahead != 0 && lookahead != '\t' && lookahead != '\n' && lookahead != '""' && lookahead != '\\'"
p_b3b867cf402ff021e611,csharp,ts_lex,14,AND,,,"lookahead != 0 && lookahead != '\t' && lookahead != '\n' && lookahead != '""' && lookahead != '\\'"
p_b3b867cf402ff021e611,csharp,ts_lex,15,PUSH_LOOKAHEAD,,,"lookahead != 0 && lookahead != '\t' && lookahead != '\n' && lookahead != '""' && lookahead != '\\'"
p_b3b867cf402ff021e611,csharp,ts_lex,16,PUSH_INT,92,,"lookahead != 0 && lookahead != '\t' && lookahead != '\n' && lookahead != '""' && lookahead != '\\'"
p_b3b867cf402ff021e611,csharp,ts_lex,17,CMP_NE,,,"lookahead != 0 && lookahead != '\t' && lookahead != '\n' && lookahead != '""' && lookahead != '\\'"
p_b3b867cf402ff021e611,csharp,ts_lex,18,AND,,,"lookahead != 0 && lookahead != '\t' && lookahead != '\n' && lookahead != '""' && lookahead != '\\'"
p_43716bc0c4e7679e08ea,csharp,ts_lex,0,SET_CONTAINS,sym__identifier_token_character_set_3,801,"set_contains(sym__identifier_token_character_set_3, 801, lookahead)"
p_9e014a7a128c49eaa311,csharp,ts_lex,0,PUSH_LOOKAHEAD,,,lookahead != 0 && lookahead != '\n'
p_9e014a7a128c49eaa311,csharp,ts_lex,1,PUSH_INT,0,,lookahead != 0 && lookahead != '\n'
p_9e014a7a128c49eaa311,csharp,ts_lex,2,CMP_NE,,,lookahead != 0 && lookahead != '\n'
p_9e014a7a128c49eaa311,csharp,ts_lex,3,PUSH_LOOKAHEAD,,,lookahead != 0 && lookahead != '\n'
p_9e014a7a128c49eaa311,csharp,ts_lex,4,PUSH_INT,10,,lookahead != 0 && lookahead != '\n'
p_9e014a7a128c49eaa311,csharp,ts_lex,5,CMP_NE,,,lookahead != 0 && lookahead != '\n'
p_9e014a7a128c49eaa311,csharp,ts_lex,6,AND,,,lookahead != 0 && lookahead != '\n'
p_64089066c02800c66c04,csharp,ts_lex,0,PUSH_LOOKAHEAD,,,lookahead != 0 && lookahead != '\t' && lookahead != '\n'
p_64089066c02800c66c04,csharp,ts_lex,1,PUSH_INT,0,,lookahead != 0 && lookahead != '\t' && lookahead != '\n'
p_64089066c02800c66c04,csharp,ts_lex,2,CMP_NE,,,lookahead != 0 && lookahead != '\t' && lookahead != '\n'
p_64089066c02800c66c04,csharp,ts_lex,3,PUSH_LOOKAHEAD,,,lookahead != 0 && lookahead != '\t' && lookahead != '\n'
p_64089066c02800c66c04,csharp,ts_lex,4,PUSH_INT,9,,lookahead != 0 && lookahead != '\t' && lookahead != '\n'
p_64089066c02800c66c04,csharp,ts_lex,5,CMP_NE,,,lookahead != 0 && lookahead != '\t' && lookahead != '\n'
p_64089066c02800c66c04,csharp,ts_lex,6,AND,,,lookahead != 0 && lookahead != '\t' && lookahead != '\n'
p_64089066c02800c66c04,csharp,ts_lex,7,PUSH_LOOKAHEAD,,,lookahead != 0 && lookahead != '\t' && lookahead != '\n'
p_64089066c02800c66c04,csharp,ts_lex,8,PUSH_INT,10,,lookahead != 0 && lookahead != '\t' && lookahead != '\n'
p_64089066c02800c66c04,csharp,ts_lex,9,CMP_NE,,,lookahead != 0 && lookahead != '\t' && lookahead != '\n'
p_64089066c02800c66c04,csharp,ts_lex,10,AND,,,lookahead != 0 && lookahead != '\t' && lookahead != '\n'
p_794699103913522902ba,csharp,ts_lex,0,PUSH_LOOKAHEAD,,,lookahead != 0 && lookahead != '\n' && lookahead != '\r'
p_794699103913522902ba,csharp,ts_lex,1,PUSH_INT,0,,lookahead != 0 && lookahead != '\n' && lookahead != '\r'
p_794699103913522902ba,csharp,ts_lex,2,CMP_NE,,,lookahead != 0 && lookahead != '\n' && lookahead != '\r'
p_794699103913522902ba,csharp,ts_lex,3,PUSH_LOOKAHEAD,,,lookahead != 0 && lookahead != '\n' && lookahead != '\r'
p_794699103913522902ba,csharp,ts_lex,4,PUSH_INT,10,,lookahead != 0 && lookahead != '\n' && lookahead != '\r'
p_794699103913522902ba,csharp,ts_lex,5,CMP_NE,,,lookahead != 0 && lookahead != '\n' && lookahead != '\r'
p_794699103913522902ba,csharp,ts_lex,6,AND,,,lookahead != 0 && lookahead != '\n' && lookahead != '\r'
p_794699103913522902ba,csharp,ts_lex,7,PUSH_LOOKAHEAD,,,lookahead != 0 && lookahead != '\n' && lookahead != '\r'
p_794699103913522902ba,csharp,ts_lex,8,PUSH_INT,13,,lookahead != 0 && lookahead != '\n' && lookahead != '\r'
p_794699103913522902ba,csharp,ts_lex,9,CMP_NE,,,lookahead != 0 && lookahead != '\n' && lookahead != '\r'
p_794699103913522902ba,csharp,ts_lex,10,AND,,,lookahead != 0 && lookahead != '\n' && lookahead != '\r'
p_e64cbda2e9c0516efc69,csharp,ts_lex_keywords,0,PUSH_INT,9,,('\t' <= lookahead && lookahead <= '\r') || lookahead == ' ' || lookahead == 0xa0 || lookahead == 0x3000 || lookahead == 0xfeff
p_e64cbda2e9c0516efc69,csharp,ts_lex_keywords,1,PUSH_LOOKAHEAD,,,('\t' <= lookahead && lookahead <= '\r') || lookahead == ' ' || lookahead == 0xa0 || lookahead == 0x3000 || lookahead == 0xfeff
p_e64cbda2e9c0516efc69,csharp,ts_lex_keywords,2,CMP_LE,,,('\t' <= lookahead && lookahead <= '\r') || lookahead == ' ' || lookahead == 0xa0 || lookahead == 0x3000 || lookahead == 0xfeff
p_e64cbda2e9c0516efc69,csharp,ts_lex_keywords,3,PUSH_LOOKAHEAD,,,('\t' <= lookahead && lookahead <= '\r') || lookahead == ' ' || lookahead == 0xa0 || lookahead == 0x3000 || lookahead == 0xfeff
p_e64cbda2e9c0516efc69,csharp,ts_lex_keywords,4,PUSH_INT,13,,('\t' <= lookahead && lookahead <= '\r') || lookahead == ' ' || lookahead == 0xa0 || lookahead == 0x3000 || lookahead == 0xfeff
p_e64cbda2e9c0516efc69,csharp,ts_lex_keywords,5,CMP_LE,,,('\t' <= lookahead && lookahead <= '\r') || lookahead == ' ' || lookahead == 0xa0 || lookahead == 0x3000 || lookahead == 0xfeff
p_e64cbda2e9c0516efc69,csharp,ts_lex_keywords,6,AND,,,('\t' <= lookahead && lookahead <= '\r') || lookahead == ' ' || lookahead == 0xa0 || lookahead == 0x3000 || lookahead == 0xfeff
p_e64cbda2e9c0516efc69,csharp,ts_lex_keywords,7,PUSH_LOOKAHEAD,,,('\t' <= lookahead && lookahead <= '\r') || lookahead == ' ' || lookahead == 0xa0 || lookahead == 0x3000 || lookahead == 0xfeff
p_e64cbda2e9c0516efc69,csharp,ts_lex_keywords,8,PUSH_INT,32,,('\t' <= lookahead && lookahead <= '\r') || lookahead == ' ' || lookahead == 0xa0 || lookahead == 0x3000 || lookahead == 0xfeff
p_e64cbda2e9c0516efc69,csharp,ts_lex_keywords,9,CMP_EQ,,,('\t' <= lookahead && lookahead <= '\r') || lookahead == ' ' || lookahead == 0xa0 || lookahead == 0x3000 || lookahead == 0xfeff
p_e64cbda2e9c0516efc69,csharp,ts_lex_keywords,10,OR,,,('\t' <= lookahead && lookahead <= '\r') || lookahead == ' ' || lookahead == 0xa0 || lookahead == 0x3000 || lookahead == 0xfeff
p_e64cbda2e9c0516efc69,csharp,ts_lex_keywords,11,PUSH_LOOKAHEAD,,,('\t' <= lookahead && lookahead <= '\r') || lookahead == ' ' || lookahead == 0xa0 || lookahead == 0x3000 || lookahead == 0xfeff
p_e64cbda2e9c0516efc69,csharp,ts_lex_keywords,12,PUSH_INT,160,,('\t' <= lookahead && lookahead <= '\r') || lookahead == ' ' || lookahead == 0xa0 || lookahead == 0x3000 || lookahead == 0xfeff
p_e64cbda2e9c0516efc69,csharp,ts_lex_keywords,13,CMP_EQ,,,('\t' <= lookahead && lookahead <= '\r') || lookahead == ' ' || lookahead == 0xa0 || lookahead == 0x3000 || lookahead == 0xfeff
p_e64cbda2e9c0516efc69,csharp,ts_lex_keywords,14,OR,,,('\t' <= lookahead && lookahead <= '\r') || lookahead == ' ' || lookahead == 0xa0 || lookahead == 0x3000 || lookahead == 0xfeff
p_e64cbda2e9c0516efc69,csharp,ts_lex_keywords,15,PUSH_LOOKAHEAD,,,('\t' <= lookahead && lookahead <= '\r') || lookahead == ' ' || lookahead == 0xa0 || lookahead == 0x3000 || lookahead == 0xfeff
p_e64cbda2e9c0516efc69,csharp,ts_lex_keywords,16,PUSH_INT,12288,,('\t' <= lookahead && lookahead <= '\r') || lookahead == ' ' || lookahead == 0xa0 || lookahead == 0x3000 || lookahead == 0xfeff
p_e64cbda2e9c0516efc69,csharp,ts_lex_keywords,17,CMP_EQ,,,('\t' <= lookahead && lookahead <= '\r') || lookahead == ' ' || lookahead == 0xa0 || lookahead == 0x3000 || lookahead == 0xfeff
p_e64cbda2e9c0516efc69,csharp,ts_lex_keywords,18,OR,,,('\t' <= lookahead && lookahead <= '\r') || lookahead == ' ' || lookahead == 0xa0 || lookahead == 0x3000 || lookahead == 0xfeff
p_e64cbda2e9c0516efc69,csharp,ts_lex_keywords,19,PUSH_LOOKAHEAD,,,('\t' <= lookahead && lookahead <= '\r') || lookahead == ' ' || lookahead == 0xa0 || lookahead == 0x3000 || lookahead == 0xfeff
p_e64cbda2e9c0516efc69,csharp,ts_lex_keywords,20,PUSH_INT,65279,,('\t' <= lookahead && lookahead <= '\r') || lookahead == ' ' || lookahead == 0xa0 || lookahead == 0x3000 || lookahead == 0xfeff
p_e64cbda2e9c0516efc69,csharp,ts_lex_keywords,21,CMP_EQ,,,('\t' <= lookahead && lookahead <= '\r') || lookahead == ' ' || lookahead == 0xa0 || lookahead == 0x3000 || lookahead == 0xfeff
p_e64cbda2e9c0516efc69,csharp,ts_lex_keywords,22,OR,,,('\t' <= lookahead && lookahead <= '\r') || lookahead == ' ' || lookahead == 0xa0 || lookahead == 0x3000 || lookahead == 0xfeff
p_58d12ab71b21044ede26,csharp,ts_lex_keywords,0,PUSH_LOOKAHEAD,,,lookahead == 67
p_58d12ab71b21044ede26,csharp,ts_lex_keywords,1,PUSH_INT,67,,lookahead == 67
p_58d12ab71b21044ede26,csharp,ts_lex_keywords,2,CMP_EQ,,,lookahead == 67
p_af1fcdc26b1a0b37310b,csharp,ts_lex_keywords,0,PUSH_LOOKAHEAD,,,lookahead == 70
p_af1fcdc26b1a0b37310b,csharp,ts_lex_keywords,1,PUSH_INT,70,,lookahead == 70
p_af1fcdc26b1a0b37310b,csharp,ts_lex_keywords,2,CMP_EQ,,,lookahead == 70
p_2b4ddf5946864cfab331,csharp,ts_lex_keywords,0,PUSH_LOOKAHEAD,,,lookahead == 83
p_2b4ddf5946864cfab331,csharp,ts_lex_keywords,1,PUSH_INT,83,,lookahead == 83
p_2b4ddf5946864cfab331,csharp,ts_lex_keywords,2,CMP_EQ,,,lookahead == 83
p_d5469372bb79dc63e837,csharp,ts_lex_keywords,0,PUSH_LOOKAHEAD,,,lookahead == 84
p_d5469372bb79dc63e837,csharp,ts_lex_keywords,1,PUSH_INT,84,,lookahead == 84
p_d5469372bb79dc63e837,csharp,ts_lex_keywords,2,CMP_EQ,,,lookahead == 84
p_62ac8097686b73a5b22b,csharp,ts_lex_keywords,0,PUSH_LOOKAHEAD,,,lookahead == 85
p_62ac8097686b73a5b22b,csharp,ts_lex_keywords,1,PUSH_INT,85,,lookahead == 85
p_62ac8097686b73a5b22b,csharp,ts_lex_keywords,2,CMP_EQ,,,lookahead == 85
p_6628458b2577f6047b40,csharp,ts_lex_keywords,0,PUSH_LOOKAHEAD,,,lookahead == 95
p_6628458b2577f6047b40,csharp,ts_lex_keywords,1,PUSH_INT,95,,lookahead == 95
p_6628458b2577f6047b40,csharp,ts_lex_keywords,2,CMP_EQ,,,lookahead == 95
p_df9e5abb2a090ded126e,csharp,ts_lex_keywords,0,PUSH_LOOKAHEAD,,,lookahead == 97
p_df9e5abb2a090ded126e,csharp,ts_lex_keywords,1,PUSH_INT,97,,lookahead == 97
p_df9e5abb2a090ded126e,csharp,ts_lex_keywords,2,CMP_EQ,,,lookahead == 97
p_80034958272037c5f795,csharp,ts_lex_keywords,0,PUSH_LOOKAHEAD,,,lookahead == 98
p_80034958272037c5f795,csharp,ts_lex_keywords,1,PUSH_INT,98,,lookahead == 98
p_80034958272037c5f795,csharp,ts_lex_keywords,2,CMP_EQ,,,lookahead == 98
p_9293dd37555d3fa4daea,csharp,ts_lex_keywords,0,PUSH_LOOKAHEAD,,,lookahead == 99
p_9293dd37555d3fa4daea,csharp,ts_lex_keywords,1,PUSH_INT,99,,lookahead == 99
p_9293dd37555d3fa4daea,csharp,ts_lex_keywords,2,CMP_EQ,,,lookahead == 99
p_e169ed947745356b1b13,csharp,ts_lex_keywords,0,PUSH_LOOKAHEAD,,,lookahead == 100
p_e169ed947745356b1b13,csharp,ts_lex_keywords,1,PUSH_INT,100,,lookahead == 100
p_e169ed947745356b1b13,csharp,ts_lex_keywords,2,CMP_EQ,,,lookahead == 100
p_064aaba85fc8a1be8c22,csharp,ts_lex_keywords,0,PUSH_LOOKAHEAD,,,lookahead == 101
p_064aaba85fc8a1be8c22,csharp,ts_lex_keywords,1,PUSH_INT,101,,lookahead == 101
p_064aaba85fc8a1be8c22,csharp,ts_lex_keywords,2,CMP_EQ,,,lookahead == 101
p_7c6a64d2addd78103fd3,csharp,ts_lex_keywords,0,PUSH_LOOKAHEAD,,,lookahead == 102
p_7c6a64d2addd78103fd3,csharp,ts_lex_keywords,1,PUSH_INT,102,,lookahead == 102
p_7c6a64d2addd78103fd3,csharp,ts_lex_keywords,2,CMP_EQ,,,lookahead == 102
p_79e0046e9d15b5582a88,csharp,ts_lex_keywords,0,PUSH_LOOKAHEAD,,,lookahead == 103
p_79e0046e9d15b5582a88,csharp,ts_lex_keywords,1,PUSH_INT,103,,lookahead == 103
p_79e0046e9d15b5582a88,csharp,ts_lex_keywords,2,CMP_EQ,,,lookahead == 103
p_14d3b4072e0b406931ab,csharp,ts_lex_keywords,0,PUSH_LOOKAHEAD,,,lookahead == 104
p_14d3b4072e0b406931ab,csharp,ts_lex_keywords,1,PUSH_INT,104,,lookahead == 104
p_14d3b4072e0b406931ab,csharp,ts_lex_keywords,2,CMP_EQ,,,lookahead == 104
p_b4c9d6dd959a913e5bcc,csharp,ts_lex_keywords,0,PUSH_LOOKAHEAD,,,lookahead == 105
p_b4c9d6dd959a913e5bcc,csharp,ts_lex_keywords,1,PUSH_INT,105,,lookahead == 105
p_b4c9d6dd959a913e5bcc,csharp,ts_lex_keywords,2,CMP_EQ,,,lookahead == 105
p_cf1ce061069e4fead0ef,csharp,ts_lex_keywords,0,PUSH_LOOKAHEAD,,,lookahead == 106
p_cf1ce061069e4fead0ef,csharp,ts_lex_keywords,1,PUSH_INT,106,,lookahead == 106
p_cf1ce061069e4fead0ef,csharp,ts_lex_keywords,2,CMP_EQ,,,lookahead == 106
p_77f4751e8513b1403176,csharp,ts_lex_keywords,0,PUSH_LOOKAHEAD,,,lookahead == 108
p_77f4751e8513b1403176,csharp,ts_lex_keywords,1,PUSH_INT,108,,lookahead == 108
p_77f4751e8513b1403176,csharp,ts_lex_keywords,2,CMP_EQ,,,lookahead == 108
p_8fdd11ed3985ab22683f,csharp,ts_lex_keywords,0,PUSH_LOOKAHEAD,,,lookahead == 109
p_8fdd11ed3985ab22683f,csharp,ts_lex_keywords,1,PUSH_INT,109,,lookahead == 109
p_8fdd11ed3985ab22683f,csharp,ts_lex_keywords,2,CMP_EQ,,,lookahead == 109
p_954e8f7febe194b1d7d6,csharp,ts_lex_keywords,0,PUSH_LOOKAHEAD,,,lookahead == 110
p_954e8f7febe194b1d7d6,csharp,ts_lex_keywords,1,PUSH_INT,110,,lookahead == 110
p_954e8f7febe194b1d7d6,csharp,ts_lex_keywords,2,CMP_EQ,,,lookahead == 110
p_ef2d51daa72f7f1afcb8,csharp,ts_lex_keywords,0,PUSH_LOOKAHEAD,,,lookahead == 111
p_ef2d51daa72f7f1afcb8,csharp,ts_lex_keywords,1,PUSH_INT,111,,lookahead == 111
p_ef2d51daa72f7f1afcb8,csharp,ts_lex_keywords,2,CMP_EQ,,,lookahead == 111
p_31c6c97d3d215261e56a,csharp,ts_lex_keywords,0,PUSH_LOOKAHEAD,,,lookahead == 112
p_31c6c97d3d215261e56a,csharp,ts_lex_keywords,1,PUSH_INT,112,,lookahead == 112
p_31c6c97d3d215261e56a,csharp,ts_lex_keywords,2,CMP_EQ,,,lookahead == 112
p_bbb830c31890a7ead4a6,csharp,ts_lex_keywords,0,PUSH_LOOKAHEAD,,,lookahead == 114
p_bbb830c31890a7ead4a6,csharp,ts_lex_keywords,1,PUSH_INT,114,,lookahead == 114
p_bbb830c31890a7ead4a6,csharp,ts_lex_keywords,2,CMP_EQ,,,lookahead == 114
p_411ed93af6d5ef18af2d,csharp,ts_lex_keywords,0,PUSH_LOOKAHEAD,,,lookahead == 115
p_411ed93af6d5ef18af2d,csharp,ts_lex_keywords,1,PUSH_INT,115,,lookahead == 115
p_411ed93af6d5ef18af2d,csharp,ts_lex_keywords,2,CMP_EQ,,,lookahead == 115
p_05e411b8b679da0bbc0d,csharp,ts_lex_keywords,0,PUSH_LOOKAHEAD,,,lookahead == 116
p_05e411b8b679da0bbc0d,csharp,ts_lex_keywords,1,PUSH_INT,116,,lookahead == 116
p_05e411b8b679da0bbc0d,csharp,ts_lex_keywords,2,CMP_EQ,,,lookahead == 116
p_9e79bd1531f4739b1cc6,csharp,ts_lex_keywords,0,PUSH_LOOKAHEAD,,,lookahead == 117
p_9e79bd1531f4739b1cc6,csharp,ts_lex_keywords,1,PUSH_INT,117,,lookahead == 117
p_9e79bd1531f4739b1cc6,csharp,ts_lex_keywords,2,CMP_EQ,,,lookahead == 117
p_12f21db9d2a915098781,csharp,ts_lex_keywords,0,PUSH_LOOKAHEAD,,,lookahead == 118
p_12f21db9d2a915098781,csharp,ts_lex_keywords,1,PUSH_INT,118,,lookahead == 118
p_12f21db9d2a915098781,csharp,ts_lex_keywords,2,CMP_EQ,,,lookahead == 118
p_32101b0133ad1a9b5e07,csharp,ts_lex_keywords,0,PUSH_LOOKAHEAD,,,lookahead == 119
p_32101b0133ad1a9b5e07,csharp,ts_lex_keywords,1,PUSH_INT,119,,lookahead == 119
p_32101b0133ad1a9b5e07,csharp,ts_lex_keywords,2,CMP_EQ,,,lookahead == 119
p_cca77c52724ec8414e48,csharp,ts_lex_keywords,0,PUSH_LOOKAHEAD,,,lookahead == 121
p_cca77c52724ec8414e48,csharp,ts_lex_keywords,1,PUSH_INT,121,,lookahead == 121
p_cca77c52724ec8414e48,csharp,ts_lex_keywords,2,CMP_EQ,,,lookahead == 121
p_20c93e9e893d153ae324,csharp,ts_lex_keywords,0,PUSH_LOOKAHEAD,,,lookahead == 'd'
p_20c93e9e893d153ae324,csharp,ts_lex_keywords,1,PUSH_INT,100,,lookahead == 'd'
p_20c93e9e893d153ae324,csharp,ts_lex_keywords,2,CMP_EQ,,,lookahead == 'd'
p_8adeab39011a86e3ac37,csharp,ts_lex_keywords,0,PUSH_LOOKAHEAD,,,lookahead == 'a'
p_8adeab39011a86e3ac37,csharp,ts_lex_keywords,1,PUSH_INT,97,,lookahead == 'a'
p_8adeab39011a86e3ac37,csharp,ts_lex_keywords,2,CMP_EQ,,,lookahead == 'a'
p_fd9140366cb930c532dc,csharp,ts_lex_keywords,0,PUSH_LOOKAHEAD,,,lookahead == 't'
p_fd9140366cb930c532dc,csharp,ts_lex_keywords,1,PUSH_INT,116,,lookahead == 't'
p_fd9140366cb930c532dc,csharp,ts_lex_keywords,2,CMP_EQ,,,lookahead == 't'
p_3d879bc63e9a5773d6f3,csharp,ts_lex_keywords,0,PUSH_LOOKAHEAD,,,lookahead == 'h'
p_3d879bc63e9a5773d6f3,csharp,ts_lex_keywords,1,PUSH_INT,104,,lookahead == 'h'
p_3d879bc63e9a5773d6f3,csharp,ts_lex_keywords,2,CMP_EQ,,,lookahead == 'h'
p_74aa69d2ee06b52a937d,csharp,ts_lex_keywords,0,PUSH_LOOKAHEAD,,,lookahead == '8'
p_74aa69d2ee06b52a937d,csharp,ts_lex_keywords,1,PUSH_INT,56,,lookahead == '8'
p_74aa69d2ee06b52a937d,csharp,ts_lex_keywords,2,CMP_EQ,,,lookahead == '8'
p_614972d558f95fe173b4,csharp,ts_lex_keywords,0,PUSH_LOOKAHEAD,,,lookahead == '_'
p_614972d558f95fe173b4,csharp,ts_lex_keywords,1,PUSH_INT,95,,lookahead == '_'
p_614972d558f95fe173b4,csharp,ts_lex_keywords,2,CMP_EQ,,,lookahead == '_'
p_3f525a41f6aa663b652e,csharp,ts_lex_keywords,0,PUSH_LOOKAHEAD,,,lookahead == 'b'
p_3f525a41f6aa663b652e,csharp,ts_lex_keywords,1,PUSH_INT,98,,lookahead == 'b'
p_3f525a41f6aa663b652e,csharp,ts_lex_keywords,2,CMP_EQ,,,lookahead == 'b'
p_06fb6dcb1dd74aece550,csharp,ts_lex_keywords,0,PUSH_LOOKAHEAD,,,lookahead == 'l'
p_06fb6dcb1dd74aece550,csharp,ts_lex_keywords,1,PUSH_INT,108,,lookahead == 'l'
p_06fb6dcb1dd74aece550,csharp,ts_lex_keywords,2,CMP_EQ,,,lookahead == 'l'
p_a9b7696ac547ebd9d2c9,csharp,ts_lex_keywords,0,PUSH_LOOKAHEAD,,,lookahead == 'n'
p_a9b7696ac547ebd9d2c9,csharp,ts_lex_keywords,1,PUSH_INT,110,,lookahead == 'n'
p_a9b7696ac547ebd9d2c9,csharp,ts_lex_keywords,2,CMP_EQ,,,lookahead == 'n'
p_c41c0a89bf55faa05916,csharp,ts_lex_keywords,0,PUSH_LOOKAHEAD,,,lookahead == 's'
p_c41c0a89bf55faa05916,csharp,ts_lex_keywords,1,PUSH_INT,115,,lookahead == 's'
p_c41c0a89bf55faa05916,csharp,ts_lex_keywords,2,CMP_EQ,,,lookahead == 's'
p_406a47820b52d1fb679e,csharp,ts_lex_keywords,0,PUSH_LOOKAHEAD,,,lookahead == 'w'
p_406a47820b52d1fb679e,csharp,ts_lex_keywords,1,PUSH_INT,119,,lookahead == 'w'
p_406a47820b52d1fb679e,csharp,ts_lex_keywords,2,CMP_EQ,,,lookahead == 'w'
p_9e7f0059ecb2e86c3d0b,csharp,ts_lex_keywords,0,PUSH_LOOKAHEAD,,,lookahead == 'o'
p_9e7f0059ecb2e86c3d0b,csharp,ts_lex_keywords,1,PUSH_INT,111,,lookahead == 'o'
p_9e7f0059ecb2e86c3d0b,csharp,ts_lex_keywords,2,CMP_EQ,,,lookahead == 'o'
p_c0d4dd77cdc6e911dcef,csharp,ts_lex_keywords,0,PUSH_LOOKAHEAD,,,lookahead == 'r'
p_c0d4dd77cdc6e911dcef,csharp,ts_lex_keywords,1,PUSH_INT,114,,lookahead == 'r'
p_c0d4dd77cdc6e911dcef,csharp,ts_lex_keywords,2,CMP_EQ,,,lookahead == 'r'
p_f4793af1f6eb619ae401,csharp,ts_lex_keywords,0,PUSH_LOOKAHEAD,,,lookahead == 'y'
p_f4793af1f6eb619ae401,csharp,ts_lex_keywords,1,PUSH_INT,121,,lookahead == 'y'
p_f4793af1f6eb619ae401,csharp,ts_lex_keywords,2,CMP_EQ,,,lookahead == 'y'
p_62db2b3218843d4732c2,csharp,ts_lex_keywords,0,PUSH_LOOKAHEAD,,,lookahead == 'e'
p_62db2b3218843d4732c2,csharp,ts_lex_keywords,1,PUSH_INT,101,,lookahead == 'e'
p_62db2b3218843d4732c2,csharp,ts_lex_keywords,2,CMP_EQ,,,lookahead == 'e'
p_a80f7f2c97afc0b6e5e5,csharp,ts_lex_keywords,0,PUSH_LOOKAHEAD,,,lookahead == 'i'
p_a80f7f2c97afc0b6e5e5,csharp,ts_lex_keywords,1,PUSH_INT,105,,lookahead == 'i'
p_a80f7f2c97afc0b6e5e5,csharp,ts_lex_keywords,2,CMP_EQ,,,lookahead == 'i'
p_f1dfab143aca35fcf4ed,csharp,ts_lex_keywords,0,PUSH_LOOKAHEAD,,,lookahead == 'q'
p_f1dfab143aca35fcf4ed,csharp,ts_lex_keywords,1,PUSH_INT,113,,lookahead == 'q'
p_f1dfab143aca35fcf4ed,csharp,ts_lex_keywords,2,CMP_EQ,,,lookahead == 'q'
p_8129c9068244863a7bd7,csharp,ts_lex_keywords,0,PUSH_LOOKAHEAD,,,lookahead == 'v'
p_8129c9068244863a7bd7,csharp,ts_lex_keywords,1,PUSH_INT,118,,lookahead == 'v'
p_8129c9068244863a7bd7,csharp,ts_lex_keywords,2,CMP_EQ,,,lookahead == 'v'
p_f5996f128bb2c574a1f4,csharp,ts_lex_keywords,0,PUSH_LOOKAHEAD,,,lookahead == 'x'
p_f5996f128bb2c574a1f4,csharp,ts_lex_keywords,1,PUSH_INT,120,,lookahead == 'x'
p_f5996f128bb2c574a1f4,csharp,ts_lex_keywords,2,CMP_EQ,,,lookahead == 'x'
p_be7531a163069a103763,csharp,ts_lex_keywords,0,PUSH_LOOKAHEAD,,,lookahead == 'f'
p_be7531a163069a103763,csharp,ts_lex_keywords,1,PUSH_INT,102,,lookahead == 'f'
p_be7531a163069a103763,csharp,ts_lex_keywords,2,CMP_EQ,,,lookahead == 'f'
p_0fe6ddc7979a4ae426bd,csharp,ts_lex_keywords,0,PUSH_LOOKAHEAD,,,lookahead == 'm'
p_0fe6ddc7979a4ae426bd,csharp,ts_lex_keywords,1,PUSH_INT,109,,lookahead == 'm'
p_0fe6ddc7979a4ae426bd,csharp,ts_lex_keywords,2,CMP_EQ,,,lookahead == 'm'
p_d5d3f970c1defb448c52,csharp,ts_lex_keywords,0,PUSH_LOOKAHEAD,,,lookahead == 'u'
p_d5d3f970c1defb448c52,csharp,ts_lex_keywords,1,PUSH_INT,117,,lookahead == 'u'
p_d5d3f970c1defb448c52,csharp,ts_lex_keywords,2,CMP_EQ,,,lookahead == 'u'
p_60d8a3c862a433e8e822,csharp,ts_lex_keywords,0,PUSH_LOOKAHEAD,,,lookahead == 'p'
p_60d8a3c862a433e8e822,csharp,ts_lex_keywords,1,PUSH_INT,112,,lookahead == 'p'
p_60d8a3c862a433e8e822,csharp,ts_lex_keywords,2,CMP_EQ,,,lookahead == 'p'
p_4824dabb1275d859a851,csharp,ts_lex_keywords,0,PUSH_LOOKAHEAD,,,lookahead == 'c'
p_4824dabb1275d859a851,csharp,ts_lex_keywords,1,PUSH_INT,99,,lookahead == 'c'
p_4824dabb1275d859a851,csharp,ts_lex_keywords,2,CMP_EQ,,,lookahead == 'c'
p_6609e2a99ba001e1a1ef,csharp,ts_lex_keywords,0,PUSH_LOOKAHEAD,,,lookahead == 'j'
p_6609e2a99ba001e1a1ef,csharp,ts_lex_keywords,1,PUSH_INT,106,,lookahead == 'j'
p_6609e2a99ba001e1a1ef,csharp,ts_lex_keywords,2,CMP_EQ,,,lookahead == 'j'
p_c889bfead90ea5f93889,csharp,ts_lex_keywords,0,PUSH_LOOKAHEAD,,,lookahead == 'z'
p_c889bfead90ea5f93889,csharp,ts_lex_keywords,1,PUSH_INT,122,,lookahead == 'z'
p_c889bfead90ea5f93889,csharp,ts_lex_keywords,2,CMP_EQ,,,lookahead == 'z'
p_0a99e44a9fd6914c07a4,csharp,ts_lex_keywords,0,PUSH_LOOKAHEAD,,,lookahead == 'k'
p_0a99e44a9fd6914c07a4,csharp,ts_lex_keywords,1,PUSH_INT,107,,lookahead == 'k'
p_0a99e44a9fd6914c07a4,csharp,ts_lex_keywords,2,CMP_EQ,,,lookahead == 'k'
p_03bb07ceff3130fff94e,csharp,ts_lex_keywords,0,PUSH_LOOKAHEAD,,,lookahead == 'g'
p_03bb07ceff3130fff94e,csharp,ts_lex_keywords,1,PUSH_INT,103,,lookahead == 'g'
p_03bb07ceff3130fff94e,csharp,ts_lex_keywords,2,CMP_EQ,,,lookahead == 'g'
p_5eb47ec462642c7e3c0e,java,ts_lex,0,PUSH_EOF,,,eof
p_867d7e4693a2986b59d7,java,ts_lex,0,PUSH_INT,9,,('\t' <= lookahead && lookahead <= '\r') || lookahead == ' '
p_867d7e4693a2986b59d7,java,ts_lex,1,PUSH_LOOKAHEAD,,,('\t' <= lookahead && lookahead <= '\r') || lookahead == ' '
p_867d7e4693a2986b59d7,java,ts_lex,2,CMP_LE,,,('\t' <= lookahead && lookahead <= '\r') || lookahead == ' '
p_867d7e4693a2986b59d7,java,ts_lex,3,PUSH_LOOKAHEAD,,,('\t' <= lookahead && lookahead <= '\r') || lookahead == ' '
p_867d7e4693a2986b59d7,java,ts_lex,4,PUSH_INT,13,,('\t' <= lookahead && lookahead <= '\r') || lookahead == ' '
p_867d7e4693a2986b59d7,java,ts_lex,5,CMP_LE,,,('\t' <= lookahead && lookahead <= '\r') || lookahead == ' '
p_867d7e4693a2986b59d7,java,ts_lex,6,AND,,,('\t' <= lookahead && lookahead <= '\r') || lookahead == ' '
p_867d7e4693a2986b59d7,java,ts_lex,7,PUSH_LOOKAHEAD,,,('\t' <= lookahead && lookahead <= '\r') || lookahead == ' '
p_867d7e4693a2986b59d7,java,ts_lex,8,PUSH_INT,32,,('\t' <= lookahead && lookahead <= '\r') || lookahead == ' '
p_867d7e4693a2986b59d7,java,ts_lex,9,CMP_EQ,,,('\t' <= lookahead && lookahead <= '\r') || lookahead == ' '
p_867d7e4693a2986b59d7,java,ts_lex,10,OR,,,('\t' <= lookahead && lookahead <= '\r') || lookahead == ' '
p_9ab5c721d03e67fa0144,java,ts_lex,0,PUSH_INT,49,,('1' <= lookahead && lookahead <= '9')
p_9ab5c721d03e67fa0144,java,ts_lex,1,PUSH_LOOKAHEAD,,,('1' <= lookahead && lookahead <= '9')
p_9ab5c721d03e67fa0144,java,ts_lex,2,CMP_LE,,,('1' <= lookahead && lookahead <= '9')
p_9ab5c721d03e67fa0144,java,ts_lex,3,PUSH_LOOKAHEAD,,,('1' <= lookahead && lookahead <= '9')
p_9ab5c721d03e67fa0144,java,ts_lex,4,PUSH_INT,57,,('1' <= lookahead && lookahead <= '9')
p_9ab5c721d03e67fa0144,java,ts_lex,5,CMP_LE,,,('1' <= lookahead && lookahead <= '9')
p_9ab5c721d03e67fa0144,java,ts_lex,6,AND,,,('1' <= lookahead && lookahead <= '9')
p_77d02daca51473b33e15,java,ts_lex,0,SET_CONTAINS,sym_identifier_character_set_1,669,"set_contains(sym_identifier_character_set_1, 669, lookahead)"
p_d690e077df408bd80a73,java,ts_lex,0,PUSH_LOOKAHEAD,,,lookahead == 33
p_d690e077df408bd80a73,java,ts_lex,1,PUSH_INT,33,,lookahead == 33
p_d690e077df408bd80a73,java,ts_lex,2,CMP_EQ,,,lookahead == 33
p_d16b56c64eeb68be7196,java,ts_lex,0,PUSH_LOOKAHEAD,,,lookahead == 34
p_d16b56c64eeb68be7196,java,ts_lex,1,PUSH_INT,34,,lookahead == 34
p_d16b56c64eeb68be7196,java,ts_lex,2,CMP_EQ,,,lookahead == 34
p_eec1334be0480bda8685,java,ts_lex,0,PUSH_LOOKAHEAD,,,lookahead == 37
p_eec1334be0480bda8685,java,ts_lex,1,PUSH_INT,37,,lookahead == 37
p_eec1334be0480bda8685,java,ts_lex,2,CMP_EQ,,,lookahead == 37
p_762321c13269946d135b,java,ts_lex,0,PUSH_LOOKAHEAD,,,lookahead == 38
p_762321c13269946d135b,java,ts_lex,1,PUSH_INT,38,,lookahead == 38
p_762321c13269946d135b,java,ts_lex,2,CMP_EQ,,,lookahead == 38
p_52fe704eb6ee0f6efde3,java,ts_lex,0,PUSH_LOOKAHEAD,,,lookahead == 39
p_52fe704eb6ee0f6efde3,java,ts_lex,1,PUSH_INT,39,,lookahead == 39
p_52fe704eb6ee0f6efde3,java,ts_lex,2,CMP_EQ,,,lookahead == 39
p_d9128b9569582cb24ed9,java,ts_lex,0,PUSH_LOOKAHEAD,,,lookahead == 40
p_d9128b9569582cb24ed9,java,ts_lex,1,PUSH_INT,40,,lookahead == 40
p_d9128b9569582cb24ed9,java,ts_lex,2,CMP_EQ,,,lookahead == 40
p_6b99eac05c1569232268,java,ts_lex,0,PUSH_LOOKAHEAD,,,lookahead == 41
p_6b99eac05c1569232268,java,ts_lex,1,PUSH_INT,41,,lookahead == 41
p_6b99eac05c1569232268,java,ts_lex,2,CMP_EQ,,,lookahead == 41
p_1c612781e7a2c9126bce,java,ts_lex,0,PUSH_LOOKAHEAD,,,lookahead == 42
p_1c612781e7a2c9126bce,java,ts_lex,1,PUSH_INT,42,,lookahead == 42
p_1c612781e7a2c9126bce,java,ts_lex,2,CMP_EQ,,,lookahead == 42
p_f79b07e53c8477c880ef,java,ts_lex,0,PUSH_LOOKAHEAD,,,lookahead == 43
p_f79b07e53c8477c880ef,java,ts_lex,1,PUSH_INT,43,,lookahead == 43
p_f79b07e53c8477c880ef,java,ts_lex,2,CMP_EQ,,,lookahead == 43
p_dc7bf9a8dcd7d50c733c,java,ts_lex,0,PUSH_LOOKAHEAD,,,lookahead == 44
p_dc7bf9a8dcd7d50c733c,java,ts_lex,1,PUSH_INT,44,,lookahead == 44
p_dc7bf9a8dcd7d50c733c,java,ts_lex,2,CMP_EQ,,,lookahead == 44
p_bb6a9c85ca2d95f92218,java,ts_lex,0,PUSH_LOOKAHEAD,,,lookahead == 45
p_bb6a9c85ca2d95f92218,java,ts_lex,1,PUSH_INT,45,,lookahead == 45
p_bb6a9c85ca2d95f92218,java,ts_lex,2,CMP_EQ,,,lookahead == 45
p_8de1e92f3eb339bc6ec5,java,ts_lex,0,PUSH_LOOKAHEAD,,,lookahead == 46
p_8de1e92f3eb339bc6ec5,java,ts_lex,1,PUSH_INT,46,,lookahead == 46
p_8de1e92f3eb339bc6ec5,java,ts_lex,2,CMP_EQ,,,lookahead == 46
p_a361b874e0f094a5ece8,java,ts_lex,0,PUSH_LOOKAHEAD,,,lookahead == 47
p_a361b874e0f094a5ece8,java,ts_lex,1,PUSH_INT,47,,lookahead == 47
p_a361b874e0f094a5ece8,java,ts_lex,2,CMP_EQ,,,lookahead == 47
p_79acd0240d4cfabf51d4,java,ts_lex,0,PUSH_LOOKAHEAD,,,lookahead == 48
p_79acd0240d4cfabf51d4,java,ts_lex,1,PUSH_INT,48,,lookahead == 48
p_79acd0240d4cfabf51d4,java,ts_lex,2,CMP_EQ,,,lookahead == 48
p_ef55f5a3550f76a0fecd,java,ts_lex,0,PUSH_LOOKAHEAD,,,lookahead == 58
p_ef55f5a3550f76a0fecd,java,ts_lex,1,PUSH_INT,58,,lookahead == 58
p_ef55f5a3550f76a0fecd,java,ts_lex,2,CMP_EQ,,,lookahead == 58
p_e4bc767be6fecd661334,java,ts_lex,0,PUSH_LOOKAHEAD,,,lookahead == 59
p_e4bc767be6fecd661334,java,ts_lex,1,PUSH_INT,59,,lookahead == 59
p_e4bc767be6fecd661334,java,ts_lex,2,CMP_EQ,,,lookahead == 59
p_4bf90c7d426603c24fb2,java,ts_lex,0,PUSH_LOOKAHEAD,,,lookahead == 60
p_4bf90c7d426603c24fb2,java,ts_lex,1,PUSH_INT,60,,lookahead == 60
p_4bf90c7d426603c24fb2,java,ts_lex,2,CMP_EQ,,,lookahead == 60
p_e5f815d909d6c963349e,java,ts_lex,0,PUSH_LOOKAHEAD,,,lookahead == 61
p_e5f815d909d6c963349e,java,ts_lex,1,PUSH_INT,61,,lookahead == 61
p_e5f815d909d6c963349e,java,ts_lex,2,CMP_EQ,,,lookahead == 61
p_01417fe449926e5463f2,java,ts_lex,0,PUSH_LOOKAHEAD,,,lookahead == 62
p_01417fe449926e5463f2,java,ts_lex,1,PUSH_INT,62,,lookahead == 62
p_01417fe449926e5463f2,java,ts_lex,2,CMP_EQ,,,lookahead == 62
p_71079e9a97037c0ed054,java,ts_lex,0,PUSH_LOOKAHEAD,,,lookahead == 63
p_71079e9a97037c0ed054,java,ts_lex,1,PUSH_INT,63,,lookahead == 63
p_71079e9a97037c0ed054,java,ts_lex,2,CMP_EQ,,,lookahead == 63
p_10c15425e15c2cc89d42,java,ts_lex,0,PUSH_LOOKAHEAD,,,lookahead == 64
p_10c15425e15c2cc89d42,java,ts_lex,1,PUSH_INT,64,,lookahead == 64
p_10c15425e15c2cc89d42,java,ts_lex,2,CMP_EQ,,,lookahead == 64
p_dc5952e46a205425e6e9,java,ts_lex,0,PUSH_LOOKAHEAD,,,lookahead == 91
p_dc5952e46a205425e6e9,java,ts_lex,1,PUSH_INT,91,,lookahead == 91
p_dc5952e46a205425e6e9,java,ts_lex,2,CMP_EQ,,,lookahead == 91
p_f13e84eedcd3066966a6,java,ts_lex,0,PUSH_LOOKAHEAD,,,lookahead == 92
p_f13e84eedcd3066966a6,java,ts_lex,1,PUSH_INT,92,,lookahead == 92
p_f13e84eedcd3066966a6,java,ts_lex,2,CMP_EQ,,,lookahead == 92
p_2de44e09b4a9496cb105,java,ts_lex,0,PUSH_LOOKAHEAD,,,lookahead == 93
p_2de44e09b4a9496cb105,java,ts_lex,1,PUSH_INT,93,,lookahead == 93
p_2de44e09b4a9496cb105,java,ts_lex,2,CMP_EQ,,,lookahead == 93
p_a833661f899fdd784201,java,ts_lex,0,PUSH_LOOKAHEAD,,,lookahead == 94
p_a833661f899fdd784201,java,ts_lex,1,PUSH_INT,94,,lookahead == 94
p_a833661f899fdd784201,java,ts_lex,2,CMP_EQ,,,lookahead == 94
p_29290e3ba6580ed77245,java,ts_lex,0,PUSH_LOOKAHEAD,,,lookahead == 110
p_29290e3ba6580ed77245,java,ts_lex,1,PUSH_INT,110,,lookahead == 110
p_29290e3ba6580ed77245,java,ts_lex,2,CMP_EQ,,,lookahead == 110
p_7713c0ec9c75f495eca1,java,ts_lex,0,PUSH_LOOKAHEAD,,,lookahead == 123
p_7713c0ec9c75f495eca1,java,ts_lex,1,PUSH_INT,123,,lookahead == 123
p_7713c0ec9c75f495eca1,java,ts_lex,2,CMP_EQ,,,lookahead == 123
p_c5a3bc8f7bba3ba53633,java,ts_lex,0,PUSH_LOOKAHEAD,,,lookahead == 124
p_c5a3bc8f7bba3ba53633,java,ts_lex,1,PUSH_INT,124,,lookahead == 124
p_c5a3bc8f7bba3ba53633,java,ts_lex,2,CMP_EQ,,,lookahead == 124
p_e956bb6e9a0a605133e6,java,ts_lex,0,PUSH_LOOKAHEAD,,,lookahead == 125
p_e956bb6e9a0a605133e6,java,ts_lex,1,PUSH_INT,125,,lookahead == 125
p_e956bb6e9a0a605133e6,java,ts_lex,2,CMP_EQ,,,lookahead == 125
p_8b953212aa82b197e2dc,java,ts_lex,0,PUSH_LOOKAHEAD,,,lookahead == 126
p_8b953212aa82b197e2dc,java,ts_lex,1,PUSH_INT,126,,lookahead == 126
p_8b953212aa82b197e2dc,java,ts_lex,2,CMP_EQ,,,lookahead == 126
p_21369321ef276cd6e0d4,java,ts_lex,0,PUSH_LOOKAHEAD,,,"lookahead == '""'"
p_21369321ef276cd6e0d4,java,ts_lex,1,PUSH_INT,34,,"lookahead == '""'"
p_21369321ef276cd6e0d4,java,ts_lex,2,CMP_EQ,,,"lookahead == '""'"
p_529757fa94743bb9aac8,java,ts_lex,0,PUSH_LOOKAHEAD,,,lookahead == '/'
p_529757fa94743bb9aac8,java,ts_lex,1,PUSH_INT,47,,lookahead == '/'
p_529757fa94743bb9aac8,java,ts_lex,2,CMP_EQ,,,lookahead == '/'
p_7e6499351b5839cb225f,java,ts_lex,0,PUSH_LOOKAHEAD,,,lookahead == '\\'
p_7e6499351b5839cb225f,java,ts_lex,1,PUSH_INT,92,,lookahead == '\\'
p_7e6499351b5839cb225f,java,ts_lex,2,CMP_EQ,,,lookahead == '\\'
p_c79920fab79834a52047,java,ts_lex,0,PUSH_LOOKAHEAD,,,lookahead != 0
p_c79920fab79834a52047,java,ts_lex,1,PUSH_INT,0,,lookahead != 0
p_c79920fab79834a52047,java,ts_lex,2,CMP_NE,,,lookahead != 0
p_08f57627267001aa7892,java,ts_lex,0,PUSH_LOOKAHEAD,,,lookahead == '\''
p_08f57627267001aa7892,java,ts_lex,1,PUSH_INT,39,,lookahead == '\''
p_08f57627267001aa7892,java,ts_lex,2,CMP_EQ,,,lookahead == '\''
p_66bee100a122f0800b2a,java,ts_lex,0,PUSH_LOOKAHEAD,,,lookahead != 0 && lookahead != '\n'
p_66bee100a122f0800b2a,java,ts_lex,1,PUSH_INT,0,,lookahead != 0 && lookahead != '\n'
p_66bee100a122f0800b2a,java,ts_lex,2,CMP_NE,,,lookahead != 0 && lookahead != '\n'
p_66bee100a122f0800b2a,java,ts_lex,3,PUSH_LOOKAHEAD,,,lookahead != 0 && lookahead != '\n'
p_66bee100a122f0800b2a,java,ts_lex,4,PUSH_INT,10,,lookahead != 0 && lookahead != '\n'
p_66bee100a122f0800b2a,java,ts_lex,5,CMP_NE,,,lookahead != 0 && lookahead != '\n'
p_66bee100a122f0800b2a,java,ts_lex,6,AND,,,lookahead != 0 && lookahead != '\n'
p_bf21eeb723513f1fe6e4,java,ts_lex,0,PUSH_LOOKAHEAD,,,lookahead == '*'
p_bf21eeb723513f1fe6e4,java,ts_lex,1,PUSH_INT,42,,lookahead == '*'
p_bf21eeb723513f1fe6e4,java,ts_lex,2,CMP_EQ,,,lookahead == '*'
p_f66bb3a2e574d386a7d0,java,ts_lex,0,PUSH_LOOKAHEAD,,,lookahead == '.'
p_f66bb3a2e574d386a7d0,java,ts_lex,1,PUSH_INT,46,,lookahead == '.'
p_f66bb3a2e574d386a7d0,java,ts_lex,2,CMP_EQ,,,lookahead == '.'
p_41a54ac405fc77b0ca10,java,ts_lex,0,PUSH_LOOKAHEAD,,,lookahead == '_'
p_41a54ac405fc77b0ca10,java,ts_lex,1,PUSH_INT,95,,lookahead == '_'
p_41a54ac405fc77b0ca10,java,ts_lex,2,CMP_EQ,,,lookahead == '_'
p_54962db112fcf2569a91,java,ts_lex,0,PUSH_INT,48,,('0' <= lookahead && lookahead <= '9')
p_54962db112fcf2569a91,java,ts_lex,1,PUSH_LOOKAHEAD,,,('0' <= lookahead && lookahead <= '9')
p_54962db112fcf2569a91,java,ts_lex,2,CMP_LE,,,('0' <= lookahead && lookahead <= '9')
p_54962db112fcf2569a91,java,ts_lex,3,PUSH_LOOKAHEAD,,,('0' <= lookahead && lookahead <= '9')
p_54962db112fcf2569a91,java,ts_lex,4,PUSH_INT,57,,('0' <= lookahead && lookahead <= '9')
p_54962db112fcf2569a91,java,ts_lex,5,CMP_LE,,,('0' <= lookahead && lookahead <= '9')
p_54962db112fcf2569a91,java,ts_lex,6,AND,,,('0' <= lookahead && lookahead <= '9')
p_bcb17e14d1ed1818c02c,java,ts_lex,0,PUSH_INT,48,,('0' <= lookahead && lookahead <= '9') || ('A' <= lookahead && lookahead <= 'F') || ('a' <= lookahead && lookahead <= 'f')
p_bcb17e14d1ed1818c02c,java,ts_lex,1,PUSH_LOOKAHEAD,,,('0' <= lookahead && lookahead <= '9') || ('A' <= lookahead && lookahead <= 'F') || ('a' <= lookahead && lookahead <= 'f')
p_bcb17e14d1ed1818c02c,java,ts_lex,2,CMP_LE,,,('0' <= lookahead && lookahead <= '9') || ('A' <= lookahead && lookahead <= 'F') || ('a' <= lookahead && lookahead <= 'f')
p_bcb17e14d1ed1818c02c,java,ts_lex,3,PUSH_LOOKAHEAD,,,('0' <= lookahead && lookahead <= '9') || ('A' <= lookahead && lookahead <= 'F') || ('a' <= lookahead && lookahead <= 'f')
p_bcb17e14d1ed1818c02c,java,ts_lex,4,PUSH_INT,57,,('0' <= lookahead && lookahead <= '9') || ('A' <= lookahead && lookahead <= 'F') || ('a' <= lookahead && lookahead <= 'f')
p_bcb17e14d1ed1818c02c,java,ts_lex,5,CMP_LE,,,('0' <= lookahead && lookahead <= '9') || ('A' <= lookahead && lookahead <= 'F') || ('a' <= lookahead && lookahead <= 'f')
p_bcb17e14d1ed1818c02c,java,ts_lex,6,AND,,,('0' <= lookahead && lookahead <= '9') || ('A' <= lookahead && lookahead <= 'F') || ('a' <= lookahead && lookahead <= 'f')
p_bcb17e14d1ed1818c02c,java,ts_lex,7,PUSH_INT,65,,('0' <= lookahead && lookahead <= '9') || ('A' <= lookahead && lookahead <= 'F') || ('a' <= lookahead && lookahead <= 'f')
p_bcb17e14d1ed1818c02c,java,ts_lex,8,PUSH_LOOKAHEAD,,,('0' <= lookahead && lookahead <= '9') || ('A' <= lookahead && lookahead <= 'F') || ('a' <= lookahead && lookahead <= 'f')
p_bcb17e14d1ed1818c02c,java,ts_lex,9,CMP_LE,,,('0' <= lookahead && lookahead <= '9') || ('A' <= lookahead && lookahead <= 'F') || ('a' <= lookahead && lookahead <= 'f')
p_bcb17e14d1ed1818c02c,java,ts_lex,10,PUSH_LOOKAHEAD,,,('0' <= lookahead && lookahead <= '9') || ('A' <= lookahead && lookahead <= 'F') || ('a' <= lookahead && lookahead <= 'f')
p_bcb17e14d1ed1818c02c,java,ts_lex,11,PUSH_INT,70,,('0' <= lookahead && lookahead <= '9') || ('A' <= lookahead && lookahead <= 'F') || ('a' <= lookahead && lookahead <= 'f')
p_bcb17e14d1ed1818c02c,java,ts_lex,12,CMP_LE,,,('0' <= lookahead && lookahead <= '9') || ('A' <= lookahead && lookahead <= 'F') || ('a' <= lookahead && lookahead <= 'f')
p_bcb17e14d1ed1818c02c,java,ts_lex,13,AND,,,('0' <= lookahead && lookahead <= '9') || ('A' <= lookahead && lookahead <= 'F') || ('a' <= lookahead && lookahead <= 'f')
p_bcb17e14d1ed1818c02c,java,ts_lex,14,OR,,,('0' <= lookahead && lookahead <= '9') || ('A' <= lookahead && lookahead <= 'F') || ('a' <= lookahead && lookahead <= 'f')
p_bcb17e14d1ed1818c02c,java,ts_lex,15,PUSH_INT,97,,('0' <= lookahead && lookahead <= '9') || ('A' <= lookahead && lookahead <= 'F') || ('a' <= lookahead && lookahead <= 'f')
p_bcb17e14d1ed1818c02c,java,ts_lex,16,PUSH_LOOKAHEAD,,,('0' <= lookahead && lookahead <= '9') || ('A' <= lookahead && lookahead <= 'F') || ('a' <= lookahead && lookahead <= 'f')
p_bcb17e14d1ed1818c02c,java,ts_lex,17,CMP_LE,,,('0' <= lookahead && lookahead <= '9') || ('A' <= lookahead && lookahead <= 'F') || ('a' <= lookahead && lookahead <= 'f')
p_bcb17e14d1ed1818c02c,java,ts_lex,18,PUSH_LOOKAHEAD,,,('0' <= lookahead && lookahead <= '9') || ('A' <= lookahead && lookahead <= 'F') || ('a' <= lookahead && lookahead <= 'f')
p_bcb17e14d1ed1818c02c,java,ts_lex,19,PUSH_INT,102,,('0' <= lookahead && lookahead <= '9') || ('A' <= lookahead && lookahead <= 'F') || ('a' <= lookahead && lookahead <= 'f')
p_bcb17e14d1ed1818c02c,java,ts_lex,20,CMP_LE,,,('0' <= lookahead && lookahead <= '9') || ('A' <= lookahead && lookahead <= 'F') || ('a' <= lookahead && lookahead <= 'f')
p_bcb17e14d1ed1818c02c,java,ts_lex,21,AND,,,('0' <= lookahead && lookahead <= '9') || ('A' <= lookahead && lookahead <= 'F') || ('a' <= lookahead && lookahead <= 'f')
p_bcb17e14d1ed1818c02c,java,ts_lex,22,OR,,,('0' <= lookahead && lookahead <= '9') || ('A' <= lookahead && lookahead <= 'F') || ('a' <= lookahead && lookahead <= 'f')
p_dc1c1aa9280a88735b4d,java,ts_lex,0,PUSH_LOOKAHEAD,,,lookahead == '<'
p_dc1c1aa9280a88735b4d,java,ts_lex,1,PUSH_INT,60,,lookahead == '<'
p_dc1c1aa9280a88735b4d,java,ts_lex,2,CMP_EQ,,,lookahead == '<'
p_6418e5faffa0512b87d4,java,ts_lex,0,PUSH_LOOKAHEAD,,,lookahead == '@'
p_6418e5faffa0512b87d4,java,ts_lex,1,PUSH_INT,64,,lookahead == '@'
p_6418e5faffa0512b87d4,java,ts_lex,2,CMP_EQ,,,lookahead == '@'
p_09e6e8be01170c343cac,java,ts_lex,0,PUSH_LOOKAHEAD,,,lookahead == '0'
p_09e6e8be01170c343cac,java,ts_lex,1,PUSH_INT,48,,lookahead == '0'
p_09e6e8be01170c343cac,java,ts_lex,2,CMP_EQ,,,lookahead == '0'
p_3a546c26349042d55333,java,ts_lex,0,PUSH_LOOKAHEAD,,,lookahead == '+' || lookahead == '-'
p_3a546c26349042d55333,java,ts_lex,1,PUSH_INT,43,,lookahead == '+' || lookahead == '-'
p_3a546c26349042d55333,java,ts_lex,2,CMP_EQ,,,lookahead == '+' || lookahead == '-'
p_3a546c26349042d55333,java,ts_lex,3,PUSH_LOOKAHEAD,,,lookahead == '+' || lookahead == '-'
p_3a546c26349042d55333,java,ts_lex,4,PUSH_INT,45,,lookahead == '+' || lookahead == '-'
p_3a546c26349042d55333,java,ts_lex,5,CMP_EQ,,,lookahead == '+' || lookahead == '-'
p_3a546c26349042d55333,java,ts_lex,6,OR,,,lookahead == '+' || lookahead == '-'
p_d221df26b9edadb88ceb,java,ts_lex,0,PUSH_LOOKAHEAD,,,lookahead == ':'
p_d221df26b9edadb88ceb,java,ts_lex,1,PUSH_INT,58,,lookahead == ':'
p_d221df26b9edadb88ceb,java,ts_lex,2,CMP_EQ,,,lookahead == ':'
p_ed82d2d9485a677f5a8b,java,ts_lex,0,PUSH_LOOKAHEAD,,,lookahead == '='
p_ed82d2d9485a677f5a8b,java,ts_lex,1,PUSH_INT,61,,lookahead == '='
p_ed82d2d9485a677f5a8b,java,ts_lex,2,CMP_EQ,,,lookahead == '='
p_8ba6034da532db130b01,java,ts_lex,0,PUSH_LOOKAHEAD,,,lookahead != 0 && lookahead != '\n' && lookahead != '\''
p_8ba6034da532db130b01,java,ts_lex,1,PUSH_INT,0,,lookahead != 0 && lookahead != '\n' && lookahead != '\''
p_8ba6034da532db130b01,java,ts_lex,2,CMP_NE,,,lookahead != 0 && lookahead != '\n' && lookahead != '\''
p_8ba6034da532db130b01,java,ts_lex,3,PUSH_LOOKAHEAD,,,lookahead != 0 && lookahead != '\n' && lookahead != '\''
p_8ba6034da532db130b01,java,ts_lex,4,PUSH_INT,10,,lookahead != 0 && lookahead != '\n' && lookahead != '\''
p_8ba6034da532db130b01,java,ts_lex,5,CMP_NE,,,lookahead != 0 && lookahead != '\n' && lookahead != '\''
p_8ba6034da532db130b01,java,ts_lex,6,AND,,,lookahead != 0 && lookahead != '\n' && lookahead != '\''
p_8ba6034da532db130b01,java,ts_lex,7,PUSH_LOOKAHEAD,,,lookahead != 0 && lookahead != '\n' && lookahead != '\''
p_8ba6034da532db130b01,java,ts_lex,8,PUSH_INT,39,,lookahead != 0 && lookahead != '\n' && lookahead != '\''
p_8ba6034da532db130b01,java,ts_lex,9,CMP_NE,,,lookahead != 0 && lookahead != '\n' && lookahead != '\''
p_8ba6034da532db130b01,java,ts_lex,10,AND,,,lookahead != 0 && lookahead != '\n' && lookahead != '\''
p_f414301d64a36a1c1da0,java,ts_lex,0,PUSH_LOOKAHEAD,,,lookahead == 'a'
p_f414301d64a36a1c1da0,java,ts_lex,1,PUSH_INT,97,,lookahead == 'a'
p_f414301d64a36a1c1da0,java,ts_lex,2,CMP_EQ,,,lookahead == 'a'
p_3ec17edf47a4b8da2ad5,java,ts_lex,0,PUSH_LOOKAHEAD,,,lookahead == 'c'
p_3ec17edf47a4b8da2ad5,java,ts_lex,1,PUSH_INT,99,,lookahead == 'c'
p_3ec17edf47a4b8da2ad5,java,ts_lex,2,CMP_EQ,,,lookahead == 'c'
p_e22e8340f7308c3eddc0,java,ts_lex,0,PUSH_LOOKAHEAD,,,lookahead == 'd'
p_e22e8340f7308c3eddc0,java,ts_lex,1,PUSH_INT,100,,lookahead == 'd'
p_e22e8340f7308c3eddc0,java,ts_lex,2,CMP_EQ,,,lookahead == 'd'
p_8f145943df8d647c35d7,java,ts_lex,0,PUSH_LOOKAHEAD,,,lookahead == 'e'
p_8f145943df8d647c35d7,java,ts_lex,1,PUSH_INT,101,,lookahead == 'e'
p_8f145943df8d647c35d7,java,ts_lex,2,CMP_EQ,,,lookahead == 'e'
p_d4a30fb1619d5991266f,java,ts_lex,0,PUSH_LOOKAHEAD,,,lookahead == 'f'
p_d4a30fb1619d5991266f,java,ts_lex,1,PUSH_INT,102,,lookahead == 'f'
p_d4a30fb1619d5991266f,java,ts_lex,2,CMP_EQ,,,lookahead == 'f'
p_3a846551cb60616c6c4b,java,ts_lex,0,PUSH_LOOKAHEAD,,,lookahead == 'i'
p_3a846551cb60616c6c4b,java,ts_lex,1,PUSH_INT,105,,lookahead == 'i'
p_3a846551cb60616c6c4b,java,ts_lex,2,CMP_EQ,,,lookahead == 'i'
p_415c9148bbd5d6e0b445,java,ts_lex,0,PUSH_LOOKAHEAD,,,lookahead == 'l'
p_415c9148bbd5d6e0b445,java,ts_lex,1,PUSH_INT,108,,lookahead == 'l'
p_415c9148bbd5d6e0b445,java,ts_lex,2,CMP_EQ,,,lookahead == 'l'
p_351448df3c30bde09ff7,java,ts_lex,0,PUSH_LOOKAHEAD,,,lookahead == 'n'
p_351448df3c30bde09ff7,java,ts_lex,1,PUSH_INT,110,,lookahead == 'n'
p_351448df3c30bde09ff7,java,ts_lex,2,CMP_EQ,,,lookahead == 'n'
p_94a5956133af10f037d6,java,ts_lex,0,PUSH_LOOKAHEAD,,,lookahead == 'r'
p_94a5956133af10f037d6,java,ts_lex,1,PUSH_INT,114,,lookahead == 'r'
p_94a5956133af10f037d6,java,ts_lex,2,CMP_EQ,,,lookahead == 'r'
p_005c8baa1857ac8db62a,java,ts_lex,0,PUSH_LOOKAHEAD,,,lookahead == 's'
p_005c8baa1857ac8db62a,java,ts_lex,1,PUSH_INT,115,,lookahead == 's'
p_005c8baa1857ac8db62a,java,ts_lex,2,CMP_EQ,,,lookahead == 's'
p_617bc424788955f55bd7,java,ts_lex,0,PUSH_LOOKAHEAD,,,lookahead == 't'
p_617bc424788955f55bd7,java,ts_lex,1,PUSH_INT,116,,lookahead == 't'
p_617bc424788955f55bd7,java,ts_lex,2,CMP_EQ,,,lookahead == 't'
p_0903649e0ef463e72318,java,ts_lex,0,PUSH_LOOKAHEAD,,,lookahead == 'u'
p_0903649e0ef463e72318,java,ts_lex,1,PUSH_INT,117,,lookahead == 'u'
p_0903649e0ef463e72318,java,ts_lex,2,CMP_EQ,,,lookahead == 'u'
p_9cb094b763884a5f4039,java,ts_lex,0,PUSH_LOOKAHEAD,,,lookahead == 'x'
p_9cb094b763884a5f4039,java,ts_lex,1,PUSH_INT,120,,lookahead == 'x'
p_9cb094b763884a5f4039,java,ts_lex,2,CMP_EQ,,,lookahead == 'x'
p_cb2f9ecf8d45c66d881f,java,ts_lex,0,PUSH_LOOKAHEAD,,,lookahead == '{'
p_cb2f9ecf8d45c66d881f,java,ts_lex,1,PUSH_INT,123,,lookahead == '{'
p_cb2f9ecf8d45c66d881f,java,ts_lex,2,CMP_EQ,,,lookahead == '{'
p_5b729523d86cf291e2ca,java,ts_lex,0,PUSH_INT,48,,('0' <= lookahead && lookahead <= '7')
p_5b729523d86cf291e2ca,java,ts_lex,1,PUSH_LOOKAHEAD,,,('0' <= lookahead && lookahead <= '7')
p_5b729523d86cf291e2ca,java,ts_lex,2,CMP_LE,,,('0' <= lookahead && lookahead <= '7')
p_5b729523d86cf291e2ca,java,ts_lex,3,PUSH_LOOKAHEAD,,,('0' <= lookahead && lookahead <= '7')
p_5b729523d86cf291e2ca,java,ts_lex,4,PUSH_INT,55,,('0' <= lookahead && lookahead <= '7')
p_5b729523d86cf291e2ca,java,ts_lex,5,CMP_LE,,,('0' <= lookahead && lookahead <= '7')
p_5b729523d86cf291e2ca,java,ts_lex,6,AND,,,('0' <= lookahead && lookahead <= '7')
p_7f545910c20e4985667c,java,ts_lex,0,PUSH_LOOKAHEAD,,,"lookahead == '""' || lookahead == '\'' || lookahead == '\\' || lookahead == 'b' || lookahead == 'f' || lookahead == 'n' || ('r' <= lookahead && lookahead <= 't')"
p_7f545910c20e4985667c,java,ts_lex,1,PUSH_INT,34,,"lookahead == '""' || lookahead == '\'' || lookahead == '\\' || lookahead == 'b' || lookahead == 'f' || lookahead == 'n' || ('r' <= lookahead && lookahead <= 't')"
p_7f545910c20e4985667c,java,ts_lex,2,CMP_EQ,,,"lookahead == '""' || lookahead == '\'' || lookahead == '\\' || lookahead == 'b' || lookahead == 'f' || lookahead == 'n' || ('r' <= lookahead && lookahead <= 't')"
p_7f545910c20e4985667c,java,ts_lex,3,PUSH_LOOKAHEAD,,,"lookahead == '""' || lookahead == '\'' || lookahead == '\\' || lookahead == 'b' || lookahead == 'f' || lookahead == 'n' || ('r' <= lookahead && lookahead <= 't')"
p_7f545910c20e4985667c,java,ts_lex,4,PUSH_INT,39,,"lookahead == '""' || lookahead == '\'' || lookahead == '\\' || lookahead == 'b' || lookahead == 'f' || lookahead == 'n' || ('r' <= lookahead && lookahead <= 't')"
p_7f545910c20e4985667c,java,ts_lex,5,CMP_EQ,,,"lookahead == '""' || lookahead == '\'' || lookahead == '\\' || lookahead == 'b' || lookahead == 'f' || lookahead == 'n' || ('r' <= lookahead && lookahead <= 't')"
p_7f545910c20e4985667c,java,ts_lex,6,OR,,,"lookahead == '""' || lookahead == '\'' || lookahead == '\\' || lookahead == 'b' || lookahead == 'f' || lookahead == 'n' || ('r' <= lookahead && lookahead <= 't')"
p_7f545910c20e4985667c,java,ts_lex,7,PUSH_LOOKAHEAD,,,"lookahead == '""' || lookahead == '\'' || lookahead == '\\' || lookahead == 'b' || lookahead == 'f' || lookahead == 'n' || ('r' <= lookahead && lookahead <= 't')"
p_7f545910c20e4985667c,java,ts_lex,8,PUSH_INT,92,,"lookahead == '""' || lookahead == '\'' || lookahead == '\\' || lookahead == 'b' || lookahead == 'f' || lookahead == 'n' || ('r' <= lookahead && lookahead <= 't')"
p_7f545910c20e4985667c,java,ts_lex,9,CMP_EQ,,,"lookahead == '""' || lookahead == '\'' || lookahead == '\\' || lookahead == 'b' || lookahead == 'f' || lookahead == 'n' || ('r' <= lookahead && lookahead <= 't')"
p_7f545910c20e4985667c,java,ts_lex,10,OR,,,"lookahead == '""' || lookahead == '\'' || lookahead == '\\' || lookahead == 'b' || lookahead == 'f' || lookahead == 'n' || ('r' <= lookahead && lookahead <= 't')"
p_7f545910c20e4985667c,java,ts_lex,11,PUSH_LOOKAHEAD,,,"lookahead == '""' || lookahead == '\'' || lookahead == '\\' || lookahead == 'b' || lookahead == 'f' || lookahead == 'n' || ('r' <= lookahead && lookahead <= 't')"
p_7f545910c20e4985667c,java,ts_lex,12,PUSH_INT,98,,"lookahead == '""' || lookahead == '\'' || lookahead == '\\' || lookahead == 'b' || lookahead == 'f' || lookahead == 'n' || ('r' <= lookahead && lookahead <= 't')"
p_7f545910c20e4985667c,java,ts_lex,13,CMP_EQ,,,"lookahead == '""' || lookahead == '\'' || lookahead == '\\' || lookahead == 'b' || lookahead == 'f' || lookahead == 'n' || ('r' <= lookahead && lookahead <= 't')"
p_7f545910c20e4985667c,java,ts_lex,14,OR,,,"lookahead == '""' || lookahead == '\'' || lookahead == '\\' || lookahead == 'b' || lookahead == 'f' || lookahead == 'n' || ('r' <= lookahead && lookahead <= 't')"
p_7f545910c20e4985667c,java,ts_lex,15,PUSH_LOOKAHEAD,,,"lookahead == '""' || lookahead == '\'' || lookahead == '\\' || lookahead == 'b' || lookahead == 'f' || lookahead == 'n' || ('r' <= lookahead && lookahead <= 't')"
p_7f545910c20e4985667c,java,ts_lex,16,PUSH_INT,102,,"lookahead == '""' || lookahead == '\'' || lookahead == '\\' || lookahead == 'b' || lookahead == 'f' || lookahead == 'n' || ('r' <= lookahead && lookahead <= 't')"
p_7f545910c20e4985667c,java,ts_lex,17,CMP_EQ,,,"lookahead == '""' || lookahead == '\'' || lookahead == '\\' || lookahead == 'b' || lookahead == 'f' || lookahead == 'n' || ('r' <= lookahead && lookahead <= 't')"
p_7f545910c20e4985667c,java,ts_lex,18,OR,,,"lookahead == '""' || lookahead == '\'' || lookahead == '\\' || lookahead == 'b' || lookahead == 'f' || lookahead == 'n' || ('r' <= lookahead && lookahead <= 't')"
p_7f545910c20e4985667c,java,ts_lex,19,PUSH_LOOKAHEAD,,,"lookahead == '""' || lookahead == '\'' || lookahead == '\\' || lookahead == 'b' || lookahead == 'f' || lookahead == 'n' || ('r' <= lookahead && lookahead <= 't')"
p_7f545910c20e4985667c,java,ts_lex,20,PUSH_INT,110,,"lookahead == '""' || lookahead == '\'' || lookahead == '\\' || lookahead == 'b' || lookahead == 'f' || lookahead == 'n' || ('r' <= lookahead && lookahead <= 't')"
p_7f545910c20e4985667c,java,ts_lex,21,CMP_EQ,,,"lookahead == '""' || lookahead == '\'' || lookahead == '\\' || lookahead == 'b' || lookahead == 'f' || lookahead == 'n' || ('r' <= lookahead && lookahead <= 't')"
p_7f545910c20e4985667c,java,ts_lex,22,OR,,,"lookahead == '""' || lookahead == '\'' || lookahead == '\\' || lookahead == 'b' || lookahead == 'f' || lookahead == 'n' || ('r' <= lookahead && lookahead <= 't')"
p_7f545910c20e4985667c,java,ts_lex,23,PUSH_INT,114,,"lookahead == '""' || lookahead == '\'' || lookahead == '\\' || lookahead == 'b' || lookahead == 'f' || lookahead == 'n' || ('r' <= lookahead && lookahead <= 't')"
p_7f545910c20e4985667c,java,ts_lex,24,PUSH_LOOKAHEAD,,,"lookahead == '""' || lookahead == '\'' || lookahead == '\\' || lookahead == 'b' || lookahead == 'f' || lookahead == 'n' || ('r' <= lookahead && lookahead <= 't')"
p_7f545910c20e4985667c,java,ts_lex,25,CMP_LE,,,"lookahead == '""' || lookahead == '\'' || lookahead == '\\' || lookahead == 'b' || lookahead == 'f' || lookahead == 'n' || ('r' <= lookahead && lookahead <= 't')"
p_7f545910c20e4985667c,java,ts_lex,26,PUSH_LOOKAHEAD,,,"lookahead == '""' || lookahead == '\'' || lookahead == '\\' || lookahead == 'b' || lookahead == 'f' || lookahead == 'n' || ('r' <= lookahead && lookahead <= 't')"
p_7f545910c20e4985667c,java,ts_lex,27,PUSH_INT,116,,"lookahead == '""' || lookahead == '\'' || lookahead == '\\' || lookahead == 'b' || lookahead == 'f' || lookahead == 'n' || ('r' <= lookahead && lookahead <= 't')"
p_7f545910c20e4985667c,java,ts_lex,28,CMP_LE,,,"lookahead == '""' || lookahead == '\'' || lookahead == '\\' || lookahead == 'b' || lookahead == 'f' || lookahead == 'n' || ('r' <= lookahead && lookahead <= 't')"
p_7f545910c20e4985667c,java,ts_lex,29,AND,,,"lookahead == '""' || lookahead == '\'' || lookahead == '\\' || lookahead == 'b' || lookahead == 'f' || lookahead == 'n' || ('r' <= lookahead && lookahead <= 't')"
p_7f545910c20e4985667c,java,ts_lex,30,OR,,,"lookahead == '""' || lookahead == '\'' || lookahead == '\\' || lookahead == 'b' || lookahead == 'f' || lookahead == 'n' || ('r' <= lookahead && lookahead <= 't')"
p_a94c6fa626c94bbf2715,java,ts_lex,0,PUSH_LOOKAHEAD,,,lookahead == '}'
p_a94c6fa626c94bbf2715,java,ts_lex,1,PUSH_INT,125,,lookahead == '}'
p_a94c6fa626c94bbf2715,java,ts_lex,2,CMP_EQ,,,lookahead == '}'
p_e1fe51b36af9be1bb7f4,java,ts_lex,0,PUSH_LOOKAHEAD,,,lookahead == '0' || lookahead == '1'
p_e1fe51b36af9be1bb7f4,java,ts_lex,1,PUSH_INT,48,,lookahead == '0' || lookahead == '1'
p_e1fe51b36af9be1bb7f4,java,ts_lex,2,CMP_EQ,,,lookahead == '0' || lookahead == '1'
p_e1fe51b36af9be1bb7f4,java,ts_lex,3,PUSH_LOOKAHEAD,,,lookahead == '0' || lookahead == '1'
p_e1fe51b36af9be1bb7f4,java,ts_lex,4,PUSH_INT,49,,lookahead == '0' || lookahead == '1'
p_e1fe51b36af9be1bb7f4,java,ts_lex,5,CMP_EQ,,,lookahead == '0' || lookahead == '1'
p_e1fe51b36af9be1bb7f4,java,ts_lex,6,OR,,,lookahead == '0' || lookahead == '1'
p_584b31348e40351457db,java,ts_lex,0,PUSH_LOOKAHEAD,,,lookahead == '8' || lookahead == '9'
p_584b31348e40351457db,java,ts_lex,1,PUSH_INT,56,,lookahead == '8' || lookahead == '9'
p_584b31348e40351457db,java,ts_lex,2,CMP_EQ,,,lookahead == '8' || lookahead == '9'
p_584b31348e40351457db,java,ts_lex,3,PUSH_LOOKAHEAD,,,lookahead == '8' || lookahead == '9'
p_584b31348e40351457db,java,ts_lex,4,PUSH_INT,57,,lookahead == '8' || lookahead == '9'
p_584b31348e40351457db,java,ts_lex,5,CMP_EQ,,,lookahead == '8' || lookahead == '9'
p_584b31348e40351457db,java,ts_lex,6,OR,,,lookahead == '8' || lookahead == '9'
p_a9e43a1b7ce04ab96ef8,java,ts_lex,0,PUSH_LOOKAHEAD,,,lookahead == 95
p_a9e43a1b7ce04ab96ef8,java,ts_lex,1,PUSH_INT,95,,lookahead == 95
p_a9e43a1b7ce04ab96ef8,java,ts_lex,2,CMP_EQ,,,lookahead == 95
p_70fd6b6df89eba31581b,java,ts_lex,0,PUSH_LOOKAHEAD,,,lookahead == 66
p_70fd6b6df89eba31581b,java,ts_lex,1,PUSH_INT,66,,lookahead == 66
p_70fd6b6df89eba31581b,java,ts_lex,2,CMP_EQ,,,lookahead == 66
p_5c13302baebd5331817a,java,ts_lex,0,PUSH_LOOKAHEAD,,,lookahead == 98
p_5c13302baebd5331817a,java,ts_lex,1,PUSH_INT,98,,lookahead == 98
p_5c13302baebd5331817a,java,ts_lex,2,CMP_EQ,,,lookahead == 98
p_4ae8c0a0782c063dfc84,java,ts_lex,0,PUSH_LOOKAHEAD,,,lookahead == 69
p_4ae8c0a0782c063dfc84,java,ts_lex,1,PUSH_INT,69,,lookahead == 69
p_4ae8c0a0782c063dfc84,java,ts_lex,2,CMP_EQ,,,lookahead == 69
p_6837dfade9ed61de555d,java,ts_lex,0,PUSH_LOOKAHEAD,,,lookahead == 101
p_6837dfade9ed61de555d,java,ts_lex,1,PUSH_INT,101,,lookahead == 101
p_6837dfade9ed61de555d,java,ts_lex,2,CMP_EQ,,,lookahead == 101
p_b3ccf533140cfd18840c,java,ts_lex,0,PUSH_LOOKAHEAD,,,lookahead == 76
p_b3ccf533140cfd18840c,java,ts_lex,1,PUSH_INT,76,,lookahead == 76
p_b3ccf533140cfd18840c,java,ts_lex,2,CMP_EQ,,,lookahead == 76
p_eea5bc29fad072739f7c,java,ts_lex,0,PUSH_LOOKAHEAD,,,lookahead == 108
p_eea5bc29fad072739f7c,java,ts_lex,1,PUSH_INT,108,,lookahead == 108
p_eea5bc29fad072739f7c,java,ts_lex,2,CMP_EQ,,,lookahead == 108
p_78426af79d8aee5af4fc,java,ts_lex,0,PUSH_LOOKAHEAD,,,lookahead == 79
p_78426af79d8aee5af4fc,java,ts_lex,1,PUSH_INT,79,,lookahead == 79
p_78426af79d8aee5af4fc,java,ts_lex,2,CMP_EQ,,,lookahead == 79
p_5240445ae31f9ee7742b,java,ts_lex,0,PUSH_LOOKAHEAD,,,lookahead == 111
p_5240445ae31f9ee7742b,java,ts_lex,1,PUSH_INT,111,,lookahead == 111
p_5240445ae31f9ee7742b,java,ts_lex,2,CMP_EQ,,,lookahead == 111
p_45f7d940d478795c45c3,java,ts_lex,0,PUSH_LOOKAHEAD,,,lookahead == 88
p_45f7d940d478795c45c3,java,ts_lex,1,PUSH_INT,88,,lookahead == 88
p_45f7d940d478795c45c3,java,ts_lex,2,CMP_EQ,,,lookahead == 88
p_419032ade9038b5bbfd7,java,ts_lex,0,PUSH_LOOKAHEAD,,,lookahead == 120
p_419032ade9038b5bbfd7,java,ts_lex,1,PUSH_INT,120,,lookahead == 120
p_419032ade9038b5bbfd7,java,ts_lex,2,CMP_EQ,,,lookahead == 120
p_6ada205773a4f6d2d7d9,java,ts_lex,0,PUSH_LOOKAHEAD,,,lookahead == 56
p_6ada205773a4f6d2d7d9,java,ts_lex,1,PUSH_INT,56,,lookahead == 56
p_6ada205773a4f6d2d7d9,java,ts_lex,2,CMP_EQ,,,lookahead == 56
p_4f2c05f3e20ae3db7f9c,java,ts_lex,0,PUSH_LOOKAHEAD,,,lookahead == 57
p_4f2c05f3e20ae3db7f9c,java,ts_lex,1,PUSH_INT,57,,lookahead == 57
p_4f2c05f3e20ae3db7f9c,java,ts_lex,2,CMP_EQ,,,lookahead == 57
p_7f33c8e427610ade9852,java,ts_lex,0,PUSH_LOOKAHEAD,,,lookahead == 68
p_7f33c8e427610ade9852,java,ts_lex,1,PUSH_INT,68,,lookahead == 68
p_7f33c8e427610ade9852,java,ts_lex,2,CMP_EQ,,,lookahead == 68
p_394df6529da5b433d57c,java,ts_lex,0,PUSH_LOOKAHEAD,,,lookahead == 70
p_394df6529da5b433d57c,java,ts_lex,1,PUSH_INT,70,,lookahead == 70
p_394df6529da5b433d57c,java,ts_lex,2,CMP_EQ,,,lookahead == 70
p_83e1f8f145829756f8f9,java,ts_lex,0,PUSH_LOOKAHEAD,,,lookahead == 100
p_83e1f8f145829756f8f9,java,ts_lex,1,PUSH_INT,100,,lookahead == 100
p_83e1f8f145829756f8f9,java,ts_lex,2,CMP_EQ,,,lookahead == 100
p_a74d8017e69127678c44,java,ts_lex,0,PUSH_LOOKAHEAD,,,lookahead == 102
p_a74d8017e69127678c44,java,ts_lex,1,PUSH_INT,102,,lookahead == 102
p_a74d8017e69127678c44,java,ts_lex,2,CMP_EQ,,,lookahead == 102
p_fa1ef26c4d23d3291fc7,java,ts_lex,0,PUSH_LOOKAHEAD,,,lookahead == 'L' || lookahead == 'l'
p_fa1ef26c4d23d3291fc7,java,ts_lex,1,PUSH_INT,76,,lookahead == 'L' || lookahead == 'l'
p_fa1ef26c4d23d3291fc7,java,ts_lex,2,CMP_EQ,,,lookahead == 'L' || lookahead == 'l'
p_fa1ef26c4d23d3291fc7,java,ts_lex,3,PUSH_LOOKAHEAD,,,lookahead == 'L' || lookahead == 'l'
p_fa1ef26c4d23d3291fc7,java,ts_lex,4,PUSH_INT,108,,lookahead == 'L' || lookahead == 'l'
p_fa1ef26c4d23d3291fc7,java,ts_lex,5,CMP_EQ,,,lookahead == 'L' || lookahead == 'l'
p_fa1ef26c4d23d3291fc7,java,ts_lex,6,OR,,,lookahead == 'L' || lookahead == 'l'
p_c1e2ea0909b04b85e344,java,ts_lex,0,PUSH_LOOKAHEAD,,,lookahead == 'P' || lookahead == 'p'
p_c1e2ea0909b04b85e344,java,ts_lex,1,PUSH_INT,80,,lookahead == 'P' || lookahead == 'p'
p_c1e2ea0909b04b85e344,java,ts_lex,2,CMP_EQ,,,lookahead == 'P' || lookahead == 'p'
p_c1e2ea0909b04b85e344,java,ts_lex,3,PUSH_LOOKAHEAD,,,lookahead == 'P' || lookahead == 'p'
p_c1e2ea0909b04b85e344,java,ts_lex,4,PUSH_INT,112,,lookahead == 'P' || lookahead == 'p'
p_c1e2ea0909b04b85e344,java,ts_lex,5,CMP_EQ,,,lookahead == 'P' || lookahead == 'p'
p_c1e2ea0909b04b85e344,java,ts_lex,6,OR,,,lookahead == 'P' || lookahead == 'p'
p_b101d7436928cd5d4da0,java,ts_lex,0,PUSH_LOOKAHEAD,,,lookahead == 'E' || lookahead == 'e'
p_b101d7436928cd5d4da0,java,ts_lex,1,PUSH_INT,69,,lookahead == 'E' || lookahead == 'e'
p_b101d7436928cd5d4da0,java,ts_lex,2,CMP_EQ,,,lookahead == 'E' || lookahead == 'e'
p_b101d7436928cd5d4da0,java,ts_lex,3,PUSH_LOOKAHEAD,,,lookahead == 'E' || lookahead == 'e'
p_b101d7436928cd5d4da0,java,ts_lex,4,PUSH_INT,101,,lookahead == 'E' || lookahead == 'e'
p_b101d7436928cd5d4da0,java,ts_lex,5,CMP_EQ,,,lookahead == 'E' || lookahead == 'e'
p_b101d7436928cd5d4da0,java,ts_lex,6,OR,,,lookahead == 'E' || lookahead == 'e'
p_c1802dd7563268b4ed8e,java,ts_lex,0,PUSH_INT,68,,('D' <= lookahead && lookahead <= 'F') || ('d' <= lookahead && lookahead <= 'f')
p_c1802dd7563268b4ed8e,java,ts_lex,1,PUSH_LOOKAHEAD,,,('D' <= lookahead && lookahead <= 'F') || ('d' <= lookahead && lookahead <= 'f')
p_c1802dd7563268b4ed8e,java,ts_lex,2,CMP_LE,,,('D' <= lookahead && lookahead <= 'F') || ('d' <= lookahead && lookahead <= 'f')
p_c1802dd7563268b4ed8e,java,ts_lex,3,PUSH_LOOKAHEAD,,,('D' <= lookahead && lookahead <= 'F') || ('d' <= lookahead && lookahead <= 'f')
p_c1802dd7563268b4ed8e,java,ts_lex,4,PUSH_INT,70,,('D' <= lookahead && lookahead <= 'F') || ('d' <= lookahead && lookahead <= 'f')
p_c1802dd7563268b4ed8e,java,ts_lex,5,CMP_LE,,,('D' <= lookahead && lookahead <= 'F') || ('d' <= lookahead && lookahead <= 'f')
p_c1802dd7563268b4ed8e,java,ts_lex,6,AND,,,('D' <= lookahead && lookahead <= 'F') || ('d' <= lookahead && lookahead <= 'f')
p_c1802dd7563268b4ed8e,java,ts_lex,7,PUSH_INT,100,,('D' <= lookahead && lookahead <= 'F') || ('d' <= lookahead && lookahead <= 'f')
p_c1802dd7563268b4ed8e,java,ts_lex,8,PUSH_LOOKAHEAD,,,('D' <= lookahead && lookahead <= 'F') || ('d' <= lookahead && lookahead <= 'f')
p_c1802dd7563268b4ed8e,java,ts_lex,9,CMP_LE,,,('D' <= lookahead && lookahead <= 'F') || ('d' <= lookahead && lookahead <= 'f')
p_c1802dd7563268b4ed8e,java,ts_lex,10,PUSH_LOOKAHEAD,,,('D' <= lookahead && lookahead <= 'F') || ('d' <= lookahead && lookahead <= 'f')
p_c1802dd7563268b4ed8e,java,ts_lex,11,PUSH_INT,102,,('D' <= lookahead && lookahead <= 'F') || ('d' <= lookahead && lookahead <= 'f')
p_c1802dd7563268b4ed8e,java,ts_lex,12,CMP_LE,,,('D' <= lookahead && lookahead <= 'F') || ('d' <= lookahead && lookahead <= 'f')
p_c1802dd7563268b4ed8e,java,ts_lex,13,AND,,,('D' <= lookahead && lookahead <= 'F') || ('d' <= lookahead && lookahead <= 'f')
p_c1802dd7563268b4ed8e,java,ts_lex,14,OR,,,('D' <= lookahead && lookahead <= 'F') || ('d' <= lookahead && lookahead <= 'f')
p_fa485fd1580937f70026,java,ts_lex,0,PUSH_LOOKAHEAD,,,lookahead == 'D' || lookahead == 'F' || lookahead == 'd' || lookahead == 'f'
p_fa485fd1580937f70026,java,ts_lex,1,PUSH_INT,68,,lookahead == 'D' || lookahead == 'F' || lookahead == 'd' || lookahead == 'f'
p_fa485fd1580937f70026,java,ts_lex,2,CMP_EQ,,,lookahead == 'D' || lookahead == 'F' || lookahead == 'd' || lookahead == 'f'
p_fa485fd1580937f70026,java,ts_lex,3,PUSH_LOOKAHEAD,,,lookahead == 'D' || lookahead == 'F' || lookahead == 'd' || lookahead == 'f'
p_fa485fd1580937f70026,java,ts_lex,4,PUSH_INT,70,,lookahead == 'D' || lookahead == 'F' || lookahead == 'd' || lookahead == 'f'
p_fa485fd1580937f70026,java,ts_lex,5,CMP_EQ,,,lookahead == 'D' || lookahead == 'F' || lookahead == 'd' || lookahead == 'f'
p_fa485fd1580937f70026,java,ts_lex,6,OR,,,lookahead == 'D' || lookahead == 'F' || lookahead == 'd' || lookahead == 'f'
p_fa485fd1580937f70026,java,ts_lex,7,PUSH_LOOKAHEAD,,,lookahead == 'D' || lookahead == 'F' || lookahead == 'd' || lookahead == 'f'
p_fa485fd1580937f70026,java,ts_lex,8,PUSH_INT,100,,lookahead == 'D' || lookahead == 'F' || lookahead == 'd' || lookahead == 'f'
p_fa485fd1580937f70026,java,ts_lex,9,CMP_EQ,,,lookahead == 'D' || lookahead == 'F' || lookahead == 'd' || lookahead == 'f'
p_fa485fd1580937f70026,java,ts_lex,10,OR,,,lookahead == 'D' || lookahead == 'F' || lookahead == 'd' || lookahead == 'f'
p_fa485fd1580937f70026,java,ts_lex,11,PUSH_LOOKAHEAD,,,lookahead == 'D' || lookahead == 'F' || lookahead == 'd' || lookahead == 'f'
p_fa485fd1580937f70026,java,ts_lex,12,PUSH_INT,102,,lookahead == 'D' || lookahead == 'F' || lookahead == 'd' || lookahead == 'f'
p_fa485fd1580937f70026,java,ts_lex,13,CMP_EQ,,,lookahead == 'D' || lookahead == 'F' || lookahead == 'd' || lookahead == 'f'
p_fa485fd1580937f70026,java,ts_lex,14,OR,,,lookahead == 'D' || lookahead == 'F' || lookahead == 'd' || lookahead == 'f'
p_af4d3520a456f1499a0c,java,ts_lex,0,PUSH_LOOKAHEAD,,,lookahead == '\n'
p_af4d3520a456f1499a0c,java,ts_lex,1,PUSH_INT,10,,lookahead == '\n'
p_af4d3520a456f1499a0c,java,ts_lex,2,CMP_EQ,,,lookahead == '\n'
p_82a91183dc97a0b6d738,java,ts_lex,0,PUSH_LOOKAHEAD,,,"lookahead != 0 && lookahead != '""' && lookahead != '\\'"
p_82a91183dc97a0b6d738,java,ts_lex,1,PUSH_INT,0,,"lookahead != 0 && lookahead != '""' && lookahead != '\\'"
p_82a91183dc97a0b6d738,java,ts_lex,2,CMP_NE,,,"lookahead != 0 && lookahead != '""' && lookahead != '\\'"
p_82a91183dc97a0b6d738,java,ts_lex,3,PUSH_LOOKAHEAD,,,"lookahead != 0 && lookahead != '""' && lookahead != '\\'"
p_82a91183dc97a0b6d738,java,ts_lex,4,PUSH_INT,34,,"lookahead != 0 && lookahead != '""' && lookahead != '\\'"
p_82a91183dc97a0b6d738,java,ts_lex,5,CMP_NE,,,"lookahead != 0 && lookahead != '""' && lookahead != '\\'"
p_82a91183dc97a0b6d738,java,ts_lex,6,AND,,,"lookahead != 0 && lookahead != '""' && lookahead != '\\'"
p_82a91183dc97a0b6d738,java,ts_lex,7,PUSH_LOOKAHEAD,,,"lookahead != 0 && lookahead != '""' && lookahead != '\\'"
p_82a91183dc97a0b6d738,java,ts_lex,8,PUSH_INT,92,,"lookahead != 0 && lookahead != '""' && lookahead != '\\'"
p_82a91183dc97a0b6d738,java,ts_lex,9,CMP_NE,,,"lookahead != 0 && lookahead != '""' && lookahead != '\\'"
p_82a91183dc97a0b6d738,java,ts_lex,10,AND,,,"lookahead != 0 && lookahead != '""' && lookahead != '\\'"
p_a8dc84494c179d448c96,java,ts_lex,0,PUSH_LOOKAHEAD,,,"lookahead == '""' || lookahead == '\\'"
p_a8dc84494c179d448c96,java,ts_lex,1,PUSH_INT,34,,"lookahead == '""' || lookahead == '\\'"
p_a8dc84494c179d448c96,java,ts_lex,2,CMP_EQ,,,"lookahead == '""' || lookahead == '\\'"
p_a8dc84494c179d448c96,java,ts_lex,3,PUSH_LOOKAHEAD,,,"lookahead == '""' || lookahead == '\\'"
p_a8dc84494c179d448c96,java,ts_lex,4,PUSH_INT,92,,"lookahead == '""' || lookahead == '\\'"
p_a8dc84494c179d448c96,java,ts_lex,5,CMP_EQ,,,"lookahead == '""' || lookahead == '\\'"
p_a8dc84494c179d448c96,java,ts_lex,6,OR,,,"lookahead == '""' || lookahead == '\\'"
p_03f58409ebee3f1341c8,java,ts_lex,0,PUSH_LOOKAHEAD,,,"lookahead != 0 && lookahead != '""'"
p_03f58409ebee3f1341c8,java,ts_lex,1,PUSH_INT,0,,"lookahead != 0 && lookahead != '""'"
p_03f58409ebee3f1341c8,java,ts_lex,2,CMP_NE,,,"lookahead != 0 && lookahead != '""'"
p_03f58409ebee3f1341c8,java,ts_lex,3,PUSH_LOOKAHEAD,,,"lookahead != 0 && lookahead != '""'"
p_03f58409ebee3f1341c8,java,ts_lex,4,PUSH_INT,34,,"lookahead != 0 && lookahead != '""'"
p_03f58409ebee3f1341c8,java,ts_lex,5,CMP_NE,,,"lookahead != 0 && lookahead != '""'"
p_03f58409ebee3f1341c8,java,ts_lex,6,AND,,,"lookahead != 0 && lookahead != '""'"
p_67b1398f0c416640e80d,java,ts_lex,0,PUSH_LOOKAHEAD,,,lookahead == '&'
p_67b1398f0c416640e80d,java,ts_lex,1,PUSH_INT,38,,lookahead == '&'
p_67b1398f0c416640e80d,java,ts_lex,2,CMP_EQ,,,lookahead == '&'
p_77a0417730360789c1a7,java,ts_lex,0,PUSH_LOOKAHEAD,,,lookahead == '>'
p_77a0417730360789c1a7,java,ts_lex,1,PUSH_INT,62,,lookahead == '>'
p_77a0417730360789c1a7,java,ts_lex,2,CMP_EQ,,,lookahead == '>'
p_158f39cba7647ec0193c,java,ts_lex,0,PUSH_LOOKAHEAD,,,lookahead == '+'
p_158f39cba7647ec0193c,java,ts_lex,1,PUSH_INT,43,,lookahead == '+'
p_158f39cba7647ec0193c,java,ts_lex,2,CMP_EQ,,,lookahead == '+'
p_ab92c90f34eeda5b8641,java,ts_lex,0,PUSH_LOOKAHEAD,,,lookahead == '-'
p_ab92c90f34eeda5b8641,java,ts_lex,1,PUSH_INT,45,,lookahead == '-'
p_ab92c90f34eeda5b8641,java,ts_lex,2,CMP_EQ,,,lookahead == '-'
p_9d2deea2bcdedd6087be,java,ts_lex,0,PUSH_LOOKAHEAD,,,lookahead == '|'
p_9d2deea2bcdedd6087be,java,ts_lex,1,PUSH_INT,124,,lookahead == '|'
p_9d2deea2bcdedd6087be,java,ts_lex,2,CMP_EQ,,,lookahead == '|'
p_f459379a70f2a0a04815,java,ts_lex,0,SET_CONTAINS,sym_identifier_character_set_2,778,"set_contains(sym_identifier_character_set_2, 778, lookahead)"
p_55b746b675f136f8ae45,java,ts_lex,0,PUSH_LOOKAHEAD,,,lookahead == 'o'
p_55b746b675f136f8ae45,java,ts_lex,1,PUSH_INT,111,,lookahead == 'o'
p_55b746b675f136f8ae45,java,ts_lex,2,CMP_EQ,,,lookahead == 'o'
p_6405d64d4c105f57d8d7,java,ts_lex_keywords,0,PUSH_INT,9,,('\t' <= lookahead && lookahead <= '\r') || lookahead == ' '
p_6405d64d4c105f57d8d7,java,ts_lex_keywords,1,PUSH_LOOKAHEAD,,,('\t' <= lookahead && lookahead <= '\r') || lookahead == ' '
p_6405d64d4c105f57d8d7,java,ts_lex_keywords,2,CMP_LE,,,('\t' <= lookahead && lookahead <= '\r') || lookahead == ' '
p_6405d64d4c105f57d8d7,java,ts_lex_keywords,3,PUSH_LOOKAHEAD,,,('\t' <= lookahead && lookahead <= '\r') || lookahead == ' '
p_6405d64d4c105f57d8d7,java,ts_lex_keywords,4,PUSH_INT,13,,('\t' <= lookahead && lookahead <= '\r') || lookahead == ' '
p_6405d64d4c105f57d8d7,java,ts_lex_keywords,5,CMP_LE,,,('\t' <= lookahead && lookahead <= '\r') || lookahead == ' '
p_6405d64d4c105f57d8d7,java,ts_lex_keywords,6,AND,,,('\t' <= lookahead && lookahead <= '\r') || lookahead == ' '
p_6405d64d4c105f57d8d7,java,ts_lex_keywords,7,PUSH_LOOKAHEAD,,,('\t' <= lookahead && lookahead <= '\r') || lookahead == ' '
p_6405d64d4c105f57d8d7,java,ts_lex_keywords,8,PUSH_INT,32,,('\t' <= lookahead && lookahead <= '\r') || lookahead == ' '
p_6405d64d4c105f57d8d7,java,ts_lex_keywords,9,CMP_EQ,,,('\t' <= lookahead && lookahead <= '\r') || lookahead == ' '
p_6405d64d4c105f57d8d7,java,ts_lex_keywords,10,OR,,,('\t' <= lookahead && lookahead <= '\r') || lookahead == ' '
p_e83bc9389a012b4b0df5,java,ts_lex_keywords,0,PUSH_LOOKAHEAD,,,lookahead == 95
p_e83bc9389a012b4b0df5,java,ts_lex_keywords,1,PUSH_INT,95,,lookahead == 95
p_e83bc9389a012b4b0df5,java,ts_lex_keywords,2,CMP_EQ,,,lookahead == 95
p_97231dc009f3a853896d,java,ts_lex_keywords,0,PUSH_LOOKAHEAD,,,lookahead == 97
p_97231dc009f3a853896d,java,ts_lex_keywords,1,PUSH_INT,97,,lookahead == 97
p_97231dc009f3a853896d,java,ts_lex_keywords,2,CMP_EQ,,,lookahead == 97
p_df1894dfe42fca72c3ba,java,ts_lex_keywords,0,PUSH_LOOKAHEAD,,,lookahead == 98
p_df1894dfe42fca72c3ba,java,ts_lex_keywords,1,PUSH_INT,98,,lookahead == 98
p_df1894dfe42fca72c3ba,java,ts_lex_keywords,2,CMP_EQ,,,lookahead == 98
p_e2fb854646e33bb08c3c,java,ts_lex_keywords,0,PUSH_LOOKAHEAD,,,lookahead == 99
p_e2fb854646e33bb08c3c,java,ts_lex_keywords,1,PUSH_INT,99,,lookahead == 99
p_e2fb854646e33bb08c3c,java,ts_lex_keywords,2,CMP_EQ,,,lookahead == 99
p_00dbc7ca7c47c09e4a73,java,ts_lex_keywords,0,PUSH_LOOKAHEAD,,,lookahead == 100
p_00dbc7ca7c47c09e4a73,java,ts_lex_keywords,1,PUSH_INT,100,,lookahead == 100
p_00dbc7ca7c47c09e4a73,java,ts_lex_keywords,2,CMP_EQ,,,lookahead == 100
p_0f12b2ef022d301ae2b8,java,ts_lex_keywords,0,PUSH_LOOKAHEAD,,,lookahead == 101
p_0f12b2ef022d301ae2b8,java,ts_lex_keywords,1,PUSH_INT,101,,lookahead == 101
p_0f12b2ef022d301ae2b8,java,ts_lex_keywords,2,CMP_EQ,,,lookahead == 101
p_d79c28edf9e292be99e8,java,ts_lex_keywords,0,PUSH_LOOKAHEAD,,,lookahead == 102
p_d79c28edf9e292be99e8,java,ts_lex_keywords,1,PUSH_INT,102,,lookahead == 102
p_d79c28edf9e292be99e8,java,ts_lex_keywords,2,CMP_EQ,,,lookahead == 102
p_1aac847e74e38330ce24,java,ts_lex_keywords,0,PUSH_LOOKAHEAD,,,lookahead == 105
p_1aac847e74e38330ce24,java,ts_lex_keywords,1,PUSH_INT,105,,lookahead == 105
p_1aac847e74e38330ce24,java,ts_lex_keywords,2,CMP_EQ,,,lookahead == 105
p_ad82b2bc1f444f3451d1,java,ts_lex_keywords,0,PUSH_LOOKAHEAD,,,lookahead == 108
p_ad82b2bc1f444f3451d1,java,ts_lex_keywords,1,PUSH_INT,108,,lookahead == 108
p_ad82b2bc1f444f3451d1,java,ts_lex_keywords,2,CMP_EQ,,,lookahead == 108
p_db12adfdb1342f892220,java,ts_lex_keywords,0,PUSH_LOOKAHEAD,,,lookahead == 109
p_db12adfdb1342f892220,java,ts_lex_keywords,1,PUSH_INT,109,,lookahead == 109
p_db12adfdb1342f892220,java,ts_lex_keywords,2,CMP_EQ,,,lookahead == 109
p_ccddd1fa50bcc13df123,java,ts_lex_keywords,0,PUSH_LOOKAHEAD,,,lookahead == 110
p_ccddd1fa50bcc13df123,java,ts_lex_keywords,1,PUSH_INT,110,,lookahead == 110
p_ccddd1fa50bcc13df123,java,ts_lex_keywords,2,CMP_EQ,,,lookahead == 110
p_26a12d2be85abd1e1c17,java,ts_lex_keywords,0,PUSH_LOOKAHEAD,,,lookahead == 111
p_26a12d2be85abd1e1c17,java,ts_lex_keywords,1,PUSH_INT,111,,lookahead == 111
p_26a12d2be85abd1e1c17,java,ts_lex_keywords,2,CMP_EQ,,,lookahead == 111
p_975ea66e5e799efce336,java,ts_lex_keywords,0,PUSH_LOOKAHEAD,,,lookahead == 112
p_975ea66e5e799efce336,java,ts_lex_keywords,1,PUSH_INT,112,,lookahead == 112
p_975ea66e5e799efce336,java,ts_lex_keywords,2,CMP_EQ,,,lookahead == 112
p_85e14ba85898f8b38d69,java,ts_lex_keywords,0,PUSH_LOOKAHEAD,,,lookahead == 114
p_85e14ba85898f8b38d69,java,ts_lex_keywords,1,PUSH_INT,114,,lookahead == 114
p_85e14ba85898f8b38d69,java,ts_lex_keywords,2,CMP_EQ,,,lookahead == 114
p_5650b2a75880ef75cb9f,java,ts_lex_keywords,0,PUSH_LOOKAHEAD,,,lookahead == 115
p_5650b2a75880ef75cb9f,java,ts_lex_keywords,1,PUSH_INT,115,,lookahead == 115
p_5650b2a75880ef75cb9f,java,ts_lex_keywords,2,CMP_EQ,,,lookahead == 115
p_8e3c84cf6dab2ff4c567,java,ts_lex_keywords,0,PUSH_LOOKAHEAD,,,lookahead == 116
p_8e3c84cf6dab2ff4c567,java,ts_lex_keywords,1,PUSH_INT,116,,lookahead == 116
p_8e3c84cf6dab2ff4c567,java,ts_lex_keywords,2,CMP_EQ,,,lookahead == 116
p_0b6cf6677fe0eda42f4d,java,ts_lex_keywords,0,PUSH_LOOKAHEAD,,,lookahead == 117
p_0b6cf6677fe0eda42f4d,java,ts_lex_keywords,1,PUSH_INT,117,,lookahead == 117
p_0b6cf6677fe0eda42f4d,java,ts_lex_keywords,2,CMP_EQ,,,lookahead == 117
p_12d277e7585c731b4517,java,ts_lex_keywords,0,PUSH_LOOKAHEAD,,,lookahead == 118
p_12d277e7585c731b4517,java,ts_lex_keywords,1,PUSH_INT,118,,lookahead == 118
p_12d277e7585c731b4517,java,ts_lex_keywords,2,CMP_EQ,,,lookahead == 118
p_8d00bcce82097f7b0a17,java,ts_lex_keywords,0,PUSH_LOOKAHEAD,,,lookahead == 119
p_8d00bcce82097f7b0a17,java,ts_lex_keywords,1,PUSH_INT,119,,lookahead == 119
p_8d00bcce82097f7b0a17,java,ts_lex_keywords,2,CMP_EQ,,,lookahead == 119
p_7f8cdd42ed89527cc52f,java,ts_lex_keywords,0,PUSH_LOOKAHEAD,,,lookahead == 121
p_7f8cdd42ed89527cc52f,java,ts_lex_keywords,1,PUSH_INT,121,,lookahead == 121
p_7f8cdd42ed89527cc52f,java,ts_lex_keywords,2,CMP_EQ,,,lookahead == 121
p_ccb862344cd9a84964d6,java,ts_lex_keywords,0,PUSH_LOOKAHEAD,,,lookahead == 'b'
p_ccb862344cd9a84964d6,java,ts_lex_keywords,1,PUSH_INT,98,,lookahead == 'b'
p_ccb862344cd9a84964d6,java,ts_lex_keywords,2,CMP_EQ,,,lookahead == 'b'
p_ac4197dba7ff0bc405b6,java,ts_lex_keywords,0,PUSH_LOOKAHEAD,,,lookahead == 's'
p_ac4197dba7ff0bc405b6,java,ts_lex_keywords,1,PUSH_INT,115,,lookahead == 's'
p_ac4197dba7ff0bc405b6,java,ts_lex_keywords,2,CMP_EQ,,,lookahead == 's'
p_767266b604797296574d,java,ts_lex_keywords,0,PUSH_LOOKAHEAD,,,lookahead == 'o'
p_767266b604797296574d,java,ts_lex_keywords,1,PUSH_INT,111,,lookahead == 'o'
p_767266b604797296574d,java,ts_lex_keywords,2,CMP_EQ,,,lookahead == 'o'
p_7906722e0d5d18cff550,java,ts_lex_keywords,0,PUSH_LOOKAHEAD,,,lookahead == 'r'
p_7906722e0d5d18cff550,java,ts_lex_keywords,1,PUSH_INT,114,,lookahead == 'r'
p_7906722e0d5d18cff550,java,ts_lex_keywords,2,CMP_EQ,,,lookahead == 'r'
p_48577839f8560fbd203c,java,ts_lex_keywords,0,PUSH_LOOKAHEAD,,,lookahead == 'y'
p_48577839f8560fbd203c,java,ts_lex_keywords,1,PUSH_INT,121,,lookahead == 'y'
p_48577839f8560fbd203c,java,ts_lex_keywords,2,CMP_EQ,,,lookahead == 'y'
p_0e3705f91042ddd57591,java,ts_lex_keywords,0,PUSH_LOOKAHEAD,,,lookahead == 'a'
p_0e3705f91042ddd57591,java,ts_lex_keywords,1,PUSH_INT,97,,lookahead == 'a'
p_0e3705f91042ddd57591,java,ts_lex_keywords,2,CMP_EQ,,,lookahead == 'a'
p_1462e93b95b864e97f8c,java,ts_lex_keywords,0,PUSH_LOOKAHEAD,,,lookahead == 'h'
p_1462e93b95b864e97f8c,java,ts_lex_keywords,1,PUSH_INT,104,,lookahead == 'h'
p_1462e93b95b864e97f8c,java,ts_lex_keywords,2,CMP_EQ,,,lookahead == 'h'
p_93d0aa2f7960f4d3ec14,java,ts_lex_keywords,0,PUSH_LOOKAHEAD,,,lookahead == 'l'
p_93d0aa2f7960f4d3ec14,java,ts_lex_keywords,1,PUSH_INT,108,,lookahead == 'l'
p_93d0aa2f7960f4d3ec14,java,ts_lex_keywords,2,CMP_EQ,,,lookahead == 'l'
p_f033272e3214a6c8973e,java,ts_lex_keywords,0,PUSH_LOOKAHEAD,,,lookahead == 'e'
p_f033272e3214a6c8973e,java,ts_lex_keywords,1,PUSH_INT,101,,lookahead == 'e'
p_f033272e3214a6c8973e,java,ts_lex_keywords,2,CMP_EQ,,,lookahead == 'e'
p_b095537c6321a3dcb7fb,java,ts_lex_keywords,0,PUSH_LOOKAHEAD,,,lookahead == 'n'
p_b095537c6321a3dcb7fb,java,ts_lex_keywords,1,PUSH_INT,110,,lookahead == 'n'
p_b095537c6321a3dcb7fb,java,ts_lex_keywords,2,CMP_EQ,,,lookahead == 'n'
p_fd9b2fe6beb400493727,java,ts_lex_keywords,0,PUSH_LOOKAHEAD,,,lookahead == 'x'
p_fd9b2fe6beb400493727,java,ts_lex_keywords,1,PUSH_INT,120,,lookahead == 'x'
p_fd9b2fe6beb400493727,java,ts_lex_keywords,2,CMP_EQ,,,lookahead == 'x'
p_bb0fd5fc3e485307a571,java,ts_lex_keywords,0,PUSH_LOOKAHEAD,,,lookahead == 'i'
p_bb0fd5fc3e485307a571,java,ts_lex_keywords,1,PUSH_INT,105,,lookahead == 'i'
p_bb0fd5fc3e485307a571,java,ts_lex_keywords,2,CMP_EQ,,,lookahead == 'i'
p_a82edfc470bf54bc4c6e,java,ts_lex_keywords,0,PUSH_LOOKAHEAD,,,lookahead == 'f'
p_a82edfc470bf54bc4c6e,java,ts_lex_keywords,1,PUSH_INT,102,,lookahead == 'f'
p_a82edfc470bf54bc4c6e,java,ts_lex_keywords,2,CMP_EQ,,,lookahead == 'f'
p_3243c9bdaafc5fbdbe87,java,ts_lex_keywords,0,PUSH_LOOKAHEAD,,,lookahead == 'm'
p_3243c9bdaafc5fbdbe87,java,ts_lex_keywords,1,PUSH_INT,109,,lookahead == 'm'
p_3243c9bdaafc5fbdbe87,java,ts_lex_keywords,2,CMP_EQ,,,lookahead == 'm'
p_8fb9abd011dd7b52ac00,java,ts_lex_keywords,0,PUSH_LOOKAHEAD,,,lookahead == 'u'
p_8fb9abd011dd7b52ac00,java,ts_lex_keywords,1,PUSH_INT,117,,lookahead == 'u'
p_8fb9abd011dd7b52ac00,java,ts_lex_keywords,2,CMP_EQ,,,lookahead == 'u'
p_2afee7281167d544315a,java,ts_lex_keywords,0,PUSH_LOOKAHEAD,,,lookahead == 'p'
p_2afee7281167d544315a,java,ts_lex_keywords,1,PUSH_INT,112,,lookahead == 'p'
p_2afee7281167d544315a,java,ts_lex_keywords,2,CMP_EQ,,,lookahead == 'p'
p_6421a785c5cce5acdd73,java,ts_lex_keywords,0,PUSH_LOOKAHEAD,,,lookahead == 't'
p_6421a785c5cce5acdd73,java,ts_lex_keywords,1,PUSH_INT,116,,lookahead == 't'
p_6421a785c5cce5acdd73,java,ts_lex_keywords,2,CMP_EQ,,,lookahead == 't'
p_454e01b7bedd22c914bf,java,ts_lex_keywords,0,PUSH_LOOKAHEAD,,,lookahead == 'w'
p_454e01b7bedd22c914bf,java,ts_lex_keywords,1,PUSH_INT,119,,lookahead == 'w'
p_454e01b7bedd22c914bf,java,ts_lex_keywords,2,CMP_EQ,,,lookahead == 'w'
p_6863b2a232f64c67dc4c,java,ts_lex_keywords,0,PUSH_LOOKAHEAD,,,lookahead == 'd'
p_6863b2a232f64c67dc4c,java,ts_lex_keywords,1,PUSH_INT,100,,lookahead == 'd'
p_6863b2a232f64c67dc4c,java,ts_lex_keywords,2,CMP_EQ,,,lookahead == 'd'
p_344a4580d9e78d0c0518,java,ts_lex_keywords,0,PUSH_LOOKAHEAD,,,lookahead == 'c'
p_344a4580d9e78d0c0518,java,ts_lex_keywords,1,PUSH_INT,99,,lookahead == 'c'
p_344a4580d9e78d0c0518,java,ts_lex_keywords,2,CMP_EQ,,,lookahead == 'c'
p_0a712d87ac2c0a4024a9,java,ts_lex_keywords,0,PUSH_LOOKAHEAD,,,lookahead == 'q'
p_0a712d87ac2c0a4024a9,java,ts_lex_keywords,1,PUSH_INT,113,,lookahead == 'q'
p_0a712d87ac2c0a4024a9,java,ts_lex_keywords,2,CMP_EQ,,,lookahead == 'q'
p_7e96651dfd3dfb28635f,java,ts_lex_keywords,0,PUSH_LOOKAHEAD,,,lookahead == 'g'
p_7e96651dfd3dfb28635f,java,ts_lex_keywords,1,PUSH_INT,103,,lookahead == 'g'
p_7e96651dfd3dfb28635f,java,ts_lex_keywords,2,CMP_EQ,,,lookahead == 'g'
p_00bb8ac96680fe214de7,java,ts_lex_keywords,0,PUSH_LOOKAHEAD,,,lookahead == 'k'
p_00bb8ac96680fe214de7,java,ts_lex_keywords,1,PUSH_INT,107,,lookahead == 'k'
p_00bb8ac96680fe214de7,java,ts_lex_keywords,2,CMP_EQ,,,lookahead == 'k'
p_4c3d6cf55fffaf661c8a,java,ts_lex_keywords,0,PUSH_LOOKAHEAD,,,lookahead == 'v'
p_4c3d6cf55fffaf661c8a,java,ts_lex_keywords,1,PUSH_INT,118,,lookahead == 'v'
p_4c3d6cf55fffaf661c8a,java,ts_lex_keywords,2,CMP_EQ,,,lookahead == 'v'
p_f5b477fca546b1510cc8,java,ts_lex_keywords,0,PUSH_LOOKAHEAD,,,lookahead == 'z'
p_f5b477fca546b1510cc8,java,ts_lex_keywords,1,PUSH_INT,122,,lookahead == 'z'
p_f5b477fca546b1510cc8,java,ts_lex_keywords,2,CMP_EQ,,,lookahead == 'z'
p_b679316da508db1cfc35,kotlin,ts_lex,0,PUSH_EOF,,,eof
p_b0160190fb615e8b3359,kotlin,ts_lex,0,PUSH_INT,9,,('\t' <= lookahead && lookahead <= '\r') || lookahead == ' '
p_b0160190fb615e8b3359,kotlin,ts_lex,1,PUSH_LOOKAHEAD,,,('\t' <= lookahead && lookahead <= '\r') || lookahead == ' '
p_b0160190fb615e8b3359,kotlin,ts_lex,2,CMP_LE,,,('\t' <= lookahead && lookahead <= '\r') || lookahead == ' '
p_b0160190fb615e8b3359,kotlin,ts_lex,3,PUSH_LOOKAHEAD,,,('\t' <= lookahead && lookahead <= '\r') || lookahead == ' '
p_b0160190fb615e8b3359,kotlin,ts_lex,4,PUSH_INT,13,,('\t' <= lookahead && lookahead <= '\r') || lookahead == ' '
p_b0160190fb615e8b3359,kotlin,ts_lex,5,CMP_LE,,,('\t' <= lookahead && lookahead <= '\r') || lookahead == ' '
p_b0160190fb615e8b3359,kotlin,ts_lex,6,AND,,,('\t' <= lookahead && lookahead <= '\r') || lookahead == ' '
p_b0160190fb615e8b3359,kotlin,ts_lex,7,PUSH_LOOKAHEAD,,,('\t' <= lookahead && lookahead <= '\r') || lookahead == ' '
p_b0160190fb615e8b3359,kotlin,ts_lex,8,PUSH_INT,32,,('\t' <= lookahead && lookahead <= '\r') || lookahead == ' '
p_b0160190fb615e8b3359,kotlin,ts_lex,9,CMP_EQ,,,('\t' <= lookahead && lookahead <= '\r') || lookahead == ' '
p_b0160190fb615e8b3359,kotlin,ts_lex,10,OR,,,('\t' <= lookahead && lookahead <= '\r') || lookahead == ' '
p_be73d30f8dcdfccf38c2,kotlin,ts_lex,0,PUSH_INT,49,,('1' <= lookahead && lookahead <= '9')
p_be73d30f8dcdfccf38c2,kotlin,ts_lex,1,PUSH_LOOKAHEAD,,,('1' <= lookahead && lookahead <= '9')
p_be73d30f8dcdfccf38c2,kotlin,ts_lex,2,CMP_LE,,,('1' <= lookahead && lookahead <= '9')
p_be73d30f8dcdfccf38c2,kotlin,ts_lex,3,PUSH_LOOKAHEAD,,,('1' <= lookahead && lookahead <= '9')
p_be73d30f8dcdfccf38c2,kotlin,ts_lex,4,PUSH_INT,57,,('1' <= lookahead && lookahead <= '9')
p_be73d30f8dcdfccf38c2,kotlin,ts_lex,5,CMP_LE,,,('1' <= lookahead && lookahead <= '9')
p_be73d30f8dcdfccf38c2,kotlin,ts_lex,6,AND,,,('1' <= lookahead && lookahead <= '9')
p_a52ed4ec73515d2b0cce,kotlin,ts_lex,0,PUSH_INT,65,,('A' <= lookahead && lookahead <= 'Z') || ('_' <= lookahead && lookahead <= 'z')
p_a52ed4ec73515d2b0cce,kotlin,ts_lex,1,PUSH_LOOKAHEAD,,,('A' <= lookahead && lookahead <= 'Z') || ('_' <= lookahead && lookahead <= 'z')
p_a52ed4ec73515d2b0cce,kotlin,ts_lex,2,CMP_LE,,,('A' <= lookahead && lookahead <= 'Z') || ('_' <= lookahead && lookahead <= 'z')
p_a52ed4ec73515d2b0cce,kotlin,ts_lex,3,PUSH_LOOKAHEAD,,,('A' <= lookahead && lookahead <= 'Z') || ('_' <= lookahead && lookahead <= 'z')
p_a52ed4ec73515d2b0cce,kotlin,ts_lex,4,PUSH_INT,90,,('A' <= lookahead && lookahead <= 'Z') || ('_' <= lookahead && lookahead <= 'z')
p_a52ed4ec73515d2b0cce,kotlin,ts_lex,5,CMP_LE,,,('A' <= lookahead && lookahead <= 'Z') || ('_' <= lookahead && lookahead <= 'z')
p_a52ed4ec73515d2b0cce,kotlin,ts_lex,6,AND,,,('A' <= lookahead && lookahead <= 'Z') || ('_' <= lookahead && lookahead <= 'z')
p_a52ed4ec73515d2b0cce,kotlin,ts_lex,7,PUSH_INT,95,,('A' <= lookahead && lookahead <= 'Z') || ('_' <= lookahead && lookahead <= 'z')
p_a52ed4ec73515d2b0cce,kotlin,ts_lex,8,PUSH_LOOKAHEAD,,,('A' <= lookahead && lookahead <= 'Z') || ('_' <= lookahead && lookahead <= 'z')
p_a52ed4ec73515d2b0cce,kotlin,ts_lex,9,CMP_LE,,,('A' <= lookahead && lookahead <= 'Z') || ('_' <= lookahead && lookahead <= 'z')
p_a52ed4ec73515d2b0cce,kotlin,ts_lex,10,PUSH_LOOKAHEAD,,,('A' <= lookahead && lookahead <= 'Z') || ('_' <= lookahead && lookahead <= 'z')
p_a52ed4ec73515d2b0cce,kotlin,ts_lex,11,PUSH_INT,122,,('A' <= lookahead && lookahead <= 'Z') || ('_' <= lookahead && lookahead <= 'z')
p_a52ed4ec73515d2b0cce,kotlin,ts_lex,12,CMP_LE,,,('A' <= lookahead && lookahead <= 'Z') || ('_' <= lookahead && lookahead <= 'z')
p_a52ed4ec73515d2b0cce,kotlin,ts_lex,13,AND,,,('A' <= lookahead && lookahead <= 'Z') || ('_' <= lookahead && lookahead <= 'z')
p_a52ed4ec73515d2b0cce,kotlin,ts_lex,14,OR,,,('A' <= lookahead && lookahead <= 'Z') || ('_' <= lookahead && lookahead <= 'z')
p_2cce3b456aa2d2e54f2d,kotlin,ts_lex,0,SET_CONTAINS,sym__alpha_identifier_character_set_1,430,"set_contains(sym__alpha_identifier_character_set_1, 430, lookahead)"
p_229e27905e3920bedbdb,kotlin,ts_lex,0,PUSH_LOOKAHEAD,,,lookahead == 33
p_229e27905e3920bedbdb,kotlin,ts_lex,1,PUSH_INT,33,,lookahead == 33
p_229e27905e3920bedbdb,kotlin,ts_lex,2,CMP_EQ,,,lookahead == 33
p_bab0278e9b885cf30d8d,kotlin,ts_lex,0,PUSH_LOOKAHEAD,,,lookahead == 35
p_bab0278e9b885cf30d8d,kotlin,ts_lex,1,PUSH_INT,35,,lookahead == 35
p_bab0278e9b885cf30d8d,kotlin,ts_lex,2,CMP_EQ,,,lookahead == 35
p_e53dfb8c387ae507a5c8,kotlin,ts_lex,0,PUSH_LOOKAHEAD,,,lookahead == 37
p_e53dfb8c387ae507a5c8,kotlin,ts_lex,1,PUSH_INT,37,,lookahead == 37
p_e53dfb8c387ae507a5c8,kotlin,ts_lex,2,CMP_EQ,,,lookahead == 37
p_de8b7f3c74a342b97a56,kotlin,ts_lex,0,PUSH_LOOKAHEAD,,,lookahead == 38
p_de8b7f3c74a342b97a56,kotlin,ts_lex,1,PUSH_INT,38,,lookahead == 38
p_de8b7f3c74a342b97a56,kotlin,ts_lex,2,CMP_EQ,,,lookahead == 38
p_f490a1fd22c38ee433af,kotlin,ts_lex,0,PUSH_LOOKAHEAD,,,lookahead == 39
p_f490a1fd22c38ee433af,kotlin,ts_lex,1,PUSH_INT,39,,lookahead == 39
p_f490a1fd22c38ee433af,kotlin,ts_lex,2,CMP_EQ,,,lookahead == 39
p_7f4103e20219864382d4,kotlin,ts_lex,0,PUSH_LOOKAHEAD,,,lookahead == 40
p_7f4103e20219864382d4,kotlin,ts_lex,1,PUSH_INT,40,,lookahead == 40
p_7f4103e20219864382d4,kotlin,ts_lex,2,CMP_EQ,,,lookahead == 40
p_63b3b893da3e182add0a,kotlin,ts_lex,0,PUSH_LOOKAHEAD,,,lookahead == 41
p_63b3b893da3e182add0a,kotlin,ts_lex,1,PUSH_INT,41,,lookahead == 41
p_63b3b893da3e182add0a,kotlin,ts_lex,2,CMP_EQ,,,lookahead == 41
p_a76739f4ac30f1052c83,kotlin,ts_lex,0,PUSH_LOOKAHEAD,,,lookahead == 42
p_a76739f4ac30f1052c83,kotlin,ts_lex,1,PUSH_INT,42,,lookahead == 42
p_a76739f4ac30f1052c83,kotlin,ts_lex,2,CMP_EQ,,,lookahead == 42
p_2dd22f272d9256cb8429,kotlin,ts_lex,0,PUSH_LOOKAHEAD,,,lookahead == 43
p_2dd22f272d9256cb8429,kotlin,ts_lex,1,PUSH_INT,43,,lookahead == 43
p_2dd22f272d9256cb8429,kotlin,ts_lex,2,CMP_EQ,,,lookahead == 43
p_33ffefed8526d2bf77ad,kotlin,ts_lex,0,PUSH_LOOKAHEAD,,,lookahead == 44
p_33ffefed8526d2bf77ad,kotlin,ts_lex,1,PUSH_INT,44,,lookahead == 44
p_33ffefed8526d2bf77ad,kotlin,ts_lex,2,CMP_EQ,,,lookahead == 44
p_5f95df1f11aa94e3eb3e,kotlin,ts_lex,0,PUSH_LOOKAHEAD,,,lookahead == 45
p_5f95df1f11aa94e3eb3e,kotlin,ts_lex,1,PUSH_INT,45,,lookahead == 45
p_5f95df1f11aa94e3eb3e,kotlin,ts_lex,2,CMP_EQ,,,lookahead == 45
p_70914be61413c55c5ace,kotlin,ts_lex,0,PUSH_LOOKAHEAD,,,lookahead == 46
p_70914be61413c55c5ace,kotlin,ts_lex,1,PUSH_INT,46,,lookahead == 46
p_70914be61413c55c5ace,kotlin,ts_lex,2,CMP_EQ,,,lookahead == 46
p_2e8c515b15e61e3722e1,kotlin,ts_lex,0,PUSH_LOOKAHEAD,,,lookahead == 47
p_2e8c515b15e61e3722e1,kotlin,ts_lex,1,PUSH_INT,47,,lookahead == 47
p_2e8c515b15e61e3722e1,kotlin,ts_lex,2,CMP_EQ,,,lookahead == 47
p_8b32f78eaf08937f31f5,kotlin,ts_lex,0,PUSH_LOOKAHEAD,,,lookahead == 48
p_8b32f78eaf08937f31f5,kotlin,ts_lex,1,PUSH_INT,48,,lookahead == 48
p_8b32f78eaf08937f31f5,kotlin,ts_lex,2,CMP_EQ,,,lookahead == 48
p_a1693a018823e2d6b5e1,kotlin,ts_lex,0,PUSH_LOOKAHEAD,,,lookahead == 58
p_a1693a018823e2d6b5e1,kotlin,ts_lex,1,PUSH_INT,58,,lookahead == 58
p_a1693a018823e2d6b5e1,kotlin,ts_lex,2,CMP_EQ,,,lookahead == 58
p_4f9a930af27e729a971c,kotlin,ts_lex,0,PUSH_LOOKAHEAD,,,lookahead == 59
p_4f9a930af27e729a971c,kotlin,ts_lex,1,PUSH_INT,59,,lookahead == 59
p_4f9a930af27e729a971c,kotlin,ts_lex,2,CMP_EQ,,,lookahead == 59
p_3fb6171b46099d5dc971,kotlin,ts_lex,0,PUSH_LOOKAHEAD,,,lookahead == 60
p_3fb6171b46099d5dc971,kotlin,ts_lex,1,PUSH_INT,60,,lookahead == 60
p_3fb6171b46099d5dc971,kotlin,ts_lex,2,CMP_EQ,,,lookahead == 60
p_c06f95198b7cd102999d,kotlin,ts_lex,0,PUSH_LOOKAHEAD,,,lookahead == 61
p_c06f95198b7cd102999d,kotlin,ts_lex,1,PUSH_INT,61,,lookahead == 61
p_c06f95198b7cd102999d,kotlin,ts_lex,2,CMP_EQ,,,lookahead == 61
p_0a821648b0d18f1001bf,kotlin,ts_lex,0,PUSH_LOOKAHEAD,,,lookahead == 62
p_0a821648b0d18f1001bf,kotlin,ts_lex,1,PUSH_INT,62,,lookahead == 62
p_0a821648b0d18f1001bf,kotlin,ts_lex,2,CMP_EQ,,,lookahead == 62
p_1b3d7295daab13d8b6cb,kotlin,ts_lex,0,PUSH_LOOKAHEAD,,,lookahead == 63
p_1b3d7295daab13d8b6cb,kotlin,ts_lex,1,PUSH_INT,63,,lookahead == 63
p_1b3d7295daab13d8b6cb,kotlin,ts_lex,2,CMP_EQ,,,lookahead == 63
p_c586c7a897ded75284a4,kotlin,ts_lex,0,PUSH_LOOKAHEAD,,,lookahead == 64
p_c586c7a897ded75284a4,kotlin,ts_lex,1,PUSH_INT,64,,lookahead == 64
p_c586c7a897ded75284a4,kotlin,ts_lex,2,CMP_EQ,,,lookahead == 64
p_5442d37cfc408be5374d,kotlin,ts_lex,0,PUSH_LOOKAHEAD,,,lookahead == 91
p_5442d37cfc408be5374d,kotlin,ts_lex,1,PUSH_INT,91,,lookahead == 91
p_5442d37cfc408be5374d,kotlin,ts_lex,2,CMP_EQ,,,lookahead == 91
p_af41194ddbe98034b01c,kotlin,ts_lex,0,PUSH_LOOKAHEAD,,,lookahead == 92
p_af41194ddbe98034b01c,kotlin,ts_lex,1,PUSH_INT,92,,lookahead == 92
p_af41194ddbe98034b01c,kotlin,ts_lex,2,CMP_EQ,,,lookahead == 92
p_59288df625c454edba8a,kotlin,ts_lex,0,PUSH_LOOKAHEAD,,,lookahead == 93
p_59288df625c454edba8a,kotlin,ts_lex,1,PUSH_INT,93,,lookahead == 93
p_59288df625c454edba8a,kotlin,ts_lex,2,CMP_EQ,,,lookahead == 93
p_5966ad71d214e8a8303b,kotlin,ts_lex,0,PUSH_LOOKAHEAD,,,lookahead == 96
p_5966ad71d214e8a8303b,kotlin,ts_lex,1,PUSH_INT,96,,lookahead == 96
p_5966ad71d214e8a8303b,kotlin,ts_lex,2,CMP_EQ,,,lookahead == 96
p_3e1bfa48d5840fcf0827,kotlin,ts_lex,0,PUSH_LOOKAHEAD,,,lookahead == 97
p_3e1bfa48d5840fcf0827,kotlin,ts_lex,1,PUSH_INT,97,,lookahead == 97
p_3e1bfa48d5840fcf0827,kotlin,ts_lex,2,CMP_EQ,,,lookahead == 97
p_320eaa9396f270089e99,kotlin,ts_lex,0,PUSH_LOOKAHEAD,,,lookahead == 98
p_320eaa9396f270089e99,kotlin,ts_lex,1,PUSH_INT,98,,lookahead == 98
p_320eaa9396f270089e99,kotlin,ts_lex,2,CMP_EQ,,,lookahead == 98
p_5377fc8640050df3f6e5,kotlin,ts_lex,0,PUSH_LOOKAHEAD,,,lookahead == 99
p_5377fc8640050df3f6e5,kotlin,ts_lex,1,PUSH_INT,99,,lookahead == 99
p_5377fc8640050df3f6e5,kotlin,ts_lex,2,CMP_EQ,,,lookahead == 99
p_9220df0742e52a43fb55,kotlin,ts_lex,0,PUSH_LOOKAHEAD,,,lookahead == 100
p_9220df0742e52a43fb55,kotlin,ts_lex,1,PUSH_INT,100,,lookahead == 100
p_9220df0742e52a43fb55,kotlin,ts_lex,2,CMP_EQ,,,lookahead == 100
p_5141d152c01caf4813e6,kotlin,ts_lex,0,PUSH_LOOKAHEAD,,,lookahead == 101
p_5141d152c01caf4813e6,kotlin,ts_lex,1,PUSH_INT,101,,lookahead == 101
p_5141d152c01caf4813e6,kotlin,ts_lex,2,CMP_EQ,,,lookahead == 101
p_8e6d40b68631b0cd6d41,kotlin,ts_lex,0,PUSH_LOOKAHEAD,,,lookahead == 102
p_8e6d40b68631b0cd6d41,kotlin,ts_lex,1,PUSH_INT,102,,lookahead == 102
p_8e6d40b68631b0cd6d41,kotlin,ts_lex,2,CMP_EQ,,,lookahead == 102
p_52e92ea2e4c628d88531,kotlin,ts_lex,0,PUSH_LOOKAHEAD,,,lookahead == 103
p_52e92ea2e4c628d88531,kotlin,ts_lex,1,PUSH_INT,103,,lookahead == 103
p_52e92ea2e4c628d88531,kotlin,ts_lex,2,CMP_EQ,,,lookahead == 103
p_b362a3b95e5a8ee47375,kotlin,ts_lex,0,PUSH_LOOKAHEAD,,,lookahead == 105
p_b362a3b95e5a8ee47375,kotlin,ts_lex,1,PUSH_INT,105,,lookahead == 105
p_b362a3b95e5a8ee47375,kotlin,ts_lex,2,CMP_EQ,,,lookahead == 105
p_22a1e750a16d04bc06e8,kotlin,ts_lex,0,PUSH_LOOKAHEAD,,,lookahead == 108
p_22a1e750a16d04bc06e8,kotlin,ts_lex,1,PUSH_INT,108,,lookahead == 108
p_22a1e750a16d04bc06e8,kotlin,ts_lex,2,CMP_EQ,,,lookahead == 108
p_216d6d615290be44fa50,kotlin,ts_lex,0,PUSH_LOOKAHEAD,,,lookahead == 110
p_216d6d615290be44fa50,kotlin,ts_lex,1,PUSH_INT,110,,lookahead == 110
p_216d6d615290be44fa50,kotlin,ts_lex,2,CMP_EQ,,,lookahead == 110
p_06661cfa7d1bcfb51422,kotlin,ts_lex,0,PUSH_LOOKAHEAD,,,lookahead == 111
p_06661cfa7d1bcfb51422,kotlin,ts_lex,1,PUSH_INT,111,,lookahead == 111
p_06661cfa7d1bcfb51422,kotlin,ts_lex,2,CMP_EQ,,,lookahead == 111
p_78b7766a48142a6e3e36,kotlin,ts_lex,0,PUSH_LOOKAHEAD,,,lookahead == 112
p_78b7766a48142a6e3e36,kotlin,ts_lex,1,PUSH_INT,112,,lookahead == 112
p_78b7766a48142a6e3e36,kotlin,ts_lex,2,CMP_EQ,,,lookahead == 112
p_91b980b37b895a35568b,kotlin,ts_lex,0,PUSH_LOOKAHEAD,,,lookahead == 114
p_91b980b37b895a35568b,kotlin,ts_lex,1,PUSH_INT,114,,lookahead == 114
p_91b980b37b895a35568b,kotlin,ts_lex,2,CMP_EQ,,,lookahead == 114
p_e680f914df2e31e68e3b,kotlin,ts_lex,0,PUSH_LOOKAHEAD,,,lookahead == 115
p_e680f914df2e31e68e3b,kotlin,ts_lex,1,PUSH_INT,115,,lookahead == 115
p_e680f914df2e31e68e3b,kotlin,ts_lex,2,CMP_EQ,,,lookahead == 115
p_2390e379a3b8b688cb50,kotlin,ts_lex,0,PUSH_LOOKAHEAD,,,lookahead == 116
p_2390e379a3b8b688cb50,kotlin,ts_lex,1,PUSH_INT,116,,lookahead == 116
p_2390e379a3b8b688cb50,kotlin,ts_lex,2,CMP_EQ,,,lookahead == 116
p_127a8a2a17f58e1abf89,kotlin,ts_lex,0,PUSH_LOOKAHEAD,,,lookahead == 118
p_127a8a2a17f58e1abf89,kotlin,ts_lex,1,PUSH_INT,118,,lookahead == 118
p_127a8a2a17f58e1abf89,kotlin,ts_lex,2,CMP_EQ,,,lookahead == 118
p_a84a43334320915aa827,kotlin,ts_lex,0,PUSH_LOOKAHEAD,,,lookahead == 123
p_a84a43334320915aa827,kotlin,ts_lex,1,PUSH_INT,123,,lookahead == 123
p_a84a43334320915aa827,kotlin,ts_lex,2,CMP_EQ,,,lookahead == 123
p_a9e2ccf3aca05ab1f72a,kotlin,ts_lex,0,PUSH_LOOKAHEAD,,,lookahead == 124
p_a9e2ccf3aca05ab1f72a,kotlin,ts_lex,1,PUSH_INT,124,,lookahead == 124
p_a9e2ccf3aca05ab1f72a,kotlin,ts_lex,2,CMP_EQ,,,lookahead == 124
p_5eda7d9a6894bcc47153,kotlin,ts_lex,0,PUSH_LOOKAHEAD,,,lookahead == 125
p_5eda7d9a6894bcc47153,kotlin,ts_lex,1,PUSH_INT,125,,lookahead == 125
p_5eda7d9a6894bcc47153,kotlin,ts_lex,2,CMP_EQ,,,lookahead == 125
p_dfb5e1b07b720255df57,kotlin,ts_lex,0,PUSH_LOOKAHEAD,,,lookahead == '!'
p_dfb5e1b07b720255df57,kotlin,ts_lex,1,PUSH_INT,33,,lookahead == '!'
p_dfb5e1b07b720255df57,kotlin,ts_lex,2,CMP_EQ,,,lookahead == '!'
p_2bbba95a7822d204e599,kotlin,ts_lex,0,PUSH_LOOKAHEAD,,,lookahead == '&'
p_2bbba95a7822d204e599,kotlin,ts_lex,1,PUSH_INT,38,,lookahead == '&'
p_2bbba95a7822d204e599,kotlin,ts_lex,2,CMP_EQ,,,lookahead == '&'
p_7f4c14bbeab7d6d315d9,kotlin,ts_lex,0,PUSH_INT,48,,('0' <= lookahead && lookahead <= '9') || ('A' <= lookahead && lookahead <= 'F') || lookahead == 'b'
p_7f4c14bbeab7d6d315d9,kotlin,ts_lex,1,PUSH_LOOKAHEAD,,,('0' <= lookahead && lookahead <= '9') || ('A' <= lookahead && lookahead <= 'F') || lookahead == 'b'
p_7f4c14bbeab7d6d315d9,kotlin,ts_lex,2,CMP_LE,,,('0' <= lookahead && lookahead <= '9') || ('A' <= lookahead && lookahead <= 'F') || lookahead == 'b'
p_7f4c14bbeab7d6d315d9,kotlin,ts_lex,3,PUSH_LOOKAHEAD,,,('0' <= lookahead && lookahead <= '9') || ('A' <= lookahead && lookahead <= 'F') || lookahead == 'b'
p_7f4c14bbeab7d6d315d9,kotlin,ts_lex,4,PUSH_INT,57,,('0' <= lookahead && lookahead <= '9') || ('A' <= lookahead && lookahead <= 'F') || lookahead == 'b'
p_7f4c14bbeab7d6d315d9,kotlin,ts_lex,5,CMP_LE,,,('0' <= lookahead && lookahead <= '9') || ('A' <= lookahead && lookahead <= 'F') || lookahead == 'b'
p_7f4c14bbeab7d6d315d9,kotlin,ts_lex,6,AND,,,('0' <= lookahead && lookahead <= '9') || ('A' <= lookahead && lookahead <= 'F') || lookahead == 'b'
p_7f4c14bbeab7d6d315d9,kotlin,ts_lex,7,PUSH_INT,65,,('0' <= lookahead && lookahead <= '9') || ('A' <= lookahead && lookahead <= 'F') || lookahead == 'b'
p_7f4c14bbeab7d6d315d9,kotlin,ts_lex,8,PUSH_LOOKAHEAD,,,('0' <= lookahead && lookahead <= '9') || ('A' <= lookahead && lookahead <= 'F') || lookahead == 'b'
p_7f4c14bbeab7d6d315d9,kotlin,ts_lex,9,CMP_LE,,,('0' <= lookahead && lookahead <= '9') || ('A' <= lookahead && lookahead <= 'F') || lookahead == 'b'
p_7f4c14bbeab7d6d315d9,kotlin,ts_lex,10,PUSH_LOOKAHEAD,,,('0' <= lookahead && lookahead <= '9') || ('A' <= lookahead && lookahead <= 'F') || lookahead == 'b'
p_7f4c14bbeab7d6d315d9,kotlin,ts_lex,11,PUSH_INT,70,,('0' <= lookahead && lookahead <= '9') || ('A' <= lookahead && lookahead <= 'F') || lookahead == 'b'
p_7f4c14bbeab7d6d315d9,kotlin,ts_lex,12,CMP_LE,,,('0' <= lookahead && lookahead <= '9') || ('A' <= lookahead && lookahead <= 'F') || lookahead == 'b'
p_7f4c14bbeab7d6d315d9,kotlin,ts_lex,13,AND,,,('0' <= lookahead && lookahead <= '9') || ('A' <= lookahead && lookahead <= 'F') || lookahead == 'b'
p_7f4c14bbeab7d6d315d9,kotlin,ts_lex,14,OR,,,('0' <= lookahead && lookahead <= '9') || ('A' <= lookahead && lookahead <= 'F') || lookahead == 'b'
p_7f4c14bbeab7d6d315d9,kotlin,ts_lex,15,PUSH_LOOKAHEAD,,,('0' <= lookahead && lookahead <= '9') || ('A' <= lookahead && lookahead <= 'F') || lookahead == 'b'
p_7f4c14bbeab7d6d315d9,kotlin,ts_lex,16,PUSH_INT,98,,('0' <= lookahead && lookahead <= '9') || ('A' <= lookahead && lookahead <= 'F') || lookahead == 'b'
p_7f4c14bbeab7d6d315d9,kotlin,ts_lex,17,CMP_EQ,,,('0' <= lookahead && lookahead <= '9') || ('A' <= lookahead && lookahead <= 'F') || lookahead == 'b'
p_7f4c14bbeab7d6d315d9,kotlin,ts_lex,18,OR,,,('0' <= lookahead && lookahead <= '9') || ('A' <= lookahead && lookahead <= 'F') || lookahead == 'b'
p_8c0fcabc2e7ea5448001,kotlin,ts_lex,0,PUSH_INT,65,,('A' <= lookahead && lookahead <= 'Z') || lookahead == '_' || ('b' <= lookahead && lookahead <= 'z')
p_8c0fcabc2e7ea5448001,kotlin,ts_lex,1,PUSH_LOOKAHEAD,,,('A' <= lookahead && lookahead <= 'Z') || lookahead == '_' || ('b' <= lookahead && lookahead <= 'z')
p_8c0fcabc2e7ea5448001,kotlin,ts_lex,2,CMP_LE,,,('A' <= lookahead && lookahead <= 'Z') || lookahead == '_' || ('b' <= lookahead && lookahead <= 'z')
p_8c0fcabc2e7ea5448001,kotlin,ts_lex,3,PUSH_LOOKAHEAD,,,('A' <= lookahead && lookahead <= 'Z') || lookahead == '_' || ('b' <= lookahead && lookahead <= 'z')
p_8c0fcabc2e7ea5448001,kotlin,ts_lex,4,PUSH_INT,90,,('A' <= lookahead && lookahead <= 'Z') || lookahead == '_' || ('b' <= lookahead && lookahead <= 'z')
p_8c0fcabc2e7ea5448001,kotlin,ts_lex,5,CMP_LE,,,('A' <= lookahead && lookahead <= 'Z') || lookahead == '_' || ('b' <= lookahead && lookahead <= 'z')
p_8c0fcabc2e7ea5448001,kotlin,ts_lex,6,AND,,,('A' <= lookahead && lookahead <= 'Z') || lookahead == '_' || ('b' <= lookahead && lookahead <= 'z')
p_8c0fcabc2e7ea5448001,kotlin,ts_lex,7,PUSH_LOOKAHEAD,,,('A' <= lookahead && lookahead <= 'Z') || lookahead == '_' || ('b' <= lookahead && lookahead <= 'z')
p_8c0fcabc2e7ea5448001,kotlin,ts_lex,8,PUSH_INT,95,,('A' <= lookahead && lookahead <= 'Z') || lookahead == '_' || ('b' <= lookahead && lookahead <= 'z')
p_8c0fcabc2e7ea5448001,kotlin,ts_lex,9,CMP_EQ,,,('A' <= lookahead && lookahead <= 'Z') || lookahead == '_' || ('b' <= lookahead && lookahead <= 'z')
p_8c0fcabc2e7ea5448001,kotlin,ts_lex,10,OR,,,('A' <= lookahead && lookahead <= 'Z') || lookahead == '_' || ('b' <= lookahead && lookahead <= 'z')
p_8c0fcabc2e7ea5448001,kotlin,ts_lex,11,PUSH_INT,98,,('A' <= lookahead && lookahead <= 'Z') || lookahead == '_' || ('b' <= lookahead && lookahead <= 'z')
p_8c0fcabc2e7ea5448001,kotlin,ts_lex,12,PUSH_LOOKAHEAD,,,('A' <= lookahead && lookahead <= 'Z') || lookahead == '_' || ('b' <= lookahead && lookahead <= 'z')
p_8c0fcabc2e7ea5448001,kotlin,ts_lex,13,CMP_LE,,,('A' <= lookahead && lookahead <= 'Z') || lookahead == '_' || ('b' <= lookahead && lookahead <= 'z')
p_8c0fcabc2e7ea5448001,kotlin,ts_lex,14,PUSH_LOOKAHEAD,,,('A' <= lookahead && lookahead <= 'Z') || lookahead == '_' || ('b' <= lookahead && lookahead <= 'z')
p_8c0fcabc2e7ea5448001,kotlin,ts_lex,15,PUSH_INT,122,,('A' <= lookahead && lookahead <= 'Z') || lookahead == '_' || ('b' <= lookahead && lookahead <= 'z')
p_8c0fcabc2e7ea5448001,kotlin,ts_lex,16,CMP_LE,,,('A' <= lookahead && lookahead <= 'Z') || lookahead == '_' || ('b' <= lookahead && lookahead <= 'z')
p_8c0fcabc2e7ea5448001,kotlin,ts_lex,17,AND,,,('A' <= lookahead && lookahead <= 'Z') || lookahead == '_' || ('b' <= lookahead && lookahead <= 'z')
p_8c0fcabc2e7ea5448001,kotlin,ts_lex,18,OR,,,('A' <= lookahead && lookahead <= 'Z') || lookahead == '_' || ('b' <= lookahead && lookahead <= 'z')
p_bcf1b79ccdb5c329da48,kotlin,ts_lex,0,PUSH_LOOKAHEAD,,,lookahead == '('
p_bcf1b79ccdb5c329da48,kotlin,ts_lex,1,PUSH_INT,40,,lookahead == '('
p_bcf1b79ccdb5c329da48,kotlin,ts_lex,2,CMP_EQ,,,lookahead == '('
p_0c86ab1a0fca9dc2107a,kotlin,ts_lex,0,PUSH_LOOKAHEAD,,,lookahead == '/'
p_0c86ab1a0fca9dc2107a,kotlin,ts_lex,1,PUSH_INT,47,,lookahead == '/'
p_0c86ab1a0fca9dc2107a,kotlin,ts_lex,2,CMP_EQ,,,lookahead == '/'
p_b4276aec9736782df998,kotlin,ts_lex,0,PUSH_LOOKAHEAD,,,lookahead == '['
p_b4276aec9736782df998,kotlin,ts_lex,1,PUSH_INT,91,,lookahead == '['
p_b4276aec9736782df998,kotlin,ts_lex,2,CMP_EQ,,,lookahead == '['
p_bd3a6f5c19a1aaf3e932,kotlin,ts_lex,0,PUSH_LOOKAHEAD,,,lookahead == 'g'
p_bd3a6f5c19a1aaf3e932,kotlin,ts_lex,1,PUSH_INT,103,,lookahead == 'g'
p_bd3a6f5c19a1aaf3e932,kotlin,ts_lex,2,CMP_EQ,,,lookahead == 'g'
p_06d211d537be31400436,kotlin,ts_lex,0,PUSH_LOOKAHEAD,,,lookahead == 's'
p_06d211d537be31400436,kotlin,ts_lex,1,PUSH_INT,115,,lookahead == 's'
p_06d211d537be31400436,kotlin,ts_lex,2,CMP_EQ,,,lookahead == 's'
p_889fe9c4d632543d3780,kotlin,ts_lex,0,PUSH_LOOKAHEAD,,,lookahead == '.'
p_889fe9c4d632543d3780,kotlin,ts_lex,1,PUSH_INT,46,,lookahead == '.'
p_889fe9c4d632543d3780,kotlin,ts_lex,2,CMP_EQ,,,lookahead == '.'
p_1dc37c4865eaaf48f52c,kotlin,ts_lex,0,PUSH_LOOKAHEAD,,,lookahead == ':'
p_1dc37c4865eaaf48f52c,kotlin,ts_lex,1,PUSH_INT,58,,lookahead == ':'
p_1dc37c4865eaaf48f52c,kotlin,ts_lex,2,CMP_EQ,,,lookahead == ':'
p_6f600f700e2768ddbf1b,kotlin,ts_lex,0,PUSH_LOOKAHEAD,,,lookahead == '='
p_6f600f700e2768ddbf1b,kotlin,ts_lex,1,PUSH_INT,61,,lookahead == '='
p_6f600f700e2768ddbf1b,kotlin,ts_lex,2,CMP_EQ,,,lookahead == '='
p_c31985935ae12ac9b242,kotlin,ts_lex,0,PUSH_LOOKAHEAD,,,lookahead == '\\'
p_c31985935ae12ac9b242,kotlin,ts_lex,1,PUSH_INT,92,,lookahead == '\\'
p_c31985935ae12ac9b242,kotlin,ts_lex,2,CMP_EQ,,,lookahead == '\\'
p_29aa919cb3861bcbb7c3,kotlin,ts_lex,0,PUSH_LOOKAHEAD,,,lookahead == '\n' || lookahead == '\r'
p_29aa919cb3861bcbb7c3,kotlin,ts_lex,1,PUSH_INT,10,,lookahead == '\n' || lookahead == '\r'
p_29aa919cb3861bcbb7c3,kotlin,ts_lex,2,CMP_EQ,,,lookahead == '\n' || lookahead == '\r'
p_29aa919cb3861bcbb7c3,kotlin,ts_lex,3,PUSH_LOOKAHEAD,,,lookahead == '\n' || lookahead == '\r'
p_29aa919cb3861bcbb7c3,kotlin,ts_lex,4,PUSH_INT,13,,lookahead == '\n' || lookahead == '\r'
p_29aa919cb3861bcbb7c3,kotlin,ts_lex,5,CMP_EQ,,,lookahead == '\n' || lookahead == '\r'
p_29aa919cb3861bcbb7c3,kotlin,ts_lex,6,OR,,,lookahead == '\n' || lookahead == '\r'
p_190265cd40a4e5abd6bc,kotlin,ts_lex,0,PUSH_INT,9,,('\t' <= lookahead && lookahead <= '\f') || lookahead == ' '
p_190265cd40a4e5abd6bc,kotlin,ts_lex,1,PUSH_LOOKAHEAD,,,('\t' <= lookahead && lookahead <= '\f') || lookahead == ' '
p_190265cd40a4e5abd6bc,kotlin,ts_lex,2,CMP_LE,,,('\t' <= lookahead && lookahead <= '\f') || lookahead == ' '
p_190265cd40a4e5abd6bc,kotlin,ts_lex,3,PUSH_LOOKAHEAD,,,('\t' <= lookahead && lookahead <= '\f') || lookahead == ' '
p_190265cd40a4e5abd6bc,kotlin,ts_lex,4,PUSH_INT,12,,('\t' <= lookahead && lookahead <= '\f') || lookahead == ' '
p_190265cd40a4e5abd6bc,kotlin,ts_lex,5,CMP_LE,,,('\t' <= lookahead && lookahead <= '\f') || lookahead == ' '
p_190265cd40a4e5abd6bc,kotlin,ts_lex,6,AND,,,('\t' <= lookahead && lookahead <= '\f') || lookahead == ' '
p_190265cd40a4e5abd6bc,kotlin,ts_lex,7,PUSH_LOOKAHEAD,,,('\t' <= lookahead && lookahead <= '\f') || lookahead == ' '
p_190265cd40a4e5abd6bc,kotlin,ts_lex,8,PUSH_INT,32,,('\t' <= lookahead && lookahead <= '\f') || lookahead == ' '
p_190265cd40a4e5abd6bc,kotlin,ts_lex,9,CMP_EQ,,,('\t' <= lookahead && lookahead <= '\f') || lookahead == ' '
p_190265cd40a4e5abd6bc,kotlin,ts_lex,10,OR,,,('\t' <= lookahead && lookahead <= '\f') || lookahead == ' '
p_a2f069d9757ee149f99d,kotlin,ts_lex,0,PUSH_LOOKAHEAD,,,lookahead != 0 && lookahead != '\''
p_a2f069d9757ee149f99d,kotlin,ts_lex,1,PUSH_INT,0,,lookahead != 0 && lookahead != '\''
p_a2f069d9757ee149f99d,kotlin,ts_lex,2,CMP_NE,,,lookahead != 0 && lookahead != '\''
p_a2f069d9757ee149f99d,kotlin,ts_lex,3,PUSH_LOOKAHEAD,,,lookahead != 0 && lookahead != '\''
p_a2f069d9757ee149f99d,kotlin,ts_lex,4,PUSH_INT,39,,lookahead != 0 && lookahead != '\''
p_a2f069d9757ee149f99d,kotlin,ts_lex,5,CMP_NE,,,lookahead != 0 && lookahead != '\''
p_a2f069d9757ee149f99d,kotlin,ts_lex,6,AND,,,lookahead != 0 && lookahead != '\''
p_af360d4c608632fa777e,kotlin,ts_lex,0,PUSH_LOOKAHEAD,,,lookahead == '>'
p_af360d4c608632fa777e,kotlin,ts_lex,1,PUSH_INT,62,,lookahead == '>'
p_af360d4c608632fa777e,kotlin,ts_lex,2,CMP_EQ,,,lookahead == '>'
p_bf6bdd1e607e8a590695,kotlin,ts_lex,0,PUSH_LOOKAHEAD,,,lookahead == '@'
p_bf6bdd1e607e8a590695,kotlin,ts_lex,1,PUSH_INT,64,,lookahead == '@'
p_bf6bdd1e607e8a590695,kotlin,ts_lex,2,CMP_EQ,,,lookahead == '@'
p_694a805f2a675fea04b9,kotlin,ts_lex,0,PUSH_LOOKAHEAD,,,lookahead == 'a'
p_694a805f2a675fea04b9,kotlin,ts_lex,1,PUSH_INT,97,,lookahead == 'a'
p_694a805f2a675fea04b9,kotlin,ts_lex,2,CMP_EQ,,,lookahead == 'a'
p_c3470937cdaff5824eea,kotlin,ts_lex,0,PUSH_INT,48,,('0' <= lookahead && lookahead <= '9') || ('A' <= lookahead && lookahead <= 'Z') || lookahead == '_' || ('b' <= lookahead && lookahead <= 'z')
p_c3470937cdaff5824eea,kotlin,ts_lex,1,PUSH_LOOKAHEAD,,,('0' <= lookahead && lookahead <= '9') || ('A' <= lookahead && lookahead <= 'Z') || lookahead == '_' || ('b' <= lookahead && lookahead <= 'z')
p_c3470937cdaff5824eea,kotlin,ts_lex,2,CMP_LE,,,('0' <= lookahead && lookahead <= '9') || ('A' <= lookahead && lookahead <= 'Z') || lookahead == '_' || ('b' <= lookahead && lookahead <= 'z')
p_c3470937cdaff5824eea,kotlin,ts_lex,3,PUSH_LOOKAHEAD,,,('0' <= lookahead && lookahead <= '9') || ('A' <= lookahead && lookahead <= 'Z') || lookahead == '_' || ('b' <= lookahead && lookahead <= 'z')
p_c3470937cdaff5824eea,kotlin,ts_lex,4,PUSH_INT,57,,('0' <= lookahead && lookahead <= '9') || ('A' <= lookahead && lookahead <= 'Z') || lookahead == '_' || ('b' <= lookahead && lookahead <= 'z')
p_c3470937cdaff5824eea,kotlin,ts_lex,5,CMP_LE,,,('0' <= lookahead && lookahead <= '9') || ('A' <= lookahead && lookahead <= 'Z') || lookahead == '_' || ('b' <= lookahead && lookahead <= 'z')
p_c3470937cdaff5824eea,kotlin,ts_lex,6,AND,,,('0' <= lookahead && lookahead <= '9') || ('A' <= lookahead && lookahead <= 'Z') || lookahead == '_' || ('b' <= lookahead && lookahead <= 'z')
p_c3470937cdaff5824eea,kotlin,ts_lex,7,PUSH_INT,65,,('0' <= lookahead && lookahead <= '9') || ('A' <= lookahead && lookahead <= 'Z') || lookahead == '_' || ('b' <= lookahead && lookahead <= 'z')
p_c3470937cdaff5824eea,kotlin,ts_lex,8,PUSH_LOOKAHEAD,,,('0' <= lookahead && lookahead <= '9') || ('A' <= lookahead && lookahead <= 'Z') || lookahead == '_' || ('b' <= lookahead && lookahead <= 'z')
p_c3470937cdaff5824eea,kotlin,ts_lex,9,CMP_LE,,,('0' <= lookahead && lookahead <= '9') || ('A' <= lookahead && lookahead <= 'Z') || lookahead == '_' || ('b' <= lookahead && lookahead <= 'z')
p_c3470937cdaff5824eea,kotlin,ts_lex,10,PUSH_LOOKAHEAD,,,('0' <= lookahead && lookahead <= '9') || ('A' <= lookahead && lookahead <= 'Z') || lookahead == '_' || ('b' <= lookahead && lookahead <= 'z')
p_c3470937cdaff5824eea,kotlin,ts_lex,11,PUSH_INT,90,,('0' <= lookahead && lookahead <= '9') || ('A' <= lookahead && lookahead <= 'Z') || lookahead == '_' || ('b' <= lookahead && lookahead <= 'z')
p_c3470937cdaff5824eea,kotlin,ts_lex,12,CMP_LE,,,('0' <= lookahead && lookahead <= '9') || ('A' <= lookahead && lookahead <= 'Z') || lookahead == '_' || ('b' <= lookahead && lookahead <= 'z')
p_c3470937cdaff5824eea,kotlin,ts_lex,13,AND,,,('0' <= lookahead && lookahead <= '9') || ('A' <= lookahead && lookahead <= 'Z') || lookahead == '_' || ('b' <= lookahead && lookahead <= 'z')
p_c3470937cdaff5824eea,kotlin,ts_lex,14,OR,,,('0' <= lookahead && lookahead <= '9') || ('A' <= lookahead && lookahead <= 'Z') || lookahead == '_' || ('b' <= lookahead && lookahead <= 'z')
p_c3470937cdaff5824eea,kotlin,ts_lex,15,PUSH_LOOKAHEAD,,,('0' <= lookahead && lookahead <= '9') || ('A' <= lookahead && lookahead <= 'Z') || lookahead == '_' || ('b' <= lookahead && lookahead <= 'z')
p_c3470937cdaff5824eea,kotlin,ts_lex,16,PUSH_INT,95,,('0' <= lookahead && lookahead <= '9') || ('A' <= lookahead && lookahead <= 'Z') || lookahead == '_' || ('b' <= lookahead && lookahead <= 'z')
p_c3470937cdaff5824eea,kotlin,ts_lex,17,CMP_EQ,,,('0' <= lookahead && lookahead <= '9') || ('A' <= lookahead && lookahead <= 'Z') || lookahead == '_' || ('b' <= lookahead && lookahead <= 'z')
p_c3470937cdaff5824eea,kotlin,ts_lex,18,OR,,,('0' <= lookahead && lookahead <= '9') || ('A' <= lookahead && lookahead <= 'Z') || lookahead == '_' || ('b' <= lookahead && lookahead <= 'z')
p_c3470937cdaff5824eea,kotlin,ts_lex,19,PUSH_INT,98,,('0' <= lookahead && lookahead <= '9') || ('A' <= lookahead && lookahead <= 'Z') || lookahead == '_' || ('b' <= lookahead && lookahead <= 'z')
p_c3470937cdaff5824eea,kotlin,ts_lex,20,PUSH_LOOKAHEAD,,,('0' <= lookahead && lookahead <= '9') || ('A' <= lookahead && lookahead <= 'Z') || lookahead == '_' || ('b' <= lookahead && lookahead <= 'z')
p_c3470937cdaff5824eea,kotlin,ts_lex,21,CMP_LE,,,('0' <= lookahead && lookahead <= '9') || ('A' <= lookahead && lookahead <= 'Z') || lookahead == '_' || ('b' <= lookahead && lookahead <= 'z')
p_c3470937cdaff5824eea,kotlin,ts_lex,22,PUSH_LOOKAHEAD,,,('0' <= lookahead && lookahead <= '9') || ('A' <= lookahead && lookahead <= 'Z') || lookahead == '_' || ('b' <= lookahead && lookahead <= 'z')
p_c3470937cdaff5824eea,kotlin,ts_lex,23,PUSH_INT,122,,('0' <= lookahead && lookahead <= '9') || ('A' <= lookahead && lookahead <= 'Z') || lookahead == '_' || ('b' <= lookahead && lookahead <= 'z')
p_c3470937cdaff5824eea,kotlin,ts_lex,24,CMP_LE,,,('0' <= lookahead && lookahead <= '9') || ('A' <= lookahead && lookahead <= 'Z') || lookahead == '_' || ('b' <= lookahead && lookahead <= 'z')
p_c3470937cdaff5824eea,kotlin,ts_lex,25,AND,,,('0' <= lookahead && lookahead <= '9') || ('A' <= lookahead && lookahead <= 'Z') || lookahead == '_' || ('b' <= lookahead && lookahead <= 'z')
p_c3470937cdaff5824eea,kotlin,ts_lex,26,OR,,,('0' <= lookahead && lookahead <= '9') || ('A' <= lookahead && lookahead <= 'Z') || lookahead == '_' || ('b' <= lookahead && lookahead <= 'z')
p_4b0a00b3502c3aa42b4a,kotlin,ts_lex,0,PUSH_LOOKAHEAD,,,lookahead == 't'
p_4b0a00b3502c3aa42b4a,kotlin,ts_lex,1,PUSH_INT,116,,lookahead == 't'
p_4b0a00b3502c3aa42b4a,kotlin,ts_lex,2,CMP_EQ,,,lookahead == 't'
p_a7828a798830d8f9dbfa,kotlin,ts_lex,0,PUSH_LOOKAHEAD,,,lookahead == 'b'
p_a7828a798830d8f9dbfa,kotlin,ts_lex,1,PUSH_INT,98,,lookahead == 'b'
p_a7828a798830d8f9dbfa,kotlin,ts_lex,2,CMP_EQ,,,lookahead == 'b'
p_f3278d38e5cf4a2fae05,kotlin,ts_lex,0,PUSH_LOOKAHEAD,,,lookahead == 'c'
p_f3278d38e5cf4a2fae05,kotlin,ts_lex,1,PUSH_INT,99,,lookahead == 'c'
p_f3278d38e5cf4a2fae05,kotlin,ts_lex,2,CMP_EQ,,,lookahead == 'c'
p_36e1ea27e17ec02b3f2a,kotlin,ts_lex,0,PUSH_LOOKAHEAD,,,lookahead == 'n'
p_36e1ea27e17ec02b3f2a,kotlin,ts_lex,1,PUSH_INT,110,,lookahead == 'n'
p_36e1ea27e17ec02b3f2a,kotlin,ts_lex,2,CMP_EQ,,,lookahead == 'n'
p_dc6774a79979c6e3553d,kotlin,ts_lex,0,PUSH_INT,48,,('0' <= lookahead && lookahead <= '9') || ('A' <= lookahead && lookahead <= 'Z') || lookahead == '_' || ('a' <= lookahead && lookahead <= 'z')
p_dc6774a79979c6e3553d,kotlin,ts_lex,1,PUSH_LOOKAHEAD,,,('0' <= lookahead && lookahead <= '9') || ('A' <= lookahead && lookahead <= 'Z') || lookahead == '_' || ('a' <= lookahead && lookahead <= 'z')
p_dc6774a79979c6e3553d,kotlin,ts_lex,2,CMP_LE,,,('0' <= lookahead && lookahead <= '9') || ('A' <= lookahead && lookahead <= 'Z') || lookahead == '_' || ('a' <= lookahead && lookahead <= 'z')
p_dc6774a79979c6e3553d,kotlin,ts_lex,3,PUSH_LOOKAHEAD,,,('0' <= lookahead && lookahead <= '9') || ('A' <= lookahead && lookahead <= 'Z') || lookahead == '_' || ('a' <= lookahead && lookahead <= 'z')
p_dc6774a79979c6e3553d,kotlin,ts_lex,4,PUSH_INT,57,,('0' <= lookahead && lookahead <= '9') || ('A' <= lookahead && lookahead <= 'Z') || lookahead == '_' || ('a' <= lookahead && lookahead <= 'z')
p_dc6774a79979c6e3553d,kotlin,ts_lex,5,CMP_LE,,,('0' <= lookahead && lookahead <= '9') || ('A' <= lookahead && lookahead <= 'Z') || lookahead == '_' || ('a' <= lookahead && lookahead <= 'z')
p_dc6774a79979c6e3553d,kotlin,ts_lex,6,AND,,,('0' <= lookahead && lookahead <= '9') || ('A' <= lookahead && lookahead <= 'Z') || lookahead == '_' || ('a' <= lookahead && lookahead <= 'z')
p_dc6774a79979c6e3553d,kotlin,ts_lex,7,PUSH_INT,65,,('0' <= lookahead && lookahead <= '9') || ('A' <= lookahead && lookahead <= 'Z') || lookahead == '_' || ('a' <= lookahead && lookahead <= 'z')
p_dc6774a79979c6e3553d,kotlin,ts_lex,8,PUSH_LOOKAHEAD,,,('0' <= lookahead && lookahead <= '9') || ('A' <= lookahead && lookahead <= 'Z') || lookahead == '_' || ('a' <= lookahead && lookahead <= 'z')
p_dc6774a79979c6e3553d,kotlin,ts_lex,9,CMP_LE,,,('0' <= lookahead && lookahead <= '9') || ('A' <= lookahead && lookahead <= 'Z') || lookahead == '_' || ('a' <= lookahead && lookahead <= 'z')
p_dc6774a79979c6e3553d,kotlin,ts_lex,10,PUSH_LOOKAHEAD,,,('0' <= lookahead && lookahead <= '9') || ('A' <= lookahead && lookahead <= 'Z') || lookahead == '_' || ('a' <= lookahead && lookahead <= 'z')
p_dc6774a79979c6e3553d,kotlin,ts_lex,11,PUSH_INT,90,,('0' <= lookahead && lookahead <= '9') || ('A' <= lookahead && lookahead <= 'Z') || lookahead == '_' || ('a' <= lookahead && lookahead <= 'z')
p_dc6774a79979c6e3553d,kotlin,ts_lex,12,CMP_LE,,,('0' <= lookahead && lookahead <= '9') || ('A' <= lookahead && lookahead <= 'Z') || lookahead == '_' || ('a' <= lookahead && lookahead <= 'z')
p_dc6774a79979c6e3553d,kotlin,ts_lex,13,AND,,,('0' <= lookahead && lookahead <= '9') || ('A' <= lookahead && lookahead <= 'Z') || lookahead == '_' || ('a' <= lookahead && lookahead <= 'z')
p_dc6774a79979c6e3553d,kotlin,ts_lex,14,OR,,,('0' <= lookahead && lookahead <= '9') || ('A' <= lookahead && lookahead <= 'Z') || lookahead == '_' || ('a' <= lookahead && lookahead <= 'z')
p_dc6774a79979c6e3553d,kotlin,ts_lex,15,PUSH_LOOKAHEAD,,,('0' <= lookahead && lookahead <= '9') || ('A' <= lookahead && lookahead <= 'Z') || lookahead == '_' || ('a' <= lookahead && lookahead <= 'z')
p_dc6774a79979c6e3553d,kotlin,ts_lex,16,PUSH_INT,95,,('0' <= lookahead && lookahead <= '9') || ('A' <= lookahead && lookahead <= 'Z') || lookahead == '_' || ('a' <= lookahead && lookahead <= 'z')
p_dc6774a79979c6e3553d,kotlin,ts_lex,17,CMP_EQ,,,('0' <= lookahead && lookahead <= '9') || ('A' <= lookahead && lookahead <= 'Z') || lookahead == '_' || ('a' <= lookahead && lookahead <= 'z')
p_dc6774a79979c6e3553d,kotlin,ts_lex,18,OR,,,('0' <= lookahead && lookahead <= '9') || ('A' <= lookahead && lookahead <= 'Z') || lookahead == '_' || ('a' <= lookahead && lookahead <= 'z')
p_dc6774a79979c6e3553d,kotlin,ts_lex,19,PUSH_INT,97,,('0' <= lookahead && lookahead <= '9') || ('A' <= lookahead && lookahead <= 'Z') || lookahead == '_' || ('a' <= lookahead && lookahead <= 'z')
p_dc6774a79979c6e3553d,kotlin,ts_lex,20,PUSH_LOOKAHEAD,,,('0' <= lookahead && lookahead <= '9') || ('A' <= lookahead && lookahead <= 'Z') || lookahead == '_' || ('a' <= lookahead && lookahead <= 'z')
p_dc6774a79979c6e3553d,kotlin,ts_lex,21,CMP_LE,,,('0' <= lookahead && lookahead <= '9') || ('A' <= lookahead && lookahead <= 'Z') || lookahead == '_' || ('a' <= lookahead && lookahead <= 'z')
p_dc6774a79979c6e3553d,kotlin,ts_lex,22,PUSH_LOOKAHEAD,,,('0' <= lookahead && lookahead <= '9') || ('A' <= lookahead && lookahead <= 'Z') || lookahead == '_' || ('a' <= lookahead && lookahead <= 'z')
p_dc6774a79979c6e3553d,kotlin,ts_lex,23,PUSH_INT,122,,('0' <= lookahead && lookahead <= '9') || ('A' <= lookahead && lookahead <= 'Z') || lookahead == '_' || ('a' <= lookahead && lookahead <= 'z')
p_dc6774a79979c6e3553d,kotlin,ts_lex,24,CMP_LE,,,('0' <= lookahead && lookahead <= '9') || ('A' <= lookahead && lookahead <= 'Z') || lookahead == '_' || ('a' <= lookahead && lookahead <= 'z')
p_dc6774a79979c6e3553d,kotlin,ts_lex,25,AND,,,('0' <= lookahead && lookahead <= '9') || ('A' <= lookahead && lookahead <= 'Z') || lookahead == '_' || ('a' <= lookahead && lookahead <= 'z')
p_dc6774a79979c6e3553d,kotlin,ts_lex,26,OR,,,('0' <= lookahead && lookahead <= '9') || ('A' <= lookahead && lookahead <= 'Z') || lookahead == '_' || ('a' <= lookahead && lookahead <= 'z')
p_cda7801d747a042d72f0,kotlin,ts_lex,0,PUSH_LOOKAHEAD,,,lookahead == 'd'
p_cda7801d747a042d72f0,kotlin,ts_lex,1,PUSH_INT,100,,lookahead == 'd'
p_cda7801d747a042d72f0,kotlin,ts_lex,2,CMP_EQ,,,lookahead == 'd'
p_f7c9fe79b029c0180bb5,kotlin,ts_lex,0,PUSH_LOOKAHEAD,,,lookahead == 'e'
p_f7c9fe79b029c0180bb5,kotlin,ts_lex,1,PUSH_INT,101,,lookahead == 'e'
p_f7c9fe79b029c0180bb5,kotlin,ts_lex,2,CMP_EQ,,,lookahead == 'e'
p_56a1dd985de75ebab080,kotlin,ts_lex,0,PUSH_LOOKAHEAD,,,lookahead == 'u'
p_56a1dd985de75ebab080,kotlin,ts_lex,1,PUSH_INT,117,,lookahead == 'u'
p_56a1dd985de75ebab080,kotlin,ts_lex,2,CMP_EQ,,,lookahead == 'u'
p_abbe8d452a19588e7df7,kotlin,ts_lex,0,PUSH_LOOKAHEAD,,,lookahead == 'f'
p_abbe8d452a19588e7df7,kotlin,ts_lex,1,PUSH_INT,102,,lookahead == 'f'
p_abbe8d452a19588e7df7,kotlin,ts_lex,2,CMP_EQ,,,lookahead == 'f'
p_d256d57714c4c21ade01,kotlin,ts_lex,0,PUSH_LOOKAHEAD,,,lookahead == 'l'
p_d256d57714c4c21ade01,kotlin,ts_lex,1,PUSH_INT,108,,lookahead == 'l'
p_d256d57714c4c21ade01,kotlin,ts_lex,2,CMP_EQ,,,lookahead == 'l'
p_5a73edca29631a46a29e,kotlin,ts_lex,0,PUSH_LOOKAHEAD,,,lookahead == 'i'
p_5a73edca29631a46a29e,kotlin,ts_lex,1,PUSH_INT,105,,lookahead == 'i'
p_5a73edca29631a46a29e,kotlin,ts_lex,2,CMP_EQ,,,lookahead == 'i'
p_99b1e7e0eb1870a9e00d,kotlin,ts_lex,0,PUSH_LOOKAHEAD,,,lookahead == 'o'
p_99b1e7e0eb1870a9e00d,kotlin,ts_lex,1,PUSH_INT,111,,lookahead == 'o'
p_99b1e7e0eb1870a9e00d,kotlin,ts_lex,2,CMP_EQ,,,lookahead == 'o'
p_b6e603f71c8f54ec6b68,kotlin,ts_lex,0,PUSH_LOOKAHEAD,,,lookahead == 'r'
p_b6e603f71c8f54ec6b68,kotlin,ts_lex,1,PUSH_INT,114,,lookahead == 'r'
p_b6e603f71c8f54ec6b68,kotlin,ts_lex,2,CMP_EQ,,,lookahead == 'r'
p_6ad097985175f2948cdd,kotlin,ts_lex,0,PUSH_LOOKAHEAD,,,lookahead == 'p'
p_6ad097985175f2948cdd,kotlin,ts_lex,1,PUSH_INT,112,,lookahead == 'p'
p_6ad097985175f2948cdd,kotlin,ts_lex,2,CMP_EQ,,,lookahead == 'p'
p_00fdc8f3cf5f8991cb04,kotlin,ts_lex,0,PUSH_LOOKAHEAD,,,lookahead == 'v'
p_00fdc8f3cf5f8991cb04,kotlin,ts_lex,1,PUSH_INT,118,,lookahead == 'v'
p_00fdc8f3cf5f8991cb04,kotlin,ts_lex,2,CMP_EQ,,,lookahead == 'v'
p_91647c08738067d02b63,kotlin,ts_lex,0,PUSH_LOOKAHEAD,,,lookahead == 'x'
p_91647c08738067d02b63,kotlin,ts_lex,1,PUSH_INT,120,,lookahead == 'x'
p_91647c08738067d02b63,kotlin,ts_lex,2,CMP_EQ,,,lookahead == 'x'
p_ac052889d68e33fc0911,kotlin,ts_lex,0,PUSH_LOOKAHEAD,,,lookahead == '_'
p_ac052889d68e33fc0911,kotlin,ts_lex,1,PUSH_INT,95,,lookahead == '_'
p_ac052889d68e33fc0911,kotlin,ts_lex,2,CMP_EQ,,,lookahead == '_'
p_540c48468a3a85f9cdd1,kotlin,ts_lex,0,PUSH_INT,48,,('0' <= lookahead && lookahead <= '9')
p_540c48468a3a85f9cdd1,kotlin,ts_lex,1,PUSH_LOOKAHEAD,,,('0' <= lookahead && lookahead <= '9')
p_540c48468a3a85f9cdd1,kotlin,ts_lex,2,CMP_LE,,,('0' <= lookahead && lookahead <= '9')
p_540c48468a3a85f9cdd1,kotlin,ts_lex,3,PUSH_LOOKAHEAD,,,('0' <= lookahead && lookahead <= '9')
p_540c48468a3a85f9cdd1,kotlin,ts_lex,4,PUSH_INT,57,,('0' <= lookahead && lookahead <= '9')
p_540c48468a3a85f9cdd1,kotlin,ts_lex,5,CMP_LE,,,('0' <= lookahead && lookahead <= '9')
p_540c48468a3a85f9cdd1,kotlin,ts_lex,6,AND,,,('0' <= lookahead && lookahead <= '9')
p_ccb75b0c0992004da563,kotlin,ts_lex,0,PUSH_LOOKAHEAD,,,lookahead == '0' || lookahead == '1'
p_ccb75b0c0992004da563,kotlin,ts_lex,1,PUSH_INT,48,,lookahead == '0' || lookahead == '1'
p_ccb75b0c0992004da563,kotlin,ts_lex,2,CMP_EQ,,,lookahead == '0' || lookahead == '1'
p_ccb75b0c0992004da563,kotlin,ts_lex,3,PUSH_LOOKAHEAD,,,lookahead == '0' || lookahead == '1'
p_ccb75b0c0992004da563,kotlin,ts_lex,4,PUSH_INT,49,,lookahead == '0' || lookahead == '1'
p_ccb75b0c0992004da563,kotlin,ts_lex,5,CMP_EQ,,,lookahead == '0' || lookahead == '1'
p_ccb75b0c0992004da563,kotlin,ts_lex,6,OR,,,lookahead == '0' || lookahead == '1'
p_66600476990646027de5,kotlin,ts_lex,0,PUSH_INT,48,,('0' <= lookahead && lookahead <= '9') || ('A' <= lookahead && lookahead <= 'F') || ('a' <= lookahead && lookahead <= 'f')
p_66600476990646027de5,kotlin,ts_lex,1,PUSH_LOOKAHEAD,,,('0' <= lookahead && lookahead <= '9') || ('A' <= lookahead && lookahead <= 'F') || ('a' <= lookahead && lookahead <= 'f')
p_66600476990646027de5,kotlin,ts_lex,2,CMP_LE,,,('0' <= lookahead && lookahead <= '9') || ('A' <= lookahead && lookahead <= 'F') || ('a' <= lookahead && lookahead <= 'f')
p_66600476990646027de5,kotlin,ts_lex,3,PUSH_LOOKAHEAD,,,('0' <= lookahead && lookahead <= '9') || ('A' <= lookahead && lookahead <= 'F') || ('a' <= lookahead && lookahead <= 'f')
p_66600476990646027de5,kotlin,ts_lex,4,PUSH_INT,57,,('0' <= lookahead && lookahead <= '9') || ('A' <= lookahead && lookahead <= 'F') || ('a' <= lookahead && lookahead <= 'f')
p_66600476990646027de5,kotlin,ts_lex,5,CMP_LE,,,('0' <= lookahead && lookahead <= '9') || ('A' <= lookahead && lookahead <= 'F') || ('a' <= lookahead && lookahead <= 'f')
p_66600476990646027de5,kotlin,ts_lex,6,AND,,,('0' <= lookahead && lookahead <= '9') || ('A' <= lookahead && lookahead <= 'F') || ('a' <= lookahead && lookahead <= 'f')
p_66600476990646027de5,kotlin,ts_lex,7,PUSH_INT,65,,('0' <= lookahead && lookahead <= '9') || ('A' <= lookahead && lookahead <= 'F') || ('a' <= lookahead && lookahead <= 'f')
p_66600476990646027de5,kotlin,ts_lex,8,PUSH_LOOKAHEAD,,,('0' <= lookahead && lookahead <= '9') || ('A' <= lookahead && lookahead <= 'F') || ('a' <= lookahead && lookahead <= 'f')
p_66600476990646027de5,kotlin,ts_lex,9,CMP_LE,,,('0' <= lookahead && lookahead <= '9') || ('A' <= lookahead && lookahead <= 'F') || ('a' <= lookahead && lookahead <= 'f')
p_66600476990646027de5,kotlin,ts_lex,10,PUSH_LOOKAHEAD,,,('0' <= lookahead && lookahead <= '9') || ('A' <= lookahead && lookahead <= 'F') || ('a' <= lookahead && lookahead <= 'f')
p_66600476990646027de5,kotlin,ts_lex,11,PUSH_INT,70,,('0' <= lookahead && lookahead <= '9') || ('A' <= lookahead && lookahead <= 'F') || ('a' <= lookahead && lookahead <= 'f')
p_66600476990646027de5,kotlin,ts_lex,12,CMP_LE,,,('0' <= lookahead && lookahead <= '9') || ('A' <= lookahead && lookahead <= 'F') || ('a' <= lookahead && lookahead <= 'f')
p_66600476990646027de5,kotlin,ts_lex,13,AND,,,('0' <= lookahead && lookahead <= '9') || ('A' <= lookahead && lookahead <= 'F') || ('a' <= lookahead && lookahead <= 'f')
p_66600476990646027de5,kotlin,ts_lex,14,OR,,,('0' <= lookahead && lookahead <= '9') || ('A' <= lookahead && lookahead <= 'F') || ('a' <= lookahead && lookahead <= 'f')
p_66600476990646027de5,kotlin,ts_lex,15,PUSH_INT,97,,('0' <= lookahead && lookahead <= '9') || ('A' <= lookahead && lookahead <= 'F') || ('a' <= lookahead && lookahead <= 'f')
p_66600476990646027de5,kotlin,ts_lex,16,PUSH_LOOKAHEAD,,,('0' <= lookahead && lookahead <= '9') || ('A' <= lookahead && lookahead <= 'F') || ('a' <= lookahead && lookahead <= 'f')
p_66600476990646027de5,kotlin,ts_lex,17,CMP_LE,,,('0' <= lookahead && lookahead <= '9') || ('A' <= lookahead && lookahead <= 'F') || ('a' <= lookahead && lookahead <= 'f')
p_66600476990646027de5,kotlin,ts_lex,18,PUSH_LOOKAHEAD,,,('0' <= lookahead && lookahead <= '9') || ('A' <= lookahead && lookahead <= 'F') || ('a' <= lookahead && lookahead <= 'f')
p_66600476990646027de5,kotlin,ts_lex,19,PUSH_INT,102,,('0' <= lookahead && lookahead <= '9') || ('A' <= lookahead && lookahead <= 'F') || ('a' <= lookahead && lookahead <= 'f')
p_66600476990646027de5,kotlin,ts_lex,20,CMP_LE,,,('0' <= lookahead && lookahead <= '9') || ('A' <= lookahead && lookahead <= 'F') || ('a' <= lookahead && lookahead <= 'f')
p_66600476990646027de5,kotlin,ts_lex,21,AND,,,('0' <= lookahead && lookahead <= '9') || ('A' <= lookahead && lookahead <= 'F') || ('a' <= lookahead && lookahead <= 'f')
p_66600476990646027de5,kotlin,ts_lex,22,OR,,,('0' <= lookahead && lookahead <= '9') || ('A' <= lookahead && lookahead <= 'F') || ('a' <= lookahead && lookahead <= 'f')
p_bab10145196c5161e10d,kotlin,ts_lex,0,PUSH_LOOKAHEAD,,,lookahead == '`'
p_bab10145196c5161e10d,kotlin,ts_lex,1,PUSH_INT,96,,lookahead == '`'
p_bab10145196c5161e10d,kotlin,ts_lex,2,CMP_EQ,,,lookahead == '`'
p_a4d96ccc3da4363157f0,kotlin,ts_lex,0,PUSH_LOOKAHEAD,,,lookahead != 0 && lookahead != '\n' && lookahead != '\r'
p_a4d96ccc3da4363157f0,kotlin,ts_lex,1,PUSH_INT,0,,lookahead != 0 && lookahead != '\n' && lookahead != '\r'
p_a4d96ccc3da4363157f0,kotlin,ts_lex,2,CMP_NE,,,lookahead != 0 && lookahead != '\n' && lookahead != '\r'
p_a4d96ccc3da4363157f0,kotlin,ts_lex,3,PUSH_LOOKAHEAD,,,lookahead != 0 && lookahead != '\n' && lookahead != '\r'
p_a4d96ccc3da4363157f0,kotlin,ts_lex,4,PUSH_INT,10,,lookahead != 0 && lookahead != '\n' && lookahead != '\r'
p_a4d96ccc3da4363157f0,kotlin,ts_lex,5,CMP_NE,,,lookahead != 0 && lookahead != '\n' && lookahead != '\r'
p_a4d96ccc3da4363157f0,kotlin,ts_lex,6,AND,,,lookahead != 0 && lookahead != '\n' && lookahead != '\r'
p_a4d96ccc3da4363157f0,kotlin,ts_lex,7,PUSH_LOOKAHEAD,,,lookahead != 0 && lookahead != '\n' && lookahead != '\r'
p_a4d96ccc3da4363157f0,kotlin,ts_lex,8,PUSH_INT,13,,lookahead != 0 && lookahead != '\n' && lookahead != '\r'
p_a4d96ccc3da4363157f0,kotlin,ts_lex,9,CMP_NE,,,lookahead != 0 && lookahead != '\n' && lookahead != '\r'
p_a4d96ccc3da4363157f0,kotlin,ts_lex,10,AND,,,lookahead != 0 && lookahead != '\n' && lookahead != '\r'
p_6ee334fded1e87bc46b0,kotlin,ts_lex,0,PUSH_INT,48,,('0' <= lookahead && lookahead <= '9') || ('A' <= lookahead && lookahead <= 'F') || ('b' <= lookahead && lookahead <= 'f')
p_6ee334fded1e87bc46b0,kotlin,ts_lex,1,PUSH_LOOKAHEAD,,,('0' <= lookahead && lookahead <= '9') || ('A' <= lookahead && lookahead <= 'F') || ('b' <= lookahead && lookahead <= 'f')
p_6ee334fded1e87bc46b0,kotlin,ts_lex,2,CMP_LE,,,('0' <= lookahead && lookahead <= '9') || ('A' <= lookahead && lookahead <= 'F') || ('b' <= lookahead && lookahead <= 'f')
p_6ee334fded1e87bc46b0,kotlin,ts_lex,3,PUSH_LOOKAHEAD,,,('0' <= lookahead && lookahead <= '9') || ('A' <= lookahead && lookahead <= 'F') || ('b' <= lookahead && lookahead <= 'f')
p_6ee334fded1e87bc46b0,kotlin,ts_lex,4,PUSH_INT,57,,('0' <= lookahead && lookahead <= '9') || ('A' <= lookahead && lookahead <= 'F') || ('b' <= lookahead && lookahead <= 'f')
p_6ee334fded1e87bc46b0,kotlin,ts_lex,5,CMP_LE,,,('0' <= lookahead && lookahead <= '9') || ('A' <= lookahead && lookahead <= 'F') || ('b' <= lookahead && lookahead <= 'f')
p_6ee334fded1e87bc46b0,kotlin,ts_lex,6,AND,,,('0' <= lookahead && lookahead <= '9') || ('A' <= lookahead && lookahead <= 'F') || ('b' <= lookahead && lookahead <= 'f')
p_6ee334fded1e87bc46b0,kotlin,ts_lex,7,PUSH_INT,65,,('0' <= lookahead && lookahead <= '9') || ('A' <= lookahead && lookahead <= 'F') || ('b' <= lookahead && lookahead <= 'f')
p_6ee334fded1e87bc46b0,kotlin,ts_lex,8,PUSH_LOOKAHEAD,,,('0' <= lookahead && lookahead <= '9') || ('A' <= lookahead && lookahead <= 'F') || ('b' <= lookahead && lookahead <= 'f')
p_6ee334fded1e87bc46b0,kotlin,ts_lex,9,CMP_LE,,,('0' <= lookahead && lookahead <= '9') || ('A' <= lookahead && lookahead <= 'F') || ('b' <= lookahead && lookahead <= 'f')
p_6ee334fded1e87bc46b0,kotlin,ts_lex,10,PUSH_LOOKAHEAD,,,('0' <= lookahead && lookahead <= '9') || ('A' <= lookahead && lookahead <= 'F') || ('b' <= lookahead && lookahead <= 'f')
p_6ee334fded1e87bc46b0,kotlin,ts_lex,11,PUSH_INT,70,,('0' <= lookahead && lookahead <= '9') || ('A' <= lookahead && lookahead <= 'F') || ('b' <= lookahead && lookahead <= 'f')
p_6ee334fded1e87bc46b0,kotlin,ts_lex,12,CMP_LE,,,('0' <= lookahead && lookahead <= '9') || ('A' <= lookahead && lookahead <= 'F') || ('b' <= lookahead && lookahead <= 'f')
p_6ee334fded1e87bc46b0,kotlin,ts_lex,13,AND,,,('0' <= lookahead && lookahead <= '9') || ('A' <= lookahead && lookahead <= 'F') || ('b' <= lookahead && lookahead <= 'f')
p_6ee334fded1e87bc46b0,kotlin,ts_lex,14,OR,,,('0' <= lookahead && lookahead <= '9') || ('A' <= lookahead && lookahead <= 'F') || ('b' <= lookahead && lookahead <= 'f')
p_6ee334fded1e87bc46b0,kotlin,ts_lex,15,PUSH_INT,98,,('0' <= lookahead && lookahead <= '9') || ('A' <= lookahead && lookahead <= 'F') || ('b' <= lookahead && lookahead <= 'f')
p_6ee334fded1e87bc46b0,kotlin,ts_lex,16,PUSH_LOOKAHEAD,,,('0' <= lookahead && lookahead <= '9') || ('A' <= lookahead && lookahead <= 'F') || ('b' <= lookahead && lookahead <= 'f')
p_6ee334fded1e87bc46b0,kotlin,ts_lex,17,CMP_LE,,,('0' <= lookahead && lookahead <= '9') || ('A' <= lookahead && lookahead <= 'F') || ('b' <= lookahead && lookahead <= 'f')
p_6ee334fded1e87bc46b0,kotlin,ts_lex,18,PUSH_LOOKAHEAD,,,('0' <= lookahead && lookahead <= '9') || ('A' <= lookahead && lookahead <= 'F') || ('b' <= lookahead && lookahead <= 'f')
p_6ee334fded1e87bc46b0,kotlin,ts_lex,19,PUSH_INT,102,,('0' <= lookahead && lookahead <= '9') || ('A' <= lookahead && lookahead <= 'F') || ('b' <= lookahead && lookahead <= 'f')
p_6ee334fded1e87bc46b0,kotlin,ts_lex,20,CMP_LE,,,('0' <= lookahead && lookahead <= '9') || ('A' <= lookahead && lookahead <= 'F') || ('b' <= lookahead && lookahead <= 'f')
p_6ee334fded1e87bc46b0,kotlin,ts_lex,21,AND,,,('0' <= lookahead && lookahead <= '9') || ('A' <= lookahead && lookahead <= 'F') || ('b' <= lookahead && lookahead <= 'f')
p_6ee334fded1e87bc46b0,kotlin,ts_lex,22,OR,,,('0' <= lookahead && lookahead <= '9') || ('A' <= lookahead && lookahead <= 'F') || ('b' <= lookahead && lookahead <= 'f')
p_0d5f99357802fc9fa3f2,kotlin,ts_lex,0,PUSH_LOOKAHEAD,,,lookahead == 117
p_0d5f99357802fc9fa3f2,kotlin,ts_lex,1,PUSH_INT,117,,lookahead == 117
p_0d5f99357802fc9fa3f2,kotlin,ts_lex,2,CMP_EQ,,,lookahead == 117
p_2d72ab96dd3a7745fad9,kotlin,ts_lex,0,PUSH_LOOKAHEAD,,,lookahead == 34
p_2d72ab96dd3a7745fad9,kotlin,ts_lex,1,PUSH_INT,34,,lookahead == 34
p_2d72ab96dd3a7745fad9,kotlin,ts_lex,2,CMP_EQ,,,lookahead == 34
p_c1828dcae66c0dec7d55,kotlin,ts_lex,0,PUSH_LOOKAHEAD,,,lookahead == 36
p_c1828dcae66c0dec7d55,kotlin,ts_lex,1,PUSH_INT,36,,lookahead == 36
p_c1828dcae66c0dec7d55,kotlin,ts_lex,2,CMP_EQ,,,lookahead == 36
p_30ff8f0d5f0e7fe321e5,kotlin,ts_lex,0,PUSH_LOOKAHEAD,,,lookahead == '|'
p_30ff8f0d5f0e7fe321e5,kotlin,ts_lex,1,PUSH_INT,124,,lookahead == '|'
p_30ff8f0d5f0e7fe321e5,kotlin,ts_lex,2,CMP_EQ,,,lookahead == '|'
p_5e5935f80c4378a2f7e2,kotlin,ts_lex,0,PUSH_LOOKAHEAD,,,lookahead == '+' || lookahead == '-'
p_5e5935f80c4378a2f7e2,kotlin,ts_lex,1,PUSH_INT,43,,lookahead == '+' || lookahead == '-'
p_5e5935f80c4378a2f7e2,kotlin,ts_lex,2,CMP_EQ,,,lookahead == '+' || lookahead == '-'
p_5e5935f80c4378a2f7e2,kotlin,ts_lex,3,PUSH_LOOKAHEAD,,,lookahead == '+' || lookahead == '-'
p_5e5935f80c4378a2f7e2,kotlin,ts_lex,4,PUSH_INT,45,,lookahead == '+' || lookahead == '-'
p_5e5935f80c4378a2f7e2,kotlin,ts_lex,5,CMP_EQ,,,lookahead == '+' || lookahead == '-'
p_5e5935f80c4378a2f7e2,kotlin,ts_lex,6,OR,,,lookahead == '+' || lookahead == '-'
p_d548f9b30809ddc33e1b,kotlin,ts_lex,0,PUSH_LOOKAHEAD,,,lookahead != 0 && lookahead != '\n' && lookahead != '\r' && lookahead != '`'
p_d548f9b30809ddc33e1b,kotlin,ts_lex,1,PUSH_INT,0,,lookahead != 0 && lookahead != '\n' && lookahead != '\r' && lookahead != '`'
p_d548f9b30809ddc33e1b,kotlin,ts_lex,2,CMP_NE,,,lookahead != 0 && lookahead != '\n' && lookahead != '\r' && lookahead != '`'
p_d548f9b30809ddc33e1b,kotlin,ts_lex,3,PUSH_LOOKAHEAD,,,lookahead != 0 && lookahead != '\n' && lookahead != '\r' && lookahead != '`'
p_d548f9b30809ddc33e1b,kotlin,ts_lex,4,PUSH_INT,10,,lookahead != 0 && lookahead != '\n' && lookahead != '\r' && lookahead != '`'
p_d548f9b30809ddc33e1b,kotlin,ts_lex,5,CMP_NE,,,lookahead != 0 && lookahead != '\n' && lookahead != '\r' && lookahead != '`'
p_d548f9b30809ddc33e1b,kotlin,ts_lex,6,AND,,,lookahead != 0 && lookahead != '\n' && lookahead != '\r' && lookahead != '`'
p_d548f9b30809ddc33e1b,kotlin,ts_lex,7,PUSH_LOOKAHEAD,,,lookahead != 0 && lookahead != '\n' && lookahead != '\r' && lookahead != '`'
p_d548f9b30809ddc33e1b,kotlin,ts_lex,8,PUSH_INT,13,,lookahead != 0 && lookahead != '\n' && lookahead != '\r' && lookahead != '`'
p_d548f9b30809ddc33e1b,kotlin,ts_lex,9,CMP_NE,,,lookahead != 0 && lookahead != '\n' && lookahead != '\r' && lookahead != '`'
p_d548f9b30809ddc33e1b,kotlin,ts_lex,10,AND,,,lookahead != 0 && lookahead != '\n' && lookahead != '\r' && lookahead != '`'
p_d548f9b30809ddc33e1b,kotlin,ts_lex,11,PUSH_LOOKAHEAD,,,lookahead != 0 && lookahead != '\n' && lookahead != '\r' && lookahead != '`'
p_d548f9b30809ddc33e1b,kotlin,ts_lex,12,PUSH_INT,96,,lookahead != 0 && lookahead != '\n' && lookahead != '\r' && lookahead != '`'
p_d548f9b30809ddc33e1b,kotlin,ts_lex,13,CMP_NE,,,lookahead != 0 && lookahead != '\n' && lookahead != '\r' && lookahead != '`'
p_d548f9b30809ddc33e1b,kotlin,ts_lex,14,AND,,,lookahead != 0 && lookahead != '\n' && lookahead != '\r' && lookahead != '`'
p_f34f2ebf86ae6c72b797,kotlin,ts_lex,0,PUSH_LOOKAHEAD,,,lookahead == '\r'
p_f34f2ebf86ae6c72b797,kotlin,ts_lex,1,PUSH_INT,13,,lookahead == '\r'
p_f34f2ebf86ae6c72b797,kotlin,ts_lex,2,CMP_EQ,,,lookahead == '\r'
p_b6024c43ea56b5437d03,kotlin,ts_lex,0,PUSH_LOOKAHEAD,,,lookahead != 0 && lookahead != '\n'
p_b6024c43ea56b5437d03,kotlin,ts_lex,1,PUSH_INT,0,,lookahead != 0 && lookahead != '\n'
p_b6024c43ea56b5437d03,kotlin,ts_lex,2,CMP_NE,,,lookahead != 0 && lookahead != '\n'
p_b6024c43ea56b5437d03,kotlin,ts_lex,3,PUSH_LOOKAHEAD,,,lookahead != 0 && lookahead != '\n'
p_b6024c43ea56b5437d03,kotlin,ts_lex,4,PUSH_INT,10,,lookahead != 0 && lookahead != '\n'
p_b6024c43ea56b5437d03,kotlin,ts_lex,5,CMP_NE,,,lookahead != 0 && lookahead != '\n'
p_b6024c43ea56b5437d03,kotlin,ts_lex,6,AND,,,lookahead != 0 && lookahead != '\n'
p_de12c22710c3ed3480ec,kotlin,ts_lex,0,PUSH_LOOKAHEAD,,,lookahead == '\t' || lookahead == 0x0b || lookahead == '\f' || lookahead == ' '
p_de12c22710c3ed3480ec,kotlin,ts_lex,1,PUSH_INT,9,,lookahead == '\t' || lookahead == 0x0b || lookahead == '\f' || lookahead == ' '
p_de12c22710c3ed3480ec,kotlin,ts_lex,2,CMP_EQ,,,lookahead == '\t' || lookahead == 0x0b || lookahead == '\f' || lookahead == ' '
p_de12c22710c3ed3480ec,kotlin,ts_lex,3,PUSH_LOOKAHEAD,,,lookahead == '\t' || lookahead == 0x0b || lookahead == '\f' || lookahead == ' '
p_de12c22710c3ed3480ec,kotlin,ts_lex,4,PUSH_INT,11,,lookahead == '\t' || lookahead == 0x0b || lookahead == '\f' || lookahead == ' '
p_de12c22710c3ed3480ec,kotlin,ts_lex,5,CMP_EQ,,,lookahead == '\t' || lookahead == 0x0b || lookahead == '\f' || lookahead == ' '
p_de12c22710c3ed3480ec,kotlin,ts_lex,6,OR,,,lookahead == '\t' || lookahead == 0x0b || lookahead == '\f' || lookahead == ' '
p_de12c22710c3ed3480ec,kotlin,ts_lex,7,PUSH_LOOKAHEAD,,,lookahead == '\t' || lookahead == 0x0b || lookahead == '\f' || lookahead == ' '
p_de12c22710c3ed3480ec,kotlin,ts_lex,8,PUSH_INT,12,,lookahead == '\t' || lookahead == 0x0b || lookahead == '\f' || lookahead == ' '
p_de12c22710c3ed3480ec,kotlin,ts_lex,9,CMP_EQ,,,lookahead == '\t' || lookahead == 0x0b || lookahead == '\f' || lookahead == ' '
p_de12c22710c3ed3480ec,kotlin,ts_lex,10,OR,,,lookahead == '\t' || lookahead == 0x0b || lookahead == '\f' || lookahead == ' '
p_de12c22710c3ed3480ec,kotlin,ts_lex,11,PUSH_LOOKAHEAD,,,lookahead == '\t' || lookahead == 0x0b || lookahead == '\f' || lookahead == ' '
p_de12c22710c3ed3480ec,kotlin,ts_lex,12,PUSH_INT,32,,lookahead == '\t' || lookahead == 0x0b || lookahead == '\f' || lookahead == ' '
p_de12c22710c3ed3480ec,kotlin,ts_lex,13,CMP_EQ,,,lookahead == '\t' || lookahead == 0x0b || lookahead == '\f' || lookahead == ' '
p_de12c22710c3ed3480ec,kotlin,ts_lex,14,OR,,,lookahead == '\t' || lookahead == 0x0b || lookahead == '\f' || lookahead == ' '
p_93566c0ad1fcb48e815a,kotlin,ts_lex,0,PUSH_LOOKAHEAD,,,lookahead != 0 && (lookahead < '\t' || '\r' < lookahead)
p_93566c0ad1fcb48e815a,kotlin,ts_lex,1,PUSH_INT,0,,lookahead != 0 && (lookahead < '\t' || '\r' < lookahead)
p_93566c0ad1fcb48e815a,kotlin,ts_lex,2,CMP_NE,,,lookahead != 0 && (lookahead < '\t' || '\r' < lookahead)
p_93566c0ad1fcb48e815a,kotlin,ts_lex,3,PUSH_LOOKAHEAD,,,lookahead != 0 && (lookahead < '\t' || '\r' < lookahead)
p_93566c0ad1fcb48e815a,kotlin,ts_lex,4,PUSH_INT,9,,lookahead != 0 && (lookahead < '\t' || '\r' < lookahead)
p_93566c0ad1fcb48e815a,kotlin,ts_lex,5,CMP_LT,,,lookahead != 0 && (lookahead < '\t' || '\r' < lookahead)
p_93566c0ad1fcb48e815a,kotlin,ts_lex,6,PUSH_INT,13,,lookahead != 0 && (lookahead < '\t' || '\r' < lookahead)
p_93566c0ad1fcb48e815a,kotlin,ts_lex,7,PUSH_LOOKAHEAD,,,lookahead != 0 && (lookahead < '\t' || '\r' < lookahead)
p_93566c0ad1fcb48e815a,kotlin,ts_lex,8,CMP_LT,,,lookahead != 0 && (lookahead < '\t' || '\r' < lookahead)
p_93566c0ad1fcb48e815a,kotlin,ts_lex,9,OR,,,lookahead != 0 && (lookahead < '\t' || '\r' < lookahead)
p_93566c0ad1fcb48e815a,kotlin,ts_lex,10,AND,,,lookahead != 0 && (lookahead < '\t' || '\r' < lookahead)
p_b7f4ded2ea4e41687b22,kotlin,ts_lex,0,SET_CONTAINS,sym__alpha_identifier_character_set_2,452,"set_contains(sym__alpha_identifier_character_set_2, 452, lookahead)"
p_faea535c50223400cf38,kotlin,ts_lex,0,PUSH_LOOKAHEAD,,,lookahead == '<'
p_faea535c50223400cf38,kotlin,ts_lex,1,PUSH_INT,60,,lookahead == '<'
p_faea535c50223400cf38,kotlin,ts_lex,2,CMP_EQ,,,lookahead == '<'
p_6403d3611016c28c381f,kotlin,ts_lex,0,PUSH_LOOKAHEAD,,,lookahead == '+'
p_6403d3611016c28c381f,kotlin,ts_lex,1,PUSH_INT,43,,lookahead == '+'
p_6403d3611016c28c381f,kotlin,ts_lex,2,CMP_EQ,,,lookahead == '+'
p_76806942382c01250b04,kotlin,ts_lex,0,PUSH_LOOKAHEAD,,,lookahead == '-'
p_76806942382c01250b04,kotlin,ts_lex,1,PUSH_INT,45,,lookahead == '-'
p_76806942382c01250b04,kotlin,ts_lex,2,CMP_EQ,,,lookahead == '-'
p_3971d40c1a30f6d40aa0,kotlin,ts_lex,0,PUSH_LOOKAHEAD,,,lookahead == 'E' || lookahead == 'e'
p_3971d40c1a30f6d40aa0,kotlin,ts_lex,1,PUSH_INT,69,,lookahead == 'E' || lookahead == 'e'
p_3971d40c1a30f6d40aa0,kotlin,ts_lex,2,CMP_EQ,,,lookahead == 'E' || lookahead == 'e'
p_3971d40c1a30f6d40aa0,kotlin,ts_lex,3,PUSH_LOOKAHEAD,,,lookahead == 'E' || lookahead == 'e'
p_3971d40c1a30f6d40aa0,kotlin,ts_lex,4,PUSH_INT,101,,lookahead == 'E' || lookahead == 'e'
p_3971d40c1a30f6d40aa0,kotlin,ts_lex,5,CMP_EQ,,,lookahead == 'E' || lookahead == 'e'
p_3971d40c1a30f6d40aa0,kotlin,ts_lex,6,OR,,,lookahead == 'E' || lookahead == 'e'
p_44bf1cc28924ba5cf8dd,kotlin,ts_lex,0,PUSH_LOOKAHEAD,,,lookahead == 'F' || lookahead == 'f'
p_44bf1cc28924ba5cf8dd,kotlin,ts_lex,1,PUSH_INT,70,,lookahead == 'F' || lookahead == 'f'
p_44bf1cc28924ba5cf8dd,kotlin,ts_lex,2,CMP_EQ,,,lookahead == 'F' || lookahead == 'f'
p_44bf1cc28924ba5cf8dd,kotlin,ts_lex,3,PUSH_LOOKAHEAD,,,lookahead == 'F' || lookahead == 'f'
p_44bf1cc28924ba5cf8dd,kotlin,ts_lex,4,PUSH_INT,102,,lookahead == 'F' || lookahead == 'f'
p_44bf1cc28924ba5cf8dd,kotlin,ts_lex,5,CMP_EQ,,,lookahead == 'F' || lookahead == 'f'
p_44bf1cc28924ba5cf8dd,kotlin,ts_lex,6,OR,,,lookahead == 'F' || lookahead == 'f'
p_97a2f12b23be5c50ad9c,kotlin,ts_lex,0,PUSH_LOOKAHEAD,,,lookahead == 95
p_97a2f12b23be5c50ad9c,kotlin,ts_lex,1,PUSH_INT,95,,lookahead == 95
p_97a2f12b23be5c50ad9c,kotlin,ts_lex,2,CMP_EQ,,,lookahead == 95
p_ad01d0e0be6e39042c74,kotlin,ts_lex,0,PUSH_LOOKAHEAD,,,lookahead == 66
p_ad01d0e0be6e39042c74,kotlin,ts_lex,1,PUSH_INT,66,,lookahead == 66
p_ad01d0e0be6e39042c74,kotlin,ts_lex,2,CMP_EQ,,,lookahead == 66
p_e94fb0ba7f5b26a1f339,kotlin,ts_lex,0,PUSH_LOOKAHEAD,,,lookahead == 69
p_e94fb0ba7f5b26a1f339,kotlin,ts_lex,1,PUSH_INT,69,,lookahead == 69
p_e94fb0ba7f5b26a1f339,kotlin,ts_lex,2,CMP_EQ,,,lookahead == 69
p_bca352fb1d75144bf642,kotlin,ts_lex,0,PUSH_LOOKAHEAD,,,lookahead == 70
p_bca352fb1d75144bf642,kotlin,ts_lex,1,PUSH_INT,70,,lookahead == 70
p_bca352fb1d75144bf642,kotlin,ts_lex,2,CMP_EQ,,,lookahead == 70
p_a44eff68a18f6199c54b,kotlin,ts_lex,0,PUSH_LOOKAHEAD,,,lookahead == 88
p_a44eff68a18f6199c54b,kotlin,ts_lex,1,PUSH_INT,88,,lookahead == 88
p_a44eff68a18f6199c54b,kotlin,ts_lex,2,CMP_EQ,,,lookahead == 88
p_c5822091a8e227751ceb,kotlin,ts_lex,0,PUSH_LOOKAHEAD,,,lookahead == 120
p_c5822091a8e227751ceb,kotlin,ts_lex,1,PUSH_INT,120,,lookahead == 120
p_c5822091a8e227751ceb,kotlin,ts_lex,2,CMP_EQ,,,lookahead == 120
p_a3ae05f4ec6284f4b41e,kotlin,ts_lex,0,PUSH_LOOKAHEAD,,,lookahead != 0 && (lookahead < '\t' || '\r' < lookahead) && lookahead != '\'' && lookahead != '\\'
p_a3ae05f4ec6284f4b41e,kotlin,ts_lex,1,PUSH_INT,0,,lookahead != 0 && (lookahead < '\t' || '\r' < lookahead) && lookahead != '\'' && lookahead != '\\'
p_a3ae05f4ec6284f4b41e,kotlin,ts_lex,2,CMP_NE,,,lookahead != 0 && (lookahead < '\t' || '\r' < lookahead) && lookahead != '\'' && lookahead != '\\'
p_a3ae05f4ec6284f4b41e,kotlin,ts_lex,3,PUSH_LOOKAHEAD,,,lookahead != 0 && (lookahead < '\t' || '\r' < lookahead) && lookahead != '\'' && lookahead != '\\'
p_a3ae05f4ec6284f4b41e,kotlin,ts_lex,4,PUSH_INT,9,,lookahead != 0 && (lookahead < '\t' || '\r' < lookahead) && lookahead != '\'' && lookahead != '\\'
p_a3ae05f4ec6284f4b41e,kotlin,ts_lex,5,CMP_LT,,,lookahead != 0 && (lookahead < '\t' || '\r' < lookahead) && lookahead != '\'' && lookahead != '\\'
p_a3ae05f4ec6284f4b41e,kotlin,ts_lex,6,PUSH_INT,13,,lookahead != 0 && (lookahead < '\t' || '\r' < lookahead) && lookahead != '\'' && lookahead != '\\'
p_a3ae05f4ec6284f4b41e,kotlin,ts_lex,7,PUSH_LOOKAHEAD,,,lookahead != 0 && (lookahead < '\t' || '\r' < lookahead) && lookahead != '\'' && lookahead != '\\'
p_a3ae05f4ec6284f4b41e,kotlin,ts_lex,8,CMP_LT,,,lookahead != 0 && (lookahead < '\t' || '\r' < lookahead) && lookahead != '\'' && lookahead != '\\'
p_a3ae05f4ec6284f4b41e,kotlin,ts_lex,9,OR,,,lookahead != 0 && (lookahead < '\t' || '\r' < lookahead) && lookahead != '\'' && lookahead != '\\'
p_a3ae05f4ec6284f4b41e,kotlin,ts_lex,10,AND,,,lookahead != 0 && (lookahead < '\t' || '\r' < lookahead) && lookahead != '\'' && lookahead != '\\'
p_a3ae05f4ec6284f4b41e,kotlin,ts_lex,11,PUSH_LOOKAHEAD,,,lookahead != 0 && (lookahead < '\t' || '\r' < lookahead) && lookahead != '\'' && lookahead != '\\'
p_a3ae05f4ec6284f4b41e,kotlin,ts_lex,12,PUSH_INT,39,,lookahead != 0 && (lookahead < '\t' || '\r' < lookahead) && lookahead != '\'' && lookahead != '\\'
p_a3ae05f4ec6284f4b41e,kotlin,ts_lex,13,CMP_NE,,,lookahead != 0 && (lookahead < '\t' || '\r' < lookahead) && lookahead != '\'' && lookahead != '\\'
p_a3ae05f4ec6284f4b41e,kotlin,ts_lex,14,AND,,,lookahead != 0 && (lookahead < '\t' || '\r' < lookahead) && lookahead != '\'' && lookahead != '\\'
p_a3ae05f4ec6284f4b41e,kotlin,ts_lex,15,PUSH_LOOKAHEAD,,,lookahead != 0 && (lookahead < '\t' || '\r' < lookahead) && lookahead != '\'' && lookahead != '\\'
p_a3ae05f4ec6284f4b41e,kotlin,ts_lex,16,PUSH_INT,92,,lookahead != 0 && (lookahead < '\t' || '\r' < lookahead) && lookahead != '\'' && lookahead != '\\'
p_a3ae05f4ec6284f4b41e,kotlin,ts_lex,17,CMP_NE,,,lookahead != 0 && (lookahead < '\t' || '\r' < lookahead) && lookahead != '\'' && lookahead != '\\'
p_a3ae05f4ec6284f4b41e,kotlin,ts_lex,18,AND,,,lookahead != 0 && (lookahead < '\t' || '\r' < lookahead) && lookahead != '\'' && lookahead != '\\'
p_1821630edd16408398e2,kotlin,ts_lex,0,PUSH_LOOKAHEAD,,,lookahead == '?'
p_1821630edd16408398e2,kotlin,ts_lex,1,PUSH_INT,63,,lookahead == '?'
p_1821630edd16408398e2,kotlin,ts_lex,2,CMP_EQ,,,lookahead == '?'
p_2c98f610e74814120853,kotlin,ts_lex,0,PUSH_LOOKAHEAD,,,lookahead == 'h'
p_2c98f610e74814120853,kotlin,ts_lex,1,PUSH_INT,104,,lookahead == 'h'
p_2c98f610e74814120853,kotlin,ts_lex,2,CMP_EQ,,,lookahead == 'h'
p_a88ca21602eacdf3b63f,kotlin,ts_lex,0,PUSH_LOOKAHEAD,,,lookahead == 'k'
p_a88ca21602eacdf3b63f,kotlin,ts_lex,1,PUSH_INT,107,,lookahead == 'k'
p_a88ca21602eacdf3b63f,kotlin,ts_lex,2,CMP_EQ,,,lookahead == 'k'
p_10458731cfbcbf540828,kotlin,ts_lex_keywords,0,PUSH_INT,9,,('\t' <= lookahead && lookahead <= '\r') || lookahead == ' '
p_10458731cfbcbf540828,kotlin,ts_lex_keywords,1,PUSH_LOOKAHEAD,,,('\t' <= lookahead && lookahead <= '\r') || lookahead == ' '
p_10458731cfbcbf540828,kotlin,ts_lex_keywords,2,CMP_LE,,,('\t' <= lookahead && lookahead <= '\r') || lookahead == ' '
p_10458731cfbcbf540828,kotlin,ts_lex_keywords,3,PUSH_LOOKAHEAD,,,('\t' <= lookahead && lookahead <= '\r') || lookahead == ' '
p_10458731cfbcbf540828,kotlin,ts_lex_keywords,4,PUSH_INT,13,,('\t' <= lookahead && lookahead <= '\r') || lookahead == ' '
p_10458731cfbcbf540828,kotlin,ts_lex_keywords,5,CMP_LE,,,('\t' <= lookahead && lookahead <= '\r') || lookahead == ' '
p_10458731cfbcbf540828,kotlin,ts_lex_keywords,6,AND,,,('\t' <= lookahead && lookahead <= '\r') || lookahead == ' '
p_10458731cfbcbf540828,kotlin,ts_lex_keywords,7,PUSH_LOOKAHEAD,,,('\t' <= lookahead && lookahead <= '\r') || lookahead == ' '
p_10458731cfbcbf540828,kotlin,ts_lex_keywords,8,PUSH_INT,32,,('\t' <= lookahead && lookahead <= '\r') || lookahead == ' '
p_10458731cfbcbf540828,kotlin,ts_lex_keywords,9,CMP_EQ,,,('\t' <= lookahead && lookahead <= '\r') || lookahead == ' '
p_10458731cfbcbf540828,kotlin,ts_lex_keywords,10,OR,,,('\t' <= lookahead && lookahead <= '\r') || lookahead == ' '
p_720b5dc88139ab500002,kotlin,ts_lex_keywords,0,PUSH_LOOKAHEAD,,,lookahead == 76
p_720b5dc88139ab500002,kotlin,ts_lex_keywords,1,PUSH_INT,76,,lookahead == 76
p_720b5dc88139ab500002,kotlin,ts_lex_keywords,2,CMP_EQ,,,lookahead == 76
p_1c53f192529ab1c3d81c,kotlin,ts_lex_keywords,0,PUSH_LOOKAHEAD,,,lookahead == 97
p_1c53f192529ab1c3d81c,kotlin,ts_lex_keywords,1,PUSH_INT,97,,lookahead == 97
p_1c53f192529ab1c3d81c,kotlin,ts_lex_keywords,2,CMP_EQ,,,lookahead == 97
p_238227c4f93f47123dbf,kotlin,ts_lex_keywords,0,PUSH_LOOKAHEAD,,,lookahead == 98
p_238227c4f93f47123dbf,kotlin,ts_lex_keywords,1,PUSH_INT,98,,lookahead == 98
p_238227c4f93f47123dbf,kotlin,ts_lex_keywords,2,CMP_EQ,,,lookahead == 98
p_3a179048475983522f98,kotlin,ts_lex_keywords,0,PUSH_LOOKAHEAD,,,lookahead == 99
p_3a179048475983522f98,kotlin,ts_lex_keywords,1,PUSH_INT,99,,lookahead == 99
p_3a179048475983522f98,kotlin,ts_lex_keywords,2,CMP_EQ,,,lookahead == 99
p_059a98338cb94f3e9355,kotlin,ts_lex_keywords,0,PUSH_LOOKAHEAD,,,lookahead == 100
p_059a98338cb94f3e9355,kotlin,ts_lex_keywords,1,PUSH_INT,100,,lookahead == 100
p_059a98338cb94f3e9355,kotlin,ts_lex_keywords,2,CMP_EQ,,,lookahead == 100
p_44c9f68403be134b5f3d,kotlin,ts_lex_keywords,0,PUSH_LOOKAHEAD,,,lookahead == 101
p_44c9f68403be134b5f3d,kotlin,ts_lex_keywords,1,PUSH_INT,101,,lookahead == 101
p_44c9f68403be134b5f3d,kotlin,ts_lex_keywords,2,CMP_EQ,,,lookahead == 101
p_31c38c5472ac32a8f64f,kotlin,ts_lex_keywords,0,PUSH_LOOKAHEAD,,,lookahead == 102
p_31c38c5472ac32a8f64f,kotlin,ts_lex_keywords,1,PUSH_INT,102,,lookahead == 102
p_31c38c5472ac32a8f64f,kotlin,ts_lex_keywords,2,CMP_EQ,,,lookahead == 102
p_d5b4b6f2a10486105a9e,kotlin,ts_lex_keywords,0,PUSH_LOOKAHEAD,,,lookahead == 105
p_d5b4b6f2a10486105a9e,kotlin,ts_lex_keywords,1,PUSH_INT,105,,lookahead == 105
p_d5b4b6f2a10486105a9e,kotlin,ts_lex_keywords,2,CMP_EQ,,,lookahead == 105
p_ab7034ff2473cec4284e,kotlin,ts_lex_keywords,0,PUSH_LOOKAHEAD,,,lookahead == 110
p_ab7034ff2473cec4284e,kotlin,ts_lex_keywords,1,PUSH_INT,110,,lookahead == 110
p_ab7034ff2473cec4284e,kotlin,ts_lex_keywords,2,CMP_EQ,,,lookahead == 110
p_36381ade3dbec2bd2f04,kotlin,ts_lex_keywords,0,PUSH_LOOKAHEAD,,,lookahead == 111
p_36381ade3dbec2bd2f04,kotlin,ts_lex_keywords,1,PUSH_INT,111,,lookahead == 111
p_36381ade3dbec2bd2f04,kotlin,ts_lex_keywords,2,CMP_EQ,,,lookahead == 111
p_214780712f44cd9163ee,kotlin,ts_lex_keywords,0,PUSH_LOOKAHEAD,,,lookahead == 112
p_214780712f44cd9163ee,kotlin,ts_lex_keywords,1,PUSH_INT,112,,lookahead == 112
p_214780712f44cd9163ee,kotlin,ts_lex_keywords,2,CMP_EQ,,,lookahead == 112
p_19251bda5d2b7690a73e,kotlin,ts_lex_keywords,0,PUSH_LOOKAHEAD,,,lookahead == 114
p_19251bda5d2b7690a73e,kotlin,ts_lex_keywords,1,PUSH_INT,114,,lookahead == 114
p_19251bda5d2b7690a73e,kotlin,ts_lex_keywords,2,CMP_EQ,,,lookahead == 114
p_0f8796a457aa219344a8,kotlin,ts_lex_keywords,0,PUSH_LOOKAHEAD,,,lookahead == 115
p_0f8796a457aa219344a8,kotlin,ts_lex_keywords,1,PUSH_INT,115,,lookahead == 115
p_0f8796a457aa219344a8,kotlin,ts_lex_keywords,2,CMP_EQ,,,lookahead == 115
p_6efd10ba167003ad1ce9,kotlin,ts_lex_keywords,0,PUSH_LOOKAHEAD,,,lookahead == 116
p_6efd10ba167003ad1ce9,kotlin,ts_lex_keywords,1,PUSH_INT,116,,lookahead == 116
p_6efd10ba167003ad1ce9,kotlin,ts_lex_keywords,2,CMP_EQ,,,lookahead == 116
p_cf2a13147b4a4d305e9b,kotlin,ts_lex_keywords,0,PUSH_LOOKAHEAD,,,lookahead == 118
p_cf2a13147b4a4d305e9b,kotlin,ts_lex_keywords,1,PUSH_INT,118,,lookahead == 118
p_cf2a13147b4a4d305e9b,kotlin,ts_lex_keywords,2,CMP_EQ,,,lookahead == 118
p_7339c217630c7fc46b25,kotlin,ts_lex_keywords,0,PUSH_LOOKAHEAD,,,lookahead == 119
p_7339c217630c7fc46b25,kotlin,ts_lex_keywords,1,PUSH_INT,119,,lookahead == 119
p_7339c217630c7fc46b25,kotlin,ts_lex_keywords,2,CMP_EQ,,,lookahead == 119
p_19634163420712d076be,kotlin,ts_lex_keywords,0,PUSH_LOOKAHEAD,,,lookahead == 85
p_19634163420712d076be,kotlin,ts_lex_keywords,1,PUSH_INT,85,,lookahead == 85
p_19634163420712d076be,kotlin,ts_lex_keywords,2,CMP_EQ,,,lookahead == 85
p_e3522fdbce971147afae,kotlin,ts_lex_keywords,0,PUSH_LOOKAHEAD,,,lookahead == 117
p_e3522fdbce971147afae,kotlin,ts_lex_keywords,1,PUSH_INT,117,,lookahead == 117
p_e3522fdbce971147afae,kotlin,ts_lex_keywords,2,CMP_EQ,,,lookahead == 117
p_9cbd1583c1073200e168,kotlin,ts_lex_keywords,0,PUSH_LOOKAHEAD,,,lookahead == 's'
p_9cbd1583c1073200e168,kotlin,ts_lex_keywords,1,PUSH_INT,115,,lookahead == 's'
p_9cbd1583c1073200e168,kotlin,ts_lex_keywords,2,CMP_EQ,,,lookahead == 's'
p_40a6d1b1ca5f27a01816,kotlin,ts_lex_keywords,0,PUSH_LOOKAHEAD,,,lookahead == 'r'
p_40a6d1b1ca5f27a01816,kotlin,ts_lex_keywords,1,PUSH_INT,114,,lookahead == 'r'
p_40a6d1b1ca5f27a01816,kotlin,ts_lex_keywords,2,CMP_EQ,,,lookahead == 'r'
p_37cf5eb16c72f35332fe,kotlin,ts_lex_keywords,0,PUSH_LOOKAHEAD,,,lookahead == 'y'
p_37cf5eb16c72f35332fe,kotlin,ts_lex_keywords,1,PUSH_INT,121,,lookahead == 'y'
p_37cf5eb16c72f35332fe,kotlin,ts_lex_keywords,2,CMP_EQ,,,lookahead == 'y'
p_749d97ca8982f0efc438,kotlin,ts_lex_keywords,0,PUSH_LOOKAHEAD,,,lookahead == 'a'
p_749d97ca8982f0efc438,kotlin,ts_lex_keywords,1,PUSH_INT,97,,lookahead == 'a'
p_749d97ca8982f0efc438,kotlin,ts_lex_keywords,2,CMP_EQ,,,lookahead == 'a'
p_30f799e51b5a27ecae34,kotlin,ts_lex_keywords,0,PUSH_LOOKAHEAD,,,lookahead == 'l'
p_30f799e51b5a27ecae34,kotlin,ts_lex_keywords,1,PUSH_INT,108,,lookahead == 'l'
p_30f799e51b5a27ecae34,kotlin,ts_lex_keywords,2,CMP_EQ,,,lookahead == 'l'
p_dee3b7df4fd3889b8b2a,kotlin,ts_lex_keywords,0,PUSH_LOOKAHEAD,,,lookahead == 'o'
p_dee3b7df4fd3889b8b2a,kotlin,ts_lex_keywords,1,PUSH_INT,111,,lookahead == 'o'
p_dee3b7df4fd3889b8b2a,kotlin,ts_lex_keywords,2,CMP_EQ,,,lookahead == 'o'
p_d15408596d194489ad94,kotlin,ts_lex_keywords,0,PUSH_LOOKAHEAD,,,lookahead == 'e'
p_d15408596d194489ad94,kotlin,ts_lex_keywords,1,PUSH_INT,101,,lookahead == 'e'
p_d15408596d194489ad94,kotlin,ts_lex_keywords,2,CMP_EQ,,,lookahead == 'e'
p_896c0e46ed18e775b25e,kotlin,ts_lex_keywords,0,PUSH_LOOKAHEAD,,,lookahead == 'n'
p_896c0e46ed18e775b25e,kotlin,ts_lex_keywords,1,PUSH_INT,110,,lookahead == 'n'
p_896c0e46ed18e775b25e,kotlin,ts_lex_keywords,2,CMP_EQ,,,lookahead == 'n'
p_281a369123eef7624db3,kotlin,ts_lex_keywords,0,PUSH_LOOKAHEAD,,,lookahead == 'i'
p_281a369123eef7624db3,kotlin,ts_lex_keywords,1,PUSH_INT,105,,lookahead == 'i'
p_281a369123eef7624db3,kotlin,ts_lex_keywords,2,CMP_EQ,,,lookahead == 'i'
p_7edf855cf3706d0b6fbf,kotlin,ts_lex_keywords,0,PUSH_LOOKAHEAD,,,lookahead == 'u'
p_7edf855cf3706d0b6fbf,kotlin,ts_lex_keywords,1,PUSH_INT,117,,lookahead == 'u'
p_7edf855cf3706d0b6fbf,kotlin,ts_lex_keywords,2,CMP_EQ,,,lookahead == 'u'
p_e4d1bc65a9cf95bc98bf,kotlin,ts_lex_keywords,0,PUSH_LOOKAHEAD,,,lookahead == 'f'
p_e4d1bc65a9cf95bc98bf,kotlin,ts_lex_keywords,1,PUSH_INT,102,,lookahead == 'f'
p_e4d1bc65a9cf95bc98bf,kotlin,ts_lex_keywords,2,CMP_EQ,,,lookahead == 'f'
p_983d77cfae1573ad8a5c,kotlin,ts_lex_keywords,0,PUSH_LOOKAHEAD,,,lookahead == 'm'
p_983d77cfae1573ad8a5c,kotlin,ts_lex_keywords,1,PUSH_INT,109,,lookahead == 'm'
p_983d77cfae1573ad8a5c,kotlin,ts_lex_keywords,2,CMP_EQ,,,lookahead == 'm'
p_9d7d5bedc7eece9a9afb,kotlin,ts_lex_keywords,0,PUSH_LOOKAHEAD,,,lookahead == 'b'
p_9d7d5bedc7eece9a9afb,kotlin,ts_lex_keywords,1,PUSH_INT,98,,lookahead == 'b'
p_9d7d5bedc7eece9a9afb,kotlin,ts_lex_keywords,2,CMP_EQ,,,lookahead == 'b'
p_1c96f5a60ef2fdaf8f7e,kotlin,ts_lex_keywords,0,PUSH_LOOKAHEAD,,,lookahead == 'h'
p_1c96f5a60ef2fdaf8f7e,kotlin,ts_lex_keywords,1,PUSH_INT,104,,lookahead == 'h'
p_1c96f5a60ef2fdaf8f7e,kotlin,ts_lex_keywords,2,CMP_EQ,,,lookahead == 'h'
p_db19461e20a1b05dc91f,kotlin,ts_lex_keywords,0,PUSH_LOOKAHEAD,,,lookahead == 'L'
p_db19461e20a1b05dc91f,kotlin,ts_lex_keywords,1,PUSH_INT,76,,lookahead == 'L'
p_db19461e20a1b05dc91f,kotlin,ts_lex_keywords,2,CMP_EQ,,,lookahead == 'L'
p_40b303b4738d76fe2bdc,kotlin,ts_lex_keywords,0,PUSH_LOOKAHEAD,,,lookahead == 't'
p_40b303b4738d76fe2bdc,kotlin,ts_lex_keywords,1,PUSH_INT,116,,lookahead == 't'
p_40b303b4738d76fe2bdc,kotlin,ts_lex_keywords,2,CMP_EQ,,,lookahead == 't'
p_43fa51c0f94ed10cb909,kotlin,ts_lex_keywords,0,PUSH_LOOKAHEAD,,,lookahead == 'p'
p_43fa51c0f94ed10cb909,kotlin,ts_lex_keywords,1,PUSH_INT,112,,lookahead == 'p'
p_43fa51c0f94ed10cb909,kotlin,ts_lex_keywords,2,CMP_EQ,,,lookahead == 'p'
p_fa1ae72793048040a4d3,kotlin,ts_lex_keywords,0,PUSH_LOOKAHEAD,,,lookahead == 'j'
p_fa1ae72793048040a4d3,kotlin,ts_lex_keywords,1,PUSH_INT,106,,lookahead == 'j'
p_fa1ae72793048040a4d3,kotlin,ts_lex_keywords,2,CMP_EQ,,,lookahead == 'j'
p_b4723f85c17d1b5cedee,kotlin,ts_lex_keywords,0,PUSH_LOOKAHEAD,,,lookahead == 'c'
p_b4723f85c17d1b5cedee,kotlin,ts_lex_keywords,1,PUSH_INT,99,,lookahead == 'c'
p_b4723f85c17d1b5cedee,kotlin,ts_lex_keywords,2,CMP_EQ,,,lookahead == 'c'
p_280ddc5e446500eb3aea,kotlin,ts_lex_keywords,0,PUSH_LOOKAHEAD,,,lookahead == 'k'
p_280ddc5e446500eb3aea,kotlin,ts_lex_keywords,1,PUSH_INT,107,,lookahead == 'k'
p_280ddc5e446500eb3aea,kotlin,ts_lex_keywords,2,CMP_EQ,,,lookahead == 'k'
p_b7fa9d2fef1bd2dc28d0,kotlin,ts_lex_keywords,0,PUSH_LOOKAHEAD,,,lookahead == 'g'
p_b7fa9d2fef1bd2dc28d0,kotlin,ts_lex_keywords,1,PUSH_INT,103,,lookahead == 'g'
p_b7fa9d2fef1bd2dc28d0,kotlin,ts_lex_keywords,2,CMP_EQ,,,lookahead == 'g'
p_9ad222609fa73086b8a5,kotlin,ts_lex_keywords,0,PUSH_LOOKAHEAD,,,lookahead == 'd'
p_9ad222609fa73086b8a5,kotlin,ts_lex_keywords,1,PUSH_INT,100,,lookahead == 'd'
p_9ad222609fa73086b8a5,kotlin,ts_lex_keywords,2,CMP_EQ,,,lookahead == 'd'
p_c121c5877c452cb6e762,kotlin,ts_lex_keywords,0,PUSH_LOOKAHEAD,,,lookahead == 'w'
p_c121c5877c452cb6e762,kotlin,ts_lex_keywords,1,PUSH_INT,119,,lookahead == 'w'
p_c121c5877c452cb6e762,kotlin,ts_lex_keywords,2,CMP_EQ,,,lookahead == 'w'
p_5ba76586fc85a2b60deb,kotlin,ts_lex_keywords,0,PUSH_LOOKAHEAD,,,lookahead == 'v'
p_5ba76586fc85a2b60deb,kotlin,ts_lex_keywords,1,PUSH_INT,118,,lookahead == 'v'
p_5ba76586fc85a2b60deb,kotlin,ts_lex_keywords,2,CMP_EQ,,,lookahead == 'v'
p_swift_set_aux_sym_simple_identifier_token1_character_set_1,swift,ts_lex,0,SET_CONTAINS,aux_sym_simple_identifier_token1_character_set_1,,set_contains
p_swift_set_aux_sym_simple_identifier_token1_character_set_1,swift,ts_lex,0,SET_CONTAINS,aux_sym_simple_identifier_token1_character_set_1,,set_contains
p_swift_set_aux_sym_simple_identifier_token1_character_set_1,swift,ts_lex,0,SET_CONTAINS,aux_sym_simple_identifier_token1_character_set_1,,set_contains
p_swift_set_aux_sym_simple_identifier_token1_character_set_1,swift,ts_lex,0,SET_CONTAINS,aux_sym_simple_identifier_token1_character_set_1,,set_contains
p_swift_set_aux_sym_simple_identifier_token1_character_set_1,swift,ts_lex,0,SET_CONTAINS,aux_sym_simple_identifier_token1_character_set_1,,set_contains
p_swift_set_aux_sym_simple_identifier_token1_character_set_1,swift,ts_lex,0,SET_CONTAINS,aux_sym_simple_identifier_token1_character_set_1,,set_contains
p_swift_set_aux_sym_simple_identifier_token1_character_set_1,swift,ts_lex,0,SET_CONTAINS,aux_sym_simple_identifier_token1_character_set_1,,set_contains
p_swift_set_aux_sym_simple_identifier_token1_character_set_1,swift,ts_lex,0,SET_CONTAINS,aux_sym_simple_identifier_token1_character_set_1,,set_contains
p_swift_set_aux_sym_simple_identifier_token1_character_set_1,swift,ts_lex,0,SET_CONTAINS,aux_sym_simple_identifier_token1_character_set_1,,set_contains
p_swift_set_aux_sym_simple_identifier_token1_character_set_1,swift,ts_lex,0,SET_CONTAINS,aux_sym_simple_identifier_token1_character_set_1,,set_contains
p_swift_set_aux_sym_simple_identifier_token1_character_set_1,swift,ts_lex,0,SET_CONTAINS,aux_sym_simple_identifier_token1_character_set_1,,set_contains
p_swift_set_aux_sym_simple_identifier_token1_character_set_1,swift,ts_lex,0,SET_CONTAINS,aux_sym_simple_identifier_token1_character_set_1,,set_contains
p_swift_set_aux_sym_simple_identifier_token1_character_set_1,swift,ts_lex,0,SET_CONTAINS,aux_sym_simple_identifier_token1_character_set_1,,set_contains
p_swift_set_aux_sym_simple_identifier_token1_character_set_1,swift,ts_lex,0,SET_CONTAINS,aux_sym_simple_identifier_token1_character_set_1,,set_contains
p_swift_set_aux_sym_simple_identifier_token1_character_set_1,swift,ts_lex,0,SET_CONTAINS,aux_sym_simple_identifier_token1_character_set_1,,set_contains
p_swift_set_aux_sym_simple_identifier_token1_character_set_1,swift,ts_lex,0,SET_CONTAINS,aux_sym_simple_identifier_token1_character_set_1,,set_contains
p_swift_set_aux_sym_simple_identifier_token1_character_set_1,swift,ts_lex,0,SET_CONTAINS,aux_sym_simple_identifier_token1_character_set_1,,set_contains
p_swift_set_aux_sym_simple_identifier_token1_character_set_1,swift,ts_lex,0,SET_CONTAINS,aux_sym_simple_identifier_token1_character_set_1,,set_contains
p_swift_set_aux_sym_simple_identifier_token1_character_set_1,swift,ts_lex,0,SET_CONTAINS,aux_sym_simple_identifier_token1_character_set_1,,set_contains
p_swift_set_aux_sym_simple_identifier_token1_character_set_1,swift,ts_lex,0,SET_CONTAINS,aux_sym_simple_identifier_token1_character_set_1,,set_contains
p_swift_set_aux_sym_simple_identifier_token1_character_set_1,swift,ts_lex,0,SET_CONTAINS,aux_sym_simple_identifier_token1_character_set_1,,set_contains
p_swift_set_aux_sym_simple_identifier_token1_character_set_1,swift,ts_lex,0,SET_CONTAINS,aux_sym_simple_identifier_token1_character_set_1,,set_contains
p_swift_set_aux_sym_simple_identifier_token1_character_set_1,swift,ts_lex,0,SET_CONTAINS,aux_sym_simple_identifier_token1_character_set_1,,set_contains
p_swift_set_aux_sym_simple_identifier_token1_character_set_1,swift,ts_lex,0,SET_CONTAINS,aux_sym_simple_identifier_token1_character_set_1,,set_contains
p_swift_set_aux_sym_simple_identifier_token1_character_set_1,swift,ts_lex,0,SET_CONTAINS,aux_sym_simple_identifier_token1_character_set_1,,set_contains
p_swift_set_aux_sym_simple_identifier_token1_character_set_1,swift,ts_lex,0,SET_CONTAINS,aux_sym_simple_identifier_token1_character_set_1,,set_contains
p_swift_set_aux_sym_simple_identifier_token1_character_set_1,swift,ts_lex,0,SET_CONTAINS,aux_sym_simple_identifier_token1_character_set_1,,set_contains
p_swift_set_aux_sym_simple_identifier_token1_character_set_1,swift,ts_lex,0,SET_CONTAINS,aux_sym_simple_identifier_token1_character_set_1,,set_contains
p_swift_set_aux_sym_simple_identifier_token1_character_set_1,swift,ts_lex,0,SET_CONTAINS,aux_sym_simple_identifier_token1_character_set_1,,set_contains
p_swift_set_aux_sym_simple_identifier_token1_character_set_1,swift,ts_lex,0,SET_CONTAINS,aux_sym_simple_identifier_token1_character_set_1,,set_contains
p_swift_set_aux_sym_simple_identifier_token1_character_set_1,swift,ts_lex,0,SET_CONTAINS,aux_sym_simple_identifier_token1_character_set_1,,set_contains
p_swift_set_aux_sym_simple_identifier_token1_character_set_1,swift,ts_lex,0,SET_CONTAINS,aux_sym_simple_identifier_token1_character_set_1,,set_contains
p_swift_set_aux_sym_simple_identifier_token1_character_set_1,swift,ts_lex,0,SET_CONTAINS,aux_sym_simple_identifier_token1_character_set_1,,set_contains
p_swift_set_aux_sym_simple_identifier_token1_character_set_1,swift,ts_lex,0,SET_CONTAINS,aux_sym_simple_identifier_token1_character_set_1,,set_contains
p_swift_set_aux_sym_simple_identifier_token1_character_set_1,swift,ts_lex,0,SET_CONTAINS,aux_sym_simple_identifier_token1_character_set_1,,set_contains
p_swift_set_aux_sym_simple_identifier_token1_character_set_1,swift,ts_lex,0,SET_CONTAINS,aux_sym_simple_identifier_token1_character_set_1,,set_contains
p_swift_set_aux_sym_simple_identifier_token1_character_set_1,swift,ts_lex,0,SET_CONTAINS,aux_sym_simple_identifier_token1_character_set_1,,set_contains
p_swift_set_aux_sym_simple_identifier_token1_character_set_1,swift,ts_lex,0,SET_CONTAINS,aux_sym_simple_identifier_token1_character_set_1,,set_contains
p_swift_set_aux_sym_simple_identifier_token1_character_set_1,swift,ts_lex,0,SET_CONTAINS,aux_sym_simple_identifier_token1_character_set_1,,set_contains
p_swift_set_aux_sym_simple_identifier_token1_character_set_1,swift,ts_lex,0,SET_CONTAINS,aux_sym_simple_identifier_token1_character_set_1,,set_contains
p_swift_set_aux_sym_simple_identifier_token1_character_set_1,swift,ts_lex,0,SET_CONTAINS,aux_sym_simple_identifier_token1_character_set_1,,set_contains
p_swift_set_aux_sym_simple_identifier_token1_character_set_1,swift,ts_lex,0,SET_CONTAINS,aux_sym_simple_identifier_token1_character_set_1,,set_contains
p_swift_set_aux_sym_simple_identifier_token1_character_set_1,swift,ts_lex,0,SET_CONTAINS,aux_sym_simple_identifier_token1_character_set_1,,set_contains
p_swift_set_aux_sym_simple_identifier_token1_character_set_1,swift,ts_lex,0,SET_CONTAINS,aux_sym_simple_identifier_token1_character_set_1,,set_contains
p_swift_set_aux_sym_simple_identifier_token1_character_set_1,swift,ts_lex,0,SET_CONTAINS,aux_sym_simple_identifier_token1_character_set_1,,set_contains
p_swift_set_aux_sym_simple_identifier_token1_character_set_1,swift,ts_lex,0,SET_CONTAINS,aux_sym_simple_identifier_token1_character_set_1,,set_contains
p_swift_set_aux_sym_simple_identifier_token1_character_set_1,swift,ts_lex,0,SET_CONTAINS,aux_sym_simple_identifier_token1_character_set_1,,set_contains
p_swift_set_aux_sym_simple_identifier_token1_character_set_1,swift,ts_lex,0,SET_CONTAINS,aux_sym_simple_identifier_token1_character_set_1,,set_contains
p_swift_set_aux_sym_simple_identifier_token1_character_set_1,swift,ts_lex,0,SET_CONTAINS,aux_sym_simple_identifier_token1_character_set_1,,set_contains
p_swift_set_aux_sym_simple_identifier_token1_character_set_1,swift,ts_lex,0,SET_CONTAINS,aux_sym_simple_identifier_token1_character_set_1,,set_contains
p_swift_set_aux_sym_simple_identifier_token1_character_set_1,swift,ts_lex,0,SET_CONTAINS,aux_sym_simple_identifier_token1_character_set_1,,set_contains
p_swift_set_aux_sym_simple_identifier_token1_character_set_1,swift,ts_lex,0,SET_CONTAINS,aux_sym_simple_identifier_token1_character_set_1,,set_contains
p_swift_set_aux_sym_simple_identifier_token1_character_set_1,swift,ts_lex,0,SET_CONTAINS,aux_sym_simple_identifier_token1_character_set_1,,set_contains
p_swift_set_aux_sym_simple_identifier_token1_character_set_1,swift,ts_lex,0,SET_CONTAINS,aux_sym_simple_identifier_token1_character_set_1,,set_contains
p_swift_set_aux_sym_simple_identifier_token1_character_set_1,swift,ts_lex,0,SET_CONTAINS,aux_sym_simple_identifier_token1_character_set_1,,set_contains
p_swift_set_aux_sym_simple_identifier_token1_character_set_1,swift,ts_lex,0,SET_CONTAINS,aux_sym_simple_identifier_token1_character_set_1,,set_contains
p_swift_set_aux_sym_simple_identifier_token1_character_set_1,swift,ts_lex,0,SET_CONTAINS,aux_sym_simple_identifier_token1_character_set_1,,set_contains
p_swift_set_aux_sym_simple_identifier_token1_character_set_1,swift,ts_lex,0,SET_CONTAINS,aux_sym_simple_identifier_token1_character_set_1,,set_contains
p_swift_set_aux_sym_simple_identifier_token1_character_set_1,swift,ts_lex,0,SET_CONTAINS,aux_sym_simple_identifier_token1_character_set_1,,set_contains
p_swift_set_aux_sym_simple_identifier_token1_character_set_1,swift,ts_lex,0,SET_CONTAINS,aux_sym_simple_identifier_token1_character_set_1,,set_contains
p_swift_set_aux_sym_simple_identifier_token1_character_set_1,swift,ts_lex,0,SET_CONTAINS,aux_sym_simple_identifier_token1_character_set_1,,set_contains
p_swift_set_aux_sym_simple_identifier_token1_character_set_1,swift,ts_lex,0,SET_CONTAINS,aux_sym_simple_identifier_token1_character_set_1,,set_contains
p_swift_set_aux_sym_simple_identifier_token1_character_set_1,swift,ts_lex,0,SET_CONTAINS,aux_sym_simple_identifier_token1_character_set_1,,set_contains
p_swift_set_aux_sym_simple_identifier_token1_character_set_1,swift,ts_lex,0,SET_CONTAINS,aux_sym_simple_identifier_token1_character_set_1,,set_contains
p_swift_set_aux_sym_simple_identifier_token1_character_set_1,swift,ts_lex,0,SET_CONTAINS,aux_sym_simple_identifier_token1_character_set_1,,set_contains
p_swift_set_aux_sym_simple_identifier_token1_character_set_1,swift,ts_lex,0,SET_CONTAINS,aux_sym_simple_identifier_token1_character_set_1,,set_contains
p_swift_set_aux_sym_simple_identifier_token1_character_set_1,swift,ts_lex,0,SET_CONTAINS,aux_sym_simple_identifier_token1_character_set_1,,set_contains
p_swift_set_aux_sym_simple_identifier_token1_character_set_1,swift,ts_lex,0,SET_CONTAINS,aux_sym_simple_identifier_token1_character_set_1,,set_contains
p_swift_set_aux_sym_simple_identifier_token1_character_set_1,swift,ts_lex,0,SET_CONTAINS,aux_sym_simple_identifier_token1_character_set_1,,set_contains
p_swift_set_aux_sym_simple_identifier_token1_character_set_1,swift,ts_lex,0,SET_CONTAINS,aux_sym_simple_identifier_token1_character_set_1,,set_contains
p_swift_set_aux_sym_simple_identifier_token1_character_set_1,swift,ts_lex,0,SET_CONTAINS,aux_sym_simple_identifier_token1_character_set_1,,set_contains
p_swift_set_aux_sym_simple_identifier_token1_character_set_1,swift,ts_lex,0,SET_CONTAINS,aux_sym_simple_identifier_token1_character_set_1,,set_contains
p_swift_set_aux_sym_simple_identifier_token1_character_set_1,swift,ts_lex,0,SET_CONTAINS,aux_sym_simple_identifier_token1_character_set_1,,set_contains
p_swift_set_aux_sym_simple_identifier_token1_character_set_1,swift,ts_lex,0,SET_CONTAINS,aux_sym_simple_identifier_token1_character_set_1,,set_contains
p_swift_set_aux_sym_simple_identifier_token1_character_set_1,swift,ts_lex,0,SET_CONTAINS,aux_sym_simple_identifier_token1_character_set_1,,set_contains
p_swift_set_aux_sym_simple_identifier_token1_character_set_1,swift,ts_lex,0,SET_CONTAINS,aux_sym_simple_identifier_token1_character_set_1,,set_contains
p_swift_set_aux_sym_simple_identifier_token1_character_set_1,swift,ts_lex,0,SET_CONTAINS,aux_sym_simple_identifier_token1_character_set_1,,set_contains
p_swift_set_aux_sym_simple_identifier_token1_character_set_1,swift,ts_lex,0,SET_CONTAINS,aux_sym_simple_identifier_token1_character_set_1,,set_contains
p_swift_set_aux_sym_simple_identifier_token1_character_set_1,swift,ts_lex,0,SET_CONTAINS,aux_sym_simple_identifier_token1_character_set_1,,set_contains
p_swift_set_aux_sym_simple_identifier_token1_character_set_1,swift,ts_lex,0,SET_CONTAINS,aux_sym_simple_identifier_token1_character_set_1,,set_contains
p_swift_set_aux_sym_simple_identifier_token1_character_set_1,swift,ts_lex,0,SET_CONTAINS,aux_sym_simple_identifier_token1_character_set_1,,set_contains
p_swift_set_aux_sym_simple_identifier_token1_character_set_1,swift,ts_lex,0,SET_CONTAINS,aux_sym_simple_identifier_token1_character_set_1,,set_contains
p_swift_set_aux_sym_simple_identifier_token1_character_set_1,swift,ts_lex,0,SET_CONTAINS,aux_sym_simple_identifier_token1_character_set_1,,set_contains
p_swift_set_aux_sym_simple_identifier_token1_character_set_1,swift,ts_lex,0,SET_CONTAINS,aux_sym_simple_identifier_token1_character_set_1,,set_contains
p_swift_set_aux_sym_simple_identifier_token1_character_set_1,swift,ts_lex,0,SET_CONTAINS,aux_sym_simple_identifier_token1_character_set_1,,set_contains
p_swift_set_aux_sym_simple_identifier_token1_character_set_1,swift,ts_lex,0,SET_CONTAINS,aux_sym_simple_identifier_token1_character_set_1,,set_contains
p_swift_set_aux_sym_simple_identifier_token1_character_set_1,swift,ts_lex,0,SET_CONTAINS,aux_sym_simple_identifier_token1_character_set_1,,set_contains
p_swift_set_aux_sym_simple_identifier_token1_character_set_1,swift,ts_lex,0,SET_CONTAINS,aux_sym_simple_identifier_token1_character_set_1,,set_contains
p_swift_set_aux_sym_simple_identifier_token1_character_set_1,swift,ts_lex,0,SET_CONTAINS,aux_sym_simple_identifier_token1_character_set_1,,set_contains
p_swift_set_aux_sym_simple_identifier_token1_character_set_1,swift,ts_lex,0,SET_CONTAINS,aux_sym_simple_identifier_token1_character_set_1,,set_contains
p_swift_set_aux_sym_simple_identifier_token1_character_set_1,swift,ts_lex,0,SET_CONTAINS,aux_sym_simple_identifier_token1_character_set_1,,set_contains
p_swift_set_aux_sym_simple_identifier_token1_character_set_1,swift,ts_lex,0,SET_CONTAINS,aux_sym_simple_identifier_token1_character_set_1,,set_contains
p_swift_set_aux_sym_simple_identifier_token1_character_set_1,swift,ts_lex,0,SET_CONTAINS,aux_sym_simple_identifier_token1_character_set_1,,set_contains
p_swift_set_aux_sym_simple_identifier_token1_character_set_1,swift,ts_lex,0,SET_CONTAINS,aux_sym_simple_identifier_token1_character_set_1,,set_contains
p_swift_set_aux_sym_simple_identifier_token1_character_set_1,swift,ts_lex,0,SET_CONTAINS,aux_sym_simple_identifier_token1_character_set_1,,set_contains
p_swift_set_aux_sym_simple_identifier_token1_character_set_1,swift,ts_lex,0,SET_CONTAINS,aux_sym_simple_identifier_token1_character_set_1,,set_contains
p_swift_set_aux_sym_simple_identifier_token1_character_set_1,swift,ts_lex,0,SET_CONTAINS,aux_sym_simple_identifier_token1_character_set_1,,set_contains
p_swift_set_aux_sym_simple_identifier_token1_character_set_1,swift,ts_lex,0,SET_CONTAINS,aux_sym_simple_identifier_token1_character_set_1,,set_contains
p_swift_set_aux_sym_simple_identifier_token1_character_set_1,swift,ts_lex,0,SET_CONTAINS,aux_sym_simple_identifier_token1_character_set_1,,set_contains
p_swift_set_aux_sym_simple_identifier_token1_character_set_1,swift,ts_lex,0,SET_CONTAINS,aux_sym_simple_identifier_token1_character_set_1,,set_contains
p_swift_set_aux_sym_simple_identifier_token1_character_set_1,swift,ts_lex,0,SET_CONTAINS,aux_sym_simple_identifier_token1_character_set_1,,set_contains
p_swift_set_aux_sym_simple_identifier_token1_character_set_1,swift,ts_lex,0,SET_CONTAINS,aux_sym_simple_identifier_token1_character_set_1,,set_contains
p_swift_set_aux_sym_simple_identifier_token1_character_set_1,swift,ts_lex,0,SET_CONTAINS,aux_sym_simple_identifier_token1_character_set_1,,set_contains
p_swift_set_aux_sym_simple_identifier_token1_character_set_1,swift,ts_lex,0,SET_CONTAINS,aux_sym_simple_identifier_token1_character_set_1,,set_contains
p_swift_set_aux_sym_simple_identifier_token1_character_set_1,swift,ts_lex,0,SET_CONTAINS,aux_sym_simple_identifier_token1_character_set_1,,set_contains
p_swift_set_aux_sym_simple_identifier_token1_character_set_1,swift,ts_lex,0,SET_CONTAINS,aux_sym_simple_identifier_token1_character_set_1,,set_contains
p_swift_set_aux_sym_simple_identifier_token1_character_set_1,swift,ts_lex,0,SET_CONTAINS,aux_sym_simple_identifier_token1_character_set_1,,set_contains
p_swift_set_aux_sym_simple_identifier_token1_character_set_1,swift,ts_lex,0,SET_CONTAINS,aux_sym_simple_identifier_token1_character_set_1,,set_contains
p_swift_set_aux_sym_simple_identifier_token1_character_set_1,swift,ts_lex,0,SET_CONTAINS,aux_sym_simple_identifier_token1_character_set_1,,set_contains
p_swift_set_aux_sym_simple_identifier_token1_character_set_1,swift,ts_lex,0,SET_CONTAINS,aux_sym_simple_identifier_token1_character_set_1,,set_contains
p_swift_set_aux_sym_simple_identifier_token1_character_set_1,swift,ts_lex,0,SET_CONTAINS,aux_sym_simple_identifier_token1_character_set_1,,set_contains
p_swift_set_aux_sym_simple_identifier_token1_character_set_1,swift,ts_lex,0,SET_CONTAINS,aux_sym_simple_identifier_token1_character_set_1,,set_contains
p_swift_set_aux_sym_simple_identifier_token1_character_set_1,swift,ts_lex,0,SET_CONTAINS,aux_sym_simple_identifier_token1_character_set_1,,set_contains
p_swift_set_aux_sym_simple_identifier_token1_character_set_1,swift,ts_lex,0,SET_CONTAINS,aux_sym_simple_identifier_token1_character_set_1,,set_contains
p_swift_set_aux_sym_simple_identifier_token1_character_set_1,swift,ts_lex,0,SET_CONTAINS,aux_sym_simple_identifier_token1_character_set_1,,set_contains
p_swift_set_aux_sym_simple_identifier_token1_character_set_1,swift,ts_lex,0,SET_CONTAINS,aux_sym_simple_identifier_token1_character_set_1,,set_contains
p_swift_set_aux_sym_simple_identifier_token1_character_set_1,swift,ts_lex,0,SET_CONTAINS,aux_sym_simple_identifier_token1_character_set_1,,set_contains
p_swift_set_aux_sym_simple_identifier_token1_character_set_2,swift,ts_lex,0,SET_CONTAINS,aux_sym_simple_identifier_token1_character_set_2,,set_contains
p_swift_set_aux_sym_simple_identifier_token1_character_set_2,swift,ts_lex,0,SET_CONTAINS,aux_sym_simple_identifier_token1_character_set_2,,set_contains
p_swift_set_aux_sym_simple_identifier_token1_character_set_2,swift,ts_lex,0,SET_CONTAINS,aux_sym_simple_identifier_token1_character_set_2,,set_contains
p_swift_set_aux_sym_simple_identifier_token1_character_set_2,swift,ts_lex,0,SET_CONTAINS,aux_sym_simple_identifier_token1_character_set_2,,set_contains
p_swift_set_aux_sym_simple_identifier_token1_character_set_2,swift,ts_lex,0,SET_CONTAINS,aux_sym_simple_identifier_token1_character_set_2,,set_contains
p_swift_set_aux_sym_simple_identifier_token1_character_set_2,swift,ts_lex,0,SET_CONTAINS,aux_sym_simple_identifier_token1_character_set_2,,set_contains
p_swift_set_aux_sym_simple_identifier_token1_character_set_2,swift,ts_lex,0,SET_CONTAINS,aux_sym_simple_identifier_token1_character_set_2,,set_contains
p_swift_set_aux_sym_simple_identifier_token1_character_set_2,swift,ts_lex,0,SET_CONTAINS,aux_sym_simple_identifier_token1_character_set_2,,set_contains
p_swift_set_aux_sym_simple_identifier_token1_character_set_2,swift,ts_lex,0,SET_CONTAINS,aux_sym_simple_identifier_token1_character_set_2,,set_contains
p_swift_set_aux_sym_simple_identifier_token1_character_set_2,swift,ts_lex,0,SET_CONTAINS,aux_sym_simple_identifier_token1_character_set_2,,set_contains
p_swift_set_aux_sym_simple_identifier_token1_character_set_2,swift,ts_lex,0,SET_CONTAINS,aux_sym_simple_identifier_token1_character_set_2,,set_contains
p_swift_set_aux_sym_simple_identifier_token1_character_set_2,swift,ts_lex,0,SET_CONTAINS,aux_sym_simple_identifier_token1_character_set_2,,set_contains
p_swift_set_aux_sym_simple_identifier_token1_character_set_2,swift,ts_lex,0,SET_CONTAINS,aux_sym_simple_identifier_token1_character_set_2,,set_contains
p_swift_set_aux_sym_simple_identifier_token1_character_set_2,swift,ts_lex,0,SET_CONTAINS,aux_sym_simple_identifier_token1_character_set_2,,set_contains
p_swift_set_aux_sym_simple_identifier_token1_character_set_2,swift,ts_lex,0,SET_CONTAINS,aux_sym_simple_identifier_token1_character_set_2,,set_contains
p_swift_set_aux_sym_simple_identifier_token1_character_set_2,swift,ts_lex,0,SET_CONTAINS,aux_sym_simple_identifier_token1_character_set_2,,set_contains
p_swift_set_aux_sym_simple_identifier_token1_character_set_2,swift,ts_lex,0,SET_CONTAINS,aux_sym_simple_identifier_token1_character_set_2,,set_contains
p_swift_set_aux_sym_simple_identifier_token1_character_set_2,swift,ts_lex,0,SET_CONTAINS,aux_sym_simple_identifier_token1_character_set_2,,set_contains
p_swift_set_aux_sym_simple_identifier_token1_character_set_2,swift,ts_lex,0,SET_CONTAINS,aux_sym_simple_identifier_token1_character_set_2,,set_contains
p_swift_set_aux_sym_simple_identifier_token1_character_set_2,swift,ts_lex,0,SET_CONTAINS,aux_sym_simple_identifier_token1_character_set_2,,set_contains
p_swift_set_aux_sym_simple_identifier_token1_character_set_2,swift,ts_lex,0,SET_CONTAINS,aux_sym_simple_identifier_token1_character_set_2,,set_contains
p_swift_set_aux_sym_simple_identifier_token1_character_set_2,swift,ts_lex,0,SET_CONTAINS,aux_sym_simple_identifier_token1_character_set_2,,set_contains
p_swift_set_aux_sym_simple_identifier_token1_character_set_2,swift,ts_lex,0,SET_CONTAINS,aux_sym_simple_identifier_token1_character_set_2,,set_contains
p_swift_set_aux_sym_simple_identifier_token1_character_set_2,swift,ts_lex,0,SET_CONTAINS,aux_sym_simple_identifier_token1_character_set_2,,set_contains
p_swift_set_aux_sym_simple_identifier_token1_character_set_2,swift,ts_lex,0,SET_CONTAINS,aux_sym_simple_identifier_token1_character_set_2,,set_contains
p_swift_set_aux_sym_simple_identifier_token1_character_set_2,swift,ts_lex,0,SET_CONTAINS,aux_sym_simple_identifier_token1_character_set_2,,set_contains
p_swift_set_aux_sym_simple_identifier_token1_character_set_2,swift,ts_lex,0,SET_CONTAINS,aux_sym_simple_identifier_token1_character_set_2,,set_contains
p_swift_set_aux_sym_simple_identifier_token1_character_set_2,swift,ts_lex,0,SET_CONTAINS,aux_sym_simple_identifier_token1_character_set_2,,set_contains
p_swift_set_aux_sym_simple_identifier_token1_character_set_2,swift,ts_lex,0,SET_CONTAINS,aux_sym_simple_identifier_token1_character_set_2,,set_contains
p_swift_set_aux_sym_simple_identifier_token1_character_set_2,swift,ts_lex,0,SET_CONTAINS,aux_sym_simple_identifier_token1_character_set_2,,set_contains
p_swift_set_aux_sym_simple_identifier_token1_character_set_2,swift,ts_lex,0,SET_CONTAINS,aux_sym_simple_identifier_token1_character_set_2,,set_contains
p_swift_set_aux_sym_simple_identifier_token1_character_set_2,swift,ts_lex,0,SET_CONTAINS,aux_sym_simple_identifier_token1_character_set_2,,set_contains
p_swift_set_aux_sym_simple_identifier_token1_character_set_2,swift,ts_lex,0,SET_CONTAINS,aux_sym_simple_identifier_token1_character_set_2,,set_contains
p_swift_set_aux_sym_simple_identifier_token1_character_set_2,swift,ts_lex,0,SET_CONTAINS,aux_sym_simple_identifier_token1_character_set_2,,set_contains
p_swift_set_aux_sym_simple_identifier_token1_character_set_2,swift,ts_lex,0,SET_CONTAINS,aux_sym_simple_identifier_token1_character_set_2,,set_contains
p_swift_set_aux_sym_simple_identifier_token1_character_set_2,swift,ts_lex,0,SET_CONTAINS,aux_sym_simple_identifier_token1_character_set_2,,set_contains
p_swift_set_aux_sym_simple_identifier_token1_character_set_2,swift,ts_lex,0,SET_CONTAINS,aux_sym_simple_identifier_token1_character_set_2,,set_contains
p_swift_set_aux_sym_simple_identifier_token1_character_set_2,swift,ts_lex,0,SET_CONTAINS,aux_sym_simple_identifier_token1_character_set_2,,set_contains
p_swift_set_aux_sym_simple_identifier_token1_character_set_2,swift,ts_lex,0,SET_CONTAINS,aux_sym_simple_identifier_token1_character_set_2,,set_contains
p_swift_set_aux_sym_simple_identifier_token1_character_set_2,swift,ts_lex,0,SET_CONTAINS,aux_sym_simple_identifier_token1_character_set_2,,set_contains
p_swift_set_aux_sym_simple_identifier_token1_character_set_2,swift,ts_lex,0,SET_CONTAINS,aux_sym_simple_identifier_token1_character_set_2,,set_contains
p_swift_set_aux_sym_simple_identifier_token1_character_set_2,swift,ts_lex,0,SET_CONTAINS,aux_sym_simple_identifier_token1_character_set_2,,set_contains
p_swift_set_aux_sym_simple_identifier_token1_character_set_2,swift,ts_lex,0,SET_CONTAINS,aux_sym_simple_identifier_token1_character_set_2,,set_contains
p_swift_set_aux_sym_simple_identifier_token1_character_set_2,swift,ts_lex,0,SET_CONTAINS,aux_sym_simple_identifier_token1_character_set_2,,set_contains
p_swift_set_aux_sym_simple_identifier_token1_character_set_2,swift,ts_lex,0,SET_CONTAINS,aux_sym_simple_identifier_token1_character_set_2,,set_contains
p_swift_set_aux_sym_simple_identifier_token1_character_set_2,swift,ts_lex,0,SET_CONTAINS,aux_sym_simple_identifier_token1_character_set_2,,set_contains
p_swift_set_aux_sym_simple_identifier_token1_character_set_2,swift,ts_lex,0,SET_CONTAINS,aux_sym_simple_identifier_token1_character_set_2,,set_contains
p_swift_set_aux_sym_simple_identifier_token1_character_set_2,swift,ts_lex,0,SET_CONTAINS,aux_sym_simple_identifier_token1_character_set_2,,set_contains
p_swift_set_aux_sym_simple_identifier_token1_character_set_2,swift,ts_lex,0,SET_CONTAINS,aux_sym_simple_identifier_token1_character_set_2,,set_contains
p_swift_set_aux_sym_simple_identifier_token1_character_set_2,swift,ts_lex,0,SET_CONTAINS,aux_sym_simple_identifier_token1_character_set_2,,set_contains
p_swift_set_aux_sym_simple_identifier_token1_character_set_2,swift,ts_lex,0,SET_CONTAINS,aux_sym_simple_identifier_token1_character_set_2,,set_contains
p_swift_set_aux_sym_simple_identifier_token1_character_set_2,swift,ts_lex,0,SET_CONTAINS,aux_sym_simple_identifier_token1_character_set_2,,set_contains
p_swift_set_aux_sym_simple_identifier_token1_character_set_2,swift,ts_lex,0,SET_CONTAINS,aux_sym_simple_identifier_token1_character_set_2,,set_contains
p_swift_set_aux_sym_simple_identifier_token1_character_set_2,swift,ts_lex,0,SET_CONTAINS,aux_sym_simple_identifier_token1_character_set_2,,set_contains
p_swift_set_aux_sym_simple_identifier_token1_character_set_2,swift,ts_lex,0,SET_CONTAINS,aux_sym_simple_identifier_token1_character_set_2,,set_contains
p_swift_set_aux_sym_simple_identifier_token1_character_set_2,swift,ts_lex,0,SET_CONTAINS,aux_sym_simple_identifier_token1_character_set_2,,set_contains
p_swift_set_aux_sym_simple_identifier_token1_character_set_2,swift,ts_lex,0,SET_CONTAINS,aux_sym_simple_identifier_token1_character_set_2,,set_contains
p_swift_set_aux_sym_simple_identifier_token1_character_set_2,swift,ts_lex,0,SET_CONTAINS,aux_sym_simple_identifier_token1_character_set_2,,set_contains
p_swift_set_aux_sym_simple_identifier_token1_character_set_2,swift,ts_lex,0,SET_CONTAINS,aux_sym_simple_identifier_token1_character_set_2,,set_contains
p_swift_set_aux_sym_simple_identifier_token1_character_set_2,swift,ts_lex,0,SET_CONTAINS,aux_sym_simple_identifier_token1_character_set_2,,set_contains
p_swift_set_aux_sym_simple_identifier_token1_character_set_2,swift,ts_lex,0,SET_CONTAINS,aux_sym_simple_identifier_token1_character_set_2,,set_contains
p_swift_set_aux_sym_simple_identifier_token1_character_set_2,swift,ts_lex,0,SET_CONTAINS,aux_sym_simple_identifier_token1_character_set_2,,set_contains
p_swift_set_aux_sym_simple_identifier_token1_character_set_2,swift,ts_lex,0,SET_CONTAINS,aux_sym_simple_identifier_token1_character_set_2,,set_contains
p_swift_set_aux_sym_simple_identifier_token1_character_set_2,swift,ts_lex,0,SET_CONTAINS,aux_sym_simple_identifier_token1_character_set_2,,set_contains
p_swift_set_aux_sym_simple_identifier_token1_character_set_2,swift,ts_lex,0,SET_CONTAINS,aux_sym_simple_identifier_token1_character_set_2,,set_contains
p_swift_set_aux_sym_simple_identifier_token1_character_set_2,swift,ts_lex,0,SET_CONTAINS,aux_sym_simple_identifier_token1_character_set_2,,set_contains
p_swift_set_aux_sym_simple_identifier_token1_character_set_2,swift,ts_lex,0,SET_CONTAINS,aux_sym_simple_identifier_token1_character_set_2,,set_contains
p_swift_set_aux_sym_simple_identifier_token1_character_set_2,swift,ts_lex,0,SET_CONTAINS,aux_sym_simple_identifier_token1_character_set_2,,set_contains
p_swift_set_aux_sym_simple_identifier_token1_character_set_2,swift,ts_lex,0,SET_CONTAINS,aux_sym_simple_identifier_token1_character_set_2,,set_contains
p_swift_set_aux_sym_simple_identifier_token1_character_set_2,swift,ts_lex,0,SET_CONTAINS,aux_sym_simple_identifier_token1_character_set_2,,set_contains
p_swift_set_aux_sym_simple_identifier_token1_character_set_2,swift,ts_lex,0,SET_CONTAINS,aux_sym_simple_identifier_token1_character_set_2,,set_contains
p_swift_set_aux_sym_simple_identifier_token1_character_set_2,swift,ts_lex,0,SET_CONTAINS,aux_sym_simple_identifier_token1_character_set_2,,set_contains
p_swift_set_aux_sym_simple_identifier_token1_character_set_2,swift,ts_lex,0,SET_CONTAINS,aux_sym_simple_identifier_token1_character_set_2,,set_contains
p_swift_set_aux_sym_simple_identifier_token1_character_set_2,swift,ts_lex,0,SET_CONTAINS,aux_sym_simple_identifier_token1_character_set_2,,set_contains
p_swift_set_aux_sym_simple_identifier_token1_character_set_2,swift,ts_lex,0,SET_CONTAINS,aux_sym_simple_identifier_token1_character_set_2,,set_contains
p_swift_set_aux_sym_simple_identifier_token1_character_set_2,swift,ts_lex,0,SET_CONTAINS,aux_sym_simple_identifier_token1_character_set_2,,set_contains
p_swift_set_aux_sym_simple_identifier_token1_character_set_2,swift,ts_lex,0,SET_CONTAINS,aux_sym_simple_identifier_token1_character_set_2,,set_contains
p_swift_set_aux_sym_simple_identifier_token1_character_set_2,swift,ts_lex,0,SET_CONTAINS,aux_sym_simple_identifier_token1_character_set_2,,set_contains
p_swift_set_aux_sym_simple_identifier_token1_character_set_2,swift,ts_lex,0,SET_CONTAINS,aux_sym_simple_identifier_token1_character_set_2,,set_contains
p_swift_set_aux_sym_simple_identifier_token1_character_set_2,swift,ts_lex,0,SET_CONTAINS,aux_sym_simple_identifier_token1_character_set_2,,set_contains
p_swift_set_aux_sym_simple_identifier_token1_character_set_2,swift,ts_lex,0,SET_CONTAINS,aux_sym_simple_identifier_token1_character_set_2,,set_contains
p_swift_set_aux_sym_simple_identifier_token1_character_set_2,swift,ts_lex,0,SET_CONTAINS,aux_sym_simple_identifier_token1_character_set_2,,set_contains
p_swift_set_aux_sym_simple_identifier_token1_character_set_2,swift,ts_lex,0,SET_CONTAINS,aux_sym_simple_identifier_token1_character_set_2,,set_contains
p_swift_set_aux_sym_simple_identifier_token1_character_set_2,swift,ts_lex,0,SET_CONTAINS,aux_sym_simple_identifier_token1_character_set_2,,set_contains
p_swift_set_aux_sym_simple_identifier_token1_character_set_2,swift,ts_lex,0,SET_CONTAINS,aux_sym_simple_identifier_token1_character_set_2,,set_contains
p_swift_set_aux_sym_simple_identifier_token1_character_set_2,swift,ts_lex,0,SET_CONTAINS,aux_sym_simple_identifier_token1_character_set_2,,set_contains
p_swift_set_aux_sym_simple_identifier_token1_character_set_2,swift,ts_lex,0,SET_CONTAINS,aux_sym_simple_identifier_token1_character_set_2,,set_contains
p_swift_set_aux_sym_simple_identifier_token1_character_set_2,swift,ts_lex,0,SET_CONTAINS,aux_sym_simple_identifier_token1_character_set_2,,set_contains
p_swift_set_aux_sym_simple_identifier_token1_character_set_2,swift,ts_lex,0,SET_CONTAINS,aux_sym_simple_identifier_token1_character_set_2,,set_contains
p_swift_set_aux_sym_simple_identifier_token1_character_set_2,swift,ts_lex,0,SET_CONTAINS,aux_sym_simple_identifier_token1_character_set_2,,set_contains
p_swift_set_aux_sym_simple_identifier_token1_character_set_2,swift,ts_lex,0,SET_CONTAINS,aux_sym_simple_identifier_token1_character_set_2,,set_contains
p_swift_set_aux_sym_simple_identifier_token1_character_set_2,swift,ts_lex,0,SET_CONTAINS,aux_sym_simple_identifier_token1_character_set_2,,set_contains
p_swift_set_aux_sym_simple_identifier_token1_character_set_2,swift,ts_lex,0,SET_CONTAINS,aux_sym_simple_identifier_token1_character_set_2,,set_contains
p_swift_set_aux_sym_simple_identifier_token1_character_set_2,swift,ts_lex,0,SET_CONTAINS,aux_sym_simple_identifier_token1_character_set_2,,set_contains
p_swift_set_aux_sym_simple_identifier_token1_character_set_2,swift,ts_lex,0,SET_CONTAINS,aux_sym_simple_identifier_token1_character_set_2,,set_contains
p_swift_set_aux_sym_simple_identifier_token1_character_set_2,swift,ts_lex,0,SET_CONTAINS,aux_sym_simple_identifier_token1_character_set_2,,set_contains
p_swift_set_aux_sym_simple_identifier_token1_character_set_2,swift,ts_lex,0,SET_CONTAINS,aux_sym_simple_identifier_token1_character_set_2,,set_contains
p_swift_set_aux_sym_simple_identifier_token1_character_set_2,swift,ts_lex,0,SET_CONTAINS,aux_sym_simple_identifier_token1_character_set_2,,set_contains
p_swift_set_aux_sym_simple_identifier_token1_character_set_2,swift,ts_lex,0,SET_CONTAINS,aux_sym_simple_identifier_token1_character_set_2,,set_contains
p_swift_set_aux_sym_simple_identifier_token1_character_set_2,swift,ts_lex,0,SET_CONTAINS,aux_sym_simple_identifier_token1_character_set_2,,set_contains
p_swift_set_aux_sym_simple_identifier_token1_character_set_2,swift,ts_lex,0,SET_CONTAINS,aux_sym_simple_identifier_token1_character_set_2,,set_contains
p_swift_set_aux_sym_simple_identifier_token1_character_set_2,swift,ts_lex,0,SET_CONTAINS,aux_sym_simple_identifier_token1_character_set_2,,set_contains
p_swift_set_aux_sym_simple_identifier_token1_character_set_2,swift,ts_lex,0,SET_CONTAINS,aux_sym_simple_identifier_token1_character_set_2,,set_contains
p_swift_set_aux_sym_simple_identifier_token1_character_set_2,swift,ts_lex,0,SET_CONTAINS,aux_sym_simple_identifier_token1_character_set_2,,set_contains
p_swift_set_aux_sym_simple_identifier_token1_character_set_2,swift,ts_lex,0,SET_CONTAINS,aux_sym_simple_identifier_token1_character_set_2,,set_contains
p_swift_set_aux_sym_simple_identifier_token1_character_set_2,swift,ts_lex,0,SET_CONTAINS,aux_sym_simple_identifier_token1_character_set_2,,set_contains
p_swift_set_aux_sym_simple_identifier_token1_character_set_2,swift,ts_lex,0,SET_CONTAINS,aux_sym_simple_identifier_token1_character_set_2,,set_contains
p_swift_set_aux_sym_simple_identifier_token1_character_set_2,swift,ts_lex,0,SET_CONTAINS,aux_sym_simple_identifier_token1_character_set_2,,set_contains
p_swift_set_aux_sym_simple_identifier_token1_character_set_2,swift,ts_lex,0,SET_CONTAINS,aux_sym_simple_identifier_token1_character_set_2,,set_contains
p_swift_set_aux_sym_simple_identifier_token1_character_set_2,swift,ts_lex,0,SET_CONTAINS,aux_sym_simple_identifier_token1_character_set_2,,set_contains
p_swift_set_aux_sym_simple_identifier_token1_character_set_2,swift,ts_lex,0,SET_CONTAINS,aux_sym_simple_identifier_token1_character_set_2,,set_contains
p_swift_set_aux_sym_simple_identifier_token1_character_set_2,swift,ts_lex,0,SET_CONTAINS,aux_sym_simple_identifier_token1_character_set_2,,set_contains
p_swift_set_aux_sym_simple_identifier_token1_character_set_2,swift,ts_lex,0,SET_CONTAINS,aux_sym_simple_identifier_token1_character_set_2,,set_contains
p_swift_set_aux_sym_simple_identifier_token1_character_set_2,swift,ts_lex,0,SET_CONTAINS,aux_sym_simple_identifier_token1_character_set_2,,set_contains
p_swift_set_aux_sym_simple_identifier_token1_character_set_2,swift,ts_lex,0,SET_CONTAINS,aux_sym_simple_identifier_token1_character_set_2,,set_contains
p_swift_set_aux_sym_simple_identifier_token1_character_set_2,swift,ts_lex,0,SET_CONTAINS,aux_sym_simple_identifier_token1_character_set_2,,set_contains
p_swift_set_aux_sym_simple_identifier_token1_character_set_2,swift,ts_lex,0,SET_CONTAINS,aux_sym_simple_identifier_token1_character_set_2,,set_contains
p_swift_set_aux_sym_simple_identifier_token1_character_set_2,swift,ts_lex,0,SET_CONTAINS,aux_sym_simple_identifier_token1_character_set_2,,set_contains
p_swift_set_aux_sym_simple_identifier_token1_character_set_2,swift,ts_lex,0,SET_CONTAINS,aux_sym_simple_identifier_token1_character_set_2,,set_contains
p_swift_set_aux_sym_simple_identifier_token1_character_set_2,swift,ts_lex,0,SET_CONTAINS,aux_sym_simple_identifier_token1_character_set_2,,set_contains
p_swift_set_aux_sym_simple_identifier_token1_character_set_2,swift,ts_lex,0,SET_CONTAINS,aux_sym_simple_identifier_token1_character_set_2,,set_contains
p_swift_set_aux_sym_simple_identifier_token1_character_set_2,swift,ts_lex,0,SET_CONTAINS,aux_sym_simple_identifier_token1_character_set_2,,set_contains
p_swift_set_aux_sym_simple_identifier_token1_character_set_2,swift,ts_lex,0,SET_CONTAINS,aux_sym_simple_identifier_token1_character_set_2,,set_contains
p_swift_set_aux_sym_simple_identifier_token1_character_set_2,swift,ts_lex,0,SET_CONTAINS,aux_sym_simple_identifier_token1_character_set_2,,set_contains
p_swift_set_aux_sym_simple_identifier_token1_character_set_2,swift,ts_lex,0,SET_CONTAINS,aux_sym_simple_identifier_token1_character_set_2,,set_contains
p_swift_set_aux_sym_simple_identifier_token1_character_set_2,swift,ts_lex,0,SET_CONTAINS,aux_sym_simple_identifier_token1_character_set_2,,set_contains
p_swift_set_aux_sym_simple_identifier_token1_character_set_2,swift,ts_lex,0,SET_CONTAINS,aux_sym_simple_identifier_token1_character_set_2,,set_contains
p_swift_set_aux_sym_simple_identifier_token1_character_set_2,swift,ts_lex,0,SET_CONTAINS,aux_sym_simple_identifier_token1_character_set_2,,set_contains
p_swift_set_aux_sym_simple_identifier_token1_character_set_2,swift,ts_lex,0,SET_CONTAINS,aux_sym_simple_identifier_token1_character_set_2,,set_contains
p_swift_set_aux_sym_simple_identifier_token1_character_set_2,swift,ts_lex,0,SET_CONTAINS,aux_sym_simple_identifier_token1_character_set_2,,set_contains
p_swift_set_aux_sym_simple_identifier_token1_character_set_2,swift,ts_lex,0,SET_CONTAINS,aux_sym_simple_identifier_token1_character_set_2,,set_contains
p_swift_set_aux_sym_simple_identifier_token1_character_set_2,swift,ts_lex,0,SET_CONTAINS,aux_sym_simple_identifier_token1_character_set_2,,set_contains
p_swift_set_aux_sym_simple_identifier_token1_character_set_2,swift,ts_lex,0,SET_CONTAINS,aux_sym_simple_identifier_token1_character_set_2,,set_contains
p_swift_set_aux_sym_simple_identifier_token1_character_set_2,swift,ts_lex,0,SET_CONTAINS,aux_sym_simple_identifier_token1_character_set_2,,set_contains
p_swift_set_aux_sym_simple_identifier_token1_character_set_2,swift,ts_lex,0,SET_CONTAINS,aux_sym_simple_identifier_token1_character_set_2,,set_contains
p_swift_set_aux_sym_simple_identifier_token1_character_set_2,swift,ts_lex,0,SET_CONTAINS,aux_sym_simple_identifier_token1_character_set_2,,set_contains
p_swift_set_aux_sym_simple_identifier_token1_character_set_2,swift,ts_lex,0,SET_CONTAINS,aux_sym_simple_identifier_token1_character_set_2,,set_contains
p_swift_set_aux_sym_simple_identifier_token1_character_set_2,swift,ts_lex,0,SET_CONTAINS,aux_sym_simple_identifier_token1_character_set_2,,set_contains
p_swift_set_aux_sym_simple_identifier_token1_character_set_2,swift,ts_lex,0,SET_CONTAINS,aux_sym_simple_identifier_token1_character_set_2,,set_contains
p_swift_set_aux_sym_simple_identifier_token1_character_set_2,swift,ts_lex,0,SET_CONTAINS,aux_sym_simple_identifier_token1_character_set_2,,set_contains
p_swift_set_aux_sym_simple_identifier_token1_character_set_2,swift,ts_lex,0,SET_CONTAINS,aux_sym_simple_identifier_token1_character_set_2,,set_contains
p_swift_set_aux_sym_simple_identifier_token1_character_set_2,swift,ts_lex,0,SET_CONTAINS,aux_sym_simple_identifier_token1_character_set_2,,set_contains
p_swift_set_aux_sym_simple_identifier_token1_character_set_2,swift,ts_lex,0,SET_CONTAINS,aux_sym_simple_identifier_token1_character_set_2,,set_contains
p_swift_set_aux_sym_simple_identifier_token1_character_set_2,swift,ts_lex,0,SET_CONTAINS,aux_sym_simple_identifier_token1_character_set_2,,set_contains
p_swift_set_aux_sym_simple_identifier_token1_character_set_2,swift,ts_lex,0,SET_CONTAINS,aux_sym_simple_identifier_token1_character_set_2,,set_contains
p_swift_set_aux_sym_simple_identifier_token1_character_set_2,swift,ts_lex,0,SET_CONTAINS,aux_sym_simple_identifier_token1_character_set_2,,set_contains
p_swift_set_aux_sym_simple_identifier_token1_character_set_2,swift,ts_lex,0,SET_CONTAINS,aux_sym_simple_identifier_token1_character_set_2,,set_contains
p_swift_set_aux_sym_simple_identifier_token1_character_set_2,swift,ts_lex,0,SET_CONTAINS,aux_sym_simple_identifier_token1_character_set_2,,set_contains
p_swift_set_aux_sym_simple_identifier_token1_character_set_2,swift,ts_lex,0,SET_CONTAINS,aux_sym_simple_identifier_token1_character_set_2,,set_contains
p_swift_set_aux_sym_simple_identifier_token1_character_set_2,swift,ts_lex,0,SET_CONTAINS,aux_sym_simple_identifier_token1_character_set_2,,set_contains
p_swift_set_aux_sym_simple_identifier_token1_character_set_2,swift,ts_lex,0,SET_CONTAINS,aux_sym_simple_identifier_token1_character_set_2,,set_contains
p_swift_set_aux_sym_simple_identifier_token1_character_set_2,swift,ts_lex,0,SET_CONTAINS,aux_sym_simple_identifier_token1_character_set_2,,set_contains
p_swift_set_aux_sym_simple_identifier_token1_character_set_2,swift,ts_lex,0,SET_CONTAINS,aux_sym_simple_identifier_token1_character_set_2,,set_contains
p_swift_set_aux_sym_simple_identifier_token1_character_set_2,swift,ts_lex,0,SET_CONTAINS,aux_sym_simple_identifier_token1_character_set_2,,set_contains
p_swift_set_aux_sym_simple_identifier_token1_character_set_2,swift,ts_lex,0,SET_CONTAINS,aux_sym_simple_identifier_token1_character_set_2,,set_contains
p_swift_set_aux_sym_simple_identifier_token1_character_set_2,swift,ts_lex,0,SET_CONTAINS,aux_sym_simple_identifier_token1_character_set_2,,set_contains
p_swift_set_aux_sym_simple_identifier_token1_character_set_2,swift,ts_lex,0,SET_CONTAINS,aux_sym_simple_identifier_token1_character_set_2,,set_contains
p_swift_set_aux_sym_simple_identifier_token1_character_set_2,swift,ts_lex,0,SET_CONTAINS,aux_sym_simple_identifier_token1_character_set_2,,set_contains
p_swift_set_aux_sym_simple_identifier_token1_character_set_2,swift,ts_lex,0,SET_CONTAINS,aux_sym_simple_identifier_token1_character_set_2,,set_contains
p_swift_set_aux_sym_simple_identifier_token1_character_set_2,swift,ts_lex,0,SET_CONTAINS,aux_sym_simple_identifier_token1_character_set_2,,set_contains
p_swift_set_aux_sym_simple_identifier_token1_character_set_2,swift,ts_lex,0,SET_CONTAINS,aux_sym_simple_identifier_token1_character_set_2,,set_contains
p_swift_set_aux_sym_simple_identifier_token1_character_set_2,swift,ts_lex,0,SET_CONTAINS,aux_sym_simple_identifier_token1_character_set_2,,set_contains
p_swift_set_aux_sym_simple_identifier_token1_character_set_2,swift,ts_lex,0,SET_CONTAINS,aux_sym_simple_identifier_token1_character_set_2,,set_contains
p_swift_set_aux_sym_simple_identifier_token1_character_set_2,swift,ts_lex,0,SET_CONTAINS,aux_sym_simple_identifier_token1_character_set_2,,set_contains
p_swift_set_aux_sym_simple_identifier_token1_character_set_2,swift,ts_lex,0,SET_CONTAINS,aux_sym_simple_identifier_token1_character_set_2,,set_contains
p_swift_set_aux_sym_simple_identifier_token1_character_set_2,swift,ts_lex,0,SET_CONTAINS,aux_sym_simple_identifier_token1_character_set_2,,set_contains
p_swift_set_aux_sym_simple_identifier_token1_character_set_2,swift,ts_lex,0,SET_CONTAINS,aux_sym_simple_identifier_token1_character_set_2,,set_contains
p_swift_set_aux_sym_simple_identifier_token1_character_set_2,swift,ts_lex,0,SET_CONTAINS,aux_sym_simple_identifier_token1_character_set_2,,set_contains
p_swift_set_aux_sym_simple_identifier_token1_character_set_2,swift,ts_lex,0,SET_CONTAINS,aux_sym_simple_identifier_token1_character_set_2,,set_contains
p_swift_set_aux_sym_simple_identifier_token1_character_set_2,swift,ts_lex,0,SET_CONTAINS,aux_sym_simple_identifier_token1_character_set_2,,set_contains
p_swift_set_aux_sym_simple_identifier_token1_character_set_2,swift,ts_lex,0,SET_CONTAINS,aux_sym_simple_identifier_token1_character_set_2,,set_contains
p_swift_set_aux_sym_simple_identifier_token1_character_set_2,swift,ts_lex,0,SET_CONTAINS,aux_sym_simple_identifier_token1_character_set_2,,set_contains
p_swift_set_aux_sym_simple_identifier_token1_character_set_2,swift,ts_lex,0,SET_CONTAINS,aux_sym_simple_identifier_token1_character_set_2,,set_contains
p_swift_set_aux_sym_simple_identifier_token1_character_set_2,swift,ts_lex,0,SET_CONTAINS,aux_sym_simple_identifier_token1_character_set_2,,set_contains
p_swift_set_aux_sym_simple_identifier_token1_character_set_2,swift,ts_lex,0,SET_CONTAINS,aux_sym_simple_identifier_token1_character_set_2,,set_contains
p_swift_set_aux_sym_simple_identifier_token1_character_set_2,swift,ts_lex,0,SET_CONTAINS,aux_sym_simple_identifier_token1_character_set_2,,set_contains
p_swift_set_aux_sym_simple_identifier_token1_character_set_2,swift,ts_lex,0,SET_CONTAINS,aux_sym_simple_identifier_token1_character_set_2,,set_contains
p_swift_set_aux_sym_simple_identifier_token1_character_set_2,swift,ts_lex,0,SET_CONTAINS,aux_sym_simple_identifier_token1_character_set_2,,set_contains
p_swift_set_aux_sym_simple_identifier_token1_character_set_2,swift,ts_lex,0,SET_CONTAINS,aux_sym_simple_identifier_token1_character_set_2,,set_contains
p_swift_set_aux_sym_simple_identifier_token1_character_set_2,swift,ts_lex,0,SET_CONTAINS,aux_sym_simple_identifier_token1_character_set_2,,set_contains
p_swift_set_aux_sym_simple_identifier_token1_character_set_2,swift,ts_lex,0,SET_CONTAINS,aux_sym_simple_identifier_token1_character_set_2,,set_contains
p_swift_set_aux_sym_simple_identifier_token1_character_set_2,swift,ts_lex,0,SET_CONTAINS,aux_sym_simple_identifier_token1_character_set_2,,set_contains
p_swift_set_aux_sym_simple_identifier_token1_character_set_2,swift,ts_lex,0,SET_CONTAINS,aux_sym_simple_identifier_token1_character_set_2,,set_contains
p_swift_set_aux_sym_simple_identifier_token1_character_set_2,swift,ts_lex,0,SET_CONTAINS,aux_sym_simple_identifier_token1_character_set_2,,set_contains
p_swift_set_aux_sym_simple_identifier_token1_character_set_2,swift,ts_lex,0,SET_CONTAINS,aux_sym_simple_identifier_token1_character_set_2,,set_contains
p_swift_set_aux_sym_simple_identifier_token1_character_set_2,swift,ts_lex,0,SET_CONTAINS,aux_sym_simple_identifier_token1_character_set_2,,set_contains
p_swift_set_aux_sym_simple_identifier_token1_character_set_2,swift,ts_lex,0,SET_CONTAINS,aux_sym_simple_identifier_token1_character_set_2,,set_contains
p_swift_set_aux_sym_simple_identifier_token1_character_set_2,swift,ts_lex,0,SET_CONTAINS,aux_sym_simple_identifier_token1_character_set_2,,set_contains
p_swift_set_aux_sym_simple_identifier_token1_character_set_2,swift,ts_lex,0,SET_CONTAINS,aux_sym_simple_identifier_token1_character_set_2,,set_contains
p_swift_set_aux_sym_simple_identifier_token1_character_set_2,swift,ts_lex,0,SET_CONTAINS,aux_sym_simple_identifier_token1_character_set_2,,set_contains
p_swift_set_aux_sym_simple_identifier_token1_character_set_2,swift,ts_lex,0,SET_CONTAINS,aux_sym_simple_identifier_token1_character_set_2,,set_contains
p_swift_set_aux_sym_simple_identifier_token1_character_set_2,swift,ts_lex,0,SET_CONTAINS,aux_sym_simple_identifier_token1_character_set_2,,set_contains
p_swift_set_aux_sym_simple_identifier_token1_character_set_2,swift,ts_lex,0,SET_CONTAINS,aux_sym_simple_identifier_token1_character_set_2,,set_contains
p_swift_set_aux_sym_simple_identifier_token1_character_set_2,swift,ts_lex,0,SET_CONTAINS,aux_sym_simple_identifier_token1_character_set_2,,set_contains
p_swift_set_aux_sym_simple_identifier_token1_character_set_2,swift,ts_lex,0,SET_CONTAINS,aux_sym_simple_identifier_token1_character_set_2,,set_contains
p_swift_set_aux_sym_simple_identifier_token1_character_set_2,swift,ts_lex,0,SET_CONTAINS,aux_sym_simple_identifier_token1_character_set_2,,set_contains
p_swift_set_aux_sym_simple_identifier_token1_character_set_2,swift,ts_lex,0,SET_CONTAINS,aux_sym_simple_identifier_token1_character_set_2,,set_contains
p_swift_set_aux_sym_simple_identifier_token1_character_set_2,swift,ts_lex,0,SET_CONTAINS,aux_sym_simple_identifier_token1_character_set_2,,set_contains
p_swift_set_aux_sym_simple_identifier_token1_character_set_2,swift,ts_lex,0,SET_CONTAINS,aux_sym_simple_identifier_token1_character_set_2,,set_contains
p_swift_set_aux_sym_simple_identifier_token1_character_set_2,swift,ts_lex,0,SET_CONTAINS,aux_sym_simple_identifier_token1_character_set_2,,set_contains
p_swift_set_aux_sym_simple_identifier_token1_character_set_2,swift,ts_lex,0,SET_CONTAINS,aux_sym_simple_identifier_token1_character_set_2,,set_contains
p_swift_set_aux_sym_simple_identifier_token1_character_set_2,swift,ts_lex,0,SET_CONTAINS,aux_sym_simple_identifier_token1_character_set_2,,set_contains
p_swift_set_aux_sym_simple_identifier_token1_character_set_2,swift,ts_lex,0,SET_CONTAINS,aux_sym_simple_identifier_token1_character_set_2,,set_contains
p_swift_set_aux_sym_simple_identifier_token1_character_set_2,swift,ts_lex,0,SET_CONTAINS,aux_sym_simple_identifier_token1_character_set_2,,set_contains
p_swift_set_aux_sym_simple_identifier_token1_character_set_2,swift,ts_lex,0,SET_CONTAINS,aux_sym_simple_identifier_token1_character_set_2,,set_contains
p_swift_set_aux_sym_simple_identifier_token1_character_set_2,swift,ts_lex,0,SET_CONTAINS,aux_sym_simple_identifier_token1_character_set_2,,set_contains
p_swift_set_aux_sym_simple_identifier_token1_character_set_2,swift,ts_lex,0,SET_CONTAINS,aux_sym_simple_identifier_token1_character_set_2,,set_contains
p_swift_set_aux_sym_simple_identifier_token1_character_set_2,swift,ts_lex,0,SET_CONTAINS,aux_sym_simple_identifier_token1_character_set_2,,set_contains
p_swift_set_aux_sym_simple_identifier_token1_character_set_2,swift,ts_lex,0,SET_CONTAINS,aux_sym_simple_identifier_token1_character_set_2,,set_contains
p_swift_set_aux_sym_simple_identifier_token1_character_set_2,swift,ts_lex,0,SET_CONTAINS,aux_sym_simple_identifier_token1_character_set_2,,set_contains
p_swift_set_aux_sym_simple_identifier_token1_character_set_2,swift,ts_lex,0,SET_CONTAINS,aux_sym_simple_identifier_token1_character_set_2,,set_contains
p_swift_set_aux_sym_simple_identifier_token1_character_set_2,swift,ts_lex,0,SET_CONTAINS,aux_sym_simple_identifier_token1_character_set_2,,set_contains
p_swift_set_aux_sym_simple_identifier_token1_character_set_2,swift,ts_lex,0,SET_CONTAINS,aux_sym_simple_identifier_token1_character_set_2,,set_contains
p_swift_set_aux_sym_simple_identifier_token1_character_set_2,swift,ts_lex,0,SET_CONTAINS,aux_sym_simple_identifier_token1_character_set_2,,set_contains
p_swift_set_aux_sym_simple_identifier_token1_character_set_2,swift,ts_lex,0,SET_CONTAINS,aux_sym_simple_identifier_token1_character_set_2,,set_contains
p_swift_set_aux_sym_simple_identifier_token1_character_set_2,swift,ts_lex,0,SET_CONTAINS,aux_sym_simple_identifier_token1_character_set_2,,set_contains
p_swift_set_aux_sym_simple_identifier_token1_character_set_2,swift,ts_lex,0,SET_CONTAINS,aux_sym_simple_identifier_token1_character_set_2,,set_contains
p_swift_set_aux_sym_simple_identifier_token1_character_set_2,swift,ts_lex,0,SET_CONTAINS,aux_sym_simple_identifier_token1_character_set_2,,set_contains
p_swift_set_aux_sym_simple_identifier_token1_character_set_2,swift,ts_lex,0,SET_CONTAINS,aux_sym_simple_identifier_token1_character_set_2,,set_contains
p_swift_set_aux_sym_simple_identifier_token1_character_set_2,swift,ts_lex,0,SET_CONTAINS,aux_sym_simple_identifier_token1_character_set_2,,set_contains
p_swift_set_aux_sym_simple_identifier_token1_character_set_2,swift,ts_lex,0,SET_CONTAINS,aux_sym_simple_identifier_token1_character_set_2,,set_contains
p_swift_set_aux_sym_simple_identifier_token1_character_set_2,swift,ts_lex,0,SET_CONTAINS,aux_sym_simple_identifier_token1_character_set_2,,set_contains
p_swift_set_aux_sym_simple_identifier_token1_character_set_2,swift,ts_lex,0,SET_CONTAINS,aux_sym_simple_identifier_token1_character_set_2,,set_contains
p_swift_set_aux_sym_simple_identifier_token1_character_set_2,swift,ts_lex,0,SET_CONTAINS,aux_sym_simple_identifier_token1_character_set_2,,set_contains
p_swift_set_aux_sym_simple_identifier_token1_character_set_2,swift,ts_lex,0,SET_CONTAINS,aux_sym_simple_identifier_token1_character_set_2,,set_contains
p_swift_set_aux_sym_simple_identifier_token1_character_set_2,swift,ts_lex,0,SET_CONTAINS,aux_sym_simple_identifier_token1_character_set_2,,set_contains
p_swift_set_aux_sym_simple_identifier_token1_character_set_2,swift,ts_lex,0,SET_CONTAINS,aux_sym_simple_identifier_token1_character_set_2,,set_contains
p_swift_set_aux_sym_simple_identifier_token1_character_set_2,swift,ts_lex,0,SET_CONTAINS,aux_sym_simple_identifier_token1_character_set_2,,set_contains
p_swift_set_aux_sym_simple_identifier_token1_character_set_2,swift,ts_lex,0,SET_CONTAINS,aux_sym_simple_identifier_token1_character_set_2,,set_contains
p_swift_set_aux_sym_simple_identifier_token1_character_set_2,swift,ts_lex,0,SET_CONTAINS,aux_sym_simple_identifier_token1_character_set_2,,set_contains
p_swift_set_aux_sym_simple_identifier_token1_character_set_2,swift,ts_lex,0,SET_CONTAINS,aux_sym_simple_identifier_token1_character_set_2,,set_contains
p_swift_set_aux_sym_simple_identifier_token1_character_set_2,swift,ts_lex,0,SET_CONTAINS,aux_sym_simple_identifier_token1_character_set_2,,set_contains
p_swift_set_aux_sym_simple_identifier_token1_character_set_2,swift,ts_lex,0,SET_CONTAINS,aux_sym_simple_identifier_token1_character_set_2,,set_contains
p_swift_set_aux_sym_simple_identifier_token1_character_set_2,swift,ts_lex,0,SET_CONTAINS,aux_sym_simple_identifier_token1_character_set_2,,set_contains
p_swift_set_aux_sym_simple_identifier_token1_character_set_2,swift,ts_lex,0,SET_CONTAINS,aux_sym_simple_identifier_token1_character_set_2,,set_contains
p_swift_set_aux_sym_simple_identifier_token1_character_set_2,swift,ts_lex,0,SET_CONTAINS,aux_sym_simple_identifier_token1_character_set_2,,set_contains
p_swift_set_aux_sym_simple_identifier_token1_character_set_2,swift,ts_lex,0,SET_CONTAINS,aux_sym_simple_identifier_token1_character_set_2,,set_contains
p_swift_set_aux_sym_simple_identifier_token1_character_set_2,swift,ts_lex,0,SET_CONTAINS,aux_sym_simple_identifier_token1_character_set_2,,set_contains
p_swift_set_aux_sym_simple_identifier_token1_character_set_2,swift,ts_lex,0,SET_CONTAINS,aux_sym_simple_identifier_token1_character_set_2,,set_contains
p_swift_set_aux_sym_simple_identifier_token1_character_set_2,swift,ts_lex,0,SET_CONTAINS,aux_sym_simple_identifier_token1_character_set_2,,set_contains
p_swift_set_aux_sym_simple_identifier_token1_character_set_2,swift,ts_lex,0,SET_CONTAINS,aux_sym_simple_identifier_token1_character_set_2,,set_contains
p_swift_set_aux_sym_simple_identifier_token1_character_set_2,swift,ts_lex,0,SET_CONTAINS,aux_sym_simple_identifier_token1_character_set_2,,set_contains
p_swift_set_aux_sym_simple_identifier_token1_character_set_2,swift,ts_lex,0,SET_CONTAINS,aux_sym_simple_identifier_token1_character_set_2,,set_contains
p_swift_set_aux_sym_simple_identifier_token1_character_set_2,swift,ts_lex,0,SET_CONTAINS,aux_sym_simple_identifier_token1_character_set_2,,set_contains
p_swift_set_aux_sym_simple_identifier_token1_character_set_2,swift,ts_lex,0,SET_CONTAINS,aux_sym_simple_identifier_token1_character_set_2,,set_contains
p_swift_set_aux_sym_simple_identifier_token1_character_set_2,swift,ts_lex,0,SET_CONTAINS,aux_sym_simple_identifier_token1_character_set_2,,set_contains
p_swift_set_aux_sym_simple_identifier_token1_character_set_2,swift,ts_lex,0,SET_CONTAINS,aux_sym_simple_identifier_token1_character_set_2,,set_contains
p_swift_set_aux_sym_simple_identifier_token1_character_set_2,swift,ts_lex,0,SET_CONTAINS,aux_sym_simple_identifier_token1_character_set_2,,set_contains
p_swift_set_aux_sym_simple_identifier_token1_character_set_2,swift,ts_lex,0,SET_CONTAINS,aux_sym_simple_identifier_token1_character_set_2,,set_contains
p_swift_set_aux_sym_simple_identifier_token1_character_set_2,swift,ts_lex,0,SET_CONTAINS,aux_sym_simple_identifier_token1_character_set_2,,set_contains
p_swift_set_aux_sym_simple_identifier_token1_character_set_2,swift,ts_lex,0,SET_CONTAINS,aux_sym_simple_identifier_token1_character_set_2,,set_contains
p_swift_set_aux_sym_simple_identifier_token1_character_set_2,swift,ts_lex,0,SET_CONTAINS,aux_sym_simple_identifier_token1_character_set_2,,set_contains
p_swift_set_aux_sym_simple_identifier_token1_character_set_2,swift,ts_lex,0,SET_CONTAINS,aux_sym_simple_identifier_token1_character_set_2,,set_contains
p_swift_set_aux_sym_simple_identifier_token1_character_set_2,swift,ts_lex,0,SET_CONTAINS,aux_sym_simple_identifier_token1_character_set_2,,set_contains
p_swift_set_aux_sym_simple_identifier_token1_character_set_2,swift,ts_lex,0,SET_CONTAINS,aux_sym_simple_identifier_token1_character_set_2,,set_contains
p_swift_set_aux_sym_simple_identifier_token1_character_set_2,swift,ts_lex,0,SET_CONTAINS,aux_sym_simple_identifier_token1_character_set_2,,set_contains
p_swift_set_aux_sym_simple_identifier_token1_character_set_2,swift,ts_lex,0,SET_CONTAINS,aux_sym_simple_identifier_token1_character_set_2,,set_contains
p_swift_set_aux_sym_simple_identifier_token1_character_set_2,swift,ts_lex,0,SET_CONTAINS,aux_sym_simple_identifier_token1_character_set_2,,set_contains
p_swift_set_aux_sym_simple_identifier_token1_character_set_2,swift,ts_lex,0,SET_CONTAINS,aux_sym_simple_identifier_token1_character_set_2,,set_contains
p_swift_set_aux_sym_simple_identifier_token1_character_set_2,swift,ts_lex,0,SET_CONTAINS,aux_sym_simple_identifier_token1_character_set_2,,set_contains
p_swift_set_aux_sym_simple_identifier_token1_character_set_2,swift,ts_lex,0,SET_CONTAINS,aux_sym_simple_identifier_token1_character_set_2,,set_contains
p_swift_set_aux_sym_simple_identifier_token1_character_set_2,swift,ts_lex,0,SET_CONTAINS,aux_sym_simple_identifier_token1_character_set_2,,set_contains
p_swift_set_aux_sym_simple_identifier_token1_character_set_2,swift,ts_lex,0,SET_CONTAINS,aux_sym_simple_identifier_token1_character_set_2,,set_contains
p_swift_set_aux_sym_simple_identifier_token1_character_set_2,swift,ts_lex,0,SET_CONTAINS,aux_sym_simple_identifier_token1_character_set_2,,set_contains
p_swift_set_aux_sym_simple_identifier_token1_character_set_2,swift,ts_lex,0,SET_CONTAINS,aux_sym_simple_identifier_token1_character_set_2,,set_contains
p_swift_set_aux_sym_simple_identifier_token1_character_set_2,swift,ts_lex,0,SET_CONTAINS,aux_sym_simple_identifier_token1_character_set_2,,set_contains
p_swift_set_aux_sym_simple_identifier_token1_character_set_2,swift,ts_lex,0,SET_CONTAINS,aux_sym_simple_identifier_token1_character_set_2,,set_contains
p_swift_set_aux_sym_simple_identifier_token1_character_set_2,swift,ts_lex,0,SET_CONTAINS,aux_sym_simple_identifier_token1_character_set_2,,set_contains
p_swift_set_aux_sym_simple_identifier_token1_character_set_2,swift,ts_lex,0,SET_CONTAINS,aux_sym_simple_identifier_token1_character_set_2,,set_contains
p_swift_set_aux_sym_simple_identifier_token1_character_set_2,swift,ts_lex,0,SET_CONTAINS,aux_sym_simple_identifier_token1_character_set_2,,set_contains
p_swift_set_aux_sym_simple_identifier_token1_character_set_2,swift,ts_lex,0,SET_CONTAINS,aux_sym_simple_identifier_token1_character_set_2,,set_contains
p_swift_set_aux_sym_simple_identifier_token1_character_set_2,swift,ts_lex,0,SET_CONTAINS,aux_sym_simple_identifier_token1_character_set_2,,set_contains
p_swift_set_aux_sym_simple_identifier_token1_character_set_2,swift,ts_lex,0,SET_CONTAINS,aux_sym_simple_identifier_token1_character_set_2,,set_contains
p_swift_set_aux_sym_simple_identifier_token1_character_set_2,swift,ts_lex,0,SET_CONTAINS,aux_sym_simple_identifier_token1_character_set_2,,set_contains
p_swift_set_aux_sym_simple_identifier_token1_character_set_2,swift,ts_lex,0,SET_CONTAINS,aux_sym_simple_identifier_token1_character_set_2,,set_contains
p_swift_set_aux_sym_simple_identifier_token1_character_set_2,swift,ts_lex,0,SET_CONTAINS,aux_sym_simple_identifier_token1_character_set_2,,set_contains
p_swift_set_aux_sym_simple_identifier_token1_character_set_2,swift,ts_lex,0,SET_CONTAINS,aux_sym_simple_identifier_token1_character_set_2,,set_contains
p_swift_set_aux_sym_simple_identifier_token1_character_set_2,swift,ts_lex,0,SET_CONTAINS,aux_sym_simple_identifier_token1_character_set_2,,set_contains
p_swift_set_aux_sym_simple_identifier_token1_character_set_2,swift,ts_lex,0,SET_CONTAINS,aux_sym_simple_identifier_token1_character_set_2,,set_contains
p_swift_set_aux_sym_simple_identifier_token1_character_set_2,swift,ts_lex,0,SET_CONTAINS,aux_sym_simple_identifier_token1_character_set_2,,set_contains
p_swift_set_aux_sym_simple_identifier_token1_character_set_2,swift,ts_lex,0,SET_CONTAINS,aux_sym_simple_identifier_token1_character_set_2,,set_contains
p_swift_set_aux_sym_simple_identifier_token1_character_set_2,swift,ts_lex,0,SET_CONTAINS,aux_sym_simple_identifier_token1_character_set_2,,set_contains
p_swift_set_aux_sym_simple_identifier_token1_character_set_2,swift,ts_lex,0,SET_CONTAINS,aux_sym_simple_identifier_token1_character_set_2,,set_contains
p_swift_set_aux_sym_simple_identifier_token1_character_set_2,swift,ts_lex,0,SET_CONTAINS,aux_sym_simple_identifier_token1_character_set_2,,set_contains
p_swift_set_aux_sym_simple_identifier_token1_character_set_2,swift,ts_lex,0,SET_CONTAINS,aux_sym_simple_identifier_token1_character_set_2,,set_contains
p_swift_set_aux_sym_simple_identifier_token1_character_set_2,swift,ts_lex,0,SET_CONTAINS,aux_sym_simple_identifier_token1_character_set_2,,set_contains
p_swift_set_aux_sym_simple_identifier_token1_character_set_2,swift,ts_lex,0,SET_CONTAINS,aux_sym_simple_identifier_token1_character_set_2,,set_contains
p_swift_set_aux_sym_simple_identifier_token1_character_set_2,swift,ts_lex,0,SET_CONTAINS,aux_sym_simple_identifier_token1_character_set_2,,set_contains
p_swift_set_aux_sym_simple_identifier_token1_character_set_2,swift,ts_lex,0,SET_CONTAINS,aux_sym_simple_identifier_token1_character_set_2,,set_contains
p_swift_set_aux_sym_simple_identifier_token1_character_set_2,swift,ts_lex,0,SET_CONTAINS,aux_sym_simple_identifier_token1_character_set_2,,set_contains
p_swift_set_aux_sym_simple_identifier_token1_character_set_2,swift,ts_lex,0,SET_CONTAINS,aux_sym_simple_identifier_token1_character_set_2,,set_contains
p_swift_set_aux_sym_simple_identifier_token1_character_set_2,swift,ts_lex,0,SET_CONTAINS,aux_sym_simple_identifier_token1_character_set_2,,set_contains
p_swift_set_aux_sym_simple_identifier_token1_character_set_2,swift,ts_lex,0,SET_CONTAINS,aux_sym_simple_identifier_token1_character_set_2,,set_contains
p_swift_set_aux_sym_simple_identifier_token1_character_set_2,swift,ts_lex,0,SET_CONTAINS,aux_sym_simple_identifier_token1_character_set_2,,set_contains
p_swift_set_aux_sym_simple_identifier_token1_character_set_2,swift,ts_lex,0,SET_CONTAINS,aux_sym_simple_identifier_token1_character_set_2,,set_contains
p_swift_set_aux_sym_simple_identifier_token1_character_set_2,swift,ts_lex,0,SET_CONTAINS,aux_sym_simple_identifier_token1_character_set_2,,set_contains
p_swift_set_aux_sym_simple_identifier_token1_character_set_2,swift,ts_lex,0,SET_CONTAINS,aux_sym_simple_identifier_token1_character_set_2,,set_contains
p_swift_set_aux_sym_simple_identifier_token1_character_set_2,swift,ts_lex,0,SET_CONTAINS,aux_sym_simple_identifier_token1_character_set_2,,set_contains
p_swift_set_aux_sym_simple_identifier_token1_character_set_2,swift,ts_lex,0,SET_CONTAINS,aux_sym_simple_identifier_token1_character_set_2,,set_contains
p_swift_set_aux_sym_simple_identifier_token1_character_set_2,swift,ts_lex,0,SET_CONTAINS,aux_sym_simple_identifier_token1_character_set_2,,set_contains
p_swift_set_aux_sym_simple_identifier_token1_character_set_2,swift,ts_lex,0,SET_CONTAINS,aux_sym_simple_identifier_token1_character_set_2,,set_contains
p_swift_set_aux_sym_simple_identifier_token1_character_set_2,swift,ts_lex,0,SET_CONTAINS,aux_sym_simple_identifier_token1_character_set_2,,set_contains
p_swift_set_aux_sym_simple_identifier_token1_character_set_2,swift,ts_lex,0,SET_CONTAINS,aux_sym_simple_identifier_token1_character_set_2,,set_contains
p_swift_set_aux_sym_simple_identifier_token1_character_set_2,swift,ts_lex,0,SET_CONTAINS,aux_sym_simple_identifier_token1_character_set_2,,set_contains
p_swift_set_aux_sym_simple_identifier_token1_character_set_2,swift,ts_lex,0,SET_CONTAINS,aux_sym_simple_identifier_token1_character_set_2,,set_contains
p_swift_set_aux_sym_simple_identifier_token1_character_set_2,swift,ts_lex,0,SET_CONTAINS,aux_sym_simple_identifier_token1_character_set_2,,set_contains
p_swift_set_aux_sym_simple_identifier_token1_character_set_2,swift,ts_lex,0,SET_CONTAINS,aux_sym_simple_identifier_token1_character_set_2,,set_contains
p_swift_set_aux_sym_simple_identifier_token1_character_set_2,swift,ts_lex,0,SET_CONTAINS,aux_sym_simple_identifier_token1_character_set_2,,set_contains
p_swift_set_aux_sym_simple_identifier_token1_character_set_2,swift,ts_lex,0,SET_CONTAINS,aux_sym_simple_identifier_token1_character_set_2,,set_contains
p_swift_set_aux_sym_simple_identifier_token1_character_set_2,swift,ts_lex,0,SET_CONTAINS,aux_sym_simple_identifier_token1_character_set_2,,set_contains
p_swift_set_aux_sym_simple_identifier_token1_character_set_2,swift,ts_lex,0,SET_CONTAINS,aux_sym_simple_identifier_token1_character_set_2,,set_contains
p_swift_set_aux_sym_simple_identifier_token1_character_set_2,swift,ts_lex,0,SET_CONTAINS,aux_sym_simple_identifier_token1_character_set_2,,set_contains
p_swift_set_aux_sym_simple_identifier_token1_character_set_2,swift,ts_lex,0,SET_CONTAINS,aux_sym_simple_identifier_token1_character_set_2,,set_contains
p_swift_set_aux_sym_simple_identifier_token1_character_set_2,swift,ts_lex,0,SET_CONTAINS,aux_sym_simple_identifier_token1_character_set_2,,set_contains
p_swift_set_aux_sym_simple_identifier_token1_character_set_2,swift,ts_lex,0,SET_CONTAINS,aux_sym_simple_identifier_token1_character_set_2,,set_contains
p_swift_set_aux_sym_simple_identifier_token1_character_set_2,swift,ts_lex,0,SET_CONTAINS,aux_sym_simple_identifier_token1_character_set_2,,set_contains
p_swift_set_aux_sym_simple_identifier_token1_character_set_2,swift,ts_lex,0,SET_CONTAINS,aux_sym_simple_identifier_token1_character_set_2,,set_contains
p_swift_set_aux_sym_simple_identifier_token1_character_set_2,swift,ts_lex,0,SET_CONTAINS,aux_sym_simple_identifier_token1_character_set_2,,set_contains
p_swift_set_aux_sym_simple_identifier_token1_character_set_2,swift,ts_lex,0,SET_CONTAINS,aux_sym_simple_identifier_token1_character_set_2,,set_contains
p_swift_set_aux_sym_simple_identifier_token1_character_set_2,swift,ts_lex,0,SET_CONTAINS,aux_sym_simple_identifier_token1_character_set_2,,set_contains
p_swift_set_aux_sym_simple_identifier_token1_character_set_2,swift,ts_lex,0,SET_CONTAINS,aux_sym_simple_identifier_token1_character_set_2,,set_contains
p_swift_set_aux_sym_simple_identifier_token1_character_set_2,swift,ts_lex,0,SET_CONTAINS,aux_sym_simple_identifier_token1_character_set_2,,set_contains
p_swift_set_aux_sym_simple_identifier_token1_character_set_2,swift,ts_lex,0,SET_CONTAINS,aux_sym_simple_identifier_token1_character_set_2,,set_contains
p_swift_set_aux_sym_simple_identifier_token1_character_set_2,swift,ts_lex,0,SET_CONTAINS,aux_sym_simple_identifier_token1_character_set_2,,set_contains
p_swift_set_aux_sym_simple_identifier_token1_character_set_2,swift,ts_lex,0,SET_CONTAINS,aux_sym_simple_identifier_token1_character_set_2,,set_contains
p_swift_set_aux_sym_simple_identifier_token1_character_set_2,swift,ts_lex,0,SET_CONTAINS,aux_sym_simple_identifier_token1_character_set_2,,set_contains
p_swift_set_aux_sym_simple_identifier_token1_character_set_2,swift,ts_lex,0,SET_CONTAINS,aux_sym_simple_identifier_token1_character_set_2,,set_contains
p_swift_set_aux_sym_simple_identifier_token1_character_set_2,swift,ts_lex,0,SET_CONTAINS,aux_sym_simple_identifier_token1_character_set_2,,set_contains
p_swift_set_aux_sym_simple_identifier_token1_character_set_2,swift,ts_lex,0,SET_CONTAINS,aux_sym_simple_identifier_token1_character_set_2,,set_contains
p_swift_set_aux_sym_simple_identifier_token1_character_set_2,swift,ts_lex,0,SET_CONTAINS,aux_sym_simple_identifier_token1_character_set_2,,set_contains
p_swift_set_aux_sym_simple_identifier_token1_character_set_2,swift,ts_lex,0,SET_CONTAINS,aux_sym_simple_identifier_token1_character_set_2,,set_contains
p_swift_set_aux_sym_simple_identifier_token1_character_set_2,swift,ts_lex,0,SET_CONTAINS,aux_sym_simple_identifier_token1_character_set_2,,set_contains
p_swift_set_aux_sym_simple_identifier_token1_character_set_2,swift,ts_lex,0,SET_CONTAINS,aux_sym_simple_identifier_token1_character_set_2,,set_contains
p_swift_set_aux_sym_simple_identifier_token1_character_set_2,swift,ts_lex,0,SET_CONTAINS,aux_sym_simple_identifier_token1_character_set_2,,set_contains
p_swift_set_aux_sym_simple_identifier_token1_character_set_2,swift,ts_lex,0,SET_CONTAINS,aux_sym_simple_identifier_token1_character_set_2,,set_contains
p_swift_set_aux_sym_simple_identifier_token1_character_set_2,swift,ts_lex,0,SET_CONTAINS,aux_sym_simple_identifier_token1_character_set_2,,set_contains
p_swift_set_aux_sym_simple_identifier_token1_character_set_2,swift,ts_lex,0,SET_CONTAINS,aux_sym_simple_identifier_token1_character_set_2,,set_contains
p_swift_set_aux_sym_simple_identifier_token1_character_set_2,swift,ts_lex,0,SET_CONTAINS,aux_sym_simple_identifier_token1_character_set_2,,set_contains
p_swift_set_aux_sym_simple_identifier_token1_character_set_2,swift,ts_lex,0,SET_CONTAINS,aux_sym_simple_identifier_token1_character_set_2,,set_contains
p_swift_set_aux_sym_simple_identifier_token1_character_set_2,swift,ts_lex,0,SET_CONTAINS,aux_sym_simple_identifier_token1_character_set_2,,set_contains
p_swift_set_aux_sym_simple_identifier_token1_character_set_2,swift,ts_lex,0,SET_CONTAINS,aux_sym_simple_identifier_token1_character_set_2,,set_contains
p_swift_set_aux_sym_simple_identifier_token1_character_set_2,swift,ts_lex,0,SET_CONTAINS,aux_sym_simple_identifier_token1_character_set_2,,set_contains
p_swift_set_aux_sym_simple_identifier_token1_character_set_2,swift,ts_lex,0,SET_CONTAINS,aux_sym_simple_identifier_token1_character_set_2,,set_contains
p_swift_set_aux_sym_simple_identifier_token1_character_set_2,swift,ts_lex,0,SET_CONTAINS,aux_sym_simple_identifier_token1_character_set_2,,set_contains
p_swift_set_aux_sym_simple_identifier_token1_character_set_2,swift,ts_lex,0,SET_CONTAINS,aux_sym_simple_identifier_token1_character_set_2,,set_contains
p_swift_set_aux_sym_simple_identifier_token1_character_set_2,swift,ts_lex,0,SET_CONTAINS,aux_sym_simple_identifier_token1_character_set_2,,set_contains
p_swift_set_aux_sym_simple_identifier_token1_character_set_2,swift,ts_lex,0,SET_CONTAINS,aux_sym_simple_identifier_token1_character_set_2,,set_contains
p_swift_set_aux_sym_simple_identifier_token1_character_set_2,swift,ts_lex,0,SET_CONTAINS,aux_sym_simple_identifier_token1_character_set_2,,set_contains
p_swift_set_aux_sym_simple_identifier_token1_character_set_2,swift,ts_lex,0,SET_CONTAINS,aux_sym_simple_identifier_token1_character_set_2,,set_contains
p_swift_set_aux_sym_simple_identifier_token1_character_set_2,swift,ts_lex,0,SET_CONTAINS,aux_sym_simple_identifier_token1_character_set_2,,set_contains
p_swift_set_aux_sym_simple_identifier_token1_character_set_2,swift,ts_lex,0,SET_CONTAINS,aux_sym_simple_identifier_token1_character_set_2,,set_contains
p_swift_set_aux_sym_simple_identifier_token1_character_set_2,swift,ts_lex,0,SET_CONTAINS,aux_sym_simple_identifier_token1_character_set_2,,set_contains
p_swift_set_aux_sym_simple_identifier_token1_character_set_2,swift,ts_lex,0,SET_CONTAINS,aux_sym_simple_identifier_token1_character_set_2,,set_contains
p_swift_set_aux_sym_simple_identifier_token1_character_set_2,swift,ts_lex,0,SET_CONTAINS,aux_sym_simple_identifier_token1_character_set_2,,set_contains
p_swift_set_aux_sym_simple_identifier_token1_character_set_2,swift,ts_lex,0,SET_CONTAINS,aux_sym_simple_identifier_token1_character_set_2,,set_contains
p_swift_set_aux_sym_simple_identifier_token1_character_set_2,swift,ts_lex,0,SET_CONTAINS,aux_sym_simple_identifier_token1_character_set_2,,set_contains
p_swift_set_aux_sym_simple_identifier_token1_character_set_2,swift,ts_lex,0,SET_CONTAINS,aux_sym_simple_identifier_token1_character_set_2,,set_contains
p_swift_set_aux_sym_simple_identifier_token1_character_set_2,swift,ts_lex,0,SET_CONTAINS,aux_sym_simple_identifier_token1_character_set_2,,set_contains
p_swift_set_aux_sym_simple_identifier_token1_character_set_2,swift,ts_lex,0,SET_CONTAINS,aux_sym_simple_identifier_token1_character_set_2,,set_contains
p_swift_set_aux_sym_simple_identifier_token1_character_set_2,swift,ts_lex,0,SET_CONTAINS,aux_sym_simple_identifier_token1_character_set_2,,set_contains
p_swift_set_aux_sym_simple_identifier_token1_character_set_2,swift,ts_lex,0,SET_CONTAINS,aux_sym_simple_identifier_token1_character_set_2,,set_contains
p_swift_set_aux_sym_simple_identifier_token1_character_set_2,swift,ts_lex,0,SET_CONTAINS,aux_sym_simple_identifier_token1_character_set_2,,set_contains
p_swift_set_aux_sym_simple_identifier_token1_character_set_2,swift,ts_lex,0,SET_CONTAINS,aux_sym_simple_identifier_token1_character_set_2,,set_contains
p_swift_set_aux_sym_simple_identifier_token1_character_set_2,swift,ts_lex,0,SET_CONTAINS,aux_sym_simple_identifier_token1_character_set_2,,set_contains
p_swift_set_aux_sym_simple_identifier_token1_character_set_2,swift,ts_lex,0,SET_CONTAINS,aux_sym_simple_identifier_token1_character_set_2,,set_contains
p_swift_set_aux_sym_simple_identifier_token1_character_set_2,swift,ts_lex,0,SET_CONTAINS,aux_sym_simple_identifier_token1_character_set_2,,set_contains
p_swift_set_aux_sym_simple_identifier_token1_character_set_2,swift,ts_lex,0,SET_CONTAINS,aux_sym_simple_identifier_token1_character_set_2,,set_contains
p_swift_set_aux_sym_simple_identifier_token1_character_set_2,swift,ts_lex,0,SET_CONTAINS,aux_sym_simple_identifier_token1_character_set_2,,set_contains
p_swift_set_aux_sym_simple_identifier_token1_character_set_2,swift,ts_lex,0,SET_CONTAINS,aux_sym_simple_identifier_token1_character_set_2,,set_contains
p_swift_set_aux_sym_simple_identifier_token1_character_set_2,swift,ts_lex,0,SET_CONTAINS,aux_sym_simple_identifier_token1_character_set_2,,set_contains
p_swift_set_aux_sym_simple_identifier_token1_character_set_2,swift,ts_lex,0,SET_CONTAINS,aux_sym_simple_identifier_token1_character_set_2,,set_contains
p_swift_set_aux_sym_simple_identifier_token1_character_set_2,swift,ts_lex,0,SET_CONTAINS,aux_sym_simple_identifier_token1_character_set_2,,set_contains
p_swift_set_aux_sym_simple_identifier_token1_character_set_2,swift,ts_lex,0,SET_CONTAINS,aux_sym_simple_identifier_token1_character_set_2,,set_contains
p_swift_set_aux_sym_simple_identifier_token1_character_set_2,swift,ts_lex,0,SET_CONTAINS,aux_sym_simple_identifier_token1_character_set_2,,set_contains
p_swift_set_aux_sym_simple_identifier_token1_character_set_2,swift,ts_lex,0,SET_CONTAINS,aux_sym_simple_identifier_token1_character_set_2,,set_contains
p_swift_set_aux_sym_simple_identifier_token1_character_set_2,swift,ts_lex,0,SET_CONTAINS,aux_sym_simple_identifier_token1_character_set_2,,set_contains
p_swift_set_aux_sym_simple_identifier_token1_character_set_2,swift,ts_lex,0,SET_CONTAINS,aux_sym_simple_identifier_token1_character_set_2,,set_contains
p_swift_set_aux_sym_simple_identifier_token1_character_set_2,swift,ts_lex,0,SET_CONTAINS,aux_sym_simple_identifier_token1_character_set_2,,set_contains
p_swift_set_aux_sym_simple_identifier_token1_character_set_2,swift,ts_lex,0,SET_CONTAINS,aux_sym_simple_identifier_token1_character_set_2,,set_contains
p_swift_set_aux_sym_simple_identifier_token1_character_set_2,swift,ts_lex,0,SET_CONTAINS,aux_sym_simple_identifier_token1_character_set_2,,set_contains
p_swift_set_aux_sym_simple_identifier_token1_character_set_2,swift,ts_lex,0,SET_CONTAINS,aux_sym_simple_identifier_token1_character_set_2,,set_contains
p_swift_set_aux_sym_simple_identifier_token1_character_set_2,swift,ts_lex,0,SET_CONTAINS,aux_sym_simple_identifier_token1_character_set_2,,set_contains
p_swift_set_aux_sym_simple_identifier_token1_character_set_2,swift,ts_lex,0,SET_CONTAINS,aux_sym_simple_identifier_token1_character_set_2,,set_contains
p_swift_set_aux_sym_simple_identifier_token1_character_set_2,swift,ts_lex,0,SET_CONTAINS,aux_sym_simple_identifier_token1_character_set_2,,set_contains
p_swift_set_aux_sym_simple_identifier_token1_character_set_2,swift,ts_lex,0,SET_CONTAINS,aux_sym_simple_identifier_token1_character_set_2,,set_contains
p_swift_set_aux_sym_simple_identifier_token1_character_set_2,swift,ts_lex,0,SET_CONTAINS,aux_sym_simple_identifier_token1_character_set_2,,set_contains
p_swift_set_aux_sym_simple_identifier_token1_character_set_2,swift,ts_lex,0,SET_CONTAINS,aux_sym_simple_identifier_token1_character_set_2,,set_contains
p_swift_set_aux_sym_simple_identifier_token1_character_set_2,swift,ts_lex,0,SET_CONTAINS,aux_sym_simple_identifier_token1_character_set_2,,set_contains
p_swift_set_aux_sym_simple_identifier_token1_character_set_2,swift,ts_lex,0,SET_CONTAINS,aux_sym_simple_identifier_token1_character_set_2,,set_contains
p_swift_set_aux_sym_simple_identifier_token1_character_set_2,swift,ts_lex,0,SET_CONTAINS,aux_sym_simple_identifier_token1_character_set_2,,set_contains
p_swift_set_aux_sym_simple_identifier_token1_character_set_2,swift,ts_lex,0,SET_CONTAINS,aux_sym_simple_identifier_token1_character_set_2,,set_contains
p_swift_set_aux_sym_simple_identifier_token1_character_set_2,swift,ts_lex,0,SET_CONTAINS,aux_sym_simple_identifier_token1_character_set_2,,set_contains
p_swift_set_aux_sym_simple_identifier_token1_character_set_2,swift,ts_lex,0,SET_CONTAINS,aux_sym_simple_identifier_token1_character_set_2,,set_contains
p_swift_set_aux_sym_simple_identifier_token1_character_set_2,swift,ts_lex,0,SET_CONTAINS,aux_sym_simple_identifier_token1_character_set_2,,set_contains
p_swift_set_aux_sym_simple_identifier_token1_character_set_2,swift,ts_lex,0,SET_CONTAINS,aux_sym_simple_identifier_token1_character_set_2,,set_contains
p_swift_set_aux_sym_simple_identifier_token1_character_set_2,swift,ts_lex,0,SET_CONTAINS,aux_sym_simple_identifier_token1_character_set_2,,set_contains
p_swift_set_aux_sym_simple_identifier_token1_character_set_2,swift,ts_lex,0,SET_CONTAINS,aux_sym_simple_identifier_token1_character_set_2,,set_contains
p_swift_set_aux_sym_simple_identifier_token1_character_set_2,swift,ts_lex,0,SET_CONTAINS,aux_sym_simple_identifier_token1_character_set_2,,set_contains
p_swift_set_aux_sym_simple_identifier_token1_character_set_2,swift,ts_lex,0,SET_CONTAINS,aux_sym_simple_identifier_token1_character_set_2,,set_contains
p_swift_set_aux_sym_simple_identifier_token1_character_set_2,swift,ts_lex,0,SET_CONTAINS,aux_sym_simple_identifier_token1_character_set_2,,set_contains
p_swift_set_aux_sym_simple_identifier_token1_character_set_2,swift,ts_lex,0,SET_CONTAINS,aux_sym_simple_identifier_token1_character_set_2,,set_contains
p_swift_set_aux_sym_simple_identifier_token1_character_set_2,swift,ts_lex,0,SET_CONTAINS,aux_sym_simple_identifier_token1_character_set_2,,set_contains
p_swift_set_aux_sym_simple_identifier_token1_character_set_2,swift,ts_lex,0,SET_CONTAINS,aux_sym_simple_identifier_token1_character_set_2,,set_contains
p_swift_set_aux_sym_simple_identifier_token1_character_set_2,swift,ts_lex,0,SET_CONTAINS,aux_sym_simple_identifier_token1_character_set_2,,set_contains
p_swift_set_aux_sym_simple_identifier_token1_character_set_2,swift,ts_lex,0,SET_CONTAINS,aux_sym_simple_identifier_token1_character_set_2,,set_contains
p_swift_set_aux_sym_simple_identifier_token1_character_set_2,swift,ts_lex,0,SET_CONTAINS,aux_sym_simple_identifier_token1_character_set_2,,set_contains
p_swift_set_aux_sym_simple_identifier_token1_character_set_2,swift,ts_lex,0,SET_CONTAINS,aux_sym_simple_identifier_token1_character_set_2,,set_contains
p_swift_set_aux_sym_simple_identifier_token1_character_set_2,swift,ts_lex,0,SET_CONTAINS,aux_sym_simple_identifier_token1_character_set_2,,set_contains
p_swift_set_aux_sym_simple_identifier_token1_character_set_2,swift,ts_lex,0,SET_CONTAINS,aux_sym_simple_identifier_token1_character_set_2,,set_contains
p_swift_set_aux_sym_simple_identifier_token1_character_set_2,swift,ts_lex,0,SET_CONTAINS,aux_sym_simple_identifier_token1_character_set_2,,set_contains
p_swift_set_aux_sym_simple_identifier_token1_character_set_2,swift,ts_lex,0,SET_CONTAINS,aux_sym_simple_identifier_token1_character_set_2,,set_contains
p_swift_set_aux_sym_simple_identifier_token1_character_set_2,swift,ts_lex,0,SET_CONTAINS,aux_sym_simple_identifier_token1_character_set_2,,set_contains
p_swift_set_aux_sym_simple_identifier_token1_character_set_2,swift,ts_lex,0,SET_CONTAINS,aux_sym_simple_identifier_token1_character_set_2,,set_contains
p_swift_set_aux_sym_simple_identifier_token1_character_set_2,swift,ts_lex,0,SET_CONTAINS,aux_sym_simple_identifier_token1_character_set_2,,set_contains
p_swift_set_aux_sym_simple_identifier_token1_character_set_2,swift,ts_lex,0,SET_CONTAINS,aux_sym_simple_identifier_token1_character_set_2,,set_contains
p_swift_set_aux_sym_simple_identifier_token1_character_set_2,swift,ts_lex,0,SET_CONTAINS,aux_sym_simple_identifier_token1_character_set_2,,set_contains
p_swift_set_aux_sym_simple_identifier_token1_character_set_2,swift,ts_lex,0,SET_CONTAINS,aux_sym_simple_identifier_token1_character_set_2,,set_contains
p_swift_set_aux_sym_simple_identifier_token1_character_set_2,swift,ts_lex,0,SET_CONTAINS,aux_sym_simple_identifier_token1_character_set_2,,set_contains
p_swift_set_aux_sym_simple_identifier_token1_character_set_2,swift,ts_lex,0,SET_CONTAINS,aux_sym_simple_identifier_token1_character_set_2,,set_contains
p_swift_set_aux_sym_simple_identifier_token1_character_set_2,swift,ts_lex,0,SET_CONTAINS,aux_sym_simple_identifier_token1_character_set_2,,set_contains
p_swift_set_aux_sym_simple_identifier_token1_character_set_2,swift,ts_lex,0,SET_CONTAINS,aux_sym_simple_identifier_token1_character_set_2,,set_contains
p_swift_set_aux_sym_simple_identifier_token1_character_set_2,swift,ts_lex,0,SET_CONTAINS,aux_sym_simple_identifier_token1_character_set_2,,set_contains
p_swift_set_aux_sym_simple_identifier_token1_character_set_2,swift,ts_lex,0,SET_CONTAINS,aux_sym_simple_identifier_token1_character_set_2,,set_contains
p_swift_set_aux_sym_simple_identifier_token1_character_set_2,swift,ts_lex,0,SET_CONTAINS,aux_sym_simple_identifier_token1_character_set_2,,set_contains
p_swift_set_aux_sym_simple_identifier_token1_character_set_2,swift,ts_lex,0,SET_CONTAINS,aux_sym_simple_identifier_token1_character_set_2,,set_contains
p_swift_set_aux_sym_simple_identifier_token1_character_set_2,swift,ts_lex,0,SET_CONTAINS,aux_sym_simple_identifier_token1_character_set_2,,set_contains
p_swift_set_aux_sym_simple_identifier_token1_character_set_2,swift,ts_lex,0,SET_CONTAINS,aux_sym_simple_identifier_token1_character_set_2,,set_contains
p_swift_set_aux_sym_simple_identifier_token1_character_set_2,swift,ts_lex,0,SET_CONTAINS,aux_sym_simple_identifier_token1_character_set_2,,set_contains
p_swift_set_aux_sym_simple_identifier_token1_character_set_2,swift,ts_lex,0,SET_CONTAINS,aux_sym_simple_identifier_token1_character_set_2,,set_contains
p_swift_set_aux_sym_simple_identifier_token1_character_set_2,swift,ts_lex,0,SET_CONTAINS,aux_sym_simple_identifier_token1_character_set_2,,set_contains
p_swift_set_aux_sym_simple_identifier_token1_character_set_2,swift,ts_lex,0,SET_CONTAINS,aux_sym_simple_identifier_token1_character_set_2,,set_contains
p_swift_set_aux_sym_simple_identifier_token1_character_set_2,swift,ts_lex,0,SET_CONTAINS,aux_sym_simple_identifier_token1_character_set_2,,set_contains
p_swift_set_aux_sym_simple_identifier_token1_character_set_2,swift,ts_lex,0,SET_CONTAINS,aux_sym_simple_identifier_token1_character_set_2,,set_contains
p_swift_set_aux_sym_simple_identifier_token1_character_set_2,swift,ts_lex,0,SET_CONTAINS,aux_sym_simple_identifier_token1_character_set_2,,set_contains
p_swift_set_aux_sym_simple_identifier_token1_character_set_2,swift,ts_lex,0,SET_CONTAINS,aux_sym_simple_identifier_token1_character_set_2,,set_contains
p_swift_set_aux_sym_simple_identifier_token1_character_set_2,swift,ts_lex,0,SET_CONTAINS,aux_sym_simple_identifier_token1_character_set_2,,set_contains
p_swift_set_aux_sym_simple_identifier_token1_character_set_2,swift,ts_lex,0,SET_CONTAINS,aux_sym_simple_identifier_token1_character_set_2,,set_contains
p_swift_set_aux_sym_simple_identifier_token1_character_set_2,swift,ts_lex,0,SET_CONTAINS,aux_sym_simple_identifier_token1_character_set_2,,set_contains
p_swift_set_aux_sym_simple_identifier_token1_character_set_2,swift,ts_lex,0,SET_CONTAINS,aux_sym_simple_identifier_token1_character_set_2,,set_contains
p_swift_set_aux_sym_simple_identifier_token1_character_set_2,swift,ts_lex,0,SET_CONTAINS,aux_sym_simple_identifier_token1_character_set_2,,set_contains
p_swift_set_aux_sym_simple_identifier_token1_character_set_2,swift,ts_lex,0,SET_CONTAINS,aux_sym_simple_identifier_token1_character_set_2,,set_contains
p_swift_set_aux_sym_simple_identifier_token1_character_set_2,swift,ts_lex,0,SET_CONTAINS,aux_sym_simple_identifier_token1_character_set_2,,set_contains
p_swift_set_aux_sym_simple_identifier_token1_character_set_2,swift,ts_lex,0,SET_CONTAINS,aux_sym_simple_identifier_token1_character_set_2,,set_contains
p_swift_set_aux_sym_simple_identifier_token1_character_set_2,swift,ts_lex,0,SET_CONTAINS,aux_sym_simple_identifier_token1_character_set_2,,set_contains
p_swift_set_aux_sym_simple_identifier_token1_character_set_2,swift,ts_lex,0,SET_CONTAINS,aux_sym_simple_identifier_token1_character_set_2,,set_contains
p_swift_set_aux_sym_simple_identifier_token1_character_set_2,swift,ts_lex,0,SET_CONTAINS,aux_sym_simple_identifier_token1_character_set_2,,set_contains
p_swift_set_aux_sym_simple_identifier_token1_character_set_2,swift,ts_lex,0,SET_CONTAINS,aux_sym_simple_identifier_token1_character_set_2,,set_contains
p_swift_set_aux_sym_simple_identifier_token1_character_set_2,swift,ts_lex,0,SET_CONTAINS,aux_sym_simple_identifier_token1_character_set_2,,set_contains
p_swift_set_aux_sym_simple_identifier_token1_character_set_2,swift,ts_lex,0,SET_CONTAINS,aux_sym_simple_identifier_token1_character_set_2,,set_contains
p_swift_set_aux_sym_simple_identifier_token1_character_set_2,swift,ts_lex,0,SET_CONTAINS,aux_sym_simple_identifier_token1_character_set_2,,set_contains
p_swift_set_aux_sym_simple_identifier_token1_character_set_2,swift,ts_lex,0,SET_CONTAINS,aux_sym_simple_identifier_token1_character_set_2,,set_contains
p_swift_set_aux_sym_simple_identifier_token1_character_set_2,swift,ts_lex,0,SET_CONTAINS,aux_sym_simple_identifier_token1_character_set_2,,set_contains
p_swift_set_aux_sym_simple_identifier_token1_character_set_2,swift,ts_lex,0,SET_CONTAINS,aux_sym_simple_identifier_token1_character_set_2,,set_contains
p_swift_set_aux_sym_simple_identifier_token1_character_set_2,swift,ts_lex,0,SET_CONTAINS,aux_sym_simple_identifier_token1_character_set_2,,set_contains
p_swift_set_aux_sym_simple_identifier_token1_character_set_2,swift,ts_lex,0,SET_CONTAINS,aux_sym_simple_identifier_token1_character_set_2,,set_contains
p_swift_set_aux_sym_simple_identifier_token1_character_set_2,swift,ts_lex,0,SET_CONTAINS,aux_sym_simple_identifier_token1_character_set_2,,set_contains
p_swift_set_aux_sym_simple_identifier_token1_character_set_2,swift,ts_lex,0,SET_CONTAINS,aux_sym_simple_identifier_token1_character_set_2,,set_contains
p_swift_set_aux_sym_simple_identifier_token1_character_set_2,swift,ts_lex,0,SET_CONTAINS,aux_sym_simple_identifier_token1_character_set_2,,set_contains
p_swift_set_aux_sym_simple_identifier_token1_character_set_2,swift,ts_lex,0,SET_CONTAINS,aux_sym_simple_identifier_token1_character_set_2,,set_contains
p_swift_set_aux_sym_simple_identifier_token1_character_set_2,swift,ts_lex,0,SET_CONTAINS,aux_sym_simple_identifier_token1_character_set_2,,set_contains
p_swift_set_aux_sym_simple_identifier_token1_character_set_2,swift,ts_lex,0,SET_CONTAINS,aux_sym_simple_identifier_token1_character_set_2,,set_contains
p_swift_set_aux_sym_simple_identifier_token1_character_set_2,swift,ts_lex,0,SET_CONTAINS,aux_sym_simple_identifier_token1_character_set_2,,set_contains
p_swift_set_aux_sym_simple_identifier_token1_character_set_2,swift,ts_lex,0,SET_CONTAINS,aux_sym_simple_identifier_token1_character_set_2,,set_contains
p_swift_set_aux_sym_simple_identifier_token1_character_set_2,swift,ts_lex,0,SET_CONTAINS,aux_sym_simple_identifier_token1_character_set_2,,set_contains
p_swift_set_aux_sym_simple_identifier_token1_character_set_2,swift,ts_lex,0,SET_CONTAINS,aux_sym_simple_identifier_token1_character_set_2,,set_contains
p_swift_set_aux_sym_simple_identifier_token1_character_set_2,swift,ts_lex,0,SET_CONTAINS,aux_sym_simple_identifier_token1_character_set_2,,set_contains
p_swift_set_aux_sym_simple_identifier_token1_character_set_2,swift,ts_lex,0,SET_CONTAINS,aux_sym_simple_identifier_token1_character_set_2,,set_contains
p_swift_set_aux_sym_simple_identifier_token1_character_set_2,swift,ts_lex,0,SET_CONTAINS,aux_sym_simple_identifier_token1_character_set_2,,set_contains
p_swift_set_aux_sym_simple_identifier_token1_character_set_2,swift,ts_lex,0,SET_CONTAINS,aux_sym_simple_identifier_token1_character_set_2,,set_contains
p_swift_set_aux_sym_simple_identifier_token1_character_set_2,swift,ts_lex,0,SET_CONTAINS,aux_sym_simple_identifier_token1_character_set_2,,set_contains
p_swift_set_aux_sym_simple_identifier_token1_character_set_2,swift,ts_lex,0,SET_CONTAINS,aux_sym_simple_identifier_token1_character_set_2,,set_contains
p_swift_set_aux_sym_simple_identifier_token1_character_set_2,swift,ts_lex,0,SET_CONTAINS,aux_sym_simple_identifier_token1_character_set_2,,set_contains
p_swift_set_aux_sym_simple_identifier_token1_character_set_2,swift,ts_lex,0,SET_CONTAINS,aux_sym_simple_identifier_token1_character_set_2,,set_contains
p_swift_set_aux_sym_simple_identifier_token1_character_set_2,swift,ts_lex,0,SET_CONTAINS,aux_sym_simple_identifier_token1_character_set_2,,set_contains
p_swift_set_aux_sym_simple_identifier_token1_character_set_2,swift,ts_lex,0,SET_CONTAINS,aux_sym_simple_identifier_token1_character_set_2,,set_contains
p_swift_set_aux_sym_simple_identifier_token1_character_set_2,swift,ts_lex,0,SET_CONTAINS,aux_sym_simple_identifier_token1_character_set_2,,set_contains
p_swift_set_aux_sym_simple_identifier_token1_character_set_2,swift,ts_lex,0,SET_CONTAINS,aux_sym_simple_identifier_token1_character_set_2,,set_contains
p_swift_set_aux_sym_simple_identifier_token1_character_set_2,swift,ts_lex,0,SET_CONTAINS,aux_sym_simple_identifier_token1_character_set_2,,set_contains
p_swift_set_aux_sym_simple_identifier_token1_character_set_2,swift,ts_lex,0,SET_CONTAINS,aux_sym_simple_identifier_token1_character_set_2,,set_contains
p_swift_set_aux_sym_simple_identifier_token1_character_set_2,swift,ts_lex,0,SET_CONTAINS,aux_sym_simple_identifier_token1_character_set_2,,set_contains
p_swift_set_aux_sym_simple_identifier_token1_character_set_2,swift,ts_lex,0,SET_CONTAINS,aux_sym_simple_identifier_token1_character_set_2,,set_contains
p_swift_set_aux_sym_simple_identifier_token1_character_set_2,swift,ts_lex,0,SET_CONTAINS,aux_sym_simple_identifier_token1_character_set_2,,set_contains
p_swift_set_aux_sym_simple_identifier_token1_character_set_2,swift,ts_lex,0,SET_CONTAINS,aux_sym_simple_identifier_token1_character_set_2,,set_contains
p_swift_set_aux_sym_simple_identifier_token1_character_set_2,swift,ts_lex,0,SET_CONTAINS,aux_sym_simple_identifier_token1_character_set_2,,set_contains
p_swift_set_aux_sym_simple_identifier_token1_character_set_2,swift,ts_lex,0,SET_CONTAINS,aux_sym_simple_identifier_token1_character_set_2,,set_contains
p_swift_set_aux_sym_simple_identifier_token1_character_set_2,swift,ts_lex,0,SET_CONTAINS,aux_sym_simple_identifier_token1_character_set_2,,set_contains
p_swift_set_aux_sym_simple_identifier_token1_character_set_2,swift,ts_lex,0,SET_CONTAINS,aux_sym_simple_identifier_token1_character_set_2,,set_contains
p_swift_set_aux_sym_simple_identifier_token1_character_set_2,swift,ts_lex,0,SET_CONTAINS,aux_sym_simple_identifier_token1_character_set_2,,set_contains
p_swift_set_aux_sym_simple_identifier_token1_character_set_2,swift,ts_lex,0,SET_CONTAINS,aux_sym_simple_identifier_token1_character_set_2,,set_contains
p_swift_set_aux_sym_simple_identifier_token1_character_set_2,swift,ts_lex,0,SET_CONTAINS,aux_sym_simple_identifier_token1_character_set_2,,set_contains
p_swift_set_aux_sym_simple_identifier_token1_character_set_2,swift,ts_lex,0,SET_CONTAINS,aux_sym_simple_identifier_token1_character_set_2,,set_contains
p_swift_set_aux_sym_simple_identifier_token1_character_set_2,swift,ts_lex,0,SET_CONTAINS,aux_sym_simple_identifier_token1_character_set_2,,set_contains
p_swift_set_aux_sym_simple_identifier_token1_character_set_2,swift,ts_lex,0,SET_CONTAINS,aux_sym_simple_identifier_token1_character_set_2,,set_contains
p_swift_set_aux_sym_simple_identifier_token1_character_set_2,swift,ts_lex,0,SET_CONTAINS,aux_sym_simple_identifier_token1_character_set_2,,set_contains
p_swift_set_aux_sym_simple_identifier_token1_character_set_2,swift,ts_lex,0,SET_CONTAINS,aux_sym_simple_identifier_token1_character_set_2,,set_contains
p_swift_set_aux_sym_simple_identifier_token1_character_set_2,swift,ts_lex,0,SET_CONTAINS,aux_sym_simple_identifier_token1_character_set_2,,set_contains
p_swift_set_aux_sym_simple_identifier_token1_character_set_2,swift,ts_lex,0,SET_CONTAINS,aux_sym_simple_identifier_token1_character_set_2,,set_contains
p_swift_set_aux_sym_simple_identifier_token1_character_set_2,swift,ts_lex,0,SET_CONTAINS,aux_sym_simple_identifier_token1_character_set_2,,set_contains
p_swift_set_aux_sym_simple_identifier_token1_character_set_2,swift,ts_lex,0,SET_CONTAINS,aux_sym_simple_identifier_token1_character_set_2,,set_contains
p_swift_set_aux_sym_simple_identifier_token1_character_set_2,swift,ts_lex,0,SET_CONTAINS,aux_sym_simple_identifier_token1_character_set_2,,set_contains
p_swift_set_aux_sym_simple_identifier_token1_character_set_2,swift,ts_lex,0,SET_CONTAINS,aux_sym_simple_identifier_token1_character_set_2,,set_contains
p_swift_set_aux_sym_simple_identifier_token1_character_set_2,swift,ts_lex,0,SET_CONTAINS,aux_sym_simple_identifier_token1_character_set_2,,set_contains
p_swift_set_aux_sym_simple_identifier_token1_character_set_2,swift,ts_lex,0,SET_CONTAINS,aux_sym_simple_identifier_token1_character_set_2,,set_contains
p_swift_set_aux_sym_simple_identifier_token1_character_set_2,swift,ts_lex,0,SET_CONTAINS,aux_sym_simple_identifier_token1_character_set_2,,set_contains
p_swift_set_aux_sym_simple_identifier_token1_character_set_2,swift,ts_lex,0,SET_CONTAINS,aux_sym_simple_identifier_token1_character_set_2,,set_contains
p_swift_set_aux_sym_simple_identifier_token1_character_set_2,swift,ts_lex,0,SET_CONTAINS,aux_sym_simple_identifier_token1_character_set_2,,set_contains
p_swift_set_aux_sym_simple_identifier_token1_character_set_2,swift,ts_lex,0,SET_CONTAINS,aux_sym_simple_identifier_token1_character_set_2,,set_contains
p_swift_set_aux_sym_simple_identifier_token1_character_set_2,swift,ts_lex,0,SET_CONTAINS,aux_sym_simple_identifier_token1_character_set_2,,set_contains
p_swift_set_aux_sym_simple_identifier_token1_character_set_2,swift,ts_lex,0,SET_CONTAINS,aux_sym_simple_identifier_token1_character_set_2,,set_contains
p_swift_set_aux_sym_simple_identifier_token1_character_set_2,swift,ts_lex,0,SET_CONTAINS,aux_sym_simple_identifier_token1_character_set_2,,set_contains
p_swift_set_aux_sym_simple_identifier_token1_character_set_2,swift,ts_lex,0,SET_CONTAINS,aux_sym_simple_identifier_token1_character_set_2,,set_contains
p_swift_set_aux_sym_simple_identifier_token1_character_set_2,swift,ts_lex,0,SET_CONTAINS,aux_sym_simple_identifier_token1_character_set_2,,set_contains
p_swift_set_aux_sym_simple_identifier_token1_character_set_2,swift,ts_lex,0,SET_CONTAINS,aux_sym_simple_identifier_token1_character_set_2,,set_contains
p_swift_set_aux_sym_simple_identifier_token1_character_set_2,swift,ts_lex,0,SET_CONTAINS,aux_sym_simple_identifier_token1_character_set_2,,set_contains
p_swift_set_aux_sym_simple_identifier_token1_character_set_2,swift,ts_lex,0,SET_CONTAINS,aux_sym_simple_identifier_token1_character_set_2,,set_contains
p_swift_set_aux_sym_simple_identifier_token1_character_set_2,swift,ts_lex,0,SET_CONTAINS,aux_sym_simple_identifier_token1_character_set_2,,set_contains
p_swift_set_aux_sym_simple_identifier_token1_character_set_2,swift,ts_lex,0,SET_CONTAINS,aux_sym_simple_identifier_token1_character_set_2,,set_contains
p_swift_set_aux_sym_simple_identifier_token1_character_set_2,swift,ts_lex,0,SET_CONTAINS,aux_sym_simple_identifier_token1_character_set_2,,set_contains
p_swift_set_aux_sym_simple_identifier_token1_character_set_2,swift,ts_lex,0,SET_CONTAINS,aux_sym_simple_identifier_token1_character_set_2,,set_contains
p_swift_set_aux_sym_simple_identifier_token1_character_set_2,swift,ts_lex,0,SET_CONTAINS,aux_sym_simple_identifier_token1_character_set_2,,set_contains
p_swift_set_aux_sym_simple_identifier_token1_character_set_2,swift,ts_lex,0,SET_CONTAINS,aux_sym_simple_identifier_token1_character_set_2,,set_contains
p_swift_set_aux_sym_simple_identifier_token1_character_set_2,swift,ts_lex,0,SET_CONTAINS,aux_sym_simple_identifier_token1_character_set_2,,set_contains
p_swift_set_aux_sym_simple_identifier_token1_character_set_2,swift,ts_lex,0,SET_CONTAINS,aux_sym_simple_identifier_token1_character_set_2,,set_contains
p_swift_set_aux_sym_simple_identifier_token1_character_set_2,swift,ts_lex,0,SET_CONTAINS,aux_sym_simple_identifier_token1_character_set_2,,set_contains
p_swift_set_aux_sym_simple_identifier_token1_character_set_2,swift,ts_lex,0,SET_CONTAINS,aux_sym_simple_identifier_token1_character_set_2,,set_contains
p_swift_set_aux_sym_simple_identifier_token1_character_set_2,swift,ts_lex,0,SET_CONTAINS,aux_sym_simple_identifier_token1_character_set_2,,set_contains
p_swift_set_aux_sym_simple_identifier_token1_character_set_2,swift,ts_lex,0,SET_CONTAINS,aux_sym_simple_identifier_token1_character_set_2,,set_contains
p_swift_set_aux_sym_simple_identifier_token1_character_set_2,swift,ts_lex,0,SET_CONTAINS,aux_sym_simple_identifier_token1_character_set_2,,set_contains
p_swift_set_aux_sym_simple_identifier_token1_character_set_2,swift,ts_lex,0,SET_CONTAINS,aux_sym_simple_identifier_token1_character_set_2,,set_contains
p_swift_set_aux_sym_simple_identifier_token1_character_set_2,swift,ts_lex,0,SET_CONTAINS,aux_sym_simple_identifier_token1_character_set_2,,set_contains
p_swift_set_aux_sym_simple_identifier_token1_character_set_2,swift,ts_lex,0,SET_CONTAINS,aux_sym_simple_identifier_token1_character_set_2,,set_contains
p_swift_set_aux_sym_simple_identifier_token1_character_set_2,swift,ts_lex,0,SET_CONTAINS,aux_sym_simple_identifier_token1_character_set_2,,set_contains
p_swift_set_aux_sym_simple_identifier_token1_character_set_2,swift,ts_lex,0,SET_CONTAINS,aux_sym_simple_identifier_token1_character_set_2,,set_contains
p_swift_set_aux_sym_simple_identifier_token1_character_set_2,swift,ts_lex,0,SET_CONTAINS,aux_sym_simple_identifier_token1_character_set_2,,set_contains
p_swift_set_aux_sym_simple_identifier_token1_character_set_2,swift,ts_lex,0,SET_CONTAINS,aux_sym_simple_identifier_token1_character_set_2,,set_contains
p_swift_set_aux_sym_simple_identifier_token1_character_set_2,swift,ts_lex,0,SET_CONTAINS,aux_sym_simple_identifier_token1_character_set_2,,set_contains
p_swift_set_aux_sym_simple_identifier_token1_character_set_2,swift,ts_lex,0,SET_CONTAINS,aux_sym_simple_identifier_token1_character_set_2,,set_contains
p_swift_set_aux_sym_simple_identifier_token1_character_set_2,swift,ts_lex,0,SET_CONTAINS,aux_sym_simple_identifier_token1_character_set_2,,set_contains
p_swift_set_aux_sym_simple_identifier_token1_character_set_2,swift,ts_lex,0,SET_CONTAINS,aux_sym_simple_identifier_token1_character_set_2,,set_contains
p_swift_set_aux_sym_simple_identifier_token1_character_set_2,swift,ts_lex,0,SET_CONTAINS,aux_sym_simple_identifier_token1_character_set_2,,set_contains
p_swift_set_aux_sym_simple_identifier_token1_character_set_2,swift,ts_lex,0,SET_CONTAINS,aux_sym_simple_identifier_token1_character_set_2,,set_contains
p_swift_set_aux_sym_simple_identifier_token1_character_set_2,swift,ts_lex,0,SET_CONTAINS,aux_sym_simple_identifier_token1_character_set_2,,set_contains
p_swift_set_aux_sym_simple_identifier_token1_character_set_2,swift,ts_lex,0,SET_CONTAINS,aux_sym_simple_identifier_token1_character_set_2,,set_contains
p_swift_set_aux_sym_simple_identifier_token1_character_set_2,swift,ts_lex,0,SET_CONTAINS,aux_sym_simple_identifier_token1_character_set_2,,set_contains
p_swift_set_aux_sym_simple_identifier_token1_character_set_2,swift,ts_lex,0,SET_CONTAINS,aux_sym_simple_identifier_token1_character_set_2,,set_contains
p_swift_set_aux_sym_simple_identifier_token1_character_set_2,swift,ts_lex,0,SET_CONTAINS,aux_sym_simple_identifier_token1_character_set_2,,set_contains
p_swift_set_aux_sym_simple_identifier_token1_character_set_2,swift,ts_lex,0,SET_CONTAINS,aux_sym_simple_identifier_token1_character_set_2,,set_contains
p_swift_set_aux_sym_simple_identifier_token1_character_set_2,swift,ts_lex,0,SET_CONTAINS,aux_sym_simple_identifier_token1_character_set_2,,set_contains
p_swift_set_aux_sym_simple_identifier_token1_character_set_2,swift,ts_lex,0,SET_CONTAINS,aux_sym_simple_identifier_token1_character_set_2,,set_contains
p_swift_set_aux_sym_simple_identifier_token1_character_set_2,swift,ts_lex,0,SET_CONTAINS,aux_sym_simple_identifier_token1_character_set_2,,set_contains
p_swift_set_aux_sym_simple_identifier_token1_character_set_2,swift,ts_lex,0,SET_CONTAINS,aux_sym_simple_identifier_token1_character_set_2,,set_contains
p_swift_set_aux_sym_simple_identifier_token1_character_set_2,swift,ts_lex,0,SET_CONTAINS,aux_sym_simple_identifier_token1_character_set_2,,set_contains
p_swift_set_aux_sym_simple_identifier_token1_character_set_2,swift,ts_lex,0,SET_CONTAINS,aux_sym_simple_identifier_token1_character_set_2,,set_contains
p_swift_set_aux_sym_simple_identifier_token1_character_set_2,swift,ts_lex,0,SET_CONTAINS,aux_sym_simple_identifier_token1_character_set_2,,set_contains
p_swift_set_aux_sym_simple_identifier_token1_character_set_2,swift,ts_lex,0,SET_CONTAINS,aux_sym_simple_identifier_token1_character_set_2,,set_contains
p_swift_set_aux_sym_simple_identifier_token1_character_set_2,swift,ts_lex,0,SET_CONTAINS,aux_sym_simple_identifier_token1_character_set_2,,set_contains
p_swift_set_aux_sym_simple_identifier_token1_character_set_2,swift,ts_lex,0,SET_CONTAINS,aux_sym_simple_identifier_token1_character_set_2,,set_contains
p_swift_set_aux_sym_simple_identifier_token1_character_set_2,swift,ts_lex,0,SET_CONTAINS,aux_sym_simple_identifier_token1_character_set_2,,set_contains
p_swift_set_aux_sym_simple_identifier_token1_character_set_2,swift,ts_lex,0,SET_CONTAINS,aux_sym_simple_identifier_token1_character_set_2,,set_contains
p_swift_set_aux_sym_simple_identifier_token1_character_set_2,swift,ts_lex,0,SET_CONTAINS,aux_sym_simple_identifier_token1_character_set_2,,set_contains
p_swift_set_aux_sym_simple_identifier_token1_character_set_2,swift,ts_lex,0,SET_CONTAINS,aux_sym_simple_identifier_token1_character_set_2,,set_contains
p_swift_set_aux_sym_simple_identifier_token1_character_set_2,swift,ts_lex,0,SET_CONTAINS,aux_sym_simple_identifier_token1_character_set_2,,set_contains
p_swift_set_aux_sym_simple_identifier_token1_character_set_2,swift,ts_lex,0,SET_CONTAINS,aux_sym_simple_identifier_token1_character_set_2,,set_contains
p_swift_set_aux_sym_simple_identifier_token1_character_set_2,swift,ts_lex,0,SET_CONTAINS,aux_sym_simple_identifier_token1_character_set_2,,set_contains
p_swift_set_aux_sym_simple_identifier_token1_character_set_2,swift,ts_lex,0,SET_CONTAINS,aux_sym_simple_identifier_token1_character_set_2,,set_contains
p_swift_set_aux_sym_simple_identifier_token1_character_set_2,swift,ts_lex,0,SET_CONTAINS,aux_sym_simple_identifier_token1_character_set_2,,set_contains
p_swift_set_aux_sym_simple_identifier_token1_character_set_2,swift,ts_lex,0,SET_CONTAINS,aux_sym_simple_identifier_token1_character_set_2,,set_contains
p_swift_set_aux_sym_simple_identifier_token1_character_set_2,swift,ts_lex,0,SET_CONTAINS,aux_sym_simple_identifier_token1_character_set_2,,set_contains
p_swift_set_aux_sym_simple_identifier_token1_character_set_2,swift,ts_lex,0,SET_CONTAINS,aux_sym_simple_identifier_token1_character_set_2,,set_contains
p_swift_set_aux_sym_simple_identifier_token1_character_set_2,swift,ts_lex,0,SET_CONTAINS,aux_sym_simple_identifier_token1_character_set_2,,set_contains
p_swift_set_aux_sym_simple_identifier_token1_character_set_2,swift,ts_lex,0,SET_CONTAINS,aux_sym_simple_identifier_token1_character_set_2,,set_contains
p_swift_set_aux_sym_simple_identifier_token1_character_set_2,swift,ts_lex,0,SET_CONTAINS,aux_sym_simple_identifier_token1_character_set_2,,set_contains
p_swift_set_aux_sym_simple_identifier_token1_character_set_2,swift,ts_lex,0,SET_CONTAINS,aux_sym_simple_identifier_token1_character_set_2,,set_contains
p_swift_set_aux_sym_simple_identifier_token1_character_set_2,swift,ts_lex,0,SET_CONTAINS,aux_sym_simple_identifier_token1_character_set_2,,set_contains
p_swift_set_aux_sym_simple_identifier_token1_character_set_2,swift,ts_lex,0,SET_CONTAINS,aux_sym_simple_identifier_token1_character_set_2,,set_contains
p_swift_set_aux_sym_simple_identifier_token1_character_set_2,swift,ts_lex,0,SET_CONTAINS,aux_sym_simple_identifier_token1_character_set_2,,set_contains
p_swift_set_aux_sym_simple_identifier_token1_character_set_2,swift,ts_lex,0,SET_CONTAINS,aux_sym_simple_identifier_token1_character_set_2,,set_contains
p_swift_set_aux_sym_simple_identifier_token1_character_set_2,swift,ts_lex,0,SET_CONTAINS,aux_sym_simple_identifier_token1_character_set_2,,set_contains
p_swift_set_aux_sym_simple_identifier_token1_character_set_2,swift,ts_lex,0,SET_CONTAINS,aux_sym_simple_identifier_token1_character_set_2,,set_contains
p_swift_set_aux_sym_simple_identifier_token1_character_set_2,swift,ts_lex,0,SET_CONTAINS,aux_sym_simple_identifier_token1_character_set_2,,set_contains
p_swift_set_aux_sym_simple_identifier_token1_character_set_2,swift,ts_lex,0,SET_CONTAINS,aux_sym_simple_identifier_token1_character_set_2,,set_contains
p_swift_set_aux_sym_simple_identifier_token1_character_set_2,swift,ts_lex,0,SET_CONTAINS,aux_sym_simple_identifier_token1_character_set_2,,set_contains
p_swift_set_aux_sym_simple_identifier_token1_character_set_2,swift,ts_lex,0,SET_CONTAINS,aux_sym_simple_identifier_token1_character_set_2,,set_contains
p_swift_set_aux_sym_simple_identifier_token1_character_set_2,swift,ts_lex,0,SET_CONTAINS,aux_sym_simple_identifier_token1_character_set_2,,set_contains
p_swift_set_aux_sym_simple_identifier_token1_character_set_2,swift,ts_lex,0,SET_CONTAINS,aux_sym_simple_identifier_token1_character_set_2,,set_contains
p_swift_set_aux_sym_simple_identifier_token1_character_set_2,swift,ts_lex,0,SET_CONTAINS,aux_sym_simple_identifier_token1_character_set_2,,set_contains
p_swift_set_aux_sym_simple_identifier_token1_character_set_2,swift,ts_lex,0,SET_CONTAINS,aux_sym_simple_identifier_token1_character_set_2,,set_contains
p_swift_set_aux_sym_simple_identifier_token1_character_set_2,swift,ts_lex,0,SET_CONTAINS,aux_sym_simple_identifier_token1_character_set_2,,set_contains
p_swift_set_aux_sym_simple_identifier_token1_character_set_2,swift,ts_lex,0,SET_CONTAINS,aux_sym_simple_identifier_token1_character_set_2,,set_contains
p_swift_set_aux_sym_simple_identifier_token1_character_set_2,swift,ts_lex,0,SET_CONTAINS,aux_sym_simple_identifier_token1_character_set_2,,set_contains
p_swift_set_aux_sym_simple_identifier_token1_character_set_2,swift,ts_lex,0,SET_CONTAINS,aux_sym_simple_identifier_token1_character_set_2,,set_contains
p_swift_set_aux_sym_simple_identifier_token1_character_set_2,swift,ts_lex,0,SET_CONTAINS,aux_sym_simple_identifier_token1_character_set_2,,set_contains
p_swift_set_aux_sym_simple_identifier_token1_character_set_2,swift,ts_lex,0,SET_CONTAINS,aux_sym_simple_identifier_token1_character_set_2,,set_contains
p_swift_set_aux_sym_simple_identifier_token1_character_set_2,swift,ts_lex,0,SET_CONTAINS,aux_sym_simple_identifier_token1_character_set_2,,set_contains
p_swift_set_aux_sym_simple_identifier_token1_character_set_2,swift,ts_lex,0,SET_CONTAINS,aux_sym_simple_identifier_token1_character_set_2,,set_contains
p_swift_set_aux_sym_simple_identifier_token1_character_set_2,swift,ts_lex,0,SET_CONTAINS,aux_sym_simple_identifier_token1_character_set_2,,set_contains
p_swift_set_aux_sym_simple_identifier_token1_character_set_2,swift,ts_lex,0,SET_CONTAINS,aux_sym_simple_identifier_token1_character_set_2,,set_contains
p_swift_set_aux_sym_simple_identifier_token1_character_set_2,swift,ts_lex,0,SET_CONTAINS,aux_sym_simple_identifier_token1_character_set_2,,set_contains
p_swift_set_aux_sym_simple_identifier_token1_character_set_2,swift,ts_lex,0,SET_CONTAINS,aux_sym_simple_identifier_token1_character_set_2,,set_contains
p_swift_set_aux_sym_simple_identifier_token1_character_set_2,swift,ts_lex,0,SET_CONTAINS,aux_sym_simple_identifier_token1_character_set_2,,set_contains
p_swift_set_aux_sym_simple_identifier_token1_character_set_2,swift,ts_lex,0,SET_CONTAINS,aux_sym_simple_identifier_token1_character_set_2,,set_contains
p_swift_set_aux_sym_simple_identifier_token1_character_set_2,swift,ts_lex,0,SET_CONTAINS,aux_sym_simple_identifier_token1_character_set_2,,set_contains
p_swift_set_aux_sym_simple_identifier_token1_character_set_2,swift,ts_lex,0,SET_CONTAINS,aux_sym_simple_identifier_token1_character_set_2,,set_contains
p_swift_set_aux_sym_simple_identifier_token1_character_set_2,swift,ts_lex,0,SET_CONTAINS,aux_sym_simple_identifier_token1_character_set_2,,set_contains
p_swift_set_aux_sym_simple_identifier_token1_character_set_2,swift,ts_lex,0,SET_CONTAINS,aux_sym_simple_identifier_token1_character_set_2,,set_contains
p_swift_set_aux_sym_simple_identifier_token1_character_set_2,swift,ts_lex,0,SET_CONTAINS,aux_sym_simple_identifier_token1_character_set_2,,set_contains
p_swift_set_aux_sym_simple_identifier_token1_character_set_2,swift,ts_lex,0,SET_CONTAINS,aux_sym_simple_identifier_token1_character_set_2,,set_contains
p_swift_set_aux_sym_simple_identifier_token1_character_set_2,swift,ts_lex,0,SET_CONTAINS,aux_sym_simple_identifier_token1_character_set_2,,set_contains
p_swift_set_aux_sym_simple_identifier_token1_character_set_2,swift,ts_lex,0,SET_CONTAINS,aux_sym_simple_identifier_token1_character_set_2,,set_contains
p_swift_set_aux_sym_simple_identifier_token1_character_set_2,swift,ts_lex,0,SET_CONTAINS,aux_sym_simple_identifier_token1_character_set_2,,set_contains
p_swift_set_aux_sym_simple_identifier_token1_character_set_2,swift,ts_lex,0,SET_CONTAINS,aux_sym_simple_identifier_token1_character_set_2,,set_contains
p_swift_set_aux_sym_simple_identifier_token1_character_set_2,swift,ts_lex,0,SET_CONTAINS,aux_sym_simple_identifier_token1_character_set_2,,set_contains
p_swift_set_aux_sym_simple_identifier_token1_character_set_2,swift,ts_lex,0,SET_CONTAINS,aux_sym_simple_identifier_token1_character_set_2,,set_contains
p_swift_set_aux_sym_simple_identifier_token1_character_set_2,swift,ts_lex,0,SET_CONTAINS,aux_sym_simple_identifier_token1_character_set_2,,set_contains
p_swift_set_aux_sym_simple_identifier_token1_character_set_2,swift,ts_lex,0,SET_CONTAINS,aux_sym_simple_identifier_token1_character_set_2,,set_contains
p_swift_set_aux_sym_simple_identifier_token1_character_set_2,swift,ts_lex,0,SET_CONTAINS,aux_sym_simple_identifier_token1_character_set_2,,set_contains
p_swift_set_aux_sym_simple_identifier_token1_character_set_2,swift,ts_lex,0,SET_CONTAINS,aux_sym_simple_identifier_token1_character_set_2,,set_contains
p_swift_set_aux_sym_simple_identifier_token1_character_set_2,swift,ts_lex,0,SET_CONTAINS,aux_sym_simple_identifier_token1_character_set_2,,set_contains
p_swift_set_aux_sym_simple_identifier_token1_character_set_2,swift,ts_lex,0,SET_CONTAINS,aux_sym_simple_identifier_token1_character_set_2,,set_contains
p_swift_set_aux_sym_simple_identifier_token1_character_set_2,swift,ts_lex,0,SET_CONTAINS,aux_sym_simple_identifier_token1_character_set_2,,set_contains
p_swift_set_aux_sym_simple_identifier_token1_character_set_2,swift,ts_lex,0,SET_CONTAINS,aux_sym_simple_identifier_token1_character_set_2,,set_contains
p_swift_set_aux_sym_simple_identifier_token1_character_set_2,swift,ts_lex,0,SET_CONTAINS,aux_sym_simple_identifier_token1_character_set_2,,set_contains
p_swift_set_aux_sym_simple_identifier_token1_character_set_2,swift,ts_lex,0,SET_CONTAINS,aux_sym_simple_identifier_token1_character_set_2,,set_contains
p_swift_set_aux_sym_simple_identifier_token1_character_set_2,swift,ts_lex,0,SET_CONTAINS,aux_sym_simple_identifier_token1_character_set_2,,set_contains
p_swift_set_aux_sym_simple_identifier_token1_character_set_2,swift,ts_lex,0,SET_CONTAINS,aux_sym_simple_identifier_token1_character_set_2,,set_contains
p_swift_set_aux_sym_simple_identifier_token1_character_set_2,swift,ts_lex,0,SET_CONTAINS,aux_sym_simple_identifier_token1_character_set_2,,set_contains
p_swift_set_aux_sym_simple_identifier_token1_character_set_2,swift,ts_lex,0,SET_CONTAINS,aux_sym_simple_identifier_token1_character_set_2,,set_contains
p_swift_set_aux_sym_simple_identifier_token1_character_set_2,swift,ts_lex,0,SET_CONTAINS,aux_sym_simple_identifier_token1_character_set_2,,set_contains
p_swift_set_aux_sym_simple_identifier_token1_character_set_2,swift,ts_lex,0,SET_CONTAINS,aux_sym_simple_identifier_token1_character_set_2,,set_contains
p_swift_set_aux_sym_simple_identifier_token1_character_set_2,swift,ts_lex,0,SET_CONTAINS,aux_sym_simple_identifier_token1_character_set_2,,set_contains
p_swift_set_aux_sym_simple_identifier_token1_character_set_2,swift,ts_lex,0,SET_CONTAINS,aux_sym_simple_identifier_token1_character_set_2,,set_contains
p_swift_set_aux_sym_simple_identifier_token1_character_set_2,swift,ts_lex,0,SET_CONTAINS,aux_sym_simple_identifier_token1_character_set_2,,set_contains
p_swift_set_aux_sym_simple_identifier_token1_character_set_2,swift,ts_lex,0,SET_CONTAINS,aux_sym_simple_identifier_token1_character_set_2,,set_contains
p_swift_set_aux_sym_simple_identifier_token1_character_set_2,swift,ts_lex,0,SET_CONTAINS,aux_sym_simple_identifier_token1_character_set_2,,set_contains
p_swift_set_aux_sym_simple_identifier_token1_character_set_2,swift,ts_lex,0,SET_CONTAINS,aux_sym_simple_identifier_token1_character_set_2,,set_contains
p_swift_set_aux_sym_simple_identifier_token1_character_set_2,swift,ts_lex,0,SET_CONTAINS,aux_sym_simple_identifier_token1_character_set_2,,set_contains
p_swift_set_aux_sym_simple_identifier_token1_character_set_2,swift,ts_lex,0,SET_CONTAINS,aux_sym_simple_identifier_token1_character_set_2,,set_contains
p_swift_set_aux_sym_simple_identifier_token1_character_set_2,swift,ts_lex,0,SET_CONTAINS,aux_sym_simple_identifier_token1_character_set_2,,set_contains
p_swift_set_aux_sym_simple_identifier_token1_character_set_2,swift,ts_lex,0,SET_CONTAINS,aux_sym_simple_identifier_token1_character_set_2,,set_contains
p_swift_set_aux_sym_simple_identifier_token1_character_set_2,swift,ts_lex,0,SET_CONTAINS,aux_sym_simple_identifier_token1_character_set_2,,set_contains
p_swift_set_aux_sym_simple_identifier_token1_character_set_2,swift,ts_lex,0,SET_CONTAINS,aux_sym_simple_identifier_token1_character_set_2,,set_contains
p_swift_set_aux_sym_simple_identifier_token1_character_set_2,swift,ts_lex,0,SET_CONTAINS,aux_sym_simple_identifier_token1_character_set_2,,set_contains
p_swift_set_aux_sym_simple_identifier_token1_character_set_2,swift,ts_lex,0,SET_CONTAINS,aux_sym_simple_identifier_token1_character_set_2,,set_contains
p_swift_set_aux_sym_simple_identifier_token1_character_set_2,swift,ts_lex,0,SET_CONTAINS,aux_sym_simple_identifier_token1_character_set_2,,set_contains
p_swift_set_aux_sym_simple_identifier_token1_character_set_2,swift,ts_lex,0,SET_CONTAINS,aux_sym_simple_identifier_token1_character_set_2,,set_contains
p_swift_set_aux_sym_simple_identifier_token1_character_set_2,swift,ts_lex,0,SET_CONTAINS,aux_sym_simple_identifier_token1_character_set_2,,set_contains
p_swift_set_aux_sym_simple_identifier_token1_character_set_2,swift,ts_lex,0,SET_CONTAINS,aux_sym_simple_identifier_token1_character_set_2,,set_contains
p_swift_set_aux_sym_simple_identifier_token1_character_set_2,swift,ts_lex,0,SET_CONTAINS,aux_sym_simple_identifier_token1_character_set_2,,set_contains
p_swift_set_aux_sym_simple_identifier_token1_character_set_2,swift,ts_lex,0,SET_CONTAINS,aux_sym_simple_identifier_token1_character_set_2,,set_contains
p_swift_set_aux_sym_simple_identifier_token1_character_set_2,swift,ts_lex,0,SET_CONTAINS,aux_sym_simple_identifier_token1_character_set_2,,set_contains
p_swift_set_aux_sym_simple_identifier_token1_character_set_2,swift,ts_lex,0,SET_CONTAINS,aux_sym_simple_identifier_token1_character_set_2,,set_contains
p_swift_set_aux_sym_simple_identifier_token1_character_set_2,swift,ts_lex,0,SET_CONTAINS,aux_sym_simple_identifier_token1_character_set_2,,set_contains
p_swift_set_aux_sym_simple_identifier_token1_character_set_2,swift,ts_lex,0,SET_CONTAINS,aux_sym_simple_identifier_token1_character_set_2,,set_contains
p_swift_set_aux_sym_simple_identifier_token1_character_set_2,swift,ts_lex,0,SET_CONTAINS,aux_sym_simple_identifier_token1_character_set_2,,set_contains
p_swift_set_aux_sym_simple_identifier_token1_character_set_2,swift,ts_lex,0,SET_CONTAINS,aux_sym_simple_identifier_token1_character_set_2,,set_contains
p_swift_set_aux_sym_simple_identifier_token1_character_set_2,swift,ts_lex,0,SET_CONTAINS,aux_sym_simple_identifier_token1_character_set_2,,set_contains
p_swift_set_aux_sym_simple_identifier_token1_character_set_2,swift,ts_lex,0,SET_CONTAINS,aux_sym_simple_identifier_token1_character_set_2,,set_contains
p_swift_set_aux_sym_simple_identifier_token1_character_set_2,swift,ts_lex,0,SET_CONTAINS,aux_sym_simple_identifier_token1_character_set_2,,set_contains
p_swift_set_aux_sym_simple_identifier_token1_character_set_2,swift,ts_lex,0,SET_CONTAINS,aux_sym_simple_identifier_token1_character_set_2,,set_contains
p_swift_set_aux_sym_simple_identifier_token1_character_set_2,swift,ts_lex,0,SET_CONTAINS,aux_sym_simple_identifier_token1_character_set_2,,set_contains
p_swift_set_aux_sym_simple_identifier_token1_character_set_2,swift,ts_lex,0,SET_CONTAINS,aux_sym_simple_identifier_token1_character_set_2,,set_contains
p_swift_set_aux_sym_simple_identifier_token1_character_set_2,swift,ts_lex,0,SET_CONTAINS,aux_sym_simple_identifier_token1_character_set_2,,set_contains
p_swift_set_aux_sym_simple_identifier_token1_character_set_2,swift,ts_lex,0,SET_CONTAINS,aux_sym_simple_identifier_token1_character_set_2,,set_contains
p_swift_set_aux_sym_simple_identifier_token1_character_set_2,swift,ts_lex,0,SET_CONTAINS,aux_sym_simple_identifier_token1_character_set_2,,set_contains
p_swift_set_aux_sym_simple_identifier_token1_character_set_2,swift,ts_lex,0,SET_CONTAINS,aux_sym_simple_identifier_token1_character_set_2,,set_contains
p_swift_set_aux_sym_simple_identifier_token1_character_set_2,swift,ts_lex,0,SET_CONTAINS,aux_sym_simple_identifier_token1_character_set_2,,set_contains
p_swift_set_aux_sym_simple_identifier_token1_character_set_2,swift,ts_lex,0,SET_CONTAINS,aux_sym_simple_identifier_token1_character_set_2,,set_contains
p_swift_set_aux_sym_simple_identifier_token1_character_set_2,swift,ts_lex,0,SET_CONTAINS,aux_sym_simple_identifier_token1_character_set_2,,set_contains
p_swift_set_aux_sym_simple_identifier_token1_character_set_2,swift,ts_lex,0,SET_CONTAINS,aux_sym_simple_identifier_token1_character_set_2,,set_contains
p_swift_set_aux_sym_simple_identifier_token1_character_set_2,swift,ts_lex,0,SET_CONTAINS,aux_sym_simple_identifier_token1_character_set_2,,set_contains
p_swift_set_aux_sym_simple_identifier_token1_character_set_2,swift,ts_lex,0,SET_CONTAINS,aux_sym_simple_identifier_token1_character_set_2,,set_contains
p_swift_set_aux_sym_simple_identifier_token1_character_set_2,swift,ts_lex,0,SET_CONTAINS,aux_sym_simple_identifier_token1_character_set_2,,set_contains
p_swift_set_aux_sym_simple_identifier_token1_character_set_2,swift,ts_lex,0,SET_CONTAINS,aux_sym_simple_identifier_token1_character_set_2,,set_contains
p_swift_set_aux_sym_simple_identifier_token1_character_set_2,swift,ts_lex,0,SET_CONTAINS,aux_sym_simple_identifier_token1_character_set_2,,set_contains
p_swift_set_aux_sym_simple_identifier_token1_character_set_2,swift,ts_lex,0,SET_CONTAINS,aux_sym_simple_identifier_token1_character_set_2,,set_contains
p_swift_set_aux_sym_simple_identifier_token1_character_set_2,swift,ts_lex,0,SET_CONTAINS,aux_sym_simple_identifier_token1_character_set_2,,set_contains
p_swift_set_aux_sym_simple_identifier_token1_character_set_2,swift,ts_lex,0,SET_CONTAINS,aux_sym_simple_identifier_token1_character_set_2,,set_contains
p_swift_set_aux_sym_simple_identifier_token1_character_set_2,swift,ts_lex,0,SET_CONTAINS,aux_sym_simple_identifier_token1_character_set_2,,set_contains
p_swift_set_aux_sym_simple_identifier_token1_character_set_2,swift,ts_lex,0,SET_CONTAINS,aux_sym_simple_identifier_token1_character_set_2,,set_contains
p_swift_set_aux_sym_simple_identifier_token1_character_set_2,swift,ts_lex,0,SET_CONTAINS,aux_sym_simple_identifier_token1_character_set_2,,set_contains
p_swift_set_aux_sym_simple_identifier_token1_character_set_2,swift,ts_lex,0,SET_CONTAINS,aux_sym_simple_identifier_token1_character_set_2,,set_contains
p_swift_set_aux_sym_simple_identifier_token1_character_set_2,swift,ts_lex,0,SET_CONTAINS,aux_sym_simple_identifier_token1_character_set_2,,set_contains
p_swift_set_aux_sym_simple_identifier_token1_character_set_2,swift,ts_lex,0,SET_CONTAINS,aux_sym_simple_identifier_token1_character_set_2,,set_contains
p_swift_set_aux_sym_simple_identifier_token1_character_set_2,swift,ts_lex,0,SET_CONTAINS,aux_sym_simple_identifier_token1_character_set_2,,set_contains
p_swift_set_aux_sym_simple_identifier_token1_character_set_2,swift,ts_lex,0,SET_CONTAINS,aux_sym_simple_identifier_token1_character_set_2,,set_contains
p_swift_set_aux_sym_simple_identifier_token1_character_set_2,swift,ts_lex,0,SET_CONTAINS,aux_sym_simple_identifier_token1_character_set_2,,set_contains
p_swift_set_aux_sym_simple_identifier_token1_character_set_2,swift,ts_lex,0,SET_CONTAINS,aux_sym_simple_identifier_token1_character_set_2,,set_contains
p_swift_set_aux_sym_simple_identifier_token1_character_set_2,swift,ts_lex,0,SET_CONTAINS,aux_sym_simple_identifier_token1_character_set_2,,set_contains
p_swift_set_aux_sym_simple_identifier_token1_character_set_2,swift,ts_lex,0,SET_CONTAINS,aux_sym_simple_identifier_token1_character_set_2,,set_contains
p_swift_set_aux_sym_simple_identifier_token1_character_set_2,swift,ts_lex,0,SET_CONTAINS,aux_sym_simple_identifier_token1_character_set_2,,set_contains
p_swift_set_aux_sym_simple_identifier_token1_character_set_2,swift,ts_lex,0,SET_CONTAINS,aux_sym_simple_identifier_token1_character_set_2,,set_contains
p_swift_set_aux_sym_simple_identifier_token1_character_set_2,swift,ts_lex,0,SET_CONTAINS,aux_sym_simple_identifier_token1_character_set_2,,set_contains
p_swift_set_aux_sym_simple_identifier_token1_character_set_2,swift,ts_lex,0,SET_CONTAINS,aux_sym_simple_identifier_token1_character_set_2,,set_contains
p_swift_set_aux_sym_simple_identifier_token1_character_set_2,swift,ts_lex,0,SET_CONTAINS,aux_sym_simple_identifier_token1_character_set_2,,set_contains
p_swift_set_aux_sym_simple_identifier_token1_character_set_2,swift,ts_lex,0,SET_CONTAINS,aux_sym_simple_identifier_token1_character_set_2,,set_contains
p_swift_set_aux_sym_simple_identifier_token1_character_set_2,swift,ts_lex,0,SET_CONTAINS,aux_sym_simple_identifier_token1_character_set_2,,set_contains
p_swift_set_aux_sym_simple_identifier_token1_character_set_2,swift,ts_lex,0,SET_CONTAINS,aux_sym_simple_identifier_token1_character_set_2,,set_contains
p_swift_set_aux_sym_simple_identifier_token1_character_set_2,swift,ts_lex,0,SET_CONTAINS,aux_sym_simple_identifier_token1_character_set_2,,set_contains
p_swift_set_aux_sym_simple_identifier_token1_character_set_2,swift,ts_lex,0,SET_CONTAINS,aux_sym_simple_identifier_token1_character_set_2,,set_contains
p_swift_set_aux_sym_simple_identifier_token1_character_set_2,swift,ts_lex,0,SET_CONTAINS,aux_sym_simple_identifier_token1_character_set_2,,set_contains
p_swift_set_aux_sym_simple_identifier_token1_character_set_2,swift,ts_lex,0,SET_CONTAINS,aux_sym_simple_identifier_token1_character_set_2,,set_contains
p_swift_set_aux_sym_simple_identifier_token1_character_set_2,swift,ts_lex,0,SET_CONTAINS,aux_sym_simple_identifier_token1_character_set_2,,set_contains
p_swift_set_aux_sym_simple_identifier_token1_character_set_2,swift,ts_lex,0,SET_CONTAINS,aux_sym_simple_identifier_token1_character_set_2,,set_contains
p_swift_set_aux_sym_simple_identifier_token1_character_set_2,swift,ts_lex,0,SET_CONTAINS,aux_sym_simple_identifier_token1_character_set_2,,set_contains
p_swift_set_aux_sym_simple_identifier_token1_character_set_2,swift,ts_lex,0,SET_CONTAINS,aux_sym_simple_identifier_token1_character_set_2,,set_contains
p_swift_set_aux_sym_simple_identifier_token1_character_set_2,swift,ts_lex,0,SET_CONTAINS,aux_sym_simple_identifier_token1_character_set_2,,set_contains
p_swift_set_aux_sym_simple_identifier_token1_character_set_2,swift,ts_lex,0,SET_CONTAINS,aux_sym_simple_identifier_token1_character_set_2,,set_contains
p_swift_set_aux_sym_simple_identifier_token1_character_set_2,swift,ts_lex,0,SET_CONTAINS,aux_sym_simple_identifier_token1_character_set_2,,set_contains
p_swift_set_aux_sym_simple_identifier_token1_character_set_2,swift,ts_lex,0,SET_CONTAINS,aux_sym_simple_identifier_token1_character_set_2,,set_contains
p_swift_set_aux_sym_simple_identifier_token1_character_set_2,swift,ts_lex,0,SET_CONTAINS,aux_sym_simple_identifier_token1_character_set_2,,set_contains
p_swift_set_aux_sym_simple_identifier_token1_character_set_2,swift,ts_lex,0,SET_CONTAINS,aux_sym_simple_identifier_token1_character_set_2,,set_contains
p_swift_set_aux_sym_simple_identifier_token1_character_set_2,swift,ts_lex,0,SET_CONTAINS,aux_sym_simple_identifier_token1_character_set_2,,set_contains
p_swift_set_aux_sym_simple_identifier_token1_character_set_2,swift,ts_lex,0,SET_CONTAINS,aux_sym_simple_identifier_token1_character_set_2,,set_contains
p_swift_set_aux_sym_simple_identifier_token1_character_set_2,swift,ts_lex,0,SET_CONTAINS,aux_sym_simple_identifier_token1_character_set_2,,set_contains
p_swift_set_aux_sym_simple_identifier_token1_character_set_2,swift,ts_lex,0,SET_CONTAINS,aux_sym_simple_identifier_token1_character_set_2,,set_contains
p_swift_set_aux_sym_simple_identifier_token1_character_set_2,swift,ts_lex,0,SET_CONTAINS,aux_sym_simple_identifier_token1_character_set_2,,set_contains
p_swift_set_aux_sym_simple_identifier_token1_character_set_2,swift,ts_lex,0,SET_CONTAINS,aux_sym_simple_identifier_token1_character_set_2,,set_contains
p_swift_set_aux_sym_simple_identifier_token1_character_set_2,swift,ts_lex,0,SET_CONTAINS,aux_sym_simple_identifier_token1_character_set_2,,set_contains
p_swift_set_aux_sym_simple_identifier_token1_character_set_2,swift,ts_lex,0,SET_CONTAINS,aux_sym_simple_identifier_token1_character_set_2,,set_contains
p_swift_set_aux_sym_simple_identifier_token1_character_set_2,swift,ts_lex,0,SET_CONTAINS,aux_sym_simple_identifier_token1_character_set_2,,set_contains
p_swift_set_aux_sym_simple_identifier_token1_character_set_2,swift,ts_lex,0,SET_CONTAINS,aux_sym_simple_identifier_token1_character_set_2,,set_contains
p_swift_set_aux_sym_simple_identifier_token1_character_set_2,swift,ts_lex,0,SET_CONTAINS,aux_sym_simple_identifier_token1_character_set_2,,set_contains
p_swift_set_aux_sym_simple_identifier_token1_character_set_2,swift,ts_lex,0,SET_CONTAINS,aux_sym_simple_identifier_token1_character_set_2,,set_contains
p_swift_set_aux_sym_simple_identifier_token1_character_set_2,swift,ts_lex,0,SET_CONTAINS,aux_sym_simple_identifier_token1_character_set_2,,set_contains
p_swift_set_aux_sym_simple_identifier_token1_character_set_2,swift,ts_lex,0,SET_CONTAINS,aux_sym_simple_identifier_token1_character_set_2,,set_contains
p_swift_set_aux_sym_simple_identifier_token1_character_set_2,swift,ts_lex,0,SET_CONTAINS,aux_sym_simple_identifier_token1_character_set_2,,set_contains
p_swift_set_aux_sym_simple_identifier_token1_character_set_2,swift,ts_lex,0,SET_CONTAINS,aux_sym_simple_identifier_token1_character_set_2,,set_contains
p_swift_set_aux_sym_simple_identifier_token1_character_set_2,swift,ts_lex,0,SET_CONTAINS,aux_sym_simple_identifier_token1_character_set_2,,set_contains
p_swift_set_aux_sym_simple_identifier_token1_character_set_2,swift,ts_lex,0,SET_CONTAINS,aux_sym_simple_identifier_token1_character_set_2,,set_contains
p_swift_set_aux_sym_simple_identifier_token1_character_set_2,swift,ts_lex,0,SET_CONTAINS,aux_sym_simple_identifier_token1_character_set_2,,set_contains
p_swift_set_aux_sym_simple_identifier_token1_character_set_2,swift,ts_lex,0,SET_CONTAINS,aux_sym_simple_identifier_token1_character_set_2,,set_contains
p_swift_set_aux_sym_simple_identifier_token1_character_set_2,swift,ts_lex,0,SET_CONTAINS,aux_sym_simple_identifier_token1_character_set_2,,set_contains
p_swift_set_aux_sym_simple_identifier_token1_character_set_2,swift,ts_lex,0,SET_CONTAINS,aux_sym_simple_identifier_token1_character_set_2,,set_contains
p_swift_set_aux_sym_simple_identifier_token1_character_set_2,swift,ts_lex,0,SET_CONTAINS,aux_sym_simple_identifier_token1_character_set_2,,set_contains
p_swift_set_aux_sym_simple_identifier_token1_character_set_2,swift,ts_lex,0,SET_CONTAINS,aux_sym_simple_identifier_token1_character_set_2,,set_contains
p_swift_set_aux_sym_simple_identifier_token1_character_set_2,swift,ts_lex,0,SET_CONTAINS,aux_sym_simple_identifier_token1_character_set_2,,set_contains
p_swift_set_aux_sym_simple_identifier_token1_character_set_2,swift,ts_lex,0,SET_CONTAINS,aux_sym_simple_identifier_token1_character_set_2,,set_contains
p_swift_set_aux_sym_simple_identifier_token1_character_set_2,swift,ts_lex,0,SET_CONTAINS,aux_sym_simple_identifier_token1_character_set_2,,set_contains
p_swift_set_aux_sym_simple_identifier_token1_character_set_2,swift,ts_lex,0,SET_CONTAINS,aux_sym_simple_identifier_token1_character_set_2,,set_contains
p_swift_set_aux_sym_simple_identifier_token1_character_set_2,swift,ts_lex,0,SET_CONTAINS,aux_sym_simple_identifier_token1_character_set_2,,set_contains
p_swift_set_aux_sym_simple_identifier_token1_character_set_2,swift,ts_lex,0,SET_CONTAINS,aux_sym_simple_identifier_token1_character_set_2,,set_contains
p_swift_set_aux_sym_simple_identifier_token1_character_set_2,swift,ts_lex,0,SET_CONTAINS,aux_sym_simple_identifier_token1_character_set_2,,set_contains
p_swift_set_aux_sym_simple_identifier_token1_character_set_2,swift,ts_lex,0,SET_CONTAINS,aux_sym_simple_identifier_token1_character_set_2,,set_contains
p_swift_set_aux_sym_simple_identifier_token1_character_set_2,swift,ts_lex,0,SET_CONTAINS,aux_sym_simple_identifier_token1_character_set_2,,set_contains
p_swift_set_aux_sym_simple_identifier_token1_character_set_2,swift,ts_lex,0,SET_CONTAINS,aux_sym_simple_identifier_token1_character_set_2,,set_contains
p_swift_set_aux_sym_simple_identifier_token1_character_set_2,swift,ts_lex,0,SET_CONTAINS,aux_sym_simple_identifier_token1_character_set_2,,set_contains
p_swift_set_aux_sym_simple_identifier_token1_character_set_2,swift,ts_lex,0,SET_CONTAINS,aux_sym_simple_identifier_token1_character_set_2,,set_contains
p_swift_set_aux_sym_simple_identifier_token1_character_set_2,swift,ts_lex,0,SET_CONTAINS,aux_sym_simple_identifier_token1_character_set_2,,set_contains
p_swift_set_aux_sym_simple_identifier_token1_character_set_2,swift,ts_lex,0,SET_CONTAINS,aux_sym_simple_identifier_token1_character_set_2,,set_contains
p_swift_set_aux_sym_simple_identifier_token1_character_set_2,swift,ts_lex,0,SET_CONTAINS,aux_sym_simple_identifier_token1_character_set_2,,set_contains
p_swift_set_aux_sym_simple_identifier_token1_character_set_2,swift,ts_lex,0,SET_CONTAINS,aux_sym_simple_identifier_token1_character_set_2,,set_contains
p_swift_set_aux_sym_simple_identifier_token1_character_set_2,swift,ts_lex,0,SET_CONTAINS,aux_sym_simple_identifier_token1_character_set_2,,set_contains
p_swift_set_aux_sym_simple_identifier_token1_character_set_2,swift,ts_lex,0,SET_CONTAINS,aux_sym_simple_identifier_token1_character_set_2,,set_contains
p_swift_set_aux_sym_simple_identifier_token1_character_set_2,swift,ts_lex,0,SET_CONTAINS,aux_sym_simple_identifier_token1_character_set_2,,set_contains
p_swift_set_aux_sym_simple_identifier_token1_character_set_2,swift,ts_lex,0,SET_CONTAINS,aux_sym_simple_identifier_token1_character_set_2,,set_contains
p_swift_set_aux_sym_simple_identifier_token1_character_set_2,swift,ts_lex,0,SET_CONTAINS,aux_sym_simple_identifier_token1_character_set_2,,set_contains
p_swift_set_aux_sym_simple_identifier_token1_character_set_2,swift,ts_lex,0,SET_CONTAINS,aux_sym_simple_identifier_token1_character_set_2,,set_contains
p_swift_set_aux_sym_simple_identifier_token1_character_set_2,swift,ts_lex,0,SET_CONTAINS,aux_sym_simple_identifier_token1_character_set_2,,set_contains
p_swift_set_aux_sym_simple_identifier_token1_character_set_2,swift,ts_lex,0,SET_CONTAINS,aux_sym_simple_identifier_token1_character_set_2,,set_contains
p_swift_set_aux_sym_simple_identifier_token1_character_set_2,swift,ts_lex,0,SET_CONTAINS,aux_sym_simple_identifier_token1_character_set_2,,set_contains
p_swift_set_aux_sym_simple_identifier_token1_character_set_2,swift,ts_lex,0,SET_CONTAINS,aux_sym_simple_identifier_token1_character_set_2,,set_contains
p_swift_set_aux_sym_simple_identifier_token1_character_set_2,swift,ts_lex,0,SET_CONTAINS,aux_sym_simple_identifier_token1_character_set_2,,set_contains
p_swift_set_aux_sym_simple_identifier_token1_character_set_2,swift,ts_lex,0,SET_CONTAINS,aux_sym_simple_identifier_token1_character_set_2,,set_contains
p_swift_set_aux_sym_simple_identifier_token1_character_set_2,swift,ts_lex,0,SET_CONTAINS,aux_sym_simple_identifier_token1_character_set_2,,set_contains
p_swift_set_aux_sym_simple_identifier_token1_character_set_2,swift,ts_lex,0,SET_CONTAINS,aux_sym_simple_identifier_token1_character_set_2,,set_contains
p_swift_set_aux_sym_simple_identifier_token1_character_set_2,swift,ts_lex,0,SET_CONTAINS,aux_sym_simple_identifier_token1_character_set_2,,set_contains
p_swift_set_aux_sym_simple_identifier_token1_character_set_2,swift,ts_lex,0,SET_CONTAINS,aux_sym_simple_identifier_token1_character_set_2,,set_contains
p_swift_set_aux_sym_simple_identifier_token1_character_set_2,swift,ts_lex,0,SET_CONTAINS,aux_sym_simple_identifier_token1_character_set_2,,set_contains
p_swift_set_aux_sym_simple_identifier_token1_character_set_2,swift,ts_lex,0,SET_CONTAINS,aux_sym_simple_identifier_token1_character_set_2,,set_contains
p_swift_set_aux_sym_simple_identifier_token1_character_set_2,swift,ts_lex,0,SET_CONTAINS,aux_sym_simple_identifier_token1_character_set_2,,set_contains
p_swift_set_aux_sym_simple_identifier_token1_character_set_2,swift,ts_lex,0,SET_CONTAINS,aux_sym_simple_identifier_token1_character_set_2,,set_contains
p_swift_set_aux_sym_simple_identifier_token1_character_set_2,swift,ts_lex,0,SET_CONTAINS,aux_sym_simple_identifier_token1_character_set_2,,set_contains
p_swift_set_aux_sym_simple_identifier_token1_character_set_2,swift,ts_lex,0,SET_CONTAINS,aux_sym_simple_identifier_token1_character_set_2,,set_contains
p_swift_set_aux_sym_simple_identifier_token1_character_set_2,swift,ts_lex,0,SET_CONTAINS,aux_sym_simple_identifier_token1_character_set_2,,set_contains
p_swift_set_aux_sym_simple_identifier_token1_character_set_2,swift,ts_lex,0,SET_CONTAINS,aux_sym_simple_identifier_token1_character_set_2,,set_contains
p_swift_set_aux_sym_simple_identifier_token1_character_set_2,swift,ts_lex,0,SET_CONTAINS,aux_sym_simple_identifier_token1_character_set_2,,set_contains
p_swift_set_aux_sym_simple_identifier_token1_character_set_2,swift,ts_lex,0,SET_CONTAINS,aux_sym_simple_identifier_token1_character_set_2,,set_contains
p_swift_set_aux_sym_simple_identifier_token1_character_set_2,swift,ts_lex,0,SET_CONTAINS,aux_sym_simple_identifier_token1_character_set_2,,set_contains
p_swift_set_aux_sym_simple_identifier_token1_character_set_2,swift,ts_lex,0,SET_CONTAINS,aux_sym_simple_identifier_token1_character_set_2,,set_contains
p_swift_set_aux_sym_simple_identifier_token1_character_set_2,swift,ts_lex,0,SET_CONTAINS,aux_sym_simple_identifier_token1_character_set_2,,set_contains
p_swift_set_aux_sym_simple_identifier_token1_character_set_2,swift,ts_lex,0,SET_CONTAINS,aux_sym_simple_identifier_token1_character_set_2,,set_contains
p_swift_set_aux_sym_simple_identifier_token1_character_set_2,swift,ts_lex,0,SET_CONTAINS,aux_sym_simple_identifier_token1_character_set_2,,set_contains
p_swift_set_aux_sym_simple_identifier_token1_character_set_2,swift,ts_lex,0,SET_CONTAINS,aux_sym_simple_identifier_token1_character_set_2,,set_contains
p_swift_set_aux_sym_simple_identifier_token1_character_set_2,swift,ts_lex,0,SET_CONTAINS,aux_sym_simple_identifier_token1_character_set_2,,set_contains
p_swift_set_aux_sym_simple_identifier_token1_character_set_2,swift,ts_lex,0,SET_CONTAINS,aux_sym_simple_identifier_token1_character_set_2,,set_contains
p_swift_set_aux_sym_simple_identifier_token1_character_set_2,swift,ts_lex,0,SET_CONTAINS,aux_sym_simple_identifier_token1_character_set_2,,set_contains
p_swift_set_aux_sym_simple_identifier_token1_character_set_2,swift,ts_lex,0,SET_CONTAINS,aux_sym_simple_identifier_token1_character_set_2,,set_contains
p_swift_set_aux_sym_simple_identifier_token1_character_set_2,swift,ts_lex,0,SET_CONTAINS,aux_sym_simple_identifier_token1_character_set_2,,set_contains
p_swift_set_aux_sym_simple_identifier_token1_character_set_2,swift,ts_lex,0,SET_CONTAINS,aux_sym_simple_identifier_token1_character_set_2,,set_contains
p_swift_set_aux_sym_simple_identifier_token1_character_set_2,swift,ts_lex,0,SET_CONTAINS,aux_sym_simple_identifier_token1_character_set_2,,set_contains
p_swift_set_aux_sym_simple_identifier_token1_character_set_2,swift,ts_lex,0,SET_CONTAINS,aux_sym_simple_identifier_token1_character_set_2,,set_contains
p_swift_set_aux_sym_simple_identifier_token1_character_set_2,swift,ts_lex,0,SET_CONTAINS,aux_sym_simple_identifier_token1_character_set_2,,set_contains
p_swift_set_aux_sym_simple_identifier_token1_character_set_2,swift,ts_lex,0,SET_CONTAINS,aux_sym_simple_identifier_token1_character_set_2,,set_contains
p_swift_set_aux_sym_simple_identifier_token1_character_set_2,swift,ts_lex,0,SET_CONTAINS,aux_sym_simple_identifier_token1_character_set_2,,set_contains
p_swift_set_aux_sym_simple_identifier_token1_character_set_2,swift,ts_lex,0,SET_CONTAINS,aux_sym_simple_identifier_token1_character_set_2,,set_contains
p_swift_set_aux_sym_simple_identifier_token1_character_set_2,swift,ts_lex,0,SET_CONTAINS,aux_sym_simple_identifier_token1_character_set_2,,set_contains
p_swift_set_aux_sym_simple_identifier_token1_character_set_2,swift,ts_lex,0,SET_CONTAINS,aux_sym_simple_identifier_token1_character_set_2,,set_contains
p_swift_set_aux_sym_simple_identifier_token1_character_set_2,swift,ts_lex,0,SET_CONTAINS,aux_sym_simple_identifier_token1_character_set_2,,set_contains
p_swift_set_aux_sym_simple_identifier_token1_character_set_2,swift,ts_lex,0,SET_CONTAINS,aux_sym_simple_identifier_token1_character_set_2,,set_contains
p_swift_set_aux_sym_simple_identifier_token1_character_set_2,swift,ts_lex,0,SET_CONTAINS,aux_sym_simple_identifier_token1_character_set_2,,set_contains
p_swift_set_aux_sym_simple_identifier_token1_character_set_2,swift,ts_lex,0,SET_CONTAINS,aux_sym_simple_identifier_token1_character_set_2,,set_contains
p_swift_set_aux_sym_simple_identifier_token1_character_set_2,swift,ts_lex,0,SET_CONTAINS,aux_sym_simple_identifier_token1_character_set_2,,set_contains
p_swift_set_aux_sym_simple_identifier_token1_character_set_2,swift,ts_lex,0,SET_CONTAINS,aux_sym_simple_identifier_token1_character_set_2,,set_contains
p_swift_set_aux_sym_simple_identifier_token1_character_set_2,swift,ts_lex,0,SET_CONTAINS,aux_sym_simple_identifier_token1_character_set_2,,set_contains
p_swift_set_aux_sym_simple_identifier_token1_character_set_2,swift,ts_lex,0,SET_CONTAINS,aux_sym_simple_identifier_token1_character_set_2,,set_contains
p_swift_set_aux_sym_simple_identifier_token1_character_set_2,swift,ts_lex,0,SET_CONTAINS,aux_sym_simple_identifier_token1_character_set_2,,set_contains
p_swift_set_aux_sym_simple_identifier_token1_character_set_2,swift,ts_lex,0,SET_CONTAINS,aux_sym_simple_identifier_token1_character_set_2,,set_contains
p_swift_set_aux_sym_simple_identifier_token1_character_set_2,swift,ts_lex,0,SET_CONTAINS,aux_sym_simple_identifier_token1_character_set_2,,set_contains
p_swift_set_aux_sym_simple_identifier_token1_character_set_2,swift,ts_lex,0,SET_CONTAINS,aux_sym_simple_identifier_token1_character_set_2,,set_contains
p_swift_set_aux_sym_simple_identifier_token1_character_set_2,swift,ts_lex,0,SET_CONTAINS,aux_sym_simple_identifier_token1_character_set_2,,set_contains
p_swift_set_aux_sym_simple_identifier_token1_character_set_2,swift,ts_lex,0,SET_CONTAINS,aux_sym_simple_identifier_token1_character_set_2,,set_contains
p_swift_set_aux_sym_simple_identifier_token1_character_set_2,swift,ts_lex,0,SET_CONTAINS,aux_sym_simple_identifier_token1_character_set_2,,set_contains
p_swift_set_aux_sym_simple_identifier_token1_character_set_2,swift,ts_lex,0,SET_CONTAINS,aux_sym_simple_identifier_token1_character_set_2,,set_contains
p_swift_set_aux_sym_simple_identifier_token1_character_set_2,swift,ts_lex,0,SET_CONTAINS,aux_sym_simple_identifier_token1_character_set_2,,set_contains
p_swift_set_aux_sym_simple_identifier_token1_character_set_2,swift,ts_lex,0,SET_CONTAINS,aux_sym_simple_identifier_token1_character_set_2,,set_contains
p_swift_set_aux_sym_simple_identifier_token1_character_set_2,swift,ts_lex,0,SET_CONTAINS,aux_sym_simple_identifier_token1_character_set_2,,set_contains
p_swift_set_aux_sym_simple_identifier_token1_character_set_2,swift,ts_lex,0,SET_CONTAINS,aux_sym_simple_identifier_token1_character_set_2,,set_contains
p_swift_set_aux_sym_simple_identifier_token1_character_set_2,swift,ts_lex,0,SET_CONTAINS,aux_sym_simple_identifier_token1_character_set_2,,set_contains
p_swift_set_aux_sym_simple_identifier_token1_character_set_2,swift,ts_lex,0,SET_CONTAINS,aux_sym_simple_identifier_token1_character_set_2,,set_contains
p_swift_set_aux_sym_simple_identifier_token1_character_set_2,swift,ts_lex,0,SET_CONTAINS,aux_sym_simple_identifier_token1_character_set_2,,set_contains
p_swift_set_aux_sym_simple_identifier_token1_character_set_2,swift,ts_lex,0,SET_CONTAINS,aux_sym_simple_identifier_token1_character_set_2,,set_contains
p_swift_set_aux_sym_simple_identifier_token1_character_set_2,swift,ts_lex,0,SET_CONTAINS,aux_sym_simple_identifier_token1_character_set_2,,set_contains
p_swift_set_aux_sym_simple_identifier_token1_character_set_2,swift,ts_lex,0,SET_CONTAINS,aux_sym_simple_identifier_token1_character_set_2,,set_contains
p_swift_set_aux_sym_simple_identifier_token1_character_set_2,swift,ts_lex,0,SET_CONTAINS,aux_sym_simple_identifier_token1_character_set_2,,set_contains
p_swift_set_aux_sym_simple_identifier_token1_character_set_2,swift,ts_lex,0,SET_CONTAINS,aux_sym_simple_identifier_token1_character_set_2,,set_contains
p_swift_set_aux_sym_simple_identifier_token1_character_set_2,swift,ts_lex,0,SET_CONTAINS,aux_sym_simple_identifier_token1_character_set_2,,set_contains
p_swift_set_aux_sym_simple_identifier_token1_character_set_2,swift,ts_lex,0,SET_CONTAINS,aux_sym_simple_identifier_token1_character_set_2,,set_contains
p_swift_set_aux_sym_simple_identifier_token1_character_set_2,swift,ts_lex,0,SET_CONTAINS,aux_sym_simple_identifier_token1_character_set_2,,set_contains
p_swift_set_aux_sym_simple_identifier_token1_character_set_2,swift,ts_lex,0,SET_CONTAINS,aux_sym_simple_identifier_token1_character_set_2,,set_contains
p_swift_set_aux_sym_simple_identifier_token1_character_set_2,swift,ts_lex,0,SET_CONTAINS,aux_sym_simple_identifier_token1_character_set_2,,set_contains
p_swift_set_aux_sym_simple_identifier_token1_character_set_2,swift,ts_lex,0,SET_CONTAINS,aux_sym_simple_identifier_token1_character_set_2,,set_contains
p_swift_set_aux_sym_simple_identifier_token1_character_set_2,swift,ts_lex,0,SET_CONTAINS,aux_sym_simple_identifier_token1_character_set_2,,set_contains
p_swift_set_aux_sym_simple_identifier_token1_character_set_2,swift,ts_lex,0,SET_CONTAINS,aux_sym_simple_identifier_token1_character_set_2,,set_contains
p_swift_set_aux_sym_simple_identifier_token1_character_set_2,swift,ts_lex,0,SET_CONTAINS,aux_sym_simple_identifier_token1_character_set_2,,set_contains
p_swift_set_aux_sym_simple_identifier_token1_character_set_2,swift,ts_lex,0,SET_CONTAINS,aux_sym_simple_identifier_token1_character_set_2,,set_contains
p_swift_set_aux_sym_simple_identifier_token1_character_set_2,swift,ts_lex,0,SET_CONTAINS,aux_sym_simple_identifier_token1_character_set_2,,set_contains
p_swift_set_aux_sym_simple_identifier_token1_character_set_2,swift,ts_lex,0,SET_CONTAINS,aux_sym_simple_identifier_token1_character_set_2,,set_contains
p_swift_set_aux_sym_simple_identifier_token1_character_set_2,swift,ts_lex,0,SET_CONTAINS,aux_sym_simple_identifier_token1_character_set_2,,set_contains
p_swift_set_aux_sym_simple_identifier_token1_character_set_2,swift,ts_lex,0,SET_CONTAINS,aux_sym_simple_identifier_token1_character_set_2,,set_contains
p_swift_set_aux_sym_simple_identifier_token1_character_set_2,swift,ts_lex,0,SET_CONTAINS,aux_sym_simple_identifier_token1_character_set_2,,set_contains
p_swift_set_aux_sym_simple_identifier_token1_character_set_2,swift,ts_lex,0,SET_CONTAINS,aux_sym_simple_identifier_token1_character_set_2,,set_contains
p_swift_set_aux_sym_simple_identifier_token1_character_set_2,swift,ts_lex,0,SET_CONTAINS,aux_sym_simple_identifier_token1_character_set_2,,set_contains
p_swift_set_aux_sym_simple_identifier_token1_character_set_2,swift,ts_lex,0,SET_CONTAINS,aux_sym_simple_identifier_token1_character_set_2,,set_contains
p_swift_set_aux_sym_simple_identifier_token1_character_set_2,swift,ts_lex,0,SET_CONTAINS,aux_sym_simple_identifier_token1_character_set_2,,set_contains
p_swift_set_aux_sym_simple_identifier_token1_character_set_2,swift,ts_lex,0,SET_CONTAINS,aux_sym_simple_identifier_token1_character_set_2,,set_contains
p_swift_set_aux_sym_simple_identifier_token1_character_set_2,swift,ts_lex,0,SET_CONTAINS,aux_sym_simple_identifier_token1_character_set_2,,set_contains
p_swift_set_aux_sym_simple_identifier_token1_character_set_2,swift,ts_lex,0,SET_CONTAINS,aux_sym_simple_identifier_token1_character_set_2,,set_contains
p_swift_set_aux_sym_simple_identifier_token1_character_set_2,swift,ts_lex,0,SET_CONTAINS,aux_sym_simple_identifier_token1_character_set_2,,set_contains
p_swift_set_aux_sym_simple_identifier_token1_character_set_2,swift,ts_lex,0,SET_CONTAINS,aux_sym_simple_identifier_token1_character_set_2,,set_contains
p_swift_set_aux_sym_simple_identifier_token1_character_set_2,swift,ts_lex,0,SET_CONTAINS,aux_sym_simple_identifier_token1_character_set_2,,set_contains
p_swift_set_aux_sym_simple_identifier_token1_character_set_2,swift,ts_lex,0,SET_CONTAINS,aux_sym_simple_identifier_token1_character_set_2,,set_contains
p_swift_set_aux_sym_simple_identifier_token1_character_set_2,swift,ts_lex,0,SET_CONTAINS,aux_sym_simple_identifier_token1_character_set_2,,set_contains
p_swift_set_aux_sym_simple_identifier_token1_character_set_2,swift,ts_lex,0,SET_CONTAINS,aux_sym_simple_identifier_token1_character_set_2,,set_contains
p_swift_set_aux_sym_simple_identifier_token1_character_set_2,swift,ts_lex,0,SET_CONTAINS,aux_sym_simple_identifier_token1_character_set_2,,set_contains
p_swift_set_aux_sym_simple_identifier_token1_character_set_2,swift,ts_lex,0,SET_CONTAINS,aux_sym_simple_identifier_token1_character_set_2,,set_contains
p_swift_set_aux_sym_simple_identifier_token1_character_set_2,swift,ts_lex,0,SET_CONTAINS,aux_sym_simple_identifier_token1_character_set_2,,set_contains
p_swift_set_aux_sym_simple_identifier_token1_character_set_2,swift,ts_lex,0,SET_CONTAINS,aux_sym_simple_identifier_token1_character_set_2,,set_contains
p_swift_set_aux_sym_simple_identifier_token1_character_set_2,swift,ts_lex,0,SET_CONTAINS,aux_sym_simple_identifier_token1_character_set_2,,set_contains
p_swift_set_aux_sym_simple_identifier_token1_character_set_2,swift,ts_lex,0,SET_CONTAINS,aux_sym_simple_identifier_token1_character_set_2,,set_contains
p_swift_set_aux_sym_simple_identifier_token1_character_set_2,swift,ts_lex,0,SET_CONTAINS,aux_sym_simple_identifier_token1_character_set_2,,set_contains
p_swift_set_aux_sym_simple_identifier_token1_character_set_2,swift,ts_lex,0,SET_CONTAINS,aux_sym_simple_identifier_token1_character_set_2,,set_contains
p_swift_set_aux_sym_simple_identifier_token1_character_set_2,swift,ts_lex,0,SET_CONTAINS,aux_sym_simple_identifier_token1_character_set_2,,set_contains
p_swift_set_aux_sym_simple_identifier_token1_character_set_2,swift,ts_lex,0,SET_CONTAINS,aux_sym_simple_identifier_token1_character_set_2,,set_contains
p_swift_set_aux_sym_simple_identifier_token1_character_set_2,swift,ts_lex,0,SET_CONTAINS,aux_sym_simple_identifier_token1_character_set_2,,set_contains
p_swift_set_aux_sym_simple_identifier_token1_character_set_2,swift,ts_lex,0,SET_CONTAINS,aux_sym_simple_identifier_token1_character_set_2,,set_contains
p_swift_set_aux_sym_simple_identifier_token1_character_set_2,swift,ts_lex,0,SET_CONTAINS,aux_sym_simple_identifier_token1_character_set_2,,set_contains
p_swift_set_aux_sym_simple_identifier_token1_character_set_2,swift,ts_lex,0,SET_CONTAINS,aux_sym_simple_identifier_token1_character_set_2,,set_contains
p_swift_set_aux_sym_simple_identifier_token1_character_set_2,swift,ts_lex,0,SET_CONTAINS,aux_sym_simple_identifier_token1_character_set_2,,set_contains
p_swift_set_aux_sym_simple_identifier_token1_character_set_2,swift,ts_lex,0,SET_CONTAINS,aux_sym_simple_identifier_token1_character_set_2,,set_contains
p_swift_set_aux_sym_simple_identifier_token1_character_set_2,swift,ts_lex,0,SET_CONTAINS,aux_sym_simple_identifier_token1_character_set_2,,set_contains
p_swift_set_aux_sym_simple_identifier_token1_character_set_2,swift,ts_lex,0,SET_CONTAINS,aux_sym_simple_identifier_token1_character_set_2,,set_contains
p_swift_set_aux_sym_simple_identifier_token1_character_set_2,swift,ts_lex,0,SET_CONTAINS,aux_sym_simple_identifier_token1_character_set_2,,set_contains
p_swift_set_aux_sym_simple_identifier_token1_character_set_2,swift,ts_lex,0,SET_CONTAINS,aux_sym_simple_identifier_token1_character_set_2,,set_contains
p_swift_set_aux_sym_simple_identifier_token1_character_set_2,swift,ts_lex,0,SET_CONTAINS,aux_sym_simple_identifier_token1_character_set_2,,set_contains
p_swift_set_aux_sym_simple_identifier_token1_character_set_2,swift,ts_lex,0,SET_CONTAINS,aux_sym_simple_identifier_token1_character_set_2,,set_contains
p_swift_set_aux_sym_simple_identifier_token1_character_set_2,swift,ts_lex,0,SET_CONTAINS,aux_sym_simple_identifier_token1_character_set_2,,set_contains
p_swift_set_aux_sym_simple_identifier_token1_character_set_2,swift,ts_lex,0,SET_CONTAINS,aux_sym_simple_identifier_token1_character_set_2,,set_contains
p_swift_set_aux_sym_simple_identifier_token1_character_set_2,swift,ts_lex,0,SET_CONTAINS,aux_sym_simple_identifier_token1_character_set_2,,set_contains
p_swift_set_aux_sym_simple_identifier_token1_character_set_2,swift,ts_lex,0,SET_CONTAINS,aux_sym_simple_identifier_token1_character_set_2,,set_contains
p_swift_set_aux_sym_simple_identifier_token1_character_set_2,swift,ts_lex,0,SET_CONTAINS,aux_sym_simple_identifier_token1_character_set_2,,set_contains
p_swift_set_aux_sym_simple_identifier_token1_character_set_2,swift,ts_lex,0,SET_CONTAINS,aux_sym_simple_identifier_token1_character_set_2,,set_contains
p_swift_set_aux_sym_simple_identifier_token1_character_set_2,swift,ts_lex,0,SET_CONTAINS,aux_sym_simple_identifier_token1_character_set_2,,set_contains
p_swift_set_aux_sym_simple_identifier_token1_character_set_2,swift,ts_lex,0,SET_CONTAINS,aux_sym_simple_identifier_token1_character_set_2,,set_contains
p_swift_set_aux_sym_simple_identifier_token1_character_set_2,swift,ts_lex,0,SET_CONTAINS,aux_sym_simple_identifier_token1_character_set_2,,set_contains
p_swift_set_aux_sym_simple_identifier_token1_character_set_2,swift,ts_lex,0,SET_CONTAINS,aux_sym_simple_identifier_token1_character_set_2,,set_contains
p_swift_set_aux_sym_simple_identifier_token1_character_set_2,swift,ts_lex,0,SET_CONTAINS,aux_sym_simple_identifier_token1_character_set_2,,set_contains
p_swift_set_aux_sym_simple_identifier_token1_character_set_2,swift,ts_lex,0,SET_CONTAINS,aux_sym_simple_identifier_token1_character_set_2,,set_contains
p_swift_set_aux_sym_simple_identifier_token1_character_set_2,swift,ts_lex,0,SET_CONTAINS,aux_sym_simple_identifier_token1_character_set_2,,set_contains
p_swift_set_aux_sym_simple_identifier_token1_character_set_2,swift,ts_lex,0,SET_CONTAINS,aux_sym_simple_identifier_token1_character_set_2,,set_contains
p_swift_set_aux_sym_simple_identifier_token1_character_set_2,swift,ts_lex,0,SET_CONTAINS,aux_sym_simple_identifier_token1_character_set_2,,set_contains
p_swift_set_aux_sym_simple_identifier_token1_character_set_2,swift,ts_lex,0,SET_CONTAINS,aux_sym_simple_identifier_token1_character_set_2,,set_contains
p_swift_set_aux_sym_simple_identifier_token1_character_set_2,swift,ts_lex,0,SET_CONTAINS,aux_sym_simple_identifier_token1_character_set_2,,set_contains
p_swift_set_aux_sym_simple_identifier_token1_character_set_2,swift,ts_lex,0,SET_CONTAINS,aux_sym_simple_identifier_token1_character_set_2,,set_contains
p_swift_set_aux_sym_simple_identifier_token1_character_set_2,swift,ts_lex,0,SET_CONTAINS,aux_sym_simple_identifier_token1_character_set_2,,set_contains
p_swift_set_aux_sym_simple_identifier_token1_character_set_2,swift,ts_lex,0,SET_CONTAINS,aux_sym_simple_identifier_token1_character_set_2,,set_contains
p_swift_set_aux_sym_simple_identifier_token1_character_set_2,swift,ts_lex,0,SET_CONTAINS,aux_sym_simple_identifier_token1_character_set_2,,set_contains
p_swift_set_aux_sym_simple_identifier_token1_character_set_2,swift,ts_lex,0,SET_CONTAINS,aux_sym_simple_identifier_token1_character_set_2,,set_contains
p_swift_set_aux_sym_simple_identifier_token1_character_set_2,swift,ts_lex,0,SET_CONTAINS,aux_sym_simple_identifier_token1_character_set_2,,set_contains
p_swift_set_aux_sym_simple_identifier_token1_character_set_3,swift,ts_lex,0,SET_CONTAINS,aux_sym_simple_identifier_token1_character_set_3,,set_contains
p_swift_set_aux_sym_simple_identifier_token1_character_set_3,swift,ts_lex,0,SET_CONTAINS,aux_sym_simple_identifier_token1_character_set_3,,set_contains
p_swift_set_aux_sym_simple_identifier_token1_character_set_3,swift,ts_lex,0,SET_CONTAINS,aux_sym_simple_identifier_token1_character_set_3,,set_contains
p_swift_set_aux_sym_simple_identifier_token1_character_set_3,swift,ts_lex,0,SET_CONTAINS,aux_sym_simple_identifier_token1_character_set_3,,set_contains
p_swift_set_aux_sym_simple_identifier_token1_character_set_2,swift,ts_lex,0,SET_CONTAINS,aux_sym_simple_identifier_token1_character_set_2,,set_contains
p_swift_set_aux_sym_simple_identifier_token1_character_set_2,swift,ts_lex,0,SET_CONTAINS,aux_sym_simple_identifier_token1_character_set_2,,set_contains
p_swift_set_aux_sym_simple_identifier_token1_character_set_2,swift,ts_lex,0,SET_CONTAINS,aux_sym_simple_identifier_token1_character_set_2,,set_contains
p_swift_set_aux_sym_simple_identifier_token1_character_set_2,swift,ts_lex,0,SET_CONTAINS,aux_sym_simple_identifier_token1_character_set_2,,set_contains
p_swift_set_aux_sym_simple_identifier_token1_character_set_2,swift,ts_lex,0,SET_CONTAINS,aux_sym_simple_identifier_token1_character_set_2,,set_contains
p_swift_set_aux_sym_simple_identifier_token1_character_set_2,swift,ts_lex,0,SET_CONTAINS,aux_sym_simple_identifier_token1_character_set_2,,set_contains
p_swift_set_aux_sym_simple_identifier_token1_character_set_2,swift,ts_lex,0,SET_CONTAINS,aux_sym_simple_identifier_token1_character_set_2,,set_contains
p_swift_set_aux_sym_simple_identifier_token1_character_set_2,swift,ts_lex,0,SET_CONTAINS,aux_sym_simple_identifier_token1_character_set_2,,set_contains
p_swift_set_aux_sym_simple_identifier_token1_character_set_3,swift,ts_lex,0,SET_CONTAINS,aux_sym_simple_identifier_token1_character_set_3,,set_contains
p_swift_set_aux_sym_simple_identifier_token1_character_set_2,swift,ts_lex,0,SET_CONTAINS,aux_sym_simple_identifier_token1_character_set_2,,set_contains
p_swift_set_aux_sym_simple_identifier_token1_character_set_2,swift,ts_lex,0,SET_CONTAINS,aux_sym_simple_identifier_token1_character_set_2,,set_contains
p_swift_set_aux_sym_simple_identifier_token1_character_set_2,swift,ts_lex,0,SET_CONTAINS,aux_sym_simple_identifier_token1_character_set_2,,set_contains
p_swift_set_aux_sym_simple_identifier_token1_character_set_2,swift,ts_lex,0,SET_CONTAINS,aux_sym_simple_identifier_token1_character_set_2,,set_contains
p_swift_set_aux_sym_simple_identifier_token1_character_set_2,swift,ts_lex,0,SET_CONTAINS,aux_sym_simple_identifier_token1_character_set_2,,set_contains
p_swift_set_aux_sym_simple_identifier_token1_character_set_2,swift,ts_lex,0,SET_CONTAINS,aux_sym_simple_identifier_token1_character_set_2,,set_contains
p_swift_set_aux_sym_simple_identifier_token1_character_set_2,swift,ts_lex,0,SET_CONTAINS,aux_sym_simple_identifier_token1_character_set_2,,set_contains
p_swift_set_aux_sym_simple_identifier_token1_character_set_2,swift,ts_lex,0,SET_CONTAINS,aux_sym_simple_identifier_token1_character_set_2,,set_contains
p_swift_set_aux_sym_simple_identifier_token1_character_set_2,swift,ts_lex,0,SET_CONTAINS,aux_sym_simple_identifier_token1_character_set_2,,set_contains
p_swift_set_aux_sym_simple_identifier_token1_character_set_2,swift,ts_lex,0,SET_CONTAINS,aux_sym_simple_identifier_token1_character_set_2,,set_contains
p_swift_set_aux_sym_simple_identifier_token1_character_set_2,swift,ts_lex,0,SET_CONTAINS,aux_sym_simple_identifier_token1_character_set_2,,set_contains
p_swift_set_aux_sym_simple_identifier_token1_character_set_2,swift,ts_lex,0,SET_CONTAINS,aux_sym_simple_identifier_token1_character_set_2,,set_contains
p_swift_set_aux_sym_simple_identifier_token1_character_set_2,swift,ts_lex,0,SET_CONTAINS,aux_sym_simple_identifier_token1_character_set_2,,set_contains
p_swift_set_aux_sym_simple_identifier_token1_character_set_2,swift,ts_lex,0,SET_CONTAINS,aux_sym_simple_identifier_token1_character_set_2,,set_contains
p_swift_set_aux_sym_simple_identifier_token1_character_set_2,swift,ts_lex,0,SET_CONTAINS,aux_sym_simple_identifier_token1_character_set_2,,set_contains
p_swift_set_aux_sym_simple_identifier_token1_character_set_2,swift,ts_lex,0,SET_CONTAINS,aux_sym_simple_identifier_token1_character_set_2,,set_contains
p_swift_set_aux_sym_simple_identifier_token1_character_set_2,swift,ts_lex,0,SET_CONTAINS,aux_sym_simple_identifier_token1_character_set_2,,set_contains
p_swift_set_aux_sym_simple_identifier_token1_character_set_2,swift,ts_lex,0,SET_CONTAINS,aux_sym_simple_identifier_token1_character_set_2,,set_contains
p_swift_set_aux_sym_simple_identifier_token1_character_set_2,swift,ts_lex,0,SET_CONTAINS,aux_sym_simple_identifier_token1_character_set_2,,set_contains
p_swift_set_aux_sym_simple_identifier_token1_character_set_2,swift,ts_lex,0,SET_CONTAINS,aux_sym_simple_identifier_token1_character_set_2,,set_contains
p_swift_set_aux_sym_simple_identifier_token1_character_set_2,swift,ts_lex,0,SET_CONTAINS,aux_sym_simple_identifier_token1_character_set_2,,set_contains
p_swift_set_aux_sym_simple_identifier_token1_character_set_2,swift,ts_lex,0,SET_CONTAINS,aux_sym_simple_identifier_token1_character_set_2,,set_contains
p_swift_set_aux_sym_simple_identifier_token1_character_set_2,swift,ts_lex,0,SET_CONTAINS,aux_sym_simple_identifier_token1_character_set_2,,set_contains
p_swift_set_aux_sym_simple_identifier_token1_character_set_2,swift,ts_lex,0,SET_CONTAINS,aux_sym_simple_identifier_token1_character_set_2,,set_contains
p_swift_set_aux_sym_simple_identifier_token1_character_set_2,swift,ts_lex,0,SET_CONTAINS,aux_sym_simple_identifier_token1_character_set_2,,set_contains
p_swift_set_aux_sym_simple_identifier_token1_character_set_2,swift,ts_lex,0,SET_CONTAINS,aux_sym_simple_identifier_token1_character_set_2,,set_contains
p_swift_set_aux_sym_simple_identifier_token1_character_set_2,swift,ts_lex,0,SET_CONTAINS,aux_sym_simple_identifier_token1_character_set_2,,set_contains
p_swift_set_aux_sym_simple_identifier_token1_character_set_2,swift,ts_lex,0,SET_CONTAINS,aux_sym_simple_identifier_token1_character_set_2,,set_contains
p_swift_set_aux_sym_simple_identifier_token1_character_set_2,swift,ts_lex,0,SET_CONTAINS,aux_sym_simple_identifier_token1_character_set_2,,set_contains
p_swift_set_aux_sym_simple_identifier_token1_character_set_2,swift,ts_lex,0,SET_CONTAINS,aux_sym_simple_identifier_token1_character_set_2,,set_contains
p_swift_set_aux_sym_simple_identifier_token1_character_set_2,swift,ts_lex,0,SET_CONTAINS,aux_sym_simple_identifier_token1_character_set_2,,set_contains
p_swift_set_aux_sym_simple_identifier_token1_character_set_2,swift,ts_lex,0,SET_CONTAINS,aux_sym_simple_identifier_token1_character_set_2,,set_contains
p_swift_set_aux_sym_simple_identifier_token1_character_set_2,swift,ts_lex,0,SET_CONTAINS,aux_sym_simple_identifier_token1_character_set_2,,set_contains
p_swift_set_aux_sym_simple_identifier_token1_character_set_2,swift,ts_lex,0,SET_CONTAINS,aux_sym_simple_identifier_token1_character_set_2,,set_contains
p_swift_set_aux_sym_simple_identifier_token1_character_set_2,swift,ts_lex,0,SET_CONTAINS,aux_sym_simple_identifier_token1_character_set_2,,set_contains
p_swift_set_aux_sym_simple_identifier_token1_character_set_2,swift,ts_lex,0,SET_CONTAINS,aux_sym_simple_identifier_token1_character_set_2,,set_contains
p_swift_set_aux_sym_simple_identifier_token1_character_set_2,swift,ts_lex,0,SET_CONTAINS,aux_sym_simple_identifier_token1_character_set_2,,set_contains
p_swift_set_aux_sym_simple_identifier_token1_character_set_2,swift,ts_lex,0,SET_CONTAINS,aux_sym_simple_identifier_token1_character_set_2,,set_contains
p_swift_set_aux_sym_simple_identifier_token1_character_set_2,swift,ts_lex,0,SET_CONTAINS,aux_sym_simple_identifier_token1_character_set_2,,set_contains
p_swift_set_aux_sym_simple_identifier_token1_character_set_2,swift,ts_lex,0,SET_CONTAINS,aux_sym_simple_identifier_token1_character_set_2,,set_contains
p_swift_set_aux_sym_simple_identifier_token1_character_set_2,swift,ts_lex,0,SET_CONTAINS,aux_sym_simple_identifier_token1_character_set_2,,set_contains
p_swift_set_aux_sym_simple_identifier_token1_character_set_2,swift,ts_lex,0,SET_CONTAINS,aux_sym_simple_identifier_token1_character_set_2,,set_contains
p_swift_set_aux_sym_simple_identifier_token1_character_set_2,swift,ts_lex,0,SET_CONTAINS,aux_sym_simple_identifier_token1_character_set_2,,set_contains
p_swift_set_aux_sym_simple_identifier_token1_character_set_2,swift,ts_lex,0,SET_CONTAINS,aux_sym_simple_identifier_token1_character_set_2,,set_contains
p_swift_set_aux_sym_simple_identifier_token1_character_set_2,swift,ts_lex,0,SET_CONTAINS,aux_sym_simple_identifier_token1_character_set_2,,set_contains
p_swift_set_aux_sym_simple_identifier_token1_character_set_2,swift,ts_lex,0,SET_CONTAINS,aux_sym_simple_identifier_token1_character_set_2,,set_contains
p_swift_set_aux_sym_simple_identifier_token1_character_set_2,swift,ts_lex,0,SET_CONTAINS,aux_sym_simple_identifier_token1_character_set_2,,set_contains
p_swift_set_aux_sym_simple_identifier_token1_character_set_2,swift,ts_lex,0,SET_CONTAINS,aux_sym_simple_identifier_token1_character_set_2,,set_contains
p_swift_set_aux_sym_simple_identifier_token1_character_set_2,swift,ts_lex,0,SET_CONTAINS,aux_sym_simple_identifier_token1_character_set_2,,set_contains
p_swift_set_aux_sym_simple_identifier_token1_character_set_2,swift,ts_lex,0,SET_CONTAINS,aux_sym_simple_identifier_token1_character_set_2,,set_contains
p_swift_set_aux_sym_simple_identifier_token1_character_set_2,swift,ts_lex,0,SET_CONTAINS,aux_sym_simple_identifier_token1_character_set_2,,set_contains
p_swift_set_aux_sym_simple_identifier_token1_character_set_2,swift,ts_lex,0,SET_CONTAINS,aux_sym_simple_identifier_token1_character_set_2,,set_contains
p_swift_set_aux_sym_simple_identifier_token1_character_set_2,swift,ts_lex,0,SET_CONTAINS,aux_sym_simple_identifier_token1_character_set_2,,set_contains
p_swift_set_aux_sym_simple_identifier_token1_character_set_2,swift,ts_lex,0,SET_CONTAINS,aux_sym_simple_identifier_token1_character_set_2,,set_contains
p_swift_set_aux_sym_simple_identifier_token1_character_set_2,swift,ts_lex,0,SET_CONTAINS,aux_sym_simple_identifier_token1_character_set_2,,set_contains
p_swift_set_aux_sym_simple_identifier_token1_character_set_2,swift,ts_lex,0,SET_CONTAINS,aux_sym_simple_identifier_token1_character_set_2,,set_contains
p_swift_set_aux_sym_simple_identifier_token1_character_set_2,swift,ts_lex,0,SET_CONTAINS,aux_sym_simple_identifier_token1_character_set_2,,set_contains
p_swift_set_aux_sym_simple_identifier_token1_character_set_2,swift,ts_lex,0,SET_CONTAINS,aux_sym_simple_identifier_token1_character_set_2,,set_contains
p_swift_set_aux_sym_simple_identifier_token1_character_set_2,swift,ts_lex,0,SET_CONTAINS,aux_sym_simple_identifier_token1_character_set_2,,set_contains
p_swift_set_aux_sym_simple_identifier_token1_character_set_2,swift,ts_lex,0,SET_CONTAINS,aux_sym_simple_identifier_token1_character_set_2,,set_contains
p_swift_set_aux_sym_simple_identifier_token1_character_set_2,swift,ts_lex,0,SET_CONTAINS,aux_sym_simple_identifier_token1_character_set_2,,set_contains
p_swift_set_aux_sym_simple_identifier_token1_character_set_2,swift,ts_lex,0,SET_CONTAINS,aux_sym_simple_identifier_token1_character_set_2,,set_contains
p_swift_set_aux_sym_simple_identifier_token1_character_set_2,swift,ts_lex,0,SET_CONTAINS,aux_sym_simple_identifier_token1_character_set_2,,set_contains
p_swift_set_aux_sym_simple_identifier_token1_character_set_2,swift,ts_lex,0,SET_CONTAINS,aux_sym_simple_identifier_token1_character_set_2,,set_contains
p_swift_set_aux_sym_simple_identifier_token1_character_set_2,swift,ts_lex,0,SET_CONTAINS,aux_sym_simple_identifier_token1_character_set_2,,set_contains
p_swift_set_aux_sym_simple_identifier_token1_character_set_2,swift,ts_lex,0,SET_CONTAINS,aux_sym_simple_identifier_token1_character_set_2,,set_contains
p_swift_set_aux_sym_simple_identifier_token1_character_set_2,swift,ts_lex,0,SET_CONTAINS,aux_sym_simple_identifier_token1_character_set_2,,set_contains
p_swift_set_aux_sym_simple_identifier_token1_character_set_2,swift,ts_lex,0,SET_CONTAINS,aux_sym_simple_identifier_token1_character_set_2,,set_contains
p_swift_set_aux_sym_simple_identifier_token1_character_set_2,swift,ts_lex,0,SET_CONTAINS,aux_sym_simple_identifier_token1_character_set_2,,set_contains
p_swift_set_aux_sym_simple_identifier_token1_character_set_2,swift,ts_lex,0,SET_CONTAINS,aux_sym_simple_identifier_token1_character_set_2,,set_contains
p_swift_set_aux_sym_simple_identifier_token1_character_set_2,swift,ts_lex,0,SET_CONTAINS,aux_sym_simple_identifier_token1_character_set_2,,set_contains
p_swift_set_aux_sym_simple_identifier_token1_character_set_2,swift,ts_lex,0,SET_CONTAINS,aux_sym_simple_identifier_token1_character_set_2,,set_contains
p_swift_set_aux_sym_simple_identifier_token1_character_set_2,swift,ts_lex,0,SET_CONTAINS,aux_sym_simple_identifier_token1_character_set_2,,set_contains
p_swift_set_aux_sym_simple_identifier_token1_character_set_2,swift,ts_lex,0,SET_CONTAINS,aux_sym_simple_identifier_token1_character_set_2,,set_contains
p_swift_set_aux_sym_simple_identifier_token1_character_set_2,swift,ts_lex,0,SET_CONTAINS,aux_sym_simple_identifier_token1_character_set_2,,set_contains
p_swift_set_aux_sym_simple_identifier_token1_character_set_2,swift,ts_lex,0,SET_CONTAINS,aux_sym_simple_identifier_token1_character_set_2,,set_contains
p_swift_set_aux_sym_simple_identifier_token1_character_set_2,swift,ts_lex,0,SET_CONTAINS,aux_sym_simple_identifier_token1_character_set_2,,set_contains
p_swift_set_aux_sym_simple_identifier_token1_character_set_2,swift,ts_lex,0,SET_CONTAINS,aux_sym_simple_identifier_token1_character_set_2,,set_contains
p_swift_set_aux_sym_simple_identifier_token1_character_set_2,swift,ts_lex,0,SET_CONTAINS,aux_sym_simple_identifier_token1_character_set_2,,set_contains
p_swift_set_aux_sym_simple_identifier_token1_character_set_2,swift,ts_lex,0,SET_CONTAINS,aux_sym_simple_identifier_token1_character_set_2,,set_contains
p_swift_set_aux_sym_simple_identifier_token1_character_set_2,swift,ts_lex,0,SET_CONTAINS,aux_sym_simple_identifier_token1_character_set_2,,set_contains
p_swift_set_aux_sym_simple_identifier_token1_character_set_2,swift,ts_lex,0,SET_CONTAINS,aux_sym_simple_identifier_token1_character_set_2,,set_contains
p_swift_set_aux_sym_simple_identifier_token1_character_set_2,swift,ts_lex,0,SET_CONTAINS,aux_sym_simple_identifier_token1_character_set_2,,set_contains
p_swift_set_aux_sym_simple_identifier_token1_character_set_2,swift,ts_lex,0,SET_CONTAINS,aux_sym_simple_identifier_token1_character_set_2,,set_contains
p_swift_set_aux_sym_simple_identifier_token1_character_set_2,swift,ts_lex,0,SET_CONTAINS,aux_sym_simple_identifier_token1_character_set_2,,set_contains
p_swift_set_aux_sym_simple_identifier_token1_character_set_2,swift,ts_lex,0,SET_CONTAINS,aux_sym_simple_identifier_token1_character_set_2,,set_contains
p_swift_set_aux_sym_simple_identifier_token1_character_set_2,swift,ts_lex,0,SET_CONTAINS,aux_sym_simple_identifier_token1_character_set_2,,set_contains
p_swift_set_aux_sym_simple_identifier_token1_character_set_2,swift,ts_lex,0,SET_CONTAINS,aux_sym_simple_identifier_token1_character_set_2,,set_contains
p_swift_set_aux_sym_simple_identifier_token1_character_set_2,swift,ts_lex,0,SET_CONTAINS,aux_sym_simple_identifier_token1_character_set_2,,set_contains
p_swift_set_aux_sym_simple_identifier_token1_character_set_2,swift,ts_lex,0,SET_CONTAINS,aux_sym_simple_identifier_token1_character_set_2,,set_contains
p_swift_set_aux_sym_simple_identifier_token1_character_set_2,swift,ts_lex,0,SET_CONTAINS,aux_sym_simple_identifier_token1_character_set_2,,set_contains
p_swift_set_aux_sym_simple_identifier_token1_character_set_2,swift,ts_lex,0,SET_CONTAINS,aux_sym_simple_identifier_token1_character_set_2,,set_contains
p_swift_set_aux_sym_simple_identifier_token1_character_set_2,swift,ts_lex,0,SET_CONTAINS,aux_sym_simple_identifier_token1_character_set_2,,set_contains
p_swift_set_aux_sym_simple_identifier_token1_character_set_2,swift,ts_lex,0,SET_CONTAINS,aux_sym_simple_identifier_token1_character_set_2,,set_contains
p_swift_set_aux_sym_simple_identifier_token1_character_set_2,swift,ts_lex,0,SET_CONTAINS,aux_sym_simple_identifier_token1_character_set_2,,set_contains
p_swift_set_aux_sym_simple_identifier_token1_character_set_2,swift,ts_lex,0,SET_CONTAINS,aux_sym_simple_identifier_token1_character_set_2,,set_contains
p_swift_set_aux_sym_simple_identifier_token1_character_set_2,swift,ts_lex,0,SET_CONTAINS,aux_sym_simple_identifier_token1_character_set_2,,set_contains
p_swift_set_aux_sym_simple_identifier_token1_character_set_2,swift,ts_lex,0,SET_CONTAINS,aux_sym_simple_identifier_token1_character_set_2,,set_contains
p_swift_set_aux_sym_simple_identifier_token1_character_set_2,swift,ts_lex,0,SET_CONTAINS,aux_sym_simple_identifier_token1_character_set_2,,set_contains
p_swift_set_aux_sym_simple_identifier_token1_character_set_2,swift,ts_lex,0,SET_CONTAINS,aux_sym_simple_identifier_token1_character_set_2,,set_contains
p_swift_set_aux_sym_simple_identifier_token1_character_set_2,swift,ts_lex,0,SET_CONTAINS,aux_sym_simple_identifier_token1_character_set_2,,set_contains
p_swift_set_aux_sym_simple_identifier_token1_character_set_2,swift,ts_lex,0,SET_CONTAINS,aux_sym_simple_identifier_token1_character_set_2,,set_contains
p_swift_set_aux_sym_simple_identifier_token1_character_set_2,swift,ts_lex,0,SET_CONTAINS,aux_sym_simple_identifier_token1_character_set_2,,set_contains
p_swift_set_aux_sym_simple_identifier_token1_character_set_2,swift,ts_lex,0,SET_CONTAINS,aux_sym_simple_identifier_token1_character_set_2,,set_contains
p_swift_set_aux_sym_simple_identifier_token1_character_set_2,swift,ts_lex,0,SET_CONTAINS,aux_sym_simple_identifier_token1_character_set_2,,set_contains
p_swift_set_aux_sym_simple_identifier_token1_character_set_2,swift,ts_lex,0,SET_CONTAINS,aux_sym_simple_identifier_token1_character_set_2,,set_contains
p_swift_set_aux_sym_simple_identifier_token1_character_set_2,swift,ts_lex,0,SET_CONTAINS,aux_sym_simple_identifier_token1_character_set_2,,set_contains
p_swift_set_aux_sym_simple_identifier_token1_character_set_2,swift,ts_lex,0,SET_CONTAINS,aux_sym_simple_identifier_token1_character_set_2,,set_contains
p_swift_set_aux_sym_simple_identifier_token1_character_set_2,swift,ts_lex,0,SET_CONTAINS,aux_sym_simple_identifier_token1_character_set_2,,set_contains
p_swift_set_aux_sym_simple_identifier_token1_character_set_2,swift,ts_lex,0,SET_CONTAINS,aux_sym_simple_identifier_token1_character_set_2,,set_contains
p_swift_set_aux_sym_simple_identifier_token1_character_set_2,swift,ts_lex,0,SET_CONTAINS,aux_sym_simple_identifier_token1_character_set_2,,set_contains
p_swift_set_aux_sym_simple_identifier_token1_character_set_2,swift,ts_lex,0,SET_CONTAINS,aux_sym_simple_identifier_token1_character_set_2,,set_contains
p_swift_set_aux_sym_simple_identifier_token1_character_set_2,swift,ts_lex,0,SET_CONTAINS,aux_sym_simple_identifier_token1_character_set_2,,set_contains
p_swift_set_aux_sym_simple_identifier_token1_character_set_2,swift,ts_lex,0,SET_CONTAINS,aux_sym_simple_identifier_token1_character_set_2,,set_contains
p_swift_set_aux_sym_simple_identifier_token1_character_set_2,swift,ts_lex,0,SET_CONTAINS,aux_sym_simple_identifier_token1_character_set_2,,set_contains
p_swift_set_aux_sym_simple_identifier_token1_character_set_2,swift,ts_lex,0,SET_CONTAINS,aux_sym_simple_identifier_token1_character_set_2,,set_contains
p_swift_set_aux_sym_simple_identifier_token1_character_set_2,swift,ts_lex,0,SET_CONTAINS,aux_sym_simple_identifier_token1_character_set_2,,set_contains
p_swift_set_aux_sym_simple_identifier_token1_character_set_2,swift,ts_lex,0,SET_CONTAINS,aux_sym_simple_identifier_token1_character_set_2,,set_contains
p_swift_set_aux_sym_simple_identifier_token1_character_set_2,swift,ts_lex,0,SET_CONTAINS,aux_sym_simple_identifier_token1_character_set_2,,set_contains
p_swift_set_aux_sym_simple_identifier_token1_character_set_2,swift,ts_lex,0,SET_CONTAINS,aux_sym_simple_identifier_token1_character_set_2,,set_contains
p_swift_set_aux_sym_simple_identifier_token1_character_set_2,swift,ts_lex,0,SET_CONTAINS,aux_sym_simple_identifier_token1_character_set_2,,set_contains
p_swift_set_aux_sym_simple_identifier_token1_character_set_2,swift,ts_lex,0,SET_CONTAINS,aux_sym_simple_identifier_token1_character_set_2,,set_contains
p_swift_set_aux_sym_simple_identifier_token1_character_set_2,swift,ts_lex,0,SET_CONTAINS,aux_sym_simple_identifier_token1_character_set_2,,set_contains
p_swift_set_aux_sym_simple_identifier_token1_character_set_2,swift,ts_lex,0,SET_CONTAINS,aux_sym_simple_identifier_token1_character_set_2,,set_contains
p_swift_set_aux_sym_simple_identifier_token1_character_set_2,swift,ts_lex,0,SET_CONTAINS,aux_sym_simple_identifier_token1_character_set_2,,set_contains
p_swift_set_aux_sym_simple_identifier_token1_character_set_2,swift,ts_lex,0,SET_CONTAINS,aux_sym_simple_identifier_token1_character_set_2,,set_contains
p_swift_set_aux_sym_simple_identifier_token1_character_set_2,swift,ts_lex,0,SET_CONTAINS,aux_sym_simple_identifier_token1_character_set_2,,set_contains
p_swift_set_aux_sym_simple_identifier_token1_character_set_2,swift,ts_lex,0,SET_CONTAINS,aux_sym_simple_identifier_token1_character_set_2,,set_contains
p_swift_set_aux_sym_simple_identifier_token1_character_set_2,swift,ts_lex,0,SET_CONTAINS,aux_sym_simple_identifier_token1_character_set_2,,set_contains
p_swift_set_aux_sym_simple_identifier_token1_character_set_2,swift,ts_lex,0,SET_CONTAINS,aux_sym_simple_identifier_token1_character_set_2,,set_contains
p_swift_set_aux_sym_simple_identifier_token1_character_set_2,swift,ts_lex,0,SET_CONTAINS,aux_sym_simple_identifier_token1_character_set_2,,set_contains
p_swift_set_aux_sym_simple_identifier_token1_character_set_2,swift,ts_lex,0,SET_CONTAINS,aux_sym_simple_identifier_token1_character_set_2,,set_contains
p_swift_set_aux_sym_simple_identifier_token1_character_set_2,swift,ts_lex,0,SET_CONTAINS,aux_sym_simple_identifier_token1_character_set_2,,set_contains
p_swift_set_aux_sym_simple_identifier_token1_character_set_2,swift,ts_lex,0,SET_CONTAINS,aux_sym_simple_identifier_token1_character_set_2,,set_contains
p_swift_set_aux_sym_simple_identifier_token1_character_set_2,swift,ts_lex,0,SET_CONTAINS,aux_sym_simple_identifier_token1_character_set_2,,set_contains
p_swift_set_aux_sym_simple_identifier_token1_character_set_2,swift,ts_lex,0,SET_CONTAINS,aux_sym_simple_identifier_token1_character_set_2,,set_contains
p_swift_set_aux_sym_simple_identifier_token1_character_set_2,swift,ts_lex,0,SET_CONTAINS,aux_sym_simple_identifier_token1_character_set_2,,set_contains
p_swift_set_aux_sym_simple_identifier_token1_character_set_2,swift,ts_lex,0,SET_CONTAINS,aux_sym_simple_identifier_token1_character_set_2,,set_contains
p_swift_set_aux_sym_simple_identifier_token1_character_set_2,swift,ts_lex,0,SET_CONTAINS,aux_sym_simple_identifier_token1_character_set_2,,set_contains
p_swift_set_aux_sym_simple_identifier_token1_character_set_2,swift,ts_lex,0,SET_CONTAINS,aux_sym_simple_identifier_token1_character_set_2,,set_contains
p_swift_set_aux_sym_simple_identifier_token1_character_set_2,swift,ts_lex,0,SET_CONTAINS,aux_sym_simple_identifier_token1_character_set_2,,set_contains
p_swift_set_aux_sym_simple_identifier_token1_character_set_2,swift,ts_lex,0,SET_CONTAINS,aux_sym_simple_identifier_token1_character_set_2,,set_contains
p_swift_set_aux_sym_simple_identifier_token1_character_set_2,swift,ts_lex,0,SET_CONTAINS,aux_sym_simple_identifier_token1_character_set_2,,set_contains
p_swift_set_aux_sym_simple_identifier_token1_character_set_2,swift,ts_lex,0,SET_CONTAINS,aux_sym_simple_identifier_token1_character_set_2,,set_contains
p_swift_set_aux_sym_simple_identifier_token1_character_set_2,swift,ts_lex,0,SET_CONTAINS,aux_sym_simple_identifier_token1_character_set_2,,set_contains
p_swift_set_aux_sym_simple_identifier_token1_character_set_2,swift,ts_lex,0,SET_CONTAINS,aux_sym_simple_identifier_token1_character_set_2,,set_contains
p_swift_set_aux_sym_simple_identifier_token1_character_set_2,swift,ts_lex,0,SET_CONTAINS,aux_sym_simple_identifier_token1_character_set_2,,set_contains
p_swift_set_aux_sym_simple_identifier_token1_character_set_2,swift,ts_lex,0,SET_CONTAINS,aux_sym_simple_identifier_token1_character_set_2,,set_contains
p_swift_set_aux_sym_simple_identifier_token1_character_set_2,swift,ts_lex,0,SET_CONTAINS,aux_sym_simple_identifier_token1_character_set_2,,set_contains
p_swift_set_aux_sym_simple_identifier_token1_character_set_2,swift,ts_lex,0,SET_CONTAINS,aux_sym_simple_identifier_token1_character_set_2,,set_contains
p_swift_set_aux_sym_simple_identifier_token1_character_set_2,swift,ts_lex,0,SET_CONTAINS,aux_sym_simple_identifier_token1_character_set_2,,set_contains
p_swift_set_aux_sym_simple_identifier_token1_character_set_2,swift,ts_lex,0,SET_CONTAINS,aux_sym_simple_identifier_token1_character_set_2,,set_contains
p_swift_set_aux_sym_simple_identifier_token1_character_set_2,swift,ts_lex,0,SET_CONTAINS,aux_sym_simple_identifier_token1_character_set_2,,set_contains
p_swift_set_aux_sym_simple_identifier_token1_character_set_2,swift,ts_lex,0,SET_CONTAINS,aux_sym_simple_identifier_token1_character_set_2,,set_contains
p_swift_set_aux_sym_simple_identifier_token1_character_set_2,swift,ts_lex,0,SET_CONTAINS,aux_sym_simple_identifier_token1_character_set_2,,set_contains
p_swift_set_aux_sym_simple_identifier_token1_character_set_2,swift,ts_lex,0,SET_CONTAINS,aux_sym_simple_identifier_token1_character_set_2,,set_contains
p_swift_set_aux_sym_simple_identifier_token1_character_set_2,swift,ts_lex,0,SET_CONTAINS,aux_sym_simple_identifier_token1_character_set_2,,set_contains
p_swift_set_aux_sym_simple_identifier_token1_character_set_2,swift,ts_lex,0,SET_CONTAINS,aux_sym_simple_identifier_token1_character_set_2,,set_contains
p_swift_set_aux_sym_simple_identifier_token1_character_set_2,swift,ts_lex,0,SET_CONTAINS,aux_sym_simple_identifier_token1_character_set_2,,set_contains
p_swift_set_aux_sym_simple_identifier_token1_character_set_2,swift,ts_lex,0,SET_CONTAINS,aux_sym_simple_identifier_token1_character_set_2,,set_contains
p_swift_set_aux_sym_simple_identifier_token1_character_set_2,swift,ts_lex,0,SET_CONTAINS,aux_sym_simple_identifier_token1_character_set_2,,set_contains
p_swift_set_aux_sym_simple_identifier_token1_character_set_2,swift,ts_lex,0,SET_CONTAINS,aux_sym_simple_identifier_token1_character_set_2,,set_contains
p_swift_set_aux_sym_simple_identifier_token1_character_set_2,swift,ts_lex,0,SET_CONTAINS,aux_sym_simple_identifier_token1_character_set_2,,set_contains
p_swift_set_aux_sym_simple_identifier_token1_character_set_2,swift,ts_lex,0,SET_CONTAINS,aux_sym_simple_identifier_token1_character_set_2,,set_contains
p_swift_set_aux_sym_simple_identifier_token1_character_set_2,swift,ts_lex,0,SET_CONTAINS,aux_sym_simple_identifier_token1_character_set_2,,set_contains
p_swift_set_aux_sym_simple_identifier_token1_character_set_2,swift,ts_lex,0,SET_CONTAINS,aux_sym_simple_identifier_token1_character_set_2,,set_contains
p_swift_set_aux_sym_simple_identifier_token1_character_set_2,swift,ts_lex,0,SET_CONTAINS,aux_sym_simple_identifier_token1_character_set_2,,set_contains
p_swift_set_aux_sym_simple_identifier_token1_character_set_2,swift,ts_lex,0,SET_CONTAINS,aux_sym_simple_identifier_token1_character_set_2,,set_contains
p_swift_set_aux_sym_simple_identifier_token1_character_set_2,swift,ts_lex,0,SET_CONTAINS,aux_sym_simple_identifier_token1_character_set_2,,set_contains
p_swift_set_aux_sym_simple_identifier_token1_character_set_2,swift,ts_lex,0,SET_CONTAINS,aux_sym_simple_identifier_token1_character_set_2,,set_contains
p_swift_eof_0_783,swift,ts_lex,0,PUSH_EOF,,,eof
p_swift_eof_766_783,swift,ts_lex,0,PUSH_EOF,,,eof
p_swift_eof_767_783,swift,ts_lex,0,PUSH_EOF,,,eof
p_swift_eof_768_783,swift,ts_lex,0,PUSH_EOF,,,eof
p_swift_eof_769_783,swift,ts_lex,0,PUSH_EOF,,,eof
p_swift_eof_770_783,swift,ts_lex,0,PUSH_EOF,,,eof
p_swift_eof_771_783,swift,ts_lex,0,PUSH_EOF,,,eof
p_swift_eof_772_783,swift,ts_lex,0,PUSH_EOF,,,eof
p_swift_eof_773_783,swift,ts_lex,0,PUSH_EOF,,,eof
p_swift_eof_774_783,swift,ts_lex,0,PUSH_EOF,,,eof
p_swift_eof_775_783,swift,ts_lex,0,PUSH_EOF,,,eof
p_swift_eof_776_783,swift,ts_lex,0,PUSH_EOF,,,eof
p_swift_eof_777_783,swift,ts_lex,0,PUSH_EOF,,,eof
p_swift_eof_778_783,swift,ts_lex,0,PUSH_EOF,,,eof
p_swift_eof_779_783,swift,ts_lex,0,PUSH_EOF,,,eof
p_swift_eof_780_783,swift,ts_lex,0,PUSH_EOF,,,eof
p_swift_eof_781_783,swift,ts_lex,0,PUSH_EOF,,,eof
p_swift_eof_782_783,swift,ts_lex,0,PUSH_EOF,,,eof
