feature,abi_calling_convention,allocation,array_list,array_type,assignment,atomic,attribute_annotation,await,binary_op,break,bytecode_vm,call,capture,cast_conversion,channel,class,closure_lambda,code_generation,compile_time_eval,comprehension,constant,continue,defer_cleanup,dynamic_dispatch,enum,exception_try,ffi,filesystem,for,foreach_iteration,function,function_type,gc,generic,generic_constraint,global_state,goto_label,identifier,if,import,index,interface_trait,io,ir,layout_alignment,lifetime,literal_boolean,literal_null,literal_numeric,literal_string,lock_mutex,macro,manual_memory,map_dict,map_type,member_access,memory_model,module,mutation,name_resolution,network,optimizer,optional_nullable,overload_resolution,ownership,parameter,pattern,pointer,primitive_bool,primitive_float,primitive_integer,primitive_string,random,reference,reflection,return,scope,set,shadowing,slice,struct,subtyping,switch_match,symbol_table,task_async,thread,throw_raise,time,tuple,tuple_type,type_inference,unary_op,union_sum,unsafe,variable,visibility,while,yield,java.binary_numeric_promotion,java.primitive_widening_narrowing,java.boxing_unboxing,java.method_invocation_conversion,java.overload_resolution,java.generic_erasure,java.wildcard_extends_super,java.capture_conversion,java.type_inference_constraints,java.raw_types,java.intersection_types,java.var_local_inference,java.array_covariance_store_check,java.null_reference_semantics,java.unsigned_absence_signed_wrap,java.ieee754_always_strict,java.class_interface_inheritance,java.records,java.sealed_classes_interfaces,java.enums_semantics,java.annotation_semantics,java.annotation_processing,java.inner_local_anonymous_classes,java.default_interface_methods,java.field_hiding_method_overriding,java.access_control,java.definite_assignment_unassignment,java.effectively_final_capture,java.static_instance_initialization_order,java.lambda_target_typing,java.method_references,java.virtual_interface_dispatch,java.invokedynamic_bootstrap,java.method_handles_varhandles,java.switch_expression,java.pattern_instanceof,java.record_patterns,java.pattern_switch_exhaustiveness,java.foreach_desugaring,java.labeled_break_continue,java.left_to_right_evaluation,java.short_circuit_boolean,java.checked_unchecked_exceptions,java.try_catch_finally,java.try_with_resources_suppression,java.assert_semantics,java.jpms_modules,java.import_static_resolution,java.package_namespace_resolution,java.reflection_runtime_type,java.class_loading_linking_initialization,java.object_identity_hash_monitor,java.string_interning,java.monitor_synchronized,java.volatile_semantics,java.final_field_memory_semantics,java.happens_before_jmm,java.atomic_varhandle_ordering,java.thread_interruption,java.virtual_threads,java.structured_concurrency,java.classfile_descriptors_signatures,java.bytecode_operand_stack_frames,java.bytecode_verification,java.exception_table_bytecode,java.constant_pool,java.jvm_gc_allocation,java.gc_reachability_reference_types,java.safepoint_deoptimization_osr,java.tiered_jit_compilation,java.escape_analysis_scalar_replacement,java.object_layout_headers_compressed_oops,java.jni_boundary,java.foreign_function_memory_api,java.native_method_resolution,java.compile_time_constants,java.classfile_lowering,java.bridge_synthetic_methods,java.preview_feature_gating,java.value_class_preview
abi_calling_convention,0.0000,0.0000,0.0000,0.0000,0.0000,0.0000,0.0000,0.0000,0.0000,0.0000,0.0000,0.0000,0.0000,0.0000,0.0000,0.0000,0.0000,0.0000,0.0000,0.0000,0.0000,0.0000,0.0000,0.0000,0.0000,0.0000,0.6200,0.0000,0.0000,0.0000,0.0000,0.0000,0.2800,0.0000,0.0000,0.0000,0.0000,0.0000,0.0000,0.0000,0.0000,0.0000,0.0000,0.0000,0.6200,0.0000,0.0000,0.0000,0.0000,0.0000,0.0000,0.0000,0.6200,0.0000,0.0000,0.0000,0.0000,0.0000,0.0000,0.0000,0.0000,0.0000,0.0000,0.0000,0.2800,0.0000,0.0000,0.0000,0.0000,0.0000,0.0000,0.0000,0.0000,0.0000,0.0000,0.0000,0.0000,0.0000,0.0000,0.0000,0.0000,0.0000,0.0000,0.0000,0.0000,0.0000,0.0000,0.0000,0.0000,0.0000,0.0000,0.0000,0.0000,0.2800,0.0000,0.0000,0.0000,0.0000,0.0000,0.0000,0.0000,0.0000,0.0000,0.0000,0.0000,0.0000,0.0000,0.0000,0.0000,0.0000,0.0000,0.0000,0.0000,0.0000,0.0000,0.0000,0.0000,0.0000,0.0000,0.0000,0.0000,0.0000,0.0000,0.0000,0.0000,0.0000,0.0000,0.0000,0.0000,0.0000,0.0000,0.0350,0.0000,0.0000,0.0000,0.0000,0.0000,0.0000,0.0000,0.0000,0.0000,0.0000,0.0000,0.0000,0.0000,0.0000,0.0000,0.0350,0.0933,0.0933,0.0933,0.0000,0.0000,0.0000,0.0000,0.0000,0.0000,0.0000,0.0000,0.0000,0.0000,0.0000,0.0000,0.0000,0.1680,0.1680,0.0350,0.0350,0.0350,0.1680,0.8500,0.6200,0.6200,0.0000,0.0000,0.0000,0.0000,0.0000
allocation,0.0000,0.0000,0.0000,0.0000,0.0000,0.0000,0.0000,0.0000,0.0000,0.0000,0.0000,0.0000,0.0000,0.0000,0.0000,0.0000,0.0000,0.0000,0.0000,0.0000,0.0000,0.0000,0.0000,0.2800,0.0000,0.0000,0.0000,0.2800,0.0000,0.0000,0.0000,0.0000,0.6200,0.0000,0.0000,0.2800,0.0000,0.0000,0.0000,0.0000,0.0000,0.0000,0.2800,0.0000,0.0000,0.0000,0.0000,0.0000,0.0000,0.0000,0.0000,0.0000,0.0000,0.0000,0.0000,0.0000,0.0000,0.0000,0.2800,0.0000,0.2800,0.0000,0.0000,0.0000,0.6200,0.0000,0.0000,0.0000,0.0000,0.0000,0.0000,0.0000,0.2800,0.0000,0.2800,0.0000,0.0000,0.0000,0.0000,0.0000,0.0000,0.0000,0.0000,0.0000,0.0000,0.0000,0.0000,0.2800,0.0000,0.0000,0.0000,0.0000,0.0000,0.6200,0.0000,0.0000,0.0000,0.0000,0.0400,0.0400,0.0400,0.0311,0.0311,0.0400,0.0400,0.0400,0.0400,0.0400,0.0400,0.0400,0.0400,0.0400,0.0400,0.0400,0.0400,0.0400,0.0400,0.0400,0.0400,0.0000,0.0400,0.0311,0.0311,0.0000,0.0000,0.0000,0.0400,0.0311,0.0311,0.0311,0.0350,0.0800,0.0000,0.0000,0.0000,0.0000,0.0000,0.0000,0.0000,0.0000,0.0933,0.0933,0.8500,0.0000,0.0000,0.0000,0.0000,0.0800,0.0400,0.0400,0.0400,0.0800,0.0800,0.0800,0.0800,0.0800,0.0800,0.0800,0.0800,0.0350,0.0350,0.0350,0.0350,0.0350,0.8500,0.6200,0.0350,0.0350,0.8500,0.6200,0.0400,0.0400,0.0400,0.0000,0.0000,0.0000,0.0000,0.0400
array_list,0.0000,0.0000,0.0000,0.0000,0.6200,0.0000,0.0000,0.6200,0.6200,0.0467,0.0000,0.2800,0.0000,0.6200,0.0000,0.0000,0.2800,0.0000,0.0000,0.6200,0.0000,0.0467,0.0467,0.0000,0.0000,0.0467,0.0000,0.0000,0.0467,0.0467,0.0000,0.0000,0.0000,0.0000,0.0000,0.0000,0.0467,0.6200,0.0467,0.0000,0.6200,0.0000,0.0000,0.0000,0.0000,0.0000,0.6200,0.6200,0.6200,0.6200,0.0000,0.0000,0.0000,0.6200,0.0000,0.2800,0.0000,0.0000,0.0000,0.0000,0.0000,0.0000,0.0000,0.0000,0.0000,0.0000,0.2800,0.0000,0.0000,0.0000,0.0000,0.0000,0.0000,0.0000,0.0000,0.0467,0.0000,0.6200,0.0000,0.6200,0.0000,0.0000,0.0467,0.0000,0.0000,0.0000,0.0467,0.0000,0.6200,0.0000,0.0000,0.6200,0.0000,0.0000,0.0000,0.0000,0.0467,0.2800,0.0350,0.0350,0.0350,0.0622,0.0622,0.0350,0.0350,0.0350,0.0350,0.0350,0.0350,0.0350,0.0350,0.0350,0.0350,0.0350,0.0000,0.0000,0.0000,0.0000,0.0000,0.0000,0.0000,0.0622,0.0622,0.0000,0.0350,0.0350,0.0000,0.0622,0.0622,0.0622,0.0311,0.0311,0.1200,0.1200,0.1200,0.1200,0.1200,0.1200,0.6200,0.6200,0.0350,0.0350,0.0350,0.1200,0.0000,0.0000,0.0000,0.0311,0.0000,0.0000,0.0000,0.0311,0.0311,0.0311,0.0311,0.0311,0.0311,0.0311,0.0311,0.0311,0.0311,0.0311,0.0311,0.0311,0.0000,0.0000,0.0311,0.0311,0.0311,0.0000,0.0000,0.0000,0.0000,0.0000,0.0000,0.0000,0.0000,0.0000
array_type,0.0000,0.0000,0.0000,0.0000,0.0000,0.0000,0.0560,0.0000,0.0000,0.0000,0.0000,0.0000,0.0000,0.0000,0.0000,0.0560,0.0000,0.0000,0.0000,0.0000,0.0560,0.0000,0.0000,0.0000,0.0560,0.0000,0.0000,0.0000,0.0000,0.0000,0.0560,0.6200,0.0000,0.6200,0.6200,0.0000,0.0000,0.0000,0.0000,0.0560,0.0000,0.0560,0.0000,0.0000,0.0000,0.0000,0.0000,0.0000,0.0000,0.0000,0.0000,0.0000,0.0000,0.0000,0.2800,0.0000,0.0000,0.0560,0.0000,0.0000,0.0000,0.0000,0.6200,0.2800,0.0000,0.0560,0.0000,0.6200,0.6200,0.6200,0.6200,0.6200,0.0000,0.6200,0.0000,0.0000,0.0000,0.0000,0.0000,0.0000,0.0560,0.6200,0.0000,0.0000,0.0000,0.0000,0.0000,0.0000,0.0000,0.6200,0.6200,0.0000,0.6200,0.0000,0.0560,0.0560,0.0000,0.0000,0.6200,0.6200,0.6200,0.0700,0.0700,0.6200,0.6200,0.6200,0.6200,0.6200,0.6200,0.6200,0.8500,0.6200,0.6200,0.6200,0.0400,0.0400,0.0400,0.0400,0.0400,0.0400,0.0400,0.0700,0.0700,0.0400,0.0000,0.0000,0.0400,0.0700,0.0700,0.0700,0.0350,0.0350,0.0350,0.0350,0.0350,0.0350,0.0350,0.0350,0.0000,0.0000,0.0000,0.0000,0.0000,0.0350,0.0400,0.0400,0.0400,0.0350,0.0400,0.0400,0.0400,0.0000,0.0000,0.0000,0.0000,0.0000,0.0000,0.0000,0.0000,0.0350,0.0350,0.0350,0.0350,0.0350,0.0000,0.0000,0.0000,0.0000,0.0000,0.0000,0.0400,0.0400,0.0400,0.0400,0.0400,0.0400,0.0400,0.0400
assignment,0.0000,0.0000,0.6200,0.0000,0.0000,0.0000,0.0000,0.6200,0.6200,0.0467,0.0000,0.2800,0.0000,0.6200,0.0000,0.0000,0.2800,0.0000,0.0000,0.6200,0.0000,0.0467,0.0467,0.0000,0.0000,0.0467,0.0000,0.0000,0.0467,0.0467,0.0000,0.0000,0.0000,0.0000,0.0000,0.0000,0.0467,0.6200,0.0467,0.0000,0.6200,0.0000,0.0000,0.0000,0.0000,0.0000,0.6200,0.6200,0.6200,0.6200,0.0000,0.0000,0.0000,0.6200,0.0000,0.2800,0.0000,0.0000,0.0000,0.0000,0.0000,0.0000,0.0000,0.0000,0.0000,0.0000,0.2800,0.0000,0.0000,0.0000,0.0000,0.0000,0.0000,0.0000,0.0000,0.0467,0.0000,0.6200,0.0000,0.6200,0.0000,0.0000,0.0467,0.0000,0.0000,0.0000,0.0467,0.0000,0.6200,0.0000,0.0000,0.6200,0.0000,0.0000,0.0000,0.0000,0.0467,0.2800,0.0350,0.0350,0.0350,0.0622,0.0622,0.0350,0.0350,0.0350,0.0350,0.0350,0.0350,0.0350,0.0350,0.0350,0.0350,0.0350,0.0000,0.0000,0.0000,0.0000,0.0000,0.0000,0.0000,0.0622,0.0622,0.0000,0.0350,0.0350,0.0000,0.0622,0.0622,0.0622,0.0311,0.0311,0.1200,0.1200,0.1200,0.1200,0.1200,0.1200,0.8500,0.6200,0.0350,0.0350,0.0350,0.1200,0.0000,0.0000,0.0000,0.0311,0.0000,0.0000,0.0000,0.0311,0.0311,0.0311,0.0311,0.0311,0.0311,0.0311,0.0311,0.0311,0.0311,0.0311,0.0311,0.0311,0.0000,0.0000,0.0311,0.0311,0.0311,0.0000,0.0000,0.0000,0.0000,0.0000,0.0000,0.0000,0.0000,0.0000
atomic,0.0000,0.0000,0.0000,0.0000,0.0000,0.0000,0.0000,0.0000,0.0000,0.0000,0.0000,0.0000,0.0000,0.0000,0.6200,0.0000,0.0000,0.0000,0.0000,0.0000,0.0000,0.0000,0.0000,0.0000,0.0000,0.0000,0.0000,0.0000,0.0000,0.0000,0.0000,0.0000,0.0000,0.0000,0.0000,0.0000,0.0000,0.0000,0.0000,0.0000,0.0000,0.0000,0.0000,0.0000,0.0000,0.0000,0.0000,0.0000,0.0000,0.0000,0.6200,0.0000,0.0000,0.0000,0.0000,0.0000,0.6200,0.0000,0.0000,0.0000,0.0000,0.0000,0.0000,0.0000,0.0000,0.0000,0.0000,0.0000,0.0000,0.0000,0.0000,0.0000,0.0000,0.0000,0.0000,0.0000,0.0000,0.0000,0.0000,0.0000,0.0000,0.0000,0.0000,0.0000,0.6200,0.6200,0.0000,0.0000,0.0000,0.0000,0.0000,0.0000,0.0000,0.0000,0.0000,0.0000,0.0000,0.0000,0.0000,0.0000,0.0000,0.0000,0.0000,0.0000,0.0000,0.0000,0.0000,0.0000,0.0000,0.0000,0.0000,0.0000,0.0000,0.0000,0.0000,0.0000,0.0000,0.0000,0.0000,0.0000,0.0000,0.0000,0.0000,0.0000,0.0000,0.0000,0.0000,0.0000,0.0000,0.0000,0.0000,0.8500,0.0000,0.0000,0.0000,0.0000,0.0000,0.0000,0.0000,0.0000,0.0000,0.0000,0.0000,0.0000,0.0000,0.0000,0.0000,0.0000,0.0000,0.0000,0.0000,0.6200,0.8500,0.6200,0.8500,0.8500,0.6200,0.6200,0.6200,0.0000,0.0000,0.0000,0.0000,0.0000,0.0000,0.0000,0.0000,0.0000,0.0000,0.0000,0.0000,0.0000,0.0000,0.0000,0.0000,0.0000,0.0000,0.0000
attribute_annotation,0.0000,0.0000,0.0000,0.0560,0.0000,0.0000,0.0000,0.0000,0.0000,0.0000,0.0000,0.0000,0.0560,0.0000,0.0000,0.6200,0.0000,0.0000,0.0000,0.0000,0.6200,0.0000,0.0000,0.0000,0.6200,0.0000,0.0000,0.0000,0.0000,0.0000,0.6200,0.0560,0.0000,0.2800,0.0560,0.0000,0.0000,0.0000,0.0000,0.2800,0.0000,0.6200,0.0000,0.0000,0.0000,0.6200,0.0000,0.0000,0.0000,0.0000,0.0000,0.0000,0.0000,0.0000,0.6200,0.0000,0.0000,0.2800,0.0000,0.0560,0.0000,0.0000,0.0560,0.0560,0.0000,0.2800,0.0000,0.0560,0.0560,0.0560,0.0560,0.0560,0.0000,0.0560,0.0000,0.0000,0.0560,0.0000,0.0560,0.0000,0.6200,0.0560,0.0000,0.0560,0.0000,0.0000,0.0000,0.0000,0.0000,0.0560,0.0560,0.0000,0.0560,0.0000,0.2800,0.6200,0.0000,0.0000,0.0400,0.0400,0.0400,0.0700,0.0700,0.0400,0.0400,0.0400,0.0400,0.0400,0.0400,0.0400,0.0400,0.0400,0.0400,0.0400,0.6200,0.6200,0.6200,0.6200,0.8500,0.8500,0.6200,0.0700,0.0700,0.1680,0.0400,0.0400,0.6200,0.0700,0.0700,0.0700,0.0350,0.0800,0.0350,0.0350,0.0350,0.0350,0.0350,0.0350,0.0000,0.0000,0.0000,0.0000,0.0000,0.0350,0.1680,0.1680,0.1680,0.0800,0.0400,0.0400,0.0400,0.0000,0.0000,0.0000,0.0000,0.0000,0.0000,0.0000,0.0000,0.0350,0.0350,0.0350,0.0350,0.0350,0.0000,0.0000,0.0000,0.0000,0.0000,0.0000,0.0000,0.0000,0.0000,0.0933,0.0933,0.0933,0.8500,0.6200
await,0.0000,0.0000,0.6200,0.0000,0.6200,0.0000,0.0000,0.0000,0.6200,0.0467,0.0000,0.2800,0.0000,0.6200,0.0000,0.0000,0.2800,0.0000,0.0000,0.6200,0.0000,0.0467,0.0467,0.0000,0.0000,0.0467,0.0000,0.0000,0.0467,0.0467,0.0000,0.0000,0.0000,0.0000,0.0000,0.0000,0.0467,0.6200,0.0467,0.0000,0.6200,0.0000,0.0000,0.0000,0.0000,0.0000,0.6200,0.6200,0.6200,0.6200,0.0000,0.0000,0.0000,0.6200,0.0000,0.2800,0.0000,0.0000,0.0000,0.0000,0.0000,0.0000,0.0000,0.0000,0.0000,0.0000,0.2800,0.0000,0.0000,0.0000,0.0000,0.0000,0.0000,0.0000,0.0000,0.0467,0.0000,0.6200,0.0000,0.6200,0.0000,0.0000,0.0467,0.0000,0.0000,0.0000,0.0467,0.0000,0.6200,0.0000,0.0000,0.6200,0.0000,0.0000,0.0000,0.0000,0.0467,0.2800,0.0350,0.0350,0.0350,0.0622,0.0622,0.0350,0.0350,0.0350,0.0350,0.0350,0.0350,0.0350,0.0350,0.0350,0.0350,0.0350,0.0000,0.0000,0.0000,0.0000,0.0000,0.0000,0.0000,0.0622,0.0622,0.0000,0.0350,0.0350,0.0000,0.0622,0.0622,0.0622,0.0311,0.0311,0.1200,0.1200,0.1200,0.1200,0.1200,0.1200,0.6200,0.6200,0.0350,0.0350,0.0350,0.1200,0.0000,0.0000,0.0000,0.0311,0.0000,0.0000,0.0000,0.0311,0.0311,0.0311,0.0311,0.0311,0.0311,0.0311,0.0311,0.0311,0.0311,0.0311,0.0311,0.0311,0.0000,0.0000,0.0311,0.0311,0.0311,0.0000,0.0000,0.0000,0.0000,0.0000,0.0000,0.0000,0.0000,0.0000
binary_op,0.0000,0.0000,0.6200,0.0000,0.6200,0.0000,0.0000,0.6200,0.0000,0.0467,0.0000,0.2800,0.0000,0.6200,0.0000,0.0000,0.2800,0.0000,0.0000,0.6200,0.0000,0.0467,0.0467,0.0000,0.0000,0.0467,0.0000,0.0000,0.0467,0.0467,0.0000,0.0000,0.0000,0.0000,0.0000,0.0000,0.0467,0.6200,0.0467,0.0000,0.6200,0.0000,0.0000,0.0000,0.0000,0.0000,0.6200,0.6200,0.6200,0.6200,0.0000,0.0000,0.0000,0.6200,0.0000,0.2800,0.0000,0.0000,0.0000,0.0000,0.0000,0.0000,0.0000,0.0000,0.0000,0.0000,0.2800,0.0000,0.0000,0.0000,0.0000,0.0000,0.0000,0.0000,0.0000,0.0467,0.0000,0.6200,0.0000,0.6200,0.0000,0.0000,0.0467,0.0000,0.0000,0.0000,0.0467,0.0000,0.6200,0.0000,0.0000,0.6200,0.0000,0.0000,0.0000,0.0000,0.0467,0.2800,0.8500,0.0350,0.0350,0.0622,0.0622,0.0350,0.0350,0.0350,0.0350,0.0350,0.0350,0.0350,0.0350,0.0350,0.8500,0.8500,0.0000,0.0000,0.0000,0.0000,0.0000,0.0000,0.0000,0.0622,0.0622,0.0000,0.0350,0.0350,0.0000,0.0622,0.0622,0.0622,0.0311,0.0311,0.1200,0.1200,0.1200,0.1200,0.1200,0.1200,0.8500,0.8500,0.0350,0.0350,0.0350,0.1200,0.0000,0.0000,0.0000,0.0311,0.0000,0.0000,0.0000,0.0311,0.0311,0.0311,0.0311,0.0311,0.0311,0.0311,0.0311,0.0311,0.0311,0.0311,0.0311,0.0311,0.0000,0.0000,0.0311,0.0311,0.0311,0.0000,0.0000,0.0000,0.0000,0.0000,0.0000,0.0000,0.0000,0.0000
break,0.0000,0.0000,0.0467,0.0000,0.0467,0.0000,0.0000,0.0467,0.0467,0.0000,0.0000,0.0467,0.0000,0.0467,0.0000,0.0000,0.0467,0.0000,0.0000,0.0467,0.0000,0.6200,0.2800,0.0000,0.0000,0.2800,0.0000,0.0000,0.6200,0.6200,0.0000,0.0000,0.0000,0.0000,0.0000,0.0000,0.6200,0.0467,0.6200,0.0000,0.0467,0.0000,0.0000,0.0000,0.0000,0.0000,0.0467,0.0467,0.0467,0.0467,0.0000,0.0000,0.0000,0.0467,0.0000,0.0467,0.0000,0.0000,0.0000,0.0000,0.0000,0.0000,0.0000,0.0000,0.0000,0.0000,0.6200,0.0000,0.0000,0.0000,0.0000,0.0000,0.0000,0.0000,0.0000,0.6200,0.0000,0.0467,0.0000,0.0467,0.0000,0.0000,0.6200,0.0000,0.0000,0.0000,0.2800,0.0000,0.0467,0.0000,0.0000,0.0467,0.0000,0.0000,0.0000,0.0000,0.6200,0.6200,0.0000,0.0000,0.0000,0.0311,0.0311,0.0000,0.0000,0.0000,0.0000,0.0000,0.0000,0.0000,0.0000,0.0000,0.0000,0.0000,0.0000,0.0000,0.0000,0.0000,0.0000,0.0000,0.0000,0.0311,0.0311,0.0000,0.0400,0.0400,0.0000,0.0311,0.0311,0.0311,0.0350,0.0000,0.6200,0.6200,0.6200,0.6200,0.6200,0.8500,0.0933,0.0933,0.1680,0.1680,0.1680,0.6200,0.0000,0.0000,0.0000,0.0000,0.0000,0.0000,0.0000,0.0000,0.0000,0.0000,0.0000,0.0000,0.0000,0.0000,0.0000,0.0350,0.0350,0.0350,0.0350,0.0350,0.0000,0.0000,0.0350,0.0350,0.0350,0.0000,0.0000,0.0000,0.0000,0.0000,0.0000,0.0000,0.0000,0.0000
bytecode_vm,0.0000,0.0000,0.0000,0.0000,0.0000,0.0000,0.0000,0.0000,0.0000,0.0000,0.0000,0.0000,0.0000,0.0000,0.0000,0.0000,0.0000,0.2800,0.2800,0.0000,0.0000,0.0000,0.0000,0.0000,0.0000,0.0000,0.0000,0.0000,0.0000,0.0000,0.0000,0.0000,0.0000,0.0000,0.0000,0.0000,0.0000,0.0000,0.0000,0.0000,0.0000,0.0000,0.0000,0.6200,0.0000,0.0000,0.0000,0.0000,0.0000,0.0000,0.0000,0.2800,0.0000,0.0000,0.0000,0.0000,0.0000,0.0000,0.0000,0.0000,0.0000,0.2800,0.0000,0.0000,0.0000,0.0000,0.0000,0.0000,0.0000,0.0000,0.0000,0.0000,0.0000,0.0000,0.0000,0.0000,0.0000,0.0000,0.0000,0.0000,0.0000,0.0000,0.0000,0.0000,0.0000,0.0000,0.0000,0.0000,0.0000,0.0000,0.0000,0.0000,0.0000,0.0000,0.0000,0.0000,0.0000,0.0000,0.0000,0.0000,0.0000,0.0000,0.0000,0.0000,0.0000,0.0000,0.0000,0.0000,0.0000,0.0000,0.0000,0.0000,0.0000,0.0000,0.0000,0.0000,0.0000,0.0000,0.0000,0.1680,0.0000,0.0000,0.0000,0.0400,0.0000,0.0000,0.0000,0.0000,0.0000,0.0000,0.8500,0.0000,0.0000,0.0000,0.0000,0.0000,0.0000,0.0000,0.0000,0.0000,0.0000,0.0000,0.0000,0.0000,0.0400,0.0400,0.0400,0.0000,0.8500,0.0400,0.0400,0.0000,0.0000,0.0000,0.0000,0.0000,0.0000,0.0000,0.0000,0.8500,0.8500,0.8500,0.8500,0.8500,0.0000,0.0000,0.8500,0.0800,0.0800,0.0000,0.0000,0.0000,0.0000,0.1680,0.8500,0.1680,0.1680,0.0000
call,0.0000,0.0000,0.2800,0.0000,0.2800,0.0000,0.0000,0.2800,0.2800,0.0467,0.0000,0.0000,0.0000,0.2800,0.0000,0.0000,0.6200,0.0000,0.0000,0.2800,0.0000,0.0467,0.0467,0.6200,0.0000,0.0467,0.0000,0.0000,0.0467,0.0467,0.0000,0.0000,0.0000,0.0000,0.0000,0.0000,0.0467,0.2800,0.0467,0.0000,0.2800,0.0000,0.0000,0.0000,0.0000,0.0000,0.2800,0.2800,0.2800,0.2800,0.0000,0.0000,0.0000,0.2800,0.0000,0.6200,0.0000,0.0000,0.0000,0.6200,0.0000,0.0000,0.0000,0.6200,0.0000,0.6200,0.2800,0.0000,0.0000,0.0000,0.0000,0.0000,0.0000,0.0000,0.0000,0.0467,0.0000,0.2800,0.0000,0.2800,0.0000,0.0000,0.0467,0.0000,0.0000,0.0000,0.0467,0.0000,0.2800,0.0000,0.0000,0.2800,0.0000,0.0000,0.0000,0.0000,0.0467,0.2800,0.0350,0.0350,0.0350,0.8500,0.8500,0.0350,0.0350,0.0350,0.0350,0.0350,0.0350,0.0350,0.0350,0.0350,0.0350,0.0350,0.0000,0.0000,0.0000,0.0000,0.0000,0.0000,0.0000,0.6200,0.6200,0.0000,0.0350,0.0350,0.0000,0.6200,0.8500,0.8500,0.8500,0.0311,0.1200,0.1200,0.1200,0.1200,0.1200,0.1200,0.8500,0.2240,0.0350,0.0350,0.0350,0.1200,0.0000,0.0000,0.0000,0.0311,0.0000,0.0000,0.0000,0.0311,0.0311,0.0311,0.0311,0.0311,0.0311,0.0311,0.0311,0.0311,0.0311,0.0311,0.0311,0.0311,0.0000,0.0000,0.0311,0.0311,0.0311,0.0000,0.0000,0.0000,0.0000,0.0000,0.0000,0.0000,0.0000,0.0000
capture,0.0000,0.0000,0.0000,0.0000,0.0000,0.0000,0.0560,0.0000,0.0000,0.0000,0.0000,0.0000,0.0000,0.0000,0.0000,0.0560,0.0000,0.0000,0.0000,0.0000,0.0560,0.0000,0.0000,0.0000,0.0560,0.0000,0.0000,0.0000,0.0000,0.0000,0.0560,0.0000,0.0000,0.0560,0.0000,0.0000,0.0000,0.0000,0.0000,0.0560,0.0000,0.0560,0.0000,0.0000,0.0000,0.2800,0.0000,0.0000,0.0000,0.0000,0.0000,0.0000,0.0000,0.0000,0.0000,0.0000,0.0000,0.0560,0.6200,0.2800,0.0000,0.0000,0.0000,0.0000,0.0000,0.0560,0.0000,0.0000,0.0000,0.0000,0.0000,0.0000,0.0000,0.0000,0.0000,0.0000,0.2800,0.0000,0.6200,0.0000,0.0560,0.0000,0.0000,0.2800,0.0000,0.0000,0.0000,0.0000,0.0000,0.0000,0.0000,0.0000,0.0000,0.0000,0.6200,0.0560,0.0000,0.0000,0.0000,0.0000,0.0000,0.0700,0.0700,0.0000,0.0000,0.8500,0.0000,0.0000,0.0000,0.0000,0.0000,0.0000,0.0000,0.0000,0.0933,0.0933,0.0933,0.0933,0.0933,0.0000,0.8500,0.0700,0.0700,0.0933,0.6200,0.8500,0.0933,0.0700,0.0700,0.0700,0.0000,0.0350,0.0000,0.0000,0.0000,0.0000,0.0000,0.0000,0.0000,0.0000,0.0000,0.0000,0.0000,0.0000,0.0933,0.0933,0.0933,0.0350,0.0000,0.0000,0.0000,0.0000,0.0000,0.0000,0.0000,0.0000,0.0000,0.0000,0.0000,0.0000,0.0000,0.0000,0.0000,0.0000,0.0000,0.0000,0.0000,0.0000,0.0000,0.0000,0.0000,0.0000,0.0000,0.0000,0.0000,0.0000,0.0000,0.0933
cast_conversion,0.0000,0.0000,0.6200,0.0000,0.6200,0.0000,0.0000,0.6200,0.6200,0.0467,0.0000,0.2800,0.0000,0.0000,0.0000,0.0000,0.2800,0.0000,0.0000,0.6200,0.0000,0.0467,0.0467,0.0000,0.0000,0.0467,0.0000,0.0000,0.0467,0.0467,0.0000,0.0000,0.0000,0.0000,0.0000,0.0000,0.0467,0.6200,0.0467,0.0000,0.6200,0.0000,0.0000,0.0000,0.0000,0.0000,0.6200,0.6200,0.6200,0.6200,0.0000,0.0000,0.0000,0.6200,0.0000,0.2800,0.0000,0.0000,0.0000,0.0000,0.0000,0.0000,0.0000,0.0000,0.0000,0.0000,0.2800,0.0000,0.0000,0.0000,0.0000,0.0000,0.0000,0.0000,0.0000,0.0467,0.0000,0.6200,0.0000,0.6200,0.0000,0.0000,0.0467,0.0000,0.0000,0.0000,0.0467,0.0000,0.6200,0.0000,0.0000,0.6200,0.0000,0.0000,0.0000,0.0000,0.0467,0.2800,0.8500,0.8500,0.8500,0.8500,0.0622,0.0350,0.0350,0.0350,0.0350,0.0350,0.0350,0.0350,0.0350,0.0350,0.0350,0.0350,0.0000,0.0000,0.0000,0.0000,0.0000,0.0000,0.0000,0.0622,0.0622,0.0000,0.0350,0.0350,0.0000,0.0622,0.0622,0.0622,0.0311,0.0311,0.1200,0.8500,0.1200,0.1200,0.1200,0.1200,0.6200,0.6200,0.0350,0.0350,0.0350,0.1200,0.0000,0.0000,0.0000,0.0311,0.0000,0.0000,0.0000,0.0311,0.0311,0.0311,0.0311,0.0311,0.0311,0.0311,0.0311,0.0311,0.0311,0.0311,0.0311,0.0311,0.0000,0.0000,0.0311,0.0311,0.0311,0.0000,0.0000,0.0000,0.0000,0.0000,0.0000,0.0000,0.0000,0.0000
channel,0.0000,0.0000,0.0000,0.0000,0.0000,0.6200,0.0000,0.0000,0.0000,0.0000,0.0000,0.0000,0.0000,0.0000,0.0000,0.0000,0.0000,0.0000,0.0000,0.0000,0.0000,0.0000,0.0000,0.0000,0.0000,0.0000,0.0000,0.0000,0.0000,0.0000,0.0000,0.0000,0.0000,0.0000,0.0000,0.0000,0.0000,0.0000,0.0000,0.0000,0.0000,0.0000,0.0000,0.0000,0.0000,0.0000,0.0000,0.0000,0.0000,0.0000,0.6200,0.0000,0.0000,0.0000,0.0000,0.0000,0.6200,0.0000,0.0000,0.0000,0.0000,0.0000,0.0000,0.0000,0.0000,0.0000,0.0000,0.0000,0.0000,0.0000,0.0000,0.0000,0.0000,0.0000,0.0000,0.0000,0.0000,0.0000,0.0000,0.0000,0.0000,0.0000,0.0000,0.0000,0.6200,0.6200,0.0000,0.0000,0.0000,0.0000,0.0000,0.0000,0.0000,0.0000,0.0000,0.0000,0.0000,0.0000,0.0000,0.0000,0.0000,0.0000,0.0000,0.0000,0.0000,0.0000,0.0000,0.0000,0.0000,0.0000,0.0000,0.0000,0.0000,0.0000,0.0000,0.0000,0.0000,0.0000,0.0000,0.0000,0.0000,0.0000,0.0000,0.0000,0.0000,0.0000,0.0000,0.0000,0.0000,0.0000,0.0000,0.0000,0.0000,0.0000,0.0000,0.0000,0.0000,0.0000,0.0000,0.0000,0.0000,0.0000,0.0000,0.0000,0.0000,0.0000,0.0000,0.0000,0.0000,0.0000,0.0000,0.6200,0.6200,0.6200,0.6200,0.6200,0.6200,0.6200,0.6200,0.0000,0.0000,0.0000,0.0000,0.0000,0.0000,0.0000,0.0000,0.0000,0.0000,0.0000,0.0000,0.0000,0.0000,0.0000,0.0000,0.0000,0.0000,0.0000
class,0.0000,0.0000,0.0000,0.0560,0.0000,0.0000,0.6200,0.0000,0.0000,0.0000,0.0000,0.0000,0.0560,0.0000,0.0000,0.0000,0.0000,0.0000,0.0000,0.0000,0.6200,0.0000,0.0000,0.0000,0.6200,0.0000,0.0000,0.0000,0.0000,0.0000,0.6200,0.0560,0.0000,0.2800,0.0560,0.0000,0.0000,0.0000,0.0000,0.2800,0.0000,0.6200,0.0000,0.0000,0.0000,0.6200,0.0000,0.0000,0.0000,0.0000,0.0000,0.0000,0.0000,0.0000,0.6200,0.0000,0.0000,0.2800,0.0000,0.0560,0.0000,0.0000,0.0560,0.0560,0.0000,0.2800,0.0000,0.0560,0.0560,0.0560,0.0560,0.0560,0.0000,0.0560,0.0000,0.0000,0.0560,0.0000,0.0560,0.0000,0.6200,0.0560,0.0000,0.0560,0.0000,0.0000,0.0000,0.0000,0.0000,0.0560,0.0560,0.0000,0.0560,0.0000,0.2800,0.6200,0.0000,0.0000,0.0400,0.0400,0.8500,0.0700,0.0700,0.0400,0.0400,0.0400,0.0400,0.8500,0.0400,0.0400,0.0400,0.0400,0.0400,0.0400,0.8500,0.8500,0.8500,0.8500,0.8500,0.0933,0.8500,0.0700,0.0700,0.1680,0.0400,0.0400,0.8500,0.0700,0.0700,0.8500,0.0350,0.0800,0.0350,0.0350,0.0350,0.0350,0.0350,0.0350,0.0000,0.0000,0.0000,0.0000,0.0000,0.0350,0.1680,0.1680,0.1680,0.8500,0.8500,0.8500,0.0400,0.0000,0.0000,0.8500,0.0000,0.0000,0.0000,0.0000,0.0000,0.0350,0.0350,0.0350,0.0350,0.0350,0.8500,0.8500,0.0000,0.0000,0.0000,0.8500,0.0000,0.0000,0.0000,0.0933,0.0933,0.0933,0.0933,0.8500
closure_lambda,0.0000,0.0000,0.2800,0.0000,0.2800,0.0000,0.0000,0.2800,0.2800,0.0467,0.0000,0.6200,0.0000,0.2800,0.0000,0.0000,0.0000,0.0000,0.0000,0.2800,0.0000,0.0467,0.0467,0.6200,0.0000,0.0467,0.0000,0.0000,0.0467,0.0467,0.0000,0.0000,0.0000,0.0000,0.0000,0.0000,0.0467,0.2800,0.0467,0.0000,0.2800,0.0000,0.0000,0.0000,0.0000,0.0000,0.2800,0.2800,0.2800,0.2800,0.0000,0.0000,0.0000,0.2800,0.0000,0.6200,0.0000,0.0000,0.0000,0.6200,0.0000,0.0000,0.0000,0.6200,0.0000,0.6200,0.2800,0.0000,0.0000,0.0000,0.0000,0.0000,0.0000,0.0000,0.0000,0.0467,0.0000,0.2800,0.0000,0.2800,0.0000,0.0000,0.0467,0.0000,0.0000,0.0000,0.0467,0.0000,0.2800,0.0000,0.0000,0.2800,0.0000,0.0000,0.0000,0.0000,0.0467,0.2800,0.0350,0.0350,0.0350,0.6200,0.6200,0.0350,0.0350,0.0350,0.0350,0.0350,0.0350,0.0350,0.0350,0.0350,0.0350,0.0350,0.0000,0.0000,0.0000,0.0000,0.0000,0.0000,0.0000,0.6200,0.6200,0.0000,0.0350,0.8500,0.0000,0.8500,0.8500,0.6200,0.0311,0.0311,0.1200,0.1200,0.1200,0.1200,0.1200,0.1200,0.2240,0.2240,0.0350,0.0350,0.0350,0.1200,0.0000,0.0000,0.0000,0.0311,0.0000,0.0000,0.0000,0.0311,0.0311,0.0311,0.0311,0.0311,0.0311,0.0311,0.0311,0.0311,0.0311,0.0311,0.0311,0.0311,0.0000,0.0000,0.0311,0.0311,0.0311,0.0000,0.0000,0.0000,0.0000,0.0000,0.0000,0.0000,0.0000,0.0000
code_generation,0.0000,0.0000,0.0000,0.0000,0.0000,0.0000,0.0000,0.0000,0.0000,0.0000,0.2800,0.0000,0.0000,0.0000,0.0000,0.0000,0.0000,0.0000,0.2800,0.0000,0.0000,0.0000,0.0000,0.0000,0.0000,0.0000,0.0000,0.0000,0.0000,0.0000,0.0000,0.0000,0.0000,0.0000,0.0000,0.0000,0.0000,0.0000,0.0000,0.0000,0.0000,0.0000,0.0000,0.2800,0.0000,0.0000,0.0000,0.0000,0.0000,0.0000,0.0000,0.2800,0.0000,0.0000,0.0000,0.0000,0.0000,0.0000,0.0000,0.0000,0.0000,0.6200,0.0000,0.0000,0.0000,0.0000,0.0000,0.0000,0.0000,0.0000,0.0000,0.0000,0.0000,0.0000,0.0000,0.0000,0.0000,0.0000,0.0000,0.0000,0.0000,0.0000,0.0000,0.0000,0.0000,0.0000,0.0000,0.0000,0.0000,0.0000,0.0000,0.0000,0.0000,0.0000,0.0000,0.0000,0.0000,0.0000,0.0000,0.0000,0.0000,0.0000,0.0000,0.0000,0.0000,0.0000,0.0000,0.0000,0.0000,0.0000,0.0000,0.0000,0.0000,0.0000,0.0000,0.0000,0.0000,0.0000,0.0000,0.8500,0.0000,0.0000,0.0000,0.0400,0.0000,0.0000,0.0000,0.0000,0.0000,0.0000,0.0800,0.0000,0.0000,0.0000,0.0000,0.0000,0.0000,0.0000,0.0000,0.0000,0.0000,0.0000,0.0000,0.0000,0.0400,0.0400,0.0400,0.0000,0.0400,0.0400,0.0400,0.0000,0.0000,0.0000,0.0000,0.0000,0.0000,0.0000,0.0000,0.0800,0.0800,0.0800,0.0800,0.0800,0.0000,0.0000,0.6200,0.8500,0.6200,0.0000,0.0000,0.0000,0.0000,0.1680,0.8500,0.8500,0.1680,0.0000
compile_time_eval,0.0000,0.0000,0.0000,0.0000,0.0000,0.0000,0.0000,0.0000,0.0000,0.0000,0.2800,0.0000,0.0000,0.0000,0.0000,0.0000,0.0000,0.2800,0.0000,0.0000,0.0000,0.0000,0.0000,0.0000,0.0000,0.0000,0.0000,0.0000,0.0000,0.0000,0.0000,0.0000,0.0000,0.0000,0.0000,0.0000,0.0000,0.0000,0.0000,0.0000,0.0000,0.0000,0.0000,0.2800,0.0000,0.0000,0.0000,0.0000,0.0000,0.0000,0.0000,0.6200,0.0000,0.0000,0.0000,0.0000,0.0000,0.0000,0.0000,0.0000,0.0000,0.2800,0.0000,0.0000,0.0000,0.0000,0.0000,0.0000,0.0000,0.0000,0.0000,0.0000,0.0000,0.0000,0.0000,0.0000,0.0000,0.0000,0.0000,0.0000,0.0000,0.0000,0.0000,0.0000,0.0000,0.0000,0.0000,0.0000,0.0000,0.0000,0.0000,0.0000,0.0000,0.0000,0.0000,0.0000,0.0000,0.0000,0.0000,0.0000,0.0000,0.0000,0.0000,0.0000,0.0000,0.0000,0.0000,0.0000,0.0000,0.0000,0.0000,0.0000,0.0000,0.0000,0.0000,0.0000,0.0000,0.0000,0.0000,0.6200,0.0000,0.0000,0.0000,0.0400,0.0000,0.0000,0.0000,0.0000,0.0000,0.0000,0.0800,0.0000,0.0000,0.0000,0.0000,0.0000,0.0000,0.0000,0.0000,0.0000,0.0000,0.0000,0.0000,0.0000,0.0400,0.0400,0.0400,0.0000,0.0400,0.0400,0.0400,0.0000,0.0000,0.0000,0.0000,0.0000,0.0000,0.0000,0.0000,0.0800,0.0800,0.0800,0.0800,0.0800,0.0000,0.0000,0.0800,0.0800,0.0800,0.0000,0.0000,0.0000,0.0000,0.8500,0.6200,0.6200,0.8500,0.0000
comprehension,0.0000,0.0000,0.6200,0.0000,0.6200,0.0000,0.0000,0.6200,0.6200,0.0467,0.0000,0.2800,0.0000,0.6200,0.0000,0.0000,0.2800,0.0000,0.0000,0.0000,0.0000,0.0467,0.0467,0.0000,0.0000,0.0467,0.0000,0.0000,0.0467,0.0467,0.0000,0.0000,0.0000,0.0000,0.0000,0.0000,0.0467,0.6200,0.0467,0.0000,0.6200,0.0000,0.0000,0.0000,0.0000,0.0000,0.6200,0.6200,0.6200,0.6200,0.0000,0.0000,0.0000,0.6200,0.0000,0.2800,0.0000,0.0000,0.0000,0.0000,0.0000,0.0000,0.0000,0.0000,0.0000,0.0000,0.2800,0.0000,0.0000,0.0000,0.0000,0.0000,0.0000,0.0000,0.0000,0.0467,0.0000,0.6200,0.0000,0.6200,0.0000,0.0000,0.0467,0.0000,0.0000,0.0000,0.0467,0.0000,0.6200,0.0000,0.0000,0.6200,0.0000,0.0000,0.0000,0.0000,0.0467,0.2800,0.0350,0.0350,0.0350,0.0622,0.0622,0.0350,0.0350,0.0350,0.0350,0.0350,0.0350,0.0350,0.0350,0.0350,0.0350,0.0350,0.0000,0.0000,0.0000,0.0000,0.0000,0.0000,0.0000,0.0622,0.0622,0.0000,0.0350,0.0350,0.0000,0.0622,0.0622,0.0622,0.0311,0.0311,0.1200,0.1200,0.1200,0.1200,0.1200,0.1200,0.6200,0.6200,0.0350,0.0350,0.0350,0.1200,0.0000,0.0000,0.0000,0.0311,0.0000,0.0000,0.0000,0.0311,0.0311,0.0311,0.0311,0.0311,0.0311,0.0311,0.0311,0.0311,0.0311,0.0311,0.0311,0.0311,0.0000,0.0000,0.0311,0.0311,0.0311,0.0000,0.0000,0.0000,0.0000,0.0000,0.0000,0.0000,0.0000,0.0000
constant,0.0000,0.0000,0.0000,0.0560,0.0000,0.0000,0.6200,0.0000,0.0000,0.0000,0.0000,0.0000,0.0560,0.0000,0.0000,0.6200,0.0000,0.0000,0.0000,0.0000,0.0000,0.0000,0.0000,0.0000,0.6200,0.0000,0.0000,0.0000,0.0000,0.0000,0.6200,0.0560,0.0000,0.2800,0.0560,0.0000,0.0000,0.0000,0.0000,0.2800,0.0000,0.6200,0.0000,0.0000,0.0000,0.6200,0.0000,0.0000,0.0000,0.0000,0.0000,0.0000,0.0000,0.0000,0.6200,0.0000,0.0000,0.2800,0.0000,0.0560,0.0000,0.0000,0.0560,0.0560,0.0000,0.2800,0.0000,0.0560,0.0560,0.0560,0.0560,0.0560,0.0000,0.0560,0.0000,0.0000,0.0560,0.0000,0.0560,0.0000,0.6200,0.0560,0.0000,0.0560,0.0000,0.0000,0.0000,0.0000,0.0000,0.0560,0.0560,0.0000,0.0560,0.0000,0.2800,0.6200,0.0000,0.0000,0.0400,0.0400,0.0400,0.0700,0.0700,0.0400,0.0400,0.0400,0.0400,0.0400,0.0400,0.0400,0.0400,0.0400,0.0400,0.0400,0.6200,0.6200,0.6200,0.6200,0.6200,0.0933,0.6200,0.0700,0.0700,0.1680,0.0400,0.0400,0.8500,0.0700,0.0700,0.0700,0.0350,0.0800,0.0350,0.0350,0.0350,0.0350,0.0350,0.0350,0.0000,0.0000,0.0000,0.0000,0.0000,0.0350,0.1680,0.1680,0.1680,0.0800,0.0400,0.0400,0.0400,0.0000,0.0000,0.0000,0.0000,0.0000,0.0000,0.0000,0.0000,0.0350,0.0350,0.0350,0.0350,0.8500,0.0000,0.0000,0.0000,0.0000,0.0000,0.0000,0.0000,0.0000,0.0000,0.8500,0.0933,0.0933,0.0933,0.6200
continue,0.0000,0.0000,0.0467,0.0000,0.0467,0.0000,0.0000,0.0467,0.0467,0.6200,0.0000,0.0467,0.0000,0.0467,0.0000,0.0000,0.0467,0.0000,0.0000,0.0467,0.0000,0.0000,0.2800,0.0000,0.0000,0.2800,0.0000,0.0000,0.6200,0.6200,0.0000,0.0000,0.0000,0.0000,0.0000,0.0000,0.6200,0.0467,0.6200,0.0000,0.0467,0.0000,0.0000,0.0000,0.0000,0.0000,0.0467,0.0467,0.0467,0.0467,0.0000,0.0000,0.0000,0.0467,0.0000,0.0467,0.0000,0.0000,0.0000,0.0000,0.0000,0.0000,0.0000,0.0000,0.0000,0.0000,0.6200,0.0000,0.0000,0.0000,0.0000,0.0000,0.0000,0.0000,0.0000,0.6200,0.0000,0.0467,0.0000,0.0467,0.0000,0.0000,0.6200,0.0000,0.0000,0.0000,0.2800,0.0000,0.0467,0.0000,0.0000,0.0467,0.0000,0.0000,0.0000,0.0000,0.6200,0.6200,0.0000,0.0000,0.0000,0.0311,0.0311,0.0000,0.0000,0.0000,0.0000,0.0000,0.0000,0.0000,0.0000,0.0000,0.0000,0.0000,0.0000,0.0000,0.0000,0.0000,0.0000,0.0000,0.0000,0.0311,0.0311,0.0000,0.0400,0.0400,0.0000,0.0311,0.0311,0.0311,0.0350,0.0000,0.6200,0.6200,0.6200,0.6200,0.6200,0.8500,0.0933,0.0933,0.1680,0.1680,0.1680,0.6200,0.0000,0.0000,0.0000,0.0000,0.0000,0.0000,0.0000,0.0000,0.0000,0.0000,0.0000,0.0000,0.0000,0.0000,0.0000,0.0350,0.0350,0.0350,0.0350,0.0350,0.0000,0.0000,0.0350,0.0350,0.0350,0.0000,0.0000,0.0000,0.0000,0.0000,0.0000,0.0000,0.0000,0.0000
defer_cleanup,0.0000,0.0000,0.0467,0.0000,0.0467,0.0000,0.0000,0.0467,0.0467,0.2800,0.0000,0.0467,0.0000,0.0467,0.0000,0.0000,0.0467,0.0000,0.0000,0.0467,0.0000,0.2800,0.0000,0.0000,0.0000,0.6200,0.0000,0.0000,0.2800,0.2800,0.0000,0.0000,0.0000,0.0000,0.0000,0.0000,0.2800,0.0467,0.2800,0.0000,0.0467,0.0000,0.0000,0.0000,0.0000,0.0000,0.0467,0.0467,0.0467,0.0467,0.0000,0.0000,0.0000,0.0467,0.0000,0.0467,0.0000,0.0000,0.0000,0.0000,0.0000,0.0000,0.0000,0.0000,0.0000,0.0000,0.0467,0.0000,0.0000,0.0000,0.0000,0.0000,0.0000,0.0000,0.0000,0.2800,0.0000,0.0467,0.0000,0.0467,0.0000,0.0000,0.2800,0.0000,0.0000,0.0000,0.6200,0.0000,0.0467,0.0000,0.0000,0.0467,0.0000,0.0000,0.0000,0.0000,0.2800,0.0467,0.0000,0.0000,0.0000,0.0311,0.0311,0.0000,0.0000,0.0000,0.0000,0.0000,0.0000,0.0000,0.0000,0.0000,0.0000,0.0000,0.0000,0.0000,0.0000,0.0000,0.0000,0.0000,0.0000,0.0311,0.0311,0.0000,0.0400,0.0400,0.0000,0.0311,0.0311,0.0311,0.0350,0.0000,0.1400,0.1400,0.1400,0.1400,0.1400,0.1400,0.0933,0.0933,0.6200,0.8500,0.8500,0.1400,0.0000,0.0000,0.0000,0.0000,0.0000,0.0000,0.0000,0.0000,0.0000,0.0000,0.0000,0.0000,0.0000,0.0000,0.0000,0.0350,0.0350,0.0350,0.0350,0.0350,0.0000,0.0000,0.0350,0.0350,0.0350,0.0000,0.0000,0.0000,0.0000,0.0000,0.0000,0.0000,0.0000,0.0000
dynamic_dispatch,0.0000,0.2800,0.0000,0.0000,0.0000,0.0000,0.0000,0.0000,0.0000,0.0000,0.0000,0.6200,0.0000,0.0000,0.0000,0.0000,0.6200,0.0000,0.0000,0.0000,0.0000,0.0000,0.0000,0.0000,0.0000,0.0000,0.0000,0.2800,0.0000,0.0000,0.0000,0.0000,0.0000,0.0000,0.0000,0.2800,0.0000,0.0000,0.0000,0.0000,0.0000,0.0000,0.2800,0.0000,0.0000,0.0000,0.0000,0.0000,0.0000,0.0000,0.0000,0.0000,0.0000,0.0000,0.0000,0.6200,0.0000,0.0000,0.2800,0.6200,0.2800,0.0000,0.0000,0.6200,0.0000,0.6200,0.0000,0.0000,0.0000,0.0000,0.0000,0.0000,0.2800,0.0000,0.2800,0.0000,0.0000,0.0000,0.0000,0.0000,0.0000,0.0000,0.0000,0.0000,0.0000,0.0000,0.0000,0.2800,0.0000,0.0000,0.0000,0.0000,0.0000,0.0000,0.0000,0.0000,0.0000,0.0000,0.0400,0.0400,0.0400,0.6200,0.6200,0.0400,0.0400,0.0400,0.0400,0.0400,0.0400,0.0400,0.0400,0.0400,0.0400,0.0400,0.0400,0.0400,0.0400,0.0400,0.0400,0.0000,0.0400,0.8500,0.8500,0.0000,0.0000,0.0000,0.0400,0.6200,0.6200,0.8500,0.8500,0.8500,0.0000,0.0000,0.0000,0.0000,0.0000,0.0000,0.0000,0.0000,0.0933,0.0933,0.0933,0.0000,0.0000,0.0000,0.0000,0.8500,0.0400,0.0400,0.0400,0.0800,0.0800,0.0800,0.0800,0.0800,0.0800,0.0800,0.0800,0.0350,0.0350,0.0350,0.0350,0.0350,0.0933,0.0933,0.0350,0.0350,0.0350,0.0933,0.0400,0.0400,0.8500,0.0000,0.0000,0.8500,0.0000,0.0400
enum,0.0000,0.0000,0.0000,0.0560,0.0000,0.0000,0.6200,0.0000,0.0000,0.0000,0.0000,0.0000,0.0560,0.0000,0.0000,0.6200,0.0000,0.0000,0.0000,0.0000,0.6200,0.0000,0.0000,0.0000,0.0000,0.0000,0.0000,0.0000,0.0000,0.0000,0.6200,0.0560,0.0000,0.2800,0.0560,0.0000,0.0000,0.0000,0.0000,0.2800,0.0000,0.6200,0.0000,0.0000,0.0000,0.6200,0.0000,0.0000,0.0000,0.0000,0.0000,0.0000,0.0000,0.0000,0.6200,0.0000,0.0000,0.2800,0.0000,0.0560,0.0000,0.0000,0.0560,0.0560,0.0000,0.2800,0.0000,0.0560,0.0560,0.0560,0.0560,0.0560,0.0000,0.0560,0.0000,0.0000,0.0560,0.0000,0.0560,0.0000,0.6200,0.0560,0.0000,0.0560,0.0000,0.0000,0.0000,0.0000,0.0000,0.0560,0.0560,0.0000,0.0560,0.0000,0.2800,0.6200,0.0000,0.0000,0.0400,0.0400,0.0400,0.0700,0.0700,0.0400,0.0400,0.0400,0.0400,0.0400,0.0400,0.0400,0.0400,0.0400,0.0400,0.0400,0.6200,0.6200,0.6200,0.8500,0.6200,0.0933,0.6200,0.0700,0.0700,0.1680,0.0400,0.0400,0.6200,0.0700,0.0700,0.0700,0.0350,0.0800,0.0350,0.0350,0.0350,0.0350,0.0350,0.0350,0.0000,0.0000,0.0000,0.0000,0.0000,0.0350,0.1680,0.1680,0.1680,0.0800,0.0400,0.0400,0.0400,0.0000,0.0000,0.0000,0.0000,0.0000,0.0000,0.0000,0.0000,0.0350,0.0350,0.0350,0.0350,0.0350,0.0000,0.0000,0.0000,0.0000,0.0000,0.0000,0.0000,0.0000,0.0000,0.0933,0.0933,0.0933,0.0933,0.6200
exception_try,0.0000,0.0000,0.0467,0.0000,0.0467,0.0000,0.0000,0.0467,0.0467,0.2800,0.0000,0.0467,0.0000,0.0467,0.0000,0.0000,0.0467,0.0000,0.0000,0.0467,0.0000,0.2800,0.6200,0.0000,0.0000,0.0000,0.0000,0.0000,0.2800,0.2800,0.0000,0.0000,0.0000,0.0000,0.0000,0.0000,0.2800,0.0467,0.2800,0.0000,0.0467,0.0000,0.0000,0.0000,0.0000,0.0000,0.0467,0.0467,0.0467,0.0467,0.0000,0.0000,0.0000,0.0467,0.0000,0.0467,0.0000,0.0000,0.0000,0.0000,0.0000,0.0000,0.0000,0.0000,0.0000,0.0000,0.0467,0.0000,0.0000,0.0000,0.0000,0.0000,0.0000,0.0000,0.0000,0.2800,0.0000,0.0467,0.0000,0.0467,0.0000,0.0000,0.2800,0.0000,0.0000,0.0000,0.6200,0.0000,0.0467,0.0000,0.0000,0.0467,0.0000,0.0000,0.0000,0.0000,0.2800,0.0467,0.0000,0.0000,0.0000,0.0311,0.0311,0.0000,0.0000,0.0000,0.0000,0.0000,0.0000,0.0000,0.8500,0.0000,0.0000,0.0000,0.0000,0.0000,0.0000,0.0000,0.0000,0.0000,0.0000,0.0311,0.0311,0.0000,0.0400,0.0400,0.0000,0.0311,0.0311,0.0311,0.0350,0.0000,0.1400,0.1400,0.1400,0.1400,0.1400,0.1400,0.0933,0.0933,0.8500,0.8500,0.8500,0.1400,0.0000,0.0000,0.0000,0.0000,0.0000,0.0000,0.0000,0.0000,0.0000,0.0000,0.0000,0.0000,0.0000,0.0000,0.0000,0.0350,0.0350,0.0350,0.8500,0.0350,0.0000,0.0000,0.0350,0.0350,0.0350,0.0000,0.0000,0.0000,0.0000,0.0000,0.0000,0.0000,0.0000,0.0000
ffi,0.6200,0.0000,0.0000,0.0000,0.0000,0.0000,0.0000,0.0000,0.0000,0.0000,0.0000,0.0000,0.0000,0.0000,0.0000,0.0000,0.0000,0.0000,0.0000,0.0000,0.0000,0.0000,0.0000,0.0000,0.0000,0.0000,0.0000,0.0000,0.0000,0.0000,0.0000,0.0000,0.2800,0.0000,0.0000,0.0000,0.0000,0.0000,0.0000,0.0000,0.0000,0.0000,0.0000,0.0000,0.6200,0.0000,0.0000,0.0000,0.0000,0.0000,0.0000,0.0000,0.6200,0.0000,0.0000,0.0000,0.0000,0.0000,0.0000,0.0000,0.0000,0.0000,0.0000,0.0000,0.2800,0.0000,0.0000,0.0000,0.0000,0.0000,0.0000,0.0000,0.0000,0.0000,0.0000,0.0000,0.0000,0.0000,0.0000,0.0000,0.0000,0.0000,0.0000,0.0000,0.0000,0.0000,0.0000,0.0000,0.0000,0.0000,0.0000,0.0000,0.0000,0.2800,0.0000,0.0000,0.0000,0.0000,0.0000,0.0000,0.0000,0.0000,0.0000,0.0000,0.0000,0.0000,0.0000,0.0000,0.0000,0.0000,0.0000,0.0000,0.0000,0.0000,0.0000,0.0000,0.0000,0.0000,0.0000,0.0000,0.0000,0.0000,0.0000,0.0000,0.0000,0.0000,0.0000,0.0000,0.0000,0.0000,0.0000,0.0350,0.0000,0.0000,0.0000,0.0000,0.0000,0.0000,0.0000,0.0000,0.0000,0.0000,0.0000,0.0000,0.0000,0.0000,0.0000,0.0350,0.0933,0.0933,0.0933,0.0000,0.0000,0.0000,0.0000,0.0000,0.0000,0.0000,0.0000,0.0000,0.0000,0.0000,0.0000,0.0000,0.1680,0.1680,0.0350,0.0350,0.0350,0.1680,0.8500,0.8500,0.8500,0.0000,0.0000,0.0000,0.0000,0.0000
filesystem,0.0000,0.2800,0.0000,0.0000,0.0000,0.0000,0.0000,0.0000,0.0000,0.0000,0.0000,0.0000,0.0000,0.0000,0.0000,0.0000,0.0000,0.0000,0.0000,0.0000,0.0000,0.0000,0.0000,0.2800,0.0000,0.0000,0.0000,0.0000,0.0000,0.0000,0.0000,0.0000,0.0000,0.0000,0.0000,0.6200,0.0000,0.0000,0.0000,0.0000,0.0000,0.0000,0.6200,0.0000,0.0000,0.0000,0.0000,0.0000,0.0000,0.0000,0.0000,0.0000,0.0000,0.0000,0.0000,0.0000,0.0000,0.0000,0.2800,0.0000,0.6200,0.0000,0.0000,0.0000,0.0000,0.0000,0.0000,0.0000,0.0000,0.0000,0.0000,0.0000,0.6200,0.0000,0.6200,0.0000,0.0000,0.0000,0.0000,0.0000,0.0000,0.0000,0.0000,0.0000,0.0000,0.0000,0.0000,0.6200,0.0000,0.0000,0.0000,0.0000,0.0000,0.0000,0.0000,0.0000,0.0000,0.0000,0.0400,0.0400,0.0400,0.0311,0.0311,0.0400,0.0400,0.0400,0.0400,0.0400,0.0400,0.0400,0.0400,0.0400,0.0400,0.0400,0.0400,0.0400,0.0400,0.0400,0.0400,0.0000,0.0400,0.0311,0.0311,0.0000,0.0000,0.0000,0.0400,0.0311,0.0311,0.0311,0.0350,0.6200,0.0000,0.0000,0.0000,0.0000,0.0000,0.0000,0.0000,0.0000,0.0933,0.0933,0.0933,0.0000,0.0000,0.0000,0.0000,0.6200,0.0400,0.0400,0.0400,0.0800,0.0800,0.0800,0.0800,0.0800,0.0800,0.0800,0.0800,0.0350,0.0350,0.0350,0.0350,0.0350,0.0933,0.0933,0.0350,0.0350,0.0350,0.0933,0.0400,0.0400,0.0400,0.0000,0.0000,0.0000,0.0000,0.0400
for,0.0000,0.0000,0.0467,0.0000,0.0467,0.0000,0.0000,0.0467,0.0467,0.6200,0.0000,0.0467,0.0000,0.0467,0.0000,0.0000,0.0467,0.0000,0.0000,0.0467,0.0000,0.6200,0.2800,0.0000,0.0000,0.2800,0.0000,0.0000,0.0000,0.6200,0.0000,0.0000,0.0000,0.0000,0.0000,0.0000,0.6200,0.0467,0.6200,0.0000,0.0467,0.0000,0.0000,0.0000,0.0000,0.0000,0.0467,0.0467,0.0467,0.0467,0.0000,0.0000,0.0000,0.0467,0.0000,0.0467,0.0000,0.0000,0.0000,0.0000,0.0000,0.0000,0.0000,0.0000,0.0000,0.0000,0.6200,0.0000,0.0000,0.0000,0.0000,0.0000,0.0000,0.0000,0.0000,0.6200,0.0000,0.0467,0.0000,0.0467,0.0000,0.0000,0.6200,0.0000,0.0000,0.0000,0.2800,0.0000,0.0467,0.0000,0.0000,0.0467,0.0000,0.0000,0.0000,0.0000,0.6200,0.6200,0.0000,0.0000,0.0000,0.0311,0.0311,0.0000,0.0000,0.0000,0.0000,0.0000,0.0000,0.0000,0.0000,0.0000,0.0000,0.0000,0.0000,0.0000,0.0000,0.0000,0.0000,0.0000,0.0000,0.0311,0.0311,0.0000,0.0400,0.0400,0.0000,0.0311,0.0311,0.0311,0.0350,0.0000,0.6200,0.6200,0.6200,0.6200,0.8500,0.6200,0.0933,0.0933,0.1680,0.1680,0.1680,0.6200,0.0000,0.0000,0.0000,0.0000,0.0000,0.0000,0.0000,0.0000,0.0000,0.0000,0.0000,0.0000,0.0000,0.0000,0.0000,0.0350,0.0350,0.0350,0.0350,0.0350,0.0000,0.0000,0.0350,0.0350,0.0350,0.0000,0.0000,0.0000,0.0000,0.0000,0.0000,0.0000,0.0000,0.0000
foreach_iteration,0.0000,0.0000,0.0467,0.0000,0.0467,0.0000,0.0000,0.0467,0.0467,0.6200,0.0000,0.0467,0.0000,0.0467,0.0000,0.0000,0.0467,0.0000,0.0000,0.0467,0.0000,0.6200,0.2800,0.0000,0.0000,0.2800,0.0000,0.0000,0.6200,0.0000,0.0000,0.0000,0.0000,0.0000,0.0000,0.0000,0.6200,0.0467,0.6200,0.0000,0.0467,0.0000,0.0000,0.0000,0.0000,0.0000,0.0467,0.0467,0.0467,0.0467,0.0000,0.0000,0.0000,0.0467,0.0000,0.0467,0.0000,0.0000,0.0000,0.0000,0.0000,0.0000,0.0000,0.0000,0.0000,0.0000,0.6200,0.0000,0.0000,0.0000,0.0000,0.0000,0.0000,0.0000,0.0000,0.6200,0.0000,0.0467,0.0000,0.0467,0.0000,0.0000,0.6200,0.0000,0.0000,0.0000,0.2800,0.0000,0.0467,0.0000,0.0000,0.0467,0.0000,0.0000,0.0000,0.0000,0.6200,0.6200,0.0000,0.0000,0.0000,0.0311,0.0311,0.0000,0.0000,0.0000,0.0000,0.0000,0.0000,0.0000,0.0000,0.0000,0.0000,0.0000,0.0000,0.0000,0.0000,0.0000,0.0000,0.0000,0.0000,0.0311,0.0311,0.0000,0.0400,0.0400,0.0000,0.0311,0.0311,0.0311,0.0350,0.0000,0.6200,0.6200,0.6200,0.6200,0.8500,0.6200,0.0933,0.0933,0.1680,0.1680,0.1680,0.6200,0.0000,0.0000,0.0000,0.0000,0.0000,0.0000,0.0000,0.0000,0.0000,0.0000,0.0000,0.0000,0.0000,0.0000,0.0000,0.0350,0.0350,0.0350,0.0350,0.0350,0.0000,0.0000,0.0350,0.0350,0.0350,0.0000,0.0000,0.0000,0.0000,0.0000,0.0000,0.0000,0.0000,0.0000
function,0.0000,0.0000,0.0000,0.0560,0.0000,0.0000,0.6200,0.0000,0.0000,0.0000,0.0000,0.0000,0.0560,0.0000,0.0000,0.6200,0.0000,0.0000,0.0000,0.0000,0.6200,0.0000,0.0000,0.0000,0.6200,0.0000,0.0000,0.0000,0.0000,0.0000,0.0000,0.0560,0.0000,0.2800,0.0560,0.0000,0.0000,0.0000,0.0000,0.2800,0.0000,0.6200,0.0000,0.0000,0.0000,0.6200,0.0000,0.0000,0.0000,0.0000,0.0000,0.0000,0.0000,0.0000,0.6200,0.0000,0.0000,0.2800,0.0000,0.0560,0.0000,0.0000,0.0560,0.0560,0.0000,0.2800,0.0000,0.0560,0.0560,0.0560,0.0560,0.0560,0.0000,0.0560,0.0000,0.0000,0.0560,0.0000,0.0560,0.0000,0.6200,0.0560,0.0000,0.0560,0.0000,0.0000,0.0000,0.0000,0.0000,0.0560,0.0560,0.0000,0.0560,0.0000,0.2800,0.6200,0.0000,0.0000,0.0400,0.0400,0.0400,0.0700,0.0700,0.0400,0.0400,0.0400,0.0400,0.0400,0.0400,0.0400,0.0400,0.0400,0.0400,0.0400,0.6200,0.6200,0.6200,0.6200,0.6200,0.0933,0.6200,0.8500,0.0700,0.1680,0.0400,0.0400,0.6200,0.0700,0.0700,0.0700,0.0350,0.0800,0.0350,0.0350,0.0350,0.0350,0.0350,0.0350,0.0000,0.0000,0.0000,0.0000,0.0000,0.0350,0.1680,0.1680,0.1680,0.0800,0.0400,0.0400,0.0400,0.0000,0.0000,0.0000,0.0000,0.0000,0.0000,0.0000,0.0000,0.0350,0.0350,0.0350,0.0350,0.0350,0.0000,0.0000,0.0000,0.0000,0.0000,0.0000,0.0000,0.0000,0.0000,0.0933,0.0933,0.0933,0.0933,0.6200
function_type,0.0000,0.0000,0.0000,0.6200,0.0000,0.0000,0.0560,0.0000,0.0000,0.0000,0.0000,0.0000,0.0000,0.0000,0.0000,0.0560,0.0000,0.0000,0.0000,0.0000,0.0560,0.0000,0.0000,0.0000,0.0560,0.0000,0.0000,0.0000,0.0000,0.0000,0.0560,0.0000,0.0000,0.6200,0.6200,0.0000,0.0000,0.0000,0.0000,0.0560,0.0000,0.0560,0.0000,0.0000,0.0000,0.0000,0.0000,0.0000,0.0000,0.0000,0.0000,0.0000,0.0000,0.0000,0.2800,0.0000,0.0000,0.0560,0.0000,0.0000,0.0000,0.0000,0.6200,0.2800,0.0000,0.0560,0.0000,0.6200,0.6200,0.6200,0.6200,0.6200,0.0000,0.6200,0.0000,0.0000,0.0000,0.0000,0.0000,0.0000,0.0560,0.6200,0.0000,0.0000,0.0000,0.0000,0.0000,0.0000,0.0000,0.6200,0.6200,0.0000,0.6200,0.0000,0.0560,0.0560,0.0000,0.0000,0.6200,0.6200,0.6200,0.0700,0.0700,0.6200,0.6200,0.6200,0.6200,0.6200,0.6200,0.6200,0.6200,0.6200,0.6200,0.6200,0.0400,0.0400,0.0400,0.0400,0.0400,0.0400,0.0400,0.0700,0.0700,0.0400,0.0000,0.0000,0.0400,0.8500,0.0700,0.0700,0.0350,0.0350,0.0350,0.0350,0.0350,0.0350,0.0350,0.0350,0.0000,0.0000,0.0000,0.0000,0.0000,0.0350,0.0400,0.0400,0.0400,0.0350,0.0400,0.0400,0.0400,0.0000,0.0000,0.0000,0.0000,0.0000,0.0000,0.0000,0.0000,0.8500,0.0350,0.0350,0.0350,0.0350,0.0000,0.0000,0.0000,0.0000,0.0000,0.0000,0.0400,0.0400,0.0400,0.0400,0.0400,0.0400,0.0400,0.0400
gc,0.2800,0.6200,0.0000,0.0000,0.0000,0.0000,0.0000,0.0000,0.0000,0.0000,0.0000,0.0000,0.0000,0.0000,0.0000,0.0000,0.0000,0.0000,0.0000,0.0000,0.0000,0.0000,0.0000,0.0000,0.0000,0.0000,0.2800,0.0000,0.0000,0.0000,0.0000,0.0000,0.0000,0.0000,0.0000,0.0000,0.0000,0.0000,0.0000,0.0000,0.0000,0.0000,0.0000,0.0000,0.2800,0.0000,0.0000,0.0000,0.0000,0.0000,0.0000,0.0000,0.2800,0.0000,0.0000,0.0000,0.0000,0.0000,0.0000,0.0000,0.0000,0.0000,0.0000,0.0000,0.6200,0.0000,0.0000,0.0000,0.0000,0.0000,0.0000,0.0000,0.0000,0.0000,0.0000,0.0000,0.0000,0.0000,0.0000,0.0000,0.0000,0.0000,0.0000,0.0000,0.0000,0.0000,0.0000,0.0000,0.0000,0.0000,0.0000,0.0000,0.0000,0.6200,0.0000,0.0000,0.0000,0.0000,0.0000,0.0000,0.0000,0.0000,0.0000,0.0000,0.0000,0.0000,0.0000,0.0000,0.0000,0.0000,0.0000,0.0000,0.0000,0.0000,0.0000,0.0000,0.0000,0.0000,0.0000,0.0000,0.0000,0.0000,0.0000,0.0000,0.0000,0.0000,0.0000,0.0000,0.0000,0.0000,0.0000,0.0350,0.0000,0.0000,0.0000,0.0000,0.0000,0.0000,0.0000,0.0000,0.0000,0.0000,0.0000,0.0000,0.0000,0.0000,0.0000,0.0350,0.0933,0.0933,0.8500,0.0000,0.0000,0.0000,0.0000,0.0000,0.0000,0.0000,0.0000,0.0000,0.0000,0.0000,0.0000,0.0000,0.8500,0.8500,0.0350,0.0350,0.0350,0.8500,0.8500,0.1680,0.1680,0.0000,0.0000,0.0000,0.0000,0.0000
generic,0.0000,0.0000,0.0000,0.6200,0.0000,0.0000,0.2800,0.0000,0.0000,0.0000,0.0000,0.0000,0.0560,0.0000,0.0000,0.2800,0.0000,0.0000,0.0000,0.0000,0.2800,0.0000,0.0000,0.0000,0.2800,0.0000,0.0000,0.0000,0.0000,0.0000,0.2800,0.6200,0.0000,0.0000,0.6200,0.0000,0.0000,0.0000,0.0000,0.2800,0.0000,0.2800,0.0000,0.0000,0.0000,0.0560,0.0000,0.0000,0.0000,0.0000,0.0000,0.0000,0.0000,0.0000,0.0560,0.0000,0.0000,0.2800,0.0000,0.0560,0.0000,0.0000,0.6200,0.0560,0.0000,0.2800,0.0000,0.6200,0.6200,0.6200,0.6200,0.6200,0.0000,0.6200,0.0000,0.0000,0.0560,0.0000,0.0560,0.0000,0.2800,0.6200,0.0000,0.0560,0.0000,0.0000,0.0000,0.0000,0.0000,0.6200,0.6200,0.0000,0.6200,0.0000,0.2800,0.2800,0.0000,0.0000,0.6200,0.6200,0.6200,0.0700,0.0700,0.8500,0.8500,0.8500,0.6200,0.8500,0.6200,0.6200,0.6200,0.6200,0.6200,0.6200,0.1680,0.1680,0.1680,0.1680,0.1680,0.0933,0.1680,0.0700,0.0700,0.1680,0.0400,0.0400,0.1680,0.0700,0.0700,0.0700,0.0350,0.0800,0.0350,0.0350,0.0350,0.0350,0.0350,0.0350,0.0000,0.0000,0.0000,0.0000,0.0000,0.0350,0.1680,0.1680,0.1680,0.0800,0.0400,0.0400,0.0400,0.0000,0.0000,0.0000,0.0000,0.0000,0.0000,0.0000,0.0000,0.8500,0.0350,0.0350,0.0350,0.0350,0.0000,0.0000,0.0000,0.0000,0.0000,0.0000,0.0000,0.0000,0.0000,0.0933,0.0933,0.8500,0.0933,0.1680
generic_constraint,0.0000,0.0000,0.0000,0.6200,0.0000,0.0000,0.0560,0.0000,0.0000,0.0000,0.0000,0.0000,0.0000,0.0000,0.0000,0.0560,0.0000,0.0000,0.0000,0.0000,0.0560,0.0000,0.0000,0.0000,0.0560,0.0000,0.0000,0.0000,0.0000,0.0000,0.0560,0.6200,0.0000,0.6200,0.0000,0.0000,0.0000,0.0000,0.0000,0.0560,0.0000,0.0560,0.0000,0.0000,0.0000,0.0000,0.0000,0.0000,0.0000,0.0000,0.0000,0.0000,0.0000,0.0000,0.2800,0.0000,0.0000,0.0560,0.0000,0.0000,0.0000,0.0000,0.6200,0.2800,0.0000,0.0560,0.0000,0.6200,0.6200,0.6200,0.6200,0.6200,0.0000,0.6200,0.0000,0.0000,0.0000,0.0000,0.0000,0.0000,0.0560,0.6200,0.0000,0.0000,0.0000,0.0000,0.0000,0.0000,0.0000,0.6200,0.6200,0.0000,0.6200,0.0000,0.0560,0.0560,0.0000,0.0000,0.6200,0.6200,0.6200,0.0700,0.0700,0.8500,0.8500,0.8500,0.8500,0.6200,0.8500,0.6200,0.6200,0.6200,0.6200,0.6200,0.0400,0.0400,0.0400,0.0400,0.0400,0.0400,0.0400,0.0700,0.0700,0.0400,0.0000,0.0000,0.0400,0.0700,0.0700,0.0700,0.0350,0.0350,0.0350,0.0350,0.0350,0.0350,0.0350,0.0350,0.0000,0.0000,0.0000,0.0000,0.0000,0.0350,0.0400,0.0400,0.0400,0.0350,0.0400,0.0400,0.0400,0.0000,0.0000,0.0000,0.0000,0.0000,0.0000,0.0000,0.0000,0.0350,0.0350,0.0350,0.0350,0.0350,0.0000,0.0000,0.0000,0.0000,0.0000,0.0000,0.0400,0.0400,0.0400,0.0400,0.0400,0.0400,0.0400,0.0400
global_state,0.0000,0.2800,0.0000,0.0000,0.0000,0.0000,0.0000,0.0000,0.0000,0.0000,0.0000,0.0000,0.0000,0.0000,0.0000,0.0000,0.0000,0.0000,0.0000,0.0000,0.0000,0.0000,0.0000,0.2800,0.0000,0.0000,0.0000,0.6200,0.0000,0.0000,0.0000,0.0000,0.0000,0.0000,0.0000,0.0000,0.0000,0.0000,0.0000,0.0000,0.0000,0.0000,0.6200,0.0000,0.0000,0.0000,0.0000,0.0000,0.0000,0.0000,0.0000,0.0000,0.0000,0.0000,0.0000,0.0000,0.0000,0.0000,0.2800,0.0000,0.6200,0.0000,0.0000,0.0000,0.0000,0.0000,0.0000,0.0000,0.0000,0.0000,0.0000,0.0000,0.6200,0.0000,0.6200,0.0000,0.0000,0.0000,0.0000,0.0000,0.0000,0.0000,0.0000,0.0000,0.0000,0.0000,0.0000,0.6200,0.0000,0.0000,0.0000,0.0000,0.0000,0.0000,0.0000,0.0000,0.0000,0.0000,0.0400,0.0400,0.0400,0.0311,0.0311,0.0400,0.0400,0.0400,0.0400,0.0400,0.0400,0.0400,0.0400,0.0400,0.0400,0.0400,0.0400,0.0400,0.0400,0.0400,0.0400,0.0000,0.0400,0.0311,0.0311,0.0000,0.0000,0.0000,0.0400,0.0311,0.0311,0.0311,0.0350,0.6200,0.0000,0.0000,0.0000,0.0000,0.0000,0.0000,0.0000,0.0000,0.0933,0.0933,0.0933,0.0000,0.0000,0.0000,0.0000,0.6200,0.0400,0.0400,0.0400,0.0800,0.0800,0.0800,0.0800,0.0800,0.0800,0.0800,0.0800,0.0350,0.0350,0.0350,0.0350,0.0350,0.0933,0.0933,0.0350,0.0350,0.0350,0.0933,0.0400,0.0400,0.0400,0.0000,0.0000,0.0000,0.0000,0.0400
goto_label,0.0000,0.0000,0.0467,0.0000,0.0467,0.0000,0.0000,0.0467,0.0467,0.6200,0.0000,0.0467,0.0000,0.0467,0.0000,0.0000,0.0467,0.0000,0.0000,0.0467,0.0000,0.6200,0.2800,0.0000,0.0000,0.2800,0.0000,0.0000,0.6200,0.6200,0.0000,0.0000,0.0000,0.0000,0.0000,0.0000,0.0000,0.0467,0.6200,0.0000,0.0467,0.0000,0.0000,0.0000,0.0000,0.0000,0.0467,0.0467,0.0467,0.0467,0.0000,0.0000,0.0000,0.0467,0.0000,0.0467,0.0000,0.0000,0.0000,0.0000,0.0000,0.0000,0.0000,0.0000,0.0000,0.0000,0.6200,0.0000,0.0000,0.0000,0.0000,0.0000,0.0000,0.0000,0.0000,0.6200,0.0000,0.0467,0.0000,0.0467,0.0000,0.0000,0.6200,0.0000,0.0000,0.0000,0.2800,0.0000,0.0467,0.0000,0.0000,0.0467,0.0000,0.0000,0.0000,0.0000,0.6200,0.6200,0.0000,0.0000,0.0000,0.0311,0.0311,0.0000,0.0000,0.0000,0.0000,0.0000,0.0000,0.0000,0.0000,0.0000,0.0000,0.0000,0.0000,0.0000,0.0000,0.0000,0.0000,0.0000,0.0000,0.0311,0.0311,0.0000,0.0400,0.0400,0.0000,0.0311,0.0311,0.0311,0.0350,0.0000,0.6200,0.6200,0.6200,0.6200,0.6200,0.8500,0.0933,0.0933,0.1680,0.1680,0.1680,0.6200,0.0000,0.0000,0.0000,0.0000,0.0000,0.0000,0.0000,0.0000,0.0000,0.0000,0.0000,0.0000,0.0000,0.0000,0.0000,0.0350,0.0350,0.0350,0.0350,0.0350,0.0000,0.0000,0.0350,0.0350,0.0350,0.0000,0.0000,0.0000,0.0000,0.0000,0.0000,0.0000,0.0000,0.0000
identifier,0.0000,0.0000,0.6200,0.0000,0.6200,0.0000,0.0000,0.6200,0.6200,0.0467,0.0000,0.2800,0.0000,0.6200,0.0000,0.0000,0.2800,0.0000,0.0000,0.6200,0.0000,0.0467,0.0467,0.0000,0.0000,0.0467,0.0000,0.0000,0.0467,0.0467,0.0000,0.0000,0.0000,0.0000,0.0000,0.0000,0.0467,0.0000,0.0467,0.0000,0.6200,0.0000,0.0000,0.0000,0.0000,0.0000,0.6200,0.6200,0.6200,0.6200,0.0000,0.0000,0.0000,0.6200,0.0000,0.2800,0.0000,0.0000,0.0000,0.0000,0.0000,0.0000,0.0000,0.0000,0.0000,0.0000,0.2800,0.0000,0.0000,0.0000,0.0000,0.0000,0.0000,0.0000,0.0000,0.0467,0.0000,0.6200,0.0000,0.6200,0.0000,0.0000,0.0467,0.0000,0.0000,0.0000,0.0467,0.0000,0.6200,0.0000,0.0000,0.6200,0.0000,0.0000,0.0000,0.0000,0.0467,0.2800,0.0350,0.0350,0.0350,0.0622,0.0622,0.0350,0.0350,0.0350,0.0350,0.0350,0.0350,0.0350,0.0350,0.0350,0.0350,0.0350,0.0000,0.0000,0.0000,0.0000,0.0000,0.0000,0.0000,0.0622,0.0622,0.0000,0.0350,0.0350,0.0000,0.0622,0.0622,0.0622,0.0311,0.0311,0.1200,0.1200,0.1200,0.1200,0.1200,0.1200,0.6200,0.6200,0.0350,0.0350,0.0350,0.1200,0.0000,0.0000,0.0000,0.0311,0.0000,0.0000,0.0000,0.0311,0.0311,0.0311,0.0311,0.0311,0.0311,0.0311,0.0311,0.0311,0.0311,0.0311,0.0311,0.0311,0.0000,0.0000,0.0311,0.0311,0.0311,0.0000,0.0000,0.0000,0.0000,0.0000,0.0000,0.0000,0.0000,0.0000
if,0.0000,0.0000,0.0467,0.0000,0.0467,0.0000,0.0000,0.0467,0.0467,0.6200,0.0000,0.0467,0.0000,0.0467,0.0000,0.0000,0.0467,0.0000,0.0000,0.0467,0.0000,0.6200,0.2800,0.0000,0.0000,0.2800,0.0000,0.0000,0.6200,0.6200,0.0000,0.0000,0.0000,0.0000,0.0000,0.0000,0.6200,0.0467,0.0000,0.0000,0.0467,0.0000,0.0000,0.0000,0.0000,0.0000,0.0467,0.0467,0.0467,0.0467,0.0000,0.0000,0.0000,0.0467,0.0000,0.0467,0.0000,0.0000,0.0000,0.0000,0.0000,0.0000,0.0000,0.0000,0.0000,0.0000,0.6200,0.0000,0.0000,0.0000,0.0000,0.0000,0.0000,0.0000,0.0000,0.6200,0.0000,0.0467,0.0000,0.0467,0.0000,0.0000,0.6200,0.0000,0.0000,0.0000,0.2800,0.0000,0.0467,0.0000,0.0000,0.0467,0.0000,0.0000,0.0000,0.0000,0.6200,0.6200,0.0000,0.0000,0.0000,0.0311,0.0311,0.0000,0.0000,0.0000,0.0000,0.0000,0.0000,0.0000,0.0000,0.0000,0.0000,0.0000,0.0000,0.0000,0.0000,0.0000,0.0000,0.0000,0.0000,0.0311,0.0311,0.0000,0.8500,0.0400,0.0000,0.0311,0.0311,0.0311,0.0350,0.0000,0.6200,0.8500,0.6200,0.6200,0.6200,0.6200,0.0933,0.8500,0.1680,0.1680,0.1680,0.8500,0.0000,0.0000,0.0000,0.0000,0.0000,0.0000,0.0000,0.0000,0.0000,0.0000,0.0000,0.0000,0.0000,0.0000,0.0000,0.0350,0.0350,0.0350,0.0350,0.0350,0.0000,0.0000,0.0350,0.0350,0.0350,0.0000,0.0000,0.0000,0.0000,0.0000,0.0000,0.0000,0.0000,0.0000
import,0.0000,0.0000,0.0000,0.0560,0.0000,0.0000,0.2800,0.0000,0.0000,0.0000,0.0000,0.0000,0.0560,0.0000,0.0000,0.2800,0.0000,0.0000,0.0000,0.0000,0.2800,0.0000,0.0000,0.0000,0.2800,0.0000,0.0000,0.0000,0.0000,0.0000,0.2800,0.0560,0.0000,0.2800,0.0560,0.0000,0.0000,0.0000,0.0000,0.0000,0.0000,0.2800,0.0000,0.0000,0.0000,0.0560,0.0000,0.0000,0.0000,0.0000,0.0000,0.0000,0.0000,0.0000,0.0560,0.0000,0.0000,0.6200,0.0000,0.0560,0.0000,0.0000,0.0560,0.0560,0.0000,0.2800,0.0000,0.0560,0.0560,0.0560,0.0560,0.0560,0.0000,0.0560,0.0000,0.0000,0.6200,0.0000,0.0560,0.0000,0.2800,0.0560,0.0000,0.6200,0.0000,0.0000,0.0000,0.0000,0.0000,0.0560,0.0560,0.0000,0.0560,0.0000,0.2800,0.2800,0.0000,0.0000,0.0400,0.0400,0.0400,0.0700,0.0700,0.0400,0.0400,0.0400,0.0400,0.0400,0.0400,0.0400,0.0400,0.0400,0.0400,0.0400,0.1680,0.1680,0.1680,0.1680,0.1680,0.0933,0.1680,0.0700,0.0700,0.6200,0.0400,0.0400,0.1680,0.0700,0.0700,0.0700,0.0350,0.0800,0.0350,0.0350,0.0350,0.0350,0.0350,0.0350,0.0000,0.0000,0.0000,0.0000,0.0000,0.0350,0.8500,0.8500,0.6200,0.0800,0.0400,0.0400,0.0400,0.0000,0.0000,0.0000,0.0000,0.0000,0.0000,0.0000,0.0000,0.0350,0.0350,0.0350,0.0350,0.0350,0.0000,0.0000,0.0000,0.0000,0.0000,0.0000,0.0000,0.0000,0.0000,0.0933,0.0933,0.0933,0.0933,0.1680
index,0.0000,0.0000,0.6200,0.0000,0.6200,0.0000,0.0000,0.6200,0.6200,0.0467,0.0000,0.2800,0.0000,0.6200,0.0000,0.0000,0.2800,0.0000,0.0000,0.6200,0.0000,0.0467,0.0467,0.0000,0.0000,0.0467,0.0000,0.0000,0.0467,0.0467,0.0000,0.0000,0.0000,0.0000,0.0000,0.0000,0.0467,0.6200,0.0467,0.0000,0.0000,0.0000,0.0000,0.0000,0.0000,0.0000,0.6200,0.6200,0.6200,0.6200,0.0000,0.0000,0.0000,0.6200,0.0000,0.2800,0.0000,0.0000,0.0000,0.0000,0.0000,0.0000,0.0000,0.0000,0.0000,0.0000,0.2800,0.0000,0.0000,0.0000,0.0000,0.0000,0.0000,0.0000,0.0000,0.0467,0.0000,0.6200,0.0000,0.6200,0.0000,0.0000,0.0467,0.0000,0.0000,0.0000,0.0467,0.0000,0.6200,0.0000,0.0000,0.6200,0.0000,0.0000,0.0000,0.0000,0.0467,0.2800,0.0350,0.0350,0.0350,0.0622,0.0622,0.0350,0.0350,0.0350,0.0350,0.0350,0.0350,0.0350,0.0350,0.0350,0.0350,0.0350,0.0000,0.0000,0.0000,0.0000,0.0000,0.0000,0.0000,0.0622,0.0622,0.0000,0.0350,0.0350,0.0000,0.0622,0.0622,0.0622,0.0311,0.0311,0.1200,0.1200,0.1200,0.1200,0.1200,0.1200,0.6200,0.6200,0.0350,0.0350,0.0350,0.1200,0.0000,0.0000,0.0000,0.0311,0.0000,0.0000,0.0000,0.0311,0.0311,0.0311,0.0311,0.0311,0.0311,0.0311,0.0311,0.0311,0.0311,0.0311,0.0311,0.0311,0.0000,0.0000,0.0311,0.0311,0.0311,0.0000,0.0000,0.0000,0.0000,0.0000,0.0000,0.0000,0.0000,0.0000
interface_trait,0.0000,0.0000,0.0000,0.0560,0.0000,0.0000,0.6200,0.0000,0.0000,0.0000,0.0000,0.0000,0.0560,0.0000,0.0000,0.6200,0.0000,0.0000,0.0000,0.0000,0.6200,0.0000,0.0000,0.0000,0.6200,0.0000,0.0000,0.0000,0.0000,0.0000,0.6200,0.0560,0.0000,0.2800,0.0560,0.0000,0.0000,0.0000,0.0000,0.2800,0.0000,0.0000,0.0000,0.0000,0.0000,0.6200,0.0000,0.0000,0.0000,0.0000,0.0000,0.0000,0.0000,0.0000,0.6200,0.0000,0.0000,0.2800,0.0000,0.0560,0.0000,0.0000,0.0560,0.0560,0.0000,0.2800,0.0000,0.0560,0.0560,0.0560,0.0560,0.0560,0.0000,0.0560,0.0000,0.0000,0.0560,0.0000,0.0560,0.0000,0.6200,0.0560,0.0000,0.0560,0.0000,0.0000,0.0000,0.0000,0.0000,0.0560,0.0560,0.0000,0.0560,0.0000,0.2800,0.6200,0.0000,0.0000,0.0400,0.0400,0.0400,0.0700,0.0700,0.0400,0.0400,0.0400,0.0400,0.0400,0.0400,0.0400,0.0400,0.0400,0.0400,0.0400,0.8500,0.6200,0.8500,0.6200,0.6200,0.0933,0.6200,0.8500,0.0700,0.1680,0.0400,0.0400,0.6200,0.0700,0.0700,0.8500,0.0350,0.0800,0.0350,0.0350,0.0350,0.0350,0.0350,0.0350,0.0000,0.0000,0.0000,0.0000,0.0000,0.0350,0.1680,0.1680,0.1680,0.0800,0.0400,0.0400,0.0400,0.0000,0.0000,0.0000,0.0000,0.0000,0.0000,0.0000,0.0000,0.0350,0.0350,0.0350,0.0350,0.0350,0.0000,0.0000,0.0000,0.0000,0.0000,0.0000,0.0000,0.0000,0.0000,0.0933,0.0933,0.0933,0.0933,0.6200
io,0.0000,0.2800,0.0000,0.0000,0.0000,0.0000,0.0000,0.0000,0.0000,0.0000,0.0000,0.0000,0.0000,0.0000,0.0000,0.0000,0.0000,0.0000,0.0000,0.0000,0.0000,0.0000,0.0000,0.2800,0.0000,0.0000,0.0000,0.6200,0.0000,0.0000,0.0000,0.0000,0.0000,0.0000,0.0000,0.6200,0.0000,0.0000,0.0000,0.0000,0.0000,0.0000,0.0000,0.0000,0.0000,0.0000,0.0000,0.0000,0.0000,0.0000,0.0000,0.0000,0.0000,0.0000,0.0000,0.0000,0.0000,0.0000,0.2800,0.0000,0.6200,0.0000,0.0000,0.0000,0.0000,0.0000,0.0000,0.0000,0.0000,0.0000,0.0000,0.0000,0.6200,0.0000,0.6200,0.0000,0.0000,0.0000,0.0000,0.0000,0.0000,0.0000,0.0000,0.0000,0.0000,0.0000,0.0000,0.6200,0.0000,0.0000,0.0000,0.0000,0.0000,0.0000,0.0000,0.0000,0.0000,0.0000,0.0400,0.0400,0.0400,0.0311,0.0311,0.0400,0.0400,0.0400,0.0400,0.0400,0.0400,0.0400,0.0400,0.0400,0.0400,0.0400,0.0400,0.0400,0.0400,0.0400,0.0400,0.0000,0.0400,0.0311,0.0311,0.0000,0.0000,0.0000,0.0400,0.0311,0.0311,0.0311,0.0350,0.6200,0.0000,0.0000,0.0000,0.0000,0.0000,0.0000,0.0000,0.0000,0.0933,0.0933,0.0933,0.0000,0.0000,0.0000,0.0000,0.6200,0.0400,0.0400,0.0400,0.0800,0.0800,0.0800,0.0800,0.0800,0.0800,0.0800,0.0800,0.0350,0.0350,0.0350,0.0350,0.0350,0.0933,0.0933,0.0350,0.0350,0.0350,0.0933,0.0400,0.0400,0.0400,0.0000,0.0000,0.0000,0.0000,0.0400
ir,0.0000,0.0000,0.0000,0.0000,0.0000,0.0000,0.0000,0.0000,0.0000,0.0000,0.6200,0.0000,0.0000,0.0000,0.0000,0.0000,0.0000,0.2800,0.2800,0.0000,0.0000,0.0000,0.0000,0.0000,0.0000,0.0000,0.0000,0.0000,0.0000,0.0000,0.0000,0.0000,0.0000,0.0000,0.0000,0.0000,0.0000,0.0000,0.0000,0.0000,0.0000,0.0000,0.0000,0.0000,0.0000,0.0000,0.0000,0.0000,0.0000,0.0000,0.0000,0.2800,0.0000,0.0000,0.0000,0.0000,0.0000,0.0000,0.0000,0.0000,0.0000,0.2800,0.0000,0.0000,0.0000,0.0000,0.0000,0.0000,0.0000,0.0000,0.0000,0.0000,0.0000,0.0000,0.0000,0.0000,0.0000,0.0000,0.0000,0.0000,0.0000,0.0000,0.0000,0.0000,0.0000,0.0000,0.0000,0.0000,0.0000,0.0000,0.0000,0.0000,0.0000,0.0000,0.0000,0.0000,0.0000,0.0000,0.0000,0.0000,0.0000,0.0000,0.0000,0.0000,0.0000,0.0000,0.0000,0.0000,0.0000,0.0000,0.0000,0.0000,0.0000,0.0000,0.0000,0.0000,0.0000,0.0000,0.0000,0.1680,0.0000,0.0000,0.0000,0.0400,0.0000,0.0000,0.0000,0.0000,0.0000,0.0000,0.6200,0.0000,0.0000,0.0000,0.0000,0.0000,0.0000,0.0000,0.0000,0.0000,0.0000,0.0000,0.0000,0.0000,0.0400,0.0400,0.0400,0.0000,0.0400,0.0400,0.0400,0.0000,0.0000,0.0000,0.0000,0.0000,0.0000,0.0000,0.0000,0.6200,0.8500,0.6200,0.6200,0.6200,0.0000,0.0000,0.0800,0.8500,0.8500,0.0000,0.0000,0.0000,0.0000,0.1680,0.8500,0.1680,0.1680,0.0000
layout_alignment,0.6200,0.0000,0.0000,0.0000,0.0000,0.0000,0.0000,0.0000,0.0000,0.0000,0.0000,0.0000,0.0000,0.0000,0.0000,0.0000,0.0000,0.0000,0.0000,0.0000,0.0000,0.0000,0.0000,0.0000,0.0000,0.0000,0.6200,0.0000,0.0000,0.0000,0.0000,0.0000,0.2800,0.0000,0.0000,0.0000,0.0000,0.0000,0.0000,0.0000,0.0000,0.0000,0.0000,0.0000,0.0000,0.0000,0.0000,0.0000,0.0000,0.0000,0.0000,0.0000,0.6200,0.0000,0.0000,0.0000,0.0000,0.0000,0.0000,0.0000,0.0000,0.0000,0.0000,0.0000,0.2800,0.0000,0.0000,0.0000,0.0000,0.0000,0.0000,0.0000,0.0000,0.0000,0.0000,0.0000,0.0000,0.0000,0.0000,0.0000,0.0000,0.0000,0.0000,0.0000,0.0000,0.0000,0.0000,0.0000,0.0000,0.0000,0.0000,0.0000,0.0000,0.2800,0.0000,0.0000,0.0000,0.0000,0.0000,0.0000,0.0000,0.0000,0.0000,0.0000,0.0000,0.0000,0.0000,0.0000,0.0000,0.0000,0.0000,0.0000,0.0000,0.0000,0.0000,0.0000,0.0000,0.0000,0.0000,0.0000,0.0000,0.0000,0.0000,0.0000,0.0000,0.0000,0.0000,0.0000,0.0000,0.0000,0.0000,0.0350,0.0000,0.0000,0.0000,0.0000,0.0000,0.0000,0.0000,0.0000,0.0000,0.0000,0.0000,0.0000,0.0000,0.0000,0.0000,0.0350,0.0933,0.0933,0.0933,0.0000,0.0000,0.0000,0.0000,0.0000,0.0000,0.0000,0.0000,0.0000,0.0000,0.0000,0.0000,0.0000,0.1680,0.1680,0.0350,0.0350,0.0350,0.8500,0.6200,0.8500,0.6200,0.0000,0.0000,0.0000,0.0000,0.8500
lifetime,0.0000,0.0000,0.0000,0.0000,0.0000,0.0000,0.6200,0.0000,0.0000,0.0000,0.0000,0.0000,0.2800,0.0000,0.0000,0.6200,0.0000,0.0000,0.0000,0.0000,0.6200,0.0000,0.0000,0.0000,0.6200,0.0000,0.0000,0.0000,0.0000,0.0000,0.6200,0.0000,0.0000,0.0560,0.0000,0.0000,0.0000,0.0000,0.0000,0.0560,0.0000,0.6200,0.0000,0.0000,0.0000,0.0000,0.0000,0.0000,0.0000,0.0000,0.0000,0.0000,0.0000,0.0000,0.6200,0.0000,0.0000,0.0560,0.0000,0.2800,0.0000,0.0000,0.0000,0.0000,0.0000,0.0560,0.0000,0.0000,0.0000,0.0000,0.0000,0.0000,0.0000,0.0000,0.0000,0.0000,0.2800,0.0000,0.2800,0.0000,0.6200,0.0000,0.0000,0.2800,0.0000,0.0000,0.0000,0.0000,0.0000,0.0000,0.0000,0.0000,0.0000,0.0000,0.0560,0.6200,0.0000,0.0000,0.0000,0.0000,0.0000,0.0700,0.0700,0.0000,0.0000,0.0000,0.0000,0.0000,0.0000,0.0000,0.0000,0.0000,0.0000,0.0000,0.6200,0.6200,0.6200,0.6200,0.6200,0.0000,0.6200,0.0700,0.0700,0.0933,0.1680,0.1680,0.6200,0.0700,0.0700,0.0700,0.0000,0.0350,0.0000,0.0000,0.0000,0.0000,0.0000,0.0000,0.0000,0.0000,0.0000,0.0000,0.0000,0.0000,0.0933,0.0933,0.0933,0.0350,0.0000,0.0000,0.0000,0.0000,0.0000,0.0000,0.0000,0.0000,0.0000,0.0000,0.0000,0.0000,0.0000,0.0000,0.0000,0.0000,0.0000,0.0000,0.0000,0.0000,0.0000,0.0000,0.0000,0.0000,0.0000,0.0000,0.0000,0.0000,0.0000,0.6200
literal_boolean,0.0000,0.0000,0.6200,0.0000,0.6200,0.0000,0.0000,0.6200,0.6200,0.0467,0.0000,0.2800,0.0000,0.6200,0.0000,0.0000,0.2800,0.0000,0.0000,0.6200,0.0000,0.0467,0.0467,0.0000,0.0000,0.0467,0.0000,0.0000,0.0467,0.0467,0.0000,0.0000,0.0000,0.0000,0.0000,0.0000,0.0467,0.6200,0.0467,0.0000,0.6200,0.0000,0.0000,0.0000,0.0000,0.0000,0.0000,0.6200,0.6200,0.6200,0.0000,0.0000,0.0000,0.6200,0.0000,0.2800,0.0000,0.0000,0.0000,0.0000,0.0000,0.0000,0.0000,0.0000,0.0000,0.0000,0.2800,0.0000,0.0000,0.0000,0.0000,0.0000,0.0000,0.0000,0.0000,0.0467,0.0000,0.6200,0.0000,0.6200,0.0000,0.0000,0.0467,0.0000,0.0000,0.0000,0.0467,0.0000,0.6200,0.0000,0.0000,0.6200,0.0000,0.0000,0.0000,0.0000,0.0467,0.2800,0.0350,0.0350,0.0350,0.0622,0.0622,0.0350,0.0350,0.0350,0.0350,0.0350,0.0350,0.0350,0.0350,0.0350,0.0350,0.0350,0.0000,0.0000,0.0000,0.0000,0.0000,0.0000,0.0000,0.0622,0.0622,0.0000,0.0350,0.0350,0.0000,0.0622,0.0622,0.0622,0.0311,0.0311,0.1200,0.1200,0.1200,0.1200,0.1200,0.1200,0.6200,0.6200,0.0350,0.0350,0.0350,0.1200,0.0000,0.0000,0.0000,0.0311,0.0000,0.0000,0.0000,0.0311,0.0311,0.0311,0.0311,0.0311,0.0311,0.0311,0.0311,0.0311,0.0311,0.0311,0.0311,0.0311,0.0000,0.0000,0.0311,0.0311,0.0311,0.0000,0.0000,0.0000,0.0000,0.0000,0.0000,0.0000,0.0000,0.0000
literal_null,0.0000,0.0000,0.6200,0.0000,0.6200,0.0000,0.0000,0.6200,0.6200,0.0467,0.0000,0.2800,0.0000,0.6200,0.0000,0.0000,0.2800,0.0000,0.0000,0.6200,0.0000,0.0467,0.0467,0.0000,0.0000,0.0467,0.0000,0.0000,0.0467,0.0467,0.0000,0.0000,0.0000,0.0000,0.0000,0.0000,0.0467,0.6200,0.0467,0.0000,0.6200,0.0000,0.0000,0.0000,0.0000,0.0000,0.6200,0.0000,0.6200,0.6200,0.0000,0.0000,0.0000,0.6200,0.0000,0.2800,0.0000,0.0000,0.0000,0.0000,0.0000,0.0000,0.0000,0.0000,0.0000,0.0000,0.2800,0.0000,0.0000,0.0000,0.0000,0.0000,0.0000,0.0000,0.0000,0.0467,0.0000,0.6200,0.0000,0.6200,0.0000,0.0000,0.0467,0.0000,0.0000,0.0000,0.0467,0.0000,0.6200,0.0000,0.0000,0.6200,0.0000,0.0000,0.0000,0.0000,0.0467,0.2800,0.0350,0.0350,0.0350,0.0622,0.0622,0.0350,0.0350,0.0350,0.0350,0.0350,0.0350,0.0350,0.0350,0.8500,0.0350,0.0350,0.0000,0.0000,0.0000,0.0000,0.0000,0.0000,0.0000,0.0622,0.0622,0.0000,0.0350,0.0350,0.0000,0.0622,0.0622,0.0622,0.0311,0.0311,0.1200,0.1200,0.1200,0.1200,0.1200,0.1200,0.6200,0.6200,0.0350,0.0350,0.0350,0.1200,0.0000,0.0000,0.0000,0.0311,0.0000,0.0000,0.0000,0.0311,0.0311,0.0311,0.0311,0.0311,0.0311,0.0311,0.0311,0.0311,0.0311,0.0311,0.0311,0.0311,0.0000,0.0000,0.0311,0.0311,0.0311,0.0000,0.0000,0.0000,0.0000,0.0000,0.0000,0.0000,0.0000,0.0000
literal_numeric,0.0000,0.0000,0.6200,0.0000,0.6200,0.0000,0.0000,0.6200,0.6200,0.0467,0.0000,0.2800,0.0000,0.6200,0.0000,0.0000,0.2800,0.0000,0.0000,0.6200,0.0000,0.0467,0.0467,0.0000,0.0000,0.0467,0.0000,0.0000,0.0467,0.0467,0.0000,0.0000,0.0000,0.0000,0.0000,0.0000,0.0467,0.6200,0.0467,0.0000,0.6200,0.0000,0.0000,0.0000,0.0000,0.0000,0.6200,0.6200,0.0000,0.6200,0.0000,0.0000,0.0000,0.6200,0.0000,0.2800,0.0000,0.0000,0.0000,0.0000,0.0000,0.0000,0.0000,0.0000,0.0000,0.0000,0.2800,0.0000,0.0000,0.0000,0.0000,0.0000,0.0000,0.0000,0.0000,0.0467,0.0000,0.6200,0.0000,0.6200,0.0000,0.0000,0.0467,0.0000,0.0000,0.0000,0.0467,0.0000,0.6200,0.0000,0.0000,0.6200,0.0000,0.0000,0.0000,0.0000,0.0467,0.2800,0.0350,0.0350,0.0350,0.0622,0.0622,0.0350,0.0350,0.0350,0.0350,0.0350,0.0350,0.0350,0.0350,0.0350,0.0350,0.0350,0.0000,0.0000,0.0000,0.0000,0.0000,0.0000,0.0000,0.0622,0.0622,0.0000,0.0350,0.0350,0.0000,0.0622,0.0622,0.0622,0.0311,0.0311,0.1200,0.1200,0.1200,0.1200,0.1200,0.1200,0.6200,0.6200,0.0350,0.0350,0.0350,0.1200,0.0000,0.0000,0.0000,0.0311,0.0000,0.0000,0.0000,0.0311,0.0311,0.0311,0.0311,0.0311,0.0311,0.0311,0.0311,0.0311,0.0311,0.0311,0.0311,0.0311,0.0000,0.0000,0.0311,0.0311,0.0311,0.0000,0.0000,0.0000,0.0000,0.0000,0.0000,0.0000,0.0000,0.0000
literal_string,0.0000,0.0000,0.6200,0.0000,0.6200,0.0000,0.0000,0.6200,0.6200,0.0467,0.0000,0.2800,0.0000,0.6200,0.0000,0.0000,0.2800,0.0000,0.0000,0.6200,0.0000,0.0467,0.0467,0.0000,0.0000,0.0467,0.0000,0.0000,0.0467,0.0467,0.0000,0.0000,0.0000,0.0000,0.0000,0.0000,0.0467,0.6200,0.0467,0.0000,0.6200,0.0000,0.0000,0.0000,0.0000,0.0000,0.6200,0.6200,0.6200,0.0000,0.0000,0.0000,0.0000,0.6200,0.0000,0.2800,0.0000,0.0000,0.0000,0.0000,0.0000,0.0000,0.0000,0.0000,0.0000,0.0000,0.2800,0.0000,0.0000,0.0000,0.0000,0.0000,0.0000,0.0000,0.0000,0.0467,0.0000,0.6200,0.0000,0.6200,0.0000,0.0000,0.0467,0.0000,0.0000,0.0000,0.0467,0.0000,0.6200,0.0000,0.0000,0.6200,0.0000,0.0000,0.0000,0.0000,0.0467,0.2800,0.0350,0.0350,0.0350,0.0622,0.0622,0.0350,0.0350,0.0350,0.0350,0.0350,0.0350,0.0350,0.0350,0.0350,0.0350,0.0350,0.0000,0.0000,0.0000,0.0000,0.0000,0.0000,0.0000,0.0622,0.0622,0.0000,0.0350,0.0350,0.0000,0.0622,0.0622,0.0622,0.0311,0.0311,0.1200,0.1200,0.1200,0.1200,0.1200,0.1200,0.6200,0.6200,0.0350,0.0350,0.0350,0.1200,0.0000,0.0000,0.0000,0.0311,0.0000,0.0000,0.0000,0.0311,0.0311,0.0311,0.0311,0.0311,0.0311,0.0311,0.0311,0.0311,0.0311,0.0311,0.0311,0.0311,0.0000,0.0000,0.0311,0.0311,0.0311,0.0000,0.0000,0.0000,0.0000,0.0000,0.0000,0.0000,0.0000,0.0000
lock_mutex,0.0000,0.0000,0.0000,0.0000,0.0000,0.6200,0.0000,0.0000,0.0000,0.0000,0.0000,0.0000,0.0000,0.0000,0.6200,0.0000,0.0000,0.0000,0.0000,0.0000,0.0000,0.0000,0.0000,0.0000,0.0000,0.0000,0.0000,0.0000,0.0000,0.0000,0.0000,0.0000,0.0000,0.0000,0.0000,0.0000,0.0000,0.0000,0.0000,0.0000,0.0000,0.0000,0.0000,0.0000,0.0000,0.0000,0.0000,0.0000,0.0000,0.0000,0.0000,0.0000,0.0000,0.0000,0.0000,0.0000,0.6200,0.0000,0.0000,0.0000,0.0000,0.0000,0.0000,0.0000,0.0000,0.0000,0.0000,0.0000,0.0000,0.0000,0.0000,0.0000,0.0000,0.0000,0.0000,0.0000,0.0000,0.0000,0.0000,0.0000,0.0000,0.0000,0.0000,0.0000,0.6200,0.6200,0.0000,0.0000,0.0000,0.0000,0.0000,0.0000,0.0000,0.0000,0.0000,0.0000,0.0000,0.0000,0.0000,0.0000,0.0000,0.0000,0.0000,0.0000,0.0000,0.0000,0.0000,0.0000,0.0000,0.0000,0.0000,0.0000,0.0000,0.0000,0.0000,0.0000,0.0000,0.0000,0.0000,0.0000,0.0000,0.0000,0.0000,0.0000,0.0000,0.0000,0.0000,0.0000,0.0000,0.0000,0.0000,0.0000,0.0000,0.0000,0.0000,0.0000,0.0000,0.0000,0.0000,0.0000,0.0000,0.0000,0.0000,0.0000,0.0000,0.0000,0.0000,0.0000,0.0000,0.8500,0.0000,0.8500,0.6200,0.6200,0.8500,0.6200,0.6200,0.6200,0.6200,0.0000,0.0000,0.0000,0.0000,0.0000,0.0000,0.0000,0.0000,0.0000,0.0000,0.0000,0.0000,0.0000,0.0000,0.0000,0.0000,0.0000,0.0000,0.0000
macro,0.0000,0.0000,0.0000,0.0000,0.0000,0.0000,0.0000,0.0000,0.0000,0.0000,0.2800,0.0000,0.0000,0.0000,0.0000,0.0000,0.0000,0.2800,0.6200,0.0000,0.0000,0.0000,0.0000,0.0000,0.0000,0.0000,0.0000,0.0000,0.0000,0.0000,0.0000,0.0000,0.0000,0.0000,0.0000,0.0000,0.0000,0.0000,0.0000,0.0000,0.0000,0.0000,0.0000,0.2800,0.0000,0.0000,0.0000,0.0000,0.0000,0.0000,0.0000,0.0000,0.0000,0.0000,0.0000,0.0000,0.0000,0.0000,0.0000,0.0000,0.0000,0.2800,0.0000,0.0000,0.0000,0.0000,0.0000,0.0000,0.0000,0.0000,0.0000,0.0000,0.0000,0.0000,0.0000,0.0000,0.0000,0.0000,0.0000,0.0000,0.0000,0.0000,0.0000,0.0000,0.0000,0.0000,0.0000,0.0000,0.0000,0.0000,0.0000,0.0000,0.0000,0.0000,0.0000,0.0000,0.0000,0.0000,0.0000,0.0000,0.0000,0.0000,0.0000,0.0000,0.0000,0.0000,0.0000,0.0000,0.0000,0.0000,0.0000,0.0000,0.0000,0.0000,0.0000,0.0000,0.0000,0.0000,0.0000,0.6200,0.0000,0.0000,0.0000,0.0400,0.0000,0.0000,0.0000,0.0000,0.0000,0.0000,0.0800,0.0000,0.0000,0.0000,0.0000,0.0000,0.0000,0.0000,0.0000,0.0000,0.0000,0.0000,0.0000,0.0000,0.0400,0.0400,0.0400,0.0000,0.0400,0.0400,0.0400,0.0000,0.0000,0.0000,0.0000,0.0000,0.0000,0.0000,0.0000,0.0800,0.0800,0.0800,0.0800,0.0800,0.0000,0.0000,0.0800,0.0800,0.0800,0.0000,0.0000,0.0000,0.0000,0.6200,0.6200,0.6200,0.6200,0.0000
manual_memory,0.6200,0.0000,0.0000,0.0000,0.0000,0.0000,0.0000,0.0000,0.0000,0.0000,0.0000,0.0000,0.0000,0.0000,0.0000,0.0000,0.0000,0.0000,0.0000,0.0000,0.0000,0.0000,0.0000,0.0000,0.0000,0.0000,0.6200,0.0000,0.0000,0.0000,0.0000,0.0000,0.2800,0.0000,0.0000,0.0000,0.0000,0.0000,0.0000,0.0000,0.0000,0.0000,0.0000,0.0000,0.6200,0.0000,0.0000,0.0000,0.0000,0.0000,0.0000,0.0000,0.0000,0.0000,0.0000,0.0000,0.0000,0.0000,0.0000,0.0000,0.0000,0.0000,0.0000,0.0000,0.2800,0.0000,0.0000,0.0000,0.0000,0.0000,0.0000,0.0000,0.0000,0.0000,0.0000,0.0000,0.0000,0.0000,0.0000,0.0000,0.0000,0.0000,0.0000,0.0000,0.0000,0.0000,0.0000,0.0000,0.0000,0.0000,0.0000,0.0000,0.0000,0.2800,0.0000,0.0000,0.0000,0.0000,0.0000,0.0000,0.0000,0.0000,0.0000,0.0000,0.0000,0.0000,0.0000,0.0000,0.0000,0.0000,0.0000,0.0000,0.0000,0.0000,0.0000,0.0000,0.0000,0.0000,0.0000,0.0000,0.0000,0.0000,0.0000,0.0000,0.0000,0.0000,0.0000,0.0000,0.0000,0.0000,0.0000,0.0350,0.0000,0.0000,0.0000,0.0000,0.0000,0.0000,0.0000,0.0000,0.0000,0.0000,0.0000,0.0000,0.0000,0.0000,0.0000,0.0350,0.0933,0.0933,0.0933,0.0000,0.0000,0.0000,0.0000,0.0000,0.0000,0.0000,0.0000,0.0000,0.0000,0.0000,0.0000,0.0000,0.1680,0.1680,0.0350,0.0350,0.0350,0.1680,0.6200,0.8500,0.6200,0.0000,0.0000,0.0000,0.0000,0.0000
map_dict,0.0000,0.0000,0.6200,0.0000,0.6200,0.0000,0.0000,0.6200,0.6200,0.0467,0.0000,0.2800,0.0000,0.6200,0.0000,0.0000,0.2800,0.0000,0.0000,0.6200,0.0000,0.0467,0.0467,0.0000,0.0000,0.0467,0.0000,0.0000,0.0467,0.0467,0.0000,0.0000,0.0000,0.0000,0.0000,0.0000,0.0467,0.6200,0.0467,0.0000,0.6200,0.0000,0.0000,0.0000,0.0000,0.0000,0.6200,0.6200,0.6200,0.6200,0.0000,0.0000,0.0000,0.0000,0.0000,0.2800,0.0000,0.0000,0.0000,0.0000,0.0000,0.0000,0.0000,0.0000,0.0000,0.0000,0.2800,0.0000,0.0000,0.0000,0.0000,0.0000,0.0000,0.0000,0.0000,0.0467,0.0000,0.6200,0.0000,0.6200,0.0000,0.0000,0.0467,0.0000,0.0000,0.0000,0.0467,0.0000,0.6200,0.0000,0.0000,0.6200,0.0000,0.0000,0.0000,0.0000,0.0467,0.2800,0.0350,0.0350,0.0350,0.0622,0.0622,0.0350,0.0350,0.0350,0.0350,0.0350,0.0350,0.0350,0.0350,0.0350,0.0350,0.0350,0.0000,0.0000,0.0000,0.0000,0.0000,0.0000,0.0000,0.0622,0.0622,0.0000,0.0350,0.0350,0.0000,0.0622,0.0622,0.0622,0.0311,0.0311,0.1200,0.1200,0.1200,0.1200,0.1200,0.1200,0.6200,0.6200,0.0350,0.0350,0.0350,0.1200,0.0000,0.0000,0.0000,0.0311,0.0000,0.0000,0.0000,0.0311,0.0311,0.0311,0.0311,0.0311,0.0311,0.0311,0.0311,0.0311,0.0311,0.0311,0.0311,0.0311,0.0000,0.0000,0.0311,0.0311,0.0311,0.0000,0.0000,0.0000,0.0000,0.0000,0.0000,0.0000,0.0000,0.0000
map_type,0.0000,0.0000,0.0000,0.2800,0.0000,0.0000,0.6200,0.0000,0.0000,0.0000,0.0000,0.0000,0.0000,0.0000,0.0000,0.6200,0.0000,0.0000,0.0000,0.0000,0.6200,0.0000,0.0000,0.0000,0.6200,0.0000,0.0000,0.0000,0.0000,0.0000,0.6200,0.2800,0.0000,0.0560,0.2800,0.0000,0.0000,0.0000,0.0000,0.0560,0.0000,0.6200,0.0000,0.0000,0.0000,0.6200,0.0000,0.0000,0.0000,0.0000,0.0000,0.0000,0.0000,0.0000,0.0000,0.0000,0.0000,0.0560,0.0000,0.0000,0.0000,0.0000,0.2800,0.2800,0.0000,0.0560,0.0000,0.2800,0.2800,0.2800,0.2800,0.2800,0.0000,0.2800,0.0000,0.0000,0.0000,0.0000,0.0000,0.0000,0.6200,0.2800,0.0000,0.0000,0.0000,0.0000,0.0000,0.0000,0.0000,0.2800,0.2800,0.0000,0.2800,0.0000,0.0560,0.6200,0.0000,0.0000,0.1680,0.1680,0.1680,0.0700,0.0700,0.1680,0.1680,0.1680,0.1680,0.1680,0.1680,0.1680,0.1680,0.1680,0.1680,0.1680,0.6200,0.6200,0.6200,0.6200,0.6200,0.0400,0.6200,0.0700,0.0700,0.0400,0.0000,0.0000,0.6200,0.0700,0.0700,0.0700,0.0350,0.0350,0.0350,0.0350,0.0350,0.0350,0.0350,0.0350,0.0000,0.0000,0.0000,0.0000,0.0000,0.0350,0.0400,0.0400,0.0400,0.0350,0.0400,0.0400,0.0400,0.0000,0.0000,0.0000,0.0000,0.0000,0.0000,0.0000,0.0000,0.0350,0.0350,0.0350,0.0350,0.0350,0.0000,0.0000,0.0000,0.0000,0.0000,0.0000,0.0400,0.0400,0.0400,0.0400,0.0400,0.0400,0.0400,0.6200
member_access,0.0000,0.0000,0.2800,0.0000,0.2800,0.0000,0.0000,0.2800,0.2800,0.0467,0.0000,0.6200,0.0000,0.2800,0.0000,0.0000,0.6200,0.0000,0.0000,0.2800,0.0000,0.0467,0.0467,0.6200,0.0000,0.0467,0.0000,0.0000,0.0467,0.0467,0.0000,0.0000,0.0000,0.0000,0.0000,0.0000,0.0467,0.2800,0.0467,0.0000,0.2800,0.0000,0.0000,0.0000,0.0000,0.0000,0.2800,0.2800,0.2800,0.2800,0.0000,0.0000,0.0000,0.2800,0.0000,0.0000,0.0000,0.0000,0.0000,0.6200,0.0000,0.0000,0.0000,0.6200,0.0000,0.6200,0.2800,0.0000,0.0000,0.0000,0.0000,0.0000,0.0000,0.0000,0.0000,0.0467,0.0000,0.2800,0.0000,0.2800,0.0000,0.0000,0.0467,0.0000,0.0000,0.0000,0.0467,0.0000,0.2800,0.0000,0.0000,0.2800,0.0000,0.0000,0.0000,0.0000,0.0467,0.2800,0.0350,0.0350,0.0350,0.6200,0.6200,0.0350,0.0350,0.0350,0.0350,0.0350,0.0350,0.0350,0.0350,0.0350,0.0350,0.0350,0.0000,0.0000,0.0000,0.0000,0.0000,0.0000,0.0000,0.6200,0.8500,0.8500,0.0350,0.0350,0.0000,0.6200,0.8500,0.6200,0.0311,0.0311,0.1200,0.1200,0.1200,0.1200,0.1200,0.1200,0.8500,0.2240,0.0350,0.0350,0.0350,0.1200,0.0000,0.8500,0.0000,0.0311,0.0000,0.0000,0.0000,0.0311,0.0311,0.0311,0.0311,0.0311,0.0311,0.0311,0.0311,0.0311,0.0311,0.0311,0.0311,0.0311,0.0000,0.0000,0.0311,0.0311,0.0311,0.0000,0.0000,0.0000,0.0000,0.0000,0.0000,0.0000,0.0000,0.0000
memory_model,0.0000,0.0000,0.0000,0.0000,0.0000,0.6200,0.0000,0.0000,0.0000,0.0000,0.0000,0.0000,0.0000,0.0000,0.6200,0.0000,0.0000,0.0000,0.0000,0.0000,0.0000,0.0000,0.0000,0.0000,0.0000,0.0000,0.0000,0.0000,0.0000,0.0000,0.0000,0.0000,0.0000,0.0000,0.0000,0.0000,0.0000,0.0000,0.0000,0.0000,0.0000,0.0000,0.0000,0.0000,0.0000,0.0000,0.0000,0.0000,0.0000,0.0000,0.6200,0.0000,0.0000,0.0000,0.0000,0.0000,0.0000,0.0000,0.0000,0.0000,0.0000,0.0000,0.0000,0.0000,0.0000,0.0000,0.0000,0.0000,0.0000,0.0000,0.0000,0.0000,0.0000,0.0000,0.0000,0.0000,0.0000,0.0000,0.0000,0.0000,0.0000,0.0000,0.0000,0.0000,0.6200,0.6200,0.0000,0.0000,0.0000,0.0000,0.0000,0.0000,0.0000,0.0000,0.0000,0.0000,0.0000,0.0000,0.0000,0.0000,0.0000,0.0000,0.0000,0.0000,0.0000,0.0000,0.0000,0.0000,0.0000,0.0000,0.0000,0.0000,0.0000,0.0000,0.0000,0.0000,0.0000,0.0000,0.0000,0.0000,0.0000,0.0000,0.0000,0.0000,0.0000,0.0000,0.0000,0.0000,0.0000,0.0000,0.0000,0.0000,0.0000,0.0000,0.0000,0.0000,0.0000,0.0000,0.0000,0.0000,0.0000,0.0000,0.0000,0.0000,0.0000,0.0000,0.0000,0.0000,0.0000,0.8500,0.0000,0.8500,0.8500,0.8500,0.8500,0.8500,0.6200,0.6200,0.6200,0.0000,0.0000,0.0000,0.0000,0.0000,0.0000,0.0000,0.0000,0.0000,0.0000,0.0000,0.0000,0.0000,0.0000,0.0000,0.0000,0.0000,0.0000,0.0000
module,0.0000,0.0000,0.0000,0.0560,0.0000,0.0000,0.2800,0.0000,0.0000,0.0000,0.0000,0.0000,0.0560,0.0000,0.0000,0.2800,0.0000,0.0000,0.0000,0.0000,0.2800,0.0000,0.0000,0.0000,0.2800,0.0000,0.0000,0.0000,0.0000,0.0000,0.2800,0.0560,0.0000,0.2800,0.0560,0.0000,0.0000,0.0000,0.0000,0.6200,0.0000,0.2800,0.0000,0.0000,0.0000,0.0560,0.0000,0.0000,0.0000,0.0000,0.0000,0.0000,0.0000,0.0000,0.0560,0.0000,0.0000,0.0000,0.0000,0.0560,0.0000,0.0000,0.0560,0.0560,0.0000,0.2800,0.0000,0.0560,0.0560,0.0560,0.0560,0.0560,0.0000,0.0560,0.0000,0.0000,0.6200,0.0000,0.0560,0.0000,0.2800,0.0560,0.0000,0.6200,0.0000,0.0000,0.0000,0.0000,0.0000,0.0560,0.0560,0.0000,0.0560,0.0000,0.2800,0.2800,0.0000,0.0000,0.0400,0.0400,0.0400,0.0700,0.0700,0.0400,0.0400,0.0400,0.0400,0.0400,0.0400,0.0400,0.0400,0.0400,0.0400,0.0400,0.1680,0.1680,0.1680,0.1680,0.1680,0.0933,0.1680,0.0700,0.0700,0.6200,0.0400,0.0400,0.1680,0.0700,0.0700,0.0700,0.0350,0.0800,0.0350,0.0350,0.0350,0.0350,0.0350,0.0350,0.0000,0.0000,0.0000,0.0000,0.0000,0.0350,0.8500,0.6200,0.8500,0.0800,0.8500,0.0400,0.0400,0.0000,0.0000,0.0000,0.0000,0.0000,0.0000,0.0000,0.0000,0.0350,0.0350,0.0350,0.0350,0.0350,0.0000,0.0000,0.0000,0.0000,0.0000,0.0000,0.0000,0.0000,0.0000,0.0933,0.0933,0.0933,0.0933,0.1680
mutation,0.0000,0.2800,0.0000,0.0000,0.0000,0.0000,0.0000,0.0000,0.0000,0.0000,0.0000,0.0000,0.6200,0.0000,0.0000,0.0000,0.0000,0.0000,0.0000,0.0000,0.0000,0.0000,0.0000,0.2800,0.0000,0.0000,0.0000,0.2800,0.0000,0.0000,0.0000,0.0000,0.0000,0.0000,0.0000,0.2800,0.0000,0.0000,0.0000,0.0000,0.0000,0.0000,0.2800,0.0000,0.0000,0.0000,0.0000,0.0000,0.0000,0.0000,0.0000,0.0000,0.0000,0.0000,0.0000,0.0000,0.0000,0.0000,0.0000,0.0000,0.2800,0.0000,0.0000,0.0000,0.0000,0.0000,0.0000,0.0000,0.0000,0.0000,0.0000,0.0000,0.2800,0.0000,0.2800,0.0000,0.0000,0.0000,0.6200,0.0000,0.0000,0.0000,0.0000,0.0000,0.0000,0.0000,0.0000,0.2800,0.0000,0.0000,0.0000,0.0000,0.0000,0.0000,0.6200,0.0000,0.0000,0.0000,0.0400,0.0400,0.0400,0.0311,0.0311,0.0400,0.0400,0.0400,0.0400,0.0400,0.0400,0.0400,0.0400,0.0400,0.0400,0.0400,0.0400,0.0400,0.0400,0.0400,0.0400,0.0000,0.0400,0.0311,0.0311,0.0000,0.6200,0.6200,0.0400,0.0311,0.0311,0.0311,0.0350,0.0800,0.0000,0.0000,0.0000,0.0000,0.0000,0.0000,0.0000,0.0000,0.0933,0.0933,0.0933,0.0000,0.0000,0.0000,0.0000,0.0800,0.0400,0.0400,0.0400,0.0800,0.0800,0.0800,0.0800,0.0800,0.0800,0.0800,0.0800,0.0350,0.0350,0.0350,0.0350,0.0350,0.0933,0.0933,0.0350,0.0350,0.0350,0.0933,0.0400,0.0400,0.0400,0.0000,0.0000,0.0000,0.0000,0.0400
name_resolution,0.0000,0.0000,0.0000,0.0000,0.0000,0.0000,0.0560,0.0000,0.0000,0.0000,0.0000,0.6200,0.2800,0.0000,0.0000,0.0560,0.6200,0.0000,0.0000,0.0000,0.0560,0.0000,0.0000,0.6200,0.0560,0.0000,0.0000,0.0000,0.0000,0.0000,0.0560,0.0000,0.0000,0.0560,0.0000,0.0000,0.0000,0.0000,0.0000,0.0560,0.0000,0.0560,0.0000,0.0000,0.0000,0.2800,0.0000,0.0000,0.0000,0.0000,0.0000,0.0000,0.0000,0.0000,0.0000,0.6200,0.0000,0.0560,0.0000,0.0000,0.0000,0.0000,0.0000,0.6200,0.0000,0.6200,0.0000,0.0000,0.0000,0.0000,0.0000,0.0000,0.0000,0.0000,0.0000,0.0000,0.2800,0.0000,0.2800,0.0000,0.0560,0.0000,0.0000,0.2800,0.0000,0.0000,0.0000,0.0000,0.0000,0.0000,0.0000,0.0000,0.0000,0.0000,0.0560,0.0560,0.0000,0.0000,0.0000,0.0000,0.0000,0.6200,0.8500,0.0000,0.0000,0.0000,0.0000,0.0000,0.0000,0.0000,0.0000,0.0000,0.0000,0.0000,0.0933,0.0933,0.0933,0.0933,0.0933,0.0000,0.0933,0.6200,0.8500,0.0933,0.1680,0.1680,0.0933,0.6200,0.6200,0.6200,0.0000,0.0350,0.0000,0.0000,0.0000,0.0000,0.0000,0.0000,0.0000,0.0000,0.0000,0.0000,0.0000,0.0000,0.0933,0.8500,0.8500,0.0350,0.0000,0.0000,0.0000,0.0000,0.0000,0.0000,0.0000,0.0000,0.0000,0.0000,0.0000,0.0000,0.0000,0.0000,0.0000,0.0000,0.0000,0.0000,0.0000,0.0000,0.0000,0.0000,0.0000,0.0000,0.8500,0.0000,0.0000,0.0000,0.0000,0.0933
network,0.0000,0.2800,0.0000,0.0000,0.0000,0.0000,0.0000,0.0000,0.0000,0.0000,0.0000,0.0000,0.0000,0.0000,0.0000,0.0000,0.0000,0.0000,0.0000,0.0000,0.0000,0.0000,0.0000,0.2800,0.0000,0.0000,0.0000,0.6200,0.0000,0.0000,0.0000,0.0000,0.0000,0.0000,0.0000,0.6200,0.0000,0.0000,0.0000,0.0000,0.0000,0.0000,0.6200,0.0000,0.0000,0.0000,0.0000,0.0000,0.0000,0.0000,0.0000,0.0000,0.0000,0.0000,0.0000,0.0000,0.0000,0.0000,0.2800,0.0000,0.0000,0.0000,0.0000,0.0000,0.0000,0.0000,0.0000,0.0000,0.0000,0.0000,0.0000,0.0000,0.6200,0.0000,0.6200,0.0000,0.0000,0.0000,0.0000,0.0000,0.0000,0.0000,0.0000,0.0000,0.0000,0.0000,0.0000,0.6200,0.0000,0.0000,0.0000,0.0000,0.0000,0.0000,0.0000,0.0000,0.0000,0.0000,0.0400,0.0400,0.0400,0.0311,0.0311,0.0400,0.0400,0.0400,0.0400,0.0400,0.0400,0.0400,0.0400,0.0400,0.0400,0.0400,0.0400,0.0400,0.0400,0.0400,0.0400,0.0000,0.0400,0.0311,0.0311,0.0000,0.0000,0.0000,0.0400,0.0311,0.0311,0.0311,0.0350,0.6200,0.0000,0.0000,0.0000,0.0000,0.0000,0.0000,0.0000,0.0000,0.0933,0.0933,0.0933,0.0000,0.0000,0.0000,0.0000,0.6200,0.0400,0.0400,0.0400,0.0800,0.0800,0.0800,0.0800,0.0800,0.0800,0.0800,0.0800,0.0350,0.0350,0.0350,0.0350,0.0350,0.0933,0.0933,0.0350,0.0350,0.0350,0.0933,0.0400,0.0400,0.0400,0.0000,0.0000,0.0000,0.0000,0.0400
optimizer,0.0000,0.0000,0.0000,0.0000,0.0000,0.0000,0.0000,0.0000,0.0000,0.0000,0.2800,0.0000,0.0000,0.0000,0.0000,0.0000,0.0000,0.6200,0.2800,0.0000,0.0000,0.0000,0.0000,0.0000,0.0000,0.0000,0.0000,0.0000,0.0000,0.0000,0.0000,0.0000,0.0000,0.0000,0.0000,0.0000,0.0000,0.0000,0.0000,0.0000,0.0000,0.0000,0.0000,0.2800,0.0000,0.0000,0.0000,0.0000,0.0000,0.0000,0.0000,0.2800,0.0000,0.0000,0.0000,0.0000,0.0000,0.0000,0.0000,0.0000,0.0000,0.0000,0.0000,0.0000,0.0000,0.0000,0.0000,0.0000,0.0000,0.0000,0.0000,0.0000,0.0000,0.0000,0.0000,0.0000,0.0000,0.0000,0.0000,0.0000,0.0000,0.0000,0.0000,0.0000,0.0000,0.0000,0.0000,0.0000,0.0000,0.0000,0.0000,0.0000,0.0000,0.0000,0.0000,0.0000,0.0000,0.0000,0.0000,0.0000,0.0000,0.0000,0.0000,0.0000,0.0000,0.0000,0.0000,0.0000,0.0000,0.0000,0.0000,0.0000,0.0000,0.0000,0.0000,0.0000,0.0000,0.0000,0.0000,0.1680,0.0000,0.0000,0.0000,0.0400,0.0000,0.0000,0.0000,0.0000,0.0000,0.0000,0.0800,0.0000,0.0000,0.0000,0.0000,0.0000,0.0000,0.0000,0.0000,0.0000,0.0000,0.0000,0.0000,0.0000,0.0400,0.0400,0.0400,0.0000,0.0400,0.0400,0.0400,0.0000,0.0000,0.0000,0.0000,0.0000,0.0000,0.0000,0.0000,0.0800,0.0800,0.0800,0.0800,0.0800,0.0000,0.0000,0.8500,0.8500,0.8500,0.0000,0.0000,0.0000,0.0000,0.1680,0.1680,0.1680,0.1680,0.0000
optional_nullable,0.0000,0.0000,0.0000,0.6200,0.0000,0.0000,0.0560,0.0000,0.0000,0.0000,0.0000,0.0000,0.0000,0.0000,0.0000,0.0560,0.0000,0.0000,0.0000,0.0000,0.0560,0.0000,0.0000,0.0000,0.0560,0.0000,0.0000,0.0000,0.0000,0.0000,0.0560,0.6200,0.0000,0.6200,0.6200,0.0000,0.0000,0.0000,0.0000,0.0560,0.0000,0.0560,0.0000,0.0000,0.0000,0.0000,0.0000,0.0000,0.0000,0.0000,0.0000,0.0000,0.0000,0.0000,0.2800,0.0000,0.0000,0.0560,0.0000,0.0000,0.0000,0.0000,0.0000,0.2800,0.0000,0.0560,0.0000,0.6200,0.6200,0.6200,0.6200,0.6200,0.0000,0.6200,0.0000,0.0000,0.0000,0.0000,0.0000,0.0000,0.0560,0.6200,0.0000,0.0000,0.0000,0.0000,0.0000,0.0000,0.0000,0.6200,0.6200,0.0000,0.6200,0.0000,0.0560,0.0560,0.0000,0.0000,0.6200,0.6200,0.6200,0.0700,0.0700,0.6200,0.6200,0.6200,0.6200,0.6200,0.6200,0.6200,0.6200,0.8500,0.6200,0.6200,0.0400,0.0400,0.0400,0.0400,0.0400,0.0400,0.0400,0.0700,0.0700,0.0400,0.0000,0.0000,0.0400,0.0700,0.0700,0.0700,0.0350,0.0350,0.0350,0.0350,0.0350,0.0350,0.0350,0.0350,0.0000,0.0000,0.0000,0.0000,0.0000,0.0350,0.0400,0.0400,0.0400,0.0350,0.0400,0.0400,0.0400,0.0000,0.0000,0.0000,0.0000,0.0000,0.0000,0.0000,0.0000,0.0350,0.0350,0.0350,0.0350,0.0350,0.0000,0.0000,0.0000,0.0000,0.0000,0.0000,0.0400,0.0400,0.0400,0.0400,0.0400,0.0400,0.0400,0.0400
overload_resolution,0.0000,0.0000,0.0000,0.2800,0.0000,0.0000,0.0560,0.0000,0.0000,0.0000,0.0000,0.6200,0.0000,0.0000,0.0000,0.0560,0.6200,0.0000,0.0000,0.0000,0.0560,0.0000,0.0000,0.6200,0.0560,0.0000,0.0000,0.0000,0.0000,0.0000,0.0560,0.2800,0.0000,0.0560,0.2800,0.0000,0.0000,0.0000,0.0000,0.0560,0.0000,0.0560,0.0000,0.0000,0.0000,0.0000,0.0000,0.0000,0.0000,0.0000,0.0000,0.0000,0.0000,0.0000,0.2800,0.6200,0.0000,0.0560,0.0000,0.6200,0.0000,0.0000,0.2800,0.0000,0.0000,0.6200,0.0000,0.2800,0.2800,0.2800,0.2800,0.2800,0.0000,0.2800,0.0000,0.0000,0.0000,0.0000,0.0000,0.0000,0.0560,0.2800,0.0000,0.0000,0.0000,0.0000,0.0000,0.0000,0.0000,0.2800,0.2800,0.0000,0.2800,0.0000,0.0560,0.0560,0.0000,0.0000,0.1680,0.1680,0.1680,0.8500,0.8500,0.1680,0.1680,0.1680,0.8500,0.1680,0.1680,0.1680,0.1680,0.1680,0.1680,0.1680,0.0400,0.0400,0.0400,0.0400,0.0400,0.0400,0.0400,0.6200,0.6200,0.0400,0.0000,0.0000,0.0400,0.6200,0.6200,0.6200,0.0350,0.0350,0.0350,0.0350,0.0350,0.0350,0.0350,0.0350,0.0000,0.0000,0.0000,0.0000,0.0000,0.0350,0.0400,0.0400,0.0400,0.0350,0.0400,0.0400,0.0400,0.0000,0.0000,0.0000,0.0000,0.0000,0.0000,0.0000,0.0000,0.0350,0.0350,0.0350,0.0350,0.0350,0.0000,0.0000,0.0000,0.0000,0.0000,0.0000,0.0400,0.0400,0.0400,0.0400,0.0400,0.0400,0.0400,0.0400
ownership,0.2800,0.6200,0.0000,0.0000,0.0000,0.0000,0.0000,0.0000,0.0000,0.0000,0.0000,0.0000,0.0000,0.0000,0.0000,0.0000,0.0000,0.0000,0.0000,0.0000,0.0000,0.0000,0.0000,0.0000,0.0000,0.0000,0.2800,0.0000,0.0000,0.0000,0.0000,0.0000,0.6200,0.0000,0.0000,0.0000,0.0000,0.0000,0.0000,0.0000,0.0000,0.0000,0.0000,0.0000,0.2800,0.0000,0.0000,0.0000,0.0000,0.0000,0.0000,0.0000,0.2800,0.0000,0.0000,0.0000,0.0000,0.0000,0.0000,0.0000,0.0000,0.0000,0.0000,0.0000,0.0000,0.0000,0.0000,0.0000,0.0000,0.0000,0.0000,0.0000,0.0000,0.0000,0.0000,0.0000,0.0000,0.0000,0.0000,0.0000,0.0000,0.0000,0.0000,0.0000,0.0000,0.0000,0.0000,0.0000,0.0000,0.0000,0.0000,0.0000,0.0000,0.6200,0.0000,0.0000,0.0000,0.0000,0.0000,0.0000,0.0000,0.0000,0.0000,0.0000,0.0000,0.0000,0.0000,0.0000,0.0000,0.0000,0.0000,0.0000,0.0000,0.0000,0.0000,0.0000,0.0000,0.0000,0.0000,0.0000,0.0000,0.0000,0.0000,0.0000,0.0000,0.0000,0.0000,0.0000,0.0000,0.0000,0.0000,0.0350,0.0000,0.0000,0.0000,0.0000,0.0000,0.0000,0.0000,0.0000,0.0000,0.0000,0.0000,0.0000,0.0000,0.0000,0.0000,0.0350,0.0933,0.0933,0.0933,0.0000,0.0000,0.0000,0.0000,0.0000,0.0000,0.0000,0.0000,0.0000,0.0000,0.0000,0.0000,0.0000,0.6200,0.6200,0.0350,0.0350,0.0350,0.6200,0.1680,0.1680,0.1680,0.0000,0.0000,0.0000,0.0000,0.0000
parameter,0.0000,0.0000,0.0000,0.0560,0.0000,0.0000,0.2800,0.0000,0.0000,0.0000,0.0000,0.6200,0.0560,0.0000,0.0000,0.2800,0.6200,0.0000,0.0000,0.0000,0.2800,0.0000,0.0000,0.6200,0.2800,0.0000,0.0000,0.0000,0.0000,0.0000,0.2800,0.0560,0.0000,0.2800,0.0560,0.0000,0.0000,0.0000,0.0000,0.2800,0.0000,0.2800,0.0000,0.0000,0.0000,0.0560,0.0000,0.0000,0.0000,0.0000,0.0000,0.0000,0.0000,0.0000,0.0560,0.6200,0.0000,0.2800,0.0000,0.6200,0.0000,0.0000,0.0560,0.6200,0.0000,0.0000,0.0000,0.0560,0.0560,0.0560,0.0560,0.0560,0.0000,0.0560,0.0000,0.0000,0.0560,0.0000,0.0560,0.0000,0.2800,0.0560,0.0000,0.0560,0.0000,0.0000,0.0000,0.0000,0.0000,0.0560,0.0560,0.0000,0.0560,0.0000,0.2800,0.2800,0.0000,0.0000,0.0400,0.0400,0.0400,0.6200,0.8500,0.0400,0.0400,0.0400,0.0400,0.0400,0.0400,0.0400,0.0400,0.0400,0.0400,0.0400,0.1680,0.8500,0.1680,0.1680,0.1680,0.0933,0.1680,0.6200,0.6200,0.1680,0.0400,0.0400,0.1680,0.6200,0.6200,0.6200,0.0350,0.0800,0.0350,0.0350,0.0350,0.0350,0.0350,0.0350,0.0000,0.0000,0.0000,0.0000,0.0000,0.0350,0.1680,0.1680,0.1680,0.0800,0.0400,0.0400,0.0400,0.0000,0.0000,0.0000,0.0000,0.0000,0.0000,0.0000,0.0000,0.0350,0.0350,0.0350,0.0350,0.0350,0.0000,0.0000,0.0000,0.0000,0.0000,0.0000,0.0000,0.0000,0.0000,0.0933,0.0933,0.0933,0.0933,0.1680
pattern,0.0000,0.0000,0.2800,0.0000,0.2800,0.0000,0.0000,0.2800,0.2800,0.6200,0.0000,0.2800,0.0000,0.2800,0.0000,0.0000,0.2800,0.0000,0.0000,0.2800,0.0000,0.6200,0.0467,0.0000,0.0000,0.0467,0.0000,0.0000,0.6200,0.6200,0.0000,0.0000,0.0000,0.0000,0.0000,0.0000,0.6200,0.2800,0.6200,0.0000,0.2800,0.0000,0.0000,0.0000,0.0000,0.0000,0.2800,0.2800,0.2800,0.2800,0.0000,0.0000,0.0000,0.2800,0.0000,0.2800,0.0000,0.0000,0.0000,0.0000,0.0000,0.0000,0.0000,0.0000,0.0000,0.0000,0.0000,0.0000,0.0000,0.0000,0.0000,0.0000,0.0000,0.0000,0.0000,0.6200,0.0000,0.2800,0.0000,0.2800,0.0000,0.0000,0.6200,0.0000,0.0000,0.0000,0.0467,0.0000,0.2800,0.0000,0.0000,0.2800,0.0000,0.0000,0.0000,0.0000,0.6200,0.6200,0.0350,0.0350,0.0350,0.0622,0.0622,0.0350,0.0350,0.0350,0.0350,0.0350,0.0350,0.0350,0.0350,0.0350,0.0350,0.0350,0.0000,0.0000,0.0000,0.0000,0.0000,0.0000,0.0000,0.0622,0.0622,0.0000,0.0350,0.0350,0.0000,0.0622,0.0622,0.0622,0.0311,0.0311,0.6200,0.8500,0.8500,0.8500,0.6200,0.6200,0.2240,0.2240,0.0350,0.0350,0.0350,0.6200,0.0000,0.0000,0.0000,0.0311,0.0000,0.0000,0.0000,0.0311,0.0311,0.0311,0.0311,0.0311,0.0311,0.0311,0.0311,0.0311,0.0311,0.0311,0.0311,0.0311,0.0000,0.0000,0.0311,0.0311,0.0311,0.0000,0.0000,0.0000,0.0000,0.0000,0.0000,0.0000,0.0000,0.0000
pointer,0.0000,0.0000,0.0000,0.6200,0.0000,0.0000,0.0560,0.0000,0.0000,0.0000,0.0000,0.0000,0.0000,0.0000,0.0000,0.0560,0.0000,0.0000,0.0000,0.0000,0.0560,0.0000,0.0000,0.0000,0.0560,0.0000,0.0000,0.0000,0.0000,0.0000,0.0560,0.6200,0.0000,0.6200,0.6200,0.0000,0.0000,0.0000,0.0000,0.0560,0.0000,0.0560,0.0000,0.0000,0.0000,0.0000,0.0000,0.0000,0.0000,0.0000,0.0000,0.0000,0.0000,0.0000,0.2800,0.0000,0.0000,0.0560,0.0000,0.0000,0.0000,0.0000,0.6200,0.2800,0.0000,0.0560,0.0000,0.0000,0.6200,0.6200,0.6200,0.6200,0.0000,0.6200,0.0000,0.0000,0.0000,0.0000,0.0000,0.0000,0.0560,0.6200,0.0000,0.0000,0.0000,0.0000,0.0000,0.0000,0.0000,0.6200,0.6200,0.0000,0.6200,0.0000,0.0560,0.0560,0.0000,0.0000,0.6200,0.6200,0.6200,0.0700,0.0700,0.6200,0.6200,0.6200,0.6200,0.6200,0.6200,0.6200,0.6200,0.6200,0.6200,0.6200,0.0400,0.0400,0.0400,0.0400,0.0400,0.0400,0.0400,0.0700,0.0700,0.0400,0.0000,0.0000,0.0400,0.0700,0.0700,0.0700,0.0350,0.0350,0.0350,0.0350,0.0350,0.0350,0.0350,0.0350,0.0000,0.0000,0.0000,0.0000,0.0000,0.0350,0.0400,0.0400,0.0400,0.0350,0.0400,0.0400,0.0400,0.0000,0.0000,0.0000,0.0000,0.0000,0.0000,0.0000,0.0000,0.0350,0.0350,0.0350,0.0350,0.0350,0.0000,0.0000,0.0000,0.0000,0.0000,0.8500,0.0400,0.8500,0.0400,0.0400,0.0400,0.0400,0.0400,0.0400
primitive_bool,0.0000,0.0000,0.0000,0.6200,0.0000,0.0000,0.0560,0.0000,0.0000,0.0000,0.0000,0.0000,0.0000,0.0000,0.0000,0.0560,0.0000,0.0000,0.0000,0.0000,0.0560,0.0000,0.0000,0.0000,0.0560,0.0000,0.0000,0.0000,0.0000,0.0000,0.0560,0.6200,0.0000,0.6200,0.6200,0.0000,0.0000,0.0000,0.0000,0.0560,0.0000,0.0560,0.0000,0.0000,0.0000,0.0000,0.0000,0.0000,0.0000,0.0000,0.0000,0.0000,0.0000,0.0000,0.2800,0.0000,0.0000,0.0560,0.0000,0.0000,0.0000,0.0000,0.6200,0.2800,0.0000,0.0560,0.0000,0.6200,0.0000,0.6200,0.6200,0.6200,0.0000,0.6200,0.0000,0.0000,0.0000,0.0000,0.0000,0.0000,0.0560,0.6200,0.0000,0.0000,0.0000,0.0000,0.0000,0.0000,0.0000,0.6200,0.6200,0.0000,0.6200,0.0000,0.0560,0.0560,0.0000,0.0000,0.6200,0.6200,0.8500,0.0700,0.0700,0.6200,0.6200,0.6200,0.6200,0.6200,0.6200,0.6200,0.6200,0.6200,0.6200,0.6200,0.0400,0.0400,0.0400,0.0400,0.0400,0.0400,0.0400,0.0700,0.0700,0.0400,0.0000,0.0000,0.0400,0.0700,0.0700,0.0700,0.0350,0.0350,0.0350,0.0350,0.0350,0.0350,0.0350,0.0350,0.0000,0.8500,0.0000,0.0000,0.0000,0.8500,0.0400,0.0400,0.0400,0.0350,0.0400,0.0400,0.0400,0.0000,0.0000,0.0000,0.0000,0.0000,0.0000,0.0000,0.0000,0.0350,0.0350,0.0350,0.0350,0.0350,0.0000,0.0000,0.0000,0.0000,0.0000,0.0000,0.0400,0.0400,0.0400,0.0400,0.0400,0.0400,0.0400,0.0400
primitive_float,0.0000,0.0000,0.0000,0.6200,0.0000,0.0000,0.0560,0.0000,0.0000,0.0000,0.0000,0.0000,0.0000,0.0000,0.0000,0.0560,0.0000,0.0000,0.0000,0.0000,0.0560,0.0000,0.0000,0.0000,0.0560,0.0000,0.0000,0.0000,0.0000,0.0000,0.0560,0.6200,0.0000,0.6200,0.6200,0.0000,0.0000,0.0000,0.0000,0.0560,0.0000,0.0560,0.0000,0.0000,0.0000,0.0000,0.0000,0.0000,0.0000,0.0000,0.0000,0.0000,0.0000,0.0000,0.2800,0.0000,0.0000,0.0560,0.0000,0.0000,0.0000,0.0000,0.6200,0.2800,0.0000,0.0560,0.0000,0.6200,0.6200,0.0000,0.6200,0.6200,0.0000,0.6200,0.0000,0.0000,0.0000,0.0000,0.0000,0.0000,0.0560,0.6200,0.0000,0.0000,0.0000,0.0000,0.0000,0.0000,0.0000,0.6200,0.6200,0.0000,0.6200,0.0000,0.0560,0.0560,0.0000,0.0000,0.8500,0.8500,0.6200,0.0700,0.0700,0.6200,0.6200,0.6200,0.6200,0.6200,0.6200,0.6200,0.6200,0.6200,0.6200,0.8500,0.0400,0.0400,0.0400,0.0400,0.0400,0.0400,0.0400,0.0700,0.0700,0.0400,0.0000,0.0000,0.0400,0.0700,0.0700,0.0700,0.0350,0.0350,0.0350,0.0350,0.0350,0.0350,0.0350,0.0350,0.0000,0.0000,0.0000,0.0000,0.0000,0.0350,0.0400,0.0400,0.0400,0.0350,0.0400,0.0400,0.0400,0.0000,0.0000,0.0000,0.0000,0.0000,0.0000,0.0000,0.0000,0.0350,0.0350,0.0350,0.0350,0.0350,0.0000,0.0000,0.0000,0.0000,0.0000,0.0000,0.0400,0.0400,0.0400,0.0400,0.0400,0.0400,0.0400,0.0400
primitive_integer,0.0000,0.0000,0.0000,0.6200,0.0000,0.0000,0.0560,0.0000,0.0000,0.0000,0.0000,0.0000,0.0000,0.0000,0.0000,0.0560,0.0000,0.0000,0.0000,0.0000,0.0560,0.0000,0.0000,0.0000,0.0560,0.0000,0.0000,0.0000,0.0000,0.0000,0.0560,0.6200,0.0000,0.6200,0.6200,0.0000,0.0000,0.0000,0.0000,0.0560,0.0000,0.0560,0.0000,0.0000,0.0000,0.0000,0.0000,0.0000,0.0000,0.0000,0.0000,0.0000,0.0000,0.0000,0.2800,0.0000,0.0000,0.0560,0.0000,0.0000,0.0000,0.0000,0.6200,0.2800,0.0000,0.0560,0.0000,0.6200,0.6200,0.6200,0.0000,0.6200,0.0000,0.6200,0.0000,0.0000,0.0000,0.0000,0.0000,0.0000,0.0560,0.6200,0.0000,0.0000,0.0000,0.0000,0.0000,0.0000,0.0000,0.6200,0.6200,0.0000,0.6200,0.0000,0.0560,0.0560,0.0000,0.0000,0.8500,0.8500,0.8500,0.0700,0.0700,0.6200,0.6200,0.6200,0.6200,0.6200,0.6200,0.6200,0.6200,0.6200,0.8500,0.6200,0.0400,0.0400,0.0400,0.0400,0.0400,0.0400,0.0400,0.0700,0.0700,0.0400,0.0000,0.0000,0.0400,0.0700,0.0700,0.0700,0.0350,0.0350,0.0350,0.0350,0.0350,0.0350,0.0350,0.0350,0.0000,0.0000,0.0000,0.0000,0.0000,0.0350,0.0400,0.0400,0.0400,0.0350,0.0400,0.0400,0.0400,0.0000,0.0000,0.0000,0.0000,0.0000,0.0000,0.0000,0.0000,0.0350,0.0350,0.0350,0.0350,0.0350,0.0000,0.0000,0.0000,0.0000,0.0000,0.0000,0.0400,0.0400,0.0400,0.8500,0.0400,0.0400,0.0400,0.0400
primitive_string,0.0000,0.0000,0.0000,0.6200,0.0000,0.0000,0.0560,0.0000,0.0000,0.0000,0.0000,0.0000,0.0000,0.0000,0.0000,0.0560,0.0000,0.0000,0.0000,0.0000,0.0560,0.0000,0.0000,0.0000,0.0560,0.0000,0.0000,0.0000,0.0000,0.0000,0.0560,0.6200,0.0000,0.6200,0.6200,0.0000,0.0000,0.0000,0.0000,0.0560,0.0000,0.0560,0.0000,0.0000,0.0000,0.0000,0.0000,0.0000,0.0000,0.0000,0.0000,0.0000,0.0000,0.0000,0.2800,0.0000,0.0000,0.0560,0.0000,0.0000,0.0000,0.0000,0.6200,0.2800,0.0000,0.0560,0.0000,0.6200,0.6200,0.6200,0.6200,0.0000,0.0000,0.6200,0.0000,0.0000,0.0000,0.0000,0.0000,0.0000,0.0560,0.6200,0.0000,0.0000,0.0000,0.0000,0.0000,0.0000,0.0000,0.6200,0.6200,0.0000,0.6200,0.0000,0.0560,0.0560,0.0000,0.0000,0.6200,0.6200,0.6200,0.0700,0.0700,0.6200,0.6200,0.6200,0.6200,0.6200,0.6200,0.6200,0.6200,0.6200,0.6200,0.6200,0.0400,0.0400,0.0400,0.0400,0.0400,0.0400,0.0400,0.0700,0.0700,0.0400,0.0000,0.0000,0.0400,0.0700,0.0700,0.0700,0.0350,0.0350,0.0350,0.0350,0.0350,0.0350,0.0350,0.0350,0.0000,0.0000,0.0000,0.0000,0.0000,0.0350,0.0400,0.0400,0.0400,0.0350,0.0400,0.0400,0.8500,0.0000,0.0000,0.0000,0.0000,0.0000,0.0000,0.0000,0.0000,0.0350,0.0350,0.0350,0.0350,0.0350,0.0000,0.0000,0.0000,0.0000,0.0000,0.0000,0.0400,0.0400,0.0400,0.8500,0.0400,0.0400,0.0400,0.0400
random,0.0000,0.2800,0.0000,0.0000,0.0000,0.0000,0.0000,0.0000,0.0000,0.0000,0.0000,0.0000,0.0000,0.0000,0.0000,0.0000,0.0000,0.0000,0.0000,0.0000,0.0000,0.0000,0.0000,0.2800,0.0000,0.0000,0.0000,0.6200,0.0000,0.0000,0.0000,0.0000,0.0000,0.0000,0.0000,0.6200,0.0000,0.0000,0.0000,0.0000,0.0000,0.0000,0.6200,0.0000,0.0000,0.0000,0.0000,0.0000,0.0000,0.0000,0.0000,0.0000,0.0000,0.0000,0.0000,0.0000,0.0000,0.0000,0.2800,0.0000,0.6200,0.0000,0.0000,0.0000,0.0000,0.0000,0.0000,0.0000,0.0000,0.0000,0.0000,0.0000,0.0000,0.0000,0.6200,0.0000,0.0000,0.0000,0.0000,0.0000,0.0000,0.0000,0.0000,0.0000,0.0000,0.0000,0.0000,0.6200,0.0000,0.0000,0.0000,0.0000,0.0000,0.0000,0.0000,0.0000,0.0000,0.0000,0.0400,0.0400,0.0400,0.0311,0.0311,0.0400,0.0400,0.0400,0.0400,0.0400,0.0400,0.0400,0.0400,0.0400,0.0400,0.0400,0.0400,0.0400,0.0400,0.0400,0.0400,0.0000,0.0400,0.0311,0.0311,0.0000,0.0000,0.0000,0.0400,0.0311,0.0311,0.0311,0.0350,0.6200,0.0000,0.0000,0.0000,0.0000,0.0000,0.0000,0.0000,0.0000,0.0933,0.0933,0.0933,0.0000,0.0000,0.0000,0.0000,0.6200,0.0400,0.0400,0.0400,0.0800,0.0800,0.0800,0.0800,0.0800,0.0800,0.0800,0.0800,0.0350,0.0350,0.0350,0.0350,0.0350,0.0933,0.0933,0.0350,0.0350,0.0350,0.0933,0.0400,0.0400,0.0400,0.0000,0.0000,0.0000,0.0000,0.0400
reference,0.0000,0.0000,0.0000,0.6200,0.0000,0.0000,0.0560,0.0000,0.0000,0.0000,0.0000,0.0000,0.0000,0.0000,0.0000,0.0560,0.0000,0.0000,0.0000,0.0000,0.0560,0.0000,0.0000,0.0000,0.0560,0.0000,0.0000,0.0000,0.0000,0.0000,0.0560,0.6200,0.0000,0.6200,0.6200,0.0000,0.0000,0.0000,0.0000,0.0560,0.0000,0.0560,0.0000,0.0000,0.0000,0.0000,0.0000,0.0000,0.0000,0.0000,0.0000,0.0000,0.0000,0.0000,0.2800,0.0000,0.0000,0.0560,0.0000,0.0000,0.0000,0.0000,0.6200,0.2800,0.0000,0.0560,0.0000,0.6200,0.6200,0.6200,0.6200,0.6200,0.0000,0.0000,0.0000,0.0000,0.0000,0.0000,0.0000,0.0000,0.0560,0.6200,0.0000,0.0000,0.0000,0.0000,0.0000,0.0000,0.0000,0.6200,0.6200,0.0000,0.6200,0.0000,0.0560,0.0560,0.0000,0.0000,0.6200,0.6200,0.6200,0.0700,0.0700,0.6200,0.6200,0.6200,0.6200,0.6200,0.6200,0.6200,0.6200,0.8500,0.6200,0.6200,0.0400,0.0400,0.0400,0.0400,0.0400,0.0400,0.0400,0.0700,0.0700,0.0400,0.0000,0.0000,0.0400,0.0700,0.0700,0.0700,0.0350,0.0350,0.0350,0.0350,0.0350,0.0350,0.0350,0.0350,0.0000,0.0000,0.0000,0.0000,0.0000,0.0350,0.0400,0.0400,0.0400,0.0350,0.0400,0.0400,0.0400,0.0000,0.0000,0.0000,0.0000,0.0000,0.0000,0.0000,0.0000,0.0350,0.0350,0.0350,0.0350,0.0350,0.0000,0.8500,0.0000,0.0000,0.0000,0.0000,0.0400,0.0400,0.0400,0.0400,0.0400,0.0400,0.0400,0.0400
reflection,0.0000,0.2800,0.0000,0.0000,0.0000,0.0000,0.0000,0.0000,0.0000,0.0000,0.0000,0.0000,0.0000,0.0000,0.0000,0.0000,0.0000,0.0000,0.0000,0.0000,0.0000,0.0000,0.0000,0.2800,0.0000,0.0000,0.0000,0.6200,0.0000,0.0000,0.0000,0.0000,0.0000,0.0000,0.0000,0.6200,0.0000,0.0000,0.0000,0.0000,0.0000,0.0000,0.6200,0.0000,0.0000,0.0000,0.0000,0.0000,0.0000,0.0000,0.0000,0.0000,0.0000,0.0000,0.0000,0.0000,0.0000,0.0000,0.2800,0.0000,0.6200,0.0000,0.0000,0.0000,0.0000,0.0000,0.0000,0.0000,0.0000,0.0000,0.0000,0.0000,0.6200,0.0000,0.0000,0.0000,0.0000,0.0000,0.0000,0.0000,0.0000,0.0000,0.0000,0.0000,0.0000,0.0000,0.0000,0.6200,0.0000,0.0000,0.0000,0.0000,0.0000,0.0000,0.0000,0.0000,0.0000,0.0000,0.0400,0.0400,0.0400,0.0311,0.0311,0.0400,0.0400,0.0400,0.0400,0.0400,0.0400,0.0400,0.0400,0.0400,0.0400,0.0400,0.0400,0.0400,0.0400,0.0400,0.0400,0.0000,0.0400,0.0311,0.0311,0.0000,0.0000,0.0000,0.0400,0.0311,0.0311,0.0311,0.0350,0.8500,0.0000,0.0000,0.0000,0.0000,0.0000,0.0000,0.0000,0.0000,0.0933,0.0933,0.0933,0.0000,0.0000,0.0000,0.0000,0.8500,0.0400,0.0400,0.0400,0.0800,0.0800,0.0800,0.0800,0.0800,0.0800,0.0800,0.0800,0.0350,0.0350,0.0350,0.0350,0.0350,0.0933,0.0933,0.0350,0.0350,0.0350,0.0933,0.0400,0.0400,0.0400,0.0000,0.0000,0.0000,0.0000,0.0400
return,0.0000,0.0000,0.0467,0.0000,0.0467,0.0000,0.0000,0.0467,0.0467,0.6200,0.0000,0.0467,0.0000,0.0467,0.0000,0.0000,0.0467,0.0000,0.0000,0.0467,0.0000,0.6200,0.2800,0.0000,0.0000,0.2800,0.0000,0.0000,0.6200,0.6200,0.0000,0.0000,0.0000,0.0000,0.0000,0.0000,0.6200,0.0467,0.6200,0.0000,0.0467,0.0000,0.0000,0.0000,0.0000,0.0000,0.0467,0.0467,0.0467,0.0467,0.0000,0.0000,0.0000,0.0467,0.0000,0.0467,0.0000,0.0000,0.0000,0.0000,0.0000,0.0000,0.0000,0.0000,0.0000,0.0000,0.6200,0.0000,0.0000,0.0000,0.0000,0.0000,0.0000,0.0000,0.0000,0.0000,0.0000,0.0467,0.0000,0.0467,0.0000,0.0000,0.6200,0.0000,0.0000,0.0000,0.2800,0.0000,0.0467,0.0000,0.0000,0.0467,0.0000,0.0000,0.0000,0.0000,0.6200,0.6200,0.0000,0.0000,0.0000,0.0311,0.0311,0.0000,0.0000,0.0000,0.0000,0.0000,0.0000,0.0000,0.0000,0.0000,0.0000,0.0000,0.0000,0.0000,0.0000,0.0000,0.0000,0.0000,0.0000,0.0311,0.0311,0.0000,0.0400,0.0400,0.0000,0.0311,0.0311,0.0311,0.0350,0.0000,0.6200,0.6200,0.6200,0.6200,0.6200,0.6200,0.0933,0.0933,0.1680,0.1680,0.1680,0.6200,0.0000,0.0000,0.0000,0.0000,0.0000,0.0000,0.0000,0.0000,0.0000,0.0000,0.0000,0.0000,0.0000,0.0000,0.0000,0.0350,0.0350,0.0350,0.0350,0.0350,0.0000,0.0000,0.0350,0.0350,0.0350,0.0000,0.0000,0.0000,0.0000,0.0000,0.0000,0.0000,0.0000,0.0000
scope,0.0000,0.0000,0.0000,0.0000,0.0000,0.0000,0.0560,0.0000,0.0000,0.0000,0.0000,0.0000,0.2800,0.0000,0.0000,0.0560,0.0000,0.0000,0.0000,0.0000,0.0560,0.0000,0.0000,0.0000,0.0560,0.0000,0.0000,0.0000,0.0000,0.0000,0.0560,0.0000,0.0000,0.0560,0.0000,0.0000,0.0000,0.0000,0.0000,0.6200,0.0000,0.0560,0.0000,0.0000,0.0000,0.2800,0.0000,0.0000,0.0000,0.0000,0.0000,0.0000,0.0000,0.0000,0.0000,0.0000,0.0000,0.6200,0.0000,0.2800,0.0000,0.0000,0.0000,0.0000,0.0000,0.0560,0.0000,0.0000,0.0000,0.0000,0.0000,0.0000,0.0000,0.0000,0.0000,0.0000,0.0000,0.0000,0.2800,0.0000,0.0560,0.0000,0.0000,0.6200,0.0000,0.0000,0.0000,0.0000,0.0000,0.0000,0.0000,0.0000,0.0000,0.0000,0.0560,0.0560,0.0000,0.0000,0.0000,0.0000,0.0000,0.0700,0.0700,0.0000,0.0000,0.0000,0.0000,0.0000,0.0000,0.0000,0.0000,0.0000,0.0000,0.0000,0.0933,0.0933,0.0933,0.0933,0.0933,0.0000,0.8500,0.0700,0.0700,0.8500,0.8500,0.1680,0.0933,0.0700,0.0700,0.0700,0.0000,0.0350,0.0000,0.0000,0.0000,0.0000,0.0000,0.0000,0.0000,0.0000,0.0000,0.0000,0.0000,0.0000,0.6200,0.6200,0.8500,0.0350,0.0000,0.0000,0.0000,0.0000,0.0000,0.0000,0.0000,0.0000,0.0000,0.0000,0.0000,0.0000,0.0000,0.0000,0.0000,0.0000,0.0000,0.0000,0.0000,0.0000,0.0000,0.0000,0.0000,0.0000,0.0000,0.0000,0.0000,0.0000,0.0000,0.0933
set,0.0000,0.0000,0.6200,0.0000,0.6200,0.0000,0.0000,0.6200,0.6200,0.0467,0.0000,0.2800,0.0000,0.6200,0.0000,0.0000,0.2800,0.0000,0.0000,0.6200,0.0000,0.0467,0.0467,0.0000,0.0000,0.0467,0.0000,0.0000,0.0467,0.0467,0.0000,0.0000,0.0000,0.0000,0.0000,0.0000,0.0467,0.6200,0.0467,0.0000,0.6200,0.0000,0.0000,0.0000,0.0000,0.0000,0.6200,0.6200,0.6200,0.6200,0.0000,0.0000,0.0000,0.6200,0.0000,0.2800,0.0000,0.0000,0.0000,0.0000,0.0000,0.0000,0.0000,0.0000,0.0000,0.0000,0.2800,0.0000,0.0000,0.0000,0.0000,0.0000,0.0000,0.0000,0.0000,0.0467,0.0000,0.0000,0.0000,0.6200,0.0000,0.0000,0.0467,0.0000,0.0000,0.0000,0.0467,0.0000,0.6200,0.0000,0.0000,0.6200,0.0000,0.0000,0.0000,0.0000,0.0467,0.2800,0.0350,0.0350,0.0350,0.0622,0.0622,0.0350,0.0350,0.0350,0.0350,0.0350,0.0350,0.0350,0.0350,0.0350,0.0350,0.0350,0.0000,0.0000,0.0000,0.0000,0.0000,0.0000,0.0000,0.0622,0.0622,0.0000,0.0350,0.0350,0.0000,0.0622,0.0622,0.0622,0.0311,0.0311,0.1200,0.1200,0.1200,0.1200,0.1200,0.1200,0.6200,0.6200,0.0350,0.0350,0.0350,0.1200,0.0000,0.0000,0.0000,0.0311,0.0000,0.0000,0.0000,0.0311,0.0311,0.0311,0.0311,0.0311,0.0311,0.0311,0.0311,0.0311,0.0311,0.0311,0.0311,0.0311,0.0000,0.0000,0.0311,0.0311,0.0311,0.0000,0.0000,0.0000,0.0000,0.0000,0.0000,0.0000,0.0000,0.0000
shadowing,0.0000,0.0000,0.0000,0.0000,0.0000,0.0000,0.0560,0.0000,0.0000,0.0000,0.0000,0.0000,0.6200,0.0000,0.0000,0.0560,0.0000,0.0000,0.0000,0.0000,0.0560,0.0000,0.0000,0.0000,0.0560,0.0000,0.0000,0.0000,0.0000,0.0000,0.0560,0.0000,0.0000,0.0560,0.0000,0.0000,0.0000,0.0000,0.0000,0.0560,0.0000,0.0560,0.0000,0.0000,0.0000,0.2800,0.0000,0.0000,0.0000,0.0000,0.0000,0.0000,0.0000,0.0000,0.0000,0.0000,0.0000,0.0560,0.6200,0.2800,0.0000,0.0000,0.0000,0.0000,0.0000,0.0560,0.0000,0.0000,0.0000,0.0000,0.0000,0.0000,0.0000,0.0000,0.0000,0.0000,0.2800,0.0000,0.0000,0.0000,0.0560,0.0000,0.0000,0.2800,0.0000,0.0000,0.0000,0.0000,0.0000,0.0000,0.0000,0.0000,0.0000,0.0000,0.6200,0.0560,0.0000,0.0000,0.0000,0.0000,0.0000,0.0700,0.0700,0.0000,0.0000,0.0000,0.0000,0.0000,0.0000,0.0000,0.0000,0.0000,0.0000,0.0000,0.0933,0.0933,0.0933,0.0933,0.0933,0.0000,0.0933,0.0700,0.0700,0.0933,0.6200,0.6200,0.0933,0.0700,0.0700,0.0700,0.0000,0.0350,0.0000,0.0000,0.0000,0.0000,0.0000,0.0000,0.0000,0.0000,0.0000,0.0000,0.0000,0.0000,0.0933,0.0933,0.0933,0.0350,0.0000,0.0000,0.0000,0.0000,0.0000,0.0000,0.0000,0.0000,0.0000,0.0000,0.0000,0.0000,0.0000,0.0000,0.0000,0.0000,0.0000,0.0000,0.0000,0.0000,0.0000,0.0000,0.0000,0.0000,0.0000,0.0000,0.0000,0.0000,0.0000,0.0933
slice,0.0000,0.0000,0.6200,0.0000,0.6200,0.0000,0.0000,0.6200,0.6200,0.0467,0.0000,0.2800,0.0000,0.6200,0.0000,0.0000,0.2800,0.0000,0.0000,0.6200,0.0000,0.0467,0.0467,0.0000,0.0000,0.0467,0.0000,0.0000,0.0467,0.0467,0.0000,0.0000,0.0000,0.0000,0.0000,0.0000,0.0467,0.6200,0.0467,0.0000,0.6200,0.0000,0.0000,0.0000,0.0000,0.0000,0.6200,0.6200,0.6200,0.6200,0.0000,0.0000,0.0000,0.6200,0.0000,0.2800,0.0000,0.0000,0.0000,0.0000,0.0000,0.0000,0.0000,0.0000,0.0000,0.0000,0.2800,0.0000,0.0000,0.0000,0.0000,0.0000,0.0000,0.0000,0.0000,0.0467,0.0000,0.6200,0.0000,0.0000,0.0000,0.0000,0.0467,0.0000,0.0000,0.0000,0.0467,0.0000,0.6200,0.0000,0.0000,0.6200,0.0000,0.0000,0.0000,0.0000,0.0467,0.2800,0.0350,0.0350,0.0350,0.0622,0.0622,0.0350,0.0350,0.0350,0.0350,0.0350,0.0350,0.0350,0.0350,0.0350,0.0350,0.0350,0.0000,0.0000,0.0000,0.0000,0.0000,0.0000,0.0000,0.0622,0.0622,0.0000,0.0350,0.0350,0.0000,0.0622,0.0622,0.0622,0.0311,0.0311,0.1200,0.1200,0.1200,0.1200,0.1200,0.1200,0.6200,0.6200,0.0350,0.0350,0.0350,0.1200,0.0000,0.0000,0.0000,0.0311,0.0000,0.0000,0.0000,0.0311,0.0311,0.0311,0.0311,0.0311,0.0311,0.0311,0.0311,0.0311,0.0311,0.0311,0.0311,0.0311,0.0000,0.0000,0.0311,0.0311,0.0311,0.0000,0.0000,0.0000,0.0000,0.0000,0.0000,0.0000,0.0000,0.0000
struct,0.0000,0.0000,0.0000,0.0560,0.0000,0.0000,0.6200,0.0000,0.0000,0.0000,0.0000,0.0000,0.0560,0.0000,0.0000,0.6200,0.0000,0.0000,0.0000,0.0000,0.6200,0.0000,0.0000,0.0000,0.6200,0.0000,0.0000,0.0000,0.0000,0.0000,0.6200,0.0560,0.0000,0.2800,0.0560,0.0000,0.0000,0.0000,0.0000,0.2800,0.0000,0.6200,0.0000,0.0000,0.0000,0.6200,0.0000,0.0000,0.0000,0.0000,0.0000,0.0000,0.0000,0.0000,0.6200,0.0000,0.0000,0.2800,0.0000,0.0560,0.0000,0.0000,0.0560,0.0560,0.0000,0.2800,0.0000,0.0560,0.0560,0.0560,0.0560,0.0560,0.0000,0.0560,0.0000,0.0000,0.0560,0.0000,0.0560,0.0000,0.0000,0.0560,0.0000,0.0560,0.0000,0.0000,0.0000,0.0000,0.0000,0.0560,0.0560,0.0000,0.0560,0.0000,0.2800,0.6200,0.0000,0.0000,0.0400,0.0400,0.0400,0.0700,0.0700,0.0400,0.0400,0.0400,0.0400,0.0400,0.0400,0.0400,0.0400,0.0400,0.0400,0.0400,0.6200,0.8500,0.6200,0.6200,0.6200,0.0933,0.6200,0.0700,0.0700,0.1680,0.0400,0.0400,0.6200,0.0700,0.0700,0.0700,0.0350,0.0800,0.0350,0.0350,0.8500,0.0350,0.0350,0.0350,0.0000,0.0000,0.0000,0.0000,0.0000,0.0350,0.1680,0.1680,0.1680,0.0800,0.0400,0.0400,0.0400,0.0000,0.0000,0.0000,0.0000,0.0000,0.0000,0.0000,0.0000,0.0350,0.0350,0.0350,0.0350,0.0350,0.0000,0.0000,0.0000,0.0000,0.0000,0.0000,0.0000,0.0000,0.0000,0.0933,0.0933,0.0933,0.0933,0.8500
subtyping,0.0000,0.0000,0.0000,0.6200,0.0000,0.0000,0.0560,0.0000,0.0000,0.0000,0.0000,0.0000,0.0000,0.0000,0.0000,0.0560,0.0000,0.0000,0.0000,0.0000,0.0560,0.0000,0.0000,0.0000,0.0560,0.0000,0.0000,0.0000,0.0000,0.0000,0.0560,0.6200,0.0000,0.6200,0.6200,0.0000,0.0000,0.0000,0.0000,0.0560,0.0000,0.0560,0.0000,0.0000,0.0000,0.0000,0.0000,0.0000,0.0000,0.0000,0.0000,0.0000,0.0000,0.0000,0.2800,0.0000,0.0000,0.0560,0.0000,0.0000,0.0000,0.0000,0.6200,0.2800,0.0000,0.0560,0.0000,0.6200,0.6200,0.6200,0.6200,0.6200,0.0000,0.6200,0.0000,0.0000,0.0000,0.0000,0.0000,0.0000,0.0560,0.0000,0.0000,0.0000,0.0000,0.0000,0.0000,0.0000,0.0000,0.6200,0.6200,0.0000,0.6200,0.0000,0.0560,0.0560,0.0000,0.0000,0.6200,0.6200,0.6200,0.0700,0.0700,0.8500,0.8500,0.8500,0.6200,0.8500,0.8500,0.6200,0.8500,0.6200,0.6200,0.6200,0.8500,0.0400,0.8500,0.0400,0.0400,0.0400,0.0400,0.0700,0.8500,0.0400,0.0000,0.0000,0.0400,0.0700,0.0700,0.0700,0.0350,0.0350,0.0350,0.0350,0.0350,0.8500,0.0350,0.0350,0.0000,0.0000,0.8500,0.0000,0.0000,0.0350,0.0400,0.0400,0.0400,0.0350,0.0400,0.0400,0.0400,0.0000,0.0000,0.0000,0.0000,0.0000,0.0000,0.0000,0.0000,0.0350,0.0350,0.0350,0.0350,0.0350,0.0000,0.0000,0.0000,0.0000,0.0000,0.0000,0.0400,0.0400,0.0400,0.0400,0.0400,0.0400,0.0400,0.0400
switch_match,0.0000,0.0000,0.0467,0.0000,0.0467,0.0000,0.0000,0.0467,0.0467,0.6200,0.0000,0.0467,0.0000,0.0467,0.0000,0.0000,0.0467,0.0000,0.0000,0.0467,0.0000,0.6200,0.2800,0.0000,0.0000,0.2800,0.0000,0.0000,0.6200,0.6200,0.0000,0.0000,0.0000,0.0000,0.0000,0.0000,0.6200,0.0467,0.6200,0.0000,0.0467,0.0000,0.0000,0.0000,0.0000,0.0000,0.0467,0.0467,0.0467,0.0467,0.0000,0.0000,0.0000,0.0467,0.0000,0.0467,0.0000,0.0000,0.0000,0.0000,0.0000,0.0000,0.0000,0.0000,0.0000,0.0000,0.6200,0.0000,0.0000,0.0000,0.0000,0.0000,0.0000,0.0000,0.0000,0.6200,0.0000,0.0467,0.0000,0.0467,0.0000,0.0000,0.0000,0.0000,0.0000,0.0000,0.2800,0.0000,0.0467,0.0000,0.0000,0.0467,0.0000,0.0000,0.0000,0.0000,0.6200,0.6200,0.0000,0.0000,0.0000,0.0311,0.0311,0.0000,0.0000,0.0000,0.0000,0.0000,0.0000,0.0000,0.0000,0.0000,0.0000,0.0000,0.0000,0.0000,0.0000,0.0000,0.0000,0.0000,0.0000,0.0311,0.0311,0.0000,0.0400,0.0400,0.0000,0.0311,0.0311,0.0311,0.0350,0.0000,0.8500,0.6200,0.8500,0.8500,0.6200,0.6200,0.0933,0.0933,0.1680,0.1680,0.1680,0.6200,0.0000,0.0000,0.0000,0.0000,0.0000,0.0000,0.0000,0.0000,0.0000,0.0000,0.0000,0.0000,0.0000,0.0000,0.0000,0.0350,0.0350,0.0350,0.0350,0.0350,0.0000,0.0000,0.0350,0.0350,0.0350,0.0000,0.0000,0.0000,0.0000,0.0000,0.0000,0.0000,0.0000,0.0000
symbol_table,0.0000,0.0000,0.0000,0.0000,0.0000,0.0000,0.0560,0.0000,0.0000,0.0000,0.0000,0.0000,0.2800,0.0000,0.0000,0.0560,0.0000,0.0000,0.0000,0.0000,0.0560,0.0000,0.0000,0.0000,0.0560,0.0000,0.0000,0.0000,0.0000,0.0000,0.0560,0.0000,0.0000,0.0560,0.0000,0.0000,0.0000,0.0000,0.0000,0.6200,0.0000,0.0560,0.0000,0.0000,0.0000,0.2800,0.0000,0.0000,0.0000,0.0000,0.0000,0.0000,0.0000,0.0000,0.0000,0.0000,0.0000,0.6200,0.0000,0.2800,0.0000,0.0000,0.0000,0.0000,0.0000,0.0560,0.0000,0.0000,0.0000,0.0000,0.0000,0.0000,0.0000,0.0000,0.0000,0.0000,0.6200,0.0000,0.2800,0.0000,0.0560,0.0000,0.0000,0.0000,0.0000,0.0000,0.0000,0.0000,0.0000,0.0000,0.0000,0.0000,0.0000,0.0000,0.0560,0.0560,0.0000,0.0000,0.0000,0.0000,0.0000,0.0700,0.0700,0.0000,0.0000,0.0000,0.0000,0.0000,0.0000,0.0000,0.0000,0.0000,0.0000,0.0000,0.0933,0.0933,0.0933,0.0933,0.0933,0.0000,0.0933,0.0700,0.0700,0.6200,0.1680,0.1680,0.0933,0.0700,0.0700,0.0700,0.0000,0.0350,0.0000,0.0000,0.0000,0.0000,0.0000,0.0000,0.0000,0.0000,0.0000,0.0000,0.0000,0.0000,0.6200,0.6200,0.6200,0.0350,0.0000,0.0000,0.0000,0.0000,0.0000,0.0000,0.0000,0.0000,0.0000,0.0000,0.0000,0.0000,0.0000,0.0000,0.0000,0.0000,0.0000,0.0000,0.0000,0.0000,0.0000,0.0000,0.0000,0.0000,0.0000,0.0000,0.0000,0.0000,0.0000,0.0933
task_async,0.0000,0.0000,0.0000,0.0000,0.0000,0.6200,0.0000,0.0000,0.0000,0.0000,0.0000,0.0000,0.0000,0.0000,0.6200,0.0000,0.0000,0.0000,0.0000,0.0000,0.0000,0.0000,0.0000,0.0000,0.0000,0.0000,0.0000,0.0000,0.0000,0.0000,0.0000,0.0000,0.0000,0.0000,0.0000,0.0000,0.0000,0.0000,0.0000,0.0000,0.0000,0.0000,0.0000,0.0000,0.0000,0.0000,0.0000,0.0000,0.0000,0.0000,0.6200,0.0000,0.0000,0.0000,0.0000,0.0000,0.6200,0.0000,0.0000,0.0000,0.0000,0.0000,0.0000,0.0000,0.0000,0.0000,0.0000,0.0000,0.0000,0.0000,0.0000,0.0000,0.0000,0.0000,0.0000,0.0000,0.0000,0.0000,0.0000,0.0000,0.0000,0.0000,0.0000,0.0000,0.0000,0.6200,0.0000,0.0000,0.0000,0.0000,0.0000,0.0000,0.0000,0.0000,0.0000,0.0000,0.0000,0.0000,0.0000,0.0000,0.0000,0.0000,0.0000,0.0000,0.0000,0.0000,0.0000,0.0000,0.0000,0.0000,0.0000,0.0000,0.0000,0.0000,0.0000,0.0000,0.0000,0.0000,0.0000,0.0000,0.0000,0.0000,0.0000,0.0000,0.0000,0.0000,0.0000,0.0000,0.0000,0.0000,0.0000,0.0000,0.0000,0.0000,0.0000,0.0000,0.0000,0.0000,0.0000,0.0000,0.0000,0.0000,0.0000,0.0000,0.0000,0.0000,0.0000,0.0000,0.0000,0.0000,0.0000,0.6200,0.6200,0.6200,0.6200,0.6200,0.8500,0.8500,0.8500,0.0000,0.0000,0.0000,0.0000,0.0000,0.0000,0.0000,0.0000,0.0000,0.0000,0.0000,0.0000,0.0000,0.0000,0.0000,0.0000,0.0000,0.0000,0.0000
thread,0.0000,0.0000,0.0000,0.0000,0.0000,0.6200,0.0000,0.0000,0.0000,0.0000,0.0000,0.0000,0.0000,0.0000,0.6200,0.0000,0.0000,0.0000,0.0000,0.0000,0.0000,0.0000,0.0000,0.0000,0.0000,0.0000,0.0000,0.0000,0.0000,0.0000,0.0000,0.0000,0.0000,0.0000,0.0000,0.0000,0.0000,0.0000,0.0000,0.0000,0.0000,0.0000,0.0000,0.0000,0.0000,0.0000,0.0000,0.0000,0.0000,0.0000,0.6200,0.0000,0.0000,0.0000,0.0000,0.0000,0.6200,0.0000,0.0000,0.0000,0.0000,0.0000,0.0000,0.0000,0.0000,0.0000,0.0000,0.0000,0.0000,0.0000,0.0000,0.0000,0.0000,0.0000,0.0000,0.0000,0.0000,0.0000,0.0000,0.0000,0.0000,0.0000,0.0000,0.0000,0.6200,0.0000,0.0000,0.0000,0.0000,0.0000,0.0000,0.0000,0.0000,0.0000,0.0000,0.0000,0.0000,0.0000,0.0000,0.0000,0.0000,0.0000,0.0000,0.0000,0.0000,0.0000,0.0000,0.0000,0.0000,0.0000,0.0000,0.0000,0.0000,0.0000,0.0000,0.0000,0.0000,0.0000,0.0000,0.0000,0.0000,0.0000,0.0000,0.0000,0.0000,0.0000,0.0000,0.0000,0.0000,0.0000,0.0000,0.0000,0.0000,0.0000,0.0000,0.0000,0.0000,0.0000,0.0000,0.0000,0.0000,0.0000,0.0000,0.0000,0.0000,0.0000,0.0000,0.0000,0.0000,0.0000,0.0000,0.8500,0.8500,0.6200,0.8500,0.8500,0.8500,0.8500,0.8500,0.0000,0.0000,0.0000,0.0000,0.0000,0.0000,0.0000,0.8500,0.0000,0.0000,0.0000,0.0000,0.0000,0.0000,0.0000,0.0000,0.0000,0.0000,0.0000
throw_raise,0.0000,0.0000,0.0467,0.0000,0.0467,0.0000,0.0000,0.0467,0.0467,0.2800,0.0000,0.0467,0.0000,0.0467,0.0000,0.0000,0.0467,0.0000,0.0000,0.0467,0.0000,0.2800,0.6200,0.0000,0.0000,0.6200,0.0000,0.0000,0.2800,0.2800,0.0000,0.0000,0.0000,0.0000,0.0000,0.0000,0.2800,0.0467,0.2800,0.0000,0.0467,0.0000,0.0000,0.0000,0.0000,0.0000,0.0467,0.0467,0.0467,0.0467,0.0000,0.0000,0.0000,0.0467,0.0000,0.0467,0.0000,0.0000,0.0000,0.0000,0.0000,0.0000,0.0000,0.0000,0.0000,0.0000,0.0467,0.0000,0.0000,0.0000,0.0000,0.0000,0.0000,0.0000,0.0000,0.2800,0.0000,0.0467,0.0000,0.0467,0.0000,0.0000,0.2800,0.0000,0.0000,0.0000,0.0000,0.0000,0.0467,0.0000,0.0000,0.0467,0.0000,0.0000,0.0000,0.0000,0.2800,0.0467,0.0000,0.0000,0.0000,0.0311,0.0311,0.0000,0.0000,0.0000,0.0000,0.0000,0.0000,0.0000,0.0000,0.0000,0.0000,0.0000,0.0000,0.0000,0.0000,0.0000,0.0000,0.0000,0.0000,0.0311,0.0311,0.0000,0.0400,0.0400,0.0000,0.0311,0.0311,0.0311,0.0350,0.0000,0.1400,0.1400,0.1400,0.1400,0.1400,0.1400,0.0933,0.0933,0.8500,0.8500,0.6200,0.8500,0.0000,0.0000,0.0000,0.0000,0.0000,0.0000,0.0000,0.0000,0.0000,0.0000,0.0000,0.0000,0.0000,0.0000,0.0000,0.0350,0.0350,0.0350,0.0350,0.0350,0.0000,0.0000,0.0350,0.0350,0.0350,0.0000,0.0000,0.0000,0.0000,0.0000,0.0000,0.0000,0.0000,0.0000
time,0.0000,0.2800,0.0000,0.0000,0.0000,0.0000,0.0000,0.0000,0.0000,0.0000,0.0000,0.0000,0.0000,0.0000,0.0000,0.0000,0.0000,0.0000,0.0000,0.0000,0.0000,0.0000,0.0000,0.2800,0.0000,0.0000,0.0000,0.6200,0.0000,0.0000,0.0000,0.0000,0.0000,0.0000,0.0000,0.6200,0.0000,0.0000,0.0000,0.0000,0.0000,0.0000,0.6200,0.0000,0.0000,0.0000,0.0000,0.0000,0.0000,0.0000,0.0000,0.0000,0.0000,0.0000,0.0000,0.0000,0.0000,0.0000,0.2800,0.0000,0.6200,0.0000,0.0000,0.0000,0.0000,0.0000,0.0000,0.0000,0.0000,0.0000,0.0000,0.0000,0.6200,0.0000,0.6200,0.0000,0.0000,0.0000,0.0000,0.0000,0.0000,0.0000,0.0000,0.0000,0.0000,0.0000,0.0000,0.0000,0.0000,0.0000,0.0000,0.0000,0.0000,0.0000,0.0000,0.0000,0.0000,0.0000,0.0400,0.0400,0.0400,0.0311,0.0311,0.0400,0.0400,0.0400,0.0400,0.0400,0.0400,0.0400,0.0400,0.0400,0.0400,0.0400,0.0400,0.0400,0.0400,0.0400,0.0400,0.0000,0.0400,0.0311,0.0311,0.0000,0.0000,0.0000,0.0400,0.0311,0.0311,0.0311,0.0350,0.6200,0.0000,0.0000,0.0000,0.0000,0.0000,0.0000,0.0000,0.0000,0.0933,0.0933,0.0933,0.0000,0.0000,0.0000,0.0000,0.6200,0.0400,0.0400,0.0400,0.0800,0.0800,0.0800,0.0800,0.0800,0.0800,0.0800,0.0800,0.0350,0.0350,0.0350,0.0350,0.0350,0.0933,0.0933,0.0350,0.0350,0.0350,0.0933,0.0400,0.0400,0.0400,0.0000,0.0000,0.0000,0.0000,0.0400
tuple,0.0000,0.0000,0.6200,0.0000,0.6200,0.0000,0.0000,0.6200,0.6200,0.0467,0.0000,0.2800,0.0000,0.6200,0.0000,0.0000,0.2800,0.0000,0.0000,0.6200,0.0000,0.0467,0.0467,0.0000,0.0000,0.0467,0.0000,0.0000,0.0467,0.0467,0.0000,0.0000,0.0000,0.0000,0.0000,0.0000,0.0467,0.6200,0.0467,0.0000,0.6200,0.0000,0.0000,0.0000,0.0000,0.0000,0.6200,0.6200,0.6200,0.6200,0.0000,0.0000,0.0000,0.6200,0.0000,0.2800,0.0000,0.0000,0.0000,0.0000,0.0000,0.0000,0.0000,0.0000,0.0000,0.0000,0.2800,0.0000,0.0000,0.0000,0.0000,0.0000,0.0000,0.0000,0.0000,0.0467,0.0000,0.6200,0.0000,0.6200,0.0000,0.0000,0.0467,0.0000,0.0000,0.0000,0.0467,0.0000,0.0000,0.0000,0.0000,0.6200,0.0000,0.0000,0.0000,0.0000,0.0467,0.2800,0.0350,0.0350,0.0350,0.0622,0.0622,0.0350,0.0350,0.0350,0.0350,0.0350,0.0350,0.0350,0.0350,0.0350,0.0350,0.0350,0.0000,0.0000,0.0000,0.0000,0.0000,0.0000,0.0000,0.0622,0.0622,0.0000,0.0350,0.0350,0.0000,0.0622,0.0622,0.0622,0.0311,0.0311,0.1200,0.1200,0.1200,0.1200,0.1200,0.1200,0.6200,0.6200,0.0350,0.0350,0.0350,0.1200,0.0000,0.0000,0.0000,0.0311,0.0000,0.0000,0.0000,0.0311,0.0311,0.0311,0.0311,0.0311,0.0311,0.0311,0.0311,0.0311,0.0311,0.0311,0.0311,0.0311,0.0000,0.0000,0.0311,0.0311,0.0311,0.0000,0.0000,0.0000,0.0000,0.0000,0.0000,0.0000,0.0000,0.0000
tuple_type,0.0000,0.0000,0.0000,0.6200,0.0000,0.0000,0.0560,0.0000,0.0000,0.0000,0.0000,0.0000,0.0000,0.0000,0.0000,0.0560,0.0000,0.0000,0.0000,0.0000,0.0560,0.0000,0.0000,0.0000,0.0560,0.0000,0.0000,0.0000,0.0000,0.0000,0.0560,0.6200,0.0000,0.6200,0.6200,0.0000,0.0000,0.0000,0.0000,0.0560,0.0000,0.0560,0.0000,0.0000,0.0000,0.0000,0.0000,0.0000,0.0000,0.0000,0.0000,0.0000,0.0000,0.0000,0.2800,0.0000,0.0000,0.0560,0.0000,0.0000,0.0000,0.0000,0.6200,0.2800,0.0000,0.0560,0.0000,0.6200,0.6200,0.6200,0.6200,0.6200,0.0000,0.6200,0.0000,0.0000,0.0000,0.0000,0.0000,0.0000,0.0560,0.6200,0.0000,0.0000,0.0000,0.0000,0.0000,0.0000,0.0000,0.0000,0.6200,0.0000,0.6200,0.0000,0.0560,0.0560,0.0000,0.0000,0.6200,0.6200,0.6200,0.0700,0.0700,0.6200,0.6200,0.6200,0.6200,0.6200,0.6200,0.6200,0.6200,0.6200,0.6200,0.6200,0.0400,0.0400,0.0400,0.0400,0.0400,0.0400,0.0400,0.0700,0.0700,0.0400,0.0000,0.0000,0.0400,0.0700,0.0700,0.0700,0.0350,0.0350,0.0350,0.0350,0.0350,0.0350,0.0350,0.0350,0.0000,0.0000,0.0000,0.0000,0.0000,0.0350,0.0400,0.0400,0.0400,0.0350,0.0400,0.0400,0.0400,0.0000,0.0000,0.0000,0.0000,0.0000,0.0000,0.0000,0.0000,0.0350,0.0350,0.0350,0.0350,0.0350,0.0000,0.0000,0.0000,0.0000,0.0000,0.0000,0.0400,0.0400,0.0400,0.0400,0.0400,0.0400,0.0400,0.0400
type_inference,0.0000,0.0000,0.0000,0.6200,0.0000,0.0000,0.0560,0.0000,0.0000,0.0000,0.0000,0.0000,0.0000,0.0000,0.0000,0.0560,0.0000,0.0000,0.0000,0.0000,0.0560,0.0000,0.0000,0.0000,0.0560,0.0000,0.0000,0.0000,0.0000,0.0000,0.0560,0.6200,0.0000,0.6200,0.6200,0.0000,0.0000,0.0000,0.0000,0.0560,0.0000,0.0560,0.0000,0.0000,0.0000,0.0000,0.0000,0.0000,0.0000,0.0000,0.0000,0.0000,0.0000,0.0000,0.2800,0.0000,0.0000,0.0560,0.0000,0.0000,0.0000,0.0000,0.6200,0.2800,0.0000,0.0560,0.0000,0.6200,0.6200,0.6200,0.6200,0.6200,0.0000,0.6200,0.0000,0.0000,0.0000,0.0000,0.0000,0.0000,0.0560,0.6200,0.0000,0.0000,0.0000,0.0000,0.0000,0.0000,0.0000,0.6200,0.0000,0.0000,0.6200,0.0000,0.0560,0.0560,0.0000,0.0000,0.6200,0.6200,0.6200,0.0700,0.0700,0.6200,0.6200,0.6200,0.8500,0.6200,0.6200,0.8500,0.6200,0.6200,0.6200,0.6200,0.0400,0.0400,0.0400,0.0400,0.0400,0.0400,0.0400,0.0700,0.0700,0.0400,0.0000,0.0000,0.0400,0.8500,0.0700,0.0700,0.0350,0.0350,0.0350,0.0350,0.0350,0.0350,0.0350,0.0350,0.0000,0.0000,0.0000,0.0000,0.0000,0.0350,0.0400,0.0400,0.0400,0.0350,0.0400,0.0400,0.0400,0.0000,0.0000,0.0000,0.0000,0.0000,0.0000,0.0000,0.0000,0.0350,0.0350,0.8500,0.0350,0.0350,0.0000,0.0000,0.0000,0.0000,0.0000,0.0000,0.0400,0.0400,0.0400,0.0400,0.0400,0.0400,0.0400,0.0400
unary_op,0.0000,0.0000,0.6200,0.0000,0.6200,0.0000,0.0000,0.6200,0.6200,0.0467,0.0000,0.2800,0.0000,0.6200,0.0000,0.0000,0.2800,0.0000,0.0000,0.6200,0.0000,0.0467,0.0467,0.0000,0.0000,0.0467,0.0000,0.0000,0.0467,0.0467,0.0000,0.0000,0.0000,0.0000,0.0000,0.0000,0.0467,0.6200,0.0467,0.0000,0.6200,0.0000,0.0000,0.0000,0.0000,0.0000,0.6200,0.6200,0.6200,0.6200,0.0000,0.0000,0.0000,0.6200,0.0000,0.2800,0.0000,0.0000,0.0000,0.0000,0.0000,0.0000,0.0000,0.0000,0.0000,0.0000,0.2800,0.0000,0.0000,0.0000,0.0000,0.0000,0.0000,0.0000,0.0000,0.0467,0.0000,0.6200,0.0000,0.6200,0.0000,0.0000,0.0467,0.0000,0.0000,0.0000,0.0467,0.0000,0.6200,0.0000,0.0000,0.0000,0.0000,0.0000,0.0000,0.0000,0.0467,0.2800,0.0350,0.0350,0.0350,0.0622,0.0622,0.0350,0.0350,0.0350,0.0350,0.0350,0.0350,0.0350,0.0350,0.0350,0.0350,0.0350,0.0000,0.0000,0.0000,0.0000,0.0000,0.0000,0.0000,0.0622,0.0622,0.0000,0.0350,0.0350,0.0000,0.0622,0.0622,0.0622,0.0311,0.0311,0.1200,0.1200,0.1200,0.1200,0.1200,0.1200,0.6200,0.6200,0.0350,0.0350,0.0350,0.1200,0.0000,0.0000,0.0000,0.0311,0.0000,0.0000,0.0000,0.0311,0.0311,0.0311,0.0311,0.0311,0.0311,0.0311,0.0311,0.0311,0.0311,0.0311,0.0311,0.0311,0.0000,0.0000,0.0311,0.0311,0.0311,0.0000,0.0000,0.0000,0.0000,0.0000,0.0000,0.0000,0.0000,0.0000
union_sum,0.0000,0.0000,0.0000,0.6200,0.0000,0.0000,0.0560,0.0000,0.0000,0.0000,0.0000,0.0000,0.0000,0.0000,0.0000,0.0560,0.0000,0.0000,0.0000,0.0000,0.0560,0.0000,0.0000,0.0000,0.0560,0.0000,0.0000,0.0000,0.0000,0.0000,0.0560,0.6200,0.0000,0.6200,0.6200,0.0000,0.0000,0.0000,0.0000,0.0560,0.0000,0.0560,0.0000,0.0000,0.0000,0.0000,0.0000,0.0000,0.0000,0.0000,0.0000,0.0000,0.0000,0.0000,0.2800,0.0000,0.0000,0.0560,0.0000,0.0000,0.0000,0.0000,0.6200,0.2800,0.0000,0.0560,0.0000,0.6200,0.6200,0.6200,0.6200,0.6200,0.0000,0.6200,0.0000,0.0000,0.0000,0.0000,0.0000,0.0000,0.0560,0.6200,0.0000,0.0000,0.0000,0.0000,0.0000,0.0000,0.0000,0.6200,0.6200,0.0000,0.0000,0.0000,0.0560,0.0560,0.0000,0.0000,0.6200,0.6200,0.6200,0.0700,0.0700,0.6200,0.6200,0.6200,0.6200,0.6200,0.8500,0.6200,0.6200,0.6200,0.6200,0.6200,0.0400,0.0400,0.0400,0.0400,0.0400,0.0400,0.0400,0.0700,0.0700,0.0400,0.0000,0.0000,0.0400,0.0700,0.0700,0.0700,0.0350,0.0350,0.0350,0.0350,0.0350,0.0350,0.0350,0.0350,0.0000,0.0000,0.0000,0.0000,0.0000,0.0350,0.0400,0.0400,0.0400,0.0350,0.0400,0.0400,0.0400,0.0000,0.0000,0.0000,0.0000,0.0000,0.0000,0.0000,0.0000,0.0350,0.0350,0.0350,0.0350,0.0350,0.0000,0.0000,0.0000,0.0000,0.0000,0.0000,0.0400,0.0400,0.0400,0.0400,0.0400,0.0400,0.0400,0.0400
unsafe,0.2800,0.6200,0.0000,0.0000,0.0000,0.0000,0.0000,0.0000,0.0000,0.0000,0.0000,0.0000,0.0000,0.0000,0.0000,0.0000,0.0000,0.0000,0.0000,0.0000,0.0000,0.0000,0.0000,0.0000,0.0000,0.0000,0.2800,0.0000,0.0000,0.0000,0.0000,0.0000,0.6200,0.0000,0.0000,0.0000,0.0000,0.0000,0.0000,0.0000,0.0000,0.0000,0.0000,0.0000,0.2800,0.0000,0.0000,0.0000,0.0000,0.0000,0.0000,0.0000,0.2800,0.0000,0.0000,0.0000,0.0000,0.0000,0.0000,0.0000,0.0000,0.0000,0.0000,0.0000,0.6200,0.0000,0.0000,0.0000,0.0000,0.0000,0.0000,0.0000,0.0000,0.0000,0.0000,0.0000,0.0000,0.0000,0.0000,0.0000,0.0000,0.0000,0.0000,0.0000,0.0000,0.0000,0.0000,0.0000,0.0000,0.0000,0.0000,0.0000,0.0000,0.0000,0.0000,0.0000,0.0000,0.0000,0.0000,0.0000,0.0000,0.0000,0.0000,0.0000,0.0000,0.0000,0.0000,0.0000,0.0000,0.0000,0.0000,0.0000,0.0000,0.0000,0.0000,0.0000,0.0000,0.0000,0.0000,0.0000,0.0000,0.0000,0.0000,0.0000,0.0000,0.0000,0.0000,0.0000,0.0000,0.0000,0.0000,0.0350,0.0000,0.0000,0.0000,0.0000,0.0000,0.0000,0.0000,0.0000,0.0000,0.0000,0.0000,0.0000,0.0000,0.0000,0.0000,0.0350,0.0933,0.0933,0.0933,0.0000,0.0000,0.0000,0.0000,0.0000,0.0000,0.0000,0.0000,0.0000,0.0000,0.0000,0.0000,0.0000,0.6200,0.6200,0.0350,0.0350,0.0350,0.6200,0.1680,0.1680,0.1680,0.0000,0.0000,0.0000,0.0000,0.0000
variable,0.0000,0.0000,0.0000,0.0560,0.0000,0.0000,0.2800,0.0000,0.0000,0.0000,0.0000,0.0000,0.6200,0.0000,0.0000,0.2800,0.0000,0.0000,0.0000,0.0000,0.2800,0.0000,0.0000,0.0000,0.2800,0.0000,0.0000,0.0000,0.0000,0.0000,0.2800,0.0560,0.0000,0.2800,0.0560,0.0000,0.0000,0.0000,0.0000,0.2800,0.0000,0.2800,0.0000,0.0000,0.0000,0.0560,0.0000,0.0000,0.0000,0.0000,0.0000,0.0000,0.0000,0.0000,0.0560,0.0000,0.0000,0.2800,0.6200,0.0560,0.0000,0.0000,0.0560,0.0560,0.0000,0.2800,0.0000,0.0560,0.0560,0.0560,0.0560,0.0560,0.0000,0.0560,0.0000,0.0000,0.0560,0.0000,0.6200,0.0000,0.2800,0.0560,0.0000,0.0560,0.0000,0.0000,0.0000,0.0000,0.0000,0.0560,0.0560,0.0000,0.0560,0.0000,0.0000,0.2800,0.0000,0.0000,0.0400,0.0400,0.0400,0.0700,0.0700,0.0400,0.0400,0.0400,0.0400,0.0400,0.0400,0.8500,0.0400,0.0400,0.0400,0.0400,0.1680,0.1680,0.1680,0.1680,0.1680,0.0933,0.1680,0.0700,0.0700,0.1680,0.8500,0.8500,0.8500,0.0700,0.0700,0.0700,0.0350,0.0800,0.0350,0.0350,0.0350,0.0350,0.0350,0.0350,0.0000,0.0000,0.0000,0.0000,0.0000,0.0350,0.1680,0.1680,0.1680,0.0800,0.0400,0.0400,0.0400,0.0000,0.0000,0.8500,0.0000,0.0000,0.0000,0.0000,0.0000,0.0350,0.0350,0.0350,0.0350,0.0350,0.0000,0.0000,0.0000,0.0000,0.0000,0.0000,0.0000,0.0000,0.0000,0.0933,0.0933,0.0933,0.0933,0.1680
visibility,0.0000,0.0000,0.0000,0.0560,0.0000,0.0000,0.6200,0.0000,0.0000,0.0000,0.0000,0.0000,0.0560,0.0000,0.0000,0.6200,0.0000,0.0000,0.0000,0.0000,0.6200,0.0000,0.0000,0.0000,0.6200,0.0000,0.0000,0.0000,0.0000,0.0000,0.6200,0.0560,0.0000,0.2800,0.0560,0.0000,0.0000,0.0000,0.0000,0.2800,0.0000,0.6200,0.0000,0.0000,0.0000,0.6200,0.0000,0.0000,0.0000,0.0000,0.0000,0.0000,0.0000,0.0000,0.6200,0.0000,0.0000,0.2800,0.0000,0.0560,0.0000,0.0000,0.0560,0.0560,0.0000,0.2800,0.0000,0.0560,0.0560,0.0560,0.0560,0.0560,0.0000,0.0560,0.0000,0.0000,0.0560,0.0000,0.0560,0.0000,0.6200,0.0560,0.0000,0.0560,0.0000,0.0000,0.0000,0.0000,0.0000,0.0560,0.0560,0.0000,0.0560,0.0000,0.2800,0.0000,0.0000,0.0000,0.0400,0.0400,0.0400,0.0700,0.0700,0.0400,0.0400,0.0400,0.0400,0.0400,0.0400,0.0400,0.0400,0.0400,0.0400,0.0400,0.6200,0.6200,0.6200,0.6200,0.6200,0.0933,0.6200,0.0700,0.0700,0.8500,0.0400,0.0400,0.6200,0.0700,0.0700,0.0700,0.0350,0.0800,0.0350,0.0350,0.0350,0.0350,0.0350,0.0350,0.0000,0.0000,0.0000,0.0000,0.0000,0.0350,0.8500,0.1680,0.1680,0.0800,0.0400,0.0400,0.0400,0.0000,0.0000,0.0000,0.0000,0.0000,0.0000,0.0000,0.0000,0.0350,0.0350,0.0350,0.0350,0.0350,0.0000,0.0000,0.0000,0.0000,0.0000,0.0000,0.0000,0.0000,0.0000,0.0933,0.0933,0.0933,0.0933,0.6200
while,0.0000,0.0000,0.0467,0.0000,0.0467,0.0000,0.0000,0.0467,0.0467,0.6200,0.0000,0.0467,0.0000,0.0467,0.0000,0.0000,0.0467,0.0000,0.0000,0.0467,0.0000,0.6200,0.2800,0.0000,0.0000,0.2800,0.0000,0.0000,0.6200,0.6200,0.0000,0.0000,0.0000,0.0000,0.0000,0.0000,0.6200,0.0467,0.6200,0.0000,0.0467,0.0000,0.0000,0.0000,0.0000,0.0000,0.0467,0.0467,0.0467,0.0467,0.0000,0.0000,0.0000,0.0467,0.0000,0.0467,0.0000,0.0000,0.0000,0.0000,0.0000,0.0000,0.0000,0.0000,0.0000,0.0000,0.6200,0.0000,0.0000,0.0000,0.0000,0.0000,0.0000,0.0000,0.0000,0.6200,0.0000,0.0467,0.0000,0.0467,0.0000,0.0000,0.6200,0.0000,0.0000,0.0000,0.2800,0.0000,0.0467,0.0000,0.0000,0.0467,0.0000,0.0000,0.0000,0.0000,0.0000,0.6200,0.0000,0.0000,0.0000,0.0311,0.0311,0.0000,0.0000,0.0000,0.0000,0.0000,0.0000,0.0000,0.0000,0.0000,0.0000,0.0000,0.0000,0.0000,0.0000,0.0000,0.0000,0.0000,0.0000,0.0311,0.0311,0.0000,0.0400,0.0400,0.0000,0.0311,0.0311,0.0311,0.0350,0.0000,0.6200,0.6200,0.6200,0.6200,0.6200,0.6200,0.0933,0.0933,0.1680,0.1680,0.1680,0.6200,0.0000,0.0000,0.0000,0.0000,0.0000,0.0000,0.0000,0.0000,0.0000,0.0000,0.0000,0.0000,0.0000,0.0000,0.0000,0.0350,0.0350,0.0350,0.0350,0.0350,0.0000,0.0000,0.0350,0.0350,0.0350,0.0000,0.0000,0.0000,0.0000,0.0000,0.0000,0.0000,0.0000,0.0000
yield,0.0000,0.0000,0.2800,0.0000,0.2800,0.0000,0.0000,0.2800,0.2800,0.6200,0.0000,0.2800,0.0000,0.2800,0.0000,0.0000,0.2800,0.0000,0.0000,0.2800,0.0000,0.6200,0.0467,0.0000,0.0000,0.0467,0.0000,0.0000,0.6200,0.6200,0.0000,0.0000,0.0000,0.0000,0.0000,0.0000,0.6200,0.2800,0.6200,0.0000,0.2800,0.0000,0.0000,0.0000,0.0000,0.0000,0.2800,0.2800,0.2800,0.2800,0.0000,0.0000,0.0000,0.2800,0.0000,0.2800,0.0000,0.0000,0.0000,0.0000,0.0000,0.0000,0.0000,0.0000,0.0000,0.0000,0.6200,0.0000,0.0000,0.0000,0.0000,0.0000,0.0000,0.0000,0.0000,0.6200,0.0000,0.2800,0.0000,0.2800,0.0000,0.0000,0.6200,0.0000,0.0000,0.0000,0.0467,0.0000,0.2800,0.0000,0.0000,0.2800,0.0000,0.0000,0.0000,0.0000,0.6200,0.0000,0.0350,0.0350,0.0350,0.0622,0.0622,0.0350,0.0350,0.0350,0.0350,0.0350,0.0350,0.0350,0.0350,0.0350,0.0350,0.0350,0.0000,0.0000,0.0000,0.0000,0.0000,0.0000,0.0000,0.0622,0.0622,0.0000,0.0350,0.0350,0.0000,0.0622,0.0622,0.0622,0.0311,0.0311,0.8500,0.6200,0.6200,0.6200,0.6200,0.6200,0.2240,0.2240,0.0350,0.0350,0.0350,0.6200,0.0000,0.0000,0.0000,0.0311,0.0000,0.0000,0.0000,0.0311,0.0311,0.0311,0.0311,0.0311,0.0311,0.0311,0.0311,0.0311,0.0311,0.0311,0.0311,0.0311,0.0000,0.0000,0.0311,0.0311,0.0311,0.0000,0.0000,0.0000,0.0000,0.0000,0.0000,0.0000,0.0000,0.0000
java.binary_numeric_promotion,0.0000,0.0400,0.0350,0.6200,0.0350,0.0000,0.0400,0.0350,0.8500,0.0000,0.0000,0.0350,0.0000,0.8500,0.0000,0.0400,0.0350,0.0000,0.0000,0.0350,0.0400,0.0000,0.0000,0.0400,0.0400,0.0000,0.0000,0.0400,0.0000,0.0000,0.0400,0.6200,0.0000,0.6200,0.6200,0.0400,0.0000,0.0350,0.0000,0.0400,0.0350,0.0400,0.0400,0.0000,0.0000,0.0000,0.0350,0.0350,0.0350,0.0350,0.0000,0.0000,0.0000,0.0350,0.1680,0.0350,0.0000,0.0400,0.0400,0.0000,0.0400,0.0000,0.6200,0.1680,0.0000,0.0400,0.0350,0.6200,0.6200,0.8500,0.8500,0.6200,0.0400,0.6200,0.0400,0.0000,0.0000,0.0350,0.0000,0.0350,0.0400,0.6200,0.0000,0.0000,0.0000,0.0000,0.0000,0.0400,0.0350,0.6200,0.6200,0.0350,0.6200,0.0000,0.0400,0.0400,0.0000,0.0350,0.0000,0.6200,0.6200,0.1400,0.1400,0.6200,0.6200,0.6200,0.6200,0.6200,0.6200,0.6200,0.6200,0.6200,0.6200,0.6200,0.0700,0.0700,0.0700,0.0700,0.0700,0.0311,0.0700,0.1400,0.1400,0.0311,0.0000,0.0000,0.0700,0.1400,0.1400,0.1400,0.0622,0.1050,0.0280,0.0280,0.0280,0.0280,0.0280,0.0280,0.0311,0.0311,0.0311,0.0311,0.0311,0.0280,0.0311,0.0311,0.0311,0.1050,0.0700,0.0700,0.0700,0.0280,0.0280,0.0280,0.0280,0.0280,0.0280,0.0280,0.0280,0.0622,0.0622,0.0622,0.0622,0.0622,0.0311,0.0311,0.0280,0.0280,0.0280,0.0311,0.0700,0.0700,0.0700,0.0311,0.0311,0.0311,0.0311,0.0700
java.primitive_widening_narrowing,0.0000,0.0400,0.0350,0.6200,0.0350,0.0000,0.0400,0.0350,0.0350,0.0000,0.0000,0.0350,0.0000,0.8500,0.0000,0.0400,0.0350,0.0000,0.0000,0.0350,0.0400,0.0000,0.0000,0.0400,0.0400,0.0000,0.0000,0.0400,0.0000,0.0000,0.0400,0.6200,0.0000,0.6200,0.6200,0.0400,0.0000,0.0350,0.0000,0.0400,0.0350,0.0400,0.0400,0.0000,0.0000,0.0000,0.0350,0.0350,0.0350,0.0350,0.0000,0.0000,0.0000,0.0350,0.1680,0.0350,0.0000,0.0400,0.0400,0.0000,0.0400,0.0000,0.6200,0.1680,0.0000,0.0400,0.0350,0.6200,0.6200,0.8500,0.8500,0.6200,0.0400,0.6200,0.0400,0.0000,0.0000,0.0350,0.0000,0.0350,0.0400,0.6200,0.0000,0.0000,0.0000,0.0000,0.0000,0.0400,0.0350,0.6200,0.6200,0.0350,0.6200,0.0000,0.0400,0.0400,0.0000,0.0350,0.6200,0.0000,0.6200,0.1400,0.1400,0.6200,0.6200,0.6200,0.6200,0.6200,0.6200,0.6200,0.6200,0.6200,0.6200,0.6200,0.0700,0.0700,0.0700,0.0700,0.0700,0.0311,0.0700,0.1400,0.1400,0.0311,0.0000,0.0000,0.0700,0.1400,0.1400,0.1400,0.0622,0.1050,0.0280,0.0280,0.0280,0.0280,0.0280,0.0280,0.0311,0.0311,0.0311,0.0311,0.0311,0.0280,0.0311,0.0311,0.0311,0.1050,0.0700,0.0700,0.0700,0.0280,0.0280,0.0280,0.0280,0.0280,0.0280,0.0280,0.0280,0.0622,0.0622,0.0622,0.0622,0.0622,0.0311,0.0311,0.0280,0.0280,0.0280,0.0311,0.0700,0.0700,0.0700,0.0311,0.0311,0.0311,0.0311,0.0700
java.boxing_unboxing,0.0000,0.0400,0.0350,0.6200,0.0350,0.0000,0.0400,0.0350,0.0350,0.0000,0.0000,0.0350,0.0000,0.8500,0.0000,0.8500,0.0350,0.0000,0.0000,0.0350,0.0400,0.0000,0.0000,0.0400,0.0400,0.0000,0.0000,0.0400,0.0000,0.0000,0.0400,0.6200,0.0000,0.6200,0.6200,0.0400,0.0000,0.0350,0.0000,0.0400,0.0350,0.0400,0.0400,0.0000,0.0000,0.0000,0.0350,0.0350,0.0350,0.0350,0.0000,0.0000,0.0000,0.0350,0.1680,0.0350,0.0000,0.0400,0.0400,0.0000,0.0400,0.0000,0.6200,0.1680,0.0000,0.0400,0.0350,0.6200,0.8500,0.6200,0.8500,0.6200,0.0400,0.6200,0.0400,0.0000,0.0000,0.0350,0.0000,0.0350,0.0400,0.6200,0.0000,0.0000,0.0000,0.0000,0.0000,0.0400,0.0350,0.6200,0.6200,0.0350,0.6200,0.0000,0.0400,0.0400,0.0000,0.0350,0.6200,0.6200,0.0000,0.1400,0.1400,0.6200,0.6200,0.6200,0.6200,0.6200,0.6200,0.6200,0.6200,0.6200,0.6200,0.6200,0.0700,0.0700,0.0700,0.0700,0.0700,0.0311,0.0700,0.1400,0.1400,0.0311,0.0000,0.0000,0.0700,0.1400,0.1400,0.1400,0.0622,0.1050,0.0280,0.0280,0.0280,0.0280,0.0280,0.0280,0.0311,0.0311,0.0311,0.0311,0.0311,0.0280,0.0311,0.0311,0.0311,0.1050,0.0700,0.0700,0.0700,0.0280,0.0280,0.0280,0.0280,0.0280,0.0280,0.0280,0.0280,0.0622,0.0622,0.0622,0.0622,0.0622,0.0311,0.0311,0.0280,0.0280,0.0280,0.0311,0.0700,0.0700,0.0700,0.0311,0.0311,0.0311,0.0311,0.0700
java.method_invocation_conversion,0.0000,0.0311,0.0622,0.0700,0.0622,0.0000,0.0700,0.0622,0.0622,0.0311,0.0000,0.8500,0.0700,0.8500,0.0000,0.0700,0.6200,0.0000,0.0000,0.0622,0.0700,0.0311,0.0311,0.6200,0.0700,0.0311,0.0000,0.0311,0.0311,0.0311,0.0700,0.0700,0.0000,0.0700,0.0700,0.0311,0.0311,0.0622,0.0311,0.0700,0.0622,0.0700,0.0311,0.0000,0.0000,0.0700,0.0622,0.0622,0.0622,0.0622,0.0000,0.0000,0.0000,0.0622,0.0700,0.6200,0.0000,0.0700,0.0311,0.6200,0.0311,0.0000,0.0700,0.8500,0.0000,0.6200,0.0622,0.0700,0.0700,0.0700,0.0700,0.0700,0.0311,0.0700,0.0311,0.0311,0.0700,0.0622,0.0700,0.0622,0.0700,0.0700,0.0311,0.0700,0.0000,0.0000,0.0311,0.0311,0.0622,0.0700,0.0700,0.0622,0.0700,0.0000,0.0700,0.0700,0.0311,0.0622,0.1400,0.1400,0.1400,0.0000,0.6200,0.1400,0.1400,0.1400,0.1400,0.1400,0.1400,0.1400,0.1400,0.1400,0.1400,0.1400,0.1400,0.1400,0.1400,0.1400,0.1400,0.0255,0.1400,0.6200,0.6200,0.0933,0.0560,0.0560,0.1400,0.6200,0.6200,0.6200,0.0509,0.1244,0.0509,0.0509,0.0509,0.0509,0.0509,0.0509,0.0560,0.0560,0.0560,0.0560,0.0560,0.0509,0.0933,0.0933,0.0933,0.1244,0.0560,0.0560,0.0560,0.0233,0.0233,0.0233,0.0233,0.0233,0.0233,0.0233,0.0233,0.0509,0.0509,0.0509,0.0509,0.0509,0.0255,0.0255,0.0233,0.0233,0.0233,0.0255,0.0560,0.0560,0.0560,0.0255,0.0255,0.0255,0.0255,0.1400
java.overload_resolution,0.0000,0.0311,0.0622,0.0700,0.0622,0.0000,0.0700,0.0622,0.0622,0.0311,0.0000,0.8500,0.0700,0.0622,0.0000,0.0700,0.6200,0.0000,0.0000,0.0622,0.0700,0.0311,0.0311,0.6200,0.0700,0.0311,0.0000,0.0311,0.0311,0.0311,0.0700,0.0700,0.0000,0.0700,0.0700,0.0311,0.0311,0.0622,0.0311,0.0700,0.0622,0.0700,0.0311,0.0000,0.0000,0.0700,0.0622,0.0622,0.0622,0.0622,0.0000,0.0000,0.0000,0.0622,0.0700,0.6200,0.0000,0.0700,0.0311,0.8500,0.0311,0.0000,0.0700,0.8500,0.0000,0.8500,0.0622,0.0700,0.0700,0.0700,0.0700,0.0700,0.0311,0.0700,0.0311,0.0311,0.0700,0.0622,0.0700,0.0622,0.0700,0.0700,0.0311,0.0700,0.0000,0.0000,0.0311,0.0311,0.0622,0.0700,0.0700,0.0622,0.0700,0.0000,0.0700,0.0700,0.0311,0.0622,0.1400,0.1400,0.1400,0.6200,0.0000,0.1400,0.1400,0.1400,0.1400,0.1400,0.1400,0.1400,0.1400,0.1400,0.1400,0.1400,0.1400,0.1400,0.1400,0.1400,0.1400,0.0255,0.1400,0.6200,0.6200,0.0933,0.0560,0.0560,0.1400,0.6200,0.6200,0.6200,0.0509,0.1244,0.0509,0.0509,0.0509,0.0509,0.0509,0.0509,0.0560,0.0560,0.0560,0.0560,0.0560,0.0509,0.0933,0.0933,0.0933,0.1244,0.0560,0.0560,0.0560,0.0233,0.0233,0.0233,0.0233,0.0233,0.0233,0.0233,0.0233,0.0509,0.0509,0.0509,0.0509,0.0509,0.0255,0.0255,0.0233,0.0233,0.0233,0.0255,0.0560,0.0560,0.0560,0.0255,0.0255,0.0255,0.0255,0.1400
java.generic_erasure,0.0000,0.0400,0.0350,0.6200,0.0350,0.0000,0.0400,0.0350,0.0350,0.0000,0.0000,0.0350,0.0000,0.0350,0.0000,0.0400,0.0350,0.0000,0.0000,0.0350,0.0400,0.0000,0.0000,0.0400,0.0400,0.0000,0.0000,0.0400,0.0000,0.0000,0.0400,0.6200,0.0000,0.8500,0.8500,0.0400,0.0000,0.0350,0.0000,0.0400,0.0350,0.0400,0.0400,0.0000,0.0000,0.0000,0.0350,0.0350,0.0350,0.0350,0.0000,0.0000,0.0000,0.0350,0.1680,0.0350,0.0000,0.0400,0.0400,0.0000,0.0400,0.0000,0.6200,0.1680,0.0000,0.0400,0.0350,0.6200,0.6200,0.6200,0.6200,0.6200,0.0400,0.6200,0.0400,0.0000,0.0000,0.0350,0.0000,0.0350,0.0400,0.8500,0.0000,0.0000,0.0000,0.0000,0.0000,0.0400,0.0350,0.6200,0.6200,0.0350,0.6200,0.0000,0.0400,0.0400,0.0000,0.0350,0.6200,0.6200,0.6200,0.1400,0.1400,0.0000,0.6200,0.6200,0.6200,0.6200,0.6200,0.6200,0.6200,0.6200,0.6200,0.6200,0.0700,0.0700,0.0700,0.0700,0.0700,0.0311,0.0700,0.1400,0.1400,0.0311,0.0000,0.0000,0.0700,0.1400,0.1400,0.1400,0.0622,0.1050,0.0280,0.0280,0.0280,0.0280,0.0280,0.0280,0.0311,0.0311,0.0311,0.0311,0.0311,0.0280,0.0311,0.0311,0.0311,0.1050,0.0700,0.0700,0.0700,0.0280,0.0280,0.0280,0.0280,0.0280,0.0280,0.0280,0.0280,0.0622,0.0622,0.0622,0.0622,0.0622,0.0311,0.0311,0.0280,0.0280,0.0280,0.0311,0.0700,0.0700,0.0700,0.0311,0.0311,0.0311,0.0311,0.0700
java.wildcard_extends_super,0.0000,0.0400,0.0350,0.6200,0.0350,0.0000,0.0400,0.0350,0.0350,0.0000,0.0000,0.0350,0.0000,0.0350,0.0000,0.0400,0.0350,0.0000,0.0000,0.0350,0.0400,0.0000,0.0000,0.0400,0.0400,0.0000,0.0000,0.0400,0.0000,0.0000,0.0400,0.6200,0.0000,0.8500,0.8500,0.0400,0.0000,0.0350,0.0000,0.0400,0.0350,0.0400,0.0400,0.0000,0.0000,0.0000,0.0350,0.0350,0.0350,0.0350,0.0000,0.0000,0.0000,0.0350,0.1680,0.0350,0.0000,0.0400,0.0400,0.0000,0.0400,0.0000,0.6200,0.1680,0.0000,0.0400,0.0350,0.6200,0.6200,0.6200,0.6200,0.6200,0.0400,0.6200,0.0400,0.0000,0.0000,0.0350,0.0000,0.0350,0.0400,0.8500,0.0000,0.0000,0.0000,0.0000,0.0000,0.0400,0.0350,0.6200,0.6200,0.0350,0.6200,0.0000,0.0400,0.0400,0.0000,0.0350,0.6200,0.6200,0.6200,0.1400,0.1400,0.6200,0.0000,0.6200,0.6200,0.6200,0.6200,0.6200,0.6200,0.6200,0.6200,0.6200,0.0700,0.0700,0.0700,0.0700,0.0700,0.0311,0.0700,0.1400,0.1400,0.0311,0.0000,0.0000,0.0700,0.1400,0.1400,0.1400,0.0622,0.1050,0.0280,0.0280,0.0280,0.0280,0.0280,0.0280,0.0311,0.0311,0.0311,0.0311,0.0311,0.0280,0.0311,0.0311,0.0311,0.1050,0.0700,0.0700,0.0700,0.0280,0.0280,0.0280,0.0280,0.0280,0.0280,0.0280,0.0280,0.0622,0.0622,0.0622,0.0622,0.0622,0.0311,0.0311,0.0280,0.0280,0.0280,0.0311,0.0700,0.0700,0.0700,0.0311,0.0311,0.0311,0.0311,0.0700
java.capture_conversion,0.0000,0.0400,0.0350,0.6200,0.0350,0.0000,0.0400,0.0350,0.0350,0.0000,0.0000,0.0350,0.8500,0.0350,0.0000,0.0400,0.0350,0.0000,0.0000,0.0350,0.0400,0.0000,0.0000,0.0400,0.0400,0.0000,0.0000,0.0400,0.0000,0.0000,0.0400,0.6200,0.0000,0.8500,0.8500,0.0400,0.0000,0.0350,0.0000,0.0400,0.0350,0.0400,0.0400,0.0000,0.0000,0.0000,0.0350,0.0350,0.0350,0.0350,0.0000,0.0000,0.0000,0.0350,0.1680,0.0350,0.0000,0.0400,0.0400,0.0000,0.0400,0.0000,0.6200,0.1680,0.0000,0.0400,0.0350,0.6200,0.6200,0.6200,0.6200,0.6200,0.0400,0.6200,0.0400,0.0000,0.0000,0.0350,0.0000,0.0350,0.0400,0.8500,0.0000,0.0000,0.0000,0.0000,0.0000,0.0400,0.0350,0.6200,0.6200,0.0350,0.6200,0.0000,0.0400,0.0400,0.0000,0.0350,0.6200,0.6200,0.6200,0.1400,0.1400,0.6200,0.6200,0.0000,0.6200,0.6200,0.6200,0.6200,0.6200,0.6200,0.6200,0.6200,0.0700,0.0700,0.0700,0.0700,0.0700,0.0311,0.0700,0.1400,0.1400,0.0311,0.0000,0.0000,0.0700,0.1400,0.1400,0.1400,0.0622,0.1050,0.0280,0.0280,0.0280,0.0280,0.0280,0.0280,0.0311,0.0311,0.0311,0.0311,0.0311,0.0280,0.0311,0.0311,0.0311,0.1050,0.0700,0.0700,0.0700,0.0280,0.0280,0.0280,0.0280,0.0280,0.0280,0.0280,0.0280,0.0622,0.0622,0.0622,0.0622,0.0622,0.0311,0.0311,0.0280,0.0280,0.0280,0.0311,0.0700,0.0700,0.0700,0.0311,0.0311,0.0311,0.0311,0.0700
java.type_inference_constraints,0.0000,0.0400,0.0350,0.6200,0.0350,0.0000,0.0400,0.0350,0.0350,0.0000,0.0000,0.0350,0.0000,0.0350,0.0000,0.0400,0.0350,0.0000,0.0000,0.0350,0.0400,0.0000,0.0000,0.0400,0.0400,0.0000,0.0000,0.0400,0.0000,0.0000,0.0400,0.6200,0.0000,0.6200,0.8500,0.0400,0.0000,0.0350,0.0000,0.0400,0.0350,0.0400,0.0400,0.0000,0.0000,0.0000,0.0350,0.0350,0.0350,0.0350,0.0000,0.0000,0.0000,0.0350,0.1680,0.0350,0.0000,0.0400,0.0400,0.0000,0.0400,0.0000,0.6200,0.8500,0.0000,0.0400,0.0350,0.6200,0.6200,0.6200,0.6200,0.6200,0.0400,0.6200,0.0400,0.0000,0.0000,0.0350,0.0000,0.0350,0.0400,0.6200,0.0000,0.0000,0.0000,0.0000,0.0000,0.0400,0.0350,0.6200,0.8500,0.0350,0.6200,0.0000,0.0400,0.0400,0.0000,0.0350,0.6200,0.6200,0.6200,0.1400,0.1400,0.6200,0.6200,0.6200,0.0000,0.6200,0.6200,0.6200,0.6200,0.6200,0.6200,0.6200,0.0700,0.0700,0.0700,0.0700,0.0700,0.0311,0.0700,0.1400,0.1400,0.0311,0.0000,0.0000,0.0700,0.1400,0.1400,0.1400,0.0622,0.1050,0.0280,0.0280,0.0280,0.0280,0.0280,0.0280,0.0311,0.0311,0.0311,0.0311,0.0311,0.0280,0.0311,0.0311,0.0311,0.1050,0.0700,0.0700,0.0700,0.0280,0.0280,0.0280,0.0280,0.0280,0.0280,0.0280,0.0280,0.0622,0.0622,0.0622,0.0622,0.0622,0.0311,0.0311,0.0280,0.0280,0.0280,0.0311,0.0700,0.0700,0.0700,0.0311,0.0311,0.0311,0.0311,0.0700
java.raw_types,0.0000,0.0400,0.0350,0.6200,0.0350,0.0000,0.0400,0.0350,0.0350,0.0000,0.0000,0.0350,0.0000,0.0350,0.0000,0.8500,0.0350,0.0000,0.0000,0.0350,0.0400,0.0000,0.0000,0.0400,0.0400,0.0000,0.0000,0.0400,0.0000,0.0000,0.0400,0.6200,0.0000,0.8500,0.6200,0.0400,0.0000,0.0350,0.0000,0.0400,0.0350,0.0400,0.0400,0.0000,0.0000,0.0000,0.0350,0.0350,0.0350,0.0350,0.0000,0.0000,0.0000,0.0350,0.1680,0.0350,0.0000,0.0400,0.0400,0.0000,0.0400,0.0000,0.6200,0.1680,0.0000,0.0400,0.0350,0.6200,0.6200,0.6200,0.6200,0.6200,0.0400,0.6200,0.0400,0.0000,0.0000,0.0350,0.0000,0.0350,0.0400,0.8500,0.0000,0.0000,0.0000,0.0000,0.0000,0.0400,0.0350,0.6200,0.6200,0.0350,0.6200,0.0000,0.0400,0.0400,0.0000,0.0350,0.6200,0.6200,0.6200,0.1400,0.1400,0.6200,0.6200,0.6200,0.6200,0.0000,0.6200,0.6200,0.6200,0.6200,0.6200,0.6200,0.0700,0.0700,0.0700,0.0700,0.0700,0.0311,0.0700,0.1400,0.1400,0.0311,0.0000,0.0000,0.0700,0.1400,0.1400,0.1400,0.0622,0.1050,0.0280,0.0280,0.0280,0.0280,0.0280,0.0280,0.0311,0.0311,0.0311,0.0311,0.0311,0.0280,0.0311,0.0311,0.0311,0.1050,0.0700,0.0700,0.0700,0.0280,0.0280,0.0280,0.0280,0.0280,0.0280,0.0280,0.0280,0.0622,0.0622,0.0622,0.0622,0.0622,0.0311,0.0311,0.0280,0.0280,0.0280,0.0311,0.0700,0.0700,0.0700,0.0311,0.0311,0.0311,0.0311,0.0700
java.intersection_types,0.0000,0.0400,0.0350,0.6200,0.0350,0.0000,0.0400,0.0350,0.0350,0.0000,0.0000,0.0350,0.0000,0.0350,0.0000,0.0400,0.0350,0.0000,0.0000,0.0350,0.0400,0.0000,0.0000,0.0400,0.0400,0.0000,0.0000,0.0400,0.0000,0.0000,0.0400,0.6200,0.0000,0.6200,0.8500,0.0400,0.0000,0.0350,0.0000,0.0400,0.0350,0.0400,0.0400,0.0000,0.0000,0.0000,0.0350,0.0350,0.0350,0.0350,0.0000,0.0000,0.0000,0.0350,0.1680,0.0350,0.0000,0.0400,0.0400,0.0000,0.0400,0.0000,0.6200,0.1680,0.0000,0.0400,0.0350,0.6200,0.6200,0.6200,0.6200,0.6200,0.0400,0.6200,0.0400,0.0000,0.0000,0.0350,0.0000,0.0350,0.0400,0.8500,0.0000,0.0000,0.0000,0.0000,0.0000,0.0400,0.0350,0.6200,0.6200,0.0350,0.8500,0.0000,0.0400,0.0400,0.0000,0.0350,0.6200,0.6200,0.6200,0.1400,0.1400,0.6200,0.6200,0.6200,0.6200,0.6200,0.0000,0.6200,0.6200,0.6200,0.6200,0.6200,0.0700,0.0700,0.0700,0.0700,0.0700,0.0311,0.0700,0.1400,0.1400,0.0311,0.0000,0.0000,0.0700,0.1400,0.1400,0.1400,0.0622,0.1050,0.0280,0.0280,0.0280,0.0280,0.0280,0.0280,0.0311,0.0311,0.0311,0.0311,0.0311,0.0280,0.0311,0.0311,0.0311,0.1050,0.0700,0.0700,0.0700,0.0280,0.0280,0.0280,0.0280,0.0280,0.0280,0.0280,0.0280,0.0622,0.0622,0.0622,0.0622,0.0622,0.0311,0.0311,0.0280,0.0280,0.0280,0.0311,0.0700,0.0700,0.0700,0.0311,0.0311,0.0311,0.0311,0.0700
java.var_local_inference,0.0000,0.0400,0.0350,0.6200,0.0350,0.0000,0.0400,0.0350,0.0350,0.0000,0.0000,0.0350,0.0000,0.0350,0.0000,0.0400,0.0350,0.0000,0.0000,0.0350,0.0400,0.0000,0.0000,0.0400,0.0400,0.0000,0.0000,0.0400,0.0000,0.0000,0.0400,0.6200,0.0000,0.6200,0.6200,0.0400,0.0000,0.0350,0.0000,0.0400,0.0350,0.0400,0.0400,0.0000,0.0000,0.0000,0.0350,0.0350,0.0350,0.0350,0.0000,0.0000,0.0000,0.0350,0.1680,0.0350,0.0000,0.0400,0.0400,0.0000,0.0400,0.0000,0.6200,0.1680,0.0000,0.0400,0.0350,0.6200,0.6200,0.6200,0.6200,0.6200,0.0400,0.6200,0.0400,0.0000,0.0000,0.0350,0.0000,0.0350,0.0400,0.6200,0.0000,0.0000,0.0000,0.0000,0.0000,0.0400,0.0350,0.6200,0.8500,0.0350,0.6200,0.0000,0.8500,0.0400,0.0000,0.0350,0.6200,0.6200,0.6200,0.1400,0.1400,0.6200,0.6200,0.6200,0.6200,0.6200,0.6200,0.0000,0.6200,0.6200,0.6200,0.6200,0.0700,0.0700,0.0700,0.0700,0.0700,0.0311,0.0700,0.1400,0.1400,0.0311,0.0000,0.0000,0.0700,0.1400,0.1400,0.1400,0.0622,0.1050,0.0280,0.0280,0.0280,0.0280,0.0280,0.0280,0.0311,0.0311,0.0311,0.0311,0.0311,0.0280,0.0311,0.0311,0.0311,0.1050,0.0700,0.0700,0.0700,0.0280,0.0280,0.0280,0.0280,0.0280,0.0280,0.0280,0.0280,0.0622,0.0622,0.0622,0.0622,0.0622,0.0311,0.0311,0.0280,0.0280,0.0280,0.0311,0.0700,0.0700,0.0700,0.0311,0.0311,0.0311,0.0311,0.0700
java.array_covariance_store_check,0.0000,0.0400,0.0350,0.8500,0.0350,0.0000,0.0400,0.0350,0.0350,0.0000,0.0000,0.0350,0.0000,0.0350,0.0000,0.0400,0.0350,0.0000,0.0000,0.0350,0.0400,0.0000,0.0000,0.0400,0.0400,0.8500,0.0000,0.0400,0.0000,0.0000,0.0400,0.6200,0.0000,0.6200,0.6200,0.0400,0.0000,0.0350,0.0000,0.0400,0.0350,0.0400,0.0400,0.0000,0.0000,0.0000,0.0350,0.0350,0.0350,0.0350,0.0000,0.0000,0.0000,0.0350,0.1680,0.0350,0.0000,0.0400,0.0400,0.0000,0.0400,0.0000,0.6200,0.1680,0.0000,0.0400,0.0350,0.6200,0.6200,0.6200,0.6200,0.6200,0.0400,0.6200,0.0400,0.0000,0.0000,0.0350,0.0000,0.0350,0.0400,0.8500,0.0000,0.0000,0.0000,0.0000,0.0000,0.0400,0.0350,0.6200,0.6200,0.0350,0.6200,0.0000,0.0400,0.0400,0.0000,0.0350,0.6200,0.6200,0.6200,0.1400,0.1400,0.6200,0.6200,0.6200,0.6200,0.6200,0.6200,0.6200,0.0000,0.6200,0.6200,0.6200,0.0700,0.0700,0.0700,0.0700,0.0700,0.0311,0.0700,0.1400,0.1400,0.0311,0.0000,0.0000,0.0700,0.1400,0.1400,0.1400,0.0622,0.1050,0.0280,0.0280,0.0280,0.0280,0.0280,0.0280,0.0311,0.0311,0.0311,0.0311,0.0311,0.0280,0.0311,0.0311,0.0311,0.1050,0.0700,0.0700,0.0700,0.0280,0.0280,0.0280,0.0280,0.0280,0.0280,0.0280,0.0280,0.0622,0.0622,0.0622,0.0622,0.0622,0.0311,0.0311,0.0280,0.0280,0.0280,0.0311,0.0700,0.0700,0.0700,0.0311,0.0311,0.0311,0.0311,0.0700
java.null_reference_semantics,0.0000,0.0400,0.0350,0.6200,0.0350,0.0000,0.0400,0.0350,0.0350,0.0000,0.0000,0.0350,0.0000,0.0350,0.0000,0.0400,0.0350,0.0000,0.0000,0.0350,0.0400,0.0000,0.0000,0.0400,0.0400,0.0000,0.0000,0.0400,0.0000,0.0000,0.0400,0.6200,0.0000,0.6200,0.6200,0.0400,0.0000,0.0350,0.0000,0.0400,0.0350,0.0400,0.0400,0.0000,0.0000,0.0000,0.0350,0.8500,0.0350,0.0350,0.0000,0.0000,0.0000,0.0350,0.1680,0.0350,0.0000,0.0400,0.0400,0.0000,0.0400,0.0000,0.8500,0.1680,0.0000,0.0400,0.0350,0.6200,0.6200,0.6200,0.6200,0.6200,0.0400,0.8500,0.0400,0.0000,0.0000,0.0350,0.0000,0.0350,0.0400,0.6200,0.0000,0.0000,0.0000,0.0000,0.0000,0.0400,0.0350,0.6200,0.6200,0.0350,0.6200,0.0000,0.0400,0.0400,0.0000,0.0350,0.6200,0.6200,0.6200,0.1400,0.1400,0.6200,0.6200,0.6200,0.6200,0.6200,0.6200,0.6200,0.6200,0.0000,0.6200,0.6200,0.0700,0.0700,0.0700,0.0700,0.0700,0.0311,0.0700,0.1400,0.1400,0.0311,0.0000,0.0000,0.0700,0.1400,0.1400,0.1400,0.0622,0.1050,0.0280,0.0280,0.0280,0.0280,0.0280,0.0280,0.0311,0.0311,0.0311,0.0311,0.0311,0.0280,0.0311,0.0311,0.0311,0.1050,0.0700,0.0700,0.0700,0.0280,0.0280,0.0280,0.0280,0.0280,0.0280,0.0280,0.0280,0.0622,0.0622,0.0622,0.0622,0.0622,0.0311,0.0311,0.0280,0.0280,0.0280,0.0311,0.0700,0.0700,0.0700,0.0311,0.0311,0.0311,0.0311,0.0700
java.unsigned_absence_signed_wrap,0.0000,0.0400,0.0350,0.6200,0.0350,0.0000,0.0400,0.0350,0.8500,0.0000,0.0000,0.0350,0.0000,0.0350,0.0000,0.0400,0.0350,0.0000,0.0000,0.0350,0.0400,0.0000,0.0000,0.0400,0.0400,0.0000,0.0000,0.0400,0.0000,0.0000,0.0400,0.6200,0.0000,0.6200,0.6200,0.0400,0.0000,0.0350,0.0000,0.0400,0.0350,0.0400,0.0400,0.0000,0.0000,0.0000,0.0350,0.0350,0.0350,0.0350,0.0000,0.0000,0.0000,0.0350,0.1680,0.0350,0.0000,0.0400,0.0400,0.0000,0.0400,0.0000,0.6200,0.1680,0.0000,0.0400,0.0350,0.6200,0.6200,0.6200,0.8500,0.6200,0.0400,0.6200,0.0400,0.0000,0.0000,0.0350,0.0000,0.0350,0.0400,0.6200,0.0000,0.0000,0.0000,0.0000,0.0000,0.0400,0.0350,0.6200,0.6200,0.0350,0.6200,0.0000,0.0400,0.0400,0.0000,0.0350,0.6200,0.6200,0.6200,0.1400,0.1400,0.6200,0.6200,0.6200,0.6200,0.6200,0.6200,0.6200,0.6200,0.6200,0.0000,0.6200,0.0700,0.0700,0.0700,0.0700,0.0700,0.0311,0.0700,0.1400,0.1400,0.0311,0.0000,0.0000,0.0700,0.1400,0.1400,0.1400,0.0622,0.1050,0.0280,0.0280,0.0280,0.0280,0.0280,0.0280,0.0311,0.0311,0.0311,0.0311,0.0311,0.0280,0.0311,0.0311,0.0311,0.1050,0.0700,0.0700,0.0700,0.0280,0.0280,0.0280,0.0280,0.0280,0.0280,0.0280,0.0280,0.0622,0.0622,0.0622,0.0622,0.0622,0.0311,0.0311,0.0280,0.0280,0.0280,0.0311,0.0700,0.0700,0.0700,0.0311,0.0311,0.0311,0.0311,0.0700
java.ieee754_always_strict,0.0000,0.0400,0.0350,0.6200,0.0350,0.0000,0.0400,0.0350,0.8500,0.0000,0.0000,0.0350,0.0000,0.0350,0.0000,0.0400,0.0350,0.0000,0.0000,0.0350,0.0400,0.0000,0.0000,0.0400,0.0400,0.0000,0.0000,0.0400,0.0000,0.0000,0.0400,0.6200,0.0000,0.6200,0.6200,0.0400,0.0000,0.0350,0.0000,0.0400,0.0350,0.0400,0.0400,0.0000,0.0000,0.0000,0.0350,0.0350,0.0350,0.0350,0.0000,0.0000,0.0000,0.0350,0.1680,0.0350,0.0000,0.0400,0.0400,0.0000,0.0400,0.0000,0.6200,0.1680,0.0000,0.0400,0.0350,0.6200,0.6200,0.8500,0.6200,0.6200,0.0400,0.6200,0.0400,0.0000,0.0000,0.0350,0.0000,0.0350,0.0400,0.6200,0.0000,0.0000,0.0000,0.0000,0.0000,0.0400,0.0350,0.6200,0.6200,0.0350,0.6200,0.0000,0.0400,0.0400,0.0000,0.0350,0.6200,0.6200,0.6200,0.1400,0.1400,0.6200,0.6200,0.6200,0.6200,0.6200,0.6200,0.6200,0.6200,0.6200,0.6200,0.0000,0.0700,0.0700,0.0700,0.0700,0.0700,0.0311,0.0700,0.1400,0.1400,0.0311,0.0000,0.0000,0.0700,0.1400,0.1400,0.1400,0.0622,0.1050,0.0280,0.0280,0.0280,0.0280,0.0280,0.0280,0.0311,0.0311,0.0311,0.0311,0.0311,0.0280,0.0311,0.0311,0.0311,0.1050,0.0700,0.0700,0.0700,0.0280,0.0280,0.0280,0.0280,0.0280,0.0280,0.0280,0.0280,0.0622,0.0622,0.0622,0.0622,0.0622,0.0311,0.0311,0.0280,0.0280,0.0280,0.0311,0.0700,0.0700,0.0700,0.0311,0.0311,0.0311,0.0311,0.0700
java.class_interface_inheritance,0.0000,0.0400,0.0000,0.0400,0.0000,0.0000,0.6200,0.0000,0.0000,0.0000,0.0000,0.0000,0.0933,0.0000,0.0000,0.8500,0.0000,0.0000,0.0000,0.0000,0.6200,0.0000,0.0000,0.0400,0.6200,0.0000,0.0000,0.0400,0.0000,0.0000,0.6200,0.0400,0.0000,0.1680,0.0400,0.0400,0.0000,0.0000,0.0000,0.1680,0.0000,0.8500,0.0400,0.0000,0.0000,0.6200,0.0000,0.0000,0.0000,0.0000,0.0000,0.0000,0.0000,0.0000,0.6200,0.0000,0.0000,0.1680,0.0400,0.0933,0.0400,0.0000,0.0400,0.0400,0.0000,0.1680,0.0000,0.0400,0.0400,0.0400,0.0400,0.0400,0.0400,0.0400,0.0400,0.0000,0.0933,0.0000,0.0933,0.0000,0.6200,0.8500,0.0000,0.0933,0.0000,0.0000,0.0000,0.0400,0.0000,0.0400,0.0400,0.0000,0.0400,0.0000,0.1680,0.6200,0.0000,0.0000,0.0700,0.0700,0.0700,0.1400,0.1400,0.0700,0.0700,0.0700,0.0700,0.0700,0.0700,0.0700,0.0700,0.0700,0.0700,0.0700,0.0000,0.6200,0.6200,0.6200,0.6200,0.0700,0.6200,0.1400,0.1400,0.1867,0.0700,0.0700,0.6200,0.1400,0.1400,0.1400,0.0622,0.1050,0.0280,0.0280,0.0280,0.0280,0.0280,0.0280,0.0000,0.0000,0.0311,0.0311,0.0311,0.0280,0.1867,0.1867,0.1867,0.1050,0.0700,0.0700,0.0700,0.0280,0.0280,0.0280,0.0280,0.0280,0.0280,0.0280,0.0280,0.0622,0.0622,0.0622,0.0622,0.0622,0.0311,0.0311,0.0280,0.0280,0.0280,0.0311,0.0311,0.0311,0.0311,0.0700,0.0700,0.0700,0.0700,0.6200
java.records,0.0000,0.0400,0.0000,0.0400,0.0000,0.0000,0.6200,0.0000,0.0000,0.0000,0.0000,0.0000,0.0933,0.0000,0.0000,0.8500,0.0000,0.0000,0.0000,0.0000,0.6200,0.0000,0.0000,0.0400,0.6200,0.0000,0.0000,0.0400,0.0000,0.0000,0.6200,0.0400,0.0000,0.1680,0.0400,0.0400,0.0000,0.0000,0.0000,0.1680,0.0000,0.6200,0.0400,0.0000,0.0000,0.6200,0.0000,0.0000,0.0000,0.0000,0.0000,0.0000,0.0000,0.0000,0.6200,0.0000,0.0000,0.1680,0.0400,0.0933,0.0400,0.0000,0.0400,0.0400,0.0000,0.8500,0.0000,0.0400,0.0400,0.0400,0.0400,0.0400,0.0400,0.0400,0.0400,0.0000,0.0933,0.0000,0.0933,0.0000,0.8500,0.0400,0.0000,0.0933,0.0000,0.0000,0.0000,0.0400,0.0000,0.0400,0.0400,0.0000,0.0400,0.0000,0.1680,0.6200,0.0000,0.0000,0.0700,0.0700,0.0700,0.1400,0.1400,0.0700,0.0700,0.0700,0.0700,0.0700,0.0700,0.0700,0.0700,0.0700,0.0700,0.0700,0.6200,0.0000,0.6200,0.6200,0.6200,0.0700,0.6200,0.1400,0.1400,0.1867,0.0700,0.0700,0.6200,0.1400,0.1400,0.1400,0.0622,0.1050,0.0280,0.0280,0.0280,0.0280,0.0280,0.0280,0.0000,0.0000,0.0311,0.0311,0.0311,0.0280,0.1867,0.1867,0.1867,0.1050,0.0700,0.0700,0.0700,0.0280,0.0280,0.0280,0.0280,0.0280,0.0280,0.0280,0.0280,0.0622,0.0622,0.0622,0.0622,0.0622,0.0311,0.0311,0.0280,0.0280,0.0280,0.0311,0.0311,0.0311,0.0311,0.0700,0.0700,0.0700,0.0700,0.6200
java.sealed_classes_interfaces,0.0000,0.0400,0.0000,0.0400,0.0000,0.0000,0.6200,0.0000,0.0000,0.0000,0.0000,0.0000,0.0933,0.0000,0.0000,0.8500,0.0000,0.0000,0.0000,0.0000,0.6200,0.0000,0.0000,0.0400,0.6200,0.0000,0.0000,0.0400,0.0000,0.0000,0.6200,0.0400,0.0000,0.1680,0.0400,0.0400,0.0000,0.0000,0.0000,0.1680,0.0000,0.8500,0.0400,0.0000,0.0000,0.6200,0.0000,0.0000,0.0000,0.0000,0.0000,0.0000,0.0000,0.0000,0.6200,0.0000,0.0000,0.1680,0.0400,0.0933,0.0400,0.0000,0.0400,0.0400,0.0000,0.1680,0.0000,0.0400,0.0400,0.0400,0.0400,0.0400,0.0400,0.0400,0.0400,0.0000,0.0933,0.0000,0.0933,0.0000,0.6200,0.8500,0.0000,0.0933,0.0000,0.0000,0.0000,0.0400,0.0000,0.0400,0.0400,0.0000,0.0400,0.0000,0.1680,0.6200,0.0000,0.0000,0.0700,0.0700,0.0700,0.1400,0.1400,0.0700,0.0700,0.0700,0.0700,0.0700,0.0700,0.0700,0.0700,0.0700,0.0700,0.0700,0.6200,0.6200,0.0000,0.6200,0.6200,0.0700,0.6200,0.1400,0.1400,0.1867,0.0700,0.0700,0.6200,0.1400,0.1400,0.1400,0.0622,0.1050,0.0280,0.0280,0.0280,0.0280,0.0280,0.0280,0.0000,0.0000,0.0311,0.0311,0.0311,0.0280,0.1867,0.1867,0.1867,0.1050,0.0700,0.0700,0.0700,0.0280,0.0280,0.0280,0.0280,0.0280,0.0280,0.0280,0.0280,0.0622,0.0622,0.0622,0.0622,0.0622,0.0311,0.0311,0.0280,0.0280,0.0280,0.0311,0.0311,0.0311,0.0311,0.0700,0.0700,0.0700,0.0700,0.6200
java.enums_semantics,0.0000,0.0400,0.0000,0.0400,0.0000,0.0000,0.6200,0.0000,0.0000,0.0000,0.0000,0.0000,0.0933,0.0000,0.0000,0.8500,0.0000,0.0000,0.0000,0.0000,0.6200,0.0000,0.0000,0.0400,0.8500,0.0000,0.0000,0.0400,0.0000,0.0000,0.6200,0.0400,0.0000,0.1680,0.0400,0.0400,0.0000,0.0000,0.0000,0.1680,0.0000,0.6200,0.0400,0.0000,0.0000,0.6200,0.0000,0.0000,0.0000,0.0000,0.0000,0.0000,0.0000,0.0000,0.6200,0.0000,0.0000,0.1680,0.0400,0.0933,0.0400,0.0000,0.0400,0.0400,0.0000,0.1680,0.0000,0.0400,0.0400,0.0400,0.0400,0.0400,0.0400,0.0400,0.0400,0.0000,0.0933,0.0000,0.0933,0.0000,0.6200,0.0400,0.0000,0.0933,0.0000,0.0000,0.0000,0.0400,0.0000,0.0400,0.0400,0.0000,0.0400,0.0000,0.1680,0.6200,0.0000,0.0000,0.0700,0.0700,0.0700,0.1400,0.1400,0.0700,0.0700,0.0700,0.0700,0.0700,0.0700,0.0700,0.0700,0.0700,0.0700,0.0700,0.6200,0.6200,0.6200,0.0000,0.6200,0.0700,0.6200,0.1400,0.1400,0.1867,0.0700,0.0700,0.6200,0.1400,0.1400,0.1400,0.0622,0.1050,0.0280,0.0280,0.0280,0.0280,0.0280,0.0280,0.0000,0.0000,0.0311,0.0311,0.0311,0.0280,0.1867,0.1867,0.1867,0.1050,0.0700,0.0700,0.0700,0.0280,0.0280,0.0280,0.0280,0.0280,0.0280,0.0280,0.0280,0.0622,0.0622,0.0622,0.0622,0.0622,0.0311,0.0311,0.0280,0.0280,0.0280,0.0311,0.0311,0.0311,0.0311,0.0700,0.0700,0.0700,0.0700,0.6200
java.annotation_semantics,0.0000,0.0400,0.0000,0.0400,0.0000,0.0000,0.8500,0.0000,0.0000,0.0000,0.0000,0.0000,0.0933,0.0000,0.0000,0.8500,0.0000,0.0000,0.0000,0.0000,0.6200,0.0000,0.0000,0.0400,0.6200,0.0000,0.0000,0.0400,0.0000,0.0000,0.6200,0.0400,0.0000,0.1680,0.0400,0.0400,0.0000,0.0000,0.0000,0.1680,0.0000,0.6200,0.0400,0.0000,0.0000,0.6200,0.0000,0.0000,0.0000,0.0000,0.0000,0.0000,0.0000,0.0000,0.6200,0.0000,0.0000,0.1680,0.0400,0.0933,0.0400,0.0000,0.0400,0.0400,0.0000,0.1680,0.0000,0.0400,0.0400,0.0400,0.0400,0.0400,0.0400,0.0400,0.0400,0.0000,0.0933,0.0000,0.0933,0.0000,0.6200,0.0400,0.0000,0.0933,0.0000,0.0000,0.0000,0.0400,0.0000,0.0400,0.0400,0.0000,0.0400,0.0000,0.1680,0.6200,0.0000,0.0000,0.0700,0.0700,0.0700,0.1400,0.1400,0.0700,0.0700,0.0700,0.0700,0.0700,0.0700,0.0700,0.0700,0.0700,0.0700,0.0700,0.6200,0.6200,0.6200,0.6200,0.0000,0.0700,0.6200,0.1400,0.1400,0.1867,0.0700,0.0700,0.6200,0.1400,0.1400,0.1400,0.0622,0.1050,0.0280,0.0280,0.0280,0.0280,0.0280,0.0280,0.0000,0.0000,0.0311,0.0311,0.0311,0.0280,0.1867,0.1867,0.1867,0.1050,0.0700,0.0700,0.0700,0.0280,0.0280,0.0280,0.0280,0.0280,0.0280,0.0280,0.0280,0.0622,0.0622,0.0622,0.0622,0.0622,0.0311,0.0311,0.0280,0.0280,0.0280,0.0311,0.0311,0.0311,0.0311,0.0700,0.0700,0.0700,0.0700,0.6200
java.annotation_processing,0.0000,0.0000,0.0000,0.0400,0.0000,0.0000,0.8500,0.0000,0.0000,0.0000,0.1680,0.0000,0.0000,0.0000,0.0000,0.0933,0.0000,0.8500,0.6200,0.0000,0.0933,0.0000,0.0000,0.0000,0.0933,0.0000,0.0000,0.0000,0.0000,0.0000,0.0933,0.0400,0.0000,0.0933,0.0400,0.0000,0.0000,0.0000,0.0000,0.0933,0.0000,0.0933,0.0000,0.1680,0.0000,0.0000,0.0000,0.0000,0.0000,0.0000,0.0000,0.6200,0.0000,0.0000,0.0400,0.0000,0.0000,0.0933,0.0000,0.0000,0.0000,0.1680,0.0400,0.0400,0.0000,0.0933,0.0000,0.0400,0.0400,0.0400,0.0400,0.0400,0.0000,0.0400,0.0000,0.0000,0.0000,0.0000,0.0000,0.0000,0.0933,0.0400,0.0000,0.0000,0.0000,0.0000,0.0000,0.0000,0.0000,0.0400,0.0400,0.0000,0.0400,0.0000,0.0933,0.0933,0.0000,0.0000,0.0311,0.0311,0.0311,0.0255,0.0255,0.0311,0.0311,0.0311,0.0311,0.0311,0.0311,0.0311,0.0311,0.0311,0.0311,0.0311,0.0700,0.0700,0.0700,0.0700,0.0700,0.0000,0.0700,0.0255,0.0255,0.1200,0.0000,0.0000,0.0700,0.0255,0.0255,0.0255,0.1050,0.0280,0.0280,0.0280,0.0280,0.0280,0.0280,0.0280,0.0000,0.0000,0.0000,0.0000,0.0000,0.0280,0.1200,0.1200,0.1200,0.0280,0.0700,0.0700,0.0700,0.0000,0.0000,0.0000,0.0000,0.0000,0.0000,0.0000,0.0000,0.1050,0.1050,0.1050,0.1050,0.1050,0.0000,0.0000,0.0622,0.0622,0.0622,0.0000,0.0000,0.0000,0.0000,0.6200,0.6200,0.6200,0.6200,0.0700
java.inner_local_anonymous_classes,0.0000,0.0400,0.0000,0.0400,0.0000,0.0000,0.6200,0.0000,0.0000,0.0000,0.0000,0.0000,0.8500,0.0000,0.0000,0.8500,0.0000,0.0000,0.0000,0.0000,0.6200,0.0000,0.0000,0.0400,0.6200,0.0000,0.0000,0.0400,0.0000,0.0000,0.6200,0.0400,0.0000,0.1680,0.0400,0.0400,0.0000,0.0000,0.0000,0.1680,0.0000,0.6200,0.0400,0.0000,0.0000,0.6200,0.0000,0.0000,0.0000,0.0000,0.0000,0.0000,0.0000,0.0000,0.6200,0.0000,0.0000,0.1680,0.0400,0.0933,0.0400,0.0000,0.0400,0.0400,0.0000,0.1680,0.0000,0.0400,0.0400,0.0400,0.0400,0.0400,0.0400,0.0400,0.0400,0.0000,0.8500,0.0000,0.0933,0.0000,0.6200,0.0400,0.0000,0.0933,0.0000,0.0000,0.0000,0.0400,0.0000,0.0400,0.0400,0.0000,0.0400,0.0000,0.1680,0.6200,0.0000,0.0000,0.0700,0.0700,0.0700,0.1400,0.1400,0.0700,0.0700,0.0700,0.0700,0.0700,0.0700,0.0700,0.0700,0.0700,0.0700,0.0700,0.6200,0.6200,0.6200,0.6200,0.6200,0.0700,0.0000,0.1400,0.1400,0.1867,0.0700,0.0700,0.6200,0.1400,0.1400,0.1400,0.0622,0.1050,0.0280,0.0280,0.0280,0.0280,0.0280,0.0280,0.0000,0.0000,0.0311,0.0311,0.0311,0.0280,0.1867,0.1867,0.1867,0.1050,0.0700,0.0700,0.0700,0.0280,0.0280,0.0280,0.0280,0.0280,0.0280,0.0280,0.0280,0.0622,0.0622,0.0622,0.0622,0.0622,0.0311,0.0311,0.0280,0.0280,0.0280,0.0311,0.0311,0.0311,0.0311,0.0700,0.0700,0.0700,0.0700,0.6200
java.default_interface_methods,0.0000,0.0311,0.0622,0.0700,0.0622,0.0000,0.0700,0.0622,0.0622,0.0311,0.0000,0.6200,0.0700,0.0622,0.0000,0.0700,0.6200,0.0000,0.0000,0.0622,0.0700,0.0311,0.0311,0.8500,0.0700,0.0311,0.0000,0.0311,0.0311,0.0311,0.8500,0.0700,0.0000,0.0700,0.0700,0.0311,0.0311,0.0622,0.0311,0.0700,0.0622,0.8500,0.0311,0.0000,0.0000,0.0700,0.0622,0.0622,0.0622,0.0622,0.0000,0.0000,0.0000,0.0622,0.0700,0.6200,0.0000,0.0700,0.0311,0.6200,0.0311,0.0000,0.0700,0.6200,0.0000,0.6200,0.0622,0.0700,0.0700,0.0700,0.0700,0.0700,0.0311,0.0700,0.0311,0.0311,0.0700,0.0622,0.0700,0.0622,0.0700,0.0700,0.0311,0.0700,0.0000,0.0000,0.0311,0.0311,0.0622,0.0700,0.0700,0.0622,0.0700,0.0000,0.0700,0.0700,0.0311,0.0622,0.1400,0.1400,0.1400,0.6200,0.6200,0.1400,0.1400,0.1400,0.1400,0.1400,0.1400,0.1400,0.1400,0.1400,0.1400,0.1400,0.1400,0.1400,0.1400,0.1400,0.1400,0.0255,0.1400,0.0000,0.6200,0.0933,0.0560,0.0560,0.1400,0.6200,0.6200,0.6200,0.0509,0.1244,0.0509,0.0509,0.0509,0.0509,0.0509,0.0509,0.0560,0.0560,0.0560,0.0560,0.0560,0.0509,0.0933,0.0933,0.0933,0.1244,0.0560,0.0560,0.0560,0.0233,0.0233,0.0233,0.0233,0.0233,0.0233,0.0233,0.0233,0.0509,0.0509,0.0509,0.0509,0.0509,0.0255,0.0255,0.0233,0.0233,0.0233,0.0255,0.0560,0.0560,0.0560,0.0255,0.0255,0.0255,0.0255,0.1400
java.field_hiding_method_overriding,0.0000,0.0311,0.0622,0.0700,0.0622,0.0000,0.0700,0.0622,0.0622,0.0311,0.0000,0.6200,0.0700,0.0622,0.0000,0.0700,0.6200,0.0000,0.0000,0.0622,0.0700,0.0311,0.0311,0.8500,0.0700,0.0311,0.0000,0.0311,0.0311,0.0311,0.0700,0.0700,0.0000,0.0700,0.0700,0.0311,0.0311,0.0622,0.0311,0.0700,0.0622,0.0700,0.0311,0.0000,0.0000,0.0700,0.0622,0.0622,0.0622,0.0622,0.0000,0.0000,0.0000,0.0622,0.0700,0.8500,0.0000,0.0700,0.0311,0.8500,0.0311,0.0000,0.0700,0.6200,0.0000,0.6200,0.0622,0.0700,0.0700,0.0700,0.0700,0.0700,0.0311,0.0700,0.0311,0.0311,0.0700,0.0622,0.0700,0.0622,0.0700,0.8500,0.0311,0.0700,0.0000,0.0000,0.0311,0.0311,0.0622,0.0700,0.0700,0.0622,0.0700,0.0000,0.0700,0.0700,0.0311,0.0622,0.1400,0.1400,0.1400,0.6200,0.6200,0.1400,0.1400,0.1400,0.1400,0.1400,0.1400,0.1400,0.1400,0.1400,0.1400,0.1400,0.1400,0.1400,0.1400,0.1400,0.1400,0.0255,0.1400,0.6200,0.0000,0.0933,0.0560,0.0560,0.1400,0.6200,0.6200,0.6200,0.0509,0.1244,0.0509,0.0509,0.0509,0.0509,0.0509,0.0509,0.0560,0.0560,0.0560,0.0560,0.0560,0.0509,0.0933,0.0933,0.0933,0.1244,0.0560,0.0560,0.0560,0.0233,0.0233,0.0233,0.0233,0.0233,0.0233,0.0233,0.0233,0.0509,0.0509,0.0509,0.0509,0.0509,0.0255,0.0255,0.0233,0.0233,0.0233,0.0255,0.0560,0.0560,0.0560,0.0255,0.0255,0.0255,0.0255,0.1400
java.access_control,0.0000,0.0000,0.0000,0.0400,0.0000,0.0000,0.1680,0.0000,0.0000,0.0000,0.0400,0.0000,0.0933,0.0000,0.0000,0.1680,0.0000,0.0400,0.0400,0.0000,0.1680,0.0000,0.0000,0.0000,0.1680,0.0000,0.0000,0.0000,0.0000,0.0000,0.1680,0.0400,0.0000,0.1680,0.0400,0.0000,0.0000,0.0000,0.0000,0.6200,0.0000,0.1680,0.0000,0.0400,0.0000,0.0933,0.0000,0.0000,0.0000,0.0000,0.0000,0.0400,0.0000,0.0000,0.0400,0.8500,0.0000,0.6200,0.0000,0.0933,0.0000,0.0400,0.0400,0.0400,0.0000,0.1680,0.0000,0.0400,0.0400,0.0400,0.0400,0.0400,0.0000,0.0400,0.0000,0.0000,0.8500,0.0000,0.0933,0.0000,0.1680,0.0400,0.0000,0.6200,0.0000,0.0000,0.0000,0.0000,0.0000,0.0400,0.0400,0.0000,0.0400,0.0000,0.1680,0.8500,0.0000,0.0000,0.0311,0.0311,0.0311,0.0933,0.0933,0.0311,0.0311,0.0311,0.0311,0.0311,0.0311,0.0311,0.0311,0.0311,0.0311,0.0311,0.1867,0.1867,0.1867,0.1867,0.1867,0.1200,0.1867,0.0933,0.0933,0.0000,0.0700,0.0700,0.1867,0.0933,0.0933,0.0933,0.0280,0.0622,0.0280,0.0280,0.0280,0.0280,0.0280,0.0280,0.0000,0.0000,0.0000,0.0000,0.0000,0.0280,0.6200,0.6200,0.6200,0.0622,0.0311,0.0311,0.0311,0.0000,0.0000,0.0000,0.0000,0.0000,0.0000,0.0000,0.0000,0.0280,0.0280,0.0280,0.0280,0.0280,0.0000,0.0000,0.0000,0.0000,0.0000,0.0000,0.0000,0.0000,0.0000,0.1200,0.1200,0.1200,0.1200,0.1867
java.definite_assignment_unassignment,0.0000,0.0000,0.0350,0.0000,0.0350,0.0000,0.0400,0.0350,0.0350,0.0400,0.0000,0.0350,0.6200,0.0350,0.0000,0.0400,0.0350,0.0000,0.0000,0.0350,0.0400,0.0400,0.0400,0.0000,0.0400,0.0400,0.0000,0.0000,0.0400,0.0400,0.0400,0.0000,0.0000,0.0400,0.0000,0.0000,0.0400,0.0350,0.8500,0.0400,0.0350,0.0400,0.0000,0.0000,0.0000,0.1680,0.0350,0.0350,0.0350,0.0350,0.0000,0.0000,0.0000,0.0350,0.0000,0.0350,0.0000,0.0400,0.6200,0.1680,0.0000,0.0000,0.0000,0.0000,0.0000,0.0400,0.0350,0.0000,0.0000,0.0000,0.0000,0.0000,0.0000,0.0000,0.0000,0.0400,0.8500,0.0350,0.6200,0.0350,0.0400,0.0000,0.0400,0.1680,0.0000,0.0000,0.0400,0.0000,0.0350,0.0000,0.0000,0.0350,0.0000,0.0000,0.8500,0.0400,0.0400,0.0350,0.0000,0.0000,0.0000,0.0560,0.0560,0.0000,0.0000,0.0000,0.0000,0.0000,0.0000,0.0000,0.0000,0.0000,0.0000,0.0000,0.0700,0.0700,0.0700,0.0700,0.0700,0.0000,0.0700,0.0560,0.0560,0.0700,0.0000,0.6200,0.0700,0.0560,0.0560,0.0560,0.0622,0.0280,0.0622,0.0622,0.0622,0.0622,0.0622,0.0622,0.0311,0.0311,0.0311,0.0311,0.0311,0.0622,0.0700,0.0700,0.0700,0.0280,0.0000,0.0000,0.0000,0.0280,0.0280,0.0280,0.0280,0.0280,0.0280,0.0280,0.0280,0.0622,0.0622,0.0622,0.0622,0.0622,0.0000,0.0000,0.0622,0.0622,0.0622,0.0000,0.0000,0.0000,0.0000,0.0000,0.0000,0.0000,0.0000,0.0700
java.effectively_final_capture,0.0000,0.0000,0.0350,0.0000,0.0350,0.0000,0.0400,0.0350,0.0350,0.0400,0.0000,0.0350,0.8500,0.0350,0.0000,0.0400,0.8500,0.0000,0.0000,0.0350,0.0400,0.0400,0.0400,0.0000,0.0400,0.0400,0.0000,0.0000,0.0400,0.0400,0.0400,0.0000,0.0000,0.0400,0.0000,0.0000,0.0400,0.0350,0.0400,0.0400,0.0350,0.0400,0.0000,0.0000,0.0000,0.1680,0.0350,0.0350,0.0350,0.0350,0.0000,0.0000,0.0000,0.0350,0.0000,0.0350,0.0000,0.0400,0.6200,0.1680,0.0000,0.0000,0.0000,0.0000,0.0000,0.0400,0.0350,0.0000,0.0000,0.0000,0.0000,0.0000,0.0000,0.0000,0.0000,0.0400,0.1680,0.0350,0.6200,0.0350,0.0400,0.0000,0.0400,0.1680,0.0000,0.0000,0.0400,0.0000,0.0350,0.0000,0.0000,0.0350,0.0000,0.0000,0.8500,0.0400,0.0400,0.0350,0.0000,0.0000,0.0000,0.0560,0.0560,0.0000,0.0000,0.0000,0.0000,0.0000,0.0000,0.0000,0.0000,0.0000,0.0000,0.0000,0.0700,0.0700,0.0700,0.0700,0.0700,0.0000,0.0700,0.0560,0.0560,0.0700,0.6200,0.0000,0.0700,0.0560,0.0560,0.0560,0.0622,0.0280,0.0622,0.0622,0.0622,0.0622,0.0622,0.0622,0.0311,0.0311,0.0311,0.0311,0.0311,0.0622,0.0700,0.0700,0.0700,0.0280,0.0000,0.0000,0.0000,0.0280,0.0280,0.0280,0.0280,0.0280,0.0280,0.0280,0.0280,0.0622,0.0622,0.0622,0.0622,0.0622,0.0000,0.0000,0.0622,0.0622,0.0622,0.0000,0.0000,0.0000,0.0000,0.0000,0.0000,0.0000,0.0000,0.0700
java.static_instance_initialization_order,0.0000,0.0400,0.0000,0.0400,0.0000,0.0000,0.6200,0.0000,0.0000,0.0000,0.0000,0.0000,0.0933,0.0000,0.0000,0.8500,0.0000,0.0000,0.0000,0.0000,0.8500,0.0000,0.0000,0.0400,0.6200,0.0000,0.0000,0.0400,0.0000,0.0000,0.6200,0.0400,0.0000,0.1680,0.0400,0.0400,0.0000,0.0000,0.0000,0.1680,0.0000,0.6200,0.0400,0.0000,0.0000,0.6200,0.0000,0.0000,0.0000,0.0000,0.0000,0.0000,0.0000,0.0000,0.6200,0.0000,0.0000,0.1680,0.0400,0.0933,0.0400,0.0000,0.0400,0.0400,0.0000,0.1680,0.0000,0.0400,0.0400,0.0400,0.0400,0.0400,0.0400,0.0400,0.0400,0.0000,0.0933,0.0000,0.0933,0.0000,0.6200,0.0400,0.0000,0.0933,0.0000,0.0000,0.0000,0.0400,0.0000,0.0400,0.0400,0.0000,0.0400,0.0000,0.8500,0.6200,0.0000,0.0000,0.0700,0.0700,0.0700,0.1400,0.1400,0.0700,0.0700,0.0700,0.0700,0.0700,0.0700,0.0700,0.0700,0.0700,0.0700,0.0700,0.6200,0.6200,0.6200,0.6200,0.6200,0.0700,0.6200,0.1400,0.1400,0.1867,0.0700,0.0700,0.0000,0.1400,0.1400,0.1400,0.0622,0.1050,0.0280,0.0280,0.0280,0.0280,0.0280,0.0280,0.0000,0.0000,0.0311,0.0311,0.0311,0.0280,0.1867,0.1867,0.1867,0.1050,0.0700,0.0700,0.0700,0.0280,0.0280,0.0280,0.0280,0.0280,0.0280,0.0280,0.0280,0.0622,0.0622,0.0622,0.0622,0.0622,0.0311,0.0311,0.0280,0.0280,0.0280,0.0311,0.0311,0.0311,0.0311,0.0700,0.0700,0.0700,0.0700,0.6200
java.lambda_target_typing,0.0000,0.0311,0.0622,0.0700,0.0622,0.0000,0.0700,0.0622,0.0622,0.0311,0.0000,0.6200,0.0700,0.0622,0.0000,0.0700,0.8500,0.0000,0.0000,0.0622,0.0700,0.0311,0.0311,0.6200,0.0700,0.0311,0.0000,0.0311,0.0311,0.0311,0.0700,0.8500,0.0000,0.0700,0.0700,0.0311,0.0311,0.0622,0.0311,0.0700,0.0622,0.0700,0.0311,0.0000,0.0000,0.0700,0.0622,0.0622,0.0622,0.0622,0.0000,0.0000,0.0000,0.0622,0.0700,0.6200,0.0000,0.0700,0.0311,0.6200,0.0311,0.0000,0.0700,0.6200,0.0000,0.6200,0.0622,0.0700,0.0700,0.0700,0.0700,0.0700,0.0311,0.0700,0.0311,0.0311,0.0700,0.0622,0.0700,0.0622,0.0700,0.0700,0.0311,0.0700,0.0000,0.0000,0.0311,0.0311,0.0622,0.0700,0.8500,0.0622,0.0700,0.0000,0.0700,0.0700,0.0311,0.0622,0.1400,0.1400,0.1400,0.6200,0.6200,0.1400,0.1400,0.1400,0.1400,0.1400,0.1400,0.1400,0.1400,0.1400,0.1400,0.1400,0.1400,0.1400,0.1400,0.1400,0.1400,0.0255,0.1400,0.6200,0.6200,0.0933,0.0560,0.0560,0.1400,0.0000,0.6200,0.6200,0.0509,0.1244,0.0509,0.0509,0.0509,0.0509,0.0509,0.0509,0.0560,0.0560,0.0560,0.0560,0.0560,0.0509,0.0933,0.0933,0.0933,0.1244,0.0560,0.0560,0.0560,0.0233,0.0233,0.0233,0.0233,0.0233,0.0233,0.0233,0.0233,0.0509,0.0509,0.0509,0.0509,0.0509,0.0255,0.0255,0.0233,0.0233,0.0233,0.0255,0.0560,0.0560,0.0560,0.0255,0.0255,0.0255,0.0255,0.1400
java.method_references,0.0000,0.0311,0.0622,0.0700,0.0622,0.0000,0.0700,0.0622,0.0622,0.0311,0.0000,0.8500,0.0700,0.0622,0.0000,0.0700,0.8500,0.0000,0.0000,0.0622,0.0700,0.0311,0.0311,0.6200,0.0700,0.0311,0.0000,0.0311,0.0311,0.0311,0.0700,0.0700,0.0000,0.0700,0.0700,0.0311,0.0311,0.0622,0.0311,0.0700,0.0622,0.0700,0.0311,0.0000,0.0000,0.0700,0.0622,0.0622,0.0622,0.0622,0.0000,0.0000,0.0000,0.0622,0.0700,0.8500,0.0000,0.0700,0.0311,0.6200,0.0311,0.0000,0.0700,0.6200,0.0000,0.6200,0.0622,0.0700,0.0700,0.0700,0.0700,0.0700,0.0311,0.0700,0.0311,0.0311,0.0700,0.0622,0.0700,0.0622,0.0700,0.0700,0.0311,0.0700,0.0000,0.0000,0.0311,0.0311,0.0622,0.0700,0.0700,0.0622,0.0700,0.0000,0.0700,0.0700,0.0311,0.0622,0.1400,0.1400,0.1400,0.6200,0.6200,0.1400,0.1400,0.1400,0.1400,0.1400,0.1400,0.1400,0.1400,0.1400,0.1400,0.1400,0.1400,0.1400,0.1400,0.1400,0.1400,0.0255,0.1400,0.6200,0.6200,0.0933,0.0560,0.0560,0.1400,0.6200,0.0000,0.6200,0.0509,0.1244,0.0509,0.0509,0.0509,0.0509,0.0509,0.0509,0.0560,0.0560,0.0560,0.0560,0.0560,0.0509,0.0933,0.0933,0.0933,0.1244,0.0560,0.0560,0.0560,0.0233,0.0233,0.0233,0.0233,0.0233,0.0233,0.0233,0.0233,0.0509,0.0509,0.0509,0.0509,0.0509,0.0255,0.0255,0.0233,0.0233,0.0233,0.0255,0.0560,0.0560,0.0560,0.0255,0.0255,0.0255,0.0255,0.1400
java.virtual_interface_dispatch,0.0000,0.0311,0.0622,0.0700,0.0622,0.0000,0.0700,0.0622,0.0622,0.0311,0.0000,0.8500,0.0700,0.0622,0.0000,0.8500,0.6200,0.0000,0.0000,0.0622,0.0700,0.0311,0.0311,0.8500,0.0700,0.0311,0.0000,0.0311,0.0311,0.0311,0.0700,0.0700,0.0000,0.0700,0.0700,0.0311,0.0311,0.0622,0.0311,0.0700,0.0622,0.8500,0.0311,0.0000,0.0000,0.0700,0.0622,0.0622,0.0622,0.0622,0.0000,0.0000,0.0000,0.0622,0.0700,0.6200,0.0000,0.0700,0.0311,0.6200,0.0311,0.0000,0.0700,0.6200,0.0000,0.6200,0.0622,0.0700,0.0700,0.0700,0.0700,0.0700,0.0311,0.0700,0.0311,0.0311,0.0700,0.0622,0.0700,0.0622,0.0700,0.0700,0.0311,0.0700,0.0000,0.0000,0.0311,0.0311,0.0622,0.0700,0.0700,0.0622,0.0700,0.0000,0.0700,0.0700,0.0311,0.0622,0.1400,0.1400,0.1400,0.6200,0.6200,0.1400,0.1400,0.1400,0.1400,0.1400,0.1400,0.1400,0.1400,0.1400,0.1400,0.1400,0.1400,0.1400,0.1400,0.1400,0.1400,0.0255,0.1400,0.6200,0.6200,0.0933,0.0560,0.0560,0.1400,0.6200,0.6200,0.0000,0.0509,0.1244,0.0509,0.0509,0.0509,0.0509,0.0509,0.0509,0.0560,0.0560,0.0560,0.0560,0.0560,0.0509,0.0933,0.0933,0.0933,0.1244,0.0560,0.0560,0.0560,0.0233,0.0233,0.0233,0.0233,0.0233,0.0233,0.0233,0.0233,0.0509,0.0509,0.0509,0.0509,0.0509,0.0255,0.0255,0.0233,0.0233,0.0233,0.0255,0.0560,0.0560,0.0560,0.0255,0.0255,0.0255,0.0255,0.1400
java.invokedynamic_bootstrap,0.0000,0.0350,0.0311,0.0350,0.0311,0.0000,0.0350,0.0311,0.0311,0.0350,0.8500,0.8500,0.0000,0.0311,0.0000,0.0350,0.0311,0.0800,0.0800,0.0311,0.0350,0.0350,0.0350,0.8500,0.0350,0.0350,0.0000,0.0350,0.0350,0.0350,0.0350,0.0350,0.0000,0.0350,0.0350,0.0350,0.0350,0.0311,0.0350,0.0350,0.0311,0.0350,0.0350,0.6200,0.0000,0.0000,0.0311,0.0311,0.0311,0.0311,0.0000,0.0800,0.0000,0.0311,0.0350,0.0311,0.0000,0.0350,0.0350,0.0000,0.0350,0.0800,0.0350,0.0350,0.0000,0.0350,0.0311,0.0350,0.0350,0.0350,0.0350,0.0350,0.0350,0.0350,0.0350,0.0350,0.0000,0.0311,0.0000,0.0311,0.0350,0.0350,0.0350,0.0000,0.0000,0.0000,0.0350,0.0350,0.0311,0.0350,0.0350,0.0311,0.0350,0.0000,0.0350,0.0350,0.0350,0.0311,0.0622,0.0622,0.0622,0.0509,0.0509,0.0622,0.0622,0.0622,0.0622,0.0622,0.0622,0.0622,0.0622,0.0622,0.0622,0.0622,0.0622,0.0622,0.0622,0.0622,0.0622,0.1050,0.0622,0.0509,0.0509,0.0280,0.0622,0.0622,0.0622,0.0509,0.0509,0.0509,0.0000,0.0560,0.0933,0.0933,0.0933,0.0933,0.0933,0.0933,0.0280,0.0280,0.0622,0.0622,0.0622,0.0933,0.0280,0.0280,0.0280,0.0560,0.1050,0.1050,0.1050,0.0560,0.0560,0.0560,0.0560,0.0560,0.0560,0.0560,0.0560,0.6200,0.6200,0.6200,0.6200,0.6200,0.0280,0.0280,0.2000,0.2000,0.2000,0.0280,0.0280,0.0280,0.0280,0.1050,0.1050,0.1050,0.1050,0.0622
java.method_handles_varhandles,0.0350,0.0800,0.0311,0.0350,0.0311,0.8500,0.0800,0.0311,0.0311,0.0000,0.0000,0.0311,0.0350,0.0311,0.0000,0.0800,0.0311,0.0000,0.0000,0.0311,0.0800,0.0000,0.0000,0.8500,0.0800,0.0000,0.0350,0.6200,0.0000,0.0000,0.0800,0.0350,0.0350,0.0800,0.0350,0.6200,0.0000,0.0311,0.0000,0.0800,0.0311,0.0800,0.6200,0.0000,0.0350,0.0350,0.0311,0.0311,0.0311,0.0311,0.0000,0.0000,0.0350,0.0311,0.0350,0.0311,0.0000,0.0800,0.0800,0.0350,0.6200,0.0000,0.0350,0.0350,0.0350,0.0800,0.0311,0.0350,0.0350,0.0350,0.0350,0.0350,0.6200,0.0350,0.8500,0.0000,0.0350,0.0311,0.0350,0.0311,0.0800,0.0350,0.0000,0.0350,0.0000,0.0000,0.0000,0.6200,0.0311,0.0350,0.0350,0.0311,0.0350,0.0350,0.0800,0.0800,0.0000,0.0311,0.1050,0.1050,0.1050,0.1244,0.1244,0.1050,0.1050,0.1050,0.1050,0.1050,0.1050,0.1050,0.1050,0.1050,0.1050,0.1050,0.1050,0.1050,0.1050,0.1050,0.1050,0.0280,0.1050,0.1244,0.1244,0.0622,0.0280,0.0280,0.1050,0.1244,0.1244,0.1244,0.0560,0.0000,0.0255,0.0255,0.0255,0.0255,0.0255,0.0255,0.0280,0.0280,0.0622,0.0622,0.0622,0.0255,0.0622,0.0622,0.0622,0.6200,0.0622,0.0622,0.0622,0.0560,0.0560,0.0560,0.0560,0.0560,0.0560,0.0560,0.0560,0.0560,0.0560,0.0560,0.0560,0.0560,0.1050,0.1050,0.0255,0.0255,0.0255,0.1050,0.0622,0.0622,0.0622,0.0280,0.0280,0.0280,0.0280,0.1050
java.switch_expression,0.0000,0.0000,0.1200,0.0350,0.1200,0.0000,0.0350,0.1200,0.1200,0.6200,0.0000,0.1200,0.0000,0.1200,0.0000,0.0350,0.1200,0.0000,0.0000,0.1200,0.0350,0.6200,0.1400,0.0000,0.0350,0.1400,0.0000,0.0000,0.6200,0.6200,0.0350,0.0350,0.0000,0.0350,0.0350,0.0000,0.6200,0.1200,0.6200,0.0350,0.1200,0.0350,0.0000,0.0000,0.0000,0.0000,0.1200,0.1200,0.1200,0.1200,0.0000,0.0000,0.0000,0.1200,0.0350,0.1200,0.0000,0.0350,0.0000,0.0000,0.0000,0.0000,0.0350,0.0350,0.0000,0.0350,0.6200,0.0350,0.0350,0.0350,0.0350,0.0350,0.0000,0.0350,0.0000,0.6200,0.0000,0.1200,0.0000,0.1200,0.0350,0.0350,0.8500,0.0000,0.0000,0.0000,0.1400,0.0000,0.1200,0.0350,0.0350,0.1200,0.0350,0.0000,0.0350,0.0350,0.6200,0.8500,0.0280,0.0280,0.0280,0.0509,0.0509,0.0280,0.0280,0.0280,0.0280,0.0280,0.0280,0.0280,0.0280,0.0280,0.0280,0.0280,0.0280,0.0280,0.0280,0.0280,0.0280,0.0280,0.0280,0.0509,0.0509,0.0280,0.0622,0.0622,0.0280,0.0509,0.0509,0.0509,0.0933,0.0255,0.0000,0.6200,0.6200,0.6200,0.6200,0.6200,0.1600,0.1600,0.1050,0.1050,0.1050,0.6200,0.0280,0.0280,0.0280,0.0255,0.0280,0.0280,0.0280,0.0255,0.0255,0.0255,0.0255,0.0255,0.0255,0.0255,0.0255,0.0933,0.0933,0.0933,0.0933,0.0933,0.0000,0.0000,0.0560,0.0560,0.0560,0.0000,0.0000,0.0000,0.0000,0.0280,0.0280,0.0280,0.0280,0.0280
java.pattern_instanceof,0.0000,0.0000,0.1200,0.0350,0.1200,0.0000,0.0350,0.1200,0.1200,0.6200,0.0000,0.1200,0.0000,0.8500,0.0000,0.0350,0.1200,0.0000,0.0000,0.1200,0.0350,0.6200,0.1400,0.0000,0.0350,0.1400,0.0000,0.0000,0.6200,0.6200,0.0350,0.0350,0.0000,0.0350,0.0350,0.0000,0.6200,0.1200,0.8500,0.0350,0.1200,0.0350,0.0000,0.0000,0.0000,0.0000,0.1200,0.1200,0.1200,0.1200,0.0000,0.0000,0.0000,0.1200,0.0350,0.1200,0.0000,0.0350,0.0000,0.0000,0.0000,0.0000,0.0350,0.0350,0.0000,0.0350,0.8500,0.0350,0.0350,0.0350,0.0350,0.0350,0.0000,0.0350,0.0000,0.6200,0.0000,0.1200,0.0000,0.1200,0.0350,0.0350,0.6200,0.0000,0.0000,0.0000,0.1400,0.0000,0.1200,0.0350,0.0350,0.1200,0.0350,0.0000,0.0350,0.0350,0.6200,0.6200,0.0280,0.0280,0.0280,0.0509,0.0509,0.0280,0.0280,0.0280,0.0280,0.0280,0.0280,0.0280,0.0280,0.0280,0.0280,0.0280,0.0280,0.0280,0.0280,0.0280,0.0280,0.0280,0.0280,0.0509,0.0509,0.0280,0.0622,0.0622,0.0280,0.0509,0.0509,0.0509,0.0933,0.0255,0.6200,0.0000,0.6200,0.6200,0.6200,0.6200,0.1600,0.1600,0.1050,0.1050,0.1050,0.6200,0.0280,0.0280,0.0280,0.0255,0.0280,0.0280,0.0280,0.0255,0.0255,0.0255,0.0255,0.0255,0.0255,0.0255,0.0255,0.0933,0.0933,0.0933,0.0933,0.0933,0.0000,0.0000,0.0560,0.0560,0.0560,0.0000,0.0000,0.0000,0.0000,0.0280,0.0280,0.0280,0.0280,0.0280
java.record_patterns,0.0000,0.0000,0.1200,0.0350,0.1200,0.0000,0.0350,0.1200,0.1200,0.6200,0.0000,0.1200,0.0000,0.1200,0.0000,0.0350,0.1200,0.0000,0.0000,0.1200,0.0350,0.6200,0.1400,0.0000,0.0350,0.1400,0.0000,0.0000,0.6200,0.6200,0.0350,0.0350,0.0000,0.0350,0.0350,0.0000,0.6200,0.1200,0.6200,0.0350,0.1200,0.0350,0.0000,0.0000,0.0000,0.0000,0.1200,0.1200,0.1200,0.1200,0.0000,0.0000,0.0000,0.1200,0.0350,0.1200,0.0000,0.0350,0.0000,0.0000,0.0000,0.0000,0.0350,0.0350,0.0000,0.0350,0.8500,0.0350,0.0350,0.0350,0.0350,0.0350,0.0000,0.0350,0.0000,0.6200,0.0000,0.1200,0.0000,0.1200,0.8500,0.0350,0.8500,0.0000,0.0000,0.0000,0.1400,0.0000,0.1200,0.0350,0.0350,0.1200,0.0350,0.0000,0.0350,0.0350,0.6200,0.6200,0.0280,0.0280,0.0280,0.0509,0.0509,0.0280,0.0280,0.0280,0.0280,0.0280,0.0280,0.0280,0.0280,0.0280,0.0280,0.0280,0.0280,0.0280,0.0280,0.0280,0.0280,0.0280,0.0280,0.0509,0.0509,0.0280,0.0622,0.0622,0.0280,0.0509,0.0509,0.0509,0.0933,0.0255,0.6200,0.6200,0.0000,0.6200,0.6200,0.6200,0.1600,0.1600,0.1050,0.1050,0.1050,0.6200,0.0280,0.0280,0.0280,0.0255,0.0280,0.0280,0.0280,0.0255,0.0255,0.0255,0.0255,0.0255,0.0255,0.0255,0.0255,0.0933,0.0933,0.0933,0.0933,0.0933,0.0000,0.0000,0.0560,0.0560,0.0560,0.0000,0.0000,0.0000,0.0000,0.0280,0.0280,0.0280,0.0280,0.0280
java.pattern_switch_exhaustiveness,0.0000,0.0000,0.1200,0.0350,0.1200,0.0000,0.0350,0.1200,0.1200,0.6200,0.0000,0.1200,0.0000,0.1200,0.0000,0.0350,0.1200,0.0000,0.0000,0.1200,0.0350,0.6200,0.1400,0.0000,0.0350,0.1400,0.0000,0.0000,0.6200,0.6200,0.0350,0.0350,0.0000,0.0350,0.0350,0.0000,0.6200,0.1200,0.6200,0.0350,0.1200,0.0350,0.0000,0.0000,0.0000,0.0000,0.1200,0.1200,0.1200,0.1200,0.0000,0.0000,0.0000,0.1200,0.0350,0.1200,0.0000,0.0350,0.0000,0.0000,0.0000,0.0000,0.0350,0.0350,0.0000,0.0350,0.8500,0.0350,0.0350,0.0350,0.0350,0.0350,0.0000,0.0350,0.0000,0.6200,0.0000,0.1200,0.0000,0.1200,0.0350,0.8500,0.8500,0.0000,0.0000,0.0000,0.1400,0.0000,0.1200,0.0350,0.0350,0.1200,0.0350,0.0000,0.0350,0.0350,0.6200,0.6200,0.0280,0.0280,0.0280,0.0509,0.0509,0.0280,0.0280,0.0280,0.0280,0.0280,0.0280,0.0280,0.0280,0.0280,0.0280,0.0280,0.0280,0.0280,0.0280,0.0280,0.0280,0.0280,0.0280,0.0509,0.0509,0.0280,0.0622,0.0622,0.0280,0.0509,0.0509,0.0509,0.0933,0.0255,0.6200,0.6200,0.6200,0.0000,0.6200,0.6200,0.1600,0.1600,0.1050,0.1050,0.1050,0.6200,0.0280,0.0280,0.0280,0.0255,0.0280,0.0280,0.0280,0.0255,0.0255,0.0255,0.0255,0.0255,0.0255,0.0255,0.0255,0.0933,0.0933,0.0933,0.0933,0.0933,0.0000,0.0000,0.0560,0.0560,0.0560,0.0000,0.0000,0.0000,0.0000,0.0280,0.0280,0.0280,0.0280,0.0280
java.foreach_desugaring,0.0000,0.0000,0.1200,0.0350,0.1200,0.0000,0.0350,0.1200,0.1200,0.6200,0.0000,0.1200,0.0000,0.1200,0.0000,0.0350,0.1200,0.0000,0.0000,0.1200,0.0350,0.6200,0.1400,0.0000,0.0350,0.1400,0.0000,0.0000,0.8500,0.8500,0.0350,0.0350,0.0000,0.0350,0.0350,0.0000,0.6200,0.1200,0.6200,0.0350,0.1200,0.0350,0.0000,0.0000,0.0000,0.0000,0.1200,0.1200,0.1200,0.1200,0.0000,0.0000,0.0000,0.1200,0.0350,0.1200,0.0000,0.0350,0.0000,0.0000,0.0000,0.0000,0.0350,0.0350,0.0000,0.0350,0.6200,0.0350,0.0350,0.0350,0.0350,0.0350,0.0000,0.0350,0.0000,0.6200,0.0000,0.1200,0.0000,0.1200,0.0350,0.0350,0.6200,0.0000,0.0000,0.0000,0.1400,0.0000,0.1200,0.0350,0.0350,0.1200,0.0350,0.0000,0.0350,0.0350,0.6200,0.6200,0.0280,0.0280,0.0280,0.0509,0.0509,0.0280,0.0280,0.0280,0.0280,0.0280,0.0280,0.0280,0.0280,0.0280,0.0280,0.0280,0.0280,0.0280,0.0280,0.0280,0.0280,0.0280,0.0280,0.0509,0.0509,0.0280,0.0622,0.0622,0.0280,0.0509,0.0509,0.0509,0.0933,0.0255,0.6200,0.6200,0.6200,0.6200,0.0000,0.6200,0.1600,0.1600,0.1050,0.1050,0.1050,0.6200,0.0280,0.0280,0.0280,0.0255,0.0280,0.0280,0.0280,0.0255,0.0255,0.0255,0.0255,0.0255,0.0255,0.0255,0.0255,0.0933,0.0933,0.0933,0.0933,0.0933,0.0000,0.0000,0.0560,0.0560,0.0560,0.0000,0.0000,0.0000,0.0000,0.0280,0.0280,0.0280,0.0280,0.0280
java.labeled_break_continue,0.0000,0.0000,0.1200,0.0350,0.1200,0.0000,0.0350,0.1200,0.1200,0.8500,0.0000,0.1200,0.0000,0.1200,0.0000,0.0350,0.1200,0.0000,0.0000,0.1200,0.0350,0.8500,0.1400,0.0000,0.0350,0.1400,0.0000,0.0000,0.6200,0.6200,0.0350,0.0350,0.0000,0.0350,0.0350,0.0000,0.8500,0.1200,0.6200,0.0350,0.1200,0.0350,0.0000,0.0000,0.0000,0.0000,0.1200,0.1200,0.1200,0.1200,0.0000,0.0000,0.0000,0.1200,0.0350,0.1200,0.0000,0.0350,0.0000,0.0000,0.0000,0.0000,0.0350,0.0350,0.0000,0.0350,0.6200,0.0350,0.0350,0.0350,0.0350,0.0350,0.0000,0.0350,0.0000,0.6200,0.0000,0.1200,0.0000,0.1200,0.0350,0.0350,0.6200,0.0000,0.0000,0.0000,0.1400,0.0000,0.1200,0.0350,0.0350,0.1200,0.0350,0.0000,0.0350,0.0350,0.6200,0.6200,0.0280,0.0280,0.0280,0.0509,0.0509,0.0280,0.0280,0.0280,0.0280,0.0280,0.0280,0.0280,0.0280,0.0280,0.0280,0.0280,0.0280,0.0280,0.0280,0.0280,0.0280,0.0280,0.0280,0.0509,0.0509,0.0280,0.0622,0.0622,0.0280,0.0509,0.0509,0.0509,0.0933,0.0255,0.6200,0.6200,0.6200,0.6200,0.6200,0.0000,0.1600,0.1600,0.1050,0.1050,0.1050,0.6200,0.0280,0.0280,0.0280,0.0255,0.0280,0.0280,0.0280,0.0255,0.0255,0.0255,0.0255,0.0255,0.0255,0.0255,0.0255,0.0933,0.0933,0.0933,0.0933,0.0933,0.0000,0.0000,0.0560,0.0560,0.0560,0.0000,0.0000,0.0000,0.0000,0.0280,0.0280,0.0280,0.0280,0.0280
java.left_to_right_evaluation,0.0000,0.0000,0.6200,0.0000,0.8500,0.0000,0.0000,0.6200,0.8500,0.0933,0.0000,0.8500,0.0000,0.6200,0.0000,0.0000,0.2240,0.0000,0.0000,0.6200,0.0000,0.0933,0.0933,0.0000,0.0000,0.0933,0.0000,0.0000,0.0933,0.0933,0.0000,0.0000,0.0000,0.0000,0.0000,0.0000,0.0933,0.6200,0.0933,0.0000,0.6200,0.0000,0.0000,0.0000,0.0000,0.0000,0.6200,0.6200,0.6200,0.6200,0.0000,0.0000,0.0000,0.6200,0.0000,0.8500,0.0000,0.0000,0.0000,0.0000,0.0000,0.0000,0.0000,0.0000,0.0000,0.0000,0.2240,0.0000,0.0000,0.0000,0.0000,0.0000,0.0000,0.0000,0.0000,0.0933,0.0000,0.6200,0.0000,0.6200,0.0000,0.0000,0.0933,0.0000,0.0000,0.0000,0.0933,0.0000,0.6200,0.0000,0.0000,0.6200,0.0000,0.0000,0.0000,0.0000,0.0933,0.2240,0.0311,0.0311,0.0311,0.0560,0.0560,0.0311,0.0311,0.0311,0.0311,0.0311,0.0311,0.0311,0.0311,0.0311,0.0311,0.0311,0.0000,0.0000,0.0000,0.0000,0.0000,0.0000,0.0000,0.0560,0.0560,0.0000,0.0311,0.0311,0.0000,0.0560,0.0560,0.0560,0.0280,0.0280,0.1600,0.1600,0.1600,0.1600,0.1600,0.1600,0.0000,0.6200,0.0700,0.0700,0.0700,0.1600,0.0000,0.0000,0.0000,0.0280,0.0000,0.0000,0.0000,0.0280,0.0280,0.0280,0.0280,0.0280,0.0280,0.0280,0.0280,0.0280,0.0280,0.0280,0.0280,0.0280,0.0000,0.0000,0.0280,0.0280,0.0280,0.0000,0.0000,0.0000,0.0000,0.0000,0.0000,0.0000,0.0000,0.0000
java.short_circuit_boolean,0.0000,0.0000,0.6200,0.0000,0.6200,0.0000,0.0000,0.6200,0.8500,0.0933,0.0000,0.2240,0.0000,0.6200,0.0000,0.0000,0.2240,0.0000,0.0000,0.6200,0.0000,0.0933,0.0933,0.0000,0.0000,0.0933,0.0000,0.0000,0.0933,0.0933,0.0000,0.0000,0.0000,0.0000,0.0000,0.0000,0.0933,0.6200,0.8500,0.0000,0.6200,0.0000,0.0000,0.0000,0.0000,0.0000,0.6200,0.6200,0.6200,0.6200,0.0000,0.0000,0.0000,0.6200,0.0000,0.2240,0.0000,0.0000,0.0000,0.0000,0.0000,0.0000,0.0000,0.0000,0.0000,0.0000,0.2240,0.0000,0.8500,0.0000,0.0000,0.0000,0.0000,0.0000,0.0000,0.0933,0.0000,0.6200,0.0000,0.6200,0.0000,0.0000,0.0933,0.0000,0.0000,0.0000,0.0933,0.0000,0.6200,0.0000,0.0000,0.6200,0.0000,0.0000,0.0000,0.0000,0.0933,0.2240,0.0311,0.0311,0.0311,0.0560,0.0560,0.0311,0.0311,0.0311,0.0311,0.0311,0.0311,0.0311,0.0311,0.0311,0.0311,0.0311,0.0000,0.0000,0.0000,0.0000,0.0000,0.0000,0.0000,0.0560,0.0560,0.0000,0.0311,0.0311,0.0000,0.0560,0.0560,0.0560,0.0280,0.0280,0.1600,0.1600,0.1600,0.1600,0.1600,0.1600,0.6200,0.0000,0.0700,0.0700,0.0700,0.1600,0.0000,0.0000,0.0000,0.0280,0.0000,0.0000,0.0000,0.0280,0.0280,0.0280,0.0280,0.0280,0.0280,0.0280,0.0280,0.0280,0.0280,0.0280,0.0280,0.0280,0.0000,0.0000,0.0280,0.0280,0.0280,0.0000,0.0000,0.0000,0.0000,0.0000,0.0000,0.0000,0.0000,0.0000
java.checked_unchecked_exceptions,0.0000,0.0933,0.0350,0.0000,0.0350,0.0000,0.0000,0.0350,0.0350,0.1680,0.0000,0.0350,0.0000,0.0350,0.0000,0.0000,0.0350,0.0000,0.0000,0.0350,0.0000,0.1680,0.6200,0.0933,0.0000,0.8500,0.0000,0.0933,0.1680,0.1680,0.0000,0.0000,0.0000,0.0000,0.0000,0.0933,0.1680,0.0350,0.1680,0.0000,0.0350,0.0000,0.0933,0.0000,0.0000,0.0000,0.0350,0.0350,0.0350,0.0350,0.0000,0.0000,0.0000,0.0350,0.0000,0.0350,0.0000,0.0000,0.0933,0.0000,0.0933,0.0000,0.0000,0.0000,0.0000,0.0000,0.0350,0.0000,0.0000,0.0000,0.0000,0.0000,0.0933,0.0000,0.0933,0.1680,0.0000,0.0350,0.0000,0.0350,0.0000,0.8500,0.1680,0.0000,0.0000,0.0000,0.8500,0.0933,0.0350,0.0000,0.0000,0.0350,0.0000,0.0000,0.0000,0.0000,0.1680,0.0350,0.0311,0.0311,0.0311,0.0560,0.0560,0.0311,0.0311,0.0311,0.0311,0.0311,0.0311,0.0311,0.0311,0.0311,0.0311,0.0311,0.0311,0.0311,0.0311,0.0311,0.0311,0.0000,0.0311,0.0560,0.0560,0.0000,0.0311,0.0311,0.0311,0.0560,0.0560,0.0560,0.0622,0.0622,0.1050,0.1050,0.1050,0.1050,0.1050,0.1050,0.0700,0.0700,0.0000,0.6200,0.6200,0.1050,0.0000,0.0000,0.0000,0.0622,0.0311,0.0311,0.0311,0.0622,0.0622,0.0622,0.0622,0.0622,0.0622,0.0622,0.0622,0.0622,0.0622,0.0622,0.0622,0.0622,0.0700,0.0700,0.0622,0.0622,0.0622,0.0700,0.0311,0.0311,0.0311,0.0000,0.0000,0.0000,0.0000,0.0311
java.try_catch_finally,0.0000,0.0933,0.0350,0.0000,0.0350,0.0000,0.0000,0.0350,0.0350,0.1680,0.0000,0.0350,0.0000,0.0350,0.0000,0.0000,0.0350,0.0000,0.0000,0.0350,0.0000,0.1680,0.8500,0.0933,0.0000,0.8500,0.0000,0.0933,0.1680,0.1680,0.0000,0.0000,0.0000,0.0000,0.0000,0.0933,0.1680,0.0350,0.1680,0.0000,0.0350,0.0000,0.0933,0.0000,0.0000,0.0000,0.0350,0.0350,0.0350,0.0350,0.0000,0.0000,0.0000,0.0350,0.0000,0.0350,0.0000,0.0000,0.0933,0.0000,0.0933,0.0000,0.0000,0.0000,0.0000,0.0000,0.0350,0.0000,0.0000,0.0000,0.0000,0.0000,0.0933,0.0000,0.0933,0.1680,0.0000,0.0350,0.0000,0.0350,0.0000,0.0000,0.1680,0.0000,0.0000,0.0000,0.8500,0.0933,0.0350,0.0000,0.0000,0.0350,0.0000,0.0000,0.0000,0.0000,0.1680,0.0350,0.0311,0.0311,0.0311,0.0560,0.0560,0.0311,0.0311,0.0311,0.0311,0.0311,0.0311,0.0311,0.0311,0.0311,0.0311,0.0311,0.0311,0.0311,0.0311,0.0311,0.0311,0.0000,0.0311,0.0560,0.0560,0.0000,0.0311,0.0311,0.0311,0.0560,0.0560,0.0560,0.0622,0.0622,0.1050,0.1050,0.1050,0.1050,0.1050,0.1050,0.0700,0.0700,0.6200,0.0000,0.6200,0.1050,0.0000,0.0000,0.0000,0.0622,0.0311,0.0311,0.0311,0.0622,0.0622,0.0622,0.0622,0.0622,0.0622,0.0622,0.0622,0.0622,0.0622,0.0622,0.0622,0.0622,0.0700,0.0700,0.0622,0.0622,0.0622,0.0700,0.0311,0.0311,0.0311,0.0000,0.0000,0.0000,0.0000,0.0311
java.try_with_resources_suppression,0.0000,0.8500,0.0350,0.0000,0.0350,0.0000,0.0000,0.0350,0.0350,0.1680,0.0000,0.0350,0.0000,0.0350,0.0000,0.0000,0.0350,0.0000,0.0000,0.0350,0.0000,0.1680,0.8500,0.0933,0.0000,0.8500,0.0000,0.0933,0.1680,0.1680,0.0000,0.0000,0.0000,0.0000,0.0000,0.0933,0.1680,0.0350,0.1680,0.0000,0.0350,0.0000,0.0933,0.0000,0.0000,0.0000,0.0350,0.0350,0.0350,0.0350,0.0000,0.0000,0.0000,0.0350,0.0000,0.0350,0.0000,0.0000,0.0933,0.0000,0.0933,0.0000,0.0000,0.0000,0.0000,0.0000,0.0350,0.0000,0.0000,0.0000,0.0000,0.0000,0.0933,0.0000,0.0933,0.1680,0.0000,0.0350,0.0000,0.0350,0.0000,0.0000,0.1680,0.0000,0.0000,0.0000,0.6200,0.0933,0.0350,0.0000,0.0000,0.0350,0.0000,0.0000,0.0000,0.0000,0.1680,0.0350,0.0311,0.0311,0.0311,0.0560,0.0560,0.0311,0.0311,0.0311,0.0311,0.0311,0.0311,0.0311,0.0311,0.0311,0.0311,0.0311,0.0311,0.0311,0.0311,0.0311,0.0311,0.0000,0.0311,0.0560,0.0560,0.0000,0.0311,0.0311,0.0311,0.0560,0.0560,0.0560,0.0622,0.0622,0.1050,0.1050,0.1050,0.1050,0.1050,0.1050,0.0700,0.0700,0.6200,0.6200,0.0000,0.1050,0.0000,0.0000,0.0000,0.0622,0.0311,0.0311,0.0311,0.0622,0.0622,0.0622,0.0622,0.0622,0.0622,0.0622,0.0622,0.0622,0.0622,0.0622,0.0622,0.0622,0.0700,0.0700,0.0622,0.0622,0.0622,0.0700,0.0311,0.0311,0.0311,0.0000,0.0000,0.0000,0.0000,0.0311
java.assert_semantics,0.0000,0.0000,0.1200,0.0350,0.1200,0.0000,0.0350,0.1200,0.1200,0.6200,0.0000,0.1200,0.0000,0.1200,0.0000,0.0350,0.1200,0.0000,0.0000,0.1200,0.0350,0.6200,0.1400,0.0000,0.0350,0.1400,0.0000,0.0000,0.6200,0.6200,0.0350,0.0350,0.0000,0.0350,0.0350,0.0000,0.6200,0.1200,0.8500,0.0350,0.1200,0.0350,0.0000,0.0000,0.0000,0.0000,0.1200,0.1200,0.1200,0.1200,0.0000,0.0000,0.0000,0.1200,0.0350,0.1200,0.0000,0.0350,0.0000,0.0000,0.0000,0.0000,0.0350,0.0350,0.0000,0.0350,0.6200,0.0350,0.8500,0.0350,0.0350,0.0350,0.0000,0.0350,0.0000,0.6200,0.0000,0.1200,0.0000,0.1200,0.0350,0.0350,0.6200,0.0000,0.0000,0.0000,0.8500,0.0000,0.1200,0.0350,0.0350,0.1200,0.0350,0.0000,0.0350,0.0350,0.6200,0.6200,0.0280,0.0280,0.0280,0.0509,0.0509,0.0280,0.0280,0.0280,0.0280,0.0280,0.0280,0.0280,0.0280,0.0280,0.0280,0.0280,0.0280,0.0280,0.0280,0.0280,0.0280,0.0280,0.0280,0.0509,0.0509,0.0280,0.0622,0.0622,0.0280,0.0509,0.0509,0.0509,0.0933,0.0255,0.6200,0.6200,0.6200,0.6200,0.6200,0.6200,0.1600,0.1600,0.1050,0.1050,0.1050,0.0000,0.0280,0.0280,0.0280,0.0255,0.0280,0.0280,0.0280,0.0255,0.0255,0.0255,0.0255,0.0255,0.0255,0.0255,0.0255,0.0933,0.0933,0.0933,0.0933,0.0933,0.0000,0.0000,0.0560,0.0560,0.0560,0.0000,0.0000,0.0000,0.0000,0.0280,0.0280,0.0280,0.0280,0.0280
java.jpms_modules,0.0000,0.0000,0.0000,0.0400,0.0000,0.0000,0.1680,0.0000,0.0000,0.0000,0.0400,0.0000,0.0933,0.0000,0.0000,0.1680,0.0000,0.0400,0.0400,0.0000,0.1680,0.0000,0.0000,0.0000,0.1680,0.0000,0.0000,0.0000,0.0000,0.0000,0.1680,0.0400,0.0000,0.1680,0.0400,0.0000,0.0000,0.0000,0.0000,0.8500,0.0000,0.1680,0.0000,0.0400,0.0000,0.0933,0.0000,0.0000,0.0000,0.0000,0.0000,0.0400,0.0000,0.0000,0.0400,0.0000,0.0000,0.8500,0.0000,0.0933,0.0000,0.0400,0.0400,0.0400,0.0000,0.1680,0.0000,0.0400,0.0400,0.0400,0.0400,0.0400,0.0000,0.0400,0.0000,0.0000,0.6200,0.0000,0.0933,0.0000,0.1680,0.0400,0.0000,0.6200,0.0000,0.0000,0.0000,0.0000,0.0000,0.0400,0.0400,0.0000,0.0400,0.0000,0.1680,0.8500,0.0000,0.0000,0.0311,0.0311,0.0311,0.0933,0.0933,0.0311,0.0311,0.0311,0.0311,0.0311,0.0311,0.0311,0.0311,0.0311,0.0311,0.0311,0.1867,0.1867,0.1867,0.1867,0.1867,0.1200,0.1867,0.0933,0.0933,0.6200,0.0700,0.0700,0.1867,0.0933,0.0933,0.0933,0.0280,0.0622,0.0280,0.0280,0.0280,0.0280,0.0280,0.0280,0.0000,0.0000,0.0000,0.0000,0.0000,0.0280,0.0000,0.6200,0.6200,0.0622,0.0311,0.0311,0.0311,0.0000,0.0000,0.0000,0.0000,0.0000,0.0000,0.0000,0.0000,0.0280,0.0280,0.0280,0.0280,0.0280,0.0000,0.0000,0.0000,0.0000,0.0000,0.0000,0.0000,0.0000,0.0000,0.1200,0.1200,0.1200,0.1200,0.1867
java.import_static_resolution,0.0000,0.0000,0.0000,0.0400,0.0000,0.0000,0.1680,0.0000,0.0000,0.0000,0.0400,0.0000,0.0933,0.0000,0.0000,0.1680,0.0000,0.0400,0.0400,0.0000,0.1680,0.0000,0.0000,0.0000,0.1680,0.0000,0.0000,0.0000,0.0000,0.0000,0.1680,0.0400,0.0000,0.1680,0.0400,0.0000,0.0000,0.0000,0.0000,0.8500,0.0000,0.1680,0.0000,0.0400,0.0000,0.0933,0.0000,0.0000,0.0000,0.0000,0.0000,0.0400,0.0000,0.0000,0.0400,0.8500,0.0000,0.6200,0.0000,0.8500,0.0000,0.0400,0.0400,0.0400,0.0000,0.1680,0.0000,0.0400,0.0400,0.0400,0.0400,0.0400,0.0000,0.0400,0.0000,0.0000,0.6200,0.0000,0.0933,0.0000,0.1680,0.0400,0.0000,0.6200,0.0000,0.0000,0.0000,0.0000,0.0000,0.0400,0.0400,0.0000,0.0400,0.0000,0.1680,0.1680,0.0000,0.0000,0.0311,0.0311,0.0311,0.0933,0.0933,0.0311,0.0311,0.0311,0.0311,0.0311,0.0311,0.0311,0.0311,0.0311,0.0311,0.0311,0.1867,0.1867,0.1867,0.1867,0.1867,0.1200,0.1867,0.0933,0.0933,0.6200,0.0700,0.0700,0.1867,0.0933,0.0933,0.0933,0.0280,0.0622,0.0280,0.0280,0.0280,0.0280,0.0280,0.0280,0.0000,0.0000,0.0000,0.0000,0.0000,0.0280,0.6200,0.0000,0.6200,0.0622,0.0311,0.0311,0.0311,0.0000,0.0000,0.0000,0.0000,0.0000,0.0000,0.0000,0.0000,0.0280,0.0280,0.0280,0.0280,0.0280,0.0000,0.0000,0.0000,0.0000,0.0000,0.0000,0.0000,0.0000,0.0000,0.1200,0.1200,0.1200,0.1200,0.1867
java.package_namespace_resolution,0.0000,0.0000,0.0000,0.0400,0.0000,0.0000,0.1680,0.0000,0.0000,0.0000,0.0400,0.0000,0.0933,0.0000,0.0000,0.1680,0.0000,0.0400,0.0400,0.0000,0.1680,0.0000,0.0000,0.0000,0.1680,0.0000,0.0000,0.0000,0.0000,0.0000,0.1680,0.0400,0.0000,0.1680,0.0400,0.0000,0.0000,0.0000,0.0000,0.6200,0.0000,0.1680,0.0000,0.0400,0.0000,0.0933,0.0000,0.0000,0.0000,0.0000,0.0000,0.0400,0.0000,0.0000,0.0400,0.0000,0.0000,0.8500,0.0000,0.8500,0.0000,0.0400,0.0400,0.0400,0.0000,0.1680,0.0000,0.0400,0.0400,0.0400,0.0400,0.0400,0.0000,0.0400,0.0000,0.0000,0.8500,0.0000,0.0933,0.0000,0.1680,0.0400,0.0000,0.6200,0.0000,0.0000,0.0000,0.0000,0.0000,0.0400,0.0400,0.0000,0.0400,0.0000,0.1680,0.1680,0.0000,0.0000,0.0311,0.0311,0.0311,0.0933,0.0933,0.0311,0.0311,0.0311,0.0311,0.0311,0.0311,0.0311,0.0311,0.0311,0.0311,0.0311,0.1867,0.1867,0.1867,0.1867,0.1867,0.1200,0.1867,0.0933,0.0933,0.6200,0.0700,0.0700,0.1867,0.0933,0.0933,0.0933,0.0280,0.0622,0.0280,0.0280,0.0280,0.0280,0.0280,0.0280,0.0000,0.0000,0.0000,0.0000,0.0000,0.0280,0.6200,0.6200,0.0000,0.0622,0.0311,0.0311,0.0311,0.0000,0.0000,0.0000,0.0000,0.0000,0.0000,0.0000,0.0000,0.0280,0.0280,0.0280,0.0280,0.0280,0.0000,0.0000,0.0000,0.0000,0.0000,0.0000,0.0000,0.0000,0.0000,0.1200,0.1200,0.1200,0.1200,0.1867
java.reflection_runtime_type,0.0350,0.0800,0.0311,0.0350,0.0311,0.0000,0.0800,0.0311,0.0311,0.0000,0.0000,0.0311,0.0350,0.0311,0.0000,0.8500,0.0311,0.0000,0.0000,0.0311,0.0800,0.0000,0.0000,0.8500,0.0800,0.0000,0.0350,0.6200,0.0000,0.0000,0.0800,0.0350,0.0350,0.0800,0.0350,0.6200,0.0000,0.0311,0.0000,0.0800,0.0311,0.0800,0.6200,0.0000,0.0350,0.0350,0.0311,0.0311,0.0311,0.0311,0.0000,0.0000,0.0350,0.0311,0.0350,0.0311,0.0000,0.0800,0.0800,0.0350,0.6200,0.0000,0.0350,0.0350,0.0350,0.0800,0.0311,0.0350,0.0350,0.0350,0.0350,0.0350,0.6200,0.0350,0.8500,0.0000,0.0350,0.0311,0.0350,0.0311,0.0800,0.0350,0.0000,0.0350,0.0000,0.0000,0.0000,0.6200,0.0311,0.0350,0.0350,0.0311,0.0350,0.0350,0.0800,0.0800,0.0000,0.0311,0.1050,0.1050,0.1050,0.1244,0.1244,0.1050,0.1050,0.1050,0.1050,0.1050,0.1050,0.1050,0.1050,0.1050,0.1050,0.1050,0.1050,0.1050,0.1050,0.1050,0.1050,0.0280,0.1050,0.1244,0.1244,0.0622,0.0280,0.0280,0.1050,0.1244,0.1244,0.1244,0.0560,0.6200,0.0255,0.0255,0.0255,0.0255,0.0255,0.0255,0.0280,0.0280,0.0622,0.0622,0.0622,0.0255,0.0622,0.0622,0.0622,0.0000,0.0622,0.0622,0.0622,0.0560,0.0560,0.0560,0.0560,0.0560,0.0560,0.0560,0.0560,0.0560,0.0560,0.0560,0.0560,0.0560,0.1050,0.1050,0.0255,0.0255,0.0255,0.1050,0.0622,0.0622,0.0622,0.0280,0.0280,0.0280,0.0280,0.1050
java.class_loading_linking_initialization,0.0933,0.0400,0.0000,0.0400,0.0000,0.0000,0.0400,0.0000,0.0000,0.0000,0.8500,0.0000,0.0000,0.0000,0.0000,0.8500,0.0000,0.0400,0.0400,0.0000,0.0400,0.0000,0.0000,0.0400,0.0400,0.0000,0.0933,0.0400,0.0000,0.0000,0.0400,0.0400,0.0933,0.0400,0.0400,0.0400,0.0000,0.0000,0.0000,0.0400,0.0000,0.0400,0.0400,0.0400,0.0933,0.0000,0.0000,0.0000,0.0000,0.0000,0.0000,0.0400,0.0933,0.0000,0.0400,0.0000,0.0000,0.8500,0.0400,0.0000,0.0400,0.0400,0.0400,0.0400,0.0933,0.0400,0.0000,0.0400,0.0400,0.0400,0.0400,0.0400,0.0400,0.0400,0.0400,0.0000,0.0000,0.0000,0.0000,0.0000,0.0400,0.0400,0.0000,0.0000,0.0000,0.0000,0.0000,0.0400,0.0000,0.0400,0.0400,0.0000,0.0400,0.0933,0.0400,0.0400,0.0000,0.0000,0.0700,0.0700,0.0700,0.0560,0.0560,0.0700,0.0700,0.0700,0.0700,0.0700,0.0700,0.0700,0.0700,0.0700,0.0700,0.0700,0.0700,0.0700,0.0700,0.0700,0.0700,0.0700,0.0700,0.0560,0.0560,0.0311,0.0000,0.0000,0.0700,0.0560,0.0560,0.0560,0.1050,0.0622,0.0280,0.0280,0.0280,0.0280,0.0280,0.0280,0.0000,0.0000,0.0311,0.0311,0.0311,0.0280,0.0311,0.0311,0.0311,0.0622,0.0000,0.6200,0.6200,0.0280,0.0280,0.0280,0.0280,0.0280,0.0280,0.0280,0.0280,0.1050,0.1050,0.1050,0.1050,0.1050,0.1200,0.1200,0.1050,0.1050,0.1050,0.1200,0.1200,0.1200,0.1200,0.0700,0.0700,0.0700,0.0700,0.0700
java.object_identity_hash_monitor,0.0933,0.0400,0.0000,0.0400,0.0000,0.0000,0.0400,0.0000,0.0000,0.0000,0.0400,0.0000,0.0000,0.0000,0.0000,0.8500,0.0000,0.0400,0.0400,0.0000,0.0400,0.0000,0.0000,0.0400,0.0400,0.0000,0.0933,0.0400,0.0000,0.0000,0.0400,0.0400,0.0933,0.0400,0.0400,0.0400,0.0000,0.0000,0.0000,0.0400,0.0000,0.0400,0.0400,0.0400,0.0933,0.0000,0.0000,0.0000,0.0000,0.0000,0.8500,0.0400,0.0933,0.0000,0.0400,0.0000,0.8500,0.0400,0.0400,0.0000,0.0400,0.0400,0.0400,0.0400,0.0933,0.0400,0.0000,0.0400,0.0400,0.0400,0.0400,0.0400,0.0400,0.0400,0.0400,0.0000,0.0000,0.0000,0.0000,0.0000,0.0400,0.0400,0.0000,0.0000,0.0000,0.0000,0.0000,0.0400,0.0000,0.0400,0.0400,0.0000,0.0400,0.0933,0.0400,0.0400,0.0000,0.0000,0.0700,0.0700,0.0700,0.0560,0.0560,0.0700,0.0700,0.0700,0.0700,0.0700,0.0700,0.0700,0.0700,0.0700,0.0700,0.0700,0.0700,0.0700,0.0700,0.0700,0.0700,0.0700,0.0700,0.0560,0.0560,0.0311,0.0000,0.0000,0.0700,0.0560,0.0560,0.0560,0.1050,0.0622,0.0280,0.0280,0.0280,0.0280,0.0280,0.0280,0.0000,0.0000,0.0311,0.0311,0.0311,0.0280,0.0311,0.0311,0.0311,0.0622,0.6200,0.0000,0.6200,0.0280,0.0280,0.0280,0.0280,0.0280,0.0280,0.0280,0.0280,0.1050,0.1050,0.1050,0.1050,0.1050,0.1200,0.1200,0.1050,0.1050,0.1050,0.1200,0.1200,0.1200,0.1200,0.0700,0.0700,0.0700,0.0700,0.0700
java.string_interning,0.0933,0.0400,0.0000,0.0400,0.0000,0.0000,0.0400,0.0000,0.0000,0.0000,0.0400,0.0000,0.0000,0.0000,0.0000,0.0400,0.0000,0.0400,0.0400,0.0000,0.0400,0.0000,0.0000,0.0400,0.0400,0.0000,0.0933,0.0400,0.0000,0.0000,0.0400,0.0400,0.8500,0.0400,0.0400,0.0400,0.0000,0.0000,0.0000,0.0400,0.0000,0.0400,0.0400,0.0400,0.0933,0.0000,0.0000,0.0000,0.0000,0.0000,0.0000,0.0400,0.0933,0.0000,0.0400,0.0000,0.0000,0.0400,0.0400,0.0000,0.0400,0.0400,0.0400,0.0400,0.0933,0.0400,0.0000,0.0400,0.0400,0.0400,0.0400,0.8500,0.0400,0.0400,0.0400,0.0000,0.0000,0.0000,0.0000,0.0000,0.0400,0.0400,0.0000,0.0000,0.0000,0.0000,0.0000,0.0400,0.0000,0.0400,0.0400,0.0000,0.0400,0.0933,0.0400,0.0400,0.0000,0.0000,0.0700,0.0700,0.0700,0.0560,0.0560,0.0700,0.0700,0.0700,0.0700,0.0700,0.0700,0.0700,0.0700,0.0700,0.0700,0.0700,0.0700,0.0700,0.0700,0.0700,0.0700,0.0700,0.0700,0.0560,0.0560,0.0311,0.0000,0.0000,0.0700,0.0560,0.0560,0.0560,0.1050,0.0622,0.0280,0.0280,0.0280,0.0280,0.0280,0.0280,0.0000,0.0000,0.0311,0.0311,0.0311,0.0280,0.0311,0.0311,0.0311,0.0622,0.6200,0.6200,0.0000,0.0280,0.0280,0.0280,0.0280,0.0280,0.0280,0.0280,0.0280,0.1050,0.1050,0.1050,0.1050,0.1050,0.1200,0.1200,0.1050,0.1050,0.1050,0.1200,0.1200,0.1200,0.1200,0.0700,0.0700,0.0700,0.0700,0.0700
java.monitor_synchronized,0.0000,0.0800,0.0311,0.0000,0.0311,0.6200,0.0000,0.0311,0.0311,0.0000,0.0000,0.0311,0.0000,0.0311,0.6200,0.0000,0.0311,0.0000,0.0000,0.0311,0.0000,0.0000,0.0000,0.0800,0.0000,0.0000,0.0000,0.0800,0.0000,0.0000,0.0000,0.0000,0.0000,0.0000,0.0000,0.0800,0.0000,0.0311,0.0000,0.0000,0.0311,0.0000,0.0800,0.0000,0.0000,0.0000,0.0311,0.0311,0.0311,0.0311,0.8500,0.0000,0.0000,0.0311,0.0000,0.0311,0.8500,0.0000,0.0800,0.0000,0.0800,0.0000,0.0000,0.0000,0.0000,0.0000,0.0311,0.0000,0.0000,0.0000,0.0000,0.0000,0.0800,0.0000,0.0800,0.0000,0.0000,0.0311,0.0000,0.0311,0.0000,0.0000,0.0000,0.0000,0.6200,0.8500,0.0000,0.0800,0.0311,0.0000,0.0000,0.0311,0.0000,0.0000,0.0000,0.0000,0.0000,0.0311,0.0280,0.0280,0.0280,0.0233,0.0233,0.0280,0.0280,0.0280,0.0280,0.0280,0.0280,0.0280,0.0280,0.0280,0.0280,0.0280,0.0280,0.0280,0.0280,0.0280,0.0280,0.0000,0.0280,0.0233,0.0233,0.0000,0.0280,0.0280,0.0280,0.0233,0.0233,0.0233,0.0560,0.0560,0.0255,0.0255,0.0255,0.0255,0.0255,0.0255,0.0280,0.0280,0.0622,0.0622,0.0622,0.0255,0.0000,0.0000,0.0000,0.0560,0.0280,0.0280,0.0280,0.0000,0.6200,0.6200,0.6200,0.6200,0.6200,0.6200,0.6200,0.0560,0.0560,0.0560,0.0560,0.0560,0.0622,0.0622,0.0560,0.0560,0.0560,0.0622,0.0280,0.0280,0.0280,0.0000,0.0000,0.0000,0.0000,0.0280
java.volatile_semantics,0.0000,0.0800,0.0311,0.0000,0.0311,0.8500,0.0000,0.0311,0.0311,0.0000,0.0000,0.0311,0.0000,0.0311,0.6200,0.0000,0.0311,0.0000,0.0000,0.0311,0.0000,0.0000,0.0000,0.0800,0.0000,0.0000,0.0000,0.0800,0.0000,0.0000,0.0000,0.0000,0.0000,0.0000,0.0000,0.0800,0.0000,0.0311,0.0000,0.0000,0.0311,0.0000,0.0800,0.0000,0.0000,0.0000,0.0311,0.0311,0.0311,0.0311,0.6200,0.0000,0.0000,0.0311,0.0000,0.0311,0.8500,0.0000,0.0800,0.0000,0.0800,0.0000,0.0000,0.0000,0.0000,0.0000,0.0311,0.0000,0.0000,0.0000,0.0000,0.0000,0.0800,0.0000,0.0800,0.0000,0.0000,0.0311,0.0000,0.0311,0.0000,0.0000,0.0000,0.0000,0.6200,0.8500,0.0000,0.0800,0.0311,0.0000,0.0000,0.0311,0.0000,0.0000,0.0000,0.0000,0.0000,0.0311,0.0280,0.0280,0.0280,0.0233,0.0233,0.0280,0.0280,0.0280,0.0280,0.0280,0.0280,0.0280,0.0280,0.0280,0.0280,0.0280,0.0280,0.0280,0.0280,0.0280,0.0280,0.0000,0.0280,0.0233,0.0233,0.0000,0.0280,0.0280,0.0280,0.0233,0.0233,0.0233,0.0560,0.0560,0.0255,0.0255,0.0255,0.0255,0.0255,0.0255,0.0280,0.0280,0.0622,0.0622,0.0622,0.0255,0.0000,0.0000,0.0000,0.0560,0.0280,0.0280,0.0280,0.6200,0.0000,0.6200,0.6200,0.6200,0.6200,0.6200,0.6200,0.0560,0.0560,0.0560,0.0560,0.0560,0.0622,0.0622,0.0560,0.0560,0.0560,0.0622,0.0280,0.0280,0.0280,0.0000,0.0000,0.0000,0.0000,0.0280
java.final_field_memory_semantics,0.0000,0.0800,0.0311,0.0000,0.0311,0.6200,0.0000,0.0311,0.0311,0.0000,0.0000,0.0311,0.0000,0.0311,0.6200,0.8500,0.0311,0.0000,0.0000,0.0311,0.0000,0.0000,0.0000,0.0800,0.0000,0.0000,0.0000,0.0800,0.0000,0.0000,0.0000,0.0000,0.0000,0.0000,0.0000,0.0800,0.0000,0.0311,0.0000,0.0000,0.0311,0.0000,0.0800,0.0000,0.0000,0.0000,0.0311,0.0311,0.0311,0.0311,0.6200,0.0000,0.0000,0.0311,0.0000,0.0311,0.8500,0.0000,0.0800,0.0000,0.0800,0.0000,0.0000,0.0000,0.0000,0.0000,0.0311,0.0000,0.0000,0.0000,0.0000,0.0000,0.0800,0.0000,0.0800,0.0000,0.0000,0.0311,0.0000,0.0311,0.0000,0.0000,0.0000,0.0000,0.6200,0.6200,0.0000,0.0800,0.0311,0.0000,0.0000,0.0311,0.0000,0.0000,0.8500,0.0000,0.0000,0.0311,0.0280,0.0280,0.0280,0.0233,0.0233,0.0280,0.0280,0.0280,0.0280,0.0280,0.0280,0.0280,0.0280,0.0280,0.0280,0.0280,0.0280,0.0280,0.0280,0.0280,0.0280,0.0000,0.0280,0.0233,0.0233,0.0000,0.0280,0.0280,0.0280,0.0233,0.0233,0.0233,0.0560,0.0560,0.0255,0.0255,0.0255,0.0255,0.0255,0.0255,0.0280,0.0280,0.0622,0.0622,0.0622,0.0255,0.0000,0.0000,0.0000,0.0560,0.0280,0.0280,0.0280,0.6200,0.6200,0.0000,0.6200,0.6200,0.6200,0.6200,0.6200,0.0560,0.0560,0.0560,0.0560,0.0560,0.0622,0.0622,0.0560,0.0560,0.0560,0.0622,0.0280,0.0280,0.0280,0.0000,0.0000,0.0000,0.0000,0.0280
java.happens_before_jmm,0.0000,0.0800,0.0311,0.0000,0.0311,0.8500,0.0000,0.0311,0.0311,0.0000,0.0000,0.0311,0.0000,0.0311,0.6200,0.0000,0.0311,0.0000,0.0000,0.0311,0.0000,0.0000,0.0000,0.0800,0.0000,0.0000,0.0000,0.0800,0.0000,0.0000,0.0000,0.0000,0.0000,0.0000,0.0000,0.0800,0.0000,0.0311,0.0000,0.0000,0.0311,0.0000,0.0800,0.0000,0.0000,0.0000,0.0311,0.0311,0.0311,0.0311,0.8500,0.0000,0.0000,0.0311,0.0000,0.0311,0.8500,0.0000,0.0800,0.0000,0.0800,0.0000,0.0000,0.0000,0.0000,0.0000,0.0311,0.0000,0.0000,0.0000,0.0000,0.0000,0.0800,0.0000,0.0800,0.0000,0.0000,0.0311,0.0000,0.0311,0.0000,0.0000,0.0000,0.0000,0.6200,0.8500,0.0000,0.0800,0.0311,0.0000,0.0000,0.0311,0.0000,0.0000,0.0000,0.0000,0.0000,0.0311,0.0280,0.0280,0.0280,0.0233,0.0233,0.0280,0.0280,0.0280,0.0280,0.0280,0.0280,0.0280,0.0280,0.0280,0.0280,0.0280,0.0280,0.0280,0.0280,0.0280,0.0280,0.0000,0.0280,0.0233,0.0233,0.0000,0.0280,0.0280,0.0280,0.0233,0.0233,0.0233,0.0560,0.0560,0.0255,0.0255,0.0255,0.0255,0.0255,0.0255,0.0280,0.0280,0.0622,0.0622,0.0622,0.0255,0.0000,0.0000,0.0000,0.0560,0.0280,0.0280,0.0280,0.6200,0.6200,0.6200,0.0000,0.6200,0.6200,0.6200,0.6200,0.0560,0.0560,0.0560,0.0560,0.0560,0.0622,0.0622,0.0560,0.0560,0.0560,0.0622,0.0280,0.0280,0.0280,0.0000,0.0000,0.0000,0.0000,0.0280
java.atomic_varhandle_ordering,0.0000,0.0800,0.0311,0.0000,0.0311,0.8500,0.0000,0.0311,0.0311,0.0000,0.0000,0.0311,0.0000,0.0311,0.6200,0.0000,0.0311,0.0000,0.0000,0.0311,0.0000,0.0000,0.0000,0.0800,0.0000,0.0000,0.0000,0.0800,0.0000,0.0000,0.0000,0.0000,0.0000,0.0000,0.0000,0.0800,0.0000,0.0311,0.0000,0.0000,0.0311,0.0000,0.0800,0.0000,0.0000,0.0000,0.0311,0.0311,0.0311,0.0311,0.6200,0.0000,0.0000,0.0311,0.0000,0.0311,0.8500,0.0000,0.0800,0.0000,0.0800,0.0000,0.0000,0.0000,0.0000,0.0000,0.0311,0.0000,0.0000,0.0000,0.0000,0.0000,0.0800,0.0000,0.0800,0.0000,0.0000,0.0311,0.0000,0.0311,0.0000,0.0000,0.0000,0.0000,0.6200,0.8500,0.0000,0.0800,0.0311,0.0000,0.0000,0.0311,0.0000,0.0000,0.0000,0.0000,0.0000,0.0311,0.0280,0.0280,0.0280,0.0233,0.0233,0.0280,0.0280,0.0280,0.0280,0.0280,0.0280,0.0280,0.0280,0.0280,0.0280,0.0280,0.0280,0.0280,0.0280,0.0280,0.0280,0.0000,0.0280,0.0233,0.0233,0.0000,0.0280,0.0280,0.0280,0.0233,0.0233,0.0233,0.0560,0.0560,0.0255,0.0255,0.0255,0.0255,0.0255,0.0255,0.0280,0.0280,0.0622,0.0622,0.0622,0.0255,0.0000,0.0000,0.0000,0.0560,0.0280,0.0280,0.0280,0.6200,0.6200,0.6200,0.6200,0.0000,0.6200,0.6200,0.6200,0.0560,0.0560,0.0560,0.0560,0.0560,0.0622,0.0622,0.0560,0.0560,0.0560,0.0622,0.0280,0.0280,0.0280,0.0000,0.0000,0.0000,0.0000,0.0280
java.thread_interruption,0.0000,0.0800,0.0311,0.0000,0.0311,0.6200,0.0000,0.0311,0.0311,0.0000,0.0000,0.0311,0.0000,0.0311,0.6200,0.0000,0.0311,0.0000,0.0000,0.0311,0.0000,0.0000,0.0000,0.0800,0.0000,0.0000,0.0000,0.0800,0.0000,0.0000,0.0000,0.0000,0.0000,0.0000,0.0000,0.0800,0.0000,0.0311,0.0000,0.0000,0.0311,0.0000,0.0800,0.0000,0.0000,0.0000,0.0311,0.0311,0.0311,0.0311,0.6200,0.0000,0.0000,0.0311,0.0000,0.0311,0.6200,0.0000,0.0800,0.0000,0.0800,0.0000,0.0000,0.0000,0.0000,0.0000,0.0311,0.0000,0.0000,0.0000,0.0000,0.0000,0.0800,0.0000,0.0800,0.0000,0.0000,0.0311,0.0000,0.0311,0.0000,0.0000,0.0000,0.0000,0.8500,0.8500,0.0000,0.0800,0.0311,0.0000,0.0000,0.0311,0.0000,0.0000,0.0000,0.0000,0.0000,0.0311,0.0280,0.0280,0.0280,0.0233,0.0233,0.0280,0.0280,0.0280,0.0280,0.0280,0.0280,0.0280,0.0280,0.0280,0.0280,0.0280,0.0280,0.0280,0.0280,0.0280,0.0280,0.0000,0.0280,0.0233,0.0233,0.0000,0.0280,0.0280,0.0280,0.0233,0.0233,0.0233,0.0560,0.0560,0.0255,0.0255,0.0255,0.0255,0.0255,0.0255,0.0280,0.0280,0.0622,0.0622,0.0622,0.0255,0.0000,0.0000,0.0000,0.0560,0.0280,0.0280,0.0280,0.6200,0.6200,0.6200,0.6200,0.6200,0.0000,0.6200,0.6200,0.0560,0.0560,0.0560,0.0560,0.0560,0.0622,0.0622,0.0560,0.0560,0.0560,0.0622,0.0280,0.0280,0.0280,0.0000,0.0000,0.0000,0.0000,0.0280
java.virtual_threads,0.0000,0.0800,0.0311,0.0000,0.0311,0.6200,0.0000,0.0311,0.0311,0.0000,0.0000,0.0311,0.0000,0.0311,0.6200,0.0000,0.0311,0.0000,0.0000,0.0311,0.0000,0.0000,0.0000,0.0800,0.0000,0.0000,0.0000,0.0800,0.0000,0.0000,0.0000,0.0000,0.0000,0.0000,0.0000,0.0800,0.0000,0.0311,0.0000,0.0000,0.0311,0.0000,0.0800,0.0000,0.0000,0.0000,0.0311,0.0311,0.0311,0.0311,0.6200,0.0000,0.0000,0.0311,0.0000,0.0311,0.6200,0.0000,0.0800,0.0000,0.0800,0.0000,0.0000,0.0000,0.0000,0.0000,0.0311,0.0000,0.0000,0.0000,0.0000,0.0000,0.0800,0.0000,0.0800,0.0000,0.0000,0.0311,0.0000,0.0311,0.0000,0.0000,0.0000,0.0000,0.8500,0.8500,0.0000,0.0800,0.0311,0.0000,0.0000,0.0311,0.0000,0.0000,0.0000,0.0000,0.0000,0.0311,0.0280,0.0280,0.0280,0.0233,0.0233,0.0280,0.0280,0.0280,0.0280,0.0280,0.0280,0.0280,0.0280,0.0280,0.0280,0.0280,0.0280,0.0280,0.0280,0.0280,0.0280,0.0000,0.0280,0.0233,0.0233,0.0000,0.0280,0.0280,0.0280,0.0233,0.0233,0.0233,0.0560,0.0560,0.0255,0.0255,0.0255,0.0255,0.0255,0.0255,0.0280,0.0280,0.0622,0.0622,0.0622,0.0255,0.0000,0.0000,0.0000,0.0560,0.0280,0.0280,0.0280,0.6200,0.6200,0.6200,0.6200,0.6200,0.6200,0.0000,0.6200,0.0560,0.0560,0.0560,0.0560,0.0560,0.0622,0.0622,0.0560,0.0560,0.0560,0.0622,0.0280,0.0280,0.0280,0.0000,0.0000,0.0000,0.0000,0.0280
java.structured_concurrency,0.0000,0.0800,0.0311,0.0000,0.0311,0.6200,0.0000,0.0311,0.0311,0.0000,0.0000,0.0311,0.0000,0.0311,0.6200,0.0000,0.0311,0.0000,0.0000,0.0311,0.0000,0.0000,0.0000,0.0800,0.0000,0.0000,0.0000,0.0800,0.0000,0.0000,0.0000,0.0000,0.0000,0.0000,0.0000,0.0800,0.0000,0.0311,0.0000,0.0000,0.0311,0.0000,0.0800,0.0000,0.0000,0.0000,0.0311,0.0311,0.0311,0.0311,0.6200,0.0000,0.0000,0.0311,0.0000,0.0311,0.6200,0.0000,0.0800,0.0000,0.0800,0.0000,0.0000,0.0000,0.0000,0.0000,0.0311,0.0000,0.0000,0.0000,0.0000,0.0000,0.0800,0.0000,0.0800,0.0000,0.0000,0.0311,0.0000,0.0311,0.0000,0.0000,0.0000,0.0000,0.8500,0.8500,0.0000,0.0800,0.0311,0.0000,0.0000,0.0311,0.0000,0.0000,0.0000,0.0000,0.0000,0.0311,0.0280,0.0280,0.0280,0.0233,0.0233,0.0280,0.0280,0.0280,0.0280,0.0280,0.0280,0.0280,0.0280,0.0280,0.0280,0.0280,0.0280,0.0280,0.0280,0.0280,0.0280,0.0000,0.0280,0.0233,0.0233,0.0000,0.0280,0.0280,0.0280,0.0233,0.0233,0.0233,0.0560,0.0560,0.0255,0.0255,0.0255,0.0255,0.0255,0.0255,0.0280,0.0280,0.0622,0.0622,0.0622,0.0255,0.0000,0.0000,0.0000,0.0560,0.0280,0.0280,0.0280,0.6200,0.6200,0.6200,0.6200,0.6200,0.6200,0.6200,0.0000,0.0560,0.0560,0.0560,0.0560,0.0560,0.0622,0.0622,0.0560,0.0560,0.0560,0.0622,0.0280,0.0280,0.0280,0.0000,0.0000,0.0000,0.0000,0.0280
java.classfile_descriptors_signatures,0.0000,0.0350,0.0311,0.0350,0.0311,0.0000,0.0350,0.0311,0.0311,0.0350,0.8500,0.0311,0.0000,0.0311,0.0000,0.0350,0.0311,0.0800,0.0800,0.0311,0.0350,0.0350,0.0350,0.0350,0.0350,0.0350,0.0000,0.0350,0.0350,0.0350,0.0350,0.8500,0.0000,0.8500,0.0350,0.0350,0.0350,0.0311,0.0350,0.0350,0.0311,0.0350,0.0350,0.6200,0.0000,0.0000,0.0311,0.0311,0.0311,0.0311,0.0000,0.0800,0.0000,0.0311,0.0350,0.0311,0.0000,0.0350,0.0350,0.0000,0.0350,0.0800,0.0350,0.0350,0.0000,0.0350,0.0311,0.0350,0.0350,0.0350,0.0350,0.0350,0.0350,0.0350,0.0350,0.0350,0.0000,0.0311,0.0000,0.0311,0.0350,0.0350,0.0350,0.0000,0.0000,0.0000,0.0350,0.0350,0.0311,0.0350,0.0350,0.0311,0.0350,0.0000,0.0350,0.0350,0.0350,0.0311,0.0622,0.0622,0.0622,0.0509,0.0509,0.0622,0.0622,0.0622,0.0622,0.0622,0.0622,0.0622,0.0622,0.0622,0.0622,0.0622,0.0622,0.0622,0.0622,0.0622,0.0622,0.1050,0.0622,0.0509,0.0509,0.0280,0.0622,0.0622,0.0622,0.0509,0.0509,0.0509,0.6200,0.0560,0.0933,0.0933,0.0933,0.0933,0.0933,0.0933,0.0280,0.0280,0.0622,0.0622,0.0622,0.0933,0.0280,0.0280,0.0280,0.0560,0.1050,0.1050,0.1050,0.0560,0.0560,0.0560,0.0560,0.0560,0.0560,0.0560,0.0560,0.0000,0.6200,0.6200,0.6200,0.6200,0.0280,0.0280,0.2000,0.2000,0.2000,0.0280,0.0280,0.0280,0.0280,0.1050,0.1050,0.1050,0.1050,0.0622
java.bytecode_operand_stack_frames,0.0000,0.0350,0.0311,0.0350,0.0311,0.0000,0.0350,0.0311,0.0311,0.0350,0.8500,0.0311,0.0000,0.0311,0.0000,0.0350,0.0311,0.0800,0.0800,0.0311,0.0350,0.0350,0.0350,0.0350,0.0350,0.0350,0.0000,0.0350,0.0350,0.0350,0.0350,0.0350,0.0000,0.0350,0.0350,0.0350,0.0350,0.0311,0.0350,0.0350,0.0311,0.0350,0.0350,0.8500,0.0000,0.0000,0.0311,0.0311,0.0311,0.0311,0.0000,0.0800,0.0000,0.0311,0.0350,0.0311,0.0000,0.0350,0.0350,0.0000,0.0350,0.0800,0.0350,0.0350,0.0000,0.0350,0.0311,0.0350,0.0350,0.0350,0.0350,0.0350,0.0350,0.0350,0.0350,0.0350,0.0000,0.0311,0.0000,0.0311,0.0350,0.0350,0.0350,0.0000,0.0000,0.0000,0.0350,0.0350,0.0311,0.0350,0.0350,0.0311,0.0350,0.0000,0.0350,0.0350,0.0350,0.0311,0.0622,0.0622,0.0622,0.0509,0.0509,0.0622,0.0622,0.0622,0.0622,0.0622,0.0622,0.0622,0.0622,0.0622,0.0622,0.0622,0.0622,0.0622,0.0622,0.0622,0.0622,0.1050,0.0622,0.0509,0.0509,0.0280,0.0622,0.0622,0.0622,0.0509,0.0509,0.0509,0.6200,0.0560,0.0933,0.0933,0.0933,0.0933,0.0933,0.0933,0.0280,0.0280,0.0622,0.0622,0.0622,0.0933,0.0280,0.0280,0.0280,0.0560,0.1050,0.1050,0.1050,0.0560,0.0560,0.0560,0.0560,0.0560,0.0560,0.0560,0.0560,0.6200,0.0000,0.6200,0.6200,0.6200,0.0280,0.0280,0.2000,0.2000,0.2000,0.0280,0.0280,0.0280,0.0280,0.1050,0.1050,0.1050,0.1050,0.0622
java.bytecode_verification,0.0000,0.0350,0.0311,0.0350,0.0311,0.0000,0.0350,0.0311,0.0311,0.0350,0.8500,0.0311,0.0000,0.0311,0.0000,0.0350,0.0311,0.0800,0.0800,0.0311,0.0350,0.0350,0.0350,0.0350,0.0350,0.0350,0.0000,0.0350,0.0350,0.0350,0.0350,0.0350,0.0000,0.0350,0.0350,0.0350,0.0350,0.0311,0.0350,0.0350,0.0311,0.0350,0.0350,0.6200,0.0000,0.0000,0.0311,0.0311,0.0311,0.0311,0.0000,0.0800,0.0000,0.0311,0.0350,0.0311,0.0000,0.0350,0.0350,0.0000,0.0350,0.0800,0.0350,0.0350,0.0000,0.0350,0.0311,0.0350,0.0350,0.0350,0.0350,0.0350,0.0350,0.0350,0.0350,0.0350,0.0000,0.0311,0.0000,0.0311,0.0350,0.0350,0.0350,0.0000,0.0000,0.0000,0.0350,0.0350,0.0311,0.0350,0.8500,0.0311,0.0350,0.0000,0.0350,0.0350,0.0350,0.0311,0.0622,0.0622,0.0622,0.0509,0.0509,0.0622,0.0622,0.0622,0.0622,0.0622,0.0622,0.0622,0.0622,0.0622,0.0622,0.0622,0.0622,0.0622,0.0622,0.0622,0.0622,0.1050,0.0622,0.0509,0.0509,0.0280,0.0622,0.0622,0.0622,0.0509,0.0509,0.0509,0.6200,0.0560,0.0933,0.0933,0.0933,0.0933,0.0933,0.0933,0.0280,0.0280,0.0622,0.0622,0.0622,0.0933,0.0280,0.0280,0.0280,0.0560,0.1050,0.1050,0.1050,0.0560,0.0560,0.0560,0.0560,0.0560,0.0560,0.0560,0.0560,0.6200,0.6200,0.0000,0.6200,0.6200,0.0280,0.0280,0.2000,0.2000,0.2000,0.0280,0.0280,0.0280,0.0280,0.1050,0.1050,0.1050,0.1050,0.0622
java.exception_table_bytecode,0.0000,0.0350,0.0311,0.0350,0.0311,0.0000,0.0350,0.0311,0.0311,0.0350,0.8500,0.0311,0.0000,0.0311,0.0000,0.0350,0.0311,0.0800,0.0800,0.0311,0.0350,0.0350,0.0350,0.0350,0.0350,0.8500,0.0000,0.0350,0.0350,0.0350,0.0350,0.0350,0.0000,0.0350,0.0350,0.0350,0.0350,0.0311,0.0350,0.0350,0.0311,0.0350,0.0350,0.6200,0.0000,0.0000,0.0311,0.0311,0.0311,0.0311,0.0000,0.0800,0.0000,0.0311,0.0350,0.0311,0.0000,0.0350,0.0350,0.0000,0.0350,0.0800,0.0350,0.0350,0.0000,0.0350,0.0311,0.0350,0.0350,0.0350,0.0350,0.0350,0.0350,0.0350,0.0350,0.0350,0.0000,0.0311,0.0000,0.0311,0.0350,0.0350,0.0350,0.0000,0.0000,0.0000,0.0350,0.0350,0.0311,0.0350,0.0350,0.0311,0.0350,0.0000,0.0350,0.0350,0.0350,0.0311,0.0622,0.0622,0.0622,0.0509,0.0509,0.0622,0.0622,0.0622,0.0622,0.0622,0.0622,0.0622,0.0622,0.0622,0.0622,0.0622,0.0622,0.0622,0.0622,0.0622,0.0622,0.1050,0.0622,0.0509,0.0509,0.0280,0.0622,0.0622,0.0622,0.0509,0.0509,0.0509,0.6200,0.0560,0.0933,0.0933,0.0933,0.0933,0.0933,0.0933,0.0280,0.0280,0.0622,0.0622,0.0622,0.0933,0.0280,0.0280,0.0280,0.0560,0.1050,0.1050,0.1050,0.0560,0.0560,0.0560,0.0560,0.0560,0.0560,0.0560,0.0560,0.6200,0.6200,0.6200,0.0000,0.6200,0.0280,0.0280,0.2000,0.2000,0.2000,0.0280,0.0280,0.0280,0.0280,0.1050,0.1050,0.1050,0.1050,0.0622
java.constant_pool,0.0000,0.0350,0.0311,0.0350,0.0311,0.0000,0.0350,0.0311,0.0311,0.0350,0.8500,0.0311,0.0000,0.0311,0.0000,0.0350,0.0311,0.0800,0.0800,0.0311,0.8500,0.0350,0.0350,0.0350,0.0350,0.0350,0.0000,0.0350,0.0350,0.0350,0.0350,0.0350,0.0000,0.0350,0.0350,0.0350,0.0350,0.0311,0.0350,0.0350,0.0311,0.0350,0.0350,0.6200,0.0000,0.0000,0.0311,0.0311,0.0311,0.0311,0.0000,0.0800,0.0000,0.0311,0.0350,0.0311,0.0000,0.0350,0.0350,0.0000,0.0350,0.0800,0.0350,0.0350,0.0000,0.0350,0.0311,0.0350,0.0350,0.0350,0.0350,0.0350,0.0350,0.0350,0.0350,0.0350,0.0000,0.0311,0.0000,0.0311,0.0350,0.0350,0.0350,0.0000,0.0000,0.0000,0.0350,0.0350,0.0311,0.0350,0.0350,0.0311,0.0350,0.0000,0.0350,0.0350,0.0350,0.0311,0.0622,0.0622,0.0622,0.0509,0.0509,0.0622,0.0622,0.0622,0.0622,0.0622,0.0622,0.0622,0.0622,0.0622,0.0622,0.0622,0.0622,0.0622,0.0622,0.0622,0.0622,0.1050,0.0622,0.0509,0.0509,0.0280,0.0622,0.0622,0.0622,0.0509,0.0509,0.0509,0.6200,0.0560,0.0933,0.0933,0.0933,0.0933,0.0933,0.0933,0.0280,0.0280,0.0622,0.0622,0.0622,0.0933,0.0280,0.0280,0.0280,0.0560,0.1050,0.1050,0.1050,0.0560,0.0560,0.0560,0.0560,0.0560,0.0560,0.0560,0.0560,0.6200,0.6200,0.6200,0.6200,0.0000,0.0280,0.0280,0.2000,0.2000,0.2000,0.0280,0.0280,0.0280,0.0280,0.1050,0.1050,0.1050,0.1050,0.0622
java.jvm_gc_allocation,0.1680,0.8500,0.0000,0.0000,0.0000,0.0000,0.0000,0.0000,0.0000,0.0000,0.0000,0.0000,0.0000,0.0000,0.0000,0.8500,0.0000,0.0000,0.0000,0.0000,0.0000,0.0000,0.0000,0.0933,0.0000,0.0000,0.1680,0.0933,0.0000,0.0000,0.0000,0.0000,0.8500,0.0000,0.0000,0.0933,0.0000,0.0000,0.0000,0.0000,0.0000,0.0000,0.0933,0.0000,0.1680,0.0000,0.0000,0.0000,0.0000,0.0000,0.0000,0.0000,0.1680,0.0000,0.0000,0.0000,0.0000,0.0000,0.0933,0.0000,0.0933,0.0000,0.0000,0.0000,0.6200,0.0000,0.0000,0.0000,0.0000,0.0000,0.0000,0.0000,0.0933,0.0000,0.0933,0.0000,0.0000,0.0000,0.0000,0.0000,0.0000,0.0000,0.0000,0.0000,0.0000,0.0000,0.0000,0.0933,0.0000,0.0000,0.0000,0.0000,0.0000,0.6200,0.0000,0.0000,0.0000,0.0000,0.0311,0.0311,0.0311,0.0255,0.0255,0.0311,0.0311,0.0311,0.0311,0.0311,0.0311,0.0311,0.0311,0.0311,0.0311,0.0311,0.0311,0.0311,0.0311,0.0311,0.0311,0.0000,0.0311,0.0255,0.0255,0.0000,0.0000,0.0000,0.0311,0.0255,0.0255,0.0255,0.0280,0.1050,0.0000,0.0000,0.0000,0.0000,0.0000,0.0000,0.0000,0.0000,0.0700,0.0700,0.0700,0.0000,0.0000,0.0000,0.0000,0.1050,0.1200,0.1200,0.1200,0.0622,0.0622,0.0622,0.0622,0.0622,0.0622,0.0622,0.0622,0.0280,0.0280,0.0280,0.0280,0.0280,0.0000,0.6200,0.0622,0.0622,0.0622,0.6200,0.1867,0.1867,0.1867,0.0000,0.0000,0.0000,0.0000,0.0311
java.gc_reachability_reference_types,0.1680,0.6200,0.0000,0.0000,0.0000,0.0000,0.0000,0.0000,0.0000,0.0000,0.0000,0.0000,0.0000,0.0000,0.0000,0.8500,0.0000,0.0000,0.0000,0.0000,0.0000,0.0000,0.0000,0.0933,0.0000,0.0000,0.1680,0.0933,0.0000,0.0000,0.0000,0.0000,0.8500,0.0000,0.0000,0.0933,0.0000,0.0000,0.0000,0.0000,0.0000,0.0000,0.0933,0.0000,0.1680,0.0000,0.0000,0.0000,0.0000,0.0000,0.0000,0.0000,0.1680,0.0000,0.0000,0.0000,0.0000,0.0000,0.0933,0.0000,0.0933,0.0000,0.0000,0.0000,0.6200,0.0000,0.0000,0.0000,0.0000,0.0000,0.0000,0.0000,0.0933,0.8500,0.0933,0.0000,0.0000,0.0000,0.0000,0.0000,0.0000,0.0000,0.0000,0.0000,0.0000,0.0000,0.0000,0.0933,0.0000,0.0000,0.0000,0.0000,0.0000,0.6200,0.0000,0.0000,0.0000,0.0000,0.0311,0.0311,0.0311,0.0255,0.0255,0.0311,0.0311,0.0311,0.0311,0.0311,0.0311,0.0311,0.0311,0.0311,0.0311,0.0311,0.0311,0.0311,0.0311,0.0311,0.0311,0.0000,0.0311,0.0255,0.0255,0.0000,0.0000,0.0000,0.0311,0.0255,0.0255,0.0255,0.0280,0.1050,0.0000,0.0000,0.0000,0.0000,0.0000,0.0000,0.0000,0.0000,0.0700,0.0700,0.0700,0.0000,0.0000,0.0000,0.0000,0.1050,0.1200,0.1200,0.1200,0.0622,0.0622,0.0622,0.0622,0.0622,0.0622,0.0622,0.0622,0.0280,0.0280,0.0280,0.0280,0.0280,0.6200,0.0000,0.0622,0.0622,0.0622,0.6200,0.1867,0.1867,0.1867,0.0000,0.0000,0.0000,0.0000,0.0311
java.safepoint_deoptimization_osr,0.0350,0.0350,0.0311,0.0000,0.0311,0.0000,0.0000,0.0311,0.0311,0.0350,0.8500,0.0311,0.0000,0.0311,0.0000,0.0000,0.0311,0.6200,0.0800,0.0311,0.0000,0.0350,0.0350,0.0350,0.0000,0.0350,0.0350,0.0350,0.0350,0.0350,0.0000,0.0000,0.0350,0.0000,0.0000,0.0350,0.0350,0.0311,0.0350,0.0000,0.0311,0.0000,0.0350,0.0800,0.0350,0.0000,0.0311,0.0311,0.0311,0.0311,0.0000,0.0800,0.0350,0.0311,0.0000,0.0311,0.0000,0.0000,0.0350,0.0000,0.0350,0.8500,0.0000,0.0000,0.0350,0.0000,0.0311,0.0000,0.0000,0.0000,0.0000,0.0000,0.0350,0.0000,0.0350,0.0350,0.0000,0.0311,0.0000,0.0311,0.0000,0.0000,0.0350,0.0000,0.0000,0.8500,0.0350,0.0350,0.0311,0.0000,0.0000,0.0311,0.0000,0.0350,0.0000,0.0000,0.0350,0.0311,0.0280,0.0280,0.0280,0.0233,0.0233,0.0280,0.0280,0.0280,0.0280,0.0280,0.0280,0.0280,0.0280,0.0280,0.0280,0.0280,0.0280,0.0280,0.0280,0.0280,0.0280,0.0622,0.0280,0.0233,0.0233,0.0000,0.0622,0.0622,0.0280,0.0233,0.0233,0.0233,0.2000,0.0255,0.0560,0.0560,0.0560,0.0560,0.0560,0.0560,0.0280,0.0280,0.0622,0.0622,0.0622,0.0560,0.0000,0.0000,0.0000,0.0255,0.1050,0.1050,0.1050,0.0560,0.0560,0.0560,0.0560,0.0560,0.0560,0.0560,0.0560,0.2000,0.2000,0.2000,0.2000,0.2000,0.0622,0.0622,0.0000,0.6200,0.6200,0.0622,0.0622,0.0622,0.0622,0.0622,0.0622,0.0622,0.0622,0.0280
java.tiered_jit_compilation,0.0350,0.0350,0.0311,0.0000,0.0311,0.0000,0.0000,0.0311,0.0311,0.0350,0.0800,0.0311,0.0000,0.0311,0.0000,0.0000,0.0311,0.8500,0.0800,0.0311,0.0000,0.0350,0.0350,0.0350,0.0000,0.0350,0.0350,0.0350,0.0350,0.0350,0.0000,0.0000,0.0350,0.0000,0.0000,0.0350,0.0350,0.0311,0.0350,0.0000,0.0311,0.0000,0.0350,0.8500,0.0350,0.0000,0.0311,0.0311,0.0311,0.0311,0.0000,0.0800,0.0350,0.0311,0.0000,0.0311,0.0000,0.0000,0.0350,0.0000,0.0350,0.8500,0.0000,0.0000,0.0350,0.0000,0.0311,0.0000,0.0000,0.0000,0.0000,0.0000,0.0350,0.0000,0.0350,0.0350,0.0000,0.0311,0.0000,0.0311,0.0000,0.0000,0.0350,0.0000,0.0000,0.0000,0.0350,0.0350,0.0311,0.0000,0.0000,0.0311,0.0000,0.0350,0.0000,0.0000,0.0350,0.0311,0.0280,0.0280,0.0280,0.0233,0.0233,0.0280,0.0280,0.0280,0.0280,0.0280,0.0280,0.0280,0.0280,0.0280,0.0280,0.0280,0.0280,0.0280,0.0280,0.0280,0.0280,0.0622,0.0280,0.0233,0.0233,0.0000,0.0622,0.0622,0.0280,0.0233,0.0233,0.0233,0.2000,0.0255,0.0560,0.0560,0.0560,0.0560,0.0560,0.0560,0.0280,0.0280,0.0622,0.0622,0.0622,0.0560,0.0000,0.0000,0.0000,0.0255,0.1050,0.1050,0.1050,0.0560,0.0560,0.0560,0.0560,0.0560,0.0560,0.0560,0.0560,0.2000,0.2000,0.2000,0.2000,0.2000,0.0622,0.0622,0.6200,0.0000,0.6200,0.0622,0.0622,0.0622,0.0622,0.0622,0.0622,0.0622,0.0622,0.0280
java.escape_analysis_scalar_replacement,0.0350,0.8500,0.0311,0.0000,0.0311,0.0000,0.0000,0.0311,0.0311,0.0350,0.0800,0.0311,0.0000,0.0311,0.0000,0.0000,0.0311,0.6200,0.0800,0.0311,0.0000,0.0350,0.0350,0.0350,0.0000,0.0350,0.0350,0.0350,0.0350,0.0350,0.0000,0.0000,0.0350,0.0000,0.0000,0.0350,0.0350,0.0311,0.0350,0.0000,0.0311,0.0000,0.0350,0.8500,0.0350,0.0000,0.0311,0.0311,0.0311,0.0311,0.0000,0.0800,0.0350,0.0311,0.0000,0.0311,0.0000,0.0000,0.0350,0.0000,0.0350,0.8500,0.0000,0.0000,0.0350,0.0000,0.0311,0.0000,0.0000,0.0000,0.0000,0.0000,0.0350,0.0000,0.0350,0.0350,0.0000,0.0311,0.0000,0.0311,0.0000,0.0000,0.0350,0.0000,0.0000,0.0000,0.0350,0.0350,0.0311,0.0000,0.0000,0.0311,0.0000,0.0350,0.0000,0.0000,0.0350,0.0311,0.0280,0.0280,0.0280,0.0233,0.0233,0.0280,0.0280,0.0280,0.0280,0.0280,0.0280,0.0280,0.0280,0.0280,0.0280,0.0280,0.0280,0.0280,0.0280,0.0280,0.0280,0.0622,0.0280,0.0233,0.0233,0.0000,0.0622,0.0622,0.0280,0.0233,0.0233,0.0233,0.2000,0.0255,0.0560,0.0560,0.0560,0.0560,0.0560,0.0560,0.0280,0.0280,0.0622,0.0622,0.0622,0.0560,0.0000,0.0000,0.0000,0.0255,0.1050,0.1050,0.1050,0.0560,0.0560,0.0560,0.0560,0.0560,0.0560,0.0560,0.0560,0.2000,0.2000,0.2000,0.2000,0.2000,0.0622,0.0622,0.6200,0.6200,0.0000,0.0622,0.0622,0.0622,0.0622,0.0622,0.0622,0.0622,0.0622,0.0280
java.object_layout_headers_compressed_oops,0.1680,0.6200,0.0000,0.0000,0.0000,0.0000,0.0000,0.0000,0.0000,0.0000,0.0000,0.0000,0.0000,0.0000,0.0000,0.8500,0.0000,0.0000,0.0000,0.0000,0.0000,0.0000,0.0000,0.0933,0.0000,0.0000,0.1680,0.0933,0.0000,0.0000,0.0000,0.0000,0.8500,0.0000,0.0000,0.0933,0.0000,0.0000,0.0000,0.0000,0.0000,0.0000,0.0933,0.0000,0.8500,0.0000,0.0000,0.0000,0.0000,0.0000,0.0000,0.0000,0.1680,0.0000,0.0000,0.0000,0.0000,0.0000,0.0933,0.0000,0.0933,0.0000,0.0000,0.0000,0.6200,0.0000,0.0000,0.8500,0.0000,0.0000,0.0000,0.0000,0.0933,0.0000,0.0933,0.0000,0.0000,0.0000,0.0000,0.0000,0.0000,0.0000,0.0000,0.0000,0.0000,0.0000,0.0000,0.0933,0.0000,0.0000,0.0000,0.0000,0.0000,0.6200,0.0000,0.0000,0.0000,0.0000,0.0311,0.0311,0.0311,0.0255,0.0255,0.0311,0.0311,0.0311,0.0311,0.0311,0.0311,0.0311,0.0311,0.0311,0.0311,0.0311,0.0311,0.0311,0.0311,0.0311,0.0311,0.0000,0.0311,0.0255,0.0255,0.0000,0.0000,0.0000,0.0311,0.0255,0.0255,0.0255,0.0280,0.1050,0.0000,0.0000,0.0000,0.0000,0.0000,0.0000,0.0000,0.0000,0.0700,0.0700,0.0700,0.0000,0.0000,0.0000,0.0000,0.1050,0.1200,0.1200,0.1200,0.0622,0.0622,0.0622,0.0622,0.0622,0.0622,0.0622,0.0622,0.0280,0.0280,0.0280,0.0280,0.0280,0.6200,0.6200,0.0622,0.0622,0.0622,0.0000,0.1867,0.1867,0.1867,0.0000,0.0000,0.0000,0.0000,0.0311
java.jni_boundary,0.8500,0.0400,0.0000,0.0400,0.0000,0.0000,0.0000,0.0000,0.0000,0.0000,0.0000,0.0000,0.0000,0.0000,0.0000,0.0000,0.0000,0.0000,0.0000,0.0000,0.0000,0.0000,0.0000,0.0400,0.0000,0.0000,0.8500,0.0400,0.0000,0.0000,0.0000,0.0400,0.8500,0.0000,0.0400,0.0400,0.0000,0.0000,0.0000,0.0000,0.0000,0.0000,0.0400,0.0000,0.6200,0.0000,0.0000,0.0000,0.0000,0.0000,0.0000,0.0000,0.6200,0.0000,0.0400,0.0000,0.0000,0.0000,0.0400,0.0000,0.0400,0.0000,0.0400,0.0400,0.1680,0.0000,0.0000,0.0400,0.0400,0.0400,0.0400,0.0400,0.0400,0.0400,0.0400,0.0000,0.0000,0.0000,0.0000,0.0000,0.0000,0.0400,0.0000,0.0000,0.0000,0.0000,0.0000,0.0400,0.0000,0.0400,0.0400,0.0000,0.0400,0.1680,0.0000,0.0000,0.0000,0.0000,0.0700,0.0700,0.0700,0.0560,0.0560,0.0700,0.0700,0.0700,0.0700,0.0700,0.0700,0.0700,0.0700,0.0700,0.0700,0.0700,0.0311,0.0311,0.0311,0.0311,0.0311,0.0000,0.0311,0.0560,0.0560,0.0000,0.0000,0.0000,0.0311,0.0560,0.0560,0.0560,0.0280,0.0622,0.0000,0.0000,0.0000,0.0000,0.0000,0.0000,0.0000,0.0000,0.0311,0.0311,0.0311,0.0000,0.0000,0.0000,0.0000,0.0622,0.1200,0.1200,0.1200,0.0280,0.0280,0.0280,0.0280,0.0280,0.0280,0.0280,0.0280,0.0280,0.0280,0.0280,0.0280,0.0280,0.1867,0.1867,0.0622,0.0622,0.0622,0.1867,0.0000,0.6200,0.6200,0.0000,0.0000,0.0000,0.0000,0.0311
java.foreign_function_memory_api,0.6200,0.0400,0.0000,0.0400,0.0000,0.0000,0.0000,0.0000,0.0000,0.0000,0.0000,0.0000,0.0000,0.0000,0.0000,0.0000,0.0000,0.0000,0.0000,0.0000,0.0000,0.0000,0.0000,0.0400,0.0000,0.0000,0.8500,0.0400,0.0000,0.0000,0.0000,0.0400,0.1680,0.0000,0.0400,0.0400,0.0000,0.0000,0.0000,0.0000,0.0000,0.0000,0.0400,0.0000,0.8500,0.0000,0.0000,0.0000,0.0000,0.0000,0.0000,0.0000,0.8500,0.0000,0.0400,0.0000,0.0000,0.0000,0.0400,0.0000,0.0400,0.0000,0.0400,0.0400,0.1680,0.0000,0.0000,0.8500,0.0400,0.0400,0.0400,0.0400,0.0400,0.0400,0.0400,0.0000,0.0000,0.0000,0.0000,0.0000,0.0000,0.0400,0.0000,0.0000,0.0000,0.0000,0.0000,0.0400,0.0000,0.0400,0.0400,0.0000,0.0400,0.1680,0.0000,0.0000,0.0000,0.0000,0.0700,0.0700,0.0700,0.0560,0.0560,0.0700,0.0700,0.0700,0.0700,0.0700,0.0700,0.0700,0.0700,0.0700,0.0700,0.0700,0.0311,0.0311,0.0311,0.0311,0.0311,0.0000,0.0311,0.0560,0.0560,0.0000,0.0000,0.0000,0.0311,0.0560,0.0560,0.0560,0.0280,0.0622,0.0000,0.0000,0.0000,0.0000,0.0000,0.0000,0.0000,0.0000,0.0311,0.0311,0.0311,0.0000,0.0000,0.0000,0.0000,0.0622,0.1200,0.1200,0.1200,0.0280,0.0280,0.0280,0.0280,0.0280,0.0280,0.0280,0.0280,0.0280,0.0280,0.0280,0.0280,0.0280,0.1867,0.1867,0.0622,0.0622,0.0622,0.1867,0.6200,0.0000,0.6200,0.0000,0.0000,0.0000,0.0000,0.0311
java.native_method_resolution,0.6200,0.0400,0.0000,0.0400,0.0000,0.0000,0.0000,0.0000,0.0000,0.0000,0.0000,0.0000,0.0000,0.0000,0.0000,0.0000,0.0000,0.0000,0.0000,0.0000,0.0000,0.0000,0.0000,0.8500,0.0000,0.0000,0.8500,0.0400,0.0000,0.0000,0.0000,0.0400,0.1680,0.0000,0.0400,0.0400,0.0000,0.0000,0.0000,0.0000,0.0000,0.0000,0.0400,0.0000,0.6200,0.0000,0.0000,0.0000,0.0000,0.0000,0.0000,0.0000,0.6200,0.0000,0.0400,0.0000,0.0000,0.0000,0.0400,0.8500,0.0400,0.0000,0.0400,0.0400,0.1680,0.0000,0.0000,0.0400,0.0400,0.0400,0.0400,0.0400,0.0400,0.0400,0.0400,0.0000,0.0000,0.0000,0.0000,0.0000,0.0000,0.0400,0.0000,0.0000,0.0000,0.0000,0.0000,0.0400,0.0000,0.0400,0.0400,0.0000,0.0400,0.1680,0.0000,0.0000,0.0000,0.0000,0.0700,0.0700,0.0700,0.0560,0.0560,0.0700,0.0700,0.0700,0.0700,0.0700,0.0700,0.0700,0.0700,0.0700,0.0700,0.0700,0.0311,0.0311,0.0311,0.0311,0.0311,0.0000,0.0311,0.0560,0.0560,0.0000,0.0000,0.0000,0.0311,0.0560,0.0560,0.0560,0.0280,0.0622,0.0000,0.0000,0.0000,0.0000,0.0000,0.0000,0.0000,0.0000,0.0311,0.0311,0.0311,0.0000,0.0000,0.0000,0.0000,0.0622,0.1200,0.1200,0.1200,0.0280,0.0280,0.0280,0.0280,0.0280,0.0280,0.0280,0.0280,0.0280,0.0280,0.0280,0.0280,0.0280,0.1867,0.1867,0.0622,0.0622,0.0622,0.1867,0.6200,0.6200,0.0000,0.0000,0.0000,0.0000,0.0000,0.0311
java.compile_time_constants,0.0000,0.0000,0.0000,0.0400,0.0000,0.0000,0.0933,0.0000,0.0000,0.0000,0.1680,0.0000,0.0000,0.0000,0.0000,0.0933,0.0000,0.1680,0.8500,0.0000,0.8500,0.0000,0.0000,0.0000,0.0933,0.0000,0.0000,0.0000,0.0000,0.0000,0.0933,0.0400,0.0000,0.0933,0.0400,0.0000,0.0000,0.0000,0.0000,0.0933,0.0000,0.0933,0.0000,0.1680,0.0000,0.0000,0.0000,0.0000,0.0000,0.0000,0.0000,0.6200,0.0000,0.0000,0.0400,0.0000,0.0000,0.0933,0.0000,0.0000,0.0000,0.1680,0.0400,0.0400,0.0000,0.0933,0.0000,0.0400,0.0400,0.0400,0.8500,0.8500,0.0000,0.0400,0.0000,0.0000,0.0000,0.0000,0.0000,0.0000,0.0933,0.0400,0.0000,0.0000,0.0000,0.0000,0.0000,0.0000,0.0000,0.0400,0.0400,0.0000,0.0400,0.0000,0.0933,0.0933,0.0000,0.0000,0.0311,0.0311,0.0311,0.0255,0.0255,0.0311,0.0311,0.0311,0.0311,0.0311,0.0311,0.0311,0.0311,0.0311,0.0311,0.0311,0.0700,0.0700,0.0700,0.0700,0.0700,0.6200,0.0700,0.0255,0.0255,0.1200,0.0000,0.0000,0.0700,0.0255,0.0255,0.0255,0.1050,0.0280,0.0280,0.0280,0.0280,0.0280,0.0280,0.0280,0.0000,0.0000,0.0000,0.0000,0.0000,0.0280,0.1200,0.1200,0.1200,0.0280,0.0700,0.0700,0.0700,0.0000,0.0000,0.0000,0.0000,0.0000,0.0000,0.0000,0.0000,0.1050,0.1050,0.1050,0.1050,0.1050,0.0000,0.0000,0.0622,0.0622,0.0622,0.0000,0.0000,0.0000,0.0000,0.0000,0.6200,0.6200,0.6200,0.0700
java.classfile_lowering,0.0000,0.0000,0.0000,0.0400,0.0000,0.0000,0.0933,0.0000,0.0000,0.0000,0.8500,0.0000,0.0000,0.0000,0.0000,0.0933,0.0000,0.8500,0.6200,0.0000,0.0933,0.0000,0.0000,0.0000,0.0933,0.0000,0.0000,0.0000,0.0000,0.0000,0.0933,0.0400,0.0000,0.0933,0.0400,0.0000,0.0000,0.0000,0.0000,0.0933,0.0000,0.0933,0.0000,0.8500,0.0000,0.0000,0.0000,0.0000,0.0000,0.0000,0.0000,0.6200,0.0000,0.0000,0.0400,0.0000,0.0000,0.0933,0.0000,0.0000,0.0000,0.1680,0.0400,0.0400,0.0000,0.0933,0.0000,0.0400,0.0400,0.0400,0.0400,0.0400,0.0000,0.0400,0.0000,0.0000,0.0000,0.0000,0.0000,0.0000,0.0933,0.0400,0.0000,0.0000,0.0000,0.0000,0.0000,0.0000,0.0000,0.0400,0.0400,0.0000,0.0400,0.0000,0.0933,0.0933,0.0000,0.0000,0.0311,0.0311,0.0311,0.0255,0.0255,0.0311,0.0311,0.0311,0.0311,0.0311,0.0311,0.0311,0.0311,0.0311,0.0311,0.0311,0.0700,0.0700,0.0700,0.0700,0.0700,0.6200,0.0700,0.0255,0.0255,0.1200,0.0000,0.0000,0.0700,0.0255,0.0255,0.0255,0.1050,0.0280,0.0280,0.0280,0.0280,0.0280,0.0280,0.0280,0.0000,0.0000,0.0000,0.0000,0.0000,0.0280,0.1200,0.1200,0.1200,0.0280,0.0700,0.0700,0.0700,0.0000,0.0000,0.0000,0.0000,0.0000,0.0000,0.0000,0.0000,0.1050,0.1050,0.1050,0.1050,0.1050,0.0000,0.0000,0.0622,0.0622,0.0622,0.0000,0.0000,0.0000,0.0000,0.6200,0.0000,0.6200,0.6200,0.0700
java.bridge_synthetic_methods,0.0000,0.0000,0.0000,0.0400,0.0000,0.0000,0.0933,0.0000,0.0000,0.0000,0.1680,0.0000,0.0000,0.0000,0.0000,0.0933,0.0000,0.8500,0.6200,0.0000,0.0933,0.0000,0.0000,0.8500,0.0933,0.0000,0.0000,0.0000,0.0000,0.0000,0.0933,0.0400,0.0000,0.8500,0.0400,0.0000,0.0000,0.0000,0.0000,0.0933,0.0000,0.0933,0.0000,0.1680,0.0000,0.0000,0.0000,0.0000,0.0000,0.0000,0.0000,0.6200,0.0000,0.0000,0.0400,0.0000,0.0000,0.0933,0.0000,0.0000,0.0000,0.1680,0.0400,0.0400,0.0000,0.0933,0.0000,0.0400,0.0400,0.0400,0.0400,0.0400,0.0000,0.0400,0.0000,0.0000,0.0000,0.0000,0.0000,0.0000,0.0933,0.0400,0.0000,0.0000,0.0000,0.0000,0.0000,0.0000,0.0000,0.0400,0.0400,0.0000,0.0400,0.0000,0.0933,0.0933,0.0000,0.0000,0.0311,0.0311,0.0311,0.0255,0.0255,0.0311,0.0311,0.0311,0.0311,0.0311,0.0311,0.0311,0.0311,0.0311,0.0311,0.0311,0.0700,0.0700,0.0700,0.0700,0.0700,0.6200,0.0700,0.0255,0.0255,0.1200,0.0000,0.0000,0.0700,0.0255,0.0255,0.0255,0.1050,0.0280,0.0280,0.0280,0.0280,0.0280,0.0280,0.0280,0.0000,0.0000,0.0000,0.0000,0.0000,0.0280,0.1200,0.1200,0.1200,0.0280,0.0700,0.0700,0.0700,0.0000,0.0000,0.0000,0.0000,0.0000,0.0000,0.0000,0.0000,0.1050,0.1050,0.1050,0.1050,0.1050,0.0000,0.0000,0.0622,0.0622,0.0622,0.0000,0.0000,0.0000,0.0000,0.6200,0.6200,0.0000,0.6200,0.0700
java.preview_feature_gating,0.0000,0.0000,0.0000,0.0400,0.0000,0.0000,0.8500,0.0000,0.0000,0.0000,0.1680,0.0000,0.0000,0.0000,0.0000,0.0933,0.0000,0.1680,0.8500,0.0000,0.0933,0.0000,0.0000,0.0000,0.0933,0.0000,0.0000,0.0000,0.0000,0.0000,0.0933,0.0400,0.0000,0.0933,0.0400,0.0000,0.0000,0.0000,0.0000,0.0933,0.0000,0.0933,0.0000,0.1680,0.0000,0.0000,0.0000,0.0000,0.0000,0.0000,0.0000,0.6200,0.0000,0.0000,0.0400,0.0000,0.0000,0.0933,0.0000,0.0000,0.0000,0.1680,0.0400,0.0400,0.0000,0.0933,0.0000,0.0400,0.0400,0.0400,0.0400,0.0400,0.0000,0.0400,0.0000,0.0000,0.0000,0.0000,0.0000,0.0000,0.0933,0.0400,0.0000,0.0000,0.0000,0.0000,0.0000,0.0000,0.0000,0.0400,0.0400,0.0000,0.0400,0.0000,0.0933,0.0933,0.0000,0.0000,0.0311,0.0311,0.0311,0.0255,0.0255,0.0311,0.0311,0.0311,0.0311,0.0311,0.0311,0.0311,0.0311,0.0311,0.0311,0.0311,0.0700,0.0700,0.0700,0.0700,0.0700,0.6200,0.0700,0.0255,0.0255,0.1200,0.0000,0.0000,0.0700,0.0255,0.0255,0.0255,0.1050,0.0280,0.0280,0.0280,0.0280,0.0280,0.0280,0.0280,0.0000,0.0000,0.0000,0.0000,0.0000,0.0280,0.1200,0.1200,0.1200,0.0280,0.0700,0.0700,0.0700,0.0000,0.0000,0.0000,0.0000,0.0000,0.0000,0.0000,0.0000,0.1050,0.1050,0.1050,0.1050,0.1050,0.0000,0.0000,0.0622,0.0622,0.0622,0.0000,0.0000,0.0000,0.0000,0.6200,0.6200,0.6200,0.0000,0.0700
java.value_class_preview,0.0000,0.0400,0.0000,0.0400,0.0000,0.0000,0.6200,0.0000,0.0000,0.0000,0.0000,0.0000,0.0933,0.0000,0.0000,0.8500,0.0000,0.0000,0.0000,0.0000,0.6200,0.0000,0.0000,0.0400,0.6200,0.0000,0.0000,0.0400,0.0000,0.0000,0.6200,0.0400,0.0000,0.1680,0.0400,0.0400,0.0000,0.0000,0.0000,0.1680,0.0000,0.6200,0.0400,0.0000,0.8500,0.6200,0.0000,0.0000,0.0000,0.0000,0.0000,0.0000,0.0000,0.0000,0.6200,0.0000,0.0000,0.1680,0.0400,0.0933,0.0400,0.0000,0.0400,0.0400,0.0000,0.1680,0.0000,0.0400,0.0400,0.0400,0.0400,0.0400,0.0400,0.0400,0.0400,0.0000,0.0933,0.0000,0.0933,0.0000,0.8500,0.0400,0.0000,0.0933,0.0000,0.0000,0.0000,0.0400,0.0000,0.0400,0.0400,0.0000,0.0400,0.0000,0.1680,0.6200,0.0000,0.0000,0.0700,0.0700,0.0700,0.1400,0.1400,0.0700,0.0700,0.0700,0.0700,0.0700,0.0700,0.0700,0.0700,0.0700,0.0700,0.0700,0.6200,0.6200,0.6200,0.6200,0.6200,0.0700,0.6200,0.1400,0.1400,0.1867,0.0700,0.0700,0.6200,0.1400,0.1400,0.1400,0.0622,0.1050,0.0280,0.0280,0.0280,0.0280,0.0280,0.0280,0.0000,0.0000,0.0311,0.0311,0.0311,0.0280,0.1867,0.1867,0.1867,0.1050,0.0700,0.0700,0.0700,0.0280,0.0280,0.0280,0.0280,0.0280,0.0280,0.0280,0.0280,0.0622,0.0622,0.0622,0.0622,0.0622,0.0311,0.0311,0.0280,0.0280,0.0280,0.0311,0.0311,0.0311,0.0311,0.0700,0.0700,0.0700,0.0700,0.0000
