source_id,language,ecosystem,name,version,url,reference,format
github:FluxML/Flux.jl@404ff37d68d256a9ca0bb176ed119b631bc9cad8,julia,github,FluxML/Flux.jl,404ff37d68d256a9ca0bb176ed119b631bc9cad8,https://github.com/FluxML/Flux.jl/archive/404ff37d68d256a9ca0bb176ed119b631bc9cad8.zip,master,zip
github:JuliaData/DataFrames.jl@d06ff9768ce91c5377d2c3625e7e1c7544208cc5,julia,github,JuliaData/DataFrames.jl,d06ff9768ce91c5377d2c3625e7e1c7544208cc5,https://github.com/JuliaData/DataFrames.jl/archive/d06ff9768ce91c5377d2c3625e7e1c7544208cc5.zip,main,zip
github:TuringLang/Turing.jl@e6b358226f9a8b88c568353736c8a36d12455a33,julia,github,TuringLang/Turing.jl,e6b358226f9a8b88c568353736c8a36d12455a33,https://github.com/TuringLang/Turing.jl/archive/e6b358226f9a8b88c568353736c8a36d12455a33.zip,main,zip
github:JuliaSymbolics/Symbolics.jl@219cd305597c7a8a25bffeeae57d203d0fa80113,julia,github,JuliaSymbolics/Symbolics.jl,219cd305597c7a8a25bffeeae57d203d0fa80113,https://github.com/JuliaSymbolics/Symbolics.jl/archive/219cd305597c7a8a25bffeeae57d203d0fa80113.zip,master,zip
github:JuliaLang/PackageCompiler.jl@d65ab15288709df482984c4049d97cee0cbc6acb,julia,github,JuliaLang/PackageCompiler.jl,d65ab15288709df482984c4049d97cee0cbc6acb,https://github.com/JuliaLang/PackageCompiler.jl/archive/d65ab15288709df482984c4049d97cee0cbc6acb.zip,master,zip
github:GenieFramework/Genie.jl@5a4e5f6972ea91c37c609e4bd972b92c8a51a850,julia,github,GenieFramework/Genie.jl,5a4e5f6972ea91c37c609e4bd972b92c8a51a850,https://github.com/GenieFramework/Genie.jl/archive/5a4e5f6972ea91c37c609e4bd972b92c8a51a850.zip,main,zip
github:nim-lang/nimble@605d325d676268e92534e003ae586925f3d42f57,nim,github,nim-lang/nimble,605d325d676268e92534e003ae586925f3d42f57,https://github.com/nim-lang/nimble/archive/605d325d676268e92534e003ae586925f3d42f57.zip,master,zip
github:dom96/jester@8a491a8e28965ee9291f058963ff65571a315e84,nim,github,dom96/jester,8a491a8e28965ee9291f058963ff65571a315e84,https://github.com/dom96/jester/archive/8a491a8e28965ee9291f058963ff65571a315e84.zip,master,zip
github:yglukhov/nimpy@b07fc2c6f09fadb0ae224ce5bf66361ec3fe12e3,nim,github,yglukhov/nimpy,b07fc2c6f09fadb0ae224ce5bf66361ec3fe12e3,https://github.com/yglukhov/nimpy/archive/b07fc2c6f09fadb0ae224ce5bf66361ec3fe12e3.zip,master,zip
github:mratsim/Arraymancer@d3b67712a3334ab4ded2809cc793e9cd7fed5fae,nim,github,mratsim/Arraymancer,d3b67712a3334ab4ded2809cc793e9cd7fed5fae,https://github.com/mratsim/Arraymancer/archive/d3b67712a3334ab4ded2809cc793e9cd7fed5fae.zip,master,zip
github:planety/prologue@01edc251595ff696045a4c38c5034d145bd0fe89,nim,github,planety/prologue,01edc251595ff696045a4c38c5034d145bd0fe89,https://github.com/planety/prologue/archive/01edc251595ff696045a4c38c5034d145bd0fe89.zip,devel,zip
github:karaxnim/karax@fa5fdef42b3dd290880b3e4892e52385b892cfcb,nim,github,karaxnim/karax,fa5fdef42b3dd290880b3e4892e52385b892cfcb,https://github.com/karaxnim/karax/archive/fa5fdef42b3dd290880b3e4892e52385b892cfcb.zip,master,zip
github:Alamofire/Alamofire@0455bfb650893e86ad07ace16e5f2d36dadf46f4,swift,github,Alamofire/Alamofire,0455bfb650893e86ad07ace16e5f2d36dadf46f4,https://github.com/Alamofire/Alamofire/archive/0455bfb650893e86ad07ace16e5f2d36dadf46f4.zip,master,zip
github:vapor/vapor@4813c31be404e8efe90dc09cc5568aaa6634e2ed,swift,github,vapor/vapor,4813c31be404e8efe90dc09cc5568aaa6634e2ed,https://github.com/vapor/vapor/archive/4813c31be404e8efe90dc09cc5568aaa6634e2ed.zip,main,zip
github:onevcat/Kingfisher@be0d257b9bd47a4e6e1265fc8c237411825f107a,swift,github,onevcat/Kingfisher,be0d257b9bd47a4e6e1265fc8c237411825f107a,https://github.com/onevcat/Kingfisher/archive/be0d257b9bd47a4e6e1265fc8c237411825f107a.zip,master,zip
github:rxhanson/Rectangle@e5f06cbf7a2e040a3d65a7c2e2cef2eceffc7ffe,swift,github,rxhanson/Rectangle,e5f06cbf7a2e040a3d65a7c2e2cef2eceffc7ffe,https://github.com/rxhanson/Rectangle/archive/e5f06cbf7a2e040a3d65a7c2e2cef2eceffc7ffe.zip,main,zip
github:apple/container@97a0c11a6e8969538cb7b42dbbddbb23a43607f8,swift,github,apple/container,97a0c11a6e8969538cb7b42dbbddbb23a43607f8,https://github.com/apple/container/archive/97a0c11a6e8969538cb7b42dbbddbb23a43607f8.zip,main,zip
github:kodecocodes/swift-algorithm-club@05c6d0bc5fa9484dd29eb324603b3452f4f44f39,swift,github,kodecocodes/swift-algorithm-club,05c6d0bc5fa9484dd29eb324603b3452f4f44f39,https://github.com/kodecocodes/swift-algorithm-club/archive/05c6d0bc5fa9484dd29eb324603b3452f4f44f39.zip,master,zip
github:ghostty-org/ghostty@20abdb50a6216c450d6d4d010c41c7edf5ab15b2,zig,github,ghostty-org/ghostty,20abdb50a6216c450d6d4d010c41c7edf5ab15b2,https://github.com/ghostty-org/ghostty/archive/20abdb50a6216c450d6d4d010c41c7edf5ab15b2.zip,main,zip
github:tigerbeetle/tigerbeetle@47aeb2212a255273dda508288412e537d11e4b7c,zig,github,tigerbeetle/tigerbeetle,47aeb2212a255273dda508288412e537d11e4b7c,https://github.com/tigerbeetle/tigerbeetle/archive/47aeb2212a255273dda508288412e537d11e4b7c.zip,main,zip
github:lightpanda-io/browser@1c12eb73a819b89b592aa0d5b8490504216c300c,zig,github,lightpanda-io/browser,1c12eb73a819b89b592aa0d5b8490504216c300c,https://github.com/lightpanda-io/browser/archive/1c12eb73a819b89b592aa0d5b8490504216c300c.zip,main,zip
github:zigtools/zls@8da87d4f3305a550e7b739bad764e34bf1e46a08,zig,github,zigtools/zls,8da87d4f3305a550e7b739bad764e34bf1e46a08,https://github.com/zigtools/zls/archive/8da87d4f3305a550e7b739bad764e34bf1e46a08.zip,master,zip
github:mitchellh/libxev@9ce8e8e6ff89e583258a7f8e7adeeeaeae8611bf,zig,github,mitchellh/libxev,9ce8e8e6ff89e583258a7f8e7adeeeaeae8611bf,https://github.com/mitchellh/libxev/archive/9ce8e8e6ff89e583258a7f8e7adeeeaeae8611bf.zip,main,zip
github:zig-gamedev/zig-gamedev@9af37ec05bbfe5164dafc4c741a7d35667bd09c5,zig,github,zig-gamedev/zig-gamedev,9af37ec05bbfe5164dafc4c741a7d35667bd09c5,https://github.com/zig-gamedev/zig-gamedev/archive/9af37ec05bbfe5164dafc4c741a7d35667bd09c5.zip,main,zip
cran:AATtools@0.0.3,r,cran,AATtools,0.0.3,https://cran.r-project.org/src/contrib/AATtools_0.0.3.tar.gz,CRAN PACKAGES.gz,tar.gz
cran:ABC.RAP@0.9.0,r,cran,ABC.RAP,0.9.0,https://cran.r-project.org/src/contrib/ABC.RAP_0.9.0.tar.gz,CRAN PACKAGES.gz,tar.gz
cran:ABPS@0.3,r,cran,ABPS,0.3,https://cran.r-project.org/src/contrib/ABPS_0.3.tar.gz,CRAN PACKAGES.gz,tar.gz
cran:ABRSQOL@1.0.0,r,cran,ABRSQOL,1.0.0,https://cran.r-project.org/src/contrib/ABRSQOL_1.0.0.tar.gz,CRAN PACKAGES.gz,tar.gz
cran:ABSurvTDC@0.1.0,r,cran,ABSurvTDC,0.1.0,https://cran.r-project.org/src/contrib/ABSurvTDC_0.1.0.tar.gz,CRAN PACKAGES.gz,tar.gz
cran:ACE.CoCo@0.1,r,cran,ACE.CoCo,0.1,https://cran.r-project.org/src/contrib/ACE.CoCo_0.1.tar.gz,CRAN PACKAGES.gz,tar.gz
cran:ADLP@0.1.0,r,cran,ADLP,0.1.0,https://cran.r-project.org/src/contrib/ADLP_0.1.0.tar.gz,CRAN PACKAGES.gz,tar.gz
cran:ADMM@0.3.4,r,cran,ADMM,0.3.4,https://cran.r-project.org/src/contrib/ADMM_0.3.4.tar.gz,CRAN PACKAGES.gz,tar.gz
cran:ADSIHT@0.2.1,r,cran,ADSIHT,0.2.1,https://cran.r-project.org/src/contrib/ADSIHT_0.2.1.tar.gz,CRAN PACKAGES.gz,tar.gz
cran:AID@3.1,r,cran,AID,3.1,https://cran.r-project.org/src/contrib/AID_3.1.tar.gz,CRAN PACKAGES.gz,tar.gz
cran:AISanalyze@3.1.2,r,cran,AISanalyze,3.1.2,https://cran.r-project.org/src/contrib/AISanalyze_3.1.2.tar.gz,CRAN PACKAGES.gz,tar.gz
cran:AIUQ@0.5.5,r,cran,AIUQ,0.5.5,https://cran.r-project.org/src/contrib/AIUQ_0.5.5.tar.gz,CRAN PACKAGES.gz,tar.gz
cran:APCanalysis@1.0,r,cran,APCanalysis,1.0,https://cran.r-project.org/src/contrib/APCanalysis_1.0.tar.gz,CRAN PACKAGES.gz,tar.gz
cran:APS@1.0.1,r,cran,APS,1.0.1,https://cran.r-project.org/src/contrib/APS_1.0.1.tar.gz,CRAN PACKAGES.gz,tar.gz
cran:ARCHISSUR@0.0.1,r,cran,ARCHISSUR,0.0.1,https://cran.r-project.org/src/contrib/ARCHISSUR_0.0.1.tar.gz,CRAN PACKAGES.gz,tar.gz
cran:ARPALData@2.0.1,r,cran,ARPALData,2.0.1,https://cran.r-project.org/src/contrib/ARPALData_2.0.1.tar.gz,CRAN PACKAGES.gz,tar.gz
cran:ATbounds@0.1.1,r,cran,ATbounds,0.1.1,https://cran.r-project.org/src/contrib/ATbounds_0.1.1.tar.gz,CRAN PACKAGES.gz,tar.gz
cran:AUC@0.3.2,r,cran,AUC,0.3.2,https://cran.r-project.org/src/contrib/AUC_0.3.2.tar.gz,CRAN PACKAGES.gz,tar.gz
cran:AdhereRViz@0.2.2,r,cran,AdhereRViz,0.2.2,https://cran.r-project.org/src/contrib/AdhereRViz_0.2.2.tar.gz,CRAN PACKAGES.gz,tar.gz
cran:AdsorpR@0.1.0,r,cran,AdsorpR,0.1.0,https://cran.r-project.org/src/contrib/AdsorpR_0.1.0.tar.gz,CRAN PACKAGES.gz,tar.gz
cran:AgeBandDecomposition@2.0.1,r,cran,AgeBandDecomposition,2.0.1,https://cran.r-project.org/src/contrib/AgeBandDecomposition_2.0.1.tar.gz,CRAN PACKAGES.gz,tar.gz
cran:AgreementInterval@0.1.1,r,cran,AgreementInterval,0.1.1,https://cran.r-project.org/src/contrib/AgreementInterval_0.1.1.tar.gz,CRAN PACKAGES.gz,tar.gz
cran:AhoCorasickTrie@0.1.3,r,cran,AhoCorasickTrie,0.1.3,https://cran.r-project.org/src/contrib/AhoCorasickTrie_0.1.3.tar.gz,CRAN PACKAGES.gz,tar.gz
cran:AlignLV@0.1.0.0,r,cran,AlignLV,0.1.0.0,https://cran.r-project.org/src/contrib/AlignLV_0.1.0.0.tar.gz,CRAN PACKAGES.gz,tar.gz
cran:AlleleRetain@2.0.2,r,cran,AlleleRetain,2.0.2,https://cran.r-project.org/src/contrib/AlleleRetain_2.0.2.tar.gz,CRAN PACKAGES.gz,tar.gz
cran:AmigaFFH@0.4.8,r,cran,AmigaFFH,0.4.8,https://cran.r-project.org/src/contrib/AmigaFFH_0.4.8.tar.gz,CRAN PACKAGES.gz,tar.gz
cran:AmmoniaConcentration@0.1,r,cran,AmmoniaConcentration,0.1,https://cran.r-project.org/src/contrib/AmmoniaConcentration_0.1.tar.gz,CRAN PACKAGES.gz,tar.gz
cran:AmpGram@1.0,r,cran,AmpGram,1.0,https://cran.r-project.org/src/contrib/AmpGram_1.0.tar.gz,CRAN PACKAGES.gz,tar.gz
cran:AnnotationBustR@2.0,r,cran,AnnotationBustR,2.0,https://cran.r-project.org/src/contrib/AnnotationBustR_2.0.tar.gz,CRAN PACKAGES.gz,tar.gz
cran:AntibodyTiters@0.1.24,r,cran,AntibodyTiters,0.1.24,https://cran.r-project.org/src/contrib/AntibodyTiters_0.1.24.tar.gz,CRAN PACKAGES.gz,tar.gz
cran:AnxietySleep@0.0.1,r,cran,AnxietySleep,0.0.1,https://cran.r-project.org/src/contrib/AnxietySleep_0.0.1.tar.gz,CRAN PACKAGES.gz,tar.gz
cran:AquaAnalytix@0.1.0,r,cran,AquaAnalytix,0.1.0,https://cran.r-project.org/src/contrib/AquaAnalytix_0.1.0.tar.gz,CRAN PACKAGES.gz,tar.gz
cran:AsynchLong@2.4,r,cran,AsynchLong,2.4,https://cran.r-project.org/src/contrib/AsynchLong_2.4.tar.gz,CRAN PACKAGES.gz,tar.gz
cran:AtlasMaker@0.1.0,r,cran,AtlasMaker,0.1.0,https://cran.r-project.org/src/contrib/AtlasMaker_0.1.0.tar.gz,CRAN PACKAGES.gz,tar.gz
cran:AugBalWeight@0.1.0,r,cran,AugBalWeight,0.1.0,https://cran.r-project.org/src/contrib/AugBalWeight_0.1.0.tar.gz,CRAN PACKAGES.gz,tar.gz
cran:AzureVM@2.2.2,r,cran,AzureVM,2.2.2,https://cran.r-project.org/src/contrib/AzureVM_2.2.2.tar.gz,CRAN PACKAGES.gz,tar.gz
cran:AzureVMmetadata@1.0.1,r,cran,AzureVMmetadata,1.0.1,https://cran.r-project.org/src/contrib/AzureVMmetadata_1.0.1.tar.gz,CRAN PACKAGES.gz,tar.gz
cran:AzureVision@1.0.2,r,cran,AzureVision,1.0.2,https://cran.r-project.org/src/contrib/AzureVision_1.0.2.tar.gz,CRAN PACKAGES.gz,tar.gz
cran:BAREB@0.1.2,r,cran,BAREB,0.1.2,https://cran.r-project.org/src/contrib/BAREB_0.1.2.tar.gz,CRAN PACKAGES.gz,tar.gz
cran:BASiNET@0.0.5,r,cran,BASiNET,0.0.5,https://cran.r-project.org/src/contrib/BASiNET_0.0.5.tar.gz,CRAN PACKAGES.gz,tar.gz
cran:BAYSTAR@0.2-10,r,cran,BAYSTAR,0.2-10,https://cran.r-project.org/src/contrib/BAYSTAR_0.2-10.tar.gz,CRAN PACKAGES.gz,tar.gz
cran:BB@2026.1.0,r,cran,BB,2026.1.0,https://cran.r-project.org/src/contrib/BB_2026.1.0.tar.gz,CRAN PACKAGES.gz,tar.gz
cran:BBC@1.0.0,r,cran,BBC,1.0.0,https://cran.r-project.org/src/contrib/BBC_1.0.0.tar.gz,CRAN PACKAGES.gz,tar.gz
cran:BCEE@1.3.2,r,cran,BCEE,1.3.2,https://cran.r-project.org/src/contrib/BCEE_1.3.2.tar.gz,CRAN PACKAGES.gz,tar.gz
cran:BCT@1.3,r,cran,BCT,1.3,https://cran.r-project.org/src/contrib/BCT_1.3.tar.gz,CRAN PACKAGES.gz,tar.gz
cran:BDgraph@2.74,r,cran,BDgraph,2.74,https://cran.r-project.org/src/contrib/BDgraph_2.74.tar.gz,CRAN PACKAGES.gz,tar.gz
cran:BEDASSLE@1.6.1,r,cran,BEDASSLE,1.6.1,https://cran.r-project.org/src/contrib/BEDASSLE_1.6.1.tar.gz,CRAN PACKAGES.gz,tar.gz
cran:BEDMatrix@2.0.4,r,cran,BEDMatrix,2.0.4,https://cran.r-project.org/src/contrib/BEDMatrix_2.0.4.tar.gz,CRAN PACKAGES.gz,tar.gz
cran:BH@1.90.0-1,r,cran,BH,1.90.0-1,https://cran.r-project.org/src/contrib/BH_1.90.0-1.tar.gz,CRAN PACKAGES.gz,tar.gz
cran:BHSBVAR@3.1.3,r,cran,BHSBVAR,3.1.3,https://cran.r-project.org/src/contrib/BHSBVAR_3.1.3.tar.gz,CRAN PACKAGES.gz,tar.gz
cran:BIGDAWG@3.1.0,r,cran,BIGDAWG,3.1.0,https://cran.r-project.org/src/contrib/BIGDAWG_3.1.0.tar.gz,CRAN PACKAGES.gz,tar.gz
cran:BIOMASS@2.2.7-1,r,cran,BIOMASS,2.2.7-1,https://cran.r-project.org/src/contrib/BIOMASS_2.2.7-1.tar.gz,CRAN PACKAGES.gz,tar.gz
cran:BMT@0.1.3,r,cran,BMT,0.1.3,https://cran.r-project.org/src/contrib/BMT_0.1.3.tar.gz,CRAN PACKAGES.gz,tar.gz
cran:BNPmix@1.2.3,r,cran,BNPmix,1.2.3,https://cran.r-project.org/src/contrib/BNPmix_1.2.3.tar.gz,CRAN PACKAGES.gz,tar.gz
cran:BOJ@0.3.4,r,cran,BOJ,0.3.4,https://cran.r-project.org/src/contrib/BOJ_0.3.4.tar.gz,CRAN PACKAGES.gz,tar.gz
cran:BORG@0.3.1,r,cran,BORG,0.3.1,https://cran.r-project.org/src/contrib/BORG_0.3.1.tar.gz,CRAN PACKAGES.gz,tar.gz
cran:BSDA@1.2.2,r,cran,BSDA,1.2.2,https://cran.r-project.org/src/contrib/BSDA_1.2.2.tar.gz,CRAN PACKAGES.gz,tar.gz
cran:BSagri@0.1-10,r,cran,BSagri,0.1-10,https://cran.r-project.org/src/contrib/BSagri_0.1-10.tar.gz,CRAN PACKAGES.gz,tar.gz
cran:BTM@0.3.8,r,cran,BTM,0.3.8,https://cran.r-project.org/src/contrib/BTM_0.3.8.tar.gz,CRAN PACKAGES.gz,tar.gz
cran:BTdecayLasso@0.1.1,r,cran,BTdecayLasso,0.1.1,https://cran.r-project.org/src/contrib/BTdecayLasso_0.1.1.tar.gz,CRAN PACKAGES.gz,tar.gz
cran:BarBorGradient@1.0.5,r,cran,BarBorGradient,1.0.5,https://cran.r-project.org/src/contrib/BarBorGradient_1.0.5.tar.gz,CRAN PACKAGES.gz,tar.gz
cran:BayesBrainMap@0.2.0,r,cran,BayesBrainMap,0.2.0,https://cran.r-project.org/src/contrib/BayesBrainMap_0.2.0.tar.gz,CRAN PACKAGES.gz,tar.gz
cran:BayesERtools@0.2.7,r,cran,BayesERtools,0.2.7,https://cran.r-project.org/src/contrib/BayesERtools_0.2.7.tar.gz,CRAN PACKAGES.gz,tar.gz
cran:BayesMallowsSMC2@0.3.0,r,cran,BayesMallowsSMC2,0.3.0,https://cran.r-project.org/src/contrib/BayesMallowsSMC2_0.3.0.tar.gz,CRAN PACKAGES.gz,tar.gz
cran:BayesMultiMode@1.0.0,r,cran,BayesMultiMode,1.0.0,https://cran.r-project.org/src/contrib/BayesMultiMode_1.0.0.tar.gz,CRAN PACKAGES.gz,tar.gz
cran:BayesPIM@2.0,r,cran,BayesPIM,2.0,https://cran.r-project.org/src/contrib/BayesPIM_2.0.tar.gz,CRAN PACKAGES.gz,tar.gz
cran:BayesPower@1.0.5,r,cran,BayesPower,1.0.5,https://cran.r-project.org/src/contrib/BayesPower_1.0.5.tar.gz,CRAN PACKAGES.gz,tar.gz
cran:BayesRep@0.42.2,r,cran,BayesRep,0.42.2,https://cran.r-project.org/src/contrib/BayesRep_0.42.2.tar.gz,CRAN PACKAGES.gz,tar.gz
cran:BayesVolcano@1.0.1,r,cran,BayesVolcano,1.0.1,https://cran.r-project.org/src/contrib/BayesVolcano_1.0.1.tar.gz,CRAN PACKAGES.gz,tar.gz
cran:BayesianPower@0.2.3,r,cran,BayesianPower,0.2.3,https://cran.r-project.org/src/contrib/BayesianPower_0.2.3.tar.gz,CRAN PACKAGES.gz,tar.gz
cran:Bchron@4.7.8,r,cran,Bchron,4.7.8,https://cran.r-project.org/src/contrib/Bchron_4.7.8.tar.gz,CRAN PACKAGES.gz,tar.gz
cran:BinMat@0.1.6,r,cran,BinMat,0.1.6,https://cran.r-project.org/src/contrib/BinMat_0.1.6.tar.gz,CRAN PACKAGES.gz,tar.gz
cran:BinNonNor@1.5.3,r,cran,BinNonNor,1.5.3,https://cran.r-project.org/src/contrib/BinNonNor_1.5.3.tar.gz,CRAN PACKAGES.gz,tar.gz
cran:BioProbability@1.0,r,cran,BioProbability,1.0,https://cran.r-project.org/src/contrib/BioProbability_1.0.tar.gz,CRAN PACKAGES.gz,tar.gz
cran:BioTIMEr@0.3.2,r,cran,BioTIMEr,0.3.2,https://cran.r-project.org/src/contrib/BioTIMEr_0.3.2.tar.gz,CRAN PACKAGES.gz,tar.gz
cran:BioTooltipR@0.1.1,r,cran,BioTooltipR,0.1.1,https://cran.r-project.org/src/contrib/BioTooltipR_0.1.1.tar.gz,CRAN PACKAGES.gz,tar.gz
cran:BlockwiseRankTest@0.1.0,r,cran,BlockwiseRankTest,0.1.0,https://cran.r-project.org/src/contrib/BlockwiseRankTest_0.1.0.tar.gz,CRAN PACKAGES.gz,tar.gz
cran:BondValuation@0.1.1,r,cran,BondValuation,0.1.1,https://cran.r-project.org/src/contrib/BondValuation_0.1.1.tar.gz,CRAN PACKAGES.gz,tar.gz
cran:BootWPTOS@1.2.1,r,cran,BootWPTOS,1.2.1,https://cran.r-project.org/src/contrib/BootWPTOS_1.2.1.tar.gz,CRAN PACKAGES.gz,tar.gz
cran:Boruta@10.0.0,r,cran,Boruta,10.0.0,https://cran.r-project.org/src/contrib/Boruta_10.0.0.tar.gz,CRAN PACKAGES.gz,tar.gz
cran:BrainCon@0.3.0,r,cran,BrainCon,0.3.0,https://cran.r-project.org/src/contrib/BrainCon_0.3.0.tar.gz,CRAN PACKAGES.gz,tar.gz
cran:Bvalue@1.0,r,cran,Bvalue,1.0,https://cran.r-project.org/src/contrib/Bvalue_1.0.tar.gz,CRAN PACKAGES.gz,tar.gz
cran:CA3variants@3.3.1,r,cran,CA3variants,3.3.1,https://cran.r-project.org/src/contrib/CA3variants_3.3.1.tar.gz,CRAN PACKAGES.gz,tar.gz
cran:CATTexact@0.1.1,r,cran,CATTexact,0.1.1,https://cran.r-project.org/src/contrib/CATTexact_0.1.1.tar.gz,CRAN PACKAGES.gz,tar.gz
cran:CAvariants@6.0,r,cran,CAvariants,6.0,https://cran.r-project.org/src/contrib/CAvariants_6.0.tar.gz,CRAN PACKAGES.gz,tar.gz
cran:CBSr@1.0.5,r,cran,CBSr,1.0.5,https://cran.r-project.org/src/contrib/CBSr_1.0.5.tar.gz,CRAN PACKAGES.gz,tar.gz
cran:CC@1.0,r,cran,CC,1.0,https://cran.r-project.org/src/contrib/CC_1.0.tar.gz,CRAN PACKAGES.gz,tar.gz
cran:CCA@1.2.2,r,cran,CCA,1.2.2,https://cran.r-project.org/src/contrib/CCA_1.2.2.tar.gz,CRAN PACKAGES.gz,tar.gz
cran:CCP@1.2,r,cran,CCP,1.2,https://cran.r-project.org/src/contrib/CCP_1.2.tar.gz,CRAN PACKAGES.gz,tar.gz
cran:CCSRfind@0.1.0,r,cran,CCSRfind,0.1.0,https://cran.r-project.org/src/contrib/CCSRfind_0.1.0.tar.gz,CRAN PACKAGES.gz,tar.gz
cran:CDsampling@0.1.6,r,cran,CDsampling,0.1.6,https://cran.r-project.org/src/contrib/CDsampling_0.1.6.tar.gz,CRAN PACKAGES.gz,tar.gz
cran:CGE@0.3.3,r,cran,CGE,0.3.3,https://cran.r-project.org/src/contrib/CGE_0.3.3.tar.gz,CRAN PACKAGES.gz,tar.gz
cran:CHAPGWAS@0.1.3,r,cran,CHAPGWAS,0.1.3,https://cran.r-project.org/src/contrib/CHAPGWAS_0.1.3.tar.gz,CRAN PACKAGES.gz,tar.gz
cran:CHEMIST@0.1.5,r,cran,CHEMIST,0.1.5,https://cran.r-project.org/src/contrib/CHEMIST_0.1.5.tar.gz,CRAN PACKAGES.gz,tar.gz
cran:CHOIRBM@0.0.3,r,cran,CHOIRBM,0.0.3,https://cran.r-project.org/src/contrib/CHOIRBM_0.0.3.tar.gz,CRAN PACKAGES.gz,tar.gz
cran:CLA@0.96-3,r,cran,CLA,0.96-3,https://cran.r-project.org/src/contrib/CLA_0.96-3.tar.gz,CRAN PACKAGES.gz,tar.gz
cran:CLIC@0.1,r,cran,CLIC,0.1,https://cran.r-project.org/src/contrib/CLIC_0.1.tar.gz,CRAN PACKAGES.gz,tar.gz
cran:CLONETv2@2.2.1,r,cran,CLONETv2,2.2.1,https://cran.r-project.org/src/contrib/CLONETv2_2.2.1.tar.gz,CRAN PACKAGES.gz,tar.gz
cran:CMFsurrogate@1.1,r,cran,CMFsurrogate,1.1,https://cran.r-project.org/src/contrib/CMFsurrogate_1.1.tar.gz,CRAN PACKAGES.gz,tar.gz
cran:CMShiny@0.1.0,r,cran,CMShiny,0.1.0,https://cran.r-project.org/src/contrib/CMShiny_0.1.0.tar.gz,CRAN PACKAGES.gz,tar.gz
cran:COINT@0.0.4,r,cran,COINT,0.0.4,https://cran.r-project.org/src/contrib/COINT_0.0.4.tar.gz,CRAN PACKAGES.gz,tar.gz
cran:COMIX@1.0.2,r,cran,COMIX,1.0.2,https://cran.r-project.org/src/contrib/COMIX_1.0.2.tar.gz,CRAN PACKAGES.gz,tar.gz
cran:COMPoissonReg@0.8.2,r,cran,COMPoissonReg,0.8.2,https://cran.r-project.org/src/contrib/COMPoissonReg_0.8.2.tar.gz,CRAN PACKAGES.gz,tar.gz
cran:CRE@0.2.7,r,cran,CRE,0.2.7,https://cran.r-project.org/src/contrib/CRE_0.2.7.tar.gz,CRAN PACKAGES.gz,tar.gz
cran:CREAM@1.1.1,r,cran,CREAM,1.1.1,https://cran.r-project.org/src/contrib/CREAM_1.1.1.tar.gz,CRAN PACKAGES.gz,tar.gz
cran:CRTSize@1.2,r,cran,CRTSize,1.2,https://cran.r-project.org/src/contrib/CRTSize_1.2.tar.gz,CRAN PACKAGES.gz,tar.gz
cran:CSclone@1.0,r,cran,CSclone,1.0,https://cran.r-project.org/src/contrib/CSclone_1.0.tar.gz,CRAN PACKAGES.gz,tar.gz
cran:CSeQTL@1.0.1,r,cran,CSeQTL,1.0.1,https://cran.r-project.org/src/contrib/CSeQTL_1.0.1.tar.gz,CRAN PACKAGES.gz,tar.gz
cran:CUSUMdesign@1.1.8,r,cran,CUSUMdesign,1.1.8,https://cran.r-project.org/src/contrib/CUSUMdesign_1.1.8.tar.gz,CRAN PACKAGES.gz,tar.gz
cran:CatDataAnalysis@0.1-5,r,cran,CatDataAnalysis,0.1-5,https://cran.r-project.org/src/contrib/CatDataAnalysis_0.1-5.tar.gz,CRAN PACKAGES.gz,tar.gz
cran:CausalSpline@0.1.0,r,cran,CausalSpline,0.1.0,https://cran.r-project.org/src/contrib/CausalSpline_0.1.0.tar.gz,CRAN PACKAGES.gz,tar.gz
cran:Certara.NLME8@3.0.2,r,cran,Certara.NLME8,3.0.2,https://cran.r-project.org/src/contrib/Certara.NLME8_3.0.2.tar.gz,CRAN PACKAGES.gz,tar.gz
cran:Certara.RsNLME@3.1.1,r,cran,Certara.RsNLME,3.1.1,https://cran.r-project.org/src/contrib/Certara.RsNLME_3.1.1.tar.gz,CRAN PACKAGES.gz,tar.gz
cran:ChemoSpec@6.3.1,r,cran,ChemoSpec,6.3.1,https://cran.r-project.org/src/contrib/ChemoSpec_6.3.1.tar.gz,CRAN PACKAGES.gz,tar.gz
cran:ChestVolume@1.0.1,r,cran,ChestVolume,1.0.1,https://cran.r-project.org/src/contrib/ChestVolume_1.0.1.tar.gz,CRAN PACKAGES.gz,tar.gz
cran:CircaCP@0.1.2,r,cran,CircaCP,0.1.2,https://cran.r-project.org/src/contrib/CircaCP_0.1.2.tar.gz,CRAN PACKAGES.gz,tar.gz
cran:ClaimsProblems@1.0.0,r,cran,ClaimsProblems,1.0.0,https://cran.r-project.org/src/contrib/ClaimsProblems_1.0.0.tar.gz,CRAN PACKAGES.gz,tar.gz
cran:CleaningValidation@1.0,r,cran,CleaningValidation,1.0,https://cran.r-project.org/src/contrib/CleaningValidation_1.0.tar.gz,CRAN PACKAGES.gz,tar.gz
cran:ClickHouseHTTP@1.0.0,r,cran,ClickHouseHTTP,1.0.0,https://cran.r-project.org/src/contrib/ClickHouseHTTP_1.0.0.tar.gz,CRAN PACKAGES.gz,tar.gz
cran:ClimMobTools@1.8.2,r,cran,ClimMobTools,1.8.2,https://cran.r-project.org/src/contrib/ClimMobTools_1.8.2.tar.gz,CRAN PACKAGES.gz,tar.gz
cran:ClimaRep@1.1,r,cran,ClimaRep,1.1,https://cran.r-project.org/src/contrib/ClimaRep_1.1.tar.gz,CRAN PACKAGES.gz,tar.gz
cran:ClinTrialPredict@0.0.4,r,cran,ClinTrialPredict,0.0.4,https://cran.r-project.org/src/contrib/ClinTrialPredict_0.0.4.tar.gz,CRAN PACKAGES.gz,tar.gz
cran:ClustBlock@6.0.0,r,cran,ClustBlock,6.0.0,https://cran.r-project.org/src/contrib/ClustBlock_6.0.0.tar.gz,CRAN PACKAGES.gz,tar.gz
cran:ClusterStability@1.0.4,r,cran,ClusterStability,1.0.4,https://cran.r-project.org/src/contrib/ClusterStability_1.0.4.tar.gz,CRAN PACKAGES.gz,tar.gz
cran:Clustering@1.7.10,r,cran,Clustering,1.7.10,https://cran.r-project.org/src/contrib/Clustering_1.7.10.tar.gz,CRAN PACKAGES.gz,tar.gz
cran:CoDaImpact@0.1.0,r,cran,CoDaImpact,0.1.0,https://cran.r-project.org/src/contrib/CoDaImpact_0.1.0.tar.gz,CRAN PACKAGES.gz,tar.gz
cran:CoDiNA@1.1.2,r,cran,CoDiNA,1.1.2,https://cran.r-project.org/src/contrib/CoDiNA_1.1.2.tar.gz,CRAN PACKAGES.gz,tar.gz
cran:CoSMoS@2.2.0,r,cran,CoSMoS,2.2.0,https://cran.r-project.org/src/contrib/CoSMoS_2.2.0.tar.gz,CRAN PACKAGES.gz,tar.gz
cran:CodelistGenerator@4.1.0,r,cran,CodelistGenerator,4.1.0,https://cran.r-project.org/src/contrib/CodelistGenerator_4.1.0.tar.gz,CRAN PACKAGES.gz,tar.gz
cran:CohortConstructor@0.6.3,r,cran,CohortConstructor,0.6.3,https://cran.r-project.org/src/contrib/CohortConstructor_0.6.3.tar.gz,CRAN PACKAGES.gz,tar.gz
cran:CohortMethod@6.0.3,r,cran,CohortMethod,6.0.3,https://cran.r-project.org/src/contrib/CohortMethod_6.0.3.tar.gz,CRAN PACKAGES.gz,tar.gz
cran:CollocInfer@1.0.5,r,cran,CollocInfer,1.0.5,https://cran.r-project.org/src/contrib/CollocInfer_1.0.5.tar.gz,CRAN PACKAGES.gz,tar.gz
cran:ColorNameR@0.1.0,r,cran,ColorNameR,0.1.0,https://cran.r-project.org/src/contrib/ColorNameR_0.1.0.tar.gz,CRAN PACKAGES.gz,tar.gz
cran:CommonDataModel@1.0.1,r,cran,CommonDataModel,1.0.1,https://cran.r-project.org/src/contrib/CommonDataModel_1.0.1.tar.gz,CRAN PACKAGES.gz,tar.gz
cran:CompAREdesign@2.4.0,r,cran,CompAREdesign,2.4.0,https://cran.r-project.org/src/contrib/CompAREdesign_2.4.0.tar.gz,CRAN PACKAGES.gz,tar.gz
cran:CompositionalHDDA@1.0,r,cran,CompositionalHDDA,1.0,https://cran.r-project.org/src/contrib/CompositionalHDDA_1.0.tar.gz,CRAN PACKAGES.gz,tar.gz
cran:CongreveLamsdell2016@1.0.3,r,cran,CongreveLamsdell2016,1.0.3,https://cran.r-project.org/src/contrib/CongreveLamsdell2016_1.0.3.tar.gz,CRAN PACKAGES.gz,tar.gz
cran:ConsReg@0.1.0,r,cran,ConsReg,0.1.0,https://cran.r-project.org/src/contrib/ConsReg_0.1.0.tar.gz,CRAN PACKAGES.gz,tar.gz
cran:ConvergenceClubs@2.2.5,r,cran,ConvergenceClubs,2.2.5,https://cran.r-project.org/src/contrib/ConvergenceClubs_2.2.5.tar.gz,CRAN PACKAGES.gz,tar.gz
cran:CopulaGAMM@0.6.5,r,cran,CopulaGAMM,0.6.5,https://cran.r-project.org/src/contrib/CopulaGAMM_0.6.5.tar.gz,CRAN PACKAGES.gz,tar.gz
cran:CorrectOverloadedPeaks@1.3.5,r,cran,CorrectOverloadedPeaks,1.3.5,https://cran.r-project.org/src/contrib/CorrectOverloadedPeaks_1.3.5.tar.gz,CRAN PACKAGES.gz,tar.gz
cran:Countr@3.6.1,r,cran,Countr,3.6.1,https://cran.r-project.org/src/contrib/Countr_3.6.1.tar.gz,CRAN PACKAGES.gz,tar.gz
cran:CoxPlus@1.5.7,r,cran,CoxPlus,1.5.7,https://cran.r-project.org/src/contrib/CoxPlus_1.5.7.tar.gz,CRAN PACKAGES.gz,tar.gz
cran:CpGFilter@1.1,r,cran,CpGFilter,1.1,https://cran.r-project.org/src/contrib/CpGFilter_1.1.tar.gz,CRAN PACKAGES.gz,tar.gz
cran:CropBreeding@0.1.0,r,cran,CropBreeding,0.1.0,https://cran.r-project.org/src/contrib/CropBreeding_0.1.0.tar.gz,CRAN PACKAGES.gz,tar.gz
cran:CropWaterBalance@0.2.0,r,cran,CropWaterBalance,0.2.0,https://cran.r-project.org/src/contrib/CropWaterBalance_0.2.0.tar.gz,CRAN PACKAGES.gz,tar.gz
cran:CrossCarry@1.2.0,r,cran,CrossCarry,1.2.0,https://cran.r-project.org/src/contrib/CrossCarry_1.2.0.tar.gz,CRAN PACKAGES.gz,tar.gz
cran:CrossValidate@2.3.5,r,cran,CrossValidate,2.3.5,https://cran.r-project.org/src/contrib/CrossValidate_2.3.5.tar.gz,CRAN PACKAGES.gz,tar.gz
cran:Crossover@0.1-22,r,cran,Crossover,0.1-22,https://cran.r-project.org/src/contrib/Crossover_0.1-22.tar.gz,CRAN PACKAGES.gz,tar.gz
cran:D3mirt@2.1.0,r,cran,D3mirt,2.1.0,https://cran.r-project.org/src/contrib/D3mirt_2.1.0.tar.gz,CRAN PACKAGES.gz,tar.gz
cran:DACF@1.1.0,r,cran,DACF,1.1.0,https://cran.r-project.org/src/contrib/DACF_1.1.0.tar.gz,CRAN PACKAGES.gz,tar.gz
cran:DALEXtra@2.3.1,r,cran,DALEXtra,2.3.1,https://cran.r-project.org/src/contrib/DALEXtra_2.3.1.tar.gz,CRAN PACKAGES.gz,tar.gz
cran:DALY@1.5.0,r,cran,DALY,1.5.0,https://cran.r-project.org/src/contrib/DALY_1.5.0.tar.gz,CRAN PACKAGES.gz,tar.gz
cran:DBHC@0.0.4,r,cran,DBHC,0.0.4,https://cran.r-project.org/src/contrib/DBHC_0.0.4.tar.gz,CRAN PACKAGES.gz,tar.gz
cran:DBfit@2.0,r,cran,DBfit,2.0,https://cran.r-project.org/src/contrib/DBfit_2.0.tar.gz,CRAN PACKAGES.gz,tar.gz
cran:DCluster@0.2-10,r,cran,DCluster,0.2-10,https://cran.r-project.org/src/contrib/DCluster_0.2-10.tar.gz,CRAN PACKAGES.gz,tar.gz
cran:DDESONN@7.1.11,r,cran,DDESONN,7.1.11,https://cran.r-project.org/src/contrib/DDESONN_7.1.11.tar.gz,CRAN PACKAGES.gz,tar.gz
cran:DDM@1.0-0,r,cran,DDM,1.0-0,https://cran.r-project.org/src/contrib/DDM_1.0-0.tar.gz,CRAN PACKAGES.gz,tar.gz
cran:DGEobj@1.1.2,r,cran,DGEobj,1.1.2,https://cran.r-project.org/src/contrib/DGEobj_1.1.2.tar.gz,CRAN PACKAGES.gz,tar.gz
cran:DGP4LCF@1.0.0.1,r,cran,DGP4LCF,1.0.0.1,https://cran.r-project.org/src/contrib/DGP4LCF_1.0.0.1.tar.gz,CRAN PACKAGES.gz,tar.gz
cran:DIFplus@1.1,r,cran,DIFplus,1.1,https://cran.r-project.org/src/contrib/DIFplus_1.1.tar.gz,CRAN PACKAGES.gz,tar.gz
cran:DMtest@1.0.0,r,cran,DMtest,1.0.0,https://cran.r-project.org/src/contrib/DMtest_1.0.0.tar.gz,CRAN PACKAGES.gz,tar.gz
cran:DOPE@2.1.0,r,cran,DOPE,2.1.0,https://cran.r-project.org/src/contrib/DOPE_2.1.0.tar.gz,CRAN PACKAGES.gz,tar.gz
cran:DOSPortfolio@0.1.0,r,cran,DOSPortfolio,0.1.0,https://cran.r-project.org/src/contrib/DOSPortfolio_0.1.0.tar.gz,CRAN PACKAGES.gz,tar.gz
cran:DOvalidation@1.1.0,r,cran,DOvalidation,1.1.0,https://cran.r-project.org/src/contrib/DOvalidation_1.1.0.tar.gz,CRAN PACKAGES.gz,tar.gz
cran:DPComb@1.0.1,r,cran,DPComb,1.0.1,https://cran.r-project.org/src/contrib/DPComb_1.0.1.tar.gz,CRAN PACKAGES.gz,tar.gz
cran:DREGAR@0.1.4.0,r,cran,DREGAR,0.1.4.0,https://cran.r-project.org/src/contrib/DREGAR_0.1.4.0.tar.gz,CRAN PACKAGES.gz,tar.gz
cran:DSBayes@2023.1.0,r,cran,DSBayes,2023.1.0,https://cran.r-project.org/src/contrib/DSBayes_2023.1.0.tar.gz,CRAN PACKAGES.gz,tar.gz
cran:DSIR@0.9.0,r,cran,DSIR,0.9.0,https://cran.r-project.org/src/contrib/DSIR_0.9.0.tar.gz,CRAN PACKAGES.gz,tar.gz
cran:DSLite@1.4.1,r,cran,DSLite,1.4.1,https://cran.r-project.org/src/contrib/DSLite_1.4.1.tar.gz,CRAN PACKAGES.gz,tar.gz
cran:DTDA@3.0.1,r,cran,DTDA,3.0.1,https://cran.r-project.org/src/contrib/DTDA_3.0.1.tar.gz,CRAN PACKAGES.gz,tar.gz
cran:DTDA.ni@1.0.1,r,cran,DTDA.ni,1.0.1,https://cran.r-project.org/src/contrib/DTDA.ni_1.0.1.tar.gz,CRAN PACKAGES.gz,tar.gz
cran:DTEBOP2@1.0.3,r,cran,DTEBOP2,1.0.3,https://cran.r-project.org/src/contrib/DTEBOP2_1.0.3.tar.gz,CRAN PACKAGES.gz,tar.gz
cran:DandEFA@1.6.1,r,cran,DandEFA,1.6.1,https://cran.r-project.org/src/contrib/DandEFA_1.6.1.tar.gz,CRAN PACKAGES.gz,tar.gz
cran:DeCAFS@3.3.5,r,cran,DeCAFS,3.3.5,https://cran.r-project.org/src/contrib/DeCAFS_3.3.5.tar.gz,CRAN PACKAGES.gz,tar.gz
cran:Delaporte@9.0.0,r,cran,Delaporte,9.0.0,https://cran.r-project.org/src/contrib/Delaporte_9.0.0.tar.gz,CRAN PACKAGES.gz,tar.gz
cran:Delta@0.2.0.3,r,cran,Delta,0.2.0.3,https://cran.r-project.org/src/contrib/Delta_0.2.0.3.tar.gz,CRAN PACKAGES.gz,tar.gz
cran:DepCens@0.2.3,r,cran,DepCens,0.2.3,https://cran.r-project.org/src/contrib/DepCens_0.2.3.tar.gz,CRAN PACKAGES.gz,tar.gz
cran:DepthProc@2.1.6,r,cran,DepthProc,2.1.6,https://cran.r-project.org/src/contrib/DepthProc_2.1.6.tar.gz,CRAN PACKAGES.gz,tar.gz
cran:DescToolsAddIns@1.12,r,cran,DescToolsAddIns,1.12,https://cran.r-project.org/src/contrib/DescToolsAddIns_1.12.tar.gz,CRAN PACKAGES.gz,tar.gz
cran:DescribeDisplay@0.2.11,r,cran,DescribeDisplay,0.2.11,https://cran.r-project.org/src/contrib/DescribeDisplay_0.2.11.tar.gz,CRAN PACKAGES.gz,tar.gz
cran:Dforest@0.4.2,r,cran,Dforest,0.4.2,https://cran.r-project.org/src/contrib/Dforest_0.4.2.tar.gz,CRAN PACKAGES.gz,tar.gz
cran:DiceEval@1.6.1,r,cran,DiceEval,1.6.1,https://cran.r-project.org/src/contrib/DiceEval_1.6.1.tar.gz,CRAN PACKAGES.gz,tar.gz
cran:DiffNet@1.0.2,r,cran,DiffNet,1.0.2,https://cran.r-project.org/src/contrib/DiffNet_1.0.2.tar.gz,CRAN PACKAGES.gz,tar.gz
cran:Dire@2.2.0,r,cran,Dire,2.2.0,https://cran.r-project.org/src/contrib/Dire_2.2.0.tar.gz,CRAN PACKAGES.gz,tar.gz
cran:DirectStandardisation@1.3,r,cran,DirectStandardisation,1.3,https://cran.r-project.org/src/contrib/DirectStandardisation_1.3.tar.gz,CRAN PACKAGES.gz,tar.gz
cran:DirichletRF@0.2.0,r,cran,DirichletRF,0.2.0,https://cran.r-project.org/src/contrib/DirichletRF_0.2.0.tar.gz,CRAN PACKAGES.gz,tar.gz
cran:Distributacalcul@0.4.0,r,cran,Distributacalcul,0.4.0,https://cran.r-project.org/src/contrib/Distributacalcul_0.4.0.tar.gz,CRAN PACKAGES.gz,tar.gz
cran:DistributionOptimization@1.2.6,r,cran,DistributionOptimization,1.2.6,https://cran.r-project.org/src/contrib/DistributionOptimization_1.2.6.tar.gz,CRAN PACKAGES.gz,tar.gz
cran:DistributionTest@1.1,r,cran,DistributionTest,1.1,https://cran.r-project.org/src/contrib/DistributionTest_1.1.tar.gz,CRAN PACKAGES.gz,tar.gz
cran:Dyn4cast@11.11.26,r,cran,Dyn4cast,11.11.26,https://cran.r-project.org/src/contrib/Dyn4cast_11.11.26.tar.gz,CRAN PACKAGES.gz,tar.gz
cran:ECMLE@0.1.0,r,cran,ECMLE,0.1.0,https://cran.r-project.org/src/contrib/ECMLE_0.1.0.tar.gz,CRAN PACKAGES.gz,tar.gz
cran:EDCimport@0.7.0,r,cran,EDCimport,0.7.0,https://cran.r-project.org/src/contrib/EDCimport_0.7.0.tar.gz,CRAN PACKAGES.gz,tar.gz
cran:EDE@0.1.0,r,cran,EDE,0.1.0,https://cran.r-project.org/src/contrib/EDE_0.1.0.tar.gz,CRAN PACKAGES.gz,tar.gz
cran:EDOtrans@0.3.5,r,cran,EDOtrans,0.3.5,https://cran.r-project.org/src/contrib/EDOtrans_0.3.5.tar.gz,CRAN PACKAGES.gz,tar.gz
cran:EEM@1.1.1,r,cran,EEM,1.1.1,https://cran.r-project.org/src/contrib/EEM_1.1.1.tar.gz,CRAN PACKAGES.gz,tar.gz
cran:EEMDelm@0.1.1,r,cran,EEMDelm,0.1.1,https://cran.r-project.org/src/contrib/EEMDelm_0.1.1.tar.gz,CRAN PACKAGES.gz,tar.gz
cran:EEML@0.1.1,r,cran,EEML,0.1.1,https://cran.r-project.org/src/contrib/EEML_0.1.1.tar.gz,CRAN PACKAGES.gz,tar.gz
cran:EFDR@1.3,r,cran,EFDR,1.3,https://cran.r-project.org/src/contrib/EFDR_1.3.tar.gz,CRAN PACKAGES.gz,tar.gz
cran:EGRETci@2.0.5,r,cran,EGRETci,2.0.5,https://cran.r-project.org/src/contrib/EGRETci_2.0.5.tar.gz,CRAN PACKAGES.gz,tar.gz
cran:EHRmuse@0.0.2.2,r,cran,EHRmuse,0.0.2.2,https://cran.r-project.org/src/contrib/EHRmuse_0.0.2.2.tar.gz,CRAN PACKAGES.gz,tar.gz
cran:ELT@1.7,r,cran,ELT,1.7,https://cran.r-project.org/src/contrib/ELT_1.7.tar.gz,CRAN PACKAGES.gz,tar.gz
cran:EMD@1.5.9,r,cran,EMD,1.5.9,https://cran.r-project.org/src/contrib/EMD_1.5.9.tar.gz,CRAN PACKAGES.gz,tar.gz
cran:ENMeval@2.0.5.2,r,cran,ENMeval,2.0.5.2,https://cran.r-project.org/src/contrib/ENMeval_2.0.5.2.tar.gz,CRAN PACKAGES.gz,tar.gz
cran:EQRN@0.1.2,r,cran,EQRN,0.1.2,https://cran.r-project.org/src/contrib/EQRN_0.1.2.tar.gz,CRAN PACKAGES.gz,tar.gz
cran:EVI@0.2.0-0,r,cran,EVI,0.2.0-0,https://cran.r-project.org/src/contrib/EVI_0.2.0-0.tar.gz,CRAN PACKAGES.gz,tar.gz
cran:EasyABC@1.6,r,cran,EasyABC,1.6,https://cran.r-project.org/src/contrib/EasyABC_1.6.tar.gz,CRAN PACKAGES.gz,tar.gz
cran:EasyStat@2.0.0,r,cran,EasyStat,2.0.0,https://cran.r-project.org/src/contrib/EasyStat_2.0.0.tar.gz,CRAN PACKAGES.gz,tar.gz
cran:EfficientMaxEigenpair@0.1.4,r,cran,EfficientMaxEigenpair,0.1.4,https://cran.r-project.org/src/contrib/EfficientMaxEigenpair_0.1.4.tar.gz,CRAN PACKAGES.gz,tar.gz
cran:ElectDecomp@0.0.1-8,r,cran,ElectDecomp,0.0.1-8,https://cran.r-project.org/src/contrib/ElectDecomp_0.0.1-8.tar.gz,CRAN PACKAGES.gz,tar.gz
cran:EloChoice@0.29.4,r,cran,EloChoice,0.29.4,https://cran.r-project.org/src/contrib/EloChoice_0.29.4.tar.gz,CRAN PACKAGES.gz,tar.gz
cran:EmpiricalCalibration@3.1.4,r,cran,EmpiricalCalibration,3.1.4,https://cran.r-project.org/src/contrib/EmpiricalCalibration_3.1.4.tar.gz,CRAN PACKAGES.gz,tar.gz
cran:EngrExpt@0.1-8,r,cran,EngrExpt,0.1-8,https://cran.r-project.org/src/contrib/EngrExpt_0.1-8.tar.gz,CRAN PACKAGES.gz,tar.gz
cran:EnvNicheR@1.5,r,cran,EnvNicheR,1.5,https://cran.r-project.org/src/contrib/EnvNicheR_1.5.tar.gz,CRAN PACKAGES.gz,tar.gz
cran:ErrorTracer@1.3.1,r,cran,ErrorTracer,1.3.1,https://cran.r-project.org/src/contrib/ErrorTracer_1.3.1.tar.gz,CRAN PACKAGES.gz,tar.gz
cran:EvalTest@1.0.6,r,cran,EvalTest,1.0.6,https://cran.r-project.org/src/contrib/EvalTest_1.0.6.tar.gz,CRAN PACKAGES.gz,tar.gz
cran:EvolutionaryGames@0.1.2,r,cran,EvolutionaryGames,0.1.2,https://cran.r-project.org/src/contrib/EvolutionaryGames_0.1.2.tar.gz,CRAN PACKAGES.gz,tar.gz
cran:ExactCIone@1.0.5,r,cran,ExactCIone,1.0.5,https://cran.r-project.org/src/contrib/ExactCIone_1.0.5.tar.gz,CRAN PACKAGES.gz,tar.gz
cran:ExposR@1.2,r,cran,ExposR,1.2,https://cran.r-project.org/src/contrib/ExposR_1.2.tar.gz,CRAN PACKAGES.gz,tar.gz
cran:ExtDist@0.7-4,r,cran,ExtDist,0.7-4,https://cran.r-project.org/src/contrib/ExtDist_0.7-4.tar.gz,CRAN PACKAGES.gz,tar.gz
cran:FAO56@1.0,r,cran,FAO56,1.0,https://cran.r-project.org/src/contrib/FAO56_1.0.tar.gz,CRAN PACKAGES.gz,tar.gz
cran:FAOSTAT@2.4.2,r,cran,FAOSTAT,2.4.2,https://cran.r-project.org/src/contrib/FAOSTAT_2.4.2.tar.gz,CRAN PACKAGES.gz,tar.gz
cran:FARDEEP@1.0.1,r,cran,FARDEEP,1.0.1,https://cran.r-project.org/src/contrib/FARDEEP_1.0.1.tar.gz,CRAN PACKAGES.gz,tar.gz
cran:FARS@0.8.0,r,cran,FARS,0.8.0,https://cran.r-project.org/src/contrib/FARS_0.8.0.tar.gz,CRAN PACKAGES.gz,tar.gz
cran:FDRsampsize@1.0,r,cran,FDRsampsize,1.0,https://cran.r-project.org/src/contrib/FDRsampsize_1.0.tar.gz,CRAN PACKAGES.gz,tar.gz
cran:FITclust@1.0.0,r,cran,FITclust,1.0.0,https://cran.r-project.org/src/contrib/FITclust_1.0.0.tar.gz,CRAN PACKAGES.gz,tar.gz
cran:FLORAL@0.7.0,r,cran,FLORAL,0.7.0,https://cran.r-project.org/src/contrib/FLORAL_0.7.0.tar.gz,CRAN PACKAGES.gz,tar.gz
cran:FMP@1.4,r,cran,FMP,1.4,https://cran.r-project.org/src/contrib/FMP_1.4.tar.gz,CRAN PACKAGES.gz,tar.gz
cran:FMsmsnReg@1.0,r,cran,FMsmsnReg,1.0,https://cran.r-project.org/src/contrib/FMsmsnReg_1.0.tar.gz,CRAN PACKAGES.gz,tar.gz
cran:FPLdata@0.1.0,r,cran,FPLdata,0.1.0,https://cran.r-project.org/src/contrib/FPLdata_0.1.0.tar.gz,CRAN PACKAGES.gz,tar.gz
cran:FRCC@1.1.0,r,cran,FRCC,1.1.0,https://cran.r-project.org/src/contrib/FRCC_1.1.0.tar.gz,CRAN PACKAGES.gz,tar.gz
cran:FRESA.CAD@3.4.8,r,cran,FRESA.CAD,3.4.8,https://cran.r-project.org/src/contrib/FRESA.CAD_3.4.8.tar.gz,CRAN PACKAGES.gz,tar.gz
cran:FWRGB@0.1.0,r,cran,FWRGB,0.1.0,https://cran.r-project.org/src/contrib/FWRGB_0.1.0.tar.gz,CRAN PACKAGES.gz,tar.gz
cran:FactEff@1.0,r,cran,FactEff,1.0,https://cran.r-project.org/src/contrib/FactEff_1.0.tar.gz,CRAN PACKAGES.gz,tar.gz
cran:FamEvent@3.3,r,cran,FamEvent,3.3,https://cran.r-project.org/src/contrib/FamEvent_3.3.tar.gz,CRAN PACKAGES.gz,tar.gz
cran:FastRWeb@1.2-3,r,cran,FastRWeb,1.2-3,https://cran.r-project.org/src/contrib/FastRWeb_1.2-3.tar.gz,CRAN PACKAGES.gz,tar.gz
cran:FatTailsR@2.0.1,r,cran,FatTailsR,2.0.1,https://cran.r-project.org/src/contrib/FatTailsR_2.0.1.tar.gz,CRAN PACKAGES.gz,tar.gz
cran:FeaLect@1.20,r,cran,FeaLect,1.20,https://cran.r-project.org/src/contrib/FeaLect_1.20.tar.gz,CRAN PACKAGES.gz,tar.gz
cran:FielDHub@1.5.0,r,cran,FielDHub,1.5.0,https://cran.r-project.org/src/contrib/FielDHub_1.5.0.tar.gz,CRAN PACKAGES.gz,tar.gz
cran:FlexScan@0.2.2,r,cran,FlexScan,0.2.2,https://cran.r-project.org/src/contrib/FlexScan_0.2.2.tar.gz,CRAN PACKAGES.gz,tar.gz
cran:ForeCA@0.2.8-1,r,cran,ForeCA,0.2.8-1,https://cran.r-project.org/src/contrib/ForeCA_0.2.8-1.tar.gz,CRAN PACKAGES.gz,tar.gz
cran:FourWayHMM@1.0.0,r,cran,FourWayHMM,1.0.0,https://cran.r-project.org/src/contrib/FourWayHMM_1.0.0.tar.gz,CRAN PACKAGES.gz,tar.gz
cran:FracKrigingR@1.0.0,r,cran,FracKrigingR,1.0.0,https://cran.r-project.org/src/contrib/FracKrigingR_1.0.0.tar.gz,CRAN PACKAGES.gz,tar.gz
cran:Fragman@1.1.0,r,cran,Fragman,1.1.0,https://cran.r-project.org/src/contrib/Fragman_1.1.0.tar.gz,CRAN PACKAGES.gz,tar.gz
cran:GANPA@1.2,r,cran,GANPA,1.2,https://cran.r-project.org/src/contrib/GANPA_1.2.tar.gz,CRAN PACKAGES.gz,tar.gz
cran:GAReg@0.1.2,r,cran,GAReg,0.1.2,https://cran.r-project.org/src/contrib/GAReg_0.1.2.tar.gz,CRAN PACKAGES.gz,tar.gz
cran:GENLIB@1.1.10,r,cran,GENLIB,1.1.10,https://cran.r-project.org/src/contrib/GENLIB_1.1.10.tar.gz,CRAN PACKAGES.gz,tar.gz
cran:GGMridge@1.5,r,cran,GGMridge,1.5,https://cran.r-project.org/src/contrib/GGMridge_1.5.tar.gz,CRAN PACKAGES.gz,tar.gz
cran:GGenemy@0.1.0,r,cran,GGenemy,0.1.0,https://cran.r-project.org/src/contrib/GGenemy_0.1.0.tar.gz,CRAN PACKAGES.gz,tar.gz
cran:GISSB@1.1.1,r,cran,GISSB,1.1.1,https://cran.r-project.org/src/contrib/GISSB_1.1.1.tar.gz,CRAN PACKAGES.gz,tar.gz
cran:GLMMadaptive@0.9-7,r,cran,GLMMadaptive,0.9-7,https://cran.r-project.org/src/contrib/GLMMadaptive_0.9-7.tar.gz,CRAN PACKAGES.gz,tar.gz
cran:GNSSseg@6.0,r,cran,GNSSseg,6.0,https://cran.r-project.org/src/contrib/GNSSseg_6.0.tar.gz,CRAN PACKAGES.gz,tar.gz
cran:GOFShiny@0.1.0,r,cran,GOFShiny,0.1.0,https://cran.r-project.org/src/contrib/GOFShiny_0.1.0.tar.gz,CRAN PACKAGES.gz,tar.gz
cran:GOplot@1.0.2,r,cran,GOplot,1.0.2,https://cran.r-project.org/src/contrib/GOplot_1.0.2.tar.gz,CRAN PACKAGES.gz,tar.gz
cran:GPArotateDF@2026.6-1,r,cran,GPArotateDF,2026.6-1,https://cran.r-project.org/src/contrib/GPArotateDF_2026.6-1.tar.gz,CRAN PACKAGES.gz,tar.gz
cran:GPBayes@0.1.0-6,r,cran,GPBayes,0.1.0-6,https://cran.r-project.org/src/contrib/GPBayes_0.1.0-6.tar.gz,CRAN PACKAGES.gz,tar.gz
cran:GSA@1.03.3,r,cran,GSA,1.03.3,https://cran.r-project.org/src/contrib/GSA_1.03.3.tar.gz,CRAN PACKAGES.gz,tar.gz
cran:GSD@1.0.0,r,cran,GSD,1.0.0,https://cran.r-project.org/src/contrib/GSD_1.0.0.tar.gz,CRAN PACKAGES.gz,tar.gz
cran:GTAPViz@1.1.3,r,cran,GTAPViz,1.1.3,https://cran.r-project.org/src/contrib/GTAPViz_1.1.3.tar.gz,CRAN PACKAGES.gz,tar.gz
cran:GWlasso@1.0.2,r,cran,GWlasso,1.0.2,https://cran.r-project.org/src/contrib/GWlasso_1.0.2.tar.gz,CRAN PACKAGES.gz,tar.gz
cran:GeRnika@1.2.0,r,cran,GeRnika,1.2.0,https://cran.r-project.org/src/contrib/GeRnika_1.2.0.tar.gz,CRAN PACKAGES.gz,tar.gz
cran:GenAlgo@2.2.1,r,cran,GenAlgo,2.2.1,https://cran.r-project.org/src/contrib/GenAlgo_2.2.1.tar.gz,CRAN PACKAGES.gz,tar.gz
cran:GenHMM1d@0.2.6,r,cran,GenHMM1d,0.2.6,https://cran.r-project.org/src/contrib/GenHMM1d_0.2.6.tar.gz,CRAN PACKAGES.gz,tar.gz
cran:GerminaR@2.1.6,r,cran,GerminaR,2.1.6,https://cran.r-project.org/src/contrib/GerminaR_2.1.6.tar.gz,CRAN PACKAGES.gz,tar.gz
cran:GmooG@0.7,r,cran,GmooG,0.7,https://cran.r-project.org/src/contrib/GmooG_0.7.tar.gz,CRAN PACKAGES.gz,tar.gz
cran:GofCens@1.5,r,cran,GofCens,1.5,https://cran.r-project.org/src/contrib/GofCens_1.5.tar.gz,CRAN PACKAGES.gz,tar.gz
cran:Gofpt2@0.1.0,r,cran,Gofpt2,0.1.0,https://cran.r-project.org/src/contrib/Gofpt2_0.1.0.tar.gz,CRAN PACKAGES.gz,tar.gz
cran:GoodFitSBM@0.0.1,r,cran,GoodFitSBM,0.0.1,https://cran.r-project.org/src/contrib/GoodFitSBM_0.0.1.tar.gz,CRAN PACKAGES.gz,tar.gz
cran:GroupSeq@1.4.3,r,cran,GroupSeq,1.4.3,https://cran.r-project.org/src/contrib/GroupSeq_1.4.3.tar.gz,CRAN PACKAGES.gz,tar.gz
cran:Guerry@1.8.3,r,cran,Guerry,1.8.3,https://cran.r-project.org/src/contrib/Guerry_1.8.3.tar.gz,CRAN PACKAGES.gz,tar.gz
cran:H2x2Factorial@2.0.0,r,cran,H2x2Factorial,2.0.0,https://cran.r-project.org/src/contrib/H2x2Factorial_2.0.0.tar.gz,CRAN PACKAGES.gz,tar.gz
cran:HACSim@1.0.7-1,r,cran,HACSim,1.0.7-1,https://cran.r-project.org/src/contrib/HACSim_1.0.7-1.tar.gz,CRAN PACKAGES.gz,tar.gz
cran:HARplus@1.2.0,r,cran,HARplus,1.2.0,https://cran.r-project.org/src/contrib/HARplus_1.2.0.tar.gz,CRAN PACKAGES.gz,tar.gz
cran:HCD@1.0,r,cran,HCD,1.0,https://cran.r-project.org/src/contrib/HCD_1.0.tar.gz,CRAN PACKAGES.gz,tar.gz
cran:HDShOP@0.1.7,r,cran,HDShOP,0.1.7,https://cran.r-project.org/src/contrib/HDShOP_0.1.7.tar.gz,CRAN PACKAGES.gz,tar.gz
cran:HTDV@0.2.0,r,cran,HTDV,0.2.0,https://cran.r-project.org/src/contrib/HTDV_0.2.0.tar.gz,CRAN PACKAGES.gz,tar.gz
cran:HTSeedGLM@0.1.0,r,cran,HTSeedGLM,0.1.0,https://cran.r-project.org/src/contrib/HTSeedGLM_0.1.0.tar.gz,CRAN PACKAGES.gz,tar.gz
cran:HealthCal@0.1.1,r,cran,HealthCal,0.1.1,https://cran.r-project.org/src/contrib/HealthCal_0.1.1.tar.gz,CRAN PACKAGES.gz,tar.gz
cran:HhP@1.0.0,r,cran,HhP,1.0.0,https://cran.r-project.org/src/contrib/HhP_1.0.0.tar.gz,CRAN PACKAGES.gz,tar.gz
cran:HiClimR@2.2.1,r,cran,HiClimR,2.2.1,https://cran.r-project.org/src/contrib/HiClimR_2.2.1.tar.gz,CRAN PACKAGES.gz,tar.gz
cran:HiDimDA@0.2-7,r,cran,HiDimDA,0.2-7,https://cran.r-project.org/src/contrib/HiDimDA_0.2-7.tar.gz,CRAN PACKAGES.gz,tar.gz
cran:HistDat@0.2.0,r,cran,HistDat,0.2.0,https://cran.r-project.org/src/contrib/HistDat_0.2.0.tar.gz,CRAN PACKAGES.gz,tar.gz
cran:HistData@1.1.0,r,cran,HistData,1.1.0,https://cran.r-project.org/src/contrib/HistData_1.1.0.tar.gz,CRAN PACKAGES.gz,tar.gz
cran:HomeRangeR@0.1.0,r,cran,HomeRangeR,0.1.0,https://cran.r-project.org/src/contrib/HomeRangeR_0.1.0.tar.gz,CRAN PACKAGES.gz,tar.gz
cran:HomomorphicEncryption@0.9.0,r,cran,HomomorphicEncryption,0.9.0,https://cran.r-project.org/src/contrib/HomomorphicEncryption_0.9.0.tar.gz,CRAN PACKAGES.gz,tar.gz
cran:HotellingEllipse@1.2.0,r,cran,HotellingEllipse,1.2.0,https://cran.r-project.org/src/contrib/HotellingEllipse_1.2.0.tar.gz,CRAN PACKAGES.gz,tar.gz
cran:IBGS@1.0.0,r,cran,IBGS,1.0.0,https://cran.r-project.org/src/contrib/IBGS_1.0.0.tar.gz,CRAN PACKAGES.gz,tar.gz
cran:IBLM@1.0.2,r,cran,IBLM,1.0.2,https://cran.r-project.org/src/contrib/IBLM_1.0.2.tar.gz,CRAN PACKAGES.gz,tar.gz
cran:ICCbin@1.2.0,r,cran,ICCbin,1.2.0,https://cran.r-project.org/src/contrib/ICCbin_1.2.0.tar.gz,CRAN PACKAGES.gz,tar.gz
cran:ICSShiny@0.6,r,cran,ICSShiny,0.6,https://cran.r-project.org/src/contrib/ICSShiny_0.6.tar.gz,CRAN PACKAGES.gz,tar.gz
cran:ICSsmoothing@1.2.10,r,cran,ICSsmoothing,1.2.10,https://cran.r-project.org/src/contrib/ICSsmoothing_1.2.10.tar.gz,CRAN PACKAGES.gz,tar.gz
cran:IMIX@1.1.5,r,cran,IMIX,1.1.5,https://cran.r-project.org/src/contrib/IMIX_1.1.5.tar.gz,CRAN PACKAGES.gz,tar.gz
cran:INLAspacetime@0.1.14,r,cran,INLAspacetime,0.1.14,https://cran.r-project.org/src/contrib/INLAspacetime_0.1.14.tar.gz,CRAN PACKAGES.gz,tar.gz
cran:INQC@2.0.5,r,cran,INQC,2.0.5,https://cran.r-project.org/src/contrib/INQC_2.0.5.tar.gz,CRAN PACKAGES.gz,tar.gz
cran:IPEDS@0.1.0,r,cran,IPEDS,0.1.0,https://cran.r-project.org/src/contrib/IPEDS_0.1.0.tar.gz,CRAN PACKAGES.gz,tar.gz
cran:IPWboxplot@0.1.2,r,cran,IPWboxplot,0.1.2,https://cran.r-project.org/src/contrib/IPWboxplot_0.1.2.tar.gz,CRAN PACKAGES.gz,tar.gz
cran:ISLR2@1.3-2,r,cran,ISLR2,1.3-2,https://cran.r-project.org/src/contrib/ISLR2_1.3-2.tar.gz,CRAN PACKAGES.gz,tar.gz
cran:ISO11784Tools@1.2.0,r,cran,ISO11784Tools,1.2.0,https://cran.r-project.org/src/contrib/ISO11784Tools_1.2.0.tar.gz,CRAN PACKAGES.gz,tar.gz
cran:ITNr@0.7.0,r,cran,ITNr,0.7.0,https://cran.r-project.org/src/contrib/ITNr_0.7.0.tar.gz,CRAN PACKAGES.gz,tar.gz
cran:IVPP@1.1.2,r,cran,IVPP,1.1.2,https://cran.r-project.org/src/contrib/IVPP_1.1.2.tar.gz,CRAN PACKAGES.gz,tar.gz
cran:ImVol@0.1.0,r,cran,ImVol,0.1.0,https://cran.r-project.org/src/contrib/ImVol_0.1.0.tar.gz,CRAN PACKAGES.gz,tar.gz
cran:InSilicoVA@1.4.2,r,cran,InSilicoVA,1.4.2,https://cran.r-project.org/src/contrib/InSilicoVA_1.4.2.tar.gz,CRAN PACKAGES.gz,tar.gz
cran:IncidencePrevalence@1.2.1,r,cran,IncidencePrevalence,1.2.1,https://cran.r-project.org/src/contrib/IncidencePrevalence_1.2.1.tar.gz,CRAN PACKAGES.gz,tar.gz
cran:Indicator@0.1.3,r,cran,Indicator,0.1.3,https://cran.r-project.org/src/contrib/Indicator_0.1.3.tar.gz,CRAN PACKAGES.gz,tar.gz
cran:IndonesiAPIs@0.1.1,r,cran,IndonesiAPIs,0.1.1,https://cran.r-project.org/src/contrib/IndonesiAPIs_0.1.1.tar.gz,CRAN PACKAGES.gz,tar.gz
cran:InspectChangepoint@1.2,r,cran,InspectChangepoint,1.2,https://cran.r-project.org/src/contrib/InspectChangepoint_1.2.tar.gz,CRAN PACKAGES.gz,tar.gz
cran:InvasionCorrection@0.1,r,cran,InvasionCorrection,0.1,https://cran.r-project.org/src/contrib/InvasionCorrection_0.1.tar.gz,CRAN PACKAGES.gz,tar.gz
cran:IrregLong@0.4.1,r,cran,IrregLong,0.4.1,https://cran.r-project.org/src/contrib/IrregLong_0.4.1.tar.gz,CRAN PACKAGES.gz,tar.gz
cran:IsoriX@0.9.4,r,cran,IsoriX,0.9.4,https://cran.r-project.org/src/contrib/IsoriX_0.9.4.tar.gz,CRAN PACKAGES.gz,tar.gz
cran:JATSdecoder@1.3.1,r,cran,JATSdecoder,1.3.1,https://cran.r-project.org/src/contrib/JATSdecoder_1.3.1.tar.gz,CRAN PACKAGES.gz,tar.gz
cran:Julia@1.3.5,r,cran,Julia,1.3.5,https://cran.r-project.org/src/contrib/Julia_1.3.5.tar.gz,CRAN PACKAGES.gz,tar.gz
cran:KCSKNNShiny@0.1.0,r,cran,KCSKNNShiny,0.1.0,https://cran.r-project.org/src/contrib/KCSKNNShiny_0.1.0.tar.gz,CRAN PACKAGES.gz,tar.gz
cran:KDEmcmc@0.0.2,r,cran,KDEmcmc,0.0.2,https://cran.r-project.org/src/contrib/KDEmcmc_0.0.2.tar.gz,CRAN PACKAGES.gz,tar.gz
cran:KFPLS@1.0,r,cran,KFPLS,1.0,https://cran.r-project.org/src/contrib/KFPLS_1.0.tar.gz,CRAN PACKAGES.gz,tar.gz
cran:KMEANS.KNN@0.1.0,r,cran,KMEANS.KNN,0.1.0,https://cran.r-project.org/src/contrib/KMEANS.KNN_0.1.0.tar.gz,CRAN PACKAGES.gz,tar.gz
cran:KMLtoSHAPE@0.1.0,r,cran,KMLtoSHAPE,0.1.0,https://cran.r-project.org/src/contrib/KMLtoSHAPE_0.1.0.tar.gz,CRAN PACKAGES.gz,tar.gz
cran:Kendall@2.2.2,r,cran,Kendall,2.2.2,https://cran.r-project.org/src/contrib/Kendall_2.2.2.tar.gz,CRAN PACKAGES.gz,tar.gz
cran:KeyboardSimulator@2.6.2,r,cran,KeyboardSimulator,2.6.2,https://cran.r-project.org/src/contrib/KeyboardSimulator_2.6.2.tar.gz,CRAN PACKAGES.gz,tar.gz
cran:Kmedians@2.2.0,r,cran,Kmedians,2.2.0,https://cran.r-project.org/src/contrib/Kmedians_2.2.0.tar.gz,CRAN PACKAGES.gz,tar.gz
cran:KnapsackSampling@0.1.1,r,cran,KnapsackSampling,0.1.1,https://cran.r-project.org/src/contrib/KnapsackSampling_0.1.1.tar.gz,CRAN PACKAGES.gz,tar.gz
cran:KnockoffHybrid@1.0.1,r,cran,KnockoffHybrid,1.0.1,https://cran.r-project.org/src/contrib/KnockoffHybrid_1.0.1.tar.gz,CRAN PACKAGES.gz,tar.gz
cran:L1pack@0.62-4,r,cran,L1pack,0.62-4,https://cran.r-project.org/src/contrib/L1pack_0.62-4.tar.gz,CRAN PACKAGES.gz,tar.gz
cran:LATERmodel@0.2.0,r,cran,LATERmodel,0.2.0,https://cran.r-project.org/src/contrib/LATERmodel_0.2.0.tar.gz,CRAN PACKAGES.gz,tar.gz
cran:LGRF@1.0,r,cran,LGRF,1.0,https://cran.r-project.org/src/contrib/LGRF_1.0.tar.gz,CRAN PACKAGES.gz,tar.gz
cran:LJexm@1.0.5,r,cran,LJexm,1.0.5,https://cran.r-project.org/src/contrib/LJexm_1.0.5.tar.gz,CRAN PACKAGES.gz,tar.gz
cran:LJmp3converter@1.0.7,r,cran,LJmp3converter,1.0.7,https://cran.r-project.org/src/contrib/LJmp3converter_1.0.7.tar.gz,CRAN PACKAGES.gz,tar.gz
cran:LKT@1.7.0,r,cran,LKT,1.7.0,https://cran.r-project.org/src/contrib/LKT_1.7.0.tar.gz,CRAN PACKAGES.gz,tar.gz
cran:LLSR@0.0.4,r,cran,LLSR,0.0.4,https://cran.r-project.org/src/contrib/LLSR_0.0.4.tar.gz,CRAN PACKAGES.gz,tar.gz
cran:LMD@1.2.1,r,cran,LMD,1.2.1,https://cran.r-project.org/src/contrib/LMD_1.2.1.tar.gz,CRAN PACKAGES.gz,tar.gz
cran:LMMsolver@1.0.13,r,cran,LMMsolver,1.0.13,https://cran.r-project.org/src/contrib/LMMsolver_1.0.13.tar.gz,CRAN PACKAGES.gz,tar.gz
cran:LNIRT@0.5.1,r,cran,LNIRT,0.5.1,https://cran.r-project.org/src/contrib/LNIRT_0.5.1.tar.gz,CRAN PACKAGES.gz,tar.gz
cran:LREP@0.1.1,r,cran,LREP,0.1.1,https://cran.r-project.org/src/contrib/LREP_0.1.1.tar.gz,CRAN PACKAGES.gz,tar.gz
cran:LRMF3@0.1.0,r,cran,LRMF3,0.1.0,https://cran.r-project.org/src/contrib/LRMF3_0.1.0.tar.gz,CRAN PACKAGES.gz,tar.gz
cran:LSAmitR@1.0-3,r,cran,LSAmitR,1.0-3,https://cran.r-project.org/src/contrib/LSAmitR_1.0-3.tar.gz,CRAN PACKAGES.gz,tar.gz
cran:LSDinterface@1.2.5,r,cran,LSDinterface,1.2.5,https://cran.r-project.org/src/contrib/LSDinterface_1.2.5.tar.gz,CRAN PACKAGES.gz,tar.gz
cran:LSJM@0.1.0,r,cran,LSJM,0.1.0,https://cran.r-project.org/src/contrib/LSJM_0.1.0.tar.gz,CRAN PACKAGES.gz,tar.gz
cran:Lahman@14.0-0,r,cran,Lahman,14.0-0,https://cran.r-project.org/src/contrib/Lahman_14.0-0.tar.gz,CRAN PACKAGES.gz,tar.gz
cran:Landmarking@1.0.2,r,cran,Landmarking,1.0.2,https://cran.r-project.org/src/contrib/Landmarking_1.0.2.tar.gz,CRAN PACKAGES.gz,tar.gz
cran:Latamverse@0.1.0,r,cran,Latamverse,0.1.0,https://cran.r-project.org/src/contrib/Latamverse_0.1.0.tar.gz,CRAN PACKAGES.gz,tar.gz
cran:LearnBayes@2.15.2,r,cran,LearnBayes,2.15.2,https://cran.r-project.org/src/contrib/LearnBayes_2.15.2.tar.gz,CRAN PACKAGES.gz,tar.gz
cran:LearnPCA@0.3.4,r,cran,LearnPCA,0.3.4,https://cran.r-project.org/src/contrib/LearnPCA_0.3.4.tar.gz,CRAN PACKAGES.gz,tar.gz
cran:LexFindR@1.1.0,r,cran,LexFindR,1.1.0,https://cran.r-project.org/src/contrib/LexFindR_1.1.0.tar.gz,CRAN PACKAGES.gz,tar.gz
cran:LifeTableBuilder@0.1.3,r,cran,LifeTableBuilder,0.1.3,https://cran.r-project.org/src/contrib/LifeTableBuilder_0.1.3.tar.gz,CRAN PACKAGES.gz,tar.gz
cran:LifeTableFertility@0.1.1,r,cran,LifeTableFertility,0.1.1,https://cran.r-project.org/src/contrib/LifeTableFertility_0.1.1.tar.gz,CRAN PACKAGES.gz,tar.gz
cran:LilRhino@1.2.2,r,cran,LilRhino,1.2.2,https://cran.r-project.org/src/contrib/LilRhino_1.2.2.tar.gz,CRAN PACKAGES.gz,tar.gz
cran:LocaTT@1.3.0,r,cran,LocaTT,1.3.0,https://cran.r-project.org/src/contrib/LocaTT_1.3.0.tar.gz,CRAN PACKAGES.gz,tar.gz
cran:LqG@0.1.0,r,cran,LqG,0.1.0,https://cran.r-project.org/src/contrib/LqG_0.1.0.tar.gz,CRAN PACKAGES.gz,tar.gz
cran:MAARTS@1.0.0,r,cran,MAARTS,1.0.0,https://cran.r-project.org/src/contrib/MAARTS_1.0.0.tar.gz,CRAN PACKAGES.gz,tar.gz
cran:MAPA@2.0.7,r,cran,MAPA,2.0.7,https://cran.r-project.org/src/contrib/MAPA_2.0.7.tar.gz,CRAN PACKAGES.gz,tar.gz
cran:MAnorm2@1.2.2,r,cran,MAnorm2,1.2.2,https://cran.r-project.org/src/contrib/MAnorm2_1.2.2.tar.gz,CRAN PACKAGES.gz,tar.gz
cran:MBAnalysis@2.2.0,r,cran,MBAnalysis,2.2.0,https://cran.r-project.org/src/contrib/MBAnalysis_2.2.0.tar.gz,CRAN PACKAGES.gz,tar.gz
cran:MBHdesign@2.3.15,r,cran,MBHdesign,2.3.15,https://cran.r-project.org/src/contrib/MBHdesign_2.3.15.tar.gz,CRAN PACKAGES.gz,tar.gz
cran:MBSGS@1.2.0,r,cran,MBSGS,1.2.0,https://cran.r-project.org/src/contrib/MBSGS_1.2.0.tar.gz,CRAN PACKAGES.gz,tar.gz
cran:MBSP@5.0,r,cran,MBSP,5.0,https://cran.r-project.org/src/contrib/MBSP_5.0.tar.gz,CRAN PACKAGES.gz,tar.gz
cran:MCCM@0.1.0,r,cran,MCCM,0.1.0,https://cran.r-project.org/src/contrib/MCCM_0.1.0.tar.gz,CRAN PACKAGES.gz,tar.gz
cran:MCPtests@1.0.1,r,cran,MCPtests,1.0.1,https://cran.r-project.org/src/contrib/MCPtests_1.0.1.tar.gz,CRAN PACKAGES.gz,tar.gz
cran:MDSMap@1.3,r,cran,MDSMap,1.3,https://cran.r-project.org/src/contrib/MDSMap_1.3.tar.gz,CRAN PACKAGES.gz,tar.gz
cran:MFSD@0.1.1,r,cran,MFSD,0.1.1,https://cran.r-project.org/src/contrib/MFSD_0.1.1.tar.gz,CRAN PACKAGES.gz,tar.gz
cran:MICsplines@1.0,r,cran,MICsplines,1.0,https://cran.r-project.org/src/contrib/MICsplines_1.0.tar.gz,CRAN PACKAGES.gz,tar.gz
cran:MIIVsem@0.5.8,r,cran,MIIVsem,0.5.8,https://cran.r-project.org/src/contrib/MIIVsem_0.5.8.tar.gz,CRAN PACKAGES.gz,tar.gz
cran:MINTplates@1.0.1,r,cran,MINTplates,1.0.1,https://cran.r-project.org/src/contrib/MINTplates_1.0.1.tar.gz,CRAN PACKAGES.gz,tar.gz
cran:MLBC@0.2.2,r,cran,MLBC,0.2.2,https://cran.r-project.org/src/contrib/MLBC_0.2.2.tar.gz,CRAN PACKAGES.gz,tar.gz
cran:MLwrap@0.4.0,r,cran,MLwrap,0.4.0,https://cran.r-project.org/src/contrib/MLwrap_0.4.0.tar.gz,CRAN PACKAGES.gz,tar.gz
cran:MMD@1.0.0,r,cran,MMD,1.0.0,https://cran.r-project.org/src/contrib/MMD_1.0.0.tar.gz,CRAN PACKAGES.gz,tar.gz
cran:MMLR@0.2.0,r,cran,MMLR,0.2.0,https://cran.r-project.org/src/contrib/MMLR_0.2.0.tar.gz,CRAN PACKAGES.gz,tar.gz
cran:MNLR@0.1.0,r,cran,MNLR,0.1.0,https://cran.r-project.org/src/contrib/MNLR_0.1.0.tar.gz,CRAN PACKAGES.gz,tar.gz
cran:MNP@3.1-6,r,cran,MNP,3.1-6,https://cran.r-project.org/src/contrib/MNP_3.1-6.tar.gz,CRAN PACKAGES.gz,tar.gz
cran:MOLHD@0.2,r,cran,MOLHD,0.2,https://cran.r-project.org/src/contrib/MOLHD_0.2.tar.gz,CRAN PACKAGES.gz,tar.gz
cran:MOSAlloc@1.2.6,r,cran,MOSAlloc,1.2.6,https://cran.r-project.org/src/contrib/MOSAlloc_1.2.6.tar.gz,CRAN PACKAGES.gz,tar.gz
cran:MOST@0.1.2,r,cran,MOST,0.1.2,https://cran.r-project.org/src/contrib/MOST_0.1.2.tar.gz,CRAN PACKAGES.gz,tar.gz
cran:MPGE@1.0.1,r,cran,MPGE,1.0.1,https://cran.r-project.org/src/contrib/MPGE_1.0.1.tar.gz,CRAN PACKAGES.gz,tar.gz
cran:MR.RGM@0.1.1,r,cran,MR.RGM,0.1.1,https://cran.r-project.org/src/contrib/MR.RGM_0.1.1.tar.gz,CRAN PACKAGES.gz,tar.gz
cran:MRHawkes@1.0,r,cran,MRHawkes,1.0,https://cran.r-project.org/src/contrib/MRHawkes_1.0.tar.gz,CRAN PACKAGES.gz,tar.gz
cran:MRTAnalysis@0.4.1,r,cran,MRTAnalysis,0.4.1,https://cran.r-project.org/src/contrib/MRTAnalysis_0.4.1.tar.gz,CRAN PACKAGES.gz,tar.gz
cran:MSCsimtester@1.2,r,cran,MSCsimtester,1.2,https://cran.r-project.org/src/contrib/MSCsimtester_1.2.tar.gz,CRAN PACKAGES.gz,tar.gz
cran:MSG@0.9,r,cran,MSG,0.9,https://cran.r-project.org/src/contrib/MSG_0.9.tar.gz,CRAN PACKAGES.gz,tar.gz
cran:MSN@0.1.0,r,cran,MSN,0.1.0,https://cran.r-project.org/src/contrib/MSN_0.1.0.tar.gz,CRAN PACKAGES.gz,tar.gz
cran:MTLRF@1.0.0,r,cran,MTLRF,1.0.0,https://cran.r-project.org/src/contrib/MTLRF_1.0.0.tar.gz,CRAN PACKAGES.gz,tar.gz
cran:MTSYS@1.2.0,r,cran,MTSYS,1.2.0,https://cran.r-project.org/src/contrib/MTSYS_1.2.0.tar.gz,CRAN PACKAGES.gz,tar.gz
cran:MUGS@0.1.0,r,cran,MUGS,0.1.0,https://cran.r-project.org/src/contrib/MUGS_0.1.0.tar.gz,CRAN PACKAGES.gz,tar.gz
cran:MVA@1.0-10,r,cran,MVA,1.0-10,https://cran.r-project.org/src/contrib/MVA_1.0-10.tar.gz,CRAN PACKAGES.gz,tar.gz
cran:MVar@2.3.0,r,cran,MVar,2.3.0,https://cran.r-project.org/src/contrib/MVar_2.3.0.tar.gz,CRAN PACKAGES.gz,tar.gz
cran:MVar.pt@2.3.0,r,cran,MVar.pt,2.3.0,https://cran.r-project.org/src/contrib/MVar.pt_2.3.0.tar.gz,CRAN PACKAGES.gz,tar.gz
cran:MapGAM@1.3-1,r,cran,MapGAM,1.3-1,https://cran.r-project.org/src/contrib/MapGAM_1.3-1.tar.gz,CRAN PACKAGES.gz,tar.gz
cran:Mapinguari@2.0.1,r,cran,Mapinguari,2.0.1,https://cran.r-project.org/src/contrib/Mapinguari_2.0.1.tar.gz,CRAN PACKAGES.gz,tar.gz
cran:MazamaSpatialPlots@0.3.0,r,cran,MazamaSpatialPlots,0.3.0,https://cran.r-project.org/src/contrib/MazamaSpatialPlots_0.3.0.tar.gz,CRAN PACKAGES.gz,tar.gz
cran:MeTo@0.1.1,r,cran,MeTo,0.1.1,https://cran.r-project.org/src/contrib/MeTo_0.1.1.tar.gz,CRAN PACKAGES.gz,tar.gz
cran:Meanimiles@0.1.0,r,cran,Meanimiles,0.1.0,https://cran.r-project.org/src/contrib/Meanimiles_0.1.0.tar.gz,CRAN PACKAGES.gz,tar.gz
cran:MedDietCalc@0.1.1,r,cran,MedDietCalc,0.1.1,https://cran.r-project.org/src/contrib/MedDietCalc_0.1.1.tar.gz,CRAN PACKAGES.gz,tar.gz
cran:MedxR@0.1.1,r,cran,MedxR,0.1.1,https://cran.r-project.org/src/contrib/MedxR_0.1.1.tar.gz,CRAN PACKAGES.gz,tar.gz
cran:MetaEntropy@1.3,r,cran,MetaEntropy,1.3,https://cran.r-project.org/src/contrib/MetaEntropy_1.3.tar.gz,CRAN PACKAGES.gz,tar.gz
cran:MetabolomicsBasics@1.4.7,r,cran,MetabolomicsBasics,1.4.7,https://cran.r-project.org/src/contrib/MetabolomicsBasics_1.4.7.tar.gz,CRAN PACKAGES.gz,tar.gz
cran:MethEvolSIM@0.3.0,r,cran,MethEvolSIM,0.3.0,https://cran.r-project.org/src/contrib/MethEvolSIM_0.3.0.tar.gz,CRAN PACKAGES.gz,tar.gz
cran:MexicoDataAPI@0.3.0,r,cran,MexicoDataAPI,0.3.0,https://cran.r-project.org/src/contrib/MexicoDataAPI_0.3.0.tar.gz,CRAN PACKAGES.gz,tar.gz
cran:MiRNAQCD@1.1.3,r,cran,MiRNAQCD,1.1.3,https://cran.r-project.org/src/contrib/MiRNAQCD_1.1.3.tar.gz,CRAN PACKAGES.gz,tar.gz
cran:MicroNiche@1.0.0,r,cran,MicroNiche,1.0.0,https://cran.r-project.org/src/contrib/MicroNiche_1.0.0.tar.gz,CRAN PACKAGES.gz,tar.gz
cran:MiscMetabar@0.16.8,r,cran,MiscMetabar,0.16.8,https://cran.r-project.org/src/contrib/MiscMetabar_0.16.8.tar.gz,CRAN PACKAGES.gz,tar.gz
cran:MittagLeffleR@0.4.1,r,cran,MittagLeffleR,0.4.1,https://cran.r-project.org/src/contrib/MittagLeffleR_0.4.1.tar.gz,CRAN PACKAGES.gz,tar.gz
cran:MixSemiRob@1.1.1,r,cran,MixSemiRob,1.1.1,https://cran.r-project.org/src/contrib/MixSemiRob_1.1.1.tar.gz,CRAN PACKAGES.gz,tar.gz
cran:MixStable@0.1.0,r,cran,MixStable,0.1.0,https://cran.r-project.org/src/contrib/MixStable_0.1.0.tar.gz,CRAN PACKAGES.gz,tar.gz
cran:MixfMRI@0.1-4,r,cran,MixfMRI,0.1-4,https://cran.r-project.org/src/contrib/MixfMRI_0.1-4.tar.gz,CRAN PACKAGES.gz,tar.gz
cran:MixtureMissing@3.0.6,r,cran,MixtureMissing,3.0.6,https://cran.r-project.org/src/contrib/MixtureMissing_3.0.6.tar.gz,CRAN PACKAGES.gz,tar.gz
cran:ModLR@0.1.29,r,cran,ModLR,0.1.29,https://cran.r-project.org/src/contrib/ModLR_0.1.29.tar.gz,CRAN PACKAGES.gz,tar.gz
cran:ModalCens@0.2.0,r,cran,ModalCens,0.2.0,https://cran.r-project.org/src/contrib/ModalCens_0.2.0.tar.gz,CRAN PACKAGES.gz,tar.gz
cran:ModelMap@3.4.0.8,r,cran,ModelMap,3.4.0.8,https://cran.r-project.org/src/contrib/ModelMap_3.4.0.8.tar.gz,CRAN PACKAGES.gz,tar.gz
cran:MonoPoly@0.3-10,r,cran,MonoPoly,0.3-10,https://cran.r-project.org/src/contrib/MonoPoly_0.3-10.tar.gz,CRAN PACKAGES.gz,tar.gz
cran:MorphSim@1.2.0,r,cran,MorphSim,1.2.0,https://cran.r-project.org/src/contrib/MorphSim_1.2.0.tar.gz,CRAN PACKAGES.gz,tar.gz
cran:MuTATE@0.1.0,r,cran,MuTATE,0.1.0,https://cran.r-project.org/src/contrib/MuTATE_0.1.0.tar.gz,CRAN PACKAGES.gz,tar.gz
cran:MultOrdRS@0.1-3,r,cran,MultOrdRS,0.1-3,https://cran.r-project.org/src/contrib/MultOrdRS_0.1-3.tar.gz,CRAN PACKAGES.gz,tar.gz
cran:MultipleRegression@0.1.0,r,cran,MultipleRegression,0.1.0,https://cran.r-project.org/src/contrib/MultipleRegression_0.1.0.tar.gz,CRAN PACKAGES.gz,tar.gz
cran:MultisiteMediation@0.0.4,r,cran,MultisiteMediation,0.0.4,https://cran.r-project.org/src/contrib/MultisiteMediation_0.0.4.tar.gz,CRAN PACKAGES.gz,tar.gz
cran:MultivariateRandomForest@1.1.5,r,cran,MultivariateRandomForest,1.1.5,https://cran.r-project.org/src/contrib/MultivariateRandomForest_1.1.5.tar.gz,CRAN PACKAGES.gz,tar.gz
cran:MultivariateTrendAnalysis@0.1.3,r,cran,MultivariateTrendAnalysis,0.1.3,https://cran.r-project.org/src/contrib/MultivariateTrendAnalysis_0.1.3.tar.gz,CRAN PACKAGES.gz,tar.gz
cran:MulvariateRandomForestVarImp@0.0.2,r,cran,MulvariateRandomForestVarImp,0.0.2,https://cran.r-project.org/src/contrib/MulvariateRandomForestVarImp_0.0.2.tar.gz,CRAN PACKAGES.gz,tar.gz
cran:NAEPirtparams@1.0.0,r,cran,NAEPirtparams,1.0.0,https://cran.r-project.org/src/contrib/NAEPirtparams_1.0.0.tar.gz,CRAN PACKAGES.gz,tar.gz
cran:NCutYX@0.1.0,r,cran,NCutYX,0.1.0,https://cran.r-project.org/src/contrib/NCutYX_0.1.0.tar.gz,CRAN PACKAGES.gz,tar.gz
cran:NEpiC@1.0.1,r,cran,NEpiC,1.0.1,https://cran.r-project.org/src/contrib/NEpiC_1.0.1.tar.gz,CRAN PACKAGES.gz,tar.gz
cran:NHSDataDictionaRy@1.2.5,r,cran,NHSDataDictionaRy,1.2.5,https://cran.r-project.org/src/contrib/NHSDataDictionaRy_1.2.5.tar.gz,CRAN PACKAGES.gz,tar.gz
cran:NHSRwaitinglist@0.1.2,r,cran,NHSRwaitinglist,0.1.2,https://cran.r-project.org/src/contrib/NHSRwaitinglist_0.1.2.tar.gz,CRAN PACKAGES.gz,tar.gz
cran:NMAforest@0.1.3,r,cran,NMAforest,0.1.3,https://cran.r-project.org/src/contrib/NMAforest_0.1.3.tar.gz,CRAN PACKAGES.gz,tar.gz
cran:NNMoMo@0.1.0,r,cran,NNMoMo,0.1.0,https://cran.r-project.org/src/contrib/NNMoMo_0.1.0.tar.gz,CRAN PACKAGES.gz,tar.gz
cran:NPIstats@0.1.0,r,cran,NPIstats,0.1.0,https://cran.r-project.org/src/contrib/NPIstats_0.1.0.tar.gz,CRAN PACKAGES.gz,tar.gz
cran:NPMLEcmprsk@3.0,r,cran,NPMLEcmprsk,3.0,https://cran.r-project.org/src/contrib/NPMLEcmprsk_3.0.tar.gz,CRAN PACKAGES.gz,tar.gz
cran:NRMSampling@0.2.2,r,cran,NRMSampling,0.2.2,https://cran.r-project.org/src/contrib/NRMSampling_0.2.2.tar.gz,CRAN PACKAGES.gz,tar.gz
cran:NSM3@1.20,r,cran,NSM3,1.20,https://cran.r-project.org/src/contrib/NSM3_1.20.tar.gz,CRAN PACKAGES.gz,tar.gz
cran:NSMM@0.1.2,r,cran,NSMM,0.1.2,https://cran.r-project.org/src/contrib/NSMM_0.1.2.tar.gz,CRAN PACKAGES.gz,tar.gz
cran:NatParksPalettes@0.2.0,r,cran,NatParksPalettes,0.2.0,https://cran.r-project.org/src/contrib/NatParksPalettes_0.2.0.tar.gz,CRAN PACKAGES.gz,tar.gz
cran:NetworkInference@1.2.5,r,cran,NetworkInference,1.2.5,https://cran.r-project.org/src/contrib/NetworkInference_1.2.5.tar.gz,CRAN PACKAGES.gz,tar.gz
cran:NeutroCrdRcbdAnalysis@0.0.1,r,cran,NeutroCrdRcbdAnalysis,0.0.1,https://cran.r-project.org/src/contrib/NeutroCrdRcbdAnalysis_0.0.1.tar.gz,CRAN PACKAGES.gz,tar.gz
cran:NeutroSplitStripAnalysis@0.0.1,r,cran,NeutroSplitStripAnalysis,0.0.1,https://cran.r-project.org/src/contrib/NeutroSplitStripAnalysis_0.0.1.tar.gz,CRAN PACKAGES.gz,tar.gz
cran:NlcOptim@0.6,r,cran,NlcOptim,0.6,https://cran.r-project.org/src/contrib/NlcOptim_0.6.tar.gz,CRAN PACKAGES.gz,tar.gz
cran:NonParRolCor@0.8.0,r,cran,NonParRolCor,0.8.0,https://cran.r-project.org/src/contrib/NonParRolCor_0.8.0.tar.gz,CRAN PACKAGES.gz,tar.gz
cran:NutrienTrackeR@1.4.0,r,cran,NutrienTrackeR,1.4.0,https://cran.r-project.org/src/contrib/NutrienTrackeR_1.4.0.tar.gz,CRAN PACKAGES.gz,tar.gz
cran:OCSdata@1.0.2,r,cran,OCSdata,1.0.2,https://cran.r-project.org/src/contrib/OCSdata_1.0.2.tar.gz,CRAN PACKAGES.gz,tar.gz
cran:OOR@0.1.4,r,cran,OOR,0.1.4,https://cran.r-project.org/src/contrib/OOR_0.1.4.tar.gz,CRAN PACKAGES.gz,tar.gz
cran:OPCreg@4.0.2,r,cran,OPCreg,4.0.2,https://cran.r-project.org/src/contrib/OPCreg_4.0.2.tar.gz,CRAN PACKAGES.gz,tar.gz
cran:OPL@1.0.2,r,cran,OPL,1.0.2,https://cran.r-project.org/src/contrib/OPL_1.0.2.tar.gz,CRAN PACKAGES.gz,tar.gz
cran:OSCARS@0.1.2,r,cran,OSCARS,0.1.2,https://cran.r-project.org/src/contrib/OSCARS_0.1.2.tar.gz,CRAN PACKAGES.gz,tar.gz
cran:OTrecod@0.1.2,r,cran,OTrecod,0.1.2,https://cran.r-project.org/src/contrib/OTrecod_0.1.2.tar.gz,CRAN PACKAGES.gz,tar.gz
cran:OWEA@0.1.2,r,cran,OWEA,0.1.2,https://cran.r-project.org/src/contrib/OWEA_0.1.2.tar.gz,CRAN PACKAGES.gz,tar.gz
cran:OdysseusCharacterizationModule@0.0.1,r,cran,OdysseusCharacterizationModule,0.0.1,https://cran.r-project.org/src/contrib/OdysseusCharacterizationModule_0.0.1.tar.gz,CRAN PACKAGES.gz,tar.gz
cran:OdysseusSurvivalModule@0.1.0,r,cran,OdysseusSurvivalModule,0.1.0,https://cran.r-project.org/src/contrib/OdysseusSurvivalModule_0.1.0.tar.gz,CRAN PACKAGES.gz,tar.gz
cran:OhdsiReportGenerator@2.3.1,r,cran,OhdsiReportGenerator,2.3.1,https://cran.r-project.org/src/contrib/OhdsiReportGenerator_2.3.1.tar.gz,CRAN PACKAGES.gz,tar.gz
cran:OmicSense@0.2.0,r,cran,OmicSense,0.2.0,https://cran.r-project.org/src/contrib/OmicSense_0.2.0.tar.gz,CRAN PACKAGES.gz,tar.gz
cran:OncoDataSets@0.1.0,r,cran,OncoDataSets,0.1.0,https://cran.r-project.org/src/contrib/OncoDataSets_0.1.0.tar.gz,CRAN PACKAGES.gz,tar.gz
cran:OpEnCAST@0.1.1,r,cran,OpEnCAST,0.1.1,https://cran.r-project.org/src/contrib/OpEnCAST_0.1.1.tar.gz,CRAN PACKAGES.gz,tar.gz
cran:OpenBARD@0.0.1,r,cran,OpenBARD,0.0.1,https://cran.r-project.org/src/contrib/OpenBARD_0.0.1.tar.gz,CRAN PACKAGES.gz,tar.gz
cran:OpenML@1.12,r,cran,OpenML,1.12,https://cran.r-project.org/src/contrib/OpenML_1.12.tar.gz,CRAN PACKAGES.gz,tar.gz
cran:OpenSourceAP.DownloadR@0.1.0,r,cran,OpenSourceAP.DownloadR,0.1.0,https://cran.r-project.org/src/contrib/OpenSourceAP.DownloadR_0.1.0.tar.gz,CRAN PACKAGES.gz,tar.gz
cran:Opt5PL@0.1.1,r,cran,Opt5PL,0.1.1,https://cran.r-project.org/src/contrib/Opt5PL_0.1.1.tar.gz,CRAN PACKAGES.gz,tar.gz
cran:OptimalDesign@1.0.3,r,cran,OptimalDesign,1.0.3,https://cran.r-project.org/src/contrib/OptimalDesign_1.0.3.tar.gz,CRAN PACKAGES.gz,tar.gz
cran:OscillatorGenerator@0.1.0,r,cran,OscillatorGenerator,0.1.0,https://cran.r-project.org/src/contrib/OscillatorGenerator_0.1.0.tar.gz,CRAN PACKAGES.gz,tar.gz
cran:OtsuFire@0.1.4,r,cran,OtsuFire,0.1.4,https://cran.r-project.org/src/contrib/OtsuFire_0.1.4.tar.gz,CRAN PACKAGES.gz,tar.gz
cran:PACVr@1.1.5,r,cran,PACVr,1.1.5,https://cran.r-project.org/src/contrib/PACVr_1.1.5.tar.gz,CRAN PACKAGES.gz,tar.gz
cran:PAGFL@1.1.4,r,cran,PAGFL,1.1.4,https://cran.r-project.org/src/contrib/PAGFL_1.1.4.tar.gz,CRAN PACKAGES.gz,tar.gz
cran:PAICE@1.0.2,r,cran,PAICE,1.0.2,https://cran.r-project.org/src/contrib/PAICE_1.0.2.tar.gz,CRAN PACKAGES.gz,tar.gz
cran:PAMmisc@1.13.0,r,cran,PAMmisc,1.13.0,https://cran.r-project.org/src/contrib/PAMmisc_1.13.0.tar.gz,CRAN PACKAGES.gz,tar.gz
cran:PBD@1.4,r,cran,PBD,1.4,https://cran.r-project.org/src/contrib/PBD_1.4.tar.gz,CRAN PACKAGES.gz,tar.gz
cran:PBSddesolve@1.13.7,r,cran,PBSddesolve,1.13.7,https://cran.r-project.org/src/contrib/PBSddesolve_1.13.7.tar.gz,CRAN PACKAGES.gz,tar.gz
cran:PBSmodelling@2.70.2,r,cran,PBSmodelling,2.70.2,https://cran.r-project.org/src/contrib/PBSmodelling_2.70.2.tar.gz,CRAN PACKAGES.gz,tar.gz
cran:PBtDesigns@1.0.0,r,cran,PBtDesigns,1.0.0,https://cran.r-project.org/src/contrib/PBtDesigns_1.0.0.tar.gz,CRAN PACKAGES.gz,tar.gz
cran:PDQutils@0.1.6,r,cran,PDQutils,0.1.6,https://cran.r-project.org/src/contrib/PDQutils_0.1.6.tar.gz,CRAN PACKAGES.gz,tar.gz
cran:PDShiny@0.1.0,r,cran,PDShiny,0.1.0,https://cran.r-project.org/src/contrib/PDShiny_0.1.0.tar.gz,CRAN PACKAGES.gz,tar.gz
cran:PGaGEV@0.1.0,r,cran,PGaGEV,0.1.0,https://cran.r-project.org/src/contrib/PGaGEV_0.1.0.tar.gz,CRAN PACKAGES.gz,tar.gz
cran:PHYLOGR@1.0.12,r,cran,PHYLOGR,1.0.12,https://cran.r-project.org/src/contrib/PHYLOGR_1.0.12.tar.gz,CRAN PACKAGES.gz,tar.gz
cran:PKPDsim@1.4.1,r,cran,PKPDsim,1.4.1,https://cran.r-project.org/src/contrib/PKPDsim_1.4.1.tar.gz,CRAN PACKAGES.gz,tar.gz
cran:PLORN@0.1.1,r,cran,PLORN,0.1.1,https://cran.r-project.org/src/contrib/PLORN_0.1.1.tar.gz,CRAN PACKAGES.gz,tar.gz
cran:PMwR@1.2-0,r,cran,PMwR,1.2-0,https://cran.r-project.org/src/contrib/PMwR_1.2-0.tar.gz,CRAN PACKAGES.gz,tar.gz
cran:PPCDT@0.2.0,r,cran,PPCDT,0.2.0,https://cran.r-project.org/src/contrib/PPCDT_0.2.0.tar.gz,CRAN PACKAGES.gz,tar.gz
cran:PPRL@0.3.9,r,cran,PPRL,0.3.9,https://cran.r-project.org/src/contrib/PPRL_0.3.9.tar.gz,CRAN PACKAGES.gz,tar.gz
cran:PPbigdata@1.0.0,r,cran,PPbigdata,1.0.0,https://cran.r-project.org/src/contrib/PPbigdata_1.0.0.tar.gz,CRAN PACKAGES.gz,tar.gz
cran:PROMETHEE@1.1,r,cran,PROMETHEE,1.1,https://cran.r-project.org/src/contrib/PROMETHEE_1.1.tar.gz,CRAN PACKAGES.gz,tar.gz
cran:PROSPER@0.3.3,r,cran,PROSPER,0.3.3,https://cran.r-project.org/src/contrib/PROSPER_0.3.3.tar.gz,CRAN PACKAGES.gz,tar.gz
cran:PRP@0.1.1,r,cran,PRP,0.1.1,https://cran.r-project.org/src/contrib/PRP_0.1.1.tar.gz,CRAN PACKAGES.gz,tar.gz
cran:PSGoft@0.0.1,r,cran,PSGoft,0.0.1,https://cran.r-project.org/src/contrib/PSGoft_0.0.1.tar.gz,CRAN PACKAGES.gz,tar.gz
cran:PSTR@2.0.0,r,cran,PSTR,2.0.0,https://cran.r-project.org/src/contrib/PSTR_2.0.0.tar.gz,CRAN PACKAGES.gz,tar.gz
cran:PUPMSI@0.1.0,r,cran,PUPMSI,0.1.0,https://cran.r-project.org/src/contrib/PUPMSI_0.1.0.tar.gz,CRAN PACKAGES.gz,tar.gz
cran:PUlasso@3.2.6,r,cran,PUlasso,3.2.6,https://cran.r-project.org/src/contrib/PUlasso_3.2.6.tar.gz,CRAN PACKAGES.gz,tar.gz
cran:PVBcorrect@0.3.1,r,cran,PVBcorrect,0.3.1,https://cran.r-project.org/src/contrib/PVBcorrect_0.3.1.tar.gz,CRAN PACKAGES.gz,tar.gz
cran:PWEV@0.1.0,r,cran,PWEV,0.1.0,https://cran.r-project.org/src/contrib/PWEV_0.1.0.tar.gz,CRAN PACKAGES.gz,tar.gz
cran:PWEXP@0.5.1,r,cran,PWEXP,0.5.1,https://cran.r-project.org/src/contrib/PWEXP_0.5.1.tar.gz,CRAN PACKAGES.gz,tar.gz
cran:PWIR@0.0.3.1,r,cran,PWIR,0.0.3.1,https://cran.r-project.org/src/contrib/PWIR_0.0.3.1.tar.gz,CRAN PACKAGES.gz,tar.gz
cran:PakPC2017@1.0.0,r,cran,PakPC2017,1.0.0,https://cran.r-project.org/src/contrib/PakPC2017_1.0.0.tar.gz,CRAN PACKAGES.gz,tar.gz
cran:PakPMICS2018mn@0.1.0,r,cran,PakPMICS2018mn,0.1.0,https://cran.r-project.org/src/contrib/PakPMICS2018mn_0.1.0.tar.gz,CRAN PACKAGES.gz,tar.gz
cran:PanelSelect@1.0.1,r,cran,PanelSelect,1.0.1,https://cran.r-project.org/src/contrib/PanelSelect_1.0.1.tar.gz,CRAN PACKAGES.gz,tar.gz
cran:ParDNAcopy@2.0,r,cran,ParDNAcopy,2.0,https://cran.r-project.org/src/contrib/ParDNAcopy_2.0.tar.gz,CRAN PACKAGES.gz,tar.gz
cran:PartCensReg@1.39,r,cran,PartCensReg,1.39,https://cran.r-project.org/src/contrib/PartCensReg_1.39.tar.gz,CRAN PACKAGES.gz,tar.gz
cran:Path.Analysis@0.1,r,cran,Path.Analysis,0.1,https://cran.r-project.org/src/contrib/Path.Analysis_0.1.tar.gz,CRAN PACKAGES.gz,tar.gz
cran:PeakSegDP@2024.1.24,r,cran,PeakSegDP,2024.1.24,https://cran.r-project.org/src/contrib/PeakSegDP_2024.1.24.tar.gz,CRAN PACKAGES.gz,tar.gz
cran:PenIC@1.0.0,r,cran,PenIC,1.0.0,https://cran.r-project.org/src/contrib/PenIC_1.0.0.tar.gz,CRAN PACKAGES.gz,tar.gz
cran:PenalReg@0.1.0,r,cran,PenalReg,0.1.0,https://cran.r-project.org/src/contrib/PenalReg_0.1.0.tar.gz,CRAN PACKAGES.gz,tar.gz
cran:Peptides@2.4.6,r,cran,Peptides,2.4.6,https://cran.r-project.org/src/contrib/Peptides_2.4.6.tar.gz,CRAN PACKAGES.gz,tar.gz
cran:PermutationR@0.1.0,r,cran,PermutationR,0.1.0,https://cran.r-project.org/src/contrib/PermutationR_0.1.0.tar.gz,CRAN PACKAGES.gz,tar.gz
cran:PhaseGMM@0.1.1,r,cran,PhaseGMM,0.1.1,https://cran.r-project.org/src/contrib/PhaseGMM_0.1.1.tar.gz,CRAN PACKAGES.gz,tar.gz
cran:PhilipsHue@1.0.0,r,cran,PhilipsHue,1.0.0,https://cran.r-project.org/src/contrib/PhilipsHue_1.0.0.tar.gz,CRAN PACKAGES.gz,tar.gz
cran:PhylogeneticEM@1.8.1,r,cran,PhylogeneticEM,1.8.1,https://cran.r-project.org/src/contrib/PhylogeneticEM_1.8.1.tar.gz,CRAN PACKAGES.gz,tar.gz
cran:PieGlyph@1.1.0,r,cran,PieGlyph,1.1.0,https://cran.r-project.org/src/contrib/PieGlyph_1.1.0.tar.gz,CRAN PACKAGES.gz,tar.gz
cran:PlackettLuce@0.4.5,r,cran,PlackettLuce,0.4.5,https://cran.r-project.org/src/contrib/PlackettLuce_0.4.5.tar.gz,CRAN PACKAGES.gz,tar.gz
cran:PoisBinOrd@1.4.3,r,cran,PoisBinOrd,1.4.3,https://cran.r-project.org/src/contrib/PoisBinOrd_1.4.3.tar.gz,CRAN PACKAGES.gz,tar.gz
cran:PoisNonNor@1.6.3,r,cran,PoisNonNor,1.6.3,https://cran.r-project.org/src/contrib/PoisNonNor_1.6.3.tar.gz,CRAN PACKAGES.gz,tar.gz
cran:PoissonBinomial@1.2.8,r,cran,PoissonBinomial,1.2.8,https://cran.r-project.org/src/contrib/PoissonBinomial_1.2.8.tar.gz,CRAN PACKAGES.gz,tar.gz
cran:PolyPatEx@0.9.2,r,cran,PolyPatEx,0.9.2,https://cran.r-project.org/src/contrib/PolyPatEx_0.9.2.tar.gz,CRAN PACKAGES.gz,tar.gz
cran:PolyTree@0.0.1,r,cran,PolyTree,0.0.1,https://cran.r-project.org/src/contrib/PolyTree_0.0.1.tar.gz,CRAN PACKAGES.gz,tar.gz
cran:PoolDilutionR@1.0.0,r,cran,PoolDilutionR,1.0.0,https://cran.r-project.org/src/contrib/PoolDilutionR_1.0.0.tar.gz,CRAN PACKAGES.gz,tar.gz
cran:PosRatioDist@1.2.1,r,cran,PosRatioDist,1.2.1,https://cran.r-project.org/src/contrib/PosRatioDist_1.2.1.tar.gz,CRAN PACKAGES.gz,tar.gz
cran:PowerTOST@1.5-7,r,cran,PowerTOST,1.5-7,https://cran.r-project.org/src/contrib/PowerTOST_1.5-7.tar.gz,CRAN PACKAGES.gz,tar.gz
cran:PracticalEquiDesign@0.0.3,r,cran,PracticalEquiDesign,0.0.3,https://cran.r-project.org/src/contrib/PracticalEquiDesign_0.0.3.tar.gz,CRAN PACKAGES.gz,tar.gz
cran:ProbeDeveloper@1.1.2,r,cran,ProbeDeveloper,1.1.2,https://cran.r-project.org/src/contrib/ProbeDeveloper_1.1.2.tar.gz,CRAN PACKAGES.gz,tar.gz
cran:PrometheeTools@0.1.0,r,cran,PrometheeTools,0.1.0,https://cran.r-project.org/src/contrib/PrometheeTools_0.1.0.tar.gz,CRAN PACKAGES.gz,tar.gz
cran:PropClust@1.4-7,r,cran,PropClust,1.4-7,https://cran.r-project.org/src/contrib/PropClust_1.4-7.tar.gz,CRAN PACKAGES.gz,tar.gz
cran:PsychWordVec@2025.11,r,cran,PsychWordVec,2025.11,https://cran.r-project.org/src/contrib/PsychWordVec_2025.11.tar.gz,CRAN PACKAGES.gz,tar.gz
cran:PulmoDataSets@0.2.1,r,cran,PulmoDataSets,0.2.1,https://cran.r-project.org/src/contrib/PulmoDataSets_0.2.1.tar.gz,CRAN PACKAGES.gz,tar.gz
cran:PupillometryR@0.0.7,r,cran,PupillometryR,0.0.7,https://cran.r-project.org/src/contrib/PupillometryR_0.0.7.tar.gz,CRAN PACKAGES.gz,tar.gz
cran:Q2q@0.1.2,r,cran,Q2q,0.1.2,https://cran.r-project.org/src/contrib/Q2q_0.1.2.tar.gz,CRAN PACKAGES.gz,tar.gz
cran:QHOT@0.1.0,r,cran,QHOT,0.1.0,https://cran.r-project.org/src/contrib/QHOT_0.1.0.tar.gz,CRAN PACKAGES.gz,tar.gz
cran:QRAGadget@0.4,r,cran,QRAGadget,0.4,https://cran.r-project.org/src/contrib/QRAGadget_0.4.tar.gz,CRAN PACKAGES.gz,tar.gz
cran:Qtools@1.6.0,r,cran,Qtools,1.6.0,https://cran.r-project.org/src/contrib/Qtools_1.6.0.tar.gz,CRAN PACKAGES.gz,tar.gz
cran:QuClu@1.0.1,r,cran,QuClu,1.0.1,https://cran.r-project.org/src/contrib/QuClu_1.0.1.tar.gz,CRAN PACKAGES.gz,tar.gz
cran:QuICSeedR@0.1.2,r,cran,QuICSeedR,0.1.2,https://cran.r-project.org/src/contrib/QuICSeedR_0.1.2.tar.gz,CRAN PACKAGES.gz,tar.gz
cran:R.utils@2.13.0,r,cran,R.utils,2.13.0,https://cran.r-project.org/src/contrib/R.utils_2.13.0.tar.gz,CRAN PACKAGES.gz,tar.gz
cran:R2BEAT@1.0.5,r,cran,R2BEAT,1.0.5,https://cran.r-project.org/src/contrib/R2BEAT_1.0.5.tar.gz,CRAN PACKAGES.gz,tar.gz
cran:R2jags@0.8-9,r,cran,R2jags,0.8-9,https://cran.r-project.org/src/contrib/R2jags_0.8-9.tar.gz,CRAN PACKAGES.gz,tar.gz
cran:R3port@0.3.1,r,cran,R3port,0.3.1,https://cran.r-project.org/src/contrib/R3port_0.3.1.tar.gz,CRAN PACKAGES.gz,tar.gz
cran:RAMpath@0.5.1,r,cran,RAMpath,0.5.1,https://cran.r-project.org/src/contrib/RAMpath_0.5.1.tar.gz,CRAN PACKAGES.gz,tar.gz
cran:RAP@1.2.2,r,cran,RAP,1.2.2,https://cran.r-project.org/src/contrib/RAP_1.2.2.tar.gz,CRAN PACKAGES.gz,tar.gz
cran:RBPcurve@1.3,r,cran,RBPcurve,1.3,https://cran.r-project.org/src/contrib/RBPcurve_1.3.tar.gz,CRAN PACKAGES.gz,tar.gz
cran:RCA@2.0,r,cran,RCA,2.0,https://cran.r-project.org/src/contrib/RCA_2.0.tar.gz,CRAN PACKAGES.gz,tar.gz
cran:RCNA@1.0,r,cran,RCNA,1.0,https://cran.r-project.org/src/contrib/RCNA_1.0.tar.gz,CRAN PACKAGES.gz,tar.gz
cran:RCRnorm@0.0.2,r,cran,RCRnorm,0.0.2,https://cran.r-project.org/src/contrib/RCRnorm_0.0.2.tar.gz,CRAN PACKAGES.gz,tar.gz
cran:RDSsamplesize@0.5.0,r,cran,RDSsamplesize,0.5.0,https://cran.r-project.org/src/contrib/RDSsamplesize_0.5.0.tar.gz,CRAN PACKAGES.gz,tar.gz
cran:RDota2@0.1.6,r,cran,RDota2,0.1.6,https://cran.r-project.org/src/contrib/RDota2_0.1.6.tar.gz,CRAN PACKAGES.gz,tar.gz
cran:REPPlabShiny@0.4.2,r,cran,REPPlabShiny,0.4.2,https://cran.r-project.org/src/contrib/REPPlabShiny_0.4.2.tar.gz,CRAN PACKAGES.gz,tar.gz
cran:REdaS@0.9.4,r,cran,REdaS,0.9.4,https://cran.r-project.org/src/contrib/REdaS_0.9.4.tar.gz,CRAN PACKAGES.gz,tar.gz
cran:RGraphSpace@1.5.2,r,cran,RGraphSpace,1.5.2,https://cran.r-project.org/src/contrib/RGraphSpace_1.5.2.tar.gz,CRAN PACKAGES.gz,tar.gz
cran:RHC@0.1.0,r,cran,RHC,0.1.0,https://cran.r-project.org/src/contrib/RHC_0.1.0.tar.gz,CRAN PACKAGES.gz,tar.gz
cran:RISCA@1.0.7,r,cran,RISCA,1.0.7,https://cran.r-project.org/src/contrib/RISCA_1.0.7.tar.gz,CRAN PACKAGES.gz,tar.gz
cran:RJDBC@0.2-10,r,cran,RJDBC,0.2-10,https://cran.r-project.org/src/contrib/RJDBC_0.2-10.tar.gz,CRAN PACKAGES.gz,tar.gz
cran:RJDemetra@0.2.8,r,cran,RJDemetra,0.2.8,https://cran.r-project.org/src/contrib/RJDemetra_0.2.8.tar.gz,CRAN PACKAGES.gz,tar.gz
cran:RKEA@0.0-6,r,cran,RKEA,0.0-6,https://cran.r-project.org/src/contrib/RKEA_0.0-6.tar.gz,CRAN PACKAGES.gz,tar.gz
cran:RKEELdata@1.0.5,r,cran,RKEELdata,1.0.5,https://cran.r-project.org/src/contrib/RKEELdata_1.0.5.tar.gz,CRAN PACKAGES.gz,tar.gz
cran:RMCDA@0.3.1,r,cran,RMCDA,0.3.1,https://cran.r-project.org/src/contrib/RMCDA_0.3.1.tar.gz,CRAN PACKAGES.gz,tar.gz
cran:RMSS@1.2.4,r,cran,RMSS,1.2.4,https://cran.r-project.org/src/contrib/RMSS_1.2.4.tar.gz,CRAN PACKAGES.gz,tar.gz
cran:RMT4DS@0.0.1,r,cran,RMT4DS,0.0.1,https://cran.r-project.org/src/contrib/RMT4DS_0.0.1.tar.gz,CRAN PACKAGES.gz,tar.gz
cran:RMThreshold@1.1,r,cran,RMThreshold,1.1,https://cran.r-project.org/src/contrib/RMThreshold_1.1.tar.gz,CRAN PACKAGES.gz,tar.gz
cran:RMeDPower2@1.0.2,r,cran,RMeDPower2,1.0.2,https://cran.r-project.org/src/contrib/RMeDPower2_1.0.2.tar.gz,CRAN PACKAGES.gz,tar.gz
cran:RNetCDF@2.11-2,r,cran,RNetCDF,2.11-2,https://cran.r-project.org/src/contrib/RNetCDF_2.11-2.tar.gz,CRAN PACKAGES.gz,tar.gz
cran:ROCFTP.MMS@1.0.1,r,cran,ROCFTP.MMS,1.0.1,https://cran.r-project.org/src/contrib/ROCFTP.MMS_1.0.1.tar.gz,CRAN PACKAGES.gz,tar.gz
cran:RODBC@1.3-26.2,r,cran,RODBC,1.3-26.2,https://cran.r-project.org/src/contrib/RODBC_1.3-26.2.tar.gz,CRAN PACKAGES.gz,tar.gz
cran:ROI@1.0-2,r,cran,ROI,1.0-2,https://cran.r-project.org/src/contrib/ROI_1.0-2.tar.gz,CRAN PACKAGES.gz,tar.gz
cran:ROI.plugin.nloptr@1.0-1,r,cran,ROI.plugin.nloptr,1.0-1,https://cran.r-project.org/src/contrib/ROI.plugin.nloptr_1.0-1.tar.gz,CRAN PACKAGES.gz,tar.gz
cran:ROI.plugin.osqp@1.0-2,r,cran,ROI.plugin.osqp,1.0-2,https://cran.r-project.org/src/contrib/ROI.plugin.osqp_1.0-2.tar.gz,CRAN PACKAGES.gz,tar.gz
cran:ROKET@1.0.0,r,cran,ROKET,1.0.0,https://cran.r-project.org/src/contrib/ROKET_1.0.0.tar.gz,CRAN PACKAGES.gz,tar.gz
cran:RRRR@1.1.1,r,cran,RRRR,1.1.1,https://cran.r-project.org/src/contrib/RRRR_1.1.1.tar.gz,CRAN PACKAGES.gz,tar.gz
cran:RRgeo@0.0.6,r,cran,RRgeo,0.0.6,https://cran.r-project.org/src/contrib/RRgeo_0.0.6.tar.gz,CRAN PACKAGES.gz,tar.gz
cran:RSADBE@1.0,r,cran,RSADBE,1.0,https://cran.r-project.org/src/contrib/RSADBE_1.0.tar.gz,CRAN PACKAGES.gz,tar.gz
cran:RSAtools@0.1.2,r,cran,RSAtools,0.1.2,https://cran.r-project.org/src/contrib/RSAtools_0.1.2.tar.gz,CRAN PACKAGES.gz,tar.gz
cran:RSQL@0.2.2,r,cran,RSQL,0.2.2,https://cran.r-project.org/src/contrib/RSQL_0.2.2.tar.gz,CRAN PACKAGES.gz,tar.gz
cran:RSQLite.toolkit@0.1.3,r,cran,RSQLite.toolkit,0.1.3,https://cran.r-project.org/src/contrib/RSQLite.toolkit_0.1.3.tar.gz,CRAN PACKAGES.gz,tar.gz
cran:RSmartlyIO@0.1.3,r,cran,RSmartlyIO,0.1.3,https://cran.r-project.org/src/contrib/RSmartlyIO_0.1.3.tar.gz,CRAN PACKAGES.gz,tar.gz
cran:RStanTVA@0.3.2,r,cran,RStanTVA,0.3.2,https://cran.r-project.org/src/contrib/RStanTVA_0.3.2.tar.gz,CRAN PACKAGES.gz,tar.gz
cran:RVCompare@0.1.8,r,cran,RVCompare,0.1.8,https://cran.r-project.org/src/contrib/RVCompare_0.1.8.tar.gz,CRAN PACKAGES.gz,tar.gz
cran:RVerbalExpressions@0.1.1,r,cran,RVerbalExpressions,0.1.1,https://cran.r-project.org/src/contrib/RVerbalExpressions_0.1.1.tar.gz,CRAN PACKAGES.gz,tar.gz
cran:RWeka@0.4-50,r,cran,RWeka,0.4-50,https://cran.r-project.org/src/contrib/RWeka_0.4-50.tar.gz,CRAN PACKAGES.gz,tar.gz
cran:RWgraph@1.0.0,r,cran,RWgraph,1.0.0,https://cran.r-project.org/src/contrib/RWgraph_1.0.0.tar.gz,CRAN PACKAGES.gz,tar.gz
cran:RXKCD@2.0.1,r,cran,RXKCD,2.0.1,https://cran.r-project.org/src/contrib/RXKCD_2.0.1.tar.gz,CRAN PACKAGES.gz,tar.gz
cran:RYandexTranslate@1.0,r,cran,RYandexTranslate,1.0,https://cran.r-project.org/src/contrib/RYandexTranslate_1.0.tar.gz,CRAN PACKAGES.gz,tar.gz
cran:RaJIVE@1.0,r,cran,RaJIVE,1.0,https://cran.r-project.org/src/contrib/RaJIVE_1.0.tar.gz,CRAN PACKAGES.gz,tar.gz
cran:RadEro@1.0.8,r,cran,RadEro,1.0.8,https://cran.r-project.org/src/contrib/RadEro_1.0.8.tar.gz,CRAN PACKAGES.gz,tar.gz
cran:Rage@1.9.0,r,cran,Rage,1.9.0,https://cran.r-project.org/src/contrib/Rage_1.9.0.tar.gz,CRAN PACKAGES.gz,tar.gz
cran:RandVar@1.2.5,r,cran,RandVar,1.2.5,https://cran.r-project.org/src/contrib/RandVar_1.2.5.tar.gz,CRAN PACKAGES.gz,tar.gz
cran:RandomForestsGLS@0.1.5,r,cran,RandomForestsGLS,0.1.5,https://cran.r-project.org/src/contrib/RandomForestsGLS_0.1.5.tar.gz,CRAN PACKAGES.gz,tar.gz
cran:RankAggreg@0.6.6,r,cran,RankAggreg,0.6.6,https://cran.r-project.org/src/contrib/RankAggreg_0.6.6.tar.gz,CRAN PACKAGES.gz,tar.gz
cran:Rapi@1.0.6,r,cran,Rapi,1.0.6,https://cran.r-project.org/src/contrib/Rapi_1.0.6.tar.gz,CRAN PACKAGES.gz,tar.gz
cran:Rarity@1.3-8,r,cran,Rarity,1.3-8,https://cran.r-project.org/src/contrib/Rarity_1.3-8.tar.gz,CRAN PACKAGES.gz,tar.gz
cran:RaschSampler@0.8-10,r,cran,RaschSampler,0.8-10,https://cran.r-project.org/src/contrib/RaschSampler_0.8-10.tar.gz,CRAN PACKAGES.gz,tar.gz
cran:Rblpapi@0.3.16,r,cran,Rblpapi,0.3.16,https://cran.r-project.org/src/contrib/Rblpapi_0.3.16.tar.gz,CRAN PACKAGES.gz,tar.gz
cran:Rborist@0.3-11,r,cran,Rborist,0.3-11,https://cran.r-project.org/src/contrib/Rborist_0.3-11.tar.gz,CRAN PACKAGES.gz,tar.gz
cran:Rchoice@0.3-6,r,cran,Rchoice,0.3-6,https://cran.r-project.org/src/contrib/Rchoice_0.3-6.tar.gz,CRAN PACKAGES.gz,tar.gz
cran:RcmdrPlugin.PcaRobust@1.1.4,r,cran,RcmdrPlugin.PcaRobust,1.1.4,https://cran.r-project.org/src/contrib/RcmdrPlugin.PcaRobust_1.1.4.tar.gz,CRAN PACKAGES.gz,tar.gz
cran:RcmdrPlugin.WorldFlora@1.3,r,cran,RcmdrPlugin.WorldFlora,1.3,https://cran.r-project.org/src/contrib/RcmdrPlugin.WorldFlora_1.3.tar.gz,CRAN PACKAGES.gz,tar.gz
cran:RcmdrPlugin.orloca@4.8.2,r,cran,RcmdrPlugin.orloca,4.8.2,https://cran.r-project.org/src/contrib/RcmdrPlugin.orloca_4.8.2.tar.gz,CRAN PACKAGES.gz,tar.gz
cran:Rcope@1.0.0,r,cran,Rcope,1.0.0,https://cran.r-project.org/src/contrib/Rcope_1.0.0.tar.gz,CRAN PACKAGES.gz,tar.gz
cran:RcppCGAL@6.1,r,cran,RcppCGAL,6.1,https://cran.r-project.org/src/contrib/RcppCGAL_6.1.tar.gz,CRAN PACKAGES.gz,tar.gz
cran:RcppDPR@0.1.10,r,cran,RcppDPR,0.1.10,https://cran.r-project.org/src/contrib/RcppDPR_0.1.10.tar.gz,CRAN PACKAGES.gz,tar.gz
cran:RcppDynProg@0.2.1,r,cran,RcppDynProg,0.2.1,https://cran.r-project.org/src/contrib/RcppDynProg_0.2.1.tar.gz,CRAN PACKAGES.gz,tar.gz
cran:RcppEnsmallen@0.3.11.0.1,r,cran,RcppEnsmallen,0.3.11.0.1,https://cran.r-project.org/src/contrib/RcppEnsmallen_0.3.11.0.1.tar.gz,CRAN PACKAGES.gz,tar.gz
cran:RcppGSL@0.3.14,r,cran,RcppGSL,0.3.14,https://cran.r-project.org/src/contrib/RcppGSL_0.3.14.tar.gz,CRAN PACKAGES.gz,tar.gz
cran:RcppGetconf@0.0.4,r,cran,RcppGetconf,0.0.4,https://cran.r-project.org/src/contrib/RcppGetconf_0.0.4.tar.gz,CRAN PACKAGES.gz,tar.gz
cran:RcppParallel@6.2.1,r,cran,RcppParallel,6.2.1,https://cran.r-project.org/src/contrib/RcppParallel_6.2.1.tar.gz,CRAN PACKAGES.gz,tar.gz
cran:RcppXsimd@7.1.6-2,r,cran,RcppXsimd,7.1.6-2,https://cran.r-project.org/src/contrib/RcppXsimd_7.1.6-2.tar.gz,CRAN PACKAGES.gz,tar.gz
cran:Rdistance@4.4.3,r,cran,Rdistance,4.4.3,https://cran.r-project.org/src/contrib/Rdistance_4.4.3.tar.gz,CRAN PACKAGES.gz,tar.gz
cran:Rdpack@2.6.6,r,cran,Rdpack,2.6.6,https://cran.r-project.org/src/contrib/Rdpack_2.6.6.tar.gz,CRAN PACKAGES.gz,tar.gz
cran:Rdune@1.1.1,r,cran,Rdune,1.1.1,https://cran.r-project.org/src/contrib/Rdune_1.1.1.tar.gz,CRAN PACKAGES.gz,tar.gz
cran:ReacTran@1.4.3.2,r,cran,ReacTran,1.4.3.2,https://cran.r-project.org/src/contrib/ReacTran_1.4.3.2.tar.gz,CRAN PACKAGES.gz,tar.gz
cran:ReliaPlotR@0.7,r,cran,ReliaPlotR,0.7,https://cran.r-project.org/src/contrib/ReliaPlotR_0.7.tar.gz,CRAN PACKAGES.gz,tar.gz
cran:ReliabilityTheory@0.3.1,r,cran,ReliabilityTheory,0.3.1,https://cran.r-project.org/src/contrib/ReliabilityTheory_0.3.1.tar.gz,CRAN PACKAGES.gz,tar.gz
cran:ResPBIBD@0.1.0,r,cran,ResPBIBD,0.1.0,https://cran.r-project.org/src/contrib/ResPBIBD_0.1.0.tar.gz,CRAN PACKAGES.gz,tar.gz
cran:ResistorArray@1.0-33,r,cran,ResistorArray,1.0-33,https://cran.r-project.org/src/contrib/ResistorArray_1.0-33.tar.gz,CRAN PACKAGES.gz,tar.gz
cran:Rhobots@0.1.10,r,cran,Rhobots,0.1.10,https://cran.r-project.org/src/contrib/Rhobots_0.1.10.tar.gz,CRAN PACKAGES.gz,tar.gz
cran:Riex@1.0.2,r,cran,Riex,1.0.2,https://cran.r-project.org/src/contrib/Riex_1.0.2.tar.gz,CRAN PACKAGES.gz,tar.gz
cran:RiskScorescvd@0.3.1,r,cran,RiskScorescvd,0.3.1,https://cran.r-project.org/src/contrib/RiskScorescvd_0.3.1.tar.gz,CRAN PACKAGES.gz,tar.gz
cran:Rita@1.2.0,r,cran,Rita,1.2.0,https://cran.r-project.org/src/contrib/Rita_1.2.0.tar.gz,CRAN PACKAGES.gz,tar.gz
cran:Rlibeemd@1.4.4,r,cran,Rlibeemd,1.4.4,https://cran.r-project.org/src/contrib/Rlibeemd_1.4.4.tar.gz,CRAN PACKAGES.gz,tar.gz
cran:Rmisc@1.5.1,r,cran,Rmisc,1.5.1,https://cran.r-project.org/src/contrib/Rmisc_1.5.1.tar.gz,CRAN PACKAGES.gz,tar.gz
cran:Rnanoflann@0.0.3,r,cran,Rnanoflann,0.0.3,https://cran.r-project.org/src/contrib/Rnanoflann_0.0.3.tar.gz,CRAN PACKAGES.gz,tar.gz
cran:Rnumerai@3.0.1,r,cran,Rnumerai,3.0.1,https://cran.r-project.org/src/contrib/Rnumerai_3.0.1.tar.gz,CRAN PACKAGES.gz,tar.gz
cran:RobinCar@1.2.0,r,cran,RobinCar,1.2.0,https://cran.r-project.org/src/contrib/RobinCar_1.2.0.tar.gz,CRAN PACKAGES.gz,tar.gz
cran:RobustGaSP@0.6.8,r,cran,RobustGaSP,0.6.8,https://cran.r-project.org/src/contrib/RobustGaSP_0.6.8.tar.gz,CRAN PACKAGES.gz,tar.gz
cran:Robyn@3.12.1,r,cran,Robyn,3.12.1,https://cran.r-project.org/src/contrib/Robyn_3.12.1.tar.gz,CRAN PACKAGES.gz,tar.gz
cran:Rramas@0.1-8,r,cran,Rramas,0.1-8,https://cran.r-project.org/src/contrib/Rramas_0.1-8.tar.gz,CRAN PACKAGES.gz,tar.gz
cran:Rraven@1.0.16,r,cran,Rraven,1.0.16,https://cran.r-project.org/src/contrib/Rraven_1.0.16.tar.gz,CRAN PACKAGES.gz,tar.gz
cran:Rspotify@0.1.2,r,cran,Rspotify,0.1.2,https://cran.r-project.org/src/contrib/Rspotify_0.1.2.tar.gz,CRAN PACKAGES.gz,tar.gz
cran:Rssa@1.1,r,cran,Rssa,1.1,https://cran.r-project.org/src/contrib/Rssa_1.1.tar.gz,CRAN PACKAGES.gz,tar.gz
cran:Rsymphony@0.1-33,r,cran,Rsymphony,0.1-33,https://cran.r-project.org/src/contrib/Rsymphony_0.1-33.tar.gz,CRAN PACKAGES.gz,tar.gz
cran:Rtinycc@0.1.15,r,cran,Rtinycc,0.1.15,https://cran.r-project.org/src/contrib/Rtinycc_0.1.15.tar.gz,CRAN PACKAGES.gz,tar.gz
cran:Rtwobitlib@0.3.10,r,cran,Rtwobitlib,0.3.10,https://cran.r-project.org/src/contrib/Rtwobitlib_0.3.10.tar.gz,CRAN PACKAGES.gz,tar.gz
cran:Rvcg@0.25,r,cran,Rvcg,0.25,https://cran.r-project.org/src/contrib/Rvcg_0.25.tar.gz,CRAN PACKAGES.gz,tar.gz
cran:Rvoterdistance@2.0.0,r,cran,Rvoterdistance,2.0.0,https://cran.r-project.org/src/contrib/Rvoterdistance_2.0.0.tar.gz,CRAN PACKAGES.gz,tar.gz
cran:Rwofost@0.8-7,r,cran,Rwofost,0.8-7,https://cran.r-project.org/src/contrib/Rwofost_0.8-7.tar.gz,CRAN PACKAGES.gz,tar.gz
cran:Ryacas@1.1.6,r,cran,Ryacas,1.1.6,https://cran.r-project.org/src/contrib/Ryacas_1.1.6.tar.gz,CRAN PACKAGES.gz,tar.gz
cran:SARP.compo@0.1.8,r,cran,SARP.compo,0.1.8,https://cran.r-project.org/src/contrib/SARP.compo_0.1.8.tar.gz,CRAN PACKAGES.gz,tar.gz
cran:SAScii@1.0.2,r,cran,SAScii,1.0.2,https://cran.r-project.org/src/contrib/SAScii_1.0.2.tar.gz,CRAN PACKAGES.gz,tar.gz
cran:SCEPtERbinary@0.1-1,r,cran,SCEPtERbinary,0.1-1,https://cran.r-project.org/src/contrib/SCEPtERbinary_0.1-1.tar.gz,CRAN PACKAGES.gz,tar.gz
cran:SCOPRO@0.1.0,r,cran,SCOPRO,0.1.0,https://cran.r-project.org/src/contrib/SCOPRO_0.1.0.tar.gz,CRAN PACKAGES.gz,tar.gz
cran:SCORNET@0.1.1,r,cran,SCORNET,0.1.1,https://cran.r-project.org/src/contrib/SCORNET_0.1.1.tar.gz,CRAN PACKAGES.gz,tar.gz
cran:SDAR@0.9-55,r,cran,SDAR,0.9-55,https://cran.r-project.org/src/contrib/SDAR_0.9-55.tar.gz,CRAN PACKAGES.gz,tar.gz
cran:SDI@0.1.0,r,cran,SDI,0.1.0,https://cran.r-project.org/src/contrib/SDI_0.1.0.tar.gz,CRAN PACKAGES.gz,tar.gz
cran:SDPDmod@0.0.7,r,cran,SDPDmod,0.0.7,https://cran.r-project.org/src/contrib/SDPDmod_0.0.7.tar.gz,CRAN PACKAGES.gz,tar.gz
cran:SEIRfansy@1.1.1,r,cran,SEIRfansy,1.1.1,https://cran.r-project.org/src/contrib/SEIRfansy_1.1.1.tar.gz,CRAN PACKAGES.gz,tar.gz
cran:SHIP@2.0.3,r,cran,SHIP,2.0.3,https://cran.r-project.org/src/contrib/SHIP_2.0.3.tar.gz,CRAN PACKAGES.gz,tar.gz
cran:SIAmodules@0.1.3,r,cran,SIAmodules,0.1.3,https://cran.r-project.org/src/contrib/SIAmodules_0.1.3.tar.gz,CRAN PACKAGES.gz,tar.gz
cran:SILGGM@1.0.0,r,cran,SILGGM,1.0.0,https://cran.r-project.org/src/contrib/SILGGM_1.0.0.tar.gz,CRAN PACKAGES.gz,tar.gz
cran:SK4FGA@0.1.1,r,cran,SK4FGA,0.1.1,https://cran.r-project.org/src/contrib/SK4FGA_0.1.1.tar.gz,CRAN PACKAGES.gz,tar.gz
cran:SLIC@0.3,r,cran,SLIC,0.3,https://cran.r-project.org/src/contrib/SLIC_0.3.tar.gz,CRAN PACKAGES.gz,tar.gz
cran:SMARTp@0.1.1,r,cran,SMARTp,0.1.1,https://cran.r-project.org/src/contrib/SMARTp_0.1.1.tar.gz,CRAN PACKAGES.gz,tar.gz
cran:SMASH@1.0.0,r,cran,SMASH,1.0.0,https://cran.r-project.org/src/contrib/SMASH_1.0.0.tar.gz,CRAN PACKAGES.gz,tar.gz
cran:SNPassoc@2.3.1,r,cran,SNPassoc,2.3.1,https://cran.r-project.org/src/contrib/SNPassoc_2.3.1.tar.gz,CRAN PACKAGES.gz,tar.gz
cran:SOMbrero@1.5.0,r,cran,SOMbrero,1.5.0,https://cran.r-project.org/src/contrib/SOMbrero_1.5.0.tar.gz,CRAN PACKAGES.gz,tar.gz
cran:SPARRAfairness@0.1.0.0,r,cran,SPARRAfairness,0.1.0.0,https://cran.r-project.org/src/contrib/SPARRAfairness_0.1.0.0.tar.gz,CRAN PACKAGES.gz,tar.gz
cran:SPECIES@1.2.0,r,cran,SPECIES,1.2.0,https://cran.r-project.org/src/contrib/SPECIES_1.2.0.tar.gz,CRAN PACKAGES.gz,tar.gz
cran:SPYvsSPY@0.1.1,r,cran,SPYvsSPY,0.1.1,https://cran.r-project.org/src/contrib/SPYvsSPY_0.1.1.tar.gz,CRAN PACKAGES.gz,tar.gz
cran:SRTtools@1.2.0,r,cran,SRTtools,1.2.0,https://cran.r-project.org/src/contrib/SRTtools_1.2.0.tar.gz,CRAN PACKAGES.gz,tar.gz
cran:SSRA@0.1-1,r,cran,SSRA,0.1-1,https://cran.r-project.org/src/contrib/SSRA_0.1-1.tar.gz,CRAN PACKAGES.gz,tar.gz
cran:STARTdesign@1.0,r,cran,STARTdesign,1.0,https://cran.r-project.org/src/contrib/STARTdesign_1.0.tar.gz,CRAN PACKAGES.gz,tar.gz
cran:STMr@0.1.7,r,cran,STMr,0.1.7,https://cran.r-project.org/src/contrib/STMr_0.1.7.tar.gz,CRAN PACKAGES.gz,tar.gz
cran:SVMMaj@0.2.9.4,r,cran,SVMMaj,0.2.9.4,https://cran.r-project.org/src/contrib/SVMMaj_0.2.9.4.tar.gz,CRAN PACKAGES.gz,tar.gz
cran:SchoolDataIT@0.2.13,r,cran,SchoolDataIT,0.2.13,https://cran.r-project.org/src/contrib/SchoolDataIT_0.2.13.tar.gz,CRAN PACKAGES.gz,tar.gz
cran:SearchTrees@0.5.5,r,cran,SearchTrees,0.5.5,https://cran.r-project.org/src/contrib/SearchTrees_0.5.5.tar.gz,CRAN PACKAGES.gz,tar.gz
cran:SelectBoost.FDA@0.5.0,r,cran,SelectBoost.FDA,0.5.0,https://cran.r-project.org/src/contrib/SelectBoost.FDA_0.5.0.tar.gz,CRAN PACKAGES.gz,tar.gz
cran:SelectSim@0.1.6,r,cran,SelectSim,0.1.6,https://cran.r-project.org/src/contrib/SelectSim_0.1.6.tar.gz,CRAN PACKAGES.gz,tar.gz
cran:SelfControlledCohort@2.0.0,r,cran,SelfControlledCohort,2.0.0,https://cran.r-project.org/src/contrib/SelfControlledCohort_2.0.0.tar.gz,CRAN PACKAGES.gz,tar.gz
cran:SensIAT@0.3.0,r,cran,SensIAT,0.3.0,https://cran.r-project.org/src/contrib/SensIAT_0.3.0.tar.gz,CRAN PACKAGES.gz,tar.gz
cran:Sequential@4.6.1,r,cran,Sequential,4.6.1,https://cran.r-project.org/src/contrib/Sequential_4.6.1.tar.gz,CRAN PACKAGES.gz,tar.gz
cran:Seurat@5.5.1,r,cran,Seurat,5.5.1,https://cran.r-project.org/src/contrib/Seurat_5.5.1.tar.gz,CRAN PACKAGES.gz,tar.gz
cran:ShapeChange@1.5,r,cran,ShapeChange,1.5,https://cran.r-project.org/src/contrib/ShapeChange_1.5.tar.gz,CRAN PACKAGES.gz,tar.gz
cran:ShapeSelectForest@1.7,r,cran,ShapeSelectForest,1.7,https://cran.r-project.org/src/contrib/ShapeSelectForest_1.7.tar.gz,CRAN PACKAGES.gz,tar.gz
cran:ShapleyOutlier@0.1.2,r,cran,ShapleyOutlier,0.1.2,https://cran.r-project.org/src/contrib/ShapleyOutlier_0.1.2.tar.gz,CRAN PACKAGES.gz,tar.gz
cran:ShrinkCovMat@2.1.0,r,cran,ShrinkCovMat,2.1.0,https://cran.r-project.org/src/contrib/ShrinkCovMat_2.1.0.tar.gz,CRAN PACKAGES.gz,tar.gz
cran:SimComp@3.6,r,cran,SimComp,3.6,https://cran.r-project.org/src/contrib/SimComp_3.6.tar.gz,CRAN PACKAGES.gz,tar.gz
cran:SimCorMultRes@1.9.0,r,cran,SimCorMultRes,1.9.0,https://cran.r-project.org/src/contrib/SimCorMultRes_1.9.0.tar.gz,CRAN PACKAGES.gz,tar.gz
cran:SlidingWindows@0.2.0,r,cran,SlidingWindows,0.2.0,https://cran.r-project.org/src/contrib/SlidingWindows_0.2.0.tar.gz,CRAN PACKAGES.gz,tar.gz
cran:SmithWilsonYieldCurve@1.1.1,r,cran,SmithWilsonYieldCurve,1.1.1,https://cran.r-project.org/src/contrib/SmithWilsonYieldCurve_1.1.1.tar.gz,CRAN PACKAGES.gz,tar.gz
cran:SmoothWin@3.0.1,r,cran,SmoothWin,3.0.1,https://cran.r-project.org/src/contrib/SmoothWin_3.0.1.tar.gz,CRAN PACKAGES.gz,tar.gz
cran:SocialFacts@1.3.0,r,cran,SocialFacts,1.3.0,https://cran.r-project.org/src/contrib/SocialFacts_1.3.0.tar.gz,CRAN PACKAGES.gz,tar.gz
cran:SoftClustering@2.1.3,r,cran,SoftClustering,2.1.3,https://cran.r-project.org/src/contrib/SoftClustering_2.1.3.tar.gz,CRAN PACKAGES.gz,tar.gz
cran:SoyURT@1.0.0,r,cran,SoyURT,1.0.0,https://cran.r-project.org/src/contrib/SoyURT_1.0.0.tar.gz,CRAN PACKAGES.gz,tar.gz
cran:SpNMF@0.1.1,r,cran,SpNMF,0.1.1,https://cran.r-project.org/src/contrib/SpNMF_0.1.1.tar.gz,CRAN PACKAGES.gz,tar.gz
cran:SpPOP@0.1.0,r,cran,SpPOP,0.1.0,https://cran.r-project.org/src/contrib/SpPOP_0.1.0.tar.gz,CRAN PACKAGES.gz,tar.gz
cran:SpatPCA@1.3.8,r,cran,SpatPCA,1.3.8,https://cran.r-project.org/src/contrib/SpatPCA_1.3.8.tar.gz,CRAN PACKAGES.gz,tar.gz
cran:SpatialBSS@0.16-0,r,cran,SpatialBSS,0.16-0,https://cran.r-project.org/src/contrib/SpatialBSS_0.16-0.tar.gz,CRAN PACKAGES.gz,tar.gz
cran:SpatialEpi@1.2.8,r,cran,SpatialEpi,1.2.8,https://cran.r-project.org/src/contrib/SpatialEpi_1.2.8.tar.gz,CRAN PACKAGES.gz,tar.gz
cran:SpatialGEV@1.0.1,r,cran,SpatialGEV,1.0.1,https://cran.r-project.org/src/contrib/SpatialGEV_1.0.1.tar.gz,CRAN PACKAGES.gz,tar.gz
cran:Spbsampling@1.3.5,r,cran,Spbsampling,1.3.5,https://cran.r-project.org/src/contrib/Spbsampling_1.3.5.tar.gz,CRAN PACKAGES.gz,tar.gz
cran:SqlRender@1.19.6,r,cran,SqlRender,1.19.6,https://cran.r-project.org/src/contrib/SqlRender_1.19.6.tar.gz,CRAN PACKAGES.gz,tar.gz
cran:Ssarkartrim@1.0.0,r,cran,Ssarkartrim,1.0.0,https://cran.r-project.org/src/contrib/Ssarkartrim_1.0.0.tar.gz,CRAN PACKAGES.gz,tar.gz
cran:StatRec@1.0.0,r,cran,StatRec,1.0.0,https://cran.r-project.org/src/contrib/StatRec_1.0.0.tar.gz,CRAN PACKAGES.gz,tar.gz
cran:StealLikeBayes@2.0,r,cran,StealLikeBayes,2.0,https://cran.r-project.org/src/contrib/StealLikeBayes_2.0.tar.gz,CRAN PACKAGES.gz,tar.gz
cran:SteinIV@0.1-1,r,cran,SteinIV,0.1-1,https://cran.r-project.org/src/contrib/SteinIV_0.1-1.tar.gz,CRAN PACKAGES.gz,tar.gz
cran:StemAnalysis@0.1.0,r,cran,StemAnalysis,0.1.0,https://cran.r-project.org/src/contrib/StemAnalysis_0.1.0.tar.gz,CRAN PACKAGES.gz,tar.gz
cran:StempCens@1.2.0,r,cran,StempCens,1.2.0,https://cran.r-project.org/src/contrib/StempCens_1.2.0.tar.gz,CRAN PACKAGES.gz,tar.gz
cran:StepGWR@0.1.0,r,cran,StepGWR,0.1.0,https://cran.r-project.org/src/contrib/StepGWR_0.1.0.tar.gz,CRAN PACKAGES.gz,tar.gz
cran:StochFracPoisson@0.1.0,r,cran,StochFracPoisson,0.1.0,https://cran.r-project.org/src/contrib/StochFracPoisson_0.1.0.tar.gz,CRAN PACKAGES.gz,tar.gz
cran:StrathE2E2@3.3.0,r,cran,StrathE2E2,3.3.0,https://cran.r-project.org/src/contrib/StrathE2E2_3.3.0.tar.gz,CRAN PACKAGES.gz,tar.gz
cran:StructuralDecompose@0.1.1,r,cran,StructuralDecompose,0.1.1,https://cran.r-project.org/src/contrib/StructuralDecompose_0.1.1.tar.gz,CRAN PACKAGES.gz,tar.gz
cran:Stype.est@0.2.0,r,cran,Stype.est,0.2.0,https://cran.r-project.org/src/contrib/Stype.est_0.2.0.tar.gz,CRAN PACKAGES.gz,tar.gz
cran:SurrogateParadoxTest@2.2,r,cran,SurrogateParadoxTest,2.2,https://cran.r-project.org/src/contrib/SurrogateParadoxTest_2.2.tar.gz,CRAN PACKAGES.gz,tar.gz
cran:SurrogateRegression@0.6.0.1,r,cran,SurrogateRegression,0.6.0.1,https://cran.r-project.org/src/contrib/SurrogateRegression_0.6.0.1.tar.gz,CRAN PACKAGES.gz,tar.gz
cran:SurvSPro@0.1.0,r,cran,SurvSPro,0.1.0,https://cran.r-project.org/src/contrib/SurvSPro_0.1.0.tar.gz,CRAN PACKAGES.gz,tar.gz
cran:SurvivalTests@1.0,r,cran,SurvivalTests,1.0,https://cran.r-project.org/src/contrib/SurvivalTests_1.0.tar.gz,CRAN PACKAGES.gz,tar.gz
cran:SwPcIndex@0.1.0,r,cran,SwPcIndex,0.1.0,https://cran.r-project.org/src/contrib/SwPcIndex_0.1.0.tar.gz,CRAN PACKAGES.gz,tar.gz
cran:SymTS@1.0-2,r,cran,SymTS,1.0-2,https://cran.r-project.org/src/contrib/SymTS_1.0-2.tar.gz,CRAN PACKAGES.gz,tar.gz
cran:SynDI@0.1.0,r,cran,SynDI,0.1.0,https://cran.r-project.org/src/contrib/SynDI_0.1.0.tar.gz,CRAN PACKAGES.gz,tar.gz
cran:T2EQ@1.1,r,cran,T2EQ,1.1,https://cran.r-project.org/src/contrib/T2EQ_1.1.tar.gz,CRAN PACKAGES.gz,tar.gz
cran:TANDEM@1.0.3,r,cran,TANDEM,1.0.3,https://cran.r-project.org/src/contrib/TANDEM_1.0.3.tar.gz,CRAN PACKAGES.gz,tar.gz
cran:TCGAretriever@1.10.3,r,cran,TCGAretriever,1.10.3,https://cran.r-project.org/src/contrib/TCGAretriever_1.10.3.tar.gz,CRAN PACKAGES.gz,tar.gz
cran:TCIU@1.2.8,r,cran,TCIU,1.2.8,https://cran.r-project.org/src/contrib/TCIU_1.2.8.tar.gz,CRAN PACKAGES.gz,tar.gz
cran:TDApplied@3.0.4,r,cran,TDApplied,3.0.4,https://cran.r-project.org/src/contrib/TDApplied_3.0.4.tar.gz,CRAN PACKAGES.gz,tar.gz
cran:TDAstats@0.4.2,r,cran,TDAstats,0.4.2,https://cran.r-project.org/src/contrib/TDAstats_0.4.2.tar.gz,CRAN PACKAGES.gz,tar.gz
cran:TDSTNN@0.1.0,r,cran,TDSTNN,0.1.0,https://cran.r-project.org/src/contrib/TDSTNN_0.1.0.tar.gz,CRAN PACKAGES.gz,tar.gz
cran:TFORGE@0.1.17,r,cran,TFORGE,0.1.17,https://cran.r-project.org/src/contrib/TFORGE_0.1.17.tar.gz,CRAN PACKAGES.gz,tar.gz
cran:TFRE@0.1.0,r,cran,TFRE,0.1.0,https://cran.r-project.org/src/contrib/TFRE_0.1.0.tar.gz,CRAN PACKAGES.gz,tar.gz
cran:TICM@1.0-0,r,cran,TICM,1.0-0,https://cran.r-project.org/src/contrib/TICM_1.0-0.tar.gz,CRAN PACKAGES.gz,tar.gz
cran:TLCAR@0.1.1,r,cran,TLCAR,0.1.1,https://cran.r-project.org/src/contrib/TLCAR_0.1.1.tar.gz,CRAN PACKAGES.gz,tar.gz
cran:TMB@1.9.25,r,cran,TMB,1.9.25,https://cran.r-project.org/src/contrib/TMB_1.9.25.tar.gz,CRAN PACKAGES.gz,tar.gz
cran:TPEA@3.1.0,r,cran,TPEA,3.1.0,https://cran.r-project.org/src/contrib/TPEA_3.1.0.tar.gz,CRAN PACKAGES.gz,tar.gz
cran:TRES@1.1.5,r,cran,TRES,1.1.5,https://cran.r-project.org/src/contrib/TRES_1.1.5.tar.gz,CRAN PACKAGES.gz,tar.gz
cran:TSCI@3.0.5,r,cran,TSCI,3.0.5,https://cran.r-project.org/src/contrib/TSCI_3.0.5.tar.gz,CRAN PACKAGES.gz,tar.gz
cran:TSVC@1.7.2,r,cran,TSVC,1.7.2,https://cran.r-project.org/src/contrib/TSVC_1.7.2.tar.gz,CRAN PACKAGES.gz,tar.gz
cran:TTR@0.24.4,r,cran,TTR,0.24.4,https://cran.r-project.org/src/contrib/TTR_0.24.4.tar.gz,CRAN PACKAGES.gz,tar.gz
cran:TUFLOWR@0.1.1,r,cran,TUFLOWR,0.1.1,https://cran.r-project.org/src/contrib/TUFLOWR_0.1.1.tar.gz,CRAN PACKAGES.gz,tar.gz
cran:TUWmodel@1.1-1,r,cran,TUWmodel,1.1-1,https://cran.r-project.org/src/contrib/TUWmodel_1.1-1.tar.gz,CRAN PACKAGES.gz,tar.gz
cran:Taba@1.0.0,r,cran,Taba,1.0.0,https://cran.r-project.org/src/contrib/Taba_1.0.0.tar.gz,CRAN PACKAGES.gz,tar.gz
cran:TailClassifier@0.1.2,r,cran,TailClassifier,0.1.2,https://cran.r-project.org/src/contrib/TailClassifier_0.1.2.tar.gz,CRAN PACKAGES.gz,tar.gz
cran:TapeS@0.14.1,r,cran,TapeS,0.14.1,https://cran.r-project.org/src/contrib/TapeS_0.14.1.tar.gz,CRAN PACKAGES.gz,tar.gz
cran:TaxaNorm@2.4,r,cran,TaxaNorm,2.4,https://cran.r-project.org/src/contrib/TaxaNorm_2.4.tar.gz,CRAN PACKAGES.gz,tar.gz
cran:ThSQCA@2.0.6,r,cran,ThSQCA,2.0.6,https://cran.r-project.org/src/contrib/ThSQCA_2.0.6.tar.gz,CRAN PACKAGES.gz,tar.gz
cran:TopSisWM@1.0.3,r,cran,TopSisWM,1.0.3,https://cran.r-project.org/src/contrib/TopSisWM_1.0.3.tar.gz,CRAN PACKAGES.gz,tar.gz
cran:TopicTestlet@0.1.0,r,cran,TopicTestlet,0.1.0,https://cran.r-project.org/src/contrib/TopicTestlet_0.1.0.tar.gz,CRAN PACKAGES.gz,tar.gz
cran:TraMineRextras@0.6.9,r,cran,TraMineRextras,0.6.9,https://cran.r-project.org/src/contrib/TraMineRextras_0.6.9.tar.gz,CRAN PACKAGES.gz,tar.gz
cran:TrackTrap@1.0.1,r,cran,TrackTrap,1.0.1,https://cran.r-project.org/src/contrib/TrackTrap_1.0.1.tar.gz,CRAN PACKAGES.gz,tar.gz
cran:Tratamentos.ad@0.2.4,r,cran,Tratamentos.ad,0.2.4,https://cran.r-project.org/src/contrib/Tratamentos.ad_0.2.4.tar.gz,CRAN PACKAGES.gz,tar.gz
cran:TreeSearch@1.7.0,r,cran,TreeSearch,1.7.0,https://cran.r-project.org/src/contrib/TreeSearch_1.7.0.tar.gz,CRAN PACKAGES.gz,tar.gz
cran:TripleR@1.5.5,r,cran,TripleR,1.5.5,https://cran.r-project.org/src/contrib/TripleR_1.5.5.tar.gz,CRAN PACKAGES.gz,tar.gz
cran:TrtCombo.FactorialExp.SR@4.0.4,r,cran,TrtCombo.FactorialExp.SR,4.0.4,https://cran.r-project.org/src/contrib/TrtCombo.FactorialExp.SR_4.0.4.tar.gz,CRAN PACKAGES.gz,tar.gz
cran:TurtleGraphics@1.0-8,r,cran,TurtleGraphics,1.0-8,https://cran.r-project.org/src/contrib/TurtleGraphics_1.0-8.tar.gz,CRAN PACKAGES.gz,tar.gz
cran:TwoTimeScales@1.2.1,r,cran,TwoTimeScales,1.2.1,https://cran.r-project.org/src/contrib/TwoTimeScales_1.2.1.tar.gz,CRAN PACKAGES.gz,tar.gz
cran:UCSCXenaTools@1.7.0,r,cran,UCSCXenaTools,1.7.0,https://cran.r-project.org/src/contrib/UCSCXenaTools_1.7.0.tar.gz,CRAN PACKAGES.gz,tar.gz
cran:USA.state.boundaries@1.0.1,r,cran,USA.state.boundaries,1.0.1,https://cran.r-project.org/src/contrib/USA.state.boundaries_1.0.1.tar.gz,CRAN PACKAGES.gz,tar.gz
cran:UpAndDownPlots@0.5.0,r,cran,UpAndDownPlots,0.5.0,https://cran.r-project.org/src/contrib/UpAndDownPlots_0.5.0.tar.gz,CRAN PACKAGES.gz,tar.gz
cran:V8@8.2.0,r,cran,V8,8.2.0,https://cran.r-project.org/src/contrib/V8_8.2.0.tar.gz,CRAN PACKAGES.gz,tar.gz
cran:VLMC@1.4-5,r,cran,VLMC,1.4-5,https://cran.r-project.org/src/contrib/VLMC_1.4-5.tar.gz,CRAN PACKAGES.gz,tar.gz
cran:VNDesign@0.1.0,r,cran,VNDesign,0.1.0,https://cran.r-project.org/src/contrib/VNDesign_0.1.0.tar.gz,CRAN PACKAGES.gz,tar.gz
cran:VecDep@0.1.3,r,cran,VecDep,0.1.3,https://cran.r-project.org/src/contrib/VecDep_0.1.3.tar.gz,CRAN PACKAGES.gz,tar.gz
cran:VedicDateTime@0.1.9,r,cran,VedicDateTime,0.1.9,https://cran.r-project.org/src/contrib/VedicDateTime_0.1.9.tar.gz,CRAN PACKAGES.gz,tar.gz
cran:VertexSimilarity@0.1,r,cran,VertexSimilarity,0.1,https://cran.r-project.org/src/contrib/VertexSimilarity_0.1.tar.gz,CRAN PACKAGES.gz,tar.gz
cran:ViSe@0.1.3,r,cran,ViSe,0.1.3,https://cran.r-project.org/src/contrib/ViSe_0.1.3.tar.gz,CRAN PACKAGES.gz,tar.gz
cran:WFC@2.0.1,r,cran,WFC,2.0.1,https://cran.r-project.org/src/contrib/WFC_2.0.1.tar.gz,CRAN PACKAGES.gz,tar.gz
cran:WH@2.0.0,r,cran,WH,2.0.0,https://cran.r-project.org/src/contrib/WH_2.0.0.tar.gz,CRAN PACKAGES.gz,tar.gz
cran:WOAkMedoids@0.2.2,r,cran,WOAkMedoids,0.2.2,https://cran.r-project.org/src/contrib/WOAkMedoids_0.2.2.tar.gz,CRAN PACKAGES.gz,tar.gz
cran:WRS2@1.1-7,r,cran,WRS2,1.1-7,https://cran.r-project.org/src/contrib/WRS2_1.1-7.tar.gz,CRAN PACKAGES.gz,tar.gz
cran:WaveletETS@0.1.0,r,cran,WaveletETS,0.1.0,https://cran.r-project.org/src/contrib/WaveletETS_0.1.0.tar.gz,CRAN PACKAGES.gz,tar.gz
cran:WaveletGARCH@0.1.1,r,cran,WaveletGARCH,0.1.1,https://cran.r-project.org/src/contrib/WaveletGARCH_0.1.1.tar.gz,CRAN PACKAGES.gz,tar.gz
cran:WebAnalytics@0.9.15,r,cran,WebAnalytics,0.9.15,https://cran.r-project.org/src/contrib/WebAnalytics_0.9.15.tar.gz,CRAN PACKAGES.gz,tar.gz
cran:WeightedPortTest@1.1,r,cran,WeightedPortTest,1.1,https://cran.r-project.org/src/contrib/WeightedPortTest_1.1.tar.gz,CRAN PACKAGES.gz,tar.gz
cran:WinsCRT@0.1.0,r,cran,WinsCRT,0.1.0,https://cran.r-project.org/src/contrib/WinsCRT_0.1.0.tar.gz,CRAN PACKAGES.gz,tar.gz
cran:WoodSimulatR@0.6.2,r,cran,WoodSimulatR,0.6.2,https://cran.r-project.org/src/contrib/WoodSimulatR_0.6.2.tar.gz,CRAN PACKAGES.gz,tar.gz
cran:XDNUTS@1.6.5,r,cran,XDNUTS,1.6.5,https://cran.r-project.org/src/contrib/XDNUTS_1.6.5.tar.gz,CRAN PACKAGES.gz,tar.gz
cran:XGeoRTR@0.7.0,r,cran,XGeoRTR,0.7.0,https://cran.r-project.org/src/contrib/XGeoRTR_0.7.0.tar.gz,CRAN PACKAGES.gz,tar.gz
cran:XML@3.99-0.24,r,cran,XML,3.99-0.24,https://cran.r-project.org/src/contrib/XML_3.99-0.24.tar.gz,CRAN PACKAGES.gz,tar.gz
cran:XML2R@0.0.9,r,cran,XML2R,0.0.9,https://cran.r-project.org/src/contrib/XML2R_0.0.9.tar.gz,CRAN PACKAGES.gz,tar.gz
cran:Z10@0.1.0,r,cran,Z10,0.1.0,https://cran.r-project.org/src/contrib/Z10_0.1.0.tar.gz,CRAN PACKAGES.gz,tar.gz
cran:ZIM@1.1.2,r,cran,ZIM,1.1.2,https://cran.r-project.org/src/contrib/ZIM_1.1.2.tar.gz,CRAN PACKAGES.gz,tar.gz
cran:ZIPBayes@1.0.2,r,cran,ZIPBayes,1.0.2,https://cran.r-project.org/src/contrib/ZIPBayes_1.0.2.tar.gz,CRAN PACKAGES.gz,tar.gz
cran:ZLAvian@0.2.0,r,cran,ZLAvian,0.2.0,https://cran.r-project.org/src/contrib/ZLAvian_0.2.0.tar.gz,CRAN PACKAGES.gz,tar.gz
cran:ZonationR@1.0.1,r,cran,ZonationR,1.0.1,https://cran.r-project.org/src/contrib/ZonationR_1.0.1.tar.gz,CRAN PACKAGES.gz,tar.gz
cran:abba@0.2.0,r,cran,abba,0.2.0,https://cran.r-project.org/src/contrib/abba_0.2.0.tar.gz,CRAN PACKAGES.gz,tar.gz
cran:abcpp@1.0.0,r,cran,abcpp,1.0.0,https://cran.r-project.org/src/contrib/abcpp_1.0.0.tar.gz,CRAN PACKAGES.gz,tar.gz
cran:aberrance@0.3.0,r,cran,aberrance,0.3.0,https://cran.r-project.org/src/contrib/aberrance_0.3.0.tar.gz,CRAN PACKAGES.gz,tar.gz
cran:abess@0.4.11,r,cran,abess,0.4.11,https://cran.r-project.org/src/contrib/abess_0.4.11.tar.gz,CRAN PACKAGES.gz,tar.gz
cran:abodOutlier@0.1,r,cran,abodOutlier,0.1,https://cran.r-project.org/src/contrib/abodOutlier_0.1.tar.gz,CRAN PACKAGES.gz,tar.gz
cran:abundant@1.2,r,cran,abundant,1.2,https://cran.r-project.org/src/contrib/abundant_1.2.tar.gz,CRAN PACKAGES.gz,tar.gz
cran:acfMPeriod@1.1.0,r,cran,acfMPeriod,1.1.0,https://cran.r-project.org/src/contrib/acfMPeriod_1.1.0.tar.gz,CRAN PACKAGES.gz,tar.gz
cran:acled.api@1.1.8,r,cran,acled.api,1.1.8,https://cran.r-project.org/src/contrib/acled.api_1.1.8.tar.gz,CRAN PACKAGES.gz,tar.gz
cran:acss@0.3-2,r,cran,acss,0.3-2,https://cran.r-project.org/src/contrib/acss_0.3-2.tar.gz,CRAN PACKAGES.gz,tar.gz
cran:actinet@0.4.0,r,cran,actinet,0.4.0,https://cran.r-project.org/src/contrib/actinet_0.4.0.tar.gz,CRAN PACKAGES.gz,tar.gz
cran:adace@1.0.2,r,cran,adace,1.0.2,https://cran.r-project.org/src/contrib/adace_1.0.2.tar.gz,CRAN PACKAGES.gz,tar.gz
cran:adaptr@1.5.0,r,cran,adaptr,1.5.0,https://cran.r-project.org/src/contrib/adaptr_1.5.0.tar.gz,CRAN PACKAGES.gz,tar.gz
cran:adelie@1.0.10,r,cran,adelie,1.0.10,https://cran.r-project.org/src/contrib/adelie_1.0.10.tar.gz,CRAN PACKAGES.gz,tar.gz
cran:adj@0.1.0,r,cran,adj,0.1.0,https://cran.r-project.org/src/contrib/adj_0.1.0.tar.gz,CRAN PACKAGES.gz,tar.gz
cran:adjoin@0.1.0,r,cran,adjoin,0.1.0,https://cran.r-project.org/src/contrib/adjoin_0.1.0.tar.gz,CRAN PACKAGES.gz,tar.gz
cran:admiralneuro@0.3.0,r,cran,admiralneuro,0.3.0,https://cran.r-project.org/src/contrib/admiralneuro_0.3.0.tar.gz,CRAN PACKAGES.gz,tar.gz
cran:admisc@0.41,r,cran,admisc,0.41,https://cran.r-project.org/src/contrib/admisc_0.41.tar.gz,CRAN PACKAGES.gz,tar.gz
cran:aedseo@1.1.0,r,cran,aedseo,1.1.0,https://cran.r-project.org/src/contrib/aedseo_1.1.0.tar.gz,CRAN PACKAGES.gz,tar.gz
cran:affiner@0.3.1,r,cran,affiner,0.3.1,https://cran.r-project.org/src/contrib/affiner_0.3.1.tar.gz,CRAN PACKAGES.gz,tar.gz
cran:afmpar@0.2.0,r,cran,afmpar,0.2.0,https://cran.r-project.org/src/contrib/afmpar_0.2.0.tar.gz,CRAN PACKAGES.gz,tar.gz
cran:agecrypt@0.1.0,r,cran,agecrypt,0.1.0,https://cran.r-project.org/src/contrib/agecrypt_0.1.0.tar.gz,CRAN PACKAGES.gz,tar.gz
cran:agricolae@1.3-7,r,cran,agricolae,1.3-7,https://cran.r-project.org/src/contrib/agricolae_1.3-7.tar.gz,CRAN PACKAGES.gz,tar.gz
cran:agricolaeplotr@1.0.0,r,cran,agricolaeplotr,1.0.0,https://cran.r-project.org/src/contrib/agricolaeplotr_1.0.0.tar.gz,CRAN PACKAGES.gz,tar.gz
cran:agriwater@1.0.2,r,cran,agriwater,1.0.2,https://cran.r-project.org/src/contrib/agriwater_1.0.2.tar.gz,CRAN PACKAGES.gz,tar.gz
cran:aimsir17@0.0.2,r,cran,aimsir17,0.0.2,https://cran.r-project.org/src/contrib/aimsir17_0.0.2.tar.gz,CRAN PACKAGES.gz,tar.gz
cran:air@0.2.3,r,cran,air,0.2.3,https://cran.r-project.org/src/contrib/air_0.2.3.tar.gz,CRAN PACKAGES.gz,tar.gz
cran:airGR@1.7.9,r,cran,airGR,1.7.9,https://cran.r-project.org/src/contrib/airGR_1.7.9.tar.gz,CRAN PACKAGES.gz,tar.gz
cran:aire.zmvm@1.0.2,r,cran,aire.zmvm,1.0.2,https://cran.r-project.org/src/contrib/aire.zmvm_1.0.2.tar.gz,CRAN PACKAGES.gz,tar.gz
cran:albatross@0.3-9,r,cran,albatross,0.3-9,https://cran.r-project.org/src/contrib/albatross_0.3-9.tar.gz,CRAN PACKAGES.gz,tar.gz
cran:alfr@1.2.1,r,cran,alfr,1.2.1,https://cran.r-project.org/src/contrib/alfr_1.2.1.tar.gz,CRAN PACKAGES.gz,tar.gz
cran:algorithmia@0.3.0,r,cran,algorithmia,0.3.0,https://cran.r-project.org/src/contrib/algorithmia_0.3.0.tar.gz,CRAN PACKAGES.gz,tar.gz
cran:allometry@0.2.0,r,cran,allometry,0.2.0,https://cran.r-project.org/src/contrib/allometry_0.2.0.tar.gz,CRAN PACKAGES.gz,tar.gz
cran:alone@0.7,r,cran,alone,0.7,https://cran.r-project.org/src/contrib/alone_0.7.tar.gz,CRAN PACKAGES.gz,tar.gz
cran:alsi@0.2.0,r,cran,alsi,0.2.0,https://cran.r-project.org/src/contrib/alsi_0.2.0.tar.gz,CRAN PACKAGES.gz,tar.gz
cran:altmeta@4.4,r,cran,altmeta,4.4,https://cran.r-project.org/src/contrib/altmeta_4.4.tar.gz,CRAN PACKAGES.gz,tar.gz
cran:amap@0.8-20,r,cran,amap,0.8-20,https://cran.r-project.org/src/contrib/amap_0.8-20.tar.gz,CRAN PACKAGES.gz,tar.gz
cran:amazons3R@0.1.0,r,cran,amazons3R,0.1.0,https://cran.r-project.org/src/contrib/amazons3R_0.1.0.tar.gz,CRAN PACKAGES.gz,tar.gz
cran:analogsea@1.0.7.2,r,cran,analogsea,1.0.7.2,https://cran.r-project.org/src/contrib/analogsea_1.0.7.2.tar.gz,CRAN PACKAGES.gz,tar.gz
cran:anovapowersim@1.1.0,r,cran,anovapowersim,1.1.0,https://cran.r-project.org/src/contrib/anovapowersim_1.1.0.tar.gz,CRAN PACKAGES.gz,tar.gz
cran:aod@1.3.3,r,cran,aod,1.3.3,https://cran.r-project.org/src/contrib/aod_1.3.3.tar.gz,CRAN PACKAGES.gz,tar.gz
cran:apa@0.3.5,r,cran,apa,0.3.5,https://cran.r-project.org/src/contrib/apa_0.3.5.tar.gz,CRAN PACKAGES.gz,tar.gz
cran:apa7@0.1.3,r,cran,apa7,0.1.3,https://cran.r-project.org/src/contrib/apa7_0.1.3.tar.gz,CRAN PACKAGES.gz,tar.gz
cran:apcf@0.3.3,r,cran,apcf,0.3.3,https://cran.r-project.org/src/contrib/apcf_0.3.3.tar.gz,CRAN PACKAGES.gz,tar.gz
cran:aplms@0.1.0,r,cran,aplms,0.1.0,https://cran.r-project.org/src/contrib/aplms_0.1.0.tar.gz,CRAN PACKAGES.gz,tar.gz
cran:approximator@1.2-8,r,cran,approximator,1.2-8,https://cran.r-project.org/src/contrib/approximator_1.2-8.tar.gz,CRAN PACKAGES.gz,tar.gz
cran:approxmatch@2.0,r,cran,approxmatch,2.0,https://cran.r-project.org/src/contrib/approxmatch_2.0.tar.gz,CRAN PACKAGES.gz,tar.gz
cran:arcpy@0.4-0,r,cran,arcpy,0.4-0,https://cran.r-project.org/src/contrib/arcpy_0.4-0.tar.gz,CRAN PACKAGES.gz,tar.gz
cran:argoFloats@1.0.9,r,cran,argoFloats,1.0.9,https://cran.r-project.org/src/contrib/argoFloats_1.0.9.tar.gz,CRAN PACKAGES.gz,tar.gz
cran:argparse@2.3.1,r,cran,argparse,2.3.1,https://cran.r-project.org/src/contrib/argparse_2.3.1.tar.gz,CRAN PACKAGES.gz,tar.gz
cran:arkhe@1.11.0,r,cran,arkhe,1.11.0,https://cran.r-project.org/src/contrib/arkhe_1.11.0.tar.gz,CRAN PACKAGES.gz,tar.gz
cran:aroma.affymetrix@3.2.3,r,cran,aroma.affymetrix,3.2.3,https://cran.r-project.org/src/contrib/aroma.affymetrix_3.2.3.tar.gz,CRAN PACKAGES.gz,tar.gz
cran:arrangements@1.1.10,r,cran,arrangements,1.1.10,https://cran.r-project.org/src/contrib/arrangements_1.1.10.tar.gz,CRAN PACKAGES.gz,tar.gz
cran:ascii@2.6,r,cran,ascii,2.6,https://cran.r-project.org/src/contrib/ascii_2.6.tar.gz,CRAN PACKAGES.gz,tar.gz
cran:aspace@4.1.2,r,cran,aspace,4.1.2,https://cran.r-project.org/src/contrib/aspace_4.1.2.tar.gz,CRAN PACKAGES.gz,tar.gz
cran:assertHE@1.0.1,r,cran,assertHE,1.0.1,https://cran.r-project.org/src/contrib/assertHE_1.0.1.tar.gz,CRAN PACKAGES.gz,tar.gz
cran:assertions@0.3.0,r,cran,assertions,0.3.0,https://cran.r-project.org/src/contrib/assertions_0.3.0.tar.gz,CRAN PACKAGES.gz,tar.gz
cran:assocInd@1.0.1,r,cran,assocInd,1.0.1,https://cran.r-project.org/src/contrib/assocInd_1.0.1.tar.gz,CRAN PACKAGES.gz,tar.gz
cran:astroFns@4.2-1,r,cran,astroFns,4.2-1,https://cran.r-project.org/src/contrib/astroFns_4.2-1.tar.gz,CRAN PACKAGES.gz,tar.gz
cran:asymptor@1.1.0,r,cran,asymptor,1.1.0,https://cran.r-project.org/src/contrib/asymptor_1.1.0.tar.gz,CRAN PACKAGES.gz,tar.gz
cran:atrrr@0.2.0,r,cran,atrrr,0.2.0,https://cran.r-project.org/src/contrib/atrrr_0.2.0.tar.gz,CRAN PACKAGES.gz,tar.gz
cran:attention@0.4.0,r,cran,attention,0.4.0,https://cran.r-project.org/src/contrib/attention_0.4.0.tar.gz,CRAN PACKAGES.gz,tar.gz
cran:audrex@3.0.0,r,cran,audrex,3.0.0,https://cran.r-project.org/src/contrib/audrex_3.0.0.tar.gz,CRAN PACKAGES.gz,tar.gz
cran:autoCovariateSelection@1.0.0,r,cran,autoCovariateSelection,1.0.0,https://cran.r-project.org/src/contrib/autoCovariateSelection_1.0.0.tar.gz,CRAN PACKAGES.gz,tar.gz
cran:autoFC@1.0.0.1100,r,cran,autoFC,1.0.0.1100,https://cran.r-project.org/src/contrib/autoFC_1.0.0.1100.tar.gz,CRAN PACKAGES.gz,tar.gz
cran:avstrat@0.1.1,r,cran,avstrat,0.1.1,https://cran.r-project.org/src/contrib/avstrat_0.1.1.tar.gz,CRAN PACKAGES.gz,tar.gz
cran:aws.ecx@1.0.6,r,cran,aws.ecx,1.0.6,https://cran.r-project.org/src/contrib/aws.ecx_1.0.6.tar.gz,CRAN PACKAGES.gz,tar.gz
cran:aws.kms@0.1.4,r,cran,aws.kms,0.1.4,https://cran.r-project.org/src/contrib/aws.kms_0.1.4.tar.gz,CRAN PACKAGES.gz,tar.gz
cran:babelmixr2@0.1.11,r,cran,babelmixr2,0.1.11,https://cran.r-project.org/src/contrib/babelmixr2_0.1.11.tar.gz,CRAN PACKAGES.gz,tar.gz
cran:bacenR@0.4.4,r,cran,bacenR,0.4.4,https://cran.r-project.org/src/contrib/bacenR_0.4.4.tar.gz,CRAN PACKAGES.gz,tar.gz
cran:badgen@1.0.1,r,cran,badgen,1.0.1,https://cran.r-project.org/src/contrib/badgen_1.0.1.tar.gz,CRAN PACKAGES.gz,tar.gz
cran:balnet@0.0.4,r,cran,balnet,0.0.4,https://cran.r-project.org/src/contrib/balnet_0.0.4.tar.gz,CRAN PACKAGES.gz,tar.gz
cran:barry@0.2.2,r,cran,barry,0.2.2,https://cran.r-project.org/src/contrib/barry_0.2.2.tar.gz,CRAN PACKAGES.gz,tar.gz
cran:bartXViz@1.0.11,r,cran,bartXViz,1.0.11,https://cran.r-project.org/src/contrib/bartXViz_1.0.11.tar.gz,CRAN PACKAGES.gz,tar.gz
cran:basad@0.3.0,r,cran,basad,0.3.0,https://cran.r-project.org/src/contrib/basad_0.3.0.tar.gz,CRAN PACKAGES.gz,tar.gz
cran:base64url@1.4,r,cran,base64url,1.4,https://cran.r-project.org/src/contrib/base64url_1.4.tar.gz,CRAN PACKAGES.gz,tar.gz
cran:basictabler@1.0.4,r,cran,basictabler,1.0.4,https://cran.r-project.org/src/contrib/basictabler_1.0.4.tar.gz,CRAN PACKAGES.gz,tar.gz
cran:basksim@2.2.0,r,cran,basksim,2.2.0,https://cran.r-project.org/src/contrib/basksim_2.2.0.tar.gz,CRAN PACKAGES.gz,tar.gz
cran:bayesDccGarch@3.0.4,r,cran,bayesDccGarch,3.0.4,https://cran.r-project.org/src/contrib/bayesDccGarch_3.0.4.tar.gz,CRAN PACKAGES.gz,tar.gz
cran:bayesGARCH@2.2.0,r,cran,bayesGARCH,2.2.0,https://cran.r-project.org/src/contrib/bayesGARCH_2.2.0.tar.gz,CRAN PACKAGES.gz,tar.gz
cran:bayesImageS@0.7-1,r,cran,bayesImageS,0.7-1,https://cran.r-project.org/src/contrib/bayesImageS_0.7-1.tar.gz,CRAN PACKAGES.gz,tar.gz
cran:bayesMeanScale@0.2.2,r,cran,bayesMeanScale,0.2.2,https://cran.r-project.org/src/contrib/bayesMeanScale_0.2.2.tar.gz,CRAN PACKAGES.gz,tar.gz
cran:bayesSurv@3.8,r,cran,bayesSurv,3.8,https://cran.r-project.org/src/contrib/bayesSurv_3.8.tar.gz,CRAN PACKAGES.gz,tar.gz
cran:bayesWatch@0.1.4,r,cran,bayesWatch,0.1.4,https://cran.r-project.org/src/contrib/bayesWatch_0.1.4.tar.gz,CRAN PACKAGES.gz,tar.gz
cran:bayesianOU@0.2.0,r,cran,bayesianOU,0.2.0,https://cran.r-project.org/src/contrib/bayesianOU_0.2.0.tar.gz,CRAN PACKAGES.gz,tar.gz
cran:bayesiansurpriser@0.1.0,r,cran,bayesiansurpriser,0.1.0,https://cran.r-project.org/src/contrib/bayesiansurpriser_0.1.0.tar.gz,CRAN PACKAGES.gz,tar.gz
cran:bayesmlogit@1.0.1,r,cran,bayesmlogit,1.0.1,https://cran.r-project.org/src/contrib/bayesmlogit_1.0.1.tar.gz,CRAN PACKAGES.gz,tar.gz
cran:bayess@1.7,r,cran,bayess,1.7,https://cran.r-project.org/src/contrib/bayess_1.7.tar.gz,CRAN PACKAGES.gz,tar.gz
cran:bayprior@0.3.2,r,cran,bayprior,0.3.2,https://cran.r-project.org/src/contrib/bayprior_0.3.2.tar.gz,CRAN PACKAGES.gz,tar.gz
cran:bbssr@2.0.0,r,cran,bbssr,2.0.0,https://cran.r-project.org/src/contrib/bbssr_2.0.0.tar.gz,CRAN PACKAGES.gz,tar.gz
cran:bcROCsurface@1.0-6,r,cran,bcROCsurface,1.0-6,https://cran.r-project.org/src/contrib/bcROCsurface_1.0-6.tar.gz,CRAN PACKAGES.gz,tar.gz
cran:bcaboot@0.2-3,r,cran,bcaboot,0.2-3,https://cran.r-project.org/src/contrib/bcaboot_0.2-3.tar.gz,CRAN PACKAGES.gz,tar.gz
cran:bcputility@0.4.6,r,cran,bcputility,0.4.6,https://cran.r-project.org/src/contrib/bcputility_0.4.6.tar.gz,CRAN PACKAGES.gz,tar.gz
cran:bdpv@1.4,r,cran,bdpv,1.4,https://cran.r-project.org/src/contrib/bdpv_1.4.tar.gz,CRAN PACKAGES.gz,tar.gz
cran:beautils@0.2.0,r,cran,beautils,0.2.0,https://cran.r-project.org/src/contrib/beautils_0.2.0.tar.gz,CRAN PACKAGES.gz,tar.gz
cran:benchmarkmeData@2.0.0,r,cran,benchmarkmeData,2.0.0,https://cran.r-project.org/src/contrib/benchmarkmeData_2.0.0.tar.gz,CRAN PACKAGES.gz,tar.gz
cran:bennu@0.3.2,r,cran,bennu,0.3.2,https://cran.r-project.org/src/contrib/bennu_0.3.2.tar.gz,CRAN PACKAGES.gz,tar.gz
cran:betaMC@1.3.4,r,cran,betaMC,1.3.4,https://cran.r-project.org/src/contrib/betaMC_1.3.4.tar.gz,CRAN PACKAGES.gz,tar.gz
cran:bewrs@0.1.1,r,cran,bewrs,0.1.1,https://cran.r-project.org/src/contrib/bewrs_0.1.1.tar.gz,CRAN PACKAGES.gz,tar.gz
cran:beyondWhittle@1.3.1,r,cran,beyondWhittle,1.3.1,https://cran.r-project.org/src/contrib/beyondWhittle_1.3.1.tar.gz,CRAN PACKAGES.gz,tar.gz
cran:bfboinet@1.1.0,r,cran,bfboinet,1.1.0,https://cran.r-project.org/src/contrib/bfboinet_1.1.0.tar.gz,CRAN PACKAGES.gz,tar.gz
cran:bhm@1.19,r,cran,bhm,1.19,https://cran.r-project.org/src/contrib/bhm_1.19.tar.gz,CRAN PACKAGES.gz,tar.gz
cran:bidser@0.5.0,r,cran,bidser,0.5.0,https://cran.r-project.org/src/contrib/bidser_0.5.0.tar.gz,CRAN PACKAGES.gz,tar.gz
cran:bidsr@0.1.1,r,cran,bidsr,0.1.1,https://cran.r-project.org/src/contrib/bidsr_0.1.1.tar.gz,CRAN PACKAGES.gz,tar.gz
cran:bifactory@0.5.2,r,cran,bifactory,0.5.2,https://cran.r-project.org/src/contrib/bifactory_0.5.2.tar.gz,CRAN PACKAGES.gz,tar.gz
cran:bifrost@0.1.4,r,cran,bifrost,0.1.4,https://cran.r-project.org/src/contrib/bifrost_0.1.4.tar.gz,CRAN PACKAGES.gz,tar.gz
cran:bigPLScox@0.8.1,r,cran,bigPLScox,0.8.1,https://cran.r-project.org/src/contrib/bigPLScox_0.8.1.tar.gz,CRAN PACKAGES.gz,tar.gz
cran:bigalgebra@3.1.0,r,cran,bigalgebra,3.1.0,https://cran.r-project.org/src/contrib/bigalgebra_3.1.0.tar.gz,CRAN PACKAGES.gz,tar.gz
cran:biganalytics@1.1.22,r,cran,biganalytics,1.1.22,https://cran.r-project.org/src/contrib/biganalytics_1.1.22.tar.gz,CRAN PACKAGES.gz,tar.gz
cran:bigdatadist@1.1,r,cran,bigdatadist,1.1,https://cran.r-project.org/src/contrib/bigdatadist_1.1.tar.gz,CRAN PACKAGES.gz,tar.gz
cran:bigsplines@1.1-1,r,cran,bigsplines,1.1-1,https://cran.r-project.org/src/contrib/bigsplines_1.1-1.tar.gz,CRAN PACKAGES.gz,tar.gz
cran:bigstatsr@1.6.2,r,cran,bigstatsr,1.6.2,https://cran.r-project.org/src/contrib/bigstatsr_1.6.2.tar.gz,CRAN PACKAGES.gz,tar.gz
cran:bigstep@1.1.2,r,cran,bigstep,1.1.2,https://cran.r-project.org/src/contrib/bigstep_1.1.2.tar.gz,CRAN PACKAGES.gz,tar.gz
cran:bikeshare14@0.1.4,r,cran,bikeshare14,0.1.4,https://cran.r-project.org/src/contrib/bikeshare14_0.1.4.tar.gz,CRAN PACKAGES.gz,tar.gz
cran:bioinactivation@1.3.1,r,cran,bioinactivation,1.3.1,https://cran.r-project.org/src/contrib/bioinactivation_1.3.1.tar.gz,CRAN PACKAGES.gz,tar.gz
cran:biometrics@1.0.4,r,cran,biometrics,1.0.4,https://cran.r-project.org/src/contrib/biometrics_1.0.4.tar.gz,CRAN PACKAGES.gz,tar.gz
cran:biomod2@4.3-4-6,r,cran,biomod2,4.3-4-6,https://cran.r-project.org/src/contrib/biomod2_4.3-4-6.tar.gz,CRAN PACKAGES.gz,tar.gz
cran:birddog@1.0.4,r,cran,birddog,1.0.4,https://cran.r-project.org/src/contrib/birddog_1.0.4.tar.gz,CRAN PACKAGES.gz,tar.gz
cran:birk@2.1.2,r,cran,birk,2.1.2,https://cran.r-project.org/src/contrib/birk_2.1.2.tar.gz,CRAN PACKAGES.gz,tar.gz
cran:biwavelet@0.20.22,r,cran,biwavelet,0.20.22,https://cran.r-project.org/src/contrib/biwavelet_0.20.22.tar.gz,CRAN PACKAGES.gz,tar.gz
cran:bizdays@1.0.17,r,cran,bizdays,1.0.17,https://cran.r-project.org/src/contrib/bizdays_1.0.17.tar.gz,CRAN PACKAGES.gz,tar.gz
cran:blackmarbler@0.2.7,r,cran,blackmarbler,0.2.7,https://cran.r-project.org/src/contrib/blackmarbler_0.2.7.tar.gz,CRAN PACKAGES.gz,tar.gz
cran:blatr@1.0.1,r,cran,blatr,1.0.1,https://cran.r-project.org/src/contrib/blatr_1.0.1.tar.gz,CRAN PACKAGES.gz,tar.gz
cran:blme@1.0-7,r,cran,blme,1.0-7,https://cran.r-project.org/src/contrib/blme_1.0-7.tar.gz,CRAN PACKAGES.gz,tar.gz
cran:blueterra@0.1.0,r,cran,blueterra,0.1.0,https://cran.r-project.org/src/contrib/blueterra_0.1.0.tar.gz,CRAN PACKAGES.gz,tar.gz
cran:bmem@2.3,r,cran,bmem,2.3,https://cran.r-project.org/src/contrib/bmem_2.3.tar.gz,CRAN PACKAGES.gz,tar.gz
cran:bodycomp@1.0.0,r,cran,bodycomp,1.0.0,https://cran.r-project.org/src/contrib/bodycomp_1.0.0.tar.gz,CRAN PACKAGES.gz,tar.gz
cran:bolder@0.1.1,r,cran,bolder,0.1.1,https://cran.r-project.org/src/contrib/bolder_0.1.1.tar.gz,CRAN PACKAGES.gz,tar.gz
cran:boodist@1.0.0,r,cran,boodist,1.0.0,https://cran.r-project.org/src/contrib/boodist_1.0.0.tar.gz,CRAN PACKAGES.gz,tar.gz
cran:bookdown@0.48,r,cran,bookdown,0.48,https://cran.r-project.org/src/contrib/bookdown_0.48.tar.gz,CRAN PACKAGES.gz,tar.gz
cran:boot.heterogeneity@1.1.5,r,cran,boot.heterogeneity,1.1.5,https://cran.r-project.org/src/contrib/boot.heterogeneity_1.1.5.tar.gz,CRAN PACKAGES.gz,tar.gz
cran:bootGOF@0.1.1,r,cran,bootGOF,0.1.1,https://cran.r-project.org/src/contrib/bootGOF_0.1.1.tar.gz,CRAN PACKAGES.gz,tar.gz
cran:bootImpute@1.3.0,r,cran,bootImpute,1.3.0,https://cran.r-project.org/src/contrib/bootImpute_1.3.0.tar.gz,CRAN PACKAGES.gz,tar.gz
cran:bootnet@1.9.1,r,cran,bootnet,1.9.1,https://cran.r-project.org/src/contrib/bootnet_1.9.1.tar.gz,CRAN PACKAGES.gz,tar.gz
cran:bootruin@1.2-4,r,cran,bootruin,1.2-4,https://cran.r-project.org/src/contrib/bootruin_1.2-4.tar.gz,CRAN PACKAGES.gz,tar.gz
cran:bootsurv@0.1.0,r,cran,bootsurv,0.1.0,https://cran.r-project.org/src/contrib/bootsurv_0.1.0.tar.gz,CRAN PACKAGES.gz,tar.gz
cran:bp@2.1.1,r,cran,bp,2.1.1,https://cran.r-project.org/src/contrib/bp_2.1.1.tar.gz,CRAN PACKAGES.gz,tar.gz
cran:bptips@0.1.0,r,cran,bptips,0.1.0,https://cran.r-project.org/src/contrib/bptips_0.1.0.tar.gz,CRAN PACKAGES.gz,tar.gz
cran:bpvars@2.0,r,cran,bpvars,2.0,https://cran.r-project.org/src/contrib/bpvars_2.0.tar.gz,CRAN PACKAGES.gz,tar.gz
cran:brfinance@0.9.0,r,cran,brfinance,0.9.0,https://cran.r-project.org/src/contrib/brfinance_0.9.0.tar.gz,CRAN PACKAGES.gz,tar.gz
cran:brm@1.1.1,r,cran,brm,1.1.1,https://cran.r-project.org/src/contrib/brm_1.1.1.tar.gz,CRAN PACKAGES.gz,tar.gz
cran:broman@0.98,r,cran,broman,0.98,https://cran.r-project.org/src/contrib/broman_0.98.tar.gz,CRAN PACKAGES.gz,tar.gz
cran:brpop@0.7.0,r,cran,brpop,0.7.0,https://cran.r-project.org/src/contrib/brpop_0.7.0.tar.gz,CRAN PACKAGES.gz,tar.gz
cran:bsreg@0.0.2,r,cran,bsreg,0.0.2,https://cran.r-project.org/src/contrib/bsreg_0.0.2.tar.gz,CRAN PACKAGES.gz,tar.gz
cran:bulletcp@1.0.0,r,cran,bulletcp,1.0.0,https://cran.r-project.org/src/contrib/bulletcp_1.0.0.tar.gz,CRAN PACKAGES.gz,tar.gz
cran:butterflyOptions@1.0.1,r,cran,butterflyOptions,1.0.1,https://cran.r-project.org/src/contrib/butterflyOptions_1.0.1.tar.gz,CRAN PACKAGES.gz,tar.gz
cran:bws@0.1.0,r,cran,bws,0.1.0,https://cran.r-project.org/src/contrib/bws_0.1.0.tar.gz,CRAN PACKAGES.gz,tar.gz
cran:c212@1.0.1,r,cran,c212,1.0.1,https://cran.r-project.org/src/contrib/c212_1.0.1.tar.gz,CRAN PACKAGES.gz,tar.gz
cran:c2c@0.1.0,r,cran,c2c,0.1.0,https://cran.r-project.org/src/contrib/c2c_0.1.0.tar.gz,CRAN PACKAGES.gz,tar.gz
cran:cPseudoMaRg@1.0.1,r,cran,cPseudoMaRg,1.0.1,https://cran.r-project.org/src/contrib/cPseudoMaRg_1.0.1.tar.gz,CRAN PACKAGES.gz,tar.gz
cran:calendRio@0.2.1,r,cran,calendRio,0.2.1,https://cran.r-project.org/src/contrib/calendRio_0.2.1.tar.gz,CRAN PACKAGES.gz,tar.gz
cran:calibrateBinary@0.1,r,cran,calibrateBinary,0.1,https://cran.r-project.org/src/contrib/calibrateBinary_0.1.tar.gz,CRAN PACKAGES.gz,tar.gz
cran:calibrationband@0.2.1,r,cran,calibrationband,0.2.1,https://cran.r-project.org/src/contrib/calibrationband_0.2.1.tar.gz,CRAN PACKAGES.gz,tar.gz
cran:calibrator@1.2-8,r,cran,calibrator,1.2-8,https://cran.r-project.org/src/contrib/calibrator_1.2-8.tar.gz,CRAN PACKAGES.gz,tar.gz
cran:camcorder@0.1.0,r,cran,camcorder,0.1.0,https://cran.r-project.org/src/contrib/camcorder_0.1.0.tar.gz,CRAN PACKAGES.gz,tar.gz
cran:campfin@1.0.11,r,cran,campfin,1.0.11,https://cran.r-project.org/src/contrib/campfin_1.0.11.tar.gz,CRAN PACKAGES.gz,tar.gz
cran:camtrapR@3.1.0,r,cran,camtrapR,3.1.0,https://cran.r-project.org/src/contrib/camtrapR_3.1.0.tar.gz,CRAN PACKAGES.gz,tar.gz
cran:canprot@2.0.0,r,cran,canprot,2.0.0,https://cran.r-project.org/src/contrib/canprot_2.0.0.tar.gz,CRAN PACKAGES.gz,tar.gz
cran:caracas@2.1.1,r,cran,caracas,2.1.1,https://cran.r-project.org/src/contrib/caracas_2.1.1.tar.gz,CRAN PACKAGES.gz,tar.gz
cran:cardidates@0.4.9,r,cran,cardidates,0.4.9,https://cran.r-project.org/src/contrib/cardidates_0.4.9.tar.gz,CRAN PACKAGES.gz,tar.gz
cran:cards@0.9.0,r,cran,cards,0.9.0,https://cran.r-project.org/src/contrib/cards_0.9.0.tar.gz,CRAN PACKAGES.gz,tar.gz
cran:caresid@0.1,r,cran,caresid,0.1,https://cran.r-project.org/src/contrib/caresid_0.1.tar.gz,CRAN PACKAGES.gz,tar.gz
cran:caribou@1.1-1,r,cran,caribou,1.1-1,https://cran.r-project.org/src/contrib/caribou_1.1-1.tar.gz,CRAN PACKAGES.gz,tar.gz
cran:cata@0.1.2.0,r,cran,cata,0.1.2.0,https://cran.r-project.org/src/contrib/cata_0.1.2.0.tar.gz,CRAN PACKAGES.gz,tar.gz
cran:categoryEncodings@1.4.3,r,cran,categoryEncodings,1.4.3,https://cran.r-project.org/src/contrib/categoryEncodings_1.4.3.tar.gz,CRAN PACKAGES.gz,tar.gz
cran:cauchypca@1.4,r,cran,cauchypca,1.4,https://cran.r-project.org/src/contrib/cauchypca_1.4.tar.gz,CRAN PACKAGES.gz,tar.gz
cran:causaleffect@1.3.15,r,cran,causaleffect,1.3.15,https://cran.r-project.org/src/contrib/causaleffect_1.3.15.tar.gz,CRAN PACKAGES.gz,tar.gz
cran:causalreg@0.1.2,r,cran,causalreg,0.1.2,https://cran.r-project.org/src/contrib/causalreg_0.1.2.tar.gz,CRAN PACKAGES.gz,tar.gz
cran:caviarpd@0.3.22,r,cran,caviarpd,0.3.22,https://cran.r-project.org/src/contrib/caviarpd_0.3.22.tar.gz,CRAN PACKAGES.gz,tar.gz
cran:cayleyR@0.2.6,r,cran,cayleyR,0.2.6,https://cran.r-project.org/src/contrib/cayleyR_0.2.6.tar.gz,CRAN PACKAGES.gz,tar.gz
cran:cbinom@1.6,r,cran,cbinom,1.6,https://cran.r-project.org/src/contrib/cbinom_1.6.tar.gz,CRAN PACKAGES.gz,tar.gz
cran:ceRtainty@1.0.0,r,cran,ceRtainty,1.0.0,https://cran.r-project.org/src/contrib/ceRtainty_1.0.0.tar.gz,CRAN PACKAGES.gz,tar.gz
cran:ceblR@1.0.0,r,cran,ceblR,1.0.0,https://cran.r-project.org/src/contrib/ceblR_1.0.0.tar.gz,CRAN PACKAGES.gz,tar.gz
cran:celestial@1.5.8,r,cran,celestial,1.5.8,https://cran.r-project.org/src/contrib/celestial_1.5.8.tar.gz,CRAN PACKAGES.gz,tar.gz
cran:censuspyrID@1.0.2,r,cran,censuspyrID,1.0.2,https://cran.r-project.org/src/contrib/censuspyrID_1.0.2.tar.gz,CRAN PACKAGES.gz,tar.gz
cran:cequre@1.5,r,cran,cequre,1.5,https://cran.r-project.org/src/contrib/cequre_1.5.tar.gz,CRAN PACKAGES.gz,tar.gz
cran:cetcolor@0.2.0,r,cran,cetcolor,0.2.0,https://cran.r-project.org/src/contrib/cetcolor_0.2.0.tar.gz,CRAN PACKAGES.gz,tar.gz
cran:cfa@0.10-2,r,cran,cfa,0.10-2,https://cran.r-project.org/src/contrib/cfa_0.10-2.tar.gz,CRAN PACKAGES.gz,tar.gz
cran:cgwtools@4.1,r,cran,cgwtools,4.1,https://cran.r-project.org/src/contrib/cgwtools_4.1.tar.gz,CRAN PACKAGES.gz,tar.gz
cran:changepoint.np@1.0.5,r,cran,changepoint.np,1.0.5,https://cran.r-project.org/src/contrib/changepoint.np_1.0.5.tar.gz,CRAN PACKAGES.gz,tar.gz
cran:charisma@1.0.0,r,cran,charisma,1.0.0,https://cran.r-project.org/src/contrib/charisma_1.0.0.tar.gz,CRAN PACKAGES.gz,tar.gz
cran:chartreview@1.0,r,cran,chartreview,1.0,https://cran.r-project.org/src/contrib/chartreview_1.0.tar.gz,CRAN PACKAGES.gz,tar.gz
cran:checkLuhn@1.1.0,r,cran,checkLuhn,1.1.0,https://cran.r-project.org/src/contrib/checkLuhn_1.1.0.tar.gz,CRAN PACKAGES.gz,tar.gz
cran:chem16S@1.2.0,r,cran,chem16S,1.2.0,https://cran.r-project.org/src/contrib/chem16S_1.2.0.tar.gz,CRAN PACKAGES.gz,tar.gz
cran:chemodiv@0.3.1,r,cran,chemodiv,0.3.1,https://cran.r-project.org/src/contrib/chemodiv_0.3.1.tar.gz,CRAN PACKAGES.gz,tar.gz
cran:chess2plyrs@0.3.0,r,cran,chess2plyrs,0.3.0,https://cran.r-project.org/src/contrib/chess2plyrs_0.3.0.tar.gz,CRAN PACKAGES.gz,tar.gz
cran:chessResults@2026.08.27,r,cran,chessResults,2026.08.27,https://cran.r-project.org/src/contrib/chessResults_2026.08.27.tar.gz,CRAN PACKAGES.gz,tar.gz
cran:chicane@0.1.8,r,cran,chicane,0.1.8,https://cran.r-project.org/src/contrib/chicane_0.1.8.tar.gz,CRAN PACKAGES.gz,tar.gz
cran:childfree@0.0.6,r,cran,childfree,0.0.6,https://cran.r-project.org/src/contrib/childfree_0.0.6.tar.gz,CRAN PACKAGES.gz,tar.gz
cran:chopthin@0.2.2,r,cran,chopthin,0.2.2,https://cran.r-project.org/src/contrib/chopthin_0.2.2.tar.gz,CRAN PACKAGES.gz,tar.gz
cran:ciflyr@0.1.2,r,cran,ciflyr,0.1.2,https://cran.r-project.org/src/contrib/ciflyr_0.1.2.tar.gz,CRAN PACKAGES.gz,tar.gz
cran:cincinnatiOpenData@0.1.0,r,cran,cincinnatiOpenData,0.1.0,https://cran.r-project.org/src/contrib/cincinnatiOpenData_0.1.0.tar.gz,CRAN PACKAGES.gz,tar.gz
cran:cir@2.5.1,r,cran,cir,2.5.1,https://cran.r-project.org/src/contrib/cir_2.5.1.tar.gz,CRAN PACKAGES.gz,tar.gz
cran:circlizePlus@0.9.1,r,cran,circlizePlus,0.9.1,https://cran.r-project.org/src/contrib/circlizePlus_0.9.1.tar.gz,CRAN PACKAGES.gz,tar.gz
cran:citrus@1.0.2,r,cran,citrus,1.0.2,https://cran.r-project.org/src/contrib/citrus_1.0.2.tar.gz,CRAN PACKAGES.gz,tar.gz
cran:cjbart@0.3.2,r,cran,cjbart,0.3.2,https://cran.r-project.org/src/contrib/cjbart_0.3.2.tar.gz,CRAN PACKAGES.gz,tar.gz
cran:clValid@0.7,r,cran,clValid,0.7,https://cran.r-project.org/src/contrib/clValid_0.7.tar.gz,CRAN PACKAGES.gz,tar.gz
cran:cleaR@0.0.4,r,cran,cleaR,0.0.4,https://cran.r-project.org/src/contrib/cleaR_0.0.4.tar.gz,CRAN PACKAGES.gz,tar.gz
cran:cleanNLP@3.1.0,r,cran,cleanNLP,3.1.0,https://cran.r-project.org/src/contrib/cleanNLP_3.1.0.tar.gz,CRAN PACKAGES.gz,tar.gz
cran:cleancall@0.1.4,r,cran,cleancall,0.1.4,https://cran.r-project.org/src/contrib/cleancall_0.1.4.tar.gz,CRAN PACKAGES.gz,tar.gz
cran:cleandata@0.3.0,r,cran,cleandata,0.3.0,https://cran.r-project.org/src/contrib/cleandata_0.3.0.tar.gz,CRAN PACKAGES.gz,tar.gz
cran:clhs@0.9.2,r,cran,clhs,0.9.2,https://cran.r-project.org/src/contrib/clhs_0.9.2.tar.gz,CRAN PACKAGES.gz,tar.gz
cran:cliapp@0.1.2,r,cran,cliapp,0.1.2,https://cran.r-project.org/src/contrib/cliapp_0.1.2.tar.gz,CRAN PACKAGES.gz,tar.gz
cran:climate@1.4.0,r,cran,climate,1.4.0,https://cran.r-project.org/src/contrib/climate_1.4.0.tar.gz,CRAN PACKAGES.gz,tar.gz
cran:climateStability@0.1.4,r,cran,climateStability,0.1.4,https://cran.r-project.org/src/contrib/climateStability_0.1.4.tar.gz,CRAN PACKAGES.gz,tar.gz
cran:climatrends@1.2,r,cran,climatrends,1.2,https://cran.r-project.org/src/contrib/climatrends_1.2.tar.gz,CRAN PACKAGES.gz,tar.gz
cran:climwin@1.2.33,r,cran,climwin,1.2.33,https://cran.r-project.org/src/contrib/climwin_1.2.33.tar.gz,CRAN PACKAGES.gz,tar.gz
cran:clinDR@2.5.2,r,cran,clinDR,2.5.2,https://cran.r-project.org/src/contrib/clinDR_2.5.2.tar.gz,CRAN PACKAGES.gz,tar.gz
cran:clinUtils@0.2.2,r,cran,clinUtils,0.2.2,https://cran.r-project.org/src/contrib/clinUtils_0.2.2.tar.gz,CRAN PACKAGES.gz,tar.gz
cran:clockplot@0.8.3,r,cran,clockplot,0.8.3,https://cran.r-project.org/src/contrib/clockplot_0.8.3.tar.gz,CRAN PACKAGES.gz,tar.gz
cran:cloudosR@0.2.4,r,cran,cloudosR,0.2.4,https://cran.r-project.org/src/contrib/cloudosR_0.2.4.tar.gz,CRAN PACKAGES.gz,tar.gz
cran:clr@0.1.3,r,cran,clr,0.1.3,https://cran.r-project.org/src/contrib/clr_0.1.3.tar.gz,CRAN PACKAGES.gz,tar.gz
cran:clusEvol@1.0.1,r,cran,clusEvol,1.0.1,https://cran.r-project.org/src/contrib/clusEvol_1.0.1.tar.gz,CRAN PACKAGES.gz,tar.gz
cran:clustGLMM@1.0.1,r,cran,clustGLMM,1.0.1,https://cran.r-project.org/src/contrib/clustGLMM_1.0.1.tar.gz,CRAN PACKAGES.gz,tar.gz
cran:clusterRepro@0.9,r,cran,clusterRepro,0.9,https://cran.r-project.org/src/contrib/clusterRepro_0.9.tar.gz,CRAN PACKAGES.gz,tar.gz
cran:clustree@0.5.1,r,cran,clustree,0.5.1,https://cran.r-project.org/src/contrib/clustree_0.5.1.tar.gz,CRAN PACKAGES.gz,tar.gz
cran:cmdfun@1.0.2,r,cran,cmdfun,1.0.2,https://cran.r-project.org/src/contrib/cmdfun_1.0.2.tar.gz,CRAN PACKAGES.gz,tar.gz
cran:cmrdesign@0.1.0,r,cran,cmrdesign,0.1.0,https://cran.r-project.org/src/contrib/cmrdesign_0.1.0.tar.gz,CRAN PACKAGES.gz,tar.gz
cran:cmsaf@3.6.0,r,cran,cmsaf,3.6.0,https://cran.r-project.org/src/contrib/cmsaf_3.6.0.tar.gz,CRAN PACKAGES.gz,tar.gz
cran:coala@0.7.2,r,cran,coala,0.7.2,https://cran.r-project.org/src/contrib/coala_0.7.2.tar.gz,CRAN PACKAGES.gz,tar.gz
cran:cobin@1.0.1.4,r,cran,cobin,1.0.1.4,https://cran.r-project.org/src/contrib/cobin_1.0.1.4.tar.gz,CRAN PACKAGES.gz,tar.gz
cran:cobs@1.3-9-1,r,cran,cobs,1.3-9-1,https://cran.r-project.org/src/contrib/cobs_1.3-9-1.tar.gz,CRAN PACKAGES.gz,tar.gz
cran:codecountR@0.0.4.8,r,cran,codecountR,0.0.4.8,https://cran.r-project.org/src/contrib/codecountR_0.0.4.8.tar.gz,CRAN PACKAGES.gz,tar.gz
cran:codename@0.5.0,r,cran,codename,0.5.0,https://cran.r-project.org/src/contrib/codename_0.5.0.tar.gz,CRAN PACKAGES.gz,tar.gz
cran:coefa@1.0.3,r,cran,coefa,1.0.3,https://cran.r-project.org/src/contrib/coefa_1.0.3.tar.gz,CRAN PACKAGES.gz,tar.gz
cran:coenocliner@0.2-4,r,cran,coenocliner,0.2-4,https://cran.r-project.org/src/contrib/coenocliner_0.2-4.tar.gz,CRAN PACKAGES.gz,tar.gz
cran:cointsmall@1.0.2,r,cran,cointsmall,1.0.2,https://cran.r-project.org/src/contrib/cointsmall_1.0.2.tar.gz,CRAN PACKAGES.gz,tar.gz
cran:collapsibleTree@0.1.8,r,cran,collapsibleTree,0.1.8,https://cran.r-project.org/src/contrib/collapsibleTree_0.1.8.tar.gz,CRAN PACKAGES.gz,tar.gz
cran:colocalized@0.2.0,r,cran,colocalized,0.2.0,https://cran.r-project.org/src/contrib/colocalized_0.2.0.tar.gz,CRAN PACKAGES.gz,tar.gz
cran:colorRamps@2.3.4,r,cran,colorRamps,2.3.4,https://cran.r-project.org/src/contrib/colorRamps_2.3.4.tar.gz,CRAN PACKAGES.gz,tar.gz
cran:colorblindcheck@1.0.4,r,cran,colorblindcheck,1.0.4,https://cran.r-project.org/src/contrib/colorblindcheck_1.0.4.tar.gz,CRAN PACKAGES.gz,tar.gz
cran:colormap@0.1.4,r,cran,colormap,0.1.4,https://cran.r-project.org/src/contrib/colormap_0.1.4.tar.gz,CRAN PACKAGES.gz,tar.gz
cran:combat.enigma@1.1.1,r,cran,combat.enigma,1.1.1,https://cran.r-project.org/src/contrib/combat.enigma_1.1.1.tar.gz,CRAN PACKAGES.gz,tar.gz
cran:combss@0.1.0,r,cran,combss,0.1.0,https://cran.r-project.org/src/contrib/combss_0.1.0.tar.gz,CRAN PACKAGES.gz,tar.gz
cran:comclim@0.9.6,r,cran,comclim,0.9.6,https://cran.r-project.org/src/contrib/comclim_0.9.6.tar.gz,CRAN PACKAGES.gz,tar.gz
cran:commonmark@2.0.0,r,cran,commonmark,2.0.0,https://cran.r-project.org/src/contrib/commonmark_2.0.0.tar.gz,CRAN PACKAGES.gz,tar.gz
cran:commons@0.0.1,r,cran,commons,0.0.1,https://cran.r-project.org/src/contrib/commons_0.0.1.tar.gz,CRAN PACKAGES.gz,tar.gz
cran:compIndexBuilder@2.0.0,r,cran,compIndexBuilder,2.0.0,https://cran.r-project.org/src/contrib/compIndexBuilder_2.0.0.tar.gz,CRAN PACKAGES.gz,tar.gz
cran:comphy@1.0.5,r,cran,comphy,1.0.5,https://cran.r-project.org/src/contrib/comphy_1.0.5.tar.gz,CRAN PACKAGES.gz,tar.gz
cran:complex@1.0.2,r,cran,complex,1.0.2,https://cran.r-project.org/src/contrib/complex_1.0.2.tar.gz,CRAN PACKAGES.gz,tar.gz
cran:conText@3.0.1,r,cran,conText,3.0.1,https://cran.r-project.org/src/contrib/conText_3.0.1.tar.gz,CRAN PACKAGES.gz,tar.gz
cran:concatipede@1.0.1,r,cran,concatipede,1.0.1,https://cran.r-project.org/src/contrib/concatipede_1.0.1.tar.gz,CRAN PACKAGES.gz,tar.gz
cran:concstats@0.1.6,r,cran,concstats,0.1.6,https://cran.r-project.org/src/contrib/concstats_0.1.6.tar.gz,CRAN PACKAGES.gz,tar.gz
cran:confoundvis@0.1.0,r,cran,confoundvis,0.1.0,https://cran.r-project.org/src/contrib/confoundvis_0.1.0.tar.gz,CRAN PACKAGES.gz,tar.gz
cran:consortr@0.9.1,r,cran,consortr,0.9.1,https://cran.r-project.org/src/contrib/consortr_0.9.1.tar.gz,CRAN PACKAGES.gz,tar.gz
cran:constants@2022.0,r,cran,constants,2022.0,https://cran.r-project.org/src/contrib/constants_2022.0.tar.gz,CRAN PACKAGES.gz,tar.gz
cran:control@0.2.5,r,cran,control,0.2.5,https://cran.r-project.org/src/contrib/control_0.2.5.tar.gz,CRAN PACKAGES.gz,tar.gz
cran:controlcharts@0.0.19,r,cran,controlcharts,0.0.19,https://cran.r-project.org/src/contrib/controlcharts_0.0.19.tar.gz,CRAN PACKAGES.gz,tar.gz
cran:convertbonds@0.1.0,r,cran,convertbonds,0.1.0,https://cran.r-project.org/src/contrib/convertbonds_0.1.0.tar.gz,CRAN PACKAGES.gz,tar.gz
cran:cooccure@0.4.0,r,cran,cooccure,0.4.0,https://cran.r-project.org/src/contrib/cooccure_0.4.0.tar.gz,CRAN PACKAGES.gz,tar.gz
cran:coop@0.6-3,r,cran,coop,0.6-3,https://cran.r-project.org/src/contrib/coop_0.6-3.tar.gz,CRAN PACKAGES.gz,tar.gz
cran:copCAR@2.0-4,r,cran,copCAR,2.0-4,https://cran.r-project.org/src/contrib/copCAR_2.0-4.tar.gz,CRAN PACKAGES.gz,tar.gz
cran:copent@0.5,r,cran,copent,0.5,https://cran.r-project.org/src/contrib/copent_0.5.tar.gz,CRAN PACKAGES.gz,tar.gz
cran:copulaData@0.0-2,r,cran,copulaData,0.0-2,https://cran.r-project.org/src/contrib/copulaData_0.0-2.tar.gz,CRAN PACKAGES.gz,tar.gz
cran:corTest@1.0.7,r,cran,corTest,1.0.7,https://cran.r-project.org/src/contrib/corTest_1.0.7.tar.gz,CRAN PACKAGES.gz,tar.gz
cran:corehunter@3.2.3,r,cran,corehunter,3.2.3,https://cran.r-project.org/src/contrib/corehunter_3.2.3.tar.gz,CRAN PACKAGES.gz,tar.gz
cran:corpora@0.7,r,cran,corpora,0.7,https://cran.r-project.org/src/contrib/corpora_0.7.tar.gz,CRAN PACKAGES.gz,tar.gz
cran:corrRF@1.1.0,r,cran,corrRF,1.1.0,https://cran.r-project.org/src/contrib/corrRF_1.1.0.tar.gz,CRAN PACKAGES.gz,tar.gz
cran:corrViz@0.1.0,r,cran,corrViz,0.1.0,https://cran.r-project.org/src/contrib/corrViz_0.1.0.tar.gz,CRAN PACKAGES.gz,tar.gz
cran:correctR@0.3.1,r,cran,correctR,0.3.1,https://cran.r-project.org/src/contrib/correctR_0.3.1.tar.gz,CRAN PACKAGES.gz,tar.gz
cran:correlation@0.8.8,r,cran,correlation,0.8.8,https://cran.r-project.org/src/contrib/correlation_0.8.8.tar.gz,CRAN PACKAGES.gz,tar.gz
cran:correlationfunnel@0.2.0,r,cran,correlationfunnel,0.2.0,https://cran.r-project.org/src/contrib/correlationfunnel_0.2.0.tar.gz,CRAN PACKAGES.gz,tar.gz
cran:corrfuns@1.2,r,cran,corrfuns,1.2,https://cran.r-project.org/src/contrib/corrfuns_1.2.tar.gz,CRAN PACKAGES.gz,tar.gz
cran:corrplot@0.95,r,cran,corrplot,0.95,https://cran.r-project.org/src/contrib/corrplot_0.95.tar.gz,CRAN PACKAGES.gz,tar.gz
cran:corrr@0.4.5,r,cran,corrr,0.4.5,https://cran.r-project.org/src/contrib/corrr_0.4.5.tar.gz,CRAN PACKAGES.gz,tar.gz
cran:corteza@0.7.1,r,cran,corteza,0.7.1,https://cran.r-project.org/src/contrib/corteza_0.7.1.tar.gz,CRAN PACKAGES.gz,tar.gz
cran:cosso@2.1-2,r,cran,cosso,2.1-2,https://cran.r-project.org/src/contrib/cosso_2.1-2.tar.gz,CRAN PACKAGES.gz,tar.gz
cran:countHMM@0.1.0,r,cran,countHMM,0.1.0,https://cran.r-project.org/src/contrib/countHMM_0.1.0.tar.gz,CRAN PACKAGES.gz,tar.gz
cran:counterfactuals@1.0.0,r,cran,counterfactuals,1.0.0,https://cran.r-project.org/src/contrib/counterfactuals_1.0.0.tar.gz,CRAN PACKAGES.gz,tar.gz
cran:covidcast@0.5.3,r,cran,covidcast,0.5.3,https://cran.r-project.org/src/contrib/covidcast_0.5.3.tar.gz,CRAN PACKAGES.gz,tar.gz
cran:coxphm@0.2.1,r,cran,coxphm,0.2.1,https://cran.r-project.org/src/contrib/coxphm_0.2.1.tar.gz,CRAN PACKAGES.gz,tar.gz
cran:cpp11qpdf@1.3.5,r,cran,cpp11qpdf,1.3.5,https://cran.r-project.org/src/contrib/cpp11qpdf_1.3.5.tar.gz,CRAN PACKAGES.gz,tar.gz
cran:cpsR@1.0.0,r,cran,cpsR,1.0.0,https://cran.r-project.org/src/contrib/cpsR_1.0.0.tar.gz,CRAN PACKAGES.gz,tar.gz
cran:cptcity@1.1.1,r,cran,cptcity,1.1.1,https://cran.r-project.org/src/contrib/cptcity_1.1.1.tar.gz,CRAN PACKAGES.gz,tar.gz
cran:cre.dcf@0.0.5,r,cran,cre.dcf,0.0.5,https://cran.r-project.org/src/contrib/cre.dcf_0.0.5.tar.gz,CRAN PACKAGES.gz,tar.gz
cran:crew.aws.batch@0.1.0,r,cran,crew.aws.batch,0.1.0,https://cran.r-project.org/src/contrib/crew.aws.batch_0.1.0.tar.gz,CRAN PACKAGES.gz,tar.gz
cran:crimedata@0.3.5,r,cran,crimedata,0.3.5,https://cran.r-project.org/src/contrib/crimedata_0.3.5.tar.gz,CRAN PACKAGES.gz,tar.gz
cran:crimedatasets@0.1.0,r,cran,crimedatasets,0.1.0,https://cran.r-project.org/src/contrib/crimedatasets_0.1.0.tar.gz,CRAN PACKAGES.gz,tar.gz
cran:criticality@0.9.3,r,cran,criticality,0.9.3,https://cran.r-project.org/src/contrib/criticality_0.9.3.tar.gz,CRAN PACKAGES.gz,tar.gz
cran:criticalpath@0.2.1,r,cran,criticalpath,0.2.1,https://cran.r-project.org/src/contrib/criticalpath_0.2.1.tar.gz,CRAN PACKAGES.gz,tar.gz
cran:crone@0.1.1,r,cran,crone,0.1.1,https://cran.r-project.org/src/contrib/crone_0.1.1.tar.gz,CRAN PACKAGES.gz,tar.gz
cran:crop@0.0-3,r,cran,crop,0.0-3,https://cran.r-project.org/src/contrib/crop_0.0-3.tar.gz,CRAN PACKAGES.gz,tar.gz
cran:cropcircles@0.2.4,r,cran,cropcircles,0.2.4,https://cran.r-project.org/src/contrib/cropcircles_0.2.4.tar.gz,CRAN PACKAGES.gz,tar.gz
cran:crops@1.0.3,r,cran,crops,1.0.3,https://cran.r-project.org/src/contrib/crops_1.0.3.tar.gz,CRAN PACKAGES.gz,tar.gz
cran:crt2power@1.2.2,r,cran,crt2power,1.2.2,https://cran.r-project.org/src/contrib/crt2power_1.2.2.tar.gz,CRAN PACKAGES.gz,tar.gz
cran:cryptorng@0.1.4,r,cran,cryptorng,0.1.4,https://cran.r-project.org/src/contrib/cryptorng_0.1.4.tar.gz,CRAN PACKAGES.gz,tar.gz
cran:csa@0.7.1,r,cran,csa,0.7.1,https://cran.r-project.org/src/contrib/csa_0.7.1.tar.gz,CRAN PACKAGES.gz,tar.gz
cran:csmaps@2025.8.21,r,cran,csmaps,2025.8.21,https://cran.r-project.org/src/contrib/csmaps_2025.8.21.tar.gz,CRAN PACKAGES.gz,tar.gz
cran:cssTools@1.0,r,cran,cssTools,1.0,https://cran.r-project.org/src/contrib/cssTools_1.0.tar.gz,CRAN PACKAGES.gz,tar.gz
cran:ctablerseh@1.1.2,r,cran,ctablerseh,1.1.2,https://cran.r-project.org/src/contrib/ctablerseh_1.1.2.tar.gz,CRAN PACKAGES.gz,tar.gz
cran:ctsmTMB@1.1.1,r,cran,ctsmTMB,1.1.1,https://cran.r-project.org/src/contrib/ctsmTMB_1.1.1.tar.gz,CRAN PACKAGES.gz,tar.gz
cran:ctv@1.0-0,r,cran,ctv,1.0-0,https://cran.r-project.org/src/contrib/ctv_1.0-0.tar.gz,CRAN PACKAGES.gz,tar.gz
cran:ctypesio@0.1.3,r,cran,ctypesio,0.1.3,https://cran.r-project.org/src/contrib/ctypesio_0.1.3.tar.gz,CRAN PACKAGES.gz,tar.gz
cran:cucumber@2.1.1,r,cran,cucumber,2.1.1,https://cran.r-project.org/src/contrib/cucumber_2.1.1.tar.gz,CRAN PACKAGES.gz,tar.gz
cran:cuda.ml@0.4.0,r,cran,cuda.ml,0.4.0,https://cran.r-project.org/src/contrib/cuda.ml_0.4.0.tar.gz,CRAN PACKAGES.gz,tar.gz
cran:cumulcalib@0.1.0,r,cran,cumulcalib,0.1.0,https://cran.r-project.org/src/contrib/cumulcalib_0.1.0.tar.gz,CRAN PACKAGES.gz,tar.gz
cran:cureplots@1.1.1,r,cran,cureplots,1.1.1,https://cran.r-project.org/src/contrib/cureplots_1.1.1.tar.gz,CRAN PACKAGES.gz,tar.gz
cran:curriculr@0.3.0,r,cran,curriculr,0.3.0,https://cran.r-project.org/src/contrib/curriculr_0.3.0.tar.gz,CRAN PACKAGES.gz,tar.gz
cran:currr@0.1.2,r,cran,currr,0.1.2,https://cran.r-project.org/src/contrib/currr_0.1.2.tar.gz,CRAN PACKAGES.gz,tar.gz
cran:cwot@0.1.0,r,cran,cwot,0.1.0,https://cran.r-project.org/src/contrib/cwot_0.1.0.tar.gz,CRAN PACKAGES.gz,tar.gz
cran:cystiSim@0.1.0,r,cran,cystiSim,0.1.0,https://cran.r-project.org/src/contrib/cystiSim_0.1.0.tar.gz,CRAN PACKAGES.gz,tar.gz
cran:dabr@0.0.4,r,cran,dabr,0.0.4,https://cran.r-project.org/src/contrib/dabr_0.0.4.tar.gz,CRAN PACKAGES.gz,tar.gz
cran:daltoolboxdp@1.3.767,r,cran,daltoolboxdp,1.3.767,https://cran.r-project.org/src/contrib/daltoolboxdp_1.3.767.tar.gz,CRAN PACKAGES.gz,tar.gz
cran:dani@0.1-1,r,cran,dani,0.1-1,https://cran.r-project.org/src/contrib/dani_0.1-1.tar.gz,CRAN PACKAGES.gz,tar.gz
cran:data.checker@2.0.0,r,cran,data.checker,2.0.0,https://cran.r-project.org/src/contrib/data.checker_2.0.0.tar.gz,CRAN PACKAGES.gz,tar.gz
cran:datacleanr@1.0.5,r,cran,datacleanr,1.0.5,https://cran.r-project.org/src/contrib/datacleanr_1.0.5.tar.gz,CRAN PACKAGES.gz,tar.gz
cran:datadiff@0.6.0,r,cran,datadiff,0.6.0,https://cran.r-project.org/src/contrib/datadiff_0.6.0.tar.gz,CRAN PACKAGES.gz,tar.gz
cran:dataspice@1.1.1,r,cran,dataspice,1.1.1,https://cran.r-project.org/src/contrib/dataspice_1.1.1.tar.gz,CRAN PACKAGES.gz,tar.gz
cran:dataverifyr@0.1.11,r,cran,dataverifyr,0.1.11,https://cran.r-project.org/src/contrib/dataverifyr_0.1.11.tar.gz,CRAN PACKAGES.gz,tar.gz
cran:datetoiso@1.2.1,r,cran,datetoiso,1.2.1,https://cran.r-project.org/src/contrib/datetoiso_1.2.1.tar.gz,CRAN PACKAGES.gz,tar.gz
cran:dawaR@0.3.3,r,cran,dawaR,0.3.3,https://cran.r-project.org/src/contrib/dawaR_0.3.3.tar.gz,CRAN PACKAGES.gz,tar.gz
cran:days2lessons@0.1.3,r,cran,days2lessons,0.1.3,https://cran.r-project.org/src/contrib/days2lessons_0.1.3.tar.gz,CRAN PACKAGES.gz,tar.gz
cran:dbWebForms@0.1.0,r,cran,dbWebForms,0.1.0,https://cran.r-project.org/src/contrib/dbWebForms_0.1.0.tar.gz,CRAN PACKAGES.gz,tar.gz
cran:dbacf@0.2.8,r,cran,dbacf,0.2.8,https://cran.r-project.org/src/contrib/dbacf_0.2.8.tar.gz,CRAN PACKAGES.gz,tar.gz
cran:dbd@0.0-22,r,cran,dbd,0.0-22,https://cran.r-project.org/src/contrib/dbd_0.0-22.tar.gz,CRAN PACKAGES.gz,tar.gz
cran:dbw@1.1.4,r,cran,dbw,1.1.4,https://cran.r-project.org/src/contrib/dbw_1.1.4.tar.gz,CRAN PACKAGES.gz,tar.gz
cran:dcTensor@1.3.1,r,cran,dcTensor,1.3.1,https://cran.r-project.org/src/contrib/dcTensor_1.3.1.tar.gz,CRAN PACKAGES.gz,tar.gz
cran:dcmdata@0.2.0,r,cran,dcmdata,0.2.0,https://cran.r-project.org/src/contrib/dcmdata_0.2.0.tar.gz,CRAN PACKAGES.gz,tar.gz
cran:dcorVS@1.1,r,cran,dcorVS,1.1,https://cran.r-project.org/src/contrib/dcorVS_1.1.tar.gz,CRAN PACKAGES.gz,tar.gz
cran:ddalpha@1.3.16,r,cran,ddalpha,1.3.16,https://cran.r-project.org/src/contrib/ddalpha_1.3.16.tar.gz,CRAN PACKAGES.gz,tar.gz
cran:ddc@1.0.1,r,cran,ddc,1.0.1,https://cran.r-project.org/src/contrib/ddc_1.0.1.tar.gz,CRAN PACKAGES.gz,tar.gz
cran:ddml@0.3.1,r,cran,ddml,0.3.1,https://cran.r-project.org/src/contrib/ddml_0.3.1.tar.gz,CRAN PACKAGES.gz,tar.gz
cran:debrief@0.1.0,r,cran,debrief,0.1.0,https://cran.r-project.org/src/contrib/debrief_0.1.0.tar.gz,CRAN PACKAGES.gz,tar.gz
cran:decompML@0.1.1,r,cran,decompML,0.1.1,https://cran.r-project.org/src/contrib/decompML_0.1.1.tar.gz,CRAN PACKAGES.gz,tar.gz
cran:deflateBR@1.1.2,r,cran,deflateBR,1.1.2,https://cran.r-project.org/src/contrib/deflateBR_1.1.2.tar.gz,CRAN PACKAGES.gz,tar.gz
cran:degreenet@1.3-7,r,cran,degreenet,1.3-7,https://cran.r-project.org/src/contrib/degreenet_1.3-7.tar.gz,CRAN PACKAGES.gz,tar.gz
cran:degross@0.9.0,r,cran,degross,0.9.0,https://cran.r-project.org/src/contrib/degross_0.9.0.tar.gz,CRAN PACKAGES.gz,tar.gz
cran:delma@0.1.2,r,cran,delma,0.1.2,https://cran.r-project.org/src/contrib/delma_0.1.2.tar.gz,CRAN PACKAGES.gz,tar.gz
cran:demoShiny@0.1,r,cran,demoShiny,0.1,https://cran.r-project.org/src/contrib/demoShiny_0.1.tar.gz,CRAN PACKAGES.gz,tar.gz
cran:dentomedical@0.2.0,r,cran,dentomedical,0.2.0,https://cran.r-project.org/src/contrib/dentomedical_0.2.0.tar.gz,CRAN PACKAGES.gz,tar.gz
cran:depcache@0.1-2,r,cran,depcache,0.1-2,https://cran.r-project.org/src/contrib/depcache_0.1-2.tar.gz,CRAN PACKAGES.gz,tar.gz
cran:descomponer@1.6,r,cran,descomponer,1.6,https://cran.r-project.org/src/contrib/descomponer_1.6.tar.gz,CRAN PACKAGES.gz,tar.gz
cran:desctable@0.3.1,r,cran,desctable,0.3.1,https://cran.r-project.org/src/contrib/desctable_0.3.1.tar.gz,CRAN PACKAGES.gz,tar.gz
cran:descutils@1.0,r,cran,descutils,1.0,https://cran.r-project.org/src/contrib/descutils_1.0.tar.gz,CRAN PACKAGES.gz,tar.gz
cran:designer@0.3.0,r,cran,designer,0.3.0,https://cran.r-project.org/src/contrib/designer_0.3.0.tar.gz,CRAN PACKAGES.gz,tar.gz
cran:desk@1.1.2,r,cran,desk,1.1.2,https://cran.r-project.org/src/contrib/desk_1.1.2.tar.gz,CRAN PACKAGES.gz,tar.gz
cran:detectseparation@0.4.0,r,cran,detectseparation,0.4.0,https://cran.r-project.org/src/contrib/detectseparation_0.4.0.tar.gz,CRAN PACKAGES.gz,tar.gz
cran:detzrcr@0.3.3,r,cran,detzrcr,0.3.3,https://cran.r-project.org/src/contrib/detzrcr_0.3.3.tar.gz,CRAN PACKAGES.gz,tar.gz
cran:dfeR@1.0.1,r,cran,dfeR,1.0.1,https://cran.r-project.org/src/contrib/dfeR_1.0.1.tar.gz,CRAN PACKAGES.gz,tar.gz
cran:dfidx@0.2-0,r,cran,dfidx,0.2-0,https://cran.r-project.org/src/contrib/dfidx_0.2-0.tar.gz,CRAN PACKAGES.gz,tar.gz
cran:dfphase1@1.2.0,r,cran,dfphase1,1.2.0,https://cran.r-project.org/src/contrib/dfphase1_1.2.0.tar.gz,CRAN PACKAGES.gz,tar.gz
cran:dhga@0.1,r,cran,dhga,0.1,https://cran.r-project.org/src/contrib/dhga_0.1.tar.gz,CRAN PACKAGES.gz,tar.gz
cran:di@1.1.4,r,cran,di,1.1.4,https://cran.r-project.org/src/contrib/di_1.1.4.tar.gz,CRAN PACKAGES.gz,tar.gz
cran:diffIRT@1.5,r,cran,diffIRT,1.5,https://cran.r-project.org/src/contrib/diffIRT_1.5.tar.gz,CRAN PACKAGES.gz,tar.gz
cran:diffdriver@0.1.7,r,cran,diffdriver,0.1.7,https://cran.r-project.org/src/contrib/diffdriver_0.1.7.tar.gz,CRAN PACKAGES.gz,tar.gz
cran:digiNORM@0.1.0,r,cran,digiNORM,0.1.0,https://cran.r-project.org/src/contrib/digiNORM_0.1.0.tar.gz,CRAN PACKAGES.gz,tar.gz
cran:dipsaus@0.3.5,r,cran,dipsaus,0.3.5,https://cran.r-project.org/src/contrib/dipsaus_0.3.5.tar.gz,CRAN PACKAGES.gz,tar.gz
cran:directAgeStd@0.0.2,r,cran,directAgeStd,0.0.2,https://cran.r-project.org/src/contrib/directAgeStd_0.0.2.tar.gz,CRAN PACKAGES.gz,tar.gz
cran:discoveR@3.1.7,r,cran,discoveR,3.1.7,https://cran.r-project.org/src/contrib/discoveR_3.1.7.tar.gz,CRAN PACKAGES.gz,tar.gz
cran:discovr@1.0.0,r,cran,discovr,1.0.0,https://cran.r-project.org/src/contrib/discovr_1.0.0.tar.gz,CRAN PACKAGES.gz,tar.gz
cran:dismo@1.3-16,r,cran,dismo,1.3-16,https://cran.r-project.org/src/contrib/dismo_1.3-16.tar.gz,CRAN PACKAGES.gz,tar.gz
cran:dissever@0.2-3,r,cran,dissever,0.2-3,https://cran.r-project.org/src/contrib/dissever_0.2-3.tar.gz,CRAN PACKAGES.gz,tar.gz
cran:dissimilarities@0.3.0,r,cran,dissimilarities,0.3.0,https://cran.r-project.org/src/contrib/dissimilarities_0.3.0.tar.gz,CRAN PACKAGES.gz,tar.gz
cran:distdichoR@0.1-1,r,cran,distdichoR,0.1-1,https://cran.r-project.org/src/contrib/distdichoR_0.1-1.tar.gz,CRAN PACKAGES.gz,tar.gz
cran:distillery@1.2-2,r,cran,distillery,1.2-2,https://cran.r-project.org/src/contrib/distillery_1.2-2.tar.gz,CRAN PACKAGES.gz,tar.gz
cran:distplyr@0.2.0,r,cran,distplyr,0.2.0,https://cran.r-project.org/src/contrib/distplyr_0.2.0.tar.gz,CRAN PACKAGES.gz,tar.gz
cran:distrDoc@2.8.5,r,cran,distrDoc,2.8.5,https://cran.r-project.org/src/contrib/distrDoc_2.8.5.tar.gz,CRAN PACKAGES.gz,tar.gz
cran:distributions3@0.3.0,r,cran,distributions3,0.3.0,https://cran.r-project.org/src/contrib/distributions3_0.3.0.tar.gz,CRAN PACKAGES.gz,tar.gz
cran:divDyn@0.8.3,r,cran,divDyn,0.8.3,https://cran.r-project.org/src/contrib/divDyn_0.8.3.tar.gz,CRAN PACKAGES.gz,tar.gz
cran:diversitree@0.10-1,r,cran,diversitree,0.10-1,https://cran.r-project.org/src/contrib/diversitree_0.10-1.tar.gz,CRAN PACKAGES.gz,tar.gz
cran:diversityArch@0.4.0,r,cran,diversityArch,0.4.0,https://cran.r-project.org/src/contrib/diversityArch_0.4.0.tar.gz,CRAN PACKAGES.gz,tar.gz
cran:dlmwwbe@0.1.0,r,cran,dlmwwbe,0.1.0,https://cran.r-project.org/src/contrib/dlmwwbe_0.1.0.tar.gz,CRAN PACKAGES.gz,tar.gz
cran:doRedis@3.0.3,r,cran,doRedis,3.0.3,https://cran.r-project.org/src/contrib/doRedis_3.0.3.tar.gz,CRAN PACKAGES.gz,tar.gz
cran:doclisting@0.1.0,r,cran,doclisting,0.1.0,https://cran.r-project.org/src/contrib/doclisting_0.1.0.tar.gz,CRAN PACKAGES.gz,tar.gz
cran:dormancy@0.1.0,r,cran,dormancy,0.1.0,https://cran.r-project.org/src/contrib/dormancy_0.1.0.tar.gz,CRAN PACKAGES.gz,tar.gz
cran:dosearch@1.0.12,r,cran,dosearch,1.0.12,https://cran.r-project.org/src/contrib/dosearch_1.0.12.tar.gz,CRAN PACKAGES.gz,tar.gz
cran:dotprofile@0.0.1,r,cran,dotprofile,0.0.1,https://cran.r-project.org/src/contrib/dotprofile_0.0.1.tar.gz,CRAN PACKAGES.gz,tar.gz
cran:dowser@2.5.1,r,cran,dowser,2.5.1,https://cran.r-project.org/src/contrib/dowser_2.5.1.tar.gz,CRAN PACKAGES.gz,tar.gz
cran:dpseg@0.1.1,r,cran,dpseg,0.1.1,https://cran.r-project.org/src/contrib/dpseg_0.1.1.tar.gz,CRAN PACKAGES.gz,tar.gz
cran:dr4pl@2.0.0,r,cran,dr4pl,2.0.0,https://cran.r-project.org/src/contrib/dr4pl_2.0.0.tar.gz,CRAN PACKAGES.gz,tar.gz
cran:dragracer@0.1.7,r,cran,dragracer,0.1.7,https://cran.r-project.org/src/contrib/dragracer_0.1.7.tar.gz,CRAN PACKAGES.gz,tar.gz
cran:drda@2.0.5,r,cran,drda,2.0.5,https://cran.r-project.org/src/contrib/drda_2.0.5.tar.gz,CRAN PACKAGES.gz,tar.gz
cran:drhutools@1.1.1,r,cran,drhutools,1.1.1,https://cran.r-project.org/src/contrib/drhutools_1.1.1.tar.gz,CRAN PACKAGES.gz,tar.gz
cran:drmeta@0.2.2,r,cran,drmeta,0.2.2,https://cran.r-project.org/src/contrib/drmeta_0.2.2.tar.gz,CRAN PACKAGES.gz,tar.gz
cran:dsb@2.0.1,r,cran,dsb,2.0.1,https://cran.r-project.org/src/contrib/dsb_2.0.1.tar.gz,CRAN PACKAGES.gz,tar.gz
cran:dsrTest@1.0.0,r,cran,dsrTest,1.0.0,https://cran.r-project.org/src/contrib/dsrTest_1.0.0.tar.gz,CRAN PACKAGES.gz,tar.gz
cran:dstat2x2xk@0.2.0,r,cran,dstat2x2xk,0.2.0,https://cran.r-project.org/src/contrib/dstat2x2xk_0.2.0.tar.gz,CRAN PACKAGES.gz,tar.gz
cran:dtangle@2.0.10,r,cran,dtangle,2.0.10,https://cran.r-project.org/src/contrib/dtangle_2.0.10.tar.gz,CRAN PACKAGES.gz,tar.gz
cran:dtgiw@1.1.0,r,cran,dtgiw,1.1.0,https://cran.r-project.org/src/contrib/dtgiw_1.1.0.tar.gz,CRAN PACKAGES.gz,tar.gz
cran:dtplyr@1.3.3,r,cran,dtplyr,1.3.3,https://cran.r-project.org/src/contrib/dtplyr_1.3.3.tar.gz,CRAN PACKAGES.gz,tar.gz
cran:dwmmlRidge@0.1.1,r,cran,dwmmlRidge,0.1.1,https://cran.r-project.org/src/contrib/dwmmlRidge_0.1.1.tar.gz,CRAN PACKAGES.gz,tar.gz
cran:dycdtools@0.4.4,r,cran,dycdtools,0.4.4,https://cran.r-project.org/src/contrib/dycdtools_0.4.4.tar.gz,CRAN PACKAGES.gz,tar.gz
cran:dyn@0.2-9.6,r,cran,dyn,0.2-9.6,https://cran.r-project.org/src/contrib/dyn_0.2-9.6.tar.gz,CRAN PACKAGES.gz,tar.gz
cran:dynConfiR@1.1.1,r,cran,dynConfiR,1.1.1,https://cran.r-project.org/src/contrib/dynConfiR_1.1.1.tar.gz,CRAN PACKAGES.gz,tar.gz
cran:dynRB@0.19,r,cran,dynRB,0.19,https://cran.r-project.org/src/contrib/dynRB_0.19.tar.gz,CRAN PACKAGES.gz,tar.gz
cran:dynparam@1.0.2,r,cran,dynparam,1.0.2,https://cran.r-project.org/src/contrib/dynparam_1.0.2.tar.gz,CRAN PACKAGES.gz,tar.gz
cran:dynsurv@0.4-7,r,cran,dynsurv,0.4-7,https://cran.r-project.org/src/contrib/dynsurv_0.4-7.tar.gz,CRAN PACKAGES.gz,tar.gz
cran:eFRED@0.1.0,r,cran,eFRED,0.1.0,https://cran.r-project.org/src/contrib/eFRED_0.1.0.tar.gz,CRAN PACKAGES.gz,tar.gz
cran:eaf@2.5.2,r,cran,eaf,2.5.2,https://cran.r-project.org/src/contrib/eaf_2.5.2.tar.gz,CRAN PACKAGES.gz,tar.gz
cran:earthUI@0.8.0,r,cran,earthUI,0.8.0,https://cran.r-project.org/src/contrib/earthUI_0.8.0.tar.gz,CRAN PACKAGES.gz,tar.gz
cran:easy.glmnet@1.1,r,cran,easy.glmnet,1.1,https://cran.r-project.org/src/contrib/easy.glmnet_1.1.tar.gz,CRAN PACKAGES.gz,tar.gz
cran:easyPSID@0.1.3,r,cran,easyPSID,0.1.3,https://cran.r-project.org/src/contrib/easyPSID_0.1.3.tar.gz,CRAN PACKAGES.gz,tar.gz
cran:easySVG@0.1.0,r,cran,easySVG,0.1.0,https://cran.r-project.org/src/contrib/easySVG_0.1.0.tar.gz,CRAN PACKAGES.gz,tar.gz
cran:easyanova@11.0,r,cran,easyanova,11.0,https://cran.r-project.org/src/contrib/easyanova_11.0.tar.gz,CRAN PACKAGES.gz,tar.gz
cran:eatTools@0.7.9,r,cran,eatTools,0.7.9,https://cran.r-project.org/src/contrib/eatTools_0.7.9.tar.gz,CRAN PACKAGES.gz,tar.gz
cran:ebdm@3.0.1,r,cran,ebdm,3.0.1,https://cran.r-project.org/src/contrib/ebdm_3.0.1.tar.gz,CRAN PACKAGES.gz,tar.gz
cran:ebmstate@0.1.5,r,cran,ebmstate,0.1.5,https://cran.r-project.org/src/contrib/ebmstate_0.1.5.tar.gz,CRAN PACKAGES.gz,tar.gz
cran:ebvcube@0.5.3,r,cran,ebvcube,0.5.3,https://cran.r-project.org/src/contrib/ebvcube_0.5.3.tar.gz,CRAN PACKAGES.gz,tar.gz
cran:ecic@0.0.4,r,cran,ecic,0.0.4,https://cran.r-project.org/src/contrib/ecic_0.0.4.tar.gz,CRAN PACKAGES.gz,tar.gz
cran:ecocomDP@1.3.2,r,cran,ecocomDP,1.3.2,https://cran.r-project.org/src/contrib/ecocomDP_1.3.2.tar.gz,CRAN PACKAGES.gz,tar.gz
cran:ecode@0.1.0,r,cran,ecode,0.1.0,https://cran.r-project.org/src/contrib/ecode_0.1.0.tar.gz,CRAN PACKAGES.gz,tar.gz
cran:ecolMod@1.2.6.4,r,cran,ecolMod,1.2.6.4,https://cran.r-project.org/src/contrib/ecolMod_1.2.6.4.tar.gz,CRAN PACKAGES.gz,tar.gz
cran:econdataverse@0.1.2,r,cran,econdataverse,0.1.2,https://cran.r-project.org/src/contrib/econdataverse_0.1.2.tar.gz,CRAN PACKAGES.gz,tar.gz
cran:ecpromethee@0.1.0,r,cran,ecpromethee,0.1.0,https://cran.r-project.org/src/contrib/ecpromethee_0.1.0.tar.gz,CRAN PACKAGES.gz,tar.gz
cran:edecob@1.2.2,r,cran,edecob,1.2.2,https://cran.r-project.org/src/contrib/edecob_1.2.2.tar.gz,CRAN PACKAGES.gz,tar.gz
cran:edfinr@0.2.0,r,cran,edfinr,0.2.0,https://cran.r-project.org/src/contrib/edfinr_0.2.0.tar.gz,CRAN PACKAGES.gz,tar.gz
cran:edgebundle@1.0.0,r,cran,edgebundle,1.0.0,https://cran.r-project.org/src/contrib/edgebundle_1.0.0.tar.gz,CRAN PACKAGES.gz,tar.gz
cran:edgedata@0.2.0,r,cran,edgedata,0.2.0,https://cran.r-project.org/src/contrib/edgedata_0.2.0.tar.gz,CRAN PACKAGES.gz,tar.gz
cran:edstan@1.1.0,r,cran,edstan,1.1.0,https://cran.r-project.org/src/contrib/edstan_1.1.0.tar.gz,CRAN PACKAGES.gz,tar.gz
cran:educationdata@0.1.5,r,cran,educationdata,0.1.5,https://cran.r-project.org/src/contrib/educationdata_0.1.5.tar.gz,CRAN PACKAGES.gz,tar.gz
cran:eiPack@0.2-2,r,cran,eiPack,0.2-2,https://cran.r-project.org/src/contrib/eiPack_0.2-2.tar.gz,CRAN PACKAGES.gz,tar.gz
cran:electsys21@0.1.0,r,cran,electsys21,0.1.0,https://cran.r-project.org/src/contrib/electsys21_0.1.0.tar.gz,CRAN PACKAGES.gz,tar.gz
cran:elexr@1.0,r,cran,elexr,1.0,https://cran.r-project.org/src/contrib/elexr_1.0.tar.gz,CRAN PACKAGES.gz,tar.gz
cran:emBALVI@0.1.0,r,cran,emBALVI,0.1.0,https://cran.r-project.org/src/contrib/emBALVI_0.1.0.tar.gz,CRAN PACKAGES.gz,tar.gz
cran:emoa@0.5-3,r,cran,emoa,0.5-3,https://cran.r-project.org/src/contrib/emoa_0.5-3.tar.gz,CRAN PACKAGES.gz,tar.gz
cran:emphatic@0.1.8,r,cran,emphatic,0.1.8,https://cran.r-project.org/src/contrib/emphatic_0.1.8.tar.gz,CRAN PACKAGES.gz,tar.gz
cran:emplik@1.3-3,r,cran,emplik,1.3-3,https://cran.r-project.org/src/contrib/emplik_1.3-3.tar.gz,CRAN PACKAGES.gz,tar.gz
cran:emplikCS@0.4,r,cran,emplikCS,0.4,https://cran.r-project.org/src/contrib/emplikCS_0.4.tar.gz,CRAN PACKAGES.gz,tar.gz
cran:emstreeR@3.2.0,r,cran,emstreeR,3.2.0,https://cran.r-project.org/src/contrib/emstreeR_3.2.0.tar.gz,CRAN PACKAGES.gz,tar.gz
cran:encode@0.3.7,r,cran,encode,0.3.7,https://cran.r-project.org/src/contrib/encode_0.3.7.tar.gz,CRAN PACKAGES.gz,tar.gz
cran:enviPat@2.8,r,cran,enviPat,2.8,https://cran.r-project.org/src/contrib/enviPat_2.8.tar.gz,CRAN PACKAGES.gz,tar.gz
cran:epitools@0.5-10.1,r,cran,epitools,0.5-10.1,https://cran.r-project.org/src/contrib/epitools_0.5-10.1.tar.gz,CRAN PACKAGES.gz,tar.gz
cran:epitrix@0.4.1,r,cran,epitrix,0.4.1,https://cran.r-project.org/src/contrib/epitrix_0.4.1.tar.gz,CRAN PACKAGES.gz,tar.gz
cran:epo@0.1.0,r,cran,epo,0.1.0,https://cran.r-project.org/src/contrib/epo_0.1.0.tar.gz,CRAN PACKAGES.gz,tar.gz
cran:equateMultiple@1.1.3,r,cran,equateMultiple,1.1.3,https://cran.r-project.org/src/contrib/equateMultiple_1.1.3.tar.gz,CRAN PACKAGES.gz,tar.gz
cran:ergmharris@1.0,r,cran,ergmharris,1.0,https://cran.r-project.org/src/contrib/ergmharris_1.0.tar.gz,CRAN PACKAGES.gz,tar.gz
cran:ergmito@0.3-2,r,cran,ergmito,0.3-2,https://cran.r-project.org/src/contrib/ergmito_0.3-2.tar.gz,CRAN PACKAGES.gz,tar.gz
cran:erify@0.6.0,r,cran,erify,0.6.0,https://cran.r-project.org/src/contrib/erify_0.6.0.tar.gz,CRAN PACKAGES.gz,tar.gz
cran:ervissexplore@0.1.0,r,cran,ervissexplore,0.1.0,https://cran.r-project.org/src/contrib/ervissexplore_0.1.0.tar.gz,CRAN PACKAGES.gz,tar.gz
cran:esemifar@2.0.1,r,cran,esemifar,2.0.1,https://cran.r-project.org/src/contrib/esemifar_2.0.1.tar.gz,CRAN PACKAGES.gz,tar.gz
cran:esmisc@0.0.3,r,cran,esmisc,0.0.3,https://cran.r-project.org/src/contrib/esmisc_0.0.3.tar.gz,CRAN PACKAGES.gz,tar.gz
cran:etl@0.4.3,r,cran,etl,0.4.3,https://cran.r-project.org/src/contrib/etl_0.4.3.tar.gz,CRAN PACKAGES.gz,tar.gz
cran:etrader@0.1.5,r,cran,etrader,0.1.5,https://cran.r-project.org/src/contrib/etrader_0.1.5.tar.gz,CRAN PACKAGES.gz,tar.gz
cran:eudract@1.1.1,r,cran,eudract,1.1.1,https://cran.r-project.org/src/contrib/eudract_1.1.1.tar.gz,CRAN PACKAGES.gz,tar.gz
cran:evabic@0.1.4,r,cran,evabic,0.1.4,https://cran.r-project.org/src/contrib/evabic_0.1.4.tar.gz,CRAN PACKAGES.gz,tar.gz
cran:eventstream@0.1.1,r,cran,eventstream,0.1.1,https://cran.r-project.org/src/contrib/eventstream_0.1.1.tar.gz,CRAN PACKAGES.gz,tar.gz
cran:exams@2.4-4,r,cran,exams,2.4-4,https://cran.r-project.org/src/contrib/exams_2.4-4.tar.gz,CRAN PACKAGES.gz,tar.gz
cran:exams2learnr@0.1-1,r,cran,exams2learnr,0.1-1,https://cran.r-project.org/src/contrib/exams2learnr_0.1-1.tar.gz,CRAN PACKAGES.gz,tar.gz
cran:exdqlm@1.1.1,r,cran,exdqlm,1.1.1,https://cran.r-project.org/src/contrib/exdqlm_1.1.1.tar.gz,CRAN PACKAGES.gz,tar.gz
cran:executablePackeR@0.0.2,r,cran,executablePackeR,0.0.2,https://cran.r-project.org/src/contrib/executablePackeR_0.0.2.tar.gz,CRAN PACKAGES.gz,tar.gz
cran:expSBM@1.3.6,r,cran,expSBM,1.3.6,https://cran.r-project.org/src/contrib/expSBM_1.3.6.tar.gz,CRAN PACKAGES.gz,tar.gz
cran:exteriorMatch@1.0.0,r,cran,exteriorMatch,1.0.0,https://cran.r-project.org/src/contrib/exteriorMatch_1.0.0.tar.gz,CRAN PACKAGES.gz,tar.gz
cran:extraoperators@0.4.0,r,cran,extraoperators,0.4.0,https://cran.r-project.org/src/contrib/extraoperators_0.4.0.tar.gz,CRAN PACKAGES.gz,tar.gz
cran:fImport@4052.89,r,cran,fImport,4052.89,https://cran.r-project.org/src/contrib/fImport_4052.89.tar.gz,CRAN PACKAGES.gz,tar.gz
cran:fPASS@1.0.0,r,cran,fPASS,1.0.0,https://cran.r-project.org/src/contrib/fPASS_1.0.0.tar.gz,CRAN PACKAGES.gz,tar.gz
cran:fRLR@1.3.0,r,cran,fRLR,1.3.0,https://cran.r-project.org/src/contrib/fRLR_1.3.0.tar.gz,CRAN PACKAGES.gz,tar.gz
cran:fUnitRoots@4052.82,r,cran,fUnitRoots,4052.82,https://cran.r-project.org/src/contrib/fUnitRoots_4052.82.tar.gz,CRAN PACKAGES.gz,tar.gz
cran:factiv@0.1.0,r,cran,factiv,0.1.0,https://cran.r-project.org/src/contrib/factiv_0.1.0.tar.gz,CRAN PACKAGES.gz,tar.gz
cran:factorH@0.6.0,r,cran,factorH,0.6.0,https://cran.r-project.org/src/contrib/factorH_0.6.0.tar.gz,CRAN PACKAGES.gz,tar.gz
cran:falsifyr@1.0.0,r,cran,falsifyr,1.0.0,https://cran.r-project.org/src/contrib/falsifyr_1.0.0.tar.gz,CRAN PACKAGES.gz,tar.gz
cran:fam.recrisk@0.1,r,cran,fam.recrisk,0.1,https://cran.r-project.org/src/contrib/fam.recrisk_0.1.tar.gz,CRAN PACKAGES.gz,tar.gz
cran:fastGraph@2.1,r,cran,fastGraph,2.1,https://cran.r-project.org/src/contrib/fastGraph_2.1.tar.gz,CRAN PACKAGES.gz,tar.gz
cran:fastICA@1.2-8,r,cran,fastICA,1.2-8,https://cran.r-project.org/src/contrib/fastICA_1.2-8.tar.gz,CRAN PACKAGES.gz,tar.gz
cran:fastlogitME@0.1.0,r,cran,fastlogitME,0.1.0,https://cran.r-project.org/src/contrib/fastlogitME_0.1.0.tar.gz,CRAN PACKAGES.gz,tar.gz
cran:fastml@0.7.10,r,cran,fastml,0.7.10,https://cran.r-project.org/src/contrib/fastml_0.7.10.tar.gz,CRAN PACKAGES.gz,tar.gz
cran:fat2Lpoly@1.2.6,r,cran,fat2Lpoly,1.2.6,https://cran.r-project.org/src/contrib/fat2Lpoly_1.2.6.tar.gz,CRAN PACKAGES.gz,tar.gz
cran:fb4package@2.1.0,r,cran,fb4package,2.1.0,https://cran.r-project.org/src/contrib/fb4package_2.1.0.tar.gz,CRAN PACKAGES.gz,tar.gz
cran:fbst@2.2,r,cran,fbst,2.2,https://cran.r-project.org/src/contrib/fbst_2.2.tar.gz,CRAN PACKAGES.gz,tar.gz
cran:fcaR@2.1.0,r,cran,fcaR,2.1.0,https://cran.r-project.org/src/contrib/fcaR_2.1.0.tar.gz,CRAN PACKAGES.gz,tar.gz
cran:fcuk@0.2.0,r,cran,fcuk,0.2.0,https://cran.r-project.org/src/contrib/fcuk_0.2.0.tar.gz,CRAN PACKAGES.gz,tar.gz
cran:fdadensity@0.1.4,r,cran,fdadensity,0.1.4,https://cran.r-project.org/src/contrib/fdadensity_0.1.4.tar.gz,CRAN PACKAGES.gz,tar.gz
cran:fdasrvf@2.4.4,r,cran,fdasrvf,2.4.4,https://cran.r-project.org/src/contrib/fdasrvf_2.4.4.tar.gz,CRAN PACKAGES.gz,tar.gz
cran:fdesigns@1.2,r,cran,fdesigns,1.2,https://cran.r-project.org/src/contrib/fdesigns_1.2.tar.gz,CRAN PACKAGES.gz,tar.gz
cran:fdid@1.0.2,r,cran,fdid,1.0.2,https://cran.r-project.org/src/contrib/fdid_1.0.2.tar.gz,CRAN PACKAGES.gz,tar.gz
cran:fds@1.9,r,cran,fds,1.9,https://cran.r-project.org/src/contrib/fds_1.9.tar.gz,CRAN PACKAGES.gz,tar.gz
cran:feather@0.4.0,r,cran,feather,0.4.0,https://cran.r-project.org/src/contrib/feather_0.4.0.tar.gz,CRAN PACKAGES.gz,tar.gz
cran:feltr@0.1.0,r,cran,feltr,0.1.0,https://cran.r-project.org/src/contrib/feltr_0.1.0.tar.gz,CRAN PACKAGES.gz,tar.gz
cran:fgeo.x@1.1.4,r,cran,fgeo.x,1.1.4,https://cran.r-project.org/src/contrib/fgeo.x_1.1.4.tar.gz,CRAN PACKAGES.gz,tar.gz
cran:fiber@0.2.0,r,cran,fiber,0.2.0,https://cran.r-project.org/src/contrib/fiber_0.2.0.tar.gz,CRAN PACKAGES.gz,tar.gz
cran:filebin@0.0.6,r,cran,filebin,0.0.6,https://cran.r-project.org/src/contrib/filebin_0.0.6.tar.gz,CRAN PACKAGES.gz,tar.gz
cran:findn@0.2.0,r,cran,findn,0.2.0,https://cran.r-project.org/src/contrib/findn_0.2.0.tar.gz,CRAN PACKAGES.gz,tar.gz
cran:fio@1.1.0,r,cran,fio,1.1.0,https://cran.r-project.org/src/contrib/fio_1.1.0.tar.gz,CRAN PACKAGES.gz,tar.gz
cran:fitbitScraper@0.1.8,r,cran,fitbitScraper,0.1.8,https://cran.r-project.org/src/contrib/fitbitScraper_0.1.8.tar.gz,CRAN PACKAGES.gz,tar.gz
cran:fitmix@0.1.1,r,cran,fitmix,0.1.1,https://cran.r-project.org/src/contrib/fitmix_0.1.1.tar.gz,CRAN PACKAGES.gz,tar.gz
cran:fitnmr@1.0,r,cran,fitnmr,1.0,https://cran.r-project.org/src/contrib/fitnmr_1.0.tar.gz,CRAN PACKAGES.gz,tar.gz
cran:fkbma@0.2.0,r,cran,fkbma,0.2.0,https://cran.r-project.org/src/contrib/fkbma_0.2.0.tar.gz,CRAN PACKAGES.gz,tar.gz
cran:flassomsm@0.1.0,r,cran,flassomsm,0.1.0,https://cran.r-project.org/src/contrib/flassomsm_0.1.0.tar.gz,CRAN PACKAGES.gz,tar.gz
cran:flexBART@2.0.3,r,cran,flexBART,2.0.3,https://cran.r-project.org/src/contrib/flexBART_2.0.3.tar.gz,CRAN PACKAGES.gz,tar.gz
cran:flexFitR@1.2.4,r,cran,flexFitR,1.2.4,https://cran.r-project.org/src/contrib/flexFitR_1.2.4.tar.gz,CRAN PACKAGES.gz,tar.gz
cran:flexmet@1.1,r,cran,flexmet,1.1,https://cran.r-project.org/src/contrib/flexmet_1.1.tar.gz,CRAN PACKAGES.gz,tar.gz
cran:flexsiteboard@0.0.7,r,cran,flexsiteboard,0.0.7,https://cran.r-project.org/src/contrib/flexsiteboard_0.0.7.tar.gz,CRAN PACKAGES.gz,tar.gz
cran:floodflow@0.1.1,r,cran,floodflow,0.1.1,https://cran.r-project.org/src/contrib/floodflow_0.1.1.tar.gz,CRAN PACKAGES.gz,tar.gz
cran:fmesher@0.8.0,r,cran,fmesher,0.8.0,https://cran.r-project.org/src/contrib/fmesher_0.8.0.tar.gz,CRAN PACKAGES.gz,tar.gz
cran:fmtr@1.7.3,r,cran,fmtr,1.7.3,https://cran.r-project.org/src/contrib/fmtr_1.7.3.tar.gz,CRAN PACKAGES.gz,tar.gz
cran:fomantic.plus@0.1.0,r,cran,fomantic.plus,0.1.0,https://cran.r-project.org/src/contrib/fomantic.plus_0.1.0.tar.gz,CRAN PACKAGES.gz,tar.gz
cran:fonctionr@0.5.1,r,cran,fonctionr,0.5.1,https://cran.r-project.org/src/contrib/fonctionr_0.5.1.tar.gz,CRAN PACKAGES.gz,tar.gz
cran:forecastHybrid@5.1.21,r,cran,forecastHybrid,5.1.21,https://cran.r-project.org/src/contrib/forecastHybrid_5.1.21.tar.gz,CRAN PACKAGES.gz,tar.gz
cran:formatR@1.14,r,cran,formatR,1.14,https://cran.r-project.org/src/contrib/formatR_1.14.tar.gz,CRAN PACKAGES.gz,tar.gz
cran:fplyr@1.3.0,r,cran,fplyr,1.3.0,https://cran.r-project.org/src/contrib/fplyr_1.3.0.tar.gz,CRAN PACKAGES.gz,tar.gz
cran:fracprolif@1.0.7,r,cran,fracprolif,1.0.7,https://cran.r-project.org/src/contrib/fracprolif_1.0.7.tar.gz,CRAN PACKAGES.gz,tar.gz
cran:fractional@0.1.3,r,cran,fractional,0.1.3,https://cran.r-project.org/src/contrib/fractional_0.1.3.tar.gz,CRAN PACKAGES.gz,tar.gz
cran:frair@0.5.203,r,cran,frair,0.5.203,https://cran.r-project.org/src/contrib/frair_0.5.203.tar.gz,CRAN PACKAGES.gz,tar.gz
cran:freqtables@0.1.1,r,cran,freqtables,0.1.1,https://cran.r-project.org/src/contrib/freqtables_0.1.1.tar.gz,CRAN PACKAGES.gz,tar.gz
cran:frontier@1.1-8,r,cran,frontier,1.1-8,https://cran.r-project.org/src/contrib/frontier_1.1-8.tar.gz,CRAN PACKAGES.gz,tar.gz
cran:frscore@0.5.2,r,cran,frscore,0.5.2,https://cran.r-project.org/src/contrib/frscore_0.5.2.tar.gz,CRAN PACKAGES.gz,tar.gz
cran:fru@1.0.0,r,cran,fru,1.0.0,https://cran.r-project.org/src/contrib/fru_1.0.0.tar.gz,CRAN PACKAGES.gz,tar.gz
cran:fscache@1.0.5,r,cran,fscache,1.0.5,https://cran.r-project.org/src/contrib/fscache_1.0.5.tar.gz,CRAN PACKAGES.gz,tar.gz
cran:fscontext@0.2.1,r,cran,fscontext,0.2.1,https://cran.r-project.org/src/contrib/fscontext_0.2.1.tar.gz,CRAN PACKAGES.gz,tar.gz
cran:fsemipar@1.1.1,r,cran,fsemipar,1.1.1,https://cran.r-project.org/src/contrib/fsemipar_1.1.1.tar.gz,CRAN PACKAGES.gz,tar.gz
cran:fsia@1.1.1,r,cran,fsia,1.1.1,https://cran.r-project.org/src/contrib/fsia_1.1.1.tar.gz,CRAN PACKAGES.gz,tar.gz
cran:fspe@0.1.2,r,cran,fspe,0.1.2,https://cran.r-project.org/src/contrib/fspe_0.1.2.tar.gz,CRAN PACKAGES.gz,tar.gz
cran:fullROC@0.1.0,r,cran,fullROC,0.1.0,https://cran.r-project.org/src/contrib/fullROC_0.1.0.tar.gz,CRAN PACKAGES.gz,tar.gz
cran:funModeling@1.9.6,r,cran,funModeling,1.9.6,https://cran.r-project.org/src/contrib/funModeling_1.9.6.tar.gz,CRAN PACKAGES.gz,tar.gz
cran:funbiogeo@0.0.1,r,cran,funbiogeo,0.0.1,https://cran.r-project.org/src/contrib/funbiogeo_0.0.1.tar.gz,CRAN PACKAGES.gz,tar.gz
cran:fungible@2.4.7,r,cran,fungible,2.4.7,https://cran.r-project.org/src/contrib/fungible_2.4.7.tar.gz,CRAN PACKAGES.gz,tar.gz
cran:funkycells@1.1.1,r,cran,funkycells,1.1.1,https://cran.r-project.org/src/contrib/funkycells_1.1.1.tar.gz,CRAN PACKAGES.gz,tar.gz
cran:funneljoin@0.2.0,r,cran,funneljoin,0.2.0,https://cran.r-project.org/src/contrib/funneljoin_0.2.0.tar.gz,CRAN PACKAGES.gz,tar.gz
cran:furrr@0.4.0,r,cran,furrr,0.4.0,https://cran.r-project.org/src/contrib/furrr_0.4.0.tar.gz,CRAN PACKAGES.gz,tar.gz
cran:fusedTree@1.1.0,r,cran,fusedTree,1.1.0,https://cran.r-project.org/src/contrib/fusedTree_1.1.0.tar.gz,CRAN PACKAGES.gz,tar.gz
cran:future@1.75.0,r,cran,future,1.75.0,https://cran.r-project.org/src/contrib/future_1.75.0.tar.gz,CRAN PACKAGES.gz,tar.gz
cran:future.batchtools@0.22.0,r,cran,future.batchtools,0.22.0,https://cran.r-project.org/src/contrib/future.batchtools_0.22.0.tar.gz,CRAN PACKAGES.gz,tar.gz
cran:futureverse@0.3.0,r,cran,futureverse,0.3.0,https://cran.r-project.org/src/contrib/futureverse_0.3.0.tar.gz,CRAN PACKAGES.gz,tar.gz
cran:fuzzyforest@1.0.8,r,cran,fuzzyforest,1.0.8,https://cran.r-project.org/src/contrib/fuzzyforest_1.0.8.tar.gz,CRAN PACKAGES.gz,tar.gz
cran:fwb@0.6.0,r,cran,fwb,0.6.0,https://cran.r-project.org/src/contrib/fwb_0.6.0.tar.gz,CRAN PACKAGES.gz,tar.gz
cran:fwlplot@0.3.0,r,cran,fwlplot,0.3.0,https://cran.r-project.org/src/contrib/fwlplot_0.3.0.tar.gz,CRAN PACKAGES.gz,tar.gz
cran:gageRR@0.1.0,r,cran,gageRR,0.1.0,https://cran.r-project.org/src/contrib/gageRR_0.1.0.tar.gz,CRAN PACKAGES.gz,tar.gz
cran:galaxias@0.1.2,r,cran,galaxias,0.1.2,https://cran.r-project.org/src/contrib/galaxias_0.1.2.tar.gz,CRAN PACKAGES.gz,tar.gz
cran:gamesGA@1.1.3.7,r,cran,gamesGA,1.1.3.7,https://cran.r-project.org/src/contrib/gamesGA_1.1.3.7.tar.gz,CRAN PACKAGES.gz,tar.gz
cran:ganDataModel@2.0.1,r,cran,ganDataModel,2.0.1,https://cran.r-project.org/src/contrib/ganDataModel_2.0.1.tar.gz,CRAN PACKAGES.gz,tar.gz
cran:gasper@1.1.6,r,cran,gasper,1.1.6,https://cran.r-project.org/src/contrib/gasper_1.1.6.tar.gz,CRAN PACKAGES.gz,tar.gz
cran:gateR@0.1.16,r,cran,gateR,0.1.16,https://cran.r-project.org/src/contrib/gateR_0.1.16.tar.gz,CRAN PACKAGES.gz,tar.gz
cran:gaussratiovegind@3.0.0,r,cran,gaussratiovegind,3.0.0,https://cran.r-project.org/src/contrib/gaussratiovegind_3.0.0.tar.gz,CRAN PACKAGES.gz,tar.gz
cran:gcTensor@1.0.0,r,cran,gcTensor,1.0.0,https://cran.r-project.org/src/contrib/gcTensor_1.0.0.tar.gz,CRAN PACKAGES.gz,tar.gz
cran:gcite@0.11.0,r,cran,gcite,0.11.0,https://cran.r-project.org/src/contrib/gcite_0.11.0.tar.gz,CRAN PACKAGES.gz,tar.gz
cran:gclus@1.3.3,r,cran,gclus,1.3.3,https://cran.r-project.org/src/contrib/gclus_1.3.3.tar.gz,CRAN PACKAGES.gz,tar.gz
cran:gcomputation@0.34,r,cran,gcomputation,0.34,https://cran.r-project.org/src/contrib/gcomputation_0.34.tar.gz,CRAN PACKAGES.gz,tar.gz
cran:gcor@0.1.0,r,cran,gcor,0.1.0,https://cran.r-project.org/src/contrib/gcor_0.1.0.tar.gz,CRAN PACKAGES.gz,tar.gz
cran:gctsc@0.2.5,r,cran,gctsc,0.2.5,https://cran.r-project.org/src/contrib/gctsc_0.2.5.tar.gz,CRAN PACKAGES.gz,tar.gz
cran:gdalcubes@0.7.4,r,cran,gdalcubes,0.7.4,https://cran.r-project.org/src/contrib/gdalcubes_0.7.4.tar.gz,CRAN PACKAGES.gz,tar.gz
cran:gemma2@0.1.3,r,cran,gemma2,0.1.3,https://cran.r-project.org/src/contrib/gemma2_0.1.3.tar.gz,CRAN PACKAGES.gz,tar.gz
cran:gemtc@1.1-2,r,cran,gemtc,1.1-2,https://cran.r-project.org/src/contrib/gemtc_1.1-2.tar.gz,CRAN PACKAGES.gz,tar.gz
cran:genSurv@1.0.6,r,cran,genSurv,1.0.6,https://cran.r-project.org/src/contrib/genSurv_1.0.6.tar.gz,CRAN PACKAGES.gz,tar.gz
cran:genefindr@1.1.0,r,cran,genefindr,1.1.0,https://cran.r-project.org/src/contrib/genefindr_1.1.0.tar.gz,CRAN PACKAGES.gz,tar.gz
cran:genesysr@2.2.0,r,cran,genesysr,2.2.0,https://cran.r-project.org/src/contrib/genesysr_2.2.0.tar.gz,CRAN PACKAGES.gz,tar.gz
cran:genieBPC@2.2.0,r,cran,genieBPC,2.2.0,https://cran.r-project.org/src/contrib/genieBPC_2.2.0.tar.gz,CRAN PACKAGES.gz,tar.gz
cran:genlasso@1.6.1,r,cran,genlasso,1.6.1,https://cran.r-project.org/src/contrib/genlasso_1.6.1.tar.gz,CRAN PACKAGES.gz,tar.gz
cran:genlogis@1.0.2,r,cran,genlogis,1.0.2,https://cran.r-project.org/src/contrib/genlogis_1.0.2.tar.gz,CRAN PACKAGES.gz,tar.gz
cran:genomic.autocorr@1.0-1,r,cran,genomic.autocorr,1.0-1,https://cran.r-project.org/src/contrib/genomic.autocorr_1.0-1.tar.gz,CRAN PACKAGES.gz,tar.gz
cran:geoSAE@0.1.0,r,cran,geoSAE,0.1.0,https://cran.r-project.org/src/contrib/geoSAE_0.1.0.tar.gz,CRAN PACKAGES.gz,tar.gz
cran:geodist@0.1.1,r,cran,geodist,0.1.1,https://cran.r-project.org/src/contrib/geodist_0.1.1.tar.gz,CRAN PACKAGES.gz,tar.gz
cran:geometa@0.10.1,r,cran,geometa,0.10.1,https://cran.r-project.org/src/contrib/geometa_0.10.1.tar.gz,CRAN PACKAGES.gz,tar.gz
cran:geomultistar@1.2.2,r,cran,geomultistar,1.2.2,https://cran.r-project.org/src/contrib/geomultistar_1.2.2.tar.gz,CRAN PACKAGES.gz,tar.gz
cran:geoperu@0.0.1,r,cran,geoperu,0.0.1,https://cran.r-project.org/src/contrib/geoperu_0.0.1.tar.gz,CRAN PACKAGES.gz,tar.gz
cran:geotopbricks@1.5.9.1,r,cran,geotopbricks,1.5.9.1,https://cran.r-project.org/src/contrib/geotopbricks_1.5.9.1.tar.gz,CRAN PACKAGES.gz,tar.gz
cran:geovizr@1.0.0,r,cran,geovizr,1.0.0,https://cran.r-project.org/src/contrib/geovizr_1.0.0.tar.gz,CRAN PACKAGES.gz,tar.gz
cran:geozarr@0.1.0,r,cran,geozarr,0.1.0,https://cran.r-project.org/src/contrib/geozarr_0.1.0.tar.gz,CRAN PACKAGES.gz,tar.gz
cran:gepaf@0.2.0,r,cran,gepaf,0.2.0,https://cran.r-project.org/src/contrib/gepaf_0.2.0.tar.gz,CRAN PACKAGES.gz,tar.gz
cran:geslaR@1.0-3,r,cran,geslaR,1.0-3,https://cran.r-project.org/src/contrib/geslaR_1.0-3.tar.gz,CRAN PACKAGES.gz,tar.gz
cran:getRad@0.3.0,r,cran,getRad,0.3.0,https://cran.r-project.org/src/contrib/getRad_0.3.0.tar.gz,CRAN PACKAGES.gz,tar.gz
cran:getable@1.0.3,r,cran,getable,1.0.3,https://cran.r-project.org/src/contrib/getable_1.0.3.tar.gz,CRAN PACKAGES.gz,tar.gz
cran:getip@0.1-4,r,cran,getip,0.1-4,https://cran.r-project.org/src/contrib/getip_0.1-4.tar.gz,CRAN PACKAGES.gz,tar.gz
cran:gfer@0.1.12,r,cran,gfer,0.1.12,https://cran.r-project.org/src/contrib/gfer_0.1.12.tar.gz,CRAN PACKAGES.gz,tar.gz
cran:ggBubbles@0.1.4,r,cran,ggBubbles,0.1.4,https://cran.r-project.org/src/contrib/ggBubbles_0.1.4.tar.gz,CRAN PACKAGES.gz,tar.gz
cran:ggExtra@0.11.0,r,cran,ggExtra,0.11.0,https://cran.r-project.org/src/contrib/ggExtra_0.11.0.tar.gz,CRAN PACKAGES.gz,tar.gz
cran:ggInterval@0.2.5,r,cran,ggInterval,0.2.5,https://cran.r-project.org/src/contrib/ggInterval_0.2.5.tar.gz,CRAN PACKAGES.gz,tar.gz
cran:ggQQunif@0.1.5,r,cran,ggQQunif,0.1.5,https://cran.r-project.org/src/contrib/ggQQunif_0.1.5.tar.gz,CRAN PACKAGES.gz,tar.gz
cran:ggWebGL@0.8.0,r,cran,ggWebGL,0.8.0,https://cran.r-project.org/src/contrib/ggWebGL_0.8.0.tar.gz,CRAN PACKAGES.gz,tar.gz
cran:ggbond@0.0.5,r,cran,ggbond,0.0.5,https://cran.r-project.org/src/contrib/ggbond_0.0.5.tar.gz,CRAN PACKAGES.gz,tar.gz
cran:ggcube@0.2.0,r,cran,ggcube,0.2.0,https://cran.r-project.org/src/contrib/ggcube_0.2.0.tar.gz,CRAN PACKAGES.gz,tar.gz
cran:ggdmc@0.2.6.2,r,cran,ggdmc,0.2.6.2,https://cran.r-project.org/src/contrib/ggdmc_0.2.6.2.tar.gz,CRAN PACKAGES.gz,tar.gz
cran:ggfacto@0.3.2,r,cran,ggfacto,0.3.2,https://cran.r-project.org/src/contrib/ggfacto_0.3.2.tar.gz,CRAN PACKAGES.gz,tar.gz
cran:ggfx@1.0.3,r,cran,ggfx,1.0.3,https://cran.r-project.org/src/contrib/ggfx_1.0.3.tar.gz,CRAN PACKAGES.gz,tar.gz
cran:gghalfnorm@1.1.2,r,cran,gghalfnorm,1.1.2,https://cran.r-project.org/src/contrib/gghalfnorm_1.1.2.tar.gz,CRAN PACKAGES.gz,tar.gz
cran:gglgbtq@0.2.0,r,cran,gglgbtq,0.2.0,https://cran.r-project.org/src/contrib/gglgbtq_0.2.0.tar.gz,CRAN PACKAGES.gz,tar.gz
cran:gglinedensity@0.2.0,r,cran,gglinedensity,0.2.0,https://cran.r-project.org/src/contrib/gglinedensity_0.2.0.tar.gz,CRAN PACKAGES.gz,tar.gz
cran:ggmlR@0.8.4,r,cran,ggmlR,0.8.4,https://cran.r-project.org/src/contrib/ggmlR_0.8.4.tar.gz,CRAN PACKAGES.gz,tar.gz
cran:ggmugs@0.6.0,r,cran,ggmugs,0.6.0,https://cran.r-project.org/src/contrib/ggmugs_0.6.0.tar.gz,CRAN PACKAGES.gz,tar.gz
cran:ggmultiglyph@0.1.0,r,cran,ggmultiglyph,0.1.0,https://cran.r-project.org/src/contrib/ggmultiglyph_0.1.0.tar.gz,CRAN PACKAGES.gz,tar.gz
cran:ggpedigree@1.2.0,r,cran,ggpedigree,1.2.0,https://cran.r-project.org/src/contrib/ggpedigree_1.2.0.tar.gz,CRAN PACKAGES.gz,tar.gz
cran:ggplot2.utils@0.3.3,r,cran,ggplot2.utils,0.3.3,https://cran.r-project.org/src/contrib/ggplot2.utils_0.3.3.tar.gz,CRAN PACKAGES.gz,tar.gz
cran:ggplotplus@0.5.6,r,cran,ggplotplus,0.5.6,https://cran.r-project.org/src/contrib/ggplotplus_0.5.6.tar.gz,CRAN PACKAGES.gz,tar.gz
cran:ggrain@0.1.2,r,cran,ggrain,0.1.2,https://cran.r-project.org/src/contrib/ggrain_0.1.2.tar.gz,CRAN PACKAGES.gz,tar.gz
cran:ggrcs@0.4.3,r,cran,ggrcs,0.4.3,https://cran.r-project.org/src/contrib/ggrcs_0.4.3.tar.gz,CRAN PACKAGES.gz,tar.gz
cran:ggreveal@0.2.0,r,cran,ggreveal,0.2.0,https://cran.r-project.org/src/contrib/ggreveal_0.2.0.tar.gz,CRAN PACKAGES.gz,tar.gz
cran:ggshadow@0.0.5,r,cran,ggshadow,0.0.5,https://cran.r-project.org/src/contrib/ggshadow_0.0.5.tar.gz,CRAN PACKAGES.gz,tar.gz
cran:ggsketch@2.0.0,r,cran,ggsketch,2.0.0,https://cran.r-project.org/src/contrib/ggsketch_2.0.0.tar.gz,CRAN PACKAGES.gz,tar.gz
cran:ggspec@0.1.0,r,cran,ggspec,0.1.0,https://cran.r-project.org/src/contrib/ggspec_0.1.0.tar.gz,CRAN PACKAGES.gz,tar.gz
cran:ggupset@0.4.1,r,cran,ggupset,0.4.1,https://cran.r-project.org/src/contrib/ggupset_0.4.1.tar.gz,CRAN PACKAGES.gz,tar.gz
cran:ghclass@0.4.2,r,cran,ghclass,0.4.2,https://cran.r-project.org/src/contrib/ghclass_0.4.2.tar.gz,CRAN PACKAGES.gz,tar.gz
cran:ghql@0.1.2,r,cran,ghql,0.1.2,https://cran.r-project.org/src/contrib/ghql_0.1.2.tar.gz,CRAN PACKAGES.gz,tar.gz
cran:gimme@10.0,r,cran,gimme,10.0,https://cran.r-project.org/src/contrib/gimme_10.0.tar.gz,CRAN PACKAGES.gz,tar.gz
cran:gimms@1.2.5,r,cran,gimms,1.2.5,https://cran.r-project.org/src/contrib/gimms_1.2.5.tar.gz,CRAN PACKAGES.gz,tar.gz
cran:gitdown@0.1.6,r,cran,gitdown,0.1.6,https://cran.r-project.org/src/contrib/gitdown_0.1.6.tar.gz,CRAN PACKAGES.gz,tar.gz
cran:gitignore@0.1.8,r,cran,gitignore,0.1.8,https://cran.r-project.org/src/contrib/gitignore_0.1.8.tar.gz,CRAN PACKAGES.gz,tar.gz
cran:gittargets@0.0.7,r,cran,gittargets,0.0.7,https://cran.r-project.org/src/contrib/gittargets_0.0.7.tar.gz,CRAN PACKAGES.gz,tar.gz
cran:gk@0.6.0,r,cran,gk,0.6.0,https://cran.r-project.org/src/contrib/gk_0.6.0.tar.gz,CRAN PACKAGES.gz,tar.gz
cran:glcm@1.6.6,r,cran,glcm,1.6.6,https://cran.r-project.org/src/contrib/glcm_1.6.6.tar.gz,CRAN PACKAGES.gz,tar.gz
cran:glioblastomaEHRsData@1.1.0,r,cran,glioblastomaEHRsData,1.1.0,https://cran.r-project.org/src/contrib/glioblastomaEHRsData_1.1.0.tar.gz,CRAN PACKAGES.gz,tar.gz
cran:gllm@0.38,r,cran,gllm,0.38,https://cran.r-project.org/src/contrib/gllm_0.38.tar.gz,CRAN PACKAGES.gz,tar.gz
cran:glme@0.1.0,r,cran,glme,0.1.0,https://cran.r-project.org/src/contrib/glme_0.1.0.tar.gz,CRAN PACKAGES.gz,tar.gz
cran:glmmLasso@1.6.4,r,cran,glmmLasso,1.6.4,https://cran.r-project.org/src/contrib/glmmLasso_1.6.4.tar.gz,CRAN PACKAGES.gz,tar.gz
cran:glmnet@5.0,r,cran,glmnet,5.0,https://cran.r-project.org/src/contrib/glmnet_5.0.tar.gz,CRAN PACKAGES.gz,tar.gz
cran:glmpca@0.2.0,r,cran,glmpca,0.2.0,https://cran.r-project.org/src/contrib/glmpca_0.2.0.tar.gz,CRAN PACKAGES.gz,tar.gz
cran:glmtoolbox@0.1.12,r,cran,glmtoolbox,0.1.12,https://cran.r-project.org/src/contrib/glmtoolbox_0.1.12.tar.gz,CRAN PACKAGES.gz,tar.gz
cran:globalOptTests@1.1,r,cran,globalOptTests,1.1,https://cran.r-project.org/src/contrib/globalOptTests_1.1.tar.gz,CRAN PACKAGES.gz,tar.gz
cran:glober@1.0,r,cran,glober,1.0,https://cran.r-project.org/src/contrib/glober_1.0.tar.gz,CRAN PACKAGES.gz,tar.gz
cran:gmapsdistance@4.0.5,r,cran,gmapsdistance,4.0.5,https://cran.r-project.org/src/contrib/gmapsdistance_4.0.5.tar.gz,CRAN PACKAGES.gz,tar.gz
cran:gmfd@1.0.1,r,cran,gmfd,1.0.1,https://cran.r-project.org/src/contrib/gmfd_1.0.1.tar.gz,CRAN PACKAGES.gz,tar.gz
cran:gmpoly@1.1.0,r,cran,gmpoly,1.1.0,https://cran.r-project.org/src/contrib/gmpoly_1.1.0.tar.gz,CRAN PACKAGES.gz,tar.gz
cran:goeveg@0.7.10,r,cran,goeveg,0.7.10,https://cran.r-project.org/src/contrib/goeveg_0.7.10.tar.gz,CRAN PACKAGES.gz,tar.gz
cran:gofCopula@0.4-3,r,cran,gofCopula,0.4-3,https://cran.r-project.org/src/contrib/gofCopula_0.4-3.tar.gz,CRAN PACKAGES.gz,tar.gz
cran:gofLorenz@0.1.0,r,cran,gofLorenz,0.1.0,https://cran.r-project.org/src/contrib/gofLorenz_0.1.0.tar.gz,CRAN PACKAGES.gz,tar.gz
cran:gofigR@1.1.3,r,cran,gofigR,1.1.3,https://cran.r-project.org/src/contrib/gofigR_1.1.3.tar.gz,CRAN PACKAGES.gz,tar.gz
cran:googleCloudStorageR@0.7.0,r,cran,googleCloudStorageR,0.7.0,https://cran.r-project.org/src/contrib/googleCloudStorageR_0.7.0.tar.gz,CRAN PACKAGES.gz,tar.gz
cran:googleLanguageR@0.3.1.1,r,cran,googleLanguageR,0.3.1.1,https://cran.r-project.org/src/contrib/googleLanguageR_0.3.1.1.tar.gz,CRAN PACKAGES.gz,tar.gz
cran:googler@0.0.1,r,cran,googler,0.0.1,https://cran.r-project.org/src/contrib/googler_0.0.1.tar.gz,CRAN PACKAGES.gz,tar.gz
cran:googleway@2.7.8,r,cran,googleway,2.7.8,https://cran.r-project.org/src/contrib/googleway_2.7.8.tar.gz,CRAN PACKAGES.gz,tar.gz
cran:govStatJPN@0.1,r,cran,govStatJPN,0.1,https://cran.r-project.org/src/contrib/govStatJPN_0.1.tar.gz,CRAN PACKAGES.gz,tar.gz
cran:govdown@0.10.1,r,cran,govdown,0.10.1,https://cran.r-project.org/src/contrib/govdown_0.10.1.tar.gz,CRAN PACKAGES.gz,tar.gz
cran:goxygen@1.4.5,r,cran,goxygen,1.4.5,https://cran.r-project.org/src/contrib/goxygen_1.4.5.tar.gz,CRAN PACKAGES.gz,tar.gz
cran:gpcihybridIIImpSam@0.1.0,r,cran,gpcihybridIIImpSam,0.1.0,https://cran.r-project.org/src/contrib/gpcihybridIIImpSam_0.1.0.tar.gz,CRAN PACKAGES.gz,tar.gz
cran:gpindex@0.6.3,r,cran,gpindex,0.6.3,https://cran.r-project.org/src/contrib/gpindex_0.6.3.tar.gz,CRAN PACKAGES.gz,tar.gz
cran:gplsim@1.0.0,r,cran,gplsim,1.0.0,https://cran.r-project.org/src/contrib/gplsim_1.0.0.tar.gz,CRAN PACKAGES.gz,tar.gz
cran:gprofiler2@0.2.4,r,cran,gprofiler2,0.2.4,https://cran.r-project.org/src/contrib/gprofiler2_0.2.4.tar.gz,CRAN PACKAGES.gz,tar.gz
cran:grabsampling@1.0.0,r,cran,grabsampling,1.0.0,https://cran.r-project.org/src/contrib/grabsampling_1.0.0.tar.gz,CRAN PACKAGES.gz,tar.gz
cran:graphicalVAR@0.4.1,r,cran,graphicalVAR,0.4.1,https://cran.r-project.org/src/contrib/graphicalVAR_0.4.1.tar.gz,CRAN PACKAGES.gz,tar.gz
cran:graphql@1.5.3,r,cran,graphql,1.5.3,https://cran.r-project.org/src/contrib/graphql_1.5.3.tar.gz,CRAN PACKAGES.gz,tar.gz
cran:grassr@0.7.4,r,cran,grassr,0.7.4,https://cran.r-project.org/src/contrib/grassr_0.7.4.tar.gz,CRAN PACKAGES.gz,tar.gz
cran:grattan@2026.1.1,r,cran,grattan,2026.1.1,https://cran.r-project.org/src/contrib/grattan_2026.1.1.tar.gz,CRAN PACKAGES.gz,tar.gz
cran:gravitas@0.1.3,r,cran,gravitas,0.1.3,https://cran.r-project.org/src/contrib/gravitas_0.1.3.tar.gz,CRAN PACKAGES.gz,tar.gz
cran:gravity@1.1,r,cran,gravity,1.1,https://cran.r-project.org/src/contrib/gravity_1.1.tar.gz,CRAN PACKAGES.gz,tar.gz
cran:greenclust@1.1.1,r,cran,greenclust,1.1.1,https://cran.r-project.org/src/contrib/greenclust_1.1.1.tar.gz,CRAN PACKAGES.gz,tar.gz
cran:greenfeedr@1.3.1,r,cran,greenfeedr,1.3.1,https://cran.r-project.org/src/contrib/greenfeedr_1.3.1.tar.gz,CRAN PACKAGES.gz,tar.gz
cran:gridDebug@0.5-1,r,cran,gridDebug,0.5-1,https://cran.r-project.org/src/contrib/gridDebug_0.5-1.tar.gz,CRAN PACKAGES.gz,tar.gz
cran:gridmicrotex@0.1.1,r,cran,gridmicrotex,0.1.1,https://cran.r-project.org/src/contrib/gridmicrotex_0.1.1.tar.gz,CRAN PACKAGES.gz,tar.gz
cran:gridpattern@1.4.2,r,cran,gridpattern,1.4.2,https://cran.r-project.org/src/contrib/gridpattern_1.4.2.tar.gz,CRAN PACKAGES.gz,tar.gz
cran:groupcompare@1.0.1,r,cran,groupcompare,1.0.1,https://cran.r-project.org/src/contrib/groupcompare_1.0.1.tar.gz,CRAN PACKAGES.gz,tar.gz
cran:grouper@0.7.3,r,cran,grouper,0.7.3,https://cran.r-project.org/src/contrib/grouper_0.7.3.tar.gz,CRAN PACKAGES.gz,tar.gz
cran:grouprar@0.1.0,r,cran,grouprar,0.1.0,https://cran.r-project.org/src/contrib/grouprar_0.1.0.tar.gz,CRAN PACKAGES.gz,tar.gz
cran:growth@1.1.2,r,cran,growth,1.1.2,https://cran.r-project.org/src/contrib/growth_1.1.2.tar.gz,CRAN PACKAGES.gz,tar.gz
cran:growthDecomp@0.1.0,r,cran,growthDecomp,0.1.0,https://cran.r-project.org/src/contrib/growthDecomp_0.1.0.tar.gz,CRAN PACKAGES.gz,tar.gz
cran:growthPheno@3.1.20,r,cran,growthPheno,3.1.20,https://cran.r-project.org/src/contrib/growthPheno_3.1.20.tar.gz,CRAN PACKAGES.gz,tar.gz
cran:growthTrendR@0.2.2,r,cran,growthTrendR,0.2.2,https://cran.r-project.org/src/contrib/growthTrendR_0.2.2.tar.gz,CRAN PACKAGES.gz,tar.gz
cran:growthcurver@0.3.1,r,cran,growthcurver,0.3.1,https://cran.r-project.org/src/contrib/growthcurver_0.3.1.tar.gz,CRAN PACKAGES.gz,tar.gz
cran:grpnet@1.2,r,cran,grpnet,1.2,https://cran.r-project.org/src/contrib/grpnet_1.2.tar.gz,CRAN PACKAGES.gz,tar.gz
cran:gsClusterDetect@1.0.1,r,cran,gsClusterDetect,1.0.1,https://cran.r-project.org/src/contrib/gsClusterDetect_1.0.1.tar.gz,CRAN PACKAGES.gz,tar.gz
cran:gsloid@0.2.0,r,cran,gsloid,0.2.0,https://cran.r-project.org/src/contrib/gsloid_0.2.0.tar.gz,CRAN PACKAGES.gz,tar.gz
cran:gtDesign@0.1.0,r,cran,gtDesign,0.1.0,https://cran.r-project.org/src/contrib/gtDesign_0.1.0.tar.gz,CRAN PACKAGES.gz,tar.gz
cran:gtfs2emis@0.1.2,r,cran,gtfs2emis,0.1.2,https://cran.r-project.org/src/contrib/gtfs2emis_0.1.2.tar.gz,CRAN PACKAGES.gz,tar.gz
cran:guildai@0.0.1,r,cran,guildai,0.0.1,https://cran.r-project.org/src/contrib/guildai_0.0.1.tar.gz,CRAN PACKAGES.gz,tar.gz
cran:gunit@1.0.3,r,cran,gunit,1.0.3,https://cran.r-project.org/src/contrib/gunit_1.0.3.tar.gz,CRAN PACKAGES.gz,tar.gz
cran:gwrpvr@1.0,r,cran,gwrpvr,1.0,https://cran.r-project.org/src/contrib/gwrpvr_1.0.tar.gz,CRAN PACKAGES.gz,tar.gz
cran:h2o@3.44.0.3,r,cran,h2o,3.44.0.3,https://cran.r-project.org/src/contrib/h2o_3.44.0.3.tar.gz,CRAN PACKAGES.gz,tar.gz
cran:habtools@1.1.1,r,cran,habtools,1.1.1,https://cran.r-project.org/src/contrib/habtools_1.1.1.tar.gz,CRAN PACKAGES.gz,tar.gz
cran:hakaiApi@1.0.5,r,cran,hakaiApi,1.0.5,https://cran.r-project.org/src/contrib/hakaiApi_1.0.5.tar.gz,CRAN PACKAGES.gz,tar.gz
cran:handwriter@3.2.4,r,cran,handwriter,3.2.4,https://cran.r-project.org/src/contrib/handwriter_3.2.4.tar.gz,CRAN PACKAGES.gz,tar.gz
cran:hanyupinyin@0.1.3,r,cran,hanyupinyin,0.1.3,https://cran.r-project.org/src/contrib/hanyupinyin_0.1.3.tar.gz,CRAN PACKAGES.gz,tar.gz
cran:harbinger@2.1.707,r,cran,harbinger,2.1.707,https://cran.r-project.org/src/contrib/harbinger_2.1.707.tar.gz,CRAN PACKAGES.gz,tar.gz
cran:hash@2.2.6.4,r,cran,hash,2.2.6.4,https://cran.r-project.org/src/contrib/hash_2.2.6.4.tar.gz,CRAN PACKAGES.gz,tar.gz
cran:hbim@1.1.2,r,cran,hbim,1.1.2,https://cran.r-project.org/src/contrib/hbim_1.1.2.tar.gz,CRAN PACKAGES.gz,tar.gz
cran:hctrial@0.1.0,r,cran,hctrial,0.1.0,https://cran.r-project.org/src/contrib/hctrial_0.1.0.tar.gz,CRAN PACKAGES.gz,tar.gz
cran:hdf5lib@2.1.1.2,r,cran,hdf5lib,2.1.1.2,https://cran.r-project.org/src/contrib/hdf5lib_2.1.1.2.tar.gz,CRAN PACKAGES.gz,tar.gz
cran:hdf5r.Extra@0.1.0,r,cran,hdf5r.Extra,0.1.0,https://cran.r-project.org/src/contrib/hdf5r.Extra_0.1.0.tar.gz,CRAN PACKAGES.gz,tar.gz
cran:hdfqlr@0.6-2,r,cran,hdfqlr,0.6-2,https://cran.r-project.org/src/contrib/hdfqlr_0.6-2.tar.gz,CRAN PACKAGES.gz,tar.gz
cran:healthdb@0.5.1,r,cran,healthdb,0.5.1,https://cran.r-project.org/src/contrib/healthdb_0.5.1.tar.gz,CRAN PACKAGES.gz,tar.gz
cran:healthyR@0.2.2,r,cran,healthyR,0.2.2,https://cran.r-project.org/src/contrib/healthyR_0.2.2.tar.gz,CRAN PACKAGES.gz,tar.gz
cran:heartbeatr@1.0.0,r,cran,heartbeatr,1.0.0,https://cran.r-project.org/src/contrib/heartbeatr_1.0.0.tar.gz,CRAN PACKAGES.gz,tar.gz
cran:heddlr@0.6.0,r,cran,heddlr,0.6.0,https://cran.r-project.org/src/contrib/heddlr_0.6.0.tar.gz,CRAN PACKAGES.gz,tar.gz
cran:heiscore@0.1.4,r,cran,heiscore,0.1.4,https://cran.r-project.org/src/contrib/heiscore_0.1.4.tar.gz,CRAN PACKAGES.gz,tar.gz
cran:hellokitty@0.1,r,cran,hellokitty,0.1,https://cran.r-project.org/src/contrib/hellokitty_0.1.tar.gz,CRAN PACKAGES.gz,tar.gz
cran:heteromixgm@2.0.2,r,cran,heteromixgm,2.0.2,https://cran.r-project.org/src/contrib/heteromixgm_2.0.2.tar.gz,CRAN PACKAGES.gz,tar.gz
cran:hglm.data@1.0-2,r,cran,hglm.data,1.0-2,https://cran.r-project.org/src/contrib/hglm.data_1.0-2.tar.gz,CRAN PACKAGES.gz,tar.gz
cran:hicream@0.0.4,r,cran,hicream,0.0.4,https://cran.r-project.org/src/contrib/hicream_0.0.4.tar.gz,CRAN PACKAGES.gz,tar.gz
cran:highr@0.12,r,cran,highr,0.12,https://cran.r-project.org/src/contrib/highr_0.12.tar.gz,CRAN PACKAGES.gz,tar.gz
cran:highs@1.14.0-2,r,cran,highs,1.14.0-2,https://cran.r-project.org/src/contrib/highs_1.14.0-2.tar.gz,CRAN PACKAGES.gz,tar.gz
cran:hillR@0.5.2,r,cran,hillR,0.5.2,https://cran.r-project.org/src/contrib/hillR_0.5.2.tar.gz,CRAN PACKAGES.gz,tar.gz
cran:hkdatasets@1.0.0,r,cran,hkdatasets,1.0.0,https://cran.r-project.org/src/contrib/hkdatasets_1.0.0.tar.gz,CRAN PACKAGES.gz,tar.gz
cran:hlaR@1.0.0,r,cran,hlaR,1.0.0,https://cran.r-project.org/src/contrib/hlaR_1.0.0.tar.gz,CRAN PACKAGES.gz,tar.gz
cran:hlmLab@0.1.0,r,cran,hlmLab,0.1.0,https://cran.r-project.org/src/contrib/hlmLab_0.1.0.tar.gz,CRAN PACKAGES.gz,tar.gz
cran:hmrc@0.4.0,r,cran,hmrc,0.4.0,https://cran.r-project.org/src/contrib/hmrc_0.4.0.tar.gz,CRAN PACKAGES.gz,tar.gz
cran:hmsr@1.0.1,r,cran,hmsr,1.0.1,https://cran.r-project.org/src/contrib/hmsr_1.0.1.tar.gz,CRAN PACKAGES.gz,tar.gz
cran:hockeystick@1.0.0,r,cran,hockeystick,1.0.0,https://cran.r-project.org/src/contrib/hockeystick_1.0.0.tar.gz,CRAN PACKAGES.gz,tar.gz
cran:homnormal@0.1,r,cran,homnormal,0.1,https://cran.r-project.org/src/contrib/homnormal_0.1.tar.gz,CRAN PACKAGES.gz,tar.gz
cran:hopbyhop@3.41,r,cran,hopbyhop,3.41,https://cran.r-project.org/src/contrib/hopbyhop_3.41.tar.gz,CRAN PACKAGES.gz,tar.gz
cran:hotspots@1.0.5,r,cran,hotspots,1.0.5,https://cran.r-project.org/src/contrib/hotspots_1.0.5.tar.gz,CRAN PACKAGES.gz,tar.gz
cran:hrtlFMC@0.1.0,r,cran,hrtlFMC,0.1.0,https://cran.r-project.org/src/contrib/hrtlFMC_0.1.0.tar.gz,CRAN PACKAGES.gz,tar.gz
cran:hsstan@0.8.2,r,cran,hsstan,0.8.2,https://cran.r-project.org/src/contrib/hsstan_0.8.2.tar.gz,CRAN PACKAGES.gz,tar.gz
cran:htetree@0.1.23,r,cran,htetree,0.1.23,https://cran.r-project.org/src/contrib/htetree_0.1.23.tar.gz,CRAN PACKAGES.gz,tar.gz
cran:htsDegenerateR@0.1.0,r,cran,htsDegenerateR,0.1.0,https://cran.r-project.org/src/contrib/htsDegenerateR_0.1.0.tar.gz,CRAN PACKAGES.gz,tar.gz
cran:httk@2.7.4,r,cran,httk,2.7.4,https://cran.r-project.org/src/contrib/httk_2.7.4.tar.gz,CRAN PACKAGES.gz,tar.gz
cran:httpcache@1.2.0,r,cran,httpcache,1.2.0,https://cran.r-project.org/src/contrib/httpcache_1.2.0.tar.gz,CRAN PACKAGES.gz,tar.gz
cran:hubEvals@0.4.0,r,cran,hubEvals,0.4.0,https://cran.r-project.org/src/contrib/hubEvals_0.4.0.tar.gz,CRAN PACKAGES.gz,tar.gz
cran:hubeau@0.5.2,r,cran,hubeau,0.5.2,https://cran.r-project.org/src/contrib/hubeau_0.5.2.tar.gz,CRAN PACKAGES.gz,tar.gz
cran:humaniformat@0.6.0,r,cran,humaniformat,0.6.0,https://cran.r-project.org/src/contrib/humaniformat_0.6.0.tar.gz,CRAN PACKAGES.gz,tar.gz
cran:hwordcloud@0.1.0,r,cran,hwordcloud,0.1.0,https://cran.r-project.org/src/contrib/hwordcloud_0.1.0.tar.gz,CRAN PACKAGES.gz,tar.gz
cran:hybridEHR@0.2.0,r,cran,hybridEHR,0.2.0,https://cran.r-project.org/src/contrib/hybridEHR_0.2.0.tar.gz,CRAN PACKAGES.gz,tar.gz
cran:hydReng@1.0.0,r,cran,hydReng,1.0.0,https://cran.r-project.org/src/contrib/hydReng_1.0.0.tar.gz,CRAN PACKAGES.gz,tar.gz
cran:hydroGOF@0.7-0,r,cran,hydroGOF,0.7-0,https://cran.r-project.org/src/contrib/hydroGOF_0.7-0.tar.gz,CRAN PACKAGES.gz,tar.gz
cran:hydropeak@0.1.3,r,cran,hydropeak,0.1.3,https://cran.r-project.org/src/contrib/hydropeak_0.1.3.tar.gz,CRAN PACKAGES.gz,tar.gz
cran:hyperoverlap@1.1.4,r,cran,hyperoverlap,1.1.4,https://cran.r-project.org/src/contrib/hyperoverlap_1.1.4.tar.gz,CRAN PACKAGES.gz,tar.gz
cran:hyreg2@1.1.2,r,cran,hyreg2,1.1.2,https://cran.r-project.org/src/contrib/hyreg2_1.1.2.tar.gz,CRAN PACKAGES.gz,tar.gz
cran:iC10TrainingData@2.0.1,r,cran,iC10TrainingData,2.0.1,https://cran.r-project.org/src/contrib/iC10TrainingData_2.0.1.tar.gz,CRAN PACKAGES.gz,tar.gz
cran:iPRISM@0.1.1,r,cran,iPRISM,0.1.1,https://cran.r-project.org/src/contrib/iPRISM_0.1.1.tar.gz,CRAN PACKAGES.gz,tar.gz
cran:iRegression@1.2.1,r,cran,iRegression,1.2.1,https://cran.r-project.org/src/contrib/iRegression_1.2.1.tar.gz,CRAN PACKAGES.gz,tar.gz
cran:iSFun@1.1.0,r,cran,iSFun,1.1.0,https://cran.r-project.org/src/contrib/iSFun_1.1.0.tar.gz,CRAN PACKAGES.gz,tar.gz
cran:iadf@0.1.3,r,cran,iadf,0.1.3,https://cran.r-project.org/src/contrib/iadf_0.1.3.tar.gz,CRAN PACKAGES.gz,tar.gz
cran:iarm@0.4.3,r,cran,iarm,0.4.3,https://cran.r-project.org/src/contrib/iarm_0.4.3.tar.gz,CRAN PACKAGES.gz,tar.gz
cran:ic.infer@1.1-8,r,cran,ic.infer,1.1-8,https://cran.r-project.org/src/contrib/ic.infer_1.1-8.tar.gz,CRAN PACKAGES.gz,tar.gz
cran:iccCompare@1.1.0,r,cran,iccCompare,1.1.0,https://cran.r-project.org/src/contrib/iccCompare_1.1.0.tar.gz,CRAN PACKAGES.gz,tar.gz
cran:iccbeta@1.2.1,r,cran,iccbeta,1.2.1,https://cran.r-project.org/src/contrib/iccbeta_1.2.1.tar.gz,CRAN PACKAGES.gz,tar.gz
cran:iccde@0.3.9,r,cran,iccde,0.3.9,https://cran.r-project.org/src/contrib/iccde_0.3.9.tar.gz,CRAN PACKAGES.gz,tar.gz
cran:icdGLM@1.0.0,r,cran,icdGLM,1.0.0,https://cran.r-project.org/src/contrib/icdGLM_1.0.0.tar.gz,CRAN PACKAGES.gz,tar.gz
cran:ichimoku@1.5.7,r,cran,ichimoku,1.5.7,https://cran.r-project.org/src/contrib/ichimoku_1.5.7.tar.gz,CRAN PACKAGES.gz,tar.gz
cran:ig.vancouver.2014.topcolour@0.1.2.0,r,cran,ig.vancouver.2014.topcolour,0.1.2.0,https://cran.r-project.org/src/contrib/ig.vancouver.2014.topcolour_0.1.2.0.tar.gz,CRAN PACKAGES.gz,tar.gz
cran:igraphwalshdata@0.1.0,r,cran,igraphwalshdata,0.1.0,https://cran.r-project.org/src/contrib/igraphwalshdata_0.1.0.tar.gz,CRAN PACKAGES.gz,tar.gz
cran:imabc@1.0.0,r,cran,imabc,1.0.0,https://cran.r-project.org/src/contrib/imabc_1.0.0.tar.gz,CRAN PACKAGES.gz,tar.gz
cran:image.Otsu@0.1.1,r,cran,image.Otsu,0.1.1,https://cran.r-project.org/src/contrib/image.Otsu_0.1.1.tar.gz,CRAN PACKAGES.gz,tar.gz
cran:imager@1.0.8,r,cran,imager,1.0.8,https://cran.r-project.org/src/contrib/imager_1.0.8.tar.gz,CRAN PACKAGES.gz,tar.gz
cran:imdR@0.4.0,r,cran,imdR,0.4.0,https://cran.r-project.org/src/contrib/imdR_0.4.0.tar.gz,CRAN PACKAGES.gz,tar.gz
cran:imf.data@0.2.0,r,cran,imf.data,0.2.0,https://cran.r-project.org/src/contrib/imf.data_0.2.0.tar.gz,CRAN PACKAGES.gz,tar.gz
cran:imfweo@0.2.0,r,cran,imfweo,0.2.0,https://cran.r-project.org/src/contrib/imfweo_0.2.0.tar.gz,CRAN PACKAGES.gz,tar.gz
cran:imp4p@1.3,r,cran,imp4p,1.3,https://cran.r-project.org/src/contrib/imp4p_1.3.tar.gz,CRAN PACKAGES.gz,tar.gz
cran:impala@0.1.4,r,cran,impala,0.1.4,https://cran.r-project.org/src/contrib/impala_0.1.4.tar.gz,CRAN PACKAGES.gz,tar.gz
cran:impower133@1.0.0,r,cran,impower133,1.0.0,https://cran.r-project.org/src/contrib/impower133_1.0.0.tar.gz,CRAN PACKAGES.gz,tar.gz
cran:imputeMulti@0.8.4,r,cran,imputeMulti,0.8.4,https://cran.r-project.org/src/contrib/imputeMulti_0.8.4.tar.gz,CRAN PACKAGES.gz,tar.gz
cran:incR@2.1.1,r,cran,incR,2.1.1,https://cran.r-project.org/src/contrib/incR_2.1.1.tar.gz,CRAN PACKAGES.gz,tar.gz
cran:index0@0.0.1,r,cran,index0,0.0.1,https://cran.r-project.org/src/contrib/index0_0.0.1.tar.gz,CRAN PACKAGES.gz,tar.gz
cran:inequality@0.1.0,r,cran,inequality,0.1.0,https://cran.r-project.org/src/contrib/inequality_0.1.0.tar.gz,CRAN PACKAGES.gz,tar.gz
cran:instagramadsR@0.1.0,r,cran,instagramadsR,0.1.0,https://cran.r-project.org/src/contrib/instagramadsR_0.1.0.tar.gz,CRAN PACKAGES.gz,tar.gz
cran:int3ract@1.0.7,r,cran,int3ract,1.0.7,https://cran.r-project.org/src/contrib/int3ract_1.0.7.tar.gz,CRAN PACKAGES.gz,tar.gz
cran:intRinsic@1.1.2,r,cran,intRinsic,1.1.2,https://cran.r-project.org/src/contrib/intRinsic_1.1.2.tar.gz,CRAN PACKAGES.gz,tar.gz
cran:interp@1.1-6,r,cran,interp,1.1-6,https://cran.r-project.org/src/contrib/interp_1.1-6.tar.gz,CRAN PACKAGES.gz,tar.gz
cran:interpretR@0.2.5,r,cran,interpretR,0.2.5,https://cran.r-project.org/src/contrib/interpretR_0.2.5.tar.gz,CRAN PACKAGES.gz,tar.gz
cran:interprocess@1.3.0,r,cran,interprocess,1.3.0,https://cran.r-project.org/src/contrib/interprocess_1.3.0.tar.gz,CRAN PACKAGES.gz,tar.gz
cran:intsurv@0.3.0,r,cran,intsurv,0.3.0,https://cran.r-project.org/src/contrib/intsurv_0.3.0.tar.gz,CRAN PACKAGES.gz,tar.gz
cran:invgamma@1.2,r,cran,invgamma,1.2,https://cran.r-project.org/src/contrib/invgamma_1.2.tar.gz,CRAN PACKAGES.gz,tar.gz
cran:io@0.3.2,r,cran,io,0.3.2,https://cran.r-project.org/src/contrib/io_0.3.2.tar.gz,CRAN PACKAGES.gz,tar.gz
cran:ipbase@0.1.1,r,cran,ipbase,0.1.1,https://cran.r-project.org/src/contrib/ipbase_0.1.1.tar.gz,CRAN PACKAGES.gz,tar.gz
cran:ipft@0.7.3,r,cran,ipft,0.7.3,https://cran.r-project.org/src/contrib/ipft_0.7.3.tar.gz,CRAN PACKAGES.gz,tar.gz
cran:ir@0.4.2,r,cran,ir,0.4.2,https://cran.r-project.org/src/contrib/ir_0.4.2.tar.gz,CRAN PACKAGES.gz,tar.gz
cran:irr@0.85,r,cran,irr,0.85,https://cran.r-project.org/src/contrib/irr_0.85.tar.gz,CRAN PACKAGES.gz,tar.gz
cran:irrICC@1.0,r,cran,irrICC,1.0,https://cran.r-project.org/src/contrib/irrICC_1.0.tar.gz,CRAN PACKAGES.gz,tar.gz
cran:irtbem2pl@1.0.1,r,cran,irtbem2pl,1.0.1,https://cran.r-project.org/src/contrib/irtbem2pl_1.0.1.tar.gz,CRAN PACKAGES.gz,tar.gz
cran:irtreliability@0.1-1,r,cran,irtreliability,0.1-1,https://cran.r-project.org/src/contrib/irtreliability_0.1-1.tar.gz,CRAN PACKAGES.gz,tar.gz
cran:isard@0.2.0,r,cran,isard,0.2.0,https://cran.r-project.org/src/contrib/isard_0.2.0.tar.gz,CRAN PACKAGES.gz,tar.gz
cran:isocalcR@0.1.1,r,cran,isocalcR,0.1.1,https://cran.r-project.org/src/contrib/isocalcR_0.1.1.tar.gz,CRAN PACKAGES.gz,tar.gz
cran:ixplorer@0.2.2,r,cran,ixplorer,0.2.2,https://cran.r-project.org/src/contrib/ixplorer_0.2.2.tar.gz,CRAN PACKAGES.gz,tar.gz
cran:jSDM@0.2.7,r,cran,jSDM,0.2.7,https://cran.r-project.org/src/contrib/jSDM_0.2.7.tar.gz,CRAN PACKAGES.gz,tar.gz
cran:jackstraw@1.3.21,r,cran,jackstraw,1.3.21,https://cran.r-project.org/src/contrib/jackstraw_1.3.21.tar.gz,CRAN PACKAGES.gz,tar.gz
cran:jagsUI@1.6.3,r,cran,jagsUI,1.6.3,https://cran.r-project.org/src/contrib/jagsUI_1.6.3.tar.gz,CRAN PACKAGES.gz,tar.gz
cran:jagstargets@1.2.2,r,cran,jagstargets,1.2.2,https://cran.r-project.org/src/contrib/jagstargets_1.2.2.tar.gz,CRAN PACKAGES.gz,tar.gz
cran:japanstat@0.1.0,r,cran,japanstat,0.1.0,https://cran.r-project.org/src/contrib/japanstat_0.1.0.tar.gz,CRAN PACKAGES.gz,tar.gz
cran:jmv@2.8.0,r,cran,jmv,2.8.0,https://cran.r-project.org/src/contrib/jmv_2.8.0.tar.gz,CRAN PACKAGES.gz,tar.gz
cran:joint.Cox@3.16,r,cran,joint.Cox,3.16,https://cran.r-project.org/src/contrib/joint.Cox_3.16.tar.gz,CRAN PACKAGES.gz,tar.gz
cran:jointNmix@1.0-1,r,cran,jointNmix,1.0-1,https://cran.r-project.org/src/contrib/jointNmix_1.0-1.tar.gz,CRAN PACKAGES.gz,tar.gz
cran:jointest@1.0,r,cran,jointest,1.0,https://cran.r-project.org/src/contrib/jointest_1.0.tar.gz,CRAN PACKAGES.gz,tar.gz
cran:jointseg@1.0.3,r,cran,jointseg,1.0.3,https://cran.r-project.org/src/contrib/jointseg_1.0.3.tar.gz,CRAN PACKAGES.gz,tar.gz
cran:joker@0.14.2,r,cran,joker,0.14.2,https://cran.r-project.org/src/contrib/joker_0.14.2.tar.gz,CRAN PACKAGES.gz,tar.gz
cran:jrSiCKLSNMF@1.2.4,r,cran,jrSiCKLSNMF,1.2.4,https://cran.r-project.org/src/contrib/jrSiCKLSNMF_1.2.4.tar.gz,CRAN PACKAGES.gz,tar.gz
cran:jsonify@1.2.3,r,cran,jsonify,1.2.3,https://cran.r-project.org/src/contrib/jsonify_1.2.3.tar.gz,CRAN PACKAGES.gz,tar.gz
cran:jtdm@0.1-3,r,cran,jtdm,0.1-3,https://cran.r-project.org/src/contrib/jtdm_0.1-3.tar.gz,CRAN PACKAGES.gz,tar.gz
cran:juicyjuice@0.1.0,r,cran,juicyjuice,0.1.0,https://cran.r-project.org/src/contrib/juicyjuice_0.1.0.tar.gz,CRAN PACKAGES.gz,tar.gz
cran:junco@0.1.6,r,cran,junco,0.1.6,https://cran.r-project.org/src/contrib/junco_0.1.6.tar.gz,CRAN PACKAGES.gz,tar.gz
cran:junctions@2.1.4,r,cran,junctions,2.1.4,https://cran.r-project.org/src/contrib/junctions_2.1.4.tar.gz,CRAN PACKAGES.gz,tar.gz
cran:kamila@0.1.2,r,cran,kamila,0.1.2,https://cran.r-project.org/src/contrib/kamila_0.1.2.tar.gz,CRAN PACKAGES.gz,tar.gz
cran:kazaam@0.1-0,r,cran,kazaam,0.1-0,https://cran.r-project.org/src/contrib/kazaam_0.1-0.tar.gz,CRAN PACKAGES.gz,tar.gz
cran:keras@2.16.1,r,cran,keras,2.16.1,https://cran.r-project.org/src/contrib/keras_2.16.1.tar.gz,CRAN PACKAGES.gz,tar.gz
cran:kerndwd@2.0.3,r,cran,kerndwd,2.0.3,https://cran.r-project.org/src/contrib/kerndwd_2.0.3.tar.gz,CRAN PACKAGES.gz,tar.gz
cran:kernelFactory@0.3.0,r,cran,kernelFactory,0.3.0,https://cran.r-project.org/src/contrib/kernelFactory_0.3.0.tar.gz,CRAN PACKAGES.gz,tar.gz
cran:kernscr@1.0.7,r,cran,kernscr,1.0.7,https://cran.r-project.org/src/contrib/kernscr_1.0.7.tar.gz,CRAN PACKAGES.gz,tar.gz
cran:kisopenapi@0.0.2,r,cran,kisopenapi,0.0.2,https://cran.r-project.org/src/contrib/kisopenapi_0.0.2.tar.gz,CRAN PACKAGES.gz,tar.gz
cran:kissmig@2.0-1,r,cran,kissmig,2.0-1,https://cran.r-project.org/src/contrib/kissmig_2.0-1.tar.gz,CRAN PACKAGES.gz,tar.gz
cran:kitesquare@0.0.2,r,cran,kitesquare,0.0.2,https://cran.r-project.org/src/contrib/kitesquare_0.0.2.tar.gz,CRAN PACKAGES.gz,tar.gz
cran:klaR@1.7-4,r,cran,klaR,1.7-4,https://cran.r-project.org/src/contrib/klaR_1.7-4.tar.gz,CRAN PACKAGES.gz,tar.gz
cran:klausuR@0.12-14,r,cran,klausuR,0.12-14,https://cran.r-project.org/src/contrib/klausuR_0.12-14.tar.gz,CRAN PACKAGES.gz,tar.gz
cran:klsh@0.1.0,r,cran,klsh,0.1.0,https://cran.r-project.org/src/contrib/klsh_0.1.0.tar.gz,CRAN PACKAGES.gz,tar.gz
cran:knitr@1.51,r,cran,knitr,1.51,https://cran.r-project.org/src/contrib/knitr_1.51.tar.gz,CRAN PACKAGES.gz,tar.gz
cran:knitrdata@0.6.2,r,cran,knitrdata,0.6.2,https://cran.r-project.org/src/contrib/knitrdata_0.6.2.tar.gz,CRAN PACKAGES.gz,tar.gz
cran:knnmi@1.0,r,cran,knnmi,1.0,https://cran.r-project.org/src/contrib/knnmi_1.0.tar.gz,CRAN PACKAGES.gz,tar.gz
cran:knnwtsim@1.0.0,r,cran,knnwtsim,1.0.0,https://cran.r-project.org/src/contrib/knnwtsim_1.0.0.tar.gz,CRAN PACKAGES.gz,tar.gz
cran:komaletter@0.5.0,r,cran,komaletter,0.5.0,https://cran.r-project.org/src/contrib/komaletter_0.5.0.tar.gz,CRAN PACKAGES.gz,tar.gz
cran:kpeaks@1.1.0,r,cran,kpeaks,1.1.0,https://cran.r-project.org/src/contrib/kpeaks_1.1.0.tar.gz,CRAN PACKAGES.gz,tar.gz
cran:kstIO@0.5-1,r,cran,kstIO,0.5-1,https://cran.r-project.org/src/contrib/kstIO_0.5-1.tar.gz,CRAN PACKAGES.gz,tar.gz
cran:kyotil@2024.11-01,r,cran,kyotil,2024.11-01,https://cran.r-project.org/src/contrib/kyotil_2024.11-01.tar.gz,CRAN PACKAGES.gz,tar.gz
cran:l1spectral@0.99.6,r,cran,l1spectral,0.99.6,https://cran.r-project.org/src/contrib/l1spectral_0.99.6.tar.gz,CRAN PACKAGES.gz,tar.gz
cran:laOpenData@0.1.0,r,cran,laOpenData,0.1.0,https://cran.r-project.org/src/contrib/laOpenData_0.1.0.tar.gz,CRAN PACKAGES.gz,tar.gz
cran:lambda.r@1.2.4,r,cran,lambda.r,1.2.4,https://cran.r-project.org/src/contrib/lambda.r_1.2.4.tar.gz,CRAN PACKAGES.gz,tar.gz
cran:landform@0.2,r,cran,landform,0.2,https://cran.r-project.org/src/contrib/landform_0.2.tar.gz,CRAN PACKAGES.gz,tar.gz
cran:landscapeR@1.3.1,r,cran,landscapeR,1.3.1,https://cran.r-project.org/src/contrib/landscapeR_1.3.1.tar.gz,CRAN PACKAGES.gz,tar.gz
cran:latcontrol@0.1.1,r,cran,latcontrol,0.1.1,https://cran.r-project.org/src/contrib/latcontrol_0.1.1.tar.gz,CRAN PACKAGES.gz,tar.gz
cran:latent2likert@1.2.1,r,cran,latent2likert,1.2.1,https://cran.r-project.org/src/contrib/latent2likert_1.2.1.tar.gz,CRAN PACKAGES.gz,tar.gz
cran:latentFactoR@0.0.8,r,cran,latentFactoR,0.0.8,https://cran.r-project.org/src/contrib/latentFactoR_0.0.8.tar.gz,CRAN PACKAGES.gz,tar.gz
cran:latexdiffr@0.2.0,r,cran,latexdiffr,0.2.0,https://cran.r-project.org/src/contrib/latexdiffr_0.2.0.tar.gz,CRAN PACKAGES.gz,tar.gz
cran:layer@0.0.4,r,cran,layer,0.0.4,https://cran.r-project.org/src/contrib/layer_0.0.4.tar.gz,CRAN PACKAGES.gz,tar.gz
cran:lazysql@0.1.3,r,cran,lazysql,0.1.3,https://cran.r-project.org/src/contrib/lazysql_0.1.3.tar.gz,CRAN PACKAGES.gz,tar.gz
cran:lbm@0.9.0.2,r,cran,lbm,0.9.0.2,https://cran.r-project.org/src/contrib/lbm_0.9.0.2.tar.gz,CRAN PACKAGES.gz,tar.gz
cran:lconnect@0.1.2,r,cran,lconnect,0.1.2,https://cran.r-project.org/src/contrib/lconnect_0.1.2.tar.gz,CRAN PACKAGES.gz,tar.gz
cran:ldhmm@0.6.1,r,cran,ldhmm,0.6.1,https://cran.r-project.org/src/contrib/ldhmm_0.6.1.tar.gz,CRAN PACKAGES.gz,tar.gz
cran:leafSTAR@1.0,r,cran,leafSTAR,1.0,https://cran.r-project.org/src/contrib/leafSTAR_1.0.tar.gz,CRAN PACKAGES.gz,tar.gz
cran:leafdown@1.2.0,r,cran,leafdown,1.2.0,https://cran.r-project.org/src/contrib/leafdown_1.2.0.tar.gz,CRAN PACKAGES.gz,tar.gz
cran:leaflet@2.2.3,r,cran,leaflet,2.2.3,https://cran.r-project.org/src/contrib/leaflet_2.2.3.tar.gz,CRAN PACKAGES.gz,tar.gz
cran:ledger@2.1.1,r,cran,ledger,2.1.1,https://cran.r-project.org/src/contrib/ledger_2.1.1.tar.gz,CRAN PACKAGES.gz,tar.gz
cran:lfda@1.1.3,r,cran,lfda,1.1.3,https://cran.r-project.org/src/contrib/lfda_1.1.3.tar.gz,CRAN PACKAGES.gz,tar.gz
cran:lfe@3.1.1,r,cran,lfe,3.1.1,https://cran.r-project.org/src/contrib/lfe_3.1.1.tar.gz,CRAN PACKAGES.gz,tar.gz
cran:lfstat@0.9.13,r,cran,lfstat,0.9.13,https://cran.r-project.org/src/contrib/lfstat_0.9.13.tar.gz,CRAN PACKAGES.gz,tar.gz
cran:lgpr@1.2.5,r,cran,lgpr,1.2.5,https://cran.r-project.org/src/contrib/lgpr_1.2.5.tar.gz,CRAN PACKAGES.gz,tar.gz
cran:lgtdl@1.1.5,r,cran,lgtdl,1.1.5,https://cran.r-project.org/src/contrib/lgtdl_1.1.5.tar.gz,CRAN PACKAGES.gz,tar.gz
cran:libdeflate@1.25-0,r,cran,libdeflate,1.25-0,https://cran.r-project.org/src/contrib/libdeflate_1.25-0.tar.gz,CRAN PACKAGES.gz,tar.gz
cran:lifecourse@2.0,r,cran,lifecourse,2.0,https://cran.r-project.org/src/contrib/lifecourse_2.0.tar.gz,CRAN PACKAGES.gz,tar.gz
cran:likelihoodAsy@0.51,r,cran,likelihoodAsy,0.51,https://cran.r-project.org/src/contrib/likelihoodAsy_0.51.tar.gz,CRAN PACKAGES.gz,tar.gz
cran:likelihoodTools@1.0.0,r,cran,likelihoodTools,1.0.0,https://cran.r-project.org/src/contrib/likelihoodTools_1.0.0.tar.gz,CRAN PACKAGES.gz,tar.gz
cran:lilikoi@2.1.1,r,cran,lilikoi,2.1.1,https://cran.r-project.org/src/contrib/lilikoi_2.1.1.tar.gz,CRAN PACKAGES.gz,tar.gz
cran:lincom@1.2,r,cran,lincom,1.2,https://cran.r-project.org/src/contrib/lincom_1.2.tar.gz,CRAN PACKAGES.gz,tar.gz
cran:linemap@0.3.0,r,cran,linemap,0.3.0,https://cran.r-project.org/src/contrib/linemap_0.3.0.tar.gz,CRAN PACKAGES.gz,tar.gz
cran:lingtypology@1.1.26,r,cran,lingtypology,1.1.26,https://cran.r-project.org/src/contrib/lingtypology_1.1.26.tar.gz,CRAN PACKAGES.gz,tar.gz
cran:lintools@0.1.7,r,cran,lintools,0.1.7,https://cran.r-project.org/src/contrib/lintools_0.1.7.tar.gz,CRAN PACKAGES.gz,tar.gz
cran:liqueueR@0.0.5,r,cran,liqueueR,0.0.5,https://cran.r-project.org/src/contrib/liqueueR_0.0.5.tar.gz,CRAN PACKAGES.gz,tar.gz
cran:listarrays@0.4.0,r,cran,listarrays,0.4.0,https://cran.r-project.org/src/contrib/listarrays_0.4.0.tar.gz,CRAN PACKAGES.gz,tar.gz
cran:lmSubsets@0.5-4,r,cran,lmSubsets,0.5-4,https://cran.r-project.org/src/contrib/lmSubsets_0.5-4.tar.gz,CRAN PACKAGES.gz,tar.gz
cran:lmap@0.2.4,r,cran,lmap,0.2.4,https://cran.r-project.org/src/contrib/lmap_0.2.4.tar.gz,CRAN PACKAGES.gz,tar.gz
cran:lme4breeding@1.1.3,r,cran,lme4breeding,1.1.3,https://cran.r-project.org/src/contrib/lme4breeding_1.1.3.tar.gz,CRAN PACKAGES.gz,tar.gz
cran:lmeSplines@1.1.20,r,cran,lmeSplines,1.1.20,https://cran.r-project.org/src/contrib/lmeSplines_1.1.20.tar.gz,CRAN PACKAGES.gz,tar.gz
cran:lmomRFA@3.8,r,cran,lmomRFA,3.8,https://cran.r-project.org/src/contrib/lmomRFA_3.8.tar.gz,CRAN PACKAGES.gz,tar.gz
cran:lmridge@1.2.2,r,cran,lmridge,1.2.2,https://cran.r-project.org/src/contrib/lmridge_1.2.2.tar.gz,CRAN PACKAGES.gz,tar.gz
cran:lmtest@0.9-40,r,cran,lmtest,0.9-40,https://cran.r-project.org/src/contrib/lmtest_0.9-40.tar.gz,CRAN PACKAGES.gz,tar.gz
cran:lmtp@1.5.4,r,cran,lmtp,1.5.4,https://cran.r-project.org/src/contrib/lmtp_1.5.4.tar.gz,CRAN PACKAGES.gz,tar.gz
cran:lobbyR@0.1.1,r,cran,lobbyR,0.1.1,https://cran.r-project.org/src/contrib/lobbyR_0.1.1.tar.gz,CRAN PACKAGES.gz,tar.gz
cran:localgauss@0.41,r,cran,localgauss,0.41,https://cran.r-project.org/src/contrib/localgauss_0.41.tar.gz,CRAN PACKAGES.gz,tar.gz
cran:localsp@0.1.0,r,cran,localsp,0.1.0,https://cran.r-project.org/src/contrib/localsp_0.1.0.tar.gz,CRAN PACKAGES.gz,tar.gz
cran:logStirling2@0.2.0,r,cran,logStirling2,0.2.0,https://cran.r-project.org/src/contrib/logStirling2_0.2.0.tar.gz,CRAN PACKAGES.gz,tar.gz
cran:logrxaddin@0.0.1,r,cran,logrxaddin,0.0.1,https://cran.r-project.org/src/contrib/logrxaddin_0.0.1.tar.gz,CRAN PACKAGES.gz,tar.gz
cran:longke@0.1.0,r,cran,longke,0.1.0,https://cran.r-project.org/src/contrib/longke_0.1.0.tar.gz,CRAN PACKAGES.gz,tar.gz
cran:longsurr@1.1,r,cran,longsurr,1.1,https://cran.r-project.org/src/contrib/longsurr_1.1.tar.gz,CRAN PACKAGES.gz,tar.gz
cran:loon.data@0.1.4,r,cran,loon.data,0.1.4,https://cran.r-project.org/src/contrib/loon.data_0.1.4.tar.gz,CRAN PACKAGES.gz,tar.gz
cran:lorbridge@0.1.1,r,cran,lorbridge,0.1.1,https://cran.r-project.org/src/contrib/lorbridge_0.1.1.tar.gz,CRAN PACKAGES.gz,tar.gz
cran:lorec@0.6.1,r,cran,lorec,0.6.1,https://cran.r-project.org/src/contrib/lorec_0.6.1.tar.gz,CRAN PACKAGES.gz,tar.gz
cran:lqmix@1.2,r,cran,lqmix,1.2,https://cran.r-project.org/src/contrib/lqmix_1.2.tar.gz,CRAN PACKAGES.gz,tar.gz
cran:lrequire@0.1.3,r,cran,lrequire,0.1.3,https://cran.r-project.org/src/contrib/lrequire_0.1.3.tar.gz,CRAN PACKAGES.gz,tar.gz
cran:lstar@0.2.2,r,cran,lstar,0.2.2,https://cran.r-project.org/src/contrib/lstar_0.2.2.tar.gz,CRAN PACKAGES.gz,tar.gz
cran:lterpalettefinder@1.1.0,r,cran,lterpalettefinder,1.1.0,https://cran.r-project.org/src/contrib/lterpalettefinder_1.1.0.tar.gz,CRAN PACKAGES.gz,tar.gz
cran:ltmix@0.2.2,r,cran,ltmix,0.2.2,https://cran.r-project.org/src/contrib/ltmix_0.2.2.tar.gz,CRAN PACKAGES.gz,tar.gz
cran:ltxsparklines@1.1.3,r,cran,ltxsparklines,1.1.3,https://cran.r-project.org/src/contrib/ltxsparklines_1.1.3.tar.gz,CRAN PACKAGES.gz,tar.gz
cran:lucidr@0.1.0,r,cran,lucidr,0.1.0,https://cran.r-project.org/src/contrib/lucidr_0.1.0.tar.gz,CRAN PACKAGES.gz,tar.gz
cran:luz@0.5.2,r,cran,luz,0.5.2,https://cran.r-project.org/src/contrib/luz_0.5.2.tar.gz,CRAN PACKAGES.gz,tar.gz
cran:lvmisc@0.1.2,r,cran,lvmisc,0.1.2,https://cran.r-project.org/src/contrib/lvmisc_0.1.2.tar.gz,CRAN PACKAGES.gz,tar.gz
cran:lvplot@0.2.2,r,cran,lvplot,0.2.2,https://cran.r-project.org/src/contrib/lvplot_0.2.2.tar.gz,CRAN PACKAGES.gz,tar.gz
cran:mGSFPCA@0.2.2,r,cran,mGSFPCA,0.2.2,https://cran.r-project.org/src/contrib/mGSFPCA_0.2.2.tar.gz,CRAN PACKAGES.gz,tar.gz
cran:mMPA@1.2.0,r,cran,mMPA,1.2.0,https://cran.r-project.org/src/contrib/mMPA_1.2.0.tar.gz,CRAN PACKAGES.gz,tar.gz
cran:macleish@0.3.10,r,cran,macleish,0.3.10,https://cran.r-project.org/src/contrib/macleish_0.3.10.tar.gz,CRAN PACKAGES.gz,tar.gz
cran:magi@1.2.5,r,cran,magi,1.2.5,https://cran.r-project.org/src/contrib/magi_1.2.5.tar.gz,CRAN PACKAGES.gz,tar.gz
cran:magick@2.9.1,r,cran,magick,2.9.1,https://cran.r-project.org/src/contrib/magick_2.9.1.tar.gz,CRAN PACKAGES.gz,tar.gz
cran:maicplus@0.1.2,r,cran,maicplus,0.1.2,https://cran.r-project.org/src/contrib/maicplus_0.1.2.tar.gz,CRAN PACKAGES.gz,tar.gz
cran:makedummies@1.2.1,r,cran,makedummies,1.2.1,https://cran.r-project.org/src/contrib/makedummies_1.2.1.tar.gz,CRAN PACKAGES.gz,tar.gz
cran:makemyprior@1.2.2,r,cran,makemyprior,1.2.2,https://cran.r-project.org/src/contrib/makemyprior_1.2.2.tar.gz,CRAN PACKAGES.gz,tar.gz
cran:manynet@2.3.1,r,cran,manynet,2.3.1,https://cran.r-project.org/src/contrib/manynet_2.3.1.tar.gz,CRAN PACKAGES.gz,tar.gz
cran:mapSenegal@0.1.1,r,cran,mapSenegal,0.1.1,https://cran.r-project.org/src/contrib/mapSenegal_0.1.1.tar.gz,CRAN PACKAGES.gz,tar.gz
cran:mapchina@0.1.0,r,cran,mapchina,0.1.0,https://cran.r-project.org/src/contrib/mapchina_0.1.0.tar.gz,CRAN PACKAGES.gz,tar.gz
cran:mapindiatools@1.0.1,r,cran,mapindiatools,1.0.1,https://cran.r-project.org/src/contrib/mapindiatools_1.0.1.tar.gz,CRAN PACKAGES.gz,tar.gz
cran:mapmixture@1.2.0,r,cran,mapmixture,1.2.0,https://cran.r-project.org/src/contrib/mapmixture_1.2.0.tar.gz,CRAN PACKAGES.gz,tar.gz
cran:mapnhanespa@0.2.0,r,cran,mapnhanespa,0.2.0,https://cran.r-project.org/src/contrib/mapnhanespa_0.2.0.tar.gz,CRAN PACKAGES.gz,tar.gz
cran:mappeR@2.4.0,r,cran,mappeR,2.4.0,https://cran.r-project.org/src/contrib/mappeR_2.4.0.tar.gz,CRAN PACKAGES.gz,tar.gz
cran:mapview@2.11.4,r,cran,mapview,2.11.4,https://cran.r-project.org/src/contrib/mapview_2.11.4.tar.gz,CRAN PACKAGES.gz,tar.gz
cran:marelac@2.1.11,r,cran,marelac,2.1.11,https://cran.r-project.org/src/contrib/marelac_2.1.11.tar.gz,CRAN PACKAGES.gz,tar.gz
cran:marginaleffects@0.32.0,r,cran,marginaleffects,0.32.0,https://cran.r-project.org/src/contrib/marginaleffects_0.32.0.tar.gz,CRAN PACKAGES.gz,tar.gz
cran:marmap@1.0.12,r,cran,marmap,1.0.12,https://cran.r-project.org/src/contrib/marmap_1.0.12.tar.gz,CRAN PACKAGES.gz,tar.gz
cran:marquee@1.2.1,r,cran,marquee,1.2.1,https://cran.r-project.org/src/contrib/marquee_1.2.1.tar.gz,CRAN PACKAGES.gz,tar.gz
cran:mars@0.2.2,r,cran,mars,0.2.2,https://cran.r-project.org/src/contrib/mars_0.2.2.tar.gz,CRAN PACKAGES.gz,tar.gz
cran:marsrad@1.0.1,r,cran,marsrad,1.0.1,https://cran.r-project.org/src/contrib/marsrad_1.0.1.tar.gz,CRAN PACKAGES.gz,tar.gz
cran:mase@0.1.5.2,r,cran,mase,0.1.5.2,https://cran.r-project.org/src/contrib/mase_0.1.5.2.tar.gz,CRAN PACKAGES.gz,tar.gz
cran:mashr@0.2.79,r,cran,mashr,0.2.79,https://cran.r-project.org/src/contrib/mashr_0.2.79.tar.gz,CRAN PACKAGES.gz,tar.gz
cran:massProps@0.3.5,r,cran,massProps,0.3.5,https://cran.r-project.org/src/contrib/massProps_0.3.5.tar.gz,CRAN PACKAGES.gz,tar.gz
cran:matchednull@0.2.1,r,cran,matchednull,0.2.1,https://cran.r-project.org/src/contrib/matchednull_0.2.1.tar.gz,CRAN PACKAGES.gz,tar.gz
cran:matman@1.1.4,r,cran,matman,1.1.4,https://cran.r-project.org/src/contrib/matman_1.1.4.tar.gz,CRAN PACKAGES.gz,tar.gz
cran:matrisk@0.1.0,r,cran,matrisk,0.1.0,https://cran.r-project.org/src/contrib/matrisk_0.1.0.tar.gz,CRAN PACKAGES.gz,tar.gz
cran:matrixcut@0.0.1,r,cran,matrixcut,0.0.1,https://cran.r-project.org/src/contrib/matrixcut_0.0.1.tar.gz,CRAN PACKAGES.gz,tar.gz
cran:matsbyname@0.6.14,r,cran,matsbyname,0.6.14,https://cran.r-project.org/src/contrib/matsbyname_0.6.14.tar.gz,CRAN PACKAGES.gz,tar.gz
cran:mbir@1.3.5,r,cran,mbir,1.3.5,https://cran.r-project.org/src/contrib/mbir_1.3.5.tar.gz,CRAN PACKAGES.gz,tar.gz
cran:mcclust@1.0.1,r,cran,mcclust,1.0.1,https://cran.r-project.org/src/contrib/mcclust_1.0.1.tar.gz,CRAN PACKAGES.gz,tar.gz
cran:mclm@0.2.7,r,cran,mclm,0.2.7,https://cran.r-project.org/src/contrib/mclm_0.2.7.tar.gz,CRAN PACKAGES.gz,tar.gz
cran:mcmcsae@0.8.1,r,cran,mcmcsae,0.8.1,https://cran.r-project.org/src/contrib/mcmcsae_0.8.1.tar.gz,CRAN PACKAGES.gz,tar.gz
cran:mco@1.17,r,cran,mco,1.17,https://cran.r-project.org/src/contrib/mco_1.17.tar.gz,CRAN PACKAGES.gz,tar.gz
cran:mcplite@0.1.0,r,cran,mcplite,0.1.0,https://cran.r-project.org/src/contrib/mcplite_0.1.0.tar.gz,CRAN PACKAGES.gz,tar.gz
cran:mcradds@1.1.1,r,cran,mcradds,1.1.1,https://cran.r-project.org/src/contrib/mcradds_1.1.1.tar.gz,CRAN PACKAGES.gz,tar.gz
cran:mde@0.3.3,r,cran,mde,0.3.3,https://cran.r-project.org/src/contrib/mde_0.3.3.tar.gz,CRAN PACKAGES.gz,tar.gz
cran:mds@0.3.2,r,cran,mds,0.3.2,https://cran.r-project.org/src/contrib/mds_0.3.2.tar.gz,CRAN PACKAGES.gz,tar.gz
cran:medfit@0.3.2,r,cran,medfit,0.3.2,https://cran.r-project.org/src/contrib/medfit_0.3.2.tar.gz,CRAN PACKAGES.gz,tar.gz
cran:mediation@4.5.1,r,cran,mediation,4.5.1,https://cran.r-project.org/src/contrib/mediation_4.5.1.tar.gz,CRAN PACKAGES.gz,tar.gz
cran:mefa@3.2-10,r,cran,mefa,3.2-10,https://cran.r-project.org/src/contrib/mefa_3.2-10.tar.gz,CRAN PACKAGES.gz,tar.gz
cran:meme@0.2.4,r,cran,meme,0.2.4,https://cran.r-project.org/src/contrib/meme_0.2.4.tar.gz,CRAN PACKAGES.gz,tar.gz
cran:mermboost@0.1.2,r,cran,mermboost,0.1.2,https://cran.r-project.org/src/contrib/mermboost_0.1.2.tar.gz,CRAN PACKAGES.gz,tar.gz
cran:mesonet@0.0.2,r,cran,mesonet,0.0.2,https://cran.r-project.org/src/contrib/mesonet_0.0.2.tar.gz,CRAN PACKAGES.gz,tar.gz
cran:metacart@3.0.4,r,cran,metacart,3.0.4,https://cran.r-project.org/src/contrib/metacart_3.0.4.tar.gz,CRAN PACKAGES.gz,tar.gz
cran:metagroup@1.0.2,r,cran,metagroup,1.0.2,https://cran.r-project.org/src/contrib/metagroup_1.0.2.tar.gz,CRAN PACKAGES.gz,tar.gz
cran:mev@2.2,r,cran,mev,2.2,https://cran.r-project.org/src/contrib/mev_2.2.tar.gz,CRAN PACKAGES.gz,tar.gz
cran:mfdb@7.4-0,r,cran,mfdb,7.4-0,https://cran.r-project.org/src/contrib/mfdb_7.4-0.tar.gz,CRAN PACKAGES.gz,tar.gz
cran:mgcv@1.9-4,r,cran,mgcv,1.9-4,https://cran.r-project.org/src/contrib/mgcv_1.9-4.tar.gz,CRAN PACKAGES.gz,tar.gz
cran:mglmn@0.1.0,r,cran,mglmn,0.1.0,https://cran.r-project.org/src/contrib/mglmn_0.1.0.tar.gz,CRAN PACKAGES.gz,tar.gz
cran:mhsmm@0.4.21,r,cran,mhsmm,0.4.21,https://cran.r-project.org/src/contrib/mhsmm_0.4.21.tar.gz,CRAN PACKAGES.gz,tar.gz
cran:mi4p@1.3,r,cran,mi4p,1.3,https://cran.r-project.org/src/contrib/mi4p_1.3.tar.gz,CRAN PACKAGES.gz,tar.gz
cran:micronutr@0.1.1,r,cran,micronutr,0.1.1,https://cran.r-project.org/src/contrib/micronutr_0.1.1.tar.gz,CRAN PACKAGES.gz,tar.gz
cran:midas@1.0.1,r,cran,midas,1.0.1,https://cran.r-project.org/src/contrib/midas_1.0.1.tar.gz,CRAN PACKAGES.gz,tar.gz
cran:migest@2.0.6,r,cran,migest,2.0.6,https://cran.r-project.org/src/contrib/migest_2.0.6.tar.gz,CRAN PACKAGES.gz,tar.gz
cran:milorGWAS@0.7.1,r,cran,milorGWAS,0.7.1,https://cran.r-project.org/src/contrib/milorGWAS_0.7.1.tar.gz,CRAN PACKAGES.gz,tar.gz
cran:milr@0.4.1,r,cran,milr,0.4.1,https://cran.r-project.org/src/contrib/milr_0.4.1.tar.gz,CRAN PACKAGES.gz,tar.gz
cran:minidown@0.4.0,r,cran,minidown,0.4.0,https://cran.r-project.org/src/contrib/minidown_0.4.0.tar.gz,CRAN PACKAGES.gz,tar.gz
cran:minimaxApprox@0.6.0,r,cran,minimaxApprox,0.6.0,https://cran.r-project.org/src/contrib/minimaxApprox_0.6.0.tar.gz,CRAN PACKAGES.gz,tar.gz
cran:minipdf@0.2.7,r,cran,minipdf,0.2.7,https://cran.r-project.org/src/contrib/minipdf_0.2.7.tar.gz,CRAN PACKAGES.gz,tar.gz
cran:misPRIME@0.1.0,r,cran,misPRIME,0.1.0,https://cran.r-project.org/src/contrib/misPRIME_0.1.0.tar.gz,CRAN PACKAGES.gz,tar.gz
cran:miscFuncs@1.5-10,r,cran,miscFuncs,1.5-10,https://cran.r-project.org/src/contrib/miscFuncs_1.5-10.tar.gz,CRAN PACKAGES.gz,tar.gz
cran:miscTools@0.6-30,r,cran,miscTools,0.6-30,https://cran.r-project.org/src/contrib/miscTools_0.6-30.tar.gz,CRAN PACKAGES.gz,tar.gz
cran:miselect@0.9.2,r,cran,miselect,0.9.2,https://cran.r-project.org/src/contrib/miselect_0.9.2.tar.gz,CRAN PACKAGES.gz,tar.gz
cran:missForest@1.6.1,r,cran,missForest,1.6.1,https://cran.r-project.org/src/contrib/missForest_1.6.1.tar.gz,CRAN PACKAGES.gz,tar.gz
cran:missr@1.0.1,r,cran,missr,1.0.1,https://cran.r-project.org/src/contrib/missr_1.0.1.tar.gz,CRAN PACKAGES.gz,tar.gz
cran:mixcat@1.0-4,r,cran,mixcat,1.0-4,https://cran.r-project.org/src/contrib/mixcat_1.0-4.tar.gz,CRAN PACKAGES.gz,tar.gz
cran:mixpower@1.1.1,r,cran,mixpower,1.1.1,https://cran.r-project.org/src/contrib/mixpower_1.1.1.tar.gz,CRAN PACKAGES.gz,tar.gz
cran:mixtox@1.5.0,r,cran,mixtox,1.5.0,https://cran.r-project.org/src/contrib/mixtox_1.5.0.tar.gz,CRAN PACKAGES.gz,tar.gz
cran:mldr@0.4.3,r,cran,mldr,0.4.3,https://cran.r-project.org/src/contrib/mldr_0.4.3.tar.gz,CRAN PACKAGES.gz,tar.gz
cran:mlelod@1.0.0.1,r,cran,mlelod,1.0.0.1,https://cran.r-project.org/src/contrib/mlelod_1.0.0.1.tar.gz,CRAN PACKAGES.gz,tar.gz
cran:mlf@1.2.1,r,cran,mlf,1.2.1,https://cran.r-project.org/src/contrib/mlf_1.2.1.tar.gz,CRAN PACKAGES.gz,tar.gz
cran:mlogit@2.0-0,r,cran,mlogit,2.0-0,https://cran.r-project.org/src/contrib/mlogit_2.0-0.tar.gz,CRAN PACKAGES.gz,tar.gz
cran:mlr3db@0.7.2,r,cran,mlr3db,0.7.2,https://cran.r-project.org/src/contrib/mlr3db_0.7.2.tar.gz,CRAN PACKAGES.gz,tar.gz
cran:mlr3inferr@0.2.2,r,cran,mlr3inferr,0.2.2,https://cran.r-project.org/src/contrib/mlr3inferr_0.2.2.tar.gz,CRAN PACKAGES.gz,tar.gz
cran:mlr3misc@0.23.0,r,cran,mlr3misc,0.23.0,https://cran.r-project.org/src/contrib/mlr3misc_0.23.0.tar.gz,CRAN PACKAGES.gz,tar.gz
cran:mlr3spatiotempcv@2.3.5,r,cran,mlr3spatiotempcv,2.3.5,https://cran.r-project.org/src/contrib/mlr3spatiotempcv_2.3.5.tar.gz,CRAN PACKAGES.gz,tar.gz
cran:mlr3viz@0.11.1,r,cran,mlr3viz,0.11.1,https://cran.r-project.org/src/contrib/mlr3viz_0.11.1.tar.gz,CRAN PACKAGES.gz,tar.gz
cran:mlstrOpalr@1.0.3,r,cran,mlstrOpalr,1.0.3,https://cran.r-project.org/src/contrib/mlstrOpalr_1.0.3.tar.gz,CRAN PACKAGES.gz,tar.gz
cran:mlsurvlrnrs@0.0.8,r,cran,mlsurvlrnrs,0.0.8,https://cran.r-project.org/src/contrib/mlsurvlrnrs_0.0.8.tar.gz,CRAN PACKAGES.gz,tar.gz
cran:mma@10.8-1,r,cran,mma,10.8-1,https://cran.r-project.org/src/contrib/mma_10.8-1.tar.gz,CRAN PACKAGES.gz,tar.gz
cran:mmc@0.0.3,r,cran,mmc,0.0.3,https://cran.r-project.org/src/contrib/mmc_0.0.3.tar.gz,CRAN PACKAGES.gz,tar.gz
cran:mme@0.1-6,r,cran,mme,0.1-6,https://cran.r-project.org/src/contrib/mme_0.1-6.tar.gz,CRAN PACKAGES.gz,tar.gz
cran:mmirestriktor@0.3.1,r,cran,mmirestriktor,0.3.1,https://cran.r-project.org/src/contrib/mmirestriktor_0.3.1.tar.gz,CRAN PACKAGES.gz,tar.gz
cran:mmpca@2.0.4,r,cran,mmpca,2.0.4,https://cran.r-project.org/src/contrib/mmpca_2.0.4.tar.gz,CRAN PACKAGES.gz,tar.gz
cran:mmtsne@0.1.0,r,cran,mmtsne,0.1.0,https://cran.r-project.org/src/contrib/mmtsne_0.1.0.tar.gz,CRAN PACKAGES.gz,tar.gz
cran:mnormt@2.1.2,r,cran,mnormt,2.1.2,https://cran.r-project.org/src/contrib/mnormt_2.1.2.tar.gz,CRAN PACKAGES.gz,tar.gz
cran:mockr@0.2.2,r,cran,mockr,0.2.2,https://cran.r-project.org/src/contrib/mockr_0.2.2.tar.gz,CRAN PACKAGES.gz,tar.gz
cran:mod@0.1.3,r,cran,mod,0.1.3,https://cran.r-project.org/src/contrib/mod_0.1.3.tar.gz,CRAN PACKAGES.gz,tar.gz
cran:mod09nrt@0.14,r,cran,mod09nrt,0.14,https://cran.r-project.org/src/contrib/mod09nrt_0.14.tar.gz,CRAN PACKAGES.gz,tar.gz
cran:mod2rm@0.2.1,r,cran,mod2rm,0.2.1,https://cran.r-project.org/src/contrib/mod2rm_0.2.1.tar.gz,CRAN PACKAGES.gz,tar.gz
cran:modQR@0.1.3,r,cran,modQR,0.1.3,https://cran.r-project.org/src/contrib/modQR_0.1.3.tar.gz,CRAN PACKAGES.gz,tar.gz
cran:modeest@2.4.0,r,cran,modeest,2.4.0,https://cran.r-project.org/src/contrib/modeest_2.4.0.tar.gz,CRAN PACKAGES.gz,tar.gz
cran:modeldata@1.6.0,r,cran,modeldata,1.6.0,https://cran.r-project.org/src/contrib/modeldata_1.6.0.tar.gz,CRAN PACKAGES.gz,tar.gz
cran:modelsummary@2.6.0,r,cran,modelsummary,2.6.0,https://cran.r-project.org/src/contrib/modelsummary_2.6.0.tar.gz,CRAN PACKAGES.gz,tar.gz
cran:modernVA@0.1.3,r,cran,modernVA,0.1.3,https://cran.r-project.org/src/contrib/modernVA_0.1.3.tar.gz,CRAN PACKAGES.gz,tar.gz
cran:modgo@1.1.0,r,cran,modgo,1.1.0,https://cran.r-project.org/src/contrib/modgo_1.1.0.tar.gz,CRAN PACKAGES.gz,tar.gz
cran:moments@0.14.1,r,cran,moments,0.14.1,https://cran.r-project.org/src/contrib/moments_0.14.1.tar.gz,CRAN PACKAGES.gz,tar.gz
cran:monad@0.1.1,r,cran,monad,0.1.1,https://cran.r-project.org/src/contrib/monad_0.1.1.tar.gz,CRAN PACKAGES.gz,tar.gz
cran:monochromeR@0.2.0,r,cran,monochromeR,0.2.0,https://cran.r-project.org/src/contrib/monochromeR_0.2.0.tar.gz,CRAN PACKAGES.gz,tar.gz
cran:morph@1.1.0,r,cran,morph,1.1.0,https://cran.r-project.org/src/contrib/morph_1.1.0.tar.gz,CRAN PACKAGES.gz,tar.gz
cran:morphErr@1.0.0,r,cran,morphErr,1.0.0,https://cran.r-project.org/src/contrib/morphErr_1.0.0.tar.gz,CRAN PACKAGES.gz,tar.gz
cran:morphemepiece.data@1.2.0,r,cran,morphemepiece.data,1.2.0,https://cran.r-project.org/src/contrib/morphemepiece.data_1.2.0.tar.gz,CRAN PACKAGES.gz,tar.gz
cran:morpheus@1.0-5,r,cran,morpheus,1.0-5,https://cran.r-project.org/src/contrib/morpheus_1.0-5.tar.gz,CRAN PACKAGES.gz,tar.gz
cran:morseTKTD@0.1.3,r,cran,morseTKTD,0.1.3,https://cran.r-project.org/src/contrib/morseTKTD_0.1.3.tar.gz,CRAN PACKAGES.gz,tar.gz
cran:mort@0.0.1,r,cran,mort,0.0.1,https://cran.r-project.org/src/contrib/mort_0.0.1.tar.gz,CRAN PACKAGES.gz,tar.gz
cran:mortSOA@0.1.0,r,cran,mortSOA,0.1.0,https://cran.r-project.org/src/contrib/mortSOA_0.1.0.tar.gz,CRAN PACKAGES.gz,tar.gz
cran:moveHMM@1.12,r,cran,moveHMM,1.12,https://cran.r-project.org/src/contrib/moveHMM_1.12.tar.gz,CRAN PACKAGES.gz,tar.gz
cran:moveWindSpeed@0.2.4,r,cran,moveWindSpeed,0.2.4,https://cran.r-project.org/src/contrib/moveWindSpeed_0.2.4.tar.gz,CRAN PACKAGES.gz,tar.gz
cran:movegroup@2026.07.01,r,cran,movegroup,2026.07.01,https://cran.r-project.org/src/contrib/movegroup_2026.07.01.tar.gz,CRAN PACKAGES.gz,tar.gz
cran:mpactr@0.3.3,r,cran,mpactr,0.3.3,https://cran.r-project.org/src/contrib/mpactr_0.3.3.tar.gz,CRAN PACKAGES.gz,tar.gz
cran:mr.pivw@0.1.1,r,cran,mr.pivw,0.1.1,https://cran.r-project.org/src/contrib/mr.pivw_0.1.1.tar.gz,CRAN PACKAGES.gz,tar.gz
cran:mrIML@2.2.0,r,cran,mrIML,2.2.0,https://cran.r-project.org/src/contrib/mrIML_2.2.0.tar.gz,CRAN PACKAGES.gz,tar.gz
cran:mrgsolve@2.0.1,r,cran,mrgsolve,2.0.1,https://cran.r-project.org/src/contrib/mrgsolve_2.0.1.tar.gz,CRAN PACKAGES.gz,tar.gz
cran:msPCA@0.5.1,r,cran,msPCA,0.5.1,https://cran.r-project.org/src/contrib/msPCA_0.5.1.tar.gz,CRAN PACKAGES.gz,tar.gz
cran:mscstts@0.6.4,r,cran,mscstts,0.6.4,https://cran.r-project.org/src/contrib/mscstts_0.6.4.tar.gz,CRAN PACKAGES.gz,tar.gz
cran:msd@0.3.1,r,cran,msd,0.3.1,https://cran.r-project.org/src/contrib/msd_0.3.1.tar.gz,CRAN PACKAGES.gz,tar.gz
cran:msmtools@2.2.1,r,cran,msmtools,2.2.1,https://cran.r-project.org/src/contrib/msmtools_2.2.1.tar.gz,CRAN PACKAGES.gz,tar.gz
cran:mstknnclust@1.0.0,r,cran,mstknnclust,1.0.0,https://cran.r-project.org/src/contrib/mstknnclust_1.0.0.tar.gz,CRAN PACKAGES.gz,tar.gz
cran:mully@2.1.38,r,cran,mully,2.1.38,https://cran.r-project.org/src/contrib/mully_2.1.38.tar.gz,CRAN PACKAGES.gz,tar.gz
cran:multiDEGGs@1.2.1,r,cran,multiDEGGs,1.2.1,https://cran.r-project.org/src/contrib/multiDEGGs_1.2.1.tar.gz,CRAN PACKAGES.gz,tar.gz
cran:multiDoE@0.9.4,r,cran,multiDoE,0.9.4,https://cran.r-project.org/src/contrib/multiDoE_0.9.4.tar.gz,CRAN PACKAGES.gz,tar.gz
cran:multibiplotGUI@1.1,r,cran,multibiplotGUI,1.1,https://cran.r-project.org/src/contrib/multibiplotGUI_1.1.tar.gz,CRAN PACKAGES.gz,tar.gz
cran:multideploy@0.1.0,r,cran,multideploy,0.1.0,https://cran.r-project.org/src/contrib/multideploy_0.1.0.tar.gz,CRAN PACKAGES.gz,tar.gz
cran:multidplyr@0.1.4,r,cran,multidplyr,0.1.4,https://cran.r-project.org/src/contrib/multidplyr_0.1.4.tar.gz,CRAN PACKAGES.gz,tar.gz
cran:multifunc@0.9.4,r,cran,multifunc,0.9.4,https://cran.r-project.org/src/contrib/multifunc_0.9.4.tar.gz,CRAN PACKAGES.gz,tar.gz
cran:multilink@0.1.1,r,cran,multilink,0.1.1,https://cran.r-project.org/src/contrib/multilink_0.1.1.tar.gz,CRAN PACKAGES.gz,tar.gz
cran:multinets@0.2.2,r,cran,multinets,0.2.2,https://cran.r-project.org/src/contrib/multinets_0.2.2.tar.gz,CRAN PACKAGES.gz,tar.gz
cran:multipol@1.0-9,r,cran,multipol,1.0-9,https://cran.r-project.org/src/contrib/multipol_1.0-9.tar.gz,CRAN PACKAGES.gz,tar.gz
cran:multisite.accuracy@1.3,r,cran,multisite.accuracy,1.3,https://cran.r-project.org/src/contrib/multisite.accuracy_1.3.tar.gz,CRAN PACKAGES.gz,tar.gz
cran:mutSignatures@2.1.1,r,cran,mutSignatures,2.1.1,https://cran.r-project.org/src/contrib/mutSignatures_2.1.1.tar.gz,CRAN PACKAGES.gz,tar.gz
cran:mvLSW@1.2.5,r,cran,mvLSW,1.2.5,https://cran.r-project.org/src/contrib/mvLSW_1.2.5.tar.gz,CRAN PACKAGES.gz,tar.gz
cran:mvProbit@0.1-10,r,cran,mvProbit,0.1-10,https://cran.r-project.org/src/contrib/mvProbit_0.1-10.tar.gz,CRAN PACKAGES.gz,tar.gz
cran:mvSLOUCH@2.7.7,r,cran,mvSLOUCH,2.7.7,https://cran.r-project.org/src/contrib/mvSLOUCH_2.7.7.tar.gz,CRAN PACKAGES.gz,tar.gz
cran:mvabund@4.2.8,r,cran,mvabund,4.2.8,https://cran.r-project.org/src/contrib/mvabund_4.2.8.tar.gz,CRAN PACKAGES.gz,tar.gz
cran:mvnfast@0.2.8,r,cran,mvnfast,0.2.8,https://cran.r-project.org/src/contrib/mvnfast_0.2.8.tar.gz,CRAN PACKAGES.gz,tar.gz
cran:mvord@1.2.7,r,cran,mvord,1.2.7,https://cran.r-project.org/src/contrib/mvord_1.2.7.tar.gz,CRAN PACKAGES.gz,tar.gz
cran:mx.crypto@0.2.1,r,cran,mx.crypto,0.2.1,https://cran.r-project.org/src/contrib/mx.crypto_0.2.1.tar.gz,CRAN PACKAGES.gz,tar.gz
cran:mxcc@0.0.6,r,cran,mxcc,0.0.6,https://cran.r-project.org/src/contrib/mxcc_0.0.6.tar.gz,CRAN PACKAGES.gz,tar.gz
cran:nRegression@0.5.1,r,cran,nRegression,0.5.1,https://cran.r-project.org/src/contrib/nRegression_0.5.1.tar.gz,CRAN PACKAGES.gz,tar.gz
cran:naivereg@1.0.7,r,cran,naivereg,1.0.7,https://cran.r-project.org/src/contrib/naivereg_1.0.7.tar.gz,CRAN PACKAGES.gz,tar.gz
cran:nanonext@1.10.2,r,cran,nanonext,1.10.2,https://cran.r-project.org/src/contrib/nanonext_1.10.2.tar.gz,CRAN PACKAGES.gz,tar.gz
cran:nasa@1.0.0,r,cran,nasa,1.0.0,https://cran.r-project.org/src/contrib/nasa_1.0.0.tar.gz,CRAN PACKAGES.gz,tar.gz
cran:natserv@1.0.0,r,cran,natserv,1.0.0,https://cran.r-project.org/src/contrib/natserv_1.0.0.tar.gz,CRAN PACKAGES.gz,tar.gz
cran:neonUtilities@4.0.1,r,cran,neonUtilities,4.0.1,https://cran.r-project.org/src/contrib/neonUtilities_4.0.1.tar.gz,CRAN PACKAGES.gz,tar.gz
cran:netCoin@2.1.19,r,cran,netCoin,2.1.19,https://cran.r-project.org/src/contrib/netCoin_2.1.19.tar.gz,CRAN PACKAGES.gz,tar.gz
cran:neuralsbi@0.3.2,r,cran,neuralsbi,0.3.2,https://cran.r-project.org/src/contrib/neuralsbi_0.3.2.tar.gz,CRAN PACKAGES.gz,tar.gz
cran:neurobase@1.34.0,r,cran,neurobase,1.34.0,https://cran.r-project.org/src/contrib/neurobase_1.34.0.tar.gz,CRAN PACKAGES.gz,tar.gz
cran:neutroPPS@0.1.1,r,cran,neutroPPS,0.1.1,https://cran.r-project.org/src/contrib/neutroPPS_0.1.1.tar.gz,CRAN PACKAGES.gz,tar.gz
cran:nflverse@1.0.3,r,cran,nflverse,1.0.3,https://cran.r-project.org/src/contrib/nflverse_1.0.3.tar.gz,CRAN PACKAGES.gz,tar.gz
cran:nhs.predict@1.4.0,r,cran,nhs.predict,1.4.0,https://cran.r-project.org/src/contrib/nhs.predict_1.4.0.tar.gz,CRAN PACKAGES.gz,tar.gz
cran:nic@0.0.2,r,cran,nic,0.0.2,https://cran.r-project.org/src/contrib/nic_0.0.2.tar.gz,CRAN PACKAGES.gz,tar.gz
cran:nichetools@0.3.3,r,cran,nichetools,0.3.3,https://cran.r-project.org/src/contrib/nichetools_0.3.3.tar.gz,CRAN PACKAGES.gz,tar.gz
cran:nifti.pbcor@1.0,r,cran,nifti.pbcor,1.0,https://cran.r-project.org/src/contrib/nifti.pbcor_1.0.tar.gz,CRAN PACKAGES.gz,tar.gz
cran:nima@0.6.2,r,cran,nima,0.6.2,https://cran.r-project.org/src/contrib/nima_0.6.2.tar.gz,CRAN PACKAGES.gz,tar.gz
cran:nimbleQuad@1.4.0,r,cran,nimbleQuad,1.4.0,https://cran.r-project.org/src/contrib/nimbleQuad_1.4.0.tar.gz,CRAN PACKAGES.gz,tar.gz
cran:nimbleSMC@0.11.1,r,cran,nimbleSMC,0.11.1,https://cran.r-project.org/src/contrib/nimbleSMC_0.11.1.tar.gz,CRAN PACKAGES.gz,tar.gz
cran:nlWaldTest@1.1.3,r,cran,nlWaldTest,1.1.3,https://cran.r-project.org/src/contrib/nlWaldTest_1.1.3.tar.gz,CRAN PACKAGES.gz,tar.gz
cran:nlfh@0.1.0,r,cran,nlfh,0.1.0,https://cran.r-project.org/src/contrib/nlfh_0.1.0.tar.gz,CRAN PACKAGES.gz,tar.gz
cran:nlnet@1.4,r,cran,nlnet,1.4,https://cran.r-project.org/src/contrib/nlnet_1.4.tar.gz,CRAN PACKAGES.gz,tar.gz
cran:nlsr@2026.4.29,r,cran,nlsr,2026.4.29,https://cran.r-project.org/src/contrib/nlsr_2026.4.29.tar.gz,CRAN PACKAGES.gz,tar.gz
cran:nmaplateplot@1.0.3,r,cran,nmaplateplot,1.0.3,https://cran.r-project.org/src/contrib/nmaplateplot_1.0.3.tar.gz,CRAN PACKAGES.gz,tar.gz
cran:nmathopencl@0.8.3,r,cran,nmathopencl,0.8.3,https://cran.r-project.org/src/contrib/nmathopencl_0.8.3.tar.gz,CRAN PACKAGES.gz,tar.gz
cran:nndiagram@1.0.0,r,cran,nndiagram,1.0.0,https://cran.r-project.org/src/contrib/nndiagram_1.0.0.tar.gz,CRAN PACKAGES.gz,tar.gz
cran:nnls@1.6,r,cran,nnls,1.6,https://cran.r-project.org/src/contrib/nnls_1.6.tar.gz,CRAN PACKAGES.gz,tar.gz
cran:nodeSub@1.2.9,r,cran,nodeSub,1.2.9,https://cran.r-project.org/src/contrib/nodeSub_1.2.9.tar.gz,CRAN PACKAGES.gz,tar.gz
cran:nodiv@1.4.4,r,cran,nodiv,1.4.4,https://cran.r-project.org/src/contrib/nodiv_1.4.4.tar.gz,CRAN PACKAGES.gz,tar.gz
cran:nof1kit@0.1.0,r,cran,nof1kit,0.1.0,https://cran.r-project.org/src/contrib/nof1kit_0.1.0.tar.gz,CRAN PACKAGES.gz,tar.gz
cran:nofrills@0.3.2,r,cran,nofrills,0.3.2,https://cran.r-project.org/src/contrib/nofrills_0.3.2.tar.gz,CRAN PACKAGES.gz,tar.gz
cran:nominatimlite@0.7.0,r,cran,nominatimlite,0.7.0,https://cran.r-project.org/src/contrib/nominatimlite_0.7.0.tar.gz,CRAN PACKAGES.gz,tar.gz
cran:nonmem2R@0.2.5,r,cran,nonmem2R,0.2.5,https://cran.r-project.org/src/contrib/nonmem2R_0.2.5.tar.gz,CRAN PACKAGES.gz,tar.gz
cran:nonprobsampling@0.1.0,r,cran,nonprobsampling,0.1.0,https://cran.r-project.org/src/contrib/nonprobsampling_0.1.0.tar.gz,CRAN PACKAGES.gz,tar.gz
cran:norm@1.0-11.1,r,cran,norm,1.0-11.1,https://cran.r-project.org/src/contrib/norm_1.0-11.1.tar.gz,CRAN PACKAGES.gz,tar.gz
cran:nosoi@1.1.2,r,cran,nosoi,1.1.2,https://cran.r-project.org/src/contrib/nosoi_1.1.2.tar.gz,CRAN PACKAGES.gz,tar.gz
cran:notionapi@0.2.0,r,cran,notionapi,0.2.0,https://cran.r-project.org/src/contrib/notionapi_0.2.0.tar.gz,CRAN PACKAGES.gz,tar.gz
cran:novelqualcodes@0.13.5,r,cran,novelqualcodes,0.13.5,https://cran.r-project.org/src/contrib/novelqualcodes_0.13.5.tar.gz,CRAN PACKAGES.gz,tar.gz
cran:nowcast@0.1.0,r,cran,nowcast,0.1.0,https://cran.r-project.org/src/contrib/nowcast_0.1.0.tar.gz,CRAN PACKAGES.gz,tar.gz
cran:nowcastr@0.2.1,r,cran,nowcastr,0.2.1,https://cran.r-project.org/src/contrib/nowcastr_0.2.1.tar.gz,CRAN PACKAGES.gz,tar.gz
cran:npROCRegression@1.0-7,r,cran,npROCRegression,1.0-7,https://cran.r-project.org/src/contrib/npROCRegression_1.0-7.tar.gz,CRAN PACKAGES.gz,tar.gz
cran:nparACT@0.9.1,r,cran,nparACT,0.9.1,https://cran.r-project.org/src/contrib/nparACT_0.9.1.tar.gz,CRAN PACKAGES.gz,tar.gz
cran:npclust@0.1.1,r,cran,npclust,0.1.1,https://cran.r-project.org/src/contrib/npclust_0.1.1.tar.gz,CRAN PACKAGES.gz,tar.gz
cran:npcure@0.1-5,r,cran,npcure,0.1-5,https://cran.r-project.org/src/contrib/npcure_0.1-5.tar.gz,CRAN PACKAGES.gz,tar.gz
cran:nplplot@4.7,r,cran,nplplot,4.7,https://cran.r-project.org/src/contrib/nplplot_4.7.tar.gz,CRAN PACKAGES.gz,tar.gz
cran:npphen@2.0.1,r,cran,npphen,2.0.1,https://cran.r-project.org/src/contrib/npphen_2.0.1.tar.gz,CRAN PACKAGES.gz,tar.gz
cran:npsp@0.7-13,r,cran,npsp,0.7-13,https://cran.r-project.org/src/contrib/npsp_0.7-13.tar.gz,CRAN PACKAGES.gz,tar.gz
cran:nrba@0.3.1,r,cran,nrba,0.3.1,https://cran.r-project.org/src/contrib/nrba_0.3.1.tar.gz,CRAN PACKAGES.gz,tar.gz
cran:nsp@1.0.0,r,cran,nsp,1.0.0,https://cran.r-project.org/src/contrib/nsp_1.0.0.tar.gz,CRAN PACKAGES.gz,tar.gz
cran:ntfy@0.1.0,r,cran,ntfy,0.1.0,https://cran.r-project.org/src/contrib/ntfy_0.1.0.tar.gz,CRAN PACKAGES.gz,tar.gz
cran:ntsDists@2.1.1,r,cran,ntsDists,2.1.1,https://cran.r-project.org/src/contrib/ntsDists_2.1.1.tar.gz,CRAN PACKAGES.gz,tar.gz
cran:numDeriv@2016.8-1.1,r,cran,numDeriv,2016.8-1.1,https://cran.r-project.org/src/contrib/numDeriv_2016.8-1.1.tar.gz,CRAN PACKAGES.gz,tar.gz
cran:numspellR@0.1.0,r,cran,numspellR,0.1.0,https://cran.r-project.org/src/contrib/numspellR_0.1.0.tar.gz,CRAN PACKAGES.gz,tar.gz
cran:nzffdr@2.1.0,r,cran,nzffdr,2.1.0,https://cran.r-project.org/src/contrib/nzffdr_2.1.0.tar.gz,CRAN PACKAGES.gz,tar.gz
cran:o2geosocial@1.1.3,r,cran,o2geosocial,1.1.3,https://cran.r-project.org/src/contrib/o2geosocial_1.1.3.tar.gz,CRAN PACKAGES.gz,tar.gz
cran:oHMMed@1.0.2,r,cran,oHMMed,1.0.2,https://cran.r-project.org/src/contrib/oHMMed_1.0.2.tar.gz,CRAN PACKAGES.gz,tar.gz
cran:oaii@0.5.0,r,cran,oaii,0.5.0,https://cran.r-project.org/src/contrib/oaii_0.5.0.tar.gz,CRAN PACKAGES.gz,tar.gz
cran:obfuscatoR@0.2.2,r,cran,obfuscatoR,0.2.2,https://cran.r-project.org/src/contrib/obfuscatoR_0.2.2.tar.gz,CRAN PACKAGES.gz,tar.gz
cran:obm@2.1,r,cran,obm,2.1,https://cran.r-project.org/src/contrib/obm_2.1.tar.gz,CRAN PACKAGES.gz,tar.gz
cran:obr@0.6.2,r,cran,obr,0.6.2,https://cran.r-project.org/src/contrib/obr_0.6.2.tar.gz,CRAN PACKAGES.gz,tar.gz
cran:oceanmap@0.1.7,r,cran,oceanmap,0.1.7,https://cran.r-project.org/src/contrib/oceanmap_0.1.7.tar.gz,CRAN PACKAGES.gz,tar.gz
cran:ocp@0.1.1,r,cran,ocp,0.1.1,https://cran.r-project.org/src/contrib/ocp_0.1.1.tar.gz,CRAN PACKAGES.gz,tar.gz
cran:officedown@0.4.1,r,cran,officedown,0.4.1,https://cran.r-project.org/src/contrib/officedown_0.4.1.tar.gz,CRAN PACKAGES.gz,tar.gz
cran:okf@0.7.0,r,cran,okf,0.7.0,https://cran.r-project.org/src/contrib/okf_0.7.0.tar.gz,CRAN PACKAGES.gz,tar.gz
cran:olr@1.2,r,cran,olr,1.2,https://cran.r-project.org/src/contrib/olr_1.2.tar.gz,CRAN PACKAGES.gz,tar.gz
cran:omicwas@0.8.0,r,cran,omicwas,0.8.0,https://cran.r-project.org/src/contrib/omicwas_0.8.0.tar.gz,CRAN PACKAGES.gz,tar.gz
cran:omu@1.1.2,r,cran,omu,1.1.2,https://cran.r-project.org/src/contrib/omu_1.1.2.tar.gz,CRAN PACKAGES.gz,tar.gz
cran:oneinfl@1.0.2,r,cran,oneinfl,1.0.2,https://cran.r-project.org/src/contrib/oneinfl_1.0.2.tar.gz,CRAN PACKAGES.gz,tar.gz
cran:ons@0.1.3,r,cran,ons,0.1.3,https://cran.r-project.org/src/contrib/ons_0.1.3.tar.gz,CRAN PACKAGES.gz,tar.gz
cran:oompaBase@3.2.11,r,cran,oompaBase,3.2.11,https://cran.r-project.org/src/contrib/oompaBase_3.2.11.tar.gz,CRAN PACKAGES.gz,tar.gz
cran:opGMMassessment@0.4.1,r,cran,opGMMassessment,0.4.1,https://cran.r-project.org/src/contrib/opGMMassessment_0.4.1.tar.gz,CRAN PACKAGES.gz,tar.gz
cran:opa@0.8.3,r,cran,opa,0.8.3,https://cran.r-project.org/src/contrib/opa_0.8.3.tar.gz,CRAN PACKAGES.gz,tar.gz
cran:openCR@2.2.7,r,cran,openCR,2.2.7,https://cran.r-project.org/src/contrib/openCR_2.2.7.tar.gz,CRAN PACKAGES.gz,tar.gz
cran:openSkies@1.3.1,r,cran,openSkies,1.3.1,https://cran.r-project.org/src/contrib/openSkies_1.3.1.tar.gz,CRAN PACKAGES.gz,tar.gz
cran:openaiRtools@0.2.2,r,cran,openaiRtools,0.2.2,https://cran.r-project.org/src/contrib/openaiRtools_0.2.2.tar.gz,CRAN PACKAGES.gz,tar.gz
cran:openappr@0.2.0,r,cran,openappr,0.2.0,https://cran.r-project.org/src/contrib/openappr_0.2.0.tar.gz,CRAN PACKAGES.gz,tar.gz
cran:openblender@0.5.81,r,cran,openblender,0.5.81,https://cran.r-project.org/src/contrib/openblender_0.5.81.tar.gz,CRAN PACKAGES.gz,tar.gz
cran:opendataformat@2.2.2,r,cran,opendataformat,2.2.2,https://cran.r-project.org/src/contrib/opendataformat_2.2.2.tar.gz,CRAN PACKAGES.gz,tar.gz
cran:optbdmaeAT@1.0.2,r,cran,optbdmaeAT,1.0.2,https://cran.r-project.org/src/contrib/optbdmaeAT_1.0.2.tar.gz,CRAN PACKAGES.gz,tar.gz
cran:opticskxi@1.2.2,r,cran,opticskxi,1.2.2,https://cran.r-project.org/src/contrib/opticskxi_1.2.2.tar.gz,CRAN PACKAGES.gz,tar.gz
cran:optional@2.0.1,r,cran,optional,2.0.1,https://cran.r-project.org/src/contrib/optional_2.0.1.tar.gz,CRAN PACKAGES.gz,tar.gz
cran:opusminer@0.1-1,r,cran,opusminer,0.1-1,https://cran.r-project.org/src/contrib/opusminer_0.1-1.tar.gz,CRAN PACKAGES.gz,tar.gz
cran:ordering@0.7.0,r,cran,ordering,0.7.0,https://cran.r-project.org/src/contrib/ordering_0.7.0.tar.gz,CRAN PACKAGES.gz,tar.gz
cran:ordinalClust@1.3.5.1,r,cran,ordinalClust,1.3.5.1,https://cran.r-project.org/src/contrib/ordinalClust_1.3.5.1.tar.gz,CRAN PACKAGES.gz,tar.gz
cran:ordinalForest@2.4-4,r,cran,ordinalForest,2.4-4,https://cran.r-project.org/src/contrib/ordinalForest_2.4-4.tar.gz,CRAN PACKAGES.gz,tar.gz
cran:ore@1.7.5.1,r,cran,ore,1.7.5.1,https://cran.r-project.org/src/contrib/ore_1.7.5.1.tar.gz,CRAN PACKAGES.gz,tar.gz
cran:oro.dicom@0.5.3,r,cran,oro.dicom,0.5.3,https://cran.r-project.org/src/contrib/oro.dicom_0.5.3.tar.gz,CRAN PACKAGES.gz,tar.gz
cran:orthGS@0.1.8,r,cran,orthGS,0.1.8,https://cran.r-project.org/src/contrib/orthGS_0.1.8.tar.gz,CRAN PACKAGES.gz,tar.gz
cran:orthoMTL@0.1.0,r,cran,orthoMTL,0.1.0,https://cran.r-project.org/src/contrib/orthoMTL_0.1.0.tar.gz,CRAN PACKAGES.gz,tar.gz
cran:otel@0.2.0,r,cran,otel,0.2.0,https://cran.r-project.org/src/contrib/otel_0.2.0.tar.gz,CRAN PACKAGES.gz,tar.gz
cran:outlierensembles@0.1.3,r,cran,outlierensembles,0.1.3,https://cran.r-project.org/src/contrib/outlierensembles_0.1.3.tar.gz,CRAN PACKAGES.gz,tar.gz
cran:outlierspinner@0.1.0,r,cran,outlierspinner,0.1.0,https://cran.r-project.org/src/contrib/outlierspinner_0.1.0.tar.gz,CRAN PACKAGES.gz,tar.gz
cran:outrigger@1.1.0,r,cran,outrigger,1.1.0,https://cran.r-project.org/src/contrib/outrigger_1.1.0.tar.gz,CRAN PACKAGES.gz,tar.gz
cran:owd@1.0-7,r,cran,owd,1.0-7,https://cran.r-project.org/src/contrib/owd_1.0-7.tar.gz,CRAN PACKAGES.gz,tar.gz
cran:oystermapR@1.5.0,r,cran,oystermapR,1.5.0,https://cran.r-project.org/src/contrib/oystermapR_1.5.0.tar.gz,CRAN PACKAGES.gz,tar.gz
cran:ozbabynames@0.2.0,r,cran,ozbabynames,0.2.0,https://cran.r-project.org/src/contrib/ozbabynames_0.2.0.tar.gz,CRAN PACKAGES.gz,tar.gz
cran:pHMC@0.1.0,r,cran,pHMC,0.1.0,https://cran.r-project.org/src/contrib/pHMC_0.1.0.tar.gz,CRAN PACKAGES.gz,tar.gz
cran:pKSEA@0.0.1,r,cran,pKSEA,0.0.1,https://cran.r-project.org/src/contrib/pKSEA_0.0.1.tar.gz,CRAN PACKAGES.gz,tar.gz
cran:pRSR@3.1.1,r,cran,pRSR,3.1.1,https://cran.r-project.org/src/contrib/pRSR_3.1.1.tar.gz,CRAN PACKAGES.gz,tar.gz
cran:packMBPLSDA@0.9.0,r,cran,packMBPLSDA,0.9.0,https://cran.r-project.org/src/contrib/packMBPLSDA_0.9.0.tar.gz,CRAN PACKAGES.gz,tar.gz
cran:packageRankWrapperDriver@1.0,r,cran,packageRankWrapperDriver,1.0,https://cran.r-project.org/src/contrib/packageRankWrapperDriver_1.0.tar.gz,CRAN PACKAGES.gz,tar.gz
cran:packagefinder@0.3.5,r,cran,packagefinder,0.3.5,https://cran.r-project.org/src/contrib/packagefinder_0.3.5.tar.gz,CRAN PACKAGES.gz,tar.gz
cran:packcircles@0.3.7,r,cran,packcircles,0.3.7,https://cran.r-project.org/src/contrib/packcircles_0.3.7.tar.gz,CRAN PACKAGES.gz,tar.gz
cran:padr@0.7.0,r,cran,padr,0.7.0,https://cran.r-project.org/src/contrib/padr_0.7.0.tar.gz,CRAN PACKAGES.gz,tar.gz
cran:pairwiseLLM@1.1.0,r,cran,pairwiseLLM,1.1.0,https://cran.r-project.org/src/contrib/pairwiseLLM_1.1.0.tar.gz,CRAN PACKAGES.gz,tar.gz
cran:pak@0.11.1,r,cran,pak,0.11.1,https://cran.r-project.org/src/contrib/pak_0.11.1.tar.gz,CRAN PACKAGES.gz,tar.gz
cran:palaeoverse@1.5.0,r,cran,palaeoverse,1.5.0,https://cran.r-project.org/src/contrib/palaeoverse_1.5.0.tar.gz,CRAN PACKAGES.gz,tar.gz
cran:pald@0.0.5,r,cran,pald,0.0.5,https://cran.r-project.org/src/contrib/pald_0.0.5.tar.gz,CRAN PACKAGES.gz,tar.gz
cran:pandocfilters@0.1-6,r,cran,pandocfilters,0.1-6,https://cran.r-project.org/src/contrib/pandocfilters_0.1-6.tar.gz,CRAN PACKAGES.gz,tar.gz
cran:panelView@1.3.1,r,cran,panelView,1.3.1,https://cran.r-project.org/src/contrib/panelView_1.3.1.tar.gz,CRAN PACKAGES.gz,tar.gz
cran:pangaear@1.1.0,r,cran,pangaear,1.1.0,https://cran.r-project.org/src/contrib/pangaear_1.1.0.tar.gz,CRAN PACKAGES.gz,tar.gz
cran:papaja@0.1.5,r,cran,papaja,0.1.5,https://cran.r-project.org/src/contrib/papaja_0.1.5.tar.gz,CRAN PACKAGES.gz,tar.gz
cran:papeR@1.0-6,r,cran,papeR,1.0-6,https://cran.r-project.org/src/contrib/papeR_1.0-6.tar.gz,CRAN PACKAGES.gz,tar.gz
cran:paramhetero@1.0.0,r,cran,paramhetero,1.0.0,https://cran.r-project.org/src/contrib/paramhetero_1.0.0.tar.gz,CRAN PACKAGES.gz,tar.gz
cran:paramlink2@1.0.6,r,cran,paramlink2,1.0.6,https://cran.r-project.org/src/contrib/paramlink2_1.0.6.tar.gz,CRAN PACKAGES.gz,tar.gz
cran:paramtest@0.1.1,r,cran,paramtest,0.1.1,https://cran.r-project.org/src/contrib/paramtest_0.1.1.tar.gz,CRAN PACKAGES.gz,tar.gz
cran:parseLatex@0.4.4,r,cran,parseLatex,0.4.4,https://cran.r-project.org/src/contrib/parseLatex_0.4.4.tar.gz,CRAN PACKAGES.gz,tar.gz
cran:pathlit@0.1.0,r,cran,pathlit,0.1.0,https://cran.r-project.org/src/contrib/pathlit_0.1.0.tar.gz,CRAN PACKAGES.gz,tar.gz
cran:pavo@2.9.0,r,cran,pavo,2.9.0,https://cran.r-project.org/src/contrib/pavo_2.9.0.tar.gz,CRAN PACKAGES.gz,tar.gz
cran:paws.management@0.10.0,r,cran,paws.management,0.10.0,https://cran.r-project.org/src/contrib/paws.management_0.10.0.tar.gz,CRAN PACKAGES.gz,tar.gz
cran:paws.storage@0.10.0,r,cran,paws.storage,0.10.0,https://cran.r-project.org/src/contrib/paws.storage_0.10.0.tar.gz,CRAN PACKAGES.gz,tar.gz
cran:pb210dating@1.0.1,r,cran,pb210dating,1.0.1,https://cran.r-project.org/src/contrib/pb210dating_1.0.1.tar.gz,CRAN PACKAGES.gz,tar.gz
cran:pbbd@1.0.0,r,cran,pbbd,1.0.0,https://cran.r-project.org/src/contrib/pbbd_1.0.0.tar.gz,CRAN PACKAGES.gz,tar.gz
cran:pcdid@1.0.0,r,cran,pcdid,1.0.0,https://cran.r-project.org/src/contrib/pcdid_1.0.0.tar.gz,CRAN PACKAGES.gz,tar.gz
cran:pcgen@0.2.0,r,cran,pcgen,0.2.0,https://cran.r-project.org/src/contrib/pcgen_0.2.0.tar.gz,CRAN PACKAGES.gz,tar.gz
cran:pciR@1.0.0,r,cran,pciR,1.0.0,https://cran.r-project.org/src/contrib/pciR_1.0.0.tar.gz,CRAN PACKAGES.gz,tar.gz
cran:pcsstools@0.1.2,r,cran,pcsstools,0.1.2,https://cran.r-project.org/src/contrib/pcsstools_0.1.2.tar.gz,CRAN PACKAGES.gz,tar.gz
cran:pdftools@3.9.0,r,cran,pdftools,3.9.0,https://cran.r-project.org/src/contrib/pdftools_3.9.0.tar.gz,CRAN PACKAGES.gz,tar.gz
cran:pdt@0.0.2,r,cran,pdt,0.0.2,https://cran.r-project.org/src/contrib/pdt_0.0.2.tar.gz,CRAN PACKAGES.gz,tar.gz
cran:peRiodiCS@0.5.0,r,cran,peRiodiCS,0.5.0,https://cran.r-project.org/src/contrib/peRiodiCS_0.5.0.tar.gz,CRAN PACKAGES.gz,tar.gz
cran:pedMermaid@1.0.2,r,cran,pedMermaid,1.0.2,https://cran.r-project.org/src/contrib/pedMermaid_1.0.2.tar.gz,CRAN PACKAGES.gz,tar.gz
cran:pedSimulate@1.4.3,r,cran,pedSimulate,1.4.3,https://cran.r-project.org/src/contrib/pedSimulate_1.4.3.tar.gz,CRAN PACKAGES.gz,tar.gz
cran:pep725@1.1.0,r,cran,pep725,1.1.0,https://cran.r-project.org/src/contrib/pep725_1.1.0.tar.gz,CRAN PACKAGES.gz,tar.gz
cran:percentiles@0.3.0,r,cran,percentiles,0.3.0,https://cran.r-project.org/src/contrib/percentiles_0.3.0.tar.gz,CRAN PACKAGES.gz,tar.gz
cran:permChacko@1.0.1,r,cran,permChacko,1.0.1,https://cran.r-project.org/src/contrib/permChacko_1.0.1.tar.gz,CRAN PACKAGES.gz,tar.gz
cran:permPATH@1.3,r,cran,permPATH,1.3,https://cran.r-project.org/src/contrib/permPATH_1.3.tar.gz,CRAN PACKAGES.gz,tar.gz
cran:permubiome@1.3.2,r,cran,permubiome,1.3.2,https://cran.r-project.org/src/contrib/permubiome_1.3.2.tar.gz,CRAN PACKAGES.gz,tar.gz
cran:permute@0.9-10,r,cran,permute,0.9-10,https://cran.r-project.org/src/contrib/permute_0.9-10.tar.gz,CRAN PACKAGES.gz,tar.gz
cran:perryExamples@0.1.1,r,cran,perryExamples,0.1.1,https://cran.r-project.org/src/contrib/perryExamples_0.1.1.tar.gz,CRAN PACKAGES.gz,tar.gz
cran:pervasive@1.0,r,cran,pervasive,1.0,https://cran.r-project.org/src/contrib/pervasive_1.0.tar.gz,CRAN PACKAGES.gz,tar.gz
cran:petersenlab@1.2.0,r,cran,petersenlab,1.2.0,https://cran.r-project.org/src/contrib/petersenlab_1.2.0.tar.gz,CRAN PACKAGES.gz,tar.gz
cran:pg@0.2.4,r,cran,pg,0.2.4,https://cran.r-project.org/src/contrib/pg_0.2.4.tar.gz,CRAN PACKAGES.gz,tar.gz
cran:phacking@0.2.1,r,cran,phacking,0.2.1,https://cran.r-project.org/src/contrib/phacking_0.2.1.tar.gz,CRAN PACKAGES.gz,tar.gz
cran:pharmaversesdtmjnj@0.0.4,r,cran,pharmaversesdtmjnj,0.0.4,https://cran.r-project.org/src/contrib/pharmaversesdtmjnj_0.0.4.tar.gz,CRAN PACKAGES.gz,tar.gz
cran:phateR@1.0.7,r,cran,phateR,1.0.7,https://cran.r-project.org/src/contrib/phateR_1.0.7.tar.gz,CRAN PACKAGES.gz,tar.gz
cran:phecodemap@0.1.0,r,cran,phecodemap,0.1.0,https://cran.r-project.org/src/contrib/phecodemap_0.1.0.tar.gz,CRAN PACKAGES.gz,tar.gz
cran:phenofit@0.3.11,r,cran,phenofit,0.3.11,https://cran.r-project.org/src/contrib/phenofit_0.3.11.tar.gz,CRAN PACKAGES.gz,tar.gz
cran:photobiologyLamps@0.5.3,r,cran,photobiologyLamps,0.5.3,https://cran.r-project.org/src/contrib/photobiologyLamps_0.5.3.tar.gz,CRAN PACKAGES.gz,tar.gz
cran:photobiologyPlants@0.6.1-1,r,cran,photobiologyPlants,0.6.1-1,https://cran.r-project.org/src/contrib/photobiologyPlants_0.6.1-1.tar.gz,CRAN PACKAGES.gz,tar.gz
cran:photobiologySun@0.5.1,r,cran,photobiologySun,0.5.1,https://cran.r-project.org/src/contrib/photobiologySun_0.5.1.tar.gz,CRAN PACKAGES.gz,tar.gz
cran:phylobase@0.8.12,r,cran,phylobase,0.8.12,https://cran.r-project.org/src/contrib/phylobase_0.8.12.tar.gz,CRAN PACKAGES.gz,tar.gz
cran:phylolm.hp@0.0-4,r,cran,phylolm.hp,0.0-4,https://cran.r-project.org/src/contrib/phylolm.hp_0.0-4.tar.gz,CRAN PACKAGES.gz,tar.gz
cran:picClip@0.1.0,r,cran,picClip,0.1.0,https://cran.r-project.org/src/contrib/picClip_0.1.0.tar.gz,CRAN PACKAGES.gz,tar.gz
cran:picante@1.8.4,r,cran,picante,1.8.4,https://cran.r-project.org/src/contrib/picante_1.8.4.tar.gz,CRAN PACKAGES.gz,tar.gz
cran:pisaRT@2.0.2,r,cran,pisaRT,2.0.2,https://cran.r-project.org/src/contrib/pisaRT_2.0.2.tar.gz,CRAN PACKAGES.gz,tar.gz
cran:pkgKitten@0.2.4,r,cran,pkgKitten,0.2.4,https://cran.r-project.org/src/contrib/pkgKitten_0.2.4.tar.gz,CRAN PACKAGES.gz,tar.gz
cran:plan@0.4-5,r,cran,plan,0.4-5,https://cran.r-project.org/src/contrib/plan_0.4-5.tar.gz,CRAN PACKAGES.gz,tar.gz
cran:planisphere@0.1.0,r,cran,planisphere,0.1.0,https://cran.r-project.org/src/contrib/planisphere_0.1.0.tar.gz,CRAN PACKAGES.gz,tar.gz
cran:plavaan@0.0.2,r,cran,plavaan,0.0.2,https://cran.r-project.org/src/contrib/plavaan_0.0.2.tar.gz,CRAN PACKAGES.gz,tar.gz
cran:pldamixture@0.1.1,r,cran,pldamixture,0.1.1,https://cran.r-project.org/src/contrib/pldamixture_0.1.1.tar.gz,CRAN PACKAGES.gz,tar.gz
cran:plotHMM@2023.8.28,r,cran,plotHMM,2023.8.28,https://cran.r-project.org/src/contrib/plotHMM_2023.8.28.tar.gz,CRAN PACKAGES.gz,tar.gz
cran:plotfunctions@1.5,r,cran,plotfunctions,1.5,https://cran.r-project.org/src/contrib/plotfunctions_1.5.tar.gz,CRAN PACKAGES.gz,tar.gz
cran:plotluck@1.1.1,r,cran,plotluck,1.1.1,https://cran.r-project.org/src/contrib/plotluck_1.1.1.tar.gz,CRAN PACKAGES.gz,tar.gz
cran:plotpc@1.0.4,r,cran,plotpc,1.0.4,https://cran.r-project.org/src/contrib/plotpc_1.0.4.tar.gz,CRAN PACKAGES.gz,tar.gz
cran:plsRcox@1.8.2,r,cran,plsRcox,1.8.2,https://cran.r-project.org/src/contrib/plsRcox_1.8.2.tar.gz,CRAN PACKAGES.gz,tar.gz
cran:plsmselect@0.2.0,r,cran,plsmselect,0.2.0,https://cran.r-project.org/src/contrib/plsmselect_0.2.0.tar.gz,CRAN PACKAGES.gz,tar.gz
cran:plumber@1.3.3,r,cran,plumber,1.3.3,https://cran.r-project.org/src/contrib/plumber_1.3.3.tar.gz,CRAN PACKAGES.gz,tar.gz
cran:pmev@0.1.2,r,cran,pmev,0.1.2,https://cran.r-project.org/src/contrib/pmev_0.1.2.tar.gz,CRAN PACKAGES.gz,tar.gz
cran:pmlbr@0.3.0,r,cran,pmlbr,0.3.0,https://cran.r-project.org/src/contrib/pmlbr_0.3.0.tar.gz,CRAN PACKAGES.gz,tar.gz
cran:pmsampsize@1.1.3,r,cran,pmsampsize,1.1.3,https://cran.r-project.org/src/contrib/pmsampsize_1.1.3.tar.gz,CRAN PACKAGES.gz,tar.gz
cran:poibin@1.6,r,cran,poibin,1.6,https://cran.r-project.org/src/contrib/poibin_1.6.tar.gz,CRAN PACKAGES.gz,tar.gz
cran:pointr@0.2.0,r,cran,pointr,0.2.0,https://cran.r-project.org/src/contrib/pointr_0.2.0.tar.gz,CRAN PACKAGES.gz,tar.gz
cran:polarisR@0.1.4,r,cran,polarisR,0.1.4,https://cran.r-project.org/src/contrib/polarisR_0.1.4.tar.gz,CRAN PACKAGES.gz,tar.gz
cran:polimetrics@1.2.1.14,r,cran,polimetrics,1.2.1.14,https://cran.r-project.org/src/contrib/polimetrics_1.2.1.14.tar.gz,CRAN PACKAGES.gz,tar.gz
cran:polyclip@1.10-7,r,cran,polyclip,1.10-7,https://cran.r-project.org/src/contrib/polyclip_1.10-7.tar.gz,CRAN PACKAGES.gz,tar.gz
cran:pooh@0.3-2,r,cran,pooh,0.3-2,https://cran.r-project.org/src/contrib/pooh_0.3-2.tar.gz,CRAN PACKAGES.gz,tar.gz
cran:poolHelper@1.1.0,r,cran,poolHelper,1.1.0,https://cran.r-project.org/src/contrib/poolHelper_1.1.0.tar.gz,CRAN PACKAGES.gz,tar.gz
cran:poolfstat@3.1.0,r,cran,poolfstat,3.1.0,https://cran.r-project.org/src/contrib/poolfstat_3.1.0.tar.gz,CRAN PACKAGES.gz,tar.gz
cran:popReconstruct@1.0-6,r,cran,popReconstruct,1.0-6,https://cran.r-project.org/src/contrib/popReconstruct_1.0-6.tar.gz,CRAN PACKAGES.gz,tar.gz
cran:popdemo@1.3-4,r,cran,popdemo,1.3-4,https://cran.r-project.org/src/contrib/popdemo_1.3-4.tar.gz,CRAN PACKAGES.gz,tar.gz
cran:poputils@0.6.1,r,cran,poputils,0.6.1,https://cran.r-project.org/src/contrib/poputils_0.6.1.tar.gz,CRAN PACKAGES.gz,tar.gz
cran:porter@0.1.0,r,cran,porter,0.1.0,https://cran.r-project.org/src/contrib/porter_0.1.0.tar.gz,CRAN PACKAGES.gz,tar.gz
cran:poseticDataAnalysis@1.1.1,r,cran,poseticDataAnalysis,1.1.1,https://cran.r-project.org/src/contrib/poseticDataAnalysis_1.1.1.tar.gz,CRAN PACKAGES.gz,tar.gz
cran:postpack@0.5.4,r,cran,postpack,0.5.4,https://cran.r-project.org/src/contrib/postpack_0.5.4.tar.gz,CRAN PACKAGES.gz,tar.gz
cran:poweRbal@0.1.0,r,cran,poweRbal,0.1.0,https://cran.r-project.org/src/contrib/poweRbal_0.1.0.tar.gz,CRAN PACKAGES.gz,tar.gz
cran:ppRank@0.1.1,r,cran,ppRank,0.1.1,https://cran.r-project.org/src/contrib/ppRank_0.1.1.tar.gz,CRAN PACKAGES.gz,tar.gz
cran:ppRep@0.42.3,r,cran,ppRep,0.42.3,https://cran.r-project.org/src/contrib/ppRep_0.42.3.tar.gz,CRAN PACKAGES.gz,tar.gz
cran:pplot@0.9,r,cran,pplot,0.9,https://cran.r-project.org/src/contrib/pplot_0.9.tar.gz,CRAN PACKAGES.gz,tar.gz
cran:pps@1.0,r,cran,pps,1.0,https://cran.r-project.org/src/contrib/pps_1.0.tar.gz,CRAN PACKAGES.gz,tar.gz
cran:pre@1.1.0,r,cran,pre,1.1.0,https://cran.r-project.org/src/contrib/pre_1.1.0.tar.gz,CRAN PACKAGES.gz,tar.gz
cran:predReliability@0.1.0,r,cran,predReliability,0.1.0,https://cran.r-project.org/src/contrib/predReliability_0.1.0.tar.gz,CRAN PACKAGES.gz,tar.gz
cran:predhy.GUI@2.1.1,r,cran,predhy.GUI,2.1.1,https://cran.r-project.org/src/contrib/predhy.GUI_2.1.1.tar.gz,CRAN PACKAGES.gz,tar.gz
cran:presens@2.1.0,r,cran,presens,2.1.0,https://cran.r-project.org/src/contrib/presens_2.1.0.tar.gz,CRAN PACKAGES.gz,tar.gz
cran:presmTP@1.1.0,r,cran,presmTP,1.1.0,https://cran.r-project.org/src/contrib/presmTP_1.1.0.tar.gz,CRAN PACKAGES.gz,tar.gz
cran:prevalence@0.4.1,r,cran,prevalence,0.4.1,https://cran.r-project.org/src/contrib/prevalence_0.4.1.tar.gz,CRAN PACKAGES.gz,tar.gz
cran:processmapR@0.5.8,r,cran,processmapR,0.5.8,https://cran.r-project.org/src/contrib/processmapR_0.5.8.tar.gz,CRAN PACKAGES.gz,tar.gz
cran:processmonitR@0.1.0,r,cran,processmonitR,0.1.0,https://cran.r-project.org/src/contrib/processmonitR_0.1.0.tar.gz,CRAN PACKAGES.gz,tar.gz
cran:processx@3.9.0,r,cran,processx,3.9.0,https://cran.r-project.org/src/contrib/processx_3.9.0.tar.gz,CRAN PACKAGES.gz,tar.gz
cran:productshotaiR@0.1.0,r,cran,productshotaiR,0.1.0,https://cran.r-project.org/src/contrib/productshotaiR_0.1.0.tar.gz,CRAN PACKAGES.gz,tar.gz
cran:proffer@0.2.2,r,cran,proffer,0.2.2,https://cran.r-project.org/src/contrib/proffer_0.2.2.tar.gz,CRAN PACKAGES.gz,tar.gz
cran:profileR@0.3-5,r,cran,profileR,0.3-5,https://cran.r-project.org/src/contrib/profileR_0.3-5.tar.gz,CRAN PACKAGES.gz,tar.gz
cran:properties@0.0-9,r,cran,properties,0.0-9,https://cran.r-project.org/src/contrib/properties_0.0-9.tar.gz,CRAN PACKAGES.gz,tar.gz
cran:proporz@1.5.3,r,cran,proporz,1.5.3,https://cran.r-project.org/src/contrib/proporz_1.5.3.tar.gz,CRAN PACKAGES.gz,tar.gz
cran:protoshiny@0.1.1,r,cran,protoshiny,0.1.1,https://cran.r-project.org/src/contrib/protoshiny_0.1.1.tar.gz,CRAN PACKAGES.gz,tar.gz
cran:proustr@0.4.0,r,cran,proustr,0.4.0,https://cran.r-project.org/src/contrib/proustr_0.4.0.tar.gz,CRAN PACKAGES.gz,tar.gz
cran:provViz@1.0.9,r,cran,provViz,1.0.9,https://cran.r-project.org/src/contrib/provViz_1.0.9.tar.gz,CRAN PACKAGES.gz,tar.gz
cran:prozor@0.3.1,r,cran,prozor,0.3.1,https://cran.r-project.org/src/contrib/prozor_0.3.1.tar.gz,CRAN PACKAGES.gz,tar.gz
cran:prqlr@0.10.1,r,cran,prqlr,0.10.1,https://cran.r-project.org/src/contrib/prqlr_0.10.1.tar.gz,CRAN PACKAGES.gz,tar.gz
cran:ps@1.9.3,r,cran,ps,1.9.3,https://cran.r-project.org/src/contrib/ps_1.9.3.tar.gz,CRAN PACKAGES.gz,tar.gz
cran:psbcSpeedUp@2.1.0,r,cran,psbcSpeedUp,2.1.0,https://cran.r-project.org/src/contrib/psbcSpeedUp_2.1.0.tar.gz,CRAN PACKAGES.gz,tar.gz
cran:pseudorank@1.0.4,r,cran,pseudorank,1.0.4,https://cran.r-project.org/src/contrib/pseudorank_1.0.4.tar.gz,CRAN PACKAGES.gz,tar.gz
cran:psfmi@1.4.0,r,cran,psfmi,1.4.0,https://cran.r-project.org/src/contrib/psfmi_1.4.0.tar.gz,CRAN PACKAGES.gz,tar.gz
cran:pudu@0.1.0,r,cran,pudu,0.1.0,https://cran.r-project.org/src/contrib/pudu_0.1.0.tar.gz,CRAN PACKAGES.gz,tar.gz
cran:purge@0.2.1,r,cran,purge,0.2.1,https://cran.r-project.org/src/contrib/purge_0.2.1.tar.gz,CRAN PACKAGES.gz,tar.gz
cran:purging@1.0.0,r,cran,purging,1.0.0,https://cran.r-project.org/src/contrib/purging_1.0.0.tar.gz,CRAN PACKAGES.gz,tar.gz
cran:pushbar@0.1.0,r,cran,pushbar,0.1.0,https://cran.r-project.org/src/contrib/pushbar_0.1.0.tar.gz,CRAN PACKAGES.gz,tar.gz
cran:puzzle@0.0.1,r,cran,puzzle,0.0.1,https://cran.r-project.org/src/contrib/puzzle_0.0.1.tar.gz,CRAN PACKAGES.gz,tar.gz
cran:pvldcurve@1.2.6,r,cran,pvldcurve,1.2.6,https://cran.r-project.org/src/contrib/pvldcurve_1.2.6.tar.gz,CRAN PACKAGES.gz,tar.gz
cran:pwlapprox2d@0.1.0,r,cran,pwlapprox2d,0.1.0,https://cran.r-project.org/src/contrib/pwlapprox2d_0.1.0.tar.gz,CRAN PACKAGES.gz,tar.gz
cran:pwr@1.3-0,r,cran,pwr,1.3-0,https://cran.r-project.org/src/contrib/pwr_1.3-0.tar.gz,CRAN PACKAGES.gz,tar.gz
cran:qPRAentry@0.1.1,r,cran,qPRAentry,0.1.1,https://cran.r-project.org/src/contrib/qPRAentry_0.1.1.tar.gz,CRAN PACKAGES.gz,tar.gz
cran:qol@1.3.4,r,cran,qol,1.3.4,https://cran.r-project.org/src/contrib/qol_1.3.4.tar.gz,CRAN PACKAGES.gz,tar.gz
cran:qpcR@1.4-2,r,cran,qpcR,1.4-2,https://cran.r-project.org/src/contrib/qpcR_1.4-2.tar.gz,CRAN PACKAGES.gz,tar.gz
cran:qrmtools@0.0-19,r,cran,qrmtools,0.0-19,https://cran.r-project.org/src/contrib/qrmtools_0.0-19.tar.gz,CRAN PACKAGES.gz,tar.gz
cran:qryflow@0.4.0,r,cran,qryflow,0.4.0,https://cran.r-project.org/src/contrib/qryflow_0.4.0.tar.gz,CRAN PACKAGES.gz,tar.gz
cran:qshap@2.0.0,r,cran,qshap,2.0.0,https://cran.r-project.org/src/contrib/qshap_2.0.0.tar.gz,CRAN PACKAGES.gz,tar.gz
cran:qte@2.0.0,r,cran,qte,2.0.0,https://cran.r-project.org/src/contrib/qte_2.0.0.tar.gz,CRAN PACKAGES.gz,tar.gz
cran:qtlcharts@0.22,r,cran,qtlcharts,0.22,https://cran.r-project.org/src/contrib/qtlcharts_0.22.tar.gz,CRAN PACKAGES.gz,tar.gz
cran:quadcleanR@1.1.0,r,cran,quadcleanR,1.1.0,https://cran.r-project.org/src/contrib/quadcleanR_1.1.0.tar.gz,CRAN PACKAGES.gz,tar.gz
cran:qualmap@0.2.2,r,cran,qualmap,0.2.2,https://cran.r-project.org/src/contrib/qualmap_0.2.2.tar.gz,CRAN PACKAGES.gz,tar.gz
cran:quantification@0.2.0,r,cran,quantification,0.2.0,https://cran.r-project.org/src/contrib/quantification_0.2.0.tar.gz,CRAN PACKAGES.gz,tar.gz
cran:quantilogram@3.2.1,r,cran,quantilogram,3.2.1,https://cran.r-project.org/src/contrib/quantilogram_3.2.1.tar.gz,CRAN PACKAGES.gz,tar.gz
cran:quarks@1.1.6,r,cran,quarks,1.1.6,https://cran.r-project.org/src/contrib/quarks_1.1.6.tar.gz,CRAN PACKAGES.gz,tar.gz
cran:quickPWCR@1.2,r,cran,quickPWCR,1.2,https://cran.r-project.org/src/contrib/quickPWCR_1.2.tar.gz,CRAN PACKAGES.gz,tar.gz
cran:quickPlot@1.0.4,r,cran,quickPlot,1.0.4,https://cran.r-project.org/src/contrib/quickPlot_1.0.4.tar.gz,CRAN PACKAGES.gz,tar.gz
cran:quickSentiment@0.3.6,r,cran,quickSentiment,0.3.6,https://cran.r-project.org/src/contrib/quickSentiment_0.3.6.tar.gz,CRAN PACKAGES.gz,tar.gz
cran:quiddich@1.0.0,r,cran,quiddich,1.0.0,https://cran.r-project.org/src/contrib/quiddich_1.0.0.tar.gz,CRAN PACKAGES.gz,tar.gz
cran:qviewparsR@1.0.0,r,cran,qviewparsR,1.0.0,https://cran.r-project.org/src/contrib/qviewparsR_1.0.0.tar.gz,CRAN PACKAGES.gz,tar.gz
cran:qwalkr@0.1.0,r,cran,qwalkr,0.1.0,https://cran.r-project.org/src/contrib/qwalkr_0.1.0.tar.gz,CRAN PACKAGES.gz,tar.gz
cran:r.proxy@0.1.4,r,cran,r.proxy,0.1.4,https://cran.r-project.org/src/contrib/r.proxy_0.1.4.tar.gz,CRAN PACKAGES.gz,tar.gz
cran:r2d2@1.0.2,r,cran,r2d2,1.0.2,https://cran.r-project.org/src/contrib/r2d2_1.0.2.tar.gz,CRAN PACKAGES.gz,tar.gz
cran:r2sundials@7.2.1-4,r,cran,r2sundials,7.2.1-4,https://cran.r-project.org/src/contrib/r2sundials_7.2.1-4.tar.gz,CRAN PACKAGES.gz,tar.gz
cran:r4sub@0.1.0,r,cran,r4sub,0.1.0,https://cran.r-project.org/src/contrib/r4sub_0.1.0.tar.gz,CRAN PACKAGES.gz,tar.gz
cran:r4subrisk@0.1.0,r,cran,r4subrisk,0.1.0,https://cran.r-project.org/src/contrib/r4subrisk_0.1.0.tar.gz,CRAN PACKAGES.gz,tar.gz
cran:rBayesianOptimization@1.2.2,r,cran,rBayesianOptimization,1.2.2,https://cran.r-project.org/src/contrib/rBayesianOptimization_1.2.2.tar.gz,CRAN PACKAGES.gz,tar.gz
cran:rCBA@0.4.3,r,cran,rCBA,0.4.3,https://cran.r-project.org/src/contrib/rCBA_0.4.3.tar.gz,CRAN PACKAGES.gz,tar.gz
cran:rFDP@0.1.1,r,cran,rFDP,0.1.1,https://cran.r-project.org/src/contrib/rFDP_0.1.1.tar.gz,CRAN PACKAGES.gz,tar.gz
cran:rFIA@1.1.4,r,cran,rFIA,1.1.4,https://cran.r-project.org/src/contrib/rFIA_1.1.4.tar.gz,CRAN PACKAGES.gz,tar.gz
cran:rKOMICS@1.3,r,cran,rKOMICS,1.3,https://cran.r-project.org/src/contrib/rKOMICS_1.3.tar.gz,CRAN PACKAGES.gz,tar.gz
cran:rPraat@1.3.2-1,r,cran,rPraat,1.3.2-1,https://cran.r-project.org/src/contrib/rPraat_1.3.2-1.tar.gz,CRAN PACKAGES.gz,tar.gz
cran:rTensor@1.5.0,r,cran,rTensor,1.5.0,https://cran.r-project.org/src/contrib/rTensor_1.5.0.tar.gz,CRAN PACKAGES.gz,tar.gz
cran:ramchoice@2.2,r,cran,ramchoice,2.2,https://cran.r-project.org/src/contrib/ramchoice_2.2.tar.gz,CRAN PACKAGES.gz,tar.gz
cran:rampage@0.2.1,r,cran,rampage,0.2.1,https://cran.r-project.org/src/contrib/rampage_0.2.1.tar.gz,CRAN PACKAGES.gz,tar.gz
cran:randcorr@1.0,r,cran,randcorr,1.0,https://cran.r-project.org/src/contrib/randcorr_1.0.tar.gz,CRAN PACKAGES.gz,tar.gz
cran:randomForestSRC@3.7.0,r,cran,randomForestSRC,3.7.0,https://cran.r-project.org/src/contrib/randomForestSRC_3.7.0.tar.gz,CRAN PACKAGES.gz,tar.gz
cran:randomLCA@1.1-4,r,cran,randomLCA,1.1-4,https://cran.r-project.org/src/contrib/randomLCA_1.1-4.tar.gz,CRAN PACKAGES.gz,tar.gz
cran:randomizeBE@0.3-6,r,cran,randomizeBE,0.3-6,https://cran.r-project.org/src/contrib/randomizeBE_0.3-6.tar.gz,CRAN PACKAGES.gz,tar.gz
cran:randomizeR@3.0.2,r,cran,randomizeR,3.0.2,https://cran.r-project.org/src/contrib/randomizeR_3.0.2.tar.gz,CRAN PACKAGES.gz,tar.gz
cran:rangeBuilder@2.2,r,cran,rangeBuilder,2.2,https://cran.r-project.org/src/contrib/rangeBuilder_2.2.tar.gz,CRAN PACKAGES.gz,tar.gz
cran:rangeMapper@2.0.3,r,cran,rangeMapper,2.0.3,https://cran.r-project.org/src/contrib/rangeMapper_2.0.3.tar.gz,CRAN PACKAGES.gz,tar.gz
cran:rangecondprob@0.4.1,r,cran,rangecondprob,0.4.1,https://cran.r-project.org/src/contrib/rangecondprob_0.4.1.tar.gz,CRAN PACKAGES.gz,tar.gz
cran:rankICC@1.0.2,r,cran,rankICC,1.0.2,https://cran.r-project.org/src/contrib/rankICC_1.0.2.tar.gz,CRAN PACKAGES.gz,tar.gz
cran:rapidcodeR@0.1.1,r,cran,rapidcodeR,0.1.1,https://cran.r-project.org/src/contrib/rapidcodeR_0.1.1.tar.gz,CRAN PACKAGES.gz,tar.gz
cran:rappleads@0.1.3,r,cran,rappleads,0.1.3,https://cran.r-project.org/src/contrib/rappleads_0.1.3.tar.gz,CRAN PACKAGES.gz,tar.gz
cran:rarefun@0.1.0,r,cran,rarefun,0.1.0,https://cran.r-project.org/src/contrib/rarefun_0.1.0.tar.gz,CRAN PACKAGES.gz,tar.gz
cran:rarms@1.0.0,r,cran,rarms,1.0.0,https://cran.r-project.org/src/contrib/rarms_1.0.0.tar.gz,CRAN PACKAGES.gz,tar.gz
cran:raymolecule@0.9.0,r,cran,raymolecule,0.9.0,https://cran.r-project.org/src/contrib/raymolecule_0.9.0.tar.gz,CRAN PACKAGES.gz,tar.gz
cran:rayshader@0.41.2,r,cran,rayshader,0.41.2,https://cran.r-project.org/src/contrib/rayshader_0.41.2.tar.gz,CRAN PACKAGES.gz,tar.gz
cran:rbit@1.0.0,r,cran,rbit,1.0.0,https://cran.r-project.org/src/contrib/rbit_1.0.0.tar.gz,CRAN PACKAGES.gz,tar.gz
cran:rcatfish@1.0.5,r,cran,rcatfish,1.0.5,https://cran.r-project.org/src/contrib/rcatfish_1.0.5.tar.gz,CRAN PACKAGES.gz,tar.gz
cran:rcbayes@0.3.0,r,cran,rcbayes,0.3.0,https://cran.r-project.org/src/contrib/rcbayes_0.3.0.tar.gz,CRAN PACKAGES.gz,tar.gz
cran:rcolors@0.1.0,r,cran,rcolors,0.1.0,https://cran.r-project.org/src/contrib/rcolors_0.1.0.tar.gz,CRAN PACKAGES.gz,tar.gz
cran:rconvertu@1.1.0,r,cran,rconvertu,1.1.0,https://cran.r-project.org/src/contrib/rconvertu_1.1.0.tar.gz,CRAN PACKAGES.gz,tar.gz
cran:rcppmlpackexamples@0.0.1,r,cran,rcppmlpackexamples,0.0.1,https://cran.r-project.org/src/contrib/rcppmlpackexamples_0.0.1.tar.gz,CRAN PACKAGES.gz,tar.gz
cran:rdcmchecks@0.1.1,r,cran,rdcmchecks,0.1.1,https://cran.r-project.org/src/contrib/rdcmchecks_0.1.1.tar.gz,CRAN PACKAGES.gz,tar.gz
cran:rddensity@3.0,r,cran,rddensity,3.0,https://cran.r-project.org/src/contrib/rddensity_3.0.tar.gz,CRAN PACKAGES.gz,tar.gz
cran:rddtools@2.0.2,r,cran,rddtools,2.0.2,https://cran.r-project.org/src/contrib/rddtools_2.0.2.tar.gz,CRAN PACKAGES.gz,tar.gz
cran:rde@0.1.1,r,cran,rde,0.1.1,https://cran.r-project.org/src/contrib/rde_0.1.1.tar.gz,CRAN PACKAGES.gz,tar.gz
cran:rdlearn@0.1.1,r,cran,rdlearn,0.1.1,https://cran.r-project.org/src/contrib/rdlearn_0.1.1.tar.gz,CRAN PACKAGES.gz,tar.gz
cran:rdtLite@1.4,r,cran,rdtLite,1.4,https://cran.r-project.org/src/contrib/rdtLite_1.4.tar.gz,CRAN PACKAGES.gz,tar.gz
cran:reactlog@1.1.1,r,cran,reactlog,1.1.1,https://cran.r-project.org/src/contrib/reactlog_1.1.1.tar.gz,CRAN PACKAGES.gz,tar.gz
cran:readecb@0.1.2,r,cran,readecb,0.1.2,https://cran.r-project.org/src/contrib/readecb_0.1.2.tar.gz,CRAN PACKAGES.gz,tar.gz
cran:readmit@0.0.1,r,cran,readmit,0.0.1,https://cran.r-project.org/src/contrib/readmit_0.0.1.tar.gz,CRAN PACKAGES.gz,tar.gz
cran:rebus@0.1-3,r,cran,rebus,0.1-3,https://cran.r-project.org/src/contrib/rebus_0.1-3.tar.gz,CRAN PACKAGES.gz,tar.gz
cran:rebus.numbers@0.0-1.1,r,cran,rebus.numbers,0.0-1.1,https://cran.r-project.org/src/contrib/rebus.numbers_0.0-1.1.tar.gz,CRAN PACKAGES.gz,tar.gz
cran:recexcavAAR@0.3.0,r,cran,recexcavAAR,0.3.0,https://cran.r-project.org/src/contrib/recexcavAAR_0.3.0.tar.gz,CRAN PACKAGES.gz,tar.gz
cran:recogito@0.2.1,r,cran,recogito,0.2.1,https://cran.r-project.org/src/contrib/recogito_0.2.1.tar.gz,CRAN PACKAGES.gz,tar.gz
cran:recurrentpseudo@1.0.0,r,cran,recurrentpseudo,1.0.0,https://cran.r-project.org/src/contrib/recurrentpseudo_1.0.0.tar.gz,CRAN PACKAGES.gz,tar.gz
cran:reda@0.5.6,r,cran,reda,0.5.6,https://cran.r-project.org/src/contrib/reda_0.5.6.tar.gz,CRAN PACKAGES.gz,tar.gz
cran:redistverse@0.1.2,r,cran,redistverse,0.1.2,https://cran.r-project.org/src/contrib/redistverse_0.1.2.tar.gz,CRAN PACKAGES.gz,tar.gz
cran:redquack@0.3.0,r,cran,redquack,0.3.0,https://cran.r-project.org/src/contrib/redquack_0.3.0.tar.gz,CRAN PACKAGES.gz,tar.gz
cran:reems@0.1.0,r,cran,reems,0.1.0,https://cran.r-project.org/src/contrib/reems_0.1.0.tar.gz,CRAN PACKAGES.gz,tar.gz
cran:regexSelect@1.0.0,r,cran,regexSelect,1.0.0,https://cran.r-project.org/src/contrib/regexSelect_1.0.0.tar.gz,CRAN PACKAGES.gz,tar.gz
cran:regioncode@0.2.1,r,cran,regioncode,0.2.1,https://cran.r-project.org/src/contrib/regioncode_0.2.1.tar.gz,CRAN PACKAGES.gz,tar.gz
cran:regsubseq@0.12,r,cran,regsubseq,0.12,https://cran.r-project.org/src/contrib/regsubseq_0.12.tar.gz,CRAN PACKAGES.gz,tar.gz
cran:relSim@1.0.0,r,cran,relSim,1.0.0,https://cran.r-project.org/src/contrib/relSim_1.0.0.tar.gz,CRAN PACKAGES.gz,tar.gz
cran:relatable@1.0.0,r,cran,relatable,1.0.0,https://cran.r-project.org/src/contrib/relatable_1.0.0.tar.gz,CRAN PACKAGES.gz,tar.gz
cran:reldist@1.7-2,r,cran,reldist,1.7-2,https://cran.r-project.org/src/contrib/reldist_1.7-2.tar.gz,CRAN PACKAGES.gz,tar.gz
cran:remindR@0.0.1,r,cran,remindR,0.0.1,https://cran.r-project.org/src/contrib/remindR_0.0.1.tar.gz,CRAN PACKAGES.gz,tar.gz
cran:remotePARTS@1.0.4,r,cran,remotePARTS,1.0.4,https://cran.r-project.org/src/contrib/remotePARTS_1.0.4.tar.gz,CRAN PACKAGES.gz,tar.gz
cran:rempsyc@0.2.0,r,cran,rempsyc,0.2.0,https://cran.r-project.org/src/contrib/rempsyc_0.2.0.tar.gz,CRAN PACKAGES.gz,tar.gz
cran:repana@2.2.1,r,cran,repana,2.2.1,https://cran.r-project.org/src/contrib/repana_2.2.1.tar.gz,CRAN PACKAGES.gz,tar.gz
cran:repfun@0.1.2,r,cran,repfun,0.1.2,https://cran.r-project.org/src/contrib/repfun_0.1.2.tar.gz,CRAN PACKAGES.gz,tar.gz
cran:repr@1.1.7,r,cran,repr,1.1.7,https://cran.r-project.org/src/contrib/repr_1.1.7.tar.gz,CRAN PACKAGES.gz,tar.gz
cran:reproducer@0.7.0,r,cran,reproducer,0.7.0,https://cran.r-project.org/src/contrib/reproducer_0.7.0.tar.gz,CRAN PACKAGES.gz,tar.gz
cran:repurrrsive@1.1.0,r,cran,repurrrsive,1.1.0,https://cran.r-project.org/src/contrib/repurrrsive_1.1.0.tar.gz,CRAN PACKAGES.gz,tar.gz
cran:resample@0.6,r,cran,resample,0.6,https://cran.r-project.org/src/contrib/resample_0.6.tar.gz,CRAN PACKAGES.gz,tar.gz
cran:resourcecodedata@1.0.0,r,cran,resourcecodedata,1.0.0,https://cran.r-project.org/src/contrib/resourcecodedata_1.0.0.tar.gz,CRAN PACKAGES.gz,tar.gz
cran:responsePatterns@0.1.1,r,cran,responsePatterns,0.1.1,https://cran.r-project.org/src/contrib/responsePatterns_0.1.1.tar.gz,CRAN PACKAGES.gz,tar.gz
cran:restatis@0.4.1,r,cran,restatis,0.4.1,https://cran.r-project.org/src/contrib/restatis_0.4.1.tar.gz,CRAN PACKAGES.gz,tar.gz
cran:retentionflow@0.1.25,r,cran,retentionflow,0.1.25,https://cran.r-project.org/src/contrib/retentionflow_0.1.25.tar.gz,CRAN PACKAGES.gz,tar.gz
cran:retimer@0.1.3,r,cran,retimer,0.1.3,https://cran.r-project.org/src/contrib/retimer_0.1.3.tar.gz,CRAN PACKAGES.gz,tar.gz
cran:retistruct@0.8.1,r,cran,retistruct,0.8.1,https://cran.r-project.org/src/contrib/retistruct_0.8.1.tar.gz,CRAN PACKAGES.gz,tar.gz
cran:retmort@1.0.0,r,cran,retmort,1.0.0,https://cran.r-project.org/src/contrib/retmort_1.0.0.tar.gz,CRAN PACKAGES.gz,tar.gz
cran:revert@1.0.0,r,cran,revert,1.0.0,https://cran.r-project.org/src/contrib/revert_1.0.0.tar.gz,CRAN PACKAGES.gz,tar.gz
cran:rfriend@3.2.0,r,cran,rfriend,3.2.0,https://cran.r-project.org/src/contrib/rfriend_3.2.0.tar.gz,CRAN PACKAGES.gz,tar.gz
cran:rfviz@1.0.1,r,cran,rfviz,1.0.1,https://cran.r-project.org/src/contrib/rfviz_1.0.1.tar.gz,CRAN PACKAGES.gz,tar.gz
cran:rgabriel@0.9,r,cran,rgabriel,0.9,https://cran.r-project.org/src/contrib/rgabriel_0.9.tar.gz,CRAN PACKAGES.gz,tar.gz
cran:rgnparser@0.3.0,r,cran,rgnparser,0.3.0,https://cran.r-project.org/src/contrib/rgnparser_0.3.0.tar.gz,CRAN PACKAGES.gz,tar.gz
cran:rgugik@0.4.2,r,cran,rgugik,0.4.2,https://cran.r-project.org/src/contrib/rgugik_0.4.2.tar.gz,CRAN PACKAGES.gz,tar.gz
cran:rhandsontable@0.3.8,r,cran,rhandsontable,0.3.8,https://cran.r-project.org/src/contrib/rhandsontable_0.3.8.tar.gz,CRAN PACKAGES.gz,tar.gz
cran:rhino@1.12.0,r,cran,rhino,1.12.0,https://cran.r-project.org/src/contrib/rhino_1.12.0.tar.gz,CRAN PACKAGES.gz,tar.gz
cran:rhosa@0.3.0,r,cran,rhosa,0.3.0,https://cran.r-project.org/src/contrib/rhosa_0.3.0.tar.gz,CRAN PACKAGES.gz,tar.gz
cran:rice@2.3.0,r,cran,rice,2.3.0,https://cran.r-project.org/src/contrib/rice_2.3.0.tar.gz,CRAN PACKAGES.gz,tar.gz
cran:rifttable@0.7.2,r,cran,rifttable,0.7.2,https://cran.r-project.org/src/contrib/rifttable_0.7.2.tar.gz,CRAN PACKAGES.gz,tar.gz
cran:risdr@0.3.1,r,cran,risdr,0.3.1,https://cran.r-project.org/src/contrib/risdr_0.3.1.tar.gz,CRAN PACKAGES.gz,tar.gz
cran:riskCommunicator@1.0.1,r,cran,riskCommunicator,1.0.1,https://cran.r-project.org/src/contrib/riskCommunicator_1.0.1.tar.gz,CRAN PACKAGES.gz,tar.gz
cran:riskPredictClustData@0.2.7,r,cran,riskPredictClustData,0.2.7,https://cran.r-project.org/src/contrib/riskPredictClustData_0.2.7.tar.gz,CRAN PACKAGES.gz,tar.gz
cran:riskclustr@0.4.1,r,cran,riskclustr,0.4.1,https://cran.r-project.org/src/contrib/riskclustr_0.4.1.tar.gz,CRAN PACKAGES.gz,tar.gz
cran:risks@0.4.3,r,cran,risks,0.4.3,https://cran.r-project.org/src/contrib/risks_0.4.3.tar.gz,CRAN PACKAGES.gz,tar.gz
cran:ritis@1.0.0,r,cran,ritis,1.0.0,https://cran.r-project.org/src/contrib/ritis_1.0.0.tar.gz,CRAN PACKAGES.gz,tar.gz
cran:rjaf@0.1.3,r,cran,rjaf,0.1.3,https://cran.r-project.org/src/contrib/rjaf_0.1.3.tar.gz,CRAN PACKAGES.gz,tar.gz
cran:rjd3workspace@3.8.0,r,cran,rjd3workspace,3.8.0,https://cran.r-project.org/src/contrib/rjd3workspace_3.8.0.tar.gz,CRAN PACKAGES.gz,tar.gz
cran:rlandfire@2.0.2,r,cran,rlandfire,2.0.2,https://cran.r-project.org/src/contrib/rlandfire_2.0.2.tar.gz,CRAN PACKAGES.gz,tar.gz
cran:rmatio@0.19.0,r,cran,rmatio,0.19.0,https://cran.r-project.org/src/contrib/rmatio_0.19.0.tar.gz,CRAN PACKAGES.gz,tar.gz
cran:rmcmc@0.1.2,r,cran,rmcmc,0.1.2,https://cran.r-project.org/src/contrib/rmcmc_0.1.2.tar.gz,CRAN PACKAGES.gz,tar.gz
cran:rmdplugr@0.4.1,r,cran,rmdplugr,0.4.1,https://cran.r-project.org/src/contrib/rmdplugr_0.4.1.tar.gz,CRAN PACKAGES.gz,tar.gz
cran:rmedsem@1.0.0,r,cran,rmedsem,1.0.0,https://cran.r-project.org/src/contrib/rmedsem_1.0.0.tar.gz,CRAN PACKAGES.gz,tar.gz
cran:rmeta@3.0,r,cran,rmeta,3.0,https://cran.r-project.org/src/contrib/rmeta_3.0.tar.gz,CRAN PACKAGES.gz,tar.gz
cran:rmon@1.1.0,r,cran,rmon,1.1.0,https://cran.r-project.org/src/contrib/rmon_1.1.0.tar.gz,CRAN PACKAGES.gz,tar.gz
cran:rmt@1.0,r,cran,rmt,1.0,https://cran.r-project.org/src/contrib/rmt_1.0.tar.gz,CRAN PACKAGES.gz,tar.gz
cran:rnaturalearth@1.2.0,r,cran,rnaturalearth,1.2.0,https://cran.r-project.org/src/contrib/rnaturalearth_1.2.0.tar.gz,CRAN PACKAGES.gz,tar.gz
cran:rncl@0.8.10,r,cran,rncl,0.8.10,https://cran.r-project.org/src/contrib/rncl_0.8.10.tar.gz,CRAN PACKAGES.gz,tar.gz
cran:rngWELL@0.10-10,r,cran,rngWELL,0.10-10,https://cran.r-project.org/src/contrib/rngWELL_0.10-10.tar.gz,CRAN PACKAGES.gz,tar.gz
cran:rnnmf@0.3.1,r,cran,rnnmf,0.3.1,https://cran.r-project.org/src/contrib/rnnmf_0.3.1.tar.gz,CRAN PACKAGES.gz,tar.gz
cran:roam@0.1.0,r,cran,roam,0.1.0,https://cran.r-project.org/src/contrib/roam_0.1.0.tar.gz,CRAN PACKAGES.gz,tar.gz
cran:robin@2.0.0,r,cran,robin,2.0.0,https://cran.r-project.org/src/contrib/robin_2.0.0.tar.gz,CRAN PACKAGES.gz,tar.gz
cran:robotoolbox@1.6.2,r,cran,robotoolbox,1.6.2,https://cran.r-project.org/src/contrib/robotoolbox_1.6.2.tar.gz,CRAN PACKAGES.gz,tar.gz
cran:robreg3S@0.3-1,r,cran,robreg3S,0.3-1,https://cran.r-project.org/src/contrib/robreg3S_0.3-1.tar.gz,CRAN PACKAGES.gz,tar.gz
cran:robservable@0.2.2,r,cran,robservable,0.2.2,https://cran.r-project.org/src/contrib/robservable_0.2.2.tar.gz,CRAN PACKAGES.gz,tar.gz
cran:robumeta@2.1,r,cran,robumeta,2.1,https://cran.r-project.org/src/contrib/robumeta_2.1.tar.gz,CRAN PACKAGES.gz,tar.gz
cran:robust@0.7-5,r,cran,robust,0.7-5,https://cran.r-project.org/src/contrib/robust_0.7-5.tar.gz,CRAN PACKAGES.gz,tar.gz
cran:robustDA@1.2,r,cran,robustDA,1.2,https://cran.r-project.org/src/contrib/robustDA_1.2.tar.gz,CRAN PACKAGES.gz,tar.gz
cran:robustDIF@0.2.0,r,cran,robustDIF,0.2.0,https://cran.r-project.org/src/contrib/robustDIF_0.2.0.tar.gz,CRAN PACKAGES.gz,tar.gz
cran:robustETM@1.0,r,cran,robustETM,1.0,https://cran.r-project.org/src/contrib/robustETM_1.0.tar.gz,CRAN PACKAGES.gz,tar.gz
cran:robustX@1.2-8,r,cran,robustX,1.2-8,https://cran.r-project.org/src/contrib/robustX_1.2-8.tar.gz,CRAN PACKAGES.gz,tar.gz
cran:robustlm@0.1.0,r,cran,robustlm,0.1.0,https://cran.r-project.org/src/contrib/robustlm_0.1.0.tar.gz,CRAN PACKAGES.gz,tar.gz
cran:rolr@1.0.0,r,cran,rolr,1.0.0,https://cran.r-project.org/src/contrib/rolr_1.0.0.tar.gz,CRAN PACKAGES.gz,tar.gz
cran:roptim@0.1.7,r,cran,roptim,0.1.7,https://cran.r-project.org/src/contrib/roptim_0.1.7.tar.gz,CRAN PACKAGES.gz,tar.gz
cran:rotl@3.1.1,r,cran,rotl,3.1.1,https://cran.r-project.org/src/contrib/rotl_3.1.1.tar.gz,CRAN PACKAGES.gz,tar.gz
cran:roughnet@1.0.1,r,cran,roughnet,1.0.1,https://cran.r-project.org/src/contrib/roughnet_1.0.1.tar.gz,CRAN PACKAGES.gz,tar.gz
cran:roxyglobals@1.0.0,r,cran,roxyglobals,1.0.0,https://cran.r-project.org/src/contrib/roxyglobals_1.0.0.tar.gz,CRAN PACKAGES.gz,tar.gz
cran:roxyreqs@1.3.0,r,cran,roxyreqs,1.3.0,https://cran.r-project.org/src/contrib/roxyreqs_1.3.0.tar.gz,CRAN PACKAGES.gz,tar.gz
cran:rpf@1.0.15,r,cran,rpf,1.0.15,https://cran.r-project.org/src/contrib/rpf_1.0.15.tar.gz,CRAN PACKAGES.gz,tar.gz
cran:rpms@0.5.1,r,cran,rpms,0.5.1,https://cran.r-project.org/src/contrib/rpms_0.5.1.tar.gz,CRAN PACKAGES.gz,tar.gz
cran:rpnf@1.0.5,r,cran,rpnf,1.0.5,https://cran.r-project.org/src/contrib/rpnf_1.0.5.tar.gz,CRAN PACKAGES.gz,tar.gz
cran:rpostgis@1.6.0,r,cran,rpostgis,1.6.0,https://cran.r-project.org/src/contrib/rpostgis_1.6.0.tar.gz,CRAN PACKAGES.gz,tar.gz
cran:rrBLUP@4.6.3,r,cran,rrBLUP,4.6.3,https://cran.r-project.org/src/contrib/rrBLUP_4.6.3.tar.gz,CRAN PACKAGES.gz,tar.gz
cran:rrcovHD@0.3-1,r,cran,rrcovHD,0.3-1,https://cran.r-project.org/src/contrib/rrcovHD_0.3-1.tar.gz,CRAN PACKAGES.gz,tar.gz
cran:rreg@0.2.1,r,cran,rreg,0.2.1,https://cran.r-project.org/src/contrib/rreg_0.2.1.tar.gz,CRAN PACKAGES.gz,tar.gz
cran:rsamplr@0.2.0,r,cran,rsamplr,0.2.0,https://cran.r-project.org/src/contrib/rsamplr_0.2.0.tar.gz,CRAN PACKAGES.gz,tar.gz
cran:rsatscan@1.0.10,r,cran,rsatscan,1.0.10,https://cran.r-project.org/src/contrib/rsatscan_1.0.10.tar.gz,CRAN PACKAGES.gz,tar.gz
cran:rsdmx@0.6-5,r,cran,rsdmx,0.6-5,https://cran.r-project.org/src/contrib/rsdmx_0.6-5.tar.gz,CRAN PACKAGES.gz,tar.gz
cran:rsei@0.1.0,r,cran,rsei,0.1.0,https://cran.r-project.org/src/contrib/rsei_0.1.0.tar.gz,CRAN PACKAGES.gz,tar.gz
cran:rsnell@0.1,r,cran,rsnell,0.1,https://cran.r-project.org/src/contrib/rsnell_0.1.tar.gz,CRAN PACKAGES.gz,tar.gz
cran:rsolr@0.0.14,r,cran,rsolr,0.0.14,https://cran.r-project.org/src/contrib/rsolr_0.0.14.tar.gz,CRAN PACKAGES.gz,tar.gz
cran:rspacer@0.3.1,r,cran,rspacer,0.3.1,https://cran.r-project.org/src/contrib/rspacer_0.3.1.tar.gz,CRAN PACKAGES.gz,tar.gz
cran:rsparkling@0.2.19,r,cran,rsparkling,0.2.19,https://cran.r-project.org/src/contrib/rsparkling_0.2.19.tar.gz,CRAN PACKAGES.gz,tar.gz
cran:rstack@1.0.1,r,cran,rstack,1.0.1,https://cran.r-project.org/src/contrib/rstack_1.0.1.tar.gz,CRAN PACKAGES.gz,tar.gz
cran:rstream@1.3.7,r,cran,rstream,1.3.7,https://cran.r-project.org/src/contrib/rstream_1.3.7.tar.gz,CRAN PACKAGES.gz,tar.gz
cran:rvec@1.0.1,r,cran,rvec,1.0.1,https://cran.r-project.org/src/contrib/rvec_1.0.1.tar.gz,CRAN PACKAGES.gz,tar.gz
cran:rvkstat@3.3.2,r,cran,rvkstat,3.3.2,https://cran.r-project.org/src/contrib/rvkstat_3.3.2.tar.gz,CRAN PACKAGES.gz,tar.gz
cran:rxSeq@0.99.3,r,cran,rxSeq,0.99.3,https://cran.r-project.org/src/contrib/rxSeq_0.99.3.tar.gz,CRAN PACKAGES.gz,tar.gz
cran:rxode2ll@2.0.16,r,cran,rxode2ll,2.0.16,https://cran.r-project.org/src/contrib/rxode2ll_2.0.16.tar.gz,CRAN PACKAGES.gz,tar.gz
cran:sAIC@1.0.1,r,cran,sAIC,1.0.1,https://cran.r-project.org/src/contrib/sAIC_1.0.1.tar.gz,CRAN PACKAGES.gz,tar.gz
cran:sEparaTe@0.3.2,r,cran,sEparaTe,0.3.2,https://cran.r-project.org/src/contrib/sEparaTe_0.3.2.tar.gz,CRAN PACKAGES.gz,tar.gz
cran:sae.projection@0.1.5,r,cran,sae.projection,0.1.5,https://cran.r-project.org/src/contrib/sae.projection_0.1.5.tar.gz,CRAN PACKAGES.gz,tar.gz
cran:saeHB.panel@0.1.1,r,cran,saeHB.panel,0.1.1,https://cran.r-project.org/src/contrib/saeHB.panel_0.1.1.tar.gz,CRAN PACKAGES.gz,tar.gz
cran:saeHB.panel.beta@0.1.5,r,cran,saeHB.panel.beta,0.1.5,https://cran.r-project.org/src/contrib/saeHB.panel.beta_0.1.5.tar.gz,CRAN PACKAGES.gz,tar.gz
cran:saeHB.unit@0.1.0,r,cran,saeHB.unit,0.1.0,https://cran.r-project.org/src/contrib/saeHB.unit_0.1.0.tar.gz,CRAN PACKAGES.gz,tar.gz
cran:saeRobust@0.5.0,r,cran,saeRobust,0.5.0,https://cran.r-project.org/src/contrib/saeRobust_0.5.0.tar.gz,CRAN PACKAGES.gz,tar.gz
cran:saeczi@0.2.0,r,cran,saeczi,0.2.0,https://cran.r-project.org/src/contrib/saeczi_0.2.0.tar.gz,CRAN PACKAGES.gz,tar.gz
cran:saens@0.1.2,r,cran,saens,0.1.2,https://cran.r-project.org/src/contrib/saens_0.1.2.tar.gz,CRAN PACKAGES.gz,tar.gz
cran:sampleSelection@1.2-14,r,cran,sampleSelection,1.2-14,https://cran.r-project.org/src/contrib/sampleSelection_1.2-14.tar.gz,CRAN PACKAGES.gz,tar.gz
cran:samplezoo@1.2.1,r,cran,samplezoo,1.2.1,https://cran.r-project.org/src/contrib/samplezoo_1.2.1.tar.gz,CRAN PACKAGES.gz,tar.gz
cran:samplrData@1.0.0,r,cran,samplrData,1.0.0,https://cran.r-project.org/src/contrib/samplrData_1.0.0.tar.gz,CRAN PACKAGES.gz,tar.gz
cran:samr@3.0.1,r,cran,samr,3.0.1,https://cran.r-project.org/src/contrib/samr_3.0.1.tar.gz,CRAN PACKAGES.gz,tar.gz
cran:sandbox@0.2.3,r,cran,sandbox,0.2.3,https://cran.r-project.org/src/contrib/sandbox_0.2.3.tar.gz,CRAN PACKAGES.gz,tar.gz
cran:sanzo@0.1.0,r,cran,sanzo,0.1.0,https://cran.r-project.org/src/contrib/sanzo_0.1.0.tar.gz,CRAN PACKAGES.gz,tar.gz
cran:saros@1.6.2,r,cran,saros,1.6.2,https://cran.r-project.org/src/contrib/saros_1.6.2.tar.gz,CRAN PACKAGES.gz,tar.gz
cran:sasif@0.1.3,r,cran,sasif,0.1.3,https://cran.r-project.org/src/contrib/sasif_0.1.3.tar.gz,CRAN PACKAGES.gz,tar.gz
cran:sasr@0.1.5,r,cran,sasr,0.1.5,https://cran.r-project.org/src/contrib/sasr_0.1.5.tar.gz,CRAN PACKAGES.gz,tar.gz
cran:sate@3.1.1,r,cran,sate,3.1.1,https://cran.r-project.org/src/contrib/sate_3.1.1.tar.gz,CRAN PACKAGES.gz,tar.gz
cran:sbfc@1.0.3,r,cran,sbfc,1.0.3,https://cran.r-project.org/src/contrib/sbfc_1.0.3.tar.gz,CRAN PACKAGES.gz,tar.gz
cran:sboost@0.1.2,r,cran,sboost,0.1.2,https://cran.r-project.org/src/contrib/sboost_0.1.2.tar.gz,CRAN PACKAGES.gz,tar.gz
cran:scGOclust@0.2.1,r,cran,scGOclust,0.2.1,https://cran.r-project.org/src/contrib/scGOclust_0.2.1.tar.gz,CRAN PACKAGES.gz,tar.gz
cran:sca@0.9-3,r,cran,sca,0.9-3,https://cran.r-project.org/src/contrib/sca_0.9-3.tar.gz,CRAN PACKAGES.gz,tar.gz
cran:scaleAlign@1.0.0.0,r,cran,scaleAlign,1.0.0.0,https://cran.r-project.org/src/contrib/scaleAlign_1.0.0.0.tar.gz,CRAN PACKAGES.gz,tar.gz
cran:scan@0.68.1,r,cran,scan,0.68.1,https://cran.r-project.org/src/contrib/scan_0.68.1.tar.gz,CRAN PACKAGES.gz,tar.gz
cran:scattermore@1.2,r,cran,scattermore,1.2,https://cran.r-project.org/src/contrib/scattermore_1.2.tar.gz,CRAN PACKAGES.gz,tar.gz
cran:scatterpie@0.2.6,r,cran,scatterpie,0.2.6,https://cran.r-project.org/src/contrib/scatterpie_0.2.6.tar.gz,CRAN PACKAGES.gz,tar.gz
cran:sccca@0.1.1,r,cran,sccca,0.1.1,https://cran.r-project.org/src/contrib/sccca_0.1.1.tar.gz,CRAN PACKAGES.gz,tar.gz
cran:schoenberg@2.0.3,r,cran,schoenberg,2.0.3,https://cran.r-project.org/src/contrib/schoenberg_2.0.3.tar.gz,CRAN PACKAGES.gz,tar.gz
cran:score@1.0.2,r,cran,score,1.0.2,https://cran.r-project.org/src/contrib/score_1.0.2.tar.gz,CRAN PACKAGES.gz,tar.gz
cran:scrollrevealR@0.2.0,r,cran,scrollrevealR,0.2.0,https://cran.r-project.org/src/contrib/scrollrevealR_0.2.0.tar.gz,CRAN PACKAGES.gz,tar.gz
cran:scuba@1.11-1,r,cran,scuba,1.11-1,https://cran.r-project.org/src/contrib/scuba_1.11-1.tar.gz,CRAN PACKAGES.gz,tar.gz
cran:sdbuildR@2.2.3,r,cran,sdbuildR,2.2.3,https://cran.r-project.org/src/contrib/sdbuildR_2.2.3.tar.gz,CRAN PACKAGES.gz,tar.gz
cran:sdmvspecies@0.3.2,r,cran,sdmvspecies,0.3.2,https://cran.r-project.org/src/contrib/sdmvspecies_0.3.2.tar.gz,CRAN PACKAGES.gz,tar.gz
cran:sdtmval@0.4.1,r,cran,sdtmval,0.4.1,https://cran.r-project.org/src/contrib/sdtmval_0.4.1.tar.gz,CRAN PACKAGES.gz,tar.gz
cran:seairmobility@0.1.0,r,cran,seairmobility,0.1.0,https://cran.r-project.org/src/contrib/seairmobility_0.1.0.tar.gz,CRAN PACKAGES.gz,tar.gz
cran:seasonalityPlot@1.3.1,r,cran,seasonalityPlot,1.3.1,https://cran.r-project.org/src/contrib/seasonalityPlot_1.3.1.tar.gz,CRAN PACKAGES.gz,tar.gz
cran:secret@1.1.0,r,cran,secret,1.1.0,https://cran.r-project.org/src/contrib/secret_1.1.0.tar.gz,CRAN PACKAGES.gz,tar.gz
cran:sectorgap@0.1.0,r,cran,sectorgap,0.1.0,https://cran.r-project.org/src/contrib/sectorgap_0.1.0.tar.gz,CRAN PACKAGES.gz,tar.gz
cran:seekr@0.2.0,r,cran,seekr,0.2.0,https://cran.r-project.org/src/contrib/seekr_0.2.0.tar.gz,CRAN PACKAGES.gz,tar.gz
cran:segen@2.0.0,r,cran,segen,2.0.0,https://cran.r-project.org/src/contrib/segen_2.0.0.tar.gz,CRAN PACKAGES.gz,tar.gz
cran:selcorr@1.0,r,cran,selcorr,1.0,https://cran.r-project.org/src/contrib/selcorr_1.0.tar.gz,CRAN PACKAGES.gz,tar.gz
cran:semdrw@0.1.0,r,cran,semdrw,0.1.0,https://cran.r-project.org/src/contrib/semdrw_0.1.0.tar.gz,CRAN PACKAGES.gz,tar.gz
cran:semhelpinghands@0.1.15,r,cran,semhelpinghands,0.1.15,https://cran.r-project.org/src/contrib/semhelpinghands_0.1.15.tar.gz,CRAN PACKAGES.gz,tar.gz
cran:semnova@0.1-6,r,cran,semnova,0.1-6,https://cran.r-project.org/src/contrib/semnova_0.1-6.tar.gz,CRAN PACKAGES.gz,tar.gz
cran:sense@1.1.0,r,cran,sense,1.1.0,https://cran.r-project.org/src/contrib/sense_1.1.0.tar.gz,CRAN PACKAGES.gz,tar.gz
cran:seq2R@2.0.1,r,cran,seq2R,2.0.1,https://cran.r-project.org/src/contrib/seq2R_2.0.1.tar.gz,CRAN PACKAGES.gz,tar.gz
cran:seqinr@4.2-44,r,cran,seqinr,4.2-44,https://cran.r-project.org/src/contrib/seqinr_4.2-44.tar.gz,CRAN PACKAGES.gz,tar.gz
cran:setariaviridis@0.1.0,r,cran,setariaviridis,0.1.0,https://cran.r-project.org/src/contrib/setariaviridis_0.1.0.tar.gz,CRAN PACKAGES.gz,tar.gz
cran:sever@0.0.7,r,cran,sever,0.0.7,https://cran.r-project.org/src/contrib/sever_0.0.7.tar.gz,CRAN PACKAGES.gz,tar.gz
cran:sfadv@1.0.1,r,cran,sfadv,1.0.1,https://cran.r-project.org/src/contrib/sfadv_1.0.1.tar.gz,CRAN PACKAGES.gz,tar.gz
cran:sfcr@0.2.3,r,cran,sfcr,0.2.3,https://cran.r-project.org/src/contrib/sfcr_0.2.3.tar.gz,CRAN PACKAGES.gz,tar.gz
cran:sfcurve@1.0.1,r,cran,sfcurve,1.0.1,https://cran.r-project.org/src/contrib/sfcurve_1.0.1.tar.gz,CRAN PACKAGES.gz,tar.gz
cran:sfinx@1.7.99,r,cran,sfinx,1.7.99,https://cran.r-project.org/src/contrib/sfinx_1.7.99.tar.gz,CRAN PACKAGES.gz,tar.gz
cran:shapes@1.2.8,r,cran,shapes,1.2.8,https://cran.r-project.org/src/contrib/shapes_1.2.8.tar.gz,CRAN PACKAGES.gz,tar.gz
cran:sharp@1.4.8,r,cran,sharp,1.4.8,https://cran.r-project.org/src/contrib/sharp_1.4.8.tar.gz,CRAN PACKAGES.gz,tar.gz
cran:sharpeRratio@1.4.3,r,cran,sharpeRratio,1.4.3,https://cran.r-project.org/src/contrib/sharpeRratio_1.4.3.tar.gz,CRAN PACKAGES.gz,tar.gz
cran:shiny2docker@0.0.4,r,cran,shiny2docker,0.0.4,https://cran.r-project.org/src/contrib/shiny2docker_0.0.4.tar.gz,CRAN PACKAGES.gz,tar.gz
cran:shinyDatetimePickers@1.2.0,r,cran,shinyDatetimePickers,1.2.0,https://cran.r-project.org/src/contrib/shinyDatetimePickers_1.2.0.tar.gz,CRAN PACKAGES.gz,tar.gz
cran:shinyIRT@0.1,r,cran,shinyIRT,0.1,https://cran.r-project.org/src/contrib/shinyIRT_0.1.tar.gz,CRAN PACKAGES.gz,tar.gz
cran:shinyLottie@1.0.0,r,cran,shinyLottie,1.0.0,https://cran.r-project.org/src/contrib/shinyLottie_1.0.0.tar.gz,CRAN PACKAGES.gz,tar.gz
cran:shinyMergely@0.2.0,r,cran,shinyMergely,0.2.0,https://cran.r-project.org/src/contrib/shinyMergely_0.2.0.tar.gz,CRAN PACKAGES.gz,tar.gz
cran:shinyReports@1.0.3,r,cran,shinyReports,1.0.3,https://cran.r-project.org/src/contrib/shinyReports_1.0.3.tar.gz,CRAN PACKAGES.gz,tar.gz
cran:shinyTime@1.0.3,r,cran,shinyTime,1.0.3,https://cran.r-project.org/src/contrib/shinyTime_1.0.3.tar.gz,CRAN PACKAGES.gz,tar.gz
cran:shinyTree@0.3.1,r,cran,shinyTree,0.3.1,https://cran.r-project.org/src/contrib/shinyTree_0.3.1.tar.gz,CRAN PACKAGES.gz,tar.gz
cran:shinyaframe@1.0.1,r,cran,shinyaframe,1.0.1,https://cran.r-project.org/src/contrib/shinyaframe_1.0.1.tar.gz,CRAN PACKAGES.gz,tar.gz
cran:shinycssloaders@1.1.0,r,cran,shinycssloaders,1.1.0,https://cran.r-project.org/src/contrib/shinycssloaders_1.1.0.tar.gz,CRAN PACKAGES.gz,tar.gz
cran:shinydrive@0.1.5,r,cran,shinydrive,0.1.5,https://cran.r-project.org/src/contrib/shinydrive_0.1.5.tar.gz,CRAN PACKAGES.gz,tar.gz
cran:shinyelectron@0.2.1,r,cran,shinyelectron,0.2.1,https://cran.r-project.org/src/contrib/shinyelectron_0.2.1.tar.gz,CRAN PACKAGES.gz,tar.gz
cran:shinyfilter@0.1.1,r,cran,shinyfilter,0.1.1,https://cran.r-project.org/src/contrib/shinyfilter_0.1.1.tar.gz,CRAN PACKAGES.gz,tar.gz
cran:shinyfullscreen@1.1.0,r,cran,shinyfullscreen,1.1.0,https://cran.r-project.org/src/contrib/shinyfullscreen_1.1.0.tar.gz,CRAN PACKAGES.gz,tar.gz
cran:shinyglide@0.1.4,r,cran,shinyglide,0.1.4,https://cran.r-project.org/src/contrib/shinyglide_0.1.4.tar.gz,CRAN PACKAGES.gz,tar.gz
cran:shinyr@0.4.2,r,cran,shinyr,0.4.2,https://cran.r-project.org/src/contrib/shinyr_0.4.2.tar.gz,CRAN PACKAGES.gz,tar.gz
cran:shinyscreenshot@0.2.1,r,cran,shinyscreenshot,0.2.1,https://cran.r-project.org/src/contrib/shinyscreenshot_0.2.1.tar.gz,CRAN PACKAGES.gz,tar.gz
cran:shopifyadsR@0.1.0,r,cran,shopifyadsR,0.1.0,https://cran.r-project.org/src/contrib/shopifyadsR_0.1.0.tar.gz,CRAN PACKAGES.gz,tar.gz
cran:shotGroups@0.8.4,r,cran,shotGroups,0.8.4,https://cran.r-project.org/src/contrib/shotGroups_0.8.4.tar.gz,CRAN PACKAGES.gz,tar.gz
cran:sidrar@0.5.0,r,cran,sidrar,0.5.0,https://cran.r-project.org/src/contrib/sidrar_0.5.0.tar.gz,CRAN PACKAGES.gz,tar.gz
cran:signal@1.8-1,r,cran,signal,1.8-1,https://cran.r-project.org/src/contrib/signal_1.8-1.tar.gz,CRAN PACKAGES.gz,tar.gz
cran:simFrame@0.5.4,r,cran,simFrame,0.5.4,https://cran.r-project.org/src/contrib/simFrame_0.5.4.tar.gz,CRAN PACKAGES.gz,tar.gz
cran:simPDF@0.1.1,r,cran,simPDF,0.1.1,https://cran.r-project.org/src/contrib/simPDF_0.1.1.tar.gz,CRAN PACKAGES.gz,tar.gz
cran:simcdm@0.1.2,r,cran,simcdm,0.1.2,https://cran.r-project.org/src/contrib/simcdm_0.1.2.tar.gz,CRAN PACKAGES.gz,tar.gz
cran:simer@1.0.0,r,cran,simer,1.0.0,https://cran.r-project.org/src/contrib/simer_1.0.0.tar.gz,CRAN PACKAGES.gz,tar.gz
cran:simest@0.4-1-1,r,cran,simest,0.4-1-1,https://cran.r-project.org/src/contrib/simest_0.4-1-1.tar.gz,CRAN PACKAGES.gz,tar.gz
cran:simfinapi@1.0.1,r,cran,simfinapi,1.0.1,https://cran.r-project.org/src/contrib/simfinapi_1.0.1.tar.gz,CRAN PACKAGES.gz,tar.gz
cran:simhelpers@0.3.1,r,cran,simhelpers,0.3.1,https://cran.r-project.org/src/contrib/simhelpers_0.3.1.tar.gz,CRAN PACKAGES.gz,tar.gz
cran:simitation@0.0.7,r,cran,simitation,0.0.7,https://cran.r-project.org/src/contrib/simitation_0.0.7.tar.gz,CRAN PACKAGES.gz,tar.gz
cran:simmer.plot@0.1.19,r,cran,simmer.plot,0.1.19,https://cran.r-project.org/src/contrib/simmer.plot_0.1.19.tar.gz,CRAN PACKAGES.gz,tar.gz
cran:simpleboot@1.1-8,r,cran,simpleboot,1.1-8,https://cran.r-project.org/src/contrib/simpleboot_1.1-8.tar.gz,CRAN PACKAGES.gz,tar.gz
cran:simpowa@1.0.3,r,cran,simpowa,1.0.3,https://cran.r-project.org/src/contrib/simpowa_1.0.3.tar.gz,CRAN PACKAGES.gz,tar.gz
cran:simsurv@1.0.1,r,cran,simsurv,1.0.1,https://cran.r-project.org/src/contrib/simsurv_1.0.1.tar.gz,CRAN PACKAGES.gz,tar.gz
cran:simtrial@1.0.2,r,cran,simtrial,1.0.2,https://cran.r-project.org/src/contrib/simtrial_1.0.2.tar.gz,CRAN PACKAGES.gz,tar.gz
cran:simtte@1.0.2,r,cran,simtte,1.0.2,https://cran.r-project.org/src/contrib/simtte_1.0.2.tar.gz,CRAN PACKAGES.gz,tar.gz
cran:simulist@0.7.0,r,cran,simulist,0.7.0,https://cran.r-project.org/src/contrib/simulist_0.7.0.tar.gz,CRAN PACKAGES.gz,tar.gz
cran:sinar@0.1.0,r,cran,sinar,0.1.0,https://cran.r-project.org/src/contrib/sinar_0.1.0.tar.gz,CRAN PACKAGES.gz,tar.gz
cran:sinew@0.4.0,r,cran,sinew,0.4.0,https://cran.r-project.org/src/contrib/sinew_0.4.0.tar.gz,CRAN PACKAGES.gz,tar.gz
cran:siren@1.0.6,r,cran,siren,1.0.6,https://cran.r-project.org/src/contrib/siren_1.0.6.tar.gz,CRAN PACKAGES.gz,tar.gz
cran:sksr@0.1.0,r,cran,sksr,0.1.0,https://cran.r-project.org/src/contrib/sksr_0.1.0.tar.gz,CRAN PACKAGES.gz,tar.gz
cran:sloop@1.0.1,r,cran,sloop,1.0.1,https://cran.r-project.org/src/contrib/sloop_1.0.1.tar.gz,CRAN PACKAGES.gz,tar.gz
cran:slurmR@0.5-4,r,cran,slurmR,0.5-4,https://cran.r-project.org/src/contrib/slurmR_0.5-4.tar.gz,CRAN PACKAGES.gz,tar.gz
cran:smaa@0.3-4,r,cran,smaa,0.3-4,https://cran.r-project.org/src/contrib/smaa_0.3-4.tar.gz,CRAN PACKAGES.gz,tar.gz
cran:smdata@1.3,r,cran,smdata,1.3,https://cran.r-project.org/src/contrib/smdata_1.3.tar.gz,CRAN PACKAGES.gz,tar.gz
cran:smvr@0.2.2,r,cran,smvr,0.2.2,https://cran.r-project.org/src/contrib/smvr_0.2.2.tar.gz,CRAN PACKAGES.gz,tar.gz
cran:snakecase@0.11.1,r,cran,snakecase,0.11.1,https://cran.r-project.org/src/contrib/snakecase_0.11.1.tar.gz,CRAN PACKAGES.gz,tar.gz
cran:snic@0.6.1,r,cran,snic,0.6.1,https://cran.r-project.org/src/contrib/snic_0.6.1.tar.gz,CRAN PACKAGES.gz,tar.gz
cran:snn@1.1,r,cran,snn,1.1,https://cran.r-project.org/src/contrib/snn_1.1.tar.gz,CRAN PACKAGES.gz,tar.gz
cran:snpAIMeR@2.1.1,r,cran,snpAIMeR,2.1.1,https://cran.r-project.org/src/contrib/snpAIMeR_2.1.1.tar.gz,CRAN PACKAGES.gz,tar.gz
cran:sns@1.2.2,r,cran,sns,1.2.2,https://cran.r-project.org/src/contrib/sns_1.2.2.tar.gz,CRAN PACKAGES.gz,tar.gz
cran:socialmixr@0.7.0,r,cran,socialmixr,0.7.0,https://cran.r-project.org/src/contrib/socialmixr_0.7.0.tar.gz,CRAN PACKAGES.gz,tar.gz
cran:sofa@0.4.2,r,cran,sofa,0.4.2,https://cran.r-project.org/src/contrib/sofa_0.4.2.tar.gz,CRAN PACKAGES.gz,tar.gz
cran:somhca@0.4.0,r,cran,somhca,0.4.0,https://cran.r-project.org/src/contrib/somhca_0.4.0.tar.gz,CRAN PACKAGES.gz,tar.gz
cran:soptdmaeA@1.0.1,r,cran,soptdmaeA,1.0.1,https://cran.r-project.org/src/contrib/soptdmaeA_1.0.1.tar.gz,CRAN PACKAGES.gz,tar.gz
cran:sortable@0.6.0,r,cran,sortable,0.6.0,https://cran.r-project.org/src/contrib/sortable_0.6.0.tar.gz,CRAN PACKAGES.gz,tar.gz
cran:sos@2.1-8,r,cran,sos,2.1-8,https://cran.r-project.org/src/contrib/sos_2.1-8.tar.gz,CRAN PACKAGES.gz,tar.gz
cran:spDBL@1.0.2,r,cran,spDBL,1.0.2,https://cran.r-project.org/src/contrib/spDBL_1.0.2.tar.gz,CRAN PACKAGES.gz,tar.gz
cran:spEDM@1.12,r,cran,spEDM,1.12,https://cran.r-project.org/src/contrib/spEDM_1.12.tar.gz,CRAN PACKAGES.gz,tar.gz
cran:spINAR@0.2.0,r,cran,spINAR,0.2.0,https://cran.r-project.org/src/contrib/spINAR_0.2.0.tar.gz,CRAN PACKAGES.gz,tar.gz
cran:spacc@0.8.3,r,cran,spacc,0.8.3,https://cran.r-project.org/src/contrib/spacc_0.8.3.tar.gz,CRAN PACKAGES.gz,tar.gz
cran:sparcl@1.0.4,r,cran,sparcl,1.0.4,https://cran.r-project.org/src/contrib/sparcl_1.0.4.tar.gz,CRAN PACKAGES.gz,tar.gz
cran:sparkavro@0.3.0,r,cran,sparkavro,0.3.0,https://cran.r-project.org/src/contrib/sparkavro_0.3.0.tar.gz,CRAN PACKAGES.gz,tar.gz
cran:sparkline@2.0,r,cran,sparkline,2.0,https://cran.r-project.org/src/contrib/sparkline_2.0.tar.gz,CRAN PACKAGES.gz,tar.gz
cran:sparklyr.flint@0.2.2,r,cran,sparklyr.flint,0.2.2,https://cran.r-project.org/src/contrib/sparklyr.flint_0.2.2.tar.gz,CRAN PACKAGES.gz,tar.gz
cran:sparseFLMM@0.4.2,r,cran,sparseFLMM,0.4.2,https://cran.r-project.org/src/contrib/sparseFLMM_0.4.2.tar.gz,CRAN PACKAGES.gz,tar.gz
cran:sparselu@0.3.0,r,cran,sparselu,0.3.0,https://cran.r-project.org/src/contrib/sparselu_0.3.0.tar.gz,CRAN PACKAGES.gz,tar.gz
cran:sparsepca@0.1.2,r,cran,sparsepca,0.1.2,https://cran.r-project.org/src/contrib/sparsepca_0.1.2.tar.gz,CRAN PACKAGES.gz,tar.gz
cran:sparsevb@0.1.1,r,cran,sparsevb,0.1.1,https://cran.r-project.org/src/contrib/sparsevb_0.1.1.tar.gz,CRAN PACKAGES.gz,tar.gz
cran:sparsio@1.0.1,r,cran,sparsio,1.0.1,https://cran.r-project.org/src/contrib/sparsio_1.0.1.tar.gz,CRAN PACKAGES.gz,tar.gz
cran:spatPomp@1.1.0,r,cran,spatPomp,1.1.0,https://cran.r-project.org/src/contrib/spatPomp_1.1.0.tar.gz,CRAN PACKAGES.gz,tar.gz
cran:spdgp@0.1.0,r,cran,spdgp,0.1.0,https://cran.r-project.org/src/contrib/spdgp_0.1.0.tar.gz,CRAN PACKAGES.gz,tar.gz
cran:specmine.datasets@0.0.3,r,cran,specmine.datasets,0.0.3,https://cran.r-project.org/src/contrib/specmine.datasets_0.0.3.tar.gz,CRAN PACKAGES.gz,tar.gz
cran:spectr@1.0.1,r,cran,spectr,1.0.1,https://cran.r-project.org/src/contrib/spectr_1.0.1.tar.gz,CRAN PACKAGES.gz,tar.gz
cran:spectrolab@0.0.19,r,cran,spectrolab,0.0.19,https://cran.r-project.org/src/contrib/spectrolab_0.0.19.tar.gz,CRAN PACKAGES.gz,tar.gz
cran:spellcheckr@0.1.2,r,cran,spellcheckr,0.1.2,https://cran.r-project.org/src/contrib/spellcheckr_0.1.2.tar.gz,CRAN PACKAGES.gz,tar.gz
cran:sperich@1.5-9,r,cran,sperich,1.5-9,https://cran.r-project.org/src/contrib/sperich_1.5-9.tar.gz,CRAN PACKAGES.gz,tar.gz
cran:sphunif@1.4.4,r,cran,sphunif,1.4.4,https://cran.r-project.org/src/contrib/sphunif_1.4.4.tar.gz,CRAN PACKAGES.gz,tar.gz
cran:spidR@1.0.2,r,cran,spidR,1.0.2,https://cran.r-project.org/src/contrib/spidR_1.0.2.tar.gz,CRAN PACKAGES.gz,tar.gz
cran:spinner@1.1.1,r,cran,spinner,1.1.1,https://cran.r-project.org/src/contrib/spinner_1.1.1.tar.gz,CRAN PACKAGES.gz,tar.gz
cran:spiritR@0.1.1,r,cran,spiritR,0.1.1,https://cran.r-project.org/src/contrib/spiritR_0.1.1.tar.gz,CRAN PACKAGES.gz,tar.gz
cran:splitstackshape@1.4.8.1,r,cran,splitstackshape,1.4.8.1,https://cran.r-project.org/src/contrib/splitstackshape_1.4.8.1.tar.gz,CRAN PACKAGES.gz,tar.gz
cran:spm@1.2.3,r,cran,spm,1.2.3,https://cran.r-project.org/src/contrib/spm_1.2.3.tar.gz,CRAN PACKAGES.gz,tar.gz
cran:spmixW@0.2.2,r,cran,spmixW,0.2.2,https://cran.r-project.org/src/contrib/spmixW_0.2.2.tar.gz,CRAN PACKAGES.gz,tar.gz
cran:spnaf@1.1.0,r,cran,spnaf,1.1.0,https://cran.r-project.org/src/contrib/spnaf_1.1.0.tar.gz,CRAN PACKAGES.gz,tar.gz
cran:spqdep@0.1.3.6,r,cran,spqdep,0.1.3.6,https://cran.r-project.org/src/contrib/spqdep_0.1.3.6.tar.gz,CRAN PACKAGES.gz,tar.gz
cran:sqliter@0.1.0,r,cran,sqliter,0.1.0,https://cran.r-project.org/src/contrib/sqliter_0.1.0.tar.gz,CRAN PACKAGES.gz,tar.gz
cran:squat@0.5.0,r,cran,squat,0.5.0,https://cran.r-project.org/src/contrib/squat_0.5.0.tar.gz,CRAN PACKAGES.gz,tar.gz
cran:srcpkgs@0.2.1,r,cran,srcpkgs,0.2.1,https://cran.r-project.org/src/contrib/srcpkgs_0.2.1.tar.gz,CRAN PACKAGES.gz,tar.gz
cran:ssebiEF@1.0.1,r,cran,ssebiEF,1.0.1,https://cran.r-project.org/src/contrib/ssebiEF_1.0.1.tar.gz,CRAN PACKAGES.gz,tar.gz
cran:ssizeRNA@1.3.3,r,cran,ssizeRNA,1.3.3,https://cran.r-project.org/src/contrib/ssizeRNA_1.3.3.tar.gz,CRAN PACKAGES.gz,tar.gz
cran:sspm@1.1.0,r,cran,sspm,1.1.0,https://cran.r-project.org/src/contrib/sspm_1.1.0.tar.gz,CRAN PACKAGES.gz,tar.gz
cran:sta@0.1.7,r,cran,sta,0.1.7,https://cran.r-project.org/src/contrib/sta_0.1.7.tar.gz,CRAN PACKAGES.gz,tar.gz
cran:staccuracy@0.2.2,r,cran,staccuracy,0.2.2,https://cran.r-project.org/src/contrib/staccuracy_0.2.2.tar.gz,CRAN PACKAGES.gz,tar.gz
cran:stagedtrees@2.3.0,r,cran,stagedtrees,2.3.0,https://cran.r-project.org/src/contrib/stagedtrees_2.3.0.tar.gz,CRAN PACKAGES.gz,tar.gz
cran:standardlastprofile@2.0.1,r,cran,standardlastprofile,2.0.1,https://cran.r-project.org/src/contrib/standardlastprofile_2.0.1.tar.gz,CRAN PACKAGES.gz,tar.gz
cran:standartox@0.0.2,r,cran,standartox,0.0.2,https://cran.r-project.org/src/contrib/standartox_0.0.2.tar.gz,CRAN PACKAGES.gz,tar.gz
cran:staninside@0.0.4,r,cran,staninside,0.0.4,https://cran.r-project.org/src/contrib/staninside_0.0.4.tar.gz,CRAN PACKAGES.gz,tar.gz
cran:stanza@1.0-3,r,cran,stanza,1.0-3,https://cran.r-project.org/src/contrib/stanza_1.0-3.tar.gz,CRAN PACKAGES.gz,tar.gz
cran:stapler@0.8.0,r,cran,stapler,0.8.0,https://cran.r-project.org/src/contrib/stapler_0.8.0.tar.gz,CRAN PACKAGES.gz,tar.gz
cran:starburst@0.3.9,r,cran,starburst,0.3.9,https://cran.r-project.org/src/contrib/starburst_0.3.9.tar.gz,CRAN PACKAGES.gz,tar.gz
cran:stargazer2@0.1.0,r,cran,stargazer2,0.1.0,https://cran.r-project.org/src/contrib/stargazer2_0.1.0.tar.gz,CRAN PACKAGES.gz,tar.gz
cran:statcodelists@0.9.2,r,cran,statcodelists,0.9.2,https://cran.r-project.org/src/contrib/statcodelists_0.9.2.tar.gz,CRAN PACKAGES.gz,tar.gz
cran:stellaR@0.3-6,r,cran,stellaR,0.3-6,https://cran.r-project.org/src/contrib/stellaR_0.3-6.tar.gz,CRAN PACKAGES.gz,tar.gz
cran:stemmatology@0.3.2,r,cran,stemmatology,0.3.2,https://cran.r-project.org/src/contrib/stemmatology_0.3.2.tar.gz,CRAN PACKAGES.gz,tar.gz
cran:stencilaschema@1.0.0,r,cran,stencilaschema,1.0.0,https://cran.r-project.org/src/contrib/stencilaschema_1.0.0.tar.gz,CRAN PACKAGES.gz,tar.gz
cran:stepR@2.1-11,r,cran,stepR,2.1-11,https://cran.r-project.org/src/contrib/stepR_2.1-11.tar.gz,CRAN PACKAGES.gz,tar.gz
cran:steppedwedge@1.0.0,r,cran,steppedwedge,1.0.0,https://cran.r-project.org/src/contrib/steppedwedge_1.0.0.tar.gz,CRAN PACKAGES.gz,tar.gz
cran:stepwedgepower@0.1.3,r,cran,stepwedgepower,0.1.3,https://cran.r-project.org/src/contrib/stepwedgepower_0.1.3.tar.gz,CRAN PACKAGES.gz,tar.gz
cran:stlTDNN@0.1.0,r,cran,stlTDNN,0.1.0,https://cran.r-project.org/src/contrib/stlTDNN_0.1.0.tar.gz,CRAN PACKAGES.gz,tar.gz
cran:stocc@1.31,r,cran,stocc,1.31,https://cran.r-project.org/src/contrib/stocc_1.31.tar.gz,CRAN PACKAGES.gz,tar.gz
cran:stpp@2.0-8,r,cran,stpp,2.0-8,https://cran.r-project.org/src/contrib/stpp_2.0-8.tar.gz,CRAN PACKAGES.gz,tar.gz
cran:stppSim@1.3.4,r,cran,stppSim,1.3.4,https://cran.r-project.org/src/contrib/stppSim_1.3.4.tar.gz,CRAN PACKAGES.gz,tar.gz
cran:str2str@1.0.0,r,cran,str2str,1.0.0,https://cran.r-project.org/src/contrib/str2str_1.0.0.tar.gz,CRAN PACKAGES.gz,tar.gz
cran:stratastats@0.2,r,cran,stratastats,0.2,https://cran.r-project.org/src/contrib/stratastats_0.2.tar.gz,CRAN PACKAGES.gz,tar.gz
cran:stratbr@1.2,r,cran,stratbr,1.2,https://cran.r-project.org/src/contrib/stratbr_1.2.tar.gz,CRAN PACKAGES.gz,tar.gz
cran:strawr@0.0.92,r,cran,strawr,0.0.92,https://cran.r-project.org/src/contrib/strawr_0.0.92.tar.gz,CRAN PACKAGES.gz,tar.gz
cran:stray@0.1.1,r,cran,stray,0.1.1,https://cran.r-project.org/src/contrib/stray_0.1.1.tar.gz,CRAN PACKAGES.gz,tar.gz
cran:stressaddition@3.1.0,r,cran,stressaddition,3.1.0,https://cran.r-project.org/src/contrib/stressaddition_3.1.0.tar.gz,CRAN PACKAGES.gz,tar.gz
cran:stringfish@0.19.2,r,cran,stringfish,0.19.2,https://cran.r-project.org/src/contrib/stringfish_0.19.2.tar.gz,CRAN PACKAGES.gz,tar.gz
cran:strollur@0.1.3,r,cran,strollur,0.1.3,https://cran.r-project.org/src/contrib/strollur_0.1.3.tar.gz,CRAN PACKAGES.gz,tar.gz
cran:sunburstShinyWidget@0.5.0,r,cran,sunburstShinyWidget,0.5.0,https://cran.r-project.org/src/contrib/sunburstShinyWidget_0.5.0.tar.gz,CRAN PACKAGES.gz,tar.gz
cran:suntools@1.1.0,r,cran,suntools,1.1.0,https://cran.r-project.org/src/contrib/suntools_1.1.0.tar.gz,CRAN PACKAGES.gz,tar.gz
cran:supernova@3.0.2,r,cran,supernova,3.0.2,https://cran.r-project.org/src/contrib/supernova_3.0.2.tar.gz,CRAN PACKAGES.gz,tar.gz
cran:supervisedPRIM@2.0.0,r,cran,supervisedPRIM,2.0.0,https://cran.r-project.org/src/contrib/supervisedPRIM_2.0.0.tar.gz,CRAN PACKAGES.gz,tar.gz
cran:sureLDA@0.1.0-1,r,cran,sureLDA,0.1.0-1,https://cran.r-project.org/src/contrib/sureLDA_0.1.0-1.tar.gz,CRAN PACKAGES.gz,tar.gz
cran:surreal@0.0.2,r,cran,surreal,0.0.2,https://cran.r-project.org/src/contrib/surreal_0.0.2.tar.gz,CRAN PACKAGES.gz,tar.gz
cran:survRM2@1.0-4,r,cran,survRM2,1.0-4,https://cran.r-project.org/src/contrib/survRM2_1.0-4.tar.gz,CRAN PACKAGES.gz,tar.gz
cran:surveytable@0.10.0,r,cran,surveytable,0.10.0,https://cran.r-project.org/src/contrib/surveytable_0.10.0.tar.gz,CRAN PACKAGES.gz,tar.gz
cran:survivalVignettes@0.1.6,r,cran,survivalVignettes,0.1.6,https://cran.r-project.org/src/contrib/survivalVignettes_0.1.6.tar.gz,CRAN PACKAGES.gz,tar.gz
cran:svGUI@1.0.2,r,cran,svGUI,1.0.2,https://cran.r-project.org/src/contrib/svGUI_1.0.2.tar.gz,CRAN PACKAGES.gz,tar.gz
cran:svIDE@0.9-54,r,cran,svIDE,0.9-54,https://cran.r-project.org/src/contrib/svIDE_0.9-54.tar.gz,CRAN PACKAGES.gz,tar.gz
cran:svTools@0.9-5,r,cran,svTools,0.9-5,https://cran.r-project.org/src/contrib/svTools_0.9-5.tar.gz,CRAN PACKAGES.gz,tar.gz
cran:svglite@2.2.2,r,cran,svglite,2.2.2,https://cran.r-project.org/src/contrib/svglite_2.2.2.tar.gz,CRAN PACKAGES.gz,tar.gz
cran:svmodt@0.1.0,r,cran,svmodt,0.1.0,https://cran.r-project.org/src/contrib/svmodt_0.1.0.tar.gz,CRAN PACKAGES.gz,tar.gz
cran:svycdiff@0.2.0,r,cran,svycdiff,0.2.0,https://cran.r-project.org/src/contrib/svycdiff_0.2.0.tar.gz,CRAN PACKAGES.gz,tar.gz
cran:svycoxme@1.0.0,r,cran,svycoxme,1.0.0,https://cran.r-project.org/src/contrib/svycoxme_1.0.0.tar.gz,CRAN PACKAGES.gz,tar.gz
cran:swagger@5.32.1,r,cran,swagger,5.32.1,https://cran.r-project.org/src/contrib/swagger_5.32.1.tar.gz,CRAN PACKAGES.gz,tar.gz
cran:sylcount@0.2-6,r,cran,sylcount,0.2-6,https://cran.r-project.org/src/contrib/sylcount_0.2-6.tar.gz,CRAN PACKAGES.gz,tar.gz
cran:sym.arma@1.0,r,cran,sym.arma,1.0,https://cran.r-project.org/src/contrib/sym.arma_1.0.tar.gz,CRAN PACKAGES.gz,tar.gz
cran:symTensor@0.1.0,r,cran,symTensor,0.1.0,https://cran.r-project.org/src/contrib/symTensor_0.1.0.tar.gz,CRAN PACKAGES.gz,tar.gz
cran:synchrony@0.3.9,r,cran,synchrony,0.3.9,https://cran.r-project.org/src/contrib/synchrony_0.3.9.tar.gz,CRAN PACKAGES.gz,tar.gz
cran:syrup@0.1.4,r,cran,syrup,0.1.4,https://cran.r-project.org/src/contrib/syrup_0.1.4.tar.gz,CRAN PACKAGES.gz,tar.gz
cran:tablesgg@0.9-1,r,cran,tablesgg,0.9-1,https://cran.r-project.org/src/contrib/tablesgg_0.9-1.tar.gz,CRAN PACKAGES.gz,tar.gz
cran:taboolaR@0.1.0,r,cran,taboolaR,0.1.0,https://cran.r-project.org/src/contrib/taboolaR_0.1.0.tar.gz,CRAN PACKAGES.gz,tar.gz
cran:tabulator@1.0.0,r,cran,tabulator,1.0.0,https://cran.r-project.org/src/contrib/tabulator_1.0.0.tar.gz,CRAN PACKAGES.gz,tar.gz
cran:tabulergm@0.1.0,r,cran,tabulergm,0.1.0,https://cran.r-project.org/src/contrib/tabulergm_0.1.0.tar.gz,CRAN PACKAGES.gz,tar.gz
cran:tamd@1.0.2,r,cran,tamd,1.0.2,https://cran.r-project.org/src/contrib/tamd_1.0.2.tar.gz,CRAN PACKAGES.gz,tar.gz
cran:tangram.pipe@1.1.2,r,cran,tangram.pipe,1.1.2,https://cran.r-project.org/src/contrib/tangram.pipe_1.1.2.tar.gz,CRAN PACKAGES.gz,tar.gz
cran:tastypie@0.1.2,r,cran,tastypie,0.1.2,https://cran.r-project.org/src/contrib/tastypie_0.1.2.tar.gz,CRAN PACKAGES.gz,tar.gz
cran:taxdiv@0.1.0,r,cran,taxdiv,0.1.0,https://cran.r-project.org/src/contrib/taxdiv_0.1.0.tar.gz,CRAN PACKAGES.gz,tar.gz
cran:tcplfit2@0.1.9,r,cran,tcplfit2,0.1.9,https://cran.r-project.org/src/contrib/tcplfit2_0.1.9.tar.gz,CRAN PACKAGES.gz,tar.gz
cran:tcv@0.1.0,r,cran,tcv,0.1.0,https://cran.r-project.org/src/contrib/tcv_0.1.0.tar.gz,CRAN PACKAGES.gz,tar.gz
cran:teal.code@0.7.2,r,cran,teal.code,0.7.2,https://cran.r-project.org/src/contrib/teal.code_0.7.2.tar.gz,CRAN PACKAGES.gz,tar.gz
cran:templateICAr@0.10.0,r,cran,templateICAr,0.10.0,https://cran.r-project.org/src/contrib/templateICAr_0.10.0.tar.gz,CRAN PACKAGES.gz,tar.gz
cran:tempodisco@2.1.0,r,cran,tempodisco,2.1.0,https://cran.r-project.org/src/contrib/tempodisco_2.1.0.tar.gz,CRAN PACKAGES.gz,tar.gz
cran:tenm@0.5.1,r,cran,tenm,0.5.1,https://cran.r-project.org/src/contrib/tenm_0.5.1.tar.gz,CRAN PACKAGES.gz,tar.gz
cran:tensorsparse@3.0,r,cran,tensorsparse,3.0,https://cran.r-project.org/src/contrib/tensorsparse_3.0.tar.gz,CRAN PACKAGES.gz,tar.gz
cran:terrainr@0.7.6,r,cran,terrainr,0.7.6,https://cran.r-project.org/src/contrib/terrainr_0.7.6.tar.gz,CRAN PACKAGES.gz,tar.gz
cran:terralink@1.8.2,r,cran,terralink,1.8.2,https://cran.r-project.org/src/contrib/terralink_1.8.2.tar.gz,CRAN PACKAGES.gz,tar.gz
cran:testequavar@0.1.5,r,cran,testequavar,0.1.5,https://cran.r-project.org/src/contrib/testequavar_0.1.5.tar.gz,CRAN PACKAGES.gz,tar.gz
cran:textAnnotatoR@1.0.1,r,cran,textAnnotatoR,1.0.1,https://cran.r-project.org/src/contrib/textAnnotatoR_1.0.1.tar.gz,CRAN PACKAGES.gz,tar.gz
cran:textBoxPlacement@1.0,r,cran,textBoxPlacement,1.0,https://cran.r-project.org/src/contrib/textBoxPlacement_1.0.tar.gz,CRAN PACKAGES.gz,tar.gz
cran:textanalyzer@0.2.0,r,cran,textanalyzer,0.2.0,https://cran.r-project.org/src/contrib/textanalyzer_0.2.0.tar.gz,CRAN PACKAGES.gz,tar.gz
cran:tflmetaR@0.1.5,r,cran,tflmetaR,0.1.5,https://cran.r-project.org/src/contrib/tflmetaR_0.1.5.tar.gz,CRAN PACKAGES.gz,tar.gz
cran:tfprobability@0.15.2,r,cran,tfprobability,0.15.2,https://cran.r-project.org/src/contrib/tfprobability_0.15.2.tar.gz,CRAN PACKAGES.gz,tar.gz
cran:tframe@2015.12-1.1,r,cran,tframe,2015.12-1.1,https://cran.r-project.org/src/contrib/tframe_2015.12-1.1.tar.gz,CRAN PACKAGES.gz,tar.gz
cran:tgml@0.5.0,r,cran,tgml,0.5.0,https://cran.r-project.org/src/contrib/tgml_0.5.0.tar.gz,CRAN PACKAGES.gz,tar.gz
cran:theft@0.8.4,r,cran,theft,0.8.4,https://cran.r-project.org/src/contrib/theft_0.8.4.tar.gz,CRAN PACKAGES.gz,tar.gz
cran:thematic@0.1.8,r,cran,thematic,0.1.8,https://cran.r-project.org/src/contrib/thematic_0.1.8.tar.gz,CRAN PACKAGES.gz,tar.gz
cran:thunder@1.1.5,r,cran,thunder,1.1.5,https://cran.r-project.org/src/contrib/thunder_1.1.5.tar.gz,CRAN PACKAGES.gz,tar.gz
cran:tickr@1.0.2,r,cran,tickr,1.0.2,https://cran.r-project.org/src/contrib/tickr_1.0.2.tar.gz,CRAN PACKAGES.gz,tar.gz
cran:tictactoe@0.2.2,r,cran,tictactoe,0.2.2,https://cran.r-project.org/src/contrib/tictactoe_0.2.2.tar.gz,CRAN PACKAGES.gz,tar.gz
cran:tictoc@1.2.1,r,cran,tictoc,1.2.1,https://cran.r-project.org/src/contrib/tictoc_1.2.1.tar.gz,CRAN PACKAGES.gz,tar.gz
cran:tidycmprsk@1.1.2,r,cran,tidycmprsk,1.1.2,https://cran.r-project.org/src/contrib/tidycmprsk_1.1.2.tar.gz,CRAN PACKAGES.gz,tar.gz
cran:tidyfast@0.4.0,r,cran,tidyfast,0.4.0,https://cran.r-project.org/src/contrib/tidyfast_0.4.0.tar.gz,CRAN PACKAGES.gz,tar.gz
cran:tidygeoRSS@0.0.1,r,cran,tidygeoRSS,0.0.1,https://cran.r-project.org/src/contrib/tidygeoRSS_0.0.1.tar.gz,CRAN PACKAGES.gz,tar.gz
cran:tidync@0.5.0,r,cran,tidync,0.5.0,https://cran.r-project.org/src/contrib/tidync_0.5.0.tar.gz,CRAN PACKAGES.gz,tar.gz
cran:tidyrules@0.2.7,r,cran,tidyrules,0.2.7,https://cran.r-project.org/src/contrib/tidyrules_0.2.7.tar.gz,CRAN PACKAGES.gz,tar.gz
cran:tidysdm@1.0.4,r,cran,tidysdm,1.0.4,https://cran.r-project.org/src/contrib/tidysdm_1.0.4.tar.gz,CRAN PACKAGES.gz,tar.gz
cran:tidyttmoment@0.0.5,r,cran,tidyttmoment,0.0.5,https://cran.r-project.org/src/contrib/tidyttmoment_0.0.5.tar.gz,CRAN PACKAGES.gz,tar.gz
cran:tidyvpc@1.6.0,r,cran,tidyvpc,1.6.0,https://cran.r-project.org/src/contrib/tidyvpc_1.6.0.tar.gz,CRAN PACKAGES.gz,tar.gz
cran:tidywater@0.10.0,r,cran,tidywater,0.10.0,https://cran.r-project.org/src/contrib/tidywater_0.10.0.tar.gz,CRAN PACKAGES.gz,tar.gz
cran:tigerhitteR@1.1.0,r,cran,tigerhitteR,1.1.0,https://cran.r-project.org/src/contrib/tigerhitteR_1.1.0.tar.gz,CRAN PACKAGES.gz,tar.gz
cran:tightenBlock@0.1.7,r,cran,tightenBlock,0.1.7,https://cran.r-project.org/src/contrib/tightenBlock_0.1.7.tar.gz,CRAN PACKAGES.gz,tar.gz
cran:tiledb@0.33.0,r,cran,tiledb,0.33.0,https://cran.r-project.org/src/contrib/tiledb_0.33.0.tar.gz,CRAN PACKAGES.gz,tar.gz
cran:tilegramsR@0.2.0,r,cran,tilegramsR,0.2.0,https://cran.r-project.org/src/contrib/tilegramsR_0.2.0.tar.gz,CRAN PACKAGES.gz,tar.gz
cran:timetk@2.9.1,r,cran,timetk,2.9.1,https://cran.r-project.org/src/contrib/timetk_2.9.1.tar.gz,CRAN PACKAGES.gz,tar.gz
cran:tintin@0.2,r,cran,tintin,0.2,https://cran.r-project.org/src/contrib/tintin_0.2.tar.gz,CRAN PACKAGES.gz,tar.gz
cran:tkImgR@0.0.5,r,cran,tkImgR,0.0.5,https://cran.r-project.org/src/contrib/tkImgR_0.0.5.tar.gz,CRAN PACKAGES.gz,tar.gz
cran:tlda@0.1.0,r,cran,tlda,0.1.0,https://cran.r-project.org/src/contrib/tlda_0.1.0.tar.gz,CRAN PACKAGES.gz,tar.gz
cran:tldr@0.4.0,r,cran,tldr,0.4.0,https://cran.r-project.org/src/contrib/tldr_0.4.0.tar.gz,CRAN PACKAGES.gz,tar.gz
cran:tlgarima@0.1.0,r,cran,tlgarima,0.1.0,https://cran.r-project.org/src/contrib/tlgarima_0.1.0.tar.gz,CRAN PACKAGES.gz,tar.gz
cran:tmap@4.4-1,r,cran,tmap,4.4-1,https://cran.r-project.org/src/contrib/tmap_4.4-1.tar.gz,CRAN PACKAGES.gz,tar.gz
cran:tmplate@0.0.3,r,cran,tmplate,0.0.3,https://cran.r-project.org/src/contrib/tmplate_0.0.3.tar.gz,CRAN PACKAGES.gz,tar.gz
cran:tokenizers@0.3.0,r,cran,tokenizers,0.3.0,https://cran.r-project.org/src/contrib/tokenizers_0.3.0.tar.gz,CRAN PACKAGES.gz,tar.gz
cran:toolero@0.4.0,r,cran,toolero,0.4.0,https://cran.r-project.org/src/contrib/toolero_0.4.0.tar.gz,CRAN PACKAGES.gz,tar.gz
cran:toon@0.0.1,r,cran,toon,0.0.1,https://cran.r-project.org/src/contrib/toon_0.0.1.tar.gz,CRAN PACKAGES.gz,tar.gz
cran:toonlite@0.1.0,r,cran,toonlite,0.1.0,https://cran.r-project.org/src/contrib/toonlite_0.1.0.tar.gz,CRAN PACKAGES.gz,tar.gz
cran:topiclabels@0.4.0,r,cran,topiclabels,0.4.0,https://cran.r-project.org/src/contrib/topiclabels_0.4.0.tar.gz,CRAN PACKAGES.gz,tar.gz
cran:torch@0.17.0,r,cran,torch,0.17.0,https://cran.r-project.org/src/contrib/torch_0.17.0.tar.gz,CRAN PACKAGES.gz,tar.gz
cran:toscca@1.0,r,cran,toscca,1.0,https://cran.r-project.org/src/contrib/toscca_1.0.tar.gz,CRAN PACKAGES.gz,tar.gz
cran:toxdrc@2.0.0,r,cran,toxdrc,2.0.0,https://cran.r-project.org/src/contrib/toxdrc_2.0.0.tar.gz,CRAN PACKAGES.gz,tar.gz
cran:tpwb@0.1.0,r,cran,tpwb,0.1.0,https://cran.r-project.org/src/contrib/tpwb_0.1.0.tar.gz,CRAN PACKAGES.gz,tar.gz
cran:tqk@0.1.8,r,cran,tqk,0.1.8,https://cran.r-project.org/src/contrib/tqk_0.1.8.tar.gz,CRAN PACKAGES.gz,tar.gz
cran:trackdem@0.7.2,r,cran,trackdem,0.7.2,https://cran.r-project.org/src/contrib/trackdem_0.7.2.tar.gz,CRAN PACKAGES.gz,tar.gz
cran:transPlotR@0.0.2,r,cran,transPlotR,0.0.2,https://cran.r-project.org/src/contrib/transPlotR_0.0.2.tar.gz,CRAN PACKAGES.gz,tar.gz
cran:transformerForecasting@0.1.0,r,cran,transformerForecasting,0.1.0,https://cran.r-project.org/src/contrib/transformerForecasting_0.1.0.tar.gz,CRAN PACKAGES.gz,tar.gz
cran:transformr@0.1.5,r,cran,transformr,0.1.5,https://cran.r-project.org/src/contrib/transformr_0.1.5.tar.gz,CRAN PACKAGES.gz,tar.gz
cran:transltr@0.1.0,r,cran,transltr,0.1.0,https://cran.r-project.org/src/contrib/transltr_0.1.0.tar.gz,CRAN PACKAGES.gz,tar.gz
cran:treats@1.1.6,r,cran,treats,1.1.6,https://cran.r-project.org/src/contrib/treats_1.1.6.tar.gz,CRAN PACKAGES.gz,tar.gz
cran:tree.interpreter@0.1.3,r,cran,tree.interpreter,0.1.3,https://cran.r-project.org/src/contrib/tree.interpreter_0.1.3.tar.gz,CRAN PACKAGES.gz,tar.gz
cran:treeSS@0.2.6,r,cran,treeSS,0.2.6,https://cran.r-project.org/src/contrib/treeSS_0.2.6.tar.gz,CRAN PACKAGES.gz,tar.gz
cran:treestartr@0.1.0,r,cran,treestartr,0.1.0,https://cran.r-project.org/src/contrib/treestartr_0.1.0.tar.gz,CRAN PACKAGES.gz,tar.gz
cran:trekcolors@0.2.0,r,cran,trekcolors,0.2.0,https://cran.r-project.org/src/contrib/trekcolors_0.2.0.tar.gz,CRAN PACKAGES.gz,tar.gz
cran:trekfont@0.9.6,r,cran,trekfont,0.9.6,https://cran.r-project.org/src/contrib/trekfont_0.9.6.tar.gz,CRAN PACKAGES.gz,tar.gz
cran:triageR@0.1.1,r,cran,triageR,0.1.1,https://cran.r-project.org/src/contrib/triageR_0.1.1.tar.gz,CRAN PACKAGES.gz,tar.gz
cran:trimr@1.1.1,r,cran,trimr,1.1.1,https://cran.r-project.org/src/contrib/trimr_1.1.1.tar.gz,CRAN PACKAGES.gz,tar.gz
cran:triptych@0.1.3,r,cran,triptych,0.1.3,https://cran.r-project.org/src/contrib/triptych_0.1.3.tar.gz,CRAN PACKAGES.gz,tar.gz
cran:troopdata@1.0.4,r,cran,troopdata,1.0.4,https://cran.r-project.org/src/contrib/troopdata_1.0.4.tar.gz,CRAN PACKAGES.gz,tar.gz
cran:tsallisqexp@0.9-5,r,cran,tsallisqexp,0.9-5,https://cran.r-project.org/src/contrib/tsallisqexp_0.9-5.tar.gz,CRAN PACKAGES.gz,tar.gz
cran:tsdecomp@0.2,r,cran,tsdecomp,0.2,https://cran.r-project.org/src/contrib/tsdecomp_0.2.tar.gz,CRAN PACKAGES.gz,tar.gz
cran:tseriesEntropy@0.7-2,r,cran,tseriesEntropy,0.7-2,https://cran.r-project.org/src/contrib/tseriesEntropy_0.7-2.tar.gz,CRAN PACKAGES.gz,tar.gz
cran:tsfgrnn@1.0.5,r,cran,tsfgrnn,1.0.5,https://cran.r-project.org/src/contrib/tsfgrnn_1.0.5.tar.gz,CRAN PACKAGES.gz,tar.gz
cran:tsibbledata@0.4.1,r,cran,tsibbledata,0.4.1,https://cran.r-project.org/src/contrib/tsibbledata_0.4.1.tar.gz,CRAN PACKAGES.gz,tar.gz
cran:tsitter@0.2.0,r,cran,tsitter,0.2.0,https://cran.r-project.org/src/contrib/tsitter_0.2.0.tar.gz,CRAN PACKAGES.gz,tar.gz
cran:tsmarch@1.0.0,r,cran,tsmarch,1.0.0,https://cran.r-project.org/src/contrib/tsmarch_1.0.0.tar.gz,CRAN PACKAGES.gz,tar.gz
cran:tsviz@0.1.0,r,cran,tsviz,0.1.0,https://cran.r-project.org/src/contrib/tsviz_0.1.0.tar.gz,CRAN PACKAGES.gz,tar.gz
cran:ttbbeer@1.1.0,r,cran,ttbbeer,1.1.0,https://cran.r-project.org/src/contrib/ttbbeer_1.1.0.tar.gz,CRAN PACKAGES.gz,tar.gz
cran:tufterhandout@1.2.1,r,cran,tufterhandout,1.2.1,https://cran.r-project.org/src/contrib/tufterhandout_1.2.1.tar.gz,CRAN PACKAGES.gz,tar.gz
cran:tuneR@1.4.7,r,cran,tuneR,1.4.7,https://cran.r-project.org/src/contrib/tuneR_1.4.7.tar.gz,CRAN PACKAGES.gz,tar.gz
cran:tvReg@0.5.11,r,cran,tvReg,0.5.11,https://cran.r-project.org/src/contrib/tvReg_0.5.11.tar.gz,CRAN PACKAGES.gz,tar.gz
cran:tvmediation@1.1.1,r,cran,tvmediation,1.1.1,https://cran.r-project.org/src/contrib/tvmediation_1.1.1.tar.gz,CRAN PACKAGES.gz,tar.gz
cran:twdtw@1.0-1,r,cran,twdtw,1.0-1,https://cran.r-project.org/src/contrib/twdtw_1.0-1.tar.gz,CRAN PACKAGES.gz,tar.gz
cran:tweetcheck@0.1.0,r,cran,tweetcheck,0.1.0,https://cran.r-project.org/src/contrib/tweetcheck_0.1.0.tar.gz,CRAN PACKAGES.gz,tar.gz
cran:twilio@0.1.0,r,cran,twilio,0.1.0,https://cran.r-project.org/src/contrib/twilio_0.1.0.tar.gz,CRAN PACKAGES.gz,tar.gz
cran:twopartm@0.1.0,r,cran,twopartm,0.1.0,https://cran.r-project.org/src/contrib/twopartm_0.1.0.tar.gz,CRAN PACKAGES.gz,tar.gz
cran:typetracer@0.2.5,r,cran,typetracer,0.2.5,https://cran.r-project.org/src/contrib/typetracer_0.2.5.tar.gz,CRAN PACKAGES.gz,tar.gz
cran:ulid@0.4.0,r,cran,ulid,0.4.0,https://cran.r-project.org/src/contrib/ulid_0.4.0.tar.gz,CRAN PACKAGES.gz,tar.gz
cran:ume@1.7.1,r,cran,ume,1.7.1,https://cran.r-project.org/src/contrib/ume_1.7.1.tar.gz,CRAN PACKAGES.gz,tar.gz
cran:ump@0.5-8,r,cran,ump,0.5-8,https://cran.r-project.org/src/contrib/ump_0.5-8.tar.gz,CRAN PACKAGES.gz,tar.gz
cran:uncertainUCDP@0.7.6,r,cran,uncertainUCDP,0.7.6,https://cran.r-project.org/src/contrib/uncertainUCDP_0.7.6.tar.gz,CRAN PACKAGES.gz,tar.gz
cran:unhcrthemes@0.7.1,r,cran,unhcrthemes,0.7.1,https://cran.r-project.org/src/contrib/unhcrthemes_0.7.1.tar.gz,CRAN PACKAGES.gz,tar.gz
cran:uniReg@1.1,r,cran,uniReg,1.1,https://cran.r-project.org/src/contrib/uniReg_1.1.tar.gz,CRAN PACKAGES.gz,tar.gz
cran:unicol@0.4.0,r,cran,unicol,0.4.0,https://cran.r-project.org/src/contrib/unicol_0.4.0.tar.gz,CRAN PACKAGES.gz,tar.gz
cran:unix@1.6.0,r,cran,unix,1.6.0,https://cran.r-project.org/src/contrib/unix_1.6.0.tar.gz,CRAN PACKAGES.gz,tar.gz
cran:updog@2.1.7,r,cran,updog,2.1.7,https://cran.r-project.org/src/contrib/updog_2.1.7.tar.gz,CRAN PACKAGES.gz,tar.gz
cran:urlshorteneR@2.0.0,r,cran,urlshorteneR,2.0.0,https://cran.r-project.org/src/contrib/urlshorteneR_2.0.0.tar.gz,CRAN PACKAGES.gz,tar.gz
cran:ursa@3.11.5,r,cran,ursa,3.11.5,https://cran.r-project.org/src/contrib/ursa_3.11.5.tar.gz,CRAN PACKAGES.gz,tar.gz
cran:us.census.geoheader@1.0.2,r,cran,us.census.geoheader,1.0.2,https://cran.r-project.org/src/contrib/us.census.geoheader_1.0.2.tar.gz,CRAN PACKAGES.gz,tar.gz
cran:usedthese@0.5.0,r,cran,usedthese,0.5.0,https://cran.r-project.org/src/contrib/usedthese_0.5.0.tar.gz,CRAN PACKAGES.gz,tar.gz
cran:usmap@1.0.0,r,cran,usmap,1.0.0,https://cran.r-project.org/src/contrib/usmap_1.0.0.tar.gz,CRAN PACKAGES.gz,tar.gz
cran:utile.visuals@0.3.3,r,cran,utile.visuals,0.3.3,https://cran.r-project.org/src/contrib/utile.visuals_0.3.3.tar.gz,CRAN PACKAGES.gz,tar.gz
cran:utilsIPEA@0.0.6,r,cran,utilsIPEA,0.0.6,https://cran.r-project.org/src/contrib/utilsIPEA_0.0.6.tar.gz,CRAN PACKAGES.gz,tar.gz
cran:vacalibration@2.2,r,cran,vacalibration,2.2,https://cran.r-project.org/src/contrib/vacalibration_2.2.tar.gz,CRAN PACKAGES.gz,tar.gz
cran:vaccinationimpact@0.1.0,r,cran,vaccinationimpact,0.1.0,https://cran.r-project.org/src/contrib/vaccinationimpact_0.1.0.tar.gz,CRAN PACKAGES.gz,tar.gz
cran:valet@0.9.1,r,cran,valet,0.9.1,https://cran.r-project.org/src/contrib/valet_0.9.1.tar.gz,CRAN PACKAGES.gz,tar.gz
cran:validate@1.1.7,r,cran,validate,1.1.7,https://cran.r-project.org/src/contrib/validate_1.1.7.tar.gz,CRAN PACKAGES.gz,tar.gz
cran:varbvs@2.6-10,r,cran,varbvs,2.6-10,https://cran.r-project.org/src/contrib/varbvs_2.6-10.tar.gz,CRAN PACKAGES.gz,tar.gz
cran:varhandle@2.0.6,r,cran,varhandle,2.0.6,https://cran.r-project.org/src/contrib/varhandle_2.0.6.tar.gz,CRAN PACKAGES.gz,tar.gz
cran:variables@1.1-2,r,cran,variables,1.1-2,https://cran.r-project.org/src/contrib/variables_1.1-2.tar.gz,CRAN PACKAGES.gz,tar.gz
cran:vasicek@0.0.3,r,cran,vasicek,0.0.3,https://cran.r-project.org/src/contrib/vasicek_0.0.3.tar.gz,CRAN PACKAGES.gz,tar.gz
cran:vcfR@1.16.0,r,cran,vcfR,1.16.0,https://cran.r-project.org/src/contrib/vcfR_1.16.0.tar.gz,CRAN PACKAGES.gz,tar.gz
cran:vchartr@0.1.5,r,cran,vchartr,0.1.5,https://cran.r-project.org/src/contrib/vchartr_0.1.5.tar.gz,CRAN PACKAGES.gz,tar.gz
cran:vcvComp@1.0.3,r,cran,vcvComp,1.0.3,https://cran.r-project.org/src/contrib/vcvComp_1.0.3.tar.gz,CRAN PACKAGES.gz,tar.gz
cran:vec2dtransf@1.1.5,r,cran,vec2dtransf,1.1.5,https://cran.r-project.org/src/contrib/vec2dtransf_1.1.5.tar.gz,CRAN PACKAGES.gz,tar.gz
cran:vectorsurvR@1.6.3,r,cran,vectorsurvR,1.6.3,https://cran.r-project.org/src/contrib/vectorsurvR_1.6.3.tar.gz,CRAN PACKAGES.gz,tar.gz
cran:vegawidget@0.5.0,r,cran,vegawidget,0.5.0,https://cran.r-project.org/src/contrib/vegawidget_0.5.0.tar.gz,CRAN PACKAGES.gz,tar.gz
cran:venneuler@1.1-4,r,cran,venneuler,1.1-4,https://cran.r-project.org/src/contrib/venneuler_1.1-4.tar.gz,CRAN PACKAGES.gz,tar.gz
cran:vetr@0.2.22,r,cran,vetr,0.2.22,https://cran.r-project.org/src/contrib/vetr_0.2.22.tar.gz,CRAN PACKAGES.gz,tar.gz
cran:vimpclust@0.1.0,r,cran,vimpclust,0.1.0,https://cran.r-project.org/src/contrib/vimpclust_0.1.0.tar.gz,CRAN PACKAGES.gz,tar.gz
cran:visNetwork@2.1.4,r,cran,visNetwork,2.1.4,https://cran.r-project.org/src/contrib/visNetwork_2.1.4.tar.gz,CRAN PACKAGES.gz,tar.gz
cran:visachartR@4.0.1,r,cran,visachartR,4.0.1,https://cran.r-project.org/src/contrib/visachartR_4.0.1.tar.gz,CRAN PACKAGES.gz,tar.gz
cran:visualFields@1.0.7,r,cran,visualFields,1.0.7,https://cran.r-project.org/src/contrib/visualFields_1.0.7.tar.gz,CRAN PACKAGES.gz,tar.gz
cran:visvow@1.3.11,r,cran,visvow,1.3.11,https://cran.r-project.org/src/contrib/visvow_1.3.11.tar.gz,CRAN PACKAGES.gz,tar.gz
cran:vitality@1.3,r,cran,vitality,1.3,https://cran.r-project.org/src/contrib/vitality_1.3.tar.gz,CRAN PACKAGES.gz,tar.gz
cran:vmr@0.0.6,r,cran,vmr,0.0.6,https://cran.r-project.org/src/contrib/vmr_0.0.6.tar.gz,CRAN PACKAGES.gz,tar.gz
cran:vscc@0.8,r,cran,vscc,0.8,https://cran.r-project.org/src/contrib/vscc_0.8.tar.gz,CRAN PACKAGES.gz,tar.gz
cran:vsgoftest@1.0-1,r,cran,vsgoftest,1.0-1,https://cran.r-project.org/src/contrib/vsgoftest_1.0-1.tar.gz,CRAN PACKAGES.gz,tar.gz
cran:vtable@1.4.8,r,cran,vtable,1.4.8,https://cran.r-project.org/src/contrib/vtable_1.4.8.tar.gz,CRAN PACKAGES.gz,tar.gz
cran:vvtableau@0.9.0,r,cran,vvtableau,0.9.0,https://cran.r-project.org/src/contrib/vvtableau_0.9.0.tar.gz,CRAN PACKAGES.gz,tar.gz
cran:waiter@0.2.5.1,r,cran,waiter,0.2.5.1,https://cran.r-project.org/src/contrib/waiter_0.2.5.1.tar.gz,CRAN PACKAGES.gz,tar.gz
cran:warabandi@0.1.0,r,cran,warabandi,0.1.0,https://cran.r-project.org/src/contrib/warabandi_0.1.0.tar.gz,CRAN PACKAGES.gz,tar.gz
cran:warp@0.2.3,r,cran,warp,0.2.3,https://cran.r-project.org/src/contrib/warp_0.2.3.tar.gz,CRAN PACKAGES.gz,tar.gz
cran:watcher@0.2.0,r,cran,watcher,0.2.0,https://cran.r-project.org/src/contrib/watcher_0.2.0.tar.gz,CRAN PACKAGES.gz,tar.gz
cran:waydown@1.1.0,r,cran,waydown,1.1.0,https://cran.r-project.org/src/contrib/waydown_1.1.0.tar.gz,CRAN PACKAGES.gz,tar.gz
cran:wbacon@0.6-3,r,cran,wbacon,0.6-3,https://cran.r-project.org/src/contrib/wbacon_0.6-3.tar.gz,CRAN PACKAGES.gz,tar.gz
cran:wcc@0.4.1,r,cran,wcc,0.4.1,https://cran.r-project.org/src/contrib/wcc_0.4.1.tar.gz,CRAN PACKAGES.gz,tar.gz
cran:weakARMA@1.0.3,r,cran,weakARMA,1.0.3,https://cran.r-project.org/src/contrib/weakARMA_1.0.3.tar.gz,CRAN PACKAGES.gz,tar.gz
cran:webfakes@1.5.0,r,cran,webfakes,1.5.0,https://cran.r-project.org/src/contrib/webfakes_1.5.0.tar.gz,CRAN PACKAGES.gz,tar.gz
cran:webreadr@0.4.0,r,cran,webreadr,0.4.0,https://cran.r-project.org/src/contrib/webreadr_0.4.0.tar.gz,CRAN PACKAGES.gz,tar.gz
cran:websearchr@0.0.3,r,cran,websearchr,0.0.3,https://cran.r-project.org/src/contrib/websearchr_0.0.3.tar.gz,CRAN PACKAGES.gz,tar.gz
cran:weightedVoronoi@1.1.1,r,cran,weightedVoronoi,1.1.1,https://cran.r-project.org/src/contrib/weightedVoronoi_1.1.1.tar.gz,CRAN PACKAGES.gz,tar.gz
cran:whep@0.3.0,r,cran,whep,0.3.0,https://cran.r-project.org/src/contrib/whep_0.3.0.tar.gz,CRAN PACKAGES.gz,tar.gz
cran:whirl@0.3.2,r,cran,whirl,0.3.2,https://cran.r-project.org/src/contrib/whirl_0.3.2.tar.gz,CRAN PACKAGES.gz,tar.gz
cran:wikitaxa@0.5.0,r,cran,wikitaxa,0.5.0,https://cran.r-project.org/src/contrib/wikitaxa_0.5.0.tar.gz,CRAN PACKAGES.gz,tar.gz
cran:wikkitidy@0.1.14,r,cran,wikkitidy,0.1.14,https://cran.r-project.org/src/contrib/wikkitidy_0.1.14.tar.gz,CRAN PACKAGES.gz,tar.gz
cran:winfapReader@0.1-7.1,r,cran,winfapReader,0.1-7.1,https://cran.r-project.org/src/contrib/winfapReader_0.1-7.1.tar.gz,CRAN PACKAGES.gz,tar.gz
cran:wither@0.1.0,r,cran,wither,0.1.0,https://cran.r-project.org/src/contrib/wither_0.1.0.tar.gz,CRAN PACKAGES.gz,tar.gz
cran:wmm@1.1.1,r,cran,wmm,1.1.1,https://cran.r-project.org/src/contrib/wmm_1.1.1.tar.gz,CRAN PACKAGES.gz,tar.gz
cran:wordcloud@2.6,r,cran,wordcloud,2.6,https://cran.r-project.org/src/contrib/wordcloud_2.6.tar.gz,CRAN PACKAGES.gz,tar.gz
cran:wordmap@0.9.5,r,cran,wordmap,0.9.5,https://cran.r-project.org/src/contrib/wordmap_0.9.5.tar.gz,CRAN PACKAGES.gz,tar.gz
cran:wordpiece.data@2.0.0,r,cran,wordpiece.data,2.0.0,https://cran.r-project.org/src/contrib/wordpiece.data_2.0.0.tar.gz,CRAN PACKAGES.gz,tar.gz
cran:worldbank@0.10.0,r,cran,worldbank,0.10.0,https://cran.r-project.org/src/contrib/worldbank_0.10.0.tar.gz,CRAN PACKAGES.gz,tar.gz
cran:woylier@0.0.9,r,cran,woylier,0.0.9,https://cran.r-project.org/src/contrib/woylier_0.0.9.tar.gz,CRAN PACKAGES.gz,tar.gz
cran:wpp2010@1.2-0,r,cran,wpp2010,1.2-0,https://cran.r-project.org/src/contrib/wpp2010_1.2-0.tar.gz,CRAN PACKAGES.gz,tar.gz
cran:wpp2017@1.2-3,r,cran,wpp2017,1.2-3,https://cran.r-project.org/src/contrib/wpp2017_1.2-3.tar.gz,CRAN PACKAGES.gz,tar.gz
cran:wqtrends@1.5.2,r,cran,wqtrends,1.5.2,https://cran.r-project.org/src/contrib/wqtrends_1.5.2.tar.gz,CRAN PACKAGES.gz,tar.gz
cran:wrGraph@1.3.17,r,cran,wrGraph,1.3.17,https://cran.r-project.org/src/contrib/wrGraph_1.3.17.tar.gz,CRAN PACKAGES.gz,tar.gz
cran:wrangle@0.6.4,r,cran,wrangle,0.6.4,https://cran.r-project.org/src/contrib/wrangle_0.6.4.tar.gz,CRAN PACKAGES.gz,tar.gz
cran:x12@1.11.0,r,cran,x12,1.11.0,https://cran.r-project.org/src/contrib/x12_1.11.0.tar.gz,CRAN PACKAGES.gz,tar.gz
cran:xactonomial@1.2.2,r,cran,xactonomial,1.2.2,https://cran.r-project.org/src/contrib/xactonomial_1.2.2.tar.gz,CRAN PACKAGES.gz,tar.gz
cran:xefun@0.1.5,r,cran,xefun,0.1.5,https://cran.r-project.org/src/contrib/xefun_0.1.5.tar.gz,CRAN PACKAGES.gz,tar.gz
cran:xml2@1.6.0,r,cran,xml2,1.6.0,https://cran.r-project.org/src/contrib/xml2_1.6.0.tar.gz,CRAN PACKAGES.gz,tar.gz
cran:xopen@1.0.1,r,cran,xopen,1.0.1,https://cran.r-project.org/src/contrib/xopen_1.0.1.tar.gz,CRAN PACKAGES.gz,tar.gz
cran:xpectr@0.4.5,r,cran,xpectr,0.4.5,https://cran.r-project.org/src/contrib/xpectr_0.4.5.tar.gz,CRAN PACKAGES.gz,tar.gz
cran:xtfifevd@1.0.2,r,cran,xtfifevd,1.0.2,https://cran.r-project.org/src/contrib/xtfifevd_1.0.2.tar.gz,CRAN PACKAGES.gz,tar.gz
cran:xutils@0.0.2,r,cran,xutils,0.0.2,https://cran.r-project.org/src/contrib/xutils_0.0.2.tar.gz,CRAN PACKAGES.gz,tar.gz
cran:yager@0.1.1,r,cran,yager,0.1.1,https://cran.r-project.org/src/contrib/yager_0.1.1.tar.gz,CRAN PACKAGES.gz,tar.gz
cran:yamlme@0.1.2,r,cran,yamlme,0.1.2,https://cran.r-project.org/src/contrib/yamlme_0.1.2.tar.gz,CRAN PACKAGES.gz,tar.gz
cran:yardstick@1.4.0,r,cran,yardstick,1.4.0,https://cran.r-project.org/src/contrib/yardstick_1.4.0.tar.gz,CRAN PACKAGES.gz,tar.gz
cran:yulab.utils@0.2.5,r,cran,yulab.utils,0.2.5,https://cran.r-project.org/src/contrib/yulab.utils_0.2.5.tar.gz,CRAN PACKAGES.gz,tar.gz
cran:zarr@0.5.0,r,cran,zarr,0.5.0,https://cran.r-project.org/src/contrib/zarr_0.5.0.tar.gz,CRAN PACKAGES.gz,tar.gz
cran:zeallot@0.2.0,r,cran,zeallot,0.2.0,https://cran.r-project.org/src/contrib/zeallot_0.2.0.tar.gz,CRAN PACKAGES.gz,tar.gz
cran:zentraR@0.1.3,r,cran,zentraR,0.1.3,https://cran.r-project.org/src/contrib/zentraR_0.1.3.tar.gz,CRAN PACKAGES.gz,tar.gz
cran:zetadiv@1.3.0,r,cran,zetadiv,1.3.0,https://cran.r-project.org/src/contrib/zetadiv_1.3.0.tar.gz,CRAN PACKAGES.gz,tar.gz
cran:zipfR@0.6-70,r,cran,zipfR,0.6-70,https://cran.r-project.org/src/contrib/zipfR_0.6-70.tar.gz,CRAN PACKAGES.gz,tar.gz
cran:zippeR@0.2.0,r,cran,zippeR,0.2.0,https://cran.r-project.org/src/contrib/zippeR_0.2.0.tar.gz,CRAN PACKAGES.gz,tar.gz
cran:zoo@1.9-0,r,cran,zoo,1.9-0,https://cran.r-project.org/src/contrib/zoo_1.9-0.tar.gz,CRAN PACKAGES.gz,tar.gz
cran:zoom@2.0.6,r,cran,zoom,2.0.6,https://cran.r-project.org/src/contrib/zoom_2.0.6.tar.gz,CRAN PACKAGES.gz,tar.gz
cran:zyp@0.11-1,r,cran,zyp,0.11-1,https://cran.r-project.org/src/contrib/zyp_0.11-1.tar.gz,CRAN PACKAGES.gz,tar.gz
