feature,abi_calling_convention,allocation,array_list,array_type,assignment,atomic,attribute_annotation,await,binary_op,break,bytecode_vm,call,capture,cast_conversion,channel,class,closure_lambda,code_generation,compile_time_eval,comprehension,constant,continue,defer_cleanup,dynamic_dispatch,enum,exception_try,ffi,filesystem,for,foreach_iteration,function,function_type,gc,generic,generic_constraint,global_state,goto_label,identifier,if,import,index,interface_trait,io,ir,layout_alignment,lifetime,literal_boolean,literal_null,literal_numeric,literal_string,lock_mutex,macro,manual_memory,map_dict,map_type,member_access,memory_model,module,mutation,name_resolution,network,optimizer,optional_nullable,overload_resolution,ownership,parameter,pattern,pointer,primitive_bool,primitive_float,primitive_integer,primitive_string,random,reference,reflection,return,scope,set,shadowing,slice,struct,subtyping,switch_match,symbol_table,task_async,thread,throw_raise,time,tuple,tuple_type,type_inference,unary_op,union_sum,unsafe,variable,visibility,while,yield,kotlin.nullable_type,kotlin.null_safety_flow,kotlin.safe_call,kotlin.elvis_operator,kotlin.non_null_assertion,kotlin.smart_cast,kotlin.platform_flexible_type,kotlin.definitely_non_null_type,kotlin.intersection_type,kotlin.captured_type,kotlin.type_alias,kotlin.variance_in_out,kotlin.star_projection,kotlin.generic_where_constraints,kotlin.type_inference_constraint_system,kotlin.builder_inference,kotlin.reified_type_parameter,kotlin.function_type,kotlin.receiver_function_type,kotlin.suspend_function_type,kotlin.unit_type,kotlin.nothing_type,kotlin.unsigned_integer_types,kotlin.value_class,kotlin.data_class,kotlin.sealed_class_interface,kotlin.enum_entry_semantics,kotlin.object_singleton,kotlin.companion_object,kotlin.extension_function_property,kotlin.delegated_property,kotlin.backing_field_accessor,kotlin.constructor_init_order,kotlin.internal_visibility,kotlin.annotation_use_site,kotlin.context_receivers_parameters,kotlin.operator_overloading,kotlin.infix_function,kotlin.named_arguments,kotlin.default_arguments,kotlin.vararg_spread,kotlin.trailing_lambda,kotlin.implicit_receiver_tower,kotlin.overload_resolution,kotlin.member_extension_resolution,kotlin.sam_conversion,kotlin.callable_reference,kotlin.reflection_kclass,kotlin.destructuring_component,kotlin.when_expression,kotlin.when_exhaustiveness,kotlin.range_progression_iteration,kotlin.labeled_control_flow,kotlin.nonlocal_return,kotlin.try_expression,kotlin.exception_throw_catch_finally,kotlin.inline_function,kotlin.crossinline_noinline,kotlin.contracts_dsl,kotlin.calls_in_place_effect,kotlin.returns_implies_effect,kotlin.suspend_resume,kotlin.continuation_state_machine,kotlin.coroutine_suspension_points,kotlin.suspend_lambda,kotlin.expect_actual,kotlin.jvm_boxing_unboxing,kotlin.java_nullability_enhancement,kotlin.jvm_signature_mangling,kotlin.js_dynamic_external,kotlin.native_c_objc_interop,kotlin.klib_metadata,kotlin.fir_semantic_resolution,kotlin.fir_data_flow,kotlin.fir_to_ir,kotlin.ir_semantics,kotlin.jvm_backend_lowering,kotlin.js_backend_lowering,kotlin.native_backend_lowering,kotlin.wasm_backend_lowering,kotlin.compiler_plugin_extension_points,kotlin.const_evaluation
abi_calling_convention,1.00000,0.00000,0.00000,0.00000,0.00000,0.00000,0.00000,0.00000,0.00000,0.00000,0.00000,0.32000,0.00000,0.00000,0.00000,0.00000,0.00000,0.00000,0.00000,0.00000,0.00000,0.00000,0.00000,0.32000,0.00000,0.00000,0.68000,0.00000,0.00000,0.00000,0.00000,0.00000,0.68000,0.00000,0.00000,0.00000,0.00000,0.00000,0.00000,0.00000,0.00000,0.00000,0.00000,0.00000,0.68000,0.00000,0.00000,0.00000,0.00000,0.00000,0.00000,0.00000,0.68000,0.00000,0.00000,0.32000,0.00000,0.00000,0.00000,0.32000,0.00000,0.00000,0.00000,0.00000,0.68000,0.32000,0.00000,0.00000,0.00000,0.00000,0.00000,0.00000,0.00000,0.00000,0.32000,0.00000,0.00000,0.00000,0.00000,0.00000,0.00000,0.00000,0.00000,0.00000,0.00000,0.00000,0.00000,0.00000,0.00000,0.00000,0.00000,0.00000,0.00000,0.68000,0.00000,0.00000,0.00000,0.00000,0.00000,0.00000,0.00000,0.00000,0.00000,0.00000,0.00000,0.00000,0.00000,0.00000,0.00000,0.00000,0.00000,0.00000,0.00000,0.00000,0.00000,0.00000,0.00000,0.00000,0.00000,0.00000,0.00000,0.08500,0.08500,0.08500,0.08500,0.08500,0.08500,0.08500,0.08500,0.08500,0.08500,0.08500,0.08500,0.08500,0.32000,0.32000,0.32000,0.32000,0.32000,0.32000,0.32000,0.32000,0.32000,0.32000,0.32000,0.32000,0.32000,0.00000,0.00000,0.00000,0.00000,0.00000,0.00000,0.00000,0.00000,0.00000,0.00000,0.00000,0.00000,0.00000,0.00000,0.00000,0.00000,0.08500,0.34000,0.08500,0.34000,0.08500,0.08500,0.08500,0.07556,0.07556,0.07556,0.07556,0.07556,0.07556,0.07556,0.07556,0.07556,0.00000
allocation,0.00000,1.00000,0.00000,0.00000,0.32000,0.00000,0.00000,0.00000,0.32000,0.00000,0.00000,0.00000,0.00000,0.32000,0.00000,0.00000,0.00000,0.00000,0.00000,0.32000,0.32000,0.00000,0.00000,0.68000,0.00000,0.00000,0.00000,1.00000,0.00000,0.00000,0.00000,0.00000,0.00000,0.00000,0.00000,1.00000,0.00000,0.00000,0.00000,0.00000,0.00000,0.00000,1.00000,0.00000,0.00000,0.00000,0.32000,0.00000,0.32000,0.32000,0.00000,0.00000,0.00000,0.00000,0.00000,0.00000,0.00000,0.00000,1.00000,0.00000,1.00000,0.00000,0.00000,0.00000,0.00000,0.00000,0.00000,0.00000,0.00000,0.00000,0.00000,0.00000,1.00000,0.00000,0.68000,0.00000,0.32000,0.00000,0.32000,0.00000,0.00000,0.00000,0.00000,0.32000,0.00000,0.00000,0.00000,1.00000,0.00000,0.00000,0.00000,0.32000,0.00000,0.00000,0.32000,0.00000,0.00000,0.00000,0.07556,0.07556,0.07556,0.07556,0.07556,0.07556,0.07556,0.07556,0.00000,0.00000,0.00000,0.00000,0.00000,0.00000,0.00000,0.00000,0.00000,0.00000,0.00000,0.00000,0.00000,0.00000,0.00000,0.00000,0.00000,0.00000,0.00000,0.00000,0.00000,0.00000,0.00000,0.00000,0.00000,0.00000,0.00000,0.00000,0.00000,0.00000,0.00000,0.00000,0.00000,0.00000,0.00000,0.00000,0.00000,0.00000,0.00000,0.00000,0.00000,0.00000,0.00000,0.00000,0.00000,0.00000,0.22667,0.22667,0.00000,0.00000,0.17000,0.17000,0.17000,0.07556,0.07556,0.07556,0.07556,0.00000,0.08500,0.00000,0.08500,0.00000,0.00000,0.00000,0.00000,0.00000,0.00000,0.00000,0.00000,0.00000,0.00000,0.00000,0.00000,0.17000
array_list,0.00000,0.00000,1.00000,0.00000,0.68000,0.00000,0.00000,0.68000,0.68000,0.11333,0.00000,0.68000,0.00000,0.68000,0.00000,0.00000,0.68000,0.00000,0.00000,0.68000,0.00000,0.11333,0.11333,0.00000,0.00000,0.11333,0.00000,0.00000,0.11333,0.11333,0.00000,0.00000,0.00000,0.00000,0.00000,0.00000,0.11333,0.68000,0.11333,0.00000,1.00000,0.00000,0.00000,0.00000,0.00000,0.00000,0.68000,0.68000,0.68000,0.68000,0.00000,0.00000,0.00000,1.00000,0.00000,0.68000,0.00000,0.00000,0.00000,0.00000,0.00000,0.00000,0.00000,0.00000,0.00000,0.00000,0.68000,0.00000,0.00000,0.00000,0.00000,0.00000,0.00000,0.00000,0.00000,0.11333,0.00000,1.00000,0.00000,1.00000,0.00000,0.00000,0.11333,0.00000,0.00000,0.00000,0.11333,0.00000,1.00000,0.00000,0.00000,0.68000,0.00000,0.00000,0.00000,0.00000,0.11333,0.68000,0.25500,0.25500,0.25500,0.25500,0.25500,0.25500,0.25500,0.25500,0.00000,0.00000,0.00000,0.00000,0.00000,0.00000,0.00000,0.00000,0.00000,0.00000,0.00000,0.00000,0.00000,0.00000,0.00000,0.07556,0.07556,0.07556,0.07556,0.07556,0.07556,0.07556,0.07556,0.07556,0.07556,0.07556,0.07556,0.07556,0.25500,0.25500,0.25500,0.25500,0.25500,0.25500,0.25500,0.25500,0.25500,0.25500,0.25500,0.25500,0.25500,0.29143,0.29143,0.66000,0.29143,0.25500,0.08500,0.08500,0.25500,0.25500,0.06800,0.06800,0.06800,0.15111,0.15111,0.15111,0.15111,0.00000,0.00000,0.00000,0.00000,0.00000,0.00000,0.00000,0.15111,0.15111,0.15111,0.15111,0.15111,0.15111,0.15111,0.15111,0.15111,0.06800
array_type,0.00000,0.00000,0.00000,1.00000,0.00000,0.00000,0.13600,0.00000,0.00000,0.00000,0.00000,0.00000,0.00000,0.00000,0.00000,0.13600,0.00000,0.00000,0.00000,0.00000,0.13600,0.00000,0.00000,0.00000,0.13600,0.00000,0.00000,0.00000,0.00000,0.00000,0.13600,1.00000,0.00000,0.45600,1.00000,0.00000,0.00000,0.00000,0.00000,0.13600,0.00000,0.13600,0.00000,0.00000,0.00000,0.00000,0.00000,0.00000,0.00000,0.00000,0.00000,0.00000,0.00000,0.00000,1.00000,0.00000,0.00000,0.13600,0.00000,0.00000,0.00000,0.00000,0.68000,1.00000,0.00000,0.13600,0.00000,1.00000,1.00000,1.00000,1.00000,1.00000,0.00000,1.00000,0.00000,0.00000,0.00000,0.00000,0.00000,0.00000,0.13600,1.00000,0.00000,0.00000,0.00000,0.00000,0.00000,0.00000,0.00000,1.00000,1.00000,0.00000,1.00000,0.00000,0.13600,0.13600,0.00000,0.00000,0.17000,0.17000,0.17000,0.17000,0.17000,0.17000,0.17000,0.17000,0.66000,0.66000,0.66000,0.66000,0.66000,0.66000,0.66000,0.66000,0.66000,0.66000,0.66000,0.66000,0.66000,0.66000,0.66000,0.08500,0.08500,0.08500,0.08500,0.08500,0.08500,0.08500,0.08500,0.08500,0.08500,0.08500,0.08500,0.08500,0.17000,0.17000,0.17000,0.17000,0.17000,0.17000,0.17000,0.17000,0.17000,0.17000,0.17000,0.17000,0.17000,0.08500,0.08500,0.09714,0.08500,0.00000,0.00000,0.00000,0.00000,0.00000,0.07556,0.07556,0.07556,0.00000,0.00000,0.00000,0.00000,0.08500,0.19429,0.08500,0.19429,0.08500,0.08500,0.08500,0.00000,0.00000,0.00000,0.00000,0.00000,0.00000,0.00000,0.00000,0.00000,0.07556
assignment,0.00000,0.32000,0.68000,0.00000,1.00000,0.00000,0.00000,0.68000,1.00000,0.11333,0.00000,0.68000,0.00000,1.00000,0.00000,0.00000,0.68000,0.00000,0.00000,1.00000,0.32000,0.11333,0.11333,0.00000,0.00000,0.11333,0.00000,0.32000,0.11333,0.11333,0.00000,0.00000,0.00000,0.00000,0.00000,0.32000,0.11333,0.68000,0.11333,0.00000,0.68000,0.00000,0.32000,0.00000,0.00000,0.00000,1.00000,0.68000,1.00000,1.00000,0.00000,0.00000,0.00000,0.68000,0.00000,0.68000,0.00000,0.00000,0.32000,0.00000,0.32000,0.00000,0.00000,0.00000,0.00000,0.00000,0.68000,0.00000,0.00000,0.00000,0.00000,0.00000,0.32000,0.00000,0.00000,0.11333,0.32000,0.68000,0.32000,0.68000,0.00000,0.00000,0.11333,0.32000,0.00000,0.00000,0.11333,0.32000,0.68000,0.00000,0.00000,1.00000,0.00000,0.00000,0.32000,0.00000,0.11333,0.68000,0.25500,0.25500,0.25500,0.25500,0.25500,0.25500,0.25500,0.25500,0.00000,0.00000,0.00000,0.00000,0.00000,0.00000,0.00000,0.00000,0.00000,0.00000,0.00000,0.00000,0.00000,0.00000,0.00000,0.07556,0.07556,0.07556,0.07556,0.07556,0.07556,0.07556,0.07556,0.07556,0.07556,0.07556,0.07556,0.07556,0.25500,0.25500,0.25500,0.25500,0.25500,0.25500,0.25500,0.25500,0.25500,0.25500,0.25500,0.25500,0.25500,0.29143,0.29143,0.34000,0.29143,0.25500,0.08500,0.08500,0.25500,0.25500,0.06800,0.06800,0.06800,0.15111,0.15111,0.15111,0.15111,0.00000,0.00000,0.00000,0.00000,0.00000,0.00000,0.00000,0.15111,0.15111,0.15111,0.15111,0.15111,0.15111,0.15111,0.15111,0.15111,0.06800
atomic,0.00000,0.00000,0.00000,0.00000,0.00000,1.00000,0.00000,0.32000,0.00000,0.00000,0.00000,0.00000,0.00000,0.00000,1.00000,0.00000,0.00000,0.00000,0.00000,0.00000,0.00000,0.00000,0.00000,0.00000,0.00000,0.00000,0.00000,0.00000,0.00000,0.00000,0.00000,0.00000,0.00000,0.00000,0.00000,0.00000,0.00000,0.00000,0.00000,0.00000,0.00000,0.00000,0.00000,0.00000,0.00000,0.00000,0.00000,0.00000,0.00000,0.00000,1.00000,0.00000,0.00000,0.00000,0.00000,0.00000,1.00000,0.00000,0.00000,0.00000,0.00000,0.00000,0.00000,0.00000,0.00000,0.00000,0.00000,0.00000,0.00000,0.00000,0.00000,0.00000,0.00000,0.00000,0.00000,0.00000,0.00000,0.00000,0.00000,0.00000,0.00000,0.00000,0.00000,0.00000,1.00000,1.00000,0.00000,0.00000,0.00000,0.00000,0.00000,0.00000,0.00000,0.00000,0.00000,0.00000,0.00000,0.00000,0.00000,0.00000,0.00000,0.00000,0.00000,0.00000,0.00000,0.00000,0.00000,0.00000,0.00000,0.00000,0.00000,0.00000,0.00000,0.00000,0.00000,0.00000,0.00000,0.00000,0.00000,0.00000,0.00000,0.00000,0.00000,0.00000,0.00000,0.00000,0.00000,0.00000,0.00000,0.00000,0.00000,0.00000,0.00000,0.00000,0.00000,0.00000,0.00000,0.00000,0.00000,0.00000,0.00000,0.00000,0.00000,0.00000,0.00000,0.00000,0.00000,0.00000,0.00000,0.00000,0.00000,0.00000,0.00000,0.00000,0.00000,0.00000,0.00000,0.00000,0.00000,0.49000,0.49000,0.49000,0.49000,0.00000,0.00000,0.00000,0.00000,0.00000,0.00000,0.00000,0.00000,0.00000,0.00000,0.00000,0.00000,0.00000,0.00000,0.00000,0.00000,0.00000
attribute_annotation,0.00000,0.00000,0.00000,0.13600,0.00000,0.00000,1.00000,0.00000,0.00000,0.00000,0.00000,0.00000,0.13600,0.00000,0.00000,1.00000,0.00000,0.00000,0.00000,0.00000,0.68000,0.00000,0.00000,0.00000,1.00000,0.00000,0.00000,0.00000,0.00000,0.00000,0.68000,0.13600,0.00000,0.68000,0.13600,0.00000,0.00000,0.00000,0.00000,1.00000,0.00000,1.00000,0.00000,0.00000,0.00000,0.13600,0.00000,0.00000,0.00000,0.00000,0.00000,0.00000,0.00000,0.00000,0.13600,0.00000,0.00000,1.00000,0.00000,0.13600,0.00000,0.00000,0.13600,0.13600,0.00000,0.68000,0.00000,0.13600,0.13600,0.13600,0.13600,0.13600,0.00000,0.13600,0.00000,0.00000,0.13600,0.00000,0.13600,0.00000,1.00000,0.13600,0.00000,0.13600,0.00000,0.00000,0.00000,0.00000,0.00000,0.13600,0.13600,0.00000,0.13600,0.00000,0.68000,1.00000,0.00000,0.00000,0.07556,0.07556,0.07556,0.07556,0.07556,0.07556,0.07556,0.07556,0.19429,0.19429,0.19429,0.19429,0.19429,0.19429,0.19429,0.19429,0.19429,0.19429,0.19429,0.19429,0.19429,0.19429,0.19429,0.66000,0.66000,0.66000,0.66000,0.66000,0.66000,0.66000,0.66000,0.66000,0.66000,0.66000,0.66000,0.66000,0.17000,0.17000,0.17000,0.17000,0.17000,0.17000,0.17000,0.17000,0.17000,0.17000,0.17000,0.17000,0.17000,0.08500,0.08500,0.09714,0.08500,0.17000,0.00000,0.00000,0.17000,0.17000,0.17000,0.17000,0.17000,0.00000,0.00000,0.00000,0.00000,0.19429,0.08500,0.19429,0.08500,0.19429,0.19429,0.19429,0.00000,0.00000,0.00000,0.00000,0.00000,0.00000,0.00000,0.00000,0.00000,0.17000
await,0.00000,0.00000,0.68000,0.00000,0.68000,0.32000,0.00000,1.00000,0.68000,0.11333,0.00000,0.68000,0.00000,0.68000,0.32000,0.00000,0.68000,0.00000,0.00000,0.68000,0.00000,0.11333,0.11333,0.00000,0.00000,0.11333,0.00000,0.00000,0.11333,0.11333,0.00000,0.00000,0.00000,0.00000,0.00000,0.00000,0.11333,0.68000,0.11333,0.00000,0.68000,0.00000,0.00000,0.00000,0.00000,0.00000,0.68000,0.68000,0.68000,0.68000,0.32000,0.00000,0.00000,0.68000,0.00000,0.68000,0.32000,0.00000,0.00000,0.00000,0.00000,0.00000,0.00000,0.00000,0.00000,0.00000,0.68000,0.00000,0.00000,0.00000,0.00000,0.00000,0.00000,0.00000,0.00000,0.11333,0.00000,0.68000,0.00000,0.68000,0.00000,0.00000,0.11333,0.00000,0.32000,0.32000,0.11333,0.00000,0.68000,0.00000,0.00000,0.68000,0.00000,0.00000,0.00000,0.00000,0.11333,0.68000,0.25500,0.25500,0.25500,0.25500,0.25500,0.25500,0.25500,0.25500,0.00000,0.00000,0.00000,0.00000,0.00000,0.00000,0.00000,0.00000,0.00000,0.00000,0.00000,0.00000,0.00000,0.00000,0.00000,0.07556,0.07556,0.07556,0.07556,0.07556,0.07556,0.07556,0.07556,0.07556,0.07556,0.07556,0.07556,0.07556,0.25500,0.25500,0.25500,0.25500,0.25500,0.25500,0.25500,0.25500,0.25500,0.25500,0.25500,0.25500,0.25500,0.29143,0.29143,0.34000,0.29143,0.25500,0.08500,0.08500,0.25500,0.25500,0.06800,0.06800,0.06800,0.47111,0.47111,0.47111,0.47111,0.00000,0.00000,0.00000,0.00000,0.00000,0.00000,0.00000,0.15111,0.15111,0.15111,0.15111,0.15111,0.15111,0.15111,0.15111,0.15111,0.06800
binary_op,0.00000,0.32000,0.68000,0.00000,1.00000,0.00000,0.00000,0.68000,1.00000,0.11333,0.00000,0.68000,0.00000,1.00000,0.00000,0.00000,0.68000,0.00000,0.00000,1.00000,0.32000,0.11333,0.11333,0.00000,0.00000,0.11333,0.00000,0.32000,0.11333,0.11333,0.00000,0.00000,0.00000,0.00000,0.00000,0.32000,0.11333,0.68000,0.11333,0.00000,0.68000,0.00000,0.32000,0.00000,0.00000,0.00000,1.00000,0.68000,1.00000,1.00000,0.00000,0.00000,0.00000,0.68000,0.00000,0.68000,0.00000,0.00000,0.32000,0.00000,0.32000,0.00000,0.00000,0.00000,0.00000,0.00000,0.68000,0.00000,0.00000,0.00000,0.00000,0.00000,0.32000,0.00000,0.00000,0.11333,0.32000,0.68000,0.32000,0.68000,0.00000,0.00000,0.11333,0.32000,0.00000,0.00000,0.11333,0.32000,0.68000,0.00000,0.00000,1.00000,0.00000,0.00000,0.32000,0.00000,0.11333,0.68000,0.25500,0.25500,0.25500,0.25500,0.25500,0.25500,0.25500,0.25500,0.00000,0.00000,0.00000,0.00000,0.00000,0.00000,0.00000,0.00000,0.00000,0.00000,0.00000,0.00000,0.00000,0.00000,0.00000,0.07556,0.07556,0.07556,0.07556,0.07556,0.07556,0.07556,0.07556,0.07556,0.07556,0.07556,0.07556,0.07556,0.25500,0.25500,0.25500,0.25500,0.25500,0.25500,0.25500,0.25500,0.25500,0.25500,0.25500,0.25500,0.25500,0.29143,0.29143,0.34000,0.29143,0.25500,0.08500,0.08500,0.25500,0.25500,0.06800,0.06800,0.06800,0.15111,0.15111,0.15111,0.15111,0.00000,0.00000,0.00000,0.00000,0.00000,0.00000,0.00000,0.15111,0.15111,0.15111,0.15111,0.15111,0.15111,0.15111,0.15111,0.15111,0.06800
break,0.00000,0.00000,0.11333,0.00000,0.11333,0.00000,0.00000,0.11333,0.11333,1.00000,0.00000,0.11333,0.00000,0.11333,0.00000,0.00000,0.11333,0.00000,0.00000,0.11333,0.00000,1.00000,0.68000,0.00000,0.00000,0.68000,0.00000,0.00000,1.00000,1.00000,0.00000,0.00000,0.00000,0.00000,0.00000,0.00000,1.00000,0.43333,1.00000,0.00000,0.11333,0.00000,0.00000,0.00000,0.00000,0.32000,0.11333,0.11333,0.11333,0.11333,0.00000,0.00000,0.00000,0.11333,0.00000,0.11333,0.00000,0.00000,0.00000,0.00000,0.00000,0.00000,0.00000,0.00000,0.00000,0.00000,0.43333,0.00000,0.00000,0.00000,0.00000,0.00000,0.00000,0.00000,0.00000,1.00000,0.00000,0.11333,0.00000,0.11333,0.00000,0.00000,1.00000,0.00000,0.00000,0.00000,0.68000,0.00000,0.11333,0.00000,0.00000,0.11333,0.00000,0.00000,0.00000,0.00000,1.00000,0.43333,0.17000,0.17000,0.17000,0.17000,0.17000,0.17000,0.17000,0.17000,0.00000,0.00000,0.00000,0.00000,0.00000,0.00000,0.00000,0.00000,0.00000,0.00000,0.00000,0.00000,0.00000,0.00000,0.00000,0.00000,0.00000,0.00000,0.00000,0.00000,0.00000,0.00000,0.00000,0.00000,0.00000,0.00000,0.00000,0.00000,0.07556,0.07556,0.07556,0.07556,0.07556,0.07556,0.07556,0.07556,0.07556,0.07556,0.07556,0.07556,0.07556,0.66000,0.66000,0.22667,0.66000,0.07556,0.40800,0.40800,0.07556,0.07556,0.07556,0.07556,0.07556,0.17000,0.17000,0.17000,0.17000,0.00000,0.00000,0.00000,0.00000,0.00000,0.00000,0.00000,0.07556,0.07556,0.07556,0.07556,0.07556,0.07556,0.07556,0.07556,0.07556,0.07556
bytecode_vm,0.00000,0.00000,0.00000,0.00000,0.00000,0.00000,0.00000,0.00000,0.00000,0.00000,1.00000,0.00000,0.00000,0.00000,0.00000,0.00000,0.00000,1.00000,1.00000,0.00000,0.00000,0.00000,0.00000,0.00000,0.00000,0.00000,0.00000,0.00000,0.00000,0.00000,0.00000,0.00000,0.00000,0.00000,0.00000,0.00000,0.00000,0.00000,0.00000,0.00000,0.00000,0.00000,0.00000,1.00000,0.00000,0.00000,0.00000,0.00000,0.00000,0.00000,0.00000,1.00000,0.00000,0.00000,0.00000,0.00000,0.00000,0.00000,0.00000,0.00000,0.00000,1.00000,0.00000,0.00000,0.00000,0.00000,0.00000,0.00000,0.00000,0.00000,0.00000,0.00000,0.00000,0.00000,0.00000,0.00000,0.00000,0.00000,0.00000,0.00000,0.00000,0.00000,0.00000,0.00000,0.00000,0.00000,0.00000,0.00000,0.00000,0.00000,0.00000,0.00000,0.00000,0.00000,0.00000,0.00000,0.00000,0.00000,0.00000,0.00000,0.00000,0.00000,0.00000,0.00000,0.00000,0.00000,0.08500,0.08500,0.08500,0.08500,0.08500,0.08500,0.08500,0.08500,0.08500,0.08500,0.08500,0.08500,0.08500,0.08500,0.08500,0.00000,0.00000,0.00000,0.00000,0.00000,0.00000,0.00000,0.00000,0.00000,0.00000,0.00000,0.00000,0.00000,0.00000,0.00000,0.00000,0.00000,0.00000,0.00000,0.00000,0.00000,0.00000,0.00000,0.00000,0.00000,0.00000,0.00000,0.00000,0.00000,0.00000,0.07556,0.00000,0.00000,0.07556,0.07556,0.39556,0.39556,0.39556,0.07556,0.07556,0.07556,0.07556,0.34000,0.00000,0.34000,0.00000,0.34000,0.34000,0.34000,0.29143,0.29143,0.29143,0.29143,0.29143,0.29143,0.29143,0.29143,0.29143,0.39556
call,0.32000,0.00000,0.68000,0.00000,0.68000,0.00000,0.00000,0.68000,0.68000,0.11333,0.00000,1.00000,0.00000,0.68000,0.00000,0.00000,0.68000,0.00000,0.00000,0.68000,0.00000,0.11333,0.11333,0.32000,0.00000,0.11333,0.00000,0.00000,0.11333,0.11333,0.00000,0.00000,0.00000,0.00000,0.00000,0.00000,0.11333,0.68000,0.11333,0.00000,0.68000,0.00000,0.00000,0.00000,0.00000,0.00000,0.68000,0.68000,0.68000,0.68000,0.00000,0.00000,0.00000,0.68000,0.00000,1.00000,0.00000,0.00000,0.00000,0.32000,0.00000,0.00000,0.00000,0.00000,0.00000,0.32000,0.68000,0.00000,0.00000,0.00000,0.00000,0.00000,0.00000,0.00000,0.32000,0.11333,0.00000,0.68000,0.00000,0.68000,0.00000,0.00000,0.11333,0.00000,0.00000,0.00000,0.11333,0.00000,0.68000,0.00000,0.00000,0.68000,0.00000,0.00000,0.00000,0.00000,0.11333,0.68000,0.25500,0.25500,0.25500,0.25500,0.25500,0.25500,0.25500,0.25500,0.00000,0.00000,0.00000,0.00000,0.00000,0.00000,0.00000,0.00000,0.00000,0.00000,0.00000,0.00000,0.00000,0.00000,0.00000,0.07556,0.07556,0.07556,0.07556,0.07556,0.07556,0.07556,0.07556,0.07556,0.07556,0.07556,0.07556,0.07556,0.57500,0.57500,0.57500,0.57500,0.57500,0.57500,0.57500,0.57500,0.57500,0.57500,0.57500,0.57500,0.57500,0.29143,0.29143,0.34000,0.29143,0.25500,0.08500,0.08500,0.25500,0.25500,0.06800,0.06800,0.06800,0.15111,0.15111,0.15111,0.15111,0.00000,0.00000,0.00000,0.00000,0.00000,0.00000,0.00000,0.15111,0.15111,0.15111,0.15111,0.15111,0.15111,0.15111,0.15111,0.15111,0.06800
capture,0.00000,0.00000,0.00000,0.00000,0.00000,0.00000,0.13600,0.00000,0.00000,0.00000,0.00000,0.00000,1.00000,0.00000,0.00000,0.13600,0.32000,0.00000,0.00000,0.00000,0.13600,0.00000,0.00000,0.00000,0.13600,0.00000,0.00000,0.00000,0.00000,0.00000,0.45600,0.00000,0.00000,0.13600,0.00000,0.00000,0.00000,0.00000,0.00000,0.13600,0.00000,0.13600,0.00000,0.00000,0.00000,0.68000,0.00000,0.00000,0.00000,0.00000,0.00000,0.00000,0.00000,0.00000,0.00000,0.00000,0.00000,0.13600,0.00000,0.68000,0.00000,0.00000,0.00000,0.00000,0.00000,0.13600,0.00000,0.00000,0.00000,0.00000,0.00000,0.00000,0.00000,0.00000,0.00000,0.00000,0.68000,0.00000,0.68000,0.00000,0.13600,0.00000,0.00000,0.68000,0.00000,0.00000,0.00000,0.00000,0.00000,0.00000,0.00000,0.00000,0.00000,0.00000,0.13600,0.13600,0.00000,0.00000,0.00000,0.00000,0.00000,0.00000,0.00000,0.00000,0.00000,0.00000,0.19429,0.19429,0.19429,0.19429,0.19429,0.19429,0.19429,0.19429,0.19429,0.19429,0.19429,0.19429,0.19429,0.19429,0.19429,0.19429,0.19429,0.19429,0.19429,0.19429,0.19429,0.19429,0.19429,0.19429,0.19429,0.19429,0.19429,0.19429,0.17000,0.17000,0.17000,0.17000,0.17000,0.17000,0.17000,0.17000,0.17000,0.17000,0.17000,0.17000,0.17000,0.00000,0.00000,0.00000,0.00000,0.49000,0.00000,0.00000,0.49000,0.49000,0.07556,0.07556,0.07556,0.00000,0.00000,0.00000,0.00000,0.08500,0.00000,0.08500,0.00000,0.08500,0.08500,0.08500,0.00000,0.00000,0.00000,0.00000,0.00000,0.00000,0.00000,0.00000,0.00000,0.07556
cast_conversion,0.00000,0.32000,0.68000,0.00000,1.00000,0.00000,0.00000,0.68000,1.00000,0.11333,0.00000,0.68000,0.00000,1.00000,0.00000,0.00000,0.68000,0.00000,0.00000,1.00000,0.32000,0.11333,0.11333,0.00000,0.00000,0.11333,0.00000,0.32000,0.11333,0.11333,0.00000,0.00000,0.00000,0.00000,0.00000,0.32000,0.11333,0.68000,0.11333,0.00000,0.68000,0.00000,0.32000,0.00000,0.00000,0.00000,1.00000,0.68000,1.00000,1.00000,0.00000,0.00000,0.00000,0.68000,0.00000,0.68000,0.00000,0.00000,0.32000,0.00000,0.32000,0.00000,0.00000,0.00000,0.00000,0.00000,0.68000,0.00000,0.00000,0.00000,0.00000,0.00000,0.32000,0.00000,0.00000,0.11333,0.32000,0.68000,0.32000,0.68000,0.00000,0.00000,0.11333,0.32000,0.00000,0.00000,0.11333,0.32000,0.68000,0.00000,0.00000,1.00000,0.00000,0.00000,0.32000,0.00000,0.11333,0.68000,0.25500,0.25500,0.25500,0.25500,0.25500,0.25500,0.25500,0.25500,0.00000,0.00000,0.00000,0.00000,0.00000,0.00000,0.00000,0.00000,0.00000,0.00000,0.00000,0.00000,0.00000,0.00000,0.00000,0.07556,0.07556,0.07556,0.07556,0.07556,0.07556,0.07556,0.07556,0.07556,0.07556,0.07556,0.07556,0.07556,0.25500,0.25500,0.25500,0.25500,0.25500,0.25500,0.25500,0.25500,0.25500,0.25500,0.25500,0.25500,0.25500,0.29143,0.29143,0.34000,0.29143,0.25500,0.08500,0.08500,0.25500,0.25500,0.06800,0.06800,0.06800,0.15111,0.15111,0.15111,0.15111,0.00000,0.00000,0.00000,0.00000,0.00000,0.00000,0.00000,0.15111,0.15111,0.15111,0.15111,0.15111,0.15111,0.15111,0.15111,0.15111,0.06800
channel,0.00000,0.00000,0.00000,0.00000,0.00000,1.00000,0.00000,0.32000,0.00000,0.00000,0.00000,0.00000,0.00000,0.00000,1.00000,0.00000,0.00000,0.00000,0.00000,0.00000,0.00000,0.00000,0.00000,0.00000,0.00000,0.00000,0.00000,0.00000,0.00000,0.00000,0.00000,0.00000,0.00000,0.00000,0.00000,0.00000,0.00000,0.00000,0.00000,0.00000,0.00000,0.00000,0.00000,0.00000,0.00000,0.00000,0.00000,0.00000,0.00000,0.00000,1.00000,0.00000,0.00000,0.00000,0.00000,0.00000,1.00000,0.00000,0.00000,0.00000,0.00000,0.00000,0.00000,0.00000,0.00000,0.00000,0.00000,0.00000,0.00000,0.00000,0.00000,0.00000,0.00000,0.00000,0.00000,0.00000,0.00000,0.00000,0.00000,0.00000,0.00000,0.00000,0.00000,0.00000,1.00000,1.00000,0.00000,0.00000,0.00000,0.00000,0.00000,0.00000,0.00000,0.00000,0.00000,0.00000,0.00000,0.00000,0.00000,0.00000,0.00000,0.00000,0.00000,0.00000,0.00000,0.00000,0.00000,0.00000,0.00000,0.00000,0.00000,0.00000,0.00000,0.00000,0.00000,0.00000,0.00000,0.00000,0.00000,0.00000,0.00000,0.00000,0.00000,0.00000,0.00000,0.00000,0.00000,0.00000,0.00000,0.00000,0.00000,0.00000,0.00000,0.00000,0.00000,0.00000,0.00000,0.00000,0.00000,0.00000,0.00000,0.00000,0.00000,0.00000,0.00000,0.00000,0.00000,0.00000,0.00000,0.00000,0.00000,0.00000,0.00000,0.00000,0.00000,0.00000,0.00000,0.00000,0.00000,0.49000,0.49000,0.49000,0.49000,0.00000,0.00000,0.00000,0.00000,0.00000,0.00000,0.00000,0.00000,0.00000,0.00000,0.00000,0.00000,0.00000,0.00000,0.00000,0.00000,0.00000
class,0.00000,0.00000,0.00000,0.13600,0.00000,0.00000,1.00000,0.00000,0.00000,0.00000,0.00000,0.00000,0.13600,0.00000,0.00000,1.00000,0.00000,0.00000,0.00000,0.00000,0.68000,0.00000,0.00000,0.00000,1.00000,0.00000,0.00000,0.00000,0.00000,0.00000,0.68000,0.13600,0.00000,0.68000,0.13600,0.00000,0.00000,0.00000,0.00000,1.00000,0.00000,1.00000,0.00000,0.00000,0.00000,0.13600,0.00000,0.00000,0.00000,0.00000,0.00000,0.00000,0.00000,0.00000,0.13600,0.00000,0.00000,1.00000,0.00000,0.13600,0.00000,0.00000,0.13600,0.13600,0.00000,0.68000,0.00000,0.13600,0.13600,0.13600,0.13600,0.13600,0.00000,0.13600,0.00000,0.00000,0.13600,0.00000,0.13600,0.00000,1.00000,0.13600,0.00000,0.13600,0.00000,0.00000,0.00000,0.00000,0.00000,0.13600,0.13600,0.00000,0.13600,0.00000,0.68000,1.00000,0.00000,0.00000,0.07556,0.07556,0.07556,0.07556,0.07556,0.07556,0.07556,0.07556,0.19429,0.19429,0.19429,0.19429,0.19429,0.19429,0.19429,0.19429,0.19429,0.19429,0.19429,0.19429,0.19429,0.19429,0.19429,0.66000,0.66000,0.66000,0.66000,0.66000,0.66000,0.66000,0.66000,0.66000,0.66000,0.66000,0.66000,0.66000,0.17000,0.17000,0.17000,0.17000,0.17000,0.17000,0.17000,0.17000,0.17000,0.17000,0.17000,0.17000,0.17000,0.08500,0.08500,0.09714,0.08500,0.17000,0.00000,0.00000,0.17000,0.17000,0.17000,0.17000,0.17000,0.00000,0.00000,0.00000,0.00000,0.19429,0.08500,0.19429,0.08500,0.19429,0.19429,0.19429,0.00000,0.00000,0.00000,0.00000,0.00000,0.00000,0.00000,0.00000,0.00000,0.17000
closure_lambda,0.00000,0.00000,0.68000,0.00000,0.68000,0.00000,0.00000,0.68000,0.68000,0.11333,0.00000,0.68000,0.32000,0.68000,0.00000,0.00000,1.00000,0.00000,0.00000,0.68000,0.00000,0.11333,0.11333,0.00000,0.00000,0.11333,0.00000,0.00000,0.11333,0.11333,0.32000,0.00000,0.00000,0.00000,0.00000,0.00000,0.11333,0.68000,0.11333,0.00000,0.68000,0.00000,0.00000,0.00000,0.00000,0.00000,0.68000,0.68000,0.68000,0.68000,0.00000,0.00000,0.00000,0.68000,0.00000,0.68000,0.00000,0.00000,0.00000,0.00000,0.00000,0.00000,0.00000,0.00000,0.00000,0.00000,0.68000,0.00000,0.00000,0.00000,0.00000,0.00000,0.00000,0.00000,0.00000,0.11333,0.00000,0.68000,0.00000,0.68000,0.00000,0.00000,0.11333,0.00000,0.00000,0.00000,0.11333,0.00000,0.68000,0.00000,0.00000,0.68000,0.00000,0.00000,0.00000,0.00000,0.11333,0.68000,0.25500,0.25500,0.25500,0.25500,0.25500,0.25500,0.25500,0.25500,0.00000,0.00000,0.00000,0.00000,0.00000,0.00000,0.00000,0.00000,0.00000,0.00000,0.00000,0.00000,0.00000,0.00000,0.00000,0.07556,0.07556,0.07556,0.07556,0.07556,0.07556,0.07556,0.07556,0.07556,0.07556,0.07556,0.07556,0.07556,0.25500,0.25500,0.25500,0.25500,0.25500,0.25500,0.25500,0.25500,0.25500,0.25500,0.25500,0.25500,0.25500,0.29143,0.29143,0.34000,0.29143,0.57500,0.08500,0.08500,0.57500,0.57500,0.06800,0.06800,0.06800,0.15111,0.15111,0.15111,0.15111,0.00000,0.00000,0.00000,0.00000,0.00000,0.00000,0.00000,0.15111,0.15111,0.15111,0.15111,0.15111,0.15111,0.15111,0.15111,0.15111,0.06800
code_generation,0.00000,0.00000,0.00000,0.00000,0.00000,0.00000,0.00000,0.00000,0.00000,0.00000,1.00000,0.00000,0.00000,0.00000,0.00000,0.00000,0.00000,1.00000,1.00000,0.00000,0.00000,0.00000,0.00000,0.00000,0.00000,0.00000,0.00000,0.00000,0.00000,0.00000,0.00000,0.00000,0.00000,0.00000,0.00000,0.00000,0.00000,0.00000,0.00000,0.00000,0.00000,0.00000,0.00000,1.00000,0.00000,0.00000,0.00000,0.00000,0.00000,0.00000,0.00000,1.00000,0.00000,0.00000,0.00000,0.00000,0.00000,0.00000,0.00000,0.00000,0.00000,1.00000,0.00000,0.00000,0.00000,0.00000,0.00000,0.00000,0.00000,0.00000,0.00000,0.00000,0.00000,0.00000,0.00000,0.00000,0.00000,0.00000,0.00000,0.00000,0.00000,0.00000,0.00000,0.00000,0.00000,0.00000,0.00000,0.00000,0.00000,0.00000,0.00000,0.00000,0.00000,0.00000,0.00000,0.00000,0.00000,0.00000,0.00000,0.00000,0.00000,0.00000,0.00000,0.00000,0.00000,0.00000,0.08500,0.08500,0.08500,0.08500,0.08500,0.08500,0.08500,0.08500,0.08500,0.08500,0.08500,0.08500,0.08500,0.08500,0.08500,0.00000,0.00000,0.00000,0.00000,0.00000,0.00000,0.00000,0.00000,0.00000,0.00000,0.00000,0.00000,0.00000,0.00000,0.00000,0.00000,0.00000,0.00000,0.00000,0.00000,0.00000,0.00000,0.00000,0.00000,0.00000,0.00000,0.00000,0.00000,0.00000,0.00000,0.07556,0.00000,0.00000,0.07556,0.07556,0.39556,0.39556,0.39556,0.07556,0.07556,0.07556,0.07556,0.34000,0.00000,0.34000,0.00000,0.34000,0.34000,0.34000,0.29143,0.29143,0.29143,0.29143,0.29143,0.29143,0.29143,0.29143,0.29143,0.39556
compile_time_eval,0.00000,0.00000,0.00000,0.00000,0.00000,0.00000,0.00000,0.00000,0.00000,0.00000,1.00000,0.00000,0.00000,0.00000,0.00000,0.00000,0.00000,1.00000,1.00000,0.00000,0.00000,0.00000,0.00000,0.00000,0.00000,0.00000,0.00000,0.00000,0.00000,0.00000,0.00000,0.00000,0.00000,0.00000,0.00000,0.00000,0.00000,0.00000,0.00000,0.00000,0.00000,0.00000,0.00000,1.00000,0.00000,0.00000,0.00000,0.00000,0.00000,0.00000,0.00000,1.00000,0.00000,0.00000,0.00000,0.00000,0.00000,0.00000,0.00000,0.00000,0.00000,1.00000,0.00000,0.00000,0.00000,0.00000,0.00000,0.00000,0.00000,0.00000,0.00000,0.00000,0.00000,0.00000,0.00000,0.00000,0.00000,0.00000,0.00000,0.00000,0.00000,0.00000,0.00000,0.00000,0.00000,0.00000,0.00000,0.00000,0.00000,0.00000,0.00000,0.00000,0.00000,0.00000,0.00000,0.00000,0.00000,0.00000,0.00000,0.00000,0.00000,0.00000,0.00000,0.00000,0.00000,0.00000,0.08500,0.08500,0.08500,0.08500,0.08500,0.08500,0.08500,0.08500,0.08500,0.08500,0.08500,0.08500,0.08500,0.08500,0.08500,0.00000,0.00000,0.00000,0.00000,0.00000,0.00000,0.00000,0.00000,0.00000,0.00000,0.00000,0.00000,0.00000,0.00000,0.00000,0.00000,0.00000,0.00000,0.00000,0.00000,0.00000,0.00000,0.00000,0.00000,0.00000,0.00000,0.00000,0.00000,0.00000,0.00000,0.07556,0.00000,0.00000,0.07556,0.07556,0.39556,0.39556,0.39556,0.07556,0.07556,0.07556,0.07556,0.34000,0.00000,0.34000,0.00000,0.34000,0.34000,0.34000,0.29143,0.29143,0.29143,0.29143,0.29143,0.29143,0.29143,0.29143,0.29143,0.39556
comprehension,0.00000,0.32000,0.68000,0.00000,1.00000,0.00000,0.00000,0.68000,1.00000,0.11333,0.00000,0.68000,0.00000,1.00000,0.00000,0.00000,0.68000,0.00000,0.00000,1.00000,0.32000,0.11333,0.11333,0.00000,0.00000,0.11333,0.00000,0.32000,0.11333,0.11333,0.00000,0.00000,0.00000,0.00000,0.00000,0.32000,0.11333,0.68000,0.11333,0.00000,0.68000,0.00000,0.32000,0.00000,0.00000,0.00000,1.00000,0.68000,1.00000,1.00000,0.00000,0.00000,0.00000,0.68000,0.00000,0.68000,0.00000,0.00000,0.32000,0.00000,0.32000,0.00000,0.00000,0.00000,0.00000,0.00000,0.68000,0.00000,0.00000,0.00000,0.00000,0.00000,0.32000,0.00000,0.00000,0.11333,0.32000,0.68000,0.32000,0.68000,0.00000,0.00000,0.11333,0.32000,0.00000,0.00000,0.11333,0.32000,0.68000,0.00000,0.00000,1.00000,0.00000,0.00000,0.32000,0.00000,0.11333,0.68000,0.25500,0.25500,0.25500,0.25500,0.25500,0.25500,0.25500,0.25500,0.00000,0.00000,0.00000,0.00000,0.00000,0.00000,0.00000,0.00000,0.00000,0.00000,0.00000,0.00000,0.00000,0.00000,0.00000,0.07556,0.07556,0.07556,0.07556,0.07556,0.07556,0.07556,0.07556,0.07556,0.07556,0.07556,0.07556,0.07556,0.25500,0.25500,0.25500,0.25500,0.25500,0.25500,0.25500,0.25500,0.25500,0.25500,0.25500,0.25500,0.25500,0.29143,0.29143,0.34000,0.29143,0.25500,0.08500,0.08500,0.25500,0.25500,0.06800,0.06800,0.06800,0.15111,0.15111,0.15111,0.15111,0.00000,0.00000,0.00000,0.00000,0.00000,0.00000,0.00000,0.15111,0.15111,0.15111,0.15111,0.15111,0.15111,0.15111,0.15111,0.15111,0.06800
constant,0.00000,0.32000,0.00000,0.13600,0.32000,0.00000,0.68000,0.00000,0.32000,0.00000,0.00000,0.00000,0.13600,0.32000,0.00000,0.68000,0.00000,0.00000,0.00000,0.32000,1.00000,0.00000,0.00000,0.00000,0.68000,0.00000,0.00000,0.32000,0.00000,0.00000,0.68000,0.13600,0.00000,0.68000,0.13600,0.32000,0.00000,0.00000,0.00000,0.68000,0.00000,0.68000,0.32000,0.00000,0.00000,0.13600,0.32000,0.00000,0.32000,0.32000,0.00000,0.00000,0.00000,0.00000,0.13600,0.00000,0.00000,0.68000,0.32000,0.13600,0.32000,0.00000,0.13600,0.13600,0.00000,0.68000,0.00000,0.13600,0.13600,0.13600,0.13600,0.13600,0.32000,0.13600,0.00000,0.00000,0.45600,0.00000,0.45600,0.00000,0.68000,0.13600,0.00000,0.45600,0.00000,0.00000,0.00000,0.32000,0.00000,0.13600,0.13600,0.32000,0.13600,0.00000,1.00000,0.68000,0.00000,0.00000,0.07556,0.07556,0.07556,0.07556,0.07556,0.07556,0.07556,0.07556,0.19429,0.19429,0.19429,0.19429,0.19429,0.19429,0.19429,0.19429,0.19429,0.19429,0.19429,0.19429,0.19429,0.19429,0.19429,0.34000,0.34000,0.34000,0.34000,0.34000,0.34000,0.34000,0.34000,0.34000,0.34000,0.34000,0.34000,0.34000,0.17000,0.17000,0.17000,0.17000,0.17000,0.17000,0.17000,0.17000,0.17000,0.17000,0.17000,0.17000,0.17000,0.08500,0.08500,0.09714,0.08500,0.17000,0.00000,0.00000,0.17000,0.17000,0.17000,0.17000,0.17000,0.00000,0.00000,0.00000,0.00000,0.19429,0.08500,0.19429,0.08500,0.19429,0.19429,0.19429,0.00000,0.00000,0.00000,0.00000,0.00000,0.00000,0.00000,0.00000,0.00000,0.17000
continue,0.00000,0.00000,0.11333,0.00000,0.11333,0.00000,0.00000,0.11333,0.11333,1.00000,0.00000,0.11333,0.00000,0.11333,0.00000,0.00000,0.11333,0.00000,0.00000,0.11333,0.00000,1.00000,0.68000,0.00000,0.00000,0.68000,0.00000,0.00000,1.00000,1.00000,0.00000,0.00000,0.00000,0.00000,0.00000,0.00000,1.00000,0.43333,1.00000,0.00000,0.11333,0.00000,0.00000,0.00000,0.00000,0.32000,0.11333,0.11333,0.11333,0.11333,0.00000,0.00000,0.00000,0.11333,0.00000,0.11333,0.00000,0.00000,0.00000,0.00000,0.00000,0.00000,0.00000,0.00000,0.00000,0.00000,0.43333,0.00000,0.00000,0.00000,0.00000,0.00000,0.00000,0.00000,0.00000,1.00000,0.00000,0.11333,0.00000,0.11333,0.00000,0.00000,1.00000,0.00000,0.00000,0.00000,0.68000,0.00000,0.11333,0.00000,0.00000,0.11333,0.00000,0.00000,0.00000,0.00000,1.00000,0.43333,0.17000,0.17000,0.17000,0.17000,0.17000,0.17000,0.17000,0.17000,0.00000,0.00000,0.00000,0.00000,0.00000,0.00000,0.00000,0.00000,0.00000,0.00000,0.00000,0.00000,0.00000,0.00000,0.00000,0.00000,0.00000,0.00000,0.00000,0.00000,0.00000,0.00000,0.00000,0.00000,0.00000,0.00000,0.00000,0.00000,0.07556,0.07556,0.07556,0.07556,0.07556,0.07556,0.07556,0.07556,0.07556,0.07556,0.07556,0.07556,0.07556,0.66000,0.66000,0.22667,0.66000,0.07556,0.40800,0.40800,0.07556,0.07556,0.07556,0.07556,0.07556,0.17000,0.17000,0.17000,0.17000,0.00000,0.00000,0.00000,0.00000,0.00000,0.00000,0.00000,0.07556,0.07556,0.07556,0.07556,0.07556,0.07556,0.07556,0.07556,0.07556,0.07556
defer_cleanup,0.00000,0.00000,0.11333,0.00000,0.11333,0.00000,0.00000,0.11333,0.11333,0.68000,0.00000,0.11333,0.00000,0.11333,0.00000,0.00000,0.11333,0.00000,0.00000,0.11333,0.00000,0.68000,1.00000,0.00000,0.00000,1.00000,0.00000,0.00000,0.68000,0.68000,0.00000,0.00000,0.00000,0.00000,0.00000,0.00000,0.68000,0.11333,0.68000,0.00000,0.11333,0.00000,0.00000,0.00000,0.00000,0.00000,0.11333,0.11333,0.11333,0.11333,0.00000,0.00000,0.00000,0.11333,0.00000,0.11333,0.00000,0.00000,0.00000,0.00000,0.00000,0.00000,0.00000,0.00000,0.00000,0.00000,0.11333,0.00000,0.00000,0.00000,0.00000,0.00000,0.00000,0.00000,0.00000,0.68000,0.00000,0.11333,0.00000,0.11333,0.00000,0.00000,0.68000,0.00000,0.00000,0.00000,1.00000,0.00000,0.11333,0.00000,0.00000,0.11333,0.00000,0.00000,0.00000,0.00000,0.68000,0.11333,0.17000,0.17000,0.17000,0.17000,0.17000,0.17000,0.17000,0.17000,0.00000,0.00000,0.00000,0.00000,0.00000,0.00000,0.00000,0.00000,0.00000,0.00000,0.00000,0.00000,0.00000,0.00000,0.00000,0.00000,0.00000,0.00000,0.00000,0.00000,0.00000,0.00000,0.00000,0.00000,0.00000,0.00000,0.00000,0.00000,0.07556,0.07556,0.07556,0.07556,0.07556,0.07556,0.07556,0.07556,0.07556,0.07556,0.07556,0.07556,0.07556,0.34000,0.34000,0.22667,0.34000,0.07556,0.72800,0.72800,0.07556,0.07556,0.07556,0.07556,0.07556,0.17000,0.17000,0.17000,0.17000,0.00000,0.00000,0.00000,0.00000,0.00000,0.00000,0.00000,0.07556,0.07556,0.07556,0.07556,0.07556,0.07556,0.07556,0.07556,0.07556,0.07556
dynamic_dispatch,0.32000,0.68000,0.00000,0.00000,0.00000,0.00000,0.00000,0.00000,0.00000,0.00000,0.00000,0.32000,0.00000,0.00000,0.00000,0.00000,0.00000,0.00000,0.00000,0.00000,0.00000,0.00000,0.00000,1.00000,0.00000,0.00000,0.00000,0.68000,0.00000,0.00000,0.00000,0.00000,0.00000,0.00000,0.00000,0.68000,0.00000,0.00000,0.00000,0.00000,0.00000,0.00000,0.68000,0.00000,0.00000,0.00000,0.00000,0.00000,0.00000,0.00000,0.00000,0.00000,0.00000,0.00000,0.00000,0.32000,0.00000,0.00000,0.68000,0.32000,0.68000,0.00000,0.00000,0.00000,0.00000,0.32000,0.00000,0.00000,0.00000,0.00000,0.00000,0.00000,0.68000,0.00000,1.00000,0.00000,0.00000,0.00000,0.00000,0.00000,0.00000,0.00000,0.00000,0.00000,0.00000,0.00000,0.00000,0.68000,0.00000,0.00000,0.00000,0.00000,0.00000,0.00000,0.00000,0.00000,0.00000,0.00000,0.07556,0.07556,0.07556,0.07556,0.07556,0.07556,0.07556,0.07556,0.00000,0.00000,0.00000,0.00000,0.00000,0.00000,0.00000,0.00000,0.00000,0.00000,0.00000,0.00000,0.00000,0.00000,0.00000,0.00000,0.00000,0.00000,0.00000,0.00000,0.00000,0.00000,0.00000,0.00000,0.00000,0.00000,0.00000,0.00000,0.32000,0.32000,0.32000,0.32000,0.32000,0.32000,0.32000,0.32000,0.32000,0.32000,0.32000,0.32000,0.32000,0.00000,0.00000,0.00000,0.00000,0.00000,0.22667,0.22667,0.00000,0.00000,0.17000,0.17000,0.17000,0.07556,0.07556,0.07556,0.07556,0.00000,0.08500,0.00000,0.08500,0.00000,0.00000,0.00000,0.00000,0.00000,0.00000,0.00000,0.00000,0.00000,0.00000,0.00000,0.00000,0.17000
enum,0.00000,0.00000,0.00000,0.13600,0.00000,0.00000,1.00000,0.00000,0.00000,0.00000,0.00000,0.00000,0.13600,0.00000,0.00000,1.00000,0.00000,0.00000,0.00000,0.00000,0.68000,0.00000,0.00000,0.00000,1.00000,0.00000,0.00000,0.00000,0.00000,0.00000,0.68000,0.13600,0.00000,0.68000,0.13600,0.00000,0.00000,0.00000,0.00000,1.00000,0.00000,1.00000,0.00000,0.00000,0.00000,0.13600,0.00000,0.00000,0.00000,0.00000,0.00000,0.00000,0.00000,0.00000,0.13600,0.00000,0.00000,1.00000,0.00000,0.13600,0.00000,0.00000,0.13600,0.13600,0.00000,0.68000,0.00000,0.13600,0.13600,0.13600,0.13600,0.13600,0.00000,0.13600,0.00000,0.00000,0.13600,0.00000,0.13600,0.00000,1.00000,0.13600,0.00000,0.13600,0.00000,0.00000,0.00000,0.00000,0.00000,0.13600,0.13600,0.00000,0.13600,0.00000,0.68000,1.00000,0.00000,0.00000,0.07556,0.07556,0.07556,0.07556,0.07556,0.07556,0.07556,0.07556,0.19429,0.19429,0.19429,0.19429,0.19429,0.19429,0.19429,0.19429,0.19429,0.19429,0.19429,0.19429,0.19429,0.19429,0.19429,0.66000,0.66000,0.66000,0.66000,0.66000,0.66000,0.66000,0.66000,0.66000,0.66000,0.66000,0.66000,0.66000,0.17000,0.17000,0.17000,0.17000,0.17000,0.17000,0.17000,0.17000,0.17000,0.17000,0.17000,0.17000,0.17000,0.08500,0.08500,0.09714,0.08500,0.17000,0.00000,0.00000,0.17000,0.17000,0.17000,0.17000,0.17000,0.00000,0.00000,0.00000,0.00000,0.19429,0.08500,0.19429,0.08500,0.19429,0.19429,0.19429,0.00000,0.00000,0.00000,0.00000,0.00000,0.00000,0.00000,0.00000,0.00000,0.17000
exception_try,0.00000,0.00000,0.11333,0.00000,0.11333,0.00000,0.00000,0.11333,0.11333,0.68000,0.00000,0.11333,0.00000,0.11333,0.00000,0.00000,0.11333,0.00000,0.00000,0.11333,0.00000,0.68000,1.00000,0.00000,0.00000,1.00000,0.00000,0.00000,0.68000,0.68000,0.00000,0.00000,0.00000,0.00000,0.00000,0.00000,0.68000,0.11333,0.68000,0.00000,0.11333,0.00000,0.00000,0.00000,0.00000,0.00000,0.11333,0.11333,0.11333,0.11333,0.00000,0.00000,0.00000,0.11333,0.00000,0.11333,0.00000,0.00000,0.00000,0.00000,0.00000,0.00000,0.00000,0.00000,0.00000,0.00000,0.11333,0.00000,0.00000,0.00000,0.00000,0.00000,0.00000,0.00000,0.00000,0.68000,0.00000,0.11333,0.00000,0.11333,0.00000,0.00000,0.68000,0.00000,0.00000,0.00000,1.00000,0.00000,0.11333,0.00000,0.00000,0.11333,0.00000,0.00000,0.00000,0.00000,0.68000,0.11333,0.17000,0.17000,0.17000,0.17000,0.17000,0.17000,0.17000,0.17000,0.00000,0.00000,0.00000,0.00000,0.00000,0.00000,0.00000,0.00000,0.00000,0.00000,0.00000,0.00000,0.00000,0.00000,0.00000,0.00000,0.00000,0.00000,0.00000,0.00000,0.00000,0.00000,0.00000,0.00000,0.00000,0.00000,0.00000,0.00000,0.07556,0.07556,0.07556,0.07556,0.07556,0.07556,0.07556,0.07556,0.07556,0.07556,0.07556,0.07556,0.07556,0.34000,0.34000,0.22667,0.34000,0.07556,0.72800,0.72800,0.07556,0.07556,0.07556,0.07556,0.07556,0.17000,0.17000,0.17000,0.17000,0.00000,0.00000,0.00000,0.00000,0.00000,0.00000,0.00000,0.07556,0.07556,0.07556,0.07556,0.07556,0.07556,0.07556,0.07556,0.07556,0.07556
ffi,0.68000,0.00000,0.00000,0.00000,0.00000,0.00000,0.00000,0.00000,0.00000,0.00000,0.00000,0.00000,0.00000,0.00000,0.00000,0.00000,0.00000,0.00000,0.00000,0.00000,0.00000,0.00000,0.00000,0.00000,0.00000,0.00000,1.00000,0.00000,0.00000,0.00000,0.00000,0.00000,1.00000,0.00000,0.00000,0.00000,0.00000,0.00000,0.00000,0.00000,0.00000,0.00000,0.00000,0.00000,1.00000,0.00000,0.00000,0.00000,0.00000,0.00000,0.00000,0.00000,1.00000,0.00000,0.00000,0.00000,0.00000,0.00000,0.00000,0.00000,0.00000,0.00000,0.00000,0.00000,1.00000,0.00000,0.00000,0.00000,0.00000,0.00000,0.00000,0.00000,0.00000,0.00000,0.00000,0.00000,0.00000,0.00000,0.00000,0.00000,0.00000,0.00000,0.00000,0.00000,0.00000,0.00000,0.00000,0.00000,0.00000,0.00000,0.00000,0.00000,0.00000,1.00000,0.00000,0.00000,0.00000,0.00000,0.00000,0.00000,0.00000,0.00000,0.00000,0.00000,0.00000,0.00000,0.00000,0.00000,0.00000,0.00000,0.00000,0.00000,0.00000,0.00000,0.00000,0.00000,0.00000,0.00000,0.00000,0.00000,0.00000,0.08500,0.08500,0.08500,0.08500,0.08500,0.08500,0.08500,0.08500,0.08500,0.08500,0.08500,0.08500,0.08500,0.00000,0.00000,0.00000,0.00000,0.00000,0.00000,0.00000,0.00000,0.00000,0.00000,0.00000,0.00000,0.00000,0.00000,0.00000,0.00000,0.00000,0.00000,0.00000,0.00000,0.00000,0.00000,0.00000,0.00000,0.00000,0.00000,0.00000,0.00000,0.00000,0.08500,0.66000,0.08500,0.66000,0.08500,0.08500,0.08500,0.07556,0.07556,0.07556,0.07556,0.07556,0.07556,0.07556,0.07556,0.07556,0.00000
filesystem,0.00000,1.00000,0.00000,0.00000,0.32000,0.00000,0.00000,0.00000,0.32000,0.00000,0.00000,0.00000,0.00000,0.32000,0.00000,0.00000,0.00000,0.00000,0.00000,0.32000,0.32000,0.00000,0.00000,0.68000,0.00000,0.00000,0.00000,1.00000,0.00000,0.00000,0.00000,0.00000,0.00000,0.00000,0.00000,1.00000,0.00000,0.00000,0.00000,0.00000,0.00000,0.00000,1.00000,0.00000,0.00000,0.00000,0.32000,0.00000,0.32000,0.32000,0.00000,0.00000,0.00000,0.00000,0.00000,0.00000,0.00000,0.00000,1.00000,0.00000,1.00000,0.00000,0.00000,0.00000,0.00000,0.00000,0.00000,0.00000,0.00000,0.00000,0.00000,0.00000,1.00000,0.00000,0.68000,0.00000,0.32000,0.00000,0.32000,0.00000,0.00000,0.00000,0.00000,0.32000,0.00000,0.00000,0.00000,1.00000,0.00000,0.00000,0.00000,0.32000,0.00000,0.00000,0.32000,0.00000,0.00000,0.00000,0.07556,0.07556,0.07556,0.07556,0.07556,0.07556,0.07556,0.07556,0.00000,0.00000,0.00000,0.00000,0.00000,0.00000,0.00000,0.00000,0.00000,0.00000,0.00000,0.00000,0.00000,0.00000,0.00000,0.00000,0.00000,0.00000,0.00000,0.00000,0.00000,0.00000,0.00000,0.00000,0.00000,0.00000,0.00000,0.00000,0.00000,0.00000,0.00000,0.00000,0.00000,0.00000,0.00000,0.00000,0.00000,0.00000,0.00000,0.00000,0.00000,0.00000,0.00000,0.00000,0.00000,0.00000,0.22667,0.22667,0.00000,0.00000,0.17000,0.17000,0.17000,0.07556,0.07556,0.07556,0.07556,0.00000,0.08500,0.00000,0.08500,0.00000,0.00000,0.00000,0.00000,0.00000,0.00000,0.00000,0.00000,0.00000,0.00000,0.00000,0.00000,0.17000
for,0.00000,0.00000,0.11333,0.00000,0.11333,0.00000,0.00000,0.11333,0.11333,1.00000,0.00000,0.11333,0.00000,0.11333,0.00000,0.00000,0.11333,0.00000,0.00000,0.11333,0.00000,1.00000,0.68000,0.00000,0.00000,0.68000,0.00000,0.00000,1.00000,1.00000,0.00000,0.00000,0.00000,0.00000,0.00000,0.00000,1.00000,0.43333,1.00000,0.00000,0.11333,0.00000,0.00000,0.00000,0.00000,0.32000,0.11333,0.11333,0.11333,0.11333,0.00000,0.00000,0.00000,0.11333,0.00000,0.11333,0.00000,0.00000,0.00000,0.00000,0.00000,0.00000,0.00000,0.00000,0.00000,0.00000,0.43333,0.00000,0.00000,0.00000,0.00000,0.00000,0.00000,0.00000,0.00000,1.00000,0.00000,0.11333,0.00000,0.11333,0.00000,0.00000,1.00000,0.00000,0.00000,0.00000,0.68000,0.00000,0.11333,0.00000,0.00000,0.11333,0.00000,0.00000,0.00000,0.00000,1.00000,0.43333,0.17000,0.17000,0.17000,0.17000,0.17000,0.17000,0.17000,0.17000,0.00000,0.00000,0.00000,0.00000,0.00000,0.00000,0.00000,0.00000,0.00000,0.00000,0.00000,0.00000,0.00000,0.00000,0.00000,0.00000,0.00000,0.00000,0.00000,0.00000,0.00000,0.00000,0.00000,0.00000,0.00000,0.00000,0.00000,0.00000,0.07556,0.07556,0.07556,0.07556,0.07556,0.07556,0.07556,0.07556,0.07556,0.07556,0.07556,0.07556,0.07556,0.66000,0.66000,0.22667,0.66000,0.07556,0.40800,0.40800,0.07556,0.07556,0.07556,0.07556,0.07556,0.17000,0.17000,0.17000,0.17000,0.00000,0.00000,0.00000,0.00000,0.00000,0.00000,0.00000,0.07556,0.07556,0.07556,0.07556,0.07556,0.07556,0.07556,0.07556,0.07556,0.07556
foreach_iteration,0.00000,0.00000,0.11333,0.00000,0.11333,0.00000,0.00000,0.11333,0.11333,1.00000,0.00000,0.11333,0.00000,0.11333,0.00000,0.00000,0.11333,0.00000,0.00000,0.11333,0.00000,1.00000,0.68000,0.00000,0.00000,0.68000,0.00000,0.00000,1.00000,1.00000,0.00000,0.00000,0.00000,0.00000,0.00000,0.00000,1.00000,0.43333,1.00000,0.00000,0.11333,0.00000,0.00000,0.00000,0.00000,0.32000,0.11333,0.11333,0.11333,0.11333,0.00000,0.00000,0.00000,0.11333,0.00000,0.11333,0.00000,0.00000,0.00000,0.00000,0.00000,0.00000,0.00000,0.00000,0.00000,0.00000,0.43333,0.00000,0.00000,0.00000,0.00000,0.00000,0.00000,0.00000,0.00000,1.00000,0.00000,0.11333,0.00000,0.11333,0.00000,0.00000,1.00000,0.00000,0.00000,0.00000,0.68000,0.00000,0.11333,0.00000,0.00000,0.11333,0.00000,0.00000,0.00000,0.00000,1.00000,0.43333,0.17000,0.17000,0.17000,0.17000,0.17000,0.17000,0.17000,0.17000,0.00000,0.00000,0.00000,0.00000,0.00000,0.00000,0.00000,0.00000,0.00000,0.00000,0.00000,0.00000,0.00000,0.00000,0.00000,0.00000,0.00000,0.00000,0.00000,0.00000,0.00000,0.00000,0.00000,0.00000,0.00000,0.00000,0.00000,0.00000,0.07556,0.07556,0.07556,0.07556,0.07556,0.07556,0.07556,0.07556,0.07556,0.07556,0.07556,0.07556,0.07556,0.66000,0.66000,0.22667,0.66000,0.07556,0.40800,0.40800,0.07556,0.07556,0.07556,0.07556,0.07556,0.17000,0.17000,0.17000,0.17000,0.00000,0.00000,0.00000,0.00000,0.00000,0.00000,0.00000,0.07556,0.07556,0.07556,0.07556,0.07556,0.07556,0.07556,0.07556,0.07556,0.07556
function,0.00000,0.00000,0.00000,0.13600,0.00000,0.00000,0.68000,0.00000,0.00000,0.00000,0.00000,0.00000,0.45600,0.00000,0.00000,0.68000,0.32000,0.00000,0.00000,0.00000,0.68000,0.00000,0.00000,0.00000,0.68000,0.00000,0.00000,0.00000,0.00000,0.00000,1.00000,0.13600,0.00000,0.68000,0.13600,0.00000,0.00000,0.00000,0.00000,0.68000,0.00000,0.68000,0.00000,0.00000,0.00000,0.13600,0.00000,0.00000,0.00000,0.00000,0.00000,0.00000,0.00000,0.00000,0.13600,0.00000,0.00000,0.68000,0.00000,0.13600,0.00000,0.00000,0.13600,0.13600,0.00000,0.68000,0.00000,0.13600,0.13600,0.13600,0.13600,0.13600,0.00000,0.13600,0.00000,0.00000,0.13600,0.00000,0.13600,0.00000,0.68000,0.13600,0.00000,0.13600,0.00000,0.00000,0.00000,0.00000,0.00000,0.13600,0.13600,0.00000,0.13600,0.00000,0.68000,0.68000,0.00000,0.00000,0.07556,0.07556,0.07556,0.07556,0.07556,0.07556,0.07556,0.07556,0.19429,0.19429,0.19429,0.19429,0.19429,0.19429,0.19429,0.19429,0.19429,0.19429,0.19429,0.19429,0.19429,0.19429,0.19429,0.34000,0.34000,0.34000,0.34000,0.34000,0.34000,0.34000,0.34000,0.34000,0.34000,0.34000,0.34000,0.34000,0.17000,0.17000,0.17000,0.17000,0.17000,0.17000,0.17000,0.17000,0.17000,0.17000,0.17000,0.17000,0.17000,0.08500,0.08500,0.09714,0.08500,0.49000,0.00000,0.00000,0.49000,0.49000,0.17000,0.17000,0.17000,0.00000,0.00000,0.00000,0.00000,0.19429,0.08500,0.19429,0.08500,0.19429,0.19429,0.19429,0.00000,0.00000,0.00000,0.00000,0.00000,0.00000,0.00000,0.00000,0.00000,0.17000
function_type,0.00000,0.00000,0.00000,1.00000,0.00000,0.00000,0.13600,0.00000,0.00000,0.00000,0.00000,0.00000,0.00000,0.00000,0.00000,0.13600,0.00000,0.00000,0.00000,0.00000,0.13600,0.00000,0.00000,0.00000,0.13600,0.00000,0.00000,0.00000,0.00000,0.00000,0.13600,1.00000,0.00000,0.45600,1.00000,0.00000,0.00000,0.00000,0.00000,0.13600,0.00000,0.13600,0.00000,0.00000,0.00000,0.00000,0.00000,0.00000,0.00000,0.00000,0.00000,0.00000,0.00000,0.00000,1.00000,0.00000,0.00000,0.13600,0.00000,0.00000,0.00000,0.00000,0.68000,1.00000,0.00000,0.13600,0.00000,1.00000,1.00000,1.00000,1.00000,1.00000,0.00000,1.00000,0.00000,0.00000,0.00000,0.00000,0.00000,0.00000,0.13600,1.00000,0.00000,0.00000,0.00000,0.00000,0.00000,0.00000,0.00000,1.00000,1.00000,0.00000,1.00000,0.00000,0.13600,0.13600,0.00000,0.00000,0.17000,0.17000,0.17000,0.17000,0.17000,0.17000,0.17000,0.17000,0.66000,0.66000,0.66000,0.66000,0.66000,0.66000,0.66000,0.66000,0.66000,0.66000,0.66000,0.66000,0.66000,0.66000,0.66000,0.08500,0.08500,0.08500,0.08500,0.08500,0.08500,0.08500,0.08500,0.08500,0.08500,0.08500,0.08500,0.08500,0.17000,0.17000,0.17000,0.17000,0.17000,0.17000,0.17000,0.17000,0.17000,0.17000,0.17000,0.17000,0.17000,0.08500,0.08500,0.09714,0.08500,0.00000,0.00000,0.00000,0.00000,0.00000,0.07556,0.07556,0.07556,0.00000,0.00000,0.00000,0.00000,0.08500,0.19429,0.08500,0.19429,0.08500,0.08500,0.08500,0.00000,0.00000,0.00000,0.00000,0.00000,0.00000,0.00000,0.00000,0.00000,0.07556
gc,0.68000,0.00000,0.00000,0.00000,0.00000,0.00000,0.00000,0.00000,0.00000,0.00000,0.00000,0.00000,0.00000,0.00000,0.00000,0.00000,0.00000,0.00000,0.00000,0.00000,0.00000,0.00000,0.00000,0.00000,0.00000,0.00000,1.00000,0.00000,0.00000,0.00000,0.00000,0.00000,1.00000,0.00000,0.00000,0.00000,0.00000,0.00000,0.00000,0.00000,0.00000,0.00000,0.00000,0.00000,1.00000,0.00000,0.00000,0.00000,0.00000,0.00000,0.00000,0.00000,1.00000,0.00000,0.00000,0.00000,0.00000,0.00000,0.00000,0.00000,0.00000,0.00000,0.00000,0.00000,1.00000,0.00000,0.00000,0.00000,0.00000,0.00000,0.00000,0.00000,0.00000,0.00000,0.00000,0.00000,0.00000,0.00000,0.00000,0.00000,0.00000,0.00000,0.00000,0.00000,0.00000,0.00000,0.00000,0.00000,0.00000,0.00000,0.00000,0.00000,0.00000,1.00000,0.00000,0.00000,0.00000,0.00000,0.00000,0.00000,0.00000,0.00000,0.00000,0.00000,0.00000,0.00000,0.00000,0.00000,0.00000,0.00000,0.00000,0.00000,0.00000,0.00000,0.00000,0.00000,0.00000,0.00000,0.00000,0.00000,0.00000,0.08500,0.08500,0.08500,0.08500,0.08500,0.08500,0.08500,0.08500,0.08500,0.08500,0.08500,0.08500,0.08500,0.00000,0.00000,0.00000,0.00000,0.00000,0.00000,0.00000,0.00000,0.00000,0.00000,0.00000,0.00000,0.00000,0.00000,0.00000,0.00000,0.00000,0.00000,0.00000,0.00000,0.00000,0.00000,0.00000,0.00000,0.00000,0.00000,0.00000,0.00000,0.00000,0.08500,0.66000,0.08500,0.66000,0.08500,0.08500,0.08500,0.07556,0.07556,0.07556,0.07556,0.07556,0.07556,0.07556,0.07556,0.07556,0.00000
generic,0.00000,0.00000,0.00000,0.45600,0.00000,0.00000,0.68000,0.00000,0.00000,0.00000,0.00000,0.00000,0.13600,0.00000,0.00000,0.68000,0.00000,0.00000,0.00000,0.00000,0.68000,0.00000,0.00000,0.00000,0.68000,0.00000,0.00000,0.00000,0.00000,0.00000,0.68000,0.45600,0.00000,1.00000,0.45600,0.00000,0.00000,0.00000,0.00000,0.68000,0.00000,0.68000,0.00000,0.00000,0.00000,0.13600,0.00000,0.00000,0.00000,0.00000,0.00000,0.00000,0.00000,0.00000,0.45600,0.00000,0.00000,0.68000,0.00000,0.13600,0.00000,0.00000,0.13600,0.45600,0.00000,0.68000,0.00000,0.45600,0.45600,0.45600,0.45600,0.45600,0.00000,0.45600,0.00000,0.00000,0.13600,0.00000,0.13600,0.00000,0.68000,0.45600,0.00000,0.13600,0.00000,0.00000,0.00000,0.00000,0.00000,0.45600,0.45600,0.00000,0.45600,0.00000,0.68000,0.68000,0.00000,0.00000,0.07556,0.07556,0.07556,0.07556,0.07556,0.07556,0.07556,0.07556,0.51429,0.51429,0.51429,0.51429,0.51429,0.51429,0.51429,0.51429,0.51429,0.51429,0.51429,0.51429,0.51429,0.51429,0.51429,0.34000,0.34000,0.34000,0.34000,0.34000,0.34000,0.34000,0.34000,0.34000,0.34000,0.34000,0.34000,0.34000,0.17000,0.17000,0.17000,0.17000,0.17000,0.17000,0.17000,0.17000,0.17000,0.17000,0.17000,0.17000,0.17000,0.08500,0.08500,0.09714,0.08500,0.17000,0.00000,0.00000,0.17000,0.17000,0.17000,0.17000,0.17000,0.00000,0.00000,0.00000,0.00000,0.19429,0.08500,0.19429,0.08500,0.19429,0.19429,0.19429,0.00000,0.00000,0.00000,0.00000,0.00000,0.00000,0.00000,0.00000,0.00000,0.17000
generic_constraint,0.00000,0.00000,0.00000,1.00000,0.00000,0.00000,0.13600,0.00000,0.00000,0.00000,0.00000,0.00000,0.00000,0.00000,0.00000,0.13600,0.00000,0.00000,0.00000,0.00000,0.13600,0.00000,0.00000,0.00000,0.13600,0.00000,0.00000,0.00000,0.00000,0.00000,0.13600,1.00000,0.00000,0.45600,1.00000,0.00000,0.00000,0.00000,0.00000,0.13600,0.00000,0.13600,0.00000,0.00000,0.00000,0.00000,0.00000,0.00000,0.00000,0.00000,0.00000,0.00000,0.00000,0.00000,1.00000,0.00000,0.00000,0.13600,0.00000,0.00000,0.00000,0.00000,0.68000,1.00000,0.00000,0.13600,0.00000,1.00000,1.00000,1.00000,1.00000,1.00000,0.00000,1.00000,0.00000,0.00000,0.00000,0.00000,0.00000,0.00000,0.13600,1.00000,0.00000,0.00000,0.00000,0.00000,0.00000,0.00000,0.00000,1.00000,1.00000,0.00000,1.00000,0.00000,0.13600,0.13600,0.00000,0.00000,0.17000,0.17000,0.17000,0.17000,0.17000,0.17000,0.17000,0.17000,0.66000,0.66000,0.66000,0.66000,0.66000,0.66000,0.66000,0.66000,0.66000,0.66000,0.66000,0.66000,0.66000,0.66000,0.66000,0.08500,0.08500,0.08500,0.08500,0.08500,0.08500,0.08500,0.08500,0.08500,0.08500,0.08500,0.08500,0.08500,0.17000,0.17000,0.17000,0.17000,0.17000,0.17000,0.17000,0.17000,0.17000,0.17000,0.17000,0.17000,0.17000,0.08500,0.08500,0.09714,0.08500,0.00000,0.00000,0.00000,0.00000,0.00000,0.07556,0.07556,0.07556,0.00000,0.00000,0.00000,0.00000,0.08500,0.19429,0.08500,0.19429,0.08500,0.08500,0.08500,0.00000,0.00000,0.00000,0.00000,0.00000,0.00000,0.00000,0.00000,0.00000,0.07556
global_state,0.00000,1.00000,0.00000,0.00000,0.32000,0.00000,0.00000,0.00000,0.32000,0.00000,0.00000,0.00000,0.00000,0.32000,0.00000,0.00000,0.00000,0.00000,0.00000,0.32000,0.32000,0.00000,0.00000,0.68000,0.00000,0.00000,0.00000,1.00000,0.00000,0.00000,0.00000,0.00000,0.00000,0.00000,0.00000,1.00000,0.00000,0.00000,0.00000,0.00000,0.00000,0.00000,1.00000,0.00000,0.00000,0.00000,0.32000,0.00000,0.32000,0.32000,0.00000,0.00000,0.00000,0.00000,0.00000,0.00000,0.00000,0.00000,1.00000,0.00000,1.00000,0.00000,0.00000,0.00000,0.00000,0.00000,0.00000,0.00000,0.00000,0.00000,0.00000,0.00000,1.00000,0.00000,0.68000,0.00000,0.32000,0.00000,0.32000,0.00000,0.00000,0.00000,0.00000,0.32000,0.00000,0.00000,0.00000,1.00000,0.00000,0.00000,0.00000,0.32000,0.00000,0.00000,0.32000,0.00000,0.00000,0.00000,0.07556,0.07556,0.07556,0.07556,0.07556,0.07556,0.07556,0.07556,0.00000,0.00000,0.00000,0.00000,0.00000,0.00000,0.00000,0.00000,0.00000,0.00000,0.00000,0.00000,0.00000,0.00000,0.00000,0.00000,0.00000,0.00000,0.00000,0.00000,0.00000,0.00000,0.00000,0.00000,0.00000,0.00000,0.00000,0.00000,0.00000,0.00000,0.00000,0.00000,0.00000,0.00000,0.00000,0.00000,0.00000,0.00000,0.00000,0.00000,0.00000,0.00000,0.00000,0.00000,0.00000,0.00000,0.22667,0.22667,0.00000,0.00000,0.17000,0.17000,0.17000,0.07556,0.07556,0.07556,0.07556,0.00000,0.08500,0.00000,0.08500,0.00000,0.00000,0.00000,0.00000,0.00000,0.00000,0.00000,0.00000,0.00000,0.00000,0.00000,0.00000,0.17000
goto_label,0.00000,0.00000,0.11333,0.00000,0.11333,0.00000,0.00000,0.11333,0.11333,1.00000,0.00000,0.11333,0.00000,0.11333,0.00000,0.00000,0.11333,0.00000,0.00000,0.11333,0.00000,1.00000,0.68000,0.00000,0.00000,0.68000,0.00000,0.00000,1.00000,1.00000,0.00000,0.00000,0.00000,0.00000,0.00000,0.00000,1.00000,0.43333,1.00000,0.00000,0.11333,0.00000,0.00000,0.00000,0.00000,0.32000,0.11333,0.11333,0.11333,0.11333,0.00000,0.00000,0.00000,0.11333,0.00000,0.11333,0.00000,0.00000,0.00000,0.00000,0.00000,0.00000,0.00000,0.00000,0.00000,0.00000,0.43333,0.00000,0.00000,0.00000,0.00000,0.00000,0.00000,0.00000,0.00000,1.00000,0.00000,0.11333,0.00000,0.11333,0.00000,0.00000,1.00000,0.00000,0.00000,0.00000,0.68000,0.00000,0.11333,0.00000,0.00000,0.11333,0.00000,0.00000,0.00000,0.00000,1.00000,0.43333,0.17000,0.17000,0.17000,0.17000,0.17000,0.17000,0.17000,0.17000,0.00000,0.00000,0.00000,0.00000,0.00000,0.00000,0.00000,0.00000,0.00000,0.00000,0.00000,0.00000,0.00000,0.00000,0.00000,0.00000,0.00000,0.00000,0.00000,0.00000,0.00000,0.00000,0.00000,0.00000,0.00000,0.00000,0.00000,0.00000,0.07556,0.07556,0.07556,0.07556,0.07556,0.07556,0.07556,0.07556,0.07556,0.07556,0.07556,0.07556,0.07556,0.66000,0.66000,0.22667,0.66000,0.07556,0.40800,0.40800,0.07556,0.07556,0.07556,0.07556,0.07556,0.17000,0.17000,0.17000,0.17000,0.00000,0.00000,0.00000,0.00000,0.00000,0.00000,0.00000,0.07556,0.07556,0.07556,0.07556,0.07556,0.07556,0.07556,0.07556,0.07556,0.07556
identifier,0.00000,0.00000,0.68000,0.00000,0.68000,0.00000,0.00000,0.68000,0.68000,0.43333,0.00000,0.68000,0.00000,0.68000,0.00000,0.00000,0.68000,0.00000,0.00000,0.68000,0.00000,0.43333,0.11333,0.00000,0.00000,0.11333,0.00000,0.00000,0.43333,0.43333,0.00000,0.00000,0.00000,0.00000,0.00000,0.00000,0.43333,1.00000,0.43333,0.00000,0.68000,0.00000,0.00000,0.00000,0.00000,0.32000,0.68000,0.68000,0.68000,0.68000,0.00000,0.00000,0.00000,0.68000,0.00000,0.68000,0.00000,0.00000,0.00000,0.00000,0.00000,0.00000,0.00000,0.00000,0.00000,0.00000,1.00000,0.00000,0.00000,0.00000,0.00000,0.00000,0.00000,0.00000,0.00000,0.43333,0.00000,0.68000,0.00000,0.68000,0.00000,0.00000,0.43333,0.00000,0.00000,0.00000,0.11333,0.00000,0.68000,0.00000,0.00000,0.68000,0.00000,0.00000,0.00000,0.00000,0.43333,1.00000,0.25500,0.25500,0.25500,0.25500,0.25500,0.25500,0.25500,0.25500,0.00000,0.00000,0.00000,0.00000,0.00000,0.00000,0.00000,0.00000,0.00000,0.00000,0.00000,0.00000,0.00000,0.00000,0.00000,0.07556,0.07556,0.07556,0.07556,0.07556,0.07556,0.07556,0.07556,0.07556,0.07556,0.07556,0.07556,0.07556,0.25500,0.25500,0.25500,0.25500,0.25500,0.25500,0.25500,0.25500,0.25500,0.25500,0.25500,0.25500,0.25500,0.61143,0.61143,0.34000,0.61143,0.25500,0.08500,0.08500,0.25500,0.25500,0.06800,0.06800,0.06800,0.15111,0.15111,0.15111,0.15111,0.00000,0.00000,0.00000,0.00000,0.00000,0.00000,0.00000,0.15111,0.15111,0.15111,0.15111,0.15111,0.15111,0.15111,0.15111,0.15111,0.06800
if,0.00000,0.00000,0.11333,0.00000,0.11333,0.00000,0.00000,0.11333,0.11333,1.00000,0.00000,0.11333,0.00000,0.11333,0.00000,0.00000,0.11333,0.00000,0.00000,0.11333,0.00000,1.00000,0.68000,0.00000,0.00000,0.68000,0.00000,0.00000,1.00000,1.00000,0.00000,0.00000,0.00000,0.00000,0.00000,0.00000,1.00000,0.43333,1.00000,0.00000,0.11333,0.00000,0.00000,0.00000,0.00000,0.32000,0.11333,0.11333,0.11333,0.11333,0.00000,0.00000,0.00000,0.11333,0.00000,0.11333,0.00000,0.00000,0.00000,0.00000,0.00000,0.00000,0.00000,0.00000,0.00000,0.00000,0.43333,0.00000,0.00000,0.00000,0.00000,0.00000,0.00000,0.00000,0.00000,1.00000,0.00000,0.11333,0.00000,0.11333,0.00000,0.00000,1.00000,0.00000,0.00000,0.00000,0.68000,0.00000,0.11333,0.00000,0.00000,0.11333,0.00000,0.00000,0.00000,0.00000,1.00000,0.43333,0.17000,0.17000,0.17000,0.17000,0.17000,0.17000,0.17000,0.17000,0.00000,0.00000,0.00000,0.00000,0.00000,0.00000,0.00000,0.00000,0.00000,0.00000,0.00000,0.00000,0.00000,0.00000,0.00000,0.00000,0.00000,0.00000,0.00000,0.00000,0.00000,0.00000,0.00000,0.00000,0.00000,0.00000,0.00000,0.00000,0.07556,0.07556,0.07556,0.07556,0.07556,0.07556,0.07556,0.07556,0.07556,0.07556,0.07556,0.07556,0.07556,0.66000,0.66000,0.22667,0.66000,0.07556,0.40800,0.40800,0.07556,0.07556,0.07556,0.07556,0.07556,0.17000,0.17000,0.17000,0.17000,0.00000,0.00000,0.00000,0.00000,0.00000,0.00000,0.00000,0.07556,0.07556,0.07556,0.07556,0.07556,0.07556,0.07556,0.07556,0.07556,0.07556
import,0.00000,0.00000,0.00000,0.13600,0.00000,0.00000,1.00000,0.00000,0.00000,0.00000,0.00000,0.00000,0.13600,0.00000,0.00000,1.00000,0.00000,0.00000,0.00000,0.00000,0.68000,0.00000,0.00000,0.00000,1.00000,0.00000,0.00000,0.00000,0.00000,0.00000,0.68000,0.13600,0.00000,0.68000,0.13600,0.00000,0.00000,0.00000,0.00000,1.00000,0.00000,1.00000,0.00000,0.00000,0.00000,0.13600,0.00000,0.00000,0.00000,0.00000,0.00000,0.00000,0.00000,0.00000,0.13600,0.00000,0.00000,1.00000,0.00000,0.13600,0.00000,0.00000,0.13600,0.13600,0.00000,0.68000,0.00000,0.13600,0.13600,0.13600,0.13600,0.13600,0.00000,0.13600,0.00000,0.00000,0.13600,0.00000,0.13600,0.00000,1.00000,0.13600,0.00000,0.13600,0.00000,0.00000,0.00000,0.00000,0.00000,0.13600,0.13600,0.00000,0.13600,0.00000,0.68000,1.00000,0.00000,0.00000,0.07556,0.07556,0.07556,0.07556,0.07556,0.07556,0.07556,0.07556,0.19429,0.19429,0.19429,0.19429,0.19429,0.19429,0.19429,0.19429,0.19429,0.19429,0.19429,0.19429,0.19429,0.19429,0.19429,0.66000,0.66000,0.66000,0.66000,0.66000,0.66000,0.66000,0.66000,0.66000,0.66000,0.66000,0.66000,0.66000,0.17000,0.17000,0.17000,0.17000,0.17000,0.17000,0.17000,0.17000,0.17000,0.17000,0.17000,0.17000,0.17000,0.08500,0.08500,0.09714,0.08500,0.17000,0.00000,0.00000,0.17000,0.17000,0.17000,0.17000,0.17000,0.00000,0.00000,0.00000,0.00000,0.19429,0.08500,0.19429,0.08500,0.19429,0.19429,0.19429,0.00000,0.00000,0.00000,0.00000,0.00000,0.00000,0.00000,0.00000,0.00000,0.17000
index,0.00000,0.00000,1.00000,0.00000,0.68000,0.00000,0.00000,0.68000,0.68000,0.11333,0.00000,0.68000,0.00000,0.68000,0.00000,0.00000,0.68000,0.00000,0.00000,0.68000,0.00000,0.11333,0.11333,0.00000,0.00000,0.11333,0.00000,0.00000,0.11333,0.11333,0.00000,0.00000,0.00000,0.00000,0.00000,0.00000,0.11333,0.68000,0.11333,0.00000,1.00000,0.00000,0.00000,0.00000,0.00000,0.00000,0.68000,0.68000,0.68000,0.68000,0.00000,0.00000,0.00000,1.00000,0.00000,0.68000,0.00000,0.00000,0.00000,0.00000,0.00000,0.00000,0.00000,0.00000,0.00000,0.00000,0.68000,0.00000,0.00000,0.00000,0.00000,0.00000,0.00000,0.00000,0.00000,0.11333,0.00000,1.00000,0.00000,1.00000,0.00000,0.00000,0.11333,0.00000,0.00000,0.00000,0.11333,0.00000,1.00000,0.00000,0.00000,0.68000,0.00000,0.00000,0.00000,0.00000,0.11333,0.68000,0.25500,0.25500,0.25500,0.25500,0.25500,0.25500,0.25500,0.25500,0.00000,0.00000,0.00000,0.00000,0.00000,0.00000,0.00000,0.00000,0.00000,0.00000,0.00000,0.00000,0.00000,0.00000,0.00000,0.07556,0.07556,0.07556,0.07556,0.07556,0.07556,0.07556,0.07556,0.07556,0.07556,0.07556,0.07556,0.07556,0.25500,0.25500,0.25500,0.25500,0.25500,0.25500,0.25500,0.25500,0.25500,0.25500,0.25500,0.25500,0.25500,0.29143,0.29143,0.66000,0.29143,0.25500,0.08500,0.08500,0.25500,0.25500,0.06800,0.06800,0.06800,0.15111,0.15111,0.15111,0.15111,0.00000,0.00000,0.00000,0.00000,0.00000,0.00000,0.00000,0.15111,0.15111,0.15111,0.15111,0.15111,0.15111,0.15111,0.15111,0.15111,0.06800
interface_trait,0.00000,0.00000,0.00000,0.13600,0.00000,0.00000,1.00000,0.00000,0.00000,0.00000,0.00000,0.00000,0.13600,0.00000,0.00000,1.00000,0.00000,0.00000,0.00000,0.00000,0.68000,0.00000,0.00000,0.00000,1.00000,0.00000,0.00000,0.00000,0.00000,0.00000,0.68000,0.13600,0.00000,0.68000,0.13600,0.00000,0.00000,0.00000,0.00000,1.00000,0.00000,1.00000,0.00000,0.00000,0.00000,0.13600,0.00000,0.00000,0.00000,0.00000,0.00000,0.00000,0.00000,0.00000,0.13600,0.00000,0.00000,1.00000,0.00000,0.13600,0.00000,0.00000,0.13600,0.13600,0.00000,0.68000,0.00000,0.13600,0.13600,0.13600,0.13600,0.13600,0.00000,0.13600,0.00000,0.00000,0.13600,0.00000,0.13600,0.00000,1.00000,0.13600,0.00000,0.13600,0.00000,0.00000,0.00000,0.00000,0.00000,0.13600,0.13600,0.00000,0.13600,0.00000,0.68000,1.00000,0.00000,0.00000,0.07556,0.07556,0.07556,0.07556,0.07556,0.07556,0.07556,0.07556,0.19429,0.19429,0.19429,0.19429,0.19429,0.19429,0.19429,0.19429,0.19429,0.19429,0.19429,0.19429,0.19429,0.19429,0.19429,0.66000,0.66000,0.66000,0.66000,0.66000,0.66000,0.66000,0.66000,0.66000,0.66000,0.66000,0.66000,0.66000,0.17000,0.17000,0.17000,0.17000,0.17000,0.17000,0.17000,0.17000,0.17000,0.17000,0.17000,0.17000,0.17000,0.08500,0.08500,0.09714,0.08500,0.17000,0.00000,0.00000,0.17000,0.17000,0.17000,0.17000,0.17000,0.00000,0.00000,0.00000,0.00000,0.19429,0.08500,0.19429,0.08500,0.19429,0.19429,0.19429,0.00000,0.00000,0.00000,0.00000,0.00000,0.00000,0.00000,0.00000,0.00000,0.17000
io,0.00000,1.00000,0.00000,0.00000,0.32000,0.00000,0.00000,0.00000,0.32000,0.00000,0.00000,0.00000,0.00000,0.32000,0.00000,0.00000,0.00000,0.00000,0.00000,0.32000,0.32000,0.00000,0.00000,0.68000,0.00000,0.00000,0.00000,1.00000,0.00000,0.00000,0.00000,0.00000,0.00000,0.00000,0.00000,1.00000,0.00000,0.00000,0.00000,0.00000,0.00000,0.00000,1.00000,0.00000,0.00000,0.00000,0.32000,0.00000,0.32000,0.32000,0.00000,0.00000,0.00000,0.00000,0.00000,0.00000,0.00000,0.00000,1.00000,0.00000,1.00000,0.00000,0.00000,0.00000,0.00000,0.00000,0.00000,0.00000,0.00000,0.00000,0.00000,0.00000,1.00000,0.00000,0.68000,0.00000,0.32000,0.00000,0.32000,0.00000,0.00000,0.00000,0.00000,0.32000,0.00000,0.00000,0.00000,1.00000,0.00000,0.00000,0.00000,0.32000,0.00000,0.00000,0.32000,0.00000,0.00000,0.00000,0.07556,0.07556,0.07556,0.07556,0.07556,0.07556,0.07556,0.07556,0.00000,0.00000,0.00000,0.00000,0.00000,0.00000,0.00000,0.00000,0.00000,0.00000,0.00000,0.00000,0.00000,0.00000,0.00000,0.00000,0.00000,0.00000,0.00000,0.00000,0.00000,0.00000,0.00000,0.00000,0.00000,0.00000,0.00000,0.00000,0.00000,0.00000,0.00000,0.00000,0.00000,0.00000,0.00000,0.00000,0.00000,0.00000,0.00000,0.00000,0.00000,0.00000,0.00000,0.00000,0.00000,0.00000,0.22667,0.22667,0.00000,0.00000,0.17000,0.17000,0.17000,0.07556,0.07556,0.07556,0.07556,0.00000,0.08500,0.00000,0.08500,0.00000,0.00000,0.00000,0.00000,0.00000,0.00000,0.00000,0.00000,0.00000,0.00000,0.00000,0.00000,0.17000
ir,0.00000,0.00000,0.00000,0.00000,0.00000,0.00000,0.00000,0.00000,0.00000,0.00000,1.00000,0.00000,0.00000,0.00000,0.00000,0.00000,0.00000,1.00000,1.00000,0.00000,0.00000,0.00000,0.00000,0.00000,0.00000,0.00000,0.00000,0.00000,0.00000,0.00000,0.00000,0.00000,0.00000,0.00000,0.00000,0.00000,0.00000,0.00000,0.00000,0.00000,0.00000,0.00000,0.00000,1.00000,0.00000,0.00000,0.00000,0.00000,0.00000,0.00000,0.00000,1.00000,0.00000,0.00000,0.00000,0.00000,0.00000,0.00000,0.00000,0.00000,0.00000,1.00000,0.00000,0.00000,0.00000,0.00000,0.00000,0.00000,0.00000,0.00000,0.00000,0.00000,0.00000,0.00000,0.00000,0.00000,0.00000,0.00000,0.00000,0.00000,0.00000,0.00000,0.00000,0.00000,0.00000,0.00000,0.00000,0.00000,0.00000,0.00000,0.00000,0.00000,0.00000,0.00000,0.00000,0.00000,0.00000,0.00000,0.00000,0.00000,0.00000,0.00000,0.00000,0.00000,0.00000,0.00000,0.08500,0.08500,0.08500,0.08500,0.08500,0.08500,0.08500,0.08500,0.08500,0.08500,0.08500,0.08500,0.08500,0.08500,0.08500,0.00000,0.00000,0.00000,0.00000,0.00000,0.00000,0.00000,0.00000,0.00000,0.00000,0.00000,0.00000,0.00000,0.00000,0.00000,0.00000,0.00000,0.00000,0.00000,0.00000,0.00000,0.00000,0.00000,0.00000,0.00000,0.00000,0.00000,0.00000,0.00000,0.00000,0.07556,0.00000,0.00000,0.07556,0.07556,0.39556,0.39556,0.39556,0.07556,0.07556,0.07556,0.07556,0.34000,0.00000,0.34000,0.00000,0.34000,0.34000,0.34000,0.29143,0.29143,0.29143,0.29143,0.29143,0.29143,0.29143,0.29143,0.29143,0.39556
layout_alignment,0.68000,0.00000,0.00000,0.00000,0.00000,0.00000,0.00000,0.00000,0.00000,0.00000,0.00000,0.00000,0.00000,0.00000,0.00000,0.00000,0.00000,0.00000,0.00000,0.00000,0.00000,0.00000,0.00000,0.00000,0.00000,0.00000,1.00000,0.00000,0.00000,0.00000,0.00000,0.00000,1.00000,0.00000,0.00000,0.00000,0.00000,0.00000,0.00000,0.00000,0.00000,0.00000,0.00000,0.00000,1.00000,0.00000,0.00000,0.00000,0.00000,0.00000,0.00000,0.00000,1.00000,0.00000,0.00000,0.00000,0.00000,0.00000,0.00000,0.00000,0.00000,0.00000,0.00000,0.00000,1.00000,0.00000,0.00000,0.00000,0.00000,0.00000,0.00000,0.00000,0.00000,0.00000,0.00000,0.00000,0.00000,0.00000,0.00000,0.00000,0.00000,0.00000,0.00000,0.00000,0.00000,0.00000,0.00000,0.00000,0.00000,0.00000,0.00000,0.00000,0.00000,1.00000,0.00000,0.00000,0.00000,0.00000,0.00000,0.00000,0.00000,0.00000,0.00000,0.00000,0.00000,0.00000,0.00000,0.00000,0.00000,0.00000,0.00000,0.00000,0.00000,0.00000,0.00000,0.00000,0.00000,0.00000,0.00000,0.00000,0.00000,0.08500,0.08500,0.08500,0.08500,0.08500,0.08500,0.08500,0.08500,0.08500,0.08500,0.08500,0.08500,0.08500,0.00000,0.00000,0.00000,0.00000,0.00000,0.00000,0.00000,0.00000,0.00000,0.00000,0.00000,0.00000,0.00000,0.00000,0.00000,0.00000,0.00000,0.00000,0.00000,0.00000,0.00000,0.00000,0.00000,0.00000,0.00000,0.00000,0.00000,0.00000,0.00000,0.08500,0.66000,0.08500,0.66000,0.08500,0.08500,0.08500,0.07556,0.07556,0.07556,0.07556,0.07556,0.07556,0.07556,0.07556,0.07556,0.00000
lifetime,0.00000,0.00000,0.00000,0.00000,0.00000,0.00000,0.13600,0.00000,0.00000,0.32000,0.00000,0.00000,0.68000,0.00000,0.00000,0.13600,0.00000,0.00000,0.00000,0.00000,0.13600,0.32000,0.00000,0.00000,0.13600,0.00000,0.00000,0.00000,0.32000,0.32000,0.13600,0.00000,0.00000,0.13600,0.00000,0.00000,0.32000,0.32000,0.32000,0.13600,0.00000,0.13600,0.00000,0.00000,0.00000,1.00000,0.00000,0.00000,0.00000,0.00000,0.00000,0.00000,0.00000,0.00000,0.00000,0.00000,0.00000,0.13600,0.00000,0.68000,0.00000,0.00000,0.00000,0.00000,0.00000,0.13600,0.32000,0.00000,0.00000,0.00000,0.00000,0.00000,0.00000,0.00000,0.00000,0.32000,0.68000,0.00000,0.68000,0.00000,0.13600,0.00000,0.32000,0.68000,0.00000,0.00000,0.00000,0.00000,0.00000,0.00000,0.00000,0.00000,0.00000,0.00000,0.13600,0.13600,0.32000,0.32000,0.00000,0.00000,0.00000,0.00000,0.00000,0.00000,0.00000,0.00000,0.19429,0.19429,0.19429,0.19429,0.19429,0.19429,0.19429,0.19429,0.19429,0.19429,0.19429,0.19429,0.19429,0.19429,0.19429,0.19429,0.19429,0.19429,0.19429,0.19429,0.19429,0.19429,0.19429,0.19429,0.19429,0.19429,0.19429,0.19429,0.17000,0.17000,0.17000,0.17000,0.17000,0.17000,0.17000,0.17000,0.17000,0.17000,0.17000,0.17000,0.17000,0.32000,0.32000,0.00000,0.32000,0.17000,0.00000,0.00000,0.17000,0.17000,0.07556,0.07556,0.07556,0.00000,0.00000,0.00000,0.00000,0.08500,0.00000,0.08500,0.00000,0.08500,0.08500,0.08500,0.00000,0.00000,0.00000,0.00000,0.00000,0.00000,0.00000,0.00000,0.00000,0.07556
literal_boolean,0.00000,0.32000,0.68000,0.00000,1.00000,0.00000,0.00000,0.68000,1.00000,0.11333,0.00000,0.68000,0.00000,1.00000,0.00000,0.00000,0.68000,0.00000,0.00000,1.00000,0.32000,0.11333,0.11333,0.00000,0.00000,0.11333,0.00000,0.32000,0.11333,0.11333,0.00000,0.00000,0.00000,0.00000,0.00000,0.32000,0.11333,0.68000,0.11333,0.00000,0.68000,0.00000,0.32000,0.00000,0.00000,0.00000,1.00000,0.68000,1.00000,1.00000,0.00000,0.00000,0.00000,0.68000,0.00000,0.68000,0.00000,0.00000,0.32000,0.00000,0.32000,0.00000,0.00000,0.00000,0.00000,0.00000,0.68000,0.00000,0.00000,0.00000,0.00000,0.00000,0.32000,0.00000,0.00000,0.11333,0.32000,0.68000,0.32000,0.68000,0.00000,0.00000,0.11333,0.32000,0.00000,0.00000,0.11333,0.32000,0.68000,0.00000,0.00000,1.00000,0.00000,0.00000,0.32000,0.00000,0.11333,0.68000,0.25500,0.25500,0.25500,0.25500,0.25500,0.25500,0.25500,0.25500,0.00000,0.00000,0.00000,0.00000,0.00000,0.00000,0.00000,0.00000,0.00000,0.00000,0.00000,0.00000,0.00000,0.00000,0.00000,0.07556,0.07556,0.07556,0.07556,0.07556,0.07556,0.07556,0.07556,0.07556,0.07556,0.07556,0.07556,0.07556,0.25500,0.25500,0.25500,0.25500,0.25500,0.25500,0.25500,0.25500,0.25500,0.25500,0.25500,0.25500,0.25500,0.29143,0.29143,0.34000,0.29143,0.25500,0.08500,0.08500,0.25500,0.25500,0.06800,0.06800,0.06800,0.15111,0.15111,0.15111,0.15111,0.00000,0.00000,0.00000,0.00000,0.00000,0.00000,0.00000,0.15111,0.15111,0.15111,0.15111,0.15111,0.15111,0.15111,0.15111,0.15111,0.06800
literal_null,0.00000,0.00000,0.68000,0.00000,0.68000,0.00000,0.00000,0.68000,0.68000,0.11333,0.00000,0.68000,0.00000,0.68000,0.00000,0.00000,0.68000,0.00000,0.00000,0.68000,0.00000,0.11333,0.11333,0.00000,0.00000,0.11333,0.00000,0.00000,0.11333,0.11333,0.00000,0.00000,0.00000,0.00000,0.00000,0.00000,0.11333,0.68000,0.11333,0.00000,0.68000,0.00000,0.00000,0.00000,0.00000,0.00000,0.68000,1.00000,0.68000,0.68000,0.00000,0.00000,0.00000,0.68000,0.00000,0.68000,0.00000,0.00000,0.00000,0.00000,0.00000,0.00000,0.32000,0.00000,0.00000,0.00000,0.68000,0.00000,0.00000,0.00000,0.00000,0.00000,0.00000,0.00000,0.00000,0.11333,0.00000,0.68000,0.00000,0.68000,0.00000,0.00000,0.11333,0.00000,0.00000,0.00000,0.11333,0.00000,0.68000,0.00000,0.00000,0.68000,0.00000,0.00000,0.00000,0.00000,0.11333,0.68000,0.57500,0.57500,0.57500,0.57500,0.57500,0.57500,0.57500,0.57500,0.00000,0.00000,0.00000,0.00000,0.00000,0.00000,0.00000,0.00000,0.00000,0.00000,0.00000,0.00000,0.00000,0.00000,0.00000,0.07556,0.07556,0.07556,0.07556,0.07556,0.07556,0.07556,0.07556,0.07556,0.07556,0.07556,0.07556,0.07556,0.25500,0.25500,0.25500,0.25500,0.25500,0.25500,0.25500,0.25500,0.25500,0.25500,0.25500,0.25500,0.25500,0.29143,0.29143,0.34000,0.29143,0.25500,0.08500,0.08500,0.25500,0.25500,0.06800,0.06800,0.06800,0.15111,0.15111,0.15111,0.15111,0.00000,0.00000,0.00000,0.00000,0.00000,0.00000,0.00000,0.15111,0.15111,0.15111,0.15111,0.15111,0.15111,0.15111,0.15111,0.15111,0.06800
literal_numeric,0.00000,0.32000,0.68000,0.00000,1.00000,0.00000,0.00000,0.68000,1.00000,0.11333,0.00000,0.68000,0.00000,1.00000,0.00000,0.00000,0.68000,0.00000,0.00000,1.00000,0.32000,0.11333,0.11333,0.00000,0.00000,0.11333,0.00000,0.32000,0.11333,0.11333,0.00000,0.00000,0.00000,0.00000,0.00000,0.32000,0.11333,0.68000,0.11333,0.00000,0.68000,0.00000,0.32000,0.00000,0.00000,0.00000,1.00000,0.68000,1.00000,1.00000,0.00000,0.00000,0.00000,0.68000,0.00000,0.68000,0.00000,0.00000,0.32000,0.00000,0.32000,0.00000,0.00000,0.00000,0.00000,0.00000,0.68000,0.00000,0.00000,0.00000,0.00000,0.00000,0.32000,0.00000,0.00000,0.11333,0.32000,0.68000,0.32000,0.68000,0.00000,0.00000,0.11333,0.32000,0.00000,0.00000,0.11333,0.32000,0.68000,0.00000,0.00000,1.00000,0.00000,0.00000,0.32000,0.00000,0.11333,0.68000,0.25500,0.25500,0.25500,0.25500,0.25500,0.25500,0.25500,0.25500,0.00000,0.00000,0.00000,0.00000,0.00000,0.00000,0.00000,0.00000,0.00000,0.00000,0.00000,0.00000,0.00000,0.00000,0.00000,0.07556,0.07556,0.07556,0.07556,0.07556,0.07556,0.07556,0.07556,0.07556,0.07556,0.07556,0.07556,0.07556,0.25500,0.25500,0.25500,0.25500,0.25500,0.25500,0.25500,0.25500,0.25500,0.25500,0.25500,0.25500,0.25500,0.29143,0.29143,0.34000,0.29143,0.25500,0.08500,0.08500,0.25500,0.25500,0.06800,0.06800,0.06800,0.15111,0.15111,0.15111,0.15111,0.00000,0.00000,0.00000,0.00000,0.00000,0.00000,0.00000,0.15111,0.15111,0.15111,0.15111,0.15111,0.15111,0.15111,0.15111,0.15111,0.06800
literal_string,0.00000,0.32000,0.68000,0.00000,1.00000,0.00000,0.00000,0.68000,1.00000,0.11333,0.00000,0.68000,0.00000,1.00000,0.00000,0.00000,0.68000,0.00000,0.00000,1.00000,0.32000,0.11333,0.11333,0.00000,0.00000,0.11333,0.00000,0.32000,0.11333,0.11333,0.00000,0.00000,0.00000,0.00000,0.00000,0.32000,0.11333,0.68000,0.11333,0.00000,0.68000,0.00000,0.32000,0.00000,0.00000,0.00000,1.00000,0.68000,1.00000,1.00000,0.00000,0.00000,0.00000,0.68000,0.00000,0.68000,0.00000,0.00000,0.32000,0.00000,0.32000,0.00000,0.00000,0.00000,0.00000,0.00000,0.68000,0.00000,0.00000,0.00000,0.00000,0.00000,0.32000,0.00000,0.00000,0.11333,0.32000,0.68000,0.32000,0.68000,0.00000,0.00000,0.11333,0.32000,0.00000,0.00000,0.11333,0.32000,0.68000,0.00000,0.00000,1.00000,0.00000,0.00000,0.32000,0.00000,0.11333,0.68000,0.25500,0.25500,0.25500,0.25500,0.25500,0.25500,0.25500,0.25500,0.00000,0.00000,0.00000,0.00000,0.00000,0.00000,0.00000,0.00000,0.00000,0.00000,0.00000,0.00000,0.00000,0.00000,0.00000,0.07556,0.07556,0.07556,0.07556,0.07556,0.07556,0.07556,0.07556,0.07556,0.07556,0.07556,0.07556,0.07556,0.25500,0.25500,0.25500,0.25500,0.25500,0.25500,0.25500,0.25500,0.25500,0.25500,0.25500,0.25500,0.25500,0.29143,0.29143,0.34000,0.29143,0.25500,0.08500,0.08500,0.25500,0.25500,0.06800,0.06800,0.06800,0.15111,0.15111,0.15111,0.15111,0.00000,0.00000,0.00000,0.00000,0.00000,0.00000,0.00000,0.15111,0.15111,0.15111,0.15111,0.15111,0.15111,0.15111,0.15111,0.15111,0.06800
lock_mutex,0.00000,0.00000,0.00000,0.00000,0.00000,1.00000,0.00000,0.32000,0.00000,0.00000,0.00000,0.00000,0.00000,0.00000,1.00000,0.00000,0.00000,0.00000,0.00000,0.00000,0.00000,0.00000,0.00000,0.00000,0.00000,0.00000,0.00000,0.00000,0.00000,0.00000,0.00000,0.00000,0.00000,0.00000,0.00000,0.00000,0.00000,0.00000,0.00000,0.00000,0.00000,0.00000,0.00000,0.00000,0.00000,0.00000,0.00000,0.00000,0.00000,0.00000,1.00000,0.00000,0.00000,0.00000,0.00000,0.00000,1.00000,0.00000,0.00000,0.00000,0.00000,0.00000,0.00000,0.00000,0.00000,0.00000,0.00000,0.00000,0.00000,0.00000,0.00000,0.00000,0.00000,0.00000,0.00000,0.00000,0.00000,0.00000,0.00000,0.00000,0.00000,0.00000,0.00000,0.00000,1.00000,1.00000,0.00000,0.00000,0.00000,0.00000,0.00000,0.00000,0.00000,0.00000,0.00000,0.00000,0.00000,0.00000,0.00000,0.00000,0.00000,0.00000,0.00000,0.00000,0.00000,0.00000,0.00000,0.00000,0.00000,0.00000,0.00000,0.00000,0.00000,0.00000,0.00000,0.00000,0.00000,0.00000,0.00000,0.00000,0.00000,0.00000,0.00000,0.00000,0.00000,0.00000,0.00000,0.00000,0.00000,0.00000,0.00000,0.00000,0.00000,0.00000,0.00000,0.00000,0.00000,0.00000,0.00000,0.00000,0.00000,0.00000,0.00000,0.00000,0.00000,0.00000,0.00000,0.00000,0.00000,0.00000,0.00000,0.00000,0.00000,0.00000,0.00000,0.00000,0.00000,0.00000,0.00000,0.49000,0.49000,0.49000,0.49000,0.00000,0.00000,0.00000,0.00000,0.00000,0.00000,0.00000,0.00000,0.00000,0.00000,0.00000,0.00000,0.00000,0.00000,0.00000,0.00000,0.00000
macro,0.00000,0.00000,0.00000,0.00000,0.00000,0.00000,0.00000,0.00000,0.00000,0.00000,1.00000,0.00000,0.00000,0.00000,0.00000,0.00000,0.00000,1.00000,1.00000,0.00000,0.00000,0.00000,0.00000,0.00000,0.00000,0.00000,0.00000,0.00000,0.00000,0.00000,0.00000,0.00000,0.00000,0.00000,0.00000,0.00000,0.00000,0.00000,0.00000,0.00000,0.00000,0.00000,0.00000,1.00000,0.00000,0.00000,0.00000,0.00000,0.00000,0.00000,0.00000,1.00000,0.00000,0.00000,0.00000,0.00000,0.00000,0.00000,0.00000,0.00000,0.00000,1.00000,0.00000,0.00000,0.00000,0.00000,0.00000,0.00000,0.00000,0.00000,0.00000,0.00000,0.00000,0.00000,0.00000,0.00000,0.00000,0.00000,0.00000,0.00000,0.00000,0.00000,0.00000,0.00000,0.00000,0.00000,0.00000,0.00000,0.00000,0.00000,0.00000,0.00000,0.00000,0.00000,0.00000,0.00000,0.00000,0.00000,0.00000,0.00000,0.00000,0.00000,0.00000,0.00000,0.00000,0.00000,0.08500,0.08500,0.08500,0.08500,0.08500,0.08500,0.08500,0.08500,0.08500,0.08500,0.08500,0.08500,0.08500,0.08500,0.08500,0.00000,0.00000,0.00000,0.00000,0.00000,0.00000,0.00000,0.00000,0.00000,0.00000,0.00000,0.00000,0.00000,0.00000,0.00000,0.00000,0.00000,0.00000,0.00000,0.00000,0.00000,0.00000,0.00000,0.00000,0.00000,0.00000,0.00000,0.00000,0.00000,0.00000,0.07556,0.00000,0.00000,0.07556,0.07556,0.39556,0.39556,0.39556,0.07556,0.07556,0.07556,0.07556,0.34000,0.00000,0.34000,0.00000,0.34000,0.34000,0.34000,0.29143,0.29143,0.29143,0.29143,0.29143,0.29143,0.29143,0.29143,0.29143,0.39556
manual_memory,0.68000,0.00000,0.00000,0.00000,0.00000,0.00000,0.00000,0.00000,0.00000,0.00000,0.00000,0.00000,0.00000,0.00000,0.00000,0.00000,0.00000,0.00000,0.00000,0.00000,0.00000,0.00000,0.00000,0.00000,0.00000,0.00000,1.00000,0.00000,0.00000,0.00000,0.00000,0.00000,1.00000,0.00000,0.00000,0.00000,0.00000,0.00000,0.00000,0.00000,0.00000,0.00000,0.00000,0.00000,1.00000,0.00000,0.00000,0.00000,0.00000,0.00000,0.00000,0.00000,1.00000,0.00000,0.00000,0.00000,0.00000,0.00000,0.00000,0.00000,0.00000,0.00000,0.00000,0.00000,1.00000,0.00000,0.00000,0.00000,0.00000,0.00000,0.00000,0.00000,0.00000,0.00000,0.00000,0.00000,0.00000,0.00000,0.00000,0.00000,0.00000,0.00000,0.00000,0.00000,0.00000,0.00000,0.00000,0.00000,0.00000,0.00000,0.00000,0.00000,0.00000,1.00000,0.00000,0.00000,0.00000,0.00000,0.00000,0.00000,0.00000,0.00000,0.00000,0.00000,0.00000,0.00000,0.00000,0.00000,0.00000,0.00000,0.00000,0.00000,0.00000,0.00000,0.00000,0.00000,0.00000,0.00000,0.00000,0.00000,0.00000,0.08500,0.08500,0.08500,0.08500,0.08500,0.08500,0.08500,0.08500,0.08500,0.08500,0.08500,0.08500,0.08500,0.00000,0.00000,0.00000,0.00000,0.00000,0.00000,0.00000,0.00000,0.00000,0.00000,0.00000,0.00000,0.00000,0.00000,0.00000,0.00000,0.00000,0.00000,0.00000,0.00000,0.00000,0.00000,0.00000,0.00000,0.00000,0.00000,0.00000,0.00000,0.00000,0.08500,0.66000,0.08500,0.66000,0.08500,0.08500,0.08500,0.07556,0.07556,0.07556,0.07556,0.07556,0.07556,0.07556,0.07556,0.07556,0.00000
map_dict,0.00000,0.00000,1.00000,0.00000,0.68000,0.00000,0.00000,0.68000,0.68000,0.11333,0.00000,0.68000,0.00000,0.68000,0.00000,0.00000,0.68000,0.00000,0.00000,0.68000,0.00000,0.11333,0.11333,0.00000,0.00000,0.11333,0.00000,0.00000,0.11333,0.11333,0.00000,0.00000,0.00000,0.00000,0.00000,0.00000,0.11333,0.68000,0.11333,0.00000,1.00000,0.00000,0.00000,0.00000,0.00000,0.00000,0.68000,0.68000,0.68000,0.68000,0.00000,0.00000,0.00000,1.00000,0.00000,0.68000,0.00000,0.00000,0.00000,0.00000,0.00000,0.00000,0.00000,0.00000,0.00000,0.00000,0.68000,0.00000,0.00000,0.00000,0.00000,0.00000,0.00000,0.00000,0.00000,0.11333,0.00000,1.00000,0.00000,1.00000,0.00000,0.00000,0.11333,0.00000,0.00000,0.00000,0.11333,0.00000,1.00000,0.00000,0.00000,0.68000,0.00000,0.00000,0.00000,0.00000,0.11333,0.68000,0.25500,0.25500,0.25500,0.25500,0.25500,0.25500,0.25500,0.25500,0.00000,0.00000,0.00000,0.00000,0.00000,0.00000,0.00000,0.00000,0.00000,0.00000,0.00000,0.00000,0.00000,0.00000,0.00000,0.07556,0.07556,0.07556,0.07556,0.07556,0.07556,0.07556,0.07556,0.07556,0.07556,0.07556,0.07556,0.07556,0.25500,0.25500,0.25500,0.25500,0.25500,0.25500,0.25500,0.25500,0.25500,0.25500,0.25500,0.25500,0.25500,0.29143,0.29143,0.66000,0.29143,0.25500,0.08500,0.08500,0.25500,0.25500,0.06800,0.06800,0.06800,0.15111,0.15111,0.15111,0.15111,0.00000,0.00000,0.00000,0.00000,0.00000,0.00000,0.00000,0.15111,0.15111,0.15111,0.15111,0.15111,0.15111,0.15111,0.15111,0.15111,0.06800
map_type,0.00000,0.00000,0.00000,1.00000,0.00000,0.00000,0.13600,0.00000,0.00000,0.00000,0.00000,0.00000,0.00000,0.00000,0.00000,0.13600,0.00000,0.00000,0.00000,0.00000,0.13600,0.00000,0.00000,0.00000,0.13600,0.00000,0.00000,0.00000,0.00000,0.00000,0.13600,1.00000,0.00000,0.45600,1.00000,0.00000,0.00000,0.00000,0.00000,0.13600,0.00000,0.13600,0.00000,0.00000,0.00000,0.00000,0.00000,0.00000,0.00000,0.00000,0.00000,0.00000,0.00000,0.00000,1.00000,0.00000,0.00000,0.13600,0.00000,0.00000,0.00000,0.00000,0.68000,1.00000,0.00000,0.13600,0.00000,1.00000,1.00000,1.00000,1.00000,1.00000,0.00000,1.00000,0.00000,0.00000,0.00000,0.00000,0.00000,0.00000,0.13600,1.00000,0.00000,0.00000,0.00000,0.00000,0.00000,0.00000,0.00000,1.00000,1.00000,0.00000,1.00000,0.00000,0.13600,0.13600,0.00000,0.00000,0.17000,0.17000,0.17000,0.17000,0.17000,0.17000,0.17000,0.17000,0.66000,0.66000,0.66000,0.66000,0.66000,0.66000,0.66000,0.66000,0.66000,0.66000,0.66000,0.66000,0.66000,0.66000,0.66000,0.08500,0.08500,0.08500,0.08500,0.08500,0.08500,0.08500,0.08500,0.08500,0.08500,0.08500,0.08500,0.08500,0.17000,0.17000,0.17000,0.17000,0.17000,0.17000,0.17000,0.17000,0.17000,0.17000,0.17000,0.17000,0.17000,0.08500,0.08500,0.09714,0.08500,0.00000,0.00000,0.00000,0.00000,0.00000,0.07556,0.07556,0.07556,0.00000,0.00000,0.00000,0.00000,0.08500,0.19429,0.08500,0.19429,0.08500,0.08500,0.08500,0.00000,0.00000,0.00000,0.00000,0.00000,0.00000,0.00000,0.00000,0.00000,0.07556
member_access,0.32000,0.00000,0.68000,0.00000,0.68000,0.00000,0.00000,0.68000,0.68000,0.11333,0.00000,1.00000,0.00000,0.68000,0.00000,0.00000,0.68000,0.00000,0.00000,0.68000,0.00000,0.11333,0.11333,0.32000,0.00000,0.11333,0.00000,0.00000,0.11333,0.11333,0.00000,0.00000,0.00000,0.00000,0.00000,0.00000,0.11333,0.68000,0.11333,0.00000,0.68000,0.00000,0.00000,0.00000,0.00000,0.00000,0.68000,0.68000,0.68000,0.68000,0.00000,0.00000,0.00000,0.68000,0.00000,1.00000,0.00000,0.00000,0.00000,0.32000,0.00000,0.00000,0.00000,0.00000,0.00000,0.32000,0.68000,0.00000,0.00000,0.00000,0.00000,0.00000,0.00000,0.00000,0.32000,0.11333,0.00000,0.68000,0.00000,0.68000,0.00000,0.00000,0.11333,0.00000,0.00000,0.00000,0.11333,0.00000,0.68000,0.00000,0.00000,0.68000,0.00000,0.00000,0.00000,0.00000,0.11333,0.68000,0.25500,0.25500,0.25500,0.25500,0.25500,0.25500,0.25500,0.25500,0.00000,0.00000,0.00000,0.00000,0.00000,0.00000,0.00000,0.00000,0.00000,0.00000,0.00000,0.00000,0.00000,0.00000,0.00000,0.07556,0.07556,0.07556,0.07556,0.07556,0.07556,0.07556,0.07556,0.07556,0.07556,0.07556,0.07556,0.07556,0.57500,0.57500,0.57500,0.57500,0.57500,0.57500,0.57500,0.57500,0.57500,0.57500,0.57500,0.57500,0.57500,0.29143,0.29143,0.34000,0.29143,0.25500,0.08500,0.08500,0.25500,0.25500,0.06800,0.06800,0.06800,0.15111,0.15111,0.15111,0.15111,0.00000,0.00000,0.00000,0.00000,0.00000,0.00000,0.00000,0.15111,0.15111,0.15111,0.15111,0.15111,0.15111,0.15111,0.15111,0.15111,0.06800
memory_model,0.00000,0.00000,0.00000,0.00000,0.00000,1.00000,0.00000,0.32000,0.00000,0.00000,0.00000,0.00000,0.00000,0.00000,1.00000,0.00000,0.00000,0.00000,0.00000,0.00000,0.00000,0.00000,0.00000,0.00000,0.00000,0.00000,0.00000,0.00000,0.00000,0.00000,0.00000,0.00000,0.00000,0.00000,0.00000,0.00000,0.00000,0.00000,0.00000,0.00000,0.00000,0.00000,0.00000,0.00000,0.00000,0.00000,0.00000,0.00000,0.00000,0.00000,1.00000,0.00000,0.00000,0.00000,0.00000,0.00000,1.00000,0.00000,0.00000,0.00000,0.00000,0.00000,0.00000,0.00000,0.00000,0.00000,0.00000,0.00000,0.00000,0.00000,0.00000,0.00000,0.00000,0.00000,0.00000,0.00000,0.00000,0.00000,0.00000,0.00000,0.00000,0.00000,0.00000,0.00000,1.00000,1.00000,0.00000,0.00000,0.00000,0.00000,0.00000,0.00000,0.00000,0.00000,0.00000,0.00000,0.00000,0.00000,0.00000,0.00000,0.00000,0.00000,0.00000,0.00000,0.00000,0.00000,0.00000,0.00000,0.00000,0.00000,0.00000,0.00000,0.00000,0.00000,0.00000,0.00000,0.00000,0.00000,0.00000,0.00000,0.00000,0.00000,0.00000,0.00000,0.00000,0.00000,0.00000,0.00000,0.00000,0.00000,0.00000,0.00000,0.00000,0.00000,0.00000,0.00000,0.00000,0.00000,0.00000,0.00000,0.00000,0.00000,0.00000,0.00000,0.00000,0.00000,0.00000,0.00000,0.00000,0.00000,0.00000,0.00000,0.00000,0.00000,0.00000,0.00000,0.00000,0.00000,0.00000,0.49000,0.49000,0.49000,0.49000,0.00000,0.00000,0.00000,0.00000,0.00000,0.00000,0.00000,0.00000,0.00000,0.00000,0.00000,0.00000,0.00000,0.00000,0.00000,0.00000,0.00000
module,0.00000,0.00000,0.00000,0.13600,0.00000,0.00000,1.00000,0.00000,0.00000,0.00000,0.00000,0.00000,0.13600,0.00000,0.00000,1.00000,0.00000,0.00000,0.00000,0.00000,0.68000,0.00000,0.00000,0.00000,1.00000,0.00000,0.00000,0.00000,0.00000,0.00000,0.68000,0.13600,0.00000,0.68000,0.13600,0.00000,0.00000,0.00000,0.00000,1.00000,0.00000,1.00000,0.00000,0.00000,0.00000,0.13600,0.00000,0.00000,0.00000,0.00000,0.00000,0.00000,0.00000,0.00000,0.13600,0.00000,0.00000,1.00000,0.00000,0.13600,0.00000,0.00000,0.13600,0.13600,0.00000,0.68000,0.00000,0.13600,0.13600,0.13600,0.13600,0.13600,0.00000,0.13600,0.00000,0.00000,0.13600,0.00000,0.13600,0.00000,1.00000,0.13600,0.00000,0.13600,0.00000,0.00000,0.00000,0.00000,0.00000,0.13600,0.13600,0.00000,0.13600,0.00000,0.68000,1.00000,0.00000,0.00000,0.07556,0.07556,0.07556,0.07556,0.07556,0.07556,0.07556,0.07556,0.19429,0.19429,0.19429,0.19429,0.19429,0.19429,0.19429,0.19429,0.19429,0.19429,0.19429,0.19429,0.19429,0.19429,0.19429,0.66000,0.66000,0.66000,0.66000,0.66000,0.66000,0.66000,0.66000,0.66000,0.66000,0.66000,0.66000,0.66000,0.17000,0.17000,0.17000,0.17000,0.17000,0.17000,0.17000,0.17000,0.17000,0.17000,0.17000,0.17000,0.17000,0.08500,0.08500,0.09714,0.08500,0.17000,0.00000,0.00000,0.17000,0.17000,0.17000,0.17000,0.17000,0.00000,0.00000,0.00000,0.00000,0.19429,0.08500,0.19429,0.08500,0.19429,0.19429,0.19429,0.00000,0.00000,0.00000,0.00000,0.00000,0.00000,0.00000,0.00000,0.00000,0.17000
mutation,0.00000,1.00000,0.00000,0.00000,0.32000,0.00000,0.00000,0.00000,0.32000,0.00000,0.00000,0.00000,0.00000,0.32000,0.00000,0.00000,0.00000,0.00000,0.00000,0.32000,0.32000,0.00000,0.00000,0.68000,0.00000,0.00000,0.00000,1.00000,0.00000,0.00000,0.00000,0.00000,0.00000,0.00000,0.00000,1.00000,0.00000,0.00000,0.00000,0.00000,0.00000,0.00000,1.00000,0.00000,0.00000,0.00000,0.32000,0.00000,0.32000,0.32000,0.00000,0.00000,0.00000,0.00000,0.00000,0.00000,0.00000,0.00000,1.00000,0.00000,1.00000,0.00000,0.00000,0.00000,0.00000,0.00000,0.00000,0.00000,0.00000,0.00000,0.00000,0.00000,1.00000,0.00000,0.68000,0.00000,0.32000,0.00000,0.32000,0.00000,0.00000,0.00000,0.00000,0.32000,0.00000,0.00000,0.00000,1.00000,0.00000,0.00000,0.00000,0.32000,0.00000,0.00000,0.32000,0.00000,0.00000,0.00000,0.07556,0.07556,0.07556,0.07556,0.07556,0.07556,0.07556,0.07556,0.00000,0.00000,0.00000,0.00000,0.00000,0.00000,0.00000,0.00000,0.00000,0.00000,0.00000,0.00000,0.00000,0.00000,0.00000,0.00000,0.00000,0.00000,0.00000,0.00000,0.00000,0.00000,0.00000,0.00000,0.00000,0.00000,0.00000,0.00000,0.00000,0.00000,0.00000,0.00000,0.00000,0.00000,0.00000,0.00000,0.00000,0.00000,0.00000,0.00000,0.00000,0.00000,0.00000,0.00000,0.00000,0.00000,0.22667,0.22667,0.00000,0.00000,0.17000,0.17000,0.17000,0.07556,0.07556,0.07556,0.07556,0.00000,0.08500,0.00000,0.08500,0.00000,0.00000,0.00000,0.00000,0.00000,0.00000,0.00000,0.00000,0.00000,0.00000,0.00000,0.00000,0.17000
name_resolution,0.32000,0.00000,0.00000,0.00000,0.00000,0.00000,0.13600,0.00000,0.00000,0.00000,0.00000,0.32000,0.68000,0.00000,0.00000,0.13600,0.00000,0.00000,0.00000,0.00000,0.13600,0.00000,0.00000,0.32000,0.13600,0.00000,0.00000,0.00000,0.00000,0.00000,0.13600,0.00000,0.00000,0.13600,0.00000,0.00000,0.00000,0.00000,0.00000,0.13600,0.00000,0.13600,0.00000,0.00000,0.00000,0.68000,0.00000,0.00000,0.00000,0.00000,0.00000,0.00000,0.00000,0.00000,0.00000,0.32000,0.00000,0.13600,0.00000,1.00000,0.00000,0.00000,0.00000,0.00000,0.00000,0.45600,0.00000,0.00000,0.00000,0.00000,0.00000,0.00000,0.00000,0.00000,0.32000,0.00000,0.68000,0.00000,0.68000,0.00000,0.13600,0.00000,0.00000,0.68000,0.00000,0.00000,0.00000,0.00000,0.00000,0.00000,0.00000,0.00000,0.00000,0.00000,0.13600,0.13600,0.00000,0.00000,0.00000,0.00000,0.00000,0.00000,0.00000,0.00000,0.00000,0.00000,0.19429,0.19429,0.19429,0.19429,0.19429,0.19429,0.19429,0.19429,0.19429,0.19429,0.19429,0.19429,0.19429,0.19429,0.19429,0.19429,0.19429,0.19429,0.19429,0.19429,0.19429,0.19429,0.19429,0.19429,0.19429,0.19429,0.19429,0.19429,0.49000,0.49000,0.49000,0.49000,0.49000,0.49000,0.49000,0.49000,0.49000,0.49000,0.49000,0.49000,0.49000,0.00000,0.00000,0.00000,0.00000,0.17000,0.00000,0.00000,0.17000,0.17000,0.07556,0.07556,0.07556,0.00000,0.00000,0.00000,0.00000,0.08500,0.00000,0.08500,0.00000,0.08500,0.08500,0.08500,0.00000,0.00000,0.00000,0.00000,0.00000,0.00000,0.00000,0.00000,0.00000,0.07556
network,0.00000,1.00000,0.00000,0.00000,0.32000,0.00000,0.00000,0.00000,0.32000,0.00000,0.00000,0.00000,0.00000,0.32000,0.00000,0.00000,0.00000,0.00000,0.00000,0.32000,0.32000,0.00000,0.00000,0.68000,0.00000,0.00000,0.00000,1.00000,0.00000,0.00000,0.00000,0.00000,0.00000,0.00000,0.00000,1.00000,0.00000,0.00000,0.00000,0.00000,0.00000,0.00000,1.00000,0.00000,0.00000,0.00000,0.32000,0.00000,0.32000,0.32000,0.00000,0.00000,0.00000,0.00000,0.00000,0.00000,0.00000,0.00000,1.00000,0.00000,1.00000,0.00000,0.00000,0.00000,0.00000,0.00000,0.00000,0.00000,0.00000,0.00000,0.00000,0.00000,1.00000,0.00000,0.68000,0.00000,0.32000,0.00000,0.32000,0.00000,0.00000,0.00000,0.00000,0.32000,0.00000,0.00000,0.00000,1.00000,0.00000,0.00000,0.00000,0.32000,0.00000,0.00000,0.32000,0.00000,0.00000,0.00000,0.07556,0.07556,0.07556,0.07556,0.07556,0.07556,0.07556,0.07556,0.00000,0.00000,0.00000,0.00000,0.00000,0.00000,0.00000,0.00000,0.00000,0.00000,0.00000,0.00000,0.00000,0.00000,0.00000,0.00000,0.00000,0.00000,0.00000,0.00000,0.00000,0.00000,0.00000,0.00000,0.00000,0.00000,0.00000,0.00000,0.00000,0.00000,0.00000,0.00000,0.00000,0.00000,0.00000,0.00000,0.00000,0.00000,0.00000,0.00000,0.00000,0.00000,0.00000,0.00000,0.00000,0.00000,0.22667,0.22667,0.00000,0.00000,0.17000,0.17000,0.17000,0.07556,0.07556,0.07556,0.07556,0.00000,0.08500,0.00000,0.08500,0.00000,0.00000,0.00000,0.00000,0.00000,0.00000,0.00000,0.00000,0.00000,0.00000,0.00000,0.00000,0.17000
optimizer,0.00000,0.00000,0.00000,0.00000,0.00000,0.00000,0.00000,0.00000,0.00000,0.00000,1.00000,0.00000,0.00000,0.00000,0.00000,0.00000,0.00000,1.00000,1.00000,0.00000,0.00000,0.00000,0.00000,0.00000,0.00000,0.00000,0.00000,0.00000,0.00000,0.00000,0.00000,0.00000,0.00000,0.00000,0.00000,0.00000,0.00000,0.00000,0.00000,0.00000,0.00000,0.00000,0.00000,1.00000,0.00000,0.00000,0.00000,0.00000,0.00000,0.00000,0.00000,1.00000,0.00000,0.00000,0.00000,0.00000,0.00000,0.00000,0.00000,0.00000,0.00000,1.00000,0.00000,0.00000,0.00000,0.00000,0.00000,0.00000,0.00000,0.00000,0.00000,0.00000,0.00000,0.00000,0.00000,0.00000,0.00000,0.00000,0.00000,0.00000,0.00000,0.00000,0.00000,0.00000,0.00000,0.00000,0.00000,0.00000,0.00000,0.00000,0.00000,0.00000,0.00000,0.00000,0.00000,0.00000,0.00000,0.00000,0.00000,0.00000,0.00000,0.00000,0.00000,0.00000,0.00000,0.00000,0.08500,0.08500,0.08500,0.08500,0.08500,0.08500,0.08500,0.08500,0.08500,0.08500,0.08500,0.08500,0.08500,0.08500,0.08500,0.00000,0.00000,0.00000,0.00000,0.00000,0.00000,0.00000,0.00000,0.00000,0.00000,0.00000,0.00000,0.00000,0.00000,0.00000,0.00000,0.00000,0.00000,0.00000,0.00000,0.00000,0.00000,0.00000,0.00000,0.00000,0.00000,0.00000,0.00000,0.00000,0.00000,0.07556,0.00000,0.00000,0.07556,0.07556,0.39556,0.39556,0.39556,0.07556,0.07556,0.07556,0.07556,0.34000,0.00000,0.34000,0.00000,0.34000,0.34000,0.34000,0.29143,0.29143,0.29143,0.29143,0.29143,0.29143,0.29143,0.29143,0.29143,0.39556
optional_nullable,0.00000,0.00000,0.00000,0.68000,0.00000,0.00000,0.13600,0.00000,0.00000,0.00000,0.00000,0.00000,0.00000,0.00000,0.00000,0.13600,0.00000,0.00000,0.00000,0.00000,0.13600,0.00000,0.00000,0.00000,0.13600,0.00000,0.00000,0.00000,0.00000,0.00000,0.13600,0.68000,0.00000,0.13600,0.68000,0.00000,0.00000,0.00000,0.00000,0.13600,0.00000,0.13600,0.00000,0.00000,0.00000,0.00000,0.00000,0.32000,0.00000,0.00000,0.00000,0.00000,0.00000,0.00000,0.68000,0.00000,0.00000,0.13600,0.00000,0.00000,0.00000,0.00000,1.00000,0.68000,0.00000,0.13600,0.00000,0.68000,0.68000,0.68000,0.68000,0.68000,0.00000,0.68000,0.00000,0.00000,0.00000,0.00000,0.00000,0.00000,0.13600,0.68000,0.00000,0.00000,0.00000,0.00000,0.00000,0.00000,0.00000,0.68000,0.68000,0.00000,0.68000,0.00000,0.13600,0.13600,0.00000,0.00000,0.49000,0.49000,0.49000,0.49000,0.49000,0.49000,0.49000,0.49000,0.34000,0.34000,0.34000,0.34000,0.34000,0.34000,0.34000,0.34000,0.34000,0.34000,0.34000,0.34000,0.34000,0.34000,0.34000,0.08500,0.08500,0.08500,0.08500,0.08500,0.08500,0.08500,0.08500,0.08500,0.08500,0.08500,0.08500,0.08500,0.17000,0.17000,0.17000,0.17000,0.17000,0.17000,0.17000,0.17000,0.17000,0.17000,0.17000,0.17000,0.17000,0.08500,0.08500,0.09714,0.08500,0.00000,0.00000,0.00000,0.00000,0.00000,0.07556,0.07556,0.07556,0.00000,0.00000,0.00000,0.00000,0.08500,0.19429,0.08500,0.19429,0.08500,0.08500,0.08500,0.00000,0.00000,0.00000,0.00000,0.00000,0.00000,0.00000,0.00000,0.00000,0.07556
overload_resolution,0.00000,0.00000,0.00000,1.00000,0.00000,0.00000,0.13600,0.00000,0.00000,0.00000,0.00000,0.00000,0.00000,0.00000,0.00000,0.13600,0.00000,0.00000,0.00000,0.00000,0.13600,0.00000,0.00000,0.00000,0.13600,0.00000,0.00000,0.00000,0.00000,0.00000,0.13600,1.00000,0.00000,0.45600,1.00000,0.00000,0.00000,0.00000,0.00000,0.13600,0.00000,0.13600,0.00000,0.00000,0.00000,0.00000,0.00000,0.00000,0.00000,0.00000,0.00000,0.00000,0.00000,0.00000,1.00000,0.00000,0.00000,0.13600,0.00000,0.00000,0.00000,0.00000,0.68000,1.00000,0.00000,0.13600,0.00000,1.00000,1.00000,1.00000,1.00000,1.00000,0.00000,1.00000,0.00000,0.00000,0.00000,0.00000,0.00000,0.00000,0.13600,1.00000,0.00000,0.00000,0.00000,0.00000,0.00000,0.00000,0.00000,1.00000,1.00000,0.00000,1.00000,0.00000,0.13600,0.13600,0.00000,0.00000,0.17000,0.17000,0.17000,0.17000,0.17000,0.17000,0.17000,0.17000,0.66000,0.66000,0.66000,0.66000,0.66000,0.66000,0.66000,0.66000,0.66000,0.66000,0.66000,0.66000,0.66000,0.66000,0.66000,0.08500,0.08500,0.08500,0.08500,0.08500,0.08500,0.08500,0.08500,0.08500,0.08500,0.08500,0.08500,0.08500,0.17000,0.17000,0.17000,0.17000,0.17000,0.17000,0.17000,0.17000,0.17000,0.17000,0.17000,0.17000,0.17000,0.08500,0.08500,0.09714,0.08500,0.00000,0.00000,0.00000,0.00000,0.00000,0.07556,0.07556,0.07556,0.00000,0.00000,0.00000,0.00000,0.08500,0.19429,0.08500,0.19429,0.08500,0.08500,0.08500,0.00000,0.00000,0.00000,0.00000,0.00000,0.00000,0.00000,0.00000,0.00000,0.07556
ownership,0.68000,0.00000,0.00000,0.00000,0.00000,0.00000,0.00000,0.00000,0.00000,0.00000,0.00000,0.00000,0.00000,0.00000,0.00000,0.00000,0.00000,0.00000,0.00000,0.00000,0.00000,0.00000,0.00000,0.00000,0.00000,0.00000,1.00000,0.00000,0.00000,0.00000,0.00000,0.00000,1.00000,0.00000,0.00000,0.00000,0.00000,0.00000,0.00000,0.00000,0.00000,0.00000,0.00000,0.00000,1.00000,0.00000,0.00000,0.00000,0.00000,0.00000,0.00000,0.00000,1.00000,0.00000,0.00000,0.00000,0.00000,0.00000,0.00000,0.00000,0.00000,0.00000,0.00000,0.00000,1.00000,0.00000,0.00000,0.00000,0.00000,0.00000,0.00000,0.00000,0.00000,0.00000,0.00000,0.00000,0.00000,0.00000,0.00000,0.00000,0.00000,0.00000,0.00000,0.00000,0.00000,0.00000,0.00000,0.00000,0.00000,0.00000,0.00000,0.00000,0.00000,1.00000,0.00000,0.00000,0.00000,0.00000,0.00000,0.00000,0.00000,0.00000,0.00000,0.00000,0.00000,0.00000,0.00000,0.00000,0.00000,0.00000,0.00000,0.00000,0.00000,0.00000,0.00000,0.00000,0.00000,0.00000,0.00000,0.00000,0.00000,0.08500,0.08500,0.08500,0.08500,0.08500,0.08500,0.08500,0.08500,0.08500,0.08500,0.08500,0.08500,0.08500,0.00000,0.00000,0.00000,0.00000,0.00000,0.00000,0.00000,0.00000,0.00000,0.00000,0.00000,0.00000,0.00000,0.00000,0.00000,0.00000,0.00000,0.00000,0.00000,0.00000,0.00000,0.00000,0.00000,0.00000,0.00000,0.00000,0.00000,0.00000,0.00000,0.08500,0.66000,0.08500,0.66000,0.08500,0.08500,0.08500,0.07556,0.07556,0.07556,0.07556,0.07556,0.07556,0.07556,0.07556,0.07556,0.00000
parameter,0.32000,0.00000,0.00000,0.13600,0.00000,0.00000,0.68000,0.00000,0.00000,0.00000,0.00000,0.32000,0.13600,0.00000,0.00000,0.68000,0.00000,0.00000,0.00000,0.00000,0.68000,0.00000,0.00000,0.32000,0.68000,0.00000,0.00000,0.00000,0.00000,0.00000,0.68000,0.13600,0.00000,0.68000,0.13600,0.00000,0.00000,0.00000,0.00000,0.68000,0.00000,0.68000,0.00000,0.00000,0.00000,0.13600,0.00000,0.00000,0.00000,0.00000,0.00000,0.00000,0.00000,0.00000,0.13600,0.32000,0.00000,0.68000,0.00000,0.45600,0.00000,0.00000,0.13600,0.13600,0.00000,1.00000,0.00000,0.13600,0.13600,0.13600,0.13600,0.13600,0.00000,0.13600,0.32000,0.00000,0.13600,0.00000,0.13600,0.00000,0.68000,0.13600,0.00000,0.13600,0.00000,0.00000,0.00000,0.00000,0.00000,0.13600,0.13600,0.00000,0.13600,0.00000,0.68000,0.68000,0.00000,0.00000,0.07556,0.07556,0.07556,0.07556,0.07556,0.07556,0.07556,0.07556,0.19429,0.19429,0.19429,0.19429,0.19429,0.19429,0.19429,0.19429,0.19429,0.19429,0.19429,0.19429,0.19429,0.19429,0.19429,0.34000,0.34000,0.34000,0.34000,0.34000,0.34000,0.34000,0.34000,0.34000,0.34000,0.34000,0.34000,0.34000,0.49000,0.49000,0.49000,0.49000,0.49000,0.49000,0.49000,0.49000,0.49000,0.49000,0.49000,0.49000,0.49000,0.08500,0.08500,0.09714,0.08500,0.17000,0.00000,0.00000,0.17000,0.17000,0.17000,0.17000,0.17000,0.00000,0.00000,0.00000,0.00000,0.19429,0.08500,0.19429,0.08500,0.19429,0.19429,0.19429,0.00000,0.00000,0.00000,0.00000,0.00000,0.00000,0.00000,0.00000,0.00000,0.17000
pattern,0.00000,0.00000,0.68000,0.00000,0.68000,0.00000,0.00000,0.68000,0.68000,0.43333,0.00000,0.68000,0.00000,0.68000,0.00000,0.00000,0.68000,0.00000,0.00000,0.68000,0.00000,0.43333,0.11333,0.00000,0.00000,0.11333,0.00000,0.00000,0.43333,0.43333,0.00000,0.00000,0.00000,0.00000,0.00000,0.00000,0.43333,1.00000,0.43333,0.00000,0.68000,0.00000,0.00000,0.00000,0.00000,0.32000,0.68000,0.68000,0.68000,0.68000,0.00000,0.00000,0.00000,0.68000,0.00000,0.68000,0.00000,0.00000,0.00000,0.00000,0.00000,0.00000,0.00000,0.00000,0.00000,0.00000,1.00000,0.00000,0.00000,0.00000,0.00000,0.00000,0.00000,0.00000,0.00000,0.43333,0.00000,0.68000,0.00000,0.68000,0.00000,0.00000,0.43333,0.00000,0.00000,0.00000,0.11333,0.00000,0.68000,0.00000,0.00000,0.68000,0.00000,0.00000,0.00000,0.00000,0.43333,1.00000,0.25500,0.25500,0.25500,0.25500,0.25500,0.25500,0.25500,0.25500,0.00000,0.00000,0.00000,0.00000,0.00000,0.00000,0.00000,0.00000,0.00000,0.00000,0.00000,0.00000,0.00000,0.00000,0.00000,0.07556,0.07556,0.07556,0.07556,0.07556,0.07556,0.07556,0.07556,0.07556,0.07556,0.07556,0.07556,0.07556,0.25500,0.25500,0.25500,0.25500,0.25500,0.25500,0.25500,0.25500,0.25500,0.25500,0.25500,0.25500,0.25500,0.61143,0.61143,0.34000,0.61143,0.25500,0.08500,0.08500,0.25500,0.25500,0.06800,0.06800,0.06800,0.15111,0.15111,0.15111,0.15111,0.00000,0.00000,0.00000,0.00000,0.00000,0.00000,0.00000,0.15111,0.15111,0.15111,0.15111,0.15111,0.15111,0.15111,0.15111,0.15111,0.06800
pointer,0.00000,0.00000,0.00000,1.00000,0.00000,0.00000,0.13600,0.00000,0.00000,0.00000,0.00000,0.00000,0.00000,0.00000,0.00000,0.13600,0.00000,0.00000,0.00000,0.00000,0.13600,0.00000,0.00000,0.00000,0.13600,0.00000,0.00000,0.00000,0.00000,0.00000,0.13600,1.00000,0.00000,0.45600,1.00000,0.00000,0.00000,0.00000,0.00000,0.13600,0.00000,0.13600,0.00000,0.00000,0.00000,0.00000,0.00000,0.00000,0.00000,0.00000,0.00000,0.00000,0.00000,0.00000,1.00000,0.00000,0.00000,0.13600,0.00000,0.00000,0.00000,0.00000,0.68000,1.00000,0.00000,0.13600,0.00000,1.00000,1.00000,1.00000,1.00000,1.00000,0.00000,1.00000,0.00000,0.00000,0.00000,0.00000,0.00000,0.00000,0.13600,1.00000,0.00000,0.00000,0.00000,0.00000,0.00000,0.00000,0.00000,1.00000,1.00000,0.00000,1.00000,0.00000,0.13600,0.13600,0.00000,0.00000,0.17000,0.17000,0.17000,0.17000,0.17000,0.17000,0.17000,0.17000,0.66000,0.66000,0.66000,0.66000,0.66000,0.66000,0.66000,0.66000,0.66000,0.66000,0.66000,0.66000,0.66000,0.66000,0.66000,0.08500,0.08500,0.08500,0.08500,0.08500,0.08500,0.08500,0.08500,0.08500,0.08500,0.08500,0.08500,0.08500,0.17000,0.17000,0.17000,0.17000,0.17000,0.17000,0.17000,0.17000,0.17000,0.17000,0.17000,0.17000,0.17000,0.08500,0.08500,0.09714,0.08500,0.00000,0.00000,0.00000,0.00000,0.00000,0.07556,0.07556,0.07556,0.00000,0.00000,0.00000,0.00000,0.08500,0.19429,0.08500,0.19429,0.08500,0.08500,0.08500,0.00000,0.00000,0.00000,0.00000,0.00000,0.00000,0.00000,0.00000,0.00000,0.07556
primitive_bool,0.00000,0.00000,0.00000,1.00000,0.00000,0.00000,0.13600,0.00000,0.00000,0.00000,0.00000,0.00000,0.00000,0.00000,0.00000,0.13600,0.00000,0.00000,0.00000,0.00000,0.13600,0.00000,0.00000,0.00000,0.13600,0.00000,0.00000,0.00000,0.00000,0.00000,0.13600,1.00000,0.00000,0.45600,1.00000,0.00000,0.00000,0.00000,0.00000,0.13600,0.00000,0.13600,0.00000,0.00000,0.00000,0.00000,0.00000,0.00000,0.00000,0.00000,0.00000,0.00000,0.00000,0.00000,1.00000,0.00000,0.00000,0.13600,0.00000,0.00000,0.00000,0.00000,0.68000,1.00000,0.00000,0.13600,0.00000,1.00000,1.00000,1.00000,1.00000,1.00000,0.00000,1.00000,0.00000,0.00000,0.00000,0.00000,0.00000,0.00000,0.13600,1.00000,0.00000,0.00000,0.00000,0.00000,0.00000,0.00000,0.00000,1.00000,1.00000,0.00000,1.00000,0.00000,0.13600,0.13600,0.00000,0.00000,0.17000,0.17000,0.17000,0.17000,0.17000,0.17000,0.17000,0.17000,0.66000,0.66000,0.66000,0.66000,0.66000,0.66000,0.66000,0.66000,0.66000,0.66000,0.66000,0.66000,0.66000,0.66000,0.66000,0.08500,0.08500,0.08500,0.08500,0.08500,0.08500,0.08500,0.08500,0.08500,0.08500,0.08500,0.08500,0.08500,0.17000,0.17000,0.17000,0.17000,0.17000,0.17000,0.17000,0.17000,0.17000,0.17000,0.17000,0.17000,0.17000,0.08500,0.08500,0.09714,0.08500,0.00000,0.00000,0.00000,0.00000,0.00000,0.07556,0.07556,0.07556,0.00000,0.00000,0.00000,0.00000,0.08500,0.19429,0.08500,0.19429,0.08500,0.08500,0.08500,0.00000,0.00000,0.00000,0.00000,0.00000,0.00000,0.00000,0.00000,0.00000,0.07556
primitive_float,0.00000,0.00000,0.00000,1.00000,0.00000,0.00000,0.13600,0.00000,0.00000,0.00000,0.00000,0.00000,0.00000,0.00000,0.00000,0.13600,0.00000,0.00000,0.00000,0.00000,0.13600,0.00000,0.00000,0.00000,0.13600,0.00000,0.00000,0.00000,0.00000,0.00000,0.13600,1.00000,0.00000,0.45600,1.00000,0.00000,0.00000,0.00000,0.00000,0.13600,0.00000,0.13600,0.00000,0.00000,0.00000,0.00000,0.00000,0.00000,0.00000,0.00000,0.00000,0.00000,0.00000,0.00000,1.00000,0.00000,0.00000,0.13600,0.00000,0.00000,0.00000,0.00000,0.68000,1.00000,0.00000,0.13600,0.00000,1.00000,1.00000,1.00000,1.00000,1.00000,0.00000,1.00000,0.00000,0.00000,0.00000,0.00000,0.00000,0.00000,0.13600,1.00000,0.00000,0.00000,0.00000,0.00000,0.00000,0.00000,0.00000,1.00000,1.00000,0.00000,1.00000,0.00000,0.13600,0.13600,0.00000,0.00000,0.17000,0.17000,0.17000,0.17000,0.17000,0.17000,0.17000,0.17000,0.66000,0.66000,0.66000,0.66000,0.66000,0.66000,0.66000,0.66000,0.66000,0.66000,0.66000,0.66000,0.66000,0.66000,0.66000,0.08500,0.08500,0.08500,0.08500,0.08500,0.08500,0.08500,0.08500,0.08500,0.08500,0.08500,0.08500,0.08500,0.17000,0.17000,0.17000,0.17000,0.17000,0.17000,0.17000,0.17000,0.17000,0.17000,0.17000,0.17000,0.17000,0.08500,0.08500,0.09714,0.08500,0.00000,0.00000,0.00000,0.00000,0.00000,0.07556,0.07556,0.07556,0.00000,0.00000,0.00000,0.00000,0.08500,0.19429,0.08500,0.19429,0.08500,0.08500,0.08500,0.00000,0.00000,0.00000,0.00000,0.00000,0.00000,0.00000,0.00000,0.00000,0.07556
primitive_integer,0.00000,0.00000,0.00000,1.00000,0.00000,0.00000,0.13600,0.00000,0.00000,0.00000,0.00000,0.00000,0.00000,0.00000,0.00000,0.13600,0.00000,0.00000,0.00000,0.00000,0.13600,0.00000,0.00000,0.00000,0.13600,0.00000,0.00000,0.00000,0.00000,0.00000,0.13600,1.00000,0.00000,0.45600,1.00000,0.00000,0.00000,0.00000,0.00000,0.13600,0.00000,0.13600,0.00000,0.00000,0.00000,0.00000,0.00000,0.00000,0.00000,0.00000,0.00000,0.00000,0.00000,0.00000,1.00000,0.00000,0.00000,0.13600,0.00000,0.00000,0.00000,0.00000,0.68000,1.00000,0.00000,0.13600,0.00000,1.00000,1.00000,1.00000,1.00000,1.00000,0.00000,1.00000,0.00000,0.00000,0.00000,0.00000,0.00000,0.00000,0.13600,1.00000,0.00000,0.00000,0.00000,0.00000,0.00000,0.00000,0.00000,1.00000,1.00000,0.00000,1.00000,0.00000,0.13600,0.13600,0.00000,0.00000,0.17000,0.17000,0.17000,0.17000,0.17000,0.17000,0.17000,0.17000,0.66000,0.66000,0.66000,0.66000,0.66000,0.66000,0.66000,0.66000,0.66000,0.66000,0.66000,0.66000,0.66000,0.66000,0.66000,0.08500,0.08500,0.08500,0.08500,0.08500,0.08500,0.08500,0.08500,0.08500,0.08500,0.08500,0.08500,0.08500,0.17000,0.17000,0.17000,0.17000,0.17000,0.17000,0.17000,0.17000,0.17000,0.17000,0.17000,0.17000,0.17000,0.08500,0.08500,0.09714,0.08500,0.00000,0.00000,0.00000,0.00000,0.00000,0.07556,0.07556,0.07556,0.00000,0.00000,0.00000,0.00000,0.08500,0.19429,0.08500,0.19429,0.08500,0.08500,0.08500,0.00000,0.00000,0.00000,0.00000,0.00000,0.00000,0.00000,0.00000,0.00000,0.07556
primitive_string,0.00000,0.00000,0.00000,1.00000,0.00000,0.00000,0.13600,0.00000,0.00000,0.00000,0.00000,0.00000,0.00000,0.00000,0.00000,0.13600,0.00000,0.00000,0.00000,0.00000,0.13600,0.00000,0.00000,0.00000,0.13600,0.00000,0.00000,0.00000,0.00000,0.00000,0.13600,1.00000,0.00000,0.45600,1.00000,0.00000,0.00000,0.00000,0.00000,0.13600,0.00000,0.13600,0.00000,0.00000,0.00000,0.00000,0.00000,0.00000,0.00000,0.00000,0.00000,0.00000,0.00000,0.00000,1.00000,0.00000,0.00000,0.13600,0.00000,0.00000,0.00000,0.00000,0.68000,1.00000,0.00000,0.13600,0.00000,1.00000,1.00000,1.00000,1.00000,1.00000,0.00000,1.00000,0.00000,0.00000,0.00000,0.00000,0.00000,0.00000,0.13600,1.00000,0.00000,0.00000,0.00000,0.00000,0.00000,0.00000,0.00000,1.00000,1.00000,0.00000,1.00000,0.00000,0.13600,0.13600,0.00000,0.00000,0.17000,0.17000,0.17000,0.17000,0.17000,0.17000,0.17000,0.17000,0.66000,0.66000,0.66000,0.66000,0.66000,0.66000,0.66000,0.66000,0.66000,0.66000,0.66000,0.66000,0.66000,0.66000,0.66000,0.08500,0.08500,0.08500,0.08500,0.08500,0.08500,0.08500,0.08500,0.08500,0.08500,0.08500,0.08500,0.08500,0.17000,0.17000,0.17000,0.17000,0.17000,0.17000,0.17000,0.17000,0.17000,0.17000,0.17000,0.17000,0.17000,0.08500,0.08500,0.09714,0.08500,0.00000,0.00000,0.00000,0.00000,0.00000,0.07556,0.07556,0.07556,0.00000,0.00000,0.00000,0.00000,0.08500,0.19429,0.08500,0.19429,0.08500,0.08500,0.08500,0.00000,0.00000,0.00000,0.00000,0.00000,0.00000,0.00000,0.00000,0.00000,0.07556
random,0.00000,1.00000,0.00000,0.00000,0.32000,0.00000,0.00000,0.00000,0.32000,0.00000,0.00000,0.00000,0.00000,0.32000,0.00000,0.00000,0.00000,0.00000,0.00000,0.32000,0.32000,0.00000,0.00000,0.68000,0.00000,0.00000,0.00000,1.00000,0.00000,0.00000,0.00000,0.00000,0.00000,0.00000,0.00000,1.00000,0.00000,0.00000,0.00000,0.00000,0.00000,0.00000,1.00000,0.00000,0.00000,0.00000,0.32000,0.00000,0.32000,0.32000,0.00000,0.00000,0.00000,0.00000,0.00000,0.00000,0.00000,0.00000,1.00000,0.00000,1.00000,0.00000,0.00000,0.00000,0.00000,0.00000,0.00000,0.00000,0.00000,0.00000,0.00000,0.00000,1.00000,0.00000,0.68000,0.00000,0.32000,0.00000,0.32000,0.00000,0.00000,0.00000,0.00000,0.32000,0.00000,0.00000,0.00000,1.00000,0.00000,0.00000,0.00000,0.32000,0.00000,0.00000,0.32000,0.00000,0.00000,0.00000,0.07556,0.07556,0.07556,0.07556,0.07556,0.07556,0.07556,0.07556,0.00000,0.00000,0.00000,0.00000,0.00000,0.00000,0.00000,0.00000,0.00000,0.00000,0.00000,0.00000,0.00000,0.00000,0.00000,0.00000,0.00000,0.00000,0.00000,0.00000,0.00000,0.00000,0.00000,0.00000,0.00000,0.00000,0.00000,0.00000,0.00000,0.00000,0.00000,0.00000,0.00000,0.00000,0.00000,0.00000,0.00000,0.00000,0.00000,0.00000,0.00000,0.00000,0.00000,0.00000,0.00000,0.00000,0.22667,0.22667,0.00000,0.00000,0.17000,0.17000,0.17000,0.07556,0.07556,0.07556,0.07556,0.00000,0.08500,0.00000,0.08500,0.00000,0.00000,0.00000,0.00000,0.00000,0.00000,0.00000,0.00000,0.00000,0.00000,0.00000,0.00000,0.17000
reference,0.00000,0.00000,0.00000,1.00000,0.00000,0.00000,0.13600,0.00000,0.00000,0.00000,0.00000,0.00000,0.00000,0.00000,0.00000,0.13600,0.00000,0.00000,0.00000,0.00000,0.13600,0.00000,0.00000,0.00000,0.13600,0.00000,0.00000,0.00000,0.00000,0.00000,0.13600,1.00000,0.00000,0.45600,1.00000,0.00000,0.00000,0.00000,0.00000,0.13600,0.00000,0.13600,0.00000,0.00000,0.00000,0.00000,0.00000,0.00000,0.00000,0.00000,0.00000,0.00000,0.00000,0.00000,1.00000,0.00000,0.00000,0.13600,0.00000,0.00000,0.00000,0.00000,0.68000,1.00000,0.00000,0.13600,0.00000,1.00000,1.00000,1.00000,1.00000,1.00000,0.00000,1.00000,0.00000,0.00000,0.00000,0.00000,0.00000,0.00000,0.13600,1.00000,0.00000,0.00000,0.00000,0.00000,0.00000,0.00000,0.00000,1.00000,1.00000,0.00000,1.00000,0.00000,0.13600,0.13600,0.00000,0.00000,0.17000,0.17000,0.17000,0.17000,0.17000,0.17000,0.17000,0.17000,0.66000,0.66000,0.66000,0.66000,0.66000,0.66000,0.66000,0.66000,0.66000,0.66000,0.66000,0.66000,0.66000,0.66000,0.66000,0.08500,0.08500,0.08500,0.08500,0.08500,0.08500,0.08500,0.08500,0.08500,0.08500,0.08500,0.08500,0.08500,0.17000,0.17000,0.17000,0.17000,0.17000,0.17000,0.17000,0.17000,0.17000,0.17000,0.17000,0.17000,0.17000,0.08500,0.08500,0.09714,0.08500,0.00000,0.00000,0.00000,0.00000,0.00000,0.07556,0.07556,0.07556,0.00000,0.00000,0.00000,0.00000,0.08500,0.19429,0.08500,0.19429,0.08500,0.08500,0.08500,0.00000,0.00000,0.00000,0.00000,0.00000,0.00000,0.00000,0.00000,0.00000,0.07556
reflection,0.32000,0.68000,0.00000,0.00000,0.00000,0.00000,0.00000,0.00000,0.00000,0.00000,0.00000,0.32000,0.00000,0.00000,0.00000,0.00000,0.00000,0.00000,0.00000,0.00000,0.00000,0.00000,0.00000,1.00000,0.00000,0.00000,0.00000,0.68000,0.00000,0.00000,0.00000,0.00000,0.00000,0.00000,0.00000,0.68000,0.00000,0.00000,0.00000,0.00000,0.00000,0.00000,0.68000,0.00000,0.00000,0.00000,0.00000,0.00000,0.00000,0.00000,0.00000,0.00000,0.00000,0.00000,0.00000,0.32000,0.00000,0.00000,0.68000,0.32000,0.68000,0.00000,0.00000,0.00000,0.00000,0.32000,0.00000,0.00000,0.00000,0.00000,0.00000,0.00000,0.68000,0.00000,1.00000,0.00000,0.00000,0.00000,0.00000,0.00000,0.00000,0.00000,0.00000,0.00000,0.00000,0.00000,0.00000,0.68000,0.00000,0.00000,0.00000,0.00000,0.00000,0.00000,0.00000,0.00000,0.00000,0.00000,0.07556,0.07556,0.07556,0.07556,0.07556,0.07556,0.07556,0.07556,0.00000,0.00000,0.00000,0.00000,0.00000,0.00000,0.00000,0.00000,0.00000,0.00000,0.00000,0.00000,0.00000,0.00000,0.00000,0.00000,0.00000,0.00000,0.00000,0.00000,0.00000,0.00000,0.00000,0.00000,0.00000,0.00000,0.00000,0.00000,0.32000,0.32000,0.32000,0.32000,0.32000,0.32000,0.32000,0.32000,0.32000,0.32000,0.32000,0.32000,0.32000,0.00000,0.00000,0.00000,0.00000,0.00000,0.22667,0.22667,0.00000,0.00000,0.17000,0.17000,0.17000,0.07556,0.07556,0.07556,0.07556,0.00000,0.08500,0.00000,0.08500,0.00000,0.00000,0.00000,0.00000,0.00000,0.00000,0.00000,0.00000,0.00000,0.00000,0.00000,0.00000,0.17000
return,0.00000,0.00000,0.11333,0.00000,0.11333,0.00000,0.00000,0.11333,0.11333,1.00000,0.00000,0.11333,0.00000,0.11333,0.00000,0.00000,0.11333,0.00000,0.00000,0.11333,0.00000,1.00000,0.68000,0.00000,0.00000,0.68000,0.00000,0.00000,1.00000,1.00000,0.00000,0.00000,0.00000,0.00000,0.00000,0.00000,1.00000,0.43333,1.00000,0.00000,0.11333,0.00000,0.00000,0.00000,0.00000,0.32000,0.11333,0.11333,0.11333,0.11333,0.00000,0.00000,0.00000,0.11333,0.00000,0.11333,0.00000,0.00000,0.00000,0.00000,0.00000,0.00000,0.00000,0.00000,0.00000,0.00000,0.43333,0.00000,0.00000,0.00000,0.00000,0.00000,0.00000,0.00000,0.00000,1.00000,0.00000,0.11333,0.00000,0.11333,0.00000,0.00000,1.00000,0.00000,0.00000,0.00000,0.68000,0.00000,0.11333,0.00000,0.00000,0.11333,0.00000,0.00000,0.00000,0.00000,1.00000,0.43333,0.17000,0.17000,0.17000,0.17000,0.17000,0.17000,0.17000,0.17000,0.00000,0.00000,0.00000,0.00000,0.00000,0.00000,0.00000,0.00000,0.00000,0.00000,0.00000,0.00000,0.00000,0.00000,0.00000,0.00000,0.00000,0.00000,0.00000,0.00000,0.00000,0.00000,0.00000,0.00000,0.00000,0.00000,0.00000,0.00000,0.07556,0.07556,0.07556,0.07556,0.07556,0.07556,0.07556,0.07556,0.07556,0.07556,0.07556,0.07556,0.07556,0.66000,0.66000,0.22667,0.66000,0.07556,0.40800,0.40800,0.07556,0.07556,0.07556,0.07556,0.07556,0.17000,0.17000,0.17000,0.17000,0.00000,0.00000,0.00000,0.00000,0.00000,0.00000,0.00000,0.07556,0.07556,0.07556,0.07556,0.07556,0.07556,0.07556,0.07556,0.07556,0.07556
scope,0.00000,0.32000,0.00000,0.00000,0.32000,0.00000,0.13600,0.00000,0.32000,0.00000,0.00000,0.00000,0.68000,0.32000,0.00000,0.13600,0.00000,0.00000,0.00000,0.32000,0.45600,0.00000,0.00000,0.00000,0.13600,0.00000,0.00000,0.32000,0.00000,0.00000,0.13600,0.00000,0.00000,0.13600,0.00000,0.32000,0.00000,0.00000,0.00000,0.13600,0.00000,0.13600,0.32000,0.00000,0.00000,0.68000,0.32000,0.00000,0.32000,0.32000,0.00000,0.00000,0.00000,0.00000,0.00000,0.00000,0.00000,0.13600,0.32000,0.68000,0.32000,0.00000,0.00000,0.00000,0.00000,0.13600,0.00000,0.00000,0.00000,0.00000,0.00000,0.00000,0.32000,0.00000,0.00000,0.00000,1.00000,0.00000,1.00000,0.00000,0.13600,0.00000,0.00000,1.00000,0.00000,0.00000,0.00000,0.32000,0.00000,0.00000,0.00000,0.32000,0.00000,0.00000,0.45600,0.13600,0.00000,0.00000,0.00000,0.00000,0.00000,0.00000,0.00000,0.00000,0.00000,0.00000,0.19429,0.19429,0.19429,0.19429,0.19429,0.19429,0.19429,0.19429,0.19429,0.19429,0.19429,0.19429,0.19429,0.19429,0.19429,0.19429,0.19429,0.19429,0.19429,0.19429,0.19429,0.19429,0.19429,0.19429,0.19429,0.19429,0.19429,0.19429,0.17000,0.17000,0.17000,0.17000,0.17000,0.17000,0.17000,0.17000,0.17000,0.17000,0.17000,0.17000,0.17000,0.00000,0.00000,0.00000,0.00000,0.17000,0.00000,0.00000,0.17000,0.17000,0.07556,0.07556,0.07556,0.00000,0.00000,0.00000,0.00000,0.08500,0.00000,0.08500,0.00000,0.08500,0.08500,0.08500,0.00000,0.00000,0.00000,0.00000,0.00000,0.00000,0.00000,0.00000,0.00000,0.07556
set,0.00000,0.00000,1.00000,0.00000,0.68000,0.00000,0.00000,0.68000,0.68000,0.11333,0.00000,0.68000,0.00000,0.68000,0.00000,0.00000,0.68000,0.00000,0.00000,0.68000,0.00000,0.11333,0.11333,0.00000,0.00000,0.11333,0.00000,0.00000,0.11333,0.11333,0.00000,0.00000,0.00000,0.00000,0.00000,0.00000,0.11333,0.68000,0.11333,0.00000,1.00000,0.00000,0.00000,0.00000,0.00000,0.00000,0.68000,0.68000,0.68000,0.68000,0.00000,0.00000,0.00000,1.00000,0.00000,0.68000,0.00000,0.00000,0.00000,0.00000,0.00000,0.00000,0.00000,0.00000,0.00000,0.00000,0.68000,0.00000,0.00000,0.00000,0.00000,0.00000,0.00000,0.00000,0.00000,0.11333,0.00000,1.00000,0.00000,1.00000,0.00000,0.00000,0.11333,0.00000,0.00000,0.00000,0.11333,0.00000,1.00000,0.00000,0.00000,0.68000,0.00000,0.00000,0.00000,0.00000,0.11333,0.68000,0.25500,0.25500,0.25500,0.25500,0.25500,0.25500,0.25500,0.25500,0.00000,0.00000,0.00000,0.00000,0.00000,0.00000,0.00000,0.00000,0.00000,0.00000,0.00000,0.00000,0.00000,0.00000,0.00000,0.07556,0.07556,0.07556,0.07556,0.07556,0.07556,0.07556,0.07556,0.07556,0.07556,0.07556,0.07556,0.07556,0.25500,0.25500,0.25500,0.25500,0.25500,0.25500,0.25500,0.25500,0.25500,0.25500,0.25500,0.25500,0.25500,0.29143,0.29143,0.66000,0.29143,0.25500,0.08500,0.08500,0.25500,0.25500,0.06800,0.06800,0.06800,0.15111,0.15111,0.15111,0.15111,0.00000,0.00000,0.00000,0.00000,0.00000,0.00000,0.00000,0.15111,0.15111,0.15111,0.15111,0.15111,0.15111,0.15111,0.15111,0.15111,0.06800
shadowing,0.00000,0.32000,0.00000,0.00000,0.32000,0.00000,0.13600,0.00000,0.32000,0.00000,0.00000,0.00000,0.68000,0.32000,0.00000,0.13600,0.00000,0.00000,0.00000,0.32000,0.45600,0.00000,0.00000,0.00000,0.13600,0.00000,0.00000,0.32000,0.00000,0.00000,0.13600,0.00000,0.00000,0.13600,0.00000,0.32000,0.00000,0.00000,0.00000,0.13600,0.00000,0.13600,0.32000,0.00000,0.00000,0.68000,0.32000,0.00000,0.32000,0.32000,0.00000,0.00000,0.00000,0.00000,0.00000,0.00000,0.00000,0.13600,0.32000,0.68000,0.32000,0.00000,0.00000,0.00000,0.00000,0.13600,0.00000,0.00000,0.00000,0.00000,0.00000,0.00000,0.32000,0.00000,0.00000,0.00000,1.00000,0.00000,1.00000,0.00000,0.13600,0.00000,0.00000,1.00000,0.00000,0.00000,0.00000,0.32000,0.00000,0.00000,0.00000,0.32000,0.00000,0.00000,0.45600,0.13600,0.00000,0.00000,0.00000,0.00000,0.00000,0.00000,0.00000,0.00000,0.00000,0.00000,0.19429,0.19429,0.19429,0.19429,0.19429,0.19429,0.19429,0.19429,0.19429,0.19429,0.19429,0.19429,0.19429,0.19429,0.19429,0.19429,0.19429,0.19429,0.19429,0.19429,0.19429,0.19429,0.19429,0.19429,0.19429,0.19429,0.19429,0.19429,0.17000,0.17000,0.17000,0.17000,0.17000,0.17000,0.17000,0.17000,0.17000,0.17000,0.17000,0.17000,0.17000,0.00000,0.00000,0.00000,0.00000,0.17000,0.00000,0.00000,0.17000,0.17000,0.07556,0.07556,0.07556,0.00000,0.00000,0.00000,0.00000,0.08500,0.00000,0.08500,0.00000,0.08500,0.08500,0.08500,0.00000,0.00000,0.00000,0.00000,0.00000,0.00000,0.00000,0.00000,0.00000,0.07556
slice,0.00000,0.00000,1.00000,0.00000,0.68000,0.00000,0.00000,0.68000,0.68000,0.11333,0.00000,0.68000,0.00000,0.68000,0.00000,0.00000,0.68000,0.00000,0.00000,0.68000,0.00000,0.11333,0.11333,0.00000,0.00000,0.11333,0.00000,0.00000,0.11333,0.11333,0.00000,0.00000,0.00000,0.00000,0.00000,0.00000,0.11333,0.68000,0.11333,0.00000,1.00000,0.00000,0.00000,0.00000,0.00000,0.00000,0.68000,0.68000,0.68000,0.68000,0.00000,0.00000,0.00000,1.00000,0.00000,0.68000,0.00000,0.00000,0.00000,0.00000,0.00000,0.00000,0.00000,0.00000,0.00000,0.00000,0.68000,0.00000,0.00000,0.00000,0.00000,0.00000,0.00000,0.00000,0.00000,0.11333,0.00000,1.00000,0.00000,1.00000,0.00000,0.00000,0.11333,0.00000,0.00000,0.00000,0.11333,0.00000,1.00000,0.00000,0.00000,0.68000,0.00000,0.00000,0.00000,0.00000,0.11333,0.68000,0.25500,0.25500,0.25500,0.25500,0.25500,0.25500,0.25500,0.25500,0.00000,0.00000,0.00000,0.00000,0.00000,0.00000,0.00000,0.00000,0.00000,0.00000,0.00000,0.00000,0.00000,0.00000,0.00000,0.07556,0.07556,0.07556,0.07556,0.07556,0.07556,0.07556,0.07556,0.07556,0.07556,0.07556,0.07556,0.07556,0.25500,0.25500,0.25500,0.25500,0.25500,0.25500,0.25500,0.25500,0.25500,0.25500,0.25500,0.25500,0.25500,0.29143,0.29143,0.66000,0.29143,0.25500,0.08500,0.08500,0.25500,0.25500,0.06800,0.06800,0.06800,0.15111,0.15111,0.15111,0.15111,0.00000,0.00000,0.00000,0.00000,0.00000,0.00000,0.00000,0.15111,0.15111,0.15111,0.15111,0.15111,0.15111,0.15111,0.15111,0.15111,0.06800
struct,0.00000,0.00000,0.00000,0.13600,0.00000,0.00000,1.00000,0.00000,0.00000,0.00000,0.00000,0.00000,0.13600,0.00000,0.00000,1.00000,0.00000,0.00000,0.00000,0.00000,0.68000,0.00000,0.00000,0.00000,1.00000,0.00000,0.00000,0.00000,0.00000,0.00000,0.68000,0.13600,0.00000,0.68000,0.13600,0.00000,0.00000,0.00000,0.00000,1.00000,0.00000,1.00000,0.00000,0.00000,0.00000,0.13600,0.00000,0.00000,0.00000,0.00000,0.00000,0.00000,0.00000,0.00000,0.13600,0.00000,0.00000,1.00000,0.00000,0.13600,0.00000,0.00000,0.13600,0.13600,0.00000,0.68000,0.00000,0.13600,0.13600,0.13600,0.13600,0.13600,0.00000,0.13600,0.00000,0.00000,0.13600,0.00000,0.13600,0.00000,1.00000,0.13600,0.00000,0.13600,0.00000,0.00000,0.00000,0.00000,0.00000,0.13600,0.13600,0.00000,0.13600,0.00000,0.68000,1.00000,0.00000,0.00000,0.07556,0.07556,0.07556,0.07556,0.07556,0.07556,0.07556,0.07556,0.19429,0.19429,0.19429,0.19429,0.19429,0.19429,0.19429,0.19429,0.19429,0.19429,0.19429,0.19429,0.19429,0.19429,0.19429,0.66000,0.66000,0.66000,0.66000,0.66000,0.66000,0.66000,0.66000,0.66000,0.66000,0.66000,0.66000,0.66000,0.17000,0.17000,0.17000,0.17000,0.17000,0.17000,0.17000,0.17000,0.17000,0.17000,0.17000,0.17000,0.17000,0.08500,0.08500,0.09714,0.08500,0.17000,0.00000,0.00000,0.17000,0.17000,0.17000,0.17000,0.17000,0.00000,0.00000,0.00000,0.00000,0.19429,0.08500,0.19429,0.08500,0.19429,0.19429,0.19429,0.00000,0.00000,0.00000,0.00000,0.00000,0.00000,0.00000,0.00000,0.00000,0.17000
subtyping,0.00000,0.00000,0.00000,1.00000,0.00000,0.00000,0.13600,0.00000,0.00000,0.00000,0.00000,0.00000,0.00000,0.00000,0.00000,0.13600,0.00000,0.00000,0.00000,0.00000,0.13600,0.00000,0.00000,0.00000,0.13600,0.00000,0.00000,0.00000,0.00000,0.00000,0.13600,1.00000,0.00000,0.45600,1.00000,0.00000,0.00000,0.00000,0.00000,0.13600,0.00000,0.13600,0.00000,0.00000,0.00000,0.00000,0.00000,0.00000,0.00000,0.00000,0.00000,0.00000,0.00000,0.00000,1.00000,0.00000,0.00000,0.13600,0.00000,0.00000,0.00000,0.00000,0.68000,1.00000,0.00000,0.13600,0.00000,1.00000,1.00000,1.00000,1.00000,1.00000,0.00000,1.00000,0.00000,0.00000,0.00000,0.00000,0.00000,0.00000,0.13600,1.00000,0.00000,0.00000,0.00000,0.00000,0.00000,0.00000,0.00000,1.00000,1.00000,0.00000,1.00000,0.00000,0.13600,0.13600,0.00000,0.00000,0.17000,0.17000,0.17000,0.17000,0.17000,0.17000,0.17000,0.17000,0.66000,0.66000,0.66000,0.66000,0.66000,0.66000,0.66000,0.66000,0.66000,0.66000,0.66000,0.66000,0.66000,0.66000,0.66000,0.08500,0.08500,0.08500,0.08500,0.08500,0.08500,0.08500,0.08500,0.08500,0.08500,0.08500,0.08500,0.08500,0.17000,0.17000,0.17000,0.17000,0.17000,0.17000,0.17000,0.17000,0.17000,0.17000,0.17000,0.17000,0.17000,0.08500,0.08500,0.09714,0.08500,0.00000,0.00000,0.00000,0.00000,0.00000,0.07556,0.07556,0.07556,0.00000,0.00000,0.00000,0.00000,0.08500,0.19429,0.08500,0.19429,0.08500,0.08500,0.08500,0.00000,0.00000,0.00000,0.00000,0.00000,0.00000,0.00000,0.00000,0.00000,0.07556
switch_match,0.00000,0.00000,0.11333,0.00000,0.11333,0.00000,0.00000,0.11333,0.11333,1.00000,0.00000,0.11333,0.00000,0.11333,0.00000,0.00000,0.11333,0.00000,0.00000,0.11333,0.00000,1.00000,0.68000,0.00000,0.00000,0.68000,0.00000,0.00000,1.00000,1.00000,0.00000,0.00000,0.00000,0.00000,0.00000,0.00000,1.00000,0.43333,1.00000,0.00000,0.11333,0.00000,0.00000,0.00000,0.00000,0.32000,0.11333,0.11333,0.11333,0.11333,0.00000,0.00000,0.00000,0.11333,0.00000,0.11333,0.00000,0.00000,0.00000,0.00000,0.00000,0.00000,0.00000,0.00000,0.00000,0.00000,0.43333,0.00000,0.00000,0.00000,0.00000,0.00000,0.00000,0.00000,0.00000,1.00000,0.00000,0.11333,0.00000,0.11333,0.00000,0.00000,1.00000,0.00000,0.00000,0.00000,0.68000,0.00000,0.11333,0.00000,0.00000,0.11333,0.00000,0.00000,0.00000,0.00000,1.00000,0.43333,0.17000,0.17000,0.17000,0.17000,0.17000,0.17000,0.17000,0.17000,0.00000,0.00000,0.00000,0.00000,0.00000,0.00000,0.00000,0.00000,0.00000,0.00000,0.00000,0.00000,0.00000,0.00000,0.00000,0.00000,0.00000,0.00000,0.00000,0.00000,0.00000,0.00000,0.00000,0.00000,0.00000,0.00000,0.00000,0.00000,0.07556,0.07556,0.07556,0.07556,0.07556,0.07556,0.07556,0.07556,0.07556,0.07556,0.07556,0.07556,0.07556,0.66000,0.66000,0.22667,0.66000,0.07556,0.40800,0.40800,0.07556,0.07556,0.07556,0.07556,0.07556,0.17000,0.17000,0.17000,0.17000,0.00000,0.00000,0.00000,0.00000,0.00000,0.00000,0.00000,0.07556,0.07556,0.07556,0.07556,0.07556,0.07556,0.07556,0.07556,0.07556,0.07556
symbol_table,0.00000,0.32000,0.00000,0.00000,0.32000,0.00000,0.13600,0.00000,0.32000,0.00000,0.00000,0.00000,0.68000,0.32000,0.00000,0.13600,0.00000,0.00000,0.00000,0.32000,0.45600,0.00000,0.00000,0.00000,0.13600,0.00000,0.00000,0.32000,0.00000,0.00000,0.13600,0.00000,0.00000,0.13600,0.00000,0.32000,0.00000,0.00000,0.00000,0.13600,0.00000,0.13600,0.32000,0.00000,0.00000,0.68000,0.32000,0.00000,0.32000,0.32000,0.00000,0.00000,0.00000,0.00000,0.00000,0.00000,0.00000,0.13600,0.32000,0.68000,0.32000,0.00000,0.00000,0.00000,0.00000,0.13600,0.00000,0.00000,0.00000,0.00000,0.00000,0.00000,0.32000,0.00000,0.00000,0.00000,1.00000,0.00000,1.00000,0.00000,0.13600,0.00000,0.00000,1.00000,0.00000,0.00000,0.00000,0.32000,0.00000,0.00000,0.00000,0.32000,0.00000,0.00000,0.45600,0.13600,0.00000,0.00000,0.00000,0.00000,0.00000,0.00000,0.00000,0.00000,0.00000,0.00000,0.19429,0.19429,0.19429,0.19429,0.19429,0.19429,0.19429,0.19429,0.19429,0.19429,0.19429,0.19429,0.19429,0.19429,0.19429,0.19429,0.19429,0.19429,0.19429,0.19429,0.19429,0.19429,0.19429,0.19429,0.19429,0.19429,0.19429,0.19429,0.17000,0.17000,0.17000,0.17000,0.17000,0.17000,0.17000,0.17000,0.17000,0.17000,0.17000,0.17000,0.17000,0.00000,0.00000,0.00000,0.00000,0.17000,0.00000,0.00000,0.17000,0.17000,0.07556,0.07556,0.07556,0.00000,0.00000,0.00000,0.00000,0.08500,0.00000,0.08500,0.00000,0.08500,0.08500,0.08500,0.00000,0.00000,0.00000,0.00000,0.00000,0.00000,0.00000,0.00000,0.00000,0.07556
task_async,0.00000,0.00000,0.00000,0.00000,0.00000,1.00000,0.00000,0.32000,0.00000,0.00000,0.00000,0.00000,0.00000,0.00000,1.00000,0.00000,0.00000,0.00000,0.00000,0.00000,0.00000,0.00000,0.00000,0.00000,0.00000,0.00000,0.00000,0.00000,0.00000,0.00000,0.00000,0.00000,0.00000,0.00000,0.00000,0.00000,0.00000,0.00000,0.00000,0.00000,0.00000,0.00000,0.00000,0.00000,0.00000,0.00000,0.00000,0.00000,0.00000,0.00000,1.00000,0.00000,0.00000,0.00000,0.00000,0.00000,1.00000,0.00000,0.00000,0.00000,0.00000,0.00000,0.00000,0.00000,0.00000,0.00000,0.00000,0.00000,0.00000,0.00000,0.00000,0.00000,0.00000,0.00000,0.00000,0.00000,0.00000,0.00000,0.00000,0.00000,0.00000,0.00000,0.00000,0.00000,1.00000,1.00000,0.00000,0.00000,0.00000,0.00000,0.00000,0.00000,0.00000,0.00000,0.00000,0.00000,0.00000,0.00000,0.00000,0.00000,0.00000,0.00000,0.00000,0.00000,0.00000,0.00000,0.00000,0.00000,0.00000,0.00000,0.00000,0.00000,0.00000,0.00000,0.00000,0.00000,0.00000,0.00000,0.00000,0.00000,0.00000,0.00000,0.00000,0.00000,0.00000,0.00000,0.00000,0.00000,0.00000,0.00000,0.00000,0.00000,0.00000,0.00000,0.00000,0.00000,0.00000,0.00000,0.00000,0.00000,0.00000,0.00000,0.00000,0.00000,0.00000,0.00000,0.00000,0.00000,0.00000,0.00000,0.00000,0.00000,0.00000,0.00000,0.00000,0.00000,0.00000,0.00000,0.00000,0.49000,0.49000,0.49000,0.49000,0.00000,0.00000,0.00000,0.00000,0.00000,0.00000,0.00000,0.00000,0.00000,0.00000,0.00000,0.00000,0.00000,0.00000,0.00000,0.00000,0.00000
thread,0.00000,0.00000,0.00000,0.00000,0.00000,1.00000,0.00000,0.32000,0.00000,0.00000,0.00000,0.00000,0.00000,0.00000,1.00000,0.00000,0.00000,0.00000,0.00000,0.00000,0.00000,0.00000,0.00000,0.00000,0.00000,0.00000,0.00000,0.00000,0.00000,0.00000,0.00000,0.00000,0.00000,0.00000,0.00000,0.00000,0.00000,0.00000,0.00000,0.00000,0.00000,0.00000,0.00000,0.00000,0.00000,0.00000,0.00000,0.00000,0.00000,0.00000,1.00000,0.00000,0.00000,0.00000,0.00000,0.00000,1.00000,0.00000,0.00000,0.00000,0.00000,0.00000,0.00000,0.00000,0.00000,0.00000,0.00000,0.00000,0.00000,0.00000,0.00000,0.00000,0.00000,0.00000,0.00000,0.00000,0.00000,0.00000,0.00000,0.00000,0.00000,0.00000,0.00000,0.00000,1.00000,1.00000,0.00000,0.00000,0.00000,0.00000,0.00000,0.00000,0.00000,0.00000,0.00000,0.00000,0.00000,0.00000,0.00000,0.00000,0.00000,0.00000,0.00000,0.00000,0.00000,0.00000,0.00000,0.00000,0.00000,0.00000,0.00000,0.00000,0.00000,0.00000,0.00000,0.00000,0.00000,0.00000,0.00000,0.00000,0.00000,0.00000,0.00000,0.00000,0.00000,0.00000,0.00000,0.00000,0.00000,0.00000,0.00000,0.00000,0.00000,0.00000,0.00000,0.00000,0.00000,0.00000,0.00000,0.00000,0.00000,0.00000,0.00000,0.00000,0.00000,0.00000,0.00000,0.00000,0.00000,0.00000,0.00000,0.00000,0.00000,0.00000,0.00000,0.00000,0.00000,0.00000,0.00000,0.49000,0.49000,0.49000,0.49000,0.00000,0.00000,0.00000,0.00000,0.00000,0.00000,0.00000,0.00000,0.00000,0.00000,0.00000,0.00000,0.00000,0.00000,0.00000,0.00000,0.00000
throw_raise,0.00000,0.00000,0.11333,0.00000,0.11333,0.00000,0.00000,0.11333,0.11333,0.68000,0.00000,0.11333,0.00000,0.11333,0.00000,0.00000,0.11333,0.00000,0.00000,0.11333,0.00000,0.68000,1.00000,0.00000,0.00000,1.00000,0.00000,0.00000,0.68000,0.68000,0.00000,0.00000,0.00000,0.00000,0.00000,0.00000,0.68000,0.11333,0.68000,0.00000,0.11333,0.00000,0.00000,0.00000,0.00000,0.00000,0.11333,0.11333,0.11333,0.11333,0.00000,0.00000,0.00000,0.11333,0.00000,0.11333,0.00000,0.00000,0.00000,0.00000,0.00000,0.00000,0.00000,0.00000,0.00000,0.00000,0.11333,0.00000,0.00000,0.00000,0.00000,0.00000,0.00000,0.00000,0.00000,0.68000,0.00000,0.11333,0.00000,0.11333,0.00000,0.00000,0.68000,0.00000,0.00000,0.00000,1.00000,0.00000,0.11333,0.00000,0.00000,0.11333,0.00000,0.00000,0.00000,0.00000,0.68000,0.11333,0.17000,0.17000,0.17000,0.17000,0.17000,0.17000,0.17000,0.17000,0.00000,0.00000,0.00000,0.00000,0.00000,0.00000,0.00000,0.00000,0.00000,0.00000,0.00000,0.00000,0.00000,0.00000,0.00000,0.00000,0.00000,0.00000,0.00000,0.00000,0.00000,0.00000,0.00000,0.00000,0.00000,0.00000,0.00000,0.00000,0.07556,0.07556,0.07556,0.07556,0.07556,0.07556,0.07556,0.07556,0.07556,0.07556,0.07556,0.07556,0.07556,0.34000,0.34000,0.22667,0.34000,0.07556,0.72800,0.72800,0.07556,0.07556,0.07556,0.07556,0.07556,0.17000,0.17000,0.17000,0.17000,0.00000,0.00000,0.00000,0.00000,0.00000,0.00000,0.00000,0.07556,0.07556,0.07556,0.07556,0.07556,0.07556,0.07556,0.07556,0.07556,0.07556
time,0.00000,1.00000,0.00000,0.00000,0.32000,0.00000,0.00000,0.00000,0.32000,0.00000,0.00000,0.00000,0.00000,0.32000,0.00000,0.00000,0.00000,0.00000,0.00000,0.32000,0.32000,0.00000,0.00000,0.68000,0.00000,0.00000,0.00000,1.00000,0.00000,0.00000,0.00000,0.00000,0.00000,0.00000,0.00000,1.00000,0.00000,0.00000,0.00000,0.00000,0.00000,0.00000,1.00000,0.00000,0.00000,0.00000,0.32000,0.00000,0.32000,0.32000,0.00000,0.00000,0.00000,0.00000,0.00000,0.00000,0.00000,0.00000,1.00000,0.00000,1.00000,0.00000,0.00000,0.00000,0.00000,0.00000,0.00000,0.00000,0.00000,0.00000,0.00000,0.00000,1.00000,0.00000,0.68000,0.00000,0.32000,0.00000,0.32000,0.00000,0.00000,0.00000,0.00000,0.32000,0.00000,0.00000,0.00000,1.00000,0.00000,0.00000,0.00000,0.32000,0.00000,0.00000,0.32000,0.00000,0.00000,0.00000,0.07556,0.07556,0.07556,0.07556,0.07556,0.07556,0.07556,0.07556,0.00000,0.00000,0.00000,0.00000,0.00000,0.00000,0.00000,0.00000,0.00000,0.00000,0.00000,0.00000,0.00000,0.00000,0.00000,0.00000,0.00000,0.00000,0.00000,0.00000,0.00000,0.00000,0.00000,0.00000,0.00000,0.00000,0.00000,0.00000,0.00000,0.00000,0.00000,0.00000,0.00000,0.00000,0.00000,0.00000,0.00000,0.00000,0.00000,0.00000,0.00000,0.00000,0.00000,0.00000,0.00000,0.00000,0.22667,0.22667,0.00000,0.00000,0.17000,0.17000,0.17000,0.07556,0.07556,0.07556,0.07556,0.00000,0.08500,0.00000,0.08500,0.00000,0.00000,0.00000,0.00000,0.00000,0.00000,0.00000,0.00000,0.00000,0.00000,0.00000,0.00000,0.17000
tuple,0.00000,0.00000,1.00000,0.00000,0.68000,0.00000,0.00000,0.68000,0.68000,0.11333,0.00000,0.68000,0.00000,0.68000,0.00000,0.00000,0.68000,0.00000,0.00000,0.68000,0.00000,0.11333,0.11333,0.00000,0.00000,0.11333,0.00000,0.00000,0.11333,0.11333,0.00000,0.00000,0.00000,0.00000,0.00000,0.00000,0.11333,0.68000,0.11333,0.00000,1.00000,0.00000,0.00000,0.00000,0.00000,0.00000,0.68000,0.68000,0.68000,0.68000,0.00000,0.00000,0.00000,1.00000,0.00000,0.68000,0.00000,0.00000,0.00000,0.00000,0.00000,0.00000,0.00000,0.00000,0.00000,0.00000,0.68000,0.00000,0.00000,0.00000,0.00000,0.00000,0.00000,0.00000,0.00000,0.11333,0.00000,1.00000,0.00000,1.00000,0.00000,0.00000,0.11333,0.00000,0.00000,0.00000,0.11333,0.00000,1.00000,0.00000,0.00000,0.68000,0.00000,0.00000,0.00000,0.00000,0.11333,0.68000,0.25500,0.25500,0.25500,0.25500,0.25500,0.25500,0.25500,0.25500,0.00000,0.00000,0.00000,0.00000,0.00000,0.00000,0.00000,0.00000,0.00000,0.00000,0.00000,0.00000,0.00000,0.00000,0.00000,0.07556,0.07556,0.07556,0.07556,0.07556,0.07556,0.07556,0.07556,0.07556,0.07556,0.07556,0.07556,0.07556,0.25500,0.25500,0.25500,0.25500,0.25500,0.25500,0.25500,0.25500,0.25500,0.25500,0.25500,0.25500,0.25500,0.29143,0.29143,0.66000,0.29143,0.25500,0.08500,0.08500,0.25500,0.25500,0.06800,0.06800,0.06800,0.15111,0.15111,0.15111,0.15111,0.00000,0.00000,0.00000,0.00000,0.00000,0.00000,0.00000,0.15111,0.15111,0.15111,0.15111,0.15111,0.15111,0.15111,0.15111,0.15111,0.06800
tuple_type,0.00000,0.00000,0.00000,1.00000,0.00000,0.00000,0.13600,0.00000,0.00000,0.00000,0.00000,0.00000,0.00000,0.00000,0.00000,0.13600,0.00000,0.00000,0.00000,0.00000,0.13600,0.00000,0.00000,0.00000,0.13600,0.00000,0.00000,0.00000,0.00000,0.00000,0.13600,1.00000,0.00000,0.45600,1.00000,0.00000,0.00000,0.00000,0.00000,0.13600,0.00000,0.13600,0.00000,0.00000,0.00000,0.00000,0.00000,0.00000,0.00000,0.00000,0.00000,0.00000,0.00000,0.00000,1.00000,0.00000,0.00000,0.13600,0.00000,0.00000,0.00000,0.00000,0.68000,1.00000,0.00000,0.13600,0.00000,1.00000,1.00000,1.00000,1.00000,1.00000,0.00000,1.00000,0.00000,0.00000,0.00000,0.00000,0.00000,0.00000,0.13600,1.00000,0.00000,0.00000,0.00000,0.00000,0.00000,0.00000,0.00000,1.00000,1.00000,0.00000,1.00000,0.00000,0.13600,0.13600,0.00000,0.00000,0.17000,0.17000,0.17000,0.17000,0.17000,0.17000,0.17000,0.17000,0.66000,0.66000,0.66000,0.66000,0.66000,0.66000,0.66000,0.66000,0.66000,0.66000,0.66000,0.66000,0.66000,0.66000,0.66000,0.08500,0.08500,0.08500,0.08500,0.08500,0.08500,0.08500,0.08500,0.08500,0.08500,0.08500,0.08500,0.08500,0.17000,0.17000,0.17000,0.17000,0.17000,0.17000,0.17000,0.17000,0.17000,0.17000,0.17000,0.17000,0.17000,0.08500,0.08500,0.09714,0.08500,0.00000,0.00000,0.00000,0.00000,0.00000,0.07556,0.07556,0.07556,0.00000,0.00000,0.00000,0.00000,0.08500,0.19429,0.08500,0.19429,0.08500,0.08500,0.08500,0.00000,0.00000,0.00000,0.00000,0.00000,0.00000,0.00000,0.00000,0.00000,0.07556
type_inference,0.00000,0.00000,0.00000,1.00000,0.00000,0.00000,0.13600,0.00000,0.00000,0.00000,0.00000,0.00000,0.00000,0.00000,0.00000,0.13600,0.00000,0.00000,0.00000,0.00000,0.13600,0.00000,0.00000,0.00000,0.13600,0.00000,0.00000,0.00000,0.00000,0.00000,0.13600,1.00000,0.00000,0.45600,1.00000,0.00000,0.00000,0.00000,0.00000,0.13600,0.00000,0.13600,0.00000,0.00000,0.00000,0.00000,0.00000,0.00000,0.00000,0.00000,0.00000,0.00000,0.00000,0.00000,1.00000,0.00000,0.00000,0.13600,0.00000,0.00000,0.00000,0.00000,0.68000,1.00000,0.00000,0.13600,0.00000,1.00000,1.00000,1.00000,1.00000,1.00000,0.00000,1.00000,0.00000,0.00000,0.00000,0.00000,0.00000,0.00000,0.13600,1.00000,0.00000,0.00000,0.00000,0.00000,0.00000,0.00000,0.00000,1.00000,1.00000,0.00000,1.00000,0.00000,0.13600,0.13600,0.00000,0.00000,0.17000,0.17000,0.17000,0.17000,0.17000,0.17000,0.17000,0.17000,0.66000,0.66000,0.66000,0.66000,0.66000,0.66000,0.66000,0.66000,0.66000,0.66000,0.66000,0.66000,0.66000,0.66000,0.66000,0.08500,0.08500,0.08500,0.08500,0.08500,0.08500,0.08500,0.08500,0.08500,0.08500,0.08500,0.08500,0.08500,0.17000,0.17000,0.17000,0.17000,0.17000,0.17000,0.17000,0.17000,0.17000,0.17000,0.17000,0.17000,0.17000,0.08500,0.08500,0.09714,0.08500,0.00000,0.00000,0.00000,0.00000,0.00000,0.07556,0.07556,0.07556,0.00000,0.00000,0.00000,0.00000,0.08500,0.19429,0.08500,0.19429,0.08500,0.08500,0.08500,0.00000,0.00000,0.00000,0.00000,0.00000,0.00000,0.00000,0.00000,0.00000,0.07556
unary_op,0.00000,0.32000,0.68000,0.00000,1.00000,0.00000,0.00000,0.68000,1.00000,0.11333,0.00000,0.68000,0.00000,1.00000,0.00000,0.00000,0.68000,0.00000,0.00000,1.00000,0.32000,0.11333,0.11333,0.00000,0.00000,0.11333,0.00000,0.32000,0.11333,0.11333,0.00000,0.00000,0.00000,0.00000,0.00000,0.32000,0.11333,0.68000,0.11333,0.00000,0.68000,0.00000,0.32000,0.00000,0.00000,0.00000,1.00000,0.68000,1.00000,1.00000,0.00000,0.00000,0.00000,0.68000,0.00000,0.68000,0.00000,0.00000,0.32000,0.00000,0.32000,0.00000,0.00000,0.00000,0.00000,0.00000,0.68000,0.00000,0.00000,0.00000,0.00000,0.00000,0.32000,0.00000,0.00000,0.11333,0.32000,0.68000,0.32000,0.68000,0.00000,0.00000,0.11333,0.32000,0.00000,0.00000,0.11333,0.32000,0.68000,0.00000,0.00000,1.00000,0.00000,0.00000,0.32000,0.00000,0.11333,0.68000,0.25500,0.25500,0.25500,0.25500,0.25500,0.25500,0.25500,0.25500,0.00000,0.00000,0.00000,0.00000,0.00000,0.00000,0.00000,0.00000,0.00000,0.00000,0.00000,0.00000,0.00000,0.00000,0.00000,0.07556,0.07556,0.07556,0.07556,0.07556,0.07556,0.07556,0.07556,0.07556,0.07556,0.07556,0.07556,0.07556,0.25500,0.25500,0.25500,0.25500,0.25500,0.25500,0.25500,0.25500,0.25500,0.25500,0.25500,0.25500,0.25500,0.29143,0.29143,0.34000,0.29143,0.25500,0.08500,0.08500,0.25500,0.25500,0.06800,0.06800,0.06800,0.15111,0.15111,0.15111,0.15111,0.00000,0.00000,0.00000,0.00000,0.00000,0.00000,0.00000,0.15111,0.15111,0.15111,0.15111,0.15111,0.15111,0.15111,0.15111,0.15111,0.06800
union_sum,0.00000,0.00000,0.00000,1.00000,0.00000,0.00000,0.13600,0.00000,0.00000,0.00000,0.00000,0.00000,0.00000,0.00000,0.00000,0.13600,0.00000,0.00000,0.00000,0.00000,0.13600,0.00000,0.00000,0.00000,0.13600,0.00000,0.00000,0.00000,0.00000,0.00000,0.13600,1.00000,0.00000,0.45600,1.00000,0.00000,0.00000,0.00000,0.00000,0.13600,0.00000,0.13600,0.00000,0.00000,0.00000,0.00000,0.00000,0.00000,0.00000,0.00000,0.00000,0.00000,0.00000,0.00000,1.00000,0.00000,0.00000,0.13600,0.00000,0.00000,0.00000,0.00000,0.68000,1.00000,0.00000,0.13600,0.00000,1.00000,1.00000,1.00000,1.00000,1.00000,0.00000,1.00000,0.00000,0.00000,0.00000,0.00000,0.00000,0.00000,0.13600,1.00000,0.00000,0.00000,0.00000,0.00000,0.00000,0.00000,0.00000,1.00000,1.00000,0.00000,1.00000,0.00000,0.13600,0.13600,0.00000,0.00000,0.17000,0.17000,0.17000,0.17000,0.17000,0.17000,0.17000,0.17000,0.66000,0.66000,0.66000,0.66000,0.66000,0.66000,0.66000,0.66000,0.66000,0.66000,0.66000,0.66000,0.66000,0.66000,0.66000,0.08500,0.08500,0.08500,0.08500,0.08500,0.08500,0.08500,0.08500,0.08500,0.08500,0.08500,0.08500,0.08500,0.17000,0.17000,0.17000,0.17000,0.17000,0.17000,0.17000,0.17000,0.17000,0.17000,0.17000,0.17000,0.17000,0.08500,0.08500,0.09714,0.08500,0.00000,0.00000,0.00000,0.00000,0.00000,0.07556,0.07556,0.07556,0.00000,0.00000,0.00000,0.00000,0.08500,0.19429,0.08500,0.19429,0.08500,0.08500,0.08500,0.00000,0.00000,0.00000,0.00000,0.00000,0.00000,0.00000,0.00000,0.00000,0.07556
unsafe,0.68000,0.00000,0.00000,0.00000,0.00000,0.00000,0.00000,0.00000,0.00000,0.00000,0.00000,0.00000,0.00000,0.00000,0.00000,0.00000,0.00000,0.00000,0.00000,0.00000,0.00000,0.00000,0.00000,0.00000,0.00000,0.00000,1.00000,0.00000,0.00000,0.00000,0.00000,0.00000,1.00000,0.00000,0.00000,0.00000,0.00000,0.00000,0.00000,0.00000,0.00000,0.00000,0.00000,0.00000,1.00000,0.00000,0.00000,0.00000,0.00000,0.00000,0.00000,0.00000,1.00000,0.00000,0.00000,0.00000,0.00000,0.00000,0.00000,0.00000,0.00000,0.00000,0.00000,0.00000,1.00000,0.00000,0.00000,0.00000,0.00000,0.00000,0.00000,0.00000,0.00000,0.00000,0.00000,0.00000,0.00000,0.00000,0.00000,0.00000,0.00000,0.00000,0.00000,0.00000,0.00000,0.00000,0.00000,0.00000,0.00000,0.00000,0.00000,0.00000,0.00000,1.00000,0.00000,0.00000,0.00000,0.00000,0.00000,0.00000,0.00000,0.00000,0.00000,0.00000,0.00000,0.00000,0.00000,0.00000,0.00000,0.00000,0.00000,0.00000,0.00000,0.00000,0.00000,0.00000,0.00000,0.00000,0.00000,0.00000,0.00000,0.08500,0.08500,0.08500,0.08500,0.08500,0.08500,0.08500,0.08500,0.08500,0.08500,0.08500,0.08500,0.08500,0.00000,0.00000,0.00000,0.00000,0.00000,0.00000,0.00000,0.00000,0.00000,0.00000,0.00000,0.00000,0.00000,0.00000,0.00000,0.00000,0.00000,0.00000,0.00000,0.00000,0.00000,0.00000,0.00000,0.00000,0.00000,0.00000,0.00000,0.00000,0.00000,0.08500,0.66000,0.08500,0.66000,0.08500,0.08500,0.08500,0.07556,0.07556,0.07556,0.07556,0.07556,0.07556,0.07556,0.07556,0.07556,0.00000
variable,0.00000,0.32000,0.00000,0.13600,0.32000,0.00000,0.68000,0.00000,0.32000,0.00000,0.00000,0.00000,0.13600,0.32000,0.00000,0.68000,0.00000,0.00000,0.00000,0.32000,1.00000,0.00000,0.00000,0.00000,0.68000,0.00000,0.00000,0.32000,0.00000,0.00000,0.68000,0.13600,0.00000,0.68000,0.13600,0.32000,0.00000,0.00000,0.00000,0.68000,0.00000,0.68000,0.32000,0.00000,0.00000,0.13600,0.32000,0.00000,0.32000,0.32000,0.00000,0.00000,0.00000,0.00000,0.13600,0.00000,0.00000,0.68000,0.32000,0.13600,0.32000,0.00000,0.13600,0.13600,0.00000,0.68000,0.00000,0.13600,0.13600,0.13600,0.13600,0.13600,0.32000,0.13600,0.00000,0.00000,0.45600,0.00000,0.45600,0.00000,0.68000,0.13600,0.00000,0.45600,0.00000,0.00000,0.00000,0.32000,0.00000,0.13600,0.13600,0.32000,0.13600,0.00000,1.00000,0.68000,0.00000,0.00000,0.07556,0.07556,0.07556,0.07556,0.07556,0.07556,0.07556,0.07556,0.19429,0.19429,0.19429,0.19429,0.19429,0.19429,0.19429,0.19429,0.19429,0.19429,0.19429,0.19429,0.19429,0.19429,0.19429,0.34000,0.34000,0.34000,0.34000,0.34000,0.34000,0.34000,0.34000,0.34000,0.34000,0.34000,0.34000,0.34000,0.17000,0.17000,0.17000,0.17000,0.17000,0.17000,0.17000,0.17000,0.17000,0.17000,0.17000,0.17000,0.17000,0.08500,0.08500,0.09714,0.08500,0.17000,0.00000,0.00000,0.17000,0.17000,0.17000,0.17000,0.17000,0.00000,0.00000,0.00000,0.00000,0.19429,0.08500,0.19429,0.08500,0.19429,0.19429,0.19429,0.00000,0.00000,0.00000,0.00000,0.00000,0.00000,0.00000,0.00000,0.00000,0.17000
visibility,0.00000,0.00000,0.00000,0.13600,0.00000,0.00000,1.00000,0.00000,0.00000,0.00000,0.00000,0.00000,0.13600,0.00000,0.00000,1.00000,0.00000,0.00000,0.00000,0.00000,0.68000,0.00000,0.00000,0.00000,1.00000,0.00000,0.00000,0.00000,0.00000,0.00000,0.68000,0.13600,0.00000,0.68000,0.13600,0.00000,0.00000,0.00000,0.00000,1.00000,0.00000,1.00000,0.00000,0.00000,0.00000,0.13600,0.00000,0.00000,0.00000,0.00000,0.00000,0.00000,0.00000,0.00000,0.13600,0.00000,0.00000,1.00000,0.00000,0.13600,0.00000,0.00000,0.13600,0.13600,0.00000,0.68000,0.00000,0.13600,0.13600,0.13600,0.13600,0.13600,0.00000,0.13600,0.00000,0.00000,0.13600,0.00000,0.13600,0.00000,1.00000,0.13600,0.00000,0.13600,0.00000,0.00000,0.00000,0.00000,0.00000,0.13600,0.13600,0.00000,0.13600,0.00000,0.68000,1.00000,0.00000,0.00000,0.07556,0.07556,0.07556,0.07556,0.07556,0.07556,0.07556,0.07556,0.19429,0.19429,0.19429,0.19429,0.19429,0.19429,0.19429,0.19429,0.19429,0.19429,0.19429,0.19429,0.19429,0.19429,0.19429,0.66000,0.66000,0.66000,0.66000,0.66000,0.66000,0.66000,0.66000,0.66000,0.66000,0.66000,0.66000,0.66000,0.17000,0.17000,0.17000,0.17000,0.17000,0.17000,0.17000,0.17000,0.17000,0.17000,0.17000,0.17000,0.17000,0.08500,0.08500,0.09714,0.08500,0.17000,0.00000,0.00000,0.17000,0.17000,0.17000,0.17000,0.17000,0.00000,0.00000,0.00000,0.00000,0.19429,0.08500,0.19429,0.08500,0.19429,0.19429,0.19429,0.00000,0.00000,0.00000,0.00000,0.00000,0.00000,0.00000,0.00000,0.00000,0.17000
while,0.00000,0.00000,0.11333,0.00000,0.11333,0.00000,0.00000,0.11333,0.11333,1.00000,0.00000,0.11333,0.00000,0.11333,0.00000,0.00000,0.11333,0.00000,0.00000,0.11333,0.00000,1.00000,0.68000,0.00000,0.00000,0.68000,0.00000,0.00000,1.00000,1.00000,0.00000,0.00000,0.00000,0.00000,0.00000,0.00000,1.00000,0.43333,1.00000,0.00000,0.11333,0.00000,0.00000,0.00000,0.00000,0.32000,0.11333,0.11333,0.11333,0.11333,0.00000,0.00000,0.00000,0.11333,0.00000,0.11333,0.00000,0.00000,0.00000,0.00000,0.00000,0.00000,0.00000,0.00000,0.00000,0.00000,0.43333,0.00000,0.00000,0.00000,0.00000,0.00000,0.00000,0.00000,0.00000,1.00000,0.00000,0.11333,0.00000,0.11333,0.00000,0.00000,1.00000,0.00000,0.00000,0.00000,0.68000,0.00000,0.11333,0.00000,0.00000,0.11333,0.00000,0.00000,0.00000,0.00000,1.00000,0.43333,0.17000,0.17000,0.17000,0.17000,0.17000,0.17000,0.17000,0.17000,0.00000,0.00000,0.00000,0.00000,0.00000,0.00000,0.00000,0.00000,0.00000,0.00000,0.00000,0.00000,0.00000,0.00000,0.00000,0.00000,0.00000,0.00000,0.00000,0.00000,0.00000,0.00000,0.00000,0.00000,0.00000,0.00000,0.00000,0.00000,0.07556,0.07556,0.07556,0.07556,0.07556,0.07556,0.07556,0.07556,0.07556,0.07556,0.07556,0.07556,0.07556,0.66000,0.66000,0.22667,0.66000,0.07556,0.40800,0.40800,0.07556,0.07556,0.07556,0.07556,0.07556,0.17000,0.17000,0.17000,0.17000,0.00000,0.00000,0.00000,0.00000,0.00000,0.00000,0.00000,0.07556,0.07556,0.07556,0.07556,0.07556,0.07556,0.07556,0.07556,0.07556,0.07556
yield,0.00000,0.00000,0.68000,0.00000,0.68000,0.00000,0.00000,0.68000,0.68000,0.43333,0.00000,0.68000,0.00000,0.68000,0.00000,0.00000,0.68000,0.00000,0.00000,0.68000,0.00000,0.43333,0.11333,0.00000,0.00000,0.11333,0.00000,0.00000,0.43333,0.43333,0.00000,0.00000,0.00000,0.00000,0.00000,0.00000,0.43333,1.00000,0.43333,0.00000,0.68000,0.00000,0.00000,0.00000,0.00000,0.32000,0.68000,0.68000,0.68000,0.68000,0.00000,0.00000,0.00000,0.68000,0.00000,0.68000,0.00000,0.00000,0.00000,0.00000,0.00000,0.00000,0.00000,0.00000,0.00000,0.00000,1.00000,0.00000,0.00000,0.00000,0.00000,0.00000,0.00000,0.00000,0.00000,0.43333,0.00000,0.68000,0.00000,0.68000,0.00000,0.00000,0.43333,0.00000,0.00000,0.00000,0.11333,0.00000,0.68000,0.00000,0.00000,0.68000,0.00000,0.00000,0.00000,0.00000,0.43333,1.00000,0.25500,0.25500,0.25500,0.25500,0.25500,0.25500,0.25500,0.25500,0.00000,0.00000,0.00000,0.00000,0.00000,0.00000,0.00000,0.00000,0.00000,0.00000,0.00000,0.00000,0.00000,0.00000,0.00000,0.07556,0.07556,0.07556,0.07556,0.07556,0.07556,0.07556,0.07556,0.07556,0.07556,0.07556,0.07556,0.07556,0.25500,0.25500,0.25500,0.25500,0.25500,0.25500,0.25500,0.25500,0.25500,0.25500,0.25500,0.25500,0.25500,0.61143,0.61143,0.34000,0.61143,0.25500,0.08500,0.08500,0.25500,0.25500,0.06800,0.06800,0.06800,0.15111,0.15111,0.15111,0.15111,0.00000,0.00000,0.00000,0.00000,0.00000,0.00000,0.00000,0.15111,0.15111,0.15111,0.15111,0.15111,0.15111,0.15111,0.15111,0.15111,0.06800
kotlin.nullable_type,0.00000,0.07556,0.25500,0.17000,0.25500,0.00000,0.07556,0.25500,0.25500,0.17000,0.00000,0.25500,0.00000,0.25500,0.00000,0.07556,0.25500,0.00000,0.00000,0.25500,0.07556,0.17000,0.17000,0.07556,0.07556,0.17000,0.00000,0.07556,0.17000,0.17000,0.07556,0.17000,0.00000,0.07556,0.17000,0.07556,0.17000,0.25500,0.17000,0.07556,0.25500,0.07556,0.07556,0.00000,0.00000,0.00000,0.25500,0.57500,0.25500,0.25500,0.00000,0.00000,0.00000,0.25500,0.17000,0.25500,0.00000,0.07556,0.07556,0.00000,0.07556,0.00000,0.49000,0.17000,0.00000,0.07556,0.25500,0.17000,0.17000,0.17000,0.17000,0.17000,0.07556,0.17000,0.07556,0.17000,0.00000,0.25500,0.00000,0.25500,0.07556,0.17000,0.17000,0.00000,0.00000,0.00000,0.17000,0.07556,0.25500,0.17000,0.17000,0.25500,0.17000,0.00000,0.07556,0.07556,0.17000,0.25500,1.00000,1.00000,1.00000,1.00000,1.00000,1.00000,1.00000,1.00000,0.12364,0.12364,0.12364,0.12364,0.12364,0.12364,0.12364,0.12364,0.12364,0.12364,0.12364,0.12364,0.12364,0.12364,0.12364,0.12364,0.12364,0.12364,0.12364,0.12364,0.12364,0.12364,0.12364,0.12364,0.12364,0.12364,0.12364,0.12364,0.37778,0.37778,0.37778,0.37778,0.37778,0.37778,0.37778,0.37778,0.37778,0.37778,0.37778,0.37778,0.37778,0.30222,0.30222,0.48571,0.30222,0.11333,0.22667,0.22667,0.11333,0.11333,0.18545,0.18545,0.18545,0.27200,0.27200,0.27200,0.27200,0.05667,0.20400,0.05667,0.20400,0.05667,0.05667,0.05667,0.18545,0.18545,0.18545,0.18545,0.18545,0.18545,0.18545,0.18545,0.18545,0.18545
kotlin.null_safety_flow,0.00000,0.07556,0.25500,0.17000,0.25500,0.00000,0.07556,0.25500,0.25500,0.17000,0.00000,0.25500,0.00000,0.25500,0.00000,0.07556,0.25500,0.00000,0.00000,0.25500,0.07556,0.17000,0.17000,0.07556,0.07556,0.17000,0.00000,0.07556,0.17000,0.17000,0.07556,0.17000,0.00000,0.07556,0.17000,0.07556,0.17000,0.25500,0.17000,0.07556,0.25500,0.07556,0.07556,0.00000,0.00000,0.00000,0.25500,0.57500,0.25500,0.25500,0.00000,0.00000,0.00000,0.25500,0.17000,0.25500,0.00000,0.07556,0.07556,0.00000,0.07556,0.00000,0.49000,0.17000,0.00000,0.07556,0.25500,0.17000,0.17000,0.17000,0.17000,0.17000,0.07556,0.17000,0.07556,0.17000,0.00000,0.25500,0.00000,0.25500,0.07556,0.17000,0.17000,0.00000,0.00000,0.00000,0.17000,0.07556,0.25500,0.17000,0.17000,0.25500,0.17000,0.00000,0.07556,0.07556,0.17000,0.25500,1.00000,1.00000,1.00000,1.00000,1.00000,1.00000,1.00000,1.00000,0.12364,0.12364,0.12364,0.12364,0.12364,0.12364,0.12364,0.12364,0.12364,0.12364,0.12364,0.12364,0.12364,0.12364,0.12364,0.12364,0.12364,0.12364,0.12364,0.12364,0.12364,0.12364,0.12364,0.12364,0.12364,0.12364,0.12364,0.12364,0.37778,0.37778,0.37778,0.37778,0.37778,0.37778,0.37778,0.37778,0.37778,0.37778,0.37778,0.37778,0.37778,0.30222,0.30222,0.48571,0.30222,0.11333,0.22667,0.22667,0.11333,0.11333,0.18545,0.18545,0.18545,0.27200,0.27200,0.27200,0.27200,0.05667,0.20400,0.05667,0.20400,0.05667,0.05667,0.05667,0.18545,0.18545,0.18545,0.18545,0.18545,0.18545,0.18545,0.18545,0.18545,0.18545
kotlin.safe_call,0.00000,0.07556,0.25500,0.17000,0.25500,0.00000,0.07556,0.25500,0.25500,0.17000,0.00000,0.25500,0.00000,0.25500,0.00000,0.07556,0.25500,0.00000,0.00000,0.25500,0.07556,0.17000,0.17000,0.07556,0.07556,0.17000,0.00000,0.07556,0.17000,0.17000,0.07556,0.17000,0.00000,0.07556,0.17000,0.07556,0.17000,0.25500,0.17000,0.07556,0.25500,0.07556,0.07556,0.00000,0.00000,0.00000,0.25500,0.57500,0.25500,0.25500,0.00000,0.00000,0.00000,0.25500,0.17000,0.25500,0.00000,0.07556,0.07556,0.00000,0.07556,0.00000,0.49000,0.17000,0.00000,0.07556,0.25500,0.17000,0.17000,0.17000,0.17000,0.17000,0.07556,0.17000,0.07556,0.17000,0.00000,0.25500,0.00000,0.25500,0.07556,0.17000,0.17000,0.00000,0.00000,0.00000,0.17000,0.07556,0.25500,0.17000,0.17000,0.25500,0.17000,0.00000,0.07556,0.07556,0.17000,0.25500,1.00000,1.00000,1.00000,1.00000,1.00000,1.00000,1.00000,1.00000,0.12364,0.12364,0.12364,0.12364,0.12364,0.12364,0.12364,0.12364,0.12364,0.12364,0.12364,0.12364,0.12364,0.12364,0.12364,0.12364,0.12364,0.12364,0.12364,0.12364,0.12364,0.12364,0.12364,0.12364,0.12364,0.12364,0.12364,0.12364,0.37778,0.37778,0.37778,0.37778,0.37778,0.37778,0.37778,0.37778,0.37778,0.37778,0.37778,0.37778,0.37778,0.30222,0.30222,0.48571,0.30222,0.11333,0.22667,0.22667,0.11333,0.11333,0.18545,0.18545,0.18545,0.27200,0.27200,0.27200,0.27200,0.05667,0.20400,0.05667,0.20400,0.05667,0.05667,0.05667,0.18545,0.18545,0.18545,0.18545,0.18545,0.18545,0.18545,0.18545,0.18545,0.18545
kotlin.elvis_operator,0.00000,0.07556,0.25500,0.17000,0.25500,0.00000,0.07556,0.25500,0.25500,0.17000,0.00000,0.25500,0.00000,0.25500,0.00000,0.07556,0.25500,0.00000,0.00000,0.25500,0.07556,0.17000,0.17000,0.07556,0.07556,0.17000,0.00000,0.07556,0.17000,0.17000,0.07556,0.17000,0.00000,0.07556,0.17000,0.07556,0.17000,0.25500,0.17000,0.07556,0.25500,0.07556,0.07556,0.00000,0.00000,0.00000,0.25500,0.57500,0.25500,0.25500,0.00000,0.00000,0.00000,0.25500,0.17000,0.25500,0.00000,0.07556,0.07556,0.00000,0.07556,0.00000,0.49000,0.17000,0.00000,0.07556,0.25500,0.17000,0.17000,0.17000,0.17000,0.17000,0.07556,0.17000,0.07556,0.17000,0.00000,0.25500,0.00000,0.25500,0.07556,0.17000,0.17000,0.00000,0.00000,0.00000,0.17000,0.07556,0.25500,0.17000,0.17000,0.25500,0.17000,0.00000,0.07556,0.07556,0.17000,0.25500,1.00000,1.00000,1.00000,1.00000,1.00000,1.00000,1.00000,1.00000,0.12364,0.12364,0.12364,0.12364,0.12364,0.12364,0.12364,0.12364,0.12364,0.12364,0.12364,0.12364,0.12364,0.12364,0.12364,0.12364,0.12364,0.12364,0.12364,0.12364,0.12364,0.12364,0.12364,0.12364,0.12364,0.12364,0.12364,0.12364,0.37778,0.37778,0.37778,0.37778,0.37778,0.37778,0.37778,0.37778,0.37778,0.37778,0.37778,0.37778,0.37778,0.30222,0.30222,0.48571,0.30222,0.11333,0.22667,0.22667,0.11333,0.11333,0.18545,0.18545,0.18545,0.27200,0.27200,0.27200,0.27200,0.05667,0.20400,0.05667,0.20400,0.05667,0.05667,0.05667,0.18545,0.18545,0.18545,0.18545,0.18545,0.18545,0.18545,0.18545,0.18545,0.18545
kotlin.non_null_assertion,0.00000,0.07556,0.25500,0.17000,0.25500,0.00000,0.07556,0.25500,0.25500,0.17000,0.00000,0.25500,0.00000,0.25500,0.00000,0.07556,0.25500,0.00000,0.00000,0.25500,0.07556,0.17000,0.17000,0.07556,0.07556,0.17000,0.00000,0.07556,0.17000,0.17000,0.07556,0.17000,0.00000,0.07556,0.17000,0.07556,0.17000,0.25500,0.17000,0.07556,0.25500,0.07556,0.07556,0.00000,0.00000,0.00000,0.25500,0.57500,0.25500,0.25500,0.00000,0.00000,0.00000,0.25500,0.17000,0.25500,0.00000,0.07556,0.07556,0.00000,0.07556,0.00000,0.49000,0.17000,0.00000,0.07556,0.25500,0.17000,0.17000,0.17000,0.17000,0.17000,0.07556,0.17000,0.07556,0.17000,0.00000,0.25500,0.00000,0.25500,0.07556,0.17000,0.17000,0.00000,0.00000,0.00000,0.17000,0.07556,0.25500,0.17000,0.17000,0.25500,0.17000,0.00000,0.07556,0.07556,0.17000,0.25500,1.00000,1.00000,1.00000,1.00000,1.00000,1.00000,1.00000,1.00000,0.12364,0.12364,0.12364,0.12364,0.12364,0.12364,0.12364,0.12364,0.12364,0.12364,0.12364,0.12364,0.12364,0.12364,0.12364,0.12364,0.12364,0.12364,0.12364,0.12364,0.12364,0.12364,0.12364,0.12364,0.12364,0.12364,0.12364,0.12364,0.37778,0.37778,0.37778,0.37778,0.37778,0.37778,0.37778,0.37778,0.37778,0.37778,0.37778,0.37778,0.37778,0.30222,0.30222,0.48571,0.30222,0.11333,0.22667,0.22667,0.11333,0.11333,0.18545,0.18545,0.18545,0.27200,0.27200,0.27200,0.27200,0.05667,0.20400,0.05667,0.20400,0.05667,0.05667,0.05667,0.18545,0.18545,0.18545,0.18545,0.18545,0.18545,0.18545,0.18545,0.18545,0.18545
kotlin.smart_cast,0.00000,0.07556,0.25500,0.17000,0.25500,0.00000,0.07556,0.25500,0.25500,0.17000,0.00000,0.25500,0.00000,0.25500,0.00000,0.07556,0.25500,0.00000,0.00000,0.25500,0.07556,0.17000,0.17000,0.07556,0.07556,0.17000,0.00000,0.07556,0.17000,0.17000,0.07556,0.17000,0.00000,0.07556,0.17000,0.07556,0.17000,0.25500,0.17000,0.07556,0.25500,0.07556,0.07556,0.00000,0.00000,0.00000,0.25500,0.57500,0.25500,0.25500,0.00000,0.00000,0.00000,0.25500,0.17000,0.25500,0.00000,0.07556,0.07556,0.00000,0.07556,0.00000,0.49000,0.17000,0.00000,0.07556,0.25500,0.17000,0.17000,0.17000,0.17000,0.17000,0.07556,0.17000,0.07556,0.17000,0.00000,0.25500,0.00000,0.25500,0.07556,0.17000,0.17000,0.00000,0.00000,0.00000,0.17000,0.07556,0.25500,0.17000,0.17000,0.25500,0.17000,0.00000,0.07556,0.07556,0.17000,0.25500,1.00000,1.00000,1.00000,1.00000,1.00000,1.00000,1.00000,1.00000,0.12364,0.12364,0.12364,0.12364,0.12364,0.12364,0.12364,0.12364,0.12364,0.12364,0.12364,0.12364,0.12364,0.12364,0.12364,0.12364,0.12364,0.12364,0.12364,0.12364,0.12364,0.12364,0.12364,0.12364,0.12364,0.12364,0.12364,0.12364,0.37778,0.37778,0.37778,0.37778,0.37778,0.37778,0.37778,0.37778,0.37778,0.37778,0.37778,0.37778,0.37778,0.30222,0.30222,0.48571,0.30222,0.11333,0.22667,0.22667,0.11333,0.11333,0.18545,0.18545,0.18545,0.27200,0.27200,0.27200,0.27200,0.05667,0.20400,0.05667,0.20400,0.05667,0.05667,0.05667,0.18545,0.18545,0.18545,0.18545,0.18545,0.18545,0.18545,0.18545,0.18545,0.18545
kotlin.platform_flexible_type,0.00000,0.07556,0.25500,0.17000,0.25500,0.00000,0.07556,0.25500,0.25500,0.17000,0.00000,0.25500,0.00000,0.25500,0.00000,0.07556,0.25500,0.00000,0.00000,0.25500,0.07556,0.17000,0.17000,0.07556,0.07556,0.17000,0.00000,0.07556,0.17000,0.17000,0.07556,0.17000,0.00000,0.07556,0.17000,0.07556,0.17000,0.25500,0.17000,0.07556,0.25500,0.07556,0.07556,0.00000,0.00000,0.00000,0.25500,0.57500,0.25500,0.25500,0.00000,0.00000,0.00000,0.25500,0.17000,0.25500,0.00000,0.07556,0.07556,0.00000,0.07556,0.00000,0.49000,0.17000,0.00000,0.07556,0.25500,0.17000,0.17000,0.17000,0.17000,0.17000,0.07556,0.17000,0.07556,0.17000,0.00000,0.25500,0.00000,0.25500,0.07556,0.17000,0.17000,0.00000,0.00000,0.00000,0.17000,0.07556,0.25500,0.17000,0.17000,0.25500,0.17000,0.00000,0.07556,0.07556,0.17000,0.25500,1.00000,1.00000,1.00000,1.00000,1.00000,1.00000,1.00000,1.00000,0.12364,0.12364,0.12364,0.12364,0.12364,0.12364,0.12364,0.12364,0.12364,0.12364,0.12364,0.12364,0.12364,0.12364,0.12364,0.12364,0.12364,0.12364,0.12364,0.12364,0.12364,0.12364,0.12364,0.12364,0.12364,0.12364,0.12364,0.12364,0.37778,0.37778,0.37778,0.37778,0.37778,0.37778,0.37778,0.37778,0.37778,0.37778,0.37778,0.37778,0.37778,0.30222,0.30222,0.48571,0.30222,0.11333,0.22667,0.22667,0.11333,0.11333,0.18545,0.18545,0.18545,0.27200,0.27200,0.27200,0.27200,0.05667,0.20400,0.05667,0.20400,0.05667,0.05667,0.05667,0.18545,0.18545,0.18545,0.18545,0.18545,0.18545,0.18545,0.18545,0.18545,0.18545
kotlin.definitely_non_null_type,0.00000,0.07556,0.25500,0.17000,0.25500,0.00000,0.07556,0.25500,0.25500,0.17000,0.00000,0.25500,0.00000,0.25500,0.00000,0.07556,0.25500,0.00000,0.00000,0.25500,0.07556,0.17000,0.17000,0.07556,0.07556,0.17000,0.00000,0.07556,0.17000,0.17000,0.07556,0.17000,0.00000,0.07556,0.17000,0.07556,0.17000,0.25500,0.17000,0.07556,0.25500,0.07556,0.07556,0.00000,0.00000,0.00000,0.25500,0.57500,0.25500,0.25500,0.00000,0.00000,0.00000,0.25500,0.17000,0.25500,0.00000,0.07556,0.07556,0.00000,0.07556,0.00000,0.49000,0.17000,0.00000,0.07556,0.25500,0.17000,0.17000,0.17000,0.17000,0.17000,0.07556,0.17000,0.07556,0.17000,0.00000,0.25500,0.00000,0.25500,0.07556,0.17000,0.17000,0.00000,0.00000,0.00000,0.17000,0.07556,0.25500,0.17000,0.17000,0.25500,0.17000,0.00000,0.07556,0.07556,0.17000,0.25500,1.00000,1.00000,1.00000,1.00000,1.00000,1.00000,1.00000,1.00000,0.12364,0.12364,0.12364,0.12364,0.12364,0.12364,0.12364,0.12364,0.12364,0.12364,0.12364,0.12364,0.12364,0.12364,0.12364,0.12364,0.12364,0.12364,0.12364,0.12364,0.12364,0.12364,0.12364,0.12364,0.12364,0.12364,0.12364,0.12364,0.37778,0.37778,0.37778,0.37778,0.37778,0.37778,0.37778,0.37778,0.37778,0.37778,0.37778,0.37778,0.37778,0.30222,0.30222,0.48571,0.30222,0.11333,0.22667,0.22667,0.11333,0.11333,0.18545,0.18545,0.18545,0.27200,0.27200,0.27200,0.27200,0.05667,0.20400,0.05667,0.20400,0.05667,0.05667,0.05667,0.18545,0.18545,0.18545,0.18545,0.18545,0.18545,0.18545,0.18545,0.18545,0.18545
kotlin.intersection_type,0.00000,0.00000,0.00000,0.66000,0.00000,0.00000,0.19429,0.00000,0.00000,0.00000,0.08500,0.00000,0.19429,0.00000,0.00000,0.19429,0.00000,0.08500,0.08500,0.00000,0.19429,0.00000,0.00000,0.00000,0.19429,0.00000,0.00000,0.00000,0.00000,0.00000,0.19429,0.66000,0.00000,0.51429,0.66000,0.00000,0.00000,0.00000,0.00000,0.19429,0.00000,0.19429,0.00000,0.08500,0.00000,0.19429,0.00000,0.00000,0.00000,0.00000,0.00000,0.08500,0.00000,0.00000,0.66000,0.00000,0.00000,0.19429,0.00000,0.19429,0.00000,0.08500,0.34000,0.66000,0.00000,0.19429,0.00000,0.66000,0.66000,0.66000,0.66000,0.66000,0.00000,0.66000,0.00000,0.00000,0.19429,0.00000,0.19429,0.00000,0.19429,0.66000,0.00000,0.19429,0.00000,0.00000,0.00000,0.00000,0.00000,0.66000,0.66000,0.00000,0.66000,0.00000,0.19429,0.19429,0.00000,0.00000,0.12364,0.12364,0.12364,0.12364,0.12364,0.12364,0.12364,0.12364,1.00000,1.00000,1.00000,1.00000,1.00000,1.00000,1.00000,1.00000,1.00000,1.00000,1.00000,1.00000,1.00000,1.00000,1.00000,0.22667,0.22667,0.22667,0.22667,0.22667,0.22667,0.22667,0.22667,0.22667,0.22667,0.22667,0.22667,0.22667,0.30222,0.30222,0.30222,0.30222,0.30222,0.30222,0.30222,0.30222,0.30222,0.30222,0.30222,0.30222,0.30222,0.06182,0.06182,0.06800,0.06182,0.12364,0.00000,0.00000,0.12364,0.12364,0.20400,0.20400,0.20400,0.00000,0.00000,0.00000,0.00000,0.22667,0.13600,0.22667,0.13600,0.22667,0.22667,0.22667,0.05667,0.05667,0.05667,0.05667,0.05667,0.05667,0.05667,0.05667,0.05667,0.20400
kotlin.captured_type,0.00000,0.00000,0.00000,0.66000,0.00000,0.00000,0.19429,0.00000,0.00000,0.00000,0.08500,0.00000,0.19429,0.00000,0.00000,0.19429,0.00000,0.08500,0.08500,0.00000,0.19429,0.00000,0.00000,0.00000,0.19429,0.00000,0.00000,0.00000,0.00000,0.00000,0.19429,0.66000,0.00000,0.51429,0.66000,0.00000,0.00000,0.00000,0.00000,0.19429,0.00000,0.19429,0.00000,0.08500,0.00000,0.19429,0.00000,0.00000,0.00000,0.00000,0.00000,0.08500,0.00000,0.00000,0.66000,0.00000,0.00000,0.19429,0.00000,0.19429,0.00000,0.08500,0.34000,0.66000,0.00000,0.19429,0.00000,0.66000,0.66000,0.66000,0.66000,0.66000,0.00000,0.66000,0.00000,0.00000,0.19429,0.00000,0.19429,0.00000,0.19429,0.66000,0.00000,0.19429,0.00000,0.00000,0.00000,0.00000,0.00000,0.66000,0.66000,0.00000,0.66000,0.00000,0.19429,0.19429,0.00000,0.00000,0.12364,0.12364,0.12364,0.12364,0.12364,0.12364,0.12364,0.12364,1.00000,1.00000,1.00000,1.00000,1.00000,1.00000,1.00000,1.00000,1.00000,1.00000,1.00000,1.00000,1.00000,1.00000,1.00000,0.22667,0.22667,0.22667,0.22667,0.22667,0.22667,0.22667,0.22667,0.22667,0.22667,0.22667,0.22667,0.22667,0.30222,0.30222,0.30222,0.30222,0.30222,0.30222,0.30222,0.30222,0.30222,0.30222,0.30222,0.30222,0.30222,0.06182,0.06182,0.06800,0.06182,0.12364,0.00000,0.00000,0.12364,0.12364,0.20400,0.20400,0.20400,0.00000,0.00000,0.00000,0.00000,0.22667,0.13600,0.22667,0.13600,0.22667,0.22667,0.22667,0.05667,0.05667,0.05667,0.05667,0.05667,0.05667,0.05667,0.05667,0.05667,0.20400
kotlin.type_alias,0.00000,0.00000,0.00000,0.66000,0.00000,0.00000,0.19429,0.00000,0.00000,0.00000,0.08500,0.00000,0.19429,0.00000,0.00000,0.19429,0.00000,0.08500,0.08500,0.00000,0.19429,0.00000,0.00000,0.00000,0.19429,0.00000,0.00000,0.00000,0.00000,0.00000,0.19429,0.66000,0.00000,0.51429,0.66000,0.00000,0.00000,0.00000,0.00000,0.19429,0.00000,0.19429,0.00000,0.08500,0.00000,0.19429,0.00000,0.00000,0.00000,0.00000,0.00000,0.08500,0.00000,0.00000,0.66000,0.00000,0.00000,0.19429,0.00000,0.19429,0.00000,0.08500,0.34000,0.66000,0.00000,0.19429,0.00000,0.66000,0.66000,0.66000,0.66000,0.66000,0.00000,0.66000,0.00000,0.00000,0.19429,0.00000,0.19429,0.00000,0.19429,0.66000,0.00000,0.19429,0.00000,0.00000,0.00000,0.00000,0.00000,0.66000,0.66000,0.00000,0.66000,0.00000,0.19429,0.19429,0.00000,0.00000,0.12364,0.12364,0.12364,0.12364,0.12364,0.12364,0.12364,0.12364,1.00000,1.00000,1.00000,1.00000,1.00000,1.00000,1.00000,1.00000,1.00000,1.00000,1.00000,1.00000,1.00000,1.00000,1.00000,0.22667,0.22667,0.22667,0.22667,0.22667,0.22667,0.22667,0.22667,0.22667,0.22667,0.22667,0.22667,0.22667,0.30222,0.30222,0.30222,0.30222,0.30222,0.30222,0.30222,0.30222,0.30222,0.30222,0.30222,0.30222,0.30222,0.06182,0.06182,0.06800,0.06182,0.12364,0.00000,0.00000,0.12364,0.12364,0.20400,0.20400,0.20400,0.00000,0.00000,0.00000,0.00000,0.22667,0.13600,0.22667,0.13600,0.22667,0.22667,0.22667,0.05667,0.05667,0.05667,0.05667,0.05667,0.05667,0.05667,0.05667,0.05667,0.20400
kotlin.variance_in_out,0.00000,0.00000,0.00000,0.66000,0.00000,0.00000,0.19429,0.00000,0.00000,0.00000,0.08500,0.00000,0.19429,0.00000,0.00000,0.19429,0.00000,0.08500,0.08500,0.00000,0.19429,0.00000,0.00000,0.00000,0.19429,0.00000,0.00000,0.00000,0.00000,0.00000,0.19429,0.66000,0.00000,0.51429,0.66000,0.00000,0.00000,0.00000,0.00000,0.19429,0.00000,0.19429,0.00000,0.08500,0.00000,0.19429,0.00000,0.00000,0.00000,0.00000,0.00000,0.08500,0.00000,0.00000,0.66000,0.00000,0.00000,0.19429,0.00000,0.19429,0.00000,0.08500,0.34000,0.66000,0.00000,0.19429,0.00000,0.66000,0.66000,0.66000,0.66000,0.66000,0.00000,0.66000,0.00000,0.00000,0.19429,0.00000,0.19429,0.00000,0.19429,0.66000,0.00000,0.19429,0.00000,0.00000,0.00000,0.00000,0.00000,0.66000,0.66000,0.00000,0.66000,0.00000,0.19429,0.19429,0.00000,0.00000,0.12364,0.12364,0.12364,0.12364,0.12364,0.12364,0.12364,0.12364,1.00000,1.00000,1.00000,1.00000,1.00000,1.00000,1.00000,1.00000,1.00000,1.00000,1.00000,1.00000,1.00000,1.00000,1.00000,0.22667,0.22667,0.22667,0.22667,0.22667,0.22667,0.22667,0.22667,0.22667,0.22667,0.22667,0.22667,0.22667,0.30222,0.30222,0.30222,0.30222,0.30222,0.30222,0.30222,0.30222,0.30222,0.30222,0.30222,0.30222,0.30222,0.06182,0.06182,0.06800,0.06182,0.12364,0.00000,0.00000,0.12364,0.12364,0.20400,0.20400,0.20400,0.00000,0.00000,0.00000,0.00000,0.22667,0.13600,0.22667,0.13600,0.22667,0.22667,0.22667,0.05667,0.05667,0.05667,0.05667,0.05667,0.05667,0.05667,0.05667,0.05667,0.20400
kotlin.star_projection,0.00000,0.00000,0.00000,0.66000,0.00000,0.00000,0.19429,0.00000,0.00000,0.00000,0.08500,0.00000,0.19429,0.00000,0.00000,0.19429,0.00000,0.08500,0.08500,0.00000,0.19429,0.00000,0.00000,0.00000,0.19429,0.00000,0.00000,0.00000,0.00000,0.00000,0.19429,0.66000,0.00000,0.51429,0.66000,0.00000,0.00000,0.00000,0.00000,0.19429,0.00000,0.19429,0.00000,0.08500,0.00000,0.19429,0.00000,0.00000,0.00000,0.00000,0.00000,0.08500,0.00000,0.00000,0.66000,0.00000,0.00000,0.19429,0.00000,0.19429,0.00000,0.08500,0.34000,0.66000,0.00000,0.19429,0.00000,0.66000,0.66000,0.66000,0.66000,0.66000,0.00000,0.66000,0.00000,0.00000,0.19429,0.00000,0.19429,0.00000,0.19429,0.66000,0.00000,0.19429,0.00000,0.00000,0.00000,0.00000,0.00000,0.66000,0.66000,0.00000,0.66000,0.00000,0.19429,0.19429,0.00000,0.00000,0.12364,0.12364,0.12364,0.12364,0.12364,0.12364,0.12364,0.12364,1.00000,1.00000,1.00000,1.00000,1.00000,1.00000,1.00000,1.00000,1.00000,1.00000,1.00000,1.00000,1.00000,1.00000,1.00000,0.22667,0.22667,0.22667,0.22667,0.22667,0.22667,0.22667,0.22667,0.22667,0.22667,0.22667,0.22667,0.22667,0.30222,0.30222,0.30222,0.30222,0.30222,0.30222,0.30222,0.30222,0.30222,0.30222,0.30222,0.30222,0.30222,0.06182,0.06182,0.06800,0.06182,0.12364,0.00000,0.00000,0.12364,0.12364,0.20400,0.20400,0.20400,0.00000,0.00000,0.00000,0.00000,0.22667,0.13600,0.22667,0.13600,0.22667,0.22667,0.22667,0.05667,0.05667,0.05667,0.05667,0.05667,0.05667,0.05667,0.05667,0.05667,0.20400
kotlin.generic_where_constraints,0.00000,0.00000,0.00000,0.66000,0.00000,0.00000,0.19429,0.00000,0.00000,0.00000,0.08500,0.00000,0.19429,0.00000,0.00000,0.19429,0.00000,0.08500,0.08500,0.00000,0.19429,0.00000,0.00000,0.00000,0.19429,0.00000,0.00000,0.00000,0.00000,0.00000,0.19429,0.66000,0.00000,0.51429,0.66000,0.00000,0.00000,0.00000,0.00000,0.19429,0.00000,0.19429,0.00000,0.08500,0.00000,0.19429,0.00000,0.00000,0.00000,0.00000,0.00000,0.08500,0.00000,0.00000,0.66000,0.00000,0.00000,0.19429,0.00000,0.19429,0.00000,0.08500,0.34000,0.66000,0.00000,0.19429,0.00000,0.66000,0.66000,0.66000,0.66000,0.66000,0.00000,0.66000,0.00000,0.00000,0.19429,0.00000,0.19429,0.00000,0.19429,0.66000,0.00000,0.19429,0.00000,0.00000,0.00000,0.00000,0.00000,0.66000,0.66000,0.00000,0.66000,0.00000,0.19429,0.19429,0.00000,0.00000,0.12364,0.12364,0.12364,0.12364,0.12364,0.12364,0.12364,0.12364,1.00000,1.00000,1.00000,1.00000,1.00000,1.00000,1.00000,1.00000,1.00000,1.00000,1.00000,1.00000,1.00000,1.00000,1.00000,0.22667,0.22667,0.22667,0.22667,0.22667,0.22667,0.22667,0.22667,0.22667,0.22667,0.22667,0.22667,0.22667,0.30222,0.30222,0.30222,0.30222,0.30222,0.30222,0.30222,0.30222,0.30222,0.30222,0.30222,0.30222,0.30222,0.06182,0.06182,0.06800,0.06182,0.12364,0.00000,0.00000,0.12364,0.12364,0.20400,0.20400,0.20400,0.00000,0.00000,0.00000,0.00000,0.22667,0.13600,0.22667,0.13600,0.22667,0.22667,0.22667,0.05667,0.05667,0.05667,0.05667,0.05667,0.05667,0.05667,0.05667,0.05667,0.20400
kotlin.type_inference_constraint_system,0.00000,0.00000,0.00000,0.66000,0.00000,0.00000,0.19429,0.00000,0.00000,0.00000,0.08500,0.00000,0.19429,0.00000,0.00000,0.19429,0.00000,0.08500,0.08500,0.00000,0.19429,0.00000,0.00000,0.00000,0.19429,0.00000,0.00000,0.00000,0.00000,0.00000,0.19429,0.66000,0.00000,0.51429,0.66000,0.00000,0.00000,0.00000,0.00000,0.19429,0.00000,0.19429,0.00000,0.08500,0.00000,0.19429,0.00000,0.00000,0.00000,0.00000,0.00000,0.08500,0.00000,0.00000,0.66000,0.00000,0.00000,0.19429,0.00000,0.19429,0.00000,0.08500,0.34000,0.66000,0.00000,0.19429,0.00000,0.66000,0.66000,0.66000,0.66000,0.66000,0.00000,0.66000,0.00000,0.00000,0.19429,0.00000,0.19429,0.00000,0.19429,0.66000,0.00000,0.19429,0.00000,0.00000,0.00000,0.00000,0.00000,0.66000,0.66000,0.00000,0.66000,0.00000,0.19429,0.19429,0.00000,0.00000,0.12364,0.12364,0.12364,0.12364,0.12364,0.12364,0.12364,0.12364,1.00000,1.00000,1.00000,1.00000,1.00000,1.00000,1.00000,1.00000,1.00000,1.00000,1.00000,1.00000,1.00000,1.00000,1.00000,0.22667,0.22667,0.22667,0.22667,0.22667,0.22667,0.22667,0.22667,0.22667,0.22667,0.22667,0.22667,0.22667,0.30222,0.30222,0.30222,0.30222,0.30222,0.30222,0.30222,0.30222,0.30222,0.30222,0.30222,0.30222,0.30222,0.06182,0.06182,0.06800,0.06182,0.12364,0.00000,0.00000,0.12364,0.12364,0.20400,0.20400,0.20400,0.00000,0.00000,0.00000,0.00000,0.22667,0.13600,0.22667,0.13600,0.22667,0.22667,0.22667,0.05667,0.05667,0.05667,0.05667,0.05667,0.05667,0.05667,0.05667,0.05667,0.20400
kotlin.builder_inference,0.00000,0.00000,0.00000,0.66000,0.00000,0.00000,0.19429,0.00000,0.00000,0.00000,0.08500,0.00000,0.19429,0.00000,0.00000,0.19429,0.00000,0.08500,0.08500,0.00000,0.19429,0.00000,0.00000,0.00000,0.19429,0.00000,0.00000,0.00000,0.00000,0.00000,0.19429,0.66000,0.00000,0.51429,0.66000,0.00000,0.00000,0.00000,0.00000,0.19429,0.00000,0.19429,0.00000,0.08500,0.00000,0.19429,0.00000,0.00000,0.00000,0.00000,0.00000,0.08500,0.00000,0.00000,0.66000,0.00000,0.00000,0.19429,0.00000,0.19429,0.00000,0.08500,0.34000,0.66000,0.00000,0.19429,0.00000,0.66000,0.66000,0.66000,0.66000,0.66000,0.00000,0.66000,0.00000,0.00000,0.19429,0.00000,0.19429,0.00000,0.19429,0.66000,0.00000,0.19429,0.00000,0.00000,0.00000,0.00000,0.00000,0.66000,0.66000,0.00000,0.66000,0.00000,0.19429,0.19429,0.00000,0.00000,0.12364,0.12364,0.12364,0.12364,0.12364,0.12364,0.12364,0.12364,1.00000,1.00000,1.00000,1.00000,1.00000,1.00000,1.00000,1.00000,1.00000,1.00000,1.00000,1.00000,1.00000,1.00000,1.00000,0.22667,0.22667,0.22667,0.22667,0.22667,0.22667,0.22667,0.22667,0.22667,0.22667,0.22667,0.22667,0.22667,0.30222,0.30222,0.30222,0.30222,0.30222,0.30222,0.30222,0.30222,0.30222,0.30222,0.30222,0.30222,0.30222,0.06182,0.06182,0.06800,0.06182,0.12364,0.00000,0.00000,0.12364,0.12364,0.20400,0.20400,0.20400,0.00000,0.00000,0.00000,0.00000,0.22667,0.13600,0.22667,0.13600,0.22667,0.22667,0.22667,0.05667,0.05667,0.05667,0.05667,0.05667,0.05667,0.05667,0.05667,0.05667,0.20400
kotlin.reified_type_parameter,0.00000,0.00000,0.00000,0.66000,0.00000,0.00000,0.19429,0.00000,0.00000,0.00000,0.08500,0.00000,0.19429,0.00000,0.00000,0.19429,0.00000,0.08500,0.08500,0.00000,0.19429,0.00000,0.00000,0.00000,0.19429,0.00000,0.00000,0.00000,0.00000,0.00000,0.19429,0.66000,0.00000,0.51429,0.66000,0.00000,0.00000,0.00000,0.00000,0.19429,0.00000,0.19429,0.00000,0.08500,0.00000,0.19429,0.00000,0.00000,0.00000,0.00000,0.00000,0.08500,0.00000,0.00000,0.66000,0.00000,0.00000,0.19429,0.00000,0.19429,0.00000,0.08500,0.34000,0.66000,0.00000,0.19429,0.00000,0.66000,0.66000,0.66000,0.66000,0.66000,0.00000,0.66000,0.00000,0.00000,0.19429,0.00000,0.19429,0.00000,0.19429,0.66000,0.00000,0.19429,0.00000,0.00000,0.00000,0.00000,0.00000,0.66000,0.66000,0.00000,0.66000,0.00000,0.19429,0.19429,0.00000,0.00000,0.12364,0.12364,0.12364,0.12364,0.12364,0.12364,0.12364,0.12364,1.00000,1.00000,1.00000,1.00000,1.00000,1.00000,1.00000,1.00000,1.00000,1.00000,1.00000,1.00000,1.00000,1.00000,1.00000,0.22667,0.22667,0.22667,0.22667,0.22667,0.22667,0.22667,0.22667,0.22667,0.22667,0.22667,0.22667,0.22667,0.30222,0.30222,0.30222,0.30222,0.30222,0.30222,0.30222,0.30222,0.30222,0.30222,0.30222,0.30222,0.30222,0.06182,0.06182,0.06800,0.06182,0.12364,0.00000,0.00000,0.12364,0.12364,0.20400,0.20400,0.20400,0.00000,0.00000,0.00000,0.00000,0.22667,0.13600,0.22667,0.13600,0.22667,0.22667,0.22667,0.05667,0.05667,0.05667,0.05667,0.05667,0.05667,0.05667,0.05667,0.05667,0.20400
kotlin.function_type,0.00000,0.00000,0.00000,0.66000,0.00000,0.00000,0.19429,0.00000,0.00000,0.00000,0.08500,0.00000,0.19429,0.00000,0.00000,0.19429,0.00000,0.08500,0.08500,0.00000,0.19429,0.00000,0.00000,0.00000,0.19429,0.00000,0.00000,0.00000,0.00000,0.00000,0.19429,0.66000,0.00000,0.51429,0.66000,0.00000,0.00000,0.00000,0.00000,0.19429,0.00000,0.19429,0.00000,0.08500,0.00000,0.19429,0.00000,0.00000,0.00000,0.00000,0.00000,0.08500,0.00000,0.00000,0.66000,0.00000,0.00000,0.19429,0.00000,0.19429,0.00000,0.08500,0.34000,0.66000,0.00000,0.19429,0.00000,0.66000,0.66000,0.66000,0.66000,0.66000,0.00000,0.66000,0.00000,0.00000,0.19429,0.00000,0.19429,0.00000,0.19429,0.66000,0.00000,0.19429,0.00000,0.00000,0.00000,0.00000,0.00000,0.66000,0.66000,0.00000,0.66000,0.00000,0.19429,0.19429,0.00000,0.00000,0.12364,0.12364,0.12364,0.12364,0.12364,0.12364,0.12364,0.12364,1.00000,1.00000,1.00000,1.00000,1.00000,1.00000,1.00000,1.00000,1.00000,1.00000,1.00000,1.00000,1.00000,1.00000,1.00000,0.22667,0.22667,0.22667,0.22667,0.22667,0.22667,0.22667,0.22667,0.22667,0.22667,0.22667,0.22667,0.22667,0.30222,0.30222,0.30222,0.30222,0.30222,0.30222,0.30222,0.30222,0.30222,0.30222,0.30222,0.30222,0.30222,0.06182,0.06182,0.06800,0.06182,0.12364,0.00000,0.00000,0.12364,0.12364,0.20400,0.20400,0.20400,0.00000,0.00000,0.00000,0.00000,0.22667,0.13600,0.22667,0.13600,0.22667,0.22667,0.22667,0.05667,0.05667,0.05667,0.05667,0.05667,0.05667,0.05667,0.05667,0.05667,0.20400
kotlin.receiver_function_type,0.00000,0.00000,0.00000,0.66000,0.00000,0.00000,0.19429,0.00000,0.00000,0.00000,0.08500,0.00000,0.19429,0.00000,0.00000,0.19429,0.00000,0.08500,0.08500,0.00000,0.19429,0.00000,0.00000,0.00000,0.19429,0.00000,0.00000,0.00000,0.00000,0.00000,0.19429,0.66000,0.00000,0.51429,0.66000,0.00000,0.00000,0.00000,0.00000,0.19429,0.00000,0.19429,0.00000,0.08500,0.00000,0.19429,0.00000,0.00000,0.00000,0.00000,0.00000,0.08500,0.00000,0.00000,0.66000,0.00000,0.00000,0.19429,0.00000,0.19429,0.00000,0.08500,0.34000,0.66000,0.00000,0.19429,0.00000,0.66000,0.66000,0.66000,0.66000,0.66000,0.00000,0.66000,0.00000,0.00000,0.19429,0.00000,0.19429,0.00000,0.19429,0.66000,0.00000,0.19429,0.00000,0.00000,0.00000,0.00000,0.00000,0.66000,0.66000,0.00000,0.66000,0.00000,0.19429,0.19429,0.00000,0.00000,0.12364,0.12364,0.12364,0.12364,0.12364,0.12364,0.12364,0.12364,1.00000,1.00000,1.00000,1.00000,1.00000,1.00000,1.00000,1.00000,1.00000,1.00000,1.00000,1.00000,1.00000,1.00000,1.00000,0.22667,0.22667,0.22667,0.22667,0.22667,0.22667,0.22667,0.22667,0.22667,0.22667,0.22667,0.22667,0.22667,0.30222,0.30222,0.30222,0.30222,0.30222,0.30222,0.30222,0.30222,0.30222,0.30222,0.30222,0.30222,0.30222,0.06182,0.06182,0.06800,0.06182,0.12364,0.00000,0.00000,0.12364,0.12364,0.20400,0.20400,0.20400,0.00000,0.00000,0.00000,0.00000,0.22667,0.13600,0.22667,0.13600,0.22667,0.22667,0.22667,0.05667,0.05667,0.05667,0.05667,0.05667,0.05667,0.05667,0.05667,0.05667,0.20400
kotlin.suspend_function_type,0.00000,0.00000,0.00000,0.66000,0.00000,0.00000,0.19429,0.00000,0.00000,0.00000,0.08500,0.00000,0.19429,0.00000,0.00000,0.19429,0.00000,0.08500,0.08500,0.00000,0.19429,0.00000,0.00000,0.00000,0.19429,0.00000,0.00000,0.00000,0.00000,0.00000,0.19429,0.66000,0.00000,0.51429,0.66000,0.00000,0.00000,0.00000,0.00000,0.19429,0.00000,0.19429,0.00000,0.08500,0.00000,0.19429,0.00000,0.00000,0.00000,0.00000,0.00000,0.08500,0.00000,0.00000,0.66000,0.00000,0.00000,0.19429,0.00000,0.19429,0.00000,0.08500,0.34000,0.66000,0.00000,0.19429,0.00000,0.66000,0.66000,0.66000,0.66000,0.66000,0.00000,0.66000,0.00000,0.00000,0.19429,0.00000,0.19429,0.00000,0.19429,0.66000,0.00000,0.19429,0.00000,0.00000,0.00000,0.00000,0.00000,0.66000,0.66000,0.00000,0.66000,0.00000,0.19429,0.19429,0.00000,0.00000,0.12364,0.12364,0.12364,0.12364,0.12364,0.12364,0.12364,0.12364,1.00000,1.00000,1.00000,1.00000,1.00000,1.00000,1.00000,1.00000,1.00000,1.00000,1.00000,1.00000,1.00000,1.00000,1.00000,0.22667,0.22667,0.22667,0.22667,0.22667,0.22667,0.22667,0.22667,0.22667,0.22667,0.22667,0.22667,0.22667,0.30222,0.30222,0.30222,0.30222,0.30222,0.30222,0.30222,0.30222,0.30222,0.30222,0.30222,0.30222,0.30222,0.06182,0.06182,0.06800,0.06182,0.12364,0.00000,0.00000,0.12364,0.12364,0.20400,0.20400,0.20400,0.00000,0.00000,0.00000,0.00000,0.22667,0.13600,0.22667,0.13600,0.22667,0.22667,0.22667,0.05667,0.05667,0.05667,0.05667,0.05667,0.05667,0.05667,0.05667,0.05667,0.20400
kotlin.unit_type,0.00000,0.00000,0.00000,0.66000,0.00000,0.00000,0.19429,0.00000,0.00000,0.00000,0.08500,0.00000,0.19429,0.00000,0.00000,0.19429,0.00000,0.08500,0.08500,0.00000,0.19429,0.00000,0.00000,0.00000,0.19429,0.00000,0.00000,0.00000,0.00000,0.00000,0.19429,0.66000,0.00000,0.51429,0.66000,0.00000,0.00000,0.00000,0.00000,0.19429,0.00000,0.19429,0.00000,0.08500,0.00000,0.19429,0.00000,0.00000,0.00000,0.00000,0.00000,0.08500,0.00000,0.00000,0.66000,0.00000,0.00000,0.19429,0.00000,0.19429,0.00000,0.08500,0.34000,0.66000,0.00000,0.19429,0.00000,0.66000,0.66000,0.66000,0.66000,0.66000,0.00000,0.66000,0.00000,0.00000,0.19429,0.00000,0.19429,0.00000,0.19429,0.66000,0.00000,0.19429,0.00000,0.00000,0.00000,0.00000,0.00000,0.66000,0.66000,0.00000,0.66000,0.00000,0.19429,0.19429,0.00000,0.00000,0.12364,0.12364,0.12364,0.12364,0.12364,0.12364,0.12364,0.12364,1.00000,1.00000,1.00000,1.00000,1.00000,1.00000,1.00000,1.00000,1.00000,1.00000,1.00000,1.00000,1.00000,1.00000,1.00000,0.22667,0.22667,0.22667,0.22667,0.22667,0.22667,0.22667,0.22667,0.22667,0.22667,0.22667,0.22667,0.22667,0.30222,0.30222,0.30222,0.30222,0.30222,0.30222,0.30222,0.30222,0.30222,0.30222,0.30222,0.30222,0.30222,0.06182,0.06182,0.06800,0.06182,0.12364,0.00000,0.00000,0.12364,0.12364,0.20400,0.20400,0.20400,0.00000,0.00000,0.00000,0.00000,0.22667,0.13600,0.22667,0.13600,0.22667,0.22667,0.22667,0.05667,0.05667,0.05667,0.05667,0.05667,0.05667,0.05667,0.05667,0.05667,0.20400
kotlin.nothing_type,0.00000,0.00000,0.00000,0.66000,0.00000,0.00000,0.19429,0.00000,0.00000,0.00000,0.08500,0.00000,0.19429,0.00000,0.00000,0.19429,0.00000,0.08500,0.08500,0.00000,0.19429,0.00000,0.00000,0.00000,0.19429,0.00000,0.00000,0.00000,0.00000,0.00000,0.19429,0.66000,0.00000,0.51429,0.66000,0.00000,0.00000,0.00000,0.00000,0.19429,0.00000,0.19429,0.00000,0.08500,0.00000,0.19429,0.00000,0.00000,0.00000,0.00000,0.00000,0.08500,0.00000,0.00000,0.66000,0.00000,0.00000,0.19429,0.00000,0.19429,0.00000,0.08500,0.34000,0.66000,0.00000,0.19429,0.00000,0.66000,0.66000,0.66000,0.66000,0.66000,0.00000,0.66000,0.00000,0.00000,0.19429,0.00000,0.19429,0.00000,0.19429,0.66000,0.00000,0.19429,0.00000,0.00000,0.00000,0.00000,0.00000,0.66000,0.66000,0.00000,0.66000,0.00000,0.19429,0.19429,0.00000,0.00000,0.12364,0.12364,0.12364,0.12364,0.12364,0.12364,0.12364,0.12364,1.00000,1.00000,1.00000,1.00000,1.00000,1.00000,1.00000,1.00000,1.00000,1.00000,1.00000,1.00000,1.00000,1.00000,1.00000,0.22667,0.22667,0.22667,0.22667,0.22667,0.22667,0.22667,0.22667,0.22667,0.22667,0.22667,0.22667,0.22667,0.30222,0.30222,0.30222,0.30222,0.30222,0.30222,0.30222,0.30222,0.30222,0.30222,0.30222,0.30222,0.30222,0.06182,0.06182,0.06800,0.06182,0.12364,0.00000,0.00000,0.12364,0.12364,0.20400,0.20400,0.20400,0.00000,0.00000,0.00000,0.00000,0.22667,0.13600,0.22667,0.13600,0.22667,0.22667,0.22667,0.05667,0.05667,0.05667,0.05667,0.05667,0.05667,0.05667,0.05667,0.05667,0.20400
kotlin.unsigned_integer_types,0.00000,0.00000,0.00000,0.66000,0.00000,0.00000,0.19429,0.00000,0.00000,0.00000,0.08500,0.00000,0.19429,0.00000,0.00000,0.19429,0.00000,0.08500,0.08500,0.00000,0.19429,0.00000,0.00000,0.00000,0.19429,0.00000,0.00000,0.00000,0.00000,0.00000,0.19429,0.66000,0.00000,0.51429,0.66000,0.00000,0.00000,0.00000,0.00000,0.19429,0.00000,0.19429,0.00000,0.08500,0.00000,0.19429,0.00000,0.00000,0.00000,0.00000,0.00000,0.08500,0.00000,0.00000,0.66000,0.00000,0.00000,0.19429,0.00000,0.19429,0.00000,0.08500,0.34000,0.66000,0.00000,0.19429,0.00000,0.66000,0.66000,0.66000,0.66000,0.66000,0.00000,0.66000,0.00000,0.00000,0.19429,0.00000,0.19429,0.00000,0.19429,0.66000,0.00000,0.19429,0.00000,0.00000,0.00000,0.00000,0.00000,0.66000,0.66000,0.00000,0.66000,0.00000,0.19429,0.19429,0.00000,0.00000,0.12364,0.12364,0.12364,0.12364,0.12364,0.12364,0.12364,0.12364,1.00000,1.00000,1.00000,1.00000,1.00000,1.00000,1.00000,1.00000,1.00000,1.00000,1.00000,1.00000,1.00000,1.00000,1.00000,0.22667,0.22667,0.22667,0.22667,0.22667,0.22667,0.22667,0.22667,0.22667,0.22667,0.22667,0.22667,0.22667,0.30222,0.30222,0.30222,0.30222,0.30222,0.30222,0.30222,0.30222,0.30222,0.30222,0.30222,0.30222,0.30222,0.06182,0.06182,0.06800,0.06182,0.12364,0.00000,0.00000,0.12364,0.12364,0.20400,0.20400,0.20400,0.00000,0.00000,0.00000,0.00000,0.22667,0.13600,0.22667,0.13600,0.22667,0.22667,0.22667,0.05667,0.05667,0.05667,0.05667,0.05667,0.05667,0.05667,0.05667,0.05667,0.20400
kotlin.value_class,0.08500,0.00000,0.07556,0.08500,0.07556,0.00000,0.66000,0.07556,0.07556,0.00000,0.00000,0.07556,0.19429,0.07556,0.00000,0.66000,0.07556,0.00000,0.00000,0.07556,0.34000,0.00000,0.00000,0.00000,0.66000,0.00000,0.08500,0.00000,0.00000,0.00000,0.34000,0.08500,0.08500,0.34000,0.08500,0.00000,0.00000,0.07556,0.00000,0.66000,0.07556,0.66000,0.00000,0.00000,0.08500,0.19429,0.07556,0.07556,0.07556,0.07556,0.00000,0.00000,0.08500,0.07556,0.08500,0.07556,0.00000,0.66000,0.00000,0.19429,0.00000,0.00000,0.08500,0.08500,0.08500,0.34000,0.07556,0.08500,0.08500,0.08500,0.08500,0.08500,0.00000,0.08500,0.00000,0.00000,0.19429,0.07556,0.19429,0.07556,0.66000,0.08500,0.00000,0.19429,0.00000,0.00000,0.00000,0.00000,0.07556,0.08500,0.08500,0.07556,0.08500,0.08500,0.34000,0.66000,0.00000,0.07556,0.12364,0.12364,0.12364,0.12364,0.12364,0.12364,0.12364,0.12364,0.22667,0.22667,0.22667,0.22667,0.22667,0.22667,0.22667,0.22667,0.22667,0.22667,0.22667,0.22667,0.22667,0.22667,0.22667,1.00000,1.00000,1.00000,1.00000,1.00000,1.00000,1.00000,1.00000,1.00000,1.00000,1.00000,1.00000,1.00000,0.30222,0.30222,0.30222,0.30222,0.30222,0.30222,0.30222,0.30222,0.30222,0.30222,0.30222,0.30222,0.30222,0.06182,0.06182,0.15111,0.06182,0.12364,0.00000,0.00000,0.12364,0.12364,0.12364,0.12364,0.12364,0.00000,0.00000,0.00000,0.00000,0.13600,0.13600,0.13600,0.13600,0.13600,0.13600,0.13600,0.05667,0.05667,0.05667,0.05667,0.05667,0.05667,0.05667,0.05667,0.05667,0.12364
kotlin.data_class,0.08500,0.00000,0.07556,0.08500,0.07556,0.00000,0.66000,0.07556,0.07556,0.00000,0.00000,0.07556,0.19429,0.07556,0.00000,0.66000,0.07556,0.00000,0.00000,0.07556,0.34000,0.00000,0.00000,0.00000,0.66000,0.00000,0.08500,0.00000,0.00000,0.00000,0.34000,0.08500,0.08500,0.34000,0.08500,0.00000,0.00000,0.07556,0.00000,0.66000,0.07556,0.66000,0.00000,0.00000,0.08500,0.19429,0.07556,0.07556,0.07556,0.07556,0.00000,0.00000,0.08500,0.07556,0.08500,0.07556,0.00000,0.66000,0.00000,0.19429,0.00000,0.00000,0.08500,0.08500,0.08500,0.34000,0.07556,0.08500,0.08500,0.08500,0.08500,0.08500,0.00000,0.08500,0.00000,0.00000,0.19429,0.07556,0.19429,0.07556,0.66000,0.08500,0.00000,0.19429,0.00000,0.00000,0.00000,0.00000,0.07556,0.08500,0.08500,0.07556,0.08500,0.08500,0.34000,0.66000,0.00000,0.07556,0.12364,0.12364,0.12364,0.12364,0.12364,0.12364,0.12364,0.12364,0.22667,0.22667,0.22667,0.22667,0.22667,0.22667,0.22667,0.22667,0.22667,0.22667,0.22667,0.22667,0.22667,0.22667,0.22667,1.00000,1.00000,1.00000,1.00000,1.00000,1.00000,1.00000,1.00000,1.00000,1.00000,1.00000,1.00000,1.00000,0.30222,0.30222,0.30222,0.30222,0.30222,0.30222,0.30222,0.30222,0.30222,0.30222,0.30222,0.30222,0.30222,0.06182,0.06182,0.15111,0.06182,0.12364,0.00000,0.00000,0.12364,0.12364,0.12364,0.12364,0.12364,0.00000,0.00000,0.00000,0.00000,0.13600,0.13600,0.13600,0.13600,0.13600,0.13600,0.13600,0.05667,0.05667,0.05667,0.05667,0.05667,0.05667,0.05667,0.05667,0.05667,0.12364
kotlin.sealed_class_interface,0.08500,0.00000,0.07556,0.08500,0.07556,0.00000,0.66000,0.07556,0.07556,0.00000,0.00000,0.07556,0.19429,0.07556,0.00000,0.66000,0.07556,0.00000,0.00000,0.07556,0.34000,0.00000,0.00000,0.00000,0.66000,0.00000,0.08500,0.00000,0.00000,0.00000,0.34000,0.08500,0.08500,0.34000,0.08500,0.00000,0.00000,0.07556,0.00000,0.66000,0.07556,0.66000,0.00000,0.00000,0.08500,0.19429,0.07556,0.07556,0.07556,0.07556,0.00000,0.00000,0.08500,0.07556,0.08500,0.07556,0.00000,0.66000,0.00000,0.19429,0.00000,0.00000,0.08500,0.08500,0.08500,0.34000,0.07556,0.08500,0.08500,0.08500,0.08500,0.08500,0.00000,0.08500,0.00000,0.00000,0.19429,0.07556,0.19429,0.07556,0.66000,0.08500,0.00000,0.19429,0.00000,0.00000,0.00000,0.00000,0.07556,0.08500,0.08500,0.07556,0.08500,0.08500,0.34000,0.66000,0.00000,0.07556,0.12364,0.12364,0.12364,0.12364,0.12364,0.12364,0.12364,0.12364,0.22667,0.22667,0.22667,0.22667,0.22667,0.22667,0.22667,0.22667,0.22667,0.22667,0.22667,0.22667,0.22667,0.22667,0.22667,1.00000,1.00000,1.00000,1.00000,1.00000,1.00000,1.00000,1.00000,1.00000,1.00000,1.00000,1.00000,1.00000,0.30222,0.30222,0.30222,0.30222,0.30222,0.30222,0.30222,0.30222,0.30222,0.30222,0.30222,0.30222,0.30222,0.06182,0.06182,0.15111,0.06182,0.12364,0.00000,0.00000,0.12364,0.12364,0.12364,0.12364,0.12364,0.00000,0.00000,0.00000,0.00000,0.13600,0.13600,0.13600,0.13600,0.13600,0.13600,0.13600,0.05667,0.05667,0.05667,0.05667,0.05667,0.05667,0.05667,0.05667,0.05667,0.12364
kotlin.enum_entry_semantics,0.08500,0.00000,0.07556,0.08500,0.07556,0.00000,0.66000,0.07556,0.07556,0.00000,0.00000,0.07556,0.19429,0.07556,0.00000,0.66000,0.07556,0.00000,0.00000,0.07556,0.34000,0.00000,0.00000,0.00000,0.66000,0.00000,0.08500,0.00000,0.00000,0.00000,0.34000,0.08500,0.08500,0.34000,0.08500,0.00000,0.00000,0.07556,0.00000,0.66000,0.07556,0.66000,0.00000,0.00000,0.08500,0.19429,0.07556,0.07556,0.07556,0.07556,0.00000,0.00000,0.08500,0.07556,0.08500,0.07556,0.00000,0.66000,0.00000,0.19429,0.00000,0.00000,0.08500,0.08500,0.08500,0.34000,0.07556,0.08500,0.08500,0.08500,0.08500,0.08500,0.00000,0.08500,0.00000,0.00000,0.19429,0.07556,0.19429,0.07556,0.66000,0.08500,0.00000,0.19429,0.00000,0.00000,0.00000,0.00000,0.07556,0.08500,0.08500,0.07556,0.08500,0.08500,0.34000,0.66000,0.00000,0.07556,0.12364,0.12364,0.12364,0.12364,0.12364,0.12364,0.12364,0.12364,0.22667,0.22667,0.22667,0.22667,0.22667,0.22667,0.22667,0.22667,0.22667,0.22667,0.22667,0.22667,0.22667,0.22667,0.22667,1.00000,1.00000,1.00000,1.00000,1.00000,1.00000,1.00000,1.00000,1.00000,1.00000,1.00000,1.00000,1.00000,0.30222,0.30222,0.30222,0.30222,0.30222,0.30222,0.30222,0.30222,0.30222,0.30222,0.30222,0.30222,0.30222,0.06182,0.06182,0.15111,0.06182,0.12364,0.00000,0.00000,0.12364,0.12364,0.12364,0.12364,0.12364,0.00000,0.00000,0.00000,0.00000,0.13600,0.13600,0.13600,0.13600,0.13600,0.13600,0.13600,0.05667,0.05667,0.05667,0.05667,0.05667,0.05667,0.05667,0.05667,0.05667,0.12364
kotlin.object_singleton,0.08500,0.00000,0.07556,0.08500,0.07556,0.00000,0.66000,0.07556,0.07556,0.00000,0.00000,0.07556,0.19429,0.07556,0.00000,0.66000,0.07556,0.00000,0.00000,0.07556,0.34000,0.00000,0.00000,0.00000,0.66000,0.00000,0.08500,0.00000,0.00000,0.00000,0.34000,0.08500,0.08500,0.34000,0.08500,0.00000,0.00000,0.07556,0.00000,0.66000,0.07556,0.66000,0.00000,0.00000,0.08500,0.19429,0.07556,0.07556,0.07556,0.07556,0.00000,0.00000,0.08500,0.07556,0.08500,0.07556,0.00000,0.66000,0.00000,0.19429,0.00000,0.00000,0.08500,0.08500,0.08500,0.34000,0.07556,0.08500,0.08500,0.08500,0.08500,0.08500,0.00000,0.08500,0.00000,0.00000,0.19429,0.07556,0.19429,0.07556,0.66000,0.08500,0.00000,0.19429,0.00000,0.00000,0.00000,0.00000,0.07556,0.08500,0.08500,0.07556,0.08500,0.08500,0.34000,0.66000,0.00000,0.07556,0.12364,0.12364,0.12364,0.12364,0.12364,0.12364,0.12364,0.12364,0.22667,0.22667,0.22667,0.22667,0.22667,0.22667,0.22667,0.22667,0.22667,0.22667,0.22667,0.22667,0.22667,0.22667,0.22667,1.00000,1.00000,1.00000,1.00000,1.00000,1.00000,1.00000,1.00000,1.00000,1.00000,1.00000,1.00000,1.00000,0.30222,0.30222,0.30222,0.30222,0.30222,0.30222,0.30222,0.30222,0.30222,0.30222,0.30222,0.30222,0.30222,0.06182,0.06182,0.15111,0.06182,0.12364,0.00000,0.00000,0.12364,0.12364,0.12364,0.12364,0.12364,0.00000,0.00000,0.00000,0.00000,0.13600,0.13600,0.13600,0.13600,0.13600,0.13600,0.13600,0.05667,0.05667,0.05667,0.05667,0.05667,0.05667,0.05667,0.05667,0.05667,0.12364
kotlin.companion_object,0.08500,0.00000,0.07556,0.08500,0.07556,0.00000,0.66000,0.07556,0.07556,0.00000,0.00000,0.07556,0.19429,0.07556,0.00000,0.66000,0.07556,0.00000,0.00000,0.07556,0.34000,0.00000,0.00000,0.00000,0.66000,0.00000,0.08500,0.00000,0.00000,0.00000,0.34000,0.08500,0.08500,0.34000,0.08500,0.00000,0.00000,0.07556,0.00000,0.66000,0.07556,0.66000,0.00000,0.00000,0.08500,0.19429,0.07556,0.07556,0.07556,0.07556,0.00000,0.00000,0.08500,0.07556,0.08500,0.07556,0.00000,0.66000,0.00000,0.19429,0.00000,0.00000,0.08500,0.08500,0.08500,0.34000,0.07556,0.08500,0.08500,0.08500,0.08500,0.08500,0.00000,0.08500,0.00000,0.00000,0.19429,0.07556,0.19429,0.07556,0.66000,0.08500,0.00000,0.19429,0.00000,0.00000,0.00000,0.00000,0.07556,0.08500,0.08500,0.07556,0.08500,0.08500,0.34000,0.66000,0.00000,0.07556,0.12364,0.12364,0.12364,0.12364,0.12364,0.12364,0.12364,0.12364,0.22667,0.22667,0.22667,0.22667,0.22667,0.22667,0.22667,0.22667,0.22667,0.22667,0.22667,0.22667,0.22667,0.22667,0.22667,1.00000,1.00000,1.00000,1.00000,1.00000,1.00000,1.00000,1.00000,1.00000,1.00000,1.00000,1.00000,1.00000,0.30222,0.30222,0.30222,0.30222,0.30222,0.30222,0.30222,0.30222,0.30222,0.30222,0.30222,0.30222,0.30222,0.06182,0.06182,0.15111,0.06182,0.12364,0.00000,0.00000,0.12364,0.12364,0.12364,0.12364,0.12364,0.00000,0.00000,0.00000,0.00000,0.13600,0.13600,0.13600,0.13600,0.13600,0.13600,0.13600,0.05667,0.05667,0.05667,0.05667,0.05667,0.05667,0.05667,0.05667,0.05667,0.12364
kotlin.extension_function_property,0.08500,0.00000,0.07556,0.08500,0.07556,0.00000,0.66000,0.07556,0.07556,0.00000,0.00000,0.07556,0.19429,0.07556,0.00000,0.66000,0.07556,0.00000,0.00000,0.07556,0.34000,0.00000,0.00000,0.00000,0.66000,0.00000,0.08500,0.00000,0.00000,0.00000,0.34000,0.08500,0.08500,0.34000,0.08500,0.00000,0.00000,0.07556,0.00000,0.66000,0.07556,0.66000,0.00000,0.00000,0.08500,0.19429,0.07556,0.07556,0.07556,0.07556,0.00000,0.00000,0.08500,0.07556,0.08500,0.07556,0.00000,0.66000,0.00000,0.19429,0.00000,0.00000,0.08500,0.08500,0.08500,0.34000,0.07556,0.08500,0.08500,0.08500,0.08500,0.08500,0.00000,0.08500,0.00000,0.00000,0.19429,0.07556,0.19429,0.07556,0.66000,0.08500,0.00000,0.19429,0.00000,0.00000,0.00000,0.00000,0.07556,0.08500,0.08500,0.07556,0.08500,0.08500,0.34000,0.66000,0.00000,0.07556,0.12364,0.12364,0.12364,0.12364,0.12364,0.12364,0.12364,0.12364,0.22667,0.22667,0.22667,0.22667,0.22667,0.22667,0.22667,0.22667,0.22667,0.22667,0.22667,0.22667,0.22667,0.22667,0.22667,1.00000,1.00000,1.00000,1.00000,1.00000,1.00000,1.00000,1.00000,1.00000,1.00000,1.00000,1.00000,1.00000,0.30222,0.30222,0.30222,0.30222,0.30222,0.30222,0.30222,0.30222,0.30222,0.30222,0.30222,0.30222,0.30222,0.06182,0.06182,0.15111,0.06182,0.12364,0.00000,0.00000,0.12364,0.12364,0.12364,0.12364,0.12364,0.00000,0.00000,0.00000,0.00000,0.13600,0.13600,0.13600,0.13600,0.13600,0.13600,0.13600,0.05667,0.05667,0.05667,0.05667,0.05667,0.05667,0.05667,0.05667,0.05667,0.12364
kotlin.delegated_property,0.08500,0.00000,0.07556,0.08500,0.07556,0.00000,0.66000,0.07556,0.07556,0.00000,0.00000,0.07556,0.19429,0.07556,0.00000,0.66000,0.07556,0.00000,0.00000,0.07556,0.34000,0.00000,0.00000,0.00000,0.66000,0.00000,0.08500,0.00000,0.00000,0.00000,0.34000,0.08500,0.08500,0.34000,0.08500,0.00000,0.00000,0.07556,0.00000,0.66000,0.07556,0.66000,0.00000,0.00000,0.08500,0.19429,0.07556,0.07556,0.07556,0.07556,0.00000,0.00000,0.08500,0.07556,0.08500,0.07556,0.00000,0.66000,0.00000,0.19429,0.00000,0.00000,0.08500,0.08500,0.08500,0.34000,0.07556,0.08500,0.08500,0.08500,0.08500,0.08500,0.00000,0.08500,0.00000,0.00000,0.19429,0.07556,0.19429,0.07556,0.66000,0.08500,0.00000,0.19429,0.00000,0.00000,0.00000,0.00000,0.07556,0.08500,0.08500,0.07556,0.08500,0.08500,0.34000,0.66000,0.00000,0.07556,0.12364,0.12364,0.12364,0.12364,0.12364,0.12364,0.12364,0.12364,0.22667,0.22667,0.22667,0.22667,0.22667,0.22667,0.22667,0.22667,0.22667,0.22667,0.22667,0.22667,0.22667,0.22667,0.22667,1.00000,1.00000,1.00000,1.00000,1.00000,1.00000,1.00000,1.00000,1.00000,1.00000,1.00000,1.00000,1.00000,0.30222,0.30222,0.30222,0.30222,0.30222,0.30222,0.30222,0.30222,0.30222,0.30222,0.30222,0.30222,0.30222,0.06182,0.06182,0.15111,0.06182,0.12364,0.00000,0.00000,0.12364,0.12364,0.12364,0.12364,0.12364,0.00000,0.00000,0.00000,0.00000,0.13600,0.13600,0.13600,0.13600,0.13600,0.13600,0.13600,0.05667,0.05667,0.05667,0.05667,0.05667,0.05667,0.05667,0.05667,0.05667,0.12364
kotlin.backing_field_accessor,0.08500,0.00000,0.07556,0.08500,0.07556,0.00000,0.66000,0.07556,0.07556,0.00000,0.00000,0.07556,0.19429,0.07556,0.00000,0.66000,0.07556,0.00000,0.00000,0.07556,0.34000,0.00000,0.00000,0.00000,0.66000,0.00000,0.08500,0.00000,0.00000,0.00000,0.34000,0.08500,0.08500,0.34000,0.08500,0.00000,0.00000,0.07556,0.00000,0.66000,0.07556,0.66000,0.00000,0.00000,0.08500,0.19429,0.07556,0.07556,0.07556,0.07556,0.00000,0.00000,0.08500,0.07556,0.08500,0.07556,0.00000,0.66000,0.00000,0.19429,0.00000,0.00000,0.08500,0.08500,0.08500,0.34000,0.07556,0.08500,0.08500,0.08500,0.08500,0.08500,0.00000,0.08500,0.00000,0.00000,0.19429,0.07556,0.19429,0.07556,0.66000,0.08500,0.00000,0.19429,0.00000,0.00000,0.00000,0.00000,0.07556,0.08500,0.08500,0.07556,0.08500,0.08500,0.34000,0.66000,0.00000,0.07556,0.12364,0.12364,0.12364,0.12364,0.12364,0.12364,0.12364,0.12364,0.22667,0.22667,0.22667,0.22667,0.22667,0.22667,0.22667,0.22667,0.22667,0.22667,0.22667,0.22667,0.22667,0.22667,0.22667,1.00000,1.00000,1.00000,1.00000,1.00000,1.00000,1.00000,1.00000,1.00000,1.00000,1.00000,1.00000,1.00000,0.30222,0.30222,0.30222,0.30222,0.30222,0.30222,0.30222,0.30222,0.30222,0.30222,0.30222,0.30222,0.30222,0.06182,0.06182,0.15111,0.06182,0.12364,0.00000,0.00000,0.12364,0.12364,0.12364,0.12364,0.12364,0.00000,0.00000,0.00000,0.00000,0.13600,0.13600,0.13600,0.13600,0.13600,0.13600,0.13600,0.05667,0.05667,0.05667,0.05667,0.05667,0.05667,0.05667,0.05667,0.05667,0.12364
kotlin.constructor_init_order,0.08500,0.00000,0.07556,0.08500,0.07556,0.00000,0.66000,0.07556,0.07556,0.00000,0.00000,0.07556,0.19429,0.07556,0.00000,0.66000,0.07556,0.00000,0.00000,0.07556,0.34000,0.00000,0.00000,0.00000,0.66000,0.00000,0.08500,0.00000,0.00000,0.00000,0.34000,0.08500,0.08500,0.34000,0.08500,0.00000,0.00000,0.07556,0.00000,0.66000,0.07556,0.66000,0.00000,0.00000,0.08500,0.19429,0.07556,0.07556,0.07556,0.07556,0.00000,0.00000,0.08500,0.07556,0.08500,0.07556,0.00000,0.66000,0.00000,0.19429,0.00000,0.00000,0.08500,0.08500,0.08500,0.34000,0.07556,0.08500,0.08500,0.08500,0.08500,0.08500,0.00000,0.08500,0.00000,0.00000,0.19429,0.07556,0.19429,0.07556,0.66000,0.08500,0.00000,0.19429,0.00000,0.00000,0.00000,0.00000,0.07556,0.08500,0.08500,0.07556,0.08500,0.08500,0.34000,0.66000,0.00000,0.07556,0.12364,0.12364,0.12364,0.12364,0.12364,0.12364,0.12364,0.12364,0.22667,0.22667,0.22667,0.22667,0.22667,0.22667,0.22667,0.22667,0.22667,0.22667,0.22667,0.22667,0.22667,0.22667,0.22667,1.00000,1.00000,1.00000,1.00000,1.00000,1.00000,1.00000,1.00000,1.00000,1.00000,1.00000,1.00000,1.00000,0.30222,0.30222,0.30222,0.30222,0.30222,0.30222,0.30222,0.30222,0.30222,0.30222,0.30222,0.30222,0.30222,0.06182,0.06182,0.15111,0.06182,0.12364,0.00000,0.00000,0.12364,0.12364,0.12364,0.12364,0.12364,0.00000,0.00000,0.00000,0.00000,0.13600,0.13600,0.13600,0.13600,0.13600,0.13600,0.13600,0.05667,0.05667,0.05667,0.05667,0.05667,0.05667,0.05667,0.05667,0.05667,0.12364
kotlin.internal_visibility,0.08500,0.00000,0.07556,0.08500,0.07556,0.00000,0.66000,0.07556,0.07556,0.00000,0.00000,0.07556,0.19429,0.07556,0.00000,0.66000,0.07556,0.00000,0.00000,0.07556,0.34000,0.00000,0.00000,0.00000,0.66000,0.00000,0.08500,0.00000,0.00000,0.00000,0.34000,0.08500,0.08500,0.34000,0.08500,0.00000,0.00000,0.07556,0.00000,0.66000,0.07556,0.66000,0.00000,0.00000,0.08500,0.19429,0.07556,0.07556,0.07556,0.07556,0.00000,0.00000,0.08500,0.07556,0.08500,0.07556,0.00000,0.66000,0.00000,0.19429,0.00000,0.00000,0.08500,0.08500,0.08500,0.34000,0.07556,0.08500,0.08500,0.08500,0.08500,0.08500,0.00000,0.08500,0.00000,0.00000,0.19429,0.07556,0.19429,0.07556,0.66000,0.08500,0.00000,0.19429,0.00000,0.00000,0.00000,0.00000,0.07556,0.08500,0.08500,0.07556,0.08500,0.08500,0.34000,0.66000,0.00000,0.07556,0.12364,0.12364,0.12364,0.12364,0.12364,0.12364,0.12364,0.12364,0.22667,0.22667,0.22667,0.22667,0.22667,0.22667,0.22667,0.22667,0.22667,0.22667,0.22667,0.22667,0.22667,0.22667,0.22667,1.00000,1.00000,1.00000,1.00000,1.00000,1.00000,1.00000,1.00000,1.00000,1.00000,1.00000,1.00000,1.00000,0.30222,0.30222,0.30222,0.30222,0.30222,0.30222,0.30222,0.30222,0.30222,0.30222,0.30222,0.30222,0.30222,0.06182,0.06182,0.15111,0.06182,0.12364,0.00000,0.00000,0.12364,0.12364,0.12364,0.12364,0.12364,0.00000,0.00000,0.00000,0.00000,0.13600,0.13600,0.13600,0.13600,0.13600,0.13600,0.13600,0.05667,0.05667,0.05667,0.05667,0.05667,0.05667,0.05667,0.05667,0.05667,0.12364
kotlin.annotation_use_site,0.08500,0.00000,0.07556,0.08500,0.07556,0.00000,0.66000,0.07556,0.07556,0.00000,0.00000,0.07556,0.19429,0.07556,0.00000,0.66000,0.07556,0.00000,0.00000,0.07556,0.34000,0.00000,0.00000,0.00000,0.66000,0.00000,0.08500,0.00000,0.00000,0.00000,0.34000,0.08500,0.08500,0.34000,0.08500,0.00000,0.00000,0.07556,0.00000,0.66000,0.07556,0.66000,0.00000,0.00000,0.08500,0.19429,0.07556,0.07556,0.07556,0.07556,0.00000,0.00000,0.08500,0.07556,0.08500,0.07556,0.00000,0.66000,0.00000,0.19429,0.00000,0.00000,0.08500,0.08500,0.08500,0.34000,0.07556,0.08500,0.08500,0.08500,0.08500,0.08500,0.00000,0.08500,0.00000,0.00000,0.19429,0.07556,0.19429,0.07556,0.66000,0.08500,0.00000,0.19429,0.00000,0.00000,0.00000,0.00000,0.07556,0.08500,0.08500,0.07556,0.08500,0.08500,0.34000,0.66000,0.00000,0.07556,0.12364,0.12364,0.12364,0.12364,0.12364,0.12364,0.12364,0.12364,0.22667,0.22667,0.22667,0.22667,0.22667,0.22667,0.22667,0.22667,0.22667,0.22667,0.22667,0.22667,0.22667,0.22667,0.22667,1.00000,1.00000,1.00000,1.00000,1.00000,1.00000,1.00000,1.00000,1.00000,1.00000,1.00000,1.00000,1.00000,0.30222,0.30222,0.30222,0.30222,0.30222,0.30222,0.30222,0.30222,0.30222,0.30222,0.30222,0.30222,0.30222,0.06182,0.06182,0.15111,0.06182,0.12364,0.00000,0.00000,0.12364,0.12364,0.12364,0.12364,0.12364,0.00000,0.00000,0.00000,0.00000,0.13600,0.13600,0.13600,0.13600,0.13600,0.13600,0.13600,0.05667,0.05667,0.05667,0.05667,0.05667,0.05667,0.05667,0.05667,0.05667,0.12364
kotlin.context_receivers_parameters,0.08500,0.00000,0.07556,0.08500,0.07556,0.00000,0.66000,0.07556,0.07556,0.00000,0.00000,0.07556,0.19429,0.07556,0.00000,0.66000,0.07556,0.00000,0.00000,0.07556,0.34000,0.00000,0.00000,0.00000,0.66000,0.00000,0.08500,0.00000,0.00000,0.00000,0.34000,0.08500,0.08500,0.34000,0.08500,0.00000,0.00000,0.07556,0.00000,0.66000,0.07556,0.66000,0.00000,0.00000,0.08500,0.19429,0.07556,0.07556,0.07556,0.07556,0.00000,0.00000,0.08500,0.07556,0.08500,0.07556,0.00000,0.66000,0.00000,0.19429,0.00000,0.00000,0.08500,0.08500,0.08500,0.34000,0.07556,0.08500,0.08500,0.08500,0.08500,0.08500,0.00000,0.08500,0.00000,0.00000,0.19429,0.07556,0.19429,0.07556,0.66000,0.08500,0.00000,0.19429,0.00000,0.00000,0.00000,0.00000,0.07556,0.08500,0.08500,0.07556,0.08500,0.08500,0.34000,0.66000,0.00000,0.07556,0.12364,0.12364,0.12364,0.12364,0.12364,0.12364,0.12364,0.12364,0.22667,0.22667,0.22667,0.22667,0.22667,0.22667,0.22667,0.22667,0.22667,0.22667,0.22667,0.22667,0.22667,0.22667,0.22667,1.00000,1.00000,1.00000,1.00000,1.00000,1.00000,1.00000,1.00000,1.00000,1.00000,1.00000,1.00000,1.00000,0.30222,0.30222,0.30222,0.30222,0.30222,0.30222,0.30222,0.30222,0.30222,0.30222,0.30222,0.30222,0.30222,0.06182,0.06182,0.15111,0.06182,0.12364,0.00000,0.00000,0.12364,0.12364,0.12364,0.12364,0.12364,0.00000,0.00000,0.00000,0.00000,0.13600,0.13600,0.13600,0.13600,0.13600,0.13600,0.13600,0.05667,0.05667,0.05667,0.05667,0.05667,0.05667,0.05667,0.05667,0.05667,0.12364
kotlin.operator_overloading,0.32000,0.00000,0.25500,0.17000,0.25500,0.00000,0.17000,0.25500,0.25500,0.07556,0.00000,0.57500,0.17000,0.25500,0.00000,0.17000,0.25500,0.00000,0.00000,0.25500,0.17000,0.07556,0.07556,0.32000,0.17000,0.07556,0.00000,0.00000,0.07556,0.07556,0.17000,0.17000,0.00000,0.17000,0.17000,0.00000,0.07556,0.25500,0.07556,0.17000,0.25500,0.17000,0.00000,0.00000,0.00000,0.17000,0.25500,0.25500,0.25500,0.25500,0.00000,0.00000,0.00000,0.25500,0.17000,0.57500,0.00000,0.17000,0.00000,0.49000,0.00000,0.00000,0.17000,0.17000,0.00000,0.49000,0.25500,0.17000,0.17000,0.17000,0.17000,0.17000,0.00000,0.17000,0.32000,0.07556,0.17000,0.25500,0.17000,0.25500,0.17000,0.17000,0.07556,0.17000,0.00000,0.00000,0.07556,0.00000,0.25500,0.17000,0.17000,0.25500,0.17000,0.00000,0.17000,0.17000,0.07556,0.25500,0.37778,0.37778,0.37778,0.37778,0.37778,0.37778,0.37778,0.37778,0.30222,0.30222,0.30222,0.30222,0.30222,0.30222,0.30222,0.30222,0.30222,0.30222,0.30222,0.30222,0.30222,0.30222,0.30222,0.30222,0.30222,0.30222,0.30222,0.30222,0.30222,0.30222,0.30222,0.30222,0.30222,0.30222,0.30222,0.30222,1.00000,1.00000,1.00000,1.00000,1.00000,1.00000,1.00000,1.00000,1.00000,1.00000,1.00000,1.00000,1.00000,0.20400,0.20400,0.34000,0.20400,0.18545,0.06182,0.06182,0.18545,0.18545,0.18545,0.18545,0.18545,0.11333,0.11333,0.11333,0.11333,0.12364,0.12364,0.12364,0.12364,0.12364,0.12364,0.12364,0.11333,0.11333,0.11333,0.11333,0.11333,0.11333,0.11333,0.11333,0.11333,0.18545
kotlin.infix_function,0.32000,0.00000,0.25500,0.17000,0.25500,0.00000,0.17000,0.25500,0.25500,0.07556,0.00000,0.57500,0.17000,0.25500,0.00000,0.17000,0.25500,0.00000,0.00000,0.25500,0.17000,0.07556,0.07556,0.32000,0.17000,0.07556,0.00000,0.00000,0.07556,0.07556,0.17000,0.17000,0.00000,0.17000,0.17000,0.00000,0.07556,0.25500,0.07556,0.17000,0.25500,0.17000,0.00000,0.00000,0.00000,0.17000,0.25500,0.25500,0.25500,0.25500,0.00000,0.00000,0.00000,0.25500,0.17000,0.57500,0.00000,0.17000,0.00000,0.49000,0.00000,0.00000,0.17000,0.17000,0.00000,0.49000,0.25500,0.17000,0.17000,0.17000,0.17000,0.17000,0.00000,0.17000,0.32000,0.07556,0.17000,0.25500,0.17000,0.25500,0.17000,0.17000,0.07556,0.17000,0.00000,0.00000,0.07556,0.00000,0.25500,0.17000,0.17000,0.25500,0.17000,0.00000,0.17000,0.17000,0.07556,0.25500,0.37778,0.37778,0.37778,0.37778,0.37778,0.37778,0.37778,0.37778,0.30222,0.30222,0.30222,0.30222,0.30222,0.30222,0.30222,0.30222,0.30222,0.30222,0.30222,0.30222,0.30222,0.30222,0.30222,0.30222,0.30222,0.30222,0.30222,0.30222,0.30222,0.30222,0.30222,0.30222,0.30222,0.30222,0.30222,0.30222,1.00000,1.00000,1.00000,1.00000,1.00000,1.00000,1.00000,1.00000,1.00000,1.00000,1.00000,1.00000,1.00000,0.20400,0.20400,0.34000,0.20400,0.18545,0.06182,0.06182,0.18545,0.18545,0.18545,0.18545,0.18545,0.11333,0.11333,0.11333,0.11333,0.12364,0.12364,0.12364,0.12364,0.12364,0.12364,0.12364,0.11333,0.11333,0.11333,0.11333,0.11333,0.11333,0.11333,0.11333,0.11333,0.18545
kotlin.named_arguments,0.32000,0.00000,0.25500,0.17000,0.25500,0.00000,0.17000,0.25500,0.25500,0.07556,0.00000,0.57500,0.17000,0.25500,0.00000,0.17000,0.25500,0.00000,0.00000,0.25500,0.17000,0.07556,0.07556,0.32000,0.17000,0.07556,0.00000,0.00000,0.07556,0.07556,0.17000,0.17000,0.00000,0.17000,0.17000,0.00000,0.07556,0.25500,0.07556,0.17000,0.25500,0.17000,0.00000,0.00000,0.00000,0.17000,0.25500,0.25500,0.25500,0.25500,0.00000,0.00000,0.00000,0.25500,0.17000,0.57500,0.00000,0.17000,0.00000,0.49000,0.00000,0.00000,0.17000,0.17000,0.00000,0.49000,0.25500,0.17000,0.17000,0.17000,0.17000,0.17000,0.00000,0.17000,0.32000,0.07556,0.17000,0.25500,0.17000,0.25500,0.17000,0.17000,0.07556,0.17000,0.00000,0.00000,0.07556,0.00000,0.25500,0.17000,0.17000,0.25500,0.17000,0.00000,0.17000,0.17000,0.07556,0.25500,0.37778,0.37778,0.37778,0.37778,0.37778,0.37778,0.37778,0.37778,0.30222,0.30222,0.30222,0.30222,0.30222,0.30222,0.30222,0.30222,0.30222,0.30222,0.30222,0.30222,0.30222,0.30222,0.30222,0.30222,0.30222,0.30222,0.30222,0.30222,0.30222,0.30222,0.30222,0.30222,0.30222,0.30222,0.30222,0.30222,1.00000,1.00000,1.00000,1.00000,1.00000,1.00000,1.00000,1.00000,1.00000,1.00000,1.00000,1.00000,1.00000,0.20400,0.20400,0.34000,0.20400,0.18545,0.06182,0.06182,0.18545,0.18545,0.18545,0.18545,0.18545,0.11333,0.11333,0.11333,0.11333,0.12364,0.12364,0.12364,0.12364,0.12364,0.12364,0.12364,0.11333,0.11333,0.11333,0.11333,0.11333,0.11333,0.11333,0.11333,0.11333,0.18545
kotlin.default_arguments,0.32000,0.00000,0.25500,0.17000,0.25500,0.00000,0.17000,0.25500,0.25500,0.07556,0.00000,0.57500,0.17000,0.25500,0.00000,0.17000,0.25500,0.00000,0.00000,0.25500,0.17000,0.07556,0.07556,0.32000,0.17000,0.07556,0.00000,0.00000,0.07556,0.07556,0.17000,0.17000,0.00000,0.17000,0.17000,0.00000,0.07556,0.25500,0.07556,0.17000,0.25500,0.17000,0.00000,0.00000,0.00000,0.17000,0.25500,0.25500,0.25500,0.25500,0.00000,0.00000,0.00000,0.25500,0.17000,0.57500,0.00000,0.17000,0.00000,0.49000,0.00000,0.00000,0.17000,0.17000,0.00000,0.49000,0.25500,0.17000,0.17000,0.17000,0.17000,0.17000,0.00000,0.17000,0.32000,0.07556,0.17000,0.25500,0.17000,0.25500,0.17000,0.17000,0.07556,0.17000,0.00000,0.00000,0.07556,0.00000,0.25500,0.17000,0.17000,0.25500,0.17000,0.00000,0.17000,0.17000,0.07556,0.25500,0.37778,0.37778,0.37778,0.37778,0.37778,0.37778,0.37778,0.37778,0.30222,0.30222,0.30222,0.30222,0.30222,0.30222,0.30222,0.30222,0.30222,0.30222,0.30222,0.30222,0.30222,0.30222,0.30222,0.30222,0.30222,0.30222,0.30222,0.30222,0.30222,0.30222,0.30222,0.30222,0.30222,0.30222,0.30222,0.30222,1.00000,1.00000,1.00000,1.00000,1.00000,1.00000,1.00000,1.00000,1.00000,1.00000,1.00000,1.00000,1.00000,0.20400,0.20400,0.34000,0.20400,0.18545,0.06182,0.06182,0.18545,0.18545,0.18545,0.18545,0.18545,0.11333,0.11333,0.11333,0.11333,0.12364,0.12364,0.12364,0.12364,0.12364,0.12364,0.12364,0.11333,0.11333,0.11333,0.11333,0.11333,0.11333,0.11333,0.11333,0.11333,0.18545
kotlin.vararg_spread,0.32000,0.00000,0.25500,0.17000,0.25500,0.00000,0.17000,0.25500,0.25500,0.07556,0.00000,0.57500,0.17000,0.25500,0.00000,0.17000,0.25500,0.00000,0.00000,0.25500,0.17000,0.07556,0.07556,0.32000,0.17000,0.07556,0.00000,0.00000,0.07556,0.07556,0.17000,0.17000,0.00000,0.17000,0.17000,0.00000,0.07556,0.25500,0.07556,0.17000,0.25500,0.17000,0.00000,0.00000,0.00000,0.17000,0.25500,0.25500,0.25500,0.25500,0.00000,0.00000,0.00000,0.25500,0.17000,0.57500,0.00000,0.17000,0.00000,0.49000,0.00000,0.00000,0.17000,0.17000,0.00000,0.49000,0.25500,0.17000,0.17000,0.17000,0.17000,0.17000,0.00000,0.17000,0.32000,0.07556,0.17000,0.25500,0.17000,0.25500,0.17000,0.17000,0.07556,0.17000,0.00000,0.00000,0.07556,0.00000,0.25500,0.17000,0.17000,0.25500,0.17000,0.00000,0.17000,0.17000,0.07556,0.25500,0.37778,0.37778,0.37778,0.37778,0.37778,0.37778,0.37778,0.37778,0.30222,0.30222,0.30222,0.30222,0.30222,0.30222,0.30222,0.30222,0.30222,0.30222,0.30222,0.30222,0.30222,0.30222,0.30222,0.30222,0.30222,0.30222,0.30222,0.30222,0.30222,0.30222,0.30222,0.30222,0.30222,0.30222,0.30222,0.30222,1.00000,1.00000,1.00000,1.00000,1.00000,1.00000,1.00000,1.00000,1.00000,1.00000,1.00000,1.00000,1.00000,0.20400,0.20400,0.34000,0.20400,0.18545,0.06182,0.06182,0.18545,0.18545,0.18545,0.18545,0.18545,0.11333,0.11333,0.11333,0.11333,0.12364,0.12364,0.12364,0.12364,0.12364,0.12364,0.12364,0.11333,0.11333,0.11333,0.11333,0.11333,0.11333,0.11333,0.11333,0.11333,0.18545
kotlin.trailing_lambda,0.32000,0.00000,0.25500,0.17000,0.25500,0.00000,0.17000,0.25500,0.25500,0.07556,0.00000,0.57500,0.17000,0.25500,0.00000,0.17000,0.25500,0.00000,0.00000,0.25500,0.17000,0.07556,0.07556,0.32000,0.17000,0.07556,0.00000,0.00000,0.07556,0.07556,0.17000,0.17000,0.00000,0.17000,0.17000,0.00000,0.07556,0.25500,0.07556,0.17000,0.25500,0.17000,0.00000,0.00000,0.00000,0.17000,0.25500,0.25500,0.25500,0.25500,0.00000,0.00000,0.00000,0.25500,0.17000,0.57500,0.00000,0.17000,0.00000,0.49000,0.00000,0.00000,0.17000,0.17000,0.00000,0.49000,0.25500,0.17000,0.17000,0.17000,0.17000,0.17000,0.00000,0.17000,0.32000,0.07556,0.17000,0.25500,0.17000,0.25500,0.17000,0.17000,0.07556,0.17000,0.00000,0.00000,0.07556,0.00000,0.25500,0.17000,0.17000,0.25500,0.17000,0.00000,0.17000,0.17000,0.07556,0.25500,0.37778,0.37778,0.37778,0.37778,0.37778,0.37778,0.37778,0.37778,0.30222,0.30222,0.30222,0.30222,0.30222,0.30222,0.30222,0.30222,0.30222,0.30222,0.30222,0.30222,0.30222,0.30222,0.30222,0.30222,0.30222,0.30222,0.30222,0.30222,0.30222,0.30222,0.30222,0.30222,0.30222,0.30222,0.30222,0.30222,1.00000,1.00000,1.00000,1.00000,1.00000,1.00000,1.00000,1.00000,1.00000,1.00000,1.00000,1.00000,1.00000,0.20400,0.20400,0.34000,0.20400,0.18545,0.06182,0.06182,0.18545,0.18545,0.18545,0.18545,0.18545,0.11333,0.11333,0.11333,0.11333,0.12364,0.12364,0.12364,0.12364,0.12364,0.12364,0.12364,0.11333,0.11333,0.11333,0.11333,0.11333,0.11333,0.11333,0.11333,0.11333,0.18545
kotlin.implicit_receiver_tower,0.32000,0.00000,0.25500,0.17000,0.25500,0.00000,0.17000,0.25500,0.25500,0.07556,0.00000,0.57500,0.17000,0.25500,0.00000,0.17000,0.25500,0.00000,0.00000,0.25500,0.17000,0.07556,0.07556,0.32000,0.17000,0.07556,0.00000,0.00000,0.07556,0.07556,0.17000,0.17000,0.00000,0.17000,0.17000,0.00000,0.07556,0.25500,0.07556,0.17000,0.25500,0.17000,0.00000,0.00000,0.00000,0.17000,0.25500,0.25500,0.25500,0.25500,0.00000,0.00000,0.00000,0.25500,0.17000,0.57500,0.00000,0.17000,0.00000,0.49000,0.00000,0.00000,0.17000,0.17000,0.00000,0.49000,0.25500,0.17000,0.17000,0.17000,0.17000,0.17000,0.00000,0.17000,0.32000,0.07556,0.17000,0.25500,0.17000,0.25500,0.17000,0.17000,0.07556,0.17000,0.00000,0.00000,0.07556,0.00000,0.25500,0.17000,0.17000,0.25500,0.17000,0.00000,0.17000,0.17000,0.07556,0.25500,0.37778,0.37778,0.37778,0.37778,0.37778,0.37778,0.37778,0.37778,0.30222,0.30222,0.30222,0.30222,0.30222,0.30222,0.30222,0.30222,0.30222,0.30222,0.30222,0.30222,0.30222,0.30222,0.30222,0.30222,0.30222,0.30222,0.30222,0.30222,0.30222,0.30222,0.30222,0.30222,0.30222,0.30222,0.30222,0.30222,1.00000,1.00000,1.00000,1.00000,1.00000,1.00000,1.00000,1.00000,1.00000,1.00000,1.00000,1.00000,1.00000,0.20400,0.20400,0.34000,0.20400,0.18545,0.06182,0.06182,0.18545,0.18545,0.18545,0.18545,0.18545,0.11333,0.11333,0.11333,0.11333,0.12364,0.12364,0.12364,0.12364,0.12364,0.12364,0.12364,0.11333,0.11333,0.11333,0.11333,0.11333,0.11333,0.11333,0.11333,0.11333,0.18545
kotlin.overload_resolution,0.32000,0.00000,0.25500,0.17000,0.25500,0.00000,0.17000,0.25500,0.25500,0.07556,0.00000,0.57500,0.17000,0.25500,0.00000,0.17000,0.25500,0.00000,0.00000,0.25500,0.17000,0.07556,0.07556,0.32000,0.17000,0.07556,0.00000,0.00000,0.07556,0.07556,0.17000,0.17000,0.00000,0.17000,0.17000,0.00000,0.07556,0.25500,0.07556,0.17000,0.25500,0.17000,0.00000,0.00000,0.00000,0.17000,0.25500,0.25500,0.25500,0.25500,0.00000,0.00000,0.00000,0.25500,0.17000,0.57500,0.00000,0.17000,0.00000,0.49000,0.00000,0.00000,0.17000,0.17000,0.00000,0.49000,0.25500,0.17000,0.17000,0.17000,0.17000,0.17000,0.00000,0.17000,0.32000,0.07556,0.17000,0.25500,0.17000,0.25500,0.17000,0.17000,0.07556,0.17000,0.00000,0.00000,0.07556,0.00000,0.25500,0.17000,0.17000,0.25500,0.17000,0.00000,0.17000,0.17000,0.07556,0.25500,0.37778,0.37778,0.37778,0.37778,0.37778,0.37778,0.37778,0.37778,0.30222,0.30222,0.30222,0.30222,0.30222,0.30222,0.30222,0.30222,0.30222,0.30222,0.30222,0.30222,0.30222,0.30222,0.30222,0.30222,0.30222,0.30222,0.30222,0.30222,0.30222,0.30222,0.30222,0.30222,0.30222,0.30222,0.30222,0.30222,1.00000,1.00000,1.00000,1.00000,1.00000,1.00000,1.00000,1.00000,1.00000,1.00000,1.00000,1.00000,1.00000,0.20400,0.20400,0.34000,0.20400,0.18545,0.06182,0.06182,0.18545,0.18545,0.18545,0.18545,0.18545,0.11333,0.11333,0.11333,0.11333,0.12364,0.12364,0.12364,0.12364,0.12364,0.12364,0.12364,0.11333,0.11333,0.11333,0.11333,0.11333,0.11333,0.11333,0.11333,0.11333,0.18545
kotlin.member_extension_resolution,0.32000,0.00000,0.25500,0.17000,0.25500,0.00000,0.17000,0.25500,0.25500,0.07556,0.00000,0.57500,0.17000,0.25500,0.00000,0.17000,0.25500,0.00000,0.00000,0.25500,0.17000,0.07556,0.07556,0.32000,0.17000,0.07556,0.00000,0.00000,0.07556,0.07556,0.17000,0.17000,0.00000,0.17000,0.17000,0.00000,0.07556,0.25500,0.07556,0.17000,0.25500,0.17000,0.00000,0.00000,0.00000,0.17000,0.25500,0.25500,0.25500,0.25500,0.00000,0.00000,0.00000,0.25500,0.17000,0.57500,0.00000,0.17000,0.00000,0.49000,0.00000,0.00000,0.17000,0.17000,0.00000,0.49000,0.25500,0.17000,0.17000,0.17000,0.17000,0.17000,0.00000,0.17000,0.32000,0.07556,0.17000,0.25500,0.17000,0.25500,0.17000,0.17000,0.07556,0.17000,0.00000,0.00000,0.07556,0.00000,0.25500,0.17000,0.17000,0.25500,0.17000,0.00000,0.17000,0.17000,0.07556,0.25500,0.37778,0.37778,0.37778,0.37778,0.37778,0.37778,0.37778,0.37778,0.30222,0.30222,0.30222,0.30222,0.30222,0.30222,0.30222,0.30222,0.30222,0.30222,0.30222,0.30222,0.30222,0.30222,0.30222,0.30222,0.30222,0.30222,0.30222,0.30222,0.30222,0.30222,0.30222,0.30222,0.30222,0.30222,0.30222,0.30222,1.00000,1.00000,1.00000,1.00000,1.00000,1.00000,1.00000,1.00000,1.00000,1.00000,1.00000,1.00000,1.00000,0.20400,0.20400,0.34000,0.20400,0.18545,0.06182,0.06182,0.18545,0.18545,0.18545,0.18545,0.18545,0.11333,0.11333,0.11333,0.11333,0.12364,0.12364,0.12364,0.12364,0.12364,0.12364,0.12364,0.11333,0.11333,0.11333,0.11333,0.11333,0.11333,0.11333,0.11333,0.11333,0.18545
kotlin.sam_conversion,0.32000,0.00000,0.25500,0.17000,0.25500,0.00000,0.17000,0.25500,0.25500,0.07556,0.00000,0.57500,0.17000,0.25500,0.00000,0.17000,0.25500,0.00000,0.00000,0.25500,0.17000,0.07556,0.07556,0.32000,0.17000,0.07556,0.00000,0.00000,0.07556,0.07556,0.17000,0.17000,0.00000,0.17000,0.17000,0.00000,0.07556,0.25500,0.07556,0.17000,0.25500,0.17000,0.00000,0.00000,0.00000,0.17000,0.25500,0.25500,0.25500,0.25500,0.00000,0.00000,0.00000,0.25500,0.17000,0.57500,0.00000,0.17000,0.00000,0.49000,0.00000,0.00000,0.17000,0.17000,0.00000,0.49000,0.25500,0.17000,0.17000,0.17000,0.17000,0.17000,0.00000,0.17000,0.32000,0.07556,0.17000,0.25500,0.17000,0.25500,0.17000,0.17000,0.07556,0.17000,0.00000,0.00000,0.07556,0.00000,0.25500,0.17000,0.17000,0.25500,0.17000,0.00000,0.17000,0.17000,0.07556,0.25500,0.37778,0.37778,0.37778,0.37778,0.37778,0.37778,0.37778,0.37778,0.30222,0.30222,0.30222,0.30222,0.30222,0.30222,0.30222,0.30222,0.30222,0.30222,0.30222,0.30222,0.30222,0.30222,0.30222,0.30222,0.30222,0.30222,0.30222,0.30222,0.30222,0.30222,0.30222,0.30222,0.30222,0.30222,0.30222,0.30222,1.00000,1.00000,1.00000,1.00000,1.00000,1.00000,1.00000,1.00000,1.00000,1.00000,1.00000,1.00000,1.00000,0.20400,0.20400,0.34000,0.20400,0.18545,0.06182,0.06182,0.18545,0.18545,0.18545,0.18545,0.18545,0.11333,0.11333,0.11333,0.11333,0.12364,0.12364,0.12364,0.12364,0.12364,0.12364,0.12364,0.11333,0.11333,0.11333,0.11333,0.11333,0.11333,0.11333,0.11333,0.11333,0.18545
kotlin.callable_reference,0.32000,0.00000,0.25500,0.17000,0.25500,0.00000,0.17000,0.25500,0.25500,0.07556,0.00000,0.57500,0.17000,0.25500,0.00000,0.17000,0.25500,0.00000,0.00000,0.25500,0.17000,0.07556,0.07556,0.32000,0.17000,0.07556,0.00000,0.00000,0.07556,0.07556,0.17000,0.17000,0.00000,0.17000,0.17000,0.00000,0.07556,0.25500,0.07556,0.17000,0.25500,0.17000,0.00000,0.00000,0.00000,0.17000,0.25500,0.25500,0.25500,0.25500,0.00000,0.00000,0.00000,0.25500,0.17000,0.57500,0.00000,0.17000,0.00000,0.49000,0.00000,0.00000,0.17000,0.17000,0.00000,0.49000,0.25500,0.17000,0.17000,0.17000,0.17000,0.17000,0.00000,0.17000,0.32000,0.07556,0.17000,0.25500,0.17000,0.25500,0.17000,0.17000,0.07556,0.17000,0.00000,0.00000,0.07556,0.00000,0.25500,0.17000,0.17000,0.25500,0.17000,0.00000,0.17000,0.17000,0.07556,0.25500,0.37778,0.37778,0.37778,0.37778,0.37778,0.37778,0.37778,0.37778,0.30222,0.30222,0.30222,0.30222,0.30222,0.30222,0.30222,0.30222,0.30222,0.30222,0.30222,0.30222,0.30222,0.30222,0.30222,0.30222,0.30222,0.30222,0.30222,0.30222,0.30222,0.30222,0.30222,0.30222,0.30222,0.30222,0.30222,0.30222,1.00000,1.00000,1.00000,1.00000,1.00000,1.00000,1.00000,1.00000,1.00000,1.00000,1.00000,1.00000,1.00000,0.20400,0.20400,0.34000,0.20400,0.18545,0.06182,0.06182,0.18545,0.18545,0.18545,0.18545,0.18545,0.11333,0.11333,0.11333,0.11333,0.12364,0.12364,0.12364,0.12364,0.12364,0.12364,0.12364,0.11333,0.11333,0.11333,0.11333,0.11333,0.11333,0.11333,0.11333,0.11333,0.18545
kotlin.reflection_kclass,0.32000,0.00000,0.25500,0.17000,0.25500,0.00000,0.17000,0.25500,0.25500,0.07556,0.00000,0.57500,0.17000,0.25500,0.00000,0.17000,0.25500,0.00000,0.00000,0.25500,0.17000,0.07556,0.07556,0.32000,0.17000,0.07556,0.00000,0.00000,0.07556,0.07556,0.17000,0.17000,0.00000,0.17000,0.17000,0.00000,0.07556,0.25500,0.07556,0.17000,0.25500,0.17000,0.00000,0.00000,0.00000,0.17000,0.25500,0.25500,0.25500,0.25500,0.00000,0.00000,0.00000,0.25500,0.17000,0.57500,0.00000,0.17000,0.00000,0.49000,0.00000,0.00000,0.17000,0.17000,0.00000,0.49000,0.25500,0.17000,0.17000,0.17000,0.17000,0.17000,0.00000,0.17000,0.32000,0.07556,0.17000,0.25500,0.17000,0.25500,0.17000,0.17000,0.07556,0.17000,0.00000,0.00000,0.07556,0.00000,0.25500,0.17000,0.17000,0.25500,0.17000,0.00000,0.17000,0.17000,0.07556,0.25500,0.37778,0.37778,0.37778,0.37778,0.37778,0.37778,0.37778,0.37778,0.30222,0.30222,0.30222,0.30222,0.30222,0.30222,0.30222,0.30222,0.30222,0.30222,0.30222,0.30222,0.30222,0.30222,0.30222,0.30222,0.30222,0.30222,0.30222,0.30222,0.30222,0.30222,0.30222,0.30222,0.30222,0.30222,0.30222,0.30222,1.00000,1.00000,1.00000,1.00000,1.00000,1.00000,1.00000,1.00000,1.00000,1.00000,1.00000,1.00000,1.00000,0.20400,0.20400,0.34000,0.20400,0.18545,0.06182,0.06182,0.18545,0.18545,0.18545,0.18545,0.18545,0.11333,0.11333,0.11333,0.11333,0.12364,0.12364,0.12364,0.12364,0.12364,0.12364,0.12364,0.11333,0.11333,0.11333,0.11333,0.11333,0.11333,0.11333,0.11333,0.11333,0.18545
kotlin.destructuring_component,0.32000,0.00000,0.25500,0.17000,0.25500,0.00000,0.17000,0.25500,0.25500,0.07556,0.00000,0.57500,0.17000,0.25500,0.00000,0.17000,0.25500,0.00000,0.00000,0.25500,0.17000,0.07556,0.07556,0.32000,0.17000,0.07556,0.00000,0.00000,0.07556,0.07556,0.17000,0.17000,0.00000,0.17000,0.17000,0.00000,0.07556,0.25500,0.07556,0.17000,0.25500,0.17000,0.00000,0.00000,0.00000,0.17000,0.25500,0.25500,0.25500,0.25500,0.00000,0.00000,0.00000,0.25500,0.17000,0.57500,0.00000,0.17000,0.00000,0.49000,0.00000,0.00000,0.17000,0.17000,0.00000,0.49000,0.25500,0.17000,0.17000,0.17000,0.17000,0.17000,0.00000,0.17000,0.32000,0.07556,0.17000,0.25500,0.17000,0.25500,0.17000,0.17000,0.07556,0.17000,0.00000,0.00000,0.07556,0.00000,0.25500,0.17000,0.17000,0.25500,0.17000,0.00000,0.17000,0.17000,0.07556,0.25500,0.37778,0.37778,0.37778,0.37778,0.37778,0.37778,0.37778,0.37778,0.30222,0.30222,0.30222,0.30222,0.30222,0.30222,0.30222,0.30222,0.30222,0.30222,0.30222,0.30222,0.30222,0.30222,0.30222,0.30222,0.30222,0.30222,0.30222,0.30222,0.30222,0.30222,0.30222,0.30222,0.30222,0.30222,0.30222,0.30222,1.00000,1.00000,1.00000,1.00000,1.00000,1.00000,1.00000,1.00000,1.00000,1.00000,1.00000,1.00000,1.00000,0.20400,0.20400,0.34000,0.20400,0.18545,0.06182,0.06182,0.18545,0.18545,0.18545,0.18545,0.18545,0.11333,0.11333,0.11333,0.11333,0.12364,0.12364,0.12364,0.12364,0.12364,0.12364,0.12364,0.11333,0.11333,0.11333,0.11333,0.11333,0.11333,0.11333,0.11333,0.11333,0.18545
kotlin.when_expression,0.00000,0.00000,0.29143,0.08500,0.29143,0.00000,0.08500,0.29143,0.29143,0.66000,0.00000,0.29143,0.00000,0.29143,0.00000,0.08500,0.29143,0.00000,0.00000,0.29143,0.08500,0.66000,0.34000,0.00000,0.08500,0.34000,0.00000,0.00000,0.66000,0.66000,0.08500,0.08500,0.00000,0.08500,0.08500,0.00000,0.66000,0.61143,0.66000,0.08500,0.29143,0.08500,0.00000,0.00000,0.00000,0.32000,0.29143,0.29143,0.29143,0.29143,0.00000,0.00000,0.00000,0.29143,0.08500,0.29143,0.00000,0.08500,0.00000,0.00000,0.00000,0.00000,0.08500,0.08500,0.00000,0.08500,0.61143,0.08500,0.08500,0.08500,0.08500,0.08500,0.00000,0.08500,0.00000,0.66000,0.00000,0.29143,0.00000,0.29143,0.08500,0.08500,0.66000,0.00000,0.00000,0.00000,0.34000,0.00000,0.29143,0.08500,0.08500,0.29143,0.08500,0.00000,0.08500,0.08500,0.66000,0.61143,0.30222,0.30222,0.30222,0.30222,0.30222,0.30222,0.30222,0.30222,0.06182,0.06182,0.06182,0.06182,0.06182,0.06182,0.06182,0.06182,0.06182,0.06182,0.06182,0.06182,0.06182,0.06182,0.06182,0.06182,0.06182,0.06182,0.06182,0.06182,0.06182,0.06182,0.06182,0.06182,0.06182,0.06182,0.06182,0.06182,0.20400,0.20400,0.20400,0.20400,0.20400,0.20400,0.20400,0.20400,0.20400,0.20400,0.20400,0.20400,0.20400,1.00000,1.00000,0.38857,1.00000,0.20400,0.25500,0.25500,0.20400,0.20400,0.20400,0.20400,0.20400,0.20400,0.20400,0.20400,0.20400,0.06182,0.06182,0.06182,0.06182,0.06182,0.06182,0.06182,0.12364,0.12364,0.12364,0.12364,0.12364,0.12364,0.12364,0.12364,0.12364,0.20400
kotlin.when_exhaustiveness,0.00000,0.00000,0.29143,0.08500,0.29143,0.00000,0.08500,0.29143,0.29143,0.66000,0.00000,0.29143,0.00000,0.29143,0.00000,0.08500,0.29143,0.00000,0.00000,0.29143,0.08500,0.66000,0.34000,0.00000,0.08500,0.34000,0.00000,0.00000,0.66000,0.66000,0.08500,0.08500,0.00000,0.08500,0.08500,0.00000,0.66000,0.61143,0.66000,0.08500,0.29143,0.08500,0.00000,0.00000,0.00000,0.32000,0.29143,0.29143,0.29143,0.29143,0.00000,0.00000,0.00000,0.29143,0.08500,0.29143,0.00000,0.08500,0.00000,0.00000,0.00000,0.00000,0.08500,0.08500,0.00000,0.08500,0.61143,0.08500,0.08500,0.08500,0.08500,0.08500,0.00000,0.08500,0.00000,0.66000,0.00000,0.29143,0.00000,0.29143,0.08500,0.08500,0.66000,0.00000,0.00000,0.00000,0.34000,0.00000,0.29143,0.08500,0.08500,0.29143,0.08500,0.00000,0.08500,0.08500,0.66000,0.61143,0.30222,0.30222,0.30222,0.30222,0.30222,0.30222,0.30222,0.30222,0.06182,0.06182,0.06182,0.06182,0.06182,0.06182,0.06182,0.06182,0.06182,0.06182,0.06182,0.06182,0.06182,0.06182,0.06182,0.06182,0.06182,0.06182,0.06182,0.06182,0.06182,0.06182,0.06182,0.06182,0.06182,0.06182,0.06182,0.06182,0.20400,0.20400,0.20400,0.20400,0.20400,0.20400,0.20400,0.20400,0.20400,0.20400,0.20400,0.20400,0.20400,1.00000,1.00000,0.38857,1.00000,0.20400,0.25500,0.25500,0.20400,0.20400,0.20400,0.20400,0.20400,0.20400,0.20400,0.20400,0.20400,0.06182,0.06182,0.06182,0.06182,0.06182,0.06182,0.06182,0.12364,0.12364,0.12364,0.12364,0.12364,0.12364,0.12364,0.12364,0.12364,0.20400
kotlin.range_progression_iteration,0.00000,0.00000,0.66000,0.09714,0.34000,0.00000,0.09714,0.34000,0.34000,0.22667,0.00000,0.34000,0.00000,0.34000,0.00000,0.09714,0.34000,0.00000,0.00000,0.34000,0.09714,0.22667,0.22667,0.00000,0.09714,0.22667,0.00000,0.00000,0.22667,0.22667,0.09714,0.09714,0.00000,0.09714,0.09714,0.00000,0.22667,0.34000,0.22667,0.09714,0.66000,0.09714,0.00000,0.00000,0.00000,0.00000,0.34000,0.34000,0.34000,0.34000,0.00000,0.00000,0.00000,0.66000,0.09714,0.34000,0.00000,0.09714,0.00000,0.00000,0.00000,0.00000,0.09714,0.09714,0.00000,0.09714,0.34000,0.09714,0.09714,0.09714,0.09714,0.09714,0.00000,0.09714,0.00000,0.22667,0.00000,0.66000,0.00000,0.66000,0.09714,0.09714,0.22667,0.00000,0.00000,0.00000,0.22667,0.00000,0.66000,0.09714,0.09714,0.34000,0.09714,0.00000,0.09714,0.09714,0.22667,0.34000,0.48571,0.48571,0.48571,0.48571,0.48571,0.48571,0.48571,0.48571,0.06800,0.06800,0.06800,0.06800,0.06800,0.06800,0.06800,0.06800,0.06800,0.06800,0.06800,0.06800,0.06800,0.06800,0.06800,0.15111,0.15111,0.15111,0.15111,0.15111,0.15111,0.15111,0.15111,0.15111,0.15111,0.15111,0.15111,0.15111,0.34000,0.34000,0.34000,0.34000,0.34000,0.34000,0.34000,0.34000,0.34000,0.34000,0.34000,0.34000,0.34000,0.38857,0.38857,1.00000,0.38857,0.13600,0.17000,0.17000,0.13600,0.13600,0.22667,0.22667,0.22667,0.22667,0.22667,0.22667,0.22667,0.06800,0.06800,0.06800,0.06800,0.06800,0.06800,0.06800,0.22667,0.22667,0.22667,0.22667,0.22667,0.22667,0.22667,0.22667,0.22667,0.22667
kotlin.labeled_control_flow,0.00000,0.00000,0.29143,0.08500,0.29143,0.00000,0.08500,0.29143,0.29143,0.66000,0.00000,0.29143,0.00000,0.29143,0.00000,0.08500,0.29143,0.00000,0.00000,0.29143,0.08500,0.66000,0.34000,0.00000,0.08500,0.34000,0.00000,0.00000,0.66000,0.66000,0.08500,0.08500,0.00000,0.08500,0.08500,0.00000,0.66000,0.61143,0.66000,0.08500,0.29143,0.08500,0.00000,0.00000,0.00000,0.32000,0.29143,0.29143,0.29143,0.29143,0.00000,0.00000,0.00000,0.29143,0.08500,0.29143,0.00000,0.08500,0.00000,0.00000,0.00000,0.00000,0.08500,0.08500,0.00000,0.08500,0.61143,0.08500,0.08500,0.08500,0.08500,0.08500,0.00000,0.08500,0.00000,0.66000,0.00000,0.29143,0.00000,0.29143,0.08500,0.08500,0.66000,0.00000,0.00000,0.00000,0.34000,0.00000,0.29143,0.08500,0.08500,0.29143,0.08500,0.00000,0.08500,0.08500,0.66000,0.61143,0.30222,0.30222,0.30222,0.30222,0.30222,0.30222,0.30222,0.30222,0.06182,0.06182,0.06182,0.06182,0.06182,0.06182,0.06182,0.06182,0.06182,0.06182,0.06182,0.06182,0.06182,0.06182,0.06182,0.06182,0.06182,0.06182,0.06182,0.06182,0.06182,0.06182,0.06182,0.06182,0.06182,0.06182,0.06182,0.06182,0.20400,0.20400,0.20400,0.20400,0.20400,0.20400,0.20400,0.20400,0.20400,0.20400,0.20400,0.20400,0.20400,1.00000,1.00000,0.38857,1.00000,0.20400,0.25500,0.25500,0.20400,0.20400,0.20400,0.20400,0.20400,0.20400,0.20400,0.20400,0.20400,0.06182,0.06182,0.06182,0.06182,0.06182,0.06182,0.06182,0.12364,0.12364,0.12364,0.12364,0.12364,0.12364,0.12364,0.12364,0.12364,0.20400
kotlin.nonlocal_return,0.00000,0.00000,0.25500,0.00000,0.25500,0.00000,0.17000,0.25500,0.25500,0.07556,0.07556,0.25500,0.49000,0.25500,0.00000,0.17000,0.57500,0.07556,0.07556,0.25500,0.17000,0.07556,0.07556,0.00000,0.17000,0.07556,0.00000,0.00000,0.07556,0.07556,0.49000,0.00000,0.00000,0.17000,0.00000,0.00000,0.07556,0.25500,0.07556,0.17000,0.25500,0.17000,0.00000,0.07556,0.00000,0.17000,0.25500,0.25500,0.25500,0.25500,0.00000,0.07556,0.00000,0.25500,0.00000,0.25500,0.00000,0.17000,0.00000,0.17000,0.00000,0.07556,0.00000,0.00000,0.00000,0.17000,0.25500,0.00000,0.00000,0.00000,0.00000,0.00000,0.00000,0.00000,0.00000,0.07556,0.17000,0.25500,0.17000,0.25500,0.17000,0.00000,0.07556,0.17000,0.00000,0.00000,0.07556,0.00000,0.25500,0.00000,0.00000,0.25500,0.00000,0.00000,0.17000,0.17000,0.07556,0.25500,0.11333,0.11333,0.11333,0.11333,0.11333,0.11333,0.11333,0.11333,0.12364,0.12364,0.12364,0.12364,0.12364,0.12364,0.12364,0.12364,0.12364,0.12364,0.12364,0.12364,0.12364,0.12364,0.12364,0.12364,0.12364,0.12364,0.12364,0.12364,0.12364,0.12364,0.12364,0.12364,0.12364,0.12364,0.12364,0.12364,0.18545,0.18545,0.18545,0.18545,0.18545,0.18545,0.18545,0.18545,0.18545,0.18545,0.18545,0.18545,0.18545,0.20400,0.20400,0.13600,0.20400,1.00000,0.06182,0.06182,1.00000,1.00000,0.18545,0.18545,0.18545,0.11333,0.11333,0.11333,0.11333,0.12364,0.00000,0.12364,0.00000,0.12364,0.12364,0.12364,0.11333,0.11333,0.11333,0.11333,0.11333,0.11333,0.11333,0.11333,0.11333,0.18545
kotlin.try_expression,0.00000,0.22667,0.08500,0.00000,0.08500,0.00000,0.00000,0.08500,0.08500,0.40800,0.00000,0.08500,0.00000,0.08500,0.00000,0.00000,0.08500,0.00000,0.00000,0.08500,0.00000,0.40800,0.72800,0.22667,0.00000,0.72800,0.00000,0.22667,0.40800,0.40800,0.00000,0.00000,0.00000,0.00000,0.00000,0.22667,0.40800,0.08500,0.40800,0.00000,0.08500,0.00000,0.22667,0.00000,0.00000,0.00000,0.08500,0.08500,0.08500,0.08500,0.00000,0.00000,0.00000,0.08500,0.00000,0.08500,0.00000,0.00000,0.22667,0.00000,0.22667,0.00000,0.00000,0.00000,0.00000,0.00000,0.08500,0.00000,0.00000,0.00000,0.00000,0.00000,0.22667,0.00000,0.22667,0.40800,0.00000,0.08500,0.00000,0.08500,0.00000,0.00000,0.40800,0.00000,0.00000,0.00000,0.72800,0.22667,0.08500,0.00000,0.00000,0.08500,0.00000,0.00000,0.00000,0.00000,0.40800,0.08500,0.22667,0.22667,0.22667,0.22667,0.22667,0.22667,0.22667,0.22667,0.00000,0.00000,0.00000,0.00000,0.00000,0.00000,0.00000,0.00000,0.00000,0.00000,0.00000,0.00000,0.00000,0.00000,0.00000,0.00000,0.00000,0.00000,0.00000,0.00000,0.00000,0.00000,0.00000,0.00000,0.00000,0.00000,0.00000,0.00000,0.06182,0.06182,0.06182,0.06182,0.06182,0.06182,0.06182,0.06182,0.06182,0.06182,0.06182,0.06182,0.06182,0.25500,0.25500,0.17000,0.25500,0.06182,1.00000,1.00000,0.06182,0.06182,0.13600,0.13600,0.13600,0.22667,0.22667,0.22667,0.22667,0.00000,0.06800,0.00000,0.06800,0.00000,0.00000,0.00000,0.06182,0.06182,0.06182,0.06182,0.06182,0.06182,0.06182,0.06182,0.06182,0.13600
kotlin.exception_throw_catch_finally,0.00000,0.22667,0.08500,0.00000,0.08500,0.00000,0.00000,0.08500,0.08500,0.40800,0.00000,0.08500,0.00000,0.08500,0.00000,0.00000,0.08500,0.00000,0.00000,0.08500,0.00000,0.40800,0.72800,0.22667,0.00000,0.72800,0.00000,0.22667,0.40800,0.40800,0.00000,0.00000,0.00000,0.00000,0.00000,0.22667,0.40800,0.08500,0.40800,0.00000,0.08500,0.00000,0.22667,0.00000,0.00000,0.00000,0.08500,0.08500,0.08500,0.08500,0.00000,0.00000,0.00000,0.08500,0.00000,0.08500,0.00000,0.00000,0.22667,0.00000,0.22667,0.00000,0.00000,0.00000,0.00000,0.00000,0.08500,0.00000,0.00000,0.00000,0.00000,0.00000,0.22667,0.00000,0.22667,0.40800,0.00000,0.08500,0.00000,0.08500,0.00000,0.00000,0.40800,0.00000,0.00000,0.00000,0.72800,0.22667,0.08500,0.00000,0.00000,0.08500,0.00000,0.00000,0.00000,0.00000,0.40800,0.08500,0.22667,0.22667,0.22667,0.22667,0.22667,0.22667,0.22667,0.22667,0.00000,0.00000,0.00000,0.00000,0.00000,0.00000,0.00000,0.00000,0.00000,0.00000,0.00000,0.00000,0.00000,0.00000,0.00000,0.00000,0.00000,0.00000,0.00000,0.00000,0.00000,0.00000,0.00000,0.00000,0.00000,0.00000,0.00000,0.00000,0.06182,0.06182,0.06182,0.06182,0.06182,0.06182,0.06182,0.06182,0.06182,0.06182,0.06182,0.06182,0.06182,0.25500,0.25500,0.17000,0.25500,0.06182,1.00000,1.00000,0.06182,0.06182,0.13600,0.13600,0.13600,0.22667,0.22667,0.22667,0.22667,0.00000,0.06800,0.00000,0.06800,0.00000,0.00000,0.00000,0.06182,0.06182,0.06182,0.06182,0.06182,0.06182,0.06182,0.06182,0.06182,0.13600
kotlin.inline_function,0.00000,0.00000,0.25500,0.00000,0.25500,0.00000,0.17000,0.25500,0.25500,0.07556,0.07556,0.25500,0.49000,0.25500,0.00000,0.17000,0.57500,0.07556,0.07556,0.25500,0.17000,0.07556,0.07556,0.00000,0.17000,0.07556,0.00000,0.00000,0.07556,0.07556,0.49000,0.00000,0.00000,0.17000,0.00000,0.00000,0.07556,0.25500,0.07556,0.17000,0.25500,0.17000,0.00000,0.07556,0.00000,0.17000,0.25500,0.25500,0.25500,0.25500,0.00000,0.07556,0.00000,0.25500,0.00000,0.25500,0.00000,0.17000,0.00000,0.17000,0.00000,0.07556,0.00000,0.00000,0.00000,0.17000,0.25500,0.00000,0.00000,0.00000,0.00000,0.00000,0.00000,0.00000,0.00000,0.07556,0.17000,0.25500,0.17000,0.25500,0.17000,0.00000,0.07556,0.17000,0.00000,0.00000,0.07556,0.00000,0.25500,0.00000,0.00000,0.25500,0.00000,0.00000,0.17000,0.17000,0.07556,0.25500,0.11333,0.11333,0.11333,0.11333,0.11333,0.11333,0.11333,0.11333,0.12364,0.12364,0.12364,0.12364,0.12364,0.12364,0.12364,0.12364,0.12364,0.12364,0.12364,0.12364,0.12364,0.12364,0.12364,0.12364,0.12364,0.12364,0.12364,0.12364,0.12364,0.12364,0.12364,0.12364,0.12364,0.12364,0.12364,0.12364,0.18545,0.18545,0.18545,0.18545,0.18545,0.18545,0.18545,0.18545,0.18545,0.18545,0.18545,0.18545,0.18545,0.20400,0.20400,0.13600,0.20400,1.00000,0.06182,0.06182,1.00000,1.00000,0.18545,0.18545,0.18545,0.11333,0.11333,0.11333,0.11333,0.12364,0.00000,0.12364,0.00000,0.12364,0.12364,0.12364,0.11333,0.11333,0.11333,0.11333,0.11333,0.11333,0.11333,0.11333,0.11333,0.18545
kotlin.crossinline_noinline,0.00000,0.00000,0.25500,0.00000,0.25500,0.00000,0.17000,0.25500,0.25500,0.07556,0.07556,0.25500,0.49000,0.25500,0.00000,0.17000,0.57500,0.07556,0.07556,0.25500,0.17000,0.07556,0.07556,0.00000,0.17000,0.07556,0.00000,0.00000,0.07556,0.07556,0.49000,0.00000,0.00000,0.17000,0.00000,0.00000,0.07556,0.25500,0.07556,0.17000,0.25500,0.17000,0.00000,0.07556,0.00000,0.17000,0.25500,0.25500,0.25500,0.25500,0.00000,0.07556,0.00000,0.25500,0.00000,0.25500,0.00000,0.17000,0.00000,0.17000,0.00000,0.07556,0.00000,0.00000,0.00000,0.17000,0.25500,0.00000,0.00000,0.00000,0.00000,0.00000,0.00000,0.00000,0.00000,0.07556,0.17000,0.25500,0.17000,0.25500,0.17000,0.00000,0.07556,0.17000,0.00000,0.00000,0.07556,0.00000,0.25500,0.00000,0.00000,0.25500,0.00000,0.00000,0.17000,0.17000,0.07556,0.25500,0.11333,0.11333,0.11333,0.11333,0.11333,0.11333,0.11333,0.11333,0.12364,0.12364,0.12364,0.12364,0.12364,0.12364,0.12364,0.12364,0.12364,0.12364,0.12364,0.12364,0.12364,0.12364,0.12364,0.12364,0.12364,0.12364,0.12364,0.12364,0.12364,0.12364,0.12364,0.12364,0.12364,0.12364,0.12364,0.12364,0.18545,0.18545,0.18545,0.18545,0.18545,0.18545,0.18545,0.18545,0.18545,0.18545,0.18545,0.18545,0.18545,0.20400,0.20400,0.13600,0.20400,1.00000,0.06182,0.06182,1.00000,1.00000,0.18545,0.18545,0.18545,0.11333,0.11333,0.11333,0.11333,0.12364,0.00000,0.12364,0.00000,0.12364,0.12364,0.12364,0.11333,0.11333,0.11333,0.11333,0.11333,0.11333,0.11333,0.11333,0.11333,0.18545
kotlin.contracts_dsl,0.00000,0.17000,0.06800,0.07556,0.06800,0.00000,0.17000,0.06800,0.06800,0.07556,0.39556,0.06800,0.07556,0.06800,0.00000,0.17000,0.06800,0.39556,0.39556,0.06800,0.17000,0.07556,0.07556,0.17000,0.17000,0.07556,0.00000,0.17000,0.07556,0.07556,0.17000,0.07556,0.00000,0.17000,0.07556,0.17000,0.07556,0.06800,0.07556,0.17000,0.06800,0.17000,0.17000,0.39556,0.00000,0.07556,0.06800,0.06800,0.06800,0.06800,0.00000,0.39556,0.00000,0.06800,0.07556,0.06800,0.00000,0.17000,0.17000,0.07556,0.17000,0.39556,0.07556,0.07556,0.00000,0.17000,0.06800,0.07556,0.07556,0.07556,0.07556,0.07556,0.17000,0.07556,0.17000,0.07556,0.07556,0.06800,0.07556,0.06800,0.17000,0.07556,0.07556,0.07556,0.00000,0.00000,0.07556,0.17000,0.06800,0.07556,0.07556,0.06800,0.07556,0.00000,0.17000,0.17000,0.07556,0.06800,0.18545,0.18545,0.18545,0.18545,0.18545,0.18545,0.18545,0.18545,0.20400,0.20400,0.20400,0.20400,0.20400,0.20400,0.20400,0.20400,0.20400,0.20400,0.20400,0.20400,0.20400,0.20400,0.20400,0.12364,0.12364,0.12364,0.12364,0.12364,0.12364,0.12364,0.12364,0.12364,0.12364,0.12364,0.12364,0.12364,0.18545,0.18545,0.18545,0.18545,0.18545,0.18545,0.18545,0.18545,0.18545,0.18545,0.18545,0.18545,0.18545,0.20400,0.20400,0.22667,0.20400,0.18545,0.13600,0.13600,0.18545,0.18545,1.00000,1.00000,1.00000,0.11333,0.11333,0.11333,0.11333,0.20400,0.05667,0.20400,0.05667,0.20400,0.20400,0.20400,0.18545,0.18545,0.18545,0.18545,0.18545,0.18545,0.18545,0.18545,0.18545,1.00000
kotlin.calls_in_place_effect,0.00000,0.17000,0.06800,0.07556,0.06800,0.00000,0.17000,0.06800,0.06800,0.07556,0.39556,0.06800,0.07556,0.06800,0.00000,0.17000,0.06800,0.39556,0.39556,0.06800,0.17000,0.07556,0.07556,0.17000,0.17000,0.07556,0.00000,0.17000,0.07556,0.07556,0.17000,0.07556,0.00000,0.17000,0.07556,0.17000,0.07556,0.06800,0.07556,0.17000,0.06800,0.17000,0.17000,0.39556,0.00000,0.07556,0.06800,0.06800,0.06800,0.06800,0.00000,0.39556,0.00000,0.06800,0.07556,0.06800,0.00000,0.17000,0.17000,0.07556,0.17000,0.39556,0.07556,0.07556,0.00000,0.17000,0.06800,0.07556,0.07556,0.07556,0.07556,0.07556,0.17000,0.07556,0.17000,0.07556,0.07556,0.06800,0.07556,0.06800,0.17000,0.07556,0.07556,0.07556,0.00000,0.00000,0.07556,0.17000,0.06800,0.07556,0.07556,0.06800,0.07556,0.00000,0.17000,0.17000,0.07556,0.06800,0.18545,0.18545,0.18545,0.18545,0.18545,0.18545,0.18545,0.18545,0.20400,0.20400,0.20400,0.20400,0.20400,0.20400,0.20400,0.20400,0.20400,0.20400,0.20400,0.20400,0.20400,0.20400,0.20400,0.12364,0.12364,0.12364,0.12364,0.12364,0.12364,0.12364,0.12364,0.12364,0.12364,0.12364,0.12364,0.12364,0.18545,0.18545,0.18545,0.18545,0.18545,0.18545,0.18545,0.18545,0.18545,0.18545,0.18545,0.18545,0.18545,0.20400,0.20400,0.22667,0.20400,0.18545,0.13600,0.13600,0.18545,0.18545,1.00000,1.00000,1.00000,0.11333,0.11333,0.11333,0.11333,0.20400,0.05667,0.20400,0.05667,0.20400,0.20400,0.20400,0.18545,0.18545,0.18545,0.18545,0.18545,0.18545,0.18545,0.18545,0.18545,1.00000
kotlin.returns_implies_effect,0.00000,0.17000,0.06800,0.07556,0.06800,0.00000,0.17000,0.06800,0.06800,0.07556,0.39556,0.06800,0.07556,0.06800,0.00000,0.17000,0.06800,0.39556,0.39556,0.06800,0.17000,0.07556,0.07556,0.17000,0.17000,0.07556,0.00000,0.17000,0.07556,0.07556,0.17000,0.07556,0.00000,0.17000,0.07556,0.17000,0.07556,0.06800,0.07556,0.17000,0.06800,0.17000,0.17000,0.39556,0.00000,0.07556,0.06800,0.06800,0.06800,0.06800,0.00000,0.39556,0.00000,0.06800,0.07556,0.06800,0.00000,0.17000,0.17000,0.07556,0.17000,0.39556,0.07556,0.07556,0.00000,0.17000,0.06800,0.07556,0.07556,0.07556,0.07556,0.07556,0.17000,0.07556,0.17000,0.07556,0.07556,0.06800,0.07556,0.06800,0.17000,0.07556,0.07556,0.07556,0.00000,0.00000,0.07556,0.17000,0.06800,0.07556,0.07556,0.06800,0.07556,0.00000,0.17000,0.17000,0.07556,0.06800,0.18545,0.18545,0.18545,0.18545,0.18545,0.18545,0.18545,0.18545,0.20400,0.20400,0.20400,0.20400,0.20400,0.20400,0.20400,0.20400,0.20400,0.20400,0.20400,0.20400,0.20400,0.20400,0.20400,0.12364,0.12364,0.12364,0.12364,0.12364,0.12364,0.12364,0.12364,0.12364,0.12364,0.12364,0.12364,0.12364,0.18545,0.18545,0.18545,0.18545,0.18545,0.18545,0.18545,0.18545,0.18545,0.18545,0.18545,0.18545,0.18545,0.20400,0.20400,0.22667,0.20400,0.18545,0.13600,0.13600,0.18545,0.18545,1.00000,1.00000,1.00000,0.11333,0.11333,0.11333,0.11333,0.20400,0.05667,0.20400,0.05667,0.20400,0.20400,0.20400,0.18545,0.18545,0.18545,0.18545,0.18545,0.18545,0.18545,0.18545,0.18545,1.00000
kotlin.suspend_resume,0.00000,0.07556,0.15111,0.00000,0.15111,0.49000,0.00000,0.47111,0.15111,0.17000,0.07556,0.15111,0.00000,0.15111,0.49000,0.00000,0.15111,0.07556,0.07556,0.15111,0.00000,0.17000,0.17000,0.07556,0.00000,0.17000,0.00000,0.07556,0.17000,0.17000,0.00000,0.00000,0.00000,0.00000,0.00000,0.07556,0.17000,0.15111,0.17000,0.00000,0.15111,0.00000,0.07556,0.07556,0.00000,0.00000,0.15111,0.15111,0.15111,0.15111,0.49000,0.07556,0.00000,0.15111,0.00000,0.15111,0.49000,0.00000,0.07556,0.00000,0.07556,0.07556,0.00000,0.00000,0.00000,0.00000,0.15111,0.00000,0.00000,0.00000,0.00000,0.00000,0.07556,0.00000,0.07556,0.17000,0.00000,0.15111,0.00000,0.15111,0.00000,0.00000,0.17000,0.00000,0.49000,0.49000,0.17000,0.07556,0.15111,0.00000,0.00000,0.15111,0.00000,0.00000,0.00000,0.00000,0.17000,0.15111,0.27200,0.27200,0.27200,0.27200,0.27200,0.27200,0.27200,0.27200,0.00000,0.00000,0.00000,0.00000,0.00000,0.00000,0.00000,0.00000,0.00000,0.00000,0.00000,0.00000,0.00000,0.00000,0.00000,0.00000,0.00000,0.00000,0.00000,0.00000,0.00000,0.00000,0.00000,0.00000,0.00000,0.00000,0.00000,0.00000,0.11333,0.11333,0.11333,0.11333,0.11333,0.11333,0.11333,0.11333,0.11333,0.11333,0.11333,0.11333,0.11333,0.20400,0.20400,0.22667,0.20400,0.11333,0.22667,0.22667,0.11333,0.11333,0.11333,0.11333,0.11333,1.00000,1.00000,1.00000,1.00000,0.05667,0.05667,0.05667,0.05667,0.05667,0.05667,0.05667,0.18545,0.18545,0.18545,0.18545,0.18545,0.18545,0.18545,0.18545,0.18545,0.11333
kotlin.continuation_state_machine,0.00000,0.07556,0.15111,0.00000,0.15111,0.49000,0.00000,0.47111,0.15111,0.17000,0.07556,0.15111,0.00000,0.15111,0.49000,0.00000,0.15111,0.07556,0.07556,0.15111,0.00000,0.17000,0.17000,0.07556,0.00000,0.17000,0.00000,0.07556,0.17000,0.17000,0.00000,0.00000,0.00000,0.00000,0.00000,0.07556,0.17000,0.15111,0.17000,0.00000,0.15111,0.00000,0.07556,0.07556,0.00000,0.00000,0.15111,0.15111,0.15111,0.15111,0.49000,0.07556,0.00000,0.15111,0.00000,0.15111,0.49000,0.00000,0.07556,0.00000,0.07556,0.07556,0.00000,0.00000,0.00000,0.00000,0.15111,0.00000,0.00000,0.00000,0.00000,0.00000,0.07556,0.00000,0.07556,0.17000,0.00000,0.15111,0.00000,0.15111,0.00000,0.00000,0.17000,0.00000,0.49000,0.49000,0.17000,0.07556,0.15111,0.00000,0.00000,0.15111,0.00000,0.00000,0.00000,0.00000,0.17000,0.15111,0.27200,0.27200,0.27200,0.27200,0.27200,0.27200,0.27200,0.27200,0.00000,0.00000,0.00000,0.00000,0.00000,0.00000,0.00000,0.00000,0.00000,0.00000,0.00000,0.00000,0.00000,0.00000,0.00000,0.00000,0.00000,0.00000,0.00000,0.00000,0.00000,0.00000,0.00000,0.00000,0.00000,0.00000,0.00000,0.00000,0.11333,0.11333,0.11333,0.11333,0.11333,0.11333,0.11333,0.11333,0.11333,0.11333,0.11333,0.11333,0.11333,0.20400,0.20400,0.22667,0.20400,0.11333,0.22667,0.22667,0.11333,0.11333,0.11333,0.11333,0.11333,1.00000,1.00000,1.00000,1.00000,0.05667,0.05667,0.05667,0.05667,0.05667,0.05667,0.05667,0.18545,0.18545,0.18545,0.18545,0.18545,0.18545,0.18545,0.18545,0.18545,0.11333
kotlin.coroutine_suspension_points,0.00000,0.07556,0.15111,0.00000,0.15111,0.49000,0.00000,0.47111,0.15111,0.17000,0.07556,0.15111,0.00000,0.15111,0.49000,0.00000,0.15111,0.07556,0.07556,0.15111,0.00000,0.17000,0.17000,0.07556,0.00000,0.17000,0.00000,0.07556,0.17000,0.17000,0.00000,0.00000,0.00000,0.00000,0.00000,0.07556,0.17000,0.15111,0.17000,0.00000,0.15111,0.00000,0.07556,0.07556,0.00000,0.00000,0.15111,0.15111,0.15111,0.15111,0.49000,0.07556,0.00000,0.15111,0.00000,0.15111,0.49000,0.00000,0.07556,0.00000,0.07556,0.07556,0.00000,0.00000,0.00000,0.00000,0.15111,0.00000,0.00000,0.00000,0.00000,0.00000,0.07556,0.00000,0.07556,0.17000,0.00000,0.15111,0.00000,0.15111,0.00000,0.00000,0.17000,0.00000,0.49000,0.49000,0.17000,0.07556,0.15111,0.00000,0.00000,0.15111,0.00000,0.00000,0.00000,0.00000,0.17000,0.15111,0.27200,0.27200,0.27200,0.27200,0.27200,0.27200,0.27200,0.27200,0.00000,0.00000,0.00000,0.00000,0.00000,0.00000,0.00000,0.00000,0.00000,0.00000,0.00000,0.00000,0.00000,0.00000,0.00000,0.00000,0.00000,0.00000,0.00000,0.00000,0.00000,0.00000,0.00000,0.00000,0.00000,0.00000,0.00000,0.00000,0.11333,0.11333,0.11333,0.11333,0.11333,0.11333,0.11333,0.11333,0.11333,0.11333,0.11333,0.11333,0.11333,0.20400,0.20400,0.22667,0.20400,0.11333,0.22667,0.22667,0.11333,0.11333,0.11333,0.11333,0.11333,1.00000,1.00000,1.00000,1.00000,0.05667,0.05667,0.05667,0.05667,0.05667,0.05667,0.05667,0.18545,0.18545,0.18545,0.18545,0.18545,0.18545,0.18545,0.18545,0.18545,0.11333
kotlin.suspend_lambda,0.00000,0.07556,0.15111,0.00000,0.15111,0.49000,0.00000,0.47111,0.15111,0.17000,0.07556,0.15111,0.00000,0.15111,0.49000,0.00000,0.15111,0.07556,0.07556,0.15111,0.00000,0.17000,0.17000,0.07556,0.00000,0.17000,0.00000,0.07556,0.17000,0.17000,0.00000,0.00000,0.00000,0.00000,0.00000,0.07556,0.17000,0.15111,0.17000,0.00000,0.15111,0.00000,0.07556,0.07556,0.00000,0.00000,0.15111,0.15111,0.15111,0.15111,0.49000,0.07556,0.00000,0.15111,0.00000,0.15111,0.49000,0.00000,0.07556,0.00000,0.07556,0.07556,0.00000,0.00000,0.00000,0.00000,0.15111,0.00000,0.00000,0.00000,0.00000,0.00000,0.07556,0.00000,0.07556,0.17000,0.00000,0.15111,0.00000,0.15111,0.00000,0.00000,0.17000,0.00000,0.49000,0.49000,0.17000,0.07556,0.15111,0.00000,0.00000,0.15111,0.00000,0.00000,0.00000,0.00000,0.17000,0.15111,0.27200,0.27200,0.27200,0.27200,0.27200,0.27200,0.27200,0.27200,0.00000,0.00000,0.00000,0.00000,0.00000,0.00000,0.00000,0.00000,0.00000,0.00000,0.00000,0.00000,0.00000,0.00000,0.00000,0.00000,0.00000,0.00000,0.00000,0.00000,0.00000,0.00000,0.00000,0.00000,0.00000,0.00000,0.00000,0.00000,0.11333,0.11333,0.11333,0.11333,0.11333,0.11333,0.11333,0.11333,0.11333,0.11333,0.11333,0.11333,0.11333,0.20400,0.20400,0.22667,0.20400,0.11333,0.22667,0.22667,0.11333,0.11333,0.11333,0.11333,0.11333,1.00000,1.00000,1.00000,1.00000,0.05667,0.05667,0.05667,0.05667,0.05667,0.05667,0.05667,0.18545,0.18545,0.18545,0.18545,0.18545,0.18545,0.18545,0.18545,0.18545,0.11333
kotlin.expect_actual,0.08500,0.00000,0.00000,0.08500,0.00000,0.00000,0.19429,0.00000,0.00000,0.00000,0.34000,0.00000,0.08500,0.00000,0.00000,0.19429,0.00000,0.34000,0.34000,0.00000,0.19429,0.00000,0.00000,0.00000,0.19429,0.00000,0.08500,0.00000,0.00000,0.00000,0.19429,0.08500,0.08500,0.19429,0.08500,0.00000,0.00000,0.00000,0.00000,0.19429,0.00000,0.19429,0.00000,0.34000,0.08500,0.08500,0.00000,0.00000,0.00000,0.00000,0.00000,0.34000,0.08500,0.00000,0.08500,0.00000,0.00000,0.19429,0.00000,0.08500,0.00000,0.34000,0.08500,0.08500,0.08500,0.19429,0.00000,0.08500,0.08500,0.08500,0.08500,0.08500,0.00000,0.08500,0.00000,0.00000,0.08500,0.00000,0.08500,0.00000,0.19429,0.08500,0.00000,0.08500,0.00000,0.00000,0.00000,0.00000,0.00000,0.08500,0.08500,0.00000,0.08500,0.08500,0.19429,0.19429,0.00000,0.00000,0.05667,0.05667,0.05667,0.05667,0.05667,0.05667,0.05667,0.05667,0.22667,0.22667,0.22667,0.22667,0.22667,0.22667,0.22667,0.22667,0.22667,0.22667,0.22667,0.22667,0.22667,0.22667,0.22667,0.13600,0.13600,0.13600,0.13600,0.13600,0.13600,0.13600,0.13600,0.13600,0.13600,0.13600,0.13600,0.13600,0.12364,0.12364,0.12364,0.12364,0.12364,0.12364,0.12364,0.12364,0.12364,0.12364,0.12364,0.12364,0.12364,0.06182,0.06182,0.06800,0.06182,0.12364,0.00000,0.00000,0.12364,0.12364,0.20400,0.20400,0.20400,0.05667,0.05667,0.05667,0.05667,1.00000,0.13600,1.00000,0.13600,1.00000,1.00000,1.00000,0.30222,0.30222,0.30222,0.30222,0.30222,0.30222,0.30222,0.30222,0.30222,0.20400
kotlin.jvm_boxing_unboxing,0.34000,0.08500,0.00000,0.19429,0.00000,0.00000,0.08500,0.00000,0.00000,0.00000,0.00000,0.00000,0.00000,0.00000,0.00000,0.08500,0.00000,0.00000,0.00000,0.00000,0.08500,0.00000,0.00000,0.08500,0.08500,0.00000,0.66000,0.08500,0.00000,0.00000,0.08500,0.19429,0.66000,0.08500,0.19429,0.08500,0.00000,0.00000,0.00000,0.08500,0.00000,0.08500,0.08500,0.00000,0.66000,0.00000,0.00000,0.00000,0.00000,0.00000,0.00000,0.00000,0.66000,0.00000,0.19429,0.00000,0.00000,0.08500,0.08500,0.00000,0.08500,0.00000,0.19429,0.19429,0.66000,0.08500,0.00000,0.19429,0.19429,0.19429,0.19429,0.19429,0.08500,0.19429,0.08500,0.00000,0.00000,0.00000,0.00000,0.00000,0.08500,0.19429,0.00000,0.00000,0.00000,0.00000,0.00000,0.08500,0.00000,0.19429,0.19429,0.00000,0.19429,0.66000,0.08500,0.08500,0.00000,0.00000,0.20400,0.20400,0.20400,0.20400,0.20400,0.20400,0.20400,0.20400,0.13600,0.13600,0.13600,0.13600,0.13600,0.13600,0.13600,0.13600,0.13600,0.13600,0.13600,0.13600,0.13600,0.13600,0.13600,0.13600,0.13600,0.13600,0.13600,0.13600,0.13600,0.13600,0.13600,0.13600,0.13600,0.13600,0.13600,0.13600,0.12364,0.12364,0.12364,0.12364,0.12364,0.12364,0.12364,0.12364,0.12364,0.12364,0.12364,0.12364,0.12364,0.06182,0.06182,0.06800,0.06182,0.00000,0.06800,0.06800,0.00000,0.00000,0.05667,0.05667,0.05667,0.05667,0.05667,0.05667,0.05667,0.13600,1.00000,0.13600,1.00000,0.13600,0.13600,0.13600,0.05667,0.05667,0.05667,0.05667,0.05667,0.05667,0.05667,0.05667,0.05667,0.05667
kotlin.java_nullability_enhancement,0.08500,0.00000,0.00000,0.08500,0.00000,0.00000,0.19429,0.00000,0.00000,0.00000,0.34000,0.00000,0.08500,0.00000,0.00000,0.19429,0.00000,0.34000,0.34000,0.00000,0.19429,0.00000,0.00000,0.00000,0.19429,0.00000,0.08500,0.00000,0.00000,0.00000,0.19429,0.08500,0.08500,0.19429,0.08500,0.00000,0.00000,0.00000,0.00000,0.19429,0.00000,0.19429,0.00000,0.34000,0.08500,0.08500,0.00000,0.00000,0.00000,0.00000,0.00000,0.34000,0.08500,0.00000,0.08500,0.00000,0.00000,0.19429,0.00000,0.08500,0.00000,0.34000,0.08500,0.08500,0.08500,0.19429,0.00000,0.08500,0.08500,0.08500,0.08500,0.08500,0.00000,0.08500,0.00000,0.00000,0.08500,0.00000,0.08500,0.00000,0.19429,0.08500,0.00000,0.08500,0.00000,0.00000,0.00000,0.00000,0.00000,0.08500,0.08500,0.00000,0.08500,0.08500,0.19429,0.19429,0.00000,0.00000,0.05667,0.05667,0.05667,0.05667,0.05667,0.05667,0.05667,0.05667,0.22667,0.22667,0.22667,0.22667,0.22667,0.22667,0.22667,0.22667,0.22667,0.22667,0.22667,0.22667,0.22667,0.22667,0.22667,0.13600,0.13600,0.13600,0.13600,0.13600,0.13600,0.13600,0.13600,0.13600,0.13600,0.13600,0.13600,0.13600,0.12364,0.12364,0.12364,0.12364,0.12364,0.12364,0.12364,0.12364,0.12364,0.12364,0.12364,0.12364,0.12364,0.06182,0.06182,0.06800,0.06182,0.12364,0.00000,0.00000,0.12364,0.12364,0.20400,0.20400,0.20400,0.05667,0.05667,0.05667,0.05667,1.00000,0.13600,1.00000,0.13600,1.00000,1.00000,1.00000,0.30222,0.30222,0.30222,0.30222,0.30222,0.30222,0.30222,0.30222,0.30222,0.20400
kotlin.jvm_signature_mangling,0.34000,0.08500,0.00000,0.19429,0.00000,0.00000,0.08500,0.00000,0.00000,0.00000,0.00000,0.00000,0.00000,0.00000,0.00000,0.08500,0.00000,0.00000,0.00000,0.00000,0.08500,0.00000,0.00000,0.08500,0.08500,0.00000,0.66000,0.08500,0.00000,0.00000,0.08500,0.19429,0.66000,0.08500,0.19429,0.08500,0.00000,0.00000,0.00000,0.08500,0.00000,0.08500,0.08500,0.00000,0.66000,0.00000,0.00000,0.00000,0.00000,0.00000,0.00000,0.00000,0.66000,0.00000,0.19429,0.00000,0.00000,0.08500,0.08500,0.00000,0.08500,0.00000,0.19429,0.19429,0.66000,0.08500,0.00000,0.19429,0.19429,0.19429,0.19429,0.19429,0.08500,0.19429,0.08500,0.00000,0.00000,0.00000,0.00000,0.00000,0.08500,0.19429,0.00000,0.00000,0.00000,0.00000,0.00000,0.08500,0.00000,0.19429,0.19429,0.00000,0.19429,0.66000,0.08500,0.08500,0.00000,0.00000,0.20400,0.20400,0.20400,0.20400,0.20400,0.20400,0.20400,0.20400,0.13600,0.13600,0.13600,0.13600,0.13600,0.13600,0.13600,0.13600,0.13600,0.13600,0.13600,0.13600,0.13600,0.13600,0.13600,0.13600,0.13600,0.13600,0.13600,0.13600,0.13600,0.13600,0.13600,0.13600,0.13600,0.13600,0.13600,0.13600,0.12364,0.12364,0.12364,0.12364,0.12364,0.12364,0.12364,0.12364,0.12364,0.12364,0.12364,0.12364,0.12364,0.06182,0.06182,0.06800,0.06182,0.00000,0.06800,0.06800,0.00000,0.00000,0.05667,0.05667,0.05667,0.05667,0.05667,0.05667,0.05667,0.13600,1.00000,0.13600,1.00000,0.13600,0.13600,0.13600,0.05667,0.05667,0.05667,0.05667,0.05667,0.05667,0.05667,0.05667,0.05667,0.05667
kotlin.js_dynamic_external,0.08500,0.00000,0.00000,0.08500,0.00000,0.00000,0.19429,0.00000,0.00000,0.00000,0.34000,0.00000,0.08500,0.00000,0.00000,0.19429,0.00000,0.34000,0.34000,0.00000,0.19429,0.00000,0.00000,0.00000,0.19429,0.00000,0.08500,0.00000,0.00000,0.00000,0.19429,0.08500,0.08500,0.19429,0.08500,0.00000,0.00000,0.00000,0.00000,0.19429,0.00000,0.19429,0.00000,0.34000,0.08500,0.08500,0.00000,0.00000,0.00000,0.00000,0.00000,0.34000,0.08500,0.00000,0.08500,0.00000,0.00000,0.19429,0.00000,0.08500,0.00000,0.34000,0.08500,0.08500,0.08500,0.19429,0.00000,0.08500,0.08500,0.08500,0.08500,0.08500,0.00000,0.08500,0.00000,0.00000,0.08500,0.00000,0.08500,0.00000,0.19429,0.08500,0.00000,0.08500,0.00000,0.00000,0.00000,0.00000,0.00000,0.08500,0.08500,0.00000,0.08500,0.08500,0.19429,0.19429,0.00000,0.00000,0.05667,0.05667,0.05667,0.05667,0.05667,0.05667,0.05667,0.05667,0.22667,0.22667,0.22667,0.22667,0.22667,0.22667,0.22667,0.22667,0.22667,0.22667,0.22667,0.22667,0.22667,0.22667,0.22667,0.13600,0.13600,0.13600,0.13600,0.13600,0.13600,0.13600,0.13600,0.13600,0.13600,0.13600,0.13600,0.13600,0.12364,0.12364,0.12364,0.12364,0.12364,0.12364,0.12364,0.12364,0.12364,0.12364,0.12364,0.12364,0.12364,0.06182,0.06182,0.06800,0.06182,0.12364,0.00000,0.00000,0.12364,0.12364,0.20400,0.20400,0.20400,0.05667,0.05667,0.05667,0.05667,1.00000,0.13600,1.00000,0.13600,1.00000,1.00000,1.00000,0.30222,0.30222,0.30222,0.30222,0.30222,0.30222,0.30222,0.30222,0.30222,0.20400
kotlin.native_c_objc_interop,0.08500,0.00000,0.00000,0.08500,0.00000,0.00000,0.19429,0.00000,0.00000,0.00000,0.34000,0.00000,0.08500,0.00000,0.00000,0.19429,0.00000,0.34000,0.34000,0.00000,0.19429,0.00000,0.00000,0.00000,0.19429,0.00000,0.08500,0.00000,0.00000,0.00000,0.19429,0.08500,0.08500,0.19429,0.08500,0.00000,0.00000,0.00000,0.00000,0.19429,0.00000,0.19429,0.00000,0.34000,0.08500,0.08500,0.00000,0.00000,0.00000,0.00000,0.00000,0.34000,0.08500,0.00000,0.08500,0.00000,0.00000,0.19429,0.00000,0.08500,0.00000,0.34000,0.08500,0.08500,0.08500,0.19429,0.00000,0.08500,0.08500,0.08500,0.08500,0.08500,0.00000,0.08500,0.00000,0.00000,0.08500,0.00000,0.08500,0.00000,0.19429,0.08500,0.00000,0.08500,0.00000,0.00000,0.00000,0.00000,0.00000,0.08500,0.08500,0.00000,0.08500,0.08500,0.19429,0.19429,0.00000,0.00000,0.05667,0.05667,0.05667,0.05667,0.05667,0.05667,0.05667,0.05667,0.22667,0.22667,0.22667,0.22667,0.22667,0.22667,0.22667,0.22667,0.22667,0.22667,0.22667,0.22667,0.22667,0.22667,0.22667,0.13600,0.13600,0.13600,0.13600,0.13600,0.13600,0.13600,0.13600,0.13600,0.13600,0.13600,0.13600,0.13600,0.12364,0.12364,0.12364,0.12364,0.12364,0.12364,0.12364,0.12364,0.12364,0.12364,0.12364,0.12364,0.12364,0.06182,0.06182,0.06800,0.06182,0.12364,0.00000,0.00000,0.12364,0.12364,0.20400,0.20400,0.20400,0.05667,0.05667,0.05667,0.05667,1.00000,0.13600,1.00000,0.13600,1.00000,1.00000,1.00000,0.30222,0.30222,0.30222,0.30222,0.30222,0.30222,0.30222,0.30222,0.30222,0.20400
kotlin.klib_metadata,0.08500,0.00000,0.00000,0.08500,0.00000,0.00000,0.19429,0.00000,0.00000,0.00000,0.34000,0.00000,0.08500,0.00000,0.00000,0.19429,0.00000,0.34000,0.34000,0.00000,0.19429,0.00000,0.00000,0.00000,0.19429,0.00000,0.08500,0.00000,0.00000,0.00000,0.19429,0.08500,0.08500,0.19429,0.08500,0.00000,0.00000,0.00000,0.00000,0.19429,0.00000,0.19429,0.00000,0.34000,0.08500,0.08500,0.00000,0.00000,0.00000,0.00000,0.00000,0.34000,0.08500,0.00000,0.08500,0.00000,0.00000,0.19429,0.00000,0.08500,0.00000,0.34000,0.08500,0.08500,0.08500,0.19429,0.00000,0.08500,0.08500,0.08500,0.08500,0.08500,0.00000,0.08500,0.00000,0.00000,0.08500,0.00000,0.08500,0.00000,0.19429,0.08500,0.00000,0.08500,0.00000,0.00000,0.00000,0.00000,0.00000,0.08500,0.08500,0.00000,0.08500,0.08500,0.19429,0.19429,0.00000,0.00000,0.05667,0.05667,0.05667,0.05667,0.05667,0.05667,0.05667,0.05667,0.22667,0.22667,0.22667,0.22667,0.22667,0.22667,0.22667,0.22667,0.22667,0.22667,0.22667,0.22667,0.22667,0.22667,0.22667,0.13600,0.13600,0.13600,0.13600,0.13600,0.13600,0.13600,0.13600,0.13600,0.13600,0.13600,0.13600,0.13600,0.12364,0.12364,0.12364,0.12364,0.12364,0.12364,0.12364,0.12364,0.12364,0.12364,0.12364,0.12364,0.12364,0.06182,0.06182,0.06800,0.06182,0.12364,0.00000,0.00000,0.12364,0.12364,0.20400,0.20400,0.20400,0.05667,0.05667,0.05667,0.05667,1.00000,0.13600,1.00000,0.13600,1.00000,1.00000,1.00000,0.30222,0.30222,0.30222,0.30222,0.30222,0.30222,0.30222,0.30222,0.30222,0.20400
kotlin.fir_semantic_resolution,0.07556,0.00000,0.15111,0.00000,0.15111,0.00000,0.00000,0.15111,0.15111,0.07556,0.29143,0.15111,0.00000,0.15111,0.00000,0.00000,0.15111,0.29143,0.29143,0.15111,0.00000,0.07556,0.07556,0.00000,0.00000,0.07556,0.07556,0.00000,0.07556,0.07556,0.00000,0.00000,0.07556,0.00000,0.00000,0.00000,0.07556,0.15111,0.07556,0.00000,0.15111,0.00000,0.00000,0.29143,0.07556,0.00000,0.15111,0.15111,0.15111,0.15111,0.00000,0.29143,0.07556,0.15111,0.00000,0.15111,0.00000,0.00000,0.00000,0.00000,0.00000,0.29143,0.00000,0.00000,0.07556,0.00000,0.15111,0.00000,0.00000,0.00000,0.00000,0.00000,0.00000,0.00000,0.00000,0.07556,0.00000,0.15111,0.00000,0.15111,0.00000,0.00000,0.07556,0.00000,0.00000,0.00000,0.07556,0.00000,0.15111,0.00000,0.00000,0.15111,0.00000,0.07556,0.00000,0.00000,0.07556,0.15111,0.18545,0.18545,0.18545,0.18545,0.18545,0.18545,0.18545,0.18545,0.05667,0.05667,0.05667,0.05667,0.05667,0.05667,0.05667,0.05667,0.05667,0.05667,0.05667,0.05667,0.05667,0.05667,0.05667,0.05667,0.05667,0.05667,0.05667,0.05667,0.05667,0.05667,0.05667,0.05667,0.05667,0.05667,0.05667,0.05667,0.11333,0.11333,0.11333,0.11333,0.11333,0.11333,0.11333,0.11333,0.11333,0.11333,0.11333,0.11333,0.11333,0.12364,0.12364,0.22667,0.12364,0.11333,0.06182,0.06182,0.11333,0.11333,0.18545,0.18545,0.18545,0.18545,0.18545,0.18545,0.18545,0.30222,0.05667,0.30222,0.05667,0.30222,0.30222,0.30222,1.00000,1.00000,1.00000,1.00000,1.00000,1.00000,1.00000,1.00000,1.00000,0.18545
kotlin.fir_data_flow,0.07556,0.00000,0.15111,0.00000,0.15111,0.00000,0.00000,0.15111,0.15111,0.07556,0.29143,0.15111,0.00000,0.15111,0.00000,0.00000,0.15111,0.29143,0.29143,0.15111,0.00000,0.07556,0.07556,0.00000,0.00000,0.07556,0.07556,0.00000,0.07556,0.07556,0.00000,0.00000,0.07556,0.00000,0.00000,0.00000,0.07556,0.15111,0.07556,0.00000,0.15111,0.00000,0.00000,0.29143,0.07556,0.00000,0.15111,0.15111,0.15111,0.15111,0.00000,0.29143,0.07556,0.15111,0.00000,0.15111,0.00000,0.00000,0.00000,0.00000,0.00000,0.29143,0.00000,0.00000,0.07556,0.00000,0.15111,0.00000,0.00000,0.00000,0.00000,0.00000,0.00000,0.00000,0.00000,0.07556,0.00000,0.15111,0.00000,0.15111,0.00000,0.00000,0.07556,0.00000,0.00000,0.00000,0.07556,0.00000,0.15111,0.00000,0.00000,0.15111,0.00000,0.07556,0.00000,0.00000,0.07556,0.15111,0.18545,0.18545,0.18545,0.18545,0.18545,0.18545,0.18545,0.18545,0.05667,0.05667,0.05667,0.05667,0.05667,0.05667,0.05667,0.05667,0.05667,0.05667,0.05667,0.05667,0.05667,0.05667,0.05667,0.05667,0.05667,0.05667,0.05667,0.05667,0.05667,0.05667,0.05667,0.05667,0.05667,0.05667,0.05667,0.05667,0.11333,0.11333,0.11333,0.11333,0.11333,0.11333,0.11333,0.11333,0.11333,0.11333,0.11333,0.11333,0.11333,0.12364,0.12364,0.22667,0.12364,0.11333,0.06182,0.06182,0.11333,0.11333,0.18545,0.18545,0.18545,0.18545,0.18545,0.18545,0.18545,0.30222,0.05667,0.30222,0.05667,0.30222,0.30222,0.30222,1.00000,1.00000,1.00000,1.00000,1.00000,1.00000,1.00000,1.00000,1.00000,0.18545
kotlin.fir_to_ir,0.07556,0.00000,0.15111,0.00000,0.15111,0.00000,0.00000,0.15111,0.15111,0.07556,0.29143,0.15111,0.00000,0.15111,0.00000,0.00000,0.15111,0.29143,0.29143,0.15111,0.00000,0.07556,0.07556,0.00000,0.00000,0.07556,0.07556,0.00000,0.07556,0.07556,0.00000,0.00000,0.07556,0.00000,0.00000,0.00000,0.07556,0.15111,0.07556,0.00000,0.15111,0.00000,0.00000,0.29143,0.07556,0.00000,0.15111,0.15111,0.15111,0.15111,0.00000,0.29143,0.07556,0.15111,0.00000,0.15111,0.00000,0.00000,0.00000,0.00000,0.00000,0.29143,0.00000,0.00000,0.07556,0.00000,0.15111,0.00000,0.00000,0.00000,0.00000,0.00000,0.00000,0.00000,0.00000,0.07556,0.00000,0.15111,0.00000,0.15111,0.00000,0.00000,0.07556,0.00000,0.00000,0.00000,0.07556,0.00000,0.15111,0.00000,0.00000,0.15111,0.00000,0.07556,0.00000,0.00000,0.07556,0.15111,0.18545,0.18545,0.18545,0.18545,0.18545,0.18545,0.18545,0.18545,0.05667,0.05667,0.05667,0.05667,0.05667,0.05667,0.05667,0.05667,0.05667,0.05667,0.05667,0.05667,0.05667,0.05667,0.05667,0.05667,0.05667,0.05667,0.05667,0.05667,0.05667,0.05667,0.05667,0.05667,0.05667,0.05667,0.05667,0.05667,0.11333,0.11333,0.11333,0.11333,0.11333,0.11333,0.11333,0.11333,0.11333,0.11333,0.11333,0.11333,0.11333,0.12364,0.12364,0.22667,0.12364,0.11333,0.06182,0.06182,0.11333,0.11333,0.18545,0.18545,0.18545,0.18545,0.18545,0.18545,0.18545,0.30222,0.05667,0.30222,0.05667,0.30222,0.30222,0.30222,1.00000,1.00000,1.00000,1.00000,1.00000,1.00000,1.00000,1.00000,1.00000,0.18545
kotlin.ir_semantics,0.07556,0.00000,0.15111,0.00000,0.15111,0.00000,0.00000,0.15111,0.15111,0.07556,0.29143,0.15111,0.00000,0.15111,0.00000,0.00000,0.15111,0.29143,0.29143,0.15111,0.00000,0.07556,0.07556,0.00000,0.00000,0.07556,0.07556,0.00000,0.07556,0.07556,0.00000,0.00000,0.07556,0.00000,0.00000,0.00000,0.07556,0.15111,0.07556,0.00000,0.15111,0.00000,0.00000,0.29143,0.07556,0.00000,0.15111,0.15111,0.15111,0.15111,0.00000,0.29143,0.07556,0.15111,0.00000,0.15111,0.00000,0.00000,0.00000,0.00000,0.00000,0.29143,0.00000,0.00000,0.07556,0.00000,0.15111,0.00000,0.00000,0.00000,0.00000,0.00000,0.00000,0.00000,0.00000,0.07556,0.00000,0.15111,0.00000,0.15111,0.00000,0.00000,0.07556,0.00000,0.00000,0.00000,0.07556,0.00000,0.15111,0.00000,0.00000,0.15111,0.00000,0.07556,0.00000,0.00000,0.07556,0.15111,0.18545,0.18545,0.18545,0.18545,0.18545,0.18545,0.18545,0.18545,0.05667,0.05667,0.05667,0.05667,0.05667,0.05667,0.05667,0.05667,0.05667,0.05667,0.05667,0.05667,0.05667,0.05667,0.05667,0.05667,0.05667,0.05667,0.05667,0.05667,0.05667,0.05667,0.05667,0.05667,0.05667,0.05667,0.05667,0.05667,0.11333,0.11333,0.11333,0.11333,0.11333,0.11333,0.11333,0.11333,0.11333,0.11333,0.11333,0.11333,0.11333,0.12364,0.12364,0.22667,0.12364,0.11333,0.06182,0.06182,0.11333,0.11333,0.18545,0.18545,0.18545,0.18545,0.18545,0.18545,0.18545,0.30222,0.05667,0.30222,0.05667,0.30222,0.30222,0.30222,1.00000,1.00000,1.00000,1.00000,1.00000,1.00000,1.00000,1.00000,1.00000,0.18545
kotlin.jvm_backend_lowering,0.07556,0.00000,0.15111,0.00000,0.15111,0.00000,0.00000,0.15111,0.15111,0.07556,0.29143,0.15111,0.00000,0.15111,0.00000,0.00000,0.15111,0.29143,0.29143,0.15111,0.00000,0.07556,0.07556,0.00000,0.00000,0.07556,0.07556,0.00000,0.07556,0.07556,0.00000,0.00000,0.07556,0.00000,0.00000,0.00000,0.07556,0.15111,0.07556,0.00000,0.15111,0.00000,0.00000,0.29143,0.07556,0.00000,0.15111,0.15111,0.15111,0.15111,0.00000,0.29143,0.07556,0.15111,0.00000,0.15111,0.00000,0.00000,0.00000,0.00000,0.00000,0.29143,0.00000,0.00000,0.07556,0.00000,0.15111,0.00000,0.00000,0.00000,0.00000,0.00000,0.00000,0.00000,0.00000,0.07556,0.00000,0.15111,0.00000,0.15111,0.00000,0.00000,0.07556,0.00000,0.00000,0.00000,0.07556,0.00000,0.15111,0.00000,0.00000,0.15111,0.00000,0.07556,0.00000,0.00000,0.07556,0.15111,0.18545,0.18545,0.18545,0.18545,0.18545,0.18545,0.18545,0.18545,0.05667,0.05667,0.05667,0.05667,0.05667,0.05667,0.05667,0.05667,0.05667,0.05667,0.05667,0.05667,0.05667,0.05667,0.05667,0.05667,0.05667,0.05667,0.05667,0.05667,0.05667,0.05667,0.05667,0.05667,0.05667,0.05667,0.05667,0.05667,0.11333,0.11333,0.11333,0.11333,0.11333,0.11333,0.11333,0.11333,0.11333,0.11333,0.11333,0.11333,0.11333,0.12364,0.12364,0.22667,0.12364,0.11333,0.06182,0.06182,0.11333,0.11333,0.18545,0.18545,0.18545,0.18545,0.18545,0.18545,0.18545,0.30222,0.05667,0.30222,0.05667,0.30222,0.30222,0.30222,1.00000,1.00000,1.00000,1.00000,1.00000,1.00000,1.00000,1.00000,1.00000,0.18545
kotlin.js_backend_lowering,0.07556,0.00000,0.15111,0.00000,0.15111,0.00000,0.00000,0.15111,0.15111,0.07556,0.29143,0.15111,0.00000,0.15111,0.00000,0.00000,0.15111,0.29143,0.29143,0.15111,0.00000,0.07556,0.07556,0.00000,0.00000,0.07556,0.07556,0.00000,0.07556,0.07556,0.00000,0.00000,0.07556,0.00000,0.00000,0.00000,0.07556,0.15111,0.07556,0.00000,0.15111,0.00000,0.00000,0.29143,0.07556,0.00000,0.15111,0.15111,0.15111,0.15111,0.00000,0.29143,0.07556,0.15111,0.00000,0.15111,0.00000,0.00000,0.00000,0.00000,0.00000,0.29143,0.00000,0.00000,0.07556,0.00000,0.15111,0.00000,0.00000,0.00000,0.00000,0.00000,0.00000,0.00000,0.00000,0.07556,0.00000,0.15111,0.00000,0.15111,0.00000,0.00000,0.07556,0.00000,0.00000,0.00000,0.07556,0.00000,0.15111,0.00000,0.00000,0.15111,0.00000,0.07556,0.00000,0.00000,0.07556,0.15111,0.18545,0.18545,0.18545,0.18545,0.18545,0.18545,0.18545,0.18545,0.05667,0.05667,0.05667,0.05667,0.05667,0.05667,0.05667,0.05667,0.05667,0.05667,0.05667,0.05667,0.05667,0.05667,0.05667,0.05667,0.05667,0.05667,0.05667,0.05667,0.05667,0.05667,0.05667,0.05667,0.05667,0.05667,0.05667,0.05667,0.11333,0.11333,0.11333,0.11333,0.11333,0.11333,0.11333,0.11333,0.11333,0.11333,0.11333,0.11333,0.11333,0.12364,0.12364,0.22667,0.12364,0.11333,0.06182,0.06182,0.11333,0.11333,0.18545,0.18545,0.18545,0.18545,0.18545,0.18545,0.18545,0.30222,0.05667,0.30222,0.05667,0.30222,0.30222,0.30222,1.00000,1.00000,1.00000,1.00000,1.00000,1.00000,1.00000,1.00000,1.00000,0.18545
kotlin.native_backend_lowering,0.07556,0.00000,0.15111,0.00000,0.15111,0.00000,0.00000,0.15111,0.15111,0.07556,0.29143,0.15111,0.00000,0.15111,0.00000,0.00000,0.15111,0.29143,0.29143,0.15111,0.00000,0.07556,0.07556,0.00000,0.00000,0.07556,0.07556,0.00000,0.07556,0.07556,0.00000,0.00000,0.07556,0.00000,0.00000,0.00000,0.07556,0.15111,0.07556,0.00000,0.15111,0.00000,0.00000,0.29143,0.07556,0.00000,0.15111,0.15111,0.15111,0.15111,0.00000,0.29143,0.07556,0.15111,0.00000,0.15111,0.00000,0.00000,0.00000,0.00000,0.00000,0.29143,0.00000,0.00000,0.07556,0.00000,0.15111,0.00000,0.00000,0.00000,0.00000,0.00000,0.00000,0.00000,0.00000,0.07556,0.00000,0.15111,0.00000,0.15111,0.00000,0.00000,0.07556,0.00000,0.00000,0.00000,0.07556,0.00000,0.15111,0.00000,0.00000,0.15111,0.00000,0.07556,0.00000,0.00000,0.07556,0.15111,0.18545,0.18545,0.18545,0.18545,0.18545,0.18545,0.18545,0.18545,0.05667,0.05667,0.05667,0.05667,0.05667,0.05667,0.05667,0.05667,0.05667,0.05667,0.05667,0.05667,0.05667,0.05667,0.05667,0.05667,0.05667,0.05667,0.05667,0.05667,0.05667,0.05667,0.05667,0.05667,0.05667,0.05667,0.05667,0.05667,0.11333,0.11333,0.11333,0.11333,0.11333,0.11333,0.11333,0.11333,0.11333,0.11333,0.11333,0.11333,0.11333,0.12364,0.12364,0.22667,0.12364,0.11333,0.06182,0.06182,0.11333,0.11333,0.18545,0.18545,0.18545,0.18545,0.18545,0.18545,0.18545,0.30222,0.05667,0.30222,0.05667,0.30222,0.30222,0.30222,1.00000,1.00000,1.00000,1.00000,1.00000,1.00000,1.00000,1.00000,1.00000,0.18545
kotlin.wasm_backend_lowering,0.07556,0.00000,0.15111,0.00000,0.15111,0.00000,0.00000,0.15111,0.15111,0.07556,0.29143,0.15111,0.00000,0.15111,0.00000,0.00000,0.15111,0.29143,0.29143,0.15111,0.00000,0.07556,0.07556,0.00000,0.00000,0.07556,0.07556,0.00000,0.07556,0.07556,0.00000,0.00000,0.07556,0.00000,0.00000,0.00000,0.07556,0.15111,0.07556,0.00000,0.15111,0.00000,0.00000,0.29143,0.07556,0.00000,0.15111,0.15111,0.15111,0.15111,0.00000,0.29143,0.07556,0.15111,0.00000,0.15111,0.00000,0.00000,0.00000,0.00000,0.00000,0.29143,0.00000,0.00000,0.07556,0.00000,0.15111,0.00000,0.00000,0.00000,0.00000,0.00000,0.00000,0.00000,0.00000,0.07556,0.00000,0.15111,0.00000,0.15111,0.00000,0.00000,0.07556,0.00000,0.00000,0.00000,0.07556,0.00000,0.15111,0.00000,0.00000,0.15111,0.00000,0.07556,0.00000,0.00000,0.07556,0.15111,0.18545,0.18545,0.18545,0.18545,0.18545,0.18545,0.18545,0.18545,0.05667,0.05667,0.05667,0.05667,0.05667,0.05667,0.05667,0.05667,0.05667,0.05667,0.05667,0.05667,0.05667,0.05667,0.05667,0.05667,0.05667,0.05667,0.05667,0.05667,0.05667,0.05667,0.05667,0.05667,0.05667,0.05667,0.05667,0.05667,0.11333,0.11333,0.11333,0.11333,0.11333,0.11333,0.11333,0.11333,0.11333,0.11333,0.11333,0.11333,0.11333,0.12364,0.12364,0.22667,0.12364,0.11333,0.06182,0.06182,0.11333,0.11333,0.18545,0.18545,0.18545,0.18545,0.18545,0.18545,0.18545,0.30222,0.05667,0.30222,0.05667,0.30222,0.30222,0.30222,1.00000,1.00000,1.00000,1.00000,1.00000,1.00000,1.00000,1.00000,1.00000,0.18545
kotlin.compiler_plugin_extension_points,0.07556,0.00000,0.15111,0.00000,0.15111,0.00000,0.00000,0.15111,0.15111,0.07556,0.29143,0.15111,0.00000,0.15111,0.00000,0.00000,0.15111,0.29143,0.29143,0.15111,0.00000,0.07556,0.07556,0.00000,0.00000,0.07556,0.07556,0.00000,0.07556,0.07556,0.00000,0.00000,0.07556,0.00000,0.00000,0.00000,0.07556,0.15111,0.07556,0.00000,0.15111,0.00000,0.00000,0.29143,0.07556,0.00000,0.15111,0.15111,0.15111,0.15111,0.00000,0.29143,0.07556,0.15111,0.00000,0.15111,0.00000,0.00000,0.00000,0.00000,0.00000,0.29143,0.00000,0.00000,0.07556,0.00000,0.15111,0.00000,0.00000,0.00000,0.00000,0.00000,0.00000,0.00000,0.00000,0.07556,0.00000,0.15111,0.00000,0.15111,0.00000,0.00000,0.07556,0.00000,0.00000,0.00000,0.07556,0.00000,0.15111,0.00000,0.00000,0.15111,0.00000,0.07556,0.00000,0.00000,0.07556,0.15111,0.18545,0.18545,0.18545,0.18545,0.18545,0.18545,0.18545,0.18545,0.05667,0.05667,0.05667,0.05667,0.05667,0.05667,0.05667,0.05667,0.05667,0.05667,0.05667,0.05667,0.05667,0.05667,0.05667,0.05667,0.05667,0.05667,0.05667,0.05667,0.05667,0.05667,0.05667,0.05667,0.05667,0.05667,0.05667,0.05667,0.11333,0.11333,0.11333,0.11333,0.11333,0.11333,0.11333,0.11333,0.11333,0.11333,0.11333,0.11333,0.11333,0.12364,0.12364,0.22667,0.12364,0.11333,0.06182,0.06182,0.11333,0.11333,0.18545,0.18545,0.18545,0.18545,0.18545,0.18545,0.18545,0.30222,0.05667,0.30222,0.05667,0.30222,0.30222,0.30222,1.00000,1.00000,1.00000,1.00000,1.00000,1.00000,1.00000,1.00000,1.00000,0.18545
kotlin.const_evaluation,0.00000,0.17000,0.06800,0.07556,0.06800,0.00000,0.17000,0.06800,0.06800,0.07556,0.39556,0.06800,0.07556,0.06800,0.00000,0.17000,0.06800,0.39556,0.39556,0.06800,0.17000,0.07556,0.07556,0.17000,0.17000,0.07556,0.00000,0.17000,0.07556,0.07556,0.17000,0.07556,0.00000,0.17000,0.07556,0.17000,0.07556,0.06800,0.07556,0.17000,0.06800,0.17000,0.17000,0.39556,0.00000,0.07556,0.06800,0.06800,0.06800,0.06800,0.00000,0.39556,0.00000,0.06800,0.07556,0.06800,0.00000,0.17000,0.17000,0.07556,0.17000,0.39556,0.07556,0.07556,0.00000,0.17000,0.06800,0.07556,0.07556,0.07556,0.07556,0.07556,0.17000,0.07556,0.17000,0.07556,0.07556,0.06800,0.07556,0.06800,0.17000,0.07556,0.07556,0.07556,0.00000,0.00000,0.07556,0.17000,0.06800,0.07556,0.07556,0.06800,0.07556,0.00000,0.17000,0.17000,0.07556,0.06800,0.18545,0.18545,0.18545,0.18545,0.18545,0.18545,0.18545,0.18545,0.20400,0.20400,0.20400,0.20400,0.20400,0.20400,0.20400,0.20400,0.20400,0.20400,0.20400,0.20400,0.20400,0.20400,0.20400,0.12364,0.12364,0.12364,0.12364,0.12364,0.12364,0.12364,0.12364,0.12364,0.12364,0.12364,0.12364,0.12364,0.18545,0.18545,0.18545,0.18545,0.18545,0.18545,0.18545,0.18545,0.18545,0.18545,0.18545,0.18545,0.18545,0.20400,0.20400,0.22667,0.20400,0.18545,0.13600,0.13600,0.18545,0.18545,1.00000,1.00000,1.00000,0.11333,0.11333,0.11333,0.11333,0.20400,0.05667,0.20400,0.05667,0.20400,0.20400,0.20400,0.18545,0.18545,0.18545,0.18545,0.18545,0.18545,0.18545,0.18545,0.18545,1.00000
