source_feature_id,language_id,evidence_channel,canonical_semantic_id,feature_signature_hash,uasf_signature_hash,basis_ones,exact,proof_state
GEN::abi_calling_convention,generic_archetype,BASE_553_MATRIX,UASF_0023,7869233b772c876fd7fde9ca,7869233b772c876fd7fde9ca,5,1,EXACT_SIGNATURE_EQUIVALENCE
GEN::allocation,generic_archetype,BASE_553_MATRIX,UASF_0258,1b0f56480b3de4a3192b813f,1b0f56480b3de4a3192b813f,5,1,EXACT_SIGNATURE_EQUIVALENCE
GEN::array_list,generic_archetype,BASE_553_MATRIX,UASF_0224,8049537a16da09c6e3ec9a29,8049537a16da09c6e3ec9a29,5,1,EXACT_SIGNATURE_EQUIVALENCE
GEN::array_type,generic_archetype,BASE_553_MATRIX,UASF_0208,2580720804b128a9e11ffeb7,2580720804b128a9e11ffeb7,4,1,EXACT_SIGNATURE_EQUIVALENCE
GEN::assignment,generic_archetype,BASE_553_MATRIX,UASF_0220,4de20464805e6b7f70894e82,4de20464805e6b7f70894e82,7,1,EXACT_SIGNATURE_EQUIVALENCE
GEN::atomic,generic_archetype,BASE_553_MATRIX,UASF_0154,81640d07a7c61ef02d24263e,81640d07a7c61ef02d24263e,6,1,EXACT_SIGNATURE_EQUIVALENCE
GEN::attribute_annotation,generic_archetype,BASE_553_MATRIX,UASF_0301,82e7910fa81e651a2695debc,82e7910fa81e651a2695debc,4,1,EXACT_SIGNATURE_EQUIVALENCE
GEN::await,generic_archetype,BASE_553_MATRIX,UASF_0222,ffe41cb5eab0c65ce0839ed6,ffe41cb5eab0c65ce0839ed6,7,1,EXACT_SIGNATURE_EQUIVALENCE
GEN::binary_op,generic_archetype,BASE_553_MATRIX,UASF_0225,d736949578be84548ee2b56a,d736949578be84548ee2b56a,6,1,EXACT_SIGNATURE_EQUIVALENCE
GEN::break,generic_archetype,BASE_553_MATRIX,UASF_0180,9a20140a5d94d0d8f5e12865,9a20140a5d94d0d8f5e12865,4,1,EXACT_SIGNATURE_EQUIVALENCE
GEN::bytecode_vm,generic_archetype,BASE_553_MATRIX,UASF_0121,fc78a920d8f6e30964869cc3,fc78a920d8f6e30964869cc3,5,1,EXACT_SIGNATURE_EQUIVALENCE
GEN::call,generic_archetype,BASE_553_MATRIX,UASF_0221,8b7cc9d0c0d87763f92177c9,8b7cc9d0c0d87763f92177c9,7,1,EXACT_SIGNATURE_EQUIVALENCE
GEN::capture,generic_archetype,BASE_553_MATRIX,UASF_0048,cb2e21577620799363aba340,cb2e21577620799363aba340,5,1,EXACT_SIGNATURE_EQUIVALENCE
GEN::cast_conversion,generic_archetype,BASE_553_MATRIX,UASF_0226,868ba177ecb7297d5aab900a,868ba177ecb7297d5aab900a,6,1,EXACT_SIGNATURE_EQUIVALENCE
GEN::channel,generic_archetype,BASE_553_MATRIX,UASF_0152,4895473432b7e27bd5e8c4d7,4895473432b7e27bd5e8c4d7,6,1,EXACT_SIGNATURE_EQUIVALENCE
GEN::class,generic_archetype,BASE_553_MATRIX,UASF_0311,8b498714898ea2624a922fb3,8b498714898ea2624a922fb3,5,1,EXACT_SIGNATURE_EQUIVALENCE
GEN::closure_lambda,generic_archetype,BASE_553_MATRIX,UASF_0217,92112e64c21130b03eb0167c,92112e64c21130b03eb0167c,7,1,EXACT_SIGNATURE_EQUIVALENCE
GEN::code_generation,generic_archetype,BASE_553_MATRIX,UASF_0122,8b6704b210b3d423c65d72fb,8b6704b210b3d423c65d72fb,4,1,EXACT_SIGNATURE_EQUIVALENCE
GEN::compile_time_eval,generic_archetype,BASE_553_MATRIX,UASF_0118,c18792ac0b5b0f110ad9c1a3,c18792ac0b5b0f110ad9c1a3,5,1,EXACT_SIGNATURE_EQUIVALENCE
GEN::comprehension,generic_archetype,BASE_553_MATRIX,UASF_0218,42d7b662747ea4e9d18e7024,42d7b662747ea4e9d18e7024,7,1,EXACT_SIGNATURE_EQUIVALENCE
GEN::constant,generic_archetype,BASE_553_MATRIX,UASF_0302,3c216bc2d8184459732be828,3c216bc2d8184459732be828,5,1,EXACT_SIGNATURE_EQUIVALENCE
GEN::continue,generic_archetype,BASE_553_MATRIX,UASF_0180,9a20140a5d94d0d8f5e12865,9a20140a5d94d0d8f5e12865,4,1,EXACT_SIGNATURE_EQUIVALENCE
GEN::defer_cleanup,generic_archetype,BASE_553_MATRIX,UASF_0183,8c4c024aa055000ef0cf02eb,8c4c024aa055000ef0cf02eb,5,1,EXACT_SIGNATURE_EQUIVALENCE
GEN::dynamic_dispatch,generic_archetype,BASE_553_MATRIX,UASF_0256,45a779475a97244d9155d885,45a779475a97244d9155d885,5,1,EXACT_SIGNATURE_EQUIVALENCE
GEN::enum,generic_archetype,BASE_553_MATRIX,UASF_0309,85cfece0effb726f9ce05033,85cfece0effb726f9ce05033,5,1,EXACT_SIGNATURE_EQUIVALENCE
GEN::exception_try,generic_archetype,BASE_553_MATRIX,UASF_0183,8c4c024aa055000ef0cf02eb,8c4c024aa055000ef0cf02eb,5,1,EXACT_SIGNATURE_EQUIVALENCE
GEN::ffi,generic_archetype,BASE_553_MATRIX,UASF_0022,3e793cf0efbeea49bf91d143,3e793cf0efbeea49bf91d143,5,1,EXACT_SIGNATURE_EQUIVALENCE
GEN::filesystem,generic_archetype,BASE_553_MATRIX,UASF_0257,fd5014865f92d9be3cefe5d5,fd5014865f92d9be3cefe5d5,4,1,EXACT_SIGNATURE_EQUIVALENCE
GEN::for,generic_archetype,BASE_553_MATRIX,UASF_0182,fcac79eee22c686af6710555,fcac79eee22c686af6710555,6,1,EXACT_SIGNATURE_EQUIVALENCE
GEN::foreach_iteration,generic_archetype,BASE_553_MATRIX,UASF_0179,06ae2752ed8fd3562903adfe,06ae2752ed8fd3562903adfe,7,1,EXACT_SIGNATURE_EQUIVALENCE
GEN::function,generic_archetype,BASE_553_MATRIX,UASF_0306,0f91236fdd0ed345b0a276af,0f91236fdd0ed345b0a276af,7,1,EXACT_SIGNATURE_EQUIVALENCE
GEN::function_type,generic_archetype,BASE_553_MATRIX,UASF_0205,426d68a8056035791f029f38,426d68a8056035791f029f38,5,1,EXACT_SIGNATURE_EQUIVALENCE
GEN::gc,generic_archetype,BASE_553_MATRIX,UASF_0024,acf430bac7f64c0e0806da12,acf430bac7f64c0e0806da12,5,1,EXACT_SIGNATURE_EQUIVALENCE
GEN::generic,generic_archetype,BASE_553_MATRIX,UASF_0305,e8ffd62e377d38921949adb5,e8ffd62e377d38921949adb5,5,1,EXACT_SIGNATURE_EQUIVALENCE
GEN::generic_constraint,generic_archetype,BASE_553_MATRIX,UASF_0203,3f4e01c3d746ace77d81b354,3f4e01c3d746ace77d81b354,5,1,EXACT_SIGNATURE_EQUIVALENCE
GEN::global_state,generic_archetype,BASE_553_MATRIX,UASF_0254,3cbc85a3e79c78cfba7fedc0,3cbc85a3e79c78cfba7fedc0,5,1,EXACT_SIGNATURE_EQUIVALENCE
GEN::goto_label,generic_archetype,BASE_553_MATRIX,UASF_0180,9a20140a5d94d0d8f5e12865,9a20140a5d94d0d8f5e12865,4,1,EXACT_SIGNATURE_EQUIVALENCE
GEN::identifier,generic_archetype,BASE_553_MATRIX,UASF_0219,c48411c54f834b0de90fa36d,c48411c54f834b0de90fa36d,6,1,EXACT_SIGNATURE_EQUIVALENCE
GEN::if,generic_archetype,BASE_553_MATRIX,UASF_0182,fcac79eee22c686af6710555,fcac79eee22c686af6710555,6,1,EXACT_SIGNATURE_EQUIVALENCE
GEN::import,generic_archetype,BASE_553_MATRIX,UASF_0304,c72d002443e4ccfddcb1b062,c72d002443e4ccfddcb1b062,5,1,EXACT_SIGNATURE_EQUIVALENCE
GEN::index,generic_archetype,BASE_553_MATRIX,UASF_0225,d736949578be84548ee2b56a,d736949578be84548ee2b56a,6,1,EXACT_SIGNATURE_EQUIVALENCE
GEN::interface_trait,generic_archetype,BASE_553_MATRIX,UASF_0307,d55748e5eb21569dcfc8bb78,d55748e5eb21569dcfc8bb78,6,1,EXACT_SIGNATURE_EQUIVALENCE
GEN::io,generic_archetype,BASE_553_MATRIX,UASF_0257,fd5014865f92d9be3cefe5d5,fd5014865f92d9be3cefe5d5,4,1,EXACT_SIGNATURE_EQUIVALENCE
GEN::ir,generic_archetype,BASE_553_MATRIX,UASF_0122,8b6704b210b3d423c65d72fb,8b6704b210b3d423c65d72fb,4,1,EXACT_SIGNATURE_EQUIVALENCE
GEN::layout_alignment,generic_archetype,BASE_553_MATRIX,UASF_0025,18db470974c3f098e84e247a,18db470974c3f098e84e247a,5,1,EXACT_SIGNATURE_EQUIVALENCE
GEN::lifetime,generic_archetype,BASE_553_MATRIX,UASF_0050,8086172bbdcd700a3963cfd3,8086172bbdcd700a3963cfd3,5,1,EXACT_SIGNATURE_EQUIVALENCE
GEN::literal_boolean,generic_archetype,BASE_553_MATRIX,UASF_0224,8049537a16da09c6e3ec9a29,8049537a16da09c6e3ec9a29,5,1,EXACT_SIGNATURE_EQUIVALENCE
GEN::literal_null,generic_archetype,BASE_553_MATRIX,UASF_0224,8049537a16da09c6e3ec9a29,8049537a16da09c6e3ec9a29,5,1,EXACT_SIGNATURE_EQUIVALENCE
GEN::literal_numeric,generic_archetype,BASE_553_MATRIX,UASF_0224,8049537a16da09c6e3ec9a29,8049537a16da09c6e3ec9a29,5,1,EXACT_SIGNATURE_EQUIVALENCE
GEN::literal_string,generic_archetype,BASE_553_MATRIX,UASF_0224,8049537a16da09c6e3ec9a29,8049537a16da09c6e3ec9a29,5,1,EXACT_SIGNATURE_EQUIVALENCE
GEN::lock_mutex,generic_archetype,BASE_553_MATRIX,UASF_0153,4168ca234d1b70a835e93a30,4168ca234d1b70a835e93a30,5,1,EXACT_SIGNATURE_EQUIVALENCE
GEN::macro,generic_archetype,BASE_553_MATRIX,UASF_0119,d134de24dda5d14244339054,d134de24dda5d14244339054,5,1,EXACT_SIGNATURE_EQUIVALENCE
GEN::manual_memory,generic_archetype,BASE_553_MATRIX,UASF_0024,acf430bac7f64c0e0806da12,acf430bac7f64c0e0806da12,5,1,EXACT_SIGNATURE_EQUIVALENCE
GEN::map_dict,generic_archetype,BASE_553_MATRIX,UASF_0225,d736949578be84548ee2b56a,d736949578be84548ee2b56a,6,1,EXACT_SIGNATURE_EQUIVALENCE
GEN::map_type,generic_archetype,BASE_553_MATRIX,UASF_0205,426d68a8056035791f029f38,426d68a8056035791f029f38,5,1,EXACT_SIGNATURE_EQUIVALENCE
GEN::member_access,generic_archetype,BASE_553_MATRIX,UASF_0219,c48411c54f834b0de90fa36d,c48411c54f834b0de90fa36d,6,1,EXACT_SIGNATURE_EQUIVALENCE
GEN::memory_model,generic_archetype,BASE_553_MATRIX,UASF_0155,d2c0ebab0136120caa0f9664,d2c0ebab0136120caa0f9664,5,1,EXACT_SIGNATURE_EQUIVALENCE
GEN::module,generic_archetype,BASE_553_MATRIX,UASF_0304,c72d002443e4ccfddcb1b062,c72d002443e4ccfddcb1b062,5,1,EXACT_SIGNATURE_EQUIVALENCE
GEN::mutation,generic_archetype,BASE_553_MATRIX,UASF_0255,ec5500f6d80ab96bd5964f69,ec5500f6d80ab96bd5964f69,5,1,EXACT_SIGNATURE_EQUIVALENCE
GEN::name_resolution,generic_archetype,BASE_553_MATRIX,UASF_0047,c48e1d875d0fb48a333ce5a9,c48e1d875d0fb48a333ce5a9,4,1,EXACT_SIGNATURE_EQUIVALENCE
GEN::network,generic_archetype,BASE_553_MATRIX,UASF_0257,fd5014865f92d9be3cefe5d5,fd5014865f92d9be3cefe5d5,4,1,EXACT_SIGNATURE_EQUIVALENCE
GEN::optimizer,generic_archetype,BASE_553_MATRIX,UASF_0120,bd2233433f8ede40b3a441a1,bd2233433f8ede40b3a441a1,5,1,EXACT_SIGNATURE_EQUIVALENCE
GEN::optional_nullable,generic_archetype,BASE_553_MATRIX,UASF_0208,2580720804b128a9e11ffeb7,2580720804b128a9e11ffeb7,4,1,EXACT_SIGNATURE_EQUIVALENCE
GEN::overload_resolution,generic_archetype,BASE_553_MATRIX,UASF_0204,65a2506bfab2de2100e15385,65a2506bfab2de2100e15385,5,1,EXACT_SIGNATURE_EQUIVALENCE
GEN::ownership,generic_archetype,BASE_553_MATRIX,UASF_0026,d44197ed802dae09fe6a3d6d,d44197ed802dae09fe6a3d6d,5,1,EXACT_SIGNATURE_EQUIVALENCE
GEN::parameter,generic_archetype,BASE_553_MATRIX,UASF_0304,c72d002443e4ccfddcb1b062,c72d002443e4ccfddcb1b062,5,1,EXACT_SIGNATURE_EQUIVALENCE
GEN::pattern,generic_archetype,BASE_553_MATRIX,UASF_0219,c48411c54f834b0de90fa36d,c48411c54f834b0de90fa36d,6,1,EXACT_SIGNATURE_EQUIVALENCE
GEN::pointer,generic_archetype,BASE_553_MATRIX,UASF_0207,46f352d872cf0bd64c8e241c,46f352d872cf0bd64c8e241c,5,1,EXACT_SIGNATURE_EQUIVALENCE
GEN::primitive_bool,generic_archetype,BASE_553_MATRIX,UASF_0208,2580720804b128a9e11ffeb7,2580720804b128a9e11ffeb7,4,1,EXACT_SIGNATURE_EQUIVALENCE
GEN::primitive_float,generic_archetype,BASE_553_MATRIX,UASF_0208,2580720804b128a9e11ffeb7,2580720804b128a9e11ffeb7,4,1,EXACT_SIGNATURE_EQUIVALENCE
GEN::primitive_integer,generic_archetype,BASE_553_MATRIX,UASF_0208,2580720804b128a9e11ffeb7,2580720804b128a9e11ffeb7,4,1,EXACT_SIGNATURE_EQUIVALENCE
GEN::primitive_string,generic_archetype,BASE_553_MATRIX,UASF_0208,2580720804b128a9e11ffeb7,2580720804b128a9e11ffeb7,4,1,EXACT_SIGNATURE_EQUIVALENCE
GEN::random,generic_archetype,BASE_553_MATRIX,UASF_0257,fd5014865f92d9be3cefe5d5,fd5014865f92d9be3cefe5d5,4,1,EXACT_SIGNATURE_EQUIVALENCE
GEN::reference,generic_archetype,BASE_553_MATRIX,UASF_0207,46f352d872cf0bd64c8e241c,46f352d872cf0bd64c8e241c,5,1,EXACT_SIGNATURE_EQUIVALENCE
GEN::reflection,generic_archetype,BASE_553_MATRIX,UASF_0259,b3efa007f0cdd1086e598b68,b3efa007f0cdd1086e598b68,5,1,EXACT_SIGNATURE_EQUIVALENCE
GEN::return,generic_archetype,BASE_553_MATRIX,UASF_0181,8e56798ef79f91e11db58694,8e56798ef79f91e11db58694,5,1,EXACT_SIGNATURE_EQUIVALENCE
GEN::scope,generic_archetype,BASE_553_MATRIX,UASF_0051,0bbb3f5899e065da053d98f4,0bbb3f5899e065da053d98f4,4,1,EXACT_SIGNATURE_EQUIVALENCE
GEN::set,generic_archetype,BASE_553_MATRIX,UASF_0224,8049537a16da09c6e3ec9a29,8049537a16da09c6e3ec9a29,5,1,EXACT_SIGNATURE_EQUIVALENCE
GEN::shadowing,generic_archetype,BASE_553_MATRIX,UASF_0049,9cf8b2f1787c2fcbddb3421d,9cf8b2f1787c2fcbddb3421d,5,1,EXACT_SIGNATURE_EQUIVALENCE
GEN::slice,generic_archetype,BASE_553_MATRIX,UASF_0225,d736949578be84548ee2b56a,d736949578be84548ee2b56a,6,1,EXACT_SIGNATURE_EQUIVALENCE
GEN::struct,generic_archetype,BASE_553_MATRIX,UASF_0308,dce263f569bf18cc23e5ba00,dce263f569bf18cc23e5ba00,6,1,EXACT_SIGNATURE_EQUIVALENCE
GEN::subtyping,generic_archetype,BASE_553_MATRIX,UASF_0208,2580720804b128a9e11ffeb7,2580720804b128a9e11ffeb7,4,1,EXACT_SIGNATURE_EQUIVALENCE
GEN::switch_match,generic_archetype,BASE_553_MATRIX,UASF_0178,f3c5b99ae15ccabce04a1c58,f3c5b99ae15ccabce04a1c58,6,1,EXACT_SIGNATURE_EQUIVALENCE
GEN::symbol_table,generic_archetype,BASE_553_MATRIX,UASF_0049,9cf8b2f1787c2fcbddb3421d,9cf8b2f1787c2fcbddb3421d,5,1,EXACT_SIGNATURE_EQUIVALENCE
GEN::task_async,generic_archetype,BASE_553_MATRIX,UASF_0151,fd98eb582c5c936ce6622807,fd98eb582c5c936ce6622807,5,1,EXACT_SIGNATURE_EQUIVALENCE
GEN::thread,generic_archetype,BASE_553_MATRIX,UASF_0153,4168ca234d1b70a835e93a30,4168ca234d1b70a835e93a30,5,1,EXACT_SIGNATURE_EQUIVALENCE
GEN::throw_raise,generic_archetype,BASE_553_MATRIX,UASF_0183,8c4c024aa055000ef0cf02eb,8c4c024aa055000ef0cf02eb,5,1,EXACT_SIGNATURE_EQUIVALENCE
GEN::time,generic_archetype,BASE_553_MATRIX,UASF_0257,fd5014865f92d9be3cefe5d5,fd5014865f92d9be3cefe5d5,4,1,EXACT_SIGNATURE_EQUIVALENCE
GEN::tuple,generic_archetype,BASE_553_MATRIX,UASF_0224,8049537a16da09c6e3ec9a29,8049537a16da09c6e3ec9a29,5,1,EXACT_SIGNATURE_EQUIVALENCE
GEN::tuple_type,generic_archetype,BASE_553_MATRIX,UASF_0208,2580720804b128a9e11ffeb7,2580720804b128a9e11ffeb7,4,1,EXACT_SIGNATURE_EQUIVALENCE
GEN::type_inference,generic_archetype,BASE_553_MATRIX,UASF_0203,3f4e01c3d746ace77d81b354,3f4e01c3d746ace77d81b354,5,1,EXACT_SIGNATURE_EQUIVALENCE
GEN::unary_op,generic_archetype,BASE_553_MATRIX,UASF_0225,d736949578be84548ee2b56a,d736949578be84548ee2b56a,6,1,EXACT_SIGNATURE_EQUIVALENCE
GEN::union_sum,generic_archetype,BASE_553_MATRIX,UASF_0206,0894de76dfd27d09e1fd74c8,0894de76dfd27d09e1fd74c8,5,1,EXACT_SIGNATURE_EQUIVALENCE
GEN::unsafe,generic_archetype,BASE_553_MATRIX,UASF_0024,acf430bac7f64c0e0806da12,acf430bac7f64c0e0806da12,5,1,EXACT_SIGNATURE_EQUIVALENCE
GEN::variable,generic_archetype,BASE_553_MATRIX,UASF_0303,9e640e05cdaef6a046ddd8ad,9e640e05cdaef6a046ddd8ad,6,1,EXACT_SIGNATURE_EQUIVALENCE
GEN::visibility,generic_archetype,BASE_553_MATRIX,UASF_0310,8e269d11885c3ca4e6043d66,8e269d11885c3ca4e6043d66,4,1,EXACT_SIGNATURE_EQUIVALENCE
GEN::while,generic_archetype,BASE_553_MATRIX,UASF_0182,fcac79eee22c686af6710555,fcac79eee22c686af6710555,6,1,EXACT_SIGNATURE_EQUIVALENCE
GEN::yield,generic_archetype,BASE_553_MATRIX,UASF_0223,b16b1365970e2f93bcff177c,b16b1365970e2f93bcff177c,6,1,EXACT_SIGNATURE_EQUIVALENCE
CPP::c_array_decay,c,BASE_553_MATRIX,UASF_0200,cd767798596f43952800b8af,cd767798596f43952800b8af,2,1,EXACT_SIGNATURE_EQUIVALENCE
CPP::c_atomic_memory_order,c,BASE_553_MATRIX,UASF_0150,c9d8e5f9596c6edad098bd37,c9d8e5f9596c6edad098bd37,3,1,EXACT_SIGNATURE_EQUIVALENCE
CPP::c_bitfields,c,BASE_553_MATRIX,UASF_0035,f2e4387cc8c4dbe674d41c57,f2e4387cc8c4dbe674d41c57,3,1,EXACT_SIGNATURE_EQUIVALENCE
CPP::c_char_signedness,c,BASE_553_MATRIX,UASF_0270,46f9ecce9dab87bad4567103,46f9ecce9dab87bad4567103,2,1,EXACT_SIGNATURE_EQUIVALENCE
CPP::c_compound_literals,c,BASE_553_MATRIX,UASF_0313,0505fb09d22ccf2201746bf3,0505fb09d22ccf2201746bf3,2,1,EXACT_SIGNATURE_EQUIVALENCE
CPP::c_designated_initializers,c,BASE_553_MATRIX,UASF_0266,abedaf44a726320d0852a6d2,abedaf44a726320d0852a6d2,2,1,EXACT_SIGNATURE_EQUIVALENCE
CPP::c_effective_type_aliasing,c,BASE_553_MATRIX,UASF_0271,acae8d43bd16f0e2e6a23fea,acae8d43bd16f0e2e6a23fea,3,1,EXACT_SIGNATURE_EQUIVALENCE
CPP::c_flexible_array_member,c,BASE_553_MATRIX,UASF_0040,029a3f16a50ad8d32bd3d7df,029a3f16a50ad8d32bd3d7df,2,1,EXACT_SIGNATURE_EQUIVALENCE
CPP::c_function_pointer,c,BASE_553_MATRIX,UASF_0031,0c0c063308a3e13c35227d9d,0c0c063308a3e13c35227d9d,3,1,EXACT_SIGNATURE_EQUIVALENCE
CPP::c_integer_promotions,c,BASE_553_MATRIX,UASF_0198,033995a4b4780a320ac6f0e6,033995a4b4780a320ac6f0e6,3,1,EXACT_SIGNATURE_EQUIVALENCE
CPP::c_linkage,c,BASE_553_MATRIX,UASF_0276,dd97b86f127445bee795bbac,dd97b86f127445bee795bbac,2,1,EXACT_SIGNATURE_EQUIVALENCE
CPP::c_pointer_arithmetic,c,BASE_553_MATRIX,UASF_0284,2ec04118791d41f5d5df6ca4,2ec04118791d41f5d5df6ca4,3,1,EXACT_SIGNATURE_EQUIVALENCE
CPP::c_pointer_provenance,c,BASE_553_MATRIX,UASF_0271,acae8d43bd16f0e2e6a23fea,acae8d43bd16f0e2e6a23fea,3,1,EXACT_SIGNATURE_EQUIVALENCE
CPP::c_qualifiers,c,BASE_553_MATRIX,UASF_0249,cb818fb5369c0c25ba1f04ca,cb818fb5369c0c25ba1f04ca,3,1,EXACT_SIGNATURE_EQUIVALENCE
CPP::c_signed_overflow_ub,c,BASE_553_MATRIX,UASF_0273,b09becc22cbf7215e33711d9,b09becc22cbf7215e33711d9,3,1,EXACT_SIGNATURE_EQUIVALENCE
CPP::c_storage_duration,c,BASE_553_MATRIX,UASF_0320,7e1575cb9e0da74cd9572980,7e1575cb9e0da74cd9572980,2,1,EXACT_SIGNATURE_EQUIVALENCE
CPP::c_thread_local,c,BASE_553_MATRIX,UASF_0156,ccd612fa664def7907056248,ccd612fa664def7907056248,2,1,EXACT_SIGNATURE_EQUIVALENCE
CPP::c_union_active_member,c,BASE_553_MATRIX,UASF_0272,4765dda3949f741e4e3bcdeb,4765dda3949f741e4e3bcdeb,3,1,EXACT_SIGNATURE_EQUIVALENCE
CPP::c_unsigned_wrap,c,BASE_553_MATRIX,UASF_0194,3245f3ffd8f8f19669a5c2c9,3245f3ffd8f8f19669a5c2c9,2,1,EXACT_SIGNATURE_EQUIVALENCE
CPP::c_unspecified_eval_order,c,BASE_553_MATRIX,UASF_0263,97f22b14ec7e55ea6bbe4037,97f22b14ec7e55ea6bbe4037,2,1,EXACT_SIGNATURE_EQUIVALENCE
CPP::c_variadic,c,BASE_553_MATRIX,UASF_0006,f15ca0e35918e691d151b0ca,f15ca0e35918e691d151b0ca,2,1,EXACT_SIGNATURE_EQUIVALENCE
CPP::c_vla,c,BASE_553_MATRIX,UASF_0264,9e9c06c5db9d7568a7d4bde7,9e9c06c5db9d7568a7d4bde7,3,1,EXACT_SIGNATURE_EQUIVALENCE
CPP::clang_ast_semantic_nodes,c;cpp,BASE_553_MATRIX,UASF_0296,17e601cb5f22a46d03558e47,17e601cb5f22a46d03558e47,3,1,EXACT_SIGNATURE_EQUIVALENCE
CPP::clang_cfg,c;cpp,BASE_553_MATRIX,UASF_0160,d82032d780408a5ad4bafc4b,d82032d780408a5ad4bafc4b,3,1,EXACT_SIGNATURE_EQUIVALENCE
CPP::clang_codegen_lowering,c;cpp,BASE_553_MATRIX,UASF_0016,8de32ca3fe3cb9bd97125499,8de32ca3fe3cb9bd97125499,3,1,EXACT_SIGNATURE_EQUIVALENCE
CPP::clang_sema_constraints,c;cpp,BASE_553_MATRIX,UASF_0332,72752e9a49444090aadb1344,72752e9a49444090aadb1344,3,1,EXACT_SIGNATURE_EQUIVALENCE
CPP::cpp_abi_mangling,cpp,BASE_553_MATRIX,UASF_0001,b81611f5843c8c694b61b062,b81611f5843c8c694b61b062,3,1,EXACT_SIGNATURE_EQUIVALENCE
CPP::cpp_access_friend,cpp,BASE_553_MATRIX,UASF_0293,826aeb0928a8646e6219efe8,826aeb0928a8646e6219efe8,3,1,EXACT_SIGNATURE_EQUIVALENCE
CPP::cpp_adl,cpp,BASE_553_MATRIX,UASF_0292,cd7d093d527fccfe0a4f1aa0,cd7d093d527fccfe0a4f1aa0,3,1,EXACT_SIGNATURE_EQUIVALENCE
CPP::cpp_attributes_pragmas,cpp,BASE_553_MATRIX,UASF_0034,a9e40163768344b127fe7926,a9e40163768344b127fe7926,3,1,EXACT_SIGNATURE_EQUIVALENCE
CPP::cpp_auto_decltype,cpp,BASE_553_MATRIX,UASF_0333,508106690056132b05337f67,508106690056132b05337f67,2,1,EXACT_SIGNATURE_EQUIVALENCE
CPP::cpp_co_await,cpp,BASE_553_MATRIX,UASF_0210,1f326b8d0ff9fa9f10d31686,1f326b8d0ff9fa9f10d31686,3,1,EXACT_SIGNATURE_EQUIVALENCE
CPP::cpp_co_yield,cpp,BASE_553_MATRIX,UASF_0159,552151f13e75c63c02ae4312,552151f13e75c63c02ae4312,3,1,EXACT_SIGNATURE_EQUIVALENCE
CPP::cpp_concepts_constraints,cpp,BASE_553_MATRIX,UASF_0134,2021393f18b1b27d352deaf4,2021393f18b1b27d352deaf4,3,1,EXACT_SIGNATURE_EQUIVALENCE
CPP::cpp_consteval_constinit,cpp,BASE_553_MATRIX,UASF_0108,0658841da50ee8f518cb8a19,0658841da50ee8f518cb8a19,3,1,EXACT_SIGNATURE_EQUIVALENCE
CPP::cpp_constexpr,cpp,BASE_553_MATRIX,UASF_0107,e7cc617f03fa4314b0815856,e7cc617f03fa4314b0815856,3,1,EXACT_SIGNATURE_EQUIVALENCE
CPP::cpp_copy_move,cpp,BASE_553_MATRIX,UASF_0318,b7cbd510ed3498e9dc81d101,b7cbd510ed3498e9dc81d101,3,1,EXACT_SIGNATURE_EQUIVALENCE
CPP::cpp_coroutine_lowering,cpp,BASE_553_MATRIX,UASF_0158,d814baa745afd1812237831c,d814baa745afd1812237831c,3,1,EXACT_SIGNATURE_EQUIVALENCE
CPP::cpp_ctor_initialization_order,cpp,BASE_553_MATRIX,UASF_0267,d9325113ba3e00859504afaa,d9325113ba3e00859504afaa,2,1,EXACT_SIGNATURE_EQUIVALENCE
CPP::cpp_exceptions,cpp,BASE_553_MATRIX,UASF_0262,23fbbbda1258f99a54a73201,23fbbbda1258f99a54a73201,3,1,EXACT_SIGNATURE_EQUIVALENCE
CPP::cpp_fold_expressions,cpp,BASE_553_MATRIX,UASF_0316,cee7d48dad32cecf523f710f,cee7d48dad32cecf523f710f,3,1,EXACT_SIGNATURE_EQUIVALENCE
CPP::cpp_impl_defined,cpp,BASE_553_MATRIX,UASF_0269,edac265b16b76d399c44704c,edac265b16b76d399c44704c,2,1,EXACT_SIGNATURE_EQUIVALENCE
CPP::cpp_include_model,cpp,BASE_553_MATRIX,UASF_0290,e1ef6d6c8690b979ca74c372,e1ef6d6c8690b979ca74c372,2,1,EXACT_SIGNATURE_EQUIVALENCE
CPP::cpp_inheritance,cpp,BASE_553_MATRIX,UASF_0039,2383286a76d018f5f8f7b93b,2383286a76d018f5f8f7b93b,3,1,EXACT_SIGNATURE_EQUIVALENCE
CPP::cpp_lambdas_capture,cpp,BASE_553_MATRIX,UASF_0106,cf94f5e61affdb795b061b24,cf94f5e61affdb795b061b24,3,1,EXACT_SIGNATURE_EQUIVALENCE
CPP::cpp_member_pointers,cpp,BASE_553_MATRIX,UASF_0038,1add65c60acc5f8b606ddb8b,1add65c60acc5f8b606ddb8b,3,1,EXACT_SIGNATURE_EQUIVALENCE
CPP::cpp_modules,cpp,BASE_553_MATRIX,UASF_0275,9e14421721da69ed79be7a2c,9e14421721da69ed79be7a2c,3,1,EXACT_SIGNATURE_EQUIVALENCE
CPP::cpp_multiple_inheritance_layout,cpp,BASE_553_MATRIX,UASF_0036,3e1e9477d96afc2d8b4f6450,3e1e9477d96afc2d8b4f6450,2,1,EXACT_SIGNATURE_EQUIVALENCE
CPP::cpp_name_lookup,cpp,BASE_553_MATRIX,UASF_0087,9a4bddd00a336ef4e1ab0e1c,9a4bddd00a336ef4e1ab0e1c,3,1,EXACT_SIGNATURE_EQUIVALENCE
CPP::cpp_new_delete,cpp,BASE_553_MATRIX,UASF_0246,4f04e10c4573ee09a4c96d45,4f04e10c4573ee09a4c96d45,3,1,EXACT_SIGNATURE_EQUIVALENCE
CPP::cpp_noexcept,cpp,BASE_553_MATRIX,UASF_0265,2239b6f1f8fbb9fb5f4c4e37,2239b6f1f8fbb9fb5f4c4e37,3,1,EXACT_SIGNATURE_EQUIVALENCE
CPP::cpp_object_representation,cpp,BASE_553_MATRIX,UASF_0035,f2e4387cc8c4dbe674d41c57,f2e4387cc8c4dbe674d41c57,3,1,EXACT_SIGNATURE_EQUIVALENCE
CPP::cpp_odr,cpp,BASE_553_MATRIX,UASF_0084,213f6b65a65c5491a2899d02,213f6b65a65c5491a2899d02,3,1,EXACT_SIGNATURE_EQUIVALENCE
CPP::cpp_operator_overload,cpp,BASE_553_MATRIX,UASF_0322,d9ef9abca810066bac81bc5c,d9ef9abca810066bac81bc5c,2,1,EXACT_SIGNATURE_EQUIVALENCE
CPP::cpp_overload_resolution,cpp,BASE_553_MATRIX,UASF_0199,0db1157ab5171cd12d86b293,0db1157ab5171cd12d86b293,3,1,EXACT_SIGNATURE_EQUIVALENCE
CPP::cpp_parameter_packs,cpp,BASE_553_MATRIX,UASF_0317,a650a6e953add79466b27457,a650a6e953add79466b27457,2,1,EXACT_SIGNATURE_EQUIVALENCE
CPP::cpp_partial_specialization,cpp,BASE_553_MATRIX,UASF_0328,acc5522ade5d84e4989b55b5,acc5522ade5d84e4989b55b5,2,1,EXACT_SIGNATURE_EQUIVALENCE
CPP::cpp_placement_new,cpp,BASE_553_MATRIX,UASF_0282,1ca72b5e82431aaf3cdcc573,1ca72b5e82431aaf3cdcc573,3,1,EXACT_SIGNATURE_EQUIVALENCE
CPP::cpp_preprocessor_conditional,cpp,BASE_553_MATRIX,UASF_0135,5298853e2c6481184918c0f7,5298853e2c6481184918c0f7,2,1,EXACT_SIGNATURE_EQUIVALENCE
CPP::cpp_preprocessor_macro,cpp,BASE_553_MATRIX,UASF_0135,5298853e2c6481184918c0f7,5298853e2c6481184918c0f7,2,1,EXACT_SIGNATURE_EQUIVALENCE
CPP::cpp_raii_destructors,cpp,BASE_553_MATRIX,UASF_0261,7c019c42e3a9c52a66c9fd94,7c019c42e3a9c52a66c9fd94,3,1,EXACT_SIGNATURE_EQUIVALENCE
CPP::cpp_reference_binding,cpp,BASE_553_MATRIX,UASF_0319,506ef0ce5fa7e2a10218aca9,506ef0ce5fa7e2a10218aca9,3,1,EXACT_SIGNATURE_EQUIVALENCE
CPP::cpp_rtti,cpp,BASE_553_MATRIX,UASF_0032,e6160a5a72d10cb0f071f6b1,e6160a5a72d10cb0f071f6b1,3,1,EXACT_SIGNATURE_EQUIVALENCE
CPP::cpp_sfinae,cpp,BASE_553_MATRIX,UASF_0133,4ca64fe48e872c6c7a454e1d,4ca64fe48e872c6c7a454e1d,3,1,EXACT_SIGNATURE_EQUIVALENCE
CPP::cpp_stack_unwind,cpp,BASE_553_MATRIX,UASF_0261,7c019c42e3a9c52a66c9fd94,7c019c42e3a9c52a66c9fd94,3,1,EXACT_SIGNATURE_EQUIVALENCE
CPP::cpp_static_initialization,cpp,BASE_553_MATRIX,UASF_0268,b6ac11d97a5195b1c1f8dd73,b6ac11d97a5195b1c1f8dd73,3,1,EXACT_SIGNATURE_EQUIVALENCE
CPP::cpp_structured_bindings,cpp,BASE_553_MATRIX,UASF_0091,b9cd3a20064c6b3813a6f328,b9cd3a20064c6b3813a6f328,3,1,EXACT_SIGNATURE_EQUIVALENCE
CPP::cpp_temp_materialization,cpp,BASE_553_MATRIX,UASF_0321,5c06cbbb30b6973efa08b6f5,5c06cbbb30b6973efa08b6f5,2,1,EXACT_SIGNATURE_EQUIVALENCE
CPP::cpp_template_deduction,cpp,BASE_553_MATRIX,UASF_0329,9d73e439d37c0ac1785b1951,9d73e439d37c0ac1785b1951,3,1,EXACT_SIGNATURE_EQUIVALENCE
CPP::cpp_templates,cpp,BASE_553_MATRIX,UASF_0137,4fd22adc97a57d0aef578811,4fd22adc97a57d0aef578811,3,1,EXACT_SIGNATURE_EQUIVALENCE
CPP::cpp_ub_model,cpp,BASE_553_MATRIX,UASF_0274,a3f80827f76d86baf421ab08,a3f80827f76d86baf421ab08,3,1,EXACT_SIGNATURE_EQUIVALENCE
CPP::cpp_unspecified_behavior,cpp,BASE_553_MATRIX,UASF_0263,97f22b14ec7e55ea6bbe4037,97f22b14ec7e55ea6bbe4037,2,1,EXACT_SIGNATURE_EQUIVALENCE
CPP::cpp_value_categories,cpp,BASE_553_MATRIX,UASF_0193,15ac3702829b9b546928817d,15ac3702829b9b546928817d,3,1,EXACT_SIGNATURE_EQUIVALENCE
CPP::cpp_virtual_dispatch,cpp,BASE_553_MATRIX,UASF_0037,5d184caa950305fde0aeffc5,5d184caa950305fde0aeffc5,3,1,EXACT_SIGNATURE_EQUIVALENCE
CSHARP::assemblies_modules_metadata,csharp,BASE_553_MATRIX,UASF_0018,0adbbb81ac06e72351d373af,0adbbb81ac06e72351d373af,3,1,EXACT_SIGNATURE_EQUIVALENCE
CSHARP::async_await_csharp,csharp,BASE_553_MATRIX,UASF_0174,ace79fe4d617c380831fd941,ace79fe4d617c380831fd941,3,1,EXACT_SIGNATURE_EQUIVALENCE
CSHARP::async_state_machine,csharp,BASE_553_MATRIX,UASF_0278,dfda5a4a16406a23bda69f9f,dfda5a4a16406a23bda69f9f,3,1,EXACT_SIGNATURE_EQUIVALENCE
CSHARP::attributes_metadata,csharp,BASE_553_MATRIX,UASF_0129,85e8ed56ccaa1f52f517fd01,85e8ed56ccaa1f52f517fd01,3,1,EXACT_SIGNATURE_EQUIVALENCE
CSHARP::await_foreach,csharp,BASE_553_MATRIX,UASF_0175,a5d309733b761881e0e2f91d,a5d309733b761881e0e2f91d,3,1,EXACT_SIGNATURE_EQUIVALENCE
CSHARP::await_using,csharp,BASE_553_MATRIX,UASF_0176,d91510041102f62dbe6a0dba,d91510041102f62dbe6a0dba,3,1,EXACT_SIGNATURE_EQUIVALENCE
CSHARP::boxing_unboxing,csharp,BASE_553_MATRIX,UASF_0201,741f99f90b0d7cb172fac0cd,741f99f90b0d7cb172fac0cd,2,1,EXACT_SIGNATURE_EQUIVALENCE
CSHARP::checked_unchecked_context,csharp,BASE_553_MATRIX,UASF_0196,09ecaf820a66e8768268f377,09ecaf820a66e8768268f377,3,1,EXACT_SIGNATURE_EQUIVALENCE
CSHARP::class_inheritance,csharp,BASE_553_MATRIX,UASF_0098,953036acd2d889b3527f83f9,953036acd2d889b3527f83f9,3,1,EXACT_SIGNATURE_EQUIVALENCE
CSHARP::closure_capture_rewriting,csharp,BASE_553_MATRIX,UASF_0104,52b7d52c634de2ca1d937e6d,52b7d52c634de2ca1d937e6d,3,1,EXACT_SIGNATURE_EQUIVALENCE
CSHARP::conditional_access,csharp,BASE_553_MATRIX,UASF_0187,247a7201aa42fde23b1a8b51,247a7201aa42fde23b1a8b51,3,1,EXACT_SIGNATURE_EQUIVALENCE
CSHARP::constant_expression_conversions,csharp,BASE_553_MATRIX,UASF_0114,277691a870674f84c9cc2d57,277691a870674f84c9cc2d57,2,1,EXACT_SIGNATURE_EQUIVALENCE
CSHARP::default_interface_members,csharp,BASE_553_MATRIX,UASF_0097,7fe4fb1be1fbf910d5f7d014,7fe4fb1be1fbf910d5f7d014,2,1,EXACT_SIGNATURE_EQUIVALENCE
CSHARP::delegates_multicast,csharp,BASE_553_MATRIX,UASF_0325,44cb2a20c7af955b4dd3e2e2,44cb2a20c7af955b4dd3e2e2,3,1,EXACT_SIGNATURE_EQUIVALENCE
CSHARP::dynamic_type_binding,csharp,BASE_553_MATRIX,UASF_0079,a78f4fc2d9652890c7fc985f,a78f4fc2d9652890c7fc985f,3,1,EXACT_SIGNATURE_EQUIVALENCE
CSHARP::events,csharp,BASE_553_MATRIX,UASF_0250,bdae9c39428ea212348b886e,bdae9c39428ea212348b886e,3,1,EXACT_SIGNATURE_EQUIVALENCE
CSHARP::exception_filters,csharp,BASE_553_MATRIX,UASF_0176,d91510041102f62dbe6a0dba,d91510041102f62dbe6a0dba,3,1,EXACT_SIGNATURE_EQUIVALENCE
CSHARP::explicit_interface_impl,csharp,BASE_553_MATRIX,UASF_0097,7fe4fb1be1fbf910d5f7d014,7fe4fb1be1fbf910d5f7d014,2,1,EXACT_SIGNATURE_EQUIVALENCE
CSHARP::explicit_numeric_conversions,csharp,BASE_553_MATRIX,UASF_0194,3245f3ffd8f8f19669a5c2c9,3245f3ffd8f8f19669a5c2c9,2,1,EXACT_SIGNATURE_EQUIVALENCE
CSHARP::expression_trees,csharp,BASE_553_MATRIX,UASF_0244,51857b78f555e5495f9bfdab,51857b78f555e5495f9bfdab,3,1,EXACT_SIGNATURE_EQUIVALENCE
CSHARP::extension_methods,csharp,BASE_553_MATRIX,UASF_0094,27efb88b0bc5dbf26dd43a7f,27efb88b0bc5dbf26dd43a7f,3,1,EXACT_SIGNATURE_EQUIVALENCE
CSHARP::fixed_and_pinning,csharp,BASE_553_MATRIX,UASF_0286,f7b406b16044d3a6a4bfc3ef,f7b406b16044d3a6a4bfc3ef,3,1,EXACT_SIGNATURE_EQUIVALENCE
CSHARP::foreach_pattern,csharp,BASE_553_MATRIX,UASF_0060,6b781fd91335126ff4bc9642,6b781fd91335126ff4bc9642,3,1,EXACT_SIGNATURE_EQUIVALENCE
CSHARP::generic_constraints,csharp,BASE_553_MATRIX,UASF_0100,33459073896da6022125e209,33459073896da6022125e209,2,1,EXACT_SIGNATURE_EQUIVALENCE
CSHARP::generic_type_inference,csharp,BASE_553_MATRIX,UASF_0068,0cba1e1601b49e48bd8cedd2,0cba1e1601b49e48bd8cedd2,3,1,EXACT_SIGNATURE_EQUIVALENCE
CSHARP::generic_variance,csharp,BASE_553_MATRIX,UASF_0209,c885d4685d93c5d5d880d925,c885d4685d93c5d5d880d925,2,1,EXACT_SIGNATURE_EQUIVALENCE
CSHARP::global_usings_file_namespace,csharp,BASE_553_MATRIX,UASF_0099,8d173390202f84ca225fb326,8d173390202f84ca225fb326,2,1,EXACT_SIGNATURE_EQUIVALENCE
CSHARP::implicit_numeric_conversions,csharp,BASE_553_MATRIX,UASF_0194,3245f3ffd8f8f19669a5c2c9,3245f3ffd8f8f19669a5c2c9,2,1,EXACT_SIGNATURE_EQUIVALENCE
CSHARP::indexers,csharp,BASE_553_MATRIX,UASF_0089,5cc9a1d2d6fea73dea4f3335,5cc9a1d2d6fea73dea4f3335,3,1,EXACT_SIGNATURE_EQUIVALENCE
CSHARP::interface_implementation,csharp,BASE_553_MATRIX,UASF_0098,953036acd2d889b3527f83f9,953036acd2d889b3527f83f9,3,1,EXACT_SIGNATURE_EQUIVALENCE
CSHARP::interlocked_atomic_semantics,csharp,BASE_553_MATRIX,UASF_0289,42e4d2f98f32a6ccda772954,42e4d2f98f32a6ccda772954,3,1,EXACT_SIGNATURE_EQUIVALENCE
CSHARP::iterator_state_machine,csharp,BASE_553_MATRIX,UASF_0281,252d7126b19af233c79ee366,252d7126b19af233c79ee366,2,1,EXACT_SIGNATURE_EQUIVALENCE
CSHARP::lambda_target_typing,csharp,BASE_553_MATRIX,UASF_0052,249721d375527a106fc6108a,249721d375527a106fc6108a,3,1,EXACT_SIGNATURE_EQUIVALENCE
CSHARP::list_patterns,csharp,BASE_553_MATRIX,UASF_0190,e1d565f84b6d850ff8dadeaf,e1d565f84b6d850ff8dadeaf,3,1,EXACT_SIGNATURE_EQUIVALENCE
CSHARP::lock_monitor_semantics,csharp,BASE_553_MATRIX,UASF_0260,93f09c4d8dc954c07af859c7,93f09c4d8dc954c07af859c7,3,1,EXACT_SIGNATURE_EQUIVALENCE
CSHARP::method_group_conversion,csharp,BASE_553_MATRIX,UASF_0068,0cba1e1601b49e48bd8cedd2,0cba1e1601b49e48bd8cedd2,3,1,EXACT_SIGNATURE_EQUIVALENCE
CSHARP::named_optional_arguments,csharp,BASE_553_MATRIX,UASF_0082,a3a38020d7669cb36b7fe9cb,a3a38020d7669cb36b7fe9cb,2,1,EXACT_SIGNATURE_EQUIVALENCE
CSHARP::native_integer_nint_nuint,csharp,BASE_553_MATRIX,UASF_0331,ccbca1d23c13af730ee2500b,ccbca1d23c13af730ee2500b,2,1,EXACT_SIGNATURE_EQUIVALENCE
CSHARP::null_coalescing,csharp,BASE_553_MATRIX,UASF_0187,247a7201aa42fde23b1a8b51,247a7201aa42fde23b1a8b51,3,1,EXACT_SIGNATURE_EQUIVALENCE
CSHARP::null_forgiving_operator,csharp,BASE_553_MATRIX,UASF_0138,ab6275fc7a6a0fdc19b862c4,ab6275fc7a6a0fdc19b862c4,2,1,EXACT_SIGNATURE_EQUIVALENCE
CSHARP::nullable_flow_analysis,csharp,BASE_553_MATRIX,UASF_0167,fec3e3d9cd5633d045c54319,fec3e3d9cd5633d045c54319,3,1,EXACT_SIGNATURE_EQUIVALENCE
CSHARP::nullable_reference_annotations,csharp,BASE_553_MATRIX,UASF_0333,508106690056132b05337f67,508106690056132b05337f67,2,1,EXACT_SIGNATURE_EQUIVALENCE
CSHARP::nullable_value_types,csharp,BASE_553_MATRIX,UASF_0209,c885d4685d93c5d5d880d925,c885d4685d93c5d5d880d925,2,1,EXACT_SIGNATURE_EQUIVALENCE
CSHARP::operator_overloading,csharp,BASE_553_MATRIX,UASF_0067,5ceff445e31e69015af155bb,5ceff445e31e69015af155bb,3,1,EXACT_SIGNATURE_EQUIVALENCE
CSHARP::overload_resolution_csharp,csharp,BASE_553_MATRIX,UASF_0067,5ceff445e31e69015af155bb,5ceff445e31e69015af155bb,3,1,EXACT_SIGNATURE_EQUIVALENCE
CSHARP::params_collections,csharp,BASE_553_MATRIX,UASF_0194,3245f3ffd8f8f19669a5c2c9,3245f3ffd8f8f19669a5c2c9,2,1,EXACT_SIGNATURE_EQUIVALENCE
CSHARP::partial_types_methods,csharp,BASE_553_MATRIX,UASF_0088,00b208a94858e7ed598eddcd,00b208a94858e7ed598eddcd,2,1,EXACT_SIGNATURE_EQUIVALENCE
CSHARP::pattern_exhaustiveness,csharp,BASE_553_MATRIX,UASF_0109,86b0ae9b0a7fa5673a3fef0f,86b0ae9b0a7fa5673a3fef0f,2,1,EXACT_SIGNATURE_EQUIVALENCE
CSHARP::pattern_variable_scope,csharp,BASE_553_MATRIX,UASF_0062,6ca9a322c438e1abb576ba03,6ca9a322c438e1abb576ba03,3,1,EXACT_SIGNATURE_EQUIVALENCE
CSHARP::primary_constructors,csharp,BASE_553_MATRIX,UASF_0045,a4507837c705721b277e7afd,a4507837c705721b277e7afd,3,1,EXACT_SIGNATURE_EQUIVALENCE
CSHARP::properties_accessors,csharp,BASE_553_MATRIX,UASF_0080,355cc78ed16aa4dcd092d44d,355cc78ed16aa4dcd092d44d,3,1,EXACT_SIGNATURE_EQUIVALENCE
CSHARP::property_positional_patterns,csharp,BASE_553_MATRIX,UASF_0060,6b781fd91335126ff4bc9642,6b781fd91335126ff4bc9642,3,1,EXACT_SIGNATURE_EQUIVALENCE
CSHARP::readonly_refs,csharp,BASE_553_MATRIX,UASF_0252,29fa1a02625eb77e2c2b1262,29fa1a02625eb77e2c2b1262,2,1,EXACT_SIGNATURE_EQUIVALENCE
CSHARP::record_semantics,csharp,BASE_553_MATRIX,UASF_0297,d85b68e8970f893a452577a1,d85b68e8970f893a452577a1,3,1,EXACT_SIGNATURE_EQUIVALENCE
CSHARP::ref_out_in_parameters,csharp,BASE_553_MATRIX,UASF_0253,9d8cb1c52bc1ee5450cc8d35,9d8cb1c52bc1ee5450cc8d35,3,1,EXACT_SIGNATURE_EQUIVALENCE
CSHARP::ref_returns_locals,csharp,BASE_553_MATRIX,UASF_0235,1dae84fe90a7821782a81933,1dae84fe90a7821782a81933,3,1,EXACT_SIGNATURE_EQUIVALENCE
CSHARP::ref_structs,csharp,BASE_553_MATRIX,UASF_0287,2328f3ff4597cfa913826ed3,2328f3ff4597cfa913826ed3,3,1,EXACT_SIGNATURE_EQUIVALENCE
CSHARP::reflection_dynamic_runtime,csharp,BASE_553_MATRIX,UASF_0245,5b812b9711959efc9c9f1d60,5b812b9711959efc9c9f1d60,2,1,EXACT_SIGNATURE_EQUIVALENCE
CSHARP::relational_logical_patterns,csharp,BASE_553_MATRIX,UASF_0189,32dab01d402b3c0eebd60c1c,32dab01d402b3c0eebd60c1c,2,1,EXACT_SIGNATURE_EQUIVALENCE
CSHARP::required_members,csharp,BASE_553_MATRIX,UASF_0128,f7410729a307a3853fc46d14,f7410729a307a3853fc46d14,2,1,EXACT_SIGNATURE_EQUIVALENCE
CSHARP::scoped_refs_escape_analysis,csharp,BASE_553_MATRIX,UASF_0115,da1c3904e901945e0d50c544,da1c3904e901945e0d50c544,3,1,EXACT_SIGNATURE_EQUIVALENCE
CSHARP::source_generators_compiletime,csharp,BASE_553_MATRIX,UASF_0116,8c6b9fcbf7b8c113d55ebd43,8c6b9fcbf7b8c113d55ebd43,2,1,EXACT_SIGNATURE_EQUIVALENCE
CSHARP::span_like_semantics,csharp,BASE_553_MATRIX,UASF_0285,41bf1f8641ce7226fea6d22a,41bf1f8641ce7226fea6d22a,3,1,EXACT_SIGNATURE_EQUIVALENCE
CSHARP::stackalloc,csharp,BASE_553_MATRIX,UASF_0283,71b2f07fece005ed758a34f1,71b2f07fece005ed758a34f1,3,1,EXACT_SIGNATURE_EQUIVALENCE
CSHARP::static_abstract_interface_members,csharp,BASE_553_MATRIX,UASF_0095,0bc7940b8ad4b13d85f83a87,0bc7940b8ad4b13d85f83a87,3,1,EXACT_SIGNATURE_EQUIVALENCE
CSHARP::struct_value_semantics,csharp,BASE_553_MATRIX,UASF_0288,986bf141ca449eade9abe1cd,986bf141ca449eade9abe1cd,3,1,EXACT_SIGNATURE_EQUIVALENCE
CSHARP::switch_expressions,csharp,BASE_553_MATRIX,UASF_0189,32dab01d402b3c0eebd60c1c,32dab01d402b3c0eebd60c1c,2,1,EXACT_SIGNATURE_EQUIVALENCE
CSHARP::target_typed_expressions,csharp,BASE_553_MATRIX,UASF_0202,31f8abab089e483bdfbe4807,31f8abab089e483bdfbe4807,2,1,EXACT_SIGNATURE_EQUIVALENCE
CSHARP::top_level_statements,csharp,BASE_553_MATRIX,UASF_0280,38f5751ee38f56790eccb053,38f5751ee38f56790eccb053,3,1,EXACT_SIGNATURE_EQUIVALENCE
CSHARP::try_finally_unwind,csharp,BASE_553_MATRIX,UASF_0176,d91510041102f62dbe6a0dba,d91510041102f62dbe6a0dba,3,1,EXACT_SIGNATURE_EQUIVALENCE
CSHARP::tuple_names_and_conversion,csharp,BASE_553_MATRIX,UASF_0209,c885d4685d93c5d5d880d925,c885d4685d93c5d5d880d925,2,1,EXACT_SIGNATURE_EQUIVALENCE
CSHARP::type_patterns,csharp,BASE_553_MATRIX,UASF_0063,7501214e1f9309edd7d0aeb9,7501214e1f9309edd7d0aeb9,3,1,EXACT_SIGNATURE_EQUIVALENCE
CSHARP::unsafe_pointer_ops,csharp,BASE_553_MATRIX,UASF_0020,e825bbddb8cfd2e9c1ffa531,e825bbddb8cfd2e9c1ffa531,3,1,EXACT_SIGNATURE_EQUIVALENCE
CSHARP::user_defined_conversions,csharp,BASE_553_MATRIX,UASF_0067,5ceff445e31e69015af155bb,5ceff445e31e69015af155bb,3,1,EXACT_SIGNATURE_EQUIVALENCE
CSHARP::using_dispose_pattern,csharp,BASE_553_MATRIX,UASF_0176,d91510041102f62dbe6a0dba,d91510041102f62dbe6a0dba,3,1,EXACT_SIGNATURE_EQUIVALENCE
CSHARP::virtual_override_new_dispatch,csharp,BASE_553_MATRIX,UASF_0093,ddd29d8a918fd1db3f6c6191,ddd29d8a918fd1db3f6c6191,3,1,EXACT_SIGNATURE_EQUIVALENCE
CSHARP::volatile_semantics,csharp,BASE_553_MATRIX,UASF_0289,42e4d2f98f32a6ccda772954,42e4d2f98f32a6ccda772954,3,1,EXACT_SIGNATURE_EQUIVALENCE
CSHARP::yield_iterators,csharp,BASE_553_MATRIX,UASF_0188,45cf6731cad1846dc0131971,45cf6731cad1846dc0131971,3,1,EXACT_SIGNATURE_EQUIVALENCE
JAVA::java.access_control,java,BASE_553_MATRIX,UASF_0078,8b456fde242e51d2b9512d2d,8b456fde242e51d2b9512d2d,5,1,EXACT_SIGNATURE_EQUIVALENCE
JAVA::java.annotation_processing,java,BASE_553_MATRIX,UASF_0123,cf210b837ffa95575ac52ce1,cf210b837ffa95575ac52ce1,5,1,EXACT_SIGNATURE_EQUIVALENCE
JAVA::java.annotation_semantics,java,BASE_553_MATRIX,UASF_0090,e2bc5d21336cd1ab9be2b53c,e2bc5d21336cd1ab9be2b53c,5,1,EXACT_SIGNATURE_EQUIVALENCE
JAVA::java.array_covariance_store_check,java,BASE_553_MATRIX,UASF_0197,45ea230b3f85224de06d72e2,45ea230b3f85224de06d72e2,5,1,EXACT_SIGNATURE_EQUIVALENCE
JAVA::java.assert_semantics,java,BASE_553_MATRIX,UASF_0163,db4053da7b96665d1101908d,db4053da7b96665d1101908d,6,1,EXACT_SIGNATURE_EQUIVALENCE
JAVA::java.atomic_varhandle_ordering,java,BASE_553_MATRIX,UASF_0145,dd820666b44057a8b0684bb9,dd820666b44057a8b0684bb9,6,1,EXACT_SIGNATURE_EQUIVALENCE
JAVA::java.binary_numeric_promotion,java,BASE_553_MATRIX,UASF_0197,45ea230b3f85224de06d72e2,45ea230b3f85224de06d72e2,5,1,EXACT_SIGNATURE_EQUIVALENCE
JAVA::java.boxing_unboxing,java,BASE_553_MATRIX,UASF_0197,45ea230b3f85224de06d72e2,45ea230b3f85224de06d72e2,5,1,EXACT_SIGNATURE_EQUIVALENCE
JAVA::java.bridge_synthetic_methods,java,BASE_553_MATRIX,UASF_0123,cf210b837ffa95575ac52ce1,cf210b837ffa95575ac52ce1,5,1,EXACT_SIGNATURE_EQUIVALENCE
JAVA::java.bytecode_operand_stack_frames,java,BASE_553_MATRIX,UASF_0112,4016aece854c9915aa842960,4016aece854c9915aa842960,6,1,EXACT_SIGNATURE_EQUIVALENCE
JAVA::java.bytecode_verification,java,BASE_553_MATRIX,UASF_0112,4016aece854c9915aa842960,4016aece854c9915aa842960,6,1,EXACT_SIGNATURE_EQUIVALENCE
JAVA::java.capture_conversion,java,BASE_553_MATRIX,UASF_0197,45ea230b3f85224de06d72e2,45ea230b3f85224de06d72e2,5,1,EXACT_SIGNATURE_EQUIVALENCE
JAVA::java.checked_unchecked_exceptions,java,BASE_553_MATRIX,UASF_0170,e333dd0af853fa771b3d69b0,e333dd0af853fa771b3d69b0,5,1,EXACT_SIGNATURE_EQUIVALENCE
JAVA::java.class_interface_inheritance,java,BASE_553_MATRIX,UASF_0090,e2bc5d21336cd1ab9be2b53c,e2bc5d21336cd1ab9be2b53c,5,1,EXACT_SIGNATURE_EQUIVALENCE
JAVA::java.class_loading_linking_initialization,java,BASE_553_MATRIX,UASF_0277,8ee483da7b46c0ea2db259fc,8ee483da7b46c0ea2db259fc,5,1,EXACT_SIGNATURE_EQUIVALENCE
JAVA::java.classfile_descriptors_signatures,java,BASE_553_MATRIX,UASF_0112,4016aece854c9915aa842960,4016aece854c9915aa842960,6,1,EXACT_SIGNATURE_EQUIVALENCE
JAVA::java.classfile_lowering,java,BASE_553_MATRIX,UASF_0123,cf210b837ffa95575ac52ce1,cf210b837ffa95575ac52ce1,5,1,EXACT_SIGNATURE_EQUIVALENCE
JAVA::java.compile_time_constants,java,BASE_553_MATRIX,UASF_0123,cf210b837ffa95575ac52ce1,cf210b837ffa95575ac52ce1,5,1,EXACT_SIGNATURE_EQUIVALENCE
JAVA::java.constant_pool,java,BASE_553_MATRIX,UASF_0112,4016aece854c9915aa842960,4016aece854c9915aa842960,6,1,EXACT_SIGNATURE_EQUIVALENCE
JAVA::java.default_interface_methods,java,BASE_553_MATRIX,UASF_0066,40a3c87ae50c5bd2693d592b,40a3c87ae50c5bd2693d592b,7,1,EXACT_SIGNATURE_EQUIVALENCE
JAVA::java.definite_assignment_unassignment,java,BASE_553_MATRIX,UASF_0041,d96a19bb22cb48388b2dc6a1,d96a19bb22cb48388b2dc6a1,5,1,EXACT_SIGNATURE_EQUIVALENCE
JAVA::java.effectively_final_capture,java,BASE_553_MATRIX,UASF_0041,d96a19bb22cb48388b2dc6a1,d96a19bb22cb48388b2dc6a1,5,1,EXACT_SIGNATURE_EQUIVALENCE
JAVA::java.enums_semantics,java,BASE_553_MATRIX,UASF_0090,e2bc5d21336cd1ab9be2b53c,e2bc5d21336cd1ab9be2b53c,5,1,EXACT_SIGNATURE_EQUIVALENCE
JAVA::java.escape_analysis_scalar_replacement,java,BASE_553_MATRIX,UASF_0111,1cea059b352a8153a548943b,1cea059b352a8153a548943b,6,1,EXACT_SIGNATURE_EQUIVALENCE
JAVA::java.exception_table_bytecode,java,BASE_553_MATRIX,UASF_0112,4016aece854c9915aa842960,4016aece854c9915aa842960,6,1,EXACT_SIGNATURE_EQUIVALENCE
JAVA::java.field_hiding_method_overriding,java,BASE_553_MATRIX,UASF_0066,40a3c87ae50c5bd2693d592b,40a3c87ae50c5bd2693d592b,7,1,EXACT_SIGNATURE_EQUIVALENCE
JAVA::java.final_field_memory_semantics,java,BASE_553_MATRIX,UASF_0145,dd820666b44057a8b0684bb9,dd820666b44057a8b0684bb9,6,1,EXACT_SIGNATURE_EQUIVALENCE
JAVA::java.foreach_desugaring,java,BASE_553_MATRIX,UASF_0163,db4053da7b96665d1101908d,db4053da7b96665d1101908d,6,1,EXACT_SIGNATURE_EQUIVALENCE
JAVA::java.foreign_function_memory_api,java,BASE_553_MATRIX,UASF_0007,7d7b0fd9da3b106fa144f140,7d7b0fd9da3b106fa144f140,5,1,EXACT_SIGNATURE_EQUIVALENCE
JAVA::java.gc_reachability_reference_types,java,BASE_553_MATRIX,UASF_0014,2789ab4afc76cd73f4c3cff9,2789ab4afc76cd73f4c3cff9,5,1,EXACT_SIGNATURE_EQUIVALENCE
JAVA::java.generic_erasure,java,BASE_553_MATRIX,UASF_0197,45ea230b3f85224de06d72e2,45ea230b3f85224de06d72e2,5,1,EXACT_SIGNATURE_EQUIVALENCE
JAVA::java.happens_before_jmm,java,BASE_553_MATRIX,UASF_0145,dd820666b44057a8b0684bb9,dd820666b44057a8b0684bb9,6,1,EXACT_SIGNATURE_EQUIVALENCE
JAVA::java.ieee754_always_strict,java,BASE_553_MATRIX,UASF_0197,45ea230b3f85224de06d72e2,45ea230b3f85224de06d72e2,5,1,EXACT_SIGNATURE_EQUIVALENCE
JAVA::java.import_static_resolution,java,BASE_553_MATRIX,UASF_0078,8b456fde242e51d2b9512d2d,8b456fde242e51d2b9512d2d,5,1,EXACT_SIGNATURE_EQUIVALENCE
JAVA::java.inner_local_anonymous_classes,java,BASE_553_MATRIX,UASF_0090,e2bc5d21336cd1ab9be2b53c,e2bc5d21336cd1ab9be2b53c,5,1,EXACT_SIGNATURE_EQUIVALENCE
JAVA::java.intersection_types,java,BASE_553_MATRIX,UASF_0197,45ea230b3f85224de06d72e2,45ea230b3f85224de06d72e2,5,1,EXACT_SIGNATURE_EQUIVALENCE
JAVA::java.invokedynamic_bootstrap,java,BASE_553_MATRIX,UASF_0112,4016aece854c9915aa842960,4016aece854c9915aa842960,6,1,EXACT_SIGNATURE_EQUIVALENCE
JAVA::java.jni_boundary,java,BASE_553_MATRIX,UASF_0007,7d7b0fd9da3b106fa144f140,7d7b0fd9da3b106fa144f140,5,1,EXACT_SIGNATURE_EQUIVALENCE
JAVA::java.jpms_modules,java,BASE_553_MATRIX,UASF_0078,8b456fde242e51d2b9512d2d,8b456fde242e51d2b9512d2d,5,1,EXACT_SIGNATURE_EQUIVALENCE
JAVA::java.jvm_gc_allocation,java,BASE_553_MATRIX,UASF_0014,2789ab4afc76cd73f4c3cff9,2789ab4afc76cd73f4c3cff9,5,1,EXACT_SIGNATURE_EQUIVALENCE
JAVA::java.labeled_break_continue,java,BASE_553_MATRIX,UASF_0163,db4053da7b96665d1101908d,db4053da7b96665d1101908d,6,1,EXACT_SIGNATURE_EQUIVALENCE
JAVA::java.lambda_target_typing,java,BASE_553_MATRIX,UASF_0066,40a3c87ae50c5bd2693d592b,40a3c87ae50c5bd2693d592b,7,1,EXACT_SIGNATURE_EQUIVALENCE
JAVA::java.left_to_right_evaluation,java,BASE_553_MATRIX,UASF_0215,9cd6e7175a0af853d131e6c4,9cd6e7175a0af853d131e6c4,5,1,EXACT_SIGNATURE_EQUIVALENCE
JAVA::java.method_handles_varhandles,java,BASE_553_MATRIX,UASF_0015,644a852bf8da5c47a367f414,644a852bf8da5c47a367f414,6,1,EXACT_SIGNATURE_EQUIVALENCE
JAVA::java.method_invocation_conversion,java,BASE_553_MATRIX,UASF_0066,40a3c87ae50c5bd2693d592b,40a3c87ae50c5bd2693d592b,7,1,EXACT_SIGNATURE_EQUIVALENCE
JAVA::java.method_references,java,BASE_553_MATRIX,UASF_0066,40a3c87ae50c5bd2693d592b,40a3c87ae50c5bd2693d592b,7,1,EXACT_SIGNATURE_EQUIVALENCE
JAVA::java.monitor_synchronized,java,BASE_553_MATRIX,UASF_0145,dd820666b44057a8b0684bb9,dd820666b44057a8b0684bb9,6,1,EXACT_SIGNATURE_EQUIVALENCE
JAVA::java.native_method_resolution,java,BASE_553_MATRIX,UASF_0007,7d7b0fd9da3b106fa144f140,7d7b0fd9da3b106fa144f140,5,1,EXACT_SIGNATURE_EQUIVALENCE
JAVA::java.null_reference_semantics,java,BASE_553_MATRIX,UASF_0197,45ea230b3f85224de06d72e2,45ea230b3f85224de06d72e2,5,1,EXACT_SIGNATURE_EQUIVALENCE
JAVA::java.object_identity_hash_monitor,java,BASE_553_MATRIX,UASF_0277,8ee483da7b46c0ea2db259fc,8ee483da7b46c0ea2db259fc,5,1,EXACT_SIGNATURE_EQUIVALENCE
JAVA::java.object_layout_headers_compressed_oops,java,BASE_553_MATRIX,UASF_0014,2789ab4afc76cd73f4c3cff9,2789ab4afc76cd73f4c3cff9,5,1,EXACT_SIGNATURE_EQUIVALENCE
JAVA::java.overload_resolution,java,BASE_553_MATRIX,UASF_0066,40a3c87ae50c5bd2693d592b,40a3c87ae50c5bd2693d592b,7,1,EXACT_SIGNATURE_EQUIVALENCE
JAVA::java.package_namespace_resolution,java,BASE_553_MATRIX,UASF_0078,8b456fde242e51d2b9512d2d,8b456fde242e51d2b9512d2d,5,1,EXACT_SIGNATURE_EQUIVALENCE
JAVA::java.pattern_instanceof,java,BASE_553_MATRIX,UASF_0163,db4053da7b96665d1101908d,db4053da7b96665d1101908d,6,1,EXACT_SIGNATURE_EQUIVALENCE
JAVA::java.pattern_switch_exhaustiveness,java,BASE_553_MATRIX,UASF_0163,db4053da7b96665d1101908d,db4053da7b96665d1101908d,6,1,EXACT_SIGNATURE_EQUIVALENCE
JAVA::java.preview_feature_gating,java,BASE_553_MATRIX,UASF_0123,cf210b837ffa95575ac52ce1,cf210b837ffa95575ac52ce1,5,1,EXACT_SIGNATURE_EQUIVALENCE
JAVA::java.primitive_widening_narrowing,java,BASE_553_MATRIX,UASF_0197,45ea230b3f85224de06d72e2,45ea230b3f85224de06d72e2,5,1,EXACT_SIGNATURE_EQUIVALENCE
JAVA::java.raw_types,java,BASE_553_MATRIX,UASF_0197,45ea230b3f85224de06d72e2,45ea230b3f85224de06d72e2,5,1,EXACT_SIGNATURE_EQUIVALENCE
JAVA::java.record_patterns,java,BASE_553_MATRIX,UASF_0163,db4053da7b96665d1101908d,db4053da7b96665d1101908d,6,1,EXACT_SIGNATURE_EQUIVALENCE
JAVA::java.records,java,BASE_553_MATRIX,UASF_0090,e2bc5d21336cd1ab9be2b53c,e2bc5d21336cd1ab9be2b53c,5,1,EXACT_SIGNATURE_EQUIVALENCE
JAVA::java.reflection_runtime_type,java,BASE_553_MATRIX,UASF_0015,644a852bf8da5c47a367f414,644a852bf8da5c47a367f414,6,1,EXACT_SIGNATURE_EQUIVALENCE
JAVA::java.safepoint_deoptimization_osr,java,BASE_553_MATRIX,UASF_0111,1cea059b352a8153a548943b,1cea059b352a8153a548943b,6,1,EXACT_SIGNATURE_EQUIVALENCE
JAVA::java.sealed_classes_interfaces,java,BASE_553_MATRIX,UASF_0090,e2bc5d21336cd1ab9be2b53c,e2bc5d21336cd1ab9be2b53c,5,1,EXACT_SIGNATURE_EQUIVALENCE
JAVA::java.short_circuit_boolean,java,BASE_553_MATRIX,UASF_0215,9cd6e7175a0af853d131e6c4,9cd6e7175a0af853d131e6c4,5,1,EXACT_SIGNATURE_EQUIVALENCE
JAVA::java.static_instance_initialization_order,java,BASE_553_MATRIX,UASF_0090,e2bc5d21336cd1ab9be2b53c,e2bc5d21336cd1ab9be2b53c,5,1,EXACT_SIGNATURE_EQUIVALENCE
JAVA::java.string_interning,java,BASE_553_MATRIX,UASF_0277,8ee483da7b46c0ea2db259fc,8ee483da7b46c0ea2db259fc,5,1,EXACT_SIGNATURE_EQUIVALENCE
JAVA::java.structured_concurrency,java,BASE_553_MATRIX,UASF_0145,dd820666b44057a8b0684bb9,dd820666b44057a8b0684bb9,6,1,EXACT_SIGNATURE_EQUIVALENCE
JAVA::java.switch_expression,java,BASE_553_MATRIX,UASF_0163,db4053da7b96665d1101908d,db4053da7b96665d1101908d,6,1,EXACT_SIGNATURE_EQUIVALENCE
JAVA::java.thread_interruption,java,BASE_553_MATRIX,UASF_0145,dd820666b44057a8b0684bb9,dd820666b44057a8b0684bb9,6,1,EXACT_SIGNATURE_EQUIVALENCE
JAVA::java.tiered_jit_compilation,java,BASE_553_MATRIX,UASF_0111,1cea059b352a8153a548943b,1cea059b352a8153a548943b,6,1,EXACT_SIGNATURE_EQUIVALENCE
JAVA::java.try_catch_finally,java,BASE_553_MATRIX,UASF_0170,e333dd0af853fa771b3d69b0,e333dd0af853fa771b3d69b0,5,1,EXACT_SIGNATURE_EQUIVALENCE
JAVA::java.try_with_resources_suppression,java,BASE_553_MATRIX,UASF_0170,e333dd0af853fa771b3d69b0,e333dd0af853fa771b3d69b0,5,1,EXACT_SIGNATURE_EQUIVALENCE
JAVA::java.type_inference_constraints,java,BASE_553_MATRIX,UASF_0197,45ea230b3f85224de06d72e2,45ea230b3f85224de06d72e2,5,1,EXACT_SIGNATURE_EQUIVALENCE
JAVA::java.unsigned_absence_signed_wrap,java,BASE_553_MATRIX,UASF_0197,45ea230b3f85224de06d72e2,45ea230b3f85224de06d72e2,5,1,EXACT_SIGNATURE_EQUIVALENCE
JAVA::java.value_class_preview,java,BASE_553_MATRIX,UASF_0090,e2bc5d21336cd1ab9be2b53c,e2bc5d21336cd1ab9be2b53c,5,1,EXACT_SIGNATURE_EQUIVALENCE
JAVA::java.var_local_inference,java,BASE_553_MATRIX,UASF_0197,45ea230b3f85224de06d72e2,45ea230b3f85224de06d72e2,5,1,EXACT_SIGNATURE_EQUIVALENCE
JAVA::java.virtual_interface_dispatch,java,BASE_553_MATRIX,UASF_0066,40a3c87ae50c5bd2693d592b,40a3c87ae50c5bd2693d592b,7,1,EXACT_SIGNATURE_EQUIVALENCE
JAVA::java.virtual_threads,java,BASE_553_MATRIX,UASF_0145,dd820666b44057a8b0684bb9,dd820666b44057a8b0684bb9,6,1,EXACT_SIGNATURE_EQUIVALENCE
JAVA::java.volatile_semantics,java,BASE_553_MATRIX,UASF_0145,dd820666b44057a8b0684bb9,dd820666b44057a8b0684bb9,6,1,EXACT_SIGNATURE_EQUIVALENCE
JAVA::java.wildcard_extends_super,java,BASE_553_MATRIX,UASF_0197,45ea230b3f85224de06d72e2,45ea230b3f85224de06d72e2,5,1,EXACT_SIGNATURE_EQUIVALENCE
KOTLIN::kotlin.annotation_use_site,kotlin,BASE_553_MATRIX,UASF_0085,2abb5fb17a48439332ff2c35,2abb5fb17a48439332ff2c35,6,1,EXACT_SIGNATURE_EQUIVALENCE
KOTLIN::kotlin.backing_field_accessor,kotlin,BASE_553_MATRIX,UASF_0085,2abb5fb17a48439332ff2c35,2abb5fb17a48439332ff2c35,6,1,EXACT_SIGNATURE_EQUIVALENCE
KOTLIN::kotlin.builder_inference,kotlin,BASE_553_MATRIX,UASF_0053,88b6c905ed2ddca52a441c59,88b6c905ed2ddca52a441c59,6,1,EXACT_SIGNATURE_EQUIVALENCE
KOTLIN::kotlin.callable_reference,kotlin,BASE_553_MATRIX,UASF_0065,533830305400c8010b8c086e,533830305400c8010b8c086e,7,1,EXACT_SIGNATURE_EQUIVALENCE
KOTLIN::kotlin.calls_in_place_effect,kotlin,BASE_553_MATRIX,UASF_0110,4741802ce7ed4fff66328cf0,4741802ce7ed4fff66328cf0,7,1,EXACT_SIGNATURE_EQUIVALENCE
KOTLIN::kotlin.captured_type,kotlin,BASE_553_MATRIX,UASF_0053,88b6c905ed2ddca52a441c59,88b6c905ed2ddca52a441c59,6,1,EXACT_SIGNATURE_EQUIVALENCE
KOTLIN::kotlin.companion_object,kotlin,BASE_553_MATRIX,UASF_0085,2abb5fb17a48439332ff2c35,2abb5fb17a48439332ff2c35,6,1,EXACT_SIGNATURE_EQUIVALENCE
KOTLIN::kotlin.compiler_plugin_extension_points,kotlin,BASE_553_MATRIX,UASF_0002,28e1a47261a7ab2d578ce7f7,28e1a47261a7ab2d578ce7f7,7,1,EXACT_SIGNATURE_EQUIVALENCE
KOTLIN::kotlin.const_evaluation,kotlin,BASE_553_MATRIX,UASF_0110,4741802ce7ed4fff66328cf0,4741802ce7ed4fff66328cf0,7,1,EXACT_SIGNATURE_EQUIVALENCE
KOTLIN::kotlin.constructor_init_order,kotlin,BASE_553_MATRIX,UASF_0085,2abb5fb17a48439332ff2c35,2abb5fb17a48439332ff2c35,6,1,EXACT_SIGNATURE_EQUIVALENCE
KOTLIN::kotlin.context_receivers_parameters,kotlin,BASE_553_MATRIX,UASF_0085,2abb5fb17a48439332ff2c35,2abb5fb17a48439332ff2c35,6,1,EXACT_SIGNATURE_EQUIVALENCE
KOTLIN::kotlin.continuation_state_machine,kotlin,BASE_553_MATRIX,UASF_0139,60b5cd36d0b2ee3d5afde30e,60b5cd36d0b2ee3d5afde30e,7,1,EXACT_SIGNATURE_EQUIVALENCE
KOTLIN::kotlin.contracts_dsl,kotlin,BASE_553_MATRIX,UASF_0110,4741802ce7ed4fff66328cf0,4741802ce7ed4fff66328cf0,7,1,EXACT_SIGNATURE_EQUIVALENCE
KOTLIN::kotlin.coroutine_suspension_points,kotlin,BASE_553_MATRIX,UASF_0139,60b5cd36d0b2ee3d5afde30e,60b5cd36d0b2ee3d5afde30e,7,1,EXACT_SIGNATURE_EQUIVALENCE
KOTLIN::kotlin.crossinline_noinline,kotlin,BASE_553_MATRIX,UASF_0101,5da3291df80d877517159940,5da3291df80d877517159940,7,1,EXACT_SIGNATURE_EQUIVALENCE
KOTLIN::kotlin.data_class,kotlin,BASE_553_MATRIX,UASF_0085,2abb5fb17a48439332ff2c35,2abb5fb17a48439332ff2c35,6,1,EXACT_SIGNATURE_EQUIVALENCE
KOTLIN::kotlin.default_arguments,kotlin,BASE_553_MATRIX,UASF_0065,533830305400c8010b8c086e,533830305400c8010b8c086e,7,1,EXACT_SIGNATURE_EQUIVALENCE
KOTLIN::kotlin.definitely_non_null_type,kotlin,BASE_553_MATRIX,UASF_0157,242cfd7fa1951d1212c797e1,242cfd7fa1951d1212c797e1,7,1,EXACT_SIGNATURE_EQUIVALENCE
KOTLIN::kotlin.delegated_property,kotlin,BASE_553_MATRIX,UASF_0085,2abb5fb17a48439332ff2c35,2abb5fb17a48439332ff2c35,6,1,EXACT_SIGNATURE_EQUIVALENCE
KOTLIN::kotlin.destructuring_component,kotlin,BASE_553_MATRIX,UASF_0065,533830305400c8010b8c086e,533830305400c8010b8c086e,7,1,EXACT_SIGNATURE_EQUIVALENCE
KOTLIN::kotlin.elvis_operator,kotlin,BASE_553_MATRIX,UASF_0157,242cfd7fa1951d1212c797e1,242cfd7fa1951d1212c797e1,7,1,EXACT_SIGNATURE_EQUIVALENCE
KOTLIN::kotlin.enum_entry_semantics,kotlin,BASE_553_MATRIX,UASF_0085,2abb5fb17a48439332ff2c35,2abb5fb17a48439332ff2c35,6,1,EXACT_SIGNATURE_EQUIVALENCE
KOTLIN::kotlin.exception_throw_catch_finally,kotlin,BASE_553_MATRIX,UASF_0170,e333dd0af853fa771b3d69b0,e333dd0af853fa771b3d69b0,5,1,EXACT_SIGNATURE_EQUIVALENCE
KOTLIN::kotlin.expect_actual,kotlin,BASE_553_MATRIX,UASF_0003,252b0fd5684558269cabf9f3,252b0fd5684558269cabf9f3,6,1,EXACT_SIGNATURE_EQUIVALENCE
KOTLIN::kotlin.extension_function_property,kotlin,BASE_553_MATRIX,UASF_0085,2abb5fb17a48439332ff2c35,2abb5fb17a48439332ff2c35,6,1,EXACT_SIGNATURE_EQUIVALENCE
KOTLIN::kotlin.fir_data_flow,kotlin,BASE_553_MATRIX,UASF_0002,28e1a47261a7ab2d578ce7f7,28e1a47261a7ab2d578ce7f7,7,1,EXACT_SIGNATURE_EQUIVALENCE
KOTLIN::kotlin.fir_semantic_resolution,kotlin,BASE_553_MATRIX,UASF_0002,28e1a47261a7ab2d578ce7f7,28e1a47261a7ab2d578ce7f7,7,1,EXACT_SIGNATURE_EQUIVALENCE
KOTLIN::kotlin.fir_to_ir,kotlin,BASE_553_MATRIX,UASF_0002,28e1a47261a7ab2d578ce7f7,28e1a47261a7ab2d578ce7f7,7,1,EXACT_SIGNATURE_EQUIVALENCE
KOTLIN::kotlin.function_type,kotlin,BASE_553_MATRIX,UASF_0053,88b6c905ed2ddca52a441c59,88b6c905ed2ddca52a441c59,6,1,EXACT_SIGNATURE_EQUIVALENCE
KOTLIN::kotlin.generic_where_constraints,kotlin,BASE_553_MATRIX,UASF_0053,88b6c905ed2ddca52a441c59,88b6c905ed2ddca52a441c59,6,1,EXACT_SIGNATURE_EQUIVALENCE
KOTLIN::kotlin.implicit_receiver_tower,kotlin,BASE_553_MATRIX,UASF_0065,533830305400c8010b8c086e,533830305400c8010b8c086e,7,1,EXACT_SIGNATURE_EQUIVALENCE
KOTLIN::kotlin.infix_function,kotlin,BASE_553_MATRIX,UASF_0065,533830305400c8010b8c086e,533830305400c8010b8c086e,7,1,EXACT_SIGNATURE_EQUIVALENCE
KOTLIN::kotlin.inline_function,kotlin,BASE_553_MATRIX,UASF_0101,5da3291df80d877517159940,5da3291df80d877517159940,7,1,EXACT_SIGNATURE_EQUIVALENCE
KOTLIN::kotlin.internal_visibility,kotlin,BASE_553_MATRIX,UASF_0085,2abb5fb17a48439332ff2c35,2abb5fb17a48439332ff2c35,6,1,EXACT_SIGNATURE_EQUIVALENCE
KOTLIN::kotlin.intersection_type,kotlin,BASE_553_MATRIX,UASF_0053,88b6c905ed2ddca52a441c59,88b6c905ed2ddca52a441c59,6,1,EXACT_SIGNATURE_EQUIVALENCE
KOTLIN::kotlin.ir_semantics,kotlin,BASE_553_MATRIX,UASF_0002,28e1a47261a7ab2d578ce7f7,28e1a47261a7ab2d578ce7f7,7,1,EXACT_SIGNATURE_EQUIVALENCE
KOTLIN::kotlin.java_nullability_enhancement,kotlin,BASE_553_MATRIX,UASF_0003,252b0fd5684558269cabf9f3,252b0fd5684558269cabf9f3,6,1,EXACT_SIGNATURE_EQUIVALENCE
KOTLIN::kotlin.js_backend_lowering,kotlin,BASE_553_MATRIX,UASF_0002,28e1a47261a7ab2d578ce7f7,28e1a47261a7ab2d578ce7f7,7,1,EXACT_SIGNATURE_EQUIVALENCE
KOTLIN::kotlin.js_dynamic_external,kotlin,BASE_553_MATRIX,UASF_0003,252b0fd5684558269cabf9f3,252b0fd5684558269cabf9f3,6,1,EXACT_SIGNATURE_EQUIVALENCE
KOTLIN::kotlin.jvm_backend_lowering,kotlin,BASE_553_MATRIX,UASF_0002,28e1a47261a7ab2d578ce7f7,28e1a47261a7ab2d578ce7f7,7,1,EXACT_SIGNATURE_EQUIVALENCE
KOTLIN::kotlin.jvm_boxing_unboxing,kotlin,BASE_553_MATRIX,UASF_0008,688fbd082aed41ed3a01745b,688fbd082aed41ed3a01745b,6,1,EXACT_SIGNATURE_EQUIVALENCE
KOTLIN::kotlin.jvm_signature_mangling,kotlin,BASE_553_MATRIX,UASF_0008,688fbd082aed41ed3a01745b,688fbd082aed41ed3a01745b,6,1,EXACT_SIGNATURE_EQUIVALENCE
KOTLIN::kotlin.klib_metadata,kotlin,BASE_553_MATRIX,UASF_0003,252b0fd5684558269cabf9f3,252b0fd5684558269cabf9f3,6,1,EXACT_SIGNATURE_EQUIVALENCE
KOTLIN::kotlin.labeled_control_flow,kotlin,BASE_553_MATRIX,UASF_0163,db4053da7b96665d1101908d,db4053da7b96665d1101908d,6,1,EXACT_SIGNATURE_EQUIVALENCE
KOTLIN::kotlin.member_extension_resolution,kotlin,BASE_553_MATRIX,UASF_0065,533830305400c8010b8c086e,533830305400c8010b8c086e,7,1,EXACT_SIGNATURE_EQUIVALENCE
KOTLIN::kotlin.named_arguments,kotlin,BASE_553_MATRIX,UASF_0065,533830305400c8010b8c086e,533830305400c8010b8c086e,7,1,EXACT_SIGNATURE_EQUIVALENCE
KOTLIN::kotlin.native_backend_lowering,kotlin,BASE_553_MATRIX,UASF_0002,28e1a47261a7ab2d578ce7f7,28e1a47261a7ab2d578ce7f7,7,1,EXACT_SIGNATURE_EQUIVALENCE
KOTLIN::kotlin.native_c_objc_interop,kotlin,BASE_553_MATRIX,UASF_0003,252b0fd5684558269cabf9f3,252b0fd5684558269cabf9f3,6,1,EXACT_SIGNATURE_EQUIVALENCE
KOTLIN::kotlin.non_null_assertion,kotlin,BASE_553_MATRIX,UASF_0157,242cfd7fa1951d1212c797e1,242cfd7fa1951d1212c797e1,7,1,EXACT_SIGNATURE_EQUIVALENCE
KOTLIN::kotlin.nonlocal_return,kotlin,BASE_553_MATRIX,UASF_0101,5da3291df80d877517159940,5da3291df80d877517159940,7,1,EXACT_SIGNATURE_EQUIVALENCE
KOTLIN::kotlin.nothing_type,kotlin,BASE_553_MATRIX,UASF_0053,88b6c905ed2ddca52a441c59,88b6c905ed2ddca52a441c59,6,1,EXACT_SIGNATURE_EQUIVALENCE
KOTLIN::kotlin.null_safety_flow,kotlin,BASE_553_MATRIX,UASF_0157,242cfd7fa1951d1212c797e1,242cfd7fa1951d1212c797e1,7,1,EXACT_SIGNATURE_EQUIVALENCE
KOTLIN::kotlin.nullable_type,kotlin,BASE_553_MATRIX,UASF_0157,242cfd7fa1951d1212c797e1,242cfd7fa1951d1212c797e1,7,1,EXACT_SIGNATURE_EQUIVALENCE
KOTLIN::kotlin.object_singleton,kotlin,BASE_553_MATRIX,UASF_0085,2abb5fb17a48439332ff2c35,2abb5fb17a48439332ff2c35,6,1,EXACT_SIGNATURE_EQUIVALENCE
KOTLIN::kotlin.operator_overloading,kotlin,BASE_553_MATRIX,UASF_0065,533830305400c8010b8c086e,533830305400c8010b8c086e,7,1,EXACT_SIGNATURE_EQUIVALENCE
KOTLIN::kotlin.overload_resolution,kotlin,BASE_553_MATRIX,UASF_0065,533830305400c8010b8c086e,533830305400c8010b8c086e,7,1,EXACT_SIGNATURE_EQUIVALENCE
KOTLIN::kotlin.platform_flexible_type,kotlin,BASE_553_MATRIX,UASF_0157,242cfd7fa1951d1212c797e1,242cfd7fa1951d1212c797e1,7,1,EXACT_SIGNATURE_EQUIVALENCE
KOTLIN::kotlin.range_progression_iteration,kotlin,BASE_553_MATRIX,UASF_0165,0406e41fcc86769706aeed6b,0406e41fcc86769706aeed6b,5,1,EXACT_SIGNATURE_EQUIVALENCE
KOTLIN::kotlin.receiver_function_type,kotlin,BASE_553_MATRIX,UASF_0053,88b6c905ed2ddca52a441c59,88b6c905ed2ddca52a441c59,6,1,EXACT_SIGNATURE_EQUIVALENCE
KOTLIN::kotlin.reflection_kclass,kotlin,BASE_553_MATRIX,UASF_0065,533830305400c8010b8c086e,533830305400c8010b8c086e,7,1,EXACT_SIGNATURE_EQUIVALENCE
KOTLIN::kotlin.reified_type_parameter,kotlin,BASE_553_MATRIX,UASF_0053,88b6c905ed2ddca52a441c59,88b6c905ed2ddca52a441c59,6,1,EXACT_SIGNATURE_EQUIVALENCE
KOTLIN::kotlin.returns_implies_effect,kotlin,BASE_553_MATRIX,UASF_0110,4741802ce7ed4fff66328cf0,4741802ce7ed4fff66328cf0,7,1,EXACT_SIGNATURE_EQUIVALENCE
KOTLIN::kotlin.safe_call,kotlin,BASE_553_MATRIX,UASF_0157,242cfd7fa1951d1212c797e1,242cfd7fa1951d1212c797e1,7,1,EXACT_SIGNATURE_EQUIVALENCE
KOTLIN::kotlin.sam_conversion,kotlin,BASE_553_MATRIX,UASF_0065,533830305400c8010b8c086e,533830305400c8010b8c086e,7,1,EXACT_SIGNATURE_EQUIVALENCE
KOTLIN::kotlin.sealed_class_interface,kotlin,BASE_553_MATRIX,UASF_0085,2abb5fb17a48439332ff2c35,2abb5fb17a48439332ff2c35,6,1,EXACT_SIGNATURE_EQUIVALENCE
KOTLIN::kotlin.smart_cast,kotlin,BASE_553_MATRIX,UASF_0157,242cfd7fa1951d1212c797e1,242cfd7fa1951d1212c797e1,7,1,EXACT_SIGNATURE_EQUIVALENCE
KOTLIN::kotlin.star_projection,kotlin,BASE_553_MATRIX,UASF_0053,88b6c905ed2ddca52a441c59,88b6c905ed2ddca52a441c59,6,1,EXACT_SIGNATURE_EQUIVALENCE
KOTLIN::kotlin.suspend_function_type,kotlin,BASE_553_MATRIX,UASF_0053,88b6c905ed2ddca52a441c59,88b6c905ed2ddca52a441c59,6,1,EXACT_SIGNATURE_EQUIVALENCE
KOTLIN::kotlin.suspend_lambda,kotlin,BASE_553_MATRIX,UASF_0139,60b5cd36d0b2ee3d5afde30e,60b5cd36d0b2ee3d5afde30e,7,1,EXACT_SIGNATURE_EQUIVALENCE
KOTLIN::kotlin.suspend_resume,kotlin,BASE_553_MATRIX,UASF_0139,60b5cd36d0b2ee3d5afde30e,60b5cd36d0b2ee3d5afde30e,7,1,EXACT_SIGNATURE_EQUIVALENCE
KOTLIN::kotlin.trailing_lambda,kotlin,BASE_553_MATRIX,UASF_0065,533830305400c8010b8c086e,533830305400c8010b8c086e,7,1,EXACT_SIGNATURE_EQUIVALENCE
KOTLIN::kotlin.try_expression,kotlin,BASE_553_MATRIX,UASF_0170,e333dd0af853fa771b3d69b0,e333dd0af853fa771b3d69b0,5,1,EXACT_SIGNATURE_EQUIVALENCE
KOTLIN::kotlin.type_alias,kotlin,BASE_553_MATRIX,UASF_0053,88b6c905ed2ddca52a441c59,88b6c905ed2ddca52a441c59,6,1,EXACT_SIGNATURE_EQUIVALENCE
KOTLIN::kotlin.type_inference_constraint_system,kotlin,BASE_553_MATRIX,UASF_0053,88b6c905ed2ddca52a441c59,88b6c905ed2ddca52a441c59,6,1,EXACT_SIGNATURE_EQUIVALENCE
KOTLIN::kotlin.unit_type,kotlin,BASE_553_MATRIX,UASF_0053,88b6c905ed2ddca52a441c59,88b6c905ed2ddca52a441c59,6,1,EXACT_SIGNATURE_EQUIVALENCE
KOTLIN::kotlin.unsigned_integer_types,kotlin,BASE_553_MATRIX,UASF_0053,88b6c905ed2ddca52a441c59,88b6c905ed2ddca52a441c59,6,1,EXACT_SIGNATURE_EQUIVALENCE
KOTLIN::kotlin.value_class,kotlin,BASE_553_MATRIX,UASF_0085,2abb5fb17a48439332ff2c35,2abb5fb17a48439332ff2c35,6,1,EXACT_SIGNATURE_EQUIVALENCE
KOTLIN::kotlin.vararg_spread,kotlin,BASE_553_MATRIX,UASF_0065,533830305400c8010b8c086e,533830305400c8010b8c086e,7,1,EXACT_SIGNATURE_EQUIVALENCE
KOTLIN::kotlin.variance_in_out,kotlin,BASE_553_MATRIX,UASF_0053,88b6c905ed2ddca52a441c59,88b6c905ed2ddca52a441c59,6,1,EXACT_SIGNATURE_EQUIVALENCE
KOTLIN::kotlin.wasm_backend_lowering,kotlin,BASE_553_MATRIX,UASF_0002,28e1a47261a7ab2d578ce7f7,28e1a47261a7ab2d578ce7f7,7,1,EXACT_SIGNATURE_EQUIVALENCE
KOTLIN::kotlin.when_exhaustiveness,kotlin,BASE_553_MATRIX,UASF_0163,db4053da7b96665d1101908d,db4053da7b96665d1101908d,6,1,EXACT_SIGNATURE_EQUIVALENCE
KOTLIN::kotlin.when_expression,kotlin,BASE_553_MATRIX,UASF_0163,db4053da7b96665d1101908d,db4053da7b96665d1101908d,6,1,EXACT_SIGNATURE_EQUIVALENCE
R::r.active_binding,r,BASE_553_MATRIX,UASF_0081,5dcda42ebfffed83b255e0fb,5dcda42ebfffed83b255e0fb,5,1,EXACT_SIGNATURE_EQUIVALENCE
R::r.altrep,r,BASE_553_MATRIX,UASF_0240,ce53ad6f9b635895a2a8b308,ce53ad6f9b635895a2a8b308,4,1,EXACT_SIGNATURE_EQUIVALENCE
R::r.atomic_vector,r,BASE_553_MATRIX,UASF_0314,1dea09db2bf5e9f71de8a0b8,1dea09db2bf5e9f71de8a0b8,5,1,EXACT_SIGNATURE_EQUIVALENCE
R::r.attributes,r,BASE_553_MATRIX,UASF_0251,4099a151c841e97e37070bb3,4099a151c841e97e37070bb3,5,1,EXACT_SIGNATURE_EQUIVALENCE
R::r.bytecode_compiler,r,BASE_553_MATRIX,UASF_0124,10b42f0813fd8c2c537d08b2,10b42f0813fd8c2c537d08b2,4,1,EXACT_SIGNATURE_EQUIVALENCE
R::r.closure_environment_capture,r,BASE_553_MATRIX,UASF_0044,4371b30d4f7e5ae409b50516,4371b30d4f7e5ae409b50516,5,1,EXACT_SIGNATURE_EQUIVALENCE
R::r.coercion_lattice,r,BASE_553_MATRIX,UASF_0197,45ea230b3f85224de06d72e2,45ea230b3f85224de06d72e2,5,1,EXACT_SIGNATURE_EQUIVALENCE
R::r.complex_type,r,BASE_553_MATRIX,UASF_0324,d89341b3a56c1531675f852d,d89341b3a56c1531675f852d,4,1,EXACT_SIGNATURE_EQUIVALENCE
R::r.condition_system,r,BASE_553_MATRIX,UASF_0171,59f2f320c49c9bb0a1edea68,59f2f320c49c9bb0a1edea68,5,1,EXACT_SIGNATURE_EQUIVALENCE
R::r.copy_on_modify_named,r,BASE_553_MATRIX,UASF_0211,e8e49e924cfdae49f37e9297,e8e49e924cfdae49f37e9297,5,1,EXACT_SIGNATURE_EQUIVALENCE
R::r.default_argument_lazy,r,BASE_553_MATRIX,UASF_0216,46730a9c7efc2023aa93d641,46730a9c7efc2023aa93d641,5,1,EXACT_SIGNATURE_EQUIVALENCE
R::r.delayed_assignment,r,BASE_553_MATRIX,UASF_0083,6e283faf5ed6574305aff1a8,6e283faf5ed6574305aff1a8,5,1,EXACT_SIGNATURE_EQUIVALENCE
R::r.dollar_member_partial_match,r,BASE_553_MATRIX,UASF_0233,4d3172e2013828ec88281351,4d3172e2013828ec88281351,4,1,EXACT_SIGNATURE_EQUIVALENCE
R::r.dots_ellipsis,r,BASE_553_MATRIX,UASF_0071,81306f94317ce31b1092f987,81306f94317ce31b1092f987,6,1,EXACT_SIGNATURE_EQUIVALENCE
R::r.double_bracket_index,r,BASE_553_MATRIX,UASF_0232,5884023eb89dc174c2dbb804,5884023eb89dc174c2dbb804,3,1,EXACT_SIGNATURE_EQUIVALENCE
R::r.environment,r,BASE_553_MATRIX,UASF_0046,e2226eb593b68382ddb0f24e,e2226eb593b68382ddb0f24e,5,1,EXACT_SIGNATURE_EQUIVALENCE
R::r.ffi_C_Call_External,r,BASE_553_MATRIX,UASF_0014,2789ab4afc76cd73f4c3cff9,2789ab4afc76cd73f4c3cff9,5,1,EXACT_SIGNATURE_EQUIVALENCE
R::r.gc_protect,r,BASE_553_MATRIX,UASF_0027,128f28f31a3d2ac674994ce1,128f28f31a3d2ac674994ce1,4,1,EXACT_SIGNATURE_EQUIVALENCE
R::r.language_object_pairlist,r,BASE_553_MATRIX,UASF_0243,457139d070054c4f53fe773c,457139d070054c4f53fe773c,5,1,EXACT_SIGNATURE_EQUIVALENCE
R::r.lexical_lookup,r,BASE_553_MATRIX,UASF_0044,4371b30d4f7e5ae409b50516,4371b30d4f7e5ae409b50516,5,1,EXACT_SIGNATURE_EQUIVALENCE
R::r.list_pairlist,r,BASE_553_MATRIX,UASF_0315,d5b7a866d1b4fe1c852c8ffa,d5b7a866d1b4fe1c852c8ffa,4,1,EXACT_SIGNATURE_EQUIVALENCE
R::r.logical_index,r,BASE_553_MATRIX,UASF_0234,eee006e17a30307111d1bde5,eee006e17a30307111d1bde5,4,1,EXACT_SIGNATURE_EQUIVALENCE
R::r.missing_argument,r,BASE_553_MATRIX,UASF_0227,f290e31ac4f3e414e93b3134,f290e31ac4f3e414e93b3134,4,1,EXACT_SIGNATURE_EQUIVALENCE
R::r.na_propagation,r,BASE_553_MATRIX,UASF_0192,18cb0f512c850e6991c5fad7,18cb0f512c850e6991c5fad7,5,1,EXACT_SIGNATURE_EQUIVALENCE
R::r.na_value,r,BASE_553_MATRIX,UASF_0315,d5b7a866d1b4fe1c852c8ffa,d5b7a866d1b4fe1c852c8ffa,4,1,EXACT_SIGNATURE_EQUIVALENCE
R::r.namespace_package,r,BASE_553_MATRIX,UASF_0077,126db78f308cfa27c72af715,126db78f308cfa27c72af715,5,1,EXACT_SIGNATURE_EQUIVALENCE
R::r.nan_inf_semantics,r,BASE_553_MATRIX,UASF_0325,44cb2a20c7af955b4dd3e2e2,44cb2a20c7af955b4dd3e2e2,3,1,EXACT_SIGNATURE_EQUIVALENCE
R::r.native_registration,r,BASE_553_MATRIX,UASF_0011,2c4c2f2ecce21d4462154d8a,2c4c2f2ecce21d4462154d8a,4,1,EXACT_SIGNATURE_EQUIVALENCE
R::r.negative_index_exclusion,r,BASE_553_MATRIX,UASF_0232,5884023eb89dc174c2dbb804,5884023eb89dc174c2dbb804,3,1,EXACT_SIGNATURE_EQUIVALENCE
R::r.on_exit_cleanup,r,BASE_553_MATRIX,UASF_0169,c21759d0cd775dcc5a8d8407,c21759d0cd775dcc5a8d8407,4,1,EXACT_SIGNATURE_EQUIVALENCE
R::r.one_based_index,r,BASE_553_MATRIX,UASF_0228,f52d6710a50464aa6f51989f,f52d6710a50464aa6f51989f,4,1,EXACT_SIGNATURE_EQUIVALENCE
R::r.promise_forcing,r,BASE_553_MATRIX,UASF_0069,802aea0640b11e92a13168c9,802aea0640b11e92a13168c9,5,1,EXACT_SIGNATURE_EQUIVALENCE
R::r.promise_lazy_argument,r,BASE_553_MATRIX,UASF_0072,e5b1330f37fdc9ed89d50318,e5b1330f37fdc9ed89d50318,5,1,EXACT_SIGNATURE_EQUIVALENCE
R::r.quote_substitute_eval,r,BASE_553_MATRIX,UASF_0239,e5e8c11dee7f8ebf2200cafc,e5e8c11dee7f8ebf2200cafc,6,1,EXACT_SIGNATURE_EQUIVALENCE
R::r.raw_type,r,BASE_553_MATRIX,UASF_0324,d89341b3a56c1531675f852d,d89341b3a56c1531675f852d,4,1,EXACT_SIGNATURE_EQUIVALENCE
R::r.restarts_unwind,r,BASE_553_MATRIX,UASF_0185,a8c322e9444ec23356229b6f,a8c322e9444ec23356229b6f,4,1,EXACT_SIGNATURE_EQUIVALENCE
R::r.rng_state,r,BASE_553_MATRIX,UASF_0213,770d5e42b44ab95715db429d,770d5e42b44ab95715db429d,4,1,EXACT_SIGNATURE_EQUIVALENCE
R::r.s3_dispatch,r,BASE_553_MATRIX,UASF_0237,560c1e16abdd4b402cf093ad,560c1e16abdd4b402cf093ad,6,1,EXACT_SIGNATURE_EQUIVALENCE
R::r.s4_dispatch,r,BASE_553_MATRIX,UASF_0241,a5045763ff309bef43ff9cf6,a5045763ff309bef43ff9cf6,6,1,EXACT_SIGNATURE_EQUIVALENCE
R::r.superassignment,r,BASE_553_MATRIX,UASF_0042,02929231aabb44af2c5dcd46,02929231aabb44af2c5dcd46,6,1,EXACT_SIGNATURE_EQUIVALENCE
R::r.vector_recycling,r,BASE_553_MATRIX,UASF_0191,3ca15db2f586e724f3cf55eb,3ca15db2f586e724f3cf55eb,5,1,EXACT_SIGNATURE_EQUIVALENCE
R::r.vectorized_operation,r,BASE_553_MATRIX,UASF_0229,71899dfe58a74dce5b28bb39,71899dfe58a74dce5b28bb39,5,1,EXACT_SIGNATURE_EQUIVALENCE
RUST::rust.abi_layout,rust,BASE_553_MATRIX,UASF_0028,94fca73dc69ccc59d95e630b,94fca73dc69ccc59d95e630b,4,1,EXACT_SIGNATURE_EQUIVALENCE
RUST::rust.aliasing_model,rust,BASE_553_MATRIX,UASF_0230,3bfe8ee80d128523fec00dd4,3bfe8ee80d128523fec00dd4,4,1,EXACT_SIGNATURE_EQUIVALENCE
RUST::rust.associated_consts,rust,BASE_553_MATRIX,UASF_0131,b1dca7adc0c8a2d6c2573865,b1dca7adc0c8a2d6c2573865,4,1,EXACT_SIGNATURE_EQUIVALENCE
RUST::rust.associated_types,rust,BASE_553_MATRIX,UASF_0300,0d87a50d041f669995ec9d6c,0d87a50d041f669995ec9d6c,4,1,EXACT_SIGNATURE_EQUIVALENCE
RUST::rust.async_await,rust,BASE_553_MATRIX,UASF_0140,8d30b69f20e17b5473639741,8d30b69f20e17b5473639741,5,1,EXACT_SIGNATURE_EQUIVALENCE
RUST::rust.atomic_ordering,rust,BASE_553_MATRIX,UASF_0146,aee20d3088636c5e2e5545a4,aee20d3088636c5e2e5545a4,5,1,EXACT_SIGNATURE_EQUIVALENCE
RUST::rust.attributes_cfg,rust,BASE_553_MATRIX,UASF_0125,013e768fa0f95634d28518fa,013e768fa0f95634d28518fa,3,1,EXACT_SIGNATURE_EQUIVALENCE
RUST::rust.autoderef_autoref,rust,BASE_553_MATRIX,UASF_0195,2059eb3c6b77c70318ebd88c,2059eb3c6b77c70318ebd88c,4,1,EXACT_SIGNATURE_EQUIVALENCE
RUST::rust.await_suspension,rust,BASE_553_MATRIX,UASF_0141,11cbc549c05175c880071f03,11cbc549c05175c880071f03,5,1,EXACT_SIGNATURE_EQUIVALENCE
RUST::rust.blanket_impl,rust,BASE_553_MATRIX,UASF_0327,73da47858dcd5db60a9ae7fe,73da47858dcd5db60a9ae7fe,3,1,EXACT_SIGNATURE_EQUIVALENCE
RUST::rust.borrow_checker,rust,BASE_553_MATRIX,UASF_0057,747f3149efcbd3b9d664c005,747f3149efcbd3b9d664c005,5,1,EXACT_SIGNATURE_EQUIVALENCE
RUST::rust.cell_refcell,rust,BASE_553_MATRIX,UASF_0247,6e941e60d06cc85c32e8ea15,6e941e60d06cc85c32e8ea15,4,1,EXACT_SIGNATURE_EQUIVALENCE
RUST::rust.closure_capture_modes,rust,BASE_553_MATRIX,UASF_0043,85a2682d765567dad229b484,85a2682d765567dad229b484,5,1,EXACT_SIGNATURE_EQUIVALENCE
RUST::rust.coherence_orphan,rust,BASE_553_MATRIX,UASF_0136,4ab4a9f9c360ea2f3aa132fe,4ab4a9f9c360ea2f3aa132fe,4,1,EXACT_SIGNATURE_EQUIVALENCE
RUST::rust.const_eval,rust,BASE_553_MATRIX,UASF_0127,8a6bfce296f0a77bffdc6040,8a6bfce296f0a77bffdc6040,5,1,EXACT_SIGNATURE_EQUIVALENCE
RUST::rust.const_generics,rust,BASE_553_MATRIX,UASF_0131,b1dca7adc0c8a2d6c2573865,b1dca7adc0c8a2d6c2573865,4,1,EXACT_SIGNATURE_EQUIVALENCE
RUST::rust.copy_semantics,rust,BASE_553_MATRIX,UASF_0323,04e1ffa1030978d8e0133729,04e1ffa1030978d8e0133729,4,1,EXACT_SIGNATURE_EQUIVALENCE
RUST::rust.crate_module_resolution,rust,BASE_553_MATRIX,UASF_0130,cbe797178be8aa714d44f3cf,cbe797178be8aa714d44f3cf,3,1,EXACT_SIGNATURE_EQUIVALENCE
RUST::rust.deref_coercion,rust,BASE_553_MATRIX,UASF_0195,2059eb3c6b77c70318ebd88c,2059eb3c6b77c70318ebd88c,4,1,EXACT_SIGNATURE_EQUIVALENCE
RUST::rust.destructor_order,rust,BASE_553_MATRIX,UASF_0172,8fb064c3e6d92bc3f8088ab4,8fb064c3e6d92bc3f8088ab4,4,1,EXACT_SIGNATURE_EQUIVALENCE
RUST::rust.drop_check,rust,BASE_553_MATRIX,UASF_0061,63009e10d8804e125a787650,63009e10d8804e125a787650,4,1,EXACT_SIGNATURE_EQUIVALENCE
RUST::rust.drop_semantics,rust,BASE_553_MATRIX,UASF_0173,ad77a9bfdf6e6130c0d759c2,ad77a9bfdf6e6130c0d759c2,5,1,EXACT_SIGNATURE_EQUIVALENCE
RUST::rust.dst_unsized,rust,BASE_553_MATRIX,UASF_0029,88f2546266de740312c8442d,88f2546266de740312c8442d,3,1,EXACT_SIGNATURE_EQUIVALENCE
RUST::rust.enum_variant_semantics,rust,BASE_553_MATRIX,UASF_0294,56ad4a42ab8bb54bf274009c,56ad4a42ab8bb54bf274009c,4,1,EXACT_SIGNATURE_EQUIVALENCE
RUST::rust.feature_gates,rust,BASE_553_MATRIX,UASF_0126,55ca6e91b86bb07dc74edd0c,55ca6e91b86bb07dc74edd0c,3,1,EXACT_SIGNATURE_EQUIVALENCE
RUST::rust.ffi_extern_abi,rust,BASE_553_MATRIX,UASF_0012,b446f1d33c022a60c21f666a,b446f1d33c022a60c21f666a,4,1,EXACT_SIGNATURE_EQUIVALENCE
RUST::rust.fn_traits,rust,BASE_553_MATRIX,UASF_0105,77d594919d597f48bfbe7857,77d594919d597f48bfbe7857,3,1,EXACT_SIGNATURE_EQUIVALENCE
RUST::rust.future_poll,rust,BASE_553_MATRIX,UASF_0143,434dc736ead8d10a63ead2f1,434dc736ead8d10a63ead2f1,4,1,EXACT_SIGNATURE_EQUIVALENCE
RUST::rust.generator_coroutine,rust,BASE_553_MATRIX,UASF_0164,4250525689c9aabf13dd0ad9,4250525689c9aabf13dd0ad9,5,1,EXACT_SIGNATURE_EQUIVALENCE
RUST::rust.generic_bounds,rust,BASE_553_MATRIX,UASF_0300,0d87a50d041f669995ec9d6c,0d87a50d041f669995ec9d6c,4,1,EXACT_SIGNATURE_EQUIVALENCE
RUST::rust.higher_ranked_lifetimes,rust,BASE_553_MATRIX,UASF_0299,090682dc246a0708cfe0335e,090682dc246a0708cfe0335e,4,1,EXACT_SIGNATURE_EQUIVALENCE
RUST::rust.hir_lowering,rust,BASE_553_MATRIX,UASF_0279,1d4da1f8fa531044044abb7a,1d4da1f8fa531044044abb7a,4,1,EXACT_SIGNATURE_EQUIVALENCE
RUST::rust.if_let_while_let,rust,BASE_553_MATRIX,UASF_0059,ebf0e71dfeb8468b3c189f05,ebf0e71dfeb8468b3c189f05,4,1,EXACT_SIGNATURE_EQUIVALENCE
RUST::rust.impl_trait,rust,BASE_553_MATRIX,UASF_0295,fe7224d2beffb9f937bf35b0,fe7224d2beffb9f937bf35b0,4,1,EXACT_SIGNATURE_EQUIVALENCE
RUST::rust.interior_mutability,rust,BASE_553_MATRIX,UASF_0248,d6cfbaafe8ab69c54dd8abac,d6cfbaafe8ab69c54dd8abac,5,1,EXACT_SIGNATURE_EQUIVALENCE
RUST::rust.let_else,rust,BASE_553_MATRIX,UASF_0058,c0e43f261721959e63740487,c0e43f261721959e63740487,4,1,EXACT_SIGNATURE_EQUIVALENCE
RUST::rust.lifetime_parameters,rust,BASE_553_MATRIX,UASF_0299,090682dc246a0708cfe0335e,090682dc246a0708cfe0335e,4,1,EXACT_SIGNATURE_EQUIVALENCE
RUST::rust.loop_break_value,rust,BASE_553_MATRIX,UASF_0166,7f6e06222e05d8204a698027,7f6e06222e05d8204a698027,4,1,EXACT_SIGNATURE_EQUIVALENCE
RUST::rust.macro_rules_hygiene,rust,BASE_553_MATRIX,UASF_0102,bf15a96aee38b79cb6a5ea6e,bf15a96aee38b79cb6a5ea6e,4,1,EXACT_SIGNATURE_EQUIVALENCE
RUST::rust.match_exhaustiveness,rust,BASE_553_MATRIX,UASF_0113,7bf325c3a9ec31d47026a71d,7bf325c3a9ec31d47026a71d,4,1,EXACT_SIGNATURE_EQUIVALENCE
RUST::rust.match_guards,rust,BASE_553_MATRIX,UASF_0161,59ba1e6c48e5338bf758763f,59ba1e6c48e5338bf758763f,4,1,EXACT_SIGNATURE_EQUIVALENCE
RUST::rust.method_resolution,rust,BASE_553_MATRIX,UASF_0326,b2e397c7c0ec1233b95f567a,b2e397c7c0ec1233b95f567a,4,1,EXACT_SIGNATURE_EQUIVALENCE
RUST::rust.mir_semantics,rust,BASE_553_MATRIX,UASF_0162,d5ac87389617c569b770d1ff,d5ac87389617c569b770d1ff,5,1,EXACT_SIGNATURE_EQUIVALENCE
RUST::rust.monomorphization,rust,BASE_553_MATRIX,UASF_0004,ea662fb017401577402dfe6c,ea662fb017401577402dfe6c,4,1,EXACT_SIGNATURE_EQUIVALENCE
RUST::rust.move_semantics,rust,BASE_553_MATRIX,UASF_0212,638aac70e142513ebdba586d,638aac70e142513ebdba586d,5,1,EXACT_SIGNATURE_EQUIVALENCE
RUST::rust.mutable_borrow,rust,BASE_553_MATRIX,UASF_0070,c7d46cecbf67f86c0f1f2bbe,c7d46cecbf67f86c0f1f2bbe,6,1,EXACT_SIGNATURE_EQUIVALENCE
RUST::rust.name_resolution_hygiene,rust,BASE_553_MATRIX,UASF_0103,95994ccc34a6ed4923de9178,95994ccc34a6ed4923de9178,3,1,EXACT_SIGNATURE_EQUIVALENCE
RUST::rust.never_type_divergence,rust,BASE_553_MATRIX,UASF_0186,ff4d01ca433461ba26a91e92,ff4d01ca433461ba26a91e92,3,1,EXACT_SIGNATURE_EQUIVALENCE
RUST::rust.nonlexical_lifetimes,rust,BASE_553_MATRIX,UASF_0056,138ddb60c604b96b18c43d9c,138ddb60c604b96b18c43d9c,4,1,EXACT_SIGNATURE_EQUIVALENCE
RUST::rust.opaque_types,rust,BASE_553_MATRIX,UASF_0330,2839f2cdbf1e5ef935ec4c3e,2839f2cdbf1e5ef935ec4c3e,4,1,EXACT_SIGNATURE_EQUIVALENCE
RUST::rust.operator_traits,rust,BASE_553_MATRIX,UASF_0325,44cb2a20c7af955b4dd3e2e2,44cb2a20c7af955b4dd3e2e2,3,1,EXACT_SIGNATURE_EQUIVALENCE
RUST::rust.option_niche_optimization,rust,BASE_553_MATRIX,UASF_0017,c06dc163b74d69d43f5d7830,c06dc163b74d69d43f5d7830,4,1,EXACT_SIGNATURE_EQUIVALENCE
RUST::rust.panic_unwind_abort,rust,BASE_553_MATRIX,UASF_0005,7de890a4af2a9be05992cfcc,7de890a4af2a9be05992cfcc,5,1,EXACT_SIGNATURE_EQUIVALENCE
RUST::rust.pattern_destructuring,rust,BASE_553_MATRIX,UASF_0055,503ff07b183948445c9acf3f,503ff07b183948445c9acf3f,5,1,EXACT_SIGNATURE_EQUIVALENCE
RUST::rust.pin_unpin,rust,BASE_553_MATRIX,UASF_0323,04e1ffa1030978d8e0133729,04e1ffa1030978d8e0133729,4,1,EXACT_SIGNATURE_EQUIVALENCE
RUST::rust.pointer_provenance,rust,BASE_553_MATRIX,UASF_0021,42f97691f52828a72c7e5627,42f97691f52828a72c7e5627,5,1,EXACT_SIGNATURE_EQUIVALENCE
RUST::rust.proc_macro,rust,BASE_553_MATRIX,UASF_0117,4d03f1d21e9a5e590c6131fd,4d03f1d21e9a5e590c6131fd,4,1,EXACT_SIGNATURE_EQUIVALENCE
RUST::rust.raw_pointer_deref,rust,BASE_553_MATRIX,UASF_0013,5a9bf3b3138715b5ae652f13,5a9bf3b3138715b5ae652f13,5,1,EXACT_SIGNATURE_EQUIVALENCE
RUST::rust.reborrow,rust,BASE_553_MATRIX,UASF_0073,416a7b334e7518bf7c6987b5,416a7b334e7518bf7c6987b5,4,1,EXACT_SIGNATURE_EQUIVALENCE
RUST::rust.ref_patterns,rust,BASE_553_MATRIX,UASF_0092,1e2ebd80a1572350c278f524,1e2ebd80a1572350c278f524,3,1,EXACT_SIGNATURE_EQUIVALENCE
RUST::rust.region_inference,rust,BASE_553_MATRIX,UASF_0096,b82614a4e241a6014732357a,b82614a4e241a6014732357a,3,1,EXACT_SIGNATURE_EQUIVALENCE
RUST::rust.repr_attributes,rust,BASE_553_MATRIX,UASF_0019,4470ae71a9d3ba7fc6e768ec,4470ae71a9d3ba7fc6e768ec,4,1,EXACT_SIGNATURE_EQUIVALENCE
RUST::rust.result_question_operator,rust,BASE_553_MATRIX,UASF_0184,bbaf70c0925309b7b029f073,bbaf70c0925309b7b029f073,5,1,EXACT_SIGNATURE_EQUIVALENCE
RUST::rust.send_sync_auto_traits,rust,BASE_553_MATRIX,UASF_0149,a6f02221775fe81753eb00b2,a6f02221775fe81753eb00b2,4,1,EXACT_SIGNATURE_EQUIVALENCE
RUST::rust.shared_borrow,rust,BASE_553_MATRIX,UASF_0074,59e06b04d95f6799c5958855,59e06b04d95f6799c5958855,5,1,EXACT_SIGNATURE_EQUIVALENCE
RUST::rust.slice_fat_pointer,rust,BASE_553_MATRIX,UASF_0028,94fca73dc69ccc59d95e630b,94fca73dc69ccc59d95e630b,4,1,EXACT_SIGNATURE_EQUIVALENCE
RUST::rust.smart_pointer_ownership,rust,BASE_553_MATRIX,UASF_0248,d6cfbaafe8ab69c54dd8abac,d6cfbaafe8ab69c54dd8abac,5,1,EXACT_SIGNATURE_EQUIVALENCE
RUST::rust.specialization,rust,BASE_553_MATRIX,UASF_0132,b341059d605579d038c28214,b341059d605579d038c28214,3,1,EXACT_SIGNATURE_EQUIVALENCE
RUST::rust.thread_memory_model,rust,BASE_553_MATRIX,UASF_0148,cf64b7b6f8dcf2fe694654ff,cf64b7b6f8dcf2fe694654ff,5,1,EXACT_SIGNATURE_EQUIVALENCE
RUST::rust.trait_definition,rust,BASE_553_MATRIX,UASF_0298,381da27fb3504d4014169bae,381da27fb3504d4014169bae,4,1,EXACT_SIGNATURE_EQUIVALENCE
RUST::rust.trait_impl,rust,BASE_553_MATRIX,UASF_0298,381da27fb3504d4014169bae,381da27fb3504d4014169bae,4,1,EXACT_SIGNATURE_EQUIVALENCE
RUST::rust.trait_object_dyn,rust,BASE_553_MATRIX,UASF_0030,f107e1a18fab7bf070227756,f107e1a18fab7bf070227756,4,1,EXACT_SIGNATURE_EQUIVALENCE
RUST::rust.unsafe_block,rust,BASE_553_MATRIX,UASF_0238,1109075536beb924171fdcfc,1109075536beb924171fdcfc,4,1,EXACT_SIGNATURE_EQUIVALENCE
RUST::rust.unsafe_trait_impl,rust,BASE_553_MATRIX,UASF_0242,911f27c5b441b96b28b950b6,911f27c5b441b96b28b950b6,4,1,EXACT_SIGNATURE_EQUIVALENCE
RUST::rust.unsize_coercion,rust,BASE_553_MATRIX,UASF_0009,963138d780d70f68262db2dc,963138d780d70f68262db2dc,4,1,EXACT_SIGNATURE_EQUIVALENCE
RUST::rust.visibility_privacy,rust,BASE_553_MATRIX,UASF_0130,cbe797178be8aa714d44f3cf,cbe797178be8aa714d44f3cf,3,1,EXACT_SIGNATURE_EQUIVALENCE
RUST::rust.vtable_dispatch,rust,BASE_553_MATRIX,UASF_0030,f107e1a18fab7bf070227756,f107e1a18fab7bf070227756,4,1,EXACT_SIGNATURE_EQUIVALENCE
RUST::rust.where_clauses,rust,BASE_553_MATRIX,UASF_0312,c4fb454d02d4b0f874b9fc1e,c4fb454d02d4b0f874b9fc1e,3,1,EXACT_SIGNATURE_EQUIVALENCE
GO::go.statement,go,BASE_553_MATRIX,UASF_0142,2635754683c2609029d46e9e,2635754683c2609029d46e9e,6,1,EXACT_SIGNATURE_EQUIVALENCE
GO::go.channel,go,BASE_553_MATRIX,UASF_0144,ecfd02438378270fbe12ddd0,ecfd02438378270fbe12ddd0,6,1,EXACT_SIGNATURE_EQUIVALENCE
GO::go.select,go,BASE_553_MATRIX,UASF_0142,2635754683c2609029d46e9e,2635754683c2609029d46e9e,6,1,EXACT_SIGNATURE_EQUIVALENCE
GO::go.defer,go,BASE_553_MATRIX,UASF_0168,7c2781040e21ce4273c1bbe0,7c2781040e21ce4273c1bbe0,4,1,EXACT_SIGNATURE_EQUIVALENCE
GO::go.interface,go,BASE_553_MATRIX,UASF_0291,33b59ab08830595538522d73,33b59ab08830595538522d73,5,1,EXACT_SIGNATURE_EQUIVALENCE
GO::go.type_assertion,go,BASE_553_MATRIX,UASF_0177,47f79e5ec02d9b7d85571543,47f79e5ec02d9b7d85571543,6,1,EXACT_SIGNATURE_EQUIVALENCE
GO::go.type_switch,go,BASE_553_MATRIX,UASF_0064,bb6840d2b55a22f3bb7ee8fd,bb6840d2b55a22f3bb7ee8fd,6,1,EXACT_SIGNATURE_EQUIVALENCE
GO::go.slice,go,BASE_553_MATRIX,UASF_0231,1d3ea32a1c928c822e054303,1d3ea32a1c928c822e054303,6,1,EXACT_SIGNATURE_EQUIVALENCE
GO::go.map,go,BASE_553_MATRIX,UASF_0214,dd6d49a2aaea5a388387b1a9,dd6d49a2aaea5a388387b1a9,6,1,EXACT_SIGNATURE_EQUIVALENCE
GO::go.multiple_return,go,BASE_553_MATRIX,UASF_0076,9f56442ca8bc9e6c323a986e,9f56442ca8bc9e6c323a986e,6,1,EXACT_SIGNATURE_EQUIVALENCE
GO::go.short_decl,go,BASE_553_MATRIX,UASF_0075,67a2e64402684ac27a07ad91,67a2e64402684ac27a07ad91,6,1,EXACT_SIGNATURE_EQUIVALENCE
GO::go.range,go,BASE_553_MATRIX,UASF_0054,2480b7c768179a737efb2c5f,2480b7c768179a737efb2c5f,6,1,EXACT_SIGNATURE_EQUIVALENCE
GO::go.panic_recover,go,BASE_553_MATRIX,UASF_0168,7c2781040e21ce4273c1bbe0,7c2781040e21ce4273c1bbe0,4,1,EXACT_SIGNATURE_EQUIVALENCE
GO::go.generics,go,BASE_553_MATRIX,UASF_0334,d77f3e1a5c7e715271d835a2,d77f3e1a5c7e715271d835a2,4,1,EXACT_SIGNATURE_EQUIVALENCE
GO::go.pointer,go,BASE_553_MATRIX,UASF_0231,1d3ea32a1c928c822e054303,1d3ea32a1c928c822e054303,6,1,EXACT_SIGNATURE_EQUIVALENCE
GO::go.nil,go,BASE_553_MATRIX,UASF_0236,ec52b4f263951eb3734c7e6a,ec52b4f263951eb3734c7e6a,4,1,EXACT_SIGNATURE_EQUIVALENCE
GO::go.method,go,BASE_553_MATRIX,UASF_0086,8e80f7122c45f419d949ebda,8e80f7122c45f419d949ebda,7,1,EXACT_SIGNATURE_EQUIVALENCE
GO::go.embedding,go,BASE_553_MATRIX,UASF_0086,8e80f7122c45f419d949ebda,8e80f7122c45f419d949ebda,7,1,EXACT_SIGNATURE_EQUIVALENCE
GO::go.unsafe,go,BASE_553_MATRIX,UASF_0033,468ca784bdcf7b8e4e1603c5,468ca784bdcf7b8e4e1603c5,6,1,EXACT_SIGNATURE_EQUIVALENCE
GO::go.cgo,go,BASE_553_MATRIX,UASF_0010,c55b5e4407105a97a1fb9e68,c55b5e4407105a97a1fb9e68,8,1,EXACT_SIGNATURE_EQUIVALENCE
GO::go.memory_model,go,BASE_553_MATRIX,UASF_0147,42a8af93490759fb48441b2c,42a8af93490759fb48441b2c,4,1,EXACT_SIGNATURE_EQUIVALENCE
JULIA::source.array_literal,julia,SOURCE_DERIVED_MISSING_LANGUAGE,UASF_0224,8049537a16da09c6e3ec9a29,8049537a16da09c6e3ec9a29,5,1,EXACT_ARCHETYPE_SIGNATURE_EQUIVALENCE
JULIA::source.array_type,julia,SOURCE_DERIVED_MISSING_LANGUAGE,UASF_0208,2580720804b128a9e11ffeb7,2580720804b128a9e11ffeb7,4,1,EXACT_ARCHETYPE_SIGNATURE_EQUIVALENCE
JULIA::source.assignment,julia,SOURCE_DERIVED_MISSING_LANGUAGE,UASF_0220,4de20464805e6b7f70894e82,4de20464805e6b7f70894e82,7,1,EXACT_ARCHETYPE_SIGNATURE_EQUIVALENCE
JULIA::source.atomic,julia,SOURCE_DERIVED_MISSING_LANGUAGE,UASF_0154,81640d07a7c61ef02d24263e,81640d07a7c61ef02d24263e,6,1,EXACT_ARCHETYPE_SIGNATURE_EQUIVALENCE
JULIA::source.binary_operation,julia,SOURCE_DERIVED_MISSING_LANGUAGE,UASF_0225,d736949578be84548ee2b56a,d736949578be84548ee2b56a,6,1,EXACT_ARCHETYPE_SIGNATURE_EQUIVALENCE
JULIA::source.bool_type,julia,SOURCE_DERIVED_MISSING_LANGUAGE,UASF_0208,2580720804b128a9e11ffeb7,2580720804b128a9e11ffeb7,4,1,EXACT_ARCHETYPE_SIGNATURE_EQUIVALENCE
JULIA::source.boolean_literal,julia,SOURCE_DERIVED_MISSING_LANGUAGE,UASF_0224,8049537a16da09c6e3ec9a29,8049537a16da09c6e3ec9a29,5,1,EXACT_ARCHETYPE_SIGNATURE_EQUIVALENCE
JULIA::source.break_control,julia,SOURCE_DERIVED_MISSING_LANGUAGE,UASF_0180,9a20140a5d94d0d8f5e12865,9a20140a5d94d0d8f5e12865,4,1,EXACT_ARCHETYPE_SIGNATURE_EQUIVALENCE
JULIA::source.call,julia,SOURCE_DERIVED_MISSING_LANGUAGE,UASF_0221,8b7cc9d0c0d87763f92177c9,8b7cc9d0c0d87763f92177c9,7,1,EXACT_ARCHETYPE_SIGNATURE_EQUIVALENCE
JULIA::source.cast_conversion,julia,SOURCE_DERIVED_MISSING_LANGUAGE,UASF_0226,868ba177ecb7297d5aab900a,868ba177ecb7297d5aab900a,6,1,EXACT_ARCHETYPE_SIGNATURE_EQUIVALENCE
JULIA::source.channel,julia,SOURCE_DERIVED_MISSING_LANGUAGE,UASF_0152,4895473432b7e27bd5e8c4d7,4895473432b7e27bd5e8c4d7,6,1,EXACT_ARCHETYPE_SIGNATURE_EQUIVALENCE
JULIA::source.closure_capture,julia,SOURCE_DERIVED_MISSING_LANGUAGE,UASF_0048,cb2e21577620799363aba340,cb2e21577620799363aba340,5,1,EXACT_ARCHETYPE_SIGNATURE_EQUIVALENCE
JULIA::source.closure_lambda,julia,SOURCE_DERIVED_MISSING_LANGUAGE,UASF_0217,92112e64c21130b03eb0167c,92112e64c21130b03eb0167c,7,1,EXACT_ARCHETYPE_SIGNATURE_EQUIVALENCE
JULIA::source.code_generation_pipeline,julia,SOURCE_DERIVED_MISSING_LANGUAGE,UASF_0122,8b6704b210b3d423c65d72fb,8b6704b210b3d423c65d72fb,4,1,EXACT_ARCHETYPE_SIGNATURE_EQUIVALENCE
JULIA::source.comprehension,julia,SOURCE_DERIVED_MISSING_LANGUAGE,UASF_0218,42d7b662747ea4e9d18e7024,42d7b662747ea4e9d18e7024,7,1,EXACT_ARCHETYPE_SIGNATURE_EQUIVALENCE
JULIA::source.constant_binding,julia,SOURCE_DERIVED_MISSING_LANGUAGE,UASF_0302,3c216bc2d8184459732be828,3c216bc2d8184459732be828,5,1,EXACT_ARCHETYPE_SIGNATURE_EQUIVALENCE
JULIA::source.continue_control,julia,SOURCE_DERIVED_MISSING_LANGUAGE,UASF_0180,9a20140a5d94d0d8f5e12865,9a20140a5d94d0d8f5e12865,4,1,EXACT_ARCHETYPE_SIGNATURE_EQUIVALENCE
JULIA::source.export_public,julia,SOURCE_DERIVED_MISSING_LANGUAGE,UASF_0310,8e269d11885c3ca4e6043d66,8e269d11885c3ca4e6043d66,4,1,EXACT_ARCHETYPE_SIGNATURE_EQUIVALENCE
JULIA::source.ffi_ccall,julia,SOURCE_DERIVED_MISSING_LANGUAGE,UASF_0022,3e793cf0efbeea49bf91d143,3e793cf0efbeea49bf91d143,5,1,EXACT_ARCHETYPE_SIGNATURE_EQUIVALENCE
JULIA::source.float_type,julia,SOURCE_DERIVED_MISSING_LANGUAGE,UASF_0208,2580720804b128a9e11ffeb7,2580720804b128a9e11ffeb7,4,1,EXACT_ARCHETYPE_SIGNATURE_EQUIVALENCE
JULIA::source.for_control,julia,SOURCE_DERIVED_MISSING_LANGUAGE,UASF_0182,fcac79eee22c686af6710555,fcac79eee22c686af6710555,6,1,EXACT_ARCHETYPE_SIGNATURE_EQUIVALENCE
JULIA::source.function_decl,julia,SOURCE_DERIVED_MISSING_LANGUAGE,UASF_0306,0f91236fdd0ed345b0a276af,0f91236fdd0ed345b0a276af,7,1,EXACT_ARCHETYPE_SIGNATURE_EQUIVALENCE
JULIA::source.function_type,julia,SOURCE_DERIVED_MISSING_LANGUAGE,UASF_0205,426d68a8056035791f029f38,426d68a8056035791f029f38,5,1,EXACT_ARCHETYPE_SIGNATURE_EQUIVALENCE
JULIA::source.gc_managed_values,julia,SOURCE_DERIVED_MISSING_LANGUAGE,UASF_0024,acf430bac7f64c0e0806da12,acf430bac7f64c0e0806da12,5,1,EXACT_ARCHETYPE_SIGNATURE_EQUIVALENCE
JULIA::source.identifier_ref,julia,SOURCE_DERIVED_MISSING_LANGUAGE,UASF_0219,c48411c54f834b0de90fa36d,c48411c54f834b0de90fa36d,6,1,EXACT_ARCHETYPE_SIGNATURE_EQUIVALENCE
JULIA::source.if_control,julia,SOURCE_DERIVED_MISSING_LANGUAGE,UASF_0182,fcac79eee22c686af6710555,fcac79eee22c686af6710555,6,1,EXACT_ARCHETYPE_SIGNATURE_EQUIVALENCE
JULIA::source.import_using,julia,SOURCE_DERIVED_MISSING_LANGUAGE,UASF_0304,c72d002443e4ccfddcb1b062,c72d002443e4ccfddcb1b062,5,1,EXACT_ARCHETYPE_SIGNATURE_EQUIVALENCE
JULIA::source.indexing,julia,SOURCE_DERIVED_MISSING_LANGUAGE,UASF_0225,d736949578be84548ee2b56a,d736949578be84548ee2b56a,6,1,EXACT_ARCHETYPE_SIGNATURE_EQUIVALENCE
JULIA::source.integer_type,julia,SOURCE_DERIVED_MISSING_LANGUAGE,UASF_0208,2580720804b128a9e11ffeb7,2580720804b128a9e11ffeb7,4,1,EXACT_ARCHETYPE_SIGNATURE_EQUIVALENCE
JULIA::source.lexical_scope,julia,SOURCE_DERIVED_MISSING_LANGUAGE,UASF_0051,0bbb3f5899e065da053d98f4,0bbb3f5899e065da053d98f4,4,1,EXACT_ARCHETYPE_SIGNATURE_EQUIVALENCE
JULIA::source.lock_mutex,julia,SOURCE_DERIVED_MISSING_LANGUAGE,UASF_0153,4168ca234d1b70a835e93a30,4168ca234d1b70a835e93a30,5,1,EXACT_ARCHETYPE_SIGNATURE_EQUIVALENCE
JULIA::source.lowered_ir,julia,SOURCE_DERIVED_MISSING_LANGUAGE,UASF_0122,8b6704b210b3d423c65d72fb,8b6704b210b3d423c65d72fb,4,1,EXACT_ARCHETYPE_SIGNATURE_EQUIVALENCE
JULIA::source.macro_expansion,julia,SOURCE_DERIVED_MISSING_LANGUAGE,UASF_0119,d134de24dda5d14244339054,d134de24dda5d14244339054,5,1,EXACT_ARCHETYPE_SIGNATURE_EQUIVALENCE
JULIA::source.member_access,julia,SOURCE_DERIVED_MISSING_LANGUAGE,UASF_0219,c48411c54f834b0de90fa36d,c48411c54f834b0de90fa36d,6,1,EXACT_ARCHETYPE_SIGNATURE_EQUIVALENCE
JULIA::source.module_decl,julia,SOURCE_DERIVED_MISSING_LANGUAGE,UASF_0304,c72d002443e4ccfddcb1b062,c72d002443e4ccfddcb1b062,5,1,EXACT_ARCHETYPE_SIGNATURE_EQUIVALENCE
JULIA::source.multiple_dispatch_resolution,julia,SOURCE_DERIVED_MISSING_LANGUAGE,UASF_0204,65a2506bfab2de2100e15385,65a2506bfab2de2100e15385,5,1,EXACT_ARCHETYPE_SIGNATURE_EQUIVALENCE
JULIA::source.multiple_dispatch_runtime,julia,SOURCE_DERIVED_MISSING_LANGUAGE,UASF_0256,45a779475a97244d9155d885,45a779475a97244d9155d885,5,1,EXACT_ARCHETYPE_SIGNATURE_EQUIVALENCE
JULIA::source.name_resolution,julia,SOURCE_DERIVED_MISSING_LANGUAGE,UASF_0047,c48e1d875d0fb48a333ce5a9,c48e1d875d0fb48a333ce5a9,4,1,EXACT_ARCHETYPE_SIGNATURE_EQUIVALENCE
JULIA::source.nullable_union,julia,SOURCE_DERIVED_MISSING_LANGUAGE,UASF_0208,2580720804b128a9e11ffeb7,2580720804b128a9e11ffeb7,4,1,EXACT_ARCHETYPE_SIGNATURE_EQUIVALENCE
JULIA::source.numeric_literal,julia,SOURCE_DERIVED_MISSING_LANGUAGE,UASF_0224,8049537a16da09c6e3ec9a29,8049537a16da09c6e3ec9a29,5,1,EXACT_ARCHETYPE_SIGNATURE_EQUIVALENCE
JULIA::source.optimizer,julia,SOURCE_DERIVED_MISSING_LANGUAGE,UASF_0120,bd2233433f8ede40b3a441a1,bd2233433f8ede40b3a441a1,5,1,EXACT_ARCHETYPE_SIGNATURE_EQUIVALENCE
JULIA::source.parameter_binding,julia,SOURCE_DERIVED_MISSING_LANGUAGE,UASF_0304,c72d002443e4ccfddcb1b062,c72d002443e4ccfddcb1b062,5,1,EXACT_ARCHETYPE_SIGNATURE_EQUIVALENCE
JULIA::source.parametric_generic,julia,SOURCE_DERIVED_MISSING_LANGUAGE,UASF_0305,e8ffd62e377d38921949adb5,e8ffd62e377d38921949adb5,5,1,EXACT_ARCHETYPE_SIGNATURE_EQUIVALENCE
JULIA::source.ptr_type,julia,SOURCE_DERIVED_MISSING_LANGUAGE,UASF_0207,46f352d872cf0bd64c8e241c,46f352d872cf0bd64c8e241c,5,1,EXACT_ARCHETYPE_SIGNATURE_EQUIVALENCE
JULIA::source.return_control,julia,SOURCE_DERIVED_MISSING_LANGUAGE,UASF_0181,8e56798ef79f91e11db58694,8e56798ef79f91e11db58694,5,1,EXACT_ARCHETYPE_SIGNATURE_EQUIVALENCE
JULIA::source.shadowing,julia,SOURCE_DERIVED_MISSING_LANGUAGE,UASF_0049,9cf8b2f1787c2fcbddb3421d,9cf8b2f1787c2fcbddb3421d,5,1,EXACT_ARCHETYPE_SIGNATURE_EQUIVALENCE
JULIA::source.string_literal,julia,SOURCE_DERIVED_MISSING_LANGUAGE,UASF_0224,8049537a16da09c6e3ec9a29,8049537a16da09c6e3ec9a29,5,1,EXACT_ARCHETYPE_SIGNATURE_EQUIVALENCE
JULIA::source.string_type,julia,SOURCE_DERIVED_MISSING_LANGUAGE,UASF_0208,2580720804b128a9e11ffeb7,2580720804b128a9e11ffeb7,4,1,EXACT_ARCHETYPE_SIGNATURE_EQUIVALENCE
JULIA::source.struct_decl,julia,SOURCE_DERIVED_MISSING_LANGUAGE,UASF_0308,dce263f569bf18cc23e5ba00,dce263f569bf18cc23e5ba00,6,1,EXACT_ARCHETYPE_SIGNATURE_EQUIVALENCE
JULIA::source.task_concurrency,julia,SOURCE_DERIVED_MISSING_LANGUAGE,UASF_0151,fd98eb582c5c936ce6622807,fd98eb582c5c936ce6622807,5,1,EXACT_ARCHETYPE_SIGNATURE_EQUIVALENCE
JULIA::source.thread_concurrency,julia,SOURCE_DERIVED_MISSING_LANGUAGE,UASF_0153,4168ca234d1b70a835e93a30,4168ca234d1b70a835e93a30,5,1,EXACT_ARCHETYPE_SIGNATURE_EQUIVALENCE
JULIA::source.throw_control,julia,SOURCE_DERIVED_MISSING_LANGUAGE,UASF_0183,8c4c024aa055000ef0cf02eb,8c4c024aa055000ef0cf02eb,5,1,EXACT_ARCHETYPE_SIGNATURE_EQUIVALENCE
JULIA::source.try_control,julia,SOURCE_DERIVED_MISSING_LANGUAGE,UASF_0183,8c4c024aa055000ef0cf02eb,8c4c024aa055000ef0cf02eb,5,1,EXACT_ARCHETYPE_SIGNATURE_EQUIVALENCE
JULIA::source.tuple_literal,julia,SOURCE_DERIVED_MISSING_LANGUAGE,UASF_0224,8049537a16da09c6e3ec9a29,8049537a16da09c6e3ec9a29,5,1,EXACT_ARCHETYPE_SIGNATURE_EQUIVALENCE
JULIA::source.tuple_type,julia,SOURCE_DERIVED_MISSING_LANGUAGE,UASF_0208,2580720804b128a9e11ffeb7,2580720804b128a9e11ffeb7,4,1,EXACT_ARCHETYPE_SIGNATURE_EQUIVALENCE
JULIA::source.type_inference,julia,SOURCE_DERIVED_MISSING_LANGUAGE,UASF_0203,3f4e01c3d746ace77d81b354,3f4e01c3d746ace77d81b354,5,1,EXACT_ARCHETYPE_SIGNATURE_EQUIVALENCE
JULIA::source.unary_operation,julia,SOURCE_DERIVED_MISSING_LANGUAGE,UASF_0225,d736949578be84548ee2b56a,d736949578be84548ee2b56a,6,1,EXACT_ARCHETYPE_SIGNATURE_EQUIVALENCE
JULIA::source.union_type,julia,SOURCE_DERIVED_MISSING_LANGUAGE,UASF_0206,0894de76dfd27d09e1fd74c8,0894de76dfd27d09e1fd74c8,5,1,EXACT_ARCHETYPE_SIGNATURE_EQUIVALENCE
JULIA::source.variable_binding,julia,SOURCE_DERIVED_MISSING_LANGUAGE,UASF_0303,9e640e05cdaef6a046ddd8ad,9e640e05cdaef6a046ddd8ad,6,1,EXACT_ARCHETYPE_SIGNATURE_EQUIVALENCE
JULIA::source.where_constraint,julia,SOURCE_DERIVED_MISSING_LANGUAGE,UASF_0203,3f4e01c3d746ace77d81b354,3f4e01c3d746ace77d81b354,5,1,EXACT_ARCHETYPE_SIGNATURE_EQUIVALENCE
JULIA::source.while_control,julia,SOURCE_DERIVED_MISSING_LANGUAGE,UASF_0182,fcac79eee22c686af6710555,fcac79eee22c686af6710555,6,1,EXACT_ARCHETYPE_SIGNATURE_EQUIVALENCE
NIM::source.abi_calling_convention,nim,SOURCE_DERIVED_MISSING_LANGUAGE,UASF_0023,7869233b772c876fd7fde9ca,7869233b772c876fd7fde9ca,5,1,EXACT_ARCHETYPE_SIGNATURE_EQUIVALENCE
NIM::source.array_literal,nim,SOURCE_DERIVED_MISSING_LANGUAGE,UASF_0224,8049537a16da09c6e3ec9a29,8049537a16da09c6e3ec9a29,5,1,EXACT_ARCHETYPE_SIGNATURE_EQUIVALENCE
NIM::source.array_type,nim,SOURCE_DERIVED_MISSING_LANGUAGE,UASF_0208,2580720804b128a9e11ffeb7,2580720804b128a9e11ffeb7,4,1,EXACT_ARCHETYPE_SIGNATURE_EQUIVALENCE
NIM::source.assignment,nim,SOURCE_DERIVED_MISSING_LANGUAGE,UASF_0220,4de20464805e6b7f70894e82,4de20464805e6b7f70894e82,7,1,EXACT_ARCHETYPE_SIGNATURE_EQUIVALENCE
NIM::source.binary_operation,nim,SOURCE_DERIVED_MISSING_LANGUAGE,UASF_0225,d736949578be84548ee2b56a,d736949578be84548ee2b56a,6,1,EXACT_ARCHETYPE_SIGNATURE_EQUIVALENCE
NIM::source.bool_type,nim,SOURCE_DERIVED_MISSING_LANGUAGE,UASF_0208,2580720804b128a9e11ffeb7,2580720804b128a9e11ffeb7,4,1,EXACT_ARCHETYPE_SIGNATURE_EQUIVALENCE
NIM::source.break_control,nim,SOURCE_DERIVED_MISSING_LANGUAGE,UASF_0180,9a20140a5d94d0d8f5e12865,9a20140a5d94d0d8f5e12865,4,1,EXACT_ARCHETYPE_SIGNATURE_EQUIVALENCE
NIM::source.bytecode_vm,nim,SOURCE_DERIVED_MISSING_LANGUAGE,UASF_0121,fc78a920d8f6e30964869cc3,fc78a920d8f6e30964869cc3,5,1,EXACT_ARCHETYPE_SIGNATURE_EQUIVALENCE
NIM::source.call,nim,SOURCE_DERIVED_MISSING_LANGUAGE,UASF_0221,8b7cc9d0c0d87763f92177c9,8b7cc9d0c0d87763f92177c9,7,1,EXACT_ARCHETYPE_SIGNATURE_EQUIVALENCE
NIM::source.capture,nim,SOURCE_DERIVED_MISSING_LANGUAGE,UASF_0048,cb2e21577620799363aba340,cb2e21577620799363aba340,5,1,EXACT_ARCHETYPE_SIGNATURE_EQUIVALENCE
NIM::source.cast_conversion,nim,SOURCE_DERIVED_MISSING_LANGUAGE,UASF_0226,868ba177ecb7297d5aab900a,868ba177ecb7297d5aab900a,6,1,EXACT_ARCHETYPE_SIGNATURE_EQUIVALENCE
NIM::source.closure_lambda,nim,SOURCE_DERIVED_MISSING_LANGUAGE,UASF_0217,92112e64c21130b03eb0167c,92112e64c21130b03eb0167c,7,1,EXACT_ARCHETYPE_SIGNATURE_EQUIVALENCE
NIM::source.code_generation,nim,SOURCE_DERIVED_MISSING_LANGUAGE,UASF_0122,8b6704b210b3d423c65d72fb,8b6704b210b3d423c65d72fb,4,1,EXACT_ARCHETYPE_SIGNATURE_EQUIVALENCE
NIM::source.compile_time_eval,nim,SOURCE_DERIVED_MISSING_LANGUAGE,UASF_0118,c18792ac0b5b0f110ad9c1a3,c18792ac0b5b0f110ad9c1a3,5,1,EXACT_ARCHETYPE_SIGNATURE_EQUIVALENCE
NIM::source.compiler_ir,nim,SOURCE_DERIVED_MISSING_LANGUAGE,UASF_0122,8b6704b210b3d423c65d72fb,8b6704b210b3d423c65d72fb,4,1,EXACT_ARCHETYPE_SIGNATURE_EQUIVALENCE
NIM::source.constant_binding,nim,SOURCE_DERIVED_MISSING_LANGUAGE,UASF_0302,3c216bc2d8184459732be828,3c216bc2d8184459732be828,5,1,EXACT_ARCHETYPE_SIGNATURE_EQUIVALENCE
NIM::source.continue_control,nim,SOURCE_DERIVED_MISSING_LANGUAGE,UASF_0180,9a20140a5d94d0d8f5e12865,9a20140a5d94d0d8f5e12865,4,1,EXACT_ARCHETYPE_SIGNATURE_EQUIVALENCE
NIM::source.defer_cleanup,nim,SOURCE_DERIVED_MISSING_LANGUAGE,UASF_0183,8c4c024aa055000ef0cf02eb,8c4c024aa055000ef0cf02eb,5,1,EXACT_ARCHETYPE_SIGNATURE_EQUIVALENCE
NIM::source.dynamic_dispatch,nim,SOURCE_DERIVED_MISSING_LANGUAGE,UASF_0256,45a779475a97244d9155d885,45a779475a97244d9155d885,5,1,EXACT_ARCHETYPE_SIGNATURE_EQUIVALENCE
NIM::source.enum_decl,nim,SOURCE_DERIVED_MISSING_LANGUAGE,UASF_0309,85cfece0effb726f9ce05033,85cfece0effb726f9ce05033,5,1,EXACT_ARCHETYPE_SIGNATURE_EQUIVALENCE
NIM::source.exception_try,nim,SOURCE_DERIVED_MISSING_LANGUAGE,UASF_0183,8c4c024aa055000ef0cf02eb,8c4c024aa055000ef0cf02eb,5,1,EXACT_ARCHETYPE_SIGNATURE_EQUIVALENCE
NIM::source.ffi,nim,SOURCE_DERIVED_MISSING_LANGUAGE,UASF_0022,3e793cf0efbeea49bf91d143,3e793cf0efbeea49bf91d143,5,1,EXACT_ARCHETYPE_SIGNATURE_EQUIVALENCE
NIM::source.float_type,nim,SOURCE_DERIVED_MISSING_LANGUAGE,UASF_0208,2580720804b128a9e11ffeb7,2580720804b128a9e11ffeb7,4,1,EXACT_ARCHETYPE_SIGNATURE_EQUIVALENCE
NIM::source.for_control,nim,SOURCE_DERIVED_MISSING_LANGUAGE,UASF_0182,fcac79eee22c686af6710555,fcac79eee22c686af6710555,6,1,EXACT_ARCHETYPE_SIGNATURE_EQUIVALENCE
NIM::source.function_decl,nim,SOURCE_DERIVED_MISSING_LANGUAGE,UASF_0306,0f91236fdd0ed345b0a276af,0f91236fdd0ed345b0a276af,7,1,EXACT_ARCHETYPE_SIGNATURE_EQUIVALENCE
NIM::source.function_type,nim,SOURCE_DERIVED_MISSING_LANGUAGE,UASF_0205,426d68a8056035791f029f38,426d68a8056035791f029f38,5,1,EXACT_ARCHETYPE_SIGNATURE_EQUIVALENCE
NIM::source.gc,nim,SOURCE_DERIVED_MISSING_LANGUAGE,UASF_0024,acf430bac7f64c0e0806da12,acf430bac7f64c0e0806da12,5,1,EXACT_ARCHETYPE_SIGNATURE_EQUIVALENCE
NIM::source.generic_constraint,nim,SOURCE_DERIVED_MISSING_LANGUAGE,UASF_0203,3f4e01c3d746ace77d81b354,3f4e01c3d746ace77d81b354,5,1,EXACT_ARCHETYPE_SIGNATURE_EQUIVALENCE
NIM::source.generic_decl,nim,SOURCE_DERIVED_MISSING_LANGUAGE,UASF_0305,e8ffd62e377d38921949adb5,e8ffd62e377d38921949adb5,5,1,EXACT_ARCHETYPE_SIGNATURE_EQUIVALENCE
NIM::source.identifier,nim,SOURCE_DERIVED_MISSING_LANGUAGE,UASF_0219,c48411c54f834b0de90fa36d,c48411c54f834b0de90fa36d,6,1,EXACT_ARCHETYPE_SIGNATURE_EQUIVALENCE
NIM::source.if_control,nim,SOURCE_DERIVED_MISSING_LANGUAGE,UASF_0182,fcac79eee22c686af6710555,fcac79eee22c686af6710555,6,1,EXACT_ARCHETYPE_SIGNATURE_EQUIVALENCE
NIM::source.import_stmt,nim,SOURCE_DERIVED_MISSING_LANGUAGE,UASF_0304,c72d002443e4ccfddcb1b062,c72d002443e4ccfddcb1b062,5,1,EXACT_ARCHETYPE_SIGNATURE_EQUIVALENCE
NIM::source.indexing,nim,SOURCE_DERIVED_MISSING_LANGUAGE,UASF_0225,d736949578be84548ee2b56a,d736949578be84548ee2b56a,6,1,EXACT_ARCHETYPE_SIGNATURE_EQUIVALENCE
NIM::source.integer_type,nim,SOURCE_DERIVED_MISSING_LANGUAGE,UASF_0208,2580720804b128a9e11ffeb7,2580720804b128a9e11ffeb7,4,1,EXACT_ARCHETYPE_SIGNATURE_EQUIVALENCE
NIM::source.iterator_state_machine,nim,SOURCE_DERIVED_MISSING_LANGUAGE,UASF_0281,252d7126b19af233c79ee366,252d7126b19af233c79ee366,2,1,EXACT_ARCHETYPE_SIGNATURE_EQUIVALENCE
NIM::source.lifetime,nim,SOURCE_DERIVED_MISSING_LANGUAGE,UASF_0050,8086172bbdcd700a3963cfd3,8086172bbdcd700a3963cfd3,5,1,EXACT_ARCHETYPE_SIGNATURE_EQUIVALENCE
NIM::source.macro_template,nim,SOURCE_DERIVED_MISSING_LANGUAGE,UASF_0119,d134de24dda5d14244339054,d134de24dda5d14244339054,5,1,EXACT_ARCHETYPE_SIGNATURE_EQUIVALENCE
NIM::source.manual_memory,nim,SOURCE_DERIVED_MISSING_LANGUAGE,UASF_0024,acf430bac7f64c0e0806da12,acf430bac7f64c0e0806da12,5,1,EXACT_ARCHETYPE_SIGNATURE_EQUIVALENCE
NIM::source.map_literal,nim,SOURCE_DERIVED_MISSING_LANGUAGE,UASF_0225,d736949578be84548ee2b56a,d736949578be84548ee2b56a,6,1,EXACT_ARCHETYPE_SIGNATURE_EQUIVALENCE
NIM::source.member_access,nim,SOURCE_DERIVED_MISSING_LANGUAGE,UASF_0219,c48411c54f834b0de90fa36d,c48411c54f834b0de90fa36d,6,1,EXACT_ARCHETYPE_SIGNATURE_EQUIVALENCE
NIM::source.module_import,nim,SOURCE_DERIVED_MISSING_LANGUAGE,UASF_0304,c72d002443e4ccfddcb1b062,c72d002443e4ccfddcb1b062,5,1,EXACT_ARCHETYPE_SIGNATURE_EQUIVALENCE
NIM::source.name_resolution,nim,SOURCE_DERIVED_MISSING_LANGUAGE,UASF_0047,c48e1d875d0fb48a333ce5a9,c48e1d875d0fb48a333ce5a9,4,1,EXACT_ARCHETYPE_SIGNATURE_EQUIVALENCE
NIM::source.null_literal,nim,SOURCE_DERIVED_MISSING_LANGUAGE,UASF_0224,8049537a16da09c6e3ec9a29,8049537a16da09c6e3ec9a29,5,1,EXACT_ARCHETYPE_SIGNATURE_EQUIVALENCE
NIM::source.numeric_literal,nim,SOURCE_DERIVED_MISSING_LANGUAGE,UASF_0224,8049537a16da09c6e3ec9a29,8049537a16da09c6e3ec9a29,5,1,EXACT_ARCHETYPE_SIGNATURE_EQUIVALENCE
NIM::source.object_struct,nim,SOURCE_DERIVED_MISSING_LANGUAGE,UASF_0308,dce263f569bf18cc23e5ba00,dce263f569bf18cc23e5ba00,6,1,EXACT_ARCHETYPE_SIGNATURE_EQUIVALENCE
NIM::source.overload_resolution,nim,SOURCE_DERIVED_MISSING_LANGUAGE,UASF_0204,65a2506bfab2de2100e15385,65a2506bfab2de2100e15385,5,1,EXACT_ARCHETYPE_SIGNATURE_EQUIVALENCE
NIM::source.ownership,nim,SOURCE_DERIVED_MISSING_LANGUAGE,UASF_0026,d44197ed802dae09fe6a3d6d,d44197ed802dae09fe6a3d6d,5,1,EXACT_ARCHETYPE_SIGNATURE_EQUIVALENCE
NIM::source.parameter_binding,nim,SOURCE_DERIVED_MISSING_LANGUAGE,UASF_0304,c72d002443e4ccfddcb1b062,c72d002443e4ccfddcb1b062,5,1,EXACT_ARCHETYPE_SIGNATURE_EQUIVALENCE
NIM::source.pattern,nim,SOURCE_DERIVED_MISSING_LANGUAGE,UASF_0219,c48411c54f834b0de90fa36d,c48411c54f834b0de90fa36d,6,1,EXACT_ARCHETYPE_SIGNATURE_EQUIVALENCE
NIM::source.pointer_type,nim,SOURCE_DERIVED_MISSING_LANGUAGE,UASF_0207,46f352d872cf0bd64c8e241c,46f352d872cf0bd64c8e241c,5,1,EXACT_ARCHETYPE_SIGNATURE_EQUIVALENCE
NIM::source.reference_type,nim,SOURCE_DERIVED_MISSING_LANGUAGE,UASF_0207,46f352d872cf0bd64c8e241c,46f352d872cf0bd64c8e241c,5,1,EXACT_ARCHETYPE_SIGNATURE_EQUIVALENCE
NIM::source.reflection,nim,SOURCE_DERIVED_MISSING_LANGUAGE,UASF_0259,b3efa007f0cdd1086e598b68,b3efa007f0cdd1086e598b68,5,1,EXACT_ARCHETYPE_SIGNATURE_EQUIVALENCE
NIM::source.return_control,nim,SOURCE_DERIVED_MISSING_LANGUAGE,UASF_0181,8e56798ef79f91e11db58694,8e56798ef79f91e11db58694,5,1,EXACT_ARCHETYPE_SIGNATURE_EQUIVALENCE
NIM::source.scope,nim,SOURCE_DERIVED_MISSING_LANGUAGE,UASF_0051,0bbb3f5899e065da053d98f4,0bbb3f5899e065da053d98f4,4,1,EXACT_ARCHETYPE_SIGNATURE_EQUIVALENCE
NIM::source.set_literal,nim,SOURCE_DERIVED_MISSING_LANGUAGE,UASF_0224,8049537a16da09c6e3ec9a29,8049537a16da09c6e3ec9a29,5,1,EXACT_ARCHETYPE_SIGNATURE_EQUIVALENCE
NIM::source.set_type,nim,SOURCE_DERIVED_MISSING_LANGUAGE,UASF_0224,8049537a16da09c6e3ec9a29,8049537a16da09c6e3ec9a29,5,1,EXACT_ARCHETYPE_SIGNATURE_EQUIVALENCE
NIM::source.shadowing,nim,SOURCE_DERIVED_MISSING_LANGUAGE,UASF_0049,9cf8b2f1787c2fcbddb3421d,9cf8b2f1787c2fcbddb3421d,5,1,EXACT_ARCHETYPE_SIGNATURE_EQUIVALENCE
NIM::source.slice,nim,SOURCE_DERIVED_MISSING_LANGUAGE,UASF_0225,d736949578be84548ee2b56a,d736949578be84548ee2b56a,6,1,EXACT_ARCHETYPE_SIGNATURE_EQUIVALENCE
NIM::source.string_literal,nim,SOURCE_DERIVED_MISSING_LANGUAGE,UASF_0224,8049537a16da09c6e3ec9a29,8049537a16da09c6e3ec9a29,5,1,EXACT_ARCHETYPE_SIGNATURE_EQUIVALENCE
NIM::source.string_type,nim,SOURCE_DERIVED_MISSING_LANGUAGE,UASF_0208,2580720804b128a9e11ffeb7,2580720804b128a9e11ffeb7,4,1,EXACT_ARCHETYPE_SIGNATURE_EQUIVALENCE
NIM::source.switch_match,nim,SOURCE_DERIVED_MISSING_LANGUAGE,UASF_0178,f3c5b99ae15ccabce04a1c58,f3c5b99ae15ccabce04a1c58,6,1,EXACT_ARCHETYPE_SIGNATURE_EQUIVALENCE
NIM::source.thread,nim,SOURCE_DERIVED_MISSING_LANGUAGE,UASF_0153,4168ca234d1b70a835e93a30,4168ca234d1b70a835e93a30,5,1,EXACT_ARCHETYPE_SIGNATURE_EQUIVALENCE
NIM::source.throw_raise,nim,SOURCE_DERIVED_MISSING_LANGUAGE,UASF_0183,8c4c024aa055000ef0cf02eb,8c4c024aa055000ef0cf02eb,5,1,EXACT_ARCHETYPE_SIGNATURE_EQUIVALENCE
NIM::source.tuple_literal,nim,SOURCE_DERIVED_MISSING_LANGUAGE,UASF_0224,8049537a16da09c6e3ec9a29,8049537a16da09c6e3ec9a29,5,1,EXACT_ARCHETYPE_SIGNATURE_EQUIVALENCE
NIM::source.tuple_type,nim,SOURCE_DERIVED_MISSING_LANGUAGE,UASF_0208,2580720804b128a9e11ffeb7,2580720804b128a9e11ffeb7,4,1,EXACT_ARCHETYPE_SIGNATURE_EQUIVALENCE
NIM::source.type_inference,nim,SOURCE_DERIVED_MISSING_LANGUAGE,UASF_0203,3f4e01c3d746ace77d81b354,3f4e01c3d746ace77d81b354,5,1,EXACT_ARCHETYPE_SIGNATURE_EQUIVALENCE
NIM::source.unary_operation,nim,SOURCE_DERIVED_MISSING_LANGUAGE,UASF_0225,d736949578be84548ee2b56a,d736949578be84548ee2b56a,6,1,EXACT_ARCHETYPE_SIGNATURE_EQUIVALENCE
NIM::source.variable_binding,nim,SOURCE_DERIVED_MISSING_LANGUAGE,UASF_0303,9e640e05cdaef6a046ddd8ad,9e640e05cdaef6a046ddd8ad,6,1,EXACT_ARCHETYPE_SIGNATURE_EQUIVALENCE
NIM::source.visibility_export,nim,SOURCE_DERIVED_MISSING_LANGUAGE,UASF_0310,8e269d11885c3ca4e6043d66,8e269d11885c3ca4e6043d66,4,1,EXACT_ARCHETYPE_SIGNATURE_EQUIVALENCE
NIM::source.while_control,nim,SOURCE_DERIVED_MISSING_LANGUAGE,UASF_0182,fcac79eee22c686af6710555,fcac79eee22c686af6710555,6,1,EXACT_ARCHETYPE_SIGNATURE_EQUIVALENCE
NIM::source.yield,nim,SOURCE_DERIVED_MISSING_LANGUAGE,UASF_0223,b16b1365970e2f93bcff177c,b16b1365970e2f93bcff177c,6,1,EXACT_ARCHETYPE_SIGNATURE_EQUIVALENCE
SWIFT::source.array_literal,swift,SOURCE_DERIVED_MISSING_LANGUAGE,UASF_0224,8049537a16da09c6e3ec9a29,8049537a16da09c6e3ec9a29,5,1,EXACT_ARCHETYPE_SIGNATURE_EQUIVALENCE
SWIFT::source.array_type,swift,SOURCE_DERIVED_MISSING_LANGUAGE,UASF_0208,2580720804b128a9e11ffeb7,2580720804b128a9e11ffeb7,4,1,EXACT_ARCHETYPE_SIGNATURE_EQUIVALENCE
SWIFT::source.assignment,swift,SOURCE_DERIVED_MISSING_LANGUAGE,UASF_0220,4de20464805e6b7f70894e82,4de20464805e6b7f70894e82,7,1,EXACT_ARCHETYPE_SIGNATURE_EQUIVALENCE
SWIFT::source.await,swift,SOURCE_DERIVED_MISSING_LANGUAGE,UASF_0222,ffe41cb5eab0c65ce0839ed6,ffe41cb5eab0c65ce0839ed6,7,1,EXACT_ARCHETYPE_SIGNATURE_EQUIVALENCE
SWIFT::source.binary_operation,swift,SOURCE_DERIVED_MISSING_LANGUAGE,UASF_0225,d736949578be84548ee2b56a,d736949578be84548ee2b56a,6,1,EXACT_ARCHETYPE_SIGNATURE_EQUIVALENCE
SWIFT::source.bool_type,swift,SOURCE_DERIVED_MISSING_LANGUAGE,UASF_0208,2580720804b128a9e11ffeb7,2580720804b128a9e11ffeb7,4,1,EXACT_ARCHETYPE_SIGNATURE_EQUIVALENCE
SWIFT::source.boolean_literal,swift,SOURCE_DERIVED_MISSING_LANGUAGE,UASF_0224,8049537a16da09c6e3ec9a29,8049537a16da09c6e3ec9a29,5,1,EXACT_ARCHETYPE_SIGNATURE_EQUIVALENCE
SWIFT::source.break_control,swift,SOURCE_DERIVED_MISSING_LANGUAGE,UASF_0180,9a20140a5d94d0d8f5e12865,9a20140a5d94d0d8f5e12865,4,1,EXACT_ARCHETYPE_SIGNATURE_EQUIVALENCE
SWIFT::source.call,swift,SOURCE_DERIVED_MISSING_LANGUAGE,UASF_0221,8b7cc9d0c0d87763f92177c9,8b7cc9d0c0d87763f92177c9,7,1,EXACT_ARCHETYPE_SIGNATURE_EQUIVALENCE
SWIFT::source.capture,swift,SOURCE_DERIVED_MISSING_LANGUAGE,UASF_0048,cb2e21577620799363aba340,cb2e21577620799363aba340,5,1,EXACT_ARCHETYPE_SIGNATURE_EQUIVALENCE
SWIFT::source.cast_conversion,swift,SOURCE_DERIVED_MISSING_LANGUAGE,UASF_0226,868ba177ecb7297d5aab900a,868ba177ecb7297d5aab900a,6,1,EXACT_ARCHETYPE_SIGNATURE_EQUIVALENCE
SWIFT::source.class_decl,swift,SOURCE_DERIVED_MISSING_LANGUAGE,UASF_0311,8b498714898ea2624a922fb3,8b498714898ea2624a922fb3,5,1,EXACT_ARCHETYPE_SIGNATURE_EQUIVALENCE
SWIFT::source.closure_lambda,swift,SOURCE_DERIVED_MISSING_LANGUAGE,UASF_0217,92112e64c21130b03eb0167c,92112e64c21130b03eb0167c,7,1,EXACT_ARCHETYPE_SIGNATURE_EQUIVALENCE
SWIFT::source.continue_control,swift,SOURCE_DERIVED_MISSING_LANGUAGE,UASF_0180,9a20140a5d94d0d8f5e12865,9a20140a5d94d0d8f5e12865,4,1,EXACT_ARCHETYPE_SIGNATURE_EQUIVALENCE
SWIFT::source.defer_cleanup,swift,SOURCE_DERIVED_MISSING_LANGUAGE,UASF_0183,8c4c024aa055000ef0cf02eb,8c4c024aa055000ef0cf02eb,5,1,EXACT_ARCHETYPE_SIGNATURE_EQUIVALENCE
SWIFT::source.dynamic_dispatch,swift,SOURCE_DERIVED_MISSING_LANGUAGE,UASF_0256,45a779475a97244d9155d885,45a779475a97244d9155d885,5,1,EXACT_ARCHETYPE_SIGNATURE_EQUIVALENCE
SWIFT::source.enum_decl,swift,SOURCE_DERIVED_MISSING_LANGUAGE,UASF_0309,85cfece0effb726f9ce05033,85cfece0effb726f9ce05033,5,1,EXACT_ARCHETYPE_SIGNATURE_EQUIVALENCE
SWIFT::source.exception_try,swift,SOURCE_DERIVED_MISSING_LANGUAGE,UASF_0183,8c4c024aa055000ef0cf02eb,8c4c024aa055000ef0cf02eb,5,1,EXACT_ARCHETYPE_SIGNATURE_EQUIVALENCE
SWIFT::source.ffi,swift,SOURCE_DERIVED_MISSING_LANGUAGE,UASF_0022,3e793cf0efbeea49bf91d143,3e793cf0efbeea49bf91d143,5,1,EXACT_ARCHETYPE_SIGNATURE_EQUIVALENCE
SWIFT::source.float_type,swift,SOURCE_DERIVED_MISSING_LANGUAGE,UASF_0208,2580720804b128a9e11ffeb7,2580720804b128a9e11ffeb7,4,1,EXACT_ARCHETYPE_SIGNATURE_EQUIVALENCE
SWIFT::source.for_control,swift,SOURCE_DERIVED_MISSING_LANGUAGE,UASF_0182,fcac79eee22c686af6710555,fcac79eee22c686af6710555,6,1,EXACT_ARCHETYPE_SIGNATURE_EQUIVALENCE
SWIFT::source.function_decl,swift,SOURCE_DERIVED_MISSING_LANGUAGE,UASF_0306,0f91236fdd0ed345b0a276af,0f91236fdd0ed345b0a276af,7,1,EXACT_ARCHETYPE_SIGNATURE_EQUIVALENCE
SWIFT::source.function_type,swift,SOURCE_DERIVED_MISSING_LANGUAGE,UASF_0205,426d68a8056035791f029f38,426d68a8056035791f029f38,5,1,EXACT_ARCHETYPE_SIGNATURE_EQUIVALENCE
SWIFT::source.generic_constraint,swift,SOURCE_DERIVED_MISSING_LANGUAGE,UASF_0203,3f4e01c3d746ace77d81b354,3f4e01c3d746ace77d81b354,5,1,EXACT_ARCHETYPE_SIGNATURE_EQUIVALENCE
SWIFT::source.generic_decl,swift,SOURCE_DERIVED_MISSING_LANGUAGE,UASF_0305,e8ffd62e377d38921949adb5,e8ffd62e377d38921949adb5,5,1,EXACT_ARCHETYPE_SIGNATURE_EQUIVALENCE
SWIFT::source.identifier,swift,SOURCE_DERIVED_MISSING_LANGUAGE,UASF_0219,c48411c54f834b0de90fa36d,c48411c54f834b0de90fa36d,6,1,EXACT_ARCHETYPE_SIGNATURE_EQUIVALENCE
SWIFT::source.if_control,swift,SOURCE_DERIVED_MISSING_LANGUAGE,UASF_0182,fcac79eee22c686af6710555,fcac79eee22c686af6710555,6,1,EXACT_ARCHETYPE_SIGNATURE_EQUIVALENCE
SWIFT::source.import_decl,swift,SOURCE_DERIVED_MISSING_LANGUAGE,UASF_0304,c72d002443e4ccfddcb1b062,c72d002443e4ccfddcb1b062,5,1,EXACT_ARCHETYPE_SIGNATURE_EQUIVALENCE
SWIFT::source.indexing,swift,SOURCE_DERIVED_MISSING_LANGUAGE,UASF_0225,d736949578be84548ee2b56a,d736949578be84548ee2b56a,6,1,EXACT_ARCHETYPE_SIGNATURE_EQUIVALENCE
SWIFT::source.integer_type,swift,SOURCE_DERIVED_MISSING_LANGUAGE,UASF_0208,2580720804b128a9e11ffeb7,2580720804b128a9e11ffeb7,4,1,EXACT_ARCHETYPE_SIGNATURE_EQUIVALENCE
SWIFT::source.macro,swift,SOURCE_DERIVED_MISSING_LANGUAGE,UASF_0119,d134de24dda5d14244339054,d134de24dda5d14244339054,5,1,EXACT_ARCHETYPE_SIGNATURE_EQUIVALENCE
SWIFT::source.map_literal,swift,SOURCE_DERIVED_MISSING_LANGUAGE,UASF_0225,d736949578be84548ee2b56a,d736949578be84548ee2b56a,6,1,EXACT_ARCHETYPE_SIGNATURE_EQUIVALENCE
SWIFT::source.map_type,swift,SOURCE_DERIVED_MISSING_LANGUAGE,UASF_0205,426d68a8056035791f029f38,426d68a8056035791f029f38,5,1,EXACT_ARCHETYPE_SIGNATURE_EQUIVALENCE
SWIFT::source.member_access,swift,SOURCE_DERIVED_MISSING_LANGUAGE,UASF_0219,c48411c54f834b0de90fa36d,c48411c54f834b0de90fa36d,6,1,EXACT_ARCHETYPE_SIGNATURE_EQUIVALENCE
SWIFT::source.module_decl,swift,SOURCE_DERIVED_MISSING_LANGUAGE,UASF_0304,c72d002443e4ccfddcb1b062,c72d002443e4ccfddcb1b062,5,1,EXACT_ARCHETYPE_SIGNATURE_EQUIVALENCE
SWIFT::source.name_resolution,swift,SOURCE_DERIVED_MISSING_LANGUAGE,UASF_0047,c48e1d875d0fb48a333ce5a9,c48e1d875d0fb48a333ce5a9,4,1,EXACT_ARCHETYPE_SIGNATURE_EQUIVALENCE
SWIFT::source.null_literal,swift,SOURCE_DERIVED_MISSING_LANGUAGE,UASF_0224,8049537a16da09c6e3ec9a29,8049537a16da09c6e3ec9a29,5,1,EXACT_ARCHETYPE_SIGNATURE_EQUIVALENCE
SWIFT::source.numeric_literal,swift,SOURCE_DERIVED_MISSING_LANGUAGE,UASF_0224,8049537a16da09c6e3ec9a29,8049537a16da09c6e3ec9a29,5,1,EXACT_ARCHETYPE_SIGNATURE_EQUIVALENCE
SWIFT::source.optional_nullable,swift,SOURCE_DERIVED_MISSING_LANGUAGE,UASF_0208,2580720804b128a9e11ffeb7,2580720804b128a9e11ffeb7,4,1,EXACT_ARCHETYPE_SIGNATURE_EQUIVALENCE
SWIFT::source.overload_resolution,swift,SOURCE_DERIVED_MISSING_LANGUAGE,UASF_0204,65a2506bfab2de2100e15385,65a2506bfab2de2100e15385,5,1,EXACT_ARCHETYPE_SIGNATURE_EQUIVALENCE
SWIFT::source.ownership,swift,SOURCE_DERIVED_MISSING_LANGUAGE,UASF_0026,d44197ed802dae09fe6a3d6d,d44197ed802dae09fe6a3d6d,5,1,EXACT_ARCHETYPE_SIGNATURE_EQUIVALENCE
SWIFT::source.parameter_binding,swift,SOURCE_DERIVED_MISSING_LANGUAGE,UASF_0304,c72d002443e4ccfddcb1b062,c72d002443e4ccfddcb1b062,5,1,EXACT_ARCHETYPE_SIGNATURE_EQUIVALENCE
SWIFT::source.pattern,swift,SOURCE_DERIVED_MISSING_LANGUAGE,UASF_0219,c48411c54f834b0de90fa36d,c48411c54f834b0de90fa36d,6,1,EXACT_ARCHETYPE_SIGNATURE_EQUIVALENCE
SWIFT::source.pointer,swift,SOURCE_DERIVED_MISSING_LANGUAGE,UASF_0207,46f352d872cf0bd64c8e241c,46f352d872cf0bd64c8e241c,5,1,EXACT_ARCHETYPE_SIGNATURE_EQUIVALENCE
SWIFT::source.protocol_trait,swift,SOURCE_DERIVED_MISSING_LANGUAGE,UASF_0307,d55748e5eb21569dcfc8bb78,d55748e5eb21569dcfc8bb78,6,1,EXACT_ARCHETYPE_SIGNATURE_EQUIVALENCE
SWIFT::source.reference_type,swift,SOURCE_DERIVED_MISSING_LANGUAGE,UASF_0207,46f352d872cf0bd64c8e241c,46f352d872cf0bd64c8e241c,5,1,EXACT_ARCHETYPE_SIGNATURE_EQUIVALENCE
SWIFT::source.return_control,swift,SOURCE_DERIVED_MISSING_LANGUAGE,UASF_0181,8e56798ef79f91e11db58694,8e56798ef79f91e11db58694,5,1,EXACT_ARCHETYPE_SIGNATURE_EQUIVALENCE
SWIFT::source.scope,swift,SOURCE_DERIVED_MISSING_LANGUAGE,UASF_0051,0bbb3f5899e065da053d98f4,0bbb3f5899e065da053d98f4,4,1,EXACT_ARCHETYPE_SIGNATURE_EQUIVALENCE
SWIFT::source.shadowing,swift,SOURCE_DERIVED_MISSING_LANGUAGE,UASF_0049,9cf8b2f1787c2fcbddb3421d,9cf8b2f1787c2fcbddb3421d,5,1,EXACT_ARCHETYPE_SIGNATURE_EQUIVALENCE
SWIFT::source.string_literal,swift,SOURCE_DERIVED_MISSING_LANGUAGE,UASF_0224,8049537a16da09c6e3ec9a29,8049537a16da09c6e3ec9a29,5,1,EXACT_ARCHETYPE_SIGNATURE_EQUIVALENCE
SWIFT::source.string_type,swift,SOURCE_DERIVED_MISSING_LANGUAGE,UASF_0208,2580720804b128a9e11ffeb7,2580720804b128a9e11ffeb7,4,1,EXACT_ARCHETYPE_SIGNATURE_EQUIVALENCE
SWIFT::source.struct_decl,swift,SOURCE_DERIVED_MISSING_LANGUAGE,UASF_0308,dce263f569bf18cc23e5ba00,dce263f569bf18cc23e5ba00,6,1,EXACT_ARCHETYPE_SIGNATURE_EQUIVALENCE
SWIFT::source.subtyping,swift,SOURCE_DERIVED_MISSING_LANGUAGE,UASF_0208,2580720804b128a9e11ffeb7,2580720804b128a9e11ffeb7,4,1,EXACT_ARCHETYPE_SIGNATURE_EQUIVALENCE
SWIFT::source.switch_match,swift,SOURCE_DERIVED_MISSING_LANGUAGE,UASF_0178,f3c5b99ae15ccabce04a1c58,f3c5b99ae15ccabce04a1c58,6,1,EXACT_ARCHETYPE_SIGNATURE_EQUIVALENCE
SWIFT::source.task_async,swift,SOURCE_DERIVED_MISSING_LANGUAGE,UASF_0151,fd98eb582c5c936ce6622807,fd98eb582c5c936ce6622807,5,1,EXACT_ARCHETYPE_SIGNATURE_EQUIVALENCE
SWIFT::source.throw_raise,swift,SOURCE_DERIVED_MISSING_LANGUAGE,UASF_0183,8c4c024aa055000ef0cf02eb,8c4c024aa055000ef0cf02eb,5,1,EXACT_ARCHETYPE_SIGNATURE_EQUIVALENCE
SWIFT::source.tuple_literal,swift,SOURCE_DERIVED_MISSING_LANGUAGE,UASF_0224,8049537a16da09c6e3ec9a29,8049537a16da09c6e3ec9a29,5,1,EXACT_ARCHETYPE_SIGNATURE_EQUIVALENCE
SWIFT::source.tuple_type,swift,SOURCE_DERIVED_MISSING_LANGUAGE,UASF_0208,2580720804b128a9e11ffeb7,2580720804b128a9e11ffeb7,4,1,EXACT_ARCHETYPE_SIGNATURE_EQUIVALENCE
SWIFT::source.type_inference,swift,SOURCE_DERIVED_MISSING_LANGUAGE,UASF_0203,3f4e01c3d746ace77d81b354,3f4e01c3d746ace77d81b354,5,1,EXACT_ARCHETYPE_SIGNATURE_EQUIVALENCE
SWIFT::source.unary_operation,swift,SOURCE_DERIVED_MISSING_LANGUAGE,UASF_0225,d736949578be84548ee2b56a,d736949578be84548ee2b56a,6,1,EXACT_ARCHETYPE_SIGNATURE_EQUIVALENCE
SWIFT::source.variable_binding,swift,SOURCE_DERIVED_MISSING_LANGUAGE,UASF_0303,9e640e05cdaef6a046ddd8ad,9e640e05cdaef6a046ddd8ad,6,1,EXACT_ARCHETYPE_SIGNATURE_EQUIVALENCE
SWIFT::source.while_control,swift,SOURCE_DERIVED_MISSING_LANGUAGE,UASF_0182,fcac79eee22c686af6710555,fcac79eee22c686af6710555,6,1,EXACT_ARCHETYPE_SIGNATURE_EQUIVALENCE
SWIFT::source.yield,swift,SOURCE_DERIVED_MISSING_LANGUAGE,UASF_0223,b16b1365970e2f93bcff177c,b16b1365970e2f93bcff177c,6,1,EXACT_ARCHETYPE_SIGNATURE_EQUIVALENCE
ZIG::source.abi_calling_convention,zig,SOURCE_DERIVED_MISSING_LANGUAGE,UASF_0023,7869233b772c876fd7fde9ca,7869233b772c876fd7fde9ca,5,1,EXACT_ARCHETYPE_SIGNATURE_EQUIVALENCE
ZIG::source.array_literal,zig,SOURCE_DERIVED_MISSING_LANGUAGE,UASF_0224,8049537a16da09c6e3ec9a29,8049537a16da09c6e3ec9a29,5,1,EXACT_ARCHETYPE_SIGNATURE_EQUIVALENCE
ZIG::source.array_type,zig,SOURCE_DERIVED_MISSING_LANGUAGE,UASF_0208,2580720804b128a9e11ffeb7,2580720804b128a9e11ffeb7,4,1,EXACT_ARCHETYPE_SIGNATURE_EQUIVALENCE
ZIG::source.assignment,zig,SOURCE_DERIVED_MISSING_LANGUAGE,UASF_0220,4de20464805e6b7f70894e82,4de20464805e6b7f70894e82,7,1,EXACT_ARCHETYPE_SIGNATURE_EQUIVALENCE
ZIG::source.atomic,zig,SOURCE_DERIVED_MISSING_LANGUAGE,UASF_0154,81640d07a7c61ef02d24263e,81640d07a7c61ef02d24263e,6,1,EXACT_ARCHETYPE_SIGNATURE_EQUIVALENCE
ZIG::source.binary_operation,zig,SOURCE_DERIVED_MISSING_LANGUAGE,UASF_0225,d736949578be84548ee2b56a,d736949578be84548ee2b56a,6,1,EXACT_ARCHETYPE_SIGNATURE_EQUIVALENCE
ZIG::source.bool_type,zig,SOURCE_DERIVED_MISSING_LANGUAGE,UASF_0208,2580720804b128a9e11ffeb7,2580720804b128a9e11ffeb7,4,1,EXACT_ARCHETYPE_SIGNATURE_EQUIVALENCE
ZIG::source.boolean_literal,zig,SOURCE_DERIVED_MISSING_LANGUAGE,UASF_0224,8049537a16da09c6e3ec9a29,8049537a16da09c6e3ec9a29,5,1,EXACT_ARCHETYPE_SIGNATURE_EQUIVALENCE
ZIG::source.break_control,zig,SOURCE_DERIVED_MISSING_LANGUAGE,UASF_0180,9a20140a5d94d0d8f5e12865,9a20140a5d94d0d8f5e12865,4,1,EXACT_ARCHETYPE_SIGNATURE_EQUIVALENCE
ZIG::source.call,zig,SOURCE_DERIVED_MISSING_LANGUAGE,UASF_0221,8b7cc9d0c0d87763f92177c9,8b7cc9d0c0d87763f92177c9,7,1,EXACT_ARCHETYPE_SIGNATURE_EQUIVALENCE
ZIG::source.cast_conversion,zig,SOURCE_DERIVED_MISSING_LANGUAGE,UASF_0226,868ba177ecb7297d5aab900a,868ba177ecb7297d5aab900a,6,1,EXACT_ARCHETYPE_SIGNATURE_EQUIVALENCE
ZIG::source.code_generation,zig,SOURCE_DERIVED_MISSING_LANGUAGE,UASF_0122,8b6704b210b3d423c65d72fb,8b6704b210b3d423c65d72fb,4,1,EXACT_ARCHETYPE_SIGNATURE_EQUIVALENCE
ZIG::source.compile_time_eval,zig,SOURCE_DERIVED_MISSING_LANGUAGE,UASF_0127,8a6bfce296f0a77bffdc6040,8a6bfce296f0a77bffdc6040,5,1,EXACT_ARCHETYPE_SIGNATURE_EQUIVALENCE
ZIG::source.compiler_ir,zig,SOURCE_DERIVED_MISSING_LANGUAGE,UASF_0122,8b6704b210b3d423c65d72fb,8b6704b210b3d423c65d72fb,4,1,EXACT_ARCHETYPE_SIGNATURE_EQUIVALENCE
ZIG::source.constant_binding,zig,SOURCE_DERIVED_MISSING_LANGUAGE,UASF_0302,3c216bc2d8184459732be828,3c216bc2d8184459732be828,5,1,EXACT_ARCHETYPE_SIGNATURE_EQUIVALENCE
ZIG::source.continue_control,zig,SOURCE_DERIVED_MISSING_LANGUAGE,UASF_0180,9a20140a5d94d0d8f5e12865,9a20140a5d94d0d8f5e12865,4,1,EXACT_ARCHETYPE_SIGNATURE_EQUIVALENCE
ZIG::source.defer_cleanup,zig,SOURCE_DERIVED_MISSING_LANGUAGE,UASF_0183,8c4c024aa055000ef0cf02eb,8c4c024aa055000ef0cf02eb,5,1,EXACT_ARCHETYPE_SIGNATURE_EQUIVALENCE
ZIG::source.enum_decl,zig,SOURCE_DERIVED_MISSING_LANGUAGE,UASF_0309,85cfece0effb726f9ce05033,85cfece0effb726f9ce05033,5,1,EXACT_ARCHETYPE_SIGNATURE_EQUIVALENCE
ZIG::source.errdefer_cleanup,zig,SOURCE_DERIVED_MISSING_LANGUAGE,UASF_0183,8c4c024aa055000ef0cf02eb,8c4c024aa055000ef0cf02eb,5,1,EXACT_ARCHETYPE_SIGNATURE_EQUIVALENCE
ZIG::source.error_union_type,zig,SOURCE_DERIVED_MISSING_LANGUAGE,UASF_0206,0894de76dfd27d09e1fd74c8,0894de76dfd27d09e1fd74c8,5,1,EXACT_ARCHETYPE_SIGNATURE_EQUIVALENCE
ZIG::source.ffi,zig,SOURCE_DERIVED_MISSING_LANGUAGE,UASF_0022,3e793cf0efbeea49bf91d143,3e793cf0efbeea49bf91d143,5,1,EXACT_ARCHETYPE_SIGNATURE_EQUIVALENCE
ZIG::source.float_type,zig,SOURCE_DERIVED_MISSING_LANGUAGE,UASF_0208,2580720804b128a9e11ffeb7,2580720804b128a9e11ffeb7,4,1,EXACT_ARCHETYPE_SIGNATURE_EQUIVALENCE
ZIG::source.for_control,zig,SOURCE_DERIVED_MISSING_LANGUAGE,UASF_0182,fcac79eee22c686af6710555,fcac79eee22c686af6710555,6,1,EXACT_ARCHETYPE_SIGNATURE_EQUIVALENCE
ZIG::source.function_decl,zig,SOURCE_DERIVED_MISSING_LANGUAGE,UASF_0306,0f91236fdd0ed345b0a276af,0f91236fdd0ed345b0a276af,7,1,EXACT_ARCHETYPE_SIGNATURE_EQUIVALENCE
ZIG::source.function_type,zig,SOURCE_DERIVED_MISSING_LANGUAGE,UASF_0205,426d68a8056035791f029f38,426d68a8056035791f029f38,5,1,EXACT_ARCHETYPE_SIGNATURE_EQUIVALENCE
ZIG::source.generic_comptime_param,zig,SOURCE_DERIVED_MISSING_LANGUAGE,UASF_0305,e8ffd62e377d38921949adb5,e8ffd62e377d38921949adb5,5,1,EXACT_ARCHETYPE_SIGNATURE_EQUIVALENCE
ZIG::source.identifier,zig,SOURCE_DERIVED_MISSING_LANGUAGE,UASF_0219,c48411c54f834b0de90fa36d,c48411c54f834b0de90fa36d,6,1,EXACT_ARCHETYPE_SIGNATURE_EQUIVALENCE
ZIG::source.if_control,zig,SOURCE_DERIVED_MISSING_LANGUAGE,UASF_0182,fcac79eee22c686af6710555,fcac79eee22c686af6710555,6,1,EXACT_ARCHETYPE_SIGNATURE_EQUIVALENCE
ZIG::source.import_semantics,zig,SOURCE_DERIVED_MISSING_LANGUAGE,UASF_0304,c72d002443e4ccfddcb1b062,c72d002443e4ccfddcb1b062,5,1,EXACT_ARCHETYPE_SIGNATURE_EQUIVALENCE
ZIG::source.indexing,zig,SOURCE_DERIVED_MISSING_LANGUAGE,UASF_0225,d736949578be84548ee2b56a,d736949578be84548ee2b56a,6,1,EXACT_ARCHETYPE_SIGNATURE_EQUIVALENCE
ZIG::source.integer_type,zig,SOURCE_DERIVED_MISSING_LANGUAGE,UASF_0208,2580720804b128a9e11ffeb7,2580720804b128a9e11ffeb7,4,1,EXACT_ARCHETYPE_SIGNATURE_EQUIVALENCE
ZIG::source.layout_alignment,zig,SOURCE_DERIVED_MISSING_LANGUAGE,UASF_0025,18db470974c3f098e84e247a,18db470974c3f098e84e247a,5,1,EXACT_ARCHETYPE_SIGNATURE_EQUIVALENCE
ZIG::source.manual_memory,zig,SOURCE_DERIVED_MISSING_LANGUAGE,UASF_0024,acf430bac7f64c0e0806da12,acf430bac7f64c0e0806da12,5,1,EXACT_ARCHETYPE_SIGNATURE_EQUIVALENCE
ZIG::source.member_access,zig,SOURCE_DERIVED_MISSING_LANGUAGE,UASF_0219,c48411c54f834b0de90fa36d,c48411c54f834b0de90fa36d,6,1,EXACT_ARCHETYPE_SIGNATURE_EQUIVALENCE
ZIG::source.memory_model,zig,SOURCE_DERIVED_MISSING_LANGUAGE,UASF_0155,d2c0ebab0136120caa0f9664,d2c0ebab0136120caa0f9664,5,1,EXACT_ARCHETYPE_SIGNATURE_EQUIVALENCE
ZIG::source.name_resolution,zig,SOURCE_DERIVED_MISSING_LANGUAGE,UASF_0047,c48e1d875d0fb48a333ce5a9,c48e1d875d0fb48a333ce5a9,4,1,EXACT_ARCHETYPE_SIGNATURE_EQUIVALENCE
ZIG::source.null_literal,zig,SOURCE_DERIVED_MISSING_LANGUAGE,UASF_0224,8049537a16da09c6e3ec9a29,8049537a16da09c6e3ec9a29,5,1,EXACT_ARCHETYPE_SIGNATURE_EQUIVALENCE
ZIG::source.numeric_literal,zig,SOURCE_DERIVED_MISSING_LANGUAGE,UASF_0224,8049537a16da09c6e3ec9a29,8049537a16da09c6e3ec9a29,5,1,EXACT_ARCHETYPE_SIGNATURE_EQUIVALENCE
ZIG::source.optional_type,zig,SOURCE_DERIVED_MISSING_LANGUAGE,UASF_0208,2580720804b128a9e11ffeb7,2580720804b128a9e11ffeb7,4,1,EXACT_ARCHETYPE_SIGNATURE_EQUIVALENCE
ZIG::source.parameter_binding,zig,SOURCE_DERIVED_MISSING_LANGUAGE,UASF_0304,c72d002443e4ccfddcb1b062,c72d002443e4ccfddcb1b062,5,1,EXACT_ARCHETYPE_SIGNATURE_EQUIVALENCE
ZIG::source.pattern_destructure,zig,SOURCE_DERIVED_MISSING_LANGUAGE,UASF_0219,c48411c54f834b0de90fa36d,c48411c54f834b0de90fa36d,6,1,EXACT_ARCHETYPE_SIGNATURE_EQUIVALENCE
ZIG::source.pointer_type,zig,SOURCE_DERIVED_MISSING_LANGUAGE,UASF_0207,46f352d872cf0bd64c8e241c,46f352d872cf0bd64c8e241c,5,1,EXACT_ARCHETYPE_SIGNATURE_EQUIVALENCE
ZIG::source.reflection,zig,SOURCE_DERIVED_MISSING_LANGUAGE,UASF_0259,b3efa007f0cdd1086e598b68,b3efa007f0cdd1086e598b68,5,1,EXACT_ARCHETYPE_SIGNATURE_EQUIVALENCE
ZIG::source.return_control,zig,SOURCE_DERIVED_MISSING_LANGUAGE,UASF_0181,8e56798ef79f91e11db58694,8e56798ef79f91e11db58694,5,1,EXACT_ARCHETYPE_SIGNATURE_EQUIVALENCE
ZIG::source.scope,zig,SOURCE_DERIVED_MISSING_LANGUAGE,UASF_0051,0bbb3f5899e065da053d98f4,0bbb3f5899e065da053d98f4,4,1,EXACT_ARCHETYPE_SIGNATURE_EQUIVALENCE
ZIG::source.shadowing,zig,SOURCE_DERIVED_MISSING_LANGUAGE,UASF_0049,9cf8b2f1787c2fcbddb3421d,9cf8b2f1787c2fcbddb3421d,5,1,EXACT_ARCHETYPE_SIGNATURE_EQUIVALENCE
ZIG::source.slice,zig,SOURCE_DERIVED_MISSING_LANGUAGE,UASF_0225,d736949578be84548ee2b56a,d736949578be84548ee2b56a,6,1,EXACT_ARCHETYPE_SIGNATURE_EQUIVALENCE
ZIG::source.string_literal,zig,SOURCE_DERIVED_MISSING_LANGUAGE,UASF_0224,8049537a16da09c6e3ec9a29,8049537a16da09c6e3ec9a29,5,1,EXACT_ARCHETYPE_SIGNATURE_EQUIVALENCE
ZIG::source.struct_decl,zig,SOURCE_DERIVED_MISSING_LANGUAGE,UASF_0308,dce263f569bf18cc23e5ba00,dce263f569bf18cc23e5ba00,6,1,EXACT_ARCHETYPE_SIGNATURE_EQUIVALENCE
ZIG::source.switch_match,zig,SOURCE_DERIVED_MISSING_LANGUAGE,UASF_0178,f3c5b99ae15ccabce04a1c58,f3c5b99ae15ccabce04a1c58,6,1,EXACT_ARCHETYPE_SIGNATURE_EQUIVALENCE
ZIG::source.try_error_propagation,zig,SOURCE_DERIVED_MISSING_LANGUAGE,UASF_0184,bbaf70c0925309b7b029f073,bbaf70c0925309b7b029f073,5,1,EXACT_ARCHETYPE_SIGNATURE_EQUIVALENCE
ZIG::source.tuple_literal,zig,SOURCE_DERIVED_MISSING_LANGUAGE,UASF_0224,8049537a16da09c6e3ec9a29,8049537a16da09c6e3ec9a29,5,1,EXACT_ARCHETYPE_SIGNATURE_EQUIVALENCE
ZIG::source.tuple_type,zig,SOURCE_DERIVED_MISSING_LANGUAGE,UASF_0208,2580720804b128a9e11ffeb7,2580720804b128a9e11ffeb7,4,1,EXACT_ARCHETYPE_SIGNATURE_EQUIVALENCE
ZIG::source.type_inference,zig,SOURCE_DERIVED_MISSING_LANGUAGE,UASF_0203,3f4e01c3d746ace77d81b354,3f4e01c3d746ace77d81b354,5,1,EXACT_ARCHETYPE_SIGNATURE_EQUIVALENCE
ZIG::source.unary_operation,zig,SOURCE_DERIVED_MISSING_LANGUAGE,UASF_0225,d736949578be84548ee2b56a,d736949578be84548ee2b56a,6,1,EXACT_ARCHETYPE_SIGNATURE_EQUIVALENCE
ZIG::source.union_type,zig,SOURCE_DERIVED_MISSING_LANGUAGE,UASF_0206,0894de76dfd27d09e1fd74c8,0894de76dfd27d09e1fd74c8,5,1,EXACT_ARCHETYPE_SIGNATURE_EQUIVALENCE
ZIG::source.unsafe,zig,SOURCE_DERIVED_MISSING_LANGUAGE,UASF_0024,acf430bac7f64c0e0806da12,acf430bac7f64c0e0806da12,5,1,EXACT_ARCHETYPE_SIGNATURE_EQUIVALENCE
ZIG::source.variable_binding,zig,SOURCE_DERIVED_MISSING_LANGUAGE,UASF_0303,9e640e05cdaef6a046ddd8ad,9e640e05cdaef6a046ddd8ad,6,1,EXACT_ARCHETYPE_SIGNATURE_EQUIVALENCE
ZIG::source.visibility_pub,zig,SOURCE_DERIVED_MISSING_LANGUAGE,UASF_0310,8e269d11885c3ca4e6043d66,8e269d11885c3ca4e6043d66,4,1,EXACT_ARCHETYPE_SIGNATURE_EQUIVALENCE
ZIG::source.while_control,zig,SOURCE_DERIVED_MISSING_LANGUAGE,UASF_0182,fcac79eee22c686af6710555,fcac79eee22c686af6710555,6,1,EXACT_ARCHETYPE_SIGNATURE_EQUIVALENCE
