case_id,source_language,target_language,v0_parse,v1_matrixir,v2_uast,v3_closure,v4_emit,v5_reparse,v6_compile,v7_execute,v8_behavior,route,diagnostic
b20961b78481663737fb9b51143ce7f7acbdfca587c3963db5a900f973f4fcb9,r,r,FAIL,FAIL,SKIP,SKIP,SKIP,SKIP,SKIP,SKIP,SKIP,DIRECT,RUNTIME_ROUTE_FAILED (stage=runtime)
b20961b78481663737fb9b51143ce7f7acbdfca587c3963db5a900f973f4fcb9,r,go,PASS,PASS,PASS,PASS,PASS,PASS,SKIP,SKIP,SKIP,compatibility-runtime,
b20961b78481663737fb9b51143ce7f7acbdfca587c3963db5a900f973f4fcb9,r,rust,PASS,PASS,PASS,PASS,PASS,PASS,SKIP,SKIP,SKIP,compatibility-runtime,
b20961b78481663737fb9b51143ce7f7acbdfca587c3963db5a900f973f4fcb9,r,cpp,PASS,PASS,PASS,PASS,PASS,FAIL,SKIP,SKIP,SKIP,compatibility-runtime,
b20961b78481663737fb9b51143ce7f7acbdfca587c3963db5a900f973f4fcb9,r,c,PASS,PASS,PASS,PASS,PASS,FAIL,SKIP,SKIP,SKIP,compatibility-runtime,
b20961b78481663737fb9b51143ce7f7acbdfca587c3963db5a900f973f4fcb9,r,python,PASS,PASS,PASS,PASS,PASS,PASS,SKIP,SKIP,SKIP,compatibility-runtime,
b20961b78481663737fb9b51143ce7f7acbdfca587c3963db5a900f973f4fcb9,r,zig,PASS,PASS,PASS,PASS,PASS,FAIL,SKIP,SKIP,SKIP,compatibility-runtime,
b20961b78481663737fb9b51143ce7f7acbdfca587c3963db5a900f973f4fcb9,r,julia,PASS,PASS,PASS,PASS,PASS,PASS,SKIP,SKIP,SKIP,compatibility-runtime,
b20961b78481663737fb9b51143ce7f7acbdfca587c3963db5a900f973f4fcb9,r,nim,PASS,PASS,PASS,PASS,PASS,FAIL,SKIP,SKIP,SKIP,compatibility-runtime,
b20961b78481663737fb9b51143ce7f7acbdfca587c3963db5a900f973f4fcb9,r,csharp,PASS,PASS,PASS,PASS,PASS,PASS,SKIP,SKIP,SKIP,compatibility-runtime,
b20961b78481663737fb9b51143ce7f7acbdfca587c3963db5a900f973f4fcb9,r,java,PASS,PASS,PASS,PASS,PASS,PASS,SKIP,SKIP,SKIP,compatibility-runtime,
b20961b78481663737fb9b51143ce7f7acbdfca587c3963db5a900f973f4fcb9,r,kotlin,PASS,PASS,PASS,PASS,PASS,PASS,SKIP,SKIP,SKIP,compatibility-runtime,
b20961b78481663737fb9b51143ce7f7acbdfca587c3963db5a900f973f4fcb9,r,swift,PASS,PASS,PASS,PASS,PASS,PASS,SKIP,SKIP,SKIP,compatibility-runtime,
aa56d5f435bbcfb229fae6433968b14ca4b12cd20d0ba8cd94507ad307e9d467,r,r,FAIL,FAIL,SKIP,SKIP,SKIP,SKIP,SKIP,SKIP,SKIP,DIRECT,FRONTEND_PARSE_BUG (stage=frontend)
aa56d5f435bbcfb229fae6433968b14ca4b12cd20d0ba8cd94507ad307e9d467,r,go,FAIL,FAIL,SKIP,SKIP,SKIP,SKIP,SKIP,SKIP,SKIP,DIRECT,FRONTEND_PARSE_BUG (stage=frontend)
aa56d5f435bbcfb229fae6433968b14ca4b12cd20d0ba8cd94507ad307e9d467,r,rust,FAIL,FAIL,SKIP,SKIP,SKIP,SKIP,SKIP,SKIP,SKIP,DIRECT,FRONTEND_PARSE_BUG (stage=frontend)
aa56d5f435bbcfb229fae6433968b14ca4b12cd20d0ba8cd94507ad307e9d467,r,cpp,FAIL,FAIL,SKIP,SKIP,SKIP,SKIP,SKIP,SKIP,SKIP,DIRECT,FRONTEND_PARSE_BUG (stage=frontend)
aa56d5f435bbcfb229fae6433968b14ca4b12cd20d0ba8cd94507ad307e9d467,r,c,FAIL,FAIL,SKIP,SKIP,SKIP,SKIP,SKIP,SKIP,SKIP,DIRECT,FRONTEND_PARSE_BUG (stage=frontend)
aa56d5f435bbcfb229fae6433968b14ca4b12cd20d0ba8cd94507ad307e9d467,r,python,FAIL,FAIL,SKIP,SKIP,SKIP,SKIP,SKIP,SKIP,SKIP,DIRECT,FRONTEND_PARSE_BUG (stage=frontend)
aa56d5f435bbcfb229fae6433968b14ca4b12cd20d0ba8cd94507ad307e9d467,r,zig,FAIL,FAIL,SKIP,SKIP,SKIP,SKIP,SKIP,SKIP,SKIP,DIRECT,FRONTEND_PARSE_BUG (stage=frontend)
aa56d5f435bbcfb229fae6433968b14ca4b12cd20d0ba8cd94507ad307e9d467,r,julia,FAIL,FAIL,SKIP,SKIP,SKIP,SKIP,SKIP,SKIP,SKIP,DIRECT,FRONTEND_PARSE_BUG (stage=frontend)
aa56d5f435bbcfb229fae6433968b14ca4b12cd20d0ba8cd94507ad307e9d467,r,nim,FAIL,FAIL,SKIP,SKIP,SKIP,SKIP,SKIP,SKIP,SKIP,DIRECT,FRONTEND_PARSE_BUG (stage=frontend)
aa56d5f435bbcfb229fae6433968b14ca4b12cd20d0ba8cd94507ad307e9d467,r,csharp,FAIL,FAIL,SKIP,SKIP,SKIP,SKIP,SKIP,SKIP,SKIP,DIRECT,FRONTEND_PARSE_BUG (stage=frontend)
aa56d5f435bbcfb229fae6433968b14ca4b12cd20d0ba8cd94507ad307e9d467,r,java,FAIL,FAIL,SKIP,SKIP,SKIP,SKIP,SKIP,SKIP,SKIP,DIRECT,FRONTEND_PARSE_BUG (stage=frontend)
aa56d5f435bbcfb229fae6433968b14ca4b12cd20d0ba8cd94507ad307e9d467,r,kotlin,FAIL,FAIL,SKIP,SKIP,SKIP,SKIP,SKIP,SKIP,SKIP,DIRECT,FRONTEND_PARSE_BUG (stage=frontend)
aa56d5f435bbcfb229fae6433968b14ca4b12cd20d0ba8cd94507ad307e9d467,r,swift,FAIL,FAIL,SKIP,SKIP,SKIP,SKIP,SKIP,SKIP,SKIP,DIRECT,FRONTEND_PARSE_BUG (stage=frontend)
3e8e621d84ae6ca756ab527546ec73de29e7a88e3ff416c892709fc9b58b38fe,r,r,FAIL,FAIL,SKIP,SKIP,SKIP,SKIP,SKIP,SKIP,SKIP,DIRECT,RUNTIME_ROUTE_FAILED (stage=runtime)
3e8e621d84ae6ca756ab527546ec73de29e7a88e3ff416c892709fc9b58b38fe,r,go,PASS,PASS,PASS,PASS,PASS,PASS,SKIP,SKIP,SKIP,compatibility-runtime,
3e8e621d84ae6ca756ab527546ec73de29e7a88e3ff416c892709fc9b58b38fe,r,rust,PASS,PASS,PASS,PASS,PASS,PASS,SKIP,SKIP,SKIP,compatibility-runtime,
3e8e621d84ae6ca756ab527546ec73de29e7a88e3ff416c892709fc9b58b38fe,r,cpp,PASS,PASS,PASS,PASS,PASS,FAIL,SKIP,SKIP,SKIP,compatibility-runtime,
3e8e621d84ae6ca756ab527546ec73de29e7a88e3ff416c892709fc9b58b38fe,r,c,PASS,PASS,PASS,PASS,PASS,FAIL,SKIP,SKIP,SKIP,compatibility-runtime,
3e8e621d84ae6ca756ab527546ec73de29e7a88e3ff416c892709fc9b58b38fe,r,python,PASS,PASS,PASS,PASS,PASS,PASS,SKIP,SKIP,SKIP,compatibility-runtime,
3e8e621d84ae6ca756ab527546ec73de29e7a88e3ff416c892709fc9b58b38fe,r,zig,PASS,PASS,PASS,PASS,PASS,FAIL,SKIP,SKIP,SKIP,compatibility-runtime,
3e8e621d84ae6ca756ab527546ec73de29e7a88e3ff416c892709fc9b58b38fe,r,julia,PASS,PASS,PASS,PASS,PASS,PASS,SKIP,SKIP,SKIP,compatibility-runtime,
3e8e621d84ae6ca756ab527546ec73de29e7a88e3ff416c892709fc9b58b38fe,r,nim,PASS,PASS,PASS,PASS,PASS,FAIL,SKIP,SKIP,SKIP,compatibility-runtime,
3e8e621d84ae6ca756ab527546ec73de29e7a88e3ff416c892709fc9b58b38fe,r,csharp,PASS,PASS,PASS,PASS,PASS,PASS,SKIP,SKIP,SKIP,compatibility-runtime,
3e8e621d84ae6ca756ab527546ec73de29e7a88e3ff416c892709fc9b58b38fe,r,java,PASS,PASS,PASS,PASS,PASS,PASS,SKIP,SKIP,SKIP,compatibility-runtime,
3e8e621d84ae6ca756ab527546ec73de29e7a88e3ff416c892709fc9b58b38fe,r,kotlin,PASS,PASS,PASS,PASS,PASS,PASS,SKIP,SKIP,SKIP,compatibility-runtime,
3e8e621d84ae6ca756ab527546ec73de29e7a88e3ff416c892709fc9b58b38fe,r,swift,PASS,PASS,PASS,PASS,PASS,PASS,SKIP,SKIP,SKIP,compatibility-runtime,
1bbdf9aa65eaf971eba16b71ed1d50cdf60d6510225f0197c3a868dc63ea51b3,r,r,FAIL,FAIL,SKIP,SKIP,SKIP,SKIP,SKIP,SKIP,SKIP,DIRECT,FRONTEND_PARSE_BUG (stage=frontend)
1bbdf9aa65eaf971eba16b71ed1d50cdf60d6510225f0197c3a868dc63ea51b3,r,go,FAIL,FAIL,SKIP,SKIP,SKIP,SKIP,SKIP,SKIP,SKIP,DIRECT,FRONTEND_PARSE_BUG (stage=frontend)
1bbdf9aa65eaf971eba16b71ed1d50cdf60d6510225f0197c3a868dc63ea51b3,r,rust,FAIL,FAIL,SKIP,SKIP,SKIP,SKIP,SKIP,SKIP,SKIP,DIRECT,FRONTEND_PARSE_BUG (stage=frontend)
1bbdf9aa65eaf971eba16b71ed1d50cdf60d6510225f0197c3a868dc63ea51b3,r,cpp,FAIL,FAIL,SKIP,SKIP,SKIP,SKIP,SKIP,SKIP,SKIP,DIRECT,FRONTEND_PARSE_BUG (stage=frontend)
1bbdf9aa65eaf971eba16b71ed1d50cdf60d6510225f0197c3a868dc63ea51b3,r,c,FAIL,FAIL,SKIP,SKIP,SKIP,SKIP,SKIP,SKIP,SKIP,DIRECT,FRONTEND_PARSE_BUG (stage=frontend)
1bbdf9aa65eaf971eba16b71ed1d50cdf60d6510225f0197c3a868dc63ea51b3,r,python,FAIL,FAIL,SKIP,SKIP,SKIP,SKIP,SKIP,SKIP,SKIP,DIRECT,FRONTEND_PARSE_BUG (stage=frontend)
1bbdf9aa65eaf971eba16b71ed1d50cdf60d6510225f0197c3a868dc63ea51b3,r,zig,FAIL,FAIL,SKIP,SKIP,SKIP,SKIP,SKIP,SKIP,SKIP,DIRECT,FRONTEND_PARSE_BUG (stage=frontend)
1bbdf9aa65eaf971eba16b71ed1d50cdf60d6510225f0197c3a868dc63ea51b3,r,julia,FAIL,FAIL,SKIP,SKIP,SKIP,SKIP,SKIP,SKIP,SKIP,DIRECT,FRONTEND_PARSE_BUG (stage=frontend)
1bbdf9aa65eaf971eba16b71ed1d50cdf60d6510225f0197c3a868dc63ea51b3,r,nim,FAIL,FAIL,SKIP,SKIP,SKIP,SKIP,SKIP,SKIP,SKIP,DIRECT,FRONTEND_PARSE_BUG (stage=frontend)
1bbdf9aa65eaf971eba16b71ed1d50cdf60d6510225f0197c3a868dc63ea51b3,r,csharp,FAIL,FAIL,SKIP,SKIP,SKIP,SKIP,SKIP,SKIP,SKIP,DIRECT,FRONTEND_PARSE_BUG (stage=frontend)
1bbdf9aa65eaf971eba16b71ed1d50cdf60d6510225f0197c3a868dc63ea51b3,r,java,FAIL,FAIL,SKIP,SKIP,SKIP,SKIP,SKIP,SKIP,SKIP,DIRECT,FRONTEND_PARSE_BUG (stage=frontend)
1bbdf9aa65eaf971eba16b71ed1d50cdf60d6510225f0197c3a868dc63ea51b3,r,kotlin,FAIL,FAIL,SKIP,SKIP,SKIP,SKIP,SKIP,SKIP,SKIP,DIRECT,FRONTEND_PARSE_BUG (stage=frontend)
1bbdf9aa65eaf971eba16b71ed1d50cdf60d6510225f0197c3a868dc63ea51b3,r,swift,FAIL,FAIL,SKIP,SKIP,SKIP,SKIP,SKIP,SKIP,SKIP,DIRECT,FRONTEND_PARSE_BUG (stage=frontend)
3d5a8c128b6a8ef845a6a11569d52e14bda01184ccda68e3d00b0916e1ea5e03,r,r,FAIL,FAIL,SKIP,SKIP,SKIP,SKIP,SKIP,SKIP,SKIP,DIRECT,FRONTEND_PARSE_BUG (stage=frontend)
3d5a8c128b6a8ef845a6a11569d52e14bda01184ccda68e3d00b0916e1ea5e03,r,go,FAIL,FAIL,SKIP,SKIP,SKIP,SKIP,SKIP,SKIP,SKIP,DIRECT,FRONTEND_PARSE_BUG (stage=frontend)
3d5a8c128b6a8ef845a6a11569d52e14bda01184ccda68e3d00b0916e1ea5e03,r,rust,FAIL,FAIL,SKIP,SKIP,SKIP,SKIP,SKIP,SKIP,SKIP,DIRECT,FRONTEND_PARSE_BUG (stage=frontend)
3d5a8c128b6a8ef845a6a11569d52e14bda01184ccda68e3d00b0916e1ea5e03,r,cpp,FAIL,FAIL,SKIP,SKIP,SKIP,SKIP,SKIP,SKIP,SKIP,DIRECT,FRONTEND_PARSE_BUG (stage=frontend)
3d5a8c128b6a8ef845a6a11569d52e14bda01184ccda68e3d00b0916e1ea5e03,r,c,FAIL,FAIL,SKIP,SKIP,SKIP,SKIP,SKIP,SKIP,SKIP,DIRECT,FRONTEND_PARSE_BUG (stage=frontend)
3d5a8c128b6a8ef845a6a11569d52e14bda01184ccda68e3d00b0916e1ea5e03,r,python,FAIL,FAIL,SKIP,SKIP,SKIP,SKIP,SKIP,SKIP,SKIP,DIRECT,FRONTEND_PARSE_BUG (stage=frontend)
3d5a8c128b6a8ef845a6a11569d52e14bda01184ccda68e3d00b0916e1ea5e03,r,zig,FAIL,FAIL,SKIP,SKIP,SKIP,SKIP,SKIP,SKIP,SKIP,DIRECT,FRONTEND_PARSE_BUG (stage=frontend)
3d5a8c128b6a8ef845a6a11569d52e14bda01184ccda68e3d00b0916e1ea5e03,r,julia,FAIL,FAIL,SKIP,SKIP,SKIP,SKIP,SKIP,SKIP,SKIP,DIRECT,FRONTEND_PARSE_BUG (stage=frontend)
3d5a8c128b6a8ef845a6a11569d52e14bda01184ccda68e3d00b0916e1ea5e03,r,nim,FAIL,FAIL,SKIP,SKIP,SKIP,SKIP,SKIP,SKIP,SKIP,DIRECT,FRONTEND_PARSE_BUG (stage=frontend)
3d5a8c128b6a8ef845a6a11569d52e14bda01184ccda68e3d00b0916e1ea5e03,r,csharp,FAIL,FAIL,SKIP,SKIP,SKIP,SKIP,SKIP,SKIP,SKIP,DIRECT,FRONTEND_PARSE_BUG (stage=frontend)
3d5a8c128b6a8ef845a6a11569d52e14bda01184ccda68e3d00b0916e1ea5e03,r,java,FAIL,FAIL,SKIP,SKIP,SKIP,SKIP,SKIP,SKIP,SKIP,DIRECT,FRONTEND_PARSE_BUG (stage=frontend)
3d5a8c128b6a8ef845a6a11569d52e14bda01184ccda68e3d00b0916e1ea5e03,r,kotlin,FAIL,FAIL,SKIP,SKIP,SKIP,SKIP,SKIP,SKIP,SKIP,DIRECT,FRONTEND_PARSE_BUG (stage=frontend)
3d5a8c128b6a8ef845a6a11569d52e14bda01184ccda68e3d00b0916e1ea5e03,r,swift,FAIL,FAIL,SKIP,SKIP,SKIP,SKIP,SKIP,SKIP,SKIP,DIRECT,FRONTEND_PARSE_BUG (stage=frontend)
b05a6375cbe1a269f5a1218d790b8cf3eb97525ee2e7b07e8284d393a10477ac,r,r,FAIL,FAIL,SKIP,SKIP,SKIP,SKIP,SKIP,SKIP,SKIP,DIRECT,RUNTIME_ROUTE_FAILED (stage=runtime)
b05a6375cbe1a269f5a1218d790b8cf3eb97525ee2e7b07e8284d393a10477ac,r,go,PASS,PASS,PASS,PASS,PASS,PASS,SKIP,SKIP,SKIP,compatibility-runtime,
b05a6375cbe1a269f5a1218d790b8cf3eb97525ee2e7b07e8284d393a10477ac,r,rust,PASS,PASS,PASS,PASS,PASS,PASS,SKIP,SKIP,SKIP,compatibility-runtime,
b05a6375cbe1a269f5a1218d790b8cf3eb97525ee2e7b07e8284d393a10477ac,r,cpp,PASS,PASS,PASS,PASS,PASS,FAIL,SKIP,SKIP,SKIP,compatibility-runtime,
b05a6375cbe1a269f5a1218d790b8cf3eb97525ee2e7b07e8284d393a10477ac,r,c,PASS,PASS,PASS,PASS,PASS,FAIL,SKIP,SKIP,SKIP,compatibility-runtime,
b05a6375cbe1a269f5a1218d790b8cf3eb97525ee2e7b07e8284d393a10477ac,r,python,PASS,PASS,PASS,PASS,PASS,PASS,SKIP,SKIP,SKIP,compatibility-runtime,
b05a6375cbe1a269f5a1218d790b8cf3eb97525ee2e7b07e8284d393a10477ac,r,zig,PASS,PASS,PASS,PASS,PASS,FAIL,SKIP,SKIP,SKIP,compatibility-runtime,
b05a6375cbe1a269f5a1218d790b8cf3eb97525ee2e7b07e8284d393a10477ac,r,julia,PASS,PASS,PASS,PASS,PASS,PASS,SKIP,SKIP,SKIP,compatibility-runtime,
b05a6375cbe1a269f5a1218d790b8cf3eb97525ee2e7b07e8284d393a10477ac,r,nim,PASS,PASS,PASS,PASS,PASS,FAIL,SKIP,SKIP,SKIP,compatibility-runtime,
b05a6375cbe1a269f5a1218d790b8cf3eb97525ee2e7b07e8284d393a10477ac,r,csharp,PASS,PASS,PASS,PASS,PASS,PASS,SKIP,SKIP,SKIP,compatibility-runtime,
b05a6375cbe1a269f5a1218d790b8cf3eb97525ee2e7b07e8284d393a10477ac,r,java,PASS,PASS,PASS,PASS,PASS,PASS,SKIP,SKIP,SKIP,compatibility-runtime,
b05a6375cbe1a269f5a1218d790b8cf3eb97525ee2e7b07e8284d393a10477ac,r,kotlin,PASS,PASS,PASS,PASS,PASS,PASS,SKIP,SKIP,SKIP,compatibility-runtime,
b05a6375cbe1a269f5a1218d790b8cf3eb97525ee2e7b07e8284d393a10477ac,r,swift,PASS,PASS,PASS,PASS,PASS,PASS,SKIP,SKIP,SKIP,compatibility-runtime,
3ae3ac069ead7b117c73046aaed937c31682b7ce1300bf54912fb252d2bd7d86,r,r,FAIL,FAIL,SKIP,SKIP,SKIP,SKIP,SKIP,SKIP,SKIP,DIRECT,RUNTIME_ROUTE_FAILED (stage=runtime)
3ae3ac069ead7b117c73046aaed937c31682b7ce1300bf54912fb252d2bd7d86,r,go,PASS,PASS,PASS,PASS,PASS,PASS,SKIP,SKIP,SKIP,compatibility-runtime,
3ae3ac069ead7b117c73046aaed937c31682b7ce1300bf54912fb252d2bd7d86,r,rust,PASS,PASS,PASS,PASS,PASS,PASS,SKIP,SKIP,SKIP,compatibility-runtime,
3ae3ac069ead7b117c73046aaed937c31682b7ce1300bf54912fb252d2bd7d86,r,cpp,PASS,PASS,PASS,PASS,PASS,FAIL,SKIP,SKIP,SKIP,compatibility-runtime,
3ae3ac069ead7b117c73046aaed937c31682b7ce1300bf54912fb252d2bd7d86,r,c,PASS,PASS,PASS,PASS,PASS,FAIL,SKIP,SKIP,SKIP,compatibility-runtime,
3ae3ac069ead7b117c73046aaed937c31682b7ce1300bf54912fb252d2bd7d86,r,python,PASS,PASS,PASS,PASS,PASS,PASS,SKIP,SKIP,SKIP,compatibility-runtime,
3ae3ac069ead7b117c73046aaed937c31682b7ce1300bf54912fb252d2bd7d86,r,zig,PASS,PASS,PASS,PASS,PASS,FAIL,SKIP,SKIP,SKIP,compatibility-runtime,
3ae3ac069ead7b117c73046aaed937c31682b7ce1300bf54912fb252d2bd7d86,r,julia,PASS,PASS,PASS,PASS,PASS,PASS,SKIP,SKIP,SKIP,compatibility-runtime,
3ae3ac069ead7b117c73046aaed937c31682b7ce1300bf54912fb252d2bd7d86,r,nim,PASS,PASS,PASS,PASS,PASS,FAIL,SKIP,SKIP,SKIP,compatibility-runtime,
3ae3ac069ead7b117c73046aaed937c31682b7ce1300bf54912fb252d2bd7d86,r,csharp,PASS,PASS,PASS,PASS,PASS,PASS,SKIP,SKIP,SKIP,compatibility-runtime,
3ae3ac069ead7b117c73046aaed937c31682b7ce1300bf54912fb252d2bd7d86,r,java,PASS,PASS,PASS,PASS,PASS,PASS,SKIP,SKIP,SKIP,compatibility-runtime,
3ae3ac069ead7b117c73046aaed937c31682b7ce1300bf54912fb252d2bd7d86,r,kotlin,PASS,PASS,PASS,PASS,PASS,PASS,SKIP,SKIP,SKIP,compatibility-runtime,
3ae3ac069ead7b117c73046aaed937c31682b7ce1300bf54912fb252d2bd7d86,r,swift,PASS,PASS,PASS,PASS,PASS,PASS,SKIP,SKIP,SKIP,compatibility-runtime,
90bd71ba6f8692f20fb3550b77deb47623a20871393d811e32c2719fef9ce7f5,r,r,FAIL,FAIL,SKIP,SKIP,SKIP,SKIP,SKIP,SKIP,SKIP,DIRECT,RUNTIME_ROUTE_FAILED (stage=runtime)
90bd71ba6f8692f20fb3550b77deb47623a20871393d811e32c2719fef9ce7f5,r,go,PASS,PASS,PASS,PASS,PASS,PASS,SKIP,SKIP,SKIP,compatibility-runtime,
90bd71ba6f8692f20fb3550b77deb47623a20871393d811e32c2719fef9ce7f5,r,rust,PASS,PASS,PASS,PASS,PASS,PASS,SKIP,SKIP,SKIP,compatibility-runtime,
90bd71ba6f8692f20fb3550b77deb47623a20871393d811e32c2719fef9ce7f5,r,cpp,PASS,PASS,PASS,PASS,PASS,FAIL,SKIP,SKIP,SKIP,compatibility-runtime,
90bd71ba6f8692f20fb3550b77deb47623a20871393d811e32c2719fef9ce7f5,r,c,PASS,PASS,PASS,PASS,PASS,FAIL,SKIP,SKIP,SKIP,compatibility-runtime,
90bd71ba6f8692f20fb3550b77deb47623a20871393d811e32c2719fef9ce7f5,r,python,PASS,PASS,PASS,PASS,PASS,PASS,SKIP,SKIP,SKIP,compatibility-runtime,
90bd71ba6f8692f20fb3550b77deb47623a20871393d811e32c2719fef9ce7f5,r,zig,PASS,PASS,PASS,PASS,PASS,FAIL,SKIP,SKIP,SKIP,compatibility-runtime,
90bd71ba6f8692f20fb3550b77deb47623a20871393d811e32c2719fef9ce7f5,r,julia,PASS,PASS,PASS,PASS,PASS,PASS,SKIP,SKIP,SKIP,compatibility-runtime,
90bd71ba6f8692f20fb3550b77deb47623a20871393d811e32c2719fef9ce7f5,r,nim,PASS,PASS,PASS,PASS,PASS,FAIL,SKIP,SKIP,SKIP,compatibility-runtime,
90bd71ba6f8692f20fb3550b77deb47623a20871393d811e32c2719fef9ce7f5,r,csharp,PASS,PASS,PASS,PASS,PASS,PASS,SKIP,SKIP,SKIP,compatibility-runtime,
90bd71ba6f8692f20fb3550b77deb47623a20871393d811e32c2719fef9ce7f5,r,java,PASS,PASS,PASS,PASS,PASS,PASS,SKIP,SKIP,SKIP,compatibility-runtime,
90bd71ba6f8692f20fb3550b77deb47623a20871393d811e32c2719fef9ce7f5,r,kotlin,PASS,PASS,PASS,PASS,PASS,PASS,SKIP,SKIP,SKIP,compatibility-runtime,
90bd71ba6f8692f20fb3550b77deb47623a20871393d811e32c2719fef9ce7f5,r,swift,PASS,PASS,PASS,PASS,PASS,PASS,SKIP,SKIP,SKIP,compatibility-runtime,
b9176807c4ab8689b0dc40b4b60e9e2f7124c05c9bfde816b02335e8f78c3b97,r,r,FAIL,FAIL,SKIP,SKIP,SKIP,SKIP,SKIP,SKIP,SKIP,DIRECT,RUNTIME_ROUTE_FAILED (stage=runtime)
b9176807c4ab8689b0dc40b4b60e9e2f7124c05c9bfde816b02335e8f78c3b97,r,go,PASS,PASS,PASS,PASS,PASS,PASS,SKIP,SKIP,SKIP,compatibility-runtime,
b9176807c4ab8689b0dc40b4b60e9e2f7124c05c9bfde816b02335e8f78c3b97,r,rust,PASS,PASS,PASS,PASS,PASS,PASS,SKIP,SKIP,SKIP,compatibility-runtime,
b9176807c4ab8689b0dc40b4b60e9e2f7124c05c9bfde816b02335e8f78c3b97,r,cpp,PASS,PASS,PASS,PASS,PASS,FAIL,SKIP,SKIP,SKIP,compatibility-runtime,
b9176807c4ab8689b0dc40b4b60e9e2f7124c05c9bfde816b02335e8f78c3b97,r,c,PASS,PASS,PASS,PASS,PASS,FAIL,SKIP,SKIP,SKIP,compatibility-runtime,
b9176807c4ab8689b0dc40b4b60e9e2f7124c05c9bfde816b02335e8f78c3b97,r,python,PASS,PASS,PASS,PASS,PASS,PASS,SKIP,SKIP,SKIP,compatibility-runtime,
b9176807c4ab8689b0dc40b4b60e9e2f7124c05c9bfde816b02335e8f78c3b97,r,zig,PASS,PASS,PASS,PASS,PASS,FAIL,SKIP,SKIP,SKIP,compatibility-runtime,
b9176807c4ab8689b0dc40b4b60e9e2f7124c05c9bfde816b02335e8f78c3b97,r,julia,PASS,PASS,PASS,PASS,PASS,PASS,SKIP,SKIP,SKIP,compatibility-runtime,
b9176807c4ab8689b0dc40b4b60e9e2f7124c05c9bfde816b02335e8f78c3b97,r,nim,PASS,PASS,PASS,PASS,PASS,FAIL,SKIP,SKIP,SKIP,compatibility-runtime,
b9176807c4ab8689b0dc40b4b60e9e2f7124c05c9bfde816b02335e8f78c3b97,r,csharp,PASS,PASS,PASS,PASS,PASS,PASS,SKIP,SKIP,SKIP,compatibility-runtime,
b9176807c4ab8689b0dc40b4b60e9e2f7124c05c9bfde816b02335e8f78c3b97,r,java,PASS,PASS,PASS,PASS,PASS,PASS,SKIP,SKIP,SKIP,compatibility-runtime,
b9176807c4ab8689b0dc40b4b60e9e2f7124c05c9bfde816b02335e8f78c3b97,r,kotlin,PASS,PASS,PASS,PASS,PASS,PASS,SKIP,SKIP,SKIP,compatibility-runtime,
b9176807c4ab8689b0dc40b4b60e9e2f7124c05c9bfde816b02335e8f78c3b97,r,swift,PASS,PASS,PASS,PASS,PASS,PASS,SKIP,SKIP,SKIP,compatibility-runtime,
fd76daed5ef1b026d5a48f3920e3e1ae46fe1d6739c8c0932f50530a12651b81,r,r,FAIL,FAIL,SKIP,SKIP,SKIP,SKIP,SKIP,SKIP,SKIP,DIRECT,FRONTEND_PARSE_BUG (stage=frontend)
fd76daed5ef1b026d5a48f3920e3e1ae46fe1d6739c8c0932f50530a12651b81,r,go,FAIL,FAIL,SKIP,SKIP,SKIP,SKIP,SKIP,SKIP,SKIP,DIRECT,FRONTEND_PARSE_BUG (stage=frontend)
fd76daed5ef1b026d5a48f3920e3e1ae46fe1d6739c8c0932f50530a12651b81,r,rust,FAIL,FAIL,SKIP,SKIP,SKIP,SKIP,SKIP,SKIP,SKIP,DIRECT,FRONTEND_PARSE_BUG (stage=frontend)
fd76daed5ef1b026d5a48f3920e3e1ae46fe1d6739c8c0932f50530a12651b81,r,cpp,FAIL,FAIL,SKIP,SKIP,SKIP,SKIP,SKIP,SKIP,SKIP,DIRECT,FRONTEND_PARSE_BUG (stage=frontend)
fd76daed5ef1b026d5a48f3920e3e1ae46fe1d6739c8c0932f50530a12651b81,r,c,FAIL,FAIL,SKIP,SKIP,SKIP,SKIP,SKIP,SKIP,SKIP,DIRECT,FRONTEND_PARSE_BUG (stage=frontend)
fd76daed5ef1b026d5a48f3920e3e1ae46fe1d6739c8c0932f50530a12651b81,r,python,FAIL,FAIL,SKIP,SKIP,SKIP,SKIP,SKIP,SKIP,SKIP,DIRECT,FRONTEND_PARSE_BUG (stage=frontend)
fd76daed5ef1b026d5a48f3920e3e1ae46fe1d6739c8c0932f50530a12651b81,r,zig,FAIL,FAIL,SKIP,SKIP,SKIP,SKIP,SKIP,SKIP,SKIP,DIRECT,FRONTEND_PARSE_BUG (stage=frontend)
fd76daed5ef1b026d5a48f3920e3e1ae46fe1d6739c8c0932f50530a12651b81,r,julia,FAIL,FAIL,SKIP,SKIP,SKIP,SKIP,SKIP,SKIP,SKIP,DIRECT,FRONTEND_PARSE_BUG (stage=frontend)
fd76daed5ef1b026d5a48f3920e3e1ae46fe1d6739c8c0932f50530a12651b81,r,nim,FAIL,FAIL,SKIP,SKIP,SKIP,SKIP,SKIP,SKIP,SKIP,DIRECT,FRONTEND_PARSE_BUG (stage=frontend)
fd76daed5ef1b026d5a48f3920e3e1ae46fe1d6739c8c0932f50530a12651b81,r,csharp,FAIL,FAIL,SKIP,SKIP,SKIP,SKIP,SKIP,SKIP,SKIP,DIRECT,FRONTEND_PARSE_BUG (stage=frontend)
fd76daed5ef1b026d5a48f3920e3e1ae46fe1d6739c8c0932f50530a12651b81,r,java,FAIL,FAIL,SKIP,SKIP,SKIP,SKIP,SKIP,SKIP,SKIP,DIRECT,FRONTEND_PARSE_BUG (stage=frontend)
fd76daed5ef1b026d5a48f3920e3e1ae46fe1d6739c8c0932f50530a12651b81,r,kotlin,FAIL,FAIL,SKIP,SKIP,SKIP,SKIP,SKIP,SKIP,SKIP,DIRECT,FRONTEND_PARSE_BUG (stage=frontend)
fd76daed5ef1b026d5a48f3920e3e1ae46fe1d6739c8c0932f50530a12651b81,r,swift,FAIL,FAIL,SKIP,SKIP,SKIP,SKIP,SKIP,SKIP,SKIP,DIRECT,FRONTEND_PARSE_BUG (stage=frontend)
5ac4e3494be8f03dfe199b086f15ec2c097098790a82517494254cb4b2efa530,r,r,FAIL,FAIL,SKIP,SKIP,SKIP,SKIP,SKIP,SKIP,SKIP,DIRECT,FRONTEND_PARSE_BUG (stage=frontend)
5ac4e3494be8f03dfe199b086f15ec2c097098790a82517494254cb4b2efa530,r,go,FAIL,FAIL,SKIP,SKIP,SKIP,SKIP,SKIP,SKIP,SKIP,DIRECT,FRONTEND_PARSE_BUG (stage=frontend)
5ac4e3494be8f03dfe199b086f15ec2c097098790a82517494254cb4b2efa530,r,rust,FAIL,FAIL,SKIP,SKIP,SKIP,SKIP,SKIP,SKIP,SKIP,DIRECT,FRONTEND_PARSE_BUG (stage=frontend)
5ac4e3494be8f03dfe199b086f15ec2c097098790a82517494254cb4b2efa530,r,cpp,FAIL,FAIL,SKIP,SKIP,SKIP,SKIP,SKIP,SKIP,SKIP,DIRECT,FRONTEND_PARSE_BUG (stage=frontend)
5ac4e3494be8f03dfe199b086f15ec2c097098790a82517494254cb4b2efa530,r,c,FAIL,FAIL,SKIP,SKIP,SKIP,SKIP,SKIP,SKIP,SKIP,DIRECT,FRONTEND_PARSE_BUG (stage=frontend)
5ac4e3494be8f03dfe199b086f15ec2c097098790a82517494254cb4b2efa530,r,python,FAIL,FAIL,SKIP,SKIP,SKIP,SKIP,SKIP,SKIP,SKIP,DIRECT,FRONTEND_PARSE_BUG (stage=frontend)
5ac4e3494be8f03dfe199b086f15ec2c097098790a82517494254cb4b2efa530,r,zig,FAIL,FAIL,SKIP,SKIP,SKIP,SKIP,SKIP,SKIP,SKIP,DIRECT,FRONTEND_PARSE_BUG (stage=frontend)
5ac4e3494be8f03dfe199b086f15ec2c097098790a82517494254cb4b2efa530,r,julia,FAIL,FAIL,SKIP,SKIP,SKIP,SKIP,SKIP,SKIP,SKIP,DIRECT,FRONTEND_PARSE_BUG (stage=frontend)
5ac4e3494be8f03dfe199b086f15ec2c097098790a82517494254cb4b2efa530,r,nim,FAIL,FAIL,SKIP,SKIP,SKIP,SKIP,SKIP,SKIP,SKIP,DIRECT,FRONTEND_PARSE_BUG (stage=frontend)
5ac4e3494be8f03dfe199b086f15ec2c097098790a82517494254cb4b2efa530,r,csharp,FAIL,FAIL,SKIP,SKIP,SKIP,SKIP,SKIP,SKIP,SKIP,DIRECT,FRONTEND_PARSE_BUG (stage=frontend)
5ac4e3494be8f03dfe199b086f15ec2c097098790a82517494254cb4b2efa530,r,java,FAIL,FAIL,SKIP,SKIP,SKIP,SKIP,SKIP,SKIP,SKIP,DIRECT,FRONTEND_PARSE_BUG (stage=frontend)
5ac4e3494be8f03dfe199b086f15ec2c097098790a82517494254cb4b2efa530,r,kotlin,FAIL,FAIL,SKIP,SKIP,SKIP,SKIP,SKIP,SKIP,SKIP,DIRECT,FRONTEND_PARSE_BUG (stage=frontend)
5ac4e3494be8f03dfe199b086f15ec2c097098790a82517494254cb4b2efa530,r,swift,FAIL,FAIL,SKIP,SKIP,SKIP,SKIP,SKIP,SKIP,SKIP,DIRECT,FRONTEND_PARSE_BUG (stage=frontend)
ab51093cbbba0f3b07d9d5283a67d8c17b00ef0df0653d56ce54faaf367bdd55,r,r,FAIL,FAIL,SKIP,SKIP,SKIP,SKIP,SKIP,SKIP,SKIP,DIRECT,FRONTEND_PARSE_BUG (stage=frontend)
ab51093cbbba0f3b07d9d5283a67d8c17b00ef0df0653d56ce54faaf367bdd55,r,go,FAIL,FAIL,SKIP,SKIP,SKIP,SKIP,SKIP,SKIP,SKIP,DIRECT,FRONTEND_PARSE_BUG (stage=frontend)
ab51093cbbba0f3b07d9d5283a67d8c17b00ef0df0653d56ce54faaf367bdd55,r,rust,FAIL,FAIL,SKIP,SKIP,SKIP,SKIP,SKIP,SKIP,SKIP,DIRECT,FRONTEND_PARSE_BUG (stage=frontend)
ab51093cbbba0f3b07d9d5283a67d8c17b00ef0df0653d56ce54faaf367bdd55,r,cpp,FAIL,FAIL,SKIP,SKIP,SKIP,SKIP,SKIP,SKIP,SKIP,DIRECT,FRONTEND_PARSE_BUG (stage=frontend)
ab51093cbbba0f3b07d9d5283a67d8c17b00ef0df0653d56ce54faaf367bdd55,r,c,FAIL,FAIL,SKIP,SKIP,SKIP,SKIP,SKIP,SKIP,SKIP,DIRECT,FRONTEND_PARSE_BUG (stage=frontend)
ab51093cbbba0f3b07d9d5283a67d8c17b00ef0df0653d56ce54faaf367bdd55,r,python,FAIL,FAIL,SKIP,SKIP,SKIP,SKIP,SKIP,SKIP,SKIP,DIRECT,FRONTEND_PARSE_BUG (stage=frontend)
ab51093cbbba0f3b07d9d5283a67d8c17b00ef0df0653d56ce54faaf367bdd55,r,zig,FAIL,FAIL,SKIP,SKIP,SKIP,SKIP,SKIP,SKIP,SKIP,DIRECT,FRONTEND_PARSE_BUG (stage=frontend)
ab51093cbbba0f3b07d9d5283a67d8c17b00ef0df0653d56ce54faaf367bdd55,r,julia,FAIL,FAIL,SKIP,SKIP,SKIP,SKIP,SKIP,SKIP,SKIP,DIRECT,FRONTEND_PARSE_BUG (stage=frontend)
ab51093cbbba0f3b07d9d5283a67d8c17b00ef0df0653d56ce54faaf367bdd55,r,nim,FAIL,FAIL,SKIP,SKIP,SKIP,SKIP,SKIP,SKIP,SKIP,DIRECT,FRONTEND_PARSE_BUG (stage=frontend)
ab51093cbbba0f3b07d9d5283a67d8c17b00ef0df0653d56ce54faaf367bdd55,r,csharp,FAIL,FAIL,SKIP,SKIP,SKIP,SKIP,SKIP,SKIP,SKIP,DIRECT,FRONTEND_PARSE_BUG (stage=frontend)
ab51093cbbba0f3b07d9d5283a67d8c17b00ef0df0653d56ce54faaf367bdd55,r,java,FAIL,FAIL,SKIP,SKIP,SKIP,SKIP,SKIP,SKIP,SKIP,DIRECT,FRONTEND_PARSE_BUG (stage=frontend)
ab51093cbbba0f3b07d9d5283a67d8c17b00ef0df0653d56ce54faaf367bdd55,r,kotlin,FAIL,FAIL,SKIP,SKIP,SKIP,SKIP,SKIP,SKIP,SKIP,DIRECT,FRONTEND_PARSE_BUG (stage=frontend)
ab51093cbbba0f3b07d9d5283a67d8c17b00ef0df0653d56ce54faaf367bdd55,r,swift,FAIL,FAIL,SKIP,SKIP,SKIP,SKIP,SKIP,SKIP,SKIP,DIRECT,FRONTEND_PARSE_BUG (stage=frontend)
061cd8b119c60e2e23383fb6157d3ec4a65f3f73d75dd7e824ab450c101027a4,r,r,FAIL,FAIL,SKIP,SKIP,SKIP,SKIP,SKIP,SKIP,SKIP,DIRECT,FRONTEND_PARSE_BUG (stage=frontend)
061cd8b119c60e2e23383fb6157d3ec4a65f3f73d75dd7e824ab450c101027a4,r,go,FAIL,FAIL,SKIP,SKIP,SKIP,SKIP,SKIP,SKIP,SKIP,DIRECT,FRONTEND_PARSE_BUG (stage=frontend)
061cd8b119c60e2e23383fb6157d3ec4a65f3f73d75dd7e824ab450c101027a4,r,rust,FAIL,FAIL,SKIP,SKIP,SKIP,SKIP,SKIP,SKIP,SKIP,DIRECT,FRONTEND_PARSE_BUG (stage=frontend)
061cd8b119c60e2e23383fb6157d3ec4a65f3f73d75dd7e824ab450c101027a4,r,cpp,FAIL,FAIL,SKIP,SKIP,SKIP,SKIP,SKIP,SKIP,SKIP,DIRECT,FRONTEND_PARSE_BUG (stage=frontend)
061cd8b119c60e2e23383fb6157d3ec4a65f3f73d75dd7e824ab450c101027a4,r,c,FAIL,FAIL,SKIP,SKIP,SKIP,SKIP,SKIP,SKIP,SKIP,DIRECT,FRONTEND_PARSE_BUG (stage=frontend)
061cd8b119c60e2e23383fb6157d3ec4a65f3f73d75dd7e824ab450c101027a4,r,python,FAIL,FAIL,SKIP,SKIP,SKIP,SKIP,SKIP,SKIP,SKIP,DIRECT,FRONTEND_PARSE_BUG (stage=frontend)
061cd8b119c60e2e23383fb6157d3ec4a65f3f73d75dd7e824ab450c101027a4,r,zig,FAIL,FAIL,SKIP,SKIP,SKIP,SKIP,SKIP,SKIP,SKIP,DIRECT,FRONTEND_PARSE_BUG (stage=frontend)
061cd8b119c60e2e23383fb6157d3ec4a65f3f73d75dd7e824ab450c101027a4,r,julia,FAIL,FAIL,SKIP,SKIP,SKIP,SKIP,SKIP,SKIP,SKIP,DIRECT,FRONTEND_PARSE_BUG (stage=frontend)
061cd8b119c60e2e23383fb6157d3ec4a65f3f73d75dd7e824ab450c101027a4,r,nim,FAIL,FAIL,SKIP,SKIP,SKIP,SKIP,SKIP,SKIP,SKIP,DIRECT,FRONTEND_PARSE_BUG (stage=frontend)
061cd8b119c60e2e23383fb6157d3ec4a65f3f73d75dd7e824ab450c101027a4,r,csharp,FAIL,FAIL,SKIP,SKIP,SKIP,SKIP,SKIP,SKIP,SKIP,DIRECT,FRONTEND_PARSE_BUG (stage=frontend)
061cd8b119c60e2e23383fb6157d3ec4a65f3f73d75dd7e824ab450c101027a4,r,java,FAIL,FAIL,SKIP,SKIP,SKIP,SKIP,SKIP,SKIP,SKIP,DIRECT,FRONTEND_PARSE_BUG (stage=frontend)
061cd8b119c60e2e23383fb6157d3ec4a65f3f73d75dd7e824ab450c101027a4,r,kotlin,FAIL,FAIL,SKIP,SKIP,SKIP,SKIP,SKIP,SKIP,SKIP,DIRECT,FRONTEND_PARSE_BUG (stage=frontend)
061cd8b119c60e2e23383fb6157d3ec4a65f3f73d75dd7e824ab450c101027a4,r,swift,FAIL,FAIL,SKIP,SKIP,SKIP,SKIP,SKIP,SKIP,SKIP,DIRECT,FRONTEND_PARSE_BUG (stage=frontend)
2483047e793fa67a8e5d815a510fadb9ec26783cb6edcfd50f1a91ce7f50d246,r,r,FAIL,FAIL,SKIP,SKIP,SKIP,SKIP,SKIP,SKIP,SKIP,DIRECT,FRONTEND_PARSE_BUG (stage=frontend)
2483047e793fa67a8e5d815a510fadb9ec26783cb6edcfd50f1a91ce7f50d246,r,go,FAIL,FAIL,SKIP,SKIP,SKIP,SKIP,SKIP,SKIP,SKIP,DIRECT,FRONTEND_PARSE_BUG (stage=frontend)
2483047e793fa67a8e5d815a510fadb9ec26783cb6edcfd50f1a91ce7f50d246,r,rust,FAIL,FAIL,SKIP,SKIP,SKIP,SKIP,SKIP,SKIP,SKIP,DIRECT,FRONTEND_PARSE_BUG (stage=frontend)
2483047e793fa67a8e5d815a510fadb9ec26783cb6edcfd50f1a91ce7f50d246,r,cpp,FAIL,FAIL,SKIP,SKIP,SKIP,SKIP,SKIP,SKIP,SKIP,DIRECT,FRONTEND_PARSE_BUG (stage=frontend)
2483047e793fa67a8e5d815a510fadb9ec26783cb6edcfd50f1a91ce7f50d246,r,c,FAIL,FAIL,SKIP,SKIP,SKIP,SKIP,SKIP,SKIP,SKIP,DIRECT,FRONTEND_PARSE_BUG (stage=frontend)
2483047e793fa67a8e5d815a510fadb9ec26783cb6edcfd50f1a91ce7f50d246,r,python,FAIL,FAIL,SKIP,SKIP,SKIP,SKIP,SKIP,SKIP,SKIP,DIRECT,FRONTEND_PARSE_BUG (stage=frontend)
2483047e793fa67a8e5d815a510fadb9ec26783cb6edcfd50f1a91ce7f50d246,r,zig,FAIL,FAIL,SKIP,SKIP,SKIP,SKIP,SKIP,SKIP,SKIP,DIRECT,FRONTEND_PARSE_BUG (stage=frontend)
2483047e793fa67a8e5d815a510fadb9ec26783cb6edcfd50f1a91ce7f50d246,r,julia,FAIL,FAIL,SKIP,SKIP,SKIP,SKIP,SKIP,SKIP,SKIP,DIRECT,FRONTEND_PARSE_BUG (stage=frontend)
2483047e793fa67a8e5d815a510fadb9ec26783cb6edcfd50f1a91ce7f50d246,r,nim,FAIL,FAIL,SKIP,SKIP,SKIP,SKIP,SKIP,SKIP,SKIP,DIRECT,FRONTEND_PARSE_BUG (stage=frontend)
2483047e793fa67a8e5d815a510fadb9ec26783cb6edcfd50f1a91ce7f50d246,r,csharp,FAIL,FAIL,SKIP,SKIP,SKIP,SKIP,SKIP,SKIP,SKIP,DIRECT,FRONTEND_PARSE_BUG (stage=frontend)
2483047e793fa67a8e5d815a510fadb9ec26783cb6edcfd50f1a91ce7f50d246,r,java,FAIL,FAIL,SKIP,SKIP,SKIP,SKIP,SKIP,SKIP,SKIP,DIRECT,FRONTEND_PARSE_BUG (stage=frontend)
2483047e793fa67a8e5d815a510fadb9ec26783cb6edcfd50f1a91ce7f50d246,r,kotlin,FAIL,FAIL,SKIP,SKIP,SKIP,SKIP,SKIP,SKIP,SKIP,DIRECT,FRONTEND_PARSE_BUG (stage=frontend)
2483047e793fa67a8e5d815a510fadb9ec26783cb6edcfd50f1a91ce7f50d246,r,swift,FAIL,FAIL,SKIP,SKIP,SKIP,SKIP,SKIP,SKIP,SKIP,DIRECT,FRONTEND_PARSE_BUG (stage=frontend)
f2e42a8c27837bc43fcdba4832525a9182b252596b1f1464d0ffd22a720bc14f,r,r,FAIL,FAIL,SKIP,SKIP,SKIP,SKIP,SKIP,SKIP,SKIP,DIRECT,FRONTEND_PARSE_BUG (stage=frontend)
f2e42a8c27837bc43fcdba4832525a9182b252596b1f1464d0ffd22a720bc14f,r,go,FAIL,FAIL,SKIP,SKIP,SKIP,SKIP,SKIP,SKIP,SKIP,DIRECT,FRONTEND_PARSE_BUG (stage=frontend)
f2e42a8c27837bc43fcdba4832525a9182b252596b1f1464d0ffd22a720bc14f,r,rust,FAIL,FAIL,SKIP,SKIP,SKIP,SKIP,SKIP,SKIP,SKIP,DIRECT,FRONTEND_PARSE_BUG (stage=frontend)
f2e42a8c27837bc43fcdba4832525a9182b252596b1f1464d0ffd22a720bc14f,r,cpp,FAIL,FAIL,SKIP,SKIP,SKIP,SKIP,SKIP,SKIP,SKIP,DIRECT,FRONTEND_PARSE_BUG (stage=frontend)
f2e42a8c27837bc43fcdba4832525a9182b252596b1f1464d0ffd22a720bc14f,r,c,FAIL,FAIL,SKIP,SKIP,SKIP,SKIP,SKIP,SKIP,SKIP,DIRECT,FRONTEND_PARSE_BUG (stage=frontend)
f2e42a8c27837bc43fcdba4832525a9182b252596b1f1464d0ffd22a720bc14f,r,python,FAIL,FAIL,SKIP,SKIP,SKIP,SKIP,SKIP,SKIP,SKIP,DIRECT,FRONTEND_PARSE_BUG (stage=frontend)
f2e42a8c27837bc43fcdba4832525a9182b252596b1f1464d0ffd22a720bc14f,r,zig,FAIL,FAIL,SKIP,SKIP,SKIP,SKIP,SKIP,SKIP,SKIP,DIRECT,FRONTEND_PARSE_BUG (stage=frontend)
f2e42a8c27837bc43fcdba4832525a9182b252596b1f1464d0ffd22a720bc14f,r,julia,FAIL,FAIL,SKIP,SKIP,SKIP,SKIP,SKIP,SKIP,SKIP,DIRECT,FRONTEND_PARSE_BUG (stage=frontend)
f2e42a8c27837bc43fcdba4832525a9182b252596b1f1464d0ffd22a720bc14f,r,nim,FAIL,FAIL,SKIP,SKIP,SKIP,SKIP,SKIP,SKIP,SKIP,DIRECT,FRONTEND_PARSE_BUG (stage=frontend)
f2e42a8c27837bc43fcdba4832525a9182b252596b1f1464d0ffd22a720bc14f,r,csharp,FAIL,FAIL,SKIP,SKIP,SKIP,SKIP,SKIP,SKIP,SKIP,DIRECT,FRONTEND_PARSE_BUG (stage=frontend)
f2e42a8c27837bc43fcdba4832525a9182b252596b1f1464d0ffd22a720bc14f,r,java,FAIL,FAIL,SKIP,SKIP,SKIP,SKIP,SKIP,SKIP,SKIP,DIRECT,FRONTEND_PARSE_BUG (stage=frontend)
f2e42a8c27837bc43fcdba4832525a9182b252596b1f1464d0ffd22a720bc14f,r,kotlin,FAIL,FAIL,SKIP,SKIP,SKIP,SKIP,SKIP,SKIP,SKIP,DIRECT,FRONTEND_PARSE_BUG (stage=frontend)
f2e42a8c27837bc43fcdba4832525a9182b252596b1f1464d0ffd22a720bc14f,r,swift,FAIL,FAIL,SKIP,SKIP,SKIP,SKIP,SKIP,SKIP,SKIP,DIRECT,FRONTEND_PARSE_BUG (stage=frontend)
dc8b502a2b967edc132b8bfb035ab04f79abaec589f9ec8a6ab667a327ad9bf9,r,r,FAIL,FAIL,SKIP,SKIP,SKIP,SKIP,SKIP,SKIP,SKIP,DIRECT,FRONTEND_PARSE_BUG (stage=frontend)
dc8b502a2b967edc132b8bfb035ab04f79abaec589f9ec8a6ab667a327ad9bf9,r,go,FAIL,FAIL,SKIP,SKIP,SKIP,SKIP,SKIP,SKIP,SKIP,DIRECT,FRONTEND_PARSE_BUG (stage=frontend)
dc8b502a2b967edc132b8bfb035ab04f79abaec589f9ec8a6ab667a327ad9bf9,r,rust,FAIL,FAIL,SKIP,SKIP,SKIP,SKIP,SKIP,SKIP,SKIP,DIRECT,FRONTEND_PARSE_BUG (stage=frontend)
dc8b502a2b967edc132b8bfb035ab04f79abaec589f9ec8a6ab667a327ad9bf9,r,cpp,FAIL,FAIL,SKIP,SKIP,SKIP,SKIP,SKIP,SKIP,SKIP,DIRECT,FRONTEND_PARSE_BUG (stage=frontend)
dc8b502a2b967edc132b8bfb035ab04f79abaec589f9ec8a6ab667a327ad9bf9,r,c,FAIL,FAIL,SKIP,SKIP,SKIP,SKIP,SKIP,SKIP,SKIP,DIRECT,FRONTEND_PARSE_BUG (stage=frontend)
dc8b502a2b967edc132b8bfb035ab04f79abaec589f9ec8a6ab667a327ad9bf9,r,python,FAIL,FAIL,SKIP,SKIP,SKIP,SKIP,SKIP,SKIP,SKIP,DIRECT,FRONTEND_PARSE_BUG (stage=frontend)
dc8b502a2b967edc132b8bfb035ab04f79abaec589f9ec8a6ab667a327ad9bf9,r,zig,FAIL,FAIL,SKIP,SKIP,SKIP,SKIP,SKIP,SKIP,SKIP,DIRECT,FRONTEND_PARSE_BUG (stage=frontend)
dc8b502a2b967edc132b8bfb035ab04f79abaec589f9ec8a6ab667a327ad9bf9,r,julia,FAIL,FAIL,SKIP,SKIP,SKIP,SKIP,SKIP,SKIP,SKIP,DIRECT,FRONTEND_PARSE_BUG (stage=frontend)
dc8b502a2b967edc132b8bfb035ab04f79abaec589f9ec8a6ab667a327ad9bf9,r,nim,FAIL,FAIL,SKIP,SKIP,SKIP,SKIP,SKIP,SKIP,SKIP,DIRECT,FRONTEND_PARSE_BUG (stage=frontend)
dc8b502a2b967edc132b8bfb035ab04f79abaec589f9ec8a6ab667a327ad9bf9,r,csharp,FAIL,FAIL,SKIP,SKIP,SKIP,SKIP,SKIP,SKIP,SKIP,DIRECT,FRONTEND_PARSE_BUG (stage=frontend)
dc8b502a2b967edc132b8bfb035ab04f79abaec589f9ec8a6ab667a327ad9bf9,r,java,FAIL,FAIL,SKIP,SKIP,SKIP,SKIP,SKIP,SKIP,SKIP,DIRECT,FRONTEND_PARSE_BUG (stage=frontend)
dc8b502a2b967edc132b8bfb035ab04f79abaec589f9ec8a6ab667a327ad9bf9,r,kotlin,FAIL,FAIL,SKIP,SKIP,SKIP,SKIP,SKIP,SKIP,SKIP,DIRECT,FRONTEND_PARSE_BUG (stage=frontend)
dc8b502a2b967edc132b8bfb035ab04f79abaec589f9ec8a6ab667a327ad9bf9,r,swift,FAIL,FAIL,SKIP,SKIP,SKIP,SKIP,SKIP,SKIP,SKIP,DIRECT,FRONTEND_PARSE_BUG (stage=frontend)
995be36d1c65470f75d64b1b90ba620be3ef2c92336b8708b0e5e9d6d096dbcc,r,r,FAIL,FAIL,SKIP,SKIP,SKIP,SKIP,SKIP,SKIP,SKIP,DIRECT,FRONTEND_PARSE_BUG (stage=frontend)
995be36d1c65470f75d64b1b90ba620be3ef2c92336b8708b0e5e9d6d096dbcc,r,go,FAIL,FAIL,SKIP,SKIP,SKIP,SKIP,SKIP,SKIP,SKIP,DIRECT,FRONTEND_PARSE_BUG (stage=frontend)
995be36d1c65470f75d64b1b90ba620be3ef2c92336b8708b0e5e9d6d096dbcc,r,rust,FAIL,FAIL,SKIP,SKIP,SKIP,SKIP,SKIP,SKIP,SKIP,DIRECT,FRONTEND_PARSE_BUG (stage=frontend)
995be36d1c65470f75d64b1b90ba620be3ef2c92336b8708b0e5e9d6d096dbcc,r,cpp,FAIL,FAIL,SKIP,SKIP,SKIP,SKIP,SKIP,SKIP,SKIP,DIRECT,FRONTEND_PARSE_BUG (stage=frontend)
995be36d1c65470f75d64b1b90ba620be3ef2c92336b8708b0e5e9d6d096dbcc,r,c,FAIL,FAIL,SKIP,SKIP,SKIP,SKIP,SKIP,SKIP,SKIP,DIRECT,FRONTEND_PARSE_BUG (stage=frontend)
995be36d1c65470f75d64b1b90ba620be3ef2c92336b8708b0e5e9d6d096dbcc,r,python,FAIL,FAIL,SKIP,SKIP,SKIP,SKIP,SKIP,SKIP,SKIP,DIRECT,FRONTEND_PARSE_BUG (stage=frontend)
995be36d1c65470f75d64b1b90ba620be3ef2c92336b8708b0e5e9d6d096dbcc,r,zig,FAIL,FAIL,SKIP,SKIP,SKIP,SKIP,SKIP,SKIP,SKIP,DIRECT,FRONTEND_PARSE_BUG (stage=frontend)
995be36d1c65470f75d64b1b90ba620be3ef2c92336b8708b0e5e9d6d096dbcc,r,julia,FAIL,FAIL,SKIP,SKIP,SKIP,SKIP,SKIP,SKIP,SKIP,DIRECT,FRONTEND_PARSE_BUG (stage=frontend)
995be36d1c65470f75d64b1b90ba620be3ef2c92336b8708b0e5e9d6d096dbcc,r,nim,FAIL,FAIL,SKIP,SKIP,SKIP,SKIP,SKIP,SKIP,SKIP,DIRECT,FRONTEND_PARSE_BUG (stage=frontend)
995be36d1c65470f75d64b1b90ba620be3ef2c92336b8708b0e5e9d6d096dbcc,r,csharp,FAIL,FAIL,SKIP,SKIP,SKIP,SKIP,SKIP,SKIP,SKIP,DIRECT,FRONTEND_PARSE_BUG (stage=frontend)
995be36d1c65470f75d64b1b90ba620be3ef2c92336b8708b0e5e9d6d096dbcc,r,java,FAIL,FAIL,SKIP,SKIP,SKIP,SKIP,SKIP,SKIP,SKIP,DIRECT,FRONTEND_PARSE_BUG (stage=frontend)
995be36d1c65470f75d64b1b90ba620be3ef2c92336b8708b0e5e9d6d096dbcc,r,kotlin,FAIL,FAIL,SKIP,SKIP,SKIP,SKIP,SKIP,SKIP,SKIP,DIRECT,FRONTEND_PARSE_BUG (stage=frontend)
995be36d1c65470f75d64b1b90ba620be3ef2c92336b8708b0e5e9d6d096dbcc,r,swift,FAIL,FAIL,SKIP,SKIP,SKIP,SKIP,SKIP,SKIP,SKIP,DIRECT,FRONTEND_PARSE_BUG (stage=frontend)
4d03704823d015116aaa74f6800c0641e1972fa6b855f4c6ed896b6f097a4203,r,r,FAIL,FAIL,SKIP,SKIP,SKIP,SKIP,SKIP,SKIP,SKIP,DIRECT,FRONTEND_PARSE_BUG (stage=frontend)
4d03704823d015116aaa74f6800c0641e1972fa6b855f4c6ed896b6f097a4203,r,go,FAIL,FAIL,SKIP,SKIP,SKIP,SKIP,SKIP,SKIP,SKIP,DIRECT,FRONTEND_PARSE_BUG (stage=frontend)
4d03704823d015116aaa74f6800c0641e1972fa6b855f4c6ed896b6f097a4203,r,rust,FAIL,FAIL,SKIP,SKIP,SKIP,SKIP,SKIP,SKIP,SKIP,DIRECT,FRONTEND_PARSE_BUG (stage=frontend)
4d03704823d015116aaa74f6800c0641e1972fa6b855f4c6ed896b6f097a4203,r,cpp,FAIL,FAIL,SKIP,SKIP,SKIP,SKIP,SKIP,SKIP,SKIP,DIRECT,FRONTEND_PARSE_BUG (stage=frontend)
4d03704823d015116aaa74f6800c0641e1972fa6b855f4c6ed896b6f097a4203,r,c,FAIL,FAIL,SKIP,SKIP,SKIP,SKIP,SKIP,SKIP,SKIP,DIRECT,FRONTEND_PARSE_BUG (stage=frontend)
4d03704823d015116aaa74f6800c0641e1972fa6b855f4c6ed896b6f097a4203,r,python,FAIL,FAIL,SKIP,SKIP,SKIP,SKIP,SKIP,SKIP,SKIP,DIRECT,FRONTEND_PARSE_BUG (stage=frontend)
4d03704823d015116aaa74f6800c0641e1972fa6b855f4c6ed896b6f097a4203,r,zig,FAIL,FAIL,SKIP,SKIP,SKIP,SKIP,SKIP,SKIP,SKIP,DIRECT,FRONTEND_PARSE_BUG (stage=frontend)
4d03704823d015116aaa74f6800c0641e1972fa6b855f4c6ed896b6f097a4203,r,julia,FAIL,FAIL,SKIP,SKIP,SKIP,SKIP,SKIP,SKIP,SKIP,DIRECT,FRONTEND_PARSE_BUG (stage=frontend)
4d03704823d015116aaa74f6800c0641e1972fa6b855f4c6ed896b6f097a4203,r,nim,FAIL,FAIL,SKIP,SKIP,SKIP,SKIP,SKIP,SKIP,SKIP,DIRECT,FRONTEND_PARSE_BUG (stage=frontend)
4d03704823d015116aaa74f6800c0641e1972fa6b855f4c6ed896b6f097a4203,r,csharp,FAIL,FAIL,SKIP,SKIP,SKIP,SKIP,SKIP,SKIP,SKIP,DIRECT,FRONTEND_PARSE_BUG (stage=frontend)
4d03704823d015116aaa74f6800c0641e1972fa6b855f4c6ed896b6f097a4203,r,java,FAIL,FAIL,SKIP,SKIP,SKIP,SKIP,SKIP,SKIP,SKIP,DIRECT,FRONTEND_PARSE_BUG (stage=frontend)
4d03704823d015116aaa74f6800c0641e1972fa6b855f4c6ed896b6f097a4203,r,kotlin,FAIL,FAIL,SKIP,SKIP,SKIP,SKIP,SKIP,SKIP,SKIP,DIRECT,FRONTEND_PARSE_BUG (stage=frontend)
4d03704823d015116aaa74f6800c0641e1972fa6b855f4c6ed896b6f097a4203,r,swift,FAIL,FAIL,SKIP,SKIP,SKIP,SKIP,SKIP,SKIP,SKIP,DIRECT,FRONTEND_PARSE_BUG (stage=frontend)
348cf3ea38d555ff3c6b61695e74f3599a216fc0bc1e37534c88f465e5b5c2e8,r,r,FAIL,FAIL,SKIP,SKIP,SKIP,SKIP,SKIP,SKIP,SKIP,DIRECT,FRONTEND_PARSE_BUG (stage=frontend)
348cf3ea38d555ff3c6b61695e74f3599a216fc0bc1e37534c88f465e5b5c2e8,r,go,FAIL,FAIL,SKIP,SKIP,SKIP,SKIP,SKIP,SKIP,SKIP,DIRECT,FRONTEND_PARSE_BUG (stage=frontend)
348cf3ea38d555ff3c6b61695e74f3599a216fc0bc1e37534c88f465e5b5c2e8,r,rust,FAIL,FAIL,SKIP,SKIP,SKIP,SKIP,SKIP,SKIP,SKIP,DIRECT,FRONTEND_PARSE_BUG (stage=frontend)
348cf3ea38d555ff3c6b61695e74f3599a216fc0bc1e37534c88f465e5b5c2e8,r,cpp,FAIL,FAIL,SKIP,SKIP,SKIP,SKIP,SKIP,SKIP,SKIP,DIRECT,FRONTEND_PARSE_BUG (stage=frontend)
348cf3ea38d555ff3c6b61695e74f3599a216fc0bc1e37534c88f465e5b5c2e8,r,c,FAIL,FAIL,SKIP,SKIP,SKIP,SKIP,SKIP,SKIP,SKIP,DIRECT,FRONTEND_PARSE_BUG (stage=frontend)
348cf3ea38d555ff3c6b61695e74f3599a216fc0bc1e37534c88f465e5b5c2e8,r,python,FAIL,FAIL,SKIP,SKIP,SKIP,SKIP,SKIP,SKIP,SKIP,DIRECT,FRONTEND_PARSE_BUG (stage=frontend)
348cf3ea38d555ff3c6b61695e74f3599a216fc0bc1e37534c88f465e5b5c2e8,r,zig,FAIL,FAIL,SKIP,SKIP,SKIP,SKIP,SKIP,SKIP,SKIP,DIRECT,FRONTEND_PARSE_BUG (stage=frontend)
348cf3ea38d555ff3c6b61695e74f3599a216fc0bc1e37534c88f465e5b5c2e8,r,julia,FAIL,FAIL,SKIP,SKIP,SKIP,SKIP,SKIP,SKIP,SKIP,DIRECT,FRONTEND_PARSE_BUG (stage=frontend)
348cf3ea38d555ff3c6b61695e74f3599a216fc0bc1e37534c88f465e5b5c2e8,r,nim,FAIL,FAIL,SKIP,SKIP,SKIP,SKIP,SKIP,SKIP,SKIP,DIRECT,FRONTEND_PARSE_BUG (stage=frontend)
348cf3ea38d555ff3c6b61695e74f3599a216fc0bc1e37534c88f465e5b5c2e8,r,csharp,FAIL,FAIL,SKIP,SKIP,SKIP,SKIP,SKIP,SKIP,SKIP,DIRECT,FRONTEND_PARSE_BUG (stage=frontend)
348cf3ea38d555ff3c6b61695e74f3599a216fc0bc1e37534c88f465e5b5c2e8,r,java,FAIL,FAIL,SKIP,SKIP,SKIP,SKIP,SKIP,SKIP,SKIP,DIRECT,FRONTEND_PARSE_BUG (stage=frontend)
348cf3ea38d555ff3c6b61695e74f3599a216fc0bc1e37534c88f465e5b5c2e8,r,kotlin,FAIL,FAIL,SKIP,SKIP,SKIP,SKIP,SKIP,SKIP,SKIP,DIRECT,FRONTEND_PARSE_BUG (stage=frontend)
348cf3ea38d555ff3c6b61695e74f3599a216fc0bc1e37534c88f465e5b5c2e8,r,swift,FAIL,FAIL,SKIP,SKIP,SKIP,SKIP,SKIP,SKIP,SKIP,DIRECT,FRONTEND_PARSE_BUG (stage=frontend)
4a28c90f3e947a9003b3d1bc1d5a4318e04f7c020732f714ee46ca03a44ebcf6,r,r,FAIL,FAIL,SKIP,SKIP,SKIP,SKIP,SKIP,SKIP,SKIP,DIRECT,FRONTEND_PARSE_BUG (stage=frontend)
4a28c90f3e947a9003b3d1bc1d5a4318e04f7c020732f714ee46ca03a44ebcf6,r,go,FAIL,FAIL,SKIP,SKIP,SKIP,SKIP,SKIP,SKIP,SKIP,DIRECT,FRONTEND_PARSE_BUG (stage=frontend)
4a28c90f3e947a9003b3d1bc1d5a4318e04f7c020732f714ee46ca03a44ebcf6,r,rust,FAIL,FAIL,SKIP,SKIP,SKIP,SKIP,SKIP,SKIP,SKIP,DIRECT,FRONTEND_PARSE_BUG (stage=frontend)
4a28c90f3e947a9003b3d1bc1d5a4318e04f7c020732f714ee46ca03a44ebcf6,r,cpp,FAIL,FAIL,SKIP,SKIP,SKIP,SKIP,SKIP,SKIP,SKIP,DIRECT,FRONTEND_PARSE_BUG (stage=frontend)
4a28c90f3e947a9003b3d1bc1d5a4318e04f7c020732f714ee46ca03a44ebcf6,r,c,FAIL,FAIL,SKIP,SKIP,SKIP,SKIP,SKIP,SKIP,SKIP,DIRECT,FRONTEND_PARSE_BUG (stage=frontend)
4a28c90f3e947a9003b3d1bc1d5a4318e04f7c020732f714ee46ca03a44ebcf6,r,python,FAIL,FAIL,SKIP,SKIP,SKIP,SKIP,SKIP,SKIP,SKIP,DIRECT,FRONTEND_PARSE_BUG (stage=frontend)
4a28c90f3e947a9003b3d1bc1d5a4318e04f7c020732f714ee46ca03a44ebcf6,r,zig,FAIL,FAIL,SKIP,SKIP,SKIP,SKIP,SKIP,SKIP,SKIP,DIRECT,FRONTEND_PARSE_BUG (stage=frontend)
4a28c90f3e947a9003b3d1bc1d5a4318e04f7c020732f714ee46ca03a44ebcf6,r,julia,FAIL,FAIL,SKIP,SKIP,SKIP,SKIP,SKIP,SKIP,SKIP,DIRECT,FRONTEND_PARSE_BUG (stage=frontend)
4a28c90f3e947a9003b3d1bc1d5a4318e04f7c020732f714ee46ca03a44ebcf6,r,nim,FAIL,FAIL,SKIP,SKIP,SKIP,SKIP,SKIP,SKIP,SKIP,DIRECT,FRONTEND_PARSE_BUG (stage=frontend)
4a28c90f3e947a9003b3d1bc1d5a4318e04f7c020732f714ee46ca03a44ebcf6,r,csharp,FAIL,FAIL,SKIP,SKIP,SKIP,SKIP,SKIP,SKIP,SKIP,DIRECT,FRONTEND_PARSE_BUG (stage=frontend)
4a28c90f3e947a9003b3d1bc1d5a4318e04f7c020732f714ee46ca03a44ebcf6,r,java,FAIL,FAIL,SKIP,SKIP,SKIP,SKIP,SKIP,SKIP,SKIP,DIRECT,FRONTEND_PARSE_BUG (stage=frontend)
4a28c90f3e947a9003b3d1bc1d5a4318e04f7c020732f714ee46ca03a44ebcf6,r,kotlin,FAIL,FAIL,SKIP,SKIP,SKIP,SKIP,SKIP,SKIP,SKIP,DIRECT,FRONTEND_PARSE_BUG (stage=frontend)
4a28c90f3e947a9003b3d1bc1d5a4318e04f7c020732f714ee46ca03a44ebcf6,r,swift,FAIL,FAIL,SKIP,SKIP,SKIP,SKIP,SKIP,SKIP,SKIP,DIRECT,FRONTEND_PARSE_BUG (stage=frontend)
8f5c370b77525c97c68403e6f97555869bd2421c427825e2e01e12ca18976b93,r,r,FAIL,FAIL,SKIP,SKIP,SKIP,SKIP,SKIP,SKIP,SKIP,DIRECT,RUNTIME_ROUTE_FAILED (stage=runtime)
8f5c370b77525c97c68403e6f97555869bd2421c427825e2e01e12ca18976b93,r,go,PASS,PASS,PASS,PASS,PASS,PASS,SKIP,SKIP,SKIP,compatibility-runtime,
8f5c370b77525c97c68403e6f97555869bd2421c427825e2e01e12ca18976b93,r,rust,PASS,PASS,PASS,PASS,PASS,PASS,SKIP,SKIP,SKIP,compatibility-runtime,
8f5c370b77525c97c68403e6f97555869bd2421c427825e2e01e12ca18976b93,r,cpp,PASS,PASS,PASS,PASS,PASS,FAIL,SKIP,SKIP,SKIP,compatibility-runtime,
8f5c370b77525c97c68403e6f97555869bd2421c427825e2e01e12ca18976b93,r,c,PASS,PASS,PASS,PASS,PASS,FAIL,SKIP,SKIP,SKIP,compatibility-runtime,
8f5c370b77525c97c68403e6f97555869bd2421c427825e2e01e12ca18976b93,r,python,PASS,PASS,PASS,PASS,PASS,PASS,SKIP,SKIP,SKIP,compatibility-runtime,
8f5c370b77525c97c68403e6f97555869bd2421c427825e2e01e12ca18976b93,r,zig,PASS,PASS,PASS,PASS,PASS,FAIL,SKIP,SKIP,SKIP,compatibility-runtime,
8f5c370b77525c97c68403e6f97555869bd2421c427825e2e01e12ca18976b93,r,julia,PASS,PASS,PASS,PASS,PASS,PASS,SKIP,SKIP,SKIP,compatibility-runtime,
8f5c370b77525c97c68403e6f97555869bd2421c427825e2e01e12ca18976b93,r,nim,PASS,PASS,PASS,PASS,PASS,FAIL,SKIP,SKIP,SKIP,compatibility-runtime,
8f5c370b77525c97c68403e6f97555869bd2421c427825e2e01e12ca18976b93,r,csharp,PASS,PASS,PASS,PASS,PASS,PASS,SKIP,SKIP,SKIP,compatibility-runtime,
8f5c370b77525c97c68403e6f97555869bd2421c427825e2e01e12ca18976b93,r,java,PASS,PASS,PASS,PASS,PASS,PASS,SKIP,SKIP,SKIP,compatibility-runtime,
8f5c370b77525c97c68403e6f97555869bd2421c427825e2e01e12ca18976b93,r,kotlin,PASS,PASS,PASS,PASS,PASS,PASS,SKIP,SKIP,SKIP,compatibility-runtime,
8f5c370b77525c97c68403e6f97555869bd2421c427825e2e01e12ca18976b93,r,swift,PASS,PASS,PASS,PASS,PASS,PASS,SKIP,SKIP,SKIP,compatibility-runtime,
a35ceb7274a1f61c3d037a4ffdca4e3f0d994a719669b67be9d115786008fe8b,r,r,FAIL,FAIL,SKIP,SKIP,SKIP,SKIP,SKIP,SKIP,SKIP,DIRECT,FRONTEND_PARSE_BUG (stage=frontend)
a35ceb7274a1f61c3d037a4ffdca4e3f0d994a719669b67be9d115786008fe8b,r,go,FAIL,FAIL,SKIP,SKIP,SKIP,SKIP,SKIP,SKIP,SKIP,DIRECT,FRONTEND_PARSE_BUG (stage=frontend)
a35ceb7274a1f61c3d037a4ffdca4e3f0d994a719669b67be9d115786008fe8b,r,rust,FAIL,FAIL,SKIP,SKIP,SKIP,SKIP,SKIP,SKIP,SKIP,DIRECT,FRONTEND_PARSE_BUG (stage=frontend)
a35ceb7274a1f61c3d037a4ffdca4e3f0d994a719669b67be9d115786008fe8b,r,cpp,FAIL,FAIL,SKIP,SKIP,SKIP,SKIP,SKIP,SKIP,SKIP,DIRECT,FRONTEND_PARSE_BUG (stage=frontend)
a35ceb7274a1f61c3d037a4ffdca4e3f0d994a719669b67be9d115786008fe8b,r,c,FAIL,FAIL,SKIP,SKIP,SKIP,SKIP,SKIP,SKIP,SKIP,DIRECT,FRONTEND_PARSE_BUG (stage=frontend)
a35ceb7274a1f61c3d037a4ffdca4e3f0d994a719669b67be9d115786008fe8b,r,python,FAIL,FAIL,SKIP,SKIP,SKIP,SKIP,SKIP,SKIP,SKIP,DIRECT,FRONTEND_PARSE_BUG (stage=frontend)
a35ceb7274a1f61c3d037a4ffdca4e3f0d994a719669b67be9d115786008fe8b,r,zig,FAIL,FAIL,SKIP,SKIP,SKIP,SKIP,SKIP,SKIP,SKIP,DIRECT,FRONTEND_PARSE_BUG (stage=frontend)
a35ceb7274a1f61c3d037a4ffdca4e3f0d994a719669b67be9d115786008fe8b,r,julia,FAIL,FAIL,SKIP,SKIP,SKIP,SKIP,SKIP,SKIP,SKIP,DIRECT,FRONTEND_PARSE_BUG (stage=frontend)
a35ceb7274a1f61c3d037a4ffdca4e3f0d994a719669b67be9d115786008fe8b,r,nim,FAIL,FAIL,SKIP,SKIP,SKIP,SKIP,SKIP,SKIP,SKIP,DIRECT,FRONTEND_PARSE_BUG (stage=frontend)
a35ceb7274a1f61c3d037a4ffdca4e3f0d994a719669b67be9d115786008fe8b,r,csharp,FAIL,FAIL,SKIP,SKIP,SKIP,SKIP,SKIP,SKIP,SKIP,DIRECT,FRONTEND_PARSE_BUG (stage=frontend)
a35ceb7274a1f61c3d037a4ffdca4e3f0d994a719669b67be9d115786008fe8b,r,java,FAIL,FAIL,SKIP,SKIP,SKIP,SKIP,SKIP,SKIP,SKIP,DIRECT,FRONTEND_PARSE_BUG (stage=frontend)
a35ceb7274a1f61c3d037a4ffdca4e3f0d994a719669b67be9d115786008fe8b,r,kotlin,FAIL,FAIL,SKIP,SKIP,SKIP,SKIP,SKIP,SKIP,SKIP,DIRECT,FRONTEND_PARSE_BUG (stage=frontend)
a35ceb7274a1f61c3d037a4ffdca4e3f0d994a719669b67be9d115786008fe8b,r,swift,FAIL,FAIL,SKIP,SKIP,SKIP,SKIP,SKIP,SKIP,SKIP,DIRECT,FRONTEND_PARSE_BUG (stage=frontend)
112236a37bba911fabfbb151c809d54679ffc3fef06aa6733acd64f54c3bba01,r,r,FAIL,FAIL,SKIP,SKIP,SKIP,SKIP,SKIP,SKIP,SKIP,DIRECT,FRONTEND_PARSE_BUG (stage=frontend)
112236a37bba911fabfbb151c809d54679ffc3fef06aa6733acd64f54c3bba01,r,go,FAIL,FAIL,SKIP,SKIP,SKIP,SKIP,SKIP,SKIP,SKIP,DIRECT,FRONTEND_PARSE_BUG (stage=frontend)
112236a37bba911fabfbb151c809d54679ffc3fef06aa6733acd64f54c3bba01,r,rust,FAIL,FAIL,SKIP,SKIP,SKIP,SKIP,SKIP,SKIP,SKIP,DIRECT,FRONTEND_PARSE_BUG (stage=frontend)
112236a37bba911fabfbb151c809d54679ffc3fef06aa6733acd64f54c3bba01,r,cpp,FAIL,FAIL,SKIP,SKIP,SKIP,SKIP,SKIP,SKIP,SKIP,DIRECT,FRONTEND_PARSE_BUG (stage=frontend)
112236a37bba911fabfbb151c809d54679ffc3fef06aa6733acd64f54c3bba01,r,c,FAIL,FAIL,SKIP,SKIP,SKIP,SKIP,SKIP,SKIP,SKIP,DIRECT,FRONTEND_PARSE_BUG (stage=frontend)
112236a37bba911fabfbb151c809d54679ffc3fef06aa6733acd64f54c3bba01,r,python,FAIL,FAIL,SKIP,SKIP,SKIP,SKIP,SKIP,SKIP,SKIP,DIRECT,FRONTEND_PARSE_BUG (stage=frontend)
112236a37bba911fabfbb151c809d54679ffc3fef06aa6733acd64f54c3bba01,r,zig,FAIL,FAIL,SKIP,SKIP,SKIP,SKIP,SKIP,SKIP,SKIP,DIRECT,FRONTEND_PARSE_BUG (stage=frontend)
112236a37bba911fabfbb151c809d54679ffc3fef06aa6733acd64f54c3bba01,r,julia,FAIL,FAIL,SKIP,SKIP,SKIP,SKIP,SKIP,SKIP,SKIP,DIRECT,FRONTEND_PARSE_BUG (stage=frontend)
112236a37bba911fabfbb151c809d54679ffc3fef06aa6733acd64f54c3bba01,r,nim,FAIL,FAIL,SKIP,SKIP,SKIP,SKIP,SKIP,SKIP,SKIP,DIRECT,FRONTEND_PARSE_BUG (stage=frontend)
112236a37bba911fabfbb151c809d54679ffc3fef06aa6733acd64f54c3bba01,r,csharp,FAIL,FAIL,SKIP,SKIP,SKIP,SKIP,SKIP,SKIP,SKIP,DIRECT,FRONTEND_PARSE_BUG (stage=frontend)
112236a37bba911fabfbb151c809d54679ffc3fef06aa6733acd64f54c3bba01,r,java,FAIL,FAIL,SKIP,SKIP,SKIP,SKIP,SKIP,SKIP,SKIP,DIRECT,FRONTEND_PARSE_BUG (stage=frontend)
112236a37bba911fabfbb151c809d54679ffc3fef06aa6733acd64f54c3bba01,r,kotlin,FAIL,FAIL,SKIP,SKIP,SKIP,SKIP,SKIP,SKIP,SKIP,DIRECT,FRONTEND_PARSE_BUG (stage=frontend)
112236a37bba911fabfbb151c809d54679ffc3fef06aa6733acd64f54c3bba01,r,swift,FAIL,FAIL,SKIP,SKIP,SKIP,SKIP,SKIP,SKIP,SKIP,DIRECT,FRONTEND_PARSE_BUG (stage=frontend)
11d5f2282276ecca0f11aad2f178851953385d88201143f7e653b703e76ae37a,r,r,FAIL,FAIL,SKIP,SKIP,SKIP,SKIP,SKIP,SKIP,SKIP,DIRECT,FRONTEND_PARSE_BUG (stage=frontend)
11d5f2282276ecca0f11aad2f178851953385d88201143f7e653b703e76ae37a,r,go,FAIL,FAIL,SKIP,SKIP,SKIP,SKIP,SKIP,SKIP,SKIP,DIRECT,FRONTEND_PARSE_BUG (stage=frontend)
11d5f2282276ecca0f11aad2f178851953385d88201143f7e653b703e76ae37a,r,rust,FAIL,FAIL,SKIP,SKIP,SKIP,SKIP,SKIP,SKIP,SKIP,DIRECT,FRONTEND_PARSE_BUG (stage=frontend)
11d5f2282276ecca0f11aad2f178851953385d88201143f7e653b703e76ae37a,r,cpp,FAIL,FAIL,SKIP,SKIP,SKIP,SKIP,SKIP,SKIP,SKIP,DIRECT,FRONTEND_PARSE_BUG (stage=frontend)
11d5f2282276ecca0f11aad2f178851953385d88201143f7e653b703e76ae37a,r,c,FAIL,FAIL,SKIP,SKIP,SKIP,SKIP,SKIP,SKIP,SKIP,DIRECT,FRONTEND_PARSE_BUG (stage=frontend)
11d5f2282276ecca0f11aad2f178851953385d88201143f7e653b703e76ae37a,r,python,FAIL,FAIL,SKIP,SKIP,SKIP,SKIP,SKIP,SKIP,SKIP,DIRECT,FRONTEND_PARSE_BUG (stage=frontend)
11d5f2282276ecca0f11aad2f178851953385d88201143f7e653b703e76ae37a,r,zig,FAIL,FAIL,SKIP,SKIP,SKIP,SKIP,SKIP,SKIP,SKIP,DIRECT,FRONTEND_PARSE_BUG (stage=frontend)
11d5f2282276ecca0f11aad2f178851953385d88201143f7e653b703e76ae37a,r,julia,FAIL,FAIL,SKIP,SKIP,SKIP,SKIP,SKIP,SKIP,SKIP,DIRECT,FRONTEND_PARSE_BUG (stage=frontend)
11d5f2282276ecca0f11aad2f178851953385d88201143f7e653b703e76ae37a,r,nim,FAIL,FAIL,SKIP,SKIP,SKIP,SKIP,SKIP,SKIP,SKIP,DIRECT,FRONTEND_PARSE_BUG (stage=frontend)
11d5f2282276ecca0f11aad2f178851953385d88201143f7e653b703e76ae37a,r,csharp,FAIL,FAIL,SKIP,SKIP,SKIP,SKIP,SKIP,SKIP,SKIP,DIRECT,FRONTEND_PARSE_BUG (stage=frontend)
11d5f2282276ecca0f11aad2f178851953385d88201143f7e653b703e76ae37a,r,java,FAIL,FAIL,SKIP,SKIP,SKIP,SKIP,SKIP,SKIP,SKIP,DIRECT,FRONTEND_PARSE_BUG (stage=frontend)
11d5f2282276ecca0f11aad2f178851953385d88201143f7e653b703e76ae37a,r,kotlin,FAIL,FAIL,SKIP,SKIP,SKIP,SKIP,SKIP,SKIP,SKIP,DIRECT,FRONTEND_PARSE_BUG (stage=frontend)
11d5f2282276ecca0f11aad2f178851953385d88201143f7e653b703e76ae37a,r,swift,FAIL,FAIL,SKIP,SKIP,SKIP,SKIP,SKIP,SKIP,SKIP,DIRECT,FRONTEND_PARSE_BUG (stage=frontend)
e17bcb312a36c900523967ae0686c9c35dfd255d8dad143180b58e3378400354,r,r,FAIL,FAIL,SKIP,SKIP,SKIP,SKIP,SKIP,SKIP,SKIP,DIRECT,FRONTEND_PARSE_BUG (stage=frontend)
e17bcb312a36c900523967ae0686c9c35dfd255d8dad143180b58e3378400354,r,go,FAIL,FAIL,SKIP,SKIP,SKIP,SKIP,SKIP,SKIP,SKIP,DIRECT,FRONTEND_PARSE_BUG (stage=frontend)
e17bcb312a36c900523967ae0686c9c35dfd255d8dad143180b58e3378400354,r,rust,FAIL,FAIL,SKIP,SKIP,SKIP,SKIP,SKIP,SKIP,SKIP,DIRECT,FRONTEND_PARSE_BUG (stage=frontend)
e17bcb312a36c900523967ae0686c9c35dfd255d8dad143180b58e3378400354,r,cpp,FAIL,FAIL,SKIP,SKIP,SKIP,SKIP,SKIP,SKIP,SKIP,DIRECT,FRONTEND_PARSE_BUG (stage=frontend)
e17bcb312a36c900523967ae0686c9c35dfd255d8dad143180b58e3378400354,r,c,FAIL,FAIL,SKIP,SKIP,SKIP,SKIP,SKIP,SKIP,SKIP,DIRECT,FRONTEND_PARSE_BUG (stage=frontend)
e17bcb312a36c900523967ae0686c9c35dfd255d8dad143180b58e3378400354,r,python,FAIL,FAIL,SKIP,SKIP,SKIP,SKIP,SKIP,SKIP,SKIP,DIRECT,FRONTEND_PARSE_BUG (stage=frontend)
e17bcb312a36c900523967ae0686c9c35dfd255d8dad143180b58e3378400354,r,zig,FAIL,FAIL,SKIP,SKIP,SKIP,SKIP,SKIP,SKIP,SKIP,DIRECT,FRONTEND_PARSE_BUG (stage=frontend)
e17bcb312a36c900523967ae0686c9c35dfd255d8dad143180b58e3378400354,r,julia,FAIL,FAIL,SKIP,SKIP,SKIP,SKIP,SKIP,SKIP,SKIP,DIRECT,FRONTEND_PARSE_BUG (stage=frontend)
e17bcb312a36c900523967ae0686c9c35dfd255d8dad143180b58e3378400354,r,nim,FAIL,FAIL,SKIP,SKIP,SKIP,SKIP,SKIP,SKIP,SKIP,DIRECT,FRONTEND_PARSE_BUG (stage=frontend)
e17bcb312a36c900523967ae0686c9c35dfd255d8dad143180b58e3378400354,r,csharp,FAIL,FAIL,SKIP,SKIP,SKIP,SKIP,SKIP,SKIP,SKIP,DIRECT,FRONTEND_PARSE_BUG (stage=frontend)
e17bcb312a36c900523967ae0686c9c35dfd255d8dad143180b58e3378400354,r,java,FAIL,FAIL,SKIP,SKIP,SKIP,SKIP,SKIP,SKIP,SKIP,DIRECT,FRONTEND_PARSE_BUG (stage=frontend)
e17bcb312a36c900523967ae0686c9c35dfd255d8dad143180b58e3378400354,r,kotlin,FAIL,FAIL,SKIP,SKIP,SKIP,SKIP,SKIP,SKIP,SKIP,DIRECT,FRONTEND_PARSE_BUG (stage=frontend)
e17bcb312a36c900523967ae0686c9c35dfd255d8dad143180b58e3378400354,r,swift,FAIL,FAIL,SKIP,SKIP,SKIP,SKIP,SKIP,SKIP,SKIP,DIRECT,FRONTEND_PARSE_BUG (stage=frontend)
108d7f4cb4253f1584a20e98889248e067b7d674195a3012a526bb6465eeb6dd,r,r,FAIL,FAIL,SKIP,SKIP,SKIP,SKIP,SKIP,SKIP,SKIP,DIRECT,FRONTEND_PARSE_BUG (stage=frontend)
108d7f4cb4253f1584a20e98889248e067b7d674195a3012a526bb6465eeb6dd,r,go,FAIL,FAIL,SKIP,SKIP,SKIP,SKIP,SKIP,SKIP,SKIP,DIRECT,FRONTEND_PARSE_BUG (stage=frontend)
108d7f4cb4253f1584a20e98889248e067b7d674195a3012a526bb6465eeb6dd,r,rust,FAIL,FAIL,SKIP,SKIP,SKIP,SKIP,SKIP,SKIP,SKIP,DIRECT,FRONTEND_PARSE_BUG (stage=frontend)
108d7f4cb4253f1584a20e98889248e067b7d674195a3012a526bb6465eeb6dd,r,cpp,FAIL,FAIL,SKIP,SKIP,SKIP,SKIP,SKIP,SKIP,SKIP,DIRECT,FRONTEND_PARSE_BUG (stage=frontend)
108d7f4cb4253f1584a20e98889248e067b7d674195a3012a526bb6465eeb6dd,r,c,FAIL,FAIL,SKIP,SKIP,SKIP,SKIP,SKIP,SKIP,SKIP,DIRECT,FRONTEND_PARSE_BUG (stage=frontend)
108d7f4cb4253f1584a20e98889248e067b7d674195a3012a526bb6465eeb6dd,r,python,FAIL,FAIL,SKIP,SKIP,SKIP,SKIP,SKIP,SKIP,SKIP,DIRECT,FRONTEND_PARSE_BUG (stage=frontend)
108d7f4cb4253f1584a20e98889248e067b7d674195a3012a526bb6465eeb6dd,r,zig,FAIL,FAIL,SKIP,SKIP,SKIP,SKIP,SKIP,SKIP,SKIP,DIRECT,FRONTEND_PARSE_BUG (stage=frontend)
108d7f4cb4253f1584a20e98889248e067b7d674195a3012a526bb6465eeb6dd,r,julia,FAIL,FAIL,SKIP,SKIP,SKIP,SKIP,SKIP,SKIP,SKIP,DIRECT,FRONTEND_PARSE_BUG (stage=frontend)
108d7f4cb4253f1584a20e98889248e067b7d674195a3012a526bb6465eeb6dd,r,nim,FAIL,FAIL,SKIP,SKIP,SKIP,SKIP,SKIP,SKIP,SKIP,DIRECT,FRONTEND_PARSE_BUG (stage=frontend)
108d7f4cb4253f1584a20e98889248e067b7d674195a3012a526bb6465eeb6dd,r,csharp,FAIL,FAIL,SKIP,SKIP,SKIP,SKIP,SKIP,SKIP,SKIP,DIRECT,FRONTEND_PARSE_BUG (stage=frontend)
108d7f4cb4253f1584a20e98889248e067b7d674195a3012a526bb6465eeb6dd,r,java,FAIL,FAIL,SKIP,SKIP,SKIP,SKIP,SKIP,SKIP,SKIP,DIRECT,FRONTEND_PARSE_BUG (stage=frontend)
108d7f4cb4253f1584a20e98889248e067b7d674195a3012a526bb6465eeb6dd,r,kotlin,FAIL,FAIL,SKIP,SKIP,SKIP,SKIP,SKIP,SKIP,SKIP,DIRECT,FRONTEND_PARSE_BUG (stage=frontend)
108d7f4cb4253f1584a20e98889248e067b7d674195a3012a526bb6465eeb6dd,r,swift,FAIL,FAIL,SKIP,SKIP,SKIP,SKIP,SKIP,SKIP,SKIP,DIRECT,FRONTEND_PARSE_BUG (stage=frontend)
aa05ac249286f63626114ca61ea38afc20fd4c3904c8f206d02ecbe4d58ea31d,r,r,PASS,PASS,PASS,PASS,PASS,PASS,SKIP,SKIP,SKIP,native-first,
aa05ac249286f63626114ca61ea38afc20fd4c3904c8f206d02ecbe4d58ea31d,r,go,PASS,PASS,PASS,PASS,PASS,PASS,SKIP,SKIP,SKIP,compatibility-runtime,
aa05ac249286f63626114ca61ea38afc20fd4c3904c8f206d02ecbe4d58ea31d,r,rust,PASS,PASS,PASS,PASS,PASS,PASS,SKIP,SKIP,SKIP,compatibility-runtime,
aa05ac249286f63626114ca61ea38afc20fd4c3904c8f206d02ecbe4d58ea31d,r,cpp,PASS,PASS,PASS,PASS,PASS,FAIL,SKIP,SKIP,SKIP,compatibility-runtime,
aa05ac249286f63626114ca61ea38afc20fd4c3904c8f206d02ecbe4d58ea31d,r,c,PASS,PASS,PASS,PASS,PASS,FAIL,SKIP,SKIP,SKIP,compatibility-runtime,
aa05ac249286f63626114ca61ea38afc20fd4c3904c8f206d02ecbe4d58ea31d,r,python,PASS,PASS,PASS,PASS,PASS,PASS,SKIP,SKIP,SKIP,compatibility-runtime,
aa05ac249286f63626114ca61ea38afc20fd4c3904c8f206d02ecbe4d58ea31d,r,zig,PASS,PASS,PASS,PASS,PASS,FAIL,SKIP,SKIP,SKIP,compatibility-runtime,
aa05ac249286f63626114ca61ea38afc20fd4c3904c8f206d02ecbe4d58ea31d,r,julia,PASS,PASS,PASS,PASS,PASS,PASS,SKIP,SKIP,SKIP,compatibility-runtime,
aa05ac249286f63626114ca61ea38afc20fd4c3904c8f206d02ecbe4d58ea31d,r,nim,PASS,PASS,PASS,PASS,PASS,FAIL,SKIP,SKIP,SKIP,compatibility-runtime,
aa05ac249286f63626114ca61ea38afc20fd4c3904c8f206d02ecbe4d58ea31d,r,csharp,PASS,PASS,PASS,PASS,PASS,PASS,SKIP,SKIP,SKIP,compatibility-runtime,
aa05ac249286f63626114ca61ea38afc20fd4c3904c8f206d02ecbe4d58ea31d,r,java,PASS,PASS,PASS,PASS,PASS,PASS,SKIP,SKIP,SKIP,compatibility-runtime,
aa05ac249286f63626114ca61ea38afc20fd4c3904c8f206d02ecbe4d58ea31d,r,kotlin,PASS,PASS,PASS,PASS,PASS,PASS,SKIP,SKIP,SKIP,compatibility-runtime,
aa05ac249286f63626114ca61ea38afc20fd4c3904c8f206d02ecbe4d58ea31d,r,swift,PASS,PASS,PASS,PASS,PASS,PASS,SKIP,SKIP,SKIP,compatibility-runtime,
89a7fc287eacef9e0529b73e32c6fd91a4bc7850778c06322a08b89373d08a55,r,r,PASS,PASS,PASS,PASS,PASS,PASS,SKIP,SKIP,SKIP,native-first,
89a7fc287eacef9e0529b73e32c6fd91a4bc7850778c06322a08b89373d08a55,r,go,PASS,PASS,PASS,PASS,PASS,PASS,SKIP,SKIP,SKIP,compatibility-runtime,
89a7fc287eacef9e0529b73e32c6fd91a4bc7850778c06322a08b89373d08a55,r,rust,PASS,PASS,PASS,PASS,PASS,PASS,SKIP,SKIP,SKIP,compatibility-runtime,
89a7fc287eacef9e0529b73e32c6fd91a4bc7850778c06322a08b89373d08a55,r,cpp,PASS,PASS,PASS,PASS,PASS,FAIL,SKIP,SKIP,SKIP,compatibility-runtime,
89a7fc287eacef9e0529b73e32c6fd91a4bc7850778c06322a08b89373d08a55,r,c,PASS,PASS,PASS,PASS,PASS,FAIL,SKIP,SKIP,SKIP,compatibility-runtime,
89a7fc287eacef9e0529b73e32c6fd91a4bc7850778c06322a08b89373d08a55,r,python,PASS,PASS,PASS,PASS,PASS,PASS,SKIP,SKIP,SKIP,compatibility-runtime,
89a7fc287eacef9e0529b73e32c6fd91a4bc7850778c06322a08b89373d08a55,r,zig,PASS,PASS,PASS,PASS,PASS,FAIL,SKIP,SKIP,SKIP,compatibility-runtime,
89a7fc287eacef9e0529b73e32c6fd91a4bc7850778c06322a08b89373d08a55,r,julia,PASS,PASS,PASS,PASS,PASS,PASS,SKIP,SKIP,SKIP,compatibility-runtime,
89a7fc287eacef9e0529b73e32c6fd91a4bc7850778c06322a08b89373d08a55,r,nim,PASS,PASS,PASS,PASS,PASS,FAIL,SKIP,SKIP,SKIP,compatibility-runtime,
89a7fc287eacef9e0529b73e32c6fd91a4bc7850778c06322a08b89373d08a55,r,csharp,PASS,PASS,PASS,PASS,PASS,PASS,SKIP,SKIP,SKIP,compatibility-runtime,
89a7fc287eacef9e0529b73e32c6fd91a4bc7850778c06322a08b89373d08a55,r,java,PASS,PASS,PASS,PASS,PASS,PASS,SKIP,SKIP,SKIP,compatibility-runtime,
89a7fc287eacef9e0529b73e32c6fd91a4bc7850778c06322a08b89373d08a55,r,kotlin,PASS,PASS,PASS,PASS,PASS,PASS,SKIP,SKIP,SKIP,compatibility-runtime,
89a7fc287eacef9e0529b73e32c6fd91a4bc7850778c06322a08b89373d08a55,r,swift,PASS,PASS,PASS,PASS,PASS,PASS,SKIP,SKIP,SKIP,compatibility-runtime,
2525d19cfaa28bf83354b502a7ae766c16f662b50c68758296cfa66600cdfbbb,r,r,PASS,PASS,PASS,PASS,PASS,PASS,SKIP,SKIP,SKIP,native-first,
2525d19cfaa28bf83354b502a7ae766c16f662b50c68758296cfa66600cdfbbb,r,go,PASS,PASS,PASS,PASS,PASS,PASS,SKIP,SKIP,SKIP,compatibility-runtime,
2525d19cfaa28bf83354b502a7ae766c16f662b50c68758296cfa66600cdfbbb,r,rust,PASS,PASS,PASS,PASS,PASS,PASS,SKIP,SKIP,SKIP,compatibility-runtime,
2525d19cfaa28bf83354b502a7ae766c16f662b50c68758296cfa66600cdfbbb,r,cpp,PASS,PASS,PASS,PASS,PASS,FAIL,SKIP,SKIP,SKIP,compatibility-runtime,
2525d19cfaa28bf83354b502a7ae766c16f662b50c68758296cfa66600cdfbbb,r,c,PASS,PASS,PASS,PASS,PASS,FAIL,SKIP,SKIP,SKIP,compatibility-runtime,
2525d19cfaa28bf83354b502a7ae766c16f662b50c68758296cfa66600cdfbbb,r,python,PASS,PASS,PASS,PASS,PASS,PASS,SKIP,SKIP,SKIP,compatibility-runtime,
2525d19cfaa28bf83354b502a7ae766c16f662b50c68758296cfa66600cdfbbb,r,zig,PASS,PASS,PASS,PASS,PASS,FAIL,SKIP,SKIP,SKIP,compatibility-runtime,
2525d19cfaa28bf83354b502a7ae766c16f662b50c68758296cfa66600cdfbbb,r,julia,PASS,PASS,PASS,PASS,PASS,PASS,SKIP,SKIP,SKIP,compatibility-runtime,
2525d19cfaa28bf83354b502a7ae766c16f662b50c68758296cfa66600cdfbbb,r,nim,PASS,PASS,PASS,PASS,PASS,FAIL,SKIP,SKIP,SKIP,compatibility-runtime,
2525d19cfaa28bf83354b502a7ae766c16f662b50c68758296cfa66600cdfbbb,r,csharp,PASS,PASS,PASS,PASS,PASS,PASS,SKIP,SKIP,SKIP,compatibility-runtime,
2525d19cfaa28bf83354b502a7ae766c16f662b50c68758296cfa66600cdfbbb,r,java,PASS,PASS,PASS,PASS,PASS,PASS,SKIP,SKIP,SKIP,compatibility-runtime,
2525d19cfaa28bf83354b502a7ae766c16f662b50c68758296cfa66600cdfbbb,r,kotlin,PASS,PASS,PASS,PASS,PASS,PASS,SKIP,SKIP,SKIP,compatibility-runtime,
2525d19cfaa28bf83354b502a7ae766c16f662b50c68758296cfa66600cdfbbb,r,swift,PASS,PASS,PASS,PASS,PASS,PASS,SKIP,SKIP,SKIP,compatibility-runtime,
ba1395d00888d0f03ed2a87e99bea316e04df230c6a84c8272b7c7a42e7151f0,r,r,FAIL,FAIL,SKIP,SKIP,SKIP,SKIP,SKIP,SKIP,SKIP,DIRECT,FRONTEND_PARSE_BUG (stage=frontend)
ba1395d00888d0f03ed2a87e99bea316e04df230c6a84c8272b7c7a42e7151f0,r,go,FAIL,FAIL,SKIP,SKIP,SKIP,SKIP,SKIP,SKIP,SKIP,DIRECT,FRONTEND_PARSE_BUG (stage=frontend)
ba1395d00888d0f03ed2a87e99bea316e04df230c6a84c8272b7c7a42e7151f0,r,rust,FAIL,FAIL,SKIP,SKIP,SKIP,SKIP,SKIP,SKIP,SKIP,DIRECT,FRONTEND_PARSE_BUG (stage=frontend)
ba1395d00888d0f03ed2a87e99bea316e04df230c6a84c8272b7c7a42e7151f0,r,cpp,FAIL,FAIL,SKIP,SKIP,SKIP,SKIP,SKIP,SKIP,SKIP,DIRECT,FRONTEND_PARSE_BUG (stage=frontend)
ba1395d00888d0f03ed2a87e99bea316e04df230c6a84c8272b7c7a42e7151f0,r,c,FAIL,FAIL,SKIP,SKIP,SKIP,SKIP,SKIP,SKIP,SKIP,DIRECT,FRONTEND_PARSE_BUG (stage=frontend)
ba1395d00888d0f03ed2a87e99bea316e04df230c6a84c8272b7c7a42e7151f0,r,python,FAIL,FAIL,SKIP,SKIP,SKIP,SKIP,SKIP,SKIP,SKIP,DIRECT,FRONTEND_PARSE_BUG (stage=frontend)
ba1395d00888d0f03ed2a87e99bea316e04df230c6a84c8272b7c7a42e7151f0,r,zig,FAIL,FAIL,SKIP,SKIP,SKIP,SKIP,SKIP,SKIP,SKIP,DIRECT,FRONTEND_PARSE_BUG (stage=frontend)
ba1395d00888d0f03ed2a87e99bea316e04df230c6a84c8272b7c7a42e7151f0,r,julia,FAIL,FAIL,SKIP,SKIP,SKIP,SKIP,SKIP,SKIP,SKIP,DIRECT,FRONTEND_PARSE_BUG (stage=frontend)
ba1395d00888d0f03ed2a87e99bea316e04df230c6a84c8272b7c7a42e7151f0,r,nim,FAIL,FAIL,SKIP,SKIP,SKIP,SKIP,SKIP,SKIP,SKIP,DIRECT,FRONTEND_PARSE_BUG (stage=frontend)
ba1395d00888d0f03ed2a87e99bea316e04df230c6a84c8272b7c7a42e7151f0,r,csharp,FAIL,FAIL,SKIP,SKIP,SKIP,SKIP,SKIP,SKIP,SKIP,DIRECT,FRONTEND_PARSE_BUG (stage=frontend)
ba1395d00888d0f03ed2a87e99bea316e04df230c6a84c8272b7c7a42e7151f0,r,java,FAIL,FAIL,SKIP,SKIP,SKIP,SKIP,SKIP,SKIP,SKIP,DIRECT,FRONTEND_PARSE_BUG (stage=frontend)
ba1395d00888d0f03ed2a87e99bea316e04df230c6a84c8272b7c7a42e7151f0,r,kotlin,FAIL,FAIL,SKIP,SKIP,SKIP,SKIP,SKIP,SKIP,SKIP,DIRECT,FRONTEND_PARSE_BUG (stage=frontend)
ba1395d00888d0f03ed2a87e99bea316e04df230c6a84c8272b7c7a42e7151f0,r,swift,FAIL,FAIL,SKIP,SKIP,SKIP,SKIP,SKIP,SKIP,SKIP,DIRECT,FRONTEND_PARSE_BUG (stage=frontend)
e6c0fa43d17f8ede2bf689bc4b44acfbfda403fcddb1fa3c2b2f890793829954,r,r,PASS,PASS,PASS,PASS,PASS,PASS,SKIP,SKIP,SKIP,native-first,
e6c0fa43d17f8ede2bf689bc4b44acfbfda403fcddb1fa3c2b2f890793829954,r,go,PASS,PASS,PASS,PASS,PASS,FAIL,SKIP,SKIP,SKIP,compatibility-runtime,
e6c0fa43d17f8ede2bf689bc4b44acfbfda403fcddb1fa3c2b2f890793829954,r,rust,PASS,PASS,PASS,PASS,PASS,PASS,SKIP,SKIP,SKIP,compatibility-runtime,
e6c0fa43d17f8ede2bf689bc4b44acfbfda403fcddb1fa3c2b2f890793829954,r,cpp,PASS,PASS,PASS,PASS,PASS,FAIL,SKIP,SKIP,SKIP,compatibility-runtime,
e6c0fa43d17f8ede2bf689bc4b44acfbfda403fcddb1fa3c2b2f890793829954,r,c,PASS,PASS,PASS,PASS,PASS,FAIL,SKIP,SKIP,SKIP,compatibility-runtime,
e6c0fa43d17f8ede2bf689bc4b44acfbfda403fcddb1fa3c2b2f890793829954,r,python,PASS,PASS,PASS,PASS,PASS,PASS,SKIP,SKIP,SKIP,compatibility-runtime,
e6c0fa43d17f8ede2bf689bc4b44acfbfda403fcddb1fa3c2b2f890793829954,r,zig,PASS,PASS,PASS,PASS,PASS,FAIL,SKIP,SKIP,SKIP,compatibility-runtime,
e6c0fa43d17f8ede2bf689bc4b44acfbfda403fcddb1fa3c2b2f890793829954,r,julia,PASS,PASS,PASS,PASS,PASS,PASS,SKIP,SKIP,SKIP,compatibility-runtime,
e6c0fa43d17f8ede2bf689bc4b44acfbfda403fcddb1fa3c2b2f890793829954,r,nim,PASS,PASS,PASS,PASS,PASS,FAIL,SKIP,SKIP,SKIP,compatibility-runtime,
e6c0fa43d17f8ede2bf689bc4b44acfbfda403fcddb1fa3c2b2f890793829954,r,csharp,PASS,PASS,PASS,PASS,PASS,FAIL,SKIP,SKIP,SKIP,compatibility-runtime,
e6c0fa43d17f8ede2bf689bc4b44acfbfda403fcddb1fa3c2b2f890793829954,r,java,PASS,PASS,PASS,PASS,PASS,FAIL,SKIP,SKIP,SKIP,compatibility-runtime,
e6c0fa43d17f8ede2bf689bc4b44acfbfda403fcddb1fa3c2b2f890793829954,r,kotlin,PASS,PASS,PASS,PASS,PASS,PASS,SKIP,SKIP,SKIP,compatibility-runtime,
e6c0fa43d17f8ede2bf689bc4b44acfbfda403fcddb1fa3c2b2f890793829954,r,swift,PASS,PASS,PASS,PASS,PASS,PASS,SKIP,SKIP,SKIP,compatibility-runtime,
c3d2a7f673445b910dd1c76f7476ceca56319f9e5e8444d657877a01ef3f9fd0,r,r,PASS,PASS,PASS,PASS,PASS,PASS,SKIP,SKIP,SKIP,native-first,
c3d2a7f673445b910dd1c76f7476ceca56319f9e5e8444d657877a01ef3f9fd0,r,go,PASS,PASS,PASS,PASS,PASS,PASS,SKIP,SKIP,SKIP,compatibility-runtime,
c3d2a7f673445b910dd1c76f7476ceca56319f9e5e8444d657877a01ef3f9fd0,r,rust,PASS,PASS,PASS,PASS,PASS,PASS,SKIP,SKIP,SKIP,compatibility-runtime,
c3d2a7f673445b910dd1c76f7476ceca56319f9e5e8444d657877a01ef3f9fd0,r,cpp,PASS,PASS,PASS,PASS,PASS,FAIL,SKIP,SKIP,SKIP,compatibility-runtime,
c3d2a7f673445b910dd1c76f7476ceca56319f9e5e8444d657877a01ef3f9fd0,r,c,PASS,PASS,PASS,PASS,PASS,FAIL,SKIP,SKIP,SKIP,compatibility-runtime,
c3d2a7f673445b910dd1c76f7476ceca56319f9e5e8444d657877a01ef3f9fd0,r,python,PASS,PASS,PASS,PASS,PASS,PASS,SKIP,SKIP,SKIP,compatibility-runtime,
c3d2a7f673445b910dd1c76f7476ceca56319f9e5e8444d657877a01ef3f9fd0,r,zig,PASS,PASS,PASS,PASS,PASS,FAIL,SKIP,SKIP,SKIP,compatibility-runtime,
c3d2a7f673445b910dd1c76f7476ceca56319f9e5e8444d657877a01ef3f9fd0,r,julia,PASS,PASS,PASS,PASS,PASS,PASS,SKIP,SKIP,SKIP,compatibility-runtime,
c3d2a7f673445b910dd1c76f7476ceca56319f9e5e8444d657877a01ef3f9fd0,r,nim,PASS,PASS,PASS,PASS,PASS,FAIL,SKIP,SKIP,SKIP,compatibility-runtime,
c3d2a7f673445b910dd1c76f7476ceca56319f9e5e8444d657877a01ef3f9fd0,r,csharp,PASS,PASS,PASS,PASS,PASS,PASS,SKIP,SKIP,SKIP,compatibility-runtime,
c3d2a7f673445b910dd1c76f7476ceca56319f9e5e8444d657877a01ef3f9fd0,r,java,PASS,PASS,PASS,PASS,PASS,PASS,SKIP,SKIP,SKIP,compatibility-runtime,
c3d2a7f673445b910dd1c76f7476ceca56319f9e5e8444d657877a01ef3f9fd0,r,kotlin,PASS,PASS,PASS,PASS,PASS,PASS,SKIP,SKIP,SKIP,compatibility-runtime,
c3d2a7f673445b910dd1c76f7476ceca56319f9e5e8444d657877a01ef3f9fd0,r,swift,PASS,PASS,PASS,PASS,PASS,PASS,SKIP,SKIP,SKIP,compatibility-runtime,
c08a578d8e57afbd576efafcfe5c56d6268338844493022d7d88ef6a87ed7fa5,r,r,FAIL,FAIL,SKIP,SKIP,SKIP,SKIP,SKIP,SKIP,SKIP,DIRECT,RUNTIME_ROUTE_FAILED (stage=runtime)
c08a578d8e57afbd576efafcfe5c56d6268338844493022d7d88ef6a87ed7fa5,r,go,PASS,PASS,PASS,PASS,PASS,PASS,SKIP,SKIP,SKIP,compatibility-runtime,
c08a578d8e57afbd576efafcfe5c56d6268338844493022d7d88ef6a87ed7fa5,r,rust,PASS,PASS,PASS,PASS,PASS,PASS,SKIP,SKIP,SKIP,compatibility-runtime,
c08a578d8e57afbd576efafcfe5c56d6268338844493022d7d88ef6a87ed7fa5,r,cpp,PASS,PASS,PASS,PASS,PASS,FAIL,SKIP,SKIP,SKIP,compatibility-runtime,
c08a578d8e57afbd576efafcfe5c56d6268338844493022d7d88ef6a87ed7fa5,r,c,PASS,PASS,PASS,PASS,PASS,FAIL,SKIP,SKIP,SKIP,compatibility-runtime,
c08a578d8e57afbd576efafcfe5c56d6268338844493022d7d88ef6a87ed7fa5,r,python,PASS,PASS,PASS,PASS,PASS,PASS,SKIP,SKIP,SKIP,compatibility-runtime,
c08a578d8e57afbd576efafcfe5c56d6268338844493022d7d88ef6a87ed7fa5,r,zig,PASS,PASS,PASS,PASS,PASS,FAIL,SKIP,SKIP,SKIP,compatibility-runtime,
c08a578d8e57afbd576efafcfe5c56d6268338844493022d7d88ef6a87ed7fa5,r,julia,PASS,PASS,PASS,PASS,PASS,PASS,SKIP,SKIP,SKIP,compatibility-runtime,
c08a578d8e57afbd576efafcfe5c56d6268338844493022d7d88ef6a87ed7fa5,r,nim,PASS,PASS,PASS,PASS,PASS,FAIL,SKIP,SKIP,SKIP,compatibility-runtime,
c08a578d8e57afbd576efafcfe5c56d6268338844493022d7d88ef6a87ed7fa5,r,csharp,PASS,PASS,PASS,PASS,PASS,PASS,SKIP,SKIP,SKIP,compatibility-runtime,
c08a578d8e57afbd576efafcfe5c56d6268338844493022d7d88ef6a87ed7fa5,r,java,PASS,PASS,PASS,PASS,PASS,PASS,SKIP,SKIP,SKIP,compatibility-runtime,
c08a578d8e57afbd576efafcfe5c56d6268338844493022d7d88ef6a87ed7fa5,r,kotlin,PASS,PASS,PASS,PASS,PASS,PASS,SKIP,SKIP,SKIP,compatibility-runtime,
c08a578d8e57afbd576efafcfe5c56d6268338844493022d7d88ef6a87ed7fa5,r,swift,PASS,PASS,PASS,PASS,PASS,PASS,SKIP,SKIP,SKIP,compatibility-runtime,
a65d7f90d1889ff532250a7c63b82aea5a1de12823fe868f2eb6602b5f88cb33,r,r,FAIL,FAIL,SKIP,SKIP,SKIP,SKIP,SKIP,SKIP,SKIP,DIRECT,RUNTIME_ROUTE_FAILED (stage=runtime)
a65d7f90d1889ff532250a7c63b82aea5a1de12823fe868f2eb6602b5f88cb33,r,go,PASS,PASS,PASS,PASS,PASS,PASS,SKIP,SKIP,SKIP,compatibility-runtime,
a65d7f90d1889ff532250a7c63b82aea5a1de12823fe868f2eb6602b5f88cb33,r,rust,PASS,PASS,PASS,PASS,PASS,PASS,SKIP,SKIP,SKIP,compatibility-runtime,
a65d7f90d1889ff532250a7c63b82aea5a1de12823fe868f2eb6602b5f88cb33,r,cpp,PASS,PASS,PASS,PASS,PASS,FAIL,SKIP,SKIP,SKIP,compatibility-runtime,
a65d7f90d1889ff532250a7c63b82aea5a1de12823fe868f2eb6602b5f88cb33,r,c,PASS,PASS,PASS,PASS,PASS,FAIL,SKIP,SKIP,SKIP,compatibility-runtime,
a65d7f90d1889ff532250a7c63b82aea5a1de12823fe868f2eb6602b5f88cb33,r,python,PASS,PASS,PASS,PASS,PASS,PASS,SKIP,SKIP,SKIP,compatibility-runtime,
a65d7f90d1889ff532250a7c63b82aea5a1de12823fe868f2eb6602b5f88cb33,r,zig,PASS,PASS,PASS,PASS,PASS,FAIL,SKIP,SKIP,SKIP,compatibility-runtime,
a65d7f90d1889ff532250a7c63b82aea5a1de12823fe868f2eb6602b5f88cb33,r,julia,PASS,PASS,PASS,PASS,PASS,PASS,SKIP,SKIP,SKIP,compatibility-runtime,
a65d7f90d1889ff532250a7c63b82aea5a1de12823fe868f2eb6602b5f88cb33,r,nim,PASS,PASS,PASS,PASS,PASS,FAIL,SKIP,SKIP,SKIP,compatibility-runtime,
a65d7f90d1889ff532250a7c63b82aea5a1de12823fe868f2eb6602b5f88cb33,r,csharp,PASS,PASS,PASS,PASS,PASS,PASS,SKIP,SKIP,SKIP,compatibility-runtime,
a65d7f90d1889ff532250a7c63b82aea5a1de12823fe868f2eb6602b5f88cb33,r,java,PASS,PASS,PASS,PASS,PASS,PASS,SKIP,SKIP,SKIP,compatibility-runtime,
a65d7f90d1889ff532250a7c63b82aea5a1de12823fe868f2eb6602b5f88cb33,r,kotlin,PASS,PASS,PASS,PASS,PASS,PASS,SKIP,SKIP,SKIP,compatibility-runtime,
a65d7f90d1889ff532250a7c63b82aea5a1de12823fe868f2eb6602b5f88cb33,r,swift,PASS,PASS,PASS,PASS,PASS,PASS,SKIP,SKIP,SKIP,compatibility-runtime,
5e1b723c9eb67c9f65e3a0de42fff1ef5f48954a6243aae3cbb35f65726d4e47,r,r,FAIL,FAIL,SKIP,SKIP,SKIP,SKIP,SKIP,SKIP,SKIP,DIRECT,RUNTIME_ROUTE_FAILED (stage=runtime)
5e1b723c9eb67c9f65e3a0de42fff1ef5f48954a6243aae3cbb35f65726d4e47,r,go,PASS,PASS,PASS,PASS,PASS,PASS,SKIP,SKIP,SKIP,compatibility-runtime,
5e1b723c9eb67c9f65e3a0de42fff1ef5f48954a6243aae3cbb35f65726d4e47,r,rust,PASS,PASS,PASS,PASS,PASS,PASS,SKIP,SKIP,SKIP,compatibility-runtime,
5e1b723c9eb67c9f65e3a0de42fff1ef5f48954a6243aae3cbb35f65726d4e47,r,cpp,PASS,PASS,PASS,PASS,PASS,FAIL,SKIP,SKIP,SKIP,compatibility-runtime,
5e1b723c9eb67c9f65e3a0de42fff1ef5f48954a6243aae3cbb35f65726d4e47,r,c,PASS,PASS,PASS,PASS,PASS,FAIL,SKIP,SKIP,SKIP,compatibility-runtime,
5e1b723c9eb67c9f65e3a0de42fff1ef5f48954a6243aae3cbb35f65726d4e47,r,python,PASS,PASS,PASS,PASS,PASS,PASS,SKIP,SKIP,SKIP,compatibility-runtime,
5e1b723c9eb67c9f65e3a0de42fff1ef5f48954a6243aae3cbb35f65726d4e47,r,zig,PASS,PASS,PASS,PASS,PASS,FAIL,SKIP,SKIP,SKIP,compatibility-runtime,
5e1b723c9eb67c9f65e3a0de42fff1ef5f48954a6243aae3cbb35f65726d4e47,r,julia,PASS,PASS,PASS,PASS,PASS,PASS,SKIP,SKIP,SKIP,compatibility-runtime,
5e1b723c9eb67c9f65e3a0de42fff1ef5f48954a6243aae3cbb35f65726d4e47,r,nim,PASS,PASS,PASS,PASS,PASS,FAIL,SKIP,SKIP,SKIP,compatibility-runtime,
5e1b723c9eb67c9f65e3a0de42fff1ef5f48954a6243aae3cbb35f65726d4e47,r,csharp,PASS,PASS,PASS,PASS,PASS,PASS,SKIP,SKIP,SKIP,compatibility-runtime,
5e1b723c9eb67c9f65e3a0de42fff1ef5f48954a6243aae3cbb35f65726d4e47,r,java,PASS,PASS,PASS,PASS,PASS,PASS,SKIP,SKIP,SKIP,compatibility-runtime,
5e1b723c9eb67c9f65e3a0de42fff1ef5f48954a6243aae3cbb35f65726d4e47,r,kotlin,PASS,PASS,PASS,PASS,PASS,PASS,SKIP,SKIP,SKIP,compatibility-runtime,
5e1b723c9eb67c9f65e3a0de42fff1ef5f48954a6243aae3cbb35f65726d4e47,r,swift,PASS,PASS,PASS,PASS,PASS,PASS,SKIP,SKIP,SKIP,compatibility-runtime,
edff3ff74e8706b70a249450508321f1ee631da8199128224b345aa3a49cbc50,r,r,FAIL,FAIL,SKIP,SKIP,SKIP,SKIP,SKIP,SKIP,SKIP,DIRECT,RUNTIME_ROUTE_FAILED (stage=runtime)
edff3ff74e8706b70a249450508321f1ee631da8199128224b345aa3a49cbc50,r,go,PASS,PASS,PASS,PASS,PASS,PASS,SKIP,SKIP,SKIP,compatibility-runtime,
edff3ff74e8706b70a249450508321f1ee631da8199128224b345aa3a49cbc50,r,rust,PASS,PASS,PASS,PASS,PASS,PASS,SKIP,SKIP,SKIP,compatibility-runtime,
edff3ff74e8706b70a249450508321f1ee631da8199128224b345aa3a49cbc50,r,cpp,PASS,PASS,PASS,PASS,PASS,FAIL,SKIP,SKIP,SKIP,compatibility-runtime,
edff3ff74e8706b70a249450508321f1ee631da8199128224b345aa3a49cbc50,r,c,PASS,PASS,PASS,PASS,PASS,FAIL,SKIP,SKIP,SKIP,compatibility-runtime,
edff3ff74e8706b70a249450508321f1ee631da8199128224b345aa3a49cbc50,r,python,PASS,PASS,PASS,PASS,PASS,PASS,SKIP,SKIP,SKIP,compatibility-runtime,
edff3ff74e8706b70a249450508321f1ee631da8199128224b345aa3a49cbc50,r,zig,PASS,PASS,PASS,PASS,PASS,FAIL,SKIP,SKIP,SKIP,compatibility-runtime,
edff3ff74e8706b70a249450508321f1ee631da8199128224b345aa3a49cbc50,r,julia,PASS,PASS,PASS,PASS,PASS,PASS,SKIP,SKIP,SKIP,compatibility-runtime,
edff3ff74e8706b70a249450508321f1ee631da8199128224b345aa3a49cbc50,r,nim,PASS,PASS,PASS,PASS,PASS,FAIL,SKIP,SKIP,SKIP,compatibility-runtime,
edff3ff74e8706b70a249450508321f1ee631da8199128224b345aa3a49cbc50,r,csharp,PASS,PASS,PASS,PASS,PASS,PASS,SKIP,SKIP,SKIP,compatibility-runtime,
edff3ff74e8706b70a249450508321f1ee631da8199128224b345aa3a49cbc50,r,java,PASS,PASS,PASS,PASS,PASS,PASS,SKIP,SKIP,SKIP,compatibility-runtime,
edff3ff74e8706b70a249450508321f1ee631da8199128224b345aa3a49cbc50,r,kotlin,PASS,PASS,PASS,PASS,PASS,PASS,SKIP,SKIP,SKIP,compatibility-runtime,
edff3ff74e8706b70a249450508321f1ee631da8199128224b345aa3a49cbc50,r,swift,PASS,PASS,PASS,PASS,PASS,PASS,SKIP,SKIP,SKIP,compatibility-runtime,
ec19adbd850d819f5246adffd55ad048f349228c7f36792064759904ec5d09c4,r,r,PASS,PASS,PASS,PASS,PASS,PASS,SKIP,SKIP,SKIP,native-first,
ec19adbd850d819f5246adffd55ad048f349228c7f36792064759904ec5d09c4,r,go,PASS,PASS,PASS,PASS,PASS,PASS,SKIP,SKIP,SKIP,compatibility-runtime,
ec19adbd850d819f5246adffd55ad048f349228c7f36792064759904ec5d09c4,r,rust,PASS,PASS,PASS,PASS,PASS,PASS,SKIP,SKIP,SKIP,compatibility-runtime,
ec19adbd850d819f5246adffd55ad048f349228c7f36792064759904ec5d09c4,r,cpp,PASS,PASS,PASS,PASS,PASS,FAIL,SKIP,SKIP,SKIP,compatibility-runtime,
ec19adbd850d819f5246adffd55ad048f349228c7f36792064759904ec5d09c4,r,c,PASS,PASS,PASS,PASS,PASS,FAIL,SKIP,SKIP,SKIP,compatibility-runtime,
ec19adbd850d819f5246adffd55ad048f349228c7f36792064759904ec5d09c4,r,python,PASS,PASS,PASS,PASS,PASS,PASS,SKIP,SKIP,SKIP,compatibility-runtime,
ec19adbd850d819f5246adffd55ad048f349228c7f36792064759904ec5d09c4,r,zig,PASS,PASS,PASS,PASS,PASS,FAIL,SKIP,SKIP,SKIP,compatibility-runtime,
ec19adbd850d819f5246adffd55ad048f349228c7f36792064759904ec5d09c4,r,julia,PASS,PASS,PASS,PASS,PASS,PASS,SKIP,SKIP,SKIP,compatibility-runtime,
ec19adbd850d819f5246adffd55ad048f349228c7f36792064759904ec5d09c4,r,nim,PASS,PASS,PASS,PASS,PASS,FAIL,SKIP,SKIP,SKIP,compatibility-runtime,
ec19adbd850d819f5246adffd55ad048f349228c7f36792064759904ec5d09c4,r,csharp,PASS,PASS,PASS,PASS,PASS,PASS,SKIP,SKIP,SKIP,compatibility-runtime,
ec19adbd850d819f5246adffd55ad048f349228c7f36792064759904ec5d09c4,r,java,PASS,PASS,PASS,PASS,PASS,PASS,SKIP,SKIP,SKIP,compatibility-runtime,
ec19adbd850d819f5246adffd55ad048f349228c7f36792064759904ec5d09c4,r,kotlin,PASS,PASS,PASS,PASS,PASS,PASS,SKIP,SKIP,SKIP,compatibility-runtime,
ec19adbd850d819f5246adffd55ad048f349228c7f36792064759904ec5d09c4,r,swift,PASS,PASS,PASS,PASS,PASS,PASS,SKIP,SKIP,SKIP,compatibility-runtime,
16fd267f5e5021185306cf2984974c64cd90072d19e69a28797e2c327d2f4bc1,r,r,FAIL,FAIL,SKIP,SKIP,SKIP,SKIP,SKIP,SKIP,SKIP,DIRECT,FRONTEND_PARSE_BUG (stage=frontend)
16fd267f5e5021185306cf2984974c64cd90072d19e69a28797e2c327d2f4bc1,r,go,FAIL,FAIL,SKIP,SKIP,SKIP,SKIP,SKIP,SKIP,SKIP,DIRECT,FRONTEND_PARSE_BUG (stage=frontend)
16fd267f5e5021185306cf2984974c64cd90072d19e69a28797e2c327d2f4bc1,r,rust,FAIL,FAIL,SKIP,SKIP,SKIP,SKIP,SKIP,SKIP,SKIP,DIRECT,FRONTEND_PARSE_BUG (stage=frontend)
16fd267f5e5021185306cf2984974c64cd90072d19e69a28797e2c327d2f4bc1,r,cpp,FAIL,FAIL,SKIP,SKIP,SKIP,SKIP,SKIP,SKIP,SKIP,DIRECT,FRONTEND_PARSE_BUG (stage=frontend)
16fd267f5e5021185306cf2984974c64cd90072d19e69a28797e2c327d2f4bc1,r,c,FAIL,FAIL,SKIP,SKIP,SKIP,SKIP,SKIP,SKIP,SKIP,DIRECT,FRONTEND_PARSE_BUG (stage=frontend)
16fd267f5e5021185306cf2984974c64cd90072d19e69a28797e2c327d2f4bc1,r,python,FAIL,FAIL,SKIP,SKIP,SKIP,SKIP,SKIP,SKIP,SKIP,DIRECT,FRONTEND_PARSE_BUG (stage=frontend)
16fd267f5e5021185306cf2984974c64cd90072d19e69a28797e2c327d2f4bc1,r,zig,FAIL,FAIL,SKIP,SKIP,SKIP,SKIP,SKIP,SKIP,SKIP,DIRECT,FRONTEND_PARSE_BUG (stage=frontend)
16fd267f5e5021185306cf2984974c64cd90072d19e69a28797e2c327d2f4bc1,r,julia,FAIL,FAIL,SKIP,SKIP,SKIP,SKIP,SKIP,SKIP,SKIP,DIRECT,FRONTEND_PARSE_BUG (stage=frontend)
16fd267f5e5021185306cf2984974c64cd90072d19e69a28797e2c327d2f4bc1,r,nim,FAIL,FAIL,SKIP,SKIP,SKIP,SKIP,SKIP,SKIP,SKIP,DIRECT,FRONTEND_PARSE_BUG (stage=frontend)
16fd267f5e5021185306cf2984974c64cd90072d19e69a28797e2c327d2f4bc1,r,csharp,FAIL,FAIL,SKIP,SKIP,SKIP,SKIP,SKIP,SKIP,SKIP,DIRECT,FRONTEND_PARSE_BUG (stage=frontend)
16fd267f5e5021185306cf2984974c64cd90072d19e69a28797e2c327d2f4bc1,r,java,FAIL,FAIL,SKIP,SKIP,SKIP,SKIP,SKIP,SKIP,SKIP,DIRECT,FRONTEND_PARSE_BUG (stage=frontend)
16fd267f5e5021185306cf2984974c64cd90072d19e69a28797e2c327d2f4bc1,r,kotlin,FAIL,FAIL,SKIP,SKIP,SKIP,SKIP,SKIP,SKIP,SKIP,DIRECT,FRONTEND_PARSE_BUG (stage=frontend)
16fd267f5e5021185306cf2984974c64cd90072d19e69a28797e2c327d2f4bc1,r,swift,FAIL,FAIL,SKIP,SKIP,SKIP,SKIP,SKIP,SKIP,SKIP,DIRECT,FRONTEND_PARSE_BUG (stage=frontend)
6b5203bf6c23660b3176e76662658bcc8c4194f4d6a9f710d483d70c6f192811,r,r,FAIL,FAIL,SKIP,SKIP,SKIP,SKIP,SKIP,SKIP,SKIP,DIRECT,RUNTIME_ROUTE_FAILED (stage=runtime)
6b5203bf6c23660b3176e76662658bcc8c4194f4d6a9f710d483d70c6f192811,r,go,PASS,PASS,PASS,PASS,PASS,PASS,SKIP,SKIP,SKIP,compatibility-runtime,
6b5203bf6c23660b3176e76662658bcc8c4194f4d6a9f710d483d70c6f192811,r,rust,PASS,PASS,PASS,PASS,PASS,PASS,SKIP,SKIP,SKIP,compatibility-runtime,
6b5203bf6c23660b3176e76662658bcc8c4194f4d6a9f710d483d70c6f192811,r,cpp,PASS,PASS,PASS,PASS,PASS,FAIL,SKIP,SKIP,SKIP,compatibility-runtime,
6b5203bf6c23660b3176e76662658bcc8c4194f4d6a9f710d483d70c6f192811,r,c,PASS,PASS,PASS,PASS,PASS,FAIL,SKIP,SKIP,SKIP,compatibility-runtime,
6b5203bf6c23660b3176e76662658bcc8c4194f4d6a9f710d483d70c6f192811,r,python,PASS,PASS,PASS,PASS,PASS,PASS,SKIP,SKIP,SKIP,compatibility-runtime,
6b5203bf6c23660b3176e76662658bcc8c4194f4d6a9f710d483d70c6f192811,r,zig,PASS,PASS,PASS,PASS,PASS,FAIL,SKIP,SKIP,SKIP,compatibility-runtime,
6b5203bf6c23660b3176e76662658bcc8c4194f4d6a9f710d483d70c6f192811,r,julia,PASS,PASS,PASS,PASS,PASS,PASS,SKIP,SKIP,SKIP,compatibility-runtime,
6b5203bf6c23660b3176e76662658bcc8c4194f4d6a9f710d483d70c6f192811,r,nim,PASS,PASS,PASS,PASS,PASS,FAIL,SKIP,SKIP,SKIP,compatibility-runtime,
6b5203bf6c23660b3176e76662658bcc8c4194f4d6a9f710d483d70c6f192811,r,csharp,PASS,PASS,PASS,PASS,PASS,PASS,SKIP,SKIP,SKIP,compatibility-runtime,
6b5203bf6c23660b3176e76662658bcc8c4194f4d6a9f710d483d70c6f192811,r,java,PASS,PASS,PASS,PASS,PASS,PASS,SKIP,SKIP,SKIP,compatibility-runtime,
6b5203bf6c23660b3176e76662658bcc8c4194f4d6a9f710d483d70c6f192811,r,kotlin,PASS,PASS,PASS,PASS,PASS,PASS,SKIP,SKIP,SKIP,compatibility-runtime,
6b5203bf6c23660b3176e76662658bcc8c4194f4d6a9f710d483d70c6f192811,r,swift,PASS,PASS,PASS,PASS,PASS,PASS,SKIP,SKIP,SKIP,compatibility-runtime,
f34c23fdfaf3556a2098f48ee45c38133165974e27b765ea478083708b25d8b3,r,r,PASS,PASS,PASS,PASS,PASS,FAIL,SKIP,SKIP,SKIP,native-first,
f34c23fdfaf3556a2098f48ee45c38133165974e27b765ea478083708b25d8b3,r,go,PASS,PASS,PASS,PASS,PASS,PASS,SKIP,SKIP,SKIP,native-first,
f34c23fdfaf3556a2098f48ee45c38133165974e27b765ea478083708b25d8b3,r,rust,PASS,PASS,PASS,PASS,PASS,PASS,SKIP,SKIP,SKIP,native-first,
f34c23fdfaf3556a2098f48ee45c38133165974e27b765ea478083708b25d8b3,r,cpp,PASS,PASS,PASS,PASS,PASS,PASS,SKIP,SKIP,SKIP,native-first,
f34c23fdfaf3556a2098f48ee45c38133165974e27b765ea478083708b25d8b3,r,c,PASS,PASS,PASS,PASS,PASS,PASS,SKIP,SKIP,SKIP,native-first,
f34c23fdfaf3556a2098f48ee45c38133165974e27b765ea478083708b25d8b3,r,python,PASS,PASS,PASS,PASS,PASS,PASS,SKIP,SKIP,SKIP,native-first,
f34c23fdfaf3556a2098f48ee45c38133165974e27b765ea478083708b25d8b3,r,zig,PASS,PASS,PASS,PASS,PASS,PASS,SKIP,SKIP,SKIP,native-first,
f34c23fdfaf3556a2098f48ee45c38133165974e27b765ea478083708b25d8b3,r,julia,PASS,PASS,PASS,PASS,PASS,PASS,SKIP,SKIP,SKIP,native-first,
f34c23fdfaf3556a2098f48ee45c38133165974e27b765ea478083708b25d8b3,r,nim,PASS,PASS,PASS,PASS,PASS,PASS,SKIP,SKIP,SKIP,native-first,
f34c23fdfaf3556a2098f48ee45c38133165974e27b765ea478083708b25d8b3,r,csharp,PASS,PASS,PASS,PASS,PASS,PASS,SKIP,SKIP,SKIP,native-first,
f34c23fdfaf3556a2098f48ee45c38133165974e27b765ea478083708b25d8b3,r,java,PASS,PASS,PASS,PASS,PASS,PASS,SKIP,SKIP,SKIP,native-first,
f34c23fdfaf3556a2098f48ee45c38133165974e27b765ea478083708b25d8b3,r,kotlin,PASS,PASS,PASS,PASS,PASS,PASS,SKIP,SKIP,SKIP,native-first,
f34c23fdfaf3556a2098f48ee45c38133165974e27b765ea478083708b25d8b3,r,swift,PASS,PASS,PASS,PASS,PASS,PASS,SKIP,SKIP,SKIP,native-first,
2751183380fcac9241fd7aa7b3e0dd785b016726ffadf8fcba96ade3b85b3ec6,r,r,PASS,PASS,PASS,PASS,PASS,FAIL,SKIP,SKIP,SKIP,lowered-native,
2751183380fcac9241fd7aa7b3e0dd785b016726ffadf8fcba96ade3b85b3ec6,r,go,PASS,PASS,PASS,PASS,PASS,PASS,SKIP,SKIP,SKIP,native-first,
2751183380fcac9241fd7aa7b3e0dd785b016726ffadf8fcba96ade3b85b3ec6,r,rust,PASS,PASS,PASS,PASS,PASS,PASS,SKIP,SKIP,SKIP,native-first,
2751183380fcac9241fd7aa7b3e0dd785b016726ffadf8fcba96ade3b85b3ec6,r,cpp,PASS,PASS,PASS,PASS,PASS,PASS,SKIP,SKIP,SKIP,native-first,
2751183380fcac9241fd7aa7b3e0dd785b016726ffadf8fcba96ade3b85b3ec6,r,c,PASS,PASS,PASS,PASS,PASS,PASS,SKIP,SKIP,SKIP,native-first,
2751183380fcac9241fd7aa7b3e0dd785b016726ffadf8fcba96ade3b85b3ec6,r,python,PASS,PASS,PASS,PASS,PASS,PASS,SKIP,SKIP,SKIP,native-first,
2751183380fcac9241fd7aa7b3e0dd785b016726ffadf8fcba96ade3b85b3ec6,r,zig,PASS,PASS,PASS,PASS,PASS,PASS,SKIP,SKIP,SKIP,native-first,
2751183380fcac9241fd7aa7b3e0dd785b016726ffadf8fcba96ade3b85b3ec6,r,julia,PASS,PASS,PASS,PASS,PASS,PASS,SKIP,SKIP,SKIP,native-first,
2751183380fcac9241fd7aa7b3e0dd785b016726ffadf8fcba96ade3b85b3ec6,r,nim,PASS,PASS,PASS,PASS,PASS,PASS,SKIP,SKIP,SKIP,native-first,
2751183380fcac9241fd7aa7b3e0dd785b016726ffadf8fcba96ade3b85b3ec6,r,csharp,PASS,PASS,PASS,PASS,PASS,PASS,SKIP,SKIP,SKIP,native-first,
2751183380fcac9241fd7aa7b3e0dd785b016726ffadf8fcba96ade3b85b3ec6,r,java,PASS,PASS,PASS,PASS,PASS,PASS,SKIP,SKIP,SKIP,native-first,
2751183380fcac9241fd7aa7b3e0dd785b016726ffadf8fcba96ade3b85b3ec6,r,kotlin,PASS,PASS,PASS,PASS,PASS,PASS,SKIP,SKIP,SKIP,native-first,
2751183380fcac9241fd7aa7b3e0dd785b016726ffadf8fcba96ade3b85b3ec6,r,swift,PASS,PASS,PASS,PASS,PASS,PASS,SKIP,SKIP,SKIP,native-first,
10e33b15dece1d772e4d58534facac39a3d604042e9570ecdeaadcd34d09cf91,r,r,PASS,PASS,PASS,PASS,PASS,PASS,SKIP,SKIP,SKIP,native-first,
10e33b15dece1d772e4d58534facac39a3d604042e9570ecdeaadcd34d09cf91,r,go,PASS,PASS,PASS,PASS,PASS,PASS,SKIP,SKIP,SKIP,compatibility-runtime,
10e33b15dece1d772e4d58534facac39a3d604042e9570ecdeaadcd34d09cf91,r,rust,PASS,PASS,PASS,PASS,PASS,PASS,SKIP,SKIP,SKIP,compatibility-runtime,
10e33b15dece1d772e4d58534facac39a3d604042e9570ecdeaadcd34d09cf91,r,cpp,PASS,PASS,PASS,PASS,PASS,FAIL,SKIP,SKIP,SKIP,compatibility-runtime,
10e33b15dece1d772e4d58534facac39a3d604042e9570ecdeaadcd34d09cf91,r,c,PASS,PASS,PASS,PASS,PASS,FAIL,SKIP,SKIP,SKIP,compatibility-runtime,
10e33b15dece1d772e4d58534facac39a3d604042e9570ecdeaadcd34d09cf91,r,python,PASS,PASS,PASS,PASS,PASS,PASS,SKIP,SKIP,SKIP,compatibility-runtime,
10e33b15dece1d772e4d58534facac39a3d604042e9570ecdeaadcd34d09cf91,r,zig,PASS,PASS,PASS,PASS,PASS,FAIL,SKIP,SKIP,SKIP,compatibility-runtime,
10e33b15dece1d772e4d58534facac39a3d604042e9570ecdeaadcd34d09cf91,r,julia,PASS,PASS,PASS,PASS,PASS,PASS,SKIP,SKIP,SKIP,compatibility-runtime,
10e33b15dece1d772e4d58534facac39a3d604042e9570ecdeaadcd34d09cf91,r,nim,PASS,PASS,PASS,PASS,PASS,FAIL,SKIP,SKIP,SKIP,compatibility-runtime,
10e33b15dece1d772e4d58534facac39a3d604042e9570ecdeaadcd34d09cf91,r,csharp,PASS,PASS,PASS,PASS,PASS,PASS,SKIP,SKIP,SKIP,compatibility-runtime,
10e33b15dece1d772e4d58534facac39a3d604042e9570ecdeaadcd34d09cf91,r,java,PASS,PASS,PASS,PASS,PASS,PASS,SKIP,SKIP,SKIP,compatibility-runtime,
10e33b15dece1d772e4d58534facac39a3d604042e9570ecdeaadcd34d09cf91,r,kotlin,PASS,PASS,PASS,PASS,PASS,PASS,SKIP,SKIP,SKIP,compatibility-runtime,
10e33b15dece1d772e4d58534facac39a3d604042e9570ecdeaadcd34d09cf91,r,swift,PASS,PASS,PASS,PASS,PASS,PASS,SKIP,SKIP,SKIP,compatibility-runtime,
57ffb46af502726da56792be3afbaa4d1f3eb6dcc625c5269eaa3425281d8b9c,r,r,FAIL,FAIL,SKIP,SKIP,SKIP,SKIP,SKIP,SKIP,SKIP,DIRECT,FRONTEND_PARSE_BUG (stage=frontend)
57ffb46af502726da56792be3afbaa4d1f3eb6dcc625c5269eaa3425281d8b9c,r,go,FAIL,FAIL,SKIP,SKIP,SKIP,SKIP,SKIP,SKIP,SKIP,DIRECT,FRONTEND_PARSE_BUG (stage=frontend)
57ffb46af502726da56792be3afbaa4d1f3eb6dcc625c5269eaa3425281d8b9c,r,rust,FAIL,FAIL,SKIP,SKIP,SKIP,SKIP,SKIP,SKIP,SKIP,DIRECT,FRONTEND_PARSE_BUG (stage=frontend)
57ffb46af502726da56792be3afbaa4d1f3eb6dcc625c5269eaa3425281d8b9c,r,cpp,FAIL,FAIL,SKIP,SKIP,SKIP,SKIP,SKIP,SKIP,SKIP,DIRECT,FRONTEND_PARSE_BUG (stage=frontend)
57ffb46af502726da56792be3afbaa4d1f3eb6dcc625c5269eaa3425281d8b9c,r,c,FAIL,FAIL,SKIP,SKIP,SKIP,SKIP,SKIP,SKIP,SKIP,DIRECT,FRONTEND_PARSE_BUG (stage=frontend)
57ffb46af502726da56792be3afbaa4d1f3eb6dcc625c5269eaa3425281d8b9c,r,python,FAIL,FAIL,SKIP,SKIP,SKIP,SKIP,SKIP,SKIP,SKIP,DIRECT,FRONTEND_PARSE_BUG (stage=frontend)
57ffb46af502726da56792be3afbaa4d1f3eb6dcc625c5269eaa3425281d8b9c,r,zig,FAIL,FAIL,SKIP,SKIP,SKIP,SKIP,SKIP,SKIP,SKIP,DIRECT,FRONTEND_PARSE_BUG (stage=frontend)
57ffb46af502726da56792be3afbaa4d1f3eb6dcc625c5269eaa3425281d8b9c,r,julia,FAIL,FAIL,SKIP,SKIP,SKIP,SKIP,SKIP,SKIP,SKIP,DIRECT,FRONTEND_PARSE_BUG (stage=frontend)
57ffb46af502726da56792be3afbaa4d1f3eb6dcc625c5269eaa3425281d8b9c,r,nim,FAIL,FAIL,SKIP,SKIP,SKIP,SKIP,SKIP,SKIP,SKIP,DIRECT,FRONTEND_PARSE_BUG (stage=frontend)
57ffb46af502726da56792be3afbaa4d1f3eb6dcc625c5269eaa3425281d8b9c,r,csharp,FAIL,FAIL,SKIP,SKIP,SKIP,SKIP,SKIP,SKIP,SKIP,DIRECT,FRONTEND_PARSE_BUG (stage=frontend)
57ffb46af502726da56792be3afbaa4d1f3eb6dcc625c5269eaa3425281d8b9c,r,java,FAIL,FAIL,SKIP,SKIP,SKIP,SKIP,SKIP,SKIP,SKIP,DIRECT,FRONTEND_PARSE_BUG (stage=frontend)
57ffb46af502726da56792be3afbaa4d1f3eb6dcc625c5269eaa3425281d8b9c,r,kotlin,FAIL,FAIL,SKIP,SKIP,SKIP,SKIP,SKIP,SKIP,SKIP,DIRECT,FRONTEND_PARSE_BUG (stage=frontend)
57ffb46af502726da56792be3afbaa4d1f3eb6dcc625c5269eaa3425281d8b9c,r,swift,FAIL,FAIL,SKIP,SKIP,SKIP,SKIP,SKIP,SKIP,SKIP,DIRECT,FRONTEND_PARSE_BUG (stage=frontend)
b031f15b24649ee8de3c426002eb7f17d9794440fe2e31b209616e1890da1895,r,r,FAIL,FAIL,SKIP,SKIP,SKIP,SKIP,SKIP,SKIP,SKIP,DIRECT,RUNTIME_ROUTE_FAILED (stage=runtime)
b031f15b24649ee8de3c426002eb7f17d9794440fe2e31b209616e1890da1895,r,go,PASS,PASS,PASS,PASS,PASS,PASS,SKIP,SKIP,SKIP,compatibility-runtime,
b031f15b24649ee8de3c426002eb7f17d9794440fe2e31b209616e1890da1895,r,rust,PASS,PASS,PASS,PASS,PASS,PASS,SKIP,SKIP,SKIP,compatibility-runtime,
b031f15b24649ee8de3c426002eb7f17d9794440fe2e31b209616e1890da1895,r,cpp,PASS,PASS,PASS,PASS,PASS,FAIL,SKIP,SKIP,SKIP,compatibility-runtime,
b031f15b24649ee8de3c426002eb7f17d9794440fe2e31b209616e1890da1895,r,c,PASS,PASS,PASS,PASS,PASS,FAIL,SKIP,SKIP,SKIP,compatibility-runtime,
b031f15b24649ee8de3c426002eb7f17d9794440fe2e31b209616e1890da1895,r,python,PASS,PASS,PASS,PASS,PASS,PASS,SKIP,SKIP,SKIP,compatibility-runtime,
b031f15b24649ee8de3c426002eb7f17d9794440fe2e31b209616e1890da1895,r,zig,PASS,PASS,PASS,PASS,PASS,FAIL,SKIP,SKIP,SKIP,compatibility-runtime,
b031f15b24649ee8de3c426002eb7f17d9794440fe2e31b209616e1890da1895,r,julia,PASS,PASS,PASS,PASS,PASS,PASS,SKIP,SKIP,SKIP,compatibility-runtime,
b031f15b24649ee8de3c426002eb7f17d9794440fe2e31b209616e1890da1895,r,nim,PASS,PASS,PASS,PASS,PASS,FAIL,SKIP,SKIP,SKIP,compatibility-runtime,
b031f15b24649ee8de3c426002eb7f17d9794440fe2e31b209616e1890da1895,r,csharp,PASS,PASS,PASS,PASS,PASS,PASS,SKIP,SKIP,SKIP,compatibility-runtime,
b031f15b24649ee8de3c426002eb7f17d9794440fe2e31b209616e1890da1895,r,java,PASS,PASS,PASS,PASS,PASS,PASS,SKIP,SKIP,SKIP,compatibility-runtime,
b031f15b24649ee8de3c426002eb7f17d9794440fe2e31b209616e1890da1895,r,kotlin,PASS,PASS,PASS,PASS,PASS,PASS,SKIP,SKIP,SKIP,compatibility-runtime,
b031f15b24649ee8de3c426002eb7f17d9794440fe2e31b209616e1890da1895,r,swift,PASS,PASS,PASS,PASS,PASS,PASS,SKIP,SKIP,SKIP,compatibility-runtime,
b2115b0f50d69eb618db8042d7953acc3fece5a5cc15bab8142c18ee6f018757,r,r,FAIL,FAIL,SKIP,SKIP,SKIP,SKIP,SKIP,SKIP,SKIP,DIRECT,RUNTIME_ROUTE_FAILED (stage=runtime)
b2115b0f50d69eb618db8042d7953acc3fece5a5cc15bab8142c18ee6f018757,r,go,PASS,PASS,PASS,PASS,PASS,PASS,SKIP,SKIP,SKIP,compatibility-runtime,
b2115b0f50d69eb618db8042d7953acc3fece5a5cc15bab8142c18ee6f018757,r,rust,PASS,PASS,PASS,PASS,PASS,PASS,SKIP,SKIP,SKIP,compatibility-runtime,
b2115b0f50d69eb618db8042d7953acc3fece5a5cc15bab8142c18ee6f018757,r,cpp,PASS,PASS,PASS,PASS,PASS,FAIL,SKIP,SKIP,SKIP,compatibility-runtime,
b2115b0f50d69eb618db8042d7953acc3fece5a5cc15bab8142c18ee6f018757,r,c,PASS,PASS,PASS,PASS,PASS,FAIL,SKIP,SKIP,SKIP,compatibility-runtime,
b2115b0f50d69eb618db8042d7953acc3fece5a5cc15bab8142c18ee6f018757,r,python,PASS,PASS,PASS,PASS,PASS,PASS,SKIP,SKIP,SKIP,compatibility-runtime,
b2115b0f50d69eb618db8042d7953acc3fece5a5cc15bab8142c18ee6f018757,r,zig,PASS,PASS,PASS,PASS,PASS,FAIL,SKIP,SKIP,SKIP,compatibility-runtime,
b2115b0f50d69eb618db8042d7953acc3fece5a5cc15bab8142c18ee6f018757,r,julia,PASS,PASS,PASS,PASS,PASS,PASS,SKIP,SKIP,SKIP,compatibility-runtime,
b2115b0f50d69eb618db8042d7953acc3fece5a5cc15bab8142c18ee6f018757,r,nim,PASS,PASS,PASS,PASS,PASS,FAIL,SKIP,SKIP,SKIP,compatibility-runtime,
b2115b0f50d69eb618db8042d7953acc3fece5a5cc15bab8142c18ee6f018757,r,csharp,PASS,PASS,PASS,PASS,PASS,PASS,SKIP,SKIP,SKIP,compatibility-runtime,
b2115b0f50d69eb618db8042d7953acc3fece5a5cc15bab8142c18ee6f018757,r,java,PASS,PASS,PASS,PASS,PASS,PASS,SKIP,SKIP,SKIP,compatibility-runtime,
b2115b0f50d69eb618db8042d7953acc3fece5a5cc15bab8142c18ee6f018757,r,kotlin,PASS,PASS,PASS,PASS,PASS,PASS,SKIP,SKIP,SKIP,compatibility-runtime,
b2115b0f50d69eb618db8042d7953acc3fece5a5cc15bab8142c18ee6f018757,r,swift,PASS,PASS,PASS,PASS,PASS,PASS,SKIP,SKIP,SKIP,compatibility-runtime,
505556b8587404c56e2390cddd57bdf6cd11968572a8b4b8279974161d34a202,r,r,FAIL,FAIL,SKIP,SKIP,SKIP,SKIP,SKIP,SKIP,SKIP,DIRECT,RUNTIME_ROUTE_FAILED (stage=runtime)
505556b8587404c56e2390cddd57bdf6cd11968572a8b4b8279974161d34a202,r,go,PASS,PASS,PASS,PASS,PASS,PASS,SKIP,SKIP,SKIP,compatibility-runtime,
505556b8587404c56e2390cddd57bdf6cd11968572a8b4b8279974161d34a202,r,rust,PASS,PASS,PASS,PASS,PASS,PASS,SKIP,SKIP,SKIP,compatibility-runtime,
505556b8587404c56e2390cddd57bdf6cd11968572a8b4b8279974161d34a202,r,cpp,PASS,PASS,PASS,PASS,PASS,FAIL,SKIP,SKIP,SKIP,compatibility-runtime,
505556b8587404c56e2390cddd57bdf6cd11968572a8b4b8279974161d34a202,r,c,PASS,PASS,PASS,PASS,PASS,FAIL,SKIP,SKIP,SKIP,compatibility-runtime,
505556b8587404c56e2390cddd57bdf6cd11968572a8b4b8279974161d34a202,r,python,PASS,PASS,PASS,PASS,PASS,PASS,SKIP,SKIP,SKIP,compatibility-runtime,
505556b8587404c56e2390cddd57bdf6cd11968572a8b4b8279974161d34a202,r,zig,PASS,PASS,PASS,PASS,PASS,FAIL,SKIP,SKIP,SKIP,compatibility-runtime,
505556b8587404c56e2390cddd57bdf6cd11968572a8b4b8279974161d34a202,r,julia,PASS,PASS,PASS,PASS,PASS,PASS,SKIP,SKIP,SKIP,compatibility-runtime,
505556b8587404c56e2390cddd57bdf6cd11968572a8b4b8279974161d34a202,r,nim,PASS,PASS,PASS,PASS,PASS,FAIL,SKIP,SKIP,SKIP,compatibility-runtime,
505556b8587404c56e2390cddd57bdf6cd11968572a8b4b8279974161d34a202,r,csharp,PASS,PASS,PASS,PASS,PASS,PASS,SKIP,SKIP,SKIP,compatibility-runtime,
505556b8587404c56e2390cddd57bdf6cd11968572a8b4b8279974161d34a202,r,java,PASS,PASS,PASS,PASS,PASS,PASS,SKIP,SKIP,SKIP,compatibility-runtime,
505556b8587404c56e2390cddd57bdf6cd11968572a8b4b8279974161d34a202,r,kotlin,PASS,PASS,PASS,PASS,PASS,PASS,SKIP,SKIP,SKIP,compatibility-runtime,
505556b8587404c56e2390cddd57bdf6cd11968572a8b4b8279974161d34a202,r,swift,PASS,PASS,PASS,PASS,PASS,PASS,SKIP,SKIP,SKIP,compatibility-runtime,
d402bf1504f322ada2b86883dd321ec91e80715f2a5a6e489bcc6b7e9a8c08ff,r,r,FAIL,FAIL,SKIP,SKIP,SKIP,SKIP,SKIP,SKIP,SKIP,DIRECT,RUNTIME_ROUTE_FAILED (stage=runtime)
d402bf1504f322ada2b86883dd321ec91e80715f2a5a6e489bcc6b7e9a8c08ff,r,go,PASS,PASS,PASS,PASS,PASS,PASS,SKIP,SKIP,SKIP,compatibility-runtime,
d402bf1504f322ada2b86883dd321ec91e80715f2a5a6e489bcc6b7e9a8c08ff,r,rust,PASS,PASS,PASS,PASS,PASS,PASS,SKIP,SKIP,SKIP,compatibility-runtime,
d402bf1504f322ada2b86883dd321ec91e80715f2a5a6e489bcc6b7e9a8c08ff,r,cpp,PASS,PASS,PASS,PASS,PASS,FAIL,SKIP,SKIP,SKIP,compatibility-runtime,
d402bf1504f322ada2b86883dd321ec91e80715f2a5a6e489bcc6b7e9a8c08ff,r,c,PASS,PASS,PASS,PASS,PASS,FAIL,SKIP,SKIP,SKIP,compatibility-runtime,
d402bf1504f322ada2b86883dd321ec91e80715f2a5a6e489bcc6b7e9a8c08ff,r,python,PASS,PASS,PASS,PASS,PASS,PASS,SKIP,SKIP,SKIP,compatibility-runtime,
d402bf1504f322ada2b86883dd321ec91e80715f2a5a6e489bcc6b7e9a8c08ff,r,zig,PASS,PASS,PASS,PASS,PASS,FAIL,SKIP,SKIP,SKIP,compatibility-runtime,
d402bf1504f322ada2b86883dd321ec91e80715f2a5a6e489bcc6b7e9a8c08ff,r,julia,PASS,PASS,PASS,PASS,PASS,PASS,SKIP,SKIP,SKIP,compatibility-runtime,
d402bf1504f322ada2b86883dd321ec91e80715f2a5a6e489bcc6b7e9a8c08ff,r,nim,PASS,PASS,PASS,PASS,PASS,FAIL,SKIP,SKIP,SKIP,compatibility-runtime,
d402bf1504f322ada2b86883dd321ec91e80715f2a5a6e489bcc6b7e9a8c08ff,r,csharp,PASS,PASS,PASS,PASS,PASS,PASS,SKIP,SKIP,SKIP,compatibility-runtime,
d402bf1504f322ada2b86883dd321ec91e80715f2a5a6e489bcc6b7e9a8c08ff,r,java,PASS,PASS,PASS,PASS,PASS,PASS,SKIP,SKIP,SKIP,compatibility-runtime,
d402bf1504f322ada2b86883dd321ec91e80715f2a5a6e489bcc6b7e9a8c08ff,r,kotlin,PASS,PASS,PASS,PASS,PASS,PASS,SKIP,SKIP,SKIP,compatibility-runtime,
d402bf1504f322ada2b86883dd321ec91e80715f2a5a6e489bcc6b7e9a8c08ff,r,swift,PASS,PASS,PASS,PASS,PASS,PASS,SKIP,SKIP,SKIP,compatibility-runtime,
2f4f1d5c6cbbf268cf71b4be368ab09e3c49a45e2b4348f098cae2a41b7e6766,r,r,FAIL,FAIL,SKIP,SKIP,SKIP,SKIP,SKIP,SKIP,SKIP,DIRECT,RUNTIME_ROUTE_FAILED (stage=runtime)
2f4f1d5c6cbbf268cf71b4be368ab09e3c49a45e2b4348f098cae2a41b7e6766,r,go,PASS,PASS,PASS,PASS,PASS,PASS,SKIP,SKIP,SKIP,compatibility-runtime,
2f4f1d5c6cbbf268cf71b4be368ab09e3c49a45e2b4348f098cae2a41b7e6766,r,rust,PASS,PASS,PASS,PASS,PASS,PASS,SKIP,SKIP,SKIP,compatibility-runtime,
2f4f1d5c6cbbf268cf71b4be368ab09e3c49a45e2b4348f098cae2a41b7e6766,r,cpp,PASS,PASS,PASS,PASS,PASS,FAIL,SKIP,SKIP,SKIP,compatibility-runtime,
2f4f1d5c6cbbf268cf71b4be368ab09e3c49a45e2b4348f098cae2a41b7e6766,r,c,PASS,PASS,PASS,PASS,PASS,FAIL,SKIP,SKIP,SKIP,compatibility-runtime,
2f4f1d5c6cbbf268cf71b4be368ab09e3c49a45e2b4348f098cae2a41b7e6766,r,python,PASS,PASS,PASS,PASS,PASS,PASS,SKIP,SKIP,SKIP,compatibility-runtime,
2f4f1d5c6cbbf268cf71b4be368ab09e3c49a45e2b4348f098cae2a41b7e6766,r,zig,PASS,PASS,PASS,PASS,PASS,FAIL,SKIP,SKIP,SKIP,compatibility-runtime,
2f4f1d5c6cbbf268cf71b4be368ab09e3c49a45e2b4348f098cae2a41b7e6766,r,julia,PASS,PASS,PASS,PASS,PASS,PASS,SKIP,SKIP,SKIP,compatibility-runtime,
2f4f1d5c6cbbf268cf71b4be368ab09e3c49a45e2b4348f098cae2a41b7e6766,r,nim,PASS,PASS,PASS,PASS,PASS,FAIL,SKIP,SKIP,SKIP,compatibility-runtime,
2f4f1d5c6cbbf268cf71b4be368ab09e3c49a45e2b4348f098cae2a41b7e6766,r,csharp,PASS,PASS,PASS,PASS,PASS,PASS,SKIP,SKIP,SKIP,compatibility-runtime,
2f4f1d5c6cbbf268cf71b4be368ab09e3c49a45e2b4348f098cae2a41b7e6766,r,java,PASS,PASS,PASS,PASS,PASS,PASS,SKIP,SKIP,SKIP,compatibility-runtime,
2f4f1d5c6cbbf268cf71b4be368ab09e3c49a45e2b4348f098cae2a41b7e6766,r,kotlin,PASS,PASS,PASS,PASS,PASS,PASS,SKIP,SKIP,SKIP,compatibility-runtime,
2f4f1d5c6cbbf268cf71b4be368ab09e3c49a45e2b4348f098cae2a41b7e6766,r,swift,PASS,PASS,PASS,PASS,PASS,PASS,SKIP,SKIP,SKIP,compatibility-runtime,
ec97418fd033128d8523bacf8939da0f4fa8a416333f16391d445aa958d717e8,r,r,FAIL,FAIL,SKIP,SKIP,SKIP,SKIP,SKIP,SKIP,SKIP,DIRECT,FRONTEND_PARSE_BUG (stage=frontend)
ec97418fd033128d8523bacf8939da0f4fa8a416333f16391d445aa958d717e8,r,go,FAIL,FAIL,SKIP,SKIP,SKIP,SKIP,SKIP,SKIP,SKIP,DIRECT,FRONTEND_PARSE_BUG (stage=frontend)
ec97418fd033128d8523bacf8939da0f4fa8a416333f16391d445aa958d717e8,r,rust,FAIL,FAIL,SKIP,SKIP,SKIP,SKIP,SKIP,SKIP,SKIP,DIRECT,FRONTEND_PARSE_BUG (stage=frontend)
ec97418fd033128d8523bacf8939da0f4fa8a416333f16391d445aa958d717e8,r,cpp,FAIL,FAIL,SKIP,SKIP,SKIP,SKIP,SKIP,SKIP,SKIP,DIRECT,FRONTEND_PARSE_BUG (stage=frontend)
ec97418fd033128d8523bacf8939da0f4fa8a416333f16391d445aa958d717e8,r,c,FAIL,FAIL,SKIP,SKIP,SKIP,SKIP,SKIP,SKIP,SKIP,DIRECT,FRONTEND_PARSE_BUG (stage=frontend)
ec97418fd033128d8523bacf8939da0f4fa8a416333f16391d445aa958d717e8,r,python,FAIL,FAIL,SKIP,SKIP,SKIP,SKIP,SKIP,SKIP,SKIP,DIRECT,FRONTEND_PARSE_BUG (stage=frontend)
ec97418fd033128d8523bacf8939da0f4fa8a416333f16391d445aa958d717e8,r,zig,FAIL,FAIL,SKIP,SKIP,SKIP,SKIP,SKIP,SKIP,SKIP,DIRECT,FRONTEND_PARSE_BUG (stage=frontend)
ec97418fd033128d8523bacf8939da0f4fa8a416333f16391d445aa958d717e8,r,julia,FAIL,FAIL,SKIP,SKIP,SKIP,SKIP,SKIP,SKIP,SKIP,DIRECT,FRONTEND_PARSE_BUG (stage=frontend)
ec97418fd033128d8523bacf8939da0f4fa8a416333f16391d445aa958d717e8,r,nim,FAIL,FAIL,SKIP,SKIP,SKIP,SKIP,SKIP,SKIP,SKIP,DIRECT,FRONTEND_PARSE_BUG (stage=frontend)
ec97418fd033128d8523bacf8939da0f4fa8a416333f16391d445aa958d717e8,r,csharp,FAIL,FAIL,SKIP,SKIP,SKIP,SKIP,SKIP,SKIP,SKIP,DIRECT,FRONTEND_PARSE_BUG (stage=frontend)
ec97418fd033128d8523bacf8939da0f4fa8a416333f16391d445aa958d717e8,r,java,FAIL,FAIL,SKIP,SKIP,SKIP,SKIP,SKIP,SKIP,SKIP,DIRECT,FRONTEND_PARSE_BUG (stage=frontend)
ec97418fd033128d8523bacf8939da0f4fa8a416333f16391d445aa958d717e8,r,kotlin,FAIL,FAIL,SKIP,SKIP,SKIP,SKIP,SKIP,SKIP,SKIP,DIRECT,FRONTEND_PARSE_BUG (stage=frontend)
ec97418fd033128d8523bacf8939da0f4fa8a416333f16391d445aa958d717e8,r,swift,FAIL,FAIL,SKIP,SKIP,SKIP,SKIP,SKIP,SKIP,SKIP,DIRECT,FRONTEND_PARSE_BUG (stage=frontend)
9acab53faaaf9bcef654ade8ff8ec96c9a1e7ce971072ff0e86e565a8aa7f66c,r,r,FAIL,FAIL,SKIP,SKIP,SKIP,SKIP,SKIP,SKIP,SKIP,DIRECT,FRONTEND_PARSE_BUG (stage=frontend)
9acab53faaaf9bcef654ade8ff8ec96c9a1e7ce971072ff0e86e565a8aa7f66c,r,go,FAIL,FAIL,SKIP,SKIP,SKIP,SKIP,SKIP,SKIP,SKIP,DIRECT,FRONTEND_PARSE_BUG (stage=frontend)
9acab53faaaf9bcef654ade8ff8ec96c9a1e7ce971072ff0e86e565a8aa7f66c,r,rust,FAIL,FAIL,SKIP,SKIP,SKIP,SKIP,SKIP,SKIP,SKIP,DIRECT,FRONTEND_PARSE_BUG (stage=frontend)
9acab53faaaf9bcef654ade8ff8ec96c9a1e7ce971072ff0e86e565a8aa7f66c,r,cpp,FAIL,FAIL,SKIP,SKIP,SKIP,SKIP,SKIP,SKIP,SKIP,DIRECT,FRONTEND_PARSE_BUG (stage=frontend)
9acab53faaaf9bcef654ade8ff8ec96c9a1e7ce971072ff0e86e565a8aa7f66c,r,c,FAIL,FAIL,SKIP,SKIP,SKIP,SKIP,SKIP,SKIP,SKIP,DIRECT,FRONTEND_PARSE_BUG (stage=frontend)
9acab53faaaf9bcef654ade8ff8ec96c9a1e7ce971072ff0e86e565a8aa7f66c,r,python,FAIL,FAIL,SKIP,SKIP,SKIP,SKIP,SKIP,SKIP,SKIP,DIRECT,FRONTEND_PARSE_BUG (stage=frontend)
9acab53faaaf9bcef654ade8ff8ec96c9a1e7ce971072ff0e86e565a8aa7f66c,r,zig,FAIL,FAIL,SKIP,SKIP,SKIP,SKIP,SKIP,SKIP,SKIP,DIRECT,FRONTEND_PARSE_BUG (stage=frontend)
9acab53faaaf9bcef654ade8ff8ec96c9a1e7ce971072ff0e86e565a8aa7f66c,r,julia,FAIL,FAIL,SKIP,SKIP,SKIP,SKIP,SKIP,SKIP,SKIP,DIRECT,FRONTEND_PARSE_BUG (stage=frontend)
9acab53faaaf9bcef654ade8ff8ec96c9a1e7ce971072ff0e86e565a8aa7f66c,r,nim,FAIL,FAIL,SKIP,SKIP,SKIP,SKIP,SKIP,SKIP,SKIP,DIRECT,FRONTEND_PARSE_BUG (stage=frontend)
9acab53faaaf9bcef654ade8ff8ec96c9a1e7ce971072ff0e86e565a8aa7f66c,r,csharp,FAIL,FAIL,SKIP,SKIP,SKIP,SKIP,SKIP,SKIP,SKIP,DIRECT,FRONTEND_PARSE_BUG (stage=frontend)
9acab53faaaf9bcef654ade8ff8ec96c9a1e7ce971072ff0e86e565a8aa7f66c,r,java,FAIL,FAIL,SKIP,SKIP,SKIP,SKIP,SKIP,SKIP,SKIP,DIRECT,FRONTEND_PARSE_BUG (stage=frontend)
9acab53faaaf9bcef654ade8ff8ec96c9a1e7ce971072ff0e86e565a8aa7f66c,r,kotlin,FAIL,FAIL,SKIP,SKIP,SKIP,SKIP,SKIP,SKIP,SKIP,DIRECT,FRONTEND_PARSE_BUG (stage=frontend)
9acab53faaaf9bcef654ade8ff8ec96c9a1e7ce971072ff0e86e565a8aa7f66c,r,swift,FAIL,FAIL,SKIP,SKIP,SKIP,SKIP,SKIP,SKIP,SKIP,DIRECT,FRONTEND_PARSE_BUG (stage=frontend)
d565d345a5245d247325d94d12242711bb9af24bb03dec4ac781c0b4ac35b2c7,r,r,FAIL,FAIL,SKIP,SKIP,SKIP,SKIP,SKIP,SKIP,SKIP,DIRECT,RUNTIME_ROUTE_FAILED (stage=runtime)
d565d345a5245d247325d94d12242711bb9af24bb03dec4ac781c0b4ac35b2c7,r,go,PASS,PASS,PASS,PASS,PASS,PASS,SKIP,SKIP,SKIP,compatibility-runtime,
d565d345a5245d247325d94d12242711bb9af24bb03dec4ac781c0b4ac35b2c7,r,rust,PASS,PASS,PASS,PASS,PASS,PASS,SKIP,SKIP,SKIP,compatibility-runtime,
d565d345a5245d247325d94d12242711bb9af24bb03dec4ac781c0b4ac35b2c7,r,cpp,PASS,PASS,PASS,PASS,PASS,FAIL,SKIP,SKIP,SKIP,compatibility-runtime,
d565d345a5245d247325d94d12242711bb9af24bb03dec4ac781c0b4ac35b2c7,r,c,PASS,PASS,PASS,PASS,PASS,FAIL,SKIP,SKIP,SKIP,compatibility-runtime,
d565d345a5245d247325d94d12242711bb9af24bb03dec4ac781c0b4ac35b2c7,r,python,PASS,PASS,PASS,PASS,PASS,PASS,SKIP,SKIP,SKIP,compatibility-runtime,
d565d345a5245d247325d94d12242711bb9af24bb03dec4ac781c0b4ac35b2c7,r,zig,PASS,PASS,PASS,PASS,PASS,FAIL,SKIP,SKIP,SKIP,compatibility-runtime,
d565d345a5245d247325d94d12242711bb9af24bb03dec4ac781c0b4ac35b2c7,r,julia,PASS,PASS,PASS,PASS,PASS,PASS,SKIP,SKIP,SKIP,compatibility-runtime,
d565d345a5245d247325d94d12242711bb9af24bb03dec4ac781c0b4ac35b2c7,r,nim,PASS,PASS,PASS,PASS,PASS,FAIL,SKIP,SKIP,SKIP,compatibility-runtime,
d565d345a5245d247325d94d12242711bb9af24bb03dec4ac781c0b4ac35b2c7,r,csharp,PASS,PASS,PASS,PASS,PASS,PASS,SKIP,SKIP,SKIP,compatibility-runtime,
d565d345a5245d247325d94d12242711bb9af24bb03dec4ac781c0b4ac35b2c7,r,java,PASS,PASS,PASS,PASS,PASS,PASS,SKIP,SKIP,SKIP,compatibility-runtime,
d565d345a5245d247325d94d12242711bb9af24bb03dec4ac781c0b4ac35b2c7,r,kotlin,PASS,PASS,PASS,PASS,PASS,PASS,SKIP,SKIP,SKIP,compatibility-runtime,
d565d345a5245d247325d94d12242711bb9af24bb03dec4ac781c0b4ac35b2c7,r,swift,PASS,PASS,PASS,PASS,PASS,PASS,SKIP,SKIP,SKIP,compatibility-runtime,
56f77c7b588b97b73f1d7fa9fff0c6f49c912f655b55917b266e13c44e4cedc2,r,r,FAIL,FAIL,SKIP,SKIP,SKIP,SKIP,SKIP,SKIP,SKIP,DIRECT,RUNTIME_ROUTE_FAILED (stage=runtime)
56f77c7b588b97b73f1d7fa9fff0c6f49c912f655b55917b266e13c44e4cedc2,r,go,PASS,PASS,PASS,PASS,PASS,FAIL,SKIP,SKIP,SKIP,compatibility-runtime,
56f77c7b588b97b73f1d7fa9fff0c6f49c912f655b55917b266e13c44e4cedc2,r,rust,PASS,PASS,PASS,PASS,PASS,PASS,SKIP,SKIP,SKIP,compatibility-runtime,
56f77c7b588b97b73f1d7fa9fff0c6f49c912f655b55917b266e13c44e4cedc2,r,cpp,PASS,PASS,PASS,PASS,PASS,FAIL,SKIP,SKIP,SKIP,compatibility-runtime,
56f77c7b588b97b73f1d7fa9fff0c6f49c912f655b55917b266e13c44e4cedc2,r,c,PASS,PASS,PASS,PASS,PASS,FAIL,SKIP,SKIP,SKIP,compatibility-runtime,
56f77c7b588b97b73f1d7fa9fff0c6f49c912f655b55917b266e13c44e4cedc2,r,python,PASS,PASS,PASS,PASS,PASS,PASS,SKIP,SKIP,SKIP,compatibility-runtime,
56f77c7b588b97b73f1d7fa9fff0c6f49c912f655b55917b266e13c44e4cedc2,r,zig,PASS,PASS,PASS,PASS,PASS,FAIL,SKIP,SKIP,SKIP,compatibility-runtime,
56f77c7b588b97b73f1d7fa9fff0c6f49c912f655b55917b266e13c44e4cedc2,r,julia,PASS,PASS,PASS,PASS,PASS,PASS,SKIP,SKIP,SKIP,compatibility-runtime,
56f77c7b588b97b73f1d7fa9fff0c6f49c912f655b55917b266e13c44e4cedc2,r,nim,PASS,PASS,PASS,PASS,PASS,FAIL,SKIP,SKIP,SKIP,compatibility-runtime,
56f77c7b588b97b73f1d7fa9fff0c6f49c912f655b55917b266e13c44e4cedc2,r,csharp,PASS,PASS,PASS,PASS,PASS,FAIL,SKIP,SKIP,SKIP,compatibility-runtime,
56f77c7b588b97b73f1d7fa9fff0c6f49c912f655b55917b266e13c44e4cedc2,r,java,PASS,PASS,PASS,PASS,PASS,FAIL,SKIP,SKIP,SKIP,compatibility-runtime,
56f77c7b588b97b73f1d7fa9fff0c6f49c912f655b55917b266e13c44e4cedc2,r,kotlin,PASS,PASS,PASS,PASS,PASS,PASS,SKIP,SKIP,SKIP,compatibility-runtime,
56f77c7b588b97b73f1d7fa9fff0c6f49c912f655b55917b266e13c44e4cedc2,r,swift,PASS,PASS,PASS,PASS,PASS,FAIL,SKIP,SKIP,SKIP,compatibility-runtime,
d5113e24bf27dededf1dead5bcc23410cedcfb802c06661409f0e14bec5bc43c,r,r,FAIL,FAIL,SKIP,SKIP,SKIP,SKIP,SKIP,SKIP,SKIP,DIRECT,RUNTIME_ROUTE_FAILED (stage=runtime)
d5113e24bf27dededf1dead5bcc23410cedcfb802c06661409f0e14bec5bc43c,r,go,PASS,PASS,PASS,PASS,PASS,PASS,SKIP,SKIP,SKIP,compatibility-runtime,
d5113e24bf27dededf1dead5bcc23410cedcfb802c06661409f0e14bec5bc43c,r,rust,PASS,PASS,PASS,PASS,PASS,PASS,SKIP,SKIP,SKIP,compatibility-runtime,
d5113e24bf27dededf1dead5bcc23410cedcfb802c06661409f0e14bec5bc43c,r,cpp,PASS,PASS,PASS,PASS,PASS,FAIL,SKIP,SKIP,SKIP,compatibility-runtime,
d5113e24bf27dededf1dead5bcc23410cedcfb802c06661409f0e14bec5bc43c,r,c,PASS,PASS,PASS,PASS,PASS,FAIL,SKIP,SKIP,SKIP,compatibility-runtime,
d5113e24bf27dededf1dead5bcc23410cedcfb802c06661409f0e14bec5bc43c,r,python,PASS,PASS,PASS,PASS,PASS,PASS,SKIP,SKIP,SKIP,compatibility-runtime,
d5113e24bf27dededf1dead5bcc23410cedcfb802c06661409f0e14bec5bc43c,r,zig,PASS,PASS,PASS,PASS,PASS,FAIL,SKIP,SKIP,SKIP,compatibility-runtime,
d5113e24bf27dededf1dead5bcc23410cedcfb802c06661409f0e14bec5bc43c,r,julia,PASS,PASS,PASS,PASS,PASS,PASS,SKIP,SKIP,SKIP,compatibility-runtime,
d5113e24bf27dededf1dead5bcc23410cedcfb802c06661409f0e14bec5bc43c,r,nim,PASS,PASS,PASS,PASS,PASS,FAIL,SKIP,SKIP,SKIP,compatibility-runtime,
d5113e24bf27dededf1dead5bcc23410cedcfb802c06661409f0e14bec5bc43c,r,csharp,PASS,PASS,PASS,PASS,PASS,PASS,SKIP,SKIP,SKIP,compatibility-runtime,
d5113e24bf27dededf1dead5bcc23410cedcfb802c06661409f0e14bec5bc43c,r,java,PASS,PASS,PASS,PASS,PASS,PASS,SKIP,SKIP,SKIP,compatibility-runtime,
d5113e24bf27dededf1dead5bcc23410cedcfb802c06661409f0e14bec5bc43c,r,kotlin,PASS,PASS,PASS,PASS,PASS,PASS,SKIP,SKIP,SKIP,compatibility-runtime,
d5113e24bf27dededf1dead5bcc23410cedcfb802c06661409f0e14bec5bc43c,r,swift,PASS,PASS,PASS,PASS,PASS,PASS,SKIP,SKIP,SKIP,compatibility-runtime,
9a257df0361909946d9648e7bf9e64dd8842e8605b49b2b594169fa2194533b3,r,r,FAIL,FAIL,SKIP,SKIP,SKIP,SKIP,SKIP,SKIP,SKIP,DIRECT,FRONTEND_PARSE_BUG (stage=frontend)
9a257df0361909946d9648e7bf9e64dd8842e8605b49b2b594169fa2194533b3,r,go,FAIL,FAIL,SKIP,SKIP,SKIP,SKIP,SKIP,SKIP,SKIP,DIRECT,FRONTEND_PARSE_BUG (stage=frontend)
9a257df0361909946d9648e7bf9e64dd8842e8605b49b2b594169fa2194533b3,r,rust,FAIL,FAIL,SKIP,SKIP,SKIP,SKIP,SKIP,SKIP,SKIP,DIRECT,FRONTEND_PARSE_BUG (stage=frontend)
9a257df0361909946d9648e7bf9e64dd8842e8605b49b2b594169fa2194533b3,r,cpp,FAIL,FAIL,SKIP,SKIP,SKIP,SKIP,SKIP,SKIP,SKIP,DIRECT,FRONTEND_PARSE_BUG (stage=frontend)
9a257df0361909946d9648e7bf9e64dd8842e8605b49b2b594169fa2194533b3,r,c,FAIL,FAIL,SKIP,SKIP,SKIP,SKIP,SKIP,SKIP,SKIP,DIRECT,FRONTEND_PARSE_BUG (stage=frontend)
9a257df0361909946d9648e7bf9e64dd8842e8605b49b2b594169fa2194533b3,r,python,FAIL,FAIL,SKIP,SKIP,SKIP,SKIP,SKIP,SKIP,SKIP,DIRECT,FRONTEND_PARSE_BUG (stage=frontend)
9a257df0361909946d9648e7bf9e64dd8842e8605b49b2b594169fa2194533b3,r,zig,FAIL,FAIL,SKIP,SKIP,SKIP,SKIP,SKIP,SKIP,SKIP,DIRECT,FRONTEND_PARSE_BUG (stage=frontend)
9a257df0361909946d9648e7bf9e64dd8842e8605b49b2b594169fa2194533b3,r,julia,FAIL,FAIL,SKIP,SKIP,SKIP,SKIP,SKIP,SKIP,SKIP,DIRECT,FRONTEND_PARSE_BUG (stage=frontend)
9a257df0361909946d9648e7bf9e64dd8842e8605b49b2b594169fa2194533b3,r,nim,FAIL,FAIL,SKIP,SKIP,SKIP,SKIP,SKIP,SKIP,SKIP,DIRECT,FRONTEND_PARSE_BUG (stage=frontend)
9a257df0361909946d9648e7bf9e64dd8842e8605b49b2b594169fa2194533b3,r,csharp,FAIL,FAIL,SKIP,SKIP,SKIP,SKIP,SKIP,SKIP,SKIP,DIRECT,FRONTEND_PARSE_BUG (stage=frontend)
9a257df0361909946d9648e7bf9e64dd8842e8605b49b2b594169fa2194533b3,r,java,FAIL,FAIL,SKIP,SKIP,SKIP,SKIP,SKIP,SKIP,SKIP,DIRECT,FRONTEND_PARSE_BUG (stage=frontend)
9a257df0361909946d9648e7bf9e64dd8842e8605b49b2b594169fa2194533b3,r,kotlin,FAIL,FAIL,SKIP,SKIP,SKIP,SKIP,SKIP,SKIP,SKIP,DIRECT,FRONTEND_PARSE_BUG (stage=frontend)
9a257df0361909946d9648e7bf9e64dd8842e8605b49b2b594169fa2194533b3,r,swift,FAIL,FAIL,SKIP,SKIP,SKIP,SKIP,SKIP,SKIP,SKIP,DIRECT,FRONTEND_PARSE_BUG (stage=frontend)
2d37336fc3c88e4818513ffa406118ff76674a076356c5c44fb8c7e20dbfc29e,r,r,FAIL,FAIL,SKIP,SKIP,SKIP,SKIP,SKIP,SKIP,SKIP,DIRECT,FRONTEND_PARSE_BUG (stage=frontend)
2d37336fc3c88e4818513ffa406118ff76674a076356c5c44fb8c7e20dbfc29e,r,go,FAIL,FAIL,SKIP,SKIP,SKIP,SKIP,SKIP,SKIP,SKIP,DIRECT,FRONTEND_PARSE_BUG (stage=frontend)
2d37336fc3c88e4818513ffa406118ff76674a076356c5c44fb8c7e20dbfc29e,r,rust,FAIL,FAIL,SKIP,SKIP,SKIP,SKIP,SKIP,SKIP,SKIP,DIRECT,FRONTEND_PARSE_BUG (stage=frontend)
2d37336fc3c88e4818513ffa406118ff76674a076356c5c44fb8c7e20dbfc29e,r,cpp,FAIL,FAIL,SKIP,SKIP,SKIP,SKIP,SKIP,SKIP,SKIP,DIRECT,FRONTEND_PARSE_BUG (stage=frontend)
2d37336fc3c88e4818513ffa406118ff76674a076356c5c44fb8c7e20dbfc29e,r,c,FAIL,FAIL,SKIP,SKIP,SKIP,SKIP,SKIP,SKIP,SKIP,DIRECT,FRONTEND_PARSE_BUG (stage=frontend)
2d37336fc3c88e4818513ffa406118ff76674a076356c5c44fb8c7e20dbfc29e,r,python,FAIL,FAIL,SKIP,SKIP,SKIP,SKIP,SKIP,SKIP,SKIP,DIRECT,FRONTEND_PARSE_BUG (stage=frontend)
2d37336fc3c88e4818513ffa406118ff76674a076356c5c44fb8c7e20dbfc29e,r,zig,FAIL,FAIL,SKIP,SKIP,SKIP,SKIP,SKIP,SKIP,SKIP,DIRECT,FRONTEND_PARSE_BUG (stage=frontend)
2d37336fc3c88e4818513ffa406118ff76674a076356c5c44fb8c7e20dbfc29e,r,julia,FAIL,FAIL,SKIP,SKIP,SKIP,SKIP,SKIP,SKIP,SKIP,DIRECT,FRONTEND_PARSE_BUG (stage=frontend)
2d37336fc3c88e4818513ffa406118ff76674a076356c5c44fb8c7e20dbfc29e,r,nim,FAIL,FAIL,SKIP,SKIP,SKIP,SKIP,SKIP,SKIP,SKIP,DIRECT,FRONTEND_PARSE_BUG (stage=frontend)
2d37336fc3c88e4818513ffa406118ff76674a076356c5c44fb8c7e20dbfc29e,r,csharp,FAIL,FAIL,SKIP,SKIP,SKIP,SKIP,SKIP,SKIP,SKIP,DIRECT,FRONTEND_PARSE_BUG (stage=frontend)
2d37336fc3c88e4818513ffa406118ff76674a076356c5c44fb8c7e20dbfc29e,r,java,FAIL,FAIL,SKIP,SKIP,SKIP,SKIP,SKIP,SKIP,SKIP,DIRECT,FRONTEND_PARSE_BUG (stage=frontend)
2d37336fc3c88e4818513ffa406118ff76674a076356c5c44fb8c7e20dbfc29e,r,kotlin,FAIL,FAIL,SKIP,SKIP,SKIP,SKIP,SKIP,SKIP,SKIP,DIRECT,FRONTEND_PARSE_BUG (stage=frontend)
2d37336fc3c88e4818513ffa406118ff76674a076356c5c44fb8c7e20dbfc29e,r,swift,FAIL,FAIL,SKIP,SKIP,SKIP,SKIP,SKIP,SKIP,SKIP,DIRECT,FRONTEND_PARSE_BUG (stage=frontend)
3aa411ea0b0b82c7f4f52b2ecd13da1e7abc3535e9ad9f9aba5ca7a9f1a2e213,r,r,FAIL,FAIL,SKIP,SKIP,SKIP,SKIP,SKIP,SKIP,SKIP,DIRECT,FRONTEND_PARSE_BUG (stage=frontend)
3aa411ea0b0b82c7f4f52b2ecd13da1e7abc3535e9ad9f9aba5ca7a9f1a2e213,r,go,FAIL,FAIL,SKIP,SKIP,SKIP,SKIP,SKIP,SKIP,SKIP,DIRECT,FRONTEND_PARSE_BUG (stage=frontend)
3aa411ea0b0b82c7f4f52b2ecd13da1e7abc3535e9ad9f9aba5ca7a9f1a2e213,r,rust,FAIL,FAIL,SKIP,SKIP,SKIP,SKIP,SKIP,SKIP,SKIP,DIRECT,FRONTEND_PARSE_BUG (stage=frontend)
3aa411ea0b0b82c7f4f52b2ecd13da1e7abc3535e9ad9f9aba5ca7a9f1a2e213,r,cpp,FAIL,FAIL,SKIP,SKIP,SKIP,SKIP,SKIP,SKIP,SKIP,DIRECT,FRONTEND_PARSE_BUG (stage=frontend)
3aa411ea0b0b82c7f4f52b2ecd13da1e7abc3535e9ad9f9aba5ca7a9f1a2e213,r,c,FAIL,FAIL,SKIP,SKIP,SKIP,SKIP,SKIP,SKIP,SKIP,DIRECT,FRONTEND_PARSE_BUG (stage=frontend)
3aa411ea0b0b82c7f4f52b2ecd13da1e7abc3535e9ad9f9aba5ca7a9f1a2e213,r,python,FAIL,FAIL,SKIP,SKIP,SKIP,SKIP,SKIP,SKIP,SKIP,DIRECT,FRONTEND_PARSE_BUG (stage=frontend)
3aa411ea0b0b82c7f4f52b2ecd13da1e7abc3535e9ad9f9aba5ca7a9f1a2e213,r,zig,FAIL,FAIL,SKIP,SKIP,SKIP,SKIP,SKIP,SKIP,SKIP,DIRECT,FRONTEND_PARSE_BUG (stage=frontend)
3aa411ea0b0b82c7f4f52b2ecd13da1e7abc3535e9ad9f9aba5ca7a9f1a2e213,r,julia,FAIL,FAIL,SKIP,SKIP,SKIP,SKIP,SKIP,SKIP,SKIP,DIRECT,FRONTEND_PARSE_BUG (stage=frontend)
3aa411ea0b0b82c7f4f52b2ecd13da1e7abc3535e9ad9f9aba5ca7a9f1a2e213,r,nim,FAIL,FAIL,SKIP,SKIP,SKIP,SKIP,SKIP,SKIP,SKIP,DIRECT,FRONTEND_PARSE_BUG (stage=frontend)
3aa411ea0b0b82c7f4f52b2ecd13da1e7abc3535e9ad9f9aba5ca7a9f1a2e213,r,csharp,FAIL,FAIL,SKIP,SKIP,SKIP,SKIP,SKIP,SKIP,SKIP,DIRECT,FRONTEND_PARSE_BUG (stage=frontend)
3aa411ea0b0b82c7f4f52b2ecd13da1e7abc3535e9ad9f9aba5ca7a9f1a2e213,r,java,FAIL,FAIL,SKIP,SKIP,SKIP,SKIP,SKIP,SKIP,SKIP,DIRECT,FRONTEND_PARSE_BUG (stage=frontend)
3aa411ea0b0b82c7f4f52b2ecd13da1e7abc3535e9ad9f9aba5ca7a9f1a2e213,r,kotlin,FAIL,FAIL,SKIP,SKIP,SKIP,SKIP,SKIP,SKIP,SKIP,DIRECT,FRONTEND_PARSE_BUG (stage=frontend)
3aa411ea0b0b82c7f4f52b2ecd13da1e7abc3535e9ad9f9aba5ca7a9f1a2e213,r,swift,FAIL,FAIL,SKIP,SKIP,SKIP,SKIP,SKIP,SKIP,SKIP,DIRECT,FRONTEND_PARSE_BUG (stage=frontend)
7b52969e195cdfb8804e1b66e8833191d50b62e7650276be832e1f78a4760899,r,r,FAIL,FAIL,SKIP,SKIP,SKIP,SKIP,SKIP,SKIP,SKIP,DIRECT,RUNTIME_ROUTE_FAILED (stage=runtime)
7b52969e195cdfb8804e1b66e8833191d50b62e7650276be832e1f78a4760899,r,go,PASS,PASS,PASS,PASS,PASS,FAIL,SKIP,SKIP,SKIP,compatibility-runtime,
7b52969e195cdfb8804e1b66e8833191d50b62e7650276be832e1f78a4760899,r,rust,PASS,PASS,PASS,PASS,PASS,PASS,SKIP,SKIP,SKIP,compatibility-runtime,
7b52969e195cdfb8804e1b66e8833191d50b62e7650276be832e1f78a4760899,r,cpp,PASS,PASS,PASS,PASS,PASS,FAIL,SKIP,SKIP,SKIP,compatibility-runtime,
7b52969e195cdfb8804e1b66e8833191d50b62e7650276be832e1f78a4760899,r,c,PASS,PASS,PASS,PASS,PASS,FAIL,SKIP,SKIP,SKIP,compatibility-runtime,
7b52969e195cdfb8804e1b66e8833191d50b62e7650276be832e1f78a4760899,r,python,PASS,PASS,PASS,PASS,PASS,PASS,SKIP,SKIP,SKIP,compatibility-runtime,
7b52969e195cdfb8804e1b66e8833191d50b62e7650276be832e1f78a4760899,r,zig,PASS,PASS,PASS,PASS,PASS,FAIL,SKIP,SKIP,SKIP,compatibility-runtime,
7b52969e195cdfb8804e1b66e8833191d50b62e7650276be832e1f78a4760899,r,julia,PASS,PASS,PASS,PASS,PASS,PASS,SKIP,SKIP,SKIP,compatibility-runtime,
7b52969e195cdfb8804e1b66e8833191d50b62e7650276be832e1f78a4760899,r,nim,PASS,PASS,PASS,PASS,PASS,FAIL,SKIP,SKIP,SKIP,compatibility-runtime,
7b52969e195cdfb8804e1b66e8833191d50b62e7650276be832e1f78a4760899,r,csharp,PASS,PASS,PASS,PASS,PASS,FAIL,SKIP,SKIP,SKIP,compatibility-runtime,
7b52969e195cdfb8804e1b66e8833191d50b62e7650276be832e1f78a4760899,r,java,PASS,PASS,PASS,PASS,PASS,FAIL,SKIP,SKIP,SKIP,compatibility-runtime,
7b52969e195cdfb8804e1b66e8833191d50b62e7650276be832e1f78a4760899,r,kotlin,PASS,PASS,PASS,PASS,PASS,PASS,SKIP,SKIP,SKIP,compatibility-runtime,
7b52969e195cdfb8804e1b66e8833191d50b62e7650276be832e1f78a4760899,r,swift,PASS,PASS,PASS,PASS,PASS,PASS,SKIP,SKIP,SKIP,compatibility-runtime,
214d944d38d0e0e002289b8bf3d8b0d00efbdbb17f14cdc2670fa03bdb9b8b86,r,r,FAIL,FAIL,SKIP,SKIP,SKIP,SKIP,SKIP,SKIP,SKIP,DIRECT,FRONTEND_PARSE_BUG (stage=frontend)
214d944d38d0e0e002289b8bf3d8b0d00efbdbb17f14cdc2670fa03bdb9b8b86,r,go,FAIL,FAIL,SKIP,SKIP,SKIP,SKIP,SKIP,SKIP,SKIP,DIRECT,FRONTEND_PARSE_BUG (stage=frontend)
214d944d38d0e0e002289b8bf3d8b0d00efbdbb17f14cdc2670fa03bdb9b8b86,r,rust,FAIL,FAIL,SKIP,SKIP,SKIP,SKIP,SKIP,SKIP,SKIP,DIRECT,FRONTEND_PARSE_BUG (stage=frontend)
214d944d38d0e0e002289b8bf3d8b0d00efbdbb17f14cdc2670fa03bdb9b8b86,r,cpp,FAIL,FAIL,SKIP,SKIP,SKIP,SKIP,SKIP,SKIP,SKIP,DIRECT,FRONTEND_PARSE_BUG (stage=frontend)
214d944d38d0e0e002289b8bf3d8b0d00efbdbb17f14cdc2670fa03bdb9b8b86,r,c,FAIL,FAIL,SKIP,SKIP,SKIP,SKIP,SKIP,SKIP,SKIP,DIRECT,FRONTEND_PARSE_BUG (stage=frontend)
214d944d38d0e0e002289b8bf3d8b0d00efbdbb17f14cdc2670fa03bdb9b8b86,r,python,FAIL,FAIL,SKIP,SKIP,SKIP,SKIP,SKIP,SKIP,SKIP,DIRECT,FRONTEND_PARSE_BUG (stage=frontend)
214d944d38d0e0e002289b8bf3d8b0d00efbdbb17f14cdc2670fa03bdb9b8b86,r,zig,FAIL,FAIL,SKIP,SKIP,SKIP,SKIP,SKIP,SKIP,SKIP,DIRECT,FRONTEND_PARSE_BUG (stage=frontend)
214d944d38d0e0e002289b8bf3d8b0d00efbdbb17f14cdc2670fa03bdb9b8b86,r,julia,FAIL,FAIL,SKIP,SKIP,SKIP,SKIP,SKIP,SKIP,SKIP,DIRECT,FRONTEND_PARSE_BUG (stage=frontend)
214d944d38d0e0e002289b8bf3d8b0d00efbdbb17f14cdc2670fa03bdb9b8b86,r,nim,FAIL,FAIL,SKIP,SKIP,SKIP,SKIP,SKIP,SKIP,SKIP,DIRECT,FRONTEND_PARSE_BUG (stage=frontend)
214d944d38d0e0e002289b8bf3d8b0d00efbdbb17f14cdc2670fa03bdb9b8b86,r,csharp,FAIL,FAIL,SKIP,SKIP,SKIP,SKIP,SKIP,SKIP,SKIP,DIRECT,FRONTEND_PARSE_BUG (stage=frontend)
214d944d38d0e0e002289b8bf3d8b0d00efbdbb17f14cdc2670fa03bdb9b8b86,r,java,FAIL,FAIL,SKIP,SKIP,SKIP,SKIP,SKIP,SKIP,SKIP,DIRECT,FRONTEND_PARSE_BUG (stage=frontend)
214d944d38d0e0e002289b8bf3d8b0d00efbdbb17f14cdc2670fa03bdb9b8b86,r,kotlin,FAIL,FAIL,SKIP,SKIP,SKIP,SKIP,SKIP,SKIP,SKIP,DIRECT,FRONTEND_PARSE_BUG (stage=frontend)
214d944d38d0e0e002289b8bf3d8b0d00efbdbb17f14cdc2670fa03bdb9b8b86,r,swift,FAIL,FAIL,SKIP,SKIP,SKIP,SKIP,SKIP,SKIP,SKIP,DIRECT,FRONTEND_PARSE_BUG (stage=frontend)
6763415a84294040ed637e8ec9c06c5f039376ccd66f19655517a4f457ab0f3f,r,r,FAIL,FAIL,SKIP,SKIP,SKIP,SKIP,SKIP,SKIP,SKIP,DIRECT,FRONTEND_PARSE_BUG (stage=frontend)
6763415a84294040ed637e8ec9c06c5f039376ccd66f19655517a4f457ab0f3f,r,go,FAIL,FAIL,SKIP,SKIP,SKIP,SKIP,SKIP,SKIP,SKIP,DIRECT,FRONTEND_PARSE_BUG (stage=frontend)
6763415a84294040ed637e8ec9c06c5f039376ccd66f19655517a4f457ab0f3f,r,rust,FAIL,FAIL,SKIP,SKIP,SKIP,SKIP,SKIP,SKIP,SKIP,DIRECT,FRONTEND_PARSE_BUG (stage=frontend)
6763415a84294040ed637e8ec9c06c5f039376ccd66f19655517a4f457ab0f3f,r,cpp,FAIL,FAIL,SKIP,SKIP,SKIP,SKIP,SKIP,SKIP,SKIP,DIRECT,FRONTEND_PARSE_BUG (stage=frontend)
6763415a84294040ed637e8ec9c06c5f039376ccd66f19655517a4f457ab0f3f,r,c,FAIL,FAIL,SKIP,SKIP,SKIP,SKIP,SKIP,SKIP,SKIP,DIRECT,FRONTEND_PARSE_BUG (stage=frontend)
6763415a84294040ed637e8ec9c06c5f039376ccd66f19655517a4f457ab0f3f,r,python,FAIL,FAIL,SKIP,SKIP,SKIP,SKIP,SKIP,SKIP,SKIP,DIRECT,FRONTEND_PARSE_BUG (stage=frontend)
6763415a84294040ed637e8ec9c06c5f039376ccd66f19655517a4f457ab0f3f,r,zig,FAIL,FAIL,SKIP,SKIP,SKIP,SKIP,SKIP,SKIP,SKIP,DIRECT,FRONTEND_PARSE_BUG (stage=frontend)
6763415a84294040ed637e8ec9c06c5f039376ccd66f19655517a4f457ab0f3f,r,julia,FAIL,FAIL,SKIP,SKIP,SKIP,SKIP,SKIP,SKIP,SKIP,DIRECT,FRONTEND_PARSE_BUG (stage=frontend)
6763415a84294040ed637e8ec9c06c5f039376ccd66f19655517a4f457ab0f3f,r,nim,FAIL,FAIL,SKIP,SKIP,SKIP,SKIP,SKIP,SKIP,SKIP,DIRECT,FRONTEND_PARSE_BUG (stage=frontend)
6763415a84294040ed637e8ec9c06c5f039376ccd66f19655517a4f457ab0f3f,r,csharp,FAIL,FAIL,SKIP,SKIP,SKIP,SKIP,SKIP,SKIP,SKIP,DIRECT,FRONTEND_PARSE_BUG (stage=frontend)
6763415a84294040ed637e8ec9c06c5f039376ccd66f19655517a4f457ab0f3f,r,java,FAIL,FAIL,SKIP,SKIP,SKIP,SKIP,SKIP,SKIP,SKIP,DIRECT,FRONTEND_PARSE_BUG (stage=frontend)
6763415a84294040ed637e8ec9c06c5f039376ccd66f19655517a4f457ab0f3f,r,kotlin,FAIL,FAIL,SKIP,SKIP,SKIP,SKIP,SKIP,SKIP,SKIP,DIRECT,FRONTEND_PARSE_BUG (stage=frontend)
6763415a84294040ed637e8ec9c06c5f039376ccd66f19655517a4f457ab0f3f,r,swift,FAIL,FAIL,SKIP,SKIP,SKIP,SKIP,SKIP,SKIP,SKIP,DIRECT,FRONTEND_PARSE_BUG (stage=frontend)
99cd2a6515dd2e6715e1c33f2ab7c070b47b256865d8a2f81f28eb120d728254,r,r,FAIL,FAIL,SKIP,SKIP,SKIP,SKIP,SKIP,SKIP,SKIP,DIRECT,FRONTEND_PARSE_BUG (stage=frontend)
99cd2a6515dd2e6715e1c33f2ab7c070b47b256865d8a2f81f28eb120d728254,r,go,FAIL,FAIL,SKIP,SKIP,SKIP,SKIP,SKIP,SKIP,SKIP,DIRECT,FRONTEND_PARSE_BUG (stage=frontend)
99cd2a6515dd2e6715e1c33f2ab7c070b47b256865d8a2f81f28eb120d728254,r,rust,FAIL,FAIL,SKIP,SKIP,SKIP,SKIP,SKIP,SKIP,SKIP,DIRECT,FRONTEND_PARSE_BUG (stage=frontend)
99cd2a6515dd2e6715e1c33f2ab7c070b47b256865d8a2f81f28eb120d728254,r,cpp,FAIL,FAIL,SKIP,SKIP,SKIP,SKIP,SKIP,SKIP,SKIP,DIRECT,FRONTEND_PARSE_BUG (stage=frontend)
99cd2a6515dd2e6715e1c33f2ab7c070b47b256865d8a2f81f28eb120d728254,r,c,FAIL,FAIL,SKIP,SKIP,SKIP,SKIP,SKIP,SKIP,SKIP,DIRECT,FRONTEND_PARSE_BUG (stage=frontend)
99cd2a6515dd2e6715e1c33f2ab7c070b47b256865d8a2f81f28eb120d728254,r,python,FAIL,FAIL,SKIP,SKIP,SKIP,SKIP,SKIP,SKIP,SKIP,DIRECT,FRONTEND_PARSE_BUG (stage=frontend)
99cd2a6515dd2e6715e1c33f2ab7c070b47b256865d8a2f81f28eb120d728254,r,zig,FAIL,FAIL,SKIP,SKIP,SKIP,SKIP,SKIP,SKIP,SKIP,DIRECT,FRONTEND_PARSE_BUG (stage=frontend)
99cd2a6515dd2e6715e1c33f2ab7c070b47b256865d8a2f81f28eb120d728254,r,julia,FAIL,FAIL,SKIP,SKIP,SKIP,SKIP,SKIP,SKIP,SKIP,DIRECT,FRONTEND_PARSE_BUG (stage=frontend)
99cd2a6515dd2e6715e1c33f2ab7c070b47b256865d8a2f81f28eb120d728254,r,nim,FAIL,FAIL,SKIP,SKIP,SKIP,SKIP,SKIP,SKIP,SKIP,DIRECT,FRONTEND_PARSE_BUG (stage=frontend)
99cd2a6515dd2e6715e1c33f2ab7c070b47b256865d8a2f81f28eb120d728254,r,csharp,FAIL,FAIL,SKIP,SKIP,SKIP,SKIP,SKIP,SKIP,SKIP,DIRECT,FRONTEND_PARSE_BUG (stage=frontend)
99cd2a6515dd2e6715e1c33f2ab7c070b47b256865d8a2f81f28eb120d728254,r,java,FAIL,FAIL,SKIP,SKIP,SKIP,SKIP,SKIP,SKIP,SKIP,DIRECT,FRONTEND_PARSE_BUG (stage=frontend)
99cd2a6515dd2e6715e1c33f2ab7c070b47b256865d8a2f81f28eb120d728254,r,kotlin,FAIL,FAIL,SKIP,SKIP,SKIP,SKIP,SKIP,SKIP,SKIP,DIRECT,FRONTEND_PARSE_BUG (stage=frontend)
99cd2a6515dd2e6715e1c33f2ab7c070b47b256865d8a2f81f28eb120d728254,r,swift,FAIL,FAIL,SKIP,SKIP,SKIP,SKIP,SKIP,SKIP,SKIP,DIRECT,FRONTEND_PARSE_BUG (stage=frontend)
6c2c094b6785ba179cbc59668fed933d60946aa6c920c0d650f97b97899c73ab,r,r,FAIL,FAIL,SKIP,SKIP,SKIP,SKIP,SKIP,SKIP,SKIP,DIRECT,FRONTEND_PARSE_BUG (stage=frontend)
6c2c094b6785ba179cbc59668fed933d60946aa6c920c0d650f97b97899c73ab,r,go,FAIL,FAIL,SKIP,SKIP,SKIP,SKIP,SKIP,SKIP,SKIP,DIRECT,FRONTEND_PARSE_BUG (stage=frontend)
6c2c094b6785ba179cbc59668fed933d60946aa6c920c0d650f97b97899c73ab,r,rust,FAIL,FAIL,SKIP,SKIP,SKIP,SKIP,SKIP,SKIP,SKIP,DIRECT,FRONTEND_PARSE_BUG (stage=frontend)
6c2c094b6785ba179cbc59668fed933d60946aa6c920c0d650f97b97899c73ab,r,cpp,FAIL,FAIL,SKIP,SKIP,SKIP,SKIP,SKIP,SKIP,SKIP,DIRECT,FRONTEND_PARSE_BUG (stage=frontend)
6c2c094b6785ba179cbc59668fed933d60946aa6c920c0d650f97b97899c73ab,r,c,FAIL,FAIL,SKIP,SKIP,SKIP,SKIP,SKIP,SKIP,SKIP,DIRECT,FRONTEND_PARSE_BUG (stage=frontend)
6c2c094b6785ba179cbc59668fed933d60946aa6c920c0d650f97b97899c73ab,r,python,FAIL,FAIL,SKIP,SKIP,SKIP,SKIP,SKIP,SKIP,SKIP,DIRECT,FRONTEND_PARSE_BUG (stage=frontend)
6c2c094b6785ba179cbc59668fed933d60946aa6c920c0d650f97b97899c73ab,r,zig,FAIL,FAIL,SKIP,SKIP,SKIP,SKIP,SKIP,SKIP,SKIP,DIRECT,FRONTEND_PARSE_BUG (stage=frontend)
6c2c094b6785ba179cbc59668fed933d60946aa6c920c0d650f97b97899c73ab,r,julia,FAIL,FAIL,SKIP,SKIP,SKIP,SKIP,SKIP,SKIP,SKIP,DIRECT,FRONTEND_PARSE_BUG (stage=frontend)
6c2c094b6785ba179cbc59668fed933d60946aa6c920c0d650f97b97899c73ab,r,nim,FAIL,FAIL,SKIP,SKIP,SKIP,SKIP,SKIP,SKIP,SKIP,DIRECT,FRONTEND_PARSE_BUG (stage=frontend)
6c2c094b6785ba179cbc59668fed933d60946aa6c920c0d650f97b97899c73ab,r,csharp,FAIL,FAIL,SKIP,SKIP,SKIP,SKIP,SKIP,SKIP,SKIP,DIRECT,FRONTEND_PARSE_BUG (stage=frontend)
6c2c094b6785ba179cbc59668fed933d60946aa6c920c0d650f97b97899c73ab,r,java,FAIL,FAIL,SKIP,SKIP,SKIP,SKIP,SKIP,SKIP,SKIP,DIRECT,FRONTEND_PARSE_BUG (stage=frontend)
6c2c094b6785ba179cbc59668fed933d60946aa6c920c0d650f97b97899c73ab,r,kotlin,FAIL,FAIL,SKIP,SKIP,SKIP,SKIP,SKIP,SKIP,SKIP,DIRECT,FRONTEND_PARSE_BUG (stage=frontend)
6c2c094b6785ba179cbc59668fed933d60946aa6c920c0d650f97b97899c73ab,r,swift,FAIL,FAIL,SKIP,SKIP,SKIP,SKIP,SKIP,SKIP,SKIP,DIRECT,FRONTEND_PARSE_BUG (stage=frontend)
949155340b4a3b5baa12bd3885b616811c1fee3817bc4163d76f88bd26280829,r,r,FAIL,FAIL,SKIP,SKIP,SKIP,SKIP,SKIP,SKIP,SKIP,DIRECT,FRONTEND_PARSE_BUG (stage=frontend)
949155340b4a3b5baa12bd3885b616811c1fee3817bc4163d76f88bd26280829,r,go,FAIL,FAIL,SKIP,SKIP,SKIP,SKIP,SKIP,SKIP,SKIP,DIRECT,FRONTEND_PARSE_BUG (stage=frontend)
949155340b4a3b5baa12bd3885b616811c1fee3817bc4163d76f88bd26280829,r,rust,FAIL,FAIL,SKIP,SKIP,SKIP,SKIP,SKIP,SKIP,SKIP,DIRECT,FRONTEND_PARSE_BUG (stage=frontend)
949155340b4a3b5baa12bd3885b616811c1fee3817bc4163d76f88bd26280829,r,cpp,FAIL,FAIL,SKIP,SKIP,SKIP,SKIP,SKIP,SKIP,SKIP,DIRECT,FRONTEND_PARSE_BUG (stage=frontend)
949155340b4a3b5baa12bd3885b616811c1fee3817bc4163d76f88bd26280829,r,c,FAIL,FAIL,SKIP,SKIP,SKIP,SKIP,SKIP,SKIP,SKIP,DIRECT,FRONTEND_PARSE_BUG (stage=frontend)
949155340b4a3b5baa12bd3885b616811c1fee3817bc4163d76f88bd26280829,r,python,FAIL,FAIL,SKIP,SKIP,SKIP,SKIP,SKIP,SKIP,SKIP,DIRECT,FRONTEND_PARSE_BUG (stage=frontend)
949155340b4a3b5baa12bd3885b616811c1fee3817bc4163d76f88bd26280829,r,zig,FAIL,FAIL,SKIP,SKIP,SKIP,SKIP,SKIP,SKIP,SKIP,DIRECT,FRONTEND_PARSE_BUG (stage=frontend)
949155340b4a3b5baa12bd3885b616811c1fee3817bc4163d76f88bd26280829,r,julia,FAIL,FAIL,SKIP,SKIP,SKIP,SKIP,SKIP,SKIP,SKIP,DIRECT,FRONTEND_PARSE_BUG (stage=frontend)
949155340b4a3b5baa12bd3885b616811c1fee3817bc4163d76f88bd26280829,r,nim,FAIL,FAIL,SKIP,SKIP,SKIP,SKIP,SKIP,SKIP,SKIP,DIRECT,FRONTEND_PARSE_BUG (stage=frontend)
949155340b4a3b5baa12bd3885b616811c1fee3817bc4163d76f88bd26280829,r,csharp,FAIL,FAIL,SKIP,SKIP,SKIP,SKIP,SKIP,SKIP,SKIP,DIRECT,FRONTEND_PARSE_BUG (stage=frontend)
949155340b4a3b5baa12bd3885b616811c1fee3817bc4163d76f88bd26280829,r,java,FAIL,FAIL,SKIP,SKIP,SKIP,SKIP,SKIP,SKIP,SKIP,DIRECT,FRONTEND_PARSE_BUG (stage=frontend)
949155340b4a3b5baa12bd3885b616811c1fee3817bc4163d76f88bd26280829,r,kotlin,FAIL,FAIL,SKIP,SKIP,SKIP,SKIP,SKIP,SKIP,SKIP,DIRECT,FRONTEND_PARSE_BUG (stage=frontend)
949155340b4a3b5baa12bd3885b616811c1fee3817bc4163d76f88bd26280829,r,swift,FAIL,FAIL,SKIP,SKIP,SKIP,SKIP,SKIP,SKIP,SKIP,DIRECT,FRONTEND_PARSE_BUG (stage=frontend)
668bb58dc07d54470f0781423bb7c18077b250db0891594d98ad91807c3b5c66,r,r,FAIL,FAIL,SKIP,SKIP,SKIP,SKIP,SKIP,SKIP,SKIP,DIRECT,FRONTEND_PARSE_BUG (stage=frontend)
668bb58dc07d54470f0781423bb7c18077b250db0891594d98ad91807c3b5c66,r,go,FAIL,FAIL,SKIP,SKIP,SKIP,SKIP,SKIP,SKIP,SKIP,DIRECT,FRONTEND_PARSE_BUG (stage=frontend)
668bb58dc07d54470f0781423bb7c18077b250db0891594d98ad91807c3b5c66,r,rust,FAIL,FAIL,SKIP,SKIP,SKIP,SKIP,SKIP,SKIP,SKIP,DIRECT,FRONTEND_PARSE_BUG (stage=frontend)
668bb58dc07d54470f0781423bb7c18077b250db0891594d98ad91807c3b5c66,r,cpp,FAIL,FAIL,SKIP,SKIP,SKIP,SKIP,SKIP,SKIP,SKIP,DIRECT,FRONTEND_PARSE_BUG (stage=frontend)
668bb58dc07d54470f0781423bb7c18077b250db0891594d98ad91807c3b5c66,r,c,FAIL,FAIL,SKIP,SKIP,SKIP,SKIP,SKIP,SKIP,SKIP,DIRECT,FRONTEND_PARSE_BUG (stage=frontend)
668bb58dc07d54470f0781423bb7c18077b250db0891594d98ad91807c3b5c66,r,python,FAIL,FAIL,SKIP,SKIP,SKIP,SKIP,SKIP,SKIP,SKIP,DIRECT,FRONTEND_PARSE_BUG (stage=frontend)
668bb58dc07d54470f0781423bb7c18077b250db0891594d98ad91807c3b5c66,r,zig,FAIL,FAIL,SKIP,SKIP,SKIP,SKIP,SKIP,SKIP,SKIP,DIRECT,FRONTEND_PARSE_BUG (stage=frontend)
668bb58dc07d54470f0781423bb7c18077b250db0891594d98ad91807c3b5c66,r,julia,FAIL,FAIL,SKIP,SKIP,SKIP,SKIP,SKIP,SKIP,SKIP,DIRECT,FRONTEND_PARSE_BUG (stage=frontend)
668bb58dc07d54470f0781423bb7c18077b250db0891594d98ad91807c3b5c66,r,nim,FAIL,FAIL,SKIP,SKIP,SKIP,SKIP,SKIP,SKIP,SKIP,DIRECT,FRONTEND_PARSE_BUG (stage=frontend)
668bb58dc07d54470f0781423bb7c18077b250db0891594d98ad91807c3b5c66,r,csharp,FAIL,FAIL,SKIP,SKIP,SKIP,SKIP,SKIP,SKIP,SKIP,DIRECT,FRONTEND_PARSE_BUG (stage=frontend)
668bb58dc07d54470f0781423bb7c18077b250db0891594d98ad91807c3b5c66,r,java,FAIL,FAIL,SKIP,SKIP,SKIP,SKIP,SKIP,SKIP,SKIP,DIRECT,FRONTEND_PARSE_BUG (stage=frontend)
668bb58dc07d54470f0781423bb7c18077b250db0891594d98ad91807c3b5c66,r,kotlin,FAIL,FAIL,SKIP,SKIP,SKIP,SKIP,SKIP,SKIP,SKIP,DIRECT,FRONTEND_PARSE_BUG (stage=frontend)
668bb58dc07d54470f0781423bb7c18077b250db0891594d98ad91807c3b5c66,r,swift,FAIL,FAIL,SKIP,SKIP,SKIP,SKIP,SKIP,SKIP,SKIP,DIRECT,FRONTEND_PARSE_BUG (stage=frontend)
2d8042fef582ecdde7854bb675dc64560a9ec8d9a22d8c13e9c881235891d41a,r,r,FAIL,FAIL,SKIP,SKIP,SKIP,SKIP,SKIP,SKIP,SKIP,DIRECT,FRONTEND_PARSE_BUG (stage=frontend)
2d8042fef582ecdde7854bb675dc64560a9ec8d9a22d8c13e9c881235891d41a,r,go,FAIL,FAIL,SKIP,SKIP,SKIP,SKIP,SKIP,SKIP,SKIP,DIRECT,FRONTEND_PARSE_BUG (stage=frontend)
2d8042fef582ecdde7854bb675dc64560a9ec8d9a22d8c13e9c881235891d41a,r,rust,FAIL,FAIL,SKIP,SKIP,SKIP,SKIP,SKIP,SKIP,SKIP,DIRECT,FRONTEND_PARSE_BUG (stage=frontend)
2d8042fef582ecdde7854bb675dc64560a9ec8d9a22d8c13e9c881235891d41a,r,cpp,FAIL,FAIL,SKIP,SKIP,SKIP,SKIP,SKIP,SKIP,SKIP,DIRECT,FRONTEND_PARSE_BUG (stage=frontend)
2d8042fef582ecdde7854bb675dc64560a9ec8d9a22d8c13e9c881235891d41a,r,c,FAIL,FAIL,SKIP,SKIP,SKIP,SKIP,SKIP,SKIP,SKIP,DIRECT,FRONTEND_PARSE_BUG (stage=frontend)
2d8042fef582ecdde7854bb675dc64560a9ec8d9a22d8c13e9c881235891d41a,r,python,FAIL,FAIL,SKIP,SKIP,SKIP,SKIP,SKIP,SKIP,SKIP,DIRECT,FRONTEND_PARSE_BUG (stage=frontend)
2d8042fef582ecdde7854bb675dc64560a9ec8d9a22d8c13e9c881235891d41a,r,zig,FAIL,FAIL,SKIP,SKIP,SKIP,SKIP,SKIP,SKIP,SKIP,DIRECT,FRONTEND_PARSE_BUG (stage=frontend)
2d8042fef582ecdde7854bb675dc64560a9ec8d9a22d8c13e9c881235891d41a,r,julia,FAIL,FAIL,SKIP,SKIP,SKIP,SKIP,SKIP,SKIP,SKIP,DIRECT,FRONTEND_PARSE_BUG (stage=frontend)
2d8042fef582ecdde7854bb675dc64560a9ec8d9a22d8c13e9c881235891d41a,r,nim,FAIL,FAIL,SKIP,SKIP,SKIP,SKIP,SKIP,SKIP,SKIP,DIRECT,FRONTEND_PARSE_BUG (stage=frontend)
2d8042fef582ecdde7854bb675dc64560a9ec8d9a22d8c13e9c881235891d41a,r,csharp,FAIL,FAIL,SKIP,SKIP,SKIP,SKIP,SKIP,SKIP,SKIP,DIRECT,FRONTEND_PARSE_BUG (stage=frontend)
2d8042fef582ecdde7854bb675dc64560a9ec8d9a22d8c13e9c881235891d41a,r,java,FAIL,FAIL,SKIP,SKIP,SKIP,SKIP,SKIP,SKIP,SKIP,DIRECT,FRONTEND_PARSE_BUG (stage=frontend)
2d8042fef582ecdde7854bb675dc64560a9ec8d9a22d8c13e9c881235891d41a,r,kotlin,FAIL,FAIL,SKIP,SKIP,SKIP,SKIP,SKIP,SKIP,SKIP,DIRECT,FRONTEND_PARSE_BUG (stage=frontend)
2d8042fef582ecdde7854bb675dc64560a9ec8d9a22d8c13e9c881235891d41a,r,swift,FAIL,FAIL,SKIP,SKIP,SKIP,SKIP,SKIP,SKIP,SKIP,DIRECT,FRONTEND_PARSE_BUG (stage=frontend)
31fdde61c699a9f3833d1f926ec67c68ba247058f16a4ecf290446116a8d7543,r,r,FAIL,FAIL,SKIP,SKIP,SKIP,SKIP,SKIP,SKIP,SKIP,DIRECT,RUNTIME_ROUTE_FAILED (stage=runtime)
31fdde61c699a9f3833d1f926ec67c68ba247058f16a4ecf290446116a8d7543,r,go,PASS,PASS,PASS,PASS,PASS,PASS,SKIP,SKIP,SKIP,compatibility-runtime,
31fdde61c699a9f3833d1f926ec67c68ba247058f16a4ecf290446116a8d7543,r,rust,PASS,PASS,PASS,PASS,PASS,PASS,SKIP,SKIP,SKIP,compatibility-runtime,
31fdde61c699a9f3833d1f926ec67c68ba247058f16a4ecf290446116a8d7543,r,cpp,PASS,PASS,PASS,PASS,PASS,FAIL,SKIP,SKIP,SKIP,compatibility-runtime,
31fdde61c699a9f3833d1f926ec67c68ba247058f16a4ecf290446116a8d7543,r,c,PASS,PASS,PASS,PASS,PASS,FAIL,SKIP,SKIP,SKIP,compatibility-runtime,
31fdde61c699a9f3833d1f926ec67c68ba247058f16a4ecf290446116a8d7543,r,python,PASS,PASS,PASS,PASS,PASS,PASS,SKIP,SKIP,SKIP,compatibility-runtime,
31fdde61c699a9f3833d1f926ec67c68ba247058f16a4ecf290446116a8d7543,r,zig,PASS,PASS,PASS,PASS,PASS,FAIL,SKIP,SKIP,SKIP,compatibility-runtime,
31fdde61c699a9f3833d1f926ec67c68ba247058f16a4ecf290446116a8d7543,r,julia,PASS,PASS,PASS,PASS,PASS,PASS,SKIP,SKIP,SKIP,compatibility-runtime,
31fdde61c699a9f3833d1f926ec67c68ba247058f16a4ecf290446116a8d7543,r,nim,PASS,PASS,PASS,PASS,PASS,FAIL,SKIP,SKIP,SKIP,compatibility-runtime,
31fdde61c699a9f3833d1f926ec67c68ba247058f16a4ecf290446116a8d7543,r,csharp,PASS,PASS,PASS,PASS,PASS,PASS,SKIP,SKIP,SKIP,compatibility-runtime,
31fdde61c699a9f3833d1f926ec67c68ba247058f16a4ecf290446116a8d7543,r,java,PASS,PASS,PASS,PASS,PASS,PASS,SKIP,SKIP,SKIP,compatibility-runtime,
31fdde61c699a9f3833d1f926ec67c68ba247058f16a4ecf290446116a8d7543,r,kotlin,PASS,PASS,PASS,PASS,PASS,PASS,SKIP,SKIP,SKIP,compatibility-runtime,
31fdde61c699a9f3833d1f926ec67c68ba247058f16a4ecf290446116a8d7543,r,swift,PASS,PASS,PASS,PASS,PASS,PASS,SKIP,SKIP,SKIP,compatibility-runtime,
f1be23e062e8623ee77a5134de49c82c007fd0b1b1975c537d6e54ef62dd3ae0,r,r,FAIL,FAIL,SKIP,SKIP,SKIP,SKIP,SKIP,SKIP,SKIP,DIRECT,RUNTIME_ROUTE_FAILED (stage=runtime)
f1be23e062e8623ee77a5134de49c82c007fd0b1b1975c537d6e54ef62dd3ae0,r,go,PASS,PASS,PASS,PASS,PASS,PASS,SKIP,SKIP,SKIP,compatibility-runtime,
f1be23e062e8623ee77a5134de49c82c007fd0b1b1975c537d6e54ef62dd3ae0,r,rust,PASS,PASS,PASS,PASS,PASS,PASS,SKIP,SKIP,SKIP,compatibility-runtime,
f1be23e062e8623ee77a5134de49c82c007fd0b1b1975c537d6e54ef62dd3ae0,r,cpp,PASS,PASS,PASS,PASS,PASS,FAIL,SKIP,SKIP,SKIP,compatibility-runtime,
f1be23e062e8623ee77a5134de49c82c007fd0b1b1975c537d6e54ef62dd3ae0,r,c,PASS,PASS,PASS,PASS,PASS,FAIL,SKIP,SKIP,SKIP,compatibility-runtime,
f1be23e062e8623ee77a5134de49c82c007fd0b1b1975c537d6e54ef62dd3ae0,r,python,PASS,PASS,PASS,PASS,PASS,PASS,SKIP,SKIP,SKIP,compatibility-runtime,
f1be23e062e8623ee77a5134de49c82c007fd0b1b1975c537d6e54ef62dd3ae0,r,zig,PASS,PASS,PASS,PASS,PASS,FAIL,SKIP,SKIP,SKIP,compatibility-runtime,
f1be23e062e8623ee77a5134de49c82c007fd0b1b1975c537d6e54ef62dd3ae0,r,julia,PASS,PASS,PASS,PASS,PASS,PASS,SKIP,SKIP,SKIP,compatibility-runtime,
f1be23e062e8623ee77a5134de49c82c007fd0b1b1975c537d6e54ef62dd3ae0,r,nim,PASS,PASS,PASS,PASS,PASS,FAIL,SKIP,SKIP,SKIP,compatibility-runtime,
f1be23e062e8623ee77a5134de49c82c007fd0b1b1975c537d6e54ef62dd3ae0,r,csharp,PASS,PASS,PASS,PASS,PASS,PASS,SKIP,SKIP,SKIP,compatibility-runtime,
f1be23e062e8623ee77a5134de49c82c007fd0b1b1975c537d6e54ef62dd3ae0,r,java,PASS,PASS,PASS,PASS,PASS,PASS,SKIP,SKIP,SKIP,compatibility-runtime,
f1be23e062e8623ee77a5134de49c82c007fd0b1b1975c537d6e54ef62dd3ae0,r,kotlin,PASS,PASS,PASS,PASS,PASS,PASS,SKIP,SKIP,SKIP,compatibility-runtime,
f1be23e062e8623ee77a5134de49c82c007fd0b1b1975c537d6e54ef62dd3ae0,r,swift,PASS,PASS,PASS,PASS,PASS,PASS,SKIP,SKIP,SKIP,compatibility-runtime,
d1f96a93e63fa5468abefc7d7dbe544f0ed7a47ef18013e1f8a8ef49484cdcd5,r,r,FAIL,FAIL,SKIP,SKIP,SKIP,SKIP,SKIP,SKIP,SKIP,DIRECT,RUNTIME_ROUTE_FAILED (stage=runtime)
d1f96a93e63fa5468abefc7d7dbe544f0ed7a47ef18013e1f8a8ef49484cdcd5,r,go,PASS,PASS,PASS,PASS,PASS,PASS,SKIP,SKIP,SKIP,compatibility-runtime,
d1f96a93e63fa5468abefc7d7dbe544f0ed7a47ef18013e1f8a8ef49484cdcd5,r,rust,PASS,PASS,PASS,PASS,PASS,PASS,SKIP,SKIP,SKIP,compatibility-runtime,
d1f96a93e63fa5468abefc7d7dbe544f0ed7a47ef18013e1f8a8ef49484cdcd5,r,cpp,PASS,PASS,PASS,PASS,PASS,FAIL,SKIP,SKIP,SKIP,compatibility-runtime,
d1f96a93e63fa5468abefc7d7dbe544f0ed7a47ef18013e1f8a8ef49484cdcd5,r,c,PASS,PASS,PASS,PASS,PASS,FAIL,SKIP,SKIP,SKIP,compatibility-runtime,
d1f96a93e63fa5468abefc7d7dbe544f0ed7a47ef18013e1f8a8ef49484cdcd5,r,python,PASS,PASS,PASS,PASS,PASS,PASS,SKIP,SKIP,SKIP,compatibility-runtime,
d1f96a93e63fa5468abefc7d7dbe544f0ed7a47ef18013e1f8a8ef49484cdcd5,r,zig,PASS,PASS,PASS,PASS,PASS,FAIL,SKIP,SKIP,SKIP,compatibility-runtime,
d1f96a93e63fa5468abefc7d7dbe544f0ed7a47ef18013e1f8a8ef49484cdcd5,r,julia,PASS,PASS,PASS,PASS,PASS,PASS,SKIP,SKIP,SKIP,compatibility-runtime,
d1f96a93e63fa5468abefc7d7dbe544f0ed7a47ef18013e1f8a8ef49484cdcd5,r,nim,PASS,PASS,PASS,PASS,PASS,FAIL,SKIP,SKIP,SKIP,compatibility-runtime,
d1f96a93e63fa5468abefc7d7dbe544f0ed7a47ef18013e1f8a8ef49484cdcd5,r,csharp,PASS,PASS,PASS,PASS,PASS,PASS,SKIP,SKIP,SKIP,compatibility-runtime,
d1f96a93e63fa5468abefc7d7dbe544f0ed7a47ef18013e1f8a8ef49484cdcd5,r,java,PASS,PASS,PASS,PASS,PASS,PASS,SKIP,SKIP,SKIP,compatibility-runtime,
d1f96a93e63fa5468abefc7d7dbe544f0ed7a47ef18013e1f8a8ef49484cdcd5,r,kotlin,PASS,PASS,PASS,PASS,PASS,PASS,SKIP,SKIP,SKIP,compatibility-runtime,
d1f96a93e63fa5468abefc7d7dbe544f0ed7a47ef18013e1f8a8ef49484cdcd5,r,swift,PASS,PASS,PASS,PASS,PASS,PASS,SKIP,SKIP,SKIP,compatibility-runtime,
95aadc9e4f7ca584e90ba05ef7d150b283facc845b4780c16de9a6f7f06b7b66,r,r,FAIL,FAIL,SKIP,SKIP,SKIP,SKIP,SKIP,SKIP,SKIP,DIRECT,FRONTEND_PARSE_BUG (stage=frontend)
95aadc9e4f7ca584e90ba05ef7d150b283facc845b4780c16de9a6f7f06b7b66,r,go,FAIL,FAIL,SKIP,SKIP,SKIP,SKIP,SKIP,SKIP,SKIP,DIRECT,FRONTEND_PARSE_BUG (stage=frontend)
95aadc9e4f7ca584e90ba05ef7d150b283facc845b4780c16de9a6f7f06b7b66,r,rust,FAIL,FAIL,SKIP,SKIP,SKIP,SKIP,SKIP,SKIP,SKIP,DIRECT,FRONTEND_PARSE_BUG (stage=frontend)
95aadc9e4f7ca584e90ba05ef7d150b283facc845b4780c16de9a6f7f06b7b66,r,cpp,FAIL,FAIL,SKIP,SKIP,SKIP,SKIP,SKIP,SKIP,SKIP,DIRECT,FRONTEND_PARSE_BUG (stage=frontend)
95aadc9e4f7ca584e90ba05ef7d150b283facc845b4780c16de9a6f7f06b7b66,r,c,FAIL,FAIL,SKIP,SKIP,SKIP,SKIP,SKIP,SKIP,SKIP,DIRECT,FRONTEND_PARSE_BUG (stage=frontend)
95aadc9e4f7ca584e90ba05ef7d150b283facc845b4780c16de9a6f7f06b7b66,r,python,FAIL,FAIL,SKIP,SKIP,SKIP,SKIP,SKIP,SKIP,SKIP,DIRECT,FRONTEND_PARSE_BUG (stage=frontend)
95aadc9e4f7ca584e90ba05ef7d150b283facc845b4780c16de9a6f7f06b7b66,r,zig,FAIL,FAIL,SKIP,SKIP,SKIP,SKIP,SKIP,SKIP,SKIP,DIRECT,FRONTEND_PARSE_BUG (stage=frontend)
95aadc9e4f7ca584e90ba05ef7d150b283facc845b4780c16de9a6f7f06b7b66,r,julia,FAIL,FAIL,SKIP,SKIP,SKIP,SKIP,SKIP,SKIP,SKIP,DIRECT,FRONTEND_PARSE_BUG (stage=frontend)
95aadc9e4f7ca584e90ba05ef7d150b283facc845b4780c16de9a6f7f06b7b66,r,nim,FAIL,FAIL,SKIP,SKIP,SKIP,SKIP,SKIP,SKIP,SKIP,DIRECT,FRONTEND_PARSE_BUG (stage=frontend)
95aadc9e4f7ca584e90ba05ef7d150b283facc845b4780c16de9a6f7f06b7b66,r,csharp,FAIL,FAIL,SKIP,SKIP,SKIP,SKIP,SKIP,SKIP,SKIP,DIRECT,FRONTEND_PARSE_BUG (stage=frontend)
95aadc9e4f7ca584e90ba05ef7d150b283facc845b4780c16de9a6f7f06b7b66,r,java,FAIL,FAIL,SKIP,SKIP,SKIP,SKIP,SKIP,SKIP,SKIP,DIRECT,FRONTEND_PARSE_BUG (stage=frontend)
95aadc9e4f7ca584e90ba05ef7d150b283facc845b4780c16de9a6f7f06b7b66,r,kotlin,FAIL,FAIL,SKIP,SKIP,SKIP,SKIP,SKIP,SKIP,SKIP,DIRECT,FRONTEND_PARSE_BUG (stage=frontend)
95aadc9e4f7ca584e90ba05ef7d150b283facc845b4780c16de9a6f7f06b7b66,r,swift,FAIL,FAIL,SKIP,SKIP,SKIP,SKIP,SKIP,SKIP,SKIP,DIRECT,FRONTEND_PARSE_BUG (stage=frontend)
94a631e5ee4174efa21b775123c29b3c1c736fc5f0b51e2d1be014351a978b10,r,r,FAIL,FAIL,SKIP,SKIP,SKIP,SKIP,SKIP,SKIP,SKIP,DIRECT,RUNTIME_ROUTE_FAILED (stage=runtime)
94a631e5ee4174efa21b775123c29b3c1c736fc5f0b51e2d1be014351a978b10,r,go,PASS,PASS,PASS,PASS,PASS,FAIL,SKIP,SKIP,SKIP,compatibility-runtime,
94a631e5ee4174efa21b775123c29b3c1c736fc5f0b51e2d1be014351a978b10,r,rust,PASS,PASS,PASS,PASS,PASS,PASS,SKIP,SKIP,SKIP,compatibility-runtime,
94a631e5ee4174efa21b775123c29b3c1c736fc5f0b51e2d1be014351a978b10,r,cpp,PASS,PASS,PASS,PASS,PASS,FAIL,SKIP,SKIP,SKIP,compatibility-runtime,
94a631e5ee4174efa21b775123c29b3c1c736fc5f0b51e2d1be014351a978b10,r,c,PASS,PASS,PASS,PASS,PASS,FAIL,SKIP,SKIP,SKIP,compatibility-runtime,
94a631e5ee4174efa21b775123c29b3c1c736fc5f0b51e2d1be014351a978b10,r,python,PASS,PASS,PASS,PASS,PASS,PASS,SKIP,SKIP,SKIP,compatibility-runtime,
94a631e5ee4174efa21b775123c29b3c1c736fc5f0b51e2d1be014351a978b10,r,zig,PASS,PASS,PASS,PASS,PASS,FAIL,SKIP,SKIP,SKIP,compatibility-runtime,
94a631e5ee4174efa21b775123c29b3c1c736fc5f0b51e2d1be014351a978b10,r,julia,PASS,PASS,PASS,PASS,PASS,PASS,SKIP,SKIP,SKIP,compatibility-runtime,
94a631e5ee4174efa21b775123c29b3c1c736fc5f0b51e2d1be014351a978b10,r,nim,PASS,PASS,PASS,PASS,PASS,FAIL,SKIP,SKIP,SKIP,compatibility-runtime,
94a631e5ee4174efa21b775123c29b3c1c736fc5f0b51e2d1be014351a978b10,r,csharp,PASS,PASS,PASS,PASS,PASS,FAIL,SKIP,SKIP,SKIP,compatibility-runtime,
94a631e5ee4174efa21b775123c29b3c1c736fc5f0b51e2d1be014351a978b10,r,java,PASS,PASS,PASS,PASS,PASS,FAIL,SKIP,SKIP,SKIP,compatibility-runtime,
94a631e5ee4174efa21b775123c29b3c1c736fc5f0b51e2d1be014351a978b10,r,kotlin,PASS,PASS,PASS,PASS,PASS,PASS,SKIP,SKIP,SKIP,compatibility-runtime,
94a631e5ee4174efa21b775123c29b3c1c736fc5f0b51e2d1be014351a978b10,r,swift,PASS,PASS,PASS,PASS,PASS,FAIL,SKIP,SKIP,SKIP,compatibility-runtime,
af20789833ca2ace939cd7b3b4c769b69edb55a47e7bce77274c9faf76937b3b,r,r,FAIL,FAIL,SKIP,SKIP,SKIP,SKIP,SKIP,SKIP,SKIP,DIRECT,FRONTEND_PARSE_BUG (stage=frontend)
af20789833ca2ace939cd7b3b4c769b69edb55a47e7bce77274c9faf76937b3b,r,go,FAIL,FAIL,SKIP,SKIP,SKIP,SKIP,SKIP,SKIP,SKIP,DIRECT,FRONTEND_PARSE_BUG (stage=frontend)
af20789833ca2ace939cd7b3b4c769b69edb55a47e7bce77274c9faf76937b3b,r,rust,FAIL,FAIL,SKIP,SKIP,SKIP,SKIP,SKIP,SKIP,SKIP,DIRECT,FRONTEND_PARSE_BUG (stage=frontend)
af20789833ca2ace939cd7b3b4c769b69edb55a47e7bce77274c9faf76937b3b,r,cpp,FAIL,FAIL,SKIP,SKIP,SKIP,SKIP,SKIP,SKIP,SKIP,DIRECT,FRONTEND_PARSE_BUG (stage=frontend)
af20789833ca2ace939cd7b3b4c769b69edb55a47e7bce77274c9faf76937b3b,r,c,FAIL,FAIL,SKIP,SKIP,SKIP,SKIP,SKIP,SKIP,SKIP,DIRECT,FRONTEND_PARSE_BUG (stage=frontend)
af20789833ca2ace939cd7b3b4c769b69edb55a47e7bce77274c9faf76937b3b,r,python,FAIL,FAIL,SKIP,SKIP,SKIP,SKIP,SKIP,SKIP,SKIP,DIRECT,FRONTEND_PARSE_BUG (stage=frontend)
af20789833ca2ace939cd7b3b4c769b69edb55a47e7bce77274c9faf76937b3b,r,zig,FAIL,FAIL,SKIP,SKIP,SKIP,SKIP,SKIP,SKIP,SKIP,DIRECT,FRONTEND_PARSE_BUG (stage=frontend)
af20789833ca2ace939cd7b3b4c769b69edb55a47e7bce77274c9faf76937b3b,r,julia,FAIL,FAIL,SKIP,SKIP,SKIP,SKIP,SKIP,SKIP,SKIP,DIRECT,FRONTEND_PARSE_BUG (stage=frontend)
af20789833ca2ace939cd7b3b4c769b69edb55a47e7bce77274c9faf76937b3b,r,nim,FAIL,FAIL,SKIP,SKIP,SKIP,SKIP,SKIP,SKIP,SKIP,DIRECT,FRONTEND_PARSE_BUG (stage=frontend)
af20789833ca2ace939cd7b3b4c769b69edb55a47e7bce77274c9faf76937b3b,r,csharp,FAIL,FAIL,SKIP,SKIP,SKIP,SKIP,SKIP,SKIP,SKIP,DIRECT,FRONTEND_PARSE_BUG (stage=frontend)
af20789833ca2ace939cd7b3b4c769b69edb55a47e7bce77274c9faf76937b3b,r,java,FAIL,FAIL,SKIP,SKIP,SKIP,SKIP,SKIP,SKIP,SKIP,DIRECT,FRONTEND_PARSE_BUG (stage=frontend)
af20789833ca2ace939cd7b3b4c769b69edb55a47e7bce77274c9faf76937b3b,r,kotlin,FAIL,FAIL,SKIP,SKIP,SKIP,SKIP,SKIP,SKIP,SKIP,DIRECT,FRONTEND_PARSE_BUG (stage=frontend)
af20789833ca2ace939cd7b3b4c769b69edb55a47e7bce77274c9faf76937b3b,r,swift,FAIL,FAIL,SKIP,SKIP,SKIP,SKIP,SKIP,SKIP,SKIP,DIRECT,FRONTEND_PARSE_BUG (stage=frontend)
47d63c4376fff890b4b0f77844945863db095089737562dd0fbddbf98e9be22b,r,r,FAIL,FAIL,SKIP,SKIP,SKIP,SKIP,SKIP,SKIP,SKIP,DIRECT,FRONTEND_PARSE_BUG (stage=frontend)
47d63c4376fff890b4b0f77844945863db095089737562dd0fbddbf98e9be22b,r,go,FAIL,FAIL,SKIP,SKIP,SKIP,SKIP,SKIP,SKIP,SKIP,DIRECT,FRONTEND_PARSE_BUG (stage=frontend)
47d63c4376fff890b4b0f77844945863db095089737562dd0fbddbf98e9be22b,r,rust,FAIL,FAIL,SKIP,SKIP,SKIP,SKIP,SKIP,SKIP,SKIP,DIRECT,FRONTEND_PARSE_BUG (stage=frontend)
47d63c4376fff890b4b0f77844945863db095089737562dd0fbddbf98e9be22b,r,cpp,FAIL,FAIL,SKIP,SKIP,SKIP,SKIP,SKIP,SKIP,SKIP,DIRECT,FRONTEND_PARSE_BUG (stage=frontend)
47d63c4376fff890b4b0f77844945863db095089737562dd0fbddbf98e9be22b,r,c,FAIL,FAIL,SKIP,SKIP,SKIP,SKIP,SKIP,SKIP,SKIP,DIRECT,FRONTEND_PARSE_BUG (stage=frontend)
47d63c4376fff890b4b0f77844945863db095089737562dd0fbddbf98e9be22b,r,python,FAIL,FAIL,SKIP,SKIP,SKIP,SKIP,SKIP,SKIP,SKIP,DIRECT,FRONTEND_PARSE_BUG (stage=frontend)
47d63c4376fff890b4b0f77844945863db095089737562dd0fbddbf98e9be22b,r,zig,FAIL,FAIL,SKIP,SKIP,SKIP,SKIP,SKIP,SKIP,SKIP,DIRECT,FRONTEND_PARSE_BUG (stage=frontend)
47d63c4376fff890b4b0f77844945863db095089737562dd0fbddbf98e9be22b,r,julia,FAIL,FAIL,SKIP,SKIP,SKIP,SKIP,SKIP,SKIP,SKIP,DIRECT,FRONTEND_PARSE_BUG (stage=frontend)
47d63c4376fff890b4b0f77844945863db095089737562dd0fbddbf98e9be22b,r,nim,FAIL,FAIL,SKIP,SKIP,SKIP,SKIP,SKIP,SKIP,SKIP,DIRECT,FRONTEND_PARSE_BUG (stage=frontend)
47d63c4376fff890b4b0f77844945863db095089737562dd0fbddbf98e9be22b,r,csharp,FAIL,FAIL,SKIP,SKIP,SKIP,SKIP,SKIP,SKIP,SKIP,DIRECT,FRONTEND_PARSE_BUG (stage=frontend)
47d63c4376fff890b4b0f77844945863db095089737562dd0fbddbf98e9be22b,r,java,FAIL,FAIL,SKIP,SKIP,SKIP,SKIP,SKIP,SKIP,SKIP,DIRECT,FRONTEND_PARSE_BUG (stage=frontend)
47d63c4376fff890b4b0f77844945863db095089737562dd0fbddbf98e9be22b,r,kotlin,FAIL,FAIL,SKIP,SKIP,SKIP,SKIP,SKIP,SKIP,SKIP,DIRECT,FRONTEND_PARSE_BUG (stage=frontend)
47d63c4376fff890b4b0f77844945863db095089737562dd0fbddbf98e9be22b,r,swift,FAIL,FAIL,SKIP,SKIP,SKIP,SKIP,SKIP,SKIP,SKIP,DIRECT,FRONTEND_PARSE_BUG (stage=frontend)
917b9766c4e0d1d8676ad1b48a6ef960a87755e461512031d97ee162eccf8195,r,r,FAIL,FAIL,SKIP,SKIP,SKIP,SKIP,SKIP,SKIP,SKIP,DIRECT,FRONTEND_PARSE_BUG (stage=frontend)
917b9766c4e0d1d8676ad1b48a6ef960a87755e461512031d97ee162eccf8195,r,go,FAIL,FAIL,SKIP,SKIP,SKIP,SKIP,SKIP,SKIP,SKIP,DIRECT,FRONTEND_PARSE_BUG (stage=frontend)
917b9766c4e0d1d8676ad1b48a6ef960a87755e461512031d97ee162eccf8195,r,rust,FAIL,FAIL,SKIP,SKIP,SKIP,SKIP,SKIP,SKIP,SKIP,DIRECT,FRONTEND_PARSE_BUG (stage=frontend)
917b9766c4e0d1d8676ad1b48a6ef960a87755e461512031d97ee162eccf8195,r,cpp,FAIL,FAIL,SKIP,SKIP,SKIP,SKIP,SKIP,SKIP,SKIP,DIRECT,FRONTEND_PARSE_BUG (stage=frontend)
917b9766c4e0d1d8676ad1b48a6ef960a87755e461512031d97ee162eccf8195,r,c,FAIL,FAIL,SKIP,SKIP,SKIP,SKIP,SKIP,SKIP,SKIP,DIRECT,FRONTEND_PARSE_BUG (stage=frontend)
917b9766c4e0d1d8676ad1b48a6ef960a87755e461512031d97ee162eccf8195,r,python,FAIL,FAIL,SKIP,SKIP,SKIP,SKIP,SKIP,SKIP,SKIP,DIRECT,FRONTEND_PARSE_BUG (stage=frontend)
917b9766c4e0d1d8676ad1b48a6ef960a87755e461512031d97ee162eccf8195,r,zig,FAIL,FAIL,SKIP,SKIP,SKIP,SKIP,SKIP,SKIP,SKIP,DIRECT,FRONTEND_PARSE_BUG (stage=frontend)
917b9766c4e0d1d8676ad1b48a6ef960a87755e461512031d97ee162eccf8195,r,julia,FAIL,FAIL,SKIP,SKIP,SKIP,SKIP,SKIP,SKIP,SKIP,DIRECT,FRONTEND_PARSE_BUG (stage=frontend)
917b9766c4e0d1d8676ad1b48a6ef960a87755e461512031d97ee162eccf8195,r,nim,FAIL,FAIL,SKIP,SKIP,SKIP,SKIP,SKIP,SKIP,SKIP,DIRECT,FRONTEND_PARSE_BUG (stage=frontend)
917b9766c4e0d1d8676ad1b48a6ef960a87755e461512031d97ee162eccf8195,r,csharp,FAIL,FAIL,SKIP,SKIP,SKIP,SKIP,SKIP,SKIP,SKIP,DIRECT,FRONTEND_PARSE_BUG (stage=frontend)
917b9766c4e0d1d8676ad1b48a6ef960a87755e461512031d97ee162eccf8195,r,java,FAIL,FAIL,SKIP,SKIP,SKIP,SKIP,SKIP,SKIP,SKIP,DIRECT,FRONTEND_PARSE_BUG (stage=frontend)
917b9766c4e0d1d8676ad1b48a6ef960a87755e461512031d97ee162eccf8195,r,kotlin,FAIL,FAIL,SKIP,SKIP,SKIP,SKIP,SKIP,SKIP,SKIP,DIRECT,FRONTEND_PARSE_BUG (stage=frontend)
917b9766c4e0d1d8676ad1b48a6ef960a87755e461512031d97ee162eccf8195,r,swift,FAIL,FAIL,SKIP,SKIP,SKIP,SKIP,SKIP,SKIP,SKIP,DIRECT,FRONTEND_PARSE_BUG (stage=frontend)
6dd57a915356018c31fbd6284f48be25f57412a3a5fd365f17a51b02bf91b83c,r,r,FAIL,FAIL,SKIP,SKIP,SKIP,SKIP,SKIP,SKIP,SKIP,DIRECT,FRONTEND_PARSE_BUG (stage=frontend)
6dd57a915356018c31fbd6284f48be25f57412a3a5fd365f17a51b02bf91b83c,r,go,FAIL,FAIL,SKIP,SKIP,SKIP,SKIP,SKIP,SKIP,SKIP,DIRECT,FRONTEND_PARSE_BUG (stage=frontend)
6dd57a915356018c31fbd6284f48be25f57412a3a5fd365f17a51b02bf91b83c,r,rust,FAIL,FAIL,SKIP,SKIP,SKIP,SKIP,SKIP,SKIP,SKIP,DIRECT,FRONTEND_PARSE_BUG (stage=frontend)
6dd57a915356018c31fbd6284f48be25f57412a3a5fd365f17a51b02bf91b83c,r,cpp,FAIL,FAIL,SKIP,SKIP,SKIP,SKIP,SKIP,SKIP,SKIP,DIRECT,FRONTEND_PARSE_BUG (stage=frontend)
6dd57a915356018c31fbd6284f48be25f57412a3a5fd365f17a51b02bf91b83c,r,c,FAIL,FAIL,SKIP,SKIP,SKIP,SKIP,SKIP,SKIP,SKIP,DIRECT,FRONTEND_PARSE_BUG (stage=frontend)
6dd57a915356018c31fbd6284f48be25f57412a3a5fd365f17a51b02bf91b83c,r,python,FAIL,FAIL,SKIP,SKIP,SKIP,SKIP,SKIP,SKIP,SKIP,DIRECT,FRONTEND_PARSE_BUG (stage=frontend)
6dd57a915356018c31fbd6284f48be25f57412a3a5fd365f17a51b02bf91b83c,r,zig,FAIL,FAIL,SKIP,SKIP,SKIP,SKIP,SKIP,SKIP,SKIP,DIRECT,FRONTEND_PARSE_BUG (stage=frontend)
6dd57a915356018c31fbd6284f48be25f57412a3a5fd365f17a51b02bf91b83c,r,julia,FAIL,FAIL,SKIP,SKIP,SKIP,SKIP,SKIP,SKIP,SKIP,DIRECT,FRONTEND_PARSE_BUG (stage=frontend)
6dd57a915356018c31fbd6284f48be25f57412a3a5fd365f17a51b02bf91b83c,r,nim,FAIL,FAIL,SKIP,SKIP,SKIP,SKIP,SKIP,SKIP,SKIP,DIRECT,FRONTEND_PARSE_BUG (stage=frontend)
6dd57a915356018c31fbd6284f48be25f57412a3a5fd365f17a51b02bf91b83c,r,csharp,FAIL,FAIL,SKIP,SKIP,SKIP,SKIP,SKIP,SKIP,SKIP,DIRECT,FRONTEND_PARSE_BUG (stage=frontend)
6dd57a915356018c31fbd6284f48be25f57412a3a5fd365f17a51b02bf91b83c,r,java,FAIL,FAIL,SKIP,SKIP,SKIP,SKIP,SKIP,SKIP,SKIP,DIRECT,FRONTEND_PARSE_BUG (stage=frontend)
6dd57a915356018c31fbd6284f48be25f57412a3a5fd365f17a51b02bf91b83c,r,kotlin,FAIL,FAIL,SKIP,SKIP,SKIP,SKIP,SKIP,SKIP,SKIP,DIRECT,FRONTEND_PARSE_BUG (stage=frontend)
6dd57a915356018c31fbd6284f48be25f57412a3a5fd365f17a51b02bf91b83c,r,swift,FAIL,FAIL,SKIP,SKIP,SKIP,SKIP,SKIP,SKIP,SKIP,DIRECT,FRONTEND_PARSE_BUG (stage=frontend)
10d7c0df2e359f21f52b6b8908f5857ba46ea0ccb77e07f0a1aaaa0a60644747,r,r,PASS,PASS,PASS,PASS,PASS,PASS,SKIP,SKIP,SKIP,native-first,
10d7c0df2e359f21f52b6b8908f5857ba46ea0ccb77e07f0a1aaaa0a60644747,r,go,PASS,PASS,PASS,PASS,PASS,PASS,SKIP,SKIP,SKIP,compatibility-runtime,
10d7c0df2e359f21f52b6b8908f5857ba46ea0ccb77e07f0a1aaaa0a60644747,r,rust,PASS,PASS,PASS,PASS,PASS,PASS,SKIP,SKIP,SKIP,compatibility-runtime,
10d7c0df2e359f21f52b6b8908f5857ba46ea0ccb77e07f0a1aaaa0a60644747,r,cpp,PASS,PASS,PASS,PASS,PASS,FAIL,SKIP,SKIP,SKIP,compatibility-runtime,
10d7c0df2e359f21f52b6b8908f5857ba46ea0ccb77e07f0a1aaaa0a60644747,r,c,PASS,PASS,PASS,PASS,PASS,FAIL,SKIP,SKIP,SKIP,compatibility-runtime,
10d7c0df2e359f21f52b6b8908f5857ba46ea0ccb77e07f0a1aaaa0a60644747,r,python,PASS,PASS,PASS,PASS,PASS,PASS,SKIP,SKIP,SKIP,compatibility-runtime,
10d7c0df2e359f21f52b6b8908f5857ba46ea0ccb77e07f0a1aaaa0a60644747,r,zig,PASS,PASS,PASS,PASS,PASS,FAIL,SKIP,SKIP,SKIP,compatibility-runtime,
10d7c0df2e359f21f52b6b8908f5857ba46ea0ccb77e07f0a1aaaa0a60644747,r,julia,PASS,PASS,PASS,PASS,PASS,PASS,SKIP,SKIP,SKIP,compatibility-runtime,
10d7c0df2e359f21f52b6b8908f5857ba46ea0ccb77e07f0a1aaaa0a60644747,r,nim,PASS,PASS,PASS,PASS,PASS,FAIL,SKIP,SKIP,SKIP,compatibility-runtime,
10d7c0df2e359f21f52b6b8908f5857ba46ea0ccb77e07f0a1aaaa0a60644747,r,csharp,PASS,PASS,PASS,PASS,PASS,PASS,SKIP,SKIP,SKIP,compatibility-runtime,
10d7c0df2e359f21f52b6b8908f5857ba46ea0ccb77e07f0a1aaaa0a60644747,r,java,PASS,PASS,PASS,PASS,PASS,PASS,SKIP,SKIP,SKIP,compatibility-runtime,
10d7c0df2e359f21f52b6b8908f5857ba46ea0ccb77e07f0a1aaaa0a60644747,r,kotlin,PASS,PASS,PASS,PASS,PASS,PASS,SKIP,SKIP,SKIP,compatibility-runtime,
10d7c0df2e359f21f52b6b8908f5857ba46ea0ccb77e07f0a1aaaa0a60644747,r,swift,PASS,PASS,PASS,PASS,PASS,PASS,SKIP,SKIP,SKIP,compatibility-runtime,
131f37733a5a46a514070c8bb5487ed983fe810d4111b7cbd528f1b17d077694,r,r,FAIL,FAIL,SKIP,SKIP,SKIP,SKIP,SKIP,SKIP,SKIP,DIRECT,FRONTEND_PARSE_BUG (stage=frontend)
131f37733a5a46a514070c8bb5487ed983fe810d4111b7cbd528f1b17d077694,r,go,FAIL,FAIL,SKIP,SKIP,SKIP,SKIP,SKIP,SKIP,SKIP,DIRECT,FRONTEND_PARSE_BUG (stage=frontend)
131f37733a5a46a514070c8bb5487ed983fe810d4111b7cbd528f1b17d077694,r,rust,FAIL,FAIL,SKIP,SKIP,SKIP,SKIP,SKIP,SKIP,SKIP,DIRECT,FRONTEND_PARSE_BUG (stage=frontend)
131f37733a5a46a514070c8bb5487ed983fe810d4111b7cbd528f1b17d077694,r,cpp,FAIL,FAIL,SKIP,SKIP,SKIP,SKIP,SKIP,SKIP,SKIP,DIRECT,FRONTEND_PARSE_BUG (stage=frontend)
131f37733a5a46a514070c8bb5487ed983fe810d4111b7cbd528f1b17d077694,r,c,FAIL,FAIL,SKIP,SKIP,SKIP,SKIP,SKIP,SKIP,SKIP,DIRECT,FRONTEND_PARSE_BUG (stage=frontend)
131f37733a5a46a514070c8bb5487ed983fe810d4111b7cbd528f1b17d077694,r,python,FAIL,FAIL,SKIP,SKIP,SKIP,SKIP,SKIP,SKIP,SKIP,DIRECT,FRONTEND_PARSE_BUG (stage=frontend)
131f37733a5a46a514070c8bb5487ed983fe810d4111b7cbd528f1b17d077694,r,zig,FAIL,FAIL,SKIP,SKIP,SKIP,SKIP,SKIP,SKIP,SKIP,DIRECT,FRONTEND_PARSE_BUG (stage=frontend)
131f37733a5a46a514070c8bb5487ed983fe810d4111b7cbd528f1b17d077694,r,julia,FAIL,FAIL,SKIP,SKIP,SKIP,SKIP,SKIP,SKIP,SKIP,DIRECT,FRONTEND_PARSE_BUG (stage=frontend)
131f37733a5a46a514070c8bb5487ed983fe810d4111b7cbd528f1b17d077694,r,nim,FAIL,FAIL,SKIP,SKIP,SKIP,SKIP,SKIP,SKIP,SKIP,DIRECT,FRONTEND_PARSE_BUG (stage=frontend)
131f37733a5a46a514070c8bb5487ed983fe810d4111b7cbd528f1b17d077694,r,csharp,FAIL,FAIL,SKIP,SKIP,SKIP,SKIP,SKIP,SKIP,SKIP,DIRECT,FRONTEND_PARSE_BUG (stage=frontend)
131f37733a5a46a514070c8bb5487ed983fe810d4111b7cbd528f1b17d077694,r,java,FAIL,FAIL,SKIP,SKIP,SKIP,SKIP,SKIP,SKIP,SKIP,DIRECT,FRONTEND_PARSE_BUG (stage=frontend)
131f37733a5a46a514070c8bb5487ed983fe810d4111b7cbd528f1b17d077694,r,kotlin,FAIL,FAIL,SKIP,SKIP,SKIP,SKIP,SKIP,SKIP,SKIP,DIRECT,FRONTEND_PARSE_BUG (stage=frontend)
131f37733a5a46a514070c8bb5487ed983fe810d4111b7cbd528f1b17d077694,r,swift,FAIL,FAIL,SKIP,SKIP,SKIP,SKIP,SKIP,SKIP,SKIP,DIRECT,FRONTEND_PARSE_BUG (stage=frontend)
32d43b2015d864d9c2aa7ac7fb36eeebcfc20b8b142db1b81dd6cd8d01128b4a,r,r,FAIL,FAIL,SKIP,SKIP,SKIP,SKIP,SKIP,SKIP,SKIP,DIRECT,RUNTIME_ROUTE_FAILED (stage=runtime)
32d43b2015d864d9c2aa7ac7fb36eeebcfc20b8b142db1b81dd6cd8d01128b4a,r,go,PASS,PASS,PASS,PASS,PASS,PASS,SKIP,SKIP,SKIP,compatibility-runtime,
32d43b2015d864d9c2aa7ac7fb36eeebcfc20b8b142db1b81dd6cd8d01128b4a,r,rust,PASS,PASS,PASS,PASS,PASS,PASS,SKIP,SKIP,SKIP,compatibility-runtime,
32d43b2015d864d9c2aa7ac7fb36eeebcfc20b8b142db1b81dd6cd8d01128b4a,r,cpp,PASS,PASS,PASS,PASS,PASS,FAIL,SKIP,SKIP,SKIP,compatibility-runtime,
32d43b2015d864d9c2aa7ac7fb36eeebcfc20b8b142db1b81dd6cd8d01128b4a,r,c,PASS,PASS,PASS,PASS,PASS,FAIL,SKIP,SKIP,SKIP,compatibility-runtime,
32d43b2015d864d9c2aa7ac7fb36eeebcfc20b8b142db1b81dd6cd8d01128b4a,r,python,PASS,PASS,PASS,PASS,PASS,PASS,SKIP,SKIP,SKIP,compatibility-runtime,
32d43b2015d864d9c2aa7ac7fb36eeebcfc20b8b142db1b81dd6cd8d01128b4a,r,zig,PASS,PASS,PASS,PASS,PASS,FAIL,SKIP,SKIP,SKIP,compatibility-runtime,
32d43b2015d864d9c2aa7ac7fb36eeebcfc20b8b142db1b81dd6cd8d01128b4a,r,julia,PASS,PASS,PASS,PASS,PASS,PASS,SKIP,SKIP,SKIP,compatibility-runtime,
32d43b2015d864d9c2aa7ac7fb36eeebcfc20b8b142db1b81dd6cd8d01128b4a,r,nim,PASS,PASS,PASS,PASS,PASS,FAIL,SKIP,SKIP,SKIP,compatibility-runtime,
32d43b2015d864d9c2aa7ac7fb36eeebcfc20b8b142db1b81dd6cd8d01128b4a,r,csharp,PASS,PASS,PASS,PASS,PASS,PASS,SKIP,SKIP,SKIP,compatibility-runtime,
32d43b2015d864d9c2aa7ac7fb36eeebcfc20b8b142db1b81dd6cd8d01128b4a,r,java,PASS,PASS,PASS,PASS,PASS,PASS,SKIP,SKIP,SKIP,compatibility-runtime,
32d43b2015d864d9c2aa7ac7fb36eeebcfc20b8b142db1b81dd6cd8d01128b4a,r,kotlin,PASS,PASS,PASS,PASS,PASS,PASS,SKIP,SKIP,SKIP,compatibility-runtime,
32d43b2015d864d9c2aa7ac7fb36eeebcfc20b8b142db1b81dd6cd8d01128b4a,r,swift,PASS,PASS,PASS,PASS,PASS,PASS,SKIP,SKIP,SKIP,compatibility-runtime,
b57a4cc8e8bde9ff86c75e5aaff063d7dbfeead678180ed49d50718d5926a015,r,r,FAIL,FAIL,SKIP,SKIP,SKIP,SKIP,SKIP,SKIP,SKIP,DIRECT,RUNTIME_ROUTE_FAILED (stage=runtime)
b57a4cc8e8bde9ff86c75e5aaff063d7dbfeead678180ed49d50718d5926a015,r,go,PASS,PASS,PASS,PASS,PASS,PASS,SKIP,SKIP,SKIP,compatibility-runtime,
b57a4cc8e8bde9ff86c75e5aaff063d7dbfeead678180ed49d50718d5926a015,r,rust,PASS,PASS,PASS,PASS,PASS,PASS,SKIP,SKIP,SKIP,compatibility-runtime,
b57a4cc8e8bde9ff86c75e5aaff063d7dbfeead678180ed49d50718d5926a015,r,cpp,PASS,PASS,PASS,PASS,PASS,FAIL,SKIP,SKIP,SKIP,compatibility-runtime,
b57a4cc8e8bde9ff86c75e5aaff063d7dbfeead678180ed49d50718d5926a015,r,c,PASS,PASS,PASS,PASS,PASS,FAIL,SKIP,SKIP,SKIP,compatibility-runtime,
b57a4cc8e8bde9ff86c75e5aaff063d7dbfeead678180ed49d50718d5926a015,r,python,PASS,PASS,PASS,PASS,PASS,PASS,SKIP,SKIP,SKIP,compatibility-runtime,
b57a4cc8e8bde9ff86c75e5aaff063d7dbfeead678180ed49d50718d5926a015,r,zig,PASS,PASS,PASS,PASS,PASS,FAIL,SKIP,SKIP,SKIP,compatibility-runtime,
b57a4cc8e8bde9ff86c75e5aaff063d7dbfeead678180ed49d50718d5926a015,r,julia,PASS,PASS,PASS,PASS,PASS,PASS,SKIP,SKIP,SKIP,compatibility-runtime,
b57a4cc8e8bde9ff86c75e5aaff063d7dbfeead678180ed49d50718d5926a015,r,nim,PASS,PASS,PASS,PASS,PASS,FAIL,SKIP,SKIP,SKIP,compatibility-runtime,
b57a4cc8e8bde9ff86c75e5aaff063d7dbfeead678180ed49d50718d5926a015,r,csharp,PASS,PASS,PASS,PASS,PASS,PASS,SKIP,SKIP,SKIP,compatibility-runtime,
b57a4cc8e8bde9ff86c75e5aaff063d7dbfeead678180ed49d50718d5926a015,r,java,PASS,PASS,PASS,PASS,PASS,PASS,SKIP,SKIP,SKIP,compatibility-runtime,
b57a4cc8e8bde9ff86c75e5aaff063d7dbfeead678180ed49d50718d5926a015,r,kotlin,PASS,PASS,PASS,PASS,PASS,PASS,SKIP,SKIP,SKIP,compatibility-runtime,
b57a4cc8e8bde9ff86c75e5aaff063d7dbfeead678180ed49d50718d5926a015,r,swift,PASS,PASS,PASS,PASS,PASS,PASS,SKIP,SKIP,SKIP,compatibility-runtime,
c41e4995d30efda5b6938d6b118149146ce7aaef72f898d188d120407ce434e2,r,r,PASS,PASS,PASS,PASS,PASS,PASS,SKIP,SKIP,SKIP,native-first,
c41e4995d30efda5b6938d6b118149146ce7aaef72f898d188d120407ce434e2,r,go,PASS,PASS,PASS,PASS,PASS,PASS,SKIP,SKIP,SKIP,compatibility-runtime,
c41e4995d30efda5b6938d6b118149146ce7aaef72f898d188d120407ce434e2,r,rust,PASS,PASS,PASS,PASS,PASS,PASS,SKIP,SKIP,SKIP,compatibility-runtime,
c41e4995d30efda5b6938d6b118149146ce7aaef72f898d188d120407ce434e2,r,cpp,PASS,PASS,PASS,PASS,PASS,FAIL,SKIP,SKIP,SKIP,compatibility-runtime,
c41e4995d30efda5b6938d6b118149146ce7aaef72f898d188d120407ce434e2,r,c,PASS,PASS,PASS,PASS,PASS,FAIL,SKIP,SKIP,SKIP,compatibility-runtime,
c41e4995d30efda5b6938d6b118149146ce7aaef72f898d188d120407ce434e2,r,python,PASS,PASS,PASS,PASS,PASS,PASS,SKIP,SKIP,SKIP,compatibility-runtime,
c41e4995d30efda5b6938d6b118149146ce7aaef72f898d188d120407ce434e2,r,zig,PASS,PASS,PASS,PASS,PASS,FAIL,SKIP,SKIP,SKIP,compatibility-runtime,
c41e4995d30efda5b6938d6b118149146ce7aaef72f898d188d120407ce434e2,r,julia,PASS,PASS,PASS,PASS,PASS,PASS,SKIP,SKIP,SKIP,compatibility-runtime,
c41e4995d30efda5b6938d6b118149146ce7aaef72f898d188d120407ce434e2,r,nim,PASS,PASS,PASS,PASS,PASS,FAIL,SKIP,SKIP,SKIP,compatibility-runtime,
c41e4995d30efda5b6938d6b118149146ce7aaef72f898d188d120407ce434e2,r,csharp,PASS,PASS,PASS,PASS,PASS,PASS,SKIP,SKIP,SKIP,compatibility-runtime,
c41e4995d30efda5b6938d6b118149146ce7aaef72f898d188d120407ce434e2,r,java,PASS,PASS,PASS,PASS,PASS,PASS,SKIP,SKIP,SKIP,compatibility-runtime,
c41e4995d30efda5b6938d6b118149146ce7aaef72f898d188d120407ce434e2,r,kotlin,PASS,PASS,PASS,PASS,PASS,PASS,SKIP,SKIP,SKIP,compatibility-runtime,
c41e4995d30efda5b6938d6b118149146ce7aaef72f898d188d120407ce434e2,r,swift,PASS,PASS,PASS,PASS,PASS,PASS,SKIP,SKIP,SKIP,compatibility-runtime,
0b5188590d611cf531dfa6653ddc5fa06f5cc6eb75d66ef4ca29bbbd942d04e4,r,r,PASS,PASS,PASS,PASS,PASS,PASS,SKIP,SKIP,SKIP,native-first,
0b5188590d611cf531dfa6653ddc5fa06f5cc6eb75d66ef4ca29bbbd942d04e4,r,go,PASS,PASS,PASS,PASS,PASS,PASS,SKIP,SKIP,SKIP,compatibility-runtime,
0b5188590d611cf531dfa6653ddc5fa06f5cc6eb75d66ef4ca29bbbd942d04e4,r,rust,PASS,PASS,PASS,PASS,PASS,PASS,SKIP,SKIP,SKIP,compatibility-runtime,
0b5188590d611cf531dfa6653ddc5fa06f5cc6eb75d66ef4ca29bbbd942d04e4,r,cpp,PASS,PASS,PASS,PASS,PASS,FAIL,SKIP,SKIP,SKIP,compatibility-runtime,
0b5188590d611cf531dfa6653ddc5fa06f5cc6eb75d66ef4ca29bbbd942d04e4,r,c,PASS,PASS,PASS,PASS,PASS,FAIL,SKIP,SKIP,SKIP,compatibility-runtime,
0b5188590d611cf531dfa6653ddc5fa06f5cc6eb75d66ef4ca29bbbd942d04e4,r,python,PASS,PASS,PASS,PASS,PASS,PASS,SKIP,SKIP,SKIP,compatibility-runtime,
0b5188590d611cf531dfa6653ddc5fa06f5cc6eb75d66ef4ca29bbbd942d04e4,r,zig,PASS,PASS,PASS,PASS,PASS,FAIL,SKIP,SKIP,SKIP,compatibility-runtime,
0b5188590d611cf531dfa6653ddc5fa06f5cc6eb75d66ef4ca29bbbd942d04e4,r,julia,PASS,PASS,PASS,PASS,PASS,PASS,SKIP,SKIP,SKIP,compatibility-runtime,
0b5188590d611cf531dfa6653ddc5fa06f5cc6eb75d66ef4ca29bbbd942d04e4,r,nim,PASS,PASS,PASS,PASS,PASS,FAIL,SKIP,SKIP,SKIP,compatibility-runtime,
0b5188590d611cf531dfa6653ddc5fa06f5cc6eb75d66ef4ca29bbbd942d04e4,r,csharp,PASS,PASS,PASS,PASS,PASS,PASS,SKIP,SKIP,SKIP,compatibility-runtime,
0b5188590d611cf531dfa6653ddc5fa06f5cc6eb75d66ef4ca29bbbd942d04e4,r,java,PASS,PASS,PASS,PASS,PASS,PASS,SKIP,SKIP,SKIP,compatibility-runtime,
0b5188590d611cf531dfa6653ddc5fa06f5cc6eb75d66ef4ca29bbbd942d04e4,r,kotlin,PASS,PASS,PASS,PASS,PASS,PASS,SKIP,SKIP,SKIP,compatibility-runtime,
0b5188590d611cf531dfa6653ddc5fa06f5cc6eb75d66ef4ca29bbbd942d04e4,r,swift,PASS,PASS,PASS,PASS,PASS,PASS,SKIP,SKIP,SKIP,compatibility-runtime,
f8f13f4c8484c7950d5e51279e95fd6a3f7a180a60fa66458b75bfe71343e121,r,r,PASS,PASS,PASS,PASS,PASS,PASS,SKIP,SKIP,SKIP,native-first,
f8f13f4c8484c7950d5e51279e95fd6a3f7a180a60fa66458b75bfe71343e121,r,go,PASS,PASS,PASS,PASS,PASS,PASS,SKIP,SKIP,SKIP,compatibility-runtime,
f8f13f4c8484c7950d5e51279e95fd6a3f7a180a60fa66458b75bfe71343e121,r,rust,PASS,PASS,PASS,PASS,PASS,PASS,SKIP,SKIP,SKIP,compatibility-runtime,
f8f13f4c8484c7950d5e51279e95fd6a3f7a180a60fa66458b75bfe71343e121,r,cpp,PASS,PASS,PASS,PASS,PASS,FAIL,SKIP,SKIP,SKIP,compatibility-runtime,
f8f13f4c8484c7950d5e51279e95fd6a3f7a180a60fa66458b75bfe71343e121,r,c,PASS,PASS,PASS,PASS,PASS,FAIL,SKIP,SKIP,SKIP,compatibility-runtime,
f8f13f4c8484c7950d5e51279e95fd6a3f7a180a60fa66458b75bfe71343e121,r,python,PASS,PASS,PASS,PASS,PASS,PASS,SKIP,SKIP,SKIP,compatibility-runtime,
f8f13f4c8484c7950d5e51279e95fd6a3f7a180a60fa66458b75bfe71343e121,r,zig,PASS,PASS,PASS,PASS,PASS,FAIL,SKIP,SKIP,SKIP,compatibility-runtime,
f8f13f4c8484c7950d5e51279e95fd6a3f7a180a60fa66458b75bfe71343e121,r,julia,PASS,PASS,PASS,PASS,PASS,PASS,SKIP,SKIP,SKIP,compatibility-runtime,
f8f13f4c8484c7950d5e51279e95fd6a3f7a180a60fa66458b75bfe71343e121,r,nim,PASS,PASS,PASS,PASS,PASS,FAIL,SKIP,SKIP,SKIP,compatibility-runtime,
f8f13f4c8484c7950d5e51279e95fd6a3f7a180a60fa66458b75bfe71343e121,r,csharp,PASS,PASS,PASS,PASS,PASS,PASS,SKIP,SKIP,SKIP,compatibility-runtime,
f8f13f4c8484c7950d5e51279e95fd6a3f7a180a60fa66458b75bfe71343e121,r,java,PASS,PASS,PASS,PASS,PASS,PASS,SKIP,SKIP,SKIP,compatibility-runtime,
f8f13f4c8484c7950d5e51279e95fd6a3f7a180a60fa66458b75bfe71343e121,r,kotlin,PASS,PASS,PASS,PASS,PASS,PASS,SKIP,SKIP,SKIP,compatibility-runtime,
f8f13f4c8484c7950d5e51279e95fd6a3f7a180a60fa66458b75bfe71343e121,r,swift,PASS,PASS,PASS,PASS,PASS,PASS,SKIP,SKIP,SKIP,compatibility-runtime,
3004789a7b74dbc7276ab98ca84eb4a0089d36ac27470b0f7a61cc924944b624,r,r,FAIL,FAIL,SKIP,SKIP,SKIP,SKIP,SKIP,SKIP,SKIP,DIRECT,FRONTEND_PARSE_BUG (stage=frontend)
3004789a7b74dbc7276ab98ca84eb4a0089d36ac27470b0f7a61cc924944b624,r,go,FAIL,FAIL,SKIP,SKIP,SKIP,SKIP,SKIP,SKIP,SKIP,DIRECT,FRONTEND_PARSE_BUG (stage=frontend)
3004789a7b74dbc7276ab98ca84eb4a0089d36ac27470b0f7a61cc924944b624,r,rust,FAIL,FAIL,SKIP,SKIP,SKIP,SKIP,SKIP,SKIP,SKIP,DIRECT,FRONTEND_PARSE_BUG (stage=frontend)
3004789a7b74dbc7276ab98ca84eb4a0089d36ac27470b0f7a61cc924944b624,r,cpp,FAIL,FAIL,SKIP,SKIP,SKIP,SKIP,SKIP,SKIP,SKIP,DIRECT,FRONTEND_PARSE_BUG (stage=frontend)
3004789a7b74dbc7276ab98ca84eb4a0089d36ac27470b0f7a61cc924944b624,r,c,FAIL,FAIL,SKIP,SKIP,SKIP,SKIP,SKIP,SKIP,SKIP,DIRECT,FRONTEND_PARSE_BUG (stage=frontend)
3004789a7b74dbc7276ab98ca84eb4a0089d36ac27470b0f7a61cc924944b624,r,python,FAIL,FAIL,SKIP,SKIP,SKIP,SKIP,SKIP,SKIP,SKIP,DIRECT,FRONTEND_PARSE_BUG (stage=frontend)
3004789a7b74dbc7276ab98ca84eb4a0089d36ac27470b0f7a61cc924944b624,r,zig,FAIL,FAIL,SKIP,SKIP,SKIP,SKIP,SKIP,SKIP,SKIP,DIRECT,FRONTEND_PARSE_BUG (stage=frontend)
3004789a7b74dbc7276ab98ca84eb4a0089d36ac27470b0f7a61cc924944b624,r,julia,FAIL,FAIL,SKIP,SKIP,SKIP,SKIP,SKIP,SKIP,SKIP,DIRECT,FRONTEND_PARSE_BUG (stage=frontend)
3004789a7b74dbc7276ab98ca84eb4a0089d36ac27470b0f7a61cc924944b624,r,nim,FAIL,FAIL,SKIP,SKIP,SKIP,SKIP,SKIP,SKIP,SKIP,DIRECT,FRONTEND_PARSE_BUG (stage=frontend)
3004789a7b74dbc7276ab98ca84eb4a0089d36ac27470b0f7a61cc924944b624,r,csharp,FAIL,FAIL,SKIP,SKIP,SKIP,SKIP,SKIP,SKIP,SKIP,DIRECT,FRONTEND_PARSE_BUG (stage=frontend)
3004789a7b74dbc7276ab98ca84eb4a0089d36ac27470b0f7a61cc924944b624,r,java,FAIL,FAIL,SKIP,SKIP,SKIP,SKIP,SKIP,SKIP,SKIP,DIRECT,FRONTEND_PARSE_BUG (stage=frontend)
3004789a7b74dbc7276ab98ca84eb4a0089d36ac27470b0f7a61cc924944b624,r,kotlin,FAIL,FAIL,SKIP,SKIP,SKIP,SKIP,SKIP,SKIP,SKIP,DIRECT,FRONTEND_PARSE_BUG (stage=frontend)
3004789a7b74dbc7276ab98ca84eb4a0089d36ac27470b0f7a61cc924944b624,r,swift,FAIL,FAIL,SKIP,SKIP,SKIP,SKIP,SKIP,SKIP,SKIP,DIRECT,FRONTEND_PARSE_BUG (stage=frontend)
b7c04e9ee81969a4d888dec7b7dc80c1ff49e129e358a0645e8367350583140f,r,r,PASS,PASS,PASS,PASS,PASS,PASS,SKIP,SKIP,SKIP,native-first,
b7c04e9ee81969a4d888dec7b7dc80c1ff49e129e358a0645e8367350583140f,r,go,PASS,PASS,PASS,PASS,PASS,PASS,SKIP,SKIP,SKIP,compatibility-runtime,
b7c04e9ee81969a4d888dec7b7dc80c1ff49e129e358a0645e8367350583140f,r,rust,PASS,PASS,PASS,PASS,PASS,PASS,SKIP,SKIP,SKIP,compatibility-runtime,
b7c04e9ee81969a4d888dec7b7dc80c1ff49e129e358a0645e8367350583140f,r,cpp,PASS,PASS,PASS,PASS,PASS,FAIL,SKIP,SKIP,SKIP,compatibility-runtime,
b7c04e9ee81969a4d888dec7b7dc80c1ff49e129e358a0645e8367350583140f,r,c,PASS,PASS,PASS,PASS,PASS,FAIL,SKIP,SKIP,SKIP,compatibility-runtime,
b7c04e9ee81969a4d888dec7b7dc80c1ff49e129e358a0645e8367350583140f,r,python,PASS,PASS,PASS,PASS,PASS,PASS,SKIP,SKIP,SKIP,compatibility-runtime,
b7c04e9ee81969a4d888dec7b7dc80c1ff49e129e358a0645e8367350583140f,r,zig,PASS,PASS,PASS,PASS,PASS,FAIL,SKIP,SKIP,SKIP,compatibility-runtime,
b7c04e9ee81969a4d888dec7b7dc80c1ff49e129e358a0645e8367350583140f,r,julia,PASS,PASS,PASS,PASS,PASS,PASS,SKIP,SKIP,SKIP,compatibility-runtime,
b7c04e9ee81969a4d888dec7b7dc80c1ff49e129e358a0645e8367350583140f,r,nim,PASS,PASS,PASS,PASS,PASS,FAIL,SKIP,SKIP,SKIP,compatibility-runtime,
b7c04e9ee81969a4d888dec7b7dc80c1ff49e129e358a0645e8367350583140f,r,csharp,PASS,PASS,PASS,PASS,PASS,PASS,SKIP,SKIP,SKIP,compatibility-runtime,
b7c04e9ee81969a4d888dec7b7dc80c1ff49e129e358a0645e8367350583140f,r,java,PASS,PASS,PASS,PASS,PASS,PASS,SKIP,SKIP,SKIP,compatibility-runtime,
b7c04e9ee81969a4d888dec7b7dc80c1ff49e129e358a0645e8367350583140f,r,kotlin,PASS,PASS,PASS,PASS,PASS,PASS,SKIP,SKIP,SKIP,compatibility-runtime,
b7c04e9ee81969a4d888dec7b7dc80c1ff49e129e358a0645e8367350583140f,r,swift,PASS,PASS,PASS,PASS,PASS,PASS,SKIP,SKIP,SKIP,compatibility-runtime,
906cb111a328b106c09e5d04087a5c81a1e41756a8b4dedcf0f64d12004e7b52,r,r,PASS,PASS,PASS,PASS,PASS,PASS,SKIP,SKIP,SKIP,native-first,
906cb111a328b106c09e5d04087a5c81a1e41756a8b4dedcf0f64d12004e7b52,r,go,PASS,PASS,PASS,PASS,PASS,PASS,SKIP,SKIP,SKIP,compatibility-runtime,
906cb111a328b106c09e5d04087a5c81a1e41756a8b4dedcf0f64d12004e7b52,r,rust,PASS,PASS,PASS,PASS,PASS,PASS,SKIP,SKIP,SKIP,compatibility-runtime,
906cb111a328b106c09e5d04087a5c81a1e41756a8b4dedcf0f64d12004e7b52,r,cpp,PASS,PASS,PASS,PASS,PASS,FAIL,SKIP,SKIP,SKIP,compatibility-runtime,
906cb111a328b106c09e5d04087a5c81a1e41756a8b4dedcf0f64d12004e7b52,r,c,PASS,PASS,PASS,PASS,PASS,FAIL,SKIP,SKIP,SKIP,compatibility-runtime,
906cb111a328b106c09e5d04087a5c81a1e41756a8b4dedcf0f64d12004e7b52,r,python,PASS,PASS,PASS,PASS,PASS,PASS,SKIP,SKIP,SKIP,compatibility-runtime,
906cb111a328b106c09e5d04087a5c81a1e41756a8b4dedcf0f64d12004e7b52,r,zig,PASS,PASS,PASS,PASS,PASS,FAIL,SKIP,SKIP,SKIP,compatibility-runtime,
906cb111a328b106c09e5d04087a5c81a1e41756a8b4dedcf0f64d12004e7b52,r,julia,PASS,PASS,PASS,PASS,PASS,PASS,SKIP,SKIP,SKIP,compatibility-runtime,
906cb111a328b106c09e5d04087a5c81a1e41756a8b4dedcf0f64d12004e7b52,r,nim,PASS,PASS,PASS,PASS,PASS,FAIL,SKIP,SKIP,SKIP,compatibility-runtime,
906cb111a328b106c09e5d04087a5c81a1e41756a8b4dedcf0f64d12004e7b52,r,csharp,PASS,PASS,PASS,PASS,PASS,PASS,SKIP,SKIP,SKIP,compatibility-runtime,
906cb111a328b106c09e5d04087a5c81a1e41756a8b4dedcf0f64d12004e7b52,r,java,PASS,PASS,PASS,PASS,PASS,PASS,SKIP,SKIP,SKIP,compatibility-runtime,
906cb111a328b106c09e5d04087a5c81a1e41756a8b4dedcf0f64d12004e7b52,r,kotlin,PASS,PASS,PASS,PASS,PASS,PASS,SKIP,SKIP,SKIP,compatibility-runtime,
906cb111a328b106c09e5d04087a5c81a1e41756a8b4dedcf0f64d12004e7b52,r,swift,PASS,PASS,PASS,PASS,PASS,PASS,SKIP,SKIP,SKIP,compatibility-runtime,
4643898893cf9d80650e59e4bbdde86816b02c4714751cc88f6da0c497796a34,r,r,FAIL,FAIL,SKIP,SKIP,SKIP,SKIP,SKIP,SKIP,SKIP,DIRECT,RUNTIME_ROUTE_FAILED (stage=runtime)
4643898893cf9d80650e59e4bbdde86816b02c4714751cc88f6da0c497796a34,r,go,PASS,PASS,PASS,PASS,PASS,PASS,SKIP,SKIP,SKIP,compatibility-runtime,
4643898893cf9d80650e59e4bbdde86816b02c4714751cc88f6da0c497796a34,r,rust,PASS,PASS,PASS,PASS,PASS,PASS,SKIP,SKIP,SKIP,compatibility-runtime,
4643898893cf9d80650e59e4bbdde86816b02c4714751cc88f6da0c497796a34,r,cpp,PASS,PASS,PASS,PASS,PASS,FAIL,SKIP,SKIP,SKIP,compatibility-runtime,
4643898893cf9d80650e59e4bbdde86816b02c4714751cc88f6da0c497796a34,r,c,PASS,PASS,PASS,PASS,PASS,FAIL,SKIP,SKIP,SKIP,compatibility-runtime,
4643898893cf9d80650e59e4bbdde86816b02c4714751cc88f6da0c497796a34,r,python,PASS,PASS,PASS,PASS,PASS,PASS,SKIP,SKIP,SKIP,compatibility-runtime,
4643898893cf9d80650e59e4bbdde86816b02c4714751cc88f6da0c497796a34,r,zig,PASS,PASS,PASS,PASS,PASS,FAIL,SKIP,SKIP,SKIP,compatibility-runtime,
4643898893cf9d80650e59e4bbdde86816b02c4714751cc88f6da0c497796a34,r,julia,PASS,PASS,PASS,PASS,PASS,PASS,SKIP,SKIP,SKIP,compatibility-runtime,
4643898893cf9d80650e59e4bbdde86816b02c4714751cc88f6da0c497796a34,r,nim,PASS,PASS,PASS,PASS,PASS,FAIL,SKIP,SKIP,SKIP,compatibility-runtime,
4643898893cf9d80650e59e4bbdde86816b02c4714751cc88f6da0c497796a34,r,csharp,PASS,PASS,PASS,PASS,PASS,PASS,SKIP,SKIP,SKIP,compatibility-runtime,
4643898893cf9d80650e59e4bbdde86816b02c4714751cc88f6da0c497796a34,r,java,PASS,PASS,PASS,PASS,PASS,PASS,SKIP,SKIP,SKIP,compatibility-runtime,
4643898893cf9d80650e59e4bbdde86816b02c4714751cc88f6da0c497796a34,r,kotlin,PASS,PASS,PASS,PASS,PASS,PASS,SKIP,SKIP,SKIP,compatibility-runtime,
4643898893cf9d80650e59e4bbdde86816b02c4714751cc88f6da0c497796a34,r,swift,PASS,PASS,PASS,PASS,PASS,PASS,SKIP,SKIP,SKIP,compatibility-runtime,
5bf59179849f1c7cf99fa641017a193a0dccd24db89c6ba8a902c7674eca67fd,r,r,FAIL,FAIL,SKIP,SKIP,SKIP,SKIP,SKIP,SKIP,SKIP,DIRECT,RUNTIME_ROUTE_FAILED (stage=runtime)
5bf59179849f1c7cf99fa641017a193a0dccd24db89c6ba8a902c7674eca67fd,r,go,PASS,PASS,PASS,PASS,PASS,PASS,SKIP,SKIP,SKIP,compatibility-runtime,
5bf59179849f1c7cf99fa641017a193a0dccd24db89c6ba8a902c7674eca67fd,r,rust,PASS,PASS,PASS,PASS,PASS,PASS,SKIP,SKIP,SKIP,compatibility-runtime,
5bf59179849f1c7cf99fa641017a193a0dccd24db89c6ba8a902c7674eca67fd,r,cpp,PASS,PASS,PASS,PASS,PASS,FAIL,SKIP,SKIP,SKIP,compatibility-runtime,
5bf59179849f1c7cf99fa641017a193a0dccd24db89c6ba8a902c7674eca67fd,r,c,PASS,PASS,PASS,PASS,PASS,FAIL,SKIP,SKIP,SKIP,compatibility-runtime,
5bf59179849f1c7cf99fa641017a193a0dccd24db89c6ba8a902c7674eca67fd,r,python,PASS,PASS,PASS,PASS,PASS,PASS,SKIP,SKIP,SKIP,compatibility-runtime,
5bf59179849f1c7cf99fa641017a193a0dccd24db89c6ba8a902c7674eca67fd,r,zig,PASS,PASS,PASS,PASS,PASS,FAIL,SKIP,SKIP,SKIP,compatibility-runtime,
5bf59179849f1c7cf99fa641017a193a0dccd24db89c6ba8a902c7674eca67fd,r,julia,PASS,PASS,PASS,PASS,PASS,PASS,SKIP,SKIP,SKIP,compatibility-runtime,
5bf59179849f1c7cf99fa641017a193a0dccd24db89c6ba8a902c7674eca67fd,r,nim,PASS,PASS,PASS,PASS,PASS,FAIL,SKIP,SKIP,SKIP,compatibility-runtime,
5bf59179849f1c7cf99fa641017a193a0dccd24db89c6ba8a902c7674eca67fd,r,csharp,PASS,PASS,PASS,PASS,PASS,PASS,SKIP,SKIP,SKIP,compatibility-runtime,
5bf59179849f1c7cf99fa641017a193a0dccd24db89c6ba8a902c7674eca67fd,r,java,PASS,PASS,PASS,PASS,PASS,PASS,SKIP,SKIP,SKIP,compatibility-runtime,
5bf59179849f1c7cf99fa641017a193a0dccd24db89c6ba8a902c7674eca67fd,r,kotlin,PASS,PASS,PASS,PASS,PASS,PASS,SKIP,SKIP,SKIP,compatibility-runtime,
5bf59179849f1c7cf99fa641017a193a0dccd24db89c6ba8a902c7674eca67fd,r,swift,PASS,PASS,PASS,PASS,PASS,PASS,SKIP,SKIP,SKIP,compatibility-runtime,
f608b665f4d70d7f2f0600e781d537bc7a851fd377d82e4fd74fb201b3e79cbe,r,r,PASS,PASS,PASS,PASS,PASS,PASS,SKIP,SKIP,SKIP,native-first,
f608b665f4d70d7f2f0600e781d537bc7a851fd377d82e4fd74fb201b3e79cbe,r,go,PASS,PASS,PASS,PASS,PASS,PASS,SKIP,SKIP,SKIP,compatibility-runtime,
f608b665f4d70d7f2f0600e781d537bc7a851fd377d82e4fd74fb201b3e79cbe,r,rust,PASS,PASS,PASS,PASS,PASS,PASS,SKIP,SKIP,SKIP,compatibility-runtime,
f608b665f4d70d7f2f0600e781d537bc7a851fd377d82e4fd74fb201b3e79cbe,r,cpp,PASS,PASS,PASS,PASS,PASS,FAIL,SKIP,SKIP,SKIP,compatibility-runtime,
f608b665f4d70d7f2f0600e781d537bc7a851fd377d82e4fd74fb201b3e79cbe,r,c,PASS,PASS,PASS,PASS,PASS,FAIL,SKIP,SKIP,SKIP,compatibility-runtime,
f608b665f4d70d7f2f0600e781d537bc7a851fd377d82e4fd74fb201b3e79cbe,r,python,PASS,PASS,PASS,PASS,PASS,PASS,SKIP,SKIP,SKIP,compatibility-runtime,
f608b665f4d70d7f2f0600e781d537bc7a851fd377d82e4fd74fb201b3e79cbe,r,zig,PASS,PASS,PASS,PASS,PASS,FAIL,SKIP,SKIP,SKIP,compatibility-runtime,
f608b665f4d70d7f2f0600e781d537bc7a851fd377d82e4fd74fb201b3e79cbe,r,julia,PASS,PASS,PASS,PASS,PASS,PASS,SKIP,SKIP,SKIP,compatibility-runtime,
f608b665f4d70d7f2f0600e781d537bc7a851fd377d82e4fd74fb201b3e79cbe,r,nim,PASS,PASS,PASS,PASS,PASS,FAIL,SKIP,SKIP,SKIP,compatibility-runtime,
f608b665f4d70d7f2f0600e781d537bc7a851fd377d82e4fd74fb201b3e79cbe,r,csharp,PASS,PASS,PASS,PASS,PASS,PASS,SKIP,SKIP,SKIP,compatibility-runtime,
f608b665f4d70d7f2f0600e781d537bc7a851fd377d82e4fd74fb201b3e79cbe,r,java,PASS,PASS,PASS,PASS,PASS,PASS,SKIP,SKIP,SKIP,compatibility-runtime,
f608b665f4d70d7f2f0600e781d537bc7a851fd377d82e4fd74fb201b3e79cbe,r,kotlin,PASS,PASS,PASS,PASS,PASS,PASS,SKIP,SKIP,SKIP,compatibility-runtime,
f608b665f4d70d7f2f0600e781d537bc7a851fd377d82e4fd74fb201b3e79cbe,r,swift,PASS,PASS,PASS,PASS,PASS,PASS,SKIP,SKIP,SKIP,compatibility-runtime,
f998da52e73a9f5df450204163cdc9623f89dd58ceecfee23cddec10f6a514c6,r,r,PASS,PASS,PASS,PASS,PASS,PASS,SKIP,SKIP,SKIP,native-first,
f998da52e73a9f5df450204163cdc9623f89dd58ceecfee23cddec10f6a514c6,r,go,PASS,PASS,PASS,PASS,PASS,PASS,SKIP,SKIP,SKIP,compatibility-runtime,
f998da52e73a9f5df450204163cdc9623f89dd58ceecfee23cddec10f6a514c6,r,rust,PASS,PASS,PASS,PASS,PASS,PASS,SKIP,SKIP,SKIP,compatibility-runtime,
f998da52e73a9f5df450204163cdc9623f89dd58ceecfee23cddec10f6a514c6,r,cpp,PASS,PASS,PASS,PASS,PASS,FAIL,SKIP,SKIP,SKIP,compatibility-runtime,
f998da52e73a9f5df450204163cdc9623f89dd58ceecfee23cddec10f6a514c6,r,c,PASS,PASS,PASS,PASS,PASS,FAIL,SKIP,SKIP,SKIP,compatibility-runtime,
f998da52e73a9f5df450204163cdc9623f89dd58ceecfee23cddec10f6a514c6,r,python,PASS,PASS,PASS,PASS,PASS,PASS,SKIP,SKIP,SKIP,compatibility-runtime,
f998da52e73a9f5df450204163cdc9623f89dd58ceecfee23cddec10f6a514c6,r,zig,PASS,PASS,PASS,PASS,PASS,FAIL,SKIP,SKIP,SKIP,compatibility-runtime,
f998da52e73a9f5df450204163cdc9623f89dd58ceecfee23cddec10f6a514c6,r,julia,PASS,PASS,PASS,PASS,PASS,PASS,SKIP,SKIP,SKIP,compatibility-runtime,
f998da52e73a9f5df450204163cdc9623f89dd58ceecfee23cddec10f6a514c6,r,nim,PASS,PASS,PASS,PASS,PASS,FAIL,SKIP,SKIP,SKIP,compatibility-runtime,
f998da52e73a9f5df450204163cdc9623f89dd58ceecfee23cddec10f6a514c6,r,csharp,PASS,PASS,PASS,PASS,PASS,PASS,SKIP,SKIP,SKIP,compatibility-runtime,
f998da52e73a9f5df450204163cdc9623f89dd58ceecfee23cddec10f6a514c6,r,java,PASS,PASS,PASS,PASS,PASS,PASS,SKIP,SKIP,SKIP,compatibility-runtime,
f998da52e73a9f5df450204163cdc9623f89dd58ceecfee23cddec10f6a514c6,r,kotlin,PASS,PASS,PASS,PASS,PASS,PASS,SKIP,SKIP,SKIP,compatibility-runtime,
f998da52e73a9f5df450204163cdc9623f89dd58ceecfee23cddec10f6a514c6,r,swift,PASS,PASS,PASS,PASS,PASS,PASS,SKIP,SKIP,SKIP,compatibility-runtime,
deb133dfd2db714d42c03de5d6f941c3be544f010d83c39bdced8075b1e7af23,r,r,FAIL,FAIL,SKIP,SKIP,SKIP,SKIP,SKIP,SKIP,SKIP,DIRECT,RUNTIME_ROUTE_FAILED (stage=runtime)
deb133dfd2db714d42c03de5d6f941c3be544f010d83c39bdced8075b1e7af23,r,go,PASS,PASS,PASS,PASS,PASS,PASS,SKIP,SKIP,SKIP,compatibility-runtime,
deb133dfd2db714d42c03de5d6f941c3be544f010d83c39bdced8075b1e7af23,r,rust,PASS,PASS,PASS,PASS,PASS,PASS,SKIP,SKIP,SKIP,compatibility-runtime,
deb133dfd2db714d42c03de5d6f941c3be544f010d83c39bdced8075b1e7af23,r,cpp,PASS,PASS,PASS,PASS,PASS,FAIL,SKIP,SKIP,SKIP,compatibility-runtime,
deb133dfd2db714d42c03de5d6f941c3be544f010d83c39bdced8075b1e7af23,r,c,PASS,PASS,PASS,PASS,PASS,FAIL,SKIP,SKIP,SKIP,compatibility-runtime,
deb133dfd2db714d42c03de5d6f941c3be544f010d83c39bdced8075b1e7af23,r,python,PASS,PASS,PASS,PASS,PASS,PASS,SKIP,SKIP,SKIP,compatibility-runtime,
deb133dfd2db714d42c03de5d6f941c3be544f010d83c39bdced8075b1e7af23,r,zig,PASS,PASS,PASS,PASS,PASS,FAIL,SKIP,SKIP,SKIP,compatibility-runtime,
deb133dfd2db714d42c03de5d6f941c3be544f010d83c39bdced8075b1e7af23,r,julia,PASS,PASS,PASS,PASS,PASS,PASS,SKIP,SKIP,SKIP,compatibility-runtime,
deb133dfd2db714d42c03de5d6f941c3be544f010d83c39bdced8075b1e7af23,r,nim,PASS,PASS,PASS,PASS,PASS,FAIL,SKIP,SKIP,SKIP,compatibility-runtime,
deb133dfd2db714d42c03de5d6f941c3be544f010d83c39bdced8075b1e7af23,r,csharp,PASS,PASS,PASS,PASS,PASS,PASS,SKIP,SKIP,SKIP,compatibility-runtime,
deb133dfd2db714d42c03de5d6f941c3be544f010d83c39bdced8075b1e7af23,r,java,PASS,PASS,PASS,PASS,PASS,PASS,SKIP,SKIP,SKIP,compatibility-runtime,
deb133dfd2db714d42c03de5d6f941c3be544f010d83c39bdced8075b1e7af23,r,kotlin,PASS,PASS,PASS,PASS,PASS,PASS,SKIP,SKIP,SKIP,compatibility-runtime,
deb133dfd2db714d42c03de5d6f941c3be544f010d83c39bdced8075b1e7af23,r,swift,PASS,PASS,PASS,PASS,PASS,PASS,SKIP,SKIP,SKIP,compatibility-runtime,
4cf62bf9fdf5caf3980234057fbb66e511d8c13ce7faa3ede3859718467f264e,r,r,FAIL,FAIL,SKIP,SKIP,SKIP,SKIP,SKIP,SKIP,SKIP,DIRECT,RUNTIME_ROUTE_FAILED (stage=runtime)
4cf62bf9fdf5caf3980234057fbb66e511d8c13ce7faa3ede3859718467f264e,r,go,PASS,PASS,PASS,PASS,PASS,PASS,SKIP,SKIP,SKIP,compatibility-runtime,
4cf62bf9fdf5caf3980234057fbb66e511d8c13ce7faa3ede3859718467f264e,r,rust,PASS,PASS,PASS,PASS,PASS,PASS,SKIP,SKIP,SKIP,compatibility-runtime,
4cf62bf9fdf5caf3980234057fbb66e511d8c13ce7faa3ede3859718467f264e,r,cpp,PASS,PASS,PASS,PASS,PASS,FAIL,SKIP,SKIP,SKIP,compatibility-runtime,
4cf62bf9fdf5caf3980234057fbb66e511d8c13ce7faa3ede3859718467f264e,r,c,PASS,PASS,PASS,PASS,PASS,FAIL,SKIP,SKIP,SKIP,compatibility-runtime,
4cf62bf9fdf5caf3980234057fbb66e511d8c13ce7faa3ede3859718467f264e,r,python,PASS,PASS,PASS,PASS,PASS,PASS,SKIP,SKIP,SKIP,compatibility-runtime,
4cf62bf9fdf5caf3980234057fbb66e511d8c13ce7faa3ede3859718467f264e,r,zig,PASS,PASS,PASS,PASS,PASS,FAIL,SKIP,SKIP,SKIP,compatibility-runtime,
4cf62bf9fdf5caf3980234057fbb66e511d8c13ce7faa3ede3859718467f264e,r,julia,PASS,PASS,PASS,PASS,PASS,PASS,SKIP,SKIP,SKIP,compatibility-runtime,
4cf62bf9fdf5caf3980234057fbb66e511d8c13ce7faa3ede3859718467f264e,r,nim,PASS,PASS,PASS,PASS,PASS,FAIL,SKIP,SKIP,SKIP,compatibility-runtime,
4cf62bf9fdf5caf3980234057fbb66e511d8c13ce7faa3ede3859718467f264e,r,csharp,PASS,PASS,PASS,PASS,PASS,PASS,SKIP,SKIP,SKIP,compatibility-runtime,
4cf62bf9fdf5caf3980234057fbb66e511d8c13ce7faa3ede3859718467f264e,r,java,PASS,PASS,PASS,PASS,PASS,PASS,SKIP,SKIP,SKIP,compatibility-runtime,
4cf62bf9fdf5caf3980234057fbb66e511d8c13ce7faa3ede3859718467f264e,r,kotlin,PASS,PASS,PASS,PASS,PASS,PASS,SKIP,SKIP,SKIP,compatibility-runtime,
4cf62bf9fdf5caf3980234057fbb66e511d8c13ce7faa3ede3859718467f264e,r,swift,PASS,PASS,PASS,PASS,PASS,PASS,SKIP,SKIP,SKIP,compatibility-runtime,
36e0578cf880b32566902ab7d04289fcfe11ec1dee071cbaf4bb39ed135aee29,go,r,PASS,PASS,PASS,PASS,PASS,PASS,SKIP,SKIP,SKIP,native-first,
36e0578cf880b32566902ab7d04289fcfe11ec1dee071cbaf4bb39ed135aee29,go,go,PASS,PASS,PASS,PASS,PASS,PASS,SKIP,SKIP,SKIP,compatibility-runtime,
36e0578cf880b32566902ab7d04289fcfe11ec1dee071cbaf4bb39ed135aee29,go,rust,PASS,PASS,PASS,PASS,PASS,PASS,SKIP,SKIP,SKIP,compatibility-runtime,
36e0578cf880b32566902ab7d04289fcfe11ec1dee071cbaf4bb39ed135aee29,go,cpp,PASS,PASS,PASS,PASS,PASS,FAIL,SKIP,SKIP,SKIP,compatibility-runtime,
36e0578cf880b32566902ab7d04289fcfe11ec1dee071cbaf4bb39ed135aee29,go,c,PASS,PASS,PASS,PASS,PASS,FAIL,SKIP,SKIP,SKIP,compatibility-runtime,
36e0578cf880b32566902ab7d04289fcfe11ec1dee071cbaf4bb39ed135aee29,go,python,PASS,PASS,PASS,PASS,PASS,PASS,SKIP,SKIP,SKIP,compatibility-runtime,
36e0578cf880b32566902ab7d04289fcfe11ec1dee071cbaf4bb39ed135aee29,go,zig,PASS,PASS,PASS,PASS,PASS,FAIL,SKIP,SKIP,SKIP,compatibility-runtime,
36e0578cf880b32566902ab7d04289fcfe11ec1dee071cbaf4bb39ed135aee29,go,julia,PASS,PASS,PASS,PASS,PASS,PASS,SKIP,SKIP,SKIP,compatibility-runtime,
36e0578cf880b32566902ab7d04289fcfe11ec1dee071cbaf4bb39ed135aee29,go,nim,PASS,PASS,PASS,PASS,PASS,FAIL,SKIP,SKIP,SKIP,compatibility-runtime,
36e0578cf880b32566902ab7d04289fcfe11ec1dee071cbaf4bb39ed135aee29,go,csharp,PASS,PASS,PASS,PASS,PASS,PASS,SKIP,SKIP,SKIP,compatibility-runtime,
36e0578cf880b32566902ab7d04289fcfe11ec1dee071cbaf4bb39ed135aee29,go,java,PASS,PASS,PASS,PASS,PASS,PASS,SKIP,SKIP,SKIP,compatibility-runtime,
36e0578cf880b32566902ab7d04289fcfe11ec1dee071cbaf4bb39ed135aee29,go,kotlin,PASS,PASS,PASS,PASS,PASS,PASS,SKIP,SKIP,SKIP,compatibility-runtime,
36e0578cf880b32566902ab7d04289fcfe11ec1dee071cbaf4bb39ed135aee29,go,swift,PASS,PASS,PASS,PASS,PASS,PASS,SKIP,SKIP,SKIP,compatibility-runtime,
141ccfd02b6e62350d6bbd5c8b2a0c3ce0d590d506e61ec7e53d6c25adf981d0,go,r,PASS,PASS,PASS,PASS,PASS,PASS,SKIP,SKIP,SKIP,native-first,
141ccfd02b6e62350d6bbd5c8b2a0c3ce0d590d506e61ec7e53d6c25adf981d0,go,go,PASS,PASS,PASS,PASS,PASS,PASS,SKIP,SKIP,SKIP,compatibility-runtime,
141ccfd02b6e62350d6bbd5c8b2a0c3ce0d590d506e61ec7e53d6c25adf981d0,go,rust,PASS,PASS,PASS,PASS,PASS,PASS,SKIP,SKIP,SKIP,compatibility-runtime,
141ccfd02b6e62350d6bbd5c8b2a0c3ce0d590d506e61ec7e53d6c25adf981d0,go,cpp,PASS,PASS,PASS,PASS,PASS,FAIL,SKIP,SKIP,SKIP,compatibility-runtime,
141ccfd02b6e62350d6bbd5c8b2a0c3ce0d590d506e61ec7e53d6c25adf981d0,go,c,PASS,PASS,PASS,PASS,PASS,FAIL,SKIP,SKIP,SKIP,compatibility-runtime,
141ccfd02b6e62350d6bbd5c8b2a0c3ce0d590d506e61ec7e53d6c25adf981d0,go,python,PASS,PASS,PASS,PASS,PASS,PASS,SKIP,SKIP,SKIP,compatibility-runtime,
141ccfd02b6e62350d6bbd5c8b2a0c3ce0d590d506e61ec7e53d6c25adf981d0,go,zig,PASS,PASS,PASS,PASS,PASS,FAIL,SKIP,SKIP,SKIP,compatibility-runtime,
141ccfd02b6e62350d6bbd5c8b2a0c3ce0d590d506e61ec7e53d6c25adf981d0,go,julia,PASS,PASS,PASS,PASS,PASS,PASS,SKIP,SKIP,SKIP,compatibility-runtime,
141ccfd02b6e62350d6bbd5c8b2a0c3ce0d590d506e61ec7e53d6c25adf981d0,go,nim,PASS,PASS,PASS,PASS,PASS,FAIL,SKIP,SKIP,SKIP,compatibility-runtime,
141ccfd02b6e62350d6bbd5c8b2a0c3ce0d590d506e61ec7e53d6c25adf981d0,go,csharp,PASS,PASS,PASS,PASS,PASS,PASS,SKIP,SKIP,SKIP,compatibility-runtime,
141ccfd02b6e62350d6bbd5c8b2a0c3ce0d590d506e61ec7e53d6c25adf981d0,go,java,PASS,PASS,PASS,PASS,PASS,PASS,SKIP,SKIP,SKIP,compatibility-runtime,
141ccfd02b6e62350d6bbd5c8b2a0c3ce0d590d506e61ec7e53d6c25adf981d0,go,kotlin,PASS,PASS,PASS,PASS,PASS,PASS,SKIP,SKIP,SKIP,compatibility-runtime,
141ccfd02b6e62350d6bbd5c8b2a0c3ce0d590d506e61ec7e53d6c25adf981d0,go,swift,PASS,PASS,PASS,PASS,PASS,PASS,SKIP,SKIP,SKIP,compatibility-runtime,
59bc465b09e8dc2f18fa782ebbcc032bd52cd980bbd8d602ddf8e87624e9d25d,go,r,FAIL,FAIL,SKIP,SKIP,SKIP,SKIP,SKIP,SKIP,SKIP,DIRECT,RUNTIME_ROUTE_FAILED (stage=runtime)
59bc465b09e8dc2f18fa782ebbcc032bd52cd980bbd8d602ddf8e87624e9d25d,go,go,PASS,PASS,PASS,PASS,PASS,PASS,SKIP,SKIP,SKIP,compatibility-runtime,
59bc465b09e8dc2f18fa782ebbcc032bd52cd980bbd8d602ddf8e87624e9d25d,go,rust,PASS,PASS,PASS,PASS,PASS,PASS,SKIP,SKIP,SKIP,compatibility-runtime,
59bc465b09e8dc2f18fa782ebbcc032bd52cd980bbd8d602ddf8e87624e9d25d,go,cpp,PASS,PASS,PASS,PASS,PASS,FAIL,SKIP,SKIP,SKIP,compatibility-runtime,
59bc465b09e8dc2f18fa782ebbcc032bd52cd980bbd8d602ddf8e87624e9d25d,go,c,PASS,PASS,PASS,PASS,PASS,FAIL,SKIP,SKIP,SKIP,compatibility-runtime,
59bc465b09e8dc2f18fa782ebbcc032bd52cd980bbd8d602ddf8e87624e9d25d,go,python,PASS,PASS,PASS,PASS,PASS,PASS,SKIP,SKIP,SKIP,compatibility-runtime,
59bc465b09e8dc2f18fa782ebbcc032bd52cd980bbd8d602ddf8e87624e9d25d,go,zig,PASS,PASS,PASS,PASS,PASS,FAIL,SKIP,SKIP,SKIP,compatibility-runtime,
59bc465b09e8dc2f18fa782ebbcc032bd52cd980bbd8d602ddf8e87624e9d25d,go,julia,PASS,PASS,PASS,PASS,PASS,PASS,SKIP,SKIP,SKIP,compatibility-runtime,
59bc465b09e8dc2f18fa782ebbcc032bd52cd980bbd8d602ddf8e87624e9d25d,go,nim,PASS,PASS,PASS,PASS,PASS,FAIL,SKIP,SKIP,SKIP,compatibility-runtime,
59bc465b09e8dc2f18fa782ebbcc032bd52cd980bbd8d602ddf8e87624e9d25d,go,csharp,PASS,PASS,PASS,PASS,PASS,PASS,SKIP,SKIP,SKIP,compatibility-runtime,
59bc465b09e8dc2f18fa782ebbcc032bd52cd980bbd8d602ddf8e87624e9d25d,go,java,PASS,PASS,PASS,PASS,PASS,PASS,SKIP,SKIP,SKIP,compatibility-runtime,
59bc465b09e8dc2f18fa782ebbcc032bd52cd980bbd8d602ddf8e87624e9d25d,go,kotlin,PASS,PASS,PASS,PASS,PASS,PASS,SKIP,SKIP,SKIP,compatibility-runtime,
59bc465b09e8dc2f18fa782ebbcc032bd52cd980bbd8d602ddf8e87624e9d25d,go,swift,PASS,PASS,PASS,PASS,PASS,PASS,SKIP,SKIP,SKIP,compatibility-runtime,
12a04336eeab5a213d08f3a8f0500abc87db6679768c55ac0a0cb22fe91980ec,go,r,FAIL,FAIL,SKIP,SKIP,SKIP,SKIP,SKIP,SKIP,SKIP,DIRECT,RUNTIME_ROUTE_FAILED (stage=runtime)
12a04336eeab5a213d08f3a8f0500abc87db6679768c55ac0a0cb22fe91980ec,go,go,PASS,PASS,PASS,PASS,PASS,PASS,SKIP,SKIP,SKIP,compatibility-runtime,
12a04336eeab5a213d08f3a8f0500abc87db6679768c55ac0a0cb22fe91980ec,go,rust,PASS,PASS,PASS,PASS,PASS,PASS,SKIP,SKIP,SKIP,compatibility-runtime,
12a04336eeab5a213d08f3a8f0500abc87db6679768c55ac0a0cb22fe91980ec,go,cpp,PASS,PASS,PASS,PASS,PASS,FAIL,SKIP,SKIP,SKIP,compatibility-runtime,
12a04336eeab5a213d08f3a8f0500abc87db6679768c55ac0a0cb22fe91980ec,go,c,PASS,PASS,PASS,PASS,PASS,FAIL,SKIP,SKIP,SKIP,compatibility-runtime,
12a04336eeab5a213d08f3a8f0500abc87db6679768c55ac0a0cb22fe91980ec,go,python,PASS,PASS,PASS,PASS,PASS,PASS,SKIP,SKIP,SKIP,compatibility-runtime,
12a04336eeab5a213d08f3a8f0500abc87db6679768c55ac0a0cb22fe91980ec,go,zig,PASS,PASS,PASS,PASS,PASS,FAIL,SKIP,SKIP,SKIP,compatibility-runtime,
12a04336eeab5a213d08f3a8f0500abc87db6679768c55ac0a0cb22fe91980ec,go,julia,PASS,PASS,PASS,PASS,PASS,PASS,SKIP,SKIP,SKIP,compatibility-runtime,
12a04336eeab5a213d08f3a8f0500abc87db6679768c55ac0a0cb22fe91980ec,go,nim,PASS,PASS,PASS,PASS,PASS,FAIL,SKIP,SKIP,SKIP,compatibility-runtime,
12a04336eeab5a213d08f3a8f0500abc87db6679768c55ac0a0cb22fe91980ec,go,csharp,PASS,PASS,PASS,PASS,PASS,PASS,SKIP,SKIP,SKIP,compatibility-runtime,
12a04336eeab5a213d08f3a8f0500abc87db6679768c55ac0a0cb22fe91980ec,go,java,PASS,PASS,PASS,PASS,PASS,PASS,SKIP,SKIP,SKIP,compatibility-runtime,
12a04336eeab5a213d08f3a8f0500abc87db6679768c55ac0a0cb22fe91980ec,go,kotlin,PASS,PASS,PASS,PASS,PASS,PASS,SKIP,SKIP,SKIP,compatibility-runtime,
12a04336eeab5a213d08f3a8f0500abc87db6679768c55ac0a0cb22fe91980ec,go,swift,PASS,PASS,PASS,PASS,PASS,PASS,SKIP,SKIP,SKIP,compatibility-runtime,
bca7813eadf1d35cb42db8acfd4596b816c3329c577e3f124fcc6893d52ded9f,go,r,PASS,PASS,PASS,PASS,PASS,PASS,SKIP,SKIP,SKIP,native-first,
bca7813eadf1d35cb42db8acfd4596b816c3329c577e3f124fcc6893d52ded9f,go,go,PASS,PASS,PASS,PASS,PASS,PASS,SKIP,SKIP,SKIP,compatibility-runtime,
bca7813eadf1d35cb42db8acfd4596b816c3329c577e3f124fcc6893d52ded9f,go,rust,PASS,PASS,PASS,PASS,PASS,PASS,SKIP,SKIP,SKIP,compatibility-runtime,
bca7813eadf1d35cb42db8acfd4596b816c3329c577e3f124fcc6893d52ded9f,go,cpp,PASS,PASS,PASS,PASS,PASS,FAIL,SKIP,SKIP,SKIP,compatibility-runtime,
bca7813eadf1d35cb42db8acfd4596b816c3329c577e3f124fcc6893d52ded9f,go,c,PASS,PASS,PASS,PASS,PASS,FAIL,SKIP,SKIP,SKIP,compatibility-runtime,
bca7813eadf1d35cb42db8acfd4596b816c3329c577e3f124fcc6893d52ded9f,go,python,PASS,PASS,PASS,PASS,PASS,PASS,SKIP,SKIP,SKIP,compatibility-runtime,
bca7813eadf1d35cb42db8acfd4596b816c3329c577e3f124fcc6893d52ded9f,go,zig,PASS,PASS,PASS,PASS,PASS,FAIL,SKIP,SKIP,SKIP,compatibility-runtime,
bca7813eadf1d35cb42db8acfd4596b816c3329c577e3f124fcc6893d52ded9f,go,julia,PASS,PASS,PASS,PASS,PASS,PASS,SKIP,SKIP,SKIP,compatibility-runtime,
bca7813eadf1d35cb42db8acfd4596b816c3329c577e3f124fcc6893d52ded9f,go,nim,PASS,PASS,PASS,PASS,PASS,FAIL,SKIP,SKIP,SKIP,compatibility-runtime,
bca7813eadf1d35cb42db8acfd4596b816c3329c577e3f124fcc6893d52ded9f,go,csharp,PASS,PASS,PASS,PASS,PASS,PASS,SKIP,SKIP,SKIP,compatibility-runtime,
bca7813eadf1d35cb42db8acfd4596b816c3329c577e3f124fcc6893d52ded9f,go,java,PASS,PASS,PASS,PASS,PASS,PASS,SKIP,SKIP,SKIP,compatibility-runtime,
bca7813eadf1d35cb42db8acfd4596b816c3329c577e3f124fcc6893d52ded9f,go,kotlin,PASS,PASS,PASS,PASS,PASS,PASS,SKIP,SKIP,SKIP,compatibility-runtime,
bca7813eadf1d35cb42db8acfd4596b816c3329c577e3f124fcc6893d52ded9f,go,swift,PASS,PASS,PASS,PASS,PASS,PASS,SKIP,SKIP,SKIP,compatibility-runtime,
f6daef61f67242a4be5955a40ebbb746ef5ae89d283a8c4dfa810bd1988321bd,go,r,PASS,PASS,PASS,PASS,PASS,PASS,SKIP,SKIP,SKIP,native-first,
f6daef61f67242a4be5955a40ebbb746ef5ae89d283a8c4dfa810bd1988321bd,go,go,PASS,PASS,PASS,PASS,PASS,PASS,SKIP,SKIP,SKIP,compatibility-runtime,
f6daef61f67242a4be5955a40ebbb746ef5ae89d283a8c4dfa810bd1988321bd,go,rust,PASS,PASS,PASS,PASS,PASS,PASS,SKIP,SKIP,SKIP,compatibility-runtime,
f6daef61f67242a4be5955a40ebbb746ef5ae89d283a8c4dfa810bd1988321bd,go,cpp,PASS,PASS,PASS,PASS,PASS,FAIL,SKIP,SKIP,SKIP,compatibility-runtime,
f6daef61f67242a4be5955a40ebbb746ef5ae89d283a8c4dfa810bd1988321bd,go,c,PASS,PASS,PASS,PASS,PASS,FAIL,SKIP,SKIP,SKIP,compatibility-runtime,
f6daef61f67242a4be5955a40ebbb746ef5ae89d283a8c4dfa810bd1988321bd,go,python,PASS,PASS,PASS,PASS,PASS,PASS,SKIP,SKIP,SKIP,compatibility-runtime,
f6daef61f67242a4be5955a40ebbb746ef5ae89d283a8c4dfa810bd1988321bd,go,zig,PASS,PASS,PASS,PASS,PASS,FAIL,SKIP,SKIP,SKIP,compatibility-runtime,
f6daef61f67242a4be5955a40ebbb746ef5ae89d283a8c4dfa810bd1988321bd,go,julia,PASS,PASS,PASS,PASS,PASS,PASS,SKIP,SKIP,SKIP,compatibility-runtime,
f6daef61f67242a4be5955a40ebbb746ef5ae89d283a8c4dfa810bd1988321bd,go,nim,PASS,PASS,PASS,PASS,PASS,FAIL,SKIP,SKIP,SKIP,compatibility-runtime,
f6daef61f67242a4be5955a40ebbb746ef5ae89d283a8c4dfa810bd1988321bd,go,csharp,PASS,PASS,PASS,PASS,PASS,PASS,SKIP,SKIP,SKIP,compatibility-runtime,
f6daef61f67242a4be5955a40ebbb746ef5ae89d283a8c4dfa810bd1988321bd,go,java,PASS,PASS,PASS,PASS,PASS,PASS,SKIP,SKIP,SKIP,compatibility-runtime,
f6daef61f67242a4be5955a40ebbb746ef5ae89d283a8c4dfa810bd1988321bd,go,kotlin,PASS,PASS,PASS,PASS,PASS,PASS,SKIP,SKIP,SKIP,compatibility-runtime,
f6daef61f67242a4be5955a40ebbb746ef5ae89d283a8c4dfa810bd1988321bd,go,swift,PASS,PASS,PASS,PASS,PASS,PASS,SKIP,SKIP,SKIP,compatibility-runtime,
981b2f9d7c01b368c37193d8c4ee5c3e9f0fd46d8071b9fc44b3154a0c22a407,go,r,PASS,PASS,PASS,PASS,PASS,PASS,SKIP,SKIP,SKIP,native-first,
981b2f9d7c01b368c37193d8c4ee5c3e9f0fd46d8071b9fc44b3154a0c22a407,go,go,PASS,PASS,PASS,PASS,PASS,PASS,SKIP,SKIP,SKIP,compatibility-runtime,
981b2f9d7c01b368c37193d8c4ee5c3e9f0fd46d8071b9fc44b3154a0c22a407,go,rust,PASS,PASS,PASS,PASS,PASS,PASS,SKIP,SKIP,SKIP,compatibility-runtime,
981b2f9d7c01b368c37193d8c4ee5c3e9f0fd46d8071b9fc44b3154a0c22a407,go,cpp,PASS,PASS,PASS,PASS,PASS,FAIL,SKIP,SKIP,SKIP,compatibility-runtime,
981b2f9d7c01b368c37193d8c4ee5c3e9f0fd46d8071b9fc44b3154a0c22a407,go,c,PASS,PASS,PASS,PASS,PASS,FAIL,SKIP,SKIP,SKIP,compatibility-runtime,
981b2f9d7c01b368c37193d8c4ee5c3e9f0fd46d8071b9fc44b3154a0c22a407,go,python,PASS,PASS,PASS,PASS,PASS,PASS,SKIP,SKIP,SKIP,compatibility-runtime,
981b2f9d7c01b368c37193d8c4ee5c3e9f0fd46d8071b9fc44b3154a0c22a407,go,zig,PASS,PASS,PASS,PASS,PASS,FAIL,SKIP,SKIP,SKIP,compatibility-runtime,
981b2f9d7c01b368c37193d8c4ee5c3e9f0fd46d8071b9fc44b3154a0c22a407,go,julia,PASS,PASS,PASS,PASS,PASS,PASS,SKIP,SKIP,SKIP,compatibility-runtime,
981b2f9d7c01b368c37193d8c4ee5c3e9f0fd46d8071b9fc44b3154a0c22a407,go,nim,PASS,PASS,PASS,PASS,PASS,FAIL,SKIP,SKIP,SKIP,compatibility-runtime,
981b2f9d7c01b368c37193d8c4ee5c3e9f0fd46d8071b9fc44b3154a0c22a407,go,csharp,PASS,PASS,PASS,PASS,PASS,PASS,SKIP,SKIP,SKIP,compatibility-runtime,
981b2f9d7c01b368c37193d8c4ee5c3e9f0fd46d8071b9fc44b3154a0c22a407,go,java,PASS,PASS,PASS,PASS,PASS,PASS,SKIP,SKIP,SKIP,compatibility-runtime,
981b2f9d7c01b368c37193d8c4ee5c3e9f0fd46d8071b9fc44b3154a0c22a407,go,kotlin,PASS,PASS,PASS,PASS,PASS,PASS,SKIP,SKIP,SKIP,compatibility-runtime,
981b2f9d7c01b368c37193d8c4ee5c3e9f0fd46d8071b9fc44b3154a0c22a407,go,swift,PASS,PASS,PASS,PASS,PASS,PASS,SKIP,SKIP,SKIP,compatibility-runtime,
e11e5656d92be9d06fbfebabcbba8bab9c5633ae5d85de11205c2e3be642e375,go,r,FAIL,FAIL,SKIP,SKIP,SKIP,SKIP,SKIP,SKIP,SKIP,DIRECT,RUNTIME_ROUTE_FAILED (stage=runtime)
e11e5656d92be9d06fbfebabcbba8bab9c5633ae5d85de11205c2e3be642e375,go,go,PASS,PASS,PASS,PASS,PASS,PASS,SKIP,SKIP,SKIP,compatibility-runtime,
e11e5656d92be9d06fbfebabcbba8bab9c5633ae5d85de11205c2e3be642e375,go,rust,PASS,PASS,PASS,PASS,PASS,PASS,SKIP,SKIP,SKIP,compatibility-runtime,
e11e5656d92be9d06fbfebabcbba8bab9c5633ae5d85de11205c2e3be642e375,go,cpp,PASS,PASS,PASS,PASS,PASS,FAIL,SKIP,SKIP,SKIP,compatibility-runtime,
e11e5656d92be9d06fbfebabcbba8bab9c5633ae5d85de11205c2e3be642e375,go,c,PASS,PASS,PASS,PASS,PASS,FAIL,SKIP,SKIP,SKIP,compatibility-runtime,
e11e5656d92be9d06fbfebabcbba8bab9c5633ae5d85de11205c2e3be642e375,go,python,PASS,PASS,PASS,PASS,PASS,PASS,SKIP,SKIP,SKIP,compatibility-runtime,
e11e5656d92be9d06fbfebabcbba8bab9c5633ae5d85de11205c2e3be642e375,go,zig,PASS,PASS,PASS,PASS,PASS,FAIL,SKIP,SKIP,SKIP,compatibility-runtime,
e11e5656d92be9d06fbfebabcbba8bab9c5633ae5d85de11205c2e3be642e375,go,julia,PASS,PASS,PASS,PASS,PASS,PASS,SKIP,SKIP,SKIP,compatibility-runtime,
e11e5656d92be9d06fbfebabcbba8bab9c5633ae5d85de11205c2e3be642e375,go,nim,PASS,PASS,PASS,PASS,PASS,FAIL,SKIP,SKIP,SKIP,compatibility-runtime,
e11e5656d92be9d06fbfebabcbba8bab9c5633ae5d85de11205c2e3be642e375,go,csharp,PASS,PASS,PASS,PASS,PASS,PASS,SKIP,SKIP,SKIP,compatibility-runtime,
e11e5656d92be9d06fbfebabcbba8bab9c5633ae5d85de11205c2e3be642e375,go,java,PASS,PASS,PASS,PASS,PASS,PASS,SKIP,SKIP,SKIP,compatibility-runtime,
e11e5656d92be9d06fbfebabcbba8bab9c5633ae5d85de11205c2e3be642e375,go,kotlin,PASS,PASS,PASS,PASS,PASS,PASS,SKIP,SKIP,SKIP,compatibility-runtime,
e11e5656d92be9d06fbfebabcbba8bab9c5633ae5d85de11205c2e3be642e375,go,swift,PASS,PASS,PASS,PASS,PASS,PASS,SKIP,SKIP,SKIP,compatibility-runtime,
0ef308e285e7669bca045ae1f098635a6239447c8002785b4e7b6842b98c8a3f,go,r,PASS,PASS,PASS,PASS,PASS,FAIL,SKIP,SKIP,SKIP,native-first,
0ef308e285e7669bca045ae1f098635a6239447c8002785b4e7b6842b98c8a3f,go,go,PASS,PASS,PASS,PASS,PASS,PASS,SKIP,SKIP,SKIP,compatibility-runtime,
0ef308e285e7669bca045ae1f098635a6239447c8002785b4e7b6842b98c8a3f,go,rust,PASS,PASS,PASS,PASS,PASS,PASS,SKIP,SKIP,SKIP,compatibility-runtime,
0ef308e285e7669bca045ae1f098635a6239447c8002785b4e7b6842b98c8a3f,go,cpp,PASS,PASS,PASS,PASS,PASS,FAIL,SKIP,SKIP,SKIP,compatibility-runtime,
0ef308e285e7669bca045ae1f098635a6239447c8002785b4e7b6842b98c8a3f,go,c,PASS,PASS,PASS,PASS,PASS,FAIL,SKIP,SKIP,SKIP,compatibility-runtime,
0ef308e285e7669bca045ae1f098635a6239447c8002785b4e7b6842b98c8a3f,go,python,PASS,PASS,PASS,PASS,PASS,PASS,SKIP,SKIP,SKIP,compatibility-runtime,
0ef308e285e7669bca045ae1f098635a6239447c8002785b4e7b6842b98c8a3f,go,zig,PASS,PASS,PASS,PASS,PASS,FAIL,SKIP,SKIP,SKIP,comp