feature,abi_calling_convention,allocation,array_list,array_type,assignment,atomic,attribute_annotation,await,binary_op,break,bytecode_vm,call,capture,cast_conversion,channel,class,closure_lambda,code_generation,compile_time_eval,comprehension,constant,continue,defer_cleanup,dynamic_dispatch,enum,exception_try,ffi,filesystem,for,foreach_iteration,function,function_type,gc,generic,generic_constraint,global_state,goto_label,identifier,if,import,index,interface_trait,io,ir,layout_alignment,lifetime,literal_boolean,literal_null,literal_numeric,literal_string,lock_mutex,macro,manual_memory,map_dict,map_type,member_access,memory_model,module,mutation,name_resolution,network,optimizer,optional_nullable,overload_resolution,ownership,parameter,pattern,pointer,primitive_bool,primitive_float,primitive_integer,primitive_string,random,reference,reflection,return,scope,set,shadowing,slice,struct,subtyping,switch_match,symbol_table,task_async,thread,throw_raise,time,tuple,tuple_type,type_inference,unary_op,union_sum,unsafe,variable,visibility,while,yield,c_integer_promotions,c_signed_overflow_ub,c_unsigned_wrap,c_char_signedness,c_bitfields,c_flexible_array_member,c_vla,c_array_decay,c_pointer_arithmetic,c_pointer_provenance,c_effective_type_aliasing,c_qualifiers,c_storage_duration,c_linkage,c_unspecified_eval_order,c_designated_initializers,c_compound_literals,c_variadic,c_function_pointer,c_union_active_member,c_atomic_memory_order,c_thread_local,cpp_value_categories,cpp_reference_binding,cpp_temp_materialization,cpp_raii_destructors,cpp_ctor_initialization_order,cpp_copy_move,cpp_overload_resolution,cpp_adl,cpp_name_lookup,cpp_templates,cpp_partial_specialization,cpp_sfinae,cpp_concepts_constraints,cpp_parameter_packs,cpp_fold_expressions,cpp_template_deduction,cpp_auto_decltype,cpp_structured_bindings,cpp_lambdas_capture,cpp_inheritance,cpp_virtual_dispatch,cpp_rtti,cpp_member_pointers,cpp_access_friend,cpp_operator_overload,cpp_exceptions,cpp_stack_unwind,cpp_noexcept,cpp_constexpr,cpp_consteval_constinit,cpp_coroutine_lowering,cpp_co_await,cpp_co_yield,cpp_modules,cpp_odr,cpp_static_initialization,cpp_new_delete,cpp_placement_new,cpp_object_representation,cpp_abi_mangling,cpp_multiple_inheritance_layout,cpp_preprocessor_macro,cpp_preprocessor_conditional,cpp_include_model,cpp_attributes_pragmas,cpp_ub_model,cpp_impl_defined,cpp_unspecified_behavior,clang_ast_semantic_nodes,clang_sema_constraints,clang_cfg,clang_codegen_lowering
abi_calling_convention,1.0000,0.0000,0.0000,0.0000,0.0000,0.0000,0.0000,0.0000,0.0000,0.0000,0.0000,0.0000,0.0000,0.0000,0.0000,0.0000,0.0000,0.0000,0.0000,0.0000,0.0000,0.0000,0.0000,0.0000,0.0000,0.0000,0.3800,0.0000,0.0000,0.0000,0.0000,0.0000,0.3800,0.0000,0.0000,0.0000,0.0000,0.0000,0.0000,0.0000,0.0000,0.0000,0.0000,0.0000,1.0000,0.0000,0.0000,0.0000,0.0000,0.0000,0.0000,0.0000,0.3800,0.0000,0.0000,0.0000,0.0000,0.0000,0.0000,0.0000,0.0000,0.0000,0.0000,0.0000,0.3800,0.0000,0.0000,0.0000,0.0000,0.0000,0.0000,0.0000,0.0000,0.0000,0.0000,0.0000,0.0000,0.0000,0.0000,0.0000,0.0000,0.0000,0.0000,0.0000,0.0000,0.0000,0.0000,0.0000,0.0000,0.0000,0.0000,0.0000,0.0000,0.3800,0.0000,0.0000,0.0000,0.0000,0.0000,0.0000,0.0000,0.0000,0.6960,0.6200,0.0000,0.0000,0.0760,0.0760,0.0760,0.0760,0.0000,0.0000,0.0000,0.0000,0.0000,0.0950,0.0760,0.0000,0.0000,0.0000,0.0000,0.0760,0.0000,0.0000,0.0000,0.0760,0.0000,0.0000,0.0000,0.0000,0.0000,0.0000,0.0000,0.0000,0.0000,0.0000,0.0000,0.0000,0.0760,0.0000,0.0000,0.0760,0.0000,0.0000,0.0000,0.0000,0.0000,0.0000,0.0000,0.0000,0.0000,0.0000,0.0000,0.0000,0.0000,0.0000,0.0760,0.0760,0.6960,0.6960,0.6200,0.0000,0.0000,0.0000,0.0000,0.0000,0.0000,0.0000,0.0000,0.0000,0.0000,0.1900
allocation,0.0000,1.0000,0.0000,0.0000,0.0000,0.0000,0.0000,0.0000,0.0000,0.0000,0.0000,0.0000,0.0000,0.0000,0.0000,0.0000,0.0000,0.0000,0.0000,0.0000,0.0000,0.0000,0.0000,0.3800,0.0000,0.0000,0.0000,0.3800,0.0000,0.0000,0.0000,0.0000,0.0000,0.0000,0.0000,0.3800,0.0000,0.0000,0.0000,0.0000,0.0000,0.0000,0.3800,0.0000,0.0000,0.0000,0.0000,0.0000,0.0000,0.0000,0.0000,0.0000,0.6200,0.0000,0.0000,0.0000,0.0000,0.0000,0.3800,0.0000,0.3800,0.0000,0.0000,0.0000,0.0000,0.0000,0.0000,0.6200,0.0000,0.0000,0.0000,0.0000,0.3800,0.6200,0.3800,0.0000,0.0000,0.0000,0.0000,0.0000,0.0000,0.0000,0.0000,0.0000,0.0000,0.0000,0.0000,0.3800,0.0000,0.0000,0.0000,0.0000,0.0000,0.6200,0.0000,0.0000,0.0000,0.0000,0.0000,0.0760,0.0000,0.0000,0.0000,0.0000,0.0000,0.6200,0.6200,0.6200,0.6200,0.6960,0.0000,0.0000,0.0000,0.0000,0.0000,0.0000,0.0000,0.0000,0.0000,0.0000,0.0000,0.0000,0.0000,0.0000,0.0000,0.0000,0.0000,0.0000,0.0000,0.0000,0.0000,0.0000,0.0000,0.0000,0.0000,0.0000,0.0000,0.0000,0.0000,0.0760,0.0760,0.0760,0.0000,0.0000,0.0000,0.0760,0.0000,0.0760,0.0000,0.0000,0.0000,0.0000,0.0000,0.0000,0.0000,0.0760,0.6960,0.6200,0.0000,0.0000,0.0000,0.0000,0.0000,0.0000,0.0000,0.0760,0.0950,0.0000,0.0000,0.0000,0.0760,0.0000
array_list,0.0000,0.0000,1.0000,0.0000,1.0000,0.0000,0.0000,0.3800,1.0000,0.6833,0.0000,1.0000,0.0000,0.3800,0.0000,0.0000,0.3800,0.0000,0.0000,1.0000,0.0000,0.6833,0.0633,0.0000,0.0000,0.0633,0.0000,0.0000,0.6833,0.6833,0.0000,0.0000,0.0000,0.0000,0.0000,0.0000,0.6833,1.0000,0.6833,0.0000,1.0000,0.0000,0.0000,0.0000,0.0000,0.0000,1.0000,1.0000,1.0000,1.0000,0.0000,0.0000,0.0000,1.0000,0.0000,1.0000,0.0000,0.0000,0.0000,0.0000,0.0000,0.0000,0.0000,0.0000,0.0000,0.0000,0.3800,0.0000,0.0000,0.0000,0.0000,0.0000,0.0000,0.0000,0.0000,0.6833,0.0000,1.0000,0.0000,1.0000,0.0000,0.0000,0.6833,0.0000,0.0000,0.0000,0.0633,0.0000,1.0000,0.0000,0.0000,1.0000,0.0000,0.0000,0.0000,0.0000,0.6833,0.3800,0.0633,0.0633,0.0760,0.0000,0.0000,0.0000,0.0633,0.0000,0.0633,0.0000,0.0000,0.0000,0.0000,0.0000,0.0760,0.0760,0.0760,0.0000,0.0633,0.0000,0.0000,0.0000,0.0633,0.0000,0.0000,0.0000,0.0000,0.0633,0.0000,0.0000,0.0000,0.0000,0.0000,0.0000,0.0000,0.0760,0.1520,0.0000,0.0000,0.0000,0.0000,0.0000,0.0633,0.0000,0.0633,0.0000,0.0760,0.0000,0.0000,0.0000,0.0633,0.0000,0.0000,0.1520,0.0633,0.0000,0.0000,0.0000,0.0000,0.0000,0.0000,0.0000,0.0000,0.0000,0.0000,0.0000,0.0000,0.0000,0.0000,0.0760,0.0633,0.0000,0.0633,0.0000
array_type,0.0000,0.0000,0.0000,1.0000,0.0000,0.0000,0.0760,0.0000,0.0000,0.0000,0.0000,0.0000,0.0000,0.6200,0.0000,0.0760,0.0000,0.0000,0.0000,0.0000,0.0760,0.0000,0.0000,0.0000,0.0760,0.0000,0.0000,0.0000,0.0000,0.0000,0.0760,0.3800,0.0000,0.0760,0.3800,0.0000,0.0000,0.0000,0.0000,0.0760,0.0000,0.0760,0.0000,0.0000,0.0000,0.0000,0.0000,0.0000,0.0000,0.0000,0.0000,0.0000,0.0000,0.0000,1.0000,0.0000,0.0000,0.0760,0.0000,0.0000,0.0000,0.0000,1.0000,0.3800,0.0000,0.0760,0.0000,0.3800,1.0000,1.0000,1.0000,1.0000,0.0000,0.3800,0.0000,0.0000,0.0000,0.0000,0.0000,0.0000,0.0760,0.3800,0.0000,0.0000,0.0000,0.0000,0.0000,0.0000,0.0000,1.0000,0.3800,0.0000,1.0000,0.0000,0.0760,0.0760,0.0000,0.0000,0.8100,0.0000,0.7150,0.7150,0.0760,0.0950,0.0760,0.0950,0.0000,0.0000,0.0000,0.0760,0.0000,0.0000,0.0000,0.0000,0.0000,0.0950,0.0760,0.0760,0.0000,0.0000,0.0760,0.0000,0.0000,0.0000,0.0000,0.0000,0.1900,0.0000,0.0000,0.0760,0.0000,0.0000,0.0760,0.0000,0.0000,0.0760,0.8733,0.0760,0.0760,0.0760,0.0000,0.0760,0.0760,0.0000,0.0000,0.0000,0.0000,0.0000,0.0000,0.0000,0.0000,0.0000,0.0000,0.0000,0.0000,0.0000,0.0000,0.0000,0.0760,0.0000,0.0000,0.0000,0.0000,0.0000,0.0000,0.0000,0.0000,0.0000,0.0760,0.0760,0.0000,0.0000
assignment,0.0000,0.0000,1.0000,0.0000,1.0000,0.0000,0.0000,0.3800,1.0000,0.6833,0.0000,1.0000,0.0000,0.3800,0.0000,0.0000,0.3800,0.0000,0.0000,1.0000,0.0000,0.6833,0.0633,0.0000,0.0000,0.0633,0.0000,0.0000,0.6833,0.6833,0.0000,0.0000,0.0000,0.0000,0.0000,0.0000,0.6833,1.0000,0.6833,0.0000,1.0000,0.0000,0.0000,0.0000,0.0000,0.0000,1.0000,1.0000,1.0000,1.0000,0.0000,0.0000,0.0000,1.0000,0.0000,1.0000,0.0000,0.0000,0.0000,0.0000,0.0000,0.0000,0.0000,0.0000,0.0000,0.0000,0.3800,0.0000,0.0000,0.0000,0.0000,0.0000,0.0000,0.0000,0.0000,0.6833,0.0000,1.0000,0.0000,1.0000,0.0000,0.0000,0.6833,0.0000,0.0000,0.0000,0.0633,0.0000,1.0000,0.0000,0.0000,1.0000,0.0000,0.0000,0.0000,0.0000,0.6833,0.3800,0.0633,0.0633,0.0760,0.0000,0.0000,0.0000,0.0633,0.0000,0.0633,0.0000,0.0000,0.0000,0.0000,0.0000,0.0760,0.0760,0.0760,0.0000,0.0633,0.0000,0.0000,0.0000,0.0633,0.0000,0.0000,0.0000,0.0000,0.0633,0.0000,0.0000,0.0000,0.0000,0.0000,0.0000,0.0000,0.0760,0.1520,0.0000,0.0000,0.0000,0.0000,0.0000,0.0633,0.0000,0.0633,0.0000,0.0760,0.0000,0.0000,0.0000,0.0633,0.0000,0.0000,0.1520,0.0633,0.0000,0.0000,0.0000,0.0000,0.0000,0.0000,0.0000,0.0000,0.0000,0.0000,0.0000,0.0000,0.0000,0.0000,0.0760,0.0633,0.0000,0.0633,0.0000
atomic,0.0000,0.0000,0.0000,0.0000,0.0000,1.0000,0.0000,0.0000,0.0000,0.0000,0.0000,0.0000,0.0000,0.0000,1.0000,0.0000,0.0000,0.0000,0.0000,0.0000,0.0000,0.0000,0.0000,0.0000,0.0000,0.0000,0.0000,0.0000,0.0000,0.0000,0.0000,0.0000,0.0000,0.0000,0.0000,0.0000,0.0000,0.0000,0.0000,0.0000,0.0000,0.0000,0.0000,0.0000,0.0000,0.0000,0.0000,0.0000,0.0000,0.0000,1.0000,0.0000,0.0000,0.0000,0.0000,0.0000,1.0000,0.0000,0.0000,0.0000,0.0000,0.0000,0.0000,0.0000,0.0000,0.0000,0.0000,0.0000,0.0000,0.0000,0.0000,0.0000,0.0000,0.0000,0.0000,0.0000,0.0000,0.0000,0.0000,0.0000,0.0000,0.0000,0.0000,0.0000,0.3800,1.0000,0.0000,0.0000,0.0000,0.0000,0.0000,0.0000,0.0000,0.0000,0.0000,0.0000,0.0000,0.0000,0.0000,0.0000,0.0000,0.0000,0.0000,0.0000,0.0000,0.0000,0.0000,0.0000,0.0000,0.0000,0.0000,0.0000,0.0000,0.0000,0.0000,0.0000,0.0000,0.0000,1.0000,0.7150,0.0000,0.0000,0.0000,0.0000,0.0000,0.0000,0.0000,0.0000,0.0000,0.0000,0.0000,0.0000,0.0000,0.0000,0.0000,0.0000,0.0000,0.0000,0.0000,0.0000,0.0000,0.0000,0.0000,0.0000,0.0000,0.0000,0.0000,0.0000,0.0000,0.0000,0.0000,0.0000,0.0000,0.0000,0.0000,0.0000,0.0000,0.0000,0.0000,0.0000,0.0000,0.0000,0.0000,0.0000,0.0000,0.0000,0.0000,0.0000,0.0000,0.0000,0.0000,0.0000
attribute_annotation,0.0000,0.0000,0.0000,0.0760,0.0000,0.0000,1.0000,0.0000,0.0000,0.0000,0.0000,0.0000,0.0760,0.0000,0.0000,0.3800,0.0000,0.0000,0.0000,0.0000,0.3800,0.0000,0.0000,0.0000,0.3800,0.0000,0.0000,0.0000,0.0000,0.0000,0.3800,0.0760,0.0000,0.3800,0.0760,0.0000,0.0000,0.0000,0.0000,0.3800,0.0000,0.3800,0.0000,0.0000,0.0000,0.0760,0.0000,0.0000,0.0000,0.0000,0.0000,0.6200,0.0000,0.0000,0.0760,0.0000,0.0000,0.3800,0.0000,0.0760,0.0000,0.0000,0.0760,0.0760,0.0000,0.3800,0.0000,0.0760,0.0760,0.0760,0.0760,0.0760,0.0000,0.0760,0.0000,0.0000,0.0760,0.0000,0.0760,0.0000,0.3800,0.0760,0.0000,0.0760,0.0000,0.0000,0.0000,0.0000,0.0000,0.0760,0.0760,0.0000,0.0760,0.0000,0.3800,0.3800,0.0000,0.0000,0.0760,0.0000,0.0000,0.0950,0.0760,0.0950,0.0760,0.0000,0.0000,0.0000,0.0000,0.0760,0.0000,0.0950,0.0000,0.0000,0.0000,0.0000,0.0760,0.0760,0.0000,0.0000,0.0000,0.0000,0.0000,0.0000,0.0000,0.0000,0.0760,0.0760,0.0760,0.0760,0.0000,0.0000,0.0760,0.0000,0.0000,0.0000,0.0950,0.0760,0.0760,0.0760,0.0000,0.0760,0.0760,0.0760,0.0000,0.0000,0.0000,0.0000,0.0000,0.0000,0.0000,0.0000,0.0000,0.0000,0.0000,0.0000,0.0000,0.0000,0.0760,0.0000,0.0000,0.6200,0.6200,0.6200,0.6200,0.0000,0.0000,0.0000,0.1900,0.0760,0.0000,0.0000
await,0.0000,0.0000,0.3800,0.0000,0.3800,0.0000,0.0000,1.0000,0.3800,0.0633,0.0000,0.3800,0.0000,0.3800,0.0000,0.0000,0.3800,0.0000,0.0000,0.3800,0.0000,0.0633,0.0633,0.0000,0.0000,0.0633,0.0000,0.0000,0.0633,0.0633,0.0000,0.0000,0.0000,0.0000,0.0000,0.0000,0.0633,0.3800,0.0633,0.0000,0.3800,0.0000,0.0000,0.0000,0.0000,0.0000,0.3800,0.3800,0.3800,0.3800,0.0000,0.0000,0.0000,0.3800,0.0000,0.3800,0.0000,0.0000,0.0000,0.0000,0.0000,0.0000,0.0000,0.0000,0.0000,0.0000,0.3800,0.0000,0.0000,0.0000,0.0000,0.0000,0.0000,0.0000,0.0000,0.0633,0.0000,0.3800,0.0000,0.3800,0.0000,0.0000,0.0633,0.0000,0.6200,0.0000,0.0633,0.0000,0.3800,0.0000,0.0000,0.3800,0.0000,0.0000,0.0000,0.0000,0.0633,1.0000,0.0633,0.0633,0.0760,0.0000,0.0000,0.0000,0.0633,0.0000,0.0633,0.0000,0.0000,0.0000,0.0000,0.0000,0.0760,0.0760,0.0760,0.0000,0.0633,0.0000,0.0000,0.0000,0.0633,0.0000,0.0000,0.0000,0.0000,0.0633,0.0000,0.0000,0.0000,0.0000,0.0000,0.0000,0.0000,0.0760,0.1520,0.0000,0.0000,0.0000,0.0000,0.0000,0.0633,0.0000,0.0633,0.0000,0.0760,0.0000,0.0000,0.0000,0.0633,0.0000,0.6200,0.7720,0.6833,0.0000,0.0000,0.0000,0.0000,0.0000,0.0000,0.0000,0.0000,0.0000,0.0000,0.0000,0.0000,0.0000,0.0000,0.0760,0.0633,0.0000,0.0633,0.0000
binary_op,0.0000,0.0000,1.0000,0.0000,1.0000,0.0000,0.0000,0.3800,1.0000,0.6833,0.0000,1.0000,0.0000,0.3800,0.0000,0.0000,0.3800,0.0000,0.0000,1.0000,0.0000,0.6833,0.0633,0.0000,0.0000,0.0633,0.0000,0.0000,0.6833,0.6833,0.0000,0.0000,0.0000,0.0000,0.0000,0.0000,0.6833,1.0000,0.6833,0.0000,1.0000,0.0000,0.0000,0.0000,0.0000,0.0000,1.0000,1.0000,1.0000,1.0000,0.0000,0.0000,0.0000,1.0000,0.0000,1.0000,0.0000,0.0000,0.0000,0.0000,0.0000,0.0000,0.0000,0.0000,0.0000,0.0000,0.3800,0.0000,0.0000,0.0000,0.0000,0.0000,0.0000,0.0000,0.0000,0.6833,0.0000,1.0000,0.0000,1.0000,0.0000,0.0000,0.6833,0.0000,0.0000,0.0000,0.0633,0.0000,1.0000,0.0000,0.0000,1.0000,0.0000,0.0000,0.0000,0.0000,0.6833,0.3800,0.0633,0.0633,0.0760,0.0000,0.0000,0.0000,0.0633,0.0000,0.0633,0.0000,0.0000,0.0000,0.0000,0.0000,0.0760,0.0760,0.0760,0.0000,0.0633,0.0000,0.0000,0.0000,0.0633,0.0000,0.0000,0.0000,0.0000,0.0633,0.0000,0.0000,0.0000,0.0000,0.0000,0.0000,0.0000,0.0760,0.1520,0.0000,0.0000,0.0000,0.0000,0.0000,0.0633,0.0000,0.0633,0.0000,0.0760,0.0000,0.0000,0.0000,0.0633,0.0000,0.0000,0.1520,0.0633,0.0000,0.0000,0.0000,0.0000,0.0000,0.0000,0.0000,0.0000,0.0000,0.0000,0.0000,0.0000,0.0000,0.0000,0.0760,0.0633,0.0000,0.0633,0.0000
break,0.0000,0.0000,0.6833,0.0000,0.6833,0.0000,0.0000,0.0633,0.6833,1.0000,0.0000,0.6833,0.0000,0.0633,0.0000,0.0000,0.0633,0.0000,0.0000,0.6833,0.0000,1.0000,0.3800,0.0000,0.0000,0.3800,0.0000,0.0000,1.0000,1.0000,0.0000,0.0000,0.0000,0.0000,0.0000,0.0000,1.0000,0.6833,1.0000,0.0000,0.6833,0.0000,0.0000,0.0000,0.0000,0.0000,0.6833,0.6833,0.6833,0.6833,0.0000,0.0000,0.0000,0.6833,0.0000,0.6833,0.0000,0.0000,0.0000,0.0000,0.0000,0.0000,0.0000,0.0000,0.0000,0.0000,0.0633,0.0000,0.0000,0.0000,0.0000,0.0000,0.0000,0.0000,0.0000,1.0000,0.0000,0.6833,0.0000,0.6833,0.0000,0.0000,1.0000,0.0000,0.0000,0.0000,0.3800,0.0000,0.6833,0.0000,0.0000,0.6833,0.0000,0.0000,0.0000,0.0000,1.0000,0.0633,0.0000,0.0000,0.0000,0.0000,0.0000,0.0000,0.0760,0.0000,0.0000,0.0000,0.0000,0.0000,0.0000,0.0000,0.0950,0.0000,0.0000,0.0000,0.0000,0.0000,0.0000,0.0000,0.0000,0.0000,0.0000,0.0760,0.0000,0.0000,0.0000,0.0000,0.0000,0.0000,0.0000,0.0000,0.0000,0.0000,0.0000,0.0000,0.0000,0.0000,0.0000,0.0000,0.0000,0.0000,0.0000,0.0000,0.0000,0.0760,0.0760,0.0000,0.0000,0.0000,0.0760,0.0760,0.0760,0.0000,0.0000,0.0000,0.0000,0.0000,0.0000,0.0000,0.0000,0.0000,0.0000,0.0000,0.0000,0.0000,0.0000,0.0950,0.0000,0.0000,0.0760,0.0000
bytecode_vm,0.0000,0.0000,0.0000,0.0000,0.0000,0.0000,0.0000,0.0000,0.0000,0.0000,1.0000,0.0000,0.0000,0.0000,0.0000,0.0000,0.0000,1.0000,0.3800,0.0000,0.0000,0.0000,0.0000,0.0000,0.0000,0.0000,0.0000,0.0000,0.0000,0.0000,0.0000,0.0000,0.0000,0.0000,0.0000,0.0000,0.0000,0.0000,0.0000,0.0000,0.0000,0.0000,0.0000,1.0000,0.0000,0.0000,0.0000,0.0000,0.0000,0.0000,0.0000,0.3800,0.0000,0.0000,0.0000,0.0000,0.0000,0.0000,0.0000,0.0000,0.0000,1.0000,0.0000,0.0000,0.0000,0.0000,0.0000,0.0000,0.0000,0.0000,0.0000,0.0000,0.0000,0.0000,0.0000,0.0000,0.0000,0.0000,0.0000,0.0000,0.0000,0.0000,0.0000,0.0000,0.0000,0.0000,0.0000,0.0000,0.0000,0.0000,0.0000,0.0000,0.0000,0.0000,0.0000,0.0000,0.0000,0.0000,0.0000,0.0000,0.0000,0.0000,0.0000,0.0000,0.0000,0.0000,0.0000,0.0000,0.0000,0.0000,0.0000,0.0000,0.0000,0.0000,0.0000,0.0000,0.0000,0.0000,0.0000,0.0000,0.0000,0.0000,0.0000,0.0000,0.0000,0.0000,0.0000,0.0000,0.0000,0.0760,0.0000,0.0760,0.0760,0.0000,0.0000,0.0000,0.0000,0.0000,0.0000,0.0000,0.0000,0.0000,0.0000,0.0000,0.0000,0.0000,0.0000,0.0000,0.0760,0.0000,0.0000,0.0000,0.0000,0.0000,0.0000,0.0000,0.0000,0.0000,0.0000,0.0000,0.0000,0.0950,0.0950,0.0000,0.0760,0.0000,0.0000,0.0000,0.6200,0.6200,0.6200,0.6960
call,0.0000,0.0000,1.0000,0.0000,1.0000,0.0000,0.0000,0.3800,1.0000,0.6833,0.0000,1.0000,0.0000,0.3800,0.0000,0.0000,0.3800,0.0000,0.0000,1.0000,0.0000,0.6833,0.0633,0.0000,0.0000,0.0633,0.0000,0.0000,0.6833,0.6833,0.0000,0.0000,0.0000,0.0000,0.0000,0.0000,0.6833,1.0000,0.6833,0.0000,1.0000,0.0000,0.0000,0.0000,0.0000,0.0000,1.0000,1.0000,1.0000,1.0000,0.0000,0.0000,0.0000,1.0000,0.0000,1.0000,0.0000,0.0000,0.0000,0.0000,0.0000,0.0000,0.0000,0.0000,0.0000,0.0000,0.3800,0.0000,0.0000,0.0000,0.0000,0.0000,0.0000,0.0000,0.0000,0.6833,0.0000,1.0000,0.0000,1.0000,0.0000,0.0000,0.6833,0.0000,0.0000,0.0000,0.0633,0.0000,1.0000,0.0000,0.0000,1.0000,0.0000,0.0000,0.0000,0.0000,0.6833,0.3800,0.0633,0.0633,0.0760,0.0000,0.0000,0.0000,0.0633,0.0000,0.0633,0.0000,0.0000,0.0000,0.0000,0.0000,0.0760,0.0760,0.0760,0.0000,0.0633,0.0000,0.0000,0.0000,0.0633,0.0000,0.0000,0.0000,0.0000,0.0633,0.0000,0.0000,0.0000,0.0000,0.0000,0.0000,0.0000,0.0760,0.1520,0.0000,0.0000,0.0000,0.0000,0.0000,0.0633,0.0000,0.0633,0.0000,0.0760,0.0000,0.0000,0.0000,0.0633,0.0000,0.0000,0.1520,0.0633,0.0000,0.0000,0.0000,0.0000,0.0000,0.0000,0.0000,0.0000,0.0000,0.0000,0.0000,0.0000,0.0000,0.0000,0.0760,0.0633,0.0000,0.0633,0.0000
capture,0.0000,0.0000,0.0000,0.0000,0.0000,0.0000,0.0760,0.0000,0.0000,0.0000,0.0000,0.0000,1.0000,0.0000,0.0000,0.0760,0.6200,0.0000,0.0000,0.0000,0.0760,0.0000,0.0000,0.0000,0.0760,0.0000,0.0000,0.0000,0.0000,0.0000,0.0760,0.0000,0.0000,0.0760,0.0000,0.0000,0.0000,0.0000,0.0000,0.0760,0.0000,0.0760,0.0000,0.0000,0.0000,0.3800,0.0000,0.0000,0.0000,0.0000,0.0000,0.0000,0.0000,0.0000,0.0000,0.0000,0.0000,0.0760,0.0000,0.3800,0.0000,0.0000,0.0000,0.0000,0.0000,0.0760,0.6200,0.0000,0.0000,0.0000,0.0000,0.0000,0.0000,0.0000,0.0000,0.0000,1.0000,0.0000,1.0000,0.0000,0.0760,0.0000,0.0000,0.3800,0.0000,0.0000,0.0000,0.0000,0.0000,0.0000,0.0000,0.0000,0.0000,0.0000,0.0760,0.0760,0.0000,0.0000,0.0000,0.0000,0.0000,0.0000,0.0000,0.0000,0.0000,0.0000,0.0000,0.0000,0.0000,0.0000,0.0000,0.0950,0.0000,0.0000,0.0000,0.0000,0.0000,0.0000,0.0000,0.0000,0.0000,0.0000,0.0000,0.0000,0.0000,0.0000,0.0000,0.0760,0.1900,0.0000,0.0000,0.0000,0.0000,0.0000,0.0000,0.0000,0.0000,0.6960,0.6960,0.0000,0.0000,0.0000,0.0000,0.0760,0.0000,0.0000,0.0000,0.0000,0.0000,0.0000,0.0000,0.0000,0.0000,0.0000,0.0760,0.0000,0.0000,0.0000,0.0000,0.0000,0.0000,0.0000,0.0000,0.0000,0.0000,0.0000,0.0000,0.0000,0.0000,0.0760,0.0000,0.0000
cast_conversion,0.0000,0.0000,0.3800,0.6200,0.3800,0.0000,0.0000,0.3800,0.3800,0.0633,0.0000,0.3800,0.0000,1.0000,0.0000,0.0000,0.3800,0.0000,0.0000,0.3800,0.0000,0.0633,0.0633,0.0000,0.0000,0.0633,0.0000,0.0000,0.0633,0.0633,0.0000,0.0000,0.0000,0.0000,0.0000,0.0000,0.0633,0.3800,0.0633,0.0000,0.3800,0.0000,0.0000,0.0000,0.0000,0.0000,0.3800,0.3800,0.3800,0.3800,0.0000,0.0000,0.0000,0.3800,0.6200,0.3800,0.0000,0.0000,0.0000,0.0000,0.0000,0.0000,0.6200,0.0000,0.0000,0.0000,0.3800,0.0000,0.6200,0.6200,0.6200,0.6200,0.0000,0.0000,0.0000,0.0633,0.0000,0.3800,0.0000,0.3800,0.0000,0.0000,0.0633,0.0000,0.0000,0.0000,0.0633,0.0000,0.3800,0.6200,0.0000,0.3800,0.6200,0.0000,0.0000,0.0000,0.0633,0.3800,0.6833,0.0633,0.6960,0.6200,0.0000,0.0000,0.0633,0.0000,0.0633,0.0000,0.0000,0.0000,0.0000,0.0000,0.0760,0.0760,0.0760,0.0000,0.0633,0.0000,0.0000,0.0000,0.0633,0.0000,0.0000,0.0000,0.0000,0.0633,0.0000,0.0000,0.0000,0.0000,0.0000,0.0000,0.0000,0.0760,0.1520,0.0000,0.6200,0.0000,0.0000,0.0000,0.0633,0.0000,0.0633,0.0000,0.0760,0.0000,0.0000,0.0000,0.0633,0.0000,0.0000,0.1520,0.0633,0.0000,0.0000,0.0000,0.0000,0.0000,0.0000,0.0000,0.0000,0.0000,0.0000,0.0000,0.0000,0.0000,0.0000,0.0760,0.0633,0.0000,0.0633,0.0000
channel,0.0000,0.0000,0.0000,0.0000,0.0000,1.0000,0.0000,0.0000,0.0000,0.0000,0.0000,0.0000,0.0000,0.0000,1.0000,0.0000,0.0000,0.0000,0.0000,0.0000,0.0000,0.0000,0.0000,0.0000,0.0000,0.0000,0.0000,0.0000,0.0000,0.0000,0.0000,0.0000,0.0000,0.0000,0.0000,0.0000,0.0000,0.0000,0.0000,0.0000,0.0000,0.0000,0.0000,0.0000,0.0000,0.0000,0.0000,0.0000,0.0000,0.0000,1.0000,0.0000,0.0000,0.0000,0.0000,0.0000,1.0000,0.0000,0.0000,0.0000,0.0000,0.0000,0.0000,0.0000,0.0000,0.0000,0.0000,0.0000,0.0000,0.0000,0.0000,0.0000,0.0000,0.0000,0.0000,0.0000,0.0000,0.0000,0.0000,0.0000,0.0000,0.0000,0.0000,0.0000,0.3800,1.0000,0.0000,0.0000,0.0000,0.0000,0.0000,0.0000,0.0000,0.0000,0.0000,0.0000,0.0000,0.0000,0.0000,0.0000,0.0000,0.0000,0.0000,0.0000,0.0000,0.0000,0.0000,0.0000,0.0000,0.0000,0.0000,0.0000,0.0000,0.0000,0.0000,0.0000,0.0000,0.0000,1.0000,0.7150,0.0000,0.0000,0.0000,0.0000,0.0000,0.0000,0.0000,0.0000,0.0000,0.0000,0.0000,0.0000,0.0000,0.0000,0.0000,0.0000,0.0000,0.0000,0.0000,0.0000,0.0000,0.0000,0.0000,0.0000,0.0000,0.0000,0.0000,0.0000,0.0000,0.0000,0.0000,0.0000,0.0000,0.0000,0.0000,0.0000,0.0000,0.0000,0.0000,0.0000,0.0000,0.0000,0.0000,0.0000,0.0000,0.0000,0.0000,0.0000,0.0000,0.0000,0.0000,0.0000
class,0.0000,0.0000,0.0000,0.0760,0.0000,0.0000,0.3800,0.0000,0.0000,0.0000,0.0000,0.0000,0.0760,0.0000,0.0000,1.0000,0.0000,0.0000,0.0000,0.0000,0.3800,0.0000,0.0000,0.6200,1.0000,0.0000,0.0000,0.0000,0.0000,0.0000,0.3800,0.0760,0.0000,0.3800,0.0760,0.0000,0.0000,0.0000,0.0000,0.3800,0.0000,1.0000,0.0000,0.0000,0.0000,0.0760,0.0000,0.0000,0.0000,0.0000,0.0000,0.0000,0.0000,0.0000,0.0760,0.0000,0.0000,0.3800,0.0000,0.0760,0.0000,0.0000,0.0760,0.0760,0.0000,0.3800,0.0000,0.0760,0.0760,0.0760,0.0760,0.0760,0.0000,0.0760,0.6200,0.0000,0.0760,0.0000,0.0760,0.0000,1.0000,0.6960,0.0000,0.0760,0.0000,0.0000,0.0000,0.0000,0.0000,0.0760,0.0760,0.0000,0.0760,0.0000,1.0000,0.3800,0.0000,0.0000,0.0760,0.0000,0.0000,0.0950,0.0760,0.0950,0.0760,0.0000,0.0000,0.0000,0.0000,0.0760,0.0000,0.0950,0.0000,0.0000,0.0000,0.0000,0.0760,0.0760,0.0000,0.0000,0.0000,0.0000,0.0000,0.0000,0.0000,0.0000,0.0760,0.0760,0.0760,0.0760,0.0000,0.0000,0.0760,0.0000,0.0000,0.0000,0.0950,0.0760,0.0760,0.6960,0.6200,0.6960,0.6960,0.6960,0.0000,0.0000,0.0000,0.0000,0.0000,0.0000,0.0000,0.0000,0.0000,0.0000,0.0000,0.0000,0.0000,0.0000,0.0760,0.0000,0.0000,0.0000,0.0000,0.0000,0.0000,0.0000,0.0000,0.0000,0.1900,0.0760,0.0000,0.0000
closure_lambda,0.0000,0.0000,0.3800,0.0000,0.3800,0.0000,0.0000,0.3800,0.3800,0.0633,0.0000,0.3800,0.6200,0.3800,0.0000,0.0000,1.0000,0.0000,0.0000,0.3800,0.0000,0.0633,0.0633,0.0000,0.0000,0.0633,0.0000,0.0000,0.0633,0.0633,0.0000,0.0000,0.0000,0.0000,0.0000,0.0000,0.0633,0.3800,0.0633,0.0000,0.3800,0.0000,0.0000,0.0000,0.0000,0.0000,0.3800,0.3800,0.3800,0.3800,0.0000,0.0000,0.0000,0.3800,0.0000,0.3800,0.0000,0.0000,0.0000,0.0000,0.0000,0.0000,0.0000,0.0000,0.0000,0.0000,1.0000,0.0000,0.0000,0.0000,0.0000,0.0000,0.0000,0.0000,0.0000,0.0633,0.6200,0.3800,0.6200,0.3800,0.0000,0.0000,0.0633,0.0000,0.0000,0.0000,0.0633,0.0000,0.3800,0.0000,0.0000,0.3800,0.0000,0.0000,0.0000,0.0000,0.0633,0.3800,0.0633,0.0633,0.0760,0.0000,0.0000,0.0000,0.0633,0.0000,0.0633,0.0000,0.0000,0.0000,0.0000,0.0000,0.0760,0.0760,0.0760,0.0000,0.0633,0.0000,0.0000,0.0000,0.0633,0.0000,0.0000,0.0000,0.0000,0.0633,0.0000,0.0000,0.0000,0.0000,0.0000,0.0000,0.0000,0.0760,0.1520,0.0000,0.0000,0.6200,0.6200,0.0000,0.0633,0.0000,0.0633,0.0000,0.0760,0.0000,0.0000,0.0000,0.0633,0.0000,0.0000,0.1520,0.0633,0.0000,0.0000,0.0000,0.0000,0.0000,0.0000,0.0000,0.0000,0.0000,0.0000,0.0000,0.0000,0.0000,0.0000,0.0760,0.0633,0.0000,0.0633,0.0000
code_generation,0.0000,0.0000,0.0000,0.0000,0.0000,0.0000,0.0000,0.0000,0.0000,0.0000,1.0000,0.0000,0.0000,0.0000,0.0000,0.0000,0.0000,1.0000,0.3800,0.0000,0.0000,0.0000,0.0000,0.0000,0.0000,0.0000,0.0000,0.0000,0.0000,0.0000,0.0000,0.0000,0.0000,0.0000,0.0000,0.0000,0.0000,0.0000,0.0000,0.0000,0.0000,0.0000,0.0000,1.0000,0.0000,0.0000,0.0000,0.0000,0.0000,0.0000,0.0000,0.3800,0.0000,0.0000,0.0000,0.0000,0.0000,0.0000,0.0000,0.0000,0.0000,1.0000,0.0000,0.0000,0.0000,0.0000,0.0000,0.0000,0.0000,0.0000,0.0000,0.0000,0.0000,0.0000,0.0000,0.0000,0.0000,0.0000,0.0000,0.0000,0.0000,0.0000,0.0000,0.0000,0.0000,0.0000,0.0000,0.0000,0.0000,0.0000,0.0000,0.0000,0.0000,0.0000,0.0000,0.0000,0.0000,0.0000,0.0000,0.0000,0.0000,0.0000,0.0000,0.0000,0.0000,0.0000,0.0000,0.0000,0.0000,0.0000,0.0000,0.0000,0.0000,0.0000,0.0000,0.0000,0.0000,0.0000,0.0000,0.0000,0.0000,0.0000,0.0000,0.0000,0.0000,0.0000,0.0000,0.0000,0.0000,0.0760,0.0000,0.0760,0.0760,0.0000,0.0000,0.0000,0.0000,0.0000,0.0000,0.0000,0.0000,0.0000,0.0000,0.0000,0.0000,0.0000,0.0000,0.0000,0.0760,0.0000,0.0000,0.0000,0.0000,0.0000,0.0000,0.0000,0.0000,0.0000,0.0000,0.0000,0.0000,0.0950,0.0950,0.0000,0.0760,0.0000,0.0000,0.0000,0.6200,0.6200,0.6200,0.6960
compile_time_eval,0.0000,0.0000,0.0000,0.0000,0.0000,0.0000,0.0000,0.0000,0.0000,0.0000,0.3800,0.0000,0.0000,0.0000,0.0000,0.0000,0.0000,0.3800,1.0000,0.0000,0.6200,0.0000,0.0000,0.0000,0.0000,0.0000,0.0000,0.0000,0.0000,0.0000,0.0000,0.0000,0.0000,0.0000,0.0000,0.0000,0.0000,0.0000,0.0000,0.0000,0.0000,0.0000,0.0000,0.3800,0.0000,0.0000,0.0000,0.0000,0.0000,0.0000,0.0000,0.3800,0.0000,0.0000,0.0000,0.0000,0.0000,0.0000,0.0000,0.0000,0.0000,0.3800,0.0000,0.0000,0.0000,0.0000,0.0000,0.0000,0.0000,0.0000,0.0000,0.0000,0.0000,0.0000,0.0000,0.0000,0.0000,0.0000,0.0000,0.0000,0.0000,0.0000,0.0000,0.0000,0.0000,0.0000,0.0000,0.0000,0.0000,0.0000,0.0000,0.0000,0.0000,0.0000,0.0000,0.0000,0.0000,0.0000,0.0000,0.0000,0.0000,0.0000,0.0000,0.0000,0.0000,0.0000,0.0000,0.0000,0.0000,0.0000,0.0000,0.0000,0.0000,0.0000,0.0000,0.0000,0.0000,0.0000,0.0000,0.0000,0.0000,0.0000,0.0000,0.0000,0.0000,0.0000,0.0000,0.0000,0.0000,0.0760,0.0000,0.0760,0.0760,0.0000,0.0000,0.0000,0.0000,0.0000,0.0000,0.0000,0.0000,0.0000,0.0000,0.0000,0.0000,0.0000,0.0000,0.0000,0.6960,0.6200,0.0000,0.0000,0.0000,0.0000,0.0000,0.0000,0.0000,0.0000,0.0000,0.0000,0.0000,0.0950,0.0950,0.0000,0.0760,0.0000,0.0000,0.0000,0.0000,0.0000,0.0000,0.0760
comprehension,0.0000,0.0000,1.0000,0.0000,1.0000,0.0000,0.0000,0.3800,1.0000,0.6833,0.0000,1.0000,0.0000,0.3800,0.0000,0.0000,0.3800,0.0000,0.0000,1.0000,0.0000,0.6833,0.0633,0.0000,0.0000,0.0633,0.0000,0.0000,0.6833,0.6833,0.0000,0.0000,0.0000,0.0000,0.0000,0.0000,0.6833,1.0000,0.6833,0.0000,1.0000,0.0000,0.0000,0.0000,0.0000,0.0000,1.0000,1.0000,1.0000,1.0000,0.0000,0.0000,0.0000,1.0000,0.0000,1.0000,0.0000,0.0000,0.0000,0.0000,0.0000,0.0000,0.0000,0.0000,0.0000,0.0000,0.3800,0.0000,0.0000,0.0000,0.0000,0.0000,0.0000,0.0000,0.0000,0.6833,0.0000,1.0000,0.0000,1.0000,0.0000,0.0000,0.6833,0.0000,0.0000,0.0000,0.0633,0.0000,1.0000,0.0000,0.0000,1.0000,0.0000,0.0000,0.0000,0.0000,0.6833,0.3800,0.0633,0.0633,0.0760,0.0000,0.0000,0.0000,0.0633,0.0000,0.0633,0.0000,0.0000,0.0000,0.0000,0.0000,0.0760,0.0760,0.0760,0.0000,0.0633,0.0000,0.0000,0.0000,0.0633,0.0000,0.0000,0.0000,0.0000,0.0633,0.0000,0.0000,0.0000,0.0000,0.0000,0.0000,0.0000,0.0760,0.1520,0.0000,0.0000,0.0000,0.0000,0.0000,0.0633,0.0000,0.0633,0.0000,0.0760,0.0000,0.0000,0.0000,0.0633,0.0000,0.0000,0.1520,0.0633,0.0000,0.0000,0.0000,0.0000,0.0000,0.0000,0.0000,0.0000,0.0000,0.0000,0.0000,0.0000,0.0000,0.0000,0.0760,0.0633,0.0000,0.0633,0.0000
constant,0.0000,0.0000,0.0000,0.0760,0.0000,0.0000,0.3800,0.0000,0.0000,0.0000,0.0000,0.0000,0.0760,0.0000,0.0000,0.3800,0.0000,0.0000,0.6200,0.0000,1.0000,0.0000,0.0000,0.0000,0.3800,0.0000,0.0000,0.0000,0.0000,0.0000,0.3800,0.0760,0.0000,0.3800,0.0760,0.0000,0.0000,0.0000,0.0000,0.3800,0.0000,0.3800,0.0000,0.0000,0.0000,0.0760,0.0000,0.0000,0.0000,0.0000,0.0000,0.0000,0.0000,0.0000,0.0760,0.0000,0.0000,0.3800,0.0000,0.0760,0.0000,0.0000,0.0760,0.0760,0.0000,0.3800,0.0000,0.0760,0.0760,0.0760,0.0760,0.0760,0.0000,0.0760,0.0000,0.0000,0.0760,0.0000,0.0760,0.0000,0.3800,0.0760,0.0000,0.0760,0.0000,0.0000,0.0000,0.0000,0.0000,0.0760,0.0760,0.0000,0.0760,0.0000,0.3800,0.3800,0.0000,0.0000,0.0760,0.0000,0.0000,0.0950,0.0760,0.0950,0.0760,0.0000,0.0000,0.0000,0.0000,0.0760,0.0000,0.0950,0.0000,0.0000,0.0000,0.0000,0.0760,0.0760,0.0000,0.0000,0.0000,0.0000,0.0000,0.0000,0.0000,0.0000,0.0760,0.0760,0.0760,0.0760,0.0000,0.0000,0.0760,0.0000,0.0000,0.0000,0.0950,0.0760,0.0760,0.0760,0.0000,0.0760,0.0760,0.0760,0.0000,0.0000,0.0000,0.0000,0.6200,0.6200,0.0000,0.0000,0.0000,0.0000,0.0000,0.0000,0.0000,0.0000,0.0760,0.0000,0.0000,0.0000,0.0000,0.0000,0.0000,0.0000,0.0000,0.0000,0.1900,0.0760,0.0000,0.0000
continue,0.0000,0.0000,0.6833,0.0000,0.6833,0.0000,0.0000,0.0633,0.6833,1.0000,0.0000,0.6833,0.0000,0.0633,0.0000,0.0000,0.0633,0.0000,0.0000,0.6833,0.0000,1.0000,0.3800,0.0000,0.0000,0.3800,0.0000,0.0000,1.0000,1.0000,0.0000,0.0000,0.0000,0.0000,0.0000,0.0000,1.0000,0.6833,1.0000,0.0000,0.6833,0.0000,0.0000,0.0000,0.0000,0.0000,0.6833,0.6833,0.6833,0.6833,0.0000,0.0000,0.0000,0.6833,0.0000,0.6833,0.0000,0.0000,0.0000,0.0000,0.0000,0.0000,0.0000,0.0000,0.0000,0.0000,0.0633,0.0000,0.0000,0.0000,0.0000,0.0000,0.0000,0.0000,0.0000,1.0000,0.0000,0.6833,0.0000,0.6833,0.0000,0.0000,1.0000,0.0000,0.0000,0.0000,0.3800,0.0000,0.6833,0.0000,0.0000,0.6833,0.0000,0.0000,0.0000,0.0000,1.0000,0.0633,0.0000,0.0000,0.0000,0.0000,0.0000,0.0000,0.0760,0.0000,0.0000,0.0000,0.0000,0.0000,0.0000,0.0000,0.0950,0.0000,0.0000,0.0000,0.0000,0.0000,0.0000,0.0000,0.0000,0.0000,0.0000,0.0760,0.0000,0.0000,0.0000,0.0000,0.0000,0.0000,0.0000,0.0000,0.0000,0.0000,0.0000,0.0000,0.0000,0.0000,0.0000,0.0000,0.0000,0.0000,0.0000,0.0000,0.0000,0.0760,0.0760,0.0000,0.0000,0.0000,0.0760,0.0760,0.0760,0.0000,0.0000,0.0000,0.0000,0.0000,0.0000,0.0000,0.0000,0.0000,0.0000,0.0000,0.0000,0.0000,0.0000,0.0950,0.0000,0.0000,0.0760,0.0000
defer_cleanup,0.0000,0.0000,0.0633,0.0000,0.0633,0.0000,0.0000,0.0633,0.0633,0.3800,0.0000,0.0633,0.0000,0.0633,0.0000,0.0000,0.0633,0.0000,0.0000,0.0633,0.0000,0.3800,1.0000,0.0000,0.0000,0.3800,0.0000,0.0000,0.3800,0.3800,0.0000,0.0000,0.6200,0.0000,0.0000,0.0000,0.3800,0.0633,0.3800,0.0000,0.0633,0.0000,0.0000,0.0000,0.0000,0.6200,0.0633,0.0633,0.0633,0.0633,0.0000,0.0000,0.0000,0.0633,0.0000,0.0633,0.0000,0.0000,0.0000,0.0000,0.0000,0.0000,0.0000,0.0000,0.6200,0.0000,0.0633,0.0000,0.0000,0.0000,0.0000,0.0000,0.0000,0.0000,0.0000,0.3800,0.0000,0.0633,0.0000,0.0633,0.0000,0.0000,0.3800,0.0000,0.0000,0.0000,0.3800,0.0000,0.0633,0.0000,0.0000,0.0633,0.0000,0.0000,0.0000,0.0000,0.3800,0.0633,0.0000,0.0000,0.0000,0.0000,0.0000,0.0000,0.0760,0.0000,0.0000,0.0000,0.0000,0.0000,0.0000,0.0000,0.0950,0.0000,0.0000,0.0000,0.0000,0.0000,0.0000,0.0000,0.0000,0.6200,0.6200,0.6960,0.0000,0.6200,0.0000,0.0000,0.0000,0.0000,0.0000,0.0000,0.0000,0.0000,0.0000,0.0000,0.0000,0.0000,0.0000,0.0000,0.0000,0.0000,0.0000,0.0000,0.0000,0.0760,0.0760,0.0000,0.0000,0.0000,0.0760,0.0760,0.0760,0.0000,0.0000,0.0000,0.0000,0.0000,0.0000,0.0000,0.0000,0.0000,0.0000,0.0000,0.0000,0.0000,0.0000,0.0950,0.0000,0.0000,0.0760,0.0000
dynamic_dispatch,0.0000,0.3800,0.0000,0.0000,0.0000,0.0000,0.0000,0.0000,0.0000,0.0000,0.0000,0.0000,0.0000,0.0000,0.0000,0.6200,0.0000,0.0000,0.0000,0.0000,0.0000,0.0000,0.0000,1.0000,0.6200,0.0000,0.0000,0.3800,0.0000,0.0000,0.0000,0.0000,0.0000,0.0000,0.0000,0.3800,0.0000,0.0000,0.0000,0.0000,0.0000,0.6200,0.3800,0.0000,0.0000,0.0000,0.0000,0.0000,0.0000,0.0000,0.0000,0.0000,0.0000,0.0000,0.0000,0.0000,0.0000,0.0000,0.3800,0.0000,0.3800,0.0000,0.0000,0.0000,0.0000,0.0000,0.0000,0.0000,0.0000,0.0000,0.0000,0.0000,0.3800,0.0000,1.0000,0.0000,0.0000,0.0000,0.0000,0.0000,0.6200,0.6200,0.0000,0.0000,0.0000,0.0000,0.0000,0.3800,0.0000,0.0000,0.0000,0.0000,0.0000,0.0000,0.6200,0.0000,0.0000,0.0000,0.0000,0.0760,0.0000,0.0000,0.0000,0.0000,0.0000,0.0000,0.0000,0.0000,0.0000,0.0760,0.0000,0.0000,0.0000,0.0000,0.0000,0.0000,0.0000,0.0000,0.0000,0.0000,0.0000,0.0000,0.0000,0.0000,0.0000,0.0000,0.0000,0.0000,0.0000,0.0000,0.0000,0.0000,0.0000,0.0000,0.0000,0.0000,0.0000,0.0000,0.0000,0.6960,0.6960,0.6960,0.6200,0.6200,0.0000,0.0760,0.0000,0.0760,0.0000,0.0000,0.0000,0.0000,0.0000,0.0000,0.0000,0.0760,0.0760,0.0000,0.0000,0.0000,0.0000,0.0000,0.0000,0.0000,0.0000,0.0760,0.0950,0.0000,0.0000,0.0000,0.0760,0.0000
enum,0.0000,0.0000,0.0000,0.0760,0.0000,0.0000,0.3800,0.0000,0.0000,0.0000,0.0000,0.0000,0.0760,0.0000,0.0000,1.0000,0.0000,0.0000,0.0000,0.0000,0.3800,0.0000,0.0000,0.6200,1.0000,0.0000,0.0000,0.0000,0.0000,0.0000,0.3800,0.0760,0.0000,0.3800,0.0760,0.0000,0.0000,0.0000,0.0000,0.3800,0.0000,1.0000,0.0000,0.0000,0.0000,0.0760,0.0000,0.0000,0.0000,0.0000,0.0000,0.0000,0.0000,0.0000,0.0760,0.0000,0.0000,0.3800,0.0000,0.0760,0.0000,0.0000,0.0760,0.0760,0.0000,0.3800,0.0000,0.0760,0.0760,0.0760,0.0760,0.0760,0.0000,0.0760,0.6200,0.0000,0.0760,0.0000,0.0760,0.0000,1.0000,0.6960,0.0000,0.0760,0.0000,0.0000,0.0000,0.0000,0.0000,0.0760,0.0760,0.0000,0.0760,0.0000,1.0000,0.3800,0.0000,0.0000,0.0760,0.0000,0.0000,0.0950,0.0760,0.0950,0.0760,0.0000,0.0000,0.0000,0.0000,0.0760,0.0000,0.0950,0.0000,0.0000,0.0000,0.0000,0.0760,0.0760,0.0000,0.0000,0.0000,0.0000,0.0000,0.0000,0.0000,0.0000,0.0760,0.0760,0.0760,0.0760,0.0000,0.0000,0.0760,0.0000,0.0000,0.0000,0.0950,0.0760,0.0760,0.6960,0.6200,0.6960,0.6960,0.6960,0.0000,0.0000,0.0000,0.0000,0.0000,0.0000,0.0000,0.0000,0.0000,0.0000,0.0000,0.0000,0.0000,0.0000,0.0760,0.0000,0.0000,0.0000,0.0000,0.0000,0.0000,0.0000,0.0000,0.0000,0.1900,0.0760,0.0000,0.0000
exception_try,0.0000,0.0000,0.0633,0.0000,0.0633,0.0000,0.0000,0.0633,0.0633,0.3800,0.0000,0.0633,0.0000,0.0633,0.0000,0.0000,0.0633,0.0000,0.0000,0.0633,0.0000,0.3800,0.3800,0.0000,0.0000,1.0000,0.0000,0.0000,0.3800,0.3800,0.0000,0.0000,0.0000,0.0000,0.0000,0.0000,0.3800,0.0633,0.3800,0.0000,0.0633,0.0000,0.0000,0.0000,0.0000,0.0000,0.0633,0.0633,0.0633,0.0633,0.0000,0.0000,0.0000,0.0633,0.0000,0.0633,0.0000,0.0000,0.0000,0.0000,0.0000,0.0000,0.0000,0.0000,0.0000,0.0000,0.0633,0.0000,0.0000,0.0000,0.0000,0.0000,0.0000,0.0000,0.0000,0.3800,0.0000,0.0633,0.0000,0.0633,0.0000,0.0000,0.3800,0.0000,0.0000,0.0000,1.0000,0.0000,0.0633,0.0000,0.0000,0.0633,0.0000,0.0000,0.0000,0.0000,0.3800,0.0633,0.0000,0.0000,0.0000,0.0000,0.0000,0.0000,0.0760,0.0000,0.0000,0.0000,0.0000,0.0000,0.0000,0.0000,0.0950,0.0000,0.0000,0.0000,0.0000,0.0000,0.0000,0.0000,0.0000,0.0000,0.0000,0.0760,0.0000,0.0000,0.0000,0.0000,0.0000,0.0000,0.0000,0.0000,0.0000,0.0000,0.0000,0.0000,0.0000,0.0000,0.0000,0.0000,0.0000,0.0000,0.0000,0.0000,0.0000,0.6960,0.6960,0.6200,0.0000,0.0000,0.0760,0.0760,0.0760,0.0000,0.0000,0.0000,0.0000,0.0000,0.0000,0.0000,0.0000,0.0000,0.0000,0.0000,0.0000,0.0000,0.0000,0.0950,0.0000,0.0000,0.0760,0.0000
ffi,0.3800,0.0000,0.0000,0.0000,0.0000,0.0000,0.0000,0.0000,0.0000,0.0000,0.0000,0.0000,0.0000,0.0000,0.0000,0.0000,0.0000,0.0000,0.0000,0.0000,0.0000,0.0000,0.0000,0.0000,0.0000,0.0000,1.0000,0.0000,0.0000,0.0000,0.6200,0.6200,0.3800,0.0000,0.0000,0.0000,0.0000,0.0000,0.0000,0.0000,0.0000,0.0000,0.0000,0.0000,0.3800,0.0000,0.0000,0.0000,0.0000,0.0000,0.0000,0.0000,0.3800,0.0000,0.0000,0.0000,0.0000,0.0000,0.0000,0.0000,0.0000,0.0000,0.0000,0.0000,0.3800,0.6200,0.0000,0.0000,0.0000,0.0000,0.0000,0.0000,0.0000,0.0000,0.0000,0.0000,0.0000,0.0000,0.0000,0.0000,0.0000,0.0000,0.0000,0.0000,0.0000,0.0000,0.0000,0.0000,0.0000,0.0000,0.0000,0.0000,0.0000,0.3800,0.0000,0.0000,0.0000,0.0000,0.0000,0.0000,0.0000,0.0000,0.0760,0.0000,0.0000,0.0000,0.0760,0.0760,0.0760,0.0760,0.0000,0.0000,0.0000,0.0000,0.0000,0.7150,0.6960,0.0000,0.0000,0.0000,0.0000,0.0760,0.0000,0.0000,0.0000,0.0760,0.0000,0.0000,0.0000,0.0000,0.0000,0.0000,0.0000,0.0000,0.0000,0.0000,0.0000,0.0000,0.0760,0.0000,0.0000,0.0760,0.0000,0.0000,0.0000,0.0000,0.0000,0.0000,0.0000,0.0000,0.0000,0.0000,0.0000,0.0000,0.0000,0.0000,0.0760,0.0760,0.0760,0.0760,0.0000,0.0000,0.0000,0.0000,0.0000,0.0000,0.0000,0.0000,0.0000,0.0000,0.0000,0.1900
filesystem,0.0000,0.3800,0.0000,0.0000,0.0000,0.0000,0.0000,0.0000,0.0000,0.0000,0.0000,0.0000,0.0000,0.0000,0.0000,0.0000,0.0000,0.0000,0.0000,0.0000,0.0000,0.0000,0.0000,0.3800,0.0000,0.0000,0.0000,1.0000,0.0000,0.0000,0.0000,0.0000,0.0000,0.0000,0.0000,1.0000,0.0000,0.0000,0.0000,0.0000,0.0000,0.0000,1.0000,0.0000,0.0000,0.0000,0.0000,0.0000,0.0000,0.0000,0.0000,0.0000,0.0000,0.0000,0.0000,0.0000,0.0000,0.0000,1.0000,0.0000,1.0000,0.0000,0.0000,0.0000,0.0000,0.0000,0.0000,0.0000,0.0000,0.0000,0.0000,0.0000,1.0000,0.0000,0.3800,0.0000,0.0000,0.0000,0.0000,0.0000,0.0000,0.0000,0.0000,0.0000,0.0000,0.0000,0.0000,1.0000,0.0000,0.0000,0.0000,0.0000,0.0000,0.0000,0.0000,0.0000,0.0000,0.0000,0.0000,0.0760,0.0000,0.0000,0.0000,0.0000,0.0000,0.0000,0.0000,0.0000,0.0000,0.0760,0.0000,0.0000,0.0000,0.0000,0.0000,0.0000,0.0000,0.0000,0.0000,0.0000,0.0000,0.0000,0.0000,0.0000,0.0000,0.0000,0.0000,0.0000,0.0000,0.0000,0.0000,0.0000,0.0000,0.0000,0.0000,0.0000,0.0000,0.0000,0.0000,0.0760,0.0760,0.0760,0.0000,0.0000,0.0000,0.0760,0.0000,0.0760,0.0000,0.0000,0.0000,0.0000,0.0000,0.0000,0.0000,0.0760,0.0760,0.0000,0.0000,0.0000,0.0000,0.0000,0.0000,0.0000,0.0000,0.0760,0.0950,0.0000,0.0000,0.0000,0.0760,0.0000
for,0.0000,0.0000,0.6833,0.0000,0.6833,0.0000,0.0000,0.0633,0.6833,1.0000,0.0000,0.6833,0.0000,0.0633,0.0000,0.0000,0.0633,0.0000,0.0000,0.6833,0.0000,1.0000,0.3800,0.0000,0.0000,0.3800,0.0000,0.0000,1.0000,1.0000,0.0000,0.0000,0.0000,0.0000,0.0000,0.0000,1.0000,0.6833,1.0000,0.0000,0.6833,0.0000,0.0000,0.0000,0.0000,0.0000,0.6833,0.6833,0.6833,0.6833,0.0000,0.0000,0.0000,0.6833,0.0000,0.6833,0.0000,0.0000,0.0000,0.0000,0.0000,0.0000,0.0000,0.0000,0.0000,0.0000,0.0633,0.0000,0.0000,0.0000,0.0000,0.0000,0.0000,0.0000,0.0000,1.0000,0.0000,0.6833,0.0000,0.6833,0.0000,0.0000,1.0000,0.0000,0.0000,0.0000,0.3800,0.0000,0.6833,0.0000,0.0000,0.6833,0.0000,0.0000,0.0000,0.0000,1.0000,0.0633,0.0000,0.0000,0.0000,0.0000,0.0000,0.0000,0.0760,0.0000,0.0000,0.0000,0.0000,0.0000,0.0000,0.0000,0.0950,0.0000,0.0000,0.0000,0.0000,0.0000,0.0000,0.0000,0.0000,0.0000,0.0000,0.0760,0.0000,0.0000,0.0000,0.0000,0.0000,0.0000,0.0000,0.0000,0.0000,0.0000,0.0000,0.0000,0.0000,0.0000,0.0000,0.0000,0.0000,0.0000,0.0000,0.0000,0.0000,0.0760,0.0760,0.0000,0.0000,0.0000,0.0760,0.0760,0.0760,0.0000,0.0000,0.0000,0.0000,0.0000,0.0000,0.0000,0.0000,0.0000,0.0000,0.0000,0.0000,0.0000,0.0000,0.0950,0.0000,0.0000,0.0760,0.0000
foreach_iteration,0.0000,0.0000,0.6833,0.0000,0.6833,0.0000,0.0000,0.0633,0.6833,1.0000,0.0000,0.6833,0.0000,0.0633,0.0000,0.0000,0.0633,0.0000,0.0000,0.6833,0.0000,1.0000,0.3800,0.0000,0.0000,0.3800,0.0000,0.0000,1.0000,1.0000,0.0000,0.0000,0.0000,0.0000,0.0000,0.0000,1.0000,0.6833,1.0000,0.0000,0.6833,0.0000,0.0000,0.0000,0.0000,0.0000,0.6833,0.6833,0.6833,0.6833,0.0000,0.0000,0.0000,0.6833,0.0000,0.6833,0.0000,0.0000,0.0000,0.0000,0.0000,0.0000,0.0000,0.0000,0.0000,0.0000,0.0633,0.0000,0.0000,0.0000,0.0000,0.0000,0.0000,0.0000,0.0000,1.0000,0.0000,0.6833,0.0000,0.6833,0.0000,0.0000,1.0000,0.0000,0.0000,0.0000,0.3800,0.0000,0.6833,0.0000,0.0000,0.6833,0.0000,0.0000,0.0000,0.0000,1.0000,0.0633,0.0000,0.0000,0.0000,0.0000,0.0000,0.0000,0.0760,0.0000,0.0000,0.0000,0.0000,0.0000,0.0000,0.0000,0.0950,0.0000,0.0000,0.0000,0.0000,0.0000,0.0000,0.0000,0.0000,0.0000,0.0000,0.0760,0.0000,0.0000,0.0000,0.0000,0.0000,0.0000,0.0000,0.0000,0.0000,0.0000,0.0000,0.0000,0.0000,0.0000,0.0000,0.0000,0.0000,0.0000,0.0000,0.0000,0.0000,0.0760,0.0760,0.0000,0.0000,0.0000,0.0760,0.0760,0.0760,0.0000,0.0000,0.0000,0.0000,0.0000,0.0000,0.0000,0.0000,0.0000,0.0000,0.0000,0.0000,0.0000,0.0000,0.0950,0.0000,0.0000,0.0760,0.0000
function,0.0000,0.0000,0.0000,0.0760,0.0000,0.0000,0.3800,0.0000,0.0000,0.0000,0.0000,0.0000,0.0760,0.0000,0.0000,0.3800,0.0000,0.0000,0.0000,0.0000,0.3800,0.0000,0.0000,0.0000,0.3800,0.0000,0.6200,0.0000,0.0000,0.0000,1.0000,0.6960,0.0000,0.3800,0.0760,0.0000,0.0000,0.0000,0.0000,0.3800,0.0000,0.3800,0.0000,0.0000,0.0000,0.0760,0.0000,0.0000,0.0000,0.0000,0.0000,0.0000,0.0000,0.0000,0.0760,0.0000,0.0000,0.3800,0.0000,0.0760,0.0000,0.0000,0.0760,0.0760,0.0000,1.0000,0.0000,0.0760,0.0760,0.0760,0.0760,0.0760,0.0000,0.0760,0.0000,0.0000,0.0760,0.0000,0.0760,0.0000,0.3800,0.0760,0.0000,0.0760,0.0000,0.0000,0.0000,0.0000,0.0000,0.0760,0.0760,0.0000,0.0760,0.0000,0.3800,0.3800,0.0000,0.0000,0.0760,0.0000,0.0000,0.0950,0.0760,0.0950,0.0760,0.0000,0.0000,0.0000,0.0000,0.0760,0.0000,0.0950,0.0000,0.0000,0.0000,0.6200,0.6960,0.0760,0.0000,0.0000,0.0000,0.0000,0.0000,0.0000,0.0000,0.0000,0.0760,0.0760,0.0760,0.0760,0.0000,0.0000,0.0760,0.0000,0.0000,0.0000,0.0950,0.0760,0.0760,0.0760,0.0000,0.0760,0.0760,0.0760,0.0000,0.0000,0.0000,0.0000,0.0000,0.0000,0.0000,0.0000,0.0000,0.0000,0.0000,0.0000,0.0000,0.0000,0.0760,0.0000,0.0000,0.0000,0.0000,0.0000,0.0000,0.0000,0.0000,0.0000,0.1900,0.0760,0.0000,0.0000
function_type,0.0000,0.0000,0.0000,0.3800,0.0000,0.0000,0.0760,0.0000,0.0000,0.0000,0.0000,0.0000,0.0000,0.0000,0.0000,0.0760,0.0000,0.0000,0.0000,0.0000,0.0760,0.0000,0.0000,0.0000,0.0760,0.0000,0.6200,0.0000,0.0000,0.0000,0.6960,1.0000,0.0000,0.0760,0.3800,0.0000,0.0000,0.0000,0.0000,0.0760,0.0000,0.0760,0.0000,0.0000,0.0000,0.0000,0.0000,0.0000,0.0000,0.0000,0.0000,0.0000,0.0000,0.0000,0.3800,0.0000,0.0000,0.0760,0.0000,0.0000,0.0000,0.0000,0.3800,0.3800,0.0000,0.6960,0.0000,0.3800,0.3800,0.3800,0.3800,0.3800,0.0000,0.3800,0.0000,0.0000,0.0000,0.0000,0.0000,0.0000,0.0760,0.3800,0.0000,0.0000,0.0000,0.0000,0.0000,0.0000,0.0000,0.3800,0.3800,0.0000,0.3800,0.0000,0.0760,0.0760,0.0000,0.0000,0.1900,0.0000,0.0950,0.0950,0.0760,0.0950,0.0760,0.0950,0.0000,0.0000,0.0000,0.0760,0.0000,0.0000,0.0000,0.0000,0.0000,0.7150,0.6960,0.0760,0.0000,0.0000,0.0760,0.0000,0.0000,0.0000,0.0000,0.0000,0.1900,0.0000,0.0000,0.0760,0.0000,0.0000,0.0760,0.0000,0.0000,0.0760,0.2533,0.0760,0.0760,0.0760,0.0000,0.0760,0.0760,0.0000,0.0000,0.0000,0.0000,0.0000,0.0000,0.0000,0.0000,0.0000,0.0000,0.0000,0.0000,0.0000,0.0000,0.0000,0.0760,0.0000,0.0000,0.0000,0.0000,0.0000,0.0000,0.0000,0.0000,0.0000,0.0760,0.0760,0.0000,0.0000
gc,0.3800,0.0000,0.0000,0.0000,0.0000,0.0000,0.0000,0.0000,0.0000,0.0000,0.0000,0.0000,0.0000,0.0000,0.0000,0.0000,0.0000,0.0000,0.0000,0.0000,0.0000,0.0000,0.6200,0.0000,0.0000,0.0000,0.3800,0.0000,0.0000,0.0000,0.0000,0.0000,1.0000,0.0000,0.0000,0.0000,0.0000,0.0000,0.0000,0.0000,0.0000,0.0000,0.0000,0.0000,0.3800,0.6200,0.0000,0.0000,0.0000,0.0000,0.0000,0.0000,0.3800,0.0000,0.0000,0.0000,0.0000,0.0000,0.0000,0.0000,0.0000,0.0000,0.0000,0.0000,1.0000,0.0000,0.0000,0.0000,0.0000,0.0000,0.0000,0.0000,0.0000,0.0000,0.0000,0.0000,0.0000,0.0000,0.0000,0.0000,0.0000,0.0000,0.0000,0.0000,0.0000,0.0000,0.0000,0.0000,0.0000,0.0000,0.0000,0.0000,0.0000,0.3800,0.0000,0.0000,0.0000,0.0000,0.0000,0.0000,0.0000,0.0000,0.0760,0.0000,0.0000,0.0000,0.0760,0.0760,0.0760,0.0760,0.0000,0.0000,0.0000,0.0000,0.0000,0.0950,0.0760,0.0000,0.0000,0.0000,0.0000,0.6960,0.6200,0.6200,0.0000,0.6960,0.0000,0.0000,0.0000,0.0000,0.0000,0.0000,0.0000,0.0000,0.0000,0.0000,0.0000,0.0000,0.0760,0.0000,0.0000,0.0760,0.0000,0.0000,0.0000,0.0000,0.0000,0.0000,0.0000,0.0000,0.0000,0.0000,0.0000,0.0000,0.0000,0.0000,0.0760,0.0760,0.0760,0.0760,0.0000,0.0000,0.0000,0.0000,0.0000,0.0000,0.0000,0.0000,0.0000,0.0000,0.0000,0.1900
generic,0.0000,0.0000,0.0000,0.0760,0.0000,0.0000,0.3800,0.0000,0.0000,0.0000,0.0000,0.0000,0.0760,0.0000,0.0000,0.3800,0.0000,0.0000,0.0000,0.0000,0.3800,0.0000,0.0000,0.0000,0.3800,0.0000,0.0000,0.0000,0.0000,0.0000,0.3800,0.0760,0.0000,1.0000,0.6960,0.0000,0.0000,0.0000,0.0000,0.3800,0.0000,0.3800,0.0000,0.0000,0.0000,0.0760,0.0000,0.0000,0.0000,0.0000,0.0000,0.0000,0.0000,0.0000,0.0760,0.0000,0.0000,0.3800,0.0000,0.0760,0.0000,0.0000,0.0760,0.6960,0.0000,0.3800,0.0000,0.0760,0.0760,0.0760,0.0760,0.0760,0.0000,0.0760,0.0000,0.0000,0.0760,0.0000,0.0760,0.0000,0.3800,0.0760,0.0000,0.0760,0.0000,0.0000,0.0000,0.0000,0.0000,0.0760,0.6960,0.0000,0.0760,0.0000,0.3800,0.3800,0.0000,0.0000,0.0760,0.0000,0.0000,0.0950,0.0760,0.0950,0.0760,0.0000,0.0000,0.0000,0.0000,0.0760,0.0000,0.0950,0.0000,0.0000,0.0000,0.0000,0.0760,0.0760,0.0000,0.0000,0.0000,0.0000,0.0000,0.0000,0.0000,0.0000,0.6960,0.6960,0.0760,0.6960,0.6200,0.6200,0.6960,0.6200,0.6200,0.6200,0.0950,0.0760,0.0760,0.0760,0.0000,0.0760,0.0760,0.0760,0.6200,0.0000,0.0000,0.0000,0.0000,0.0000,0.0000,0.0000,0.0000,0.0000,0.0000,0.0000,0.0000,0.0000,0.0760,0.0000,0.0000,0.0000,0.0000,0.0000,0.0000,0.0000,0.0000,0.0000,0.1900,0.0760,0.0000,0.0000
generic_constraint,0.0000,0.0000,0.0000,0.3800,0.0000,0.0000,0.0760,0.0000,0.0000,0.0000,0.0000,0.0000,0.0000,0.0000,0.0000,0.0760,0.0000,0.0000,0.0000,0.0000,0.0760,0.0000,0.0000,0.0000,0.0760,0.0000,0.0000,0.0000,0.0000,0.0000,0.0760,0.3800,0.0000,0.6960,1.0000,0.0000,0.0000,0.0000,0.0000,0.0760,0.0000,0.0760,0.0000,0.0000,0.0000,0.0000,0.0000,0.0000,0.0000,0.0000,0.0000,0.0000,0.0000,0.0000,0.3800,0.0000,0.0000,0.0760,0.0000,0.0000,0.0000,0.0000,0.3800,1.0000,0.0000,0.0760,0.0000,0.3800,0.3800,0.3800,0.3800,0.3800,0.0000,0.3800,0.0000,0.0000,0.0000,0.0000,0.0000,0.0000,0.0760,0.3800,0.0000,0.0000,0.0000,0.0000,0.0000,0.0000,0.0000,0.3800,1.0000,0.0000,0.3800,0.0000,0.0760,0.0760,0.0000,0.0000,0.1900,0.0000,0.0950,0.0950,0.0760,0.0950,0.0760,0.0950,0.0000,0.0000,0.0000,0.0760,0.0000,0.0000,0.0000,0.0000,0.0000,0.0950,0.0760,0.0760,0.0000,0.0000,0.0760,0.0000,0.0000,0.0000,0.0000,0.0000,0.8100,0.6200,0.0000,0.6960,0.6200,0.6200,0.6960,0.6200,0.6200,0.6960,0.2533,0.0760,0.0760,0.0760,0.0000,0.0760,0.0760,0.0000,0.6200,0.0000,0.0000,0.0000,0.0000,0.0000,0.0000,0.0000,0.0000,0.0000,0.0000,0.0000,0.0000,0.0000,0.0760,0.0000,0.0000,0.0000,0.0000,0.0000,0.0000,0.0000,0.0000,0.0000,0.0760,0.0760,0.0000,0.0000
global_state,0.0000,0.3800,0.0000,0.0000,0.0000,0.0000,0.0000,0.0000,0.0000,0.0000,0.0000,0.0000,0.0000,0.0000,0.0000,0.0000,0.0000,0.0000,0.0000,0.0000,0.0000,0.0000,0.0000,0.3800,0.0000,0.0000,0.0000,1.0000,0.0000,0.0000,0.0000,0.0000,0.0000,0.0000,0.0000,1.0000,0.0000,0.0000,0.0000,0.0000,0.0000,0.0000,1.0000,0.0000,0.0000,0.0000,0.0000,0.0000,0.0000,0.0000,0.0000,0.0000,0.0000,0.0000,0.0000,0.0000,0.0000,0.0000,1.0000,0.0000,1.0000,0.0000,0.0000,0.0000,0.0000,0.0000,0.0000,0.0000,0.0000,0.0000,0.0000,0.0000,1.0000,0.0000,0.3800,0.0000,0.0000,0.0000,0.0000,0.0000,0.0000,0.0000,0.0000,0.0000,0.0000,0.0000,0.0000,1.0000,0.0000,0.0000,0.0000,0.0000,0.0000,0.0000,0.0000,0.0000,0.0000,0.0000,0.0000,0.0760,0.0000,0.0000,0.0000,0.0000,0.0000,0.0000,0.0000,0.0000,0.0000,0.0760,0.0000,0.0000,0.0000,0.0000,0.0000,0.0000,0.0000,0.0000,0.0000,0.0000,0.0000,0.0000,0.0000,0.0000,0.0000,0.0000,0.0000,0.0000,0.0000,0.0000,0.0000,0.0000,0.0000,0.0000,0.0000,0.0000,0.0000,0.0000,0.0000,0.0760,0.0760,0.0760,0.0000,0.0000,0.0000,0.0760,0.0000,0.0760,0.0000,0.0000,0.0000,0.0000,0.0000,0.0000,0.0000,0.0760,0.0760,0.0000,0.0000,0.0000,0.0000,0.0000,0.0000,0.0000,0.0000,0.0760,0.0950,0.0000,0.0000,0.0000,0.0760,0.0000
goto_label,0.0000,0.0000,0.6833,0.0000,0.6833,0.0000,0.0000,0.0633,0.6833,1.0000,0.0000,0.6833,0.0000,0.0633,0.0000,0.0000,0.0633,0.0000,0.0000,0.6833,0.0000,1.0000,0.3800,0.0000,0.0000,0.3800,0.0000,0.0000,1.0000,1.0000,0.0000,0.0000,0.0000,0.0000,0.0000,0.0000,1.0000,0.6833,1.0000,0.0000,0.6833,0.0000,0.0000,0.0000,0.0000,0.0000,0.6833,0.6833,0.6833,0.6833,0.0000,0.0000,0.0000,0.6833,0.0000,0.6833,0.0000,0.0000,0.0000,0.0000,0.0000,0.0000,0.0000,0.0000,0.0000,0.0000,0.0633,0.0000,0.0000,0.0000,0.0000,0.0000,0.0000,0.0000,0.0000,1.0000,0.0000,0.6833,0.0000,0.6833,0.0000,0.0000,1.0000,0.0000,0.0000,0.0000,0.3800,0.0000,0.6833,0.0000,0.0000,0.6833,0.0000,0.0000,0.0000,0.0000,1.0000,0.0633,0.0000,0.0000,0.0000,0.0000,0.0000,0.0000,0.0760,0.0000,0.0000,0.0000,0.0000,0.0000,0.0000,0.0000,0.0950,0.0000,0.0000,0.0000,0.0000,0.0000,0.0000,0.0000,0.0000,0.0000,0.0000,0.0760,0.0000,0.0000,0.0000,0.0000,0.0000,0.0000,0.0000,0.0000,0.0000,0.0000,0.0000,0.0000,0.0000,0.0000,0.0000,0.0000,0.0000,0.0000,0.0000,0.0000,0.0000,0.0760,0.0760,0.0000,0.0000,0.0000,0.0760,0.0760,0.0760,0.0000,0.0000,0.0000,0.0000,0.0000,0.0000,0.0000,0.0000,0.0000,0.0000,0.0000,0.0000,0.0000,0.0000,0.0950,0.0000,0.0000,0.0760,0.0000
identifier,0.0000,0.0000,1.0000,0.0000,1.0000,0.0000,0.0000,0.3800,1.0000,0.6833,0.0000,1.0000,0.0000,0.3800,0.0000,0.0000,0.3800,0.0000,0.0000,1.0000,0.0000,0.6833,0.0633,0.0000,0.0000,0.0633,0.0000,0.0000,0.6833,0.6833,0.0000,0.0000,0.0000,0.0000,0.0000,0.0000,0.6833,1.0000,0.6833,0.0000,1.0000,0.0000,0.0000,0.0000,0.0000,0.0000,1.0000,1.0000,1.0000,1.0000,0.0000,0.0000,0.0000,1.0000,0.0000,1.0000,0.0000,0.0000,0.0000,0.0000,0.0000,0.0000,0.0000,0.0000,0.0000,0.0000,0.3800,0.0000,0.0000,0.0000,0.0000,0.0000,0.0000,0.0000,0.0000,0.6833,0.0000,1.0000,0.0000,1.0000,0.0000,0.0000,0.6833,0.0000,0.0000,0.0000,0.0633,0.0000,1.0000,0.0000,0.0000,1.0000,0.0000,0.0000,0.0000,0.0000,0.6833,0.3800,0.0633,0.0633,0.0760,0.0000,0.0000,0.0000,0.0633,0.0000,0.0633,0.0000,0.0000,0.0000,0.0000,0.0000,0.0760,0.0760,0.0760,0.0000,0.0633,0.0000,0.0000,0.0000,0.0633,0.0000,0.0000,0.0000,0.0000,0.0633,0.0000,0.0000,0.0000,0.0000,0.0000,0.0000,0.0000,0.0760,0.1520,0.0000,0.0000,0.0000,0.0000,0.0000,0.0633,0.0000,0.0633,0.0000,0.0760,0.0000,0.0000,0.0000,0.0633,0.0000,0.0000,0.1520,0.0633,0.0000,0.0000,0.0000,0.0000,0.0000,0.0000,0.0000,0.0000,0.0000,0.0000,0.0000,0.0000,0.0000,0.0000,0.0760,0.0633,0.0000,0.0633,0.0000
if,0.0000,0.0000,0.6833,0.0000,0.6833,0.0000,0.0000,0.0633,0.6833,1.0000,0.0000,0.6833,0.0000,0.0633,0.0000,0.0000,0.0633,0.0000,0.0000,0.6833,0.0000,1.0000,0.3800,0.0000,0.0000,0.3800,0.0000,0.0000,1.0000,1.0000,0.0000,0.0000,0.0000,0.0000,0.0000,0.0000,1.0000,0.6833,1.0000,0.0000,0.6833,0.0000,0.0000,0.0000,0.0000,0.0000,0.6833,0.6833,0.6833,0.6833,0.0000,0.0000,0.0000,0.6833,0.0000,0.6833,0.0000,0.0000,0.0000,0.0000,0.0000,0.0000,0.0000,0.0000,0.0000,0.0000,0.0633,0.0000,0.0000,0.0000,0.0000,0.0000,0.0000,0.0000,0.0000,1.0000,0.0000,0.6833,0.0000,0.6833,0.0000,0.0000,1.0000,0.0000,0.0000,0.0000,0.3800,0.0000,0.6833,0.0000,0.0000,0.6833,0.0000,0.0000,0.0000,0.0000,1.0000,0.0633,0.0000,0.0000,0.0000,0.0000,0.0000,0.0000,0.0760,0.0000,0.0000,0.0000,0.0000,0.0000,0.0000,0.0000,0.0950,0.0000,0.0000,0.0000,0.0000,0.0000,0.0000,0.0000,0.0000,0.0000,0.0000,0.0760,0.0000,0.0000,0.0000,0.0000,0.0000,0.0000,0.0000,0.0000,0.0000,0.0000,0.0000,0.0000,0.0000,0.0000,0.0000,0.0000,0.0000,0.0000,0.0000,0.0000,0.0000,0.0760,0.0760,0.0000,0.0000,0.0000,0.0760,0.0760,0.0760,0.0000,0.0000,0.0000,0.0000,0.0000,0.0000,0.0000,0.0000,0.0000,0.0000,0.0000,0.0000,0.0000,0.0000,0.0950,0.0000,0.0000,0.0760,0.0000
import,0.0000,0.0000,0.0000,0.0760,0.0000,0.0000,0.3800,0.0000,0.0000,0.0000,0.0000,0.0000,0.0760,0.0000,0.0000,0.3800,0.0000,0.0000,0.0000,0.0000,0.3800,0.0000,0.0000,0.0000,0.3800,0.0000,0.0000,0.0000,0.0000,0.0000,0.3800,0.0760,0.0000,0.3800,0.0760,0.0000,0.0000,0.0000,0.0000,1.0000,0.0000,0.3800,0.0000,0.0000,0.0000,0.0760,0.0000,0.0000,0.0000,0.0000,0.0000,0.0000,0.0000,0.0000,0.0760,0.0000,0.0000,1.0000,0.0000,0.6960,0.0000,0.0000,0.0760,0.0760,0.0000,0.3800,0.0000,0.0760,0.0760,0.0760,0.0760,0.0760,0.0000,0.0760,0.0000,0.0000,0.0760,0.0000,0.0760,0.0000,0.3800,0.0760,0.0000,0.6960,0.0000,0.0000,0.0000,0.0000,0.0000,0.0760,0.0760,0.0000,0.0760,0.0000,0.3800,1.0000,0.0000,0.0000,0.0760,0.0000,0.0000,0.0950,0.0760,0.0950,0.0760,0.0000,0.0000,0.0000,0.0000,0.0760,0.0000,0.7150,0.0000,0.0000,0.0000,0.0000,0.0760,0.0760,0.0000,0.0000,0.0000,0.0000,0.0000,0.0000,0.0000,0.0000,0.0760,0.0760,0.6960,0.0760,0.0000,0.0000,0.0760,0.0000,0.0000,0.0000,0.0950,0.0760,0.0760,0.0760,0.0000,0.0760,0.0760,0.0760,0.0000,0.0000,0.0000,0.0000,0.0000,0.0000,0.0000,0.0000,0.0000,0.6200,0.6200,0.0000,0.0000,0.0000,0.0760,0.0000,0.0000,0.0000,0.0000,0.0000,0.0000,0.0000,0.0000,0.0000,0.1900,0.0760,0.0000,0.0000
index,0.0000,0.0000,1.0000,0.0000,1.0000,0.0000,0.0000,0.3800,1.0000,0.6833,0.0000,1.0000,0.0000,0.3800,0.0000,0.0000,0.3800,0.0000,0.0000,1.0000,0.0000,0.6833,0.0633,0.0000,0.0000,0.0633,0.0000,0.0000,0.6833,0.6833,0.0000,0.0000,0.0000,0.0000,0.0000,0.0000,0.6833,1.0000,0.6833,0.0000,1.0000,0.0000,0.0000,0.0000,0.0000,0.0000,1.0000,1.0000,1.0000,1.0000,0.0000,0.0000,0.0000,1.0000,0.0000,1.0000,0.0000,0.0000,0.0000,0.0000,0.0000,0.0000,0.0000,0.0000,0.0000,0.0000,0.3800,0.0000,0.0000,0.0000,0.0000,0.0000,0.0000,0.0000,0.0000,0.6833,0.0000,1.0000,0.0000,1.0000,0.0000,0.0000,0.6833,0.0000,0.0000,0.0000,0.0633,0.0000,1.0000,0.0000,0.0000,1.0000,0.0000,0.0000,0.0000,0.0000,0.6833,0.3800,0.0633,0.0633,0.0760,0.0000,0.0000,0.0000,0.0633,0.0000,0.0633,0.0000,0.0000,0.0000,0.0000,0.0000,0.0760,0.0760,0.0760,0.0000,0.0633,0.0000,0.0000,0.0000,0.0633,0.0000,0.0000,0.0000,0.0000,0.0633,0.0000,0.0000,0.0000,0.0000,0.0000,0.0000,0.0000,0.0760,0.1520,0.0000,0.0000,0.0000,0.0000,0.0000,0.0633,0.0000,0.0633,0.0000,0.0760,0.0000,0.0000,0.0000,0.0633,0.0000,0.0000,0.1520,0.0633,0.0000,0.0000,0.0000,0.0000,0.0000,0.0000,0.0000,0.0000,0.0000,0.0000,0.0000,0.0000,0.0000,0.0000,0.0760,0.0633,0.0000,0.0633,0.0000
interface_trait,0.0000,0.0000,0.0000,0.0760,0.0000,0.0000,0.3800,0.0000,0.0000,0.0000,0.0000,0.0000,0.0760,0.0000,0.0000,1.0000,0.0000,0.0000,0.0000,0.0000,0.3800,0.0000,0.0000,0.6200,1.0000,0.0000,0.0000,0.0000,0.0000,0.0000,0.3800,0.0760,0.0000,0.3800,0.0760,0.0000,0.0000,0.0000,0.0000,0.3800,0.0000,1.0000,0.0000,0.0000,0.0000,0.0760,0.0000,0.0000,0.0000,0.0000,0.0000,0.0000,0.0000,0.0000,0.0760,0.0000,0.0000,0.3800,0.0000,0.0760,0.0000,0.0000,0.0760,0.0760,0.0000,0.3800,0.0000,0.0760,0.0760,0.0760,0.0760,0.0760,0.0000,0.0760,0.6200,0.0000,0.0760,0.0000,0.0760,0.0000,1.0000,0.6960,0.0000,0.0760,0.0000,0.0000,0.0000,0.0000,0.0000,0.0760,0.0760,0.0000,0.0760,0.0000,1.0000,0.3800,0.0000,0.0000,0.0760,0.0000,0.0000,0.0950,0.0760,0.0950,0.0760,0.0000,0.0000,0.0000,0.0000,0.0760,0.0000,0.0950,0.0000,0.0000,0.0000,0.0000,0.0760,0.0760,0.0000,0.0000,0.0000,0.0000,0.0000,0.0000,0.0000,0.0000,0.0760,0.0760,0.0760,0.0760,0.0000,0.0000,0.0760,0.0000,0.0000,0.0000,0.0950,0.0760,0.0760,0.6960,0.6200,0.6960,0.6960,0.6960,0.0000,0.0000,0.0000,0.0000,0.0000,0.0000,0.0000,0.0000,0.0000,0.0000,0.0000,0.0000,0.0000,0.0000,0.0760,0.0000,0.0000,0.0000,0.0000,0.0000,0.0000,0.0000,0.0000,0.0000,0.1900,0.0760,0.0000,0.0000
io,0.0000,0.3800,0.0000,0.0000,0.0000,0.0000,0.0000,0.0000,0.0000,0.0000,0.0000,0.0000,0.0000,0.0000,0.0000,0.0000,0.0000,0.0000,0.0000,0.0000,0.0000,0.0000,0.0000,0.3800,0.0000,0.0000,0.0000,1.0000,0.0000,0.0000,0.0000,0.0000,0.0000,0.0000,0.0000,1.0000,0.0000,0.0000,0.0000,0.0000,0.0000,0.0000,1.0000,0.0000,0.0000,0.0000,0.0000,0.0000,0.0000,0.0000,0.0000,0.0000,0.0000,0.0000,0.0000,0.0000,0.0000,0.0000,1.0000,0.0000,1.0000,0.0000,0.0000,0.0000,0.0000,0.0000,0.0000,0.0000,0.0000,0.0000,0.0000,0.0000,1.0000,0.0000,0.3800,0.0000,0.0000,0.0000,0.0000,0.0000,0.0000,0.0000,0.0000,0.0000,0.0000,0.0000,0.0000,1.0000,0.0000,0.0000,0.0000,0.0000,0.0000,0.0000,0.0000,0.0000,0.0000,0.0000,0.0000,0.0760,0.0000,0.0000,0.0000,0.0000,0.0000,0.0000,0.0000,0.0000,0.0000,0.0760,0.0000,0.0000,0.0000,0.0000,0.0000,0.0000,0.0000,0.0000,0.0000,0.0000,0.0000,0.0000,0.0000,0.0000,0.0000,0.0000,0.0000,0.0000,0.0000,0.0000,0.0000,0.0000,0.0000,0.0000,0.0000,0.0000,0.0000,0.0000,0.0000,0.0760,0.0760,0.0760,0.0000,0.0000,0.0000,0.0760,0.0000,0.0760,0.0000,0.0000,0.0000,0.0000,0.0000,0.0000,0.0000,0.0760,0.0760,0.0000,0.0000,0.0000,0.0000,0.0000,0.0000,0.0000,0.0000,0.0760,0.0950,0.0000,0.0000,0.0000,0.0760,0.0000
ir,0.0000,0.0000,0.0000,0.0000,0.0000,0.0000,0.0000,0.0000,0.0000,0.0000,1.0000,0.0000,0.0000,0.0000,0.0000,0.0000,0.0000,1.0000,0.3800,0.0000,0.0000,0.0000,0.0000,0.0000,0.0000,0.0000,0.0000,0.0000,0.0000,0.0000,0.0000,0.0000,0.0000,0.0000,0.0000,0.0000,0.0000,0.0000,0.0000,0.0000,0.0000,0.0000,0.0000,1.0000,0.0000,0.0000,0.0000,0.0000,0.0000,0.0000,0.0000,0.3800,0.0000,0.0000,0.0000,0.0000,0.0000,0.0000,0.0000,0.0000,0.0000,1.0000,0.0000,0.0000,0.0000,0.0000,0.0000,0.0000,0.0000,0.0000,0.0000,0.0000,0.0000,0.0000,0.0000,0.0000,0.0000,0.0000,0.0000,0.0000,0.0000,0.0000,0.0000,0.0000,0.0000,0.0000,0.0000,0.0000,0.0000,0.0000,0.0000,0.0000,0.0000,0.0000,0.0000,0.0000,0.0000,0.0000,0.0000,0.0000,0.0000,0.0000,0.0000,0.0000,0.0000,0.0000,0.0000,0.0000,0.0000,0.0000,0.0000,0.0000,0.0000,0.0000,0.0000,0.0000,0.0000,0.0000,0.0000,0.0000,0.0000,0.0000,0.0000,0.0000,0.0000,0.0000,0.0000,0.0000,0.0000,0.0760,0.0000,0.0760,0.0760,0.0000,0.0000,0.0000,0.0000,0.0000,0.0000,0.0000,0.0000,0.0000,0.0000,0.0000,0.0000,0.0000,0.0000,0.0000,0.0760,0.0000,0.0000,0.0000,0.0000,0.0000,0.0000,0.0000,0.0000,0.0000,0.0000,0.0000,0.0000,0.0950,0.0950,0.0000,0.0760,0.0000,0.0000,0.0000,0.6200,0.6200,0.6200,0.6960
layout_alignment,1.0000,0.0000,0.0000,0.0000,0.0000,0.0000,0.0000,0.0000,0.0000,0.0000,0.0000,0.0000,0.0000,0.0000,0.0000,0.0000,0.0000,0.0000,0.0000,0.0000,0.0000,0.0000,0.0000,0.0000,0.0000,0.0000,0.3800,0.0000,0.0000,0.0000,0.0000,0.0000,0.3800,0.0000,0.0000,0.0000,0.0000,0.0000,0.0000,0.0000,0.0000,0.0000,0.0000,0.0000,1.0000,0.0000,0.0000,0.0000,0.0000,0.0000,0.0000,0.0000,0.3800,0.0000,0.0000,0.0000,0.0000,0.0000,0.0000,0.0000,0.0000,0.0000,0.0000,0.0000,0.3800,0.0000,0.0000,0.0000,0.0000,0.0000,0.0000,0.0000,0.0000,0.0000,0.0000,0.0000,0.0000,0.0000,0.0000,0.0000,0.0000,0.0000,0.0000,0.0000,0.0000,0.0000,0.0000,0.0000,0.0000,0.0000,0.0000,0.0000,0.0000,0.3800,0.0000,0.0000,0.0000,0.0000,0.0000,0.0000,0.0000,0.0000,0.6960,0.6200,0.0000,0.0000,0.0760,0.0760,0.0760,0.0760,0.0000,0.0000,0.0000,0.0000,0.0000,0.0950,0.0760,0.0000,0.0000,0.0000,0.0000,0.0760,0.0000,0.0000,0.0000,0.0760,0.0000,0.0000,0.0000,0.0000,0.0000,0.0000,0.0000,0.0000,0.0000,0.0000,0.0000,0.0000,0.0760,0.0000,0.0000,0.0760,0.0000,0.0000,0.0000,0.0000,0.0000,0.0000,0.0000,0.0000,0.0000,0.0000,0.0000,0.0000,0.0000,0.0000,0.0760,0.0760,0.6960,0.6960,0.6200,0.0000,0.0000,0.0000,0.0000,0.0000,0.0000,0.0000,0.0000,0.0000,0.0000,0.1900
lifetime,0.0000,0.0000,0.0000,0.0000,0.0000,0.0000,0.0760,0.0000,0.0000,0.0000,0.0000,0.0000,0.3800,0.0000,0.0000,0.0760,0.0000,0.0000,0.0000,0.0000,0.0760,0.0000,0.6200,0.0000,0.0760,0.0000,0.0000,0.0000,0.0000,0.0000,0.0760,0.0000,0.6200,0.0760,0.0000,0.0000,0.0000,0.0000,0.0000,0.0760,0.0000,0.0760,0.0000,0.0000,0.0000,1.0000,0.0000,0.0000,0.0000,0.0000,0.0000,0.0000,0.0000,0.0000,0.0000,0.0000,0.0000,0.0760,0.0000,0.3800,0.0000,0.0000,0.0000,0.0000,0.6200,0.0760,0.0000,0.0000,0.0000,0.0000,0.0000,0.0000,0.0000,0.0000,0.0000,0.0000,0.3800,0.0000,0.3800,0.0000,0.0760,0.0000,0.0000,0.3800,0.0000,0.0000,0.0000,0.0000,0.0000,0.0000,0.0000,0.0000,0.0000,0.0000,0.0760,0.0760,0.0000,0.0000,0.0000,0.0000,0.0000,0.0000,0.0000,0.0000,0.0000,0.0000,0.0000,0.0000,0.0000,0.0000,0.0000,0.0950,0.0000,0.0000,0.0000,0.0000,0.0000,0.0000,0.0000,0.0000,0.0000,0.6200,0.6200,0.6200,0.0000,0.6200,0.0000,0.0760,0.1900,0.0000,0.0000,0.0000,0.0000,0.0000,0.0000,0.0000,0.0000,0.0760,0.0760,0.0000,0.0000,0.0000,0.0000,0.0760,0.0000,0.0000,0.0000,0.0000,0.0000,0.0000,0.0000,0.0000,0.0000,0.0000,0.0760,0.0000,0.0000,0.0000,0.0000,0.0000,0.0000,0.0000,0.0000,0.0000,0.0000,0.0000,0.0000,0.0000,0.0000,0.0760,0.0000,0.0000
literal_boolean,0.0000,0.0000,1.0000,0.0000,1.0000,0.0000,0.0000,0.3800,1.0000,0.6833,0.0000,1.0000,0.0000,0.3800,0.0000,0.0000,0.3800,0.0000,0.0000,1.0000,0.0000,0.6833,0.0633,0.0000,0.0000,0.0633,0.0000,0.0000,0.6833,0.6833,0.0000,0.0000,0.0000,0.0000,0.0000,0.0000,0.6833,1.0000,0.6833,0.0000,1.0000,0.0000,0.0000,0.0000,0.0000,0.0000,1.0000,1.0000,1.0000,1.0000,0.0000,0.0000,0.0000,1.0000,0.0000,1.0000,0.0000,0.0000,0.0000,0.0000,0.0000,0.0000,0.0000,0.0000,0.0000,0.0000,0.3800,0.0000,0.0000,0.0000,0.0000,0.0000,0.0000,0.0000,0.0000,0.6833,0.0000,1.0000,0.0000,1.0000,0.0000,0.0000,0.6833,0.0000,0.0000,0.0000,0.0633,0.0000,1.0000,0.0000,0.0000,1.0000,0.0000,0.0000,0.0000,0.0000,0.6833,0.3800,0.0633,0.0633,0.0760,0.0000,0.0000,0.0000,0.0633,0.0000,0.0633,0.0000,0.0000,0.0000,0.0000,0.0000,0.0760,0.0760,0.0760,0.0000,0.0633,0.0000,0.0000,0.0000,0.0633,0.0000,0.0000,0.0000,0.0000,0.0633,0.0000,0.0000,0.0000,0.0000,0.0000,0.0000,0.0000,0.0760,0.1520,0.0000,0.0000,0.0000,0.0000,0.0000,0.0633,0.0000,0.0633,0.0000,0.0760,0.0000,0.0000,0.0000,0.0633,0.0000,0.0000,0.1520,0.0633,0.0000,0.0000,0.0000,0.0000,0.0000,0.0000,0.0000,0.0000,0.0000,0.0000,0.0000,0.0000,0.0000,0.0000,0.0760,0.0633,0.0000,0.0633,0.0000
literal_null,0.0000,0.0000,1.0000,0.0000,1.0000,0.0000,0.0000,0.3800,1.0000,0.6833,0.0000,1.0000,0.0000,0.3800,0.0000,0.0000,0.3800,0.0000,0.0000,1.0000,0.0000,0.6833,0.0633,0.0000,0.0000,0.0633,0.0000,0.0000,0.6833,0.6833,0.0000,0.0000,0.0000,0.0000,0.0000,0.0000,0.6833,1.0000,0.6833,0.0000,1.0000,0.0000,0.0000,0.0000,0.0000,0.0000,1.0000,1.0000,1.0000,1.0000,0.0000,0.0000,0.0000,1.0000,0.0000,1.0000,0.0000,0.0000,0.0000,0.0000,0.0000,0.0000,0.0000,0.0000,0.0000,0.0000,0.3800,0.0000,0.0000,0.0000,0.0000,0.0000,0.0000,0.0000,0.0000,0.6833,0.0000,1.0000,0.0000,1.0000,0.0000,0.0000,0.6833,0.0000,0.0000,0.0000,0.0633,0.0000,1.0000,0.0000,0.0000,1.0000,0.0000,0.0000,0.0000,0.0000,0.6833,0.3800,0.0633,0.0633,0.0760,0.0000,0.0000,0.0000,0.0633,0.0000,0.0633,0.0000,0.0000,0.0000,0.0000,0.0000,0.0760,0.0760,0.0760,0.0000,0.0633,0.0000,0.0000,0.0000,0.0633,0.0000,0.0000,0.0000,0.0000,0.0633,0.0000,0.0000,0.0000,0.0000,0.0000,0.0000,0.0000,0.0760,0.1520,0.0000,0.0000,0.0000,0.0000,0.0000,0.0633,0.0000,0.0633,0.0000,0.0760,0.0000,0.0000,0.0000,0.0633,0.0000,0.0000,0.1520,0.0633,0.0000,0.0000,0.0000,0.0000,0.0000,0.0000,0.0000,0.0000,0.0000,0.0000,0.0000,0.0000,0.0000,0.0000,0.0760,0.0633,0.0000,0.0633,0.0000
literal_numeric,0.0000,0.0000,1.0000,0.0000,1.0000,0.0000,0.0000,0.3800,1.0000,0.6833,0.0000,1.0000,0.0000,0.3800,0.0000,0.0000,0.3800,0.0000,0.0000,1.0000,0.0000,0.6833,0.0633,0.0000,0.0000,0.0633,0.0000,0.0000,0.6833,0.6833,0.0000,0.0000,0.0000,0.0000,0.0000,0.0000,0.6833,1.0000,0.6833,0.0000,1.0000,0.0000,0.0000,0.0000,0.0000,0.0000,1.0000,1.0000,1.0000,1.0000,0.0000,0.0000,0.0000,1.0000,0.0000,1.0000,0.0000,0.0000,0.0000,0.0000,0.0000,0.0000,0.0000,0.0000,0.0000,0.0000,0.3800,0.0000,0.0000,0.0000,0.0000,0.0000,0.0000,0.0000,0.0000,0.6833,0.0000,1.0000,0.0000,1.0000,0.0000,0.0000,0.6833,0.0000,0.0000,0.0000,0.0633,0.0000,1.0000,0.0000,0.0000,1.0000,0.0000,0.0000,0.0000,0.0000,0.6833,0.3800,0.0633,0.0633,0.0760,0.0000,0.0000,0.0000,0.0633,0.0000,0.0633,0.0000,0.0000,0.0000,0.0000,0.0000,0.0760,0.0760,0.0760,0.0000,0.0633,0.0000,0.0000,0.0000,0.0633,0.0000,0.0000,0.0000,0.0000,0.0633,0.0000,0.0000,0.0000,0.0000,0.0000,0.0000,0.0000,0.0760,0.1520,0.0000,0.0000,0.0000,0.0000,0.0000,0.0633,0.0000,0.0633,0.0000,0.0760,0.0000,0.0000,0.0000,0.0633,0.0000,0.0000,0.1520,0.0633,0.0000,0.0000,0.0000,0.0000,0.0000,0.0000,0.0000,0.0000,0.0000,0.0000,0.0000,0.0000,0.0000,0.0000,0.0760,0.0633,0.0000,0.0633,0.0000
literal_string,0.0000,0.0000,1.0000,0.0000,1.0000,0.0000,0.0000,0.3800,1.0000,0.6833,0.0000,1.0000,0.0000,0.3800,0.0000,0.0000,0.3800,0.0000,0.0000,1.0000,0.0000,0.6833,0.0633,0.0000,0.0000,0.0633,0.0000,0.0000,0.6833,0.6833,0.0000,0.0000,0.0000,0.0000,0.0000,0.0000,0.6833,1.0000,0.6833,0.0000,1.0000,0.0000,0.0000,0.0000,0.0000,0.0000,1.0000,1.0000,1.0000,1.0000,0.0000,0.0000,0.0000,1.0000,0.0000,1.0000,0.0000,0.0000,0.0000,0.0000,0.0000,0.0000,0.0000,0.0000,0.0000,0.0000,0.3800,0.0000,0.0000,0.0000,0.0000,0.0000,0.0000,0.0000,0.0000,0.6833,0.0000,1.0000,0.0000,1.0000,0.0000,0.0000,0.6833,0.0000,0.0000,0.0000,0.0633,0.0000,1.0000,0.0000,0.0000,1.0000,0.0000,0.0000,0.0000,0.0000,0.6833,0.3800,0.0633,0.0633,0.0760,0.0000,0.0000,0.0000,0.0633,0.0000,0.0633,0.0000,0.0000,0.0000,0.0000,0.0000,0.0760,0.0760,0.0760,0.0000,0.0633,0.0000,0.0000,0.0000,0.0633,0.0000,0.0000,0.0000,0.0000,0.0633,0.0000,0.0000,0.0000,0.0000,0.0000,0.0000,0.0000,0.0760,0.1520,0.0000,0.0000,0.0000,0.0000,0.0000,0.0633,0.0000,0.0633,0.0000,0.0760,0.0000,0.0000,0.0000,0.0633,0.0000,0.0000,0.1520,0.0633,0.0000,0.0000,0.0000,0.0000,0.0000,0.0000,0.0000,0.0000,0.0000,0.0000,0.0000,0.0000,0.0000,0.0000,0.0760,0.0633,0.0000,0.0633,0.0000
lock_mutex,0.0000,0.0000,0.0000,0.0000,0.0000,1.0000,0.0000,0.0000,0.0000,0.0000,0.0000,0.0000,0.0000,0.0000,1.0000,0.0000,0.0000,0.0000,0.0000,0.0000,0.0000,0.0000,0.0000,0.0000,0.0000,0.0000,0.0000,0.0000,0.0000,0.0000,0.0000,0.0000,0.0000,0.0000,0.0000,0.0000,0.0000,0.0000,0.0000,0.0000,0.0000,0.0000,0.0000,0.0000,0.0000,0.0000,0.0000,0.0000,0.0000,0.0000,1.0000,0.0000,0.0000,0.0000,0.0000,0.0000,1.0000,0.0000,0.0000,0.0000,0.0000,0.0000,0.0000,0.0000,0.0000,0.0000,0.0000,0.0000,0.0000,0.0000,0.0000,0.0000,0.0000,0.0000,0.0000,0.0000,0.0000,0.0000,0.0000,0.0000,0.0000,0.0000,0.0000,0.0000,0.3800,1.0000,0.0000,0.0000,0.0000,0.0000,0.0000,0.0000,0.0000,0.0000,0.0000,0.0000,0.0000,0.0000,0.0000,0.0000,0.0000,0.0000,0.0000,0.0000,0.0000,0.0000,0.0000,0.0000,0.0000,0.0000,0.0000,0.0000,0.0000,0.0000,0.0000,0.0000,0.0000,0.0000,1.0000,0.7150,0.0000,0.0000,0.0000,0.0000,0.0000,0.0000,0.0000,0.0000,0.0000,0.0000,0.0000,0.0000,0.0000,0.0000,0.0000,0.0000,0.0000,0.0000,0.0000,0.0000,0.0000,0.0000,0.0000,0.0000,0.0000,0.0000,0.0000,0.0000,0.0000,0.0000,0.0000,0.0000,0.0000,0.0000,0.0000,0.0000,0.0000,0.0000,0.0000,0.0000,0.0000,0.0000,0.0000,0.0000,0.0000,0.0000,0.0000,0.0000,0.0000,0.0000,0.0000,0.0000
macro,0.0000,0.0000,0.0000,0.0000,0.0000,0.0000,0.6200,0.0000,0.0000,0.0000,0.3800,0.0000,0.0000,0.0000,0.0000,0.0000,0.0000,0.3800,0.3800,0.0000,0.0000,0.0000,0.0000,0.0000,0.0000,0.0000,0.0000,0.0000,0.0000,0.0000,0.0000,0.0000,0.0000,0.0000,0.0000,0.0000,0.0000,0.0000,0.0000,0.0000,0.0000,0.0000,0.0000,0.3800,0.0000,0.0000,0.0000,0.0000,0.0000,0.0000,0.0000,1.0000,0.0000,0.0000,0.0000,0.0000,0.0000,0.0000,0.0000,0.0000,0.0000,0.3800,0.0000,0.0000,0.0000,0.0000,0.0000,0.0000,0.0000,0.0000,0.0000,0.0000,0.0000,0.0000,0.0000,0.0000,0.0000,0.0000,0.0000,0.0000,0.0000,0.0000,0.0000,0.0000,0.0000,0.0000,0.0000,0.0000,0.0000,0.0000,0.0000,0.0000,0.0000,0.0000,0.0000,0.0000,0.0000,0.0000,0.0000,0.0000,0.0000,0.0000,0.0000,0.0000,0.0000,0.0000,0.0000,0.0000,0.0000,0.0000,0.0000,0.0000,0.0000,0.0000,0.0000,0.0000,0.0000,0.0000,0.0000,0.0000,0.0000,0.0000,0.0000,0.0000,0.0000,0.0000,0.0000,0.0000,0.0000,0.0760,0.0000,0.0760,0.0760,0.0000,0.0000,0.0000,0.0000,0.0000,0.0000,0.0000,0.0000,0.0000,0.0000,0.0000,0.0000,0.0000,0.0000,0.0000,0.0760,0.0000,0.0000,0.0000,0.0000,0.0000,0.0000,0.0000,0.0000,0.0000,0.0000,0.0000,0.0000,0.7150,0.7150,0.6200,0.6960,0.0000,0.0000,0.0000,0.0000,0.0000,0.0000,0.0760
manual_memory,0.3800,0.6200,0.0000,0.0000,0.0000,0.0000,0.0000,0.0000,0.0000,0.0000,0.0000,0.0000,0.0000,0.0000,0.0000,0.0000,0.0000,0.0000,0.0000,0.0000,0.0000,0.0000,0.0000,0.0000,0.0000,0.0000,0.3800,0.0000,0.0000,0.0000,0.0000,0.0000,0.3800,0.0000,0.0000,0.0000,0.0000,0.0000,0.0000,0.0000,0.0000,0.0000,0.0000,0.0000,0.3800,0.0000,0.0000,0.0000,0.0000,0.0000,0.0000,0.0000,1.0000,0.0000,0.0000,0.0000,0.0000,0.0000,0.0000,0.0000,0.0000,0.0000,0.0000,0.0000,0.3800,0.0000,0.0000,0.6200,0.0000,0.0000,0.0000,0.0000,0.0000,0.6200,0.0000,0.0000,0.0000,0.0000,0.0000,0.0000,0.0000,0.0000,0.0000,0.0000,0.0000,0.0000,0.0000,0.0000,0.0000,0.0000,0.0000,0.0000,0.0000,1.0000,0.0000,0.0000,0.0000,0.0000,0.0000,0.0000,0.0000,0.0000,0.0760,0.0000,0.0000,0.6200,0.6960,0.6960,0.6960,0.6960,0.0000,0.0000,0.0000,0.0000,0.0000,0.0950,0.0760,0.0000,0.0000,0.0000,0.0000,0.0760,0.0000,0.0000,0.0000,0.0760,0.0000,0.0000,0.0000,0.0000,0.0000,0.0000,0.0000,0.0000,0.0000,0.0000,0.0000,0.0000,0.0760,0.0000,0.0000,0.0760,0.0000,0.0000,0.0000,0.0000,0.0000,0.0000,0.0000,0.0000,0.0000,0.0000,0.0000,0.0000,0.0000,0.0000,0.6960,0.6960,0.0760,0.0760,0.0000,0.0000,0.0000,0.0000,0.0000,0.0000,0.0000,0.0000,0.0000,0.0000,0.0000,0.1900
map_dict,0.0000,0.0000,1.0000,0.0000,1.0000,0.0000,0.0000,0.3800,1.0000,0.6833,0.0000,1.0000,0.0000,0.3800,0.0000,0.0000,0.3800,0.0000,0.0000,1.0000,0.0000,0.6833,0.0633,0.0000,0.0000,0.0633,0.0000,0.0000,0.6833,0.6833,0.0000,0.0000,0.0000,0.0000,0.0000,0.0000,0.6833,1.0000,0.6833,0.0000,1.0000,0.0000,0.0000,0.0000,0.0000,0.0000,1.0000,1.0000,1.0000,1.0000,0.0000,0.0000,0.0000,1.0000,0.0000,1.0000,0.0000,0.0000,0.0000,0.0000,0.0000,0.0000,0.0000,0.0000,0.0000,0.0000,0.3800,0.0000,0.0000,0.0000,0.0000,0.0000,0.0000,0.0000,0.0000,0.6833,0.0000,1.0000,0.0000,1.0000,0.0000,0.0000,0.6833,0.0000,0.0000,0.0000,0.0633,0.0000,1.0000,0.0000,0.0000,1.0000,0.0000,0.0000,0.0000,0.0000,0.6833,0.3800,0.0633,0.0633,0.0760,0.0000,0.0000,0.0000,0.0633,0.0000,0.0633,0.0000,0.0000,0.0000,0.0000,0.0000,0.0760,0.0760,0.0760,0.0000,0.0633,0.0000,0.0000,0.0000,0.0633,0.0000,0.0000,0.0000,0.0000,0.0633,0.0000,0.0000,0.0000,0.0000,0.0000,0.0000,0.0000,0.0760,0.1520,0.0000,0.0000,0.0000,0.0000,0.0000,0.0633,0.0000,0.0633,0.0000,0.0760,0.0000,0.0000,0.0000,0.0633,0.0000,0.0000,0.1520,0.0633,0.0000,0.0000,0.0000,0.0000,0.0000,0.0000,0.0000,0.0000,0.0000,0.0000,0.0000,0.0000,0.0000,0.0000,0.0760,0.0633,0.0000,0.0633,0.0000
map_type,0.0000,0.0000,0.0000,1.0000,0.0000,0.0000,0.0760,0.0000,0.0000,0.0000,0.0000,0.0000,0.0000,0.6200,0.0000,0.0760,0.0000,0.0000,0.0000,0.0000,0.0760,0.0000,0.0000,0.0000,0.0760,0.0000,0.0000,0.0000,0.0000,0.0000,0.0760,0.3800,0.0000,0.0760,0.3800,0.0000,0.0000,0.0000,0.0000,0.0760,0.0000,0.0760,0.0000,0.0000,0.0000,0.0000,0.0000,0.0000,0.0000,0.0000,0.0000,0.0000,0.0000,0.0000,1.0000,0.0000,0.0000,0.0760,0.0000,0.0000,0.0000,0.0000,1.0000,0.3800,0.0000,0.0760,0.0000,0.3800,1.0000,1.0000,1.0000,1.0000,0.0000,0.3800,0.0000,0.0000,0.0000,0.0000,0.0000,0.0000,0.0760,0.3800,0.0000,0.0000,0.0000,0.0000,0.0000,0.0000,0.0000,1.0000,0.3800,0.0000,1.0000,0.0000,0.0760,0.0760,0.0000,0.0000,0.8100,0.0000,0.7150,0.7150,0.0760,0.0950,0.0760,0.0950,0.0000,0.0000,0.0000,0.0760,0.0000,0.0000,0.0000,0.0000,0.0000,0.0950,0.0760,0.0760,0.0000,0.0000,0.0760,0.0000,0.0000,0.0000,0.0000,0.0000,0.1900,0.0000,0.0000,0.0760,0.0000,0.0000,0.0760,0.0000,0.0000,0.0760,0.8733,0.0760,0.0760,0.0760,0.0000,0.0760,0.0760,0.0000,0.0000,0.0000,0.0000,0.0000,0.0000,0.0000,0.0000,0.0000,0.0000,0.0000,0.0000,0.0000,0.0000,0.0000,0.0760,0.0000,0.0000,0.0000,0.0000,0.0000,0.0000,0.0000,0.0000,0.0000,0.0760,0.0760,0.0000,0.0000
member_access,0.0000,0.0000,1.0000,0.0000,1.0000,0.0000,0.0000,0.3800,1.0000,0.6833,0.0000,1.0000,0.0000,0.3800,0.0000,0.0000,0.3800,0.0000,0.0000,1.0000,0.0000,0.6833,0.0633,0.0000,0.0000,0.0633,0.0000,0.0000,0.6833,0.6833,0.0000,0.0000,0.0000,0.0000,0.0000,0.0000,0.6833,1.0000,0.6833,0.0000,1.0000,0.0000,0.0000,0.0000,0.0000,0.0000,1.0000,1.0000,1.0000,1.0000,0.0000,0.0000,0.0000,1.0000,0.0000,1.0000,0.0000,0.0000,0.0000,0.0000,0.0000,0.0000,0.0000,0.0000,0.0000,0.0000,0.3800,0.0000,0.0000,0.0000,0.0000,0.0000,0.0000,0.0000,0.0000,0.6833,0.0000,1.0000,0.0000,1.0000,0.0000,0.0000,0.6833,0.0000,0.0000,0.0000,0.0633,0.0000,1.0000,0.0000,0.0000,1.0000,0.0000,0.0000,0.0000,0.0000,0.6833,0.3800,0.0633,0.0633,0.0760,0.0000,0.0000,0.0000,0.0633,0.0000,0.0633,0.0000,0.0000,0.0000,0.0000,0.0000,0.0760,0.0760,0.0760,0.0000,0.0633,0.0000,0.0000,0.0000,0.0633,0.0000,0.0000,0.0000,0.0000,0.0633,0.0000,0.0000,0.0000,0.0000,0.0000,0.0000,0.0000,0.0760,0.1520,0.0000,0.0000,0.0000,0.0000,0.0000,0.0633,0.0000,0.0633,0.0000,0.0760,0.0000,0.0000,0.0000,0.0633,0.0000,0.0000,0.1520,0.0633,0.0000,0.0000,0.0000,0.0000,0.0000,0.0000,0.0000,0.0000,0.0000,0.0000,0.0000,0.0000,0.0000,0.0000,0.0760,0.0633,0.0000,0.0633,0.0000
memory_model,0.0000,0.0000,0.0000,0.0000,0.0000,1.0000,0.0000,0.0000,0.0000,0.0000,0.0000,0.0000,0.0000,0.0000,1.0000,0.0000,0.0000,0.0000,0.0000,0.0000,0.0000,0.0000,0.0000,0.0000,0.0000,0.0000,0.0000,0.0000,0.0000,0.0000,0.0000,0.0000,0.0000,0.0000,0.0000,0.0000,0.0000,0.0000,0.0000,0.0000,0.0000,0.0000,0.0000,0.0000,0.0000,0.0000,0.0000,0.0000,0.0000,0.0000,1.0000,0.0000,0.0000,0.0000,0.0000,0.0000,1.0000,0.0000,0.0000,0.0000,0.0000,0.0000,0.0000,0.0000,0.0000,0.0000,0.0000,0.0000,0.0000,0.0000,0.0000,0.0000,0.0000,0.0000,0.0000,0.0000,0.0000,0.0000,0.0000,0.0000,0.0000,0.0000,0.0000,0.0000,0.3800,1.0000,0.0000,0.0000,0.0000,0.0000,0.0000,0.0000,0.0000,0.0000,0.0000,0.0000,0.0000,0.0000,0.0000,0.0000,0.0000,0.0000,0.0000,0.0000,0.0000,0.0000,0.0000,0.0000,0.0000,0.0000,0.0000,0.0000,0.0000,0.0000,0.0000,0.0000,0.0000,0.0000,1.0000,0.7150,0.0000,0.0000,0.0000,0.0000,0.0000,0.0000,0.0000,0.0000,0.0000,0.0000,0.0000,0.0000,0.0000,0.0000,0.0000,0.0000,0.0000,0.0000,0.0000,0.0000,0.0000,0.0000,0.0000,0.0000,0.0000,0.0000,0.0000,0.0000,0.0000,0.0000,0.0000,0.0000,0.0000,0.0000,0.0000,0.0000,0.0000,0.0000,0.0000,0.0000,0.0000,0.0000,0.0000,0.0000,0.0000,0.0000,0.0000,0.0000,0.0000,0.0000,0.0000,0.0000
module,0.0000,0.0000,0.0000,0.0760,0.0000,0.0000,0.3800,0.0000,0.0000,0.0000,0.0000,0.0000,0.0760,0.0000,0.0000,0.3800,0.0000,0.0000,0.0000,0.0000,0.3800,0.0000,0.0000,0.0000,0.3800,0.0000,0.0000,0.0000,0.0000,0.0000,0.3800,0.0760,0.0000,0.3800,0.0760,0.0000,0.0000,0.0000,0.0000,1.0000,0.0000,0.3800,0.0000,0.0000,0.0000,0.0760,0.0000,0.0000,0.0000,0.0000,0.0000,0.0000,0.0000,0.0000,0.0760,0.0000,0.0000,1.0000,0.0000,0.6960,0.0000,0.0000,0.0760,0.0760,0.0000,0.3800,0.0000,0.0760,0.0760,0.0760,0.0760,0.0760,0.0000,0.0760,0.0000,0.0000,0.0760,0.0000,0.0760,0.0000,0.3800,0.0760,0.0000,0.6960,0.0000,0.0000,0.0000,0.0000,0.0000,0.0760,0.0760,0.0000,0.0760,0.0000,0.3800,1.0000,0.0000,0.0000,0.0760,0.0000,0.0000,0.0950,0.0760,0.0950,0.0760,0.0000,0.0000,0.0000,0.0000,0.0760,0.0000,0.7150,0.0000,0.0000,0.0000,0.0000,0.0760,0.0760,0.0000,0.0000,0.0000,0.0000,0.0000,0.0000,0.0000,0.0000,0.0760,0.0760,0.6960,0.0760,0.0000,0.0000,0.0760,0.0000,0.0000,0.0000,0.0950,0.0760,0.0760,0.0760,0.0000,0.0760,0.0760,0.0760,0.0000,0.0000,0.0000,0.0000,0.0000,0.0000,0.0000,0.0000,0.0000,0.6200,0.6200,0.0000,0.0000,0.0000,0.0760,0.0000,0.0000,0.0000,0.0000,0.0000,0.0000,0.0000,0.0000,0.0000,0.1900,0.0760,0.0000,0.0000
mutation,0.0000,0.3800,0.0000,0.0000,0.0000,0.0000,0.0000,0.0000,0.0000,0.0000,0.0000,0.0000,0.0000,0.0000,0.0000,0.0000,0.0000,0.0000,0.0000,0.0000,0.0000,0.0000,0.0000,0.3800,0.0000,0.0000,0.0000,1.0000,0.0000,0.0000,0.0000,0.0000,0.0000,0.0000,0.0000,1.0000,0.0000,0.0000,0.0000,0.0000,0.0000,0.0000,1.0000,0.0000,0.0000,0.0000,0.0000,0.0000,0.0000,0.0000,0.0000,0.0000,0.0000,0.0000,0.0000,0.0000,0.0000,0.0000,1.0000,0.0000,1.0000,0.0000,0.0000,0.0000,0.0000,0.0000,0.0000,0.0000,0.0000,0.0000,0.0000,0.0000,1.0000,0.0000,0.3800,0.0000,0.0000,0.0000,0.0000,0.0000,0.0000,0.0000,0.0000,0.0000,0.0000,0.0000,0.0000,1.0000,0.0000,0.0000,0.0000,0.0000,0.0000,0.0000,0.0000,0.0000,0.0000,0.0000,0.0000,0.0760,0.0000,0.0000,0.0000,0.0000,0.0000,0.0000,0.0000,0.0000,0.0000,0.0760,0.0000,0.0000,0.0000,0.0000,0.0000,0.0000,0.0000,0.0000,0.0000,0.0000,0.0000,0.0000,0.0000,0.0000,0.0000,0.0000,0.0000,0.0000,0.0000,0.0000,0.0000,0.0000,0.0000,0.0000,0.0000,0.0000,0.0000,0.0000,0.0000,0.0760,0.0760,0.0760,0.0000,0.0000,0.0000,0.0760,0.0000,0.0760,0.0000,0.0000,0.0000,0.0000,0.0000,0.0000,0.0000,0.0760,0.0760,0.0000,0.0000,0.0000,0.0000,0.0000,0.0000,0.0000,0.0000,0.0760,0.0950,0.0000,0.0000,0.0000,0.0760,0.0000
name_resolution,0.0000,0.0000,0.0000,0.0000,0.0000,0.0000,0.0760,0.0000,0.0000,0.0000,0.0000,0.0000,0.3800,0.0000,0.0000,0.0760,0.0000,0.0000,0.0000,0.0000,0.0760,0.0000,0.0000,0.0000,0.0760,0.0000,0.0000,0.0000,0.0000,0.0000,0.0760,0.0000,0.0000,0.0760,0.0000,0.0000,0.0000,0.0000,0.0000,0.6960,0.0000,0.0760,0.0000,0.0000,0.0000,0.3800,0.0000,0.0000,0.0000,0.0000,0.0000,0.0000,0.0000,0.0000,0.0000,0.0000,0.0000,0.6960,0.0000,1.0000,0.0000,0.0000,0.0000,0.0000,0.0000,0.0760,0.0000,0.0000,0.0000,0.0000,0.0000,0.0000,0.0000,0.0000,0.0000,0.0000,0.3800,0.0000,0.3800,0.0000,0.0760,0.0000,0.0000,1.0000,0.0000,0.0000,0.0000,0.0000,0.0000,0.0000,0.0000,0.0000,0.0000,0.0000,0.0760,0.6960,0.0000,0.0000,0.0000,0.0000,0.0000,0.0000,0.0000,0.0000,0.0000,0.0000,0.0000,0.0000,0.0000,0.0000,0.0000,0.7150,0.0000,0.0000,0.0000,0.0000,0.0000,0.0000,0.0000,0.0000,0.0000,0.0000,0.0000,0.0000,0.0000,0.0000,0.0000,0.0760,0.8100,0.0000,0.0000,0.0000,0.0000,0.0000,0.0000,0.0000,0.0000,0.0760,0.0760,0.0000,0.0000,0.0000,0.0000,0.0760,0.0000,0.0000,0.0000,0.0000,0.0000,0.0000,0.0000,0.0000,0.0000,0.6200,0.6960,0.0000,0.0000,0.0000,0.0000,0.0000,0.0000,0.0000,0.0000,0.0000,0.0000,0.0000,0.0000,0.0000,0.0000,0.0760,0.0000,0.0000
network,0.0000,0.3800,0.0000,0.0000,0.0000,0.0000,0.0000,0.0000,0.0000,0.0000,0.0000,0.0000,0.0000,0.0000,0.0000,0.0000,0.0000,0.0000,0.0000,0.0000,0.0000,0.0000,0.0000,0.3800,0.0000,0.0000,0.0000,1.0000,0.0000,0.0000,0.0000,0.0000,0.0000,0.0000,0.0000,1.0000,0.0000,0.0000,0.0000,0.0000,0.0000,0.0000,1.0000,0.0000,0.0000,0.0000,0.0000,0.0000,0.0000,0.0000,0.0000,0.0000,0.0000,0.0000,0.0000,0.0000,0.0000,0.0000,1.0000,0.0000,1.0000,0.0000,0.0000,0.0000,0.0000,0.0000,0.0000,0.0000,0.0000,0.0000,0.0000,0.0000,1.0000,0.0000,0.3800,0.0000,0.0000,0.0000,0.0000,0.0000,0.0000,0.0000,0.0000,0.0000,0.0000,0.0000,0.0000,1.0000,0.0000,0.0000,0.0000,0.0000,0.0000,0.0000,0.0000,0.0000,0.0000,0.0000,0.0000,0.0760,0.0000,0.0000,0.0000,0.0000,0.0000,0.0000,0.0000,0.0000,0.0000,0.0760,0.0000,0.0000,0.0000,0.0000,0.0000,0.0000,0.0000,0.0000,0.0000,0.0000,0.0000,0.0000,0.0000,0.0000,0.0000,0.0000,0.0000,0.0000,0.0000,0.0000,0.0000,0.0000,0.0000,0.0000,0.0000,0.0000,0.0000,0.0000,0.0000,0.0760,0.0760,0.0760,0.0000,0.0000,0.0000,0.0760,0.0000,0.0760,0.0000,0.0000,0.0000,0.0000,0.0000,0.0000,0.0000,0.0760,0.0760,0.0000,0.0000,0.0000,0.0000,0.0000,0.0000,0.0000,0.0000,0.0760,0.0950,0.0000,0.0000,0.0000,0.0760,0.0000
optimizer,0.0000,0.0000,0.0000,0.0000,0.0000,0.0000,0.0000,0.0000,0.0000,0.0000,1.0000,0.0000,0.0000,0.0000,0.0000,0.0000,0.0000,1.0000,0.3800,0.0000,0.0000,0.0000,0.0000,0.0000,0.0000,0.0000,0.0000,0.0000,0.0000,0.0000,0.0000,0.0000,0.0000,0.0000,0.0000,0.0000,0.0000,0.0000,0.0000,0.0000,0.0000,0.0000,0.0000,1.0000,0.0000,0.0000,0.0000,0.0000,0.0000,0.0000,0.0000,0.3800,0.0000,0.0000,0.0000,0.0000,0.0000,0.0000,0.0000,0.0000,0.0000,1.0000,0.0000,0.0000,0.0000,0.0000,0.0000,0.0000,0.0000,0.0000,0.0000,0.0000,0.0000,0.0000,0.0000,0.0000,0.0000,0.0000,0.0000,0.0000,0.0000,0.0000,0.0000,0.0000,0.0000,0.0000,0.0000,0.0000,0.0000,0.0000,0.0000,0.0000,0.0000,0.0000,0.0000,0.0000,0.0000,0.0000,0.0000,0.0000,0.0000,0.0000,0.0000,0.0000,0.0000,0.0000,0.0000,0.0000,0.0000,0.0000,0.0000,0.0000,0.0000,0.0000,0.0000,0.0000,0.0000,0.0000,0.0000,0.0000,0.0000,0.0000,0.0000,0.0000,0.0000,0.0000,0.0000,0.0000,0.0000,0.0760,0.0000,0.0760,0.0760,0.0000,0.0000,0.0000,0.0000,0.0000,0.0000,0.0000,0.0000,0.0000,0.0000,0.0000,0.0000,0.0000,0.0000,0.0000,0.0760,0.0000,0.0000,0.0000,0.0000,0.0000,0.0000,0.0000,0.0000,0.0000,0.0000,0.0000,0.0000,0.0950,0.0950,0.0000,0.0760,0.0000,0.0000,0.0000,0.6200,0.6200,0.6200,0.6960
optional_nullable,0.0000,0.0000,0.0000,1.0000,0.0000,0.0000,0.0760,0.0000,0.0000,0.0000,0.0000,0.0000,0.0000,0.6200,0.0000,0.0760,0.0000,0.0000,0.0000,0.0000,0.0760,0.0000,0.0000,0.0000,0.0760,0.0000,0.0000,0.0000,0.0000,0.0000,0.0760,0.3800,0.0000,0.0760,0.3800,0.0000,0.0000,0.0000,0.0000,0.0760,0.0000,0.0760,0.0000,0.0000,0.0000,0.0000,0.0000,0.0000,0.0000,0.0000,0.0000,0.0000,0.0000,0.0000,1.0000,0.0000,0.0000,0.0760,0.0000,0.0000,0.0000,0.0000,1.0000,0.3800,0.0000,0.0760,0.0000,0.3800,1.0000,1.0000,1.0000,1.0000,0.0000,0.3800,0.0000,0.0000,0.0000,0.0000,0.0000,0.0000,0.0760,0.3800,0.0000,0.0000,0.0000,0.0000,0.0000,0.0000,0.0000,1.0000,0.3800,0.0000,1.0000,0.0000,0.0760,0.0760,0.0000,0.0000,0.8100,0.0000,0.7150,0.7150,0.0760,0.0950,0.0760,0.0950,0.0000,0.0000,0.0000,0.0760,0.0000,0.0000,0.0000,0.0000,0.0000,0.0950,0.0760,0.0760,0.0000,0.0000,0.0760,0.0000,0.0000,0.0000,0.0000,0.0000,0.1900,0.0000,0.0000,0.0760,0.0000,0.0000,0.0760,0.0000,0.0000,0.0760,0.8733,0.0760,0.0760,0.0760,0.0000,0.0760,0.0760,0.0000,0.0000,0.0000,0.0000,0.0000,0.0000,0.0000,0.0000,0.0000,0.0000,0.0000,0.0000,0.0000,0.0000,0.0000,0.0760,0.0000,0.0000,0.0000,0.0000,0.0000,0.0000,0.0000,0.0000,0.0000,0.0760,0.0760,0.0000,0.0000
overload_resolution,0.0000,0.0000,0.0000,0.3800,0.0000,0.0000,0.0760,0.0000,0.0000,0.0000,0.0000,0.0000,0.0000,0.0000,0.0000,0.0760,0.0000,0.0000,0.0000,0.0000,0.0760,0.0000,0.0000,0.0000,0.0760,0.0000,0.0000,0.0000,0.0000,0.0000,0.0760,0.3800,0.0000,0.6960,1.0000,0.0000,0.0000,0.0000,0.0000,0.0760,0.0000,0.0760,0.0000,0.0000,0.0000,0.0000,0.0000,0.0000,0.0000,0.0000,0.0000,0.0000,0.0000,0.0000,0.3800,0.0000,0.0000,0.0760,0.0000,0.0000,0.0000,0.0000,0.3800,1.0000,0.0000,0.0760,0.0000,0.3800,0.3800,0.3800,0.3800,0.3800,0.0000,0.3800,0.0000,0.0000,0.0000,0.0000,0.0000,0.0000,0.0760,0.3800,0.0000,0.0000,0.0000,0.0000,0.0000,0.0000,0.0000,0.3800,1.0000,0.0000,0.3800,0.0000,0.0760,0.0760,0.0000,0.0000,0.1900,0.0000,0.0950,0.0950,0.0760,0.0950,0.0760,0.0950,0.0000,0.0000,0.0000,0.0760,0.0000,0.0000,0.0000,0.0000,0.0000,0.0950,0.0760,0.0760,0.0000,0.0000,0.0760,0.0000,0.0000,0.0000,0.0000,0.0000,0.8100,0.6200,0.0000,0.6960,0.6200,0.6200,0.6960,0.6200,0.6200,0.6960,0.2533,0.0760,0.0760,0.0760,0.0000,0.0760,0.0760,0.0000,0.6200,0.0000,0.0000,0.0000,0.0000,0.0000,0.0000,0.0000,0.0000,0.0000,0.0000,0.0000,0.0000,0.0000,0.0760,0.0000,0.0000,0.0000,0.0000,0.0000,0.0000,0.0000,0.0000,0.0000,0.0760,0.0760,0.0000,0.0000
ownership,0.3800,0.0000,0.0000,0.0000,0.0000,0.0000,0.0000,0.0000,0.0000,0.0000,0.0000,0.0000,0.0000,0.0000,0.0000,0.0000,0.0000,0.0000,0.0000,0.0000,0.0000,0.0000,0.6200,0.0000,0.0000,0.0000,0.3800,0.0000,0.0000,0.0000,0.0000,0.0000,1.0000,0.0000,0.0000,0.0000,0.0000,0.0000,0.0000,0.0000,0.0000,0.0000,0.0000,0.0000,0.3800,0.6200,0.0000,0.0000,0.0000,0.0000,0.0000,0.0000,0.3800,0.0000,0.0000,0.0000,0.0000,0.0000,0.0000,0.0000,0.0000,0.0000,0.0000,0.0000,1.0000,0.0000,0.0000,0.0000,0.0000,0.0000,0.0000,0.0000,0.0000,0.0000,0.0000,0.0000,0.0000,0.0000,0.0000,0.0000,0.0000,0.0000,0.0000,0.0000,0.0000,0.0000,0.0000,0.0000,0.0000,0.0000,0.0000,0.0000,0.0000,0.3800,0.0000,0.0000,0.0000,0.0000,0.0000,0.0000,0.0000,0.0000,0.0760,0.0000,0.0000,0.0000,0.0760,0.0760,0.0760,0.0760,0.0000,0.0000,0.0000,0.0000,0.0000,0.0950,0.0760,0.0000,0.0000,0.0000,0.0000,0.6960,0.6200,0.6200,0.0000,0.6960,0.0000,0.0000,0.0000,0.0000,0.0000,0.0000,0.0000,0.0000,0.0000,0.0000,0.0000,0.0000,0.0760,0.0000,0.0000,0.0760,0.0000,0.0000,0.0000,0.0000,0.0000,0.0000,0.0000,0.0000,0.0000,0.0000,0.0000,0.0000,0.0000,0.0000,0.0760,0.0760,0.0760,0.0760,0.0000,0.0000,0.0000,0.0000,0.0000,0.0000,0.0000,0.0000,0.0000,0.0000,0.0000,0.1900
parameter,0.0000,0.0000,0.0000,0.0760,0.0000,0.0000,0.3800,0.0000,0.0000,0.0000,0.0000,0.0000,0.0760,0.0000,0.0000,0.3800,0.0000,0.0000,0.0000,0.0000,0.3800,0.0000,0.0000,0.0000,0.3800,0.0000,0.6200,0.0000,0.0000,0.0000,1.0000,0.6960,0.0000,0.3800,0.0760,0.0000,0.0000,0.0000,0.0000,0.3800,0.0000,0.3800,0.0000,0.0000,0.0000,0.0760,0.0000,0.0000,0.0000,0.0000,0.0000,0.0000,0.0000,0.0000,0.0760,0.0000,0.0000,0.3800,0.0000,0.0760,0.0000,0.0000,0.0760,0.0760,0.0000,1.0000,0.0000,0.0760,0.0760,0.0760,0.0760,0.0760,0.0000,0.0760,0.0000,0.0000,0.0760,0.0000,0.0760,0.0000,0.3800,0.0760,0.0000,0.0760,0.0000,0.0000,0.0000,0.0000,0.0000,0.0760,0.0760,0.0000,0.0760,0.0000,0.3800,0.3800,0.0000,0.0000,0.0760,0.0000,0.0000,0.0950,0.0760,0.0950,0.0760,0.0000,0.0000,0.0000,0.0000,0.0760,0.0000,0.0950,0.0000,0.0000,0.0000,0.6200,0.6960,0.0760,0.0000,0.0000,0.0000,0.0000,0.0000,0.0000,0.0000,0.0000,0.0760,0.0760,0.0760,0.0760,0.0000,0.0000,0.0760,0.0000,0.0000,0.0000,0.0950,0.0760,0.0760,0.0760,0.0000,0.0760,0.0760,0.0760,0.0000,0.0000,0.0000,0.0000,0.0000,0.0000,0.0000,0.0000,0.0000,0.0000,0.0000,0.0000,0.0000,0.0000,0.0760,0.0000,0.0000,0.0000,0.0000,0.0000,0.0000,0.0000,0.0000,0.0000,0.1900,0.0760,0.0000,0.0000
pattern,0.0000,0.0000,0.3800,0.0000,0.3800,0.0000,0.0000,0.3800,0.3800,0.0633,0.0000,0.3800,0.6200,0.3800,0.0000,0.0000,1.0000,0.0000,0.0000,0.3800,0.0000,0.0633,0.0633,0.0000,0.0000,0.0633,0.0000,0.0000,0.0633,0.0633,0.0000,0.0000,0.0000,0.0000,0.0000,0.0000,0.0633,0.3800,0.0633,0.0000,0.3800,0.0000,0.0000,0.0000,0.0000,0.0000,0.3800,0.3800,0.3800,0.3800,0.0000,0.0000,0.0000,0.3800,0.0000,0.3800,0.0000,0.0000,0.0000,0.0000,0.0000,0.0000,0.0000,0.0000,0.0000,0.0000,1.0000,0.0000,0.0000,0.0000,0.0000,0.0000,0.0000,0.0000,0.0000,0.0633,0.6200,0.3800,0.6200,0.3800,0.0000,0.0000,0.0633,0.0000,0.0000,0.0000,0.0633,0.0000,0.3800,0.0000,0.0000,0.3800,0.0000,0.0000,0.0000,0.0000,0.0633,0.3800,0.0633,0.0633,0.0760,0.0000,0.0000,0.0000,0.0633,0.0000,0.0633,0.0000,0.0000,0.0000,0.0000,0.0000,0.0760,0.0760,0.0760,0.0000,0.0633,0.0000,0.0000,0.0000,0.0633,0.0000,0.0000,0.0000,0.0000,0.0633,0.0000,0.0000,0.0000,0.0000,0.0000,0.0000,0.0000,0.0760,0.1520,0.0000,0.0000,0.6200,0.6200,0.0000,0.0633,0.0000,0.0633,0.0000,0.0760,0.0000,0.0000,0.0000,0.0633,0.0000,0.0000,0.1520,0.0633,0.0000,0.0000,0.0000,0.0000,0.0000,0.0000,0.0000,0.0000,0.0000,0.0000,0.0000,0.0000,0.0000,0.0000,0.0760,0.0633,0.0000,0.0633,0.0000
pointer,0.0000,0.6200,0.0000,0.3800,0.0000,0.0000,0.0760,0.0000,0.0000,0.0000,0.0000,0.0000,0.0000,0.0000,0.0000,0.0760,0.0000,0.0000,0.0000,0.0000,0.0760,0.0000,0.0000,0.0000,0.0760,0.0000,0.0000,0.0000,0.0000,0.0000,0.0760,0.3800,0.0000,0.0760,0.3800,0.0000,0.0000,0.0000,0.0000,0.0760,0.0000,0.0760,0.0000,0.0000,0.0000,0.0000,0.0000,0.0000,0.0000,0.0000,0.0000,0.0000,0.6200,0.0000,0.3800,0.0000,0.0000,0.0760,0.0000,0.0000,0.0000,0.0000,0.3800,0.3800,0.0000,0.0760,0.0000,1.0000,0.3800,0.3800,0.3800,0.3800,0.0000,1.0000,0.0000,0.0000,0.0000,0.0000,0.0000,0.0000,0.0760,0.3800,0.0000,0.0000,0.0000,0.0000,0.0000,0.0000,0.0000,0.3800,0.3800,0.0000,0.3800,0.6200,0.0760,0.0760,0.0000,0.0000,0.1900,0.0000,0.0950,0.0950,0.0760,0.0950,0.0760,0.7150,0.6200,0.6200,0.6200,0.6960,0.0000,0.0000,0.0000,0.0000,0.0000,0.0950,0.0760,0.0760,0.0000,0.0000,0.0760,0.0000,0.0000,0.0000,0.0000,0.0000,0.1900,0.0000,0.0000,0.0760,0.0000,0.0000,0.0760,0.0000,0.0000,0.0760,0.2533,0.0760,0.0760,0.0760,0.0000,0.0760,0.0760,0.0000,0.0000,0.0000,0.0000,0.0000,0.0000,0.0000,0.0000,0.0000,0.0000,0.0000,0.0000,0.0000,0.6200,0.6200,0.0760,0.0000,0.0000,0.0000,0.0000,0.0000,0.0000,0.0000,0.0000,0.0000,0.0760,0.0760,0.0000,0.0000
primitive_bool,0.0000,0.0000,0.0000,1.0000,0.0000,0.0000,0.0760,0.0000,0.0000,0.0000,0.0000,0.0000,0.0000,0.6200,0.0000,0.0760,0.0000,0.0000,0.0000,0.0000,0.0760,0.0000,0.0000,0.0000,0.0760,0.0000,0.0000,0.0000,0.0000,0.0000,0.0760,0.3800,0.0000,0.0760,0.3800,0.0000,0.0000,0.0000,0.0000,0.0760,0.0000,0.0760,0.0000,0.0000,0.0000,0.0000,0.0000,0.0000,0.0000,0.0000,0.0000,0.0000,0.0000,0.0000,1.0000,0.0000,0.0000,0.0760,0.0000,0.0000,0.0000,0.0000,1.0000,0.3800,0.0000,0.0760,0.0000,0.3800,1.0000,1.0000,1.0000,1.0000,0.0000,0.3800,0.0000,0.0000,0.0000,0.0000,0.0000,0.0000,0.0760,0.3800,0.0000,0.0000,0.0000,0.0000,0.0000,0.0000,0.0000,1.0000,0.3800,0.0000,1.0000,0.0000,0.0760,0.0760,0.0000,0.0000,0.8100,0.0000,0.7150,0.7150,0.0760,0.0950,0.0760,0.0950,0.0000,0.0000,0.0000,0.0760,0.0000,0.0000,0.0000,0.0000,0.0000,0.0950,0.0760,0.0760,0.0000,0.0000,0.0760,0.0000,0.0000,0.0000,0.0000,0.0000,0.1900,0.0000,0.0000,0.0760,0.0000,0.0000,0.0760,0.0000,0.0000,0.0760,0.8733,0.0760,0.0760,0.0760,0.0000,0.0760,0.0760,0.0000,0.0000,0.0000,0.0000,0.0000,0.0000,0.0000,0.0000,0.0000,0.0000,0.0000,0.0000,0.0000,0.0000,0.0000,0.0760,0.0000,0.0000,0.0000,0.0000,0.0000,0.0000,0.0000,0.0000,0.0000,0.0760,0.0760,0.0000,0.0000
primitive_float,0.0000,0.0000,0.0000,1.0000,0.0000,0.0000,0.0760,0.0000,0.0000,0.0000,0.0000,0.0000,0.0000,0.6200,0.0000,0.0760,0.0000,0.0000,0.0000,0.0000,0.0760,0.0000,0.0000,0.0000,0.0760,0.0000,0.0000,0.0000,0.0000,0.0000,0.0760,0.3800,0.0000,0.0760,0.3800,0.0000,0.0000,0.0000,0.0000,0.0760,0.0000,0.0760,0.0000,0.0000,0.0000,0.0000,0.0000,0.0000,0.0000,0.0000,0.0000,0.0000,0.0000,0.0000,1.0000,0.0000,0.0000,0.0760,0.0000,0.0000,0.0000,0.0000,1.0000,0.3800,0.0000,0.0760,0.0000,0.3800,1.0000,1.0000,1.0000,1.0000,0.0000,0.3800,0.0000,0.0000,0.0000,0.0000,0.0000,0.0000,0.0760,0.3800,0.0000,0.0000,0.0000,0.0000,0.0000,0.0000,0.0000,1.0000,0.3800,0.0000,1.0000,0.0000,0.0760,0.0760,0.0000,0.0000,0.8100,0.0000,0.7150,0.7150,0.0760,0.0950,0.0760,0.0950,0.0000,0.0000,0.0000,0.0760,0.0000,0.0000,0.0000,0.0000,0.0000,0.0950,0.0760,0.0760,0.0000,0.0000,0.0760,0.0000,0.0000,0.0000,0.0000,0.0000,0.1900,0.0000,0.0000,0.0760,0.0000,0.0000,0.0760,0.0000,0.0000,0.0760,0.8733,0.0760,0.0760,0.0760,0.0000,0.0760,0.0760,0.0000,0.0000,0.0000,0.0000,0.0000,0.0000,0.0000,0.0000,0.0000,0.0000,0.0000,0.0000,0.0000,0.0000,0.0000,0.0760,0.0000,0.0000,0.0000,0.0000,0.0000,0.0000,0.0000,0.0000,0.0000,0.0760,0.0760,0.0000,0.0000
primitive_integer,0.0000,0.0000,0.0000,1.0000,0.0000,0.0000,0.0760,0.0000,0.0000,0.0000,0.0000,0.0000,0.0000,0.6200,0.0000,0.0760,0.0000,0.0000,0.0000,0.0000,0.0760,0.0000,0.0000,0.0000,0.0760,0.0000,0.0000,0.0000,0.0000,0.0000,0.0760,0.3800,0.0000,0.0760,0.3800,0.0000,0.0000,0.0000,0.0000,0.0760,0.0000,0.0760,0.0000,0.0000,0.0000,0.0000,0.0000,0.0000,0.0000,0.0000,0.0000,0.0000,0.0000,0.0000,1.0000,0.0000,0.0000,0.0760,0.0000,0.0000,0.0000,0.0000,1.0000,0.3800,0.0000,0.0760,0.0000,0.3800,1.0000,1.0000,1.0000,1.0000,0.0000,0.3800,0.0000,0.0000,0.0000,0.0000,0.0000,0.0000,0.0760,0.3800,0.0000,0.0000,0.0000,0.0000,0.0000,0.0000,0.0000,1.0000,0.3800,0.0000,1.0000,0.0000,0.0760,0.0760,0.0000,0.0000,0.8100,0.0000,0.7150,0.7150,0.0760,0.0950,0.0760,0.0950,0.0000,0.0000,0.0000,0.0760,0.0000,0.0000,0.0000,0.0000,0.0000,0.0950,0.0760,0.0760,0.0000,0.0000,0.0760,0.0000,0.0000,0.0000,0.0000,0.0000,0.1900,0.0000,0.0000,0.0760,0.0000,0.0000,0.0760,0.0000,0.0000,0.0760,0.8733,0.0760,0.0760,0.0760,0.0000,0.0760,0.0760,0.0000,0.0000,0.0000,0.0000,0.0000,0.0000,0.0000,0.0000,0.0000,0.0000,0.0000,0.0000,0.0000,0.0000,0.0000,0.0760,0.0000,0.0000,0.0000,0.0000,0.0000,0.0000,0.0000,0.0000,0.0000,0.0760,0.0760,0.0000,0.0000
primitive_string,0.0000,0.0000,0.0000,1.0000,0.0000,0.0000,0.0760,0.0000,0.0000,0.0000,0.0000,0.0000,0.0000,0.6200,0.0000,0.0760,0.0000,0.0000,0.0000,0.0000,0.0760,0.0000,0.0000,0.0000,0.0760,0.0000,0.0000,0.0000,0.0000,0.0000,0.0760,0.3800,0.0000,0.0760,0.3800,0.0000,0.0000,0.0000,0.0000,0.0760,0.0000,0.0760,0.0000,0.0000,0.0000,0.0000,0.0000,0.0000,0.0000,0.0000,0.0000,0.0000,0.0000,0.0000,1.0000,0.0000,0.0000,0.0760,0.0000,0.0000,0.0000,0.0000,1.0000,0.3800,0.0000,0.0760,0.0000,0.3800,1.0000,1.0000,1.0000,1.0000,0.0000,0.3800,0.0000,0.0000,0.0000,0.0000,0.0000,0.0000,0.0760,0.3800,0.0000,0.0000,0.0000,0.0000,0.0000,0.0000,0.0000,1.0000,0.3800,0.0000,1.0000,0.0000,0.0760,0.0760,0.0000,0.0000,0.8100,0.0000,0.7150,0.7150,0.0760,0.0950,0.0760,0.0950,0.0000,0.0000,0.0000,0.0760,0.0000,0.0000,0.0000,0.0000,0.0000,0.0950,0.0760,0.0760,0.0000,0.0000,0.0760,0.0000,0.0000,0.0000,0.0000,0.0000,0.1900,0.0000,0.0000,0.0760,0.0000,0.0000,0.0760,0.0000,0.0000,0.0760,0.8733,0.0760,0.0760,0.0760,0.0000,0.0760,0.0760,0.0000,0.0000,0.0000,0.0000,0.0000,0.0000,0.0000,0.0000,0.0000,0.0000,0.0000,0.0000,0.0000,0.0000,0.0000,0.0760,0.0000,0.0000,0.0000,0.0000,0.0000,0.0000,0.0000,0.0000,0.0000,0.0760,0.0760,0.0000,0.0000
random,0.0000,0.3800,0.0000,0.0000,0.0000,0.0000,0.0000,0.0000,0.0000,0.0000,0.0000,0.0000,0.0000,0.0000,0.0000,0.0000,0.0000,0.0000,0.0000,0.0000,0.0000,0.0000,0.0000,0.3800,0.0000,0.0000,0.0000,1.0000,0.0000,0.0000,0.0000,0.0000,0.0000,0.0000,0.0000,1.0000,0.0000,0.0000,0.0000,0.0000,0.0000,0.0000,1.0000,0.0000,0.0000,0.0000,0.0000,0.0000,0.0000,0.0000,0.0000,0.0000,0.0000,0.0000,0.0000,0.0000,0.0000,0.0000,1.0000,0.0000,1.0000,0.0000,0.0000,0.0000,0.0000,0.0000,0.0000,0.0000,0.0000,0.0000,0.0000,0.0000,1.0000,0.0000,0.3800,0.0000,0.0000,0.0000,0.0000,0.0000,0.0000,0.0000,0.0000,0.0000,0.0000,0.0000,0.0000,1.0000,0.0000,0.0000,0.0000,0.0000,0.0000,0.0000,0.0000,0.0000,0.0000,0.0000,0.0000,0.0760,0.0000,0.0000,0.0000,0.0000,0.0000,0.0000,0.0000,0.0000,0.0000,0.0760,0.0000,0.0000,0.0000,0.0000,0.0000,0.0000,0.0000,0.0000,0.0000,0.0000,0.0000,0.0000,0.0000,0.0000,0.0000,0.0000,0.0000,0.0000,0.0000,0.0000,0.0000,0.0000,0.0000,0.0000,0.0000,0.0000,0.0000,0.0000,0.0000,0.0760,0.0760,0.0760,0.0000,0.0000,0.0000,0.0760,0.0000,0.0760,0.0000,0.0000,0.0000,0.0000,0.0000,0.0000,0.0000,0.0760,0.0760,0.0000,0.0000,0.0000,0.0000,0.0000,0.0000,0.0000,0.0000,0.0760,0.0950,0.0000,0.0000,0.0000,0.0760,0.0000
reference,0.0000,0.6200,0.0000,0.3800,0.0000,0.0000,0.0760,0.0000,0.0000,0.0000,0.0000,0.0000,0.0000,0.0000,0.0000,0.0760,0.0000,0.0000,0.0000,0.0000,0.0760,0.0000,0.0000,0.0000,0.0760,0.0000,0.0000,0.0000,0.0000,0.0000,0.0760,0.3800,0.0000,0.0760,0.3800,0.0000,0.0000,0.0000,0.0000,0.0760,0.0000,0.0760,0.0000,0.0000,0.0000,0.0000,0.0000,0.0000,0.0000,0.0000,0.0000,0.0000,0.6200,0.0000,0.3800,0.0000,0.0000,0.0760,0.0000,0.0000,0.0000,0.0000,0.3800,0.3800,0.0000,0.0760,0.0000,1.0000,0.3800,0.3800,0.3800,0.3800,0.0000,1.0000,0.0000,0.0000,0.0000,0.0000,0.0000,0.0000,0.0760,0.3800,0.0000,0.0000,0.0000,0.0000,0.0000,0.0000,0.0000,0.3800,0.3800,0.0000,0.3800,0.6200,0.0760,0.0760,0.0000,0.0000,0.1900,0.0000,0.0950,0.0950,0.0760,0.0950,0.0760,0.7150,0.6200,0.6200,0.6200,0.6960,0.0000,0.0000,0.0000,0.0000,0.0000,0.0950,0.0760,0.0760,0.0000,0.0000,0.0760,0.0000,0.0000,0.0000,0.0000,0.0000,0.1900,0.0000,0.0000,0.0760,0.0000,0.0000,0.0760,0.0000,0.0000,0.0760,0.2533,0.0760,0.0760,0.0760,0.0000,0.0760,0.0760,0.0000,0.0000,0.0000,0.0000,0.0000,0.0000,0.0000,0.0000,0.0000,0.0000,0.0000,0.0000,0.0000,0.6200,0.6200,0.0760,0.0000,0.0000,0.0000,0.0000,0.0000,0.0000,0.0000,0.0000,0.0000,0.0760,0.0760,0.0000,0.0000
reflection,0.0000,0.3800,0.0000,0.0000,0.0000,0.0000,0.0000,0.0000,0.0000,0.0000,0.0000,0.0000,0.0000,0.0000,0.0000,0.6200,0.0000,0.0000,0.0000,0.0000,0.0000,0.0000,0.0000,1.0000,0.6200,0.0000,0.0000,0.3800,0.0000,0.0000,0.0000,0.0000,0.0000,0.0000,0.0000,0.3800,0.0000,0.0000,0.0000,0.0000,0.0000,0.6200,0.3800,0.0000,0.0000,0.0000,0.0000,0.0000,0.0000,0.0000,0.0000,0.0000,0.0000,0.0000,0.0000,0.0000,0.0000,0.0000,0.3800,0.0000,0.3800,0.0000,0.0000,0.0000,0.0000,0.0000,0.0000,0.0000,0.0000,0.0000,0.0000,0.0000,0.3800,0.0000,1.0000,0.0000,0.0000,0.0000,0.0000,0.0000,0.6200,0.6200,0.0000,0.0000,0.0000,0.0000,0.0000,0.3800,0.0000,0.0000,0.0000,0.0000,0.0000,0.0000,0.6200,0.0000,0.0000,0.0000,0.0000,0.0760,0.0000,0.0000,0.0000,0.0000,0.0000,0.0000,0.0000,0.0000,0.0000,0.0760,0.0000,0.0000,0.0000,0.0000,0.0000,0.0000,0.0000,0.0000,0.0000,0.0000,0.0000,0.0000,0.0000,0.0000,0.0000,0.0000,0.0000,0.0000,0.0000,0.0000,0.0000,0.0000,0.0000,0.0000,0.0000,0.0000,0.0000,0.0000,0.0000,0.6960,0.6960,0.6960,0.6200,0.6200,0.0000,0.0760,0.0000,0.0760,0.0000,0.0000,0.0000,0.0000,0.0000,0.0000,0.0000,0.0760,0.0760,0.0000,0.0000,0.0000,0.0000,0.0000,0.0000,0.0000,0.0000,0.0760,0.0950,0.0000,0.0000,0.0000,0.0760,0.0000
return,0.0000,0.0000,0.6833,0.0000,0.6833,0.0000,0.0000,0.0633,0.6833,1.0000,0.0000,0.6833,0.0000,0.0633,0.0000,0.0000,0.0633,0.0000,0.0000,0.6833,0.0000,1.0000,0.3800,0.0000,0.0000,0.3800,0.0000,0.0000,1.0000,1.0000,0.0000,0.0000,0.0000,0.0000,0.0000,0.0000,1.0000,0.6833,1.0000,0.0000,0.6833,0.0000,0.0000,0.0000,0.0000,0.0000,0.6833,0.6833,0.6833,0.6833,0.0000,0.0000,0.0000,0.6833,0.0000,0.6833,0.0000,0.0000,0.0000,0.0000,0.0000,0.0000,0.0000,0.0000,0.0000,0.0000,0.0633,0.0000,0.0000,0.0000,0.0000,0.0000,0.0000,0.0000,0.0000,1.0000,0.0000,0.6833,0.0000,0.6833,0.0000,0.0000,1.0000,0.0000,0.0000,0.0000,0.3800,0.0000,0.6833,0.0000,0.0000,0.6833,0.0000,0.0000,0.0000,0.0000,1.0000,0.0633,0.0000,0.0000,0.0000,0.0000,0.0000,0.0000,0.0760,0.0000,0.0000,0.0000,0.0000,0.0000,0.0000,0.0000,0.0950,0.0000,0.0000,0.0000,0.0000,0.0000,0.0000,0.0000,0.0000,0.0000,0.0000,0.0760,0.0000,0.0000,0.0000,0.0000,0.0000,0.0000,0.0000,0.0000,0.0000,0.0000,0.0000,0.0000,0.0000,0.0000,0.0000,0.0000,0.0000,0.0000,0.0000,0.0000,0.0000,0.0760,0.0760,0.0000,0.0000,0.0000,0.0760,0.0760,0.0760,0.0000,0.0000,0.0000,0.0000,0.0000,0.0000,0.0000,0.0000,0.0000,0.0000,0.0000,0.0000,0.0000,0.0000,0.0950,0.0000,0.0000,0.0760,0.0000
scope,0.0000,0.0000,0.0000,0.0000,0.0000,0.0000,0.0760,0.0000,0.0000,0.0000,0.0000,0.0000,1.0000,0.0000,0.0000,0.0760,0.6200,0.0000,0.0000,0.0000,0.0760,0.0000,0.0000,0.0000,0.0760,0.0000,0.0000,0.0000,0.0000,0.0000,0.0760,0.0000,0.0000,0.0760,0.0000,0.0000,0.0000,0.0000,0.0000,0.0760,0.0000,0.0760,0.0000,0.0000,0.0000,0.3800,0.0000,0.0000,0.0000,0.0000,0.0000,0.0000,0.0000,0.0000,0.0000,0.0000,0.0000,0.0760,0.0000,0.3800,0.0000,0.0000,0.0000,0.0000,0.0000,0.0760,0.6200,0.0000,0.0000,0.0000,0.0000,0.0000,0.0000,0.0000,0.0000,0.0000,1.0000,0.0000,1.0000,0.0000,0.0760,0.0000,0.0000,0.3800,0.0000,0.0000,0.0000,0.0000,0.0000,0.0000,0.0000,0.0000,0.0000,0.0000,0.0760,0.0760,0.0000,0.0000,0.0000,0.0000,0.0000,0.0000,0.0000,0.0000,0.0000,0.0000,0.0000,0.0000,0.0000,0.0000,0.0000,0.0950,0.0000,0.0000,0.0000,0.0000,0.0000,0.0000,0.0000,0.0000,0.0000,0.0000,0.0000,0.0000,0.0000,0.0000,0.0000,0.0760,0.1900,0.0000,0.0000,0.0000,0.0000,0.0000,0.0000,0.0000,0.0000,0.6960,0.6960,0.0000,0.0000,0.0000,0.0000,0.0760,0.0000,0.0000,0.0000,0.0000,0.0000,0.0000,0.0000,0.0000,0.0000,0.0000,0.0760,0.0000,0.0000,0.0000,0.0000,0.0000,0.0000,0.0000,0.0000,0.0000,0.0000,0.0000,0.0000,0.0000,0.0000,0.0760,0.0000,0.0000
set,0.0000,0.0000,1.0000,0.0000,1.0000,0.0000,0.0000,0.3800,1.0000,0.6833,0.0000,1.0000,0.0000,0.3800,0.0000,0.0000,0.3800,0.0000,0.0000,1.0000,0.0000,0.6833,0.0633,0.0000,0.0000,0.0633,0.0000,0.0000,0.6833,0.6833,0.0000,0.0000,0.0000,0.0000,0.0000,0.0000,0.6833,1.0000,0.6833,0.0000,1.0000,0.0000,0.0000,0.0000,0.0000,0.0000,1.0000,1.0000,1.0000,1.0000,0.0000,0.0000,0.0000,1.0000,0.0000,1.0000,0.0000,0.0000,0.0000,0.0000,0.0000,0.0000,0.0000,0.0000,0.0000,0.0000,0.3800,0.0000,0.0000,0.0000,0.0000,0.0000,0.0000,0.0000,0.0000,0.6833,0.0000,1.0000,0.0000,1.0000,0.0000,0.0000,0.6833,0.0000,0.0000,0.0000,0.0633,0.0000,1.0000,0.0000,0.0000,1.0000,0.0000,0.0000,0.0000,0.0000,0.6833,0.3800,0.0633,0.0633,0.0760,0.0000,0.0000,0.0000,0.0633,0.0000,0.0633,0.0000,0.0000,0.0000,0.0000,0.0000,0.0760,0.0760,0.0760,0.0000,0.0633,0.0000,0.0000,0.0000,0.0633,0.0000,0.0000,0.0000,0.0000,0.0633,0.0000,0.0000,0.0000,0.0000,0.0000,0.0000,0.0000,0.0760,0.1520,0.0000,0.0000,0.0000,0.0000,0.0000,0.0633,0.0000,0.0633,0.0000,0.0760,0.0000,0.0000,0.0000,0.0633,0.0000,0.0000,0.1520,0.0633,0.0000,0.0000,0.0000,0.0000,0.0000,0.0000,0.0000,0.0000,0.0000,0.0000,0.0000,0.0000,0.0000,0.0000,0.0760,0.0633,0.0000,0.0633,0.0000
shadowing,0.0000,0.0000,0.0000,0.0000,0.0000,0.0000,0.0760,0.0000,0.0000,0.0000,0.0000,0.0000,1.0000,0.0000,0.0000,0.0760,0.6200,0.0000,0.0000,0.0000,0.0760,0.0000,0.0000,0.0000,0.0760,0.0000,0.0000,0.0000,0.0000,0.0000,0.0760,0.0000,0.0000,0.0760,0.0000,0.0000,0.0000,0.0000,0.0000,0.0760,0.0000,0.0760,0.0000,0.0000,0.0000,0.3800,0.0000,0.0000,0.0000,0.0000,0.0000,0.0000,0.0000,0.0000,0.0000,0.0000,0.0000,0.0760,0.0000,0.3800,0.0000,0.0000,0.0000,0.0000,0.0000,0.0760,0.6200,0.0000,0.0000,0.0000,0.0000,0.0000,0.0000,0.0000,0.0000,0.0000,1.0000,0.0000,1.0000,0.0000,0.0760,0.0000,0.0000,0.3800,0.0000,0.0000,0.0000,0.0000,0.0000,0.0000,0.0000,0.0000,0.0000,0.0000,0.0760,0.0760,0.0000,0.0000,0.0000,0.0000,0.0000,0.0000,0.0000,0.0000,0.0000,0.0000,0.0000,0.0000,0.0000,0.0000,0.0000,0.0950,0.0000,0.0000,0.0000,0.0000,0.0000,0.0000,0.0000,0.0000,0.0000,0.0000,0.0000,0.0000,0.0000,0.0000,0.0000,0.0760,0.1900,0.0000,0.0000,0.0000,0.0000,0.0000,0.0000,0.0000,0.0000,0.6960,0.6960,0.0000,0.0000,0.0000,0.0000,0.0760,0.0000,0.0000,0.0000,0.0000,0.0000,0.0000,0.0000,0.0000,0.0000,0.0000,0.0760,0.0000,0.0000,0.0000,0.0000,0.0000,0.0000,0.0000,0.0000,0.0000,0.0000,0.0000,0.0000,0.0000,0.0000,0.0760,0.0000,0.0000
slice,0.0000,0.0000,1.0000,0.0000,1.0000,0.0000,0.0000,0.3800,1.0000,0.6833,0.0000,1.0000,0.0000,0.3800,0.0000,0.0000,0.3800,0.0000,0.0000,1.0000,0.0000,0.6833,0.0633,0.0000,0.0000,0.0633,0.0000,0.0000,0.6833,0.6833,0.0000,0.0000,0.0000,0.0000,0.0000,0.0000,0.6833,1.0000,0.6833,0.0000,1.0000,0.0000,0.0000,0.0000,0.0000,0.0000,1.0000,1.0000,1.0000,1.0000,0.0000,0.0000,0.0000,1.0000,0.0000,1.0000,0.0000,0.0000,0.0000,0.0000,0.0000,0.0000,0.0000,0.0000,0.0000,0.0000,0.3800,0.0000,0.0000,0.0000,0.0000,0.0000,0.0000,0.0000,0.0000,0.6833,0.0000,1.0000,0.0000,1.0000,0.0000,0.0000,0.6833,0.0000,0.0000,0.0000,0.0633,0.0000,1.0000,0.0000,0.0000,1.0000,0.0000,0.0000,0.0000,0.0000,0.6833,0.3800,0.0633,0.0633,0.0760,0.0000,0.0000,0.0000,0.0633,0.0000,0.0633,0.0000,0.0000,0.0000,0.0000,0.0000,0.0760,0.0760,0.0760,0.0000,0.0633,0.0000,0.0000,0.0000,0.0633,0.0000,0.0000,0.0000,0.0000,0.0633,0.0000,0.0000,0.0000,0.0000,0.0000,0.0000,0.0000,0.0760,0.1520,0.0000,0.0000,0.0000,0.0000,0.0000,0.0633,0.0000,0.0633,0.0000,0.0760,0.0000,0.0000,0.0000,0.0633,0.0000,0.0000,0.1520,0.0633,0.0000,0.0000,0.0000,0.0000,0.0000,0.0000,0.0000,0.0000,0.0000,0.0000,0.0000,0.0000,0.0000,0.0000,0.0760,0.0633,0.0000,0.0633,0.0000
struct,0.0000,0.0000,0.0000,0.0760,0.0000,0.0000,0.3800,0.0000,0.0000,0.0000,0.0000,0.0000,0.0760,0.0000,0.0000,1.0000,0.0000,0.0000,0.0000,0.0000,0.3800,0.0000,0.0000,0.6200,1.0000,0.0000,0.0000,0.0000,0.0000,0.0000,0.3800,0.0760,0.0000,0.3800,0.0760,0.0000,0.0000,0.0000,0.0000,0.3800,0.0000,1.0000,0.0000,0.0000,0.0000,0.0760,0.0000,0.0000,0.0000,0.0000,0.0000,0.0000,0.0000,0.0000,0.0760,0.0000,0.0000,0.3800,0.0000,0.0760,0.0000,0.0000,0.0760,0.0760,0.0000,0.3800,0.0000,0.0760,0.0760,0.0760,0.0760,0.0760,0.0000,0.0760,0.6200,0.0000,0.0760,0.0000,0.0760,0.0000,1.0000,0.6960,0.0000,0.0760,0.0000,0.0000,0.0000,0.0000,0.0000,0.0760,0.0760,0.0000,0.0760,0.0000,1.0000,0.3800,0.0000,0.0000,0.0760,0.0000,0.0000,0.0950,0.0760,0.0950,0.0760,0.0000,0.0000,0.0000,0.0000,0.0760,0.0000,0.0950,0.0000,0.0000,0.0000,0.0000,0.0760,0.0760,0.0000,0.0000,0.0000,0.0000,0.0000,0.0000,0.0000,0.0000,0.0760,0.0760,0.0760,0.0760,0.0000,0.0000,0.0760,0.0000,0.0000,0.0000,0.0950,0.0760,0.0760,0.6960,0.6200,0.6960,0.6960,0.6960,0.0000,0.0000,0.0000,0.0000,0.0000,0.0000,0.0000,0.0000,0.0000,0.0000,0.0000,0.0000,0.0000,0.0000,0.0760,0.0000,0.0000,0.0000,0.0000,0.0000,0.0000,0.0000,0.0000,0.0000,0.1900,0.0760,0.0000,0.0000
subtyping,0.0000,0.0000,0.0000,0.3800,0.0000,0.0000,0.0760,0.0000,0.0000,0.0000,0.0000,0.0000,0.0000,0.0000,0.0000,0.6960,0.0000,0.0000,0.0000,0.0000,0.0760,0.0000,0.0000,0.6200,0.6960,0.0000,0.0000,0.0000,0.0000,0.0000,0.0760,0.3800,0.0000,0.0760,0.3800,0.0000,0.0000,0.0000,0.0000,0.0760,0.0000,0.6960,0.0000,0.0000,0.0000,0.0000,0.0000,0.0000,0.0000,0.0000,0.0000,0.0000,0.0000,0.0000,0.3800,0.0000,0.0000,0.0760,0.0000,0.0000,0.0000,0.0000,0.3800,0.3800,0.0000,0.0760,0.0000,0.3800,0.3800,0.3800,0.3800,0.3800,0.0000,0.3800,0.6200,0.0000,0.0000,0.0000,0.0000,0.0000,0.6960,1.0000,0.0000,0.0000,0.0000,0.0000,0.0000,0.0000,0.0000,0.3800,0.3800,0.0000,0.3800,0.0000,0.6960,0.0760,0.0000,0.0000,0.1900,0.0000,0.0950,0.0950,0.0760,0.0950,0.0760,0.0950,0.0000,0.0000,0.0000,0.0760,0.0000,0.0000,0.0000,0.0000,0.0000,0.0950,0.0760,0.0760,0.0000,0.0000,0.0760,0.0000,0.0000,0.0000,0.0000,0.0000,0.1900,0.0000,0.0000,0.0760,0.0000,0.0000,0.0760,0.0000,0.0000,0.0760,0.2533,0.0760,0.0760,0.6960,0.6200,0.6960,0.6960,0.6200,0.0000,0.0000,0.0000,0.0000,0.0000,0.0000,0.0000,0.0000,0.0000,0.0000,0.0000,0.0000,0.0000,0.0000,0.0760,0.0000,0.0000,0.0000,0.0000,0.0000,0.0000,0.0000,0.0000,0.0000,0.0760,0.0760,0.0000,0.0000
switch_match,0.0000,0.0000,0.6833,0.0000,0.6833,0.0000,0.0000,0.0633,0.6833,1.0000,0.0000,0.6833,0.0000,0.0633,0.0000,0.0000,0.0633,0.0000,0.0000,0.6833,0.0000,1.0000,0.3800,0.0000,0.0000,0.3800,0.0000,0.0000,1.0000,1.0000,0.0000,0.0000,0.0000,0.0000,0.0000,0.0000,1.0000,0.6833,1.0000,0.0000,0.6833,0.0000,0.0000,0.0000,0.0000,0.0000,0.6833,0.6833,0.6833,0.6833,0.0000,0.0000,0.0000,0.6833,0.0000,0.6833,0.0000,0.0000,0.0000,0.0000,0.0000,0.0000,0.0000,0.0000,0.0000,0.0000,0.0633,0.0000,0.0000,0.0000,0.0000,0.0000,0.0000,0.0000,0.0000,1.0000,0.0000,0.6833,0.0000,0.6833,0.0000,0.0000,1.0000,0.0000,0.0000,0.0000,0.3800,0.0000,0.6833,0.0000,0.0000,0.6833,0.0000,0.0000,0.0000,0.0000,1.0000,0.0633,0.0000,0.0000,0.0000,0.0000,0.0000,0.0000,0.0760,0.0000,0.0000,0.0000,0.0000,0.0000,0.0000,0.0000,0.0950,0.0000,0.0000,0.0000,0.0000,0.0000,0.0000,0.0000,0.0000,0.0000,0.0000,0.0760,0.0000,0.0000,0.0000,0.0000,0.0000,0.0000,0.0000,0.0000,0.0000,0.0000,0.0000,0.0000,0.0000,0.0000,0.0000,0.0000,0.0000,0.0000,0.0000,0.0000,0.0000,0.0760,0.0760,0.0000,0.0000,0.0000,0.0760,0.0760,0.0760,0.0000,0.0000,0.0000,0.0000,0.0000,0.0000,0.0000,0.0000,0.0000,0.0000,0.0000,0.0000,0.0000,0.0000,0.0950,0.0000,0.0000,0.0760,0.0000
symbol_table,0.0000,0.0000,0.0000,0.0000,0.0000,0.0000,0.0760,0.0000,0.0000,0.0000,0.0000,0.0000,0.3800,0.0000,0.0000,0.0760,0.0000,0.0000,0.0000,0.0000,0.0760,0.0000,0.0000,0.0000,0.0760,0.0000,0.0000,0.0000,0.0000,0.0000,0.0760,0.0000,0.0000,0.0760,0.0000,0.0000,0.0000,0.0000,0.0000,0.6960,0.0000,0.0760,0.0000,0.0000,0.0000,0.3800,0.0000,0.0000,0.0000,0.0000,0.0000,0.0000,0.0000,0.0000,0.0000,0.0000,0.0000,0.6960,0.0000,1.0000,0.0000,0.0000,0.0000,0.0000,0.0000,0.0760,0.0000,0.0000,0.0000,0.0000,0.0000,0.0000,0.0000,0.0000,0.0000,0.0000,0.3800,0.0000,0.3800,0.0000,0.0760,0.0000,0.0000,1.0000,0.0000,0.0000,0.0000,0.0000,0.0000,0.0000,0.0000,0.0000,0.0000,0.0000,0.0760,0.6960,0.0000,0.0000,0.0000,0.0000,0.0000,0.0000,0.0000,0.0000,0.0000,0.0000,0.0000,0.0000,0.0000,0.0000,0.0000,0.7150,0.0000,0.0000,0.0000,0.0000,0.0000,0.0000,0.0000,0.0000,0.0000,0.0000,0.0000,0.0000,0.0000,0.0000,0.0000,0.0760,0.8100,0.0000,0.0000,0.0000,0.0000,0.0000,0.0000,0.0000,0.0000,0.0760,0.0760,0.0000,0.0000,0.0000,0.0000,0.0760,0.0000,0.0000,0.0000,0.0000,0.0000,0.0000,0.0000,0.0000,0.0000,0.6200,0.6960,0.0000,0.0000,0.0000,0.0000,0.0000,0.0000,0.0000,0.0000,0.0000,0.0000,0.0000,0.0000,0.0000,0.0000,0.0760,0.0000,0.0000
task_async,0.0000,0.0000,0.0000,0.0000,0.0000,0.3800,0.0000,0.6200,0.0000,0.0000,0.0000,0.0000,0.0000,0.0000,0.3800,0.0000,0.0000,0.0000,0.0000,0.0000,0.0000,0.0000,0.0000,0.0000,0.0000,0.0000,0.0000,0.0000,0.0000,0.0000,0.0000,0.0000,0.0000,0.0000,0.0000,0.0000,0.0000,0.0000,0.0000,0.0000,0.0000,0.0000,0.0000,0.0000,0.0000,0.0000,0.0000,0.0000,0.0000,0.0000,0.3800,0.0000,0.0000,0.0000,0.0000,0.0000,0.3800,0.0000,0.0000,0.0000,0.0000,0.0000,0.0000,0.0000,0.0000,0.0000,0.0000,0.0000,0.0000,0.0000,0.0000,0.0000,0.0000,0.0000,0.0000,0.0000,0.0000,0.0000,0.0000,0.0000,0.0000,0.0000,0.0000,0.0000,1.0000,0.3800,0.0000,0.0000,0.0000,0.0000,0.0000,0.0000,0.0000,0.0000,0.0000,0.0000,0.0000,0.6200,0.0000,0.0000,0.0000,0.0000,0.0000,0.0000,0.0000,0.0000,0.0000,0.0000,0.0000,0.0000,0.0000,0.0000,0.0000,0.0000,0.0000,0.0000,0.0000,0.0000,0.3800,0.0950,0.0000,0.0000,0.0000,0.0000,0.0000,0.0000,0.0000,0.0000,0.0000,0.0000,0.0000,0.0000,0.0000,0.0000,0.0000,0.0000,0.0000,0.0000,0.0000,0.0000,0.0000,0.0000,0.0000,0.0000,0.0000,0.0000,0.0000,0.0000,0.0000,0.0000,0.6200,0.6200,0.6200,0.0000,0.0000,0.0000,0.0000,0.0000,0.0000,0.0000,0.0000,0.0000,0.0000,0.0000,0.0000,0.0000,0.0000,0.0000,0.0000,0.0000,0.0000,0.0000
thread,0.0000,0.0000,0.0000,0.0000,0.0000,1.0000,0.0000,0.0000,0.0000,0.0000,0.0000,0.0000,0.0000,0.0000,1.0000,0.0000,0.0000,0.0000,0.0000,0.0000,0.0000,0.0000,0.0000,0.0000,0.0000,0.0000,0.0000,0.0000,0.0000,0.0000,0.0000,0.0000,0.0000,0.0000,0.0000,0.0000,0.0000,0.0000,0.0000,0.0000,0.0000,0.0000,0.0000,0.0000,0.0000,0.0000,0.0000,0.0000,0.0000,0.0000,1.0000,0.0000,0.0000,0.0000,0.0000,0.0000,1.0000,0.0000,0.0000,0.0000,0.0000,0.0000,0.0000,0.0000,0.0000,0.0000,0.0000,0.0000,0.0000,0.0000,0.0000,0.0000,0.0000,0.0000,0.0000,0.0000,0.0000,0.0000,0.0000,0.0000,0.0000,0.0000,0.0000,0.0000,0.3800,1.0000,0.0000,0.0000,0.0000,0.0000,0.0000,0.0000,0.0000,0.0000,0.0000,0.0000,0.0000,0.0000,0.0000,0.0000,0.0000,0.0000,0.0000,0.0000,0.0000,0.0000,0.0000,0.0000,0.0000,0.0000,0.0000,0.0000,0.0000,0.0000,0.0000,0.0000,0.0000,0.0000,1.0000,0.7150,0.0000,0.0000,0.0000,0.0000,0.0000,0.0000,0.0000,0.0000,0.0000,0.0000,0.0000,0.0000,0.0000,0.0000,0.0000,0.0000,0.0000,0.0000,0.0000,0.0000,0.0000,0.0000,0.0000,0.0000,0.0000,0.0000,0.0000,0.0000,0.0000,0.0000,0.0000,0.0000,0.0000,0.0000,0.0000,0.0000,0.0000,0.0000,0.0000,0.0000,0.0000,0.0000,0.0000,0.0000,0.0000,0.0000,0.0000,0.0000,0.0000,0.0000,0.0000,0.0000
throw_raise,0.0000,0.0000,0.0633,0.0000,0.0633,0.0000,0.0000,0.0633,0.0633,0.3800,0.0000,0.0633,0.0000,0.0633,0.0000,0.0000,0.0633,0.0000,0.0000,0.0633,0.0000,0.3800,0.3800,0.0000,0.0000,1.0000,0.0000,0.0000,0.3800,0.3800,0.0000,0.0000,0.0000,0.0000,0.0000,0.0000,0.3800,0.0633,0.3800,0.0000,0.0633,0.0000,0.0000,0.0000,0.0000,0.0000,0.0633,0.0633,0.0633,0.0633,0.0000,0.0000,0.0000,0.0633,0.0000,0.0633,0.0000,0.0000,0.0000,0.0000,0.0000,0.0000,0.0000,0.0000,0.0000,0.0000,0.0633,0.0000,0.0000,0.0000,0.0000,0.0000,0.0000,0.0000,0.0000,0.3800,0.0000,0.0633,0.0000,0.0633,0.0000,0.0000,0.3800,0.0000,0.0000,0.0000,1.0000,0.0000,0.0633,0.0000,0.0000,0.0633,0.0000,0.0000,0.0000,0.0000,0.3800,0.0633,0.0000,0.0000,0.0000,0.0000,0.0000,0.0000,0.0760,0.0000,0.0000,0.0000,0.0000,0.0000,0.0000,0.0000,0.0950,0.0000,0.0000,0.0000,0.0000,0.0000,0.0000,0.0000,0.0000,0.0000,0.0000,0.0760,0.0000,0.0000,0.0000,0.0000,0.0000,0.0000,0.0000,0.0000,0.0000,0.0000,0.0000,0.0000,0.0000,0.0000,0.0000,0.0000,0.0000,0.0000,0.0000,0.0000,0.0000,0.6960,0.6960,0.6200,0.0000,0.0000,0.0760,0.0760,0.0760,0.0000,0.0000,0.0000,0.0000,0.0000,0.0000,0.0000,0.0000,0.0000,0.0000,0.0000,0.0000,0.0000,0.0000,0.0950,0.0000,0.0000,0.0760,0.0000
time,0.0000,0.3800,0.0000,0.0000,0.0000,0.0000,0.0000,0.0000,0.0000,0.0000,0.0000,0.0000,0.0000,0.0000,0.0000,0.0000,0.0000,0.0000,0.0000,0.0000,0.0000,0.0000,0.0000,0.3800,0.0000,0.0000,0.0000,1.0000,0.0000,0.0000,0.0000,0.0000,0.0000,0.0000,0.0000,1.0000,0.0000,0.0000,0.0000,0.0000,0.0000,0.0000,1.0000,0.0000,0.0000,0.0000,0.0000,0.0000,0.0000,0.0000,0.0000,0.0000,0.0000,0.0000,0.0000,0.0000,0.0000,0.0000,1.0000,0.0000,1.0000,0.0000,0.0000,0.0000,0.0000,0.0000,0.0000,0.0000,0.0000,0.0000,0.0000,0.0000,1.0000,0.0000,0.3800,0.0000,0.0000,0.0000,0.0000,0.0000,0.0000,0.0000,0.0000,0.0000,0.0000,0.0000,0.0000,1.0000,0.0000,0.0000,0.0000,0.0000,0.0000,0.0000,0.0000,0.0000,0.0000,0.0000,0.0000,0.0760,0.0000,0.0000,0.0000,0.0000,0.0000,0.0000,0.0000,0.0000,0.0000,0.0760,0.0000,0.0000,0.0000,0.0000,0.0000,0.0000,0.0000,0.0000,0.0000,0.0000,0.0000,0.0000,0.0000,0.0000,0.0000,0.0000,0.0000,0.0000,0.0000,0.0000,0.0000,0.0000,0.0000,0.0000,0.0000,0.0000,0.0000,0.0000,0.0000,0.0760,0.0760,0.0760,0.0000,0.0000,0.0000,0.0760,0.0000,0.0760,0.0000,0.0000,0.0000,0.0000,0.0000,0.0000,0.0000,0.0760,0.0760,0.0000,0.0000,0.0000,0.0000,0.0000,0.0000,0.0000,0.0000,0.0760,0.0950,0.0000,0.0000,0.0000,0.0760,0.0000
tuple,0.0000,0.0000,1.0000,0.0000,1.0000,0.0000,0.0000,0.3800,1.0000,0.6833,0.0000,1.0000,0.0000,0.3800,0.0000,0.0000,0.3800,0.0000,0.0000,1.0000,0.0000,0.6833,0.0633,0.0000,0.0000,0.0633,0.0000,0.0000,0.6833,0.6833,0.0000,0.0000,0.0000,0.0000,0.0000,0.0000,0.6833,1.0000,0.6833,0.0000,1.0000,0.0000,0.0000,0.0000,0.0000,0.0000,1.0000,1.0000,1.0000,1.0000,0.0000,0.0000,0.0000,1.0000,0.0000,1.0000,0.0000,0.0000,0.0000,0.0000,0.0000,0.0000,0.0000,0.0000,0.0000,0.0000,0.3800,0.0000,0.0000,0.0000,0.0000,0.0000,0.0000,0.0000,0.0000,0.6833,0.0000,1.0000,0.0000,1.0000,0.0000,0.0000,0.6833,0.0000,0.0000,0.0000,0.0633,0.0000,1.0000,0.0000,0.0000,1.0000,0.0000,0.0000,0.0000,0.0000,0.6833,0.3800,0.0633,0.0633,0.0760,0.0000,0.0000,0.0000,0.0633,0.0000,0.0633,0.0000,0.0000,0.0000,0.0000,0.0000,0.0760,0.0760,0.0760,0.0000,0.0633,0.0000,0.0000,0.0000,0.0633,0.0000,0.0000,0.0000,0.0000,0.0633,0.0000,0.0000,0.0000,0.0000,0.0000,0.0000,0.0000,0.0760,0.1520,0.0000,0.0000,0.0000,0.0000,0.0000,0.0633,0.0000,0.0633,0.0000,0.0760,0.0000,0.0000,0.0000,0.0633,0.0000,0.0000,0.1520,0.0633,0.0000,0.0000,0.0000,0.0000,0.0000,0.0000,0.0000,0.0000,0.0000,0.0000,0.0000,0.0000,0.0000,0.0000,0.0760,0.0633,0.0000,0.0633,0.0000
tuple_type,0.0000,0.0000,0.0000,1.0000,0.0000,0.0000,0.0760,0.0000,0.0000,0.0000,0.0000,0.0000,0.0000,0.6200,0.0000,0.0760,0.0000,0.0000,0.0000,0.0000,0.0760,0.0000,0.0000,0.0000,0.0760,0.0000,0.0000,0.0000,0.0000,0.0000,0.0760,0.3800,0.0000,0.0760,0.3800,0.0000,0.0000,0.0000,0.0000,0.0760,0.0000,0.0760,0.0000,0.0000,0.0000,0.0000,0.0000,0.0000,0.0000,0.0000,0.0000,0.0000,0.0000,0.0000,1.0000,0.0000,0.0000,0.0760,0.0000,0.0000,0.0000,0.0000,1.0000,0.3800,0.0000,0.0760,0.0000,0.3800,1.0000,1.0000,1.0000,1.0000,0.0000,0.3800,0.0000,0.0000,0.0000,0.0000,0.0000,0.0000,0.0760,0.3800,0.0000,0.0000,0.0000,0.0000,0.0000,0.0000,0.0000,1.0000,0.3800,0.0000,1.0000,0.0000,0.0760,0.0760,0.0000,0.0000,0.8100,0.0000,0.7150,0.7150,0.0760,0.0950,0.0760,0.0950,0.0000,0.0000,0.0000,0.0760,0.0000,0.0000,0.0000,0.0000,0.0000,0.0950,0.0760,0.0760,0.0000,0.0000,0.0760,0.0000,0.0000,0.0000,0.0000,0.0000,0.1900,0.0000,0.0000,0.0760,0.0000,0.0000,0.0760,0.0000,0.0000,0.0760,0.8733,0.0760,0.0760,0.0760,0.0000,0.0760,0.0760,0.0000,0.0000,0.0000,0.0000,0.0000,0.0000,0.0000,0.0000,0.0000,0.0000,0.0000,0.0000,0.0000,0.0000,0.0000,0.0760,0.0000,0.0000,0.0000,0.0000,0.0000,0.0000,0.0000,0.0000,0.0000,0.0760,0.0760,0.0000,0.0000
type_inference,0.0000,0.0000,0.0000,0.3800,0.0000,0.0000,0.0760,0.0000,0.0000,0.0000,0.0000,0.0000,0.0000,0.0000,0.0000,0.0760,0.0000,0.0000,0.0000,0.0000,0.0760,0.0000,0.0000,0.0000,0.0760,0.0000,0.0000,0.0000,0.0000,0.0000,0.0760,0.3800,0.0000,0.6960,1.0000,0.0000,0.0000,0.0000,0.0000,0.0760,0.0000,0.0760,0.0000,0.0000,0.0000,0.0000,0.0000,0.0000,0.0000,0.0000,0.0000,0.0000,0.0000,0.0000,0.3800,0.0000,0.0000,0.0760,0.0000,0.0000,0.0000,0.0000,0.3800,1.0000,0.0000,0.0760,0.0000,0.3800,0.3800,0.3800,0.3800,0.3800,0.0000,0.3800,0.0000,0.0000,0.0000,0.0000,0.0000,0.0000,0.0760,0.3800,0.0000,0.0000,0.0000,0.0000,0.0000,0.0000,0.0000,0.3800,1.0000,0.0000,0.3800,0.0000,0.0760,0.0760,0.0000,0.0000,0.1900,0.0000,0.0950,0.0950,0.0760,0.0950,0.0760,0.0950,0.0000,0.0000,0.0000,0.0760,0.0000,0.0000,0.0000,0.0000,0.0000,0.0950,0.0760,0.0760,0.0000,0.0000,0.0760,0.0000,0.0000,0.0000,0.0000,0.0000,0.8100,0.6200,0.0000,0.6960,0.6200,0.6200,0.6960,0.6200,0.6200,0.6960,0.2533,0.0760,0.0760,0.0760,0.0000,0.0760,0.0760,0.0000,0.6200,0.0000,0.0000,0.0000,0.0000,0.0000,0.0000,0.0000,0.0000,0.0000,0.0000,0.0000,0.0000,0.0000,0.0760,0.0000,0.0000,0.0000,0.0000,0.0000,0.0000,0.0000,0.0000,0.0000,0.0760,0.0760,0.0000,0.0000
unary_op,0.0000,0.0000,1.0000,0.0000,1.0000,0.0000,0.0000,0.3800,1.0000,0.6833,0.0000,1.0000,0.0000,0.3800,0.0000,0.0000,0.3800,0.0000,0.0000,1.0000,0.0000,0.6833,0.0633,0.0000,0.0000,0.0633,0.0000,0.0000,0.6833,0.6833,0.0000,0.0000,0.0000,0.0000,0.0000,0.0000,0.6833,1.0000,0.6833,0.0000,1.0000,0.0000,0.0000,0.0000,0.0000,0.0000,1.0000,1.0000,1.0000,1.0000,0.0000,0.0000,0.0000,1.0000,0.0000,1.0000,0.0000,0.0000,0.0000,0.0000,0.0000,0.0000,0.0000,0.0000,0.0000,0.0000,0.3800,0.0000,0.0000,0.0000,0.0000,0.0000,0.0000,0.0000,0.0000,0.6833,0.0000,1.0000,0.0000,1.0000,0.0000,0.0000,0.6833,0.0000,0.0000,0.0000,0.0633,0.0000,1.0000,0.0000,0.0000,1.0000,0.0000,0.0000,0.0000,0.0000,0.6833,0.3800,0.0633,0.0633,0.0760,0.0000,0.0000,0.0000,0.0633,0.0000,0.0633,0.0000,0.0000,0.0000,0.0000,0.0000,0.0760,0.0760,0.0760,0.0000,0.0633,0.0000,0.0000,0.0000,0.0633,0.0000,0.0000,0.0000,0.0000,0.0633,0.0000,0.0000,0.0000,0.0000,0.0000,0.0000,0.0000,0.0760,0.1520,0.0000,0.0000,0.0000,0.0000,0.0000,0.0633,0.0000,0.0633,0.0000,0.0760,0.0000,0.0000,0.0000,0.0633,0.0000,0.0000,0.1520,0.0633,0.0000,0.0000,0.0000,0.0000,0.0000,0.0000,0.0000,0.0000,0.0000,0.0000,0.0000,0.0000,0.0000,0.0000,0.0760,0.0633,0.0000,0.0633,0.0000
union_sum,0.0000,0.0000,0.0000,1.0000,0.0000,0.0000,0.0760,0.0000,0.0000,0.0000,0.0000,0.0000,0.0000,0.6200,0.0000,0.0760,0.0000,0.0000,0.0000,0.0000,0.0760,0.0000,0.0000,0.0000,0.0760,0.0000,0.0000,0.0000,0.0000,0.0000,0.0760,0.3800,0.0000,0.0760,0.3800,0.0000,0.0000,0.0000,0.0000,0.0760,0.0000,0.0760,0.0000,0.0000,0.0000,0.0000,0.0000,0.0000,0.0000,0.0000,0.0000,0.0000,0.0000,0.0000,1.0000,0.0000,0.0000,0.0760,0.0000,0.0000,0.0000,0.0000,1.0000,0.3800,0.0000,0.0760,0.0000,0.3800,1.0000,1.0000,1.0000,1.0000,0.0000,0.3800,0.0000,0.0000,0.0000,0.0000,0.0000,0.0000,0.0760,0.3800,0.0000,0.0000,0.0000,0.0000,0.0000,0.0000,0.0000,1.0000,0.3800,0.0000,1.0000,0.0000,0.0760,0.0760,0.0000,0.0000,0.8100,0.0000,0.7150,0.7150,0.0760,0.0950,0.0760,0.0950,0.0000,0.0000,0.0000,0.0760,0.0000,0.0000,0.0000,0.0000,0.0000,0.0950,0.0760,0.0760,0.0000,0.0000,0.0760,0.0000,0.0000,0.0000,0.0000,0.0000,0.1900,0.0000,0.0000,0.0760,0.0000,0.0000,0.0760,0.0000,0.0000,0.0760,0.8733,0.0760,0.0760,0.0760,0.0000,0.0760,0.0760,0.0000,0.0000,0.0000,0.0000,0.0000,0.0000,0.0000,0.0000,0.0000,0.0000,0.0000,0.0000,0.0000,0.0000,0.0000,0.0760,0.0000,0.0000,0.0000,0.0000,0.0000,0.0000,0.0000,0.0000,0.0000,0.0760,0.0760,0.0000,0.0000
unsafe,0.3800,0.6200,0.0000,0.0000,0.0000,0.0000,0.0000,0.0000,0.0000,0.0000,0.0000,0.0000,0.0000,0.0000,0.0000,0.0000,0.0000,0.0000,0.0000,0.0000,0.0000,0.0000,0.0000,0.0000,0.0000,0.0000,0.3800,0.0000,0.0000,0.0000,0.0000,0.0000,0.3800,0.0000,0.0000,0.0000,0.0000,0.0000,0.0000,0.0000,0.0000,0.0000,0.0000,0.0000,0.3800,0.0000,0.0000,0.0000,0.0000,0.0000,0.0000,0.0000,1.0000,0.0000,0.0000,0.0000,0.0000,0.0000,0.0000,0.0000,0.0000,0.0000,0.0000,0.0000,0.3800,0.0000,0.0000,0.6200,0.0000,0.0000,0.0000,0.0000,0.0000,0.6200,0.0000,0.0000,0.0000,0.0000,0.0000,0.0000,0.0000,0.0000,0.0000,0.0000,0.0000,0.0000,0.0000,0.0000,0.0000,0.0000,0.0000,0.0000,0.0000,1.0000,0.0000,0.0000,0.0000,0.0000,0.0000,0.0000,0.0000,0.0000,0.0760,0.0000,0.0000,0.6200,0.6960,0.6960,0.6960,0.6960,0.0000,0.0000,0.0000,0.0000,0.0000,0.0950,0.0760,0.0000,0.0000,0.0000,0.0000,0.0760,0.0000,0.0000,0.0000,0.0760,0.0000,0.0000,0.0000,0.0000,0.0000,0.0000,0.0000,0.0000,0.0000,0.0000,0.0000,0.0000,0.0760,0.0000,0.0000,0.0760,0.0000,0.0000,0.0000,0.0000,0.0000,0.0000,0.0000,0.0000,0.0000,0.0000,0.0000,0.0000,0.0000,0.0000,0.6960,0.6960,0.0760,0.0760,0.0000,0.0000,0.0000,0.0000,0.0000,0.0000,0.0000,0.0000,0.0000,0.0000,0.0000,0.1900
variable,0.0000,0.0000,0.0000,0.0760,0.0000,0.0000,0.3800,0.0000,0.0000,0.0000,0.0000,0.0000,0.0760,0.0000,0.0000,1.0000,0.0000,0.0000,0.0000,0.0000,0.3800,0.0000,0.0000,0.6200,1.0000,0.0000,0.0000,0.0000,0.0000,0.0000,0.3800,0.0760,0.0000,0.3800,0.0760,0.0000,0.0000,0.0000,0.0000,0.3800,0.0000,1.0000,0.0000,0.0000,0.0000,0.0760,0.0000,0.0000,0.0000,0.0000,0.0000,0.0000,0.0000,0.0000,0.0760,0.0000,0.0000,0.3800,0.0000,0.0760,0.0000,0.0000,0.0760,0.0760,0.0000,0.3800,0.0000,0.0760,0.0760,0.0760,0.0760,0.0760,0.0000,0.0760,0.6200,0.0000,0.0760,0.0000,0.0760,0.0000,1.0000,0.6960,0.0000,0.0760,0.0000,0.0000,0.0000,0.0000,0.0000,0.0760,0.0760,0.0000,0.0760,0.0000,1.0000,0.3800,0.0000,0.0000,0.0760,0.0000,0.0000,0.0950,0.0760,0.0950,0.0760,0.0000,0.0000,0.0000,0.0000,0.0760,0.0000,0.0950,0.0000,0.0000,0.0000,0.0000,0.0760,0.0760,0.0000,0.0000,0.0000,0.0000,0.0000,0.0000,0.0000,0.0000,0.0760,0.0760,0.0760,0.0760,0.0000,0.0000,0.0760,0.0000,0.0000,0.0000,0.0950,0.0760,0.0760,0.6960,0.6200,0.6960,0.6960,0.6960,0.0000,0.0000,0.0000,0.0000,0.0000,0.0000,0.0000,0.0000,0.0000,0.0000,0.0000,0.0000,0.0000,0.0000,0.0760,0.0000,0.0000,0.0000,0.0000,0.0000,0.0000,0.0000,0.0000,0.0000,0.1900,0.0760,0.0000,0.0000
visibility,0.0000,0.0000,0.0000,0.0760,0.0000,0.0000,0.3800,0.0000,0.0000,0.0000,0.0000,0.0000,0.0760,0.0000,0.0000,0.3800,0.0000,0.0000,0.0000,0.0000,0.3800,0.0000,0.0000,0.0000,0.3800,0.0000,0.0000,0.0000,0.0000,0.0000,0.3800,0.0760,0.0000,0.3800,0.0760,0.0000,0.0000,0.0000,0.0000,1.0000,0.0000,0.3800,0.0000,0.0000,0.0000,0.0760,0.0000,0.0000,0.0000,0.0000,0.0000,0.0000,0.0000,0.0000,0.0760,0.0000,0.0000,1.0000,0.0000,0.6960,0.0000,0.0000,0.0760,0.0760,0.0000,0.3800,0.0000,0.0760,0.0760,0.0760,0.0760,0.0760,0.0000,0.0760,0.0000,0.0000,0.0760,0.0000,0.0760,0.0000,0.3800,0.0760,0.0000,0.6960,0.0000,0.0000,0.0000,0.0000,0.0000,0.0760,0.0760,0.0000,0.0760,0.0000,0.3800,1.0000,0.0000,0.0000,0.0760,0.0000,0.0000,0.0950,0.0760,0.0950,0.0760,0.0000,0.0000,0.0000,0.0000,0.0760,0.0000,0.7150,0.0000,0.0000,0.0000,0.0000,0.0760,0.0760,0.0000,0.0000,0.0000,0.0000,0.0000,0.0000,0.0000,0.0000,0.0760,0.0760,0.6960,0.0760,0.0000,0.0000,0.0760,0.0000,0.0000,0.0000,0.0950,0.0760,0.0760,0.0760,0.0000,0.0760,0.0760,0.0760,0.0000,0.0000,0.0000,0.0000,0.0000,0.0000,0.0000,0.0000,0.0000,0.6200,0.6200,0.0000,0.0000,0.0000,0.0760,0.0000,0.0000,0.0000,0.0000,0.0000,0.0000,0.0000,0.0000,0.0000,0.1900,0.0760,0.0000,0.0000
while,0.0000,0.0000,0.6833,0.0000,0.6833,0.0000,0.0000,0.0633,0.6833,1.0000,0.0000,0.6833,0.0000,0.0633,0.0000,0.0000,0.0633,0.0000,0.0000,0.6833,0.0000,1.0000,0.3800,0.0000,0.0000,0.3800,0.0000,0.0000,1.0000,1.0000,0.0000,0.0000,0.0000,0.0000,0.0000,0.0000,1.0000,0.6833,1.0000,0.0000,0.6833,0.0000,0.0000,0.0000,0.0000,0.0000,0.6833,0.6833,0.6833,0.6833,0.0000,0.0000,0.0000,0.6833,0.0000,0.6833,0.0000,0.0000,0.0000,0.0000,0.0000,0.0000,0.0000,0.0000,0.0000,0.0000,0.0633,0.0000,0.0000,0.0000,0.0000,0.0000,0.0000,0.0000,0.0000,1.0000,0.0000,0.6833,0.0000,0.6833,0.0000,0.0000,1.0000,0.0000,0.0000,0.0000,0.3800,0.0000,0.6833,0.0000,0.0000,0.6833,0.0000,0.0000,0.0000,0.0000,1.0000,0.0633,0.0000,0.0000,0.0000,0.0000,0.0000,0.0000,0.0760,0.0000,0.0000,0.0000,0.0000,0.0000,0.0000,0.0000,0.0950,0.0000,0.0000,0.0000,0.0000,0.0000,0.0000,0.0000,0.0000,0.0000,0.0000,0.0760,0.0000,0.0000,0.0000,0.0000,0.0000,0.0000,0.0000,0.0000,0.0000,0.0000,0.0000,0.0000,0.0000,0.0000,0.0000,0.0000,0.0000,0.0000,0.0000,0.0000,0.0000,0.0760,0.0760,0.0000,0.0000,0.0000,0.0760,0.0760,0.0760,0.0000,0.0000,0.0000,0.0000,0.0000,0.0000,0.0000,0.0000,0.0000,0.0000,0.0000,0.0000,0.0000,0.0000,0.0950,0.0000,0.0000,0.0760,0.0000
yield,0.0000,0.0000,0.3800,0.0000,0.3800,0.0000,0.0000,1.0000,0.3800,0.0633,0.0000,0.3800,0.0000,0.3800,0.0000,0.0000,0.3800,0.0000,0.0000,0.3800,0.0000,0.0633,0.0633,0.0000,0.0000,0.0633,0.0000,0.0000,0.0633,0.0633,0.0000,0.0000,0.0000,0.0000,0.0000,0.0000,0.0633,0.3800,0.0633,0.0000,0.3800,0.0000,0.0000,0.0000,0.0000,0.0000,0.3800,0.3800,0.3800,0.3800,0.0000,0.0000,0.0000,0.3800,0.0000,0.3800,0.0000,0.0000,0.0000,0.0000,0.0000,0.0000,0.0000,0.0000,0.0000,0.0000,0.3800,0.0000,0.0000,0.0000,0.0000,0.0000,0.0000,0.0000,0.0000,0.0633,0.0000,0.3800,0.0000,0.3800,0.0000,0.0000,0.0633,0.0000,0.6200,0.0000,0.0633,0.0000,0.3800,0.0000,0.0000,0.3800,0.0000,0.0000,0.0000,0.0000,0.0633,1.0000,0.0633,0.0633,0.0760,0.0000,0.0000,0.0000,0.0633,0.0000,0.0633,0.0000,0.0000,0.0000,0.0000,0.0000,0.0760,0.0760,0.0760,0.0000,0.0633,0.0000,0.0000,0.0000,0.0633,0.0000,0.0000,0.0000,0.0000,0.0633,0.0000,0.0000,0.0000,0.0000,0.0000,0.0000,0.0000,0.0760,0.1520,0.0000,0.0000,0.0000,0.0000,0.0000,0.0633,0.0000,0.0633,0.0000,0.0760,0.0000,0.0000,0.0000,0.0633,0.0000,0.6200,0.7720,0.6833,0.0000,0.0000,0.0000,0.0000,0.0000,0.0000,0.0000,0.0000,0.0000,0.0000,0.0000,0.0000,0.0000,0.0000,0.0760,0.0633,0.0000,0.0633,0.0000
c_integer_promotions,0.0000,0.0000,0.0633,0.8100,0.0633,0.0000,0.0760,0.0633,0.0633,0.0000,0.0000,0.0633,0.0000,0.6833,0.0000,0.0760,0.0633,0.0000,0.0000,0.0633,0.0760,0.0000,0.0000,0.0000,0.0760,0.0000,0.0000,0.0000,0.0000,0.0000,0.0760,0.1900,0.0000,0.0760,0.1900,0.0000,0.0000,0.0633,0.0000,0.0760,0.0633,0.0760,0.0000,0.0000,0.0000,0.0000,0.0633,0.0633,0.0633,0.0633,0.0000,0.0000,0.0000,0.0633,0.8100,0.0633,0.0000,0.0760,0.0000,0.0000,0.0000,0.0000,0.8100,0.1900,0.0000,0.0760,0.0633,0.1900,0.8100,0.8100,0.8100,0.8100,0.0000,0.1900,0.0000,0.0000,0.0000,0.0633,0.0000,0.0633,0.0760,0.1900,0.0000,0.0000,0.0000,0.0000,0.0000,0.0000,0.0633,0.8100,0.1900,0.0633,0.8100,0.0000,0.0760,0.0760,0.0000,0.0633,1.0000,0.0760,0.8733,0.7150,0.0760,0.0950,0.0760,0.0950,0.0760,0.0000,0.0000,0.0760,0.0000,0.0000,0.0000,0.0000,0.0000,0.0950,0.1900,0.0760,0.0000,0.0000,0.0760,0.0000,0.0000,0.0000,0.0000,0.0760,0.1900,0.0000,0.0000,0.0760,0.0000,0.0000,0.0760,0.0000,0.0760,0.0000,0.7150,0.0000,0.0760,0.0760,0.0760,0.0760,0.1900,0.0000,0.0950,0.0000,0.0000,0.0000,0.0760,0.0000,0.0000,0.0760,0.0760,0.0000,0.0000,0.0000,0.0000,0.0000,0.0760,0.0000,0.0000,0.0000,0.0000,0.0000,0.0000,0.0000,0.0000,0.0000,0.0760,0.0000,0.0000,0.0000
c_signed_overflow_ub,0.0000,0.0760,0.0633,0.0000,0.0633,0.0000,0.0000,0.0633,0.0633,0.0000,0.0000,0.0633,0.0000,0.0633,0.0000,0.0000,0.0633,0.0000,0.0000,0.0633,0.0000,0.0000,0.0000,0.0760,0.0000,0.0000,0.0000,0.0760,0.0000,0.0000,0.0000,0.0000,0.0000,0.0000,0.0000,0.0760,0.0000,0.0633,0.0000,0.0000,0.0633,0.0000,0.0760,0.0000,0.0000,0.0000,0.0633,0.0633,0.0633,0.0633,0.0000,0.0000,0.0000,0.0633,0.0000,0.0633,0.0000,0.0000,0.0760,0.0000,0.0760,0.0000,0.0000,0.0000,0.0000,0.0000,0.0633,0.0000,0.0000,0.0000,0.0000,0.0000,0.0760,0.0000,0.0760,0.0000,0.0000,0.0633,0.0000,0.0633,0.0000,0.0000,0.0000,0.0000,0.0000,0.0000,0.0000,0.0760,0.0633,0.0000,0.0000,0.0633,0.0000,0.0000,0.0000,0.0000,0.0000,0.0633,0.0760,1.0000,0.0950,0.0000,0.0000,0.0000,0.0000,0.0000,0.0760,0.0760,0.0760,0.0000,0.0000,0.0000,0.0000,0.0000,0.0000,0.0000,0.0760,0.0760,0.0000,0.0000,0.0000,0.0000,0.0000,0.0000,0.0000,0.0760,0.0000,0.0000,0.0000,0.0000,0.0000,0.0000,0.0000,0.0000,0.0760,0.0000,0.0000,0.0000,0.0000,0.0760,0.1900,0.0760,0.0760,0.0000,0.0950,0.0760,0.0000,0.0760,0.0760,0.0000,0.0000,0.0760,0.0760,0.0000,0.0000,0.0760,0.0000,0.0000,0.0000,0.0000,0.0000,0.0000,0.0000,0.0000,0.0000,0.8100,0.7150,0.6200,0.0000,0.0000,0.0000,0.0000
c_unsigned_wrap,0.0000,0.0000,0.0760,0.7150,0.0760,0.0000,0.0000,0.0760,0.0760,0.0000,0.0000,0.0760,0.0000,0.6960,0.0000,0.0000,0.0760,0.0000,0.0000,0.0760,0.0000,0.0000,0.0000,0.0000,0.0000,0.0000,0.0000,0.0000,0.0000,0.0000,0.0000,0.0950,0.0000,0.0000,0.0950,0.0000,0.0000,0.0760,0.0000,0.0000,0.0760,0.0000,0.0000,0.0000,0.0000,0.0000,0.0760,0.0760,0.0760,0.0760,0.0000,0.0000,0.0000,0.0760,0.7150,0.0760,0.0000,0.0000,0.0000,0.0000,0.0000,0.0000,0.7150,0.0950,0.0000,0.0000,0.0760,0.0950,0.7150,0.7150,0.7150,0.7150,0.0000,0.0950,0.0000,0.0000,0.0000,0.0760,0.0000,0.0760,0.0000,0.0950,0.0000,0.0000,0.0000,0.0000,0.0000,0.0000,0.0760,0.7150,0.0950,0.0760,0.7150,0.0000,0.0000,0.0000,0.0000,0.0760,0.8733,0.0950,1.0000,0.6200,0.0000,0.0000,0.0000,0.1267,0.0950,0.0000,0.0000,0.0000,0.0000,0.0000,0.0000,0.0000,0.0000,0.1267,0.0950,0.0000,0.0000,0.0000,0.0950,0.0000,0.0000,0.0000,0.0000,0.0950,0.0950,0.0000,0.0000,0.0000,0.0000,0.0000,0.0000,0.0000,0.0950,0.0000,0.6200,0.0000,0.0000,0.0000,0.0950,0.0000,0.0950,0.0000,0.1267,0.0000,0.0000,0.0000,0.0950,0.0000,0.0000,0.0950,0.0950,0.0000,0.0000,0.0000,0.0000,0.0000,0.0000,0.0000,0.0000,0.0000,0.0000,0.0000,0.0000,0.0000,0.0000,0.0000,0.0000,0.0000,0.0000,0.0000
c_char_signedness,0.0000,0.0000,0.0000,0.7150,0.0000,0.0000,0.0950,0.0000,0.0000,0.0000,0.0000,0.0000,0.0000,0.6200,0.0000,0.0950,0.0000,0.0000,0.0000,0.0000,0.0950,0.0000,0.0000,0.0000,0.0950,0.0000,0.0000,0.0000,0.0000,0.0000,0.0950,0.0950,0.0000,0.0950,0.0950,0.0000,0.0000,0.0000,0.0000,0.0950,0.0000,0.0950,0.0000,0.0000,0.0000,0.0000,0.0000,0.0000,0.0000,0.0000,0.0000,0.0000,0.0000,0.0000,0.7150,0.0000,0.0000,0.0950,0.0000,0.0000,0.0000,0.0000,0.7150,0.0950,0.0000,0.0950,0.0000,0.0950,0.7150,0.7150,0.7150,0.7150,0.0000,0.0950,0.0000,0.0000,0.0000,0.0000,0.0000,0.0000,0.0950,0.0950,0.0000,0.0000,0.0000,0.0000,0.0000,0.0000,0.0000,0.7150,0.0950,0.0000,0.7150,0.0000,0.0950,0.0950,0.0000,0.0000,0.7150,0.0000,0.6200,1.0000,0.0950,0.1267,0.0950,0.0000,0.0000,0.0000,0.0000,0.0950,0.0000,0.0000,0.0000,0.0000,0.0000,0.0000,0.0950,0.0950,0.0000,0.0000,0.0000,0.0000,0.0000,0.0000,0.0000,0.0000,0.0950,0.0000,0.0000,0.0950,0.0000,0.0000,0.0950,0.0000,0.0000,0.0000,0.7467,0.0000,0.0950,0.0950,0.0000,0.0950,0.0950,0.0000,0.0000,0.0000,0.0000,0.0000,0.0000,0.0000,0.0000,0.0000,0.0000,0.0000,0.0000,0.0000,0.0000,0.0000,0.0950,0.0000,0.0000,0.0000,0.0000,0.0000,0.0000,0.0000,0.1267,0.0000,0.0950,0.0000,0.0000,0.0000
c_bitfields,0.6960,0.0000,0.0000,0.0760,0.0000,0.0000,0.0760,0.0000,0.0000,0.0000,0.0000,0.0000,0.0000,0.0000,0.0000,0.0760,0.0000,0.0000,0.0000,0.0000,0.0760,0.0000,0.0000,0.0000,0.0760,0.0000,0.0760,0.0000,0.0000,0.0000,0.0760,0.0760,0.0760,0.0760,0.0760,0.0000,0.0000,0.0000,0.0000,0.0760,0.0000,0.0760,0.0000,0.0000,0.6960,0.0000,0.0000,0.0000,0.0000,0.0000,0.0000,0.0000,0.0760,0.0000,0.0760,0.0000,0.0000,0.0760,0.0000,0.0000,0.0000,0.0000,0.0760,0.0760,0.0760,0.0760,0.0000,0.0760,0.0760,0.0760,0.0760,0.0760,0.0000,0.0760,0.0000,0.0000,0.0000,0.0000,0.0000,0.0000,0.0760,0.0760,0.0000,0.0000,0.0000,0.0000,0.0000,0.0000,0.0000,0.0760,0.0760,0.0000,0.0760,0.0760,0.0760,0.0760,0.0000,0.0000,0.0760,0.0000,0.0000,0.0950,1.0000,0.8733,0.0760,0.0000,0.0760,0.0760,0.0760,0.1900,0.0000,0.0000,0.0000,0.0000,0.0000,0.0000,0.0760,0.0760,0.0000,0.0000,0.0000,0.0000,0.0000,0.0000,0.0000,0.0000,0.0760,0.0000,0.0000,0.0760,0.0000,0.0000,0.0760,0.0000,0.0000,0.0000,0.0950,0.0000,0.0760,0.1900,0.0760,0.0760,0.1900,0.0000,0.0000,0.0000,0.0000,0.0000,0.0000,0.0000,0.0000,0.0000,0.0000,0.0000,0.0000,0.0000,0.0760,0.0760,1.0000,0.6960,0.7150,0.0000,0.0000,0.0000,0.0760,0.0000,0.0000,0.0000,0.0760,0.0000,0.0000,0.0760
c_flexible_array_member,0.6200,0.0000,0.0000,0.0950,0.0000,0.0000,0.0950,0.0000,0.0000,0.0000,0.0000,0.0000,0.0000,0.0000,0.0000,0.0950,0.0000,0.0000,0.0000,0.0000,0.0950,0.0000,0.0000,0.0000,0.0950,0.0000,0.0000,0.0000,0.0000,0.0000,0.0950,0.0950,0.0000,0.0950,0.0950,0.0000,0.0000,0.0000,0.0000,0.0950,0.0000,0.0950,0.0000,0.0000,0.6200,0.0000,0.0000,0.0000,0.0000,0.0000,0.0000,0.0000,0.0000,0.0000,0.0950,0.0000,0.0000,0.0950,0.0000,0.0000,0.0000,0.0000,0.0950,0.0950,0.0000,0.0950,0.0000,0.0950,0.0950,0.0950,0.0950,0.0950,0.0000,0.0950,0.0000,0.0000,0.0000,0.0000,0.0000,0.0000,0.0950,0.0950,0.0000,0.0000,0.0000,0.0000,0.0000,0.0000,0.0000,0.0950,0.0950,0.0000,0.0950,0.0000,0.0950,0.0950,0.0000,0.0000,0.0950,0.0000,0.0000,0.1267,0.8733,1.0000,0.0950,0.0000,0.0000,0.0000,0.0000,0.0950,0.0000,0.0000,0.0000,0.0000,0.0000,0.0000,0.0950,0.0950,0.0000,0.0000,0.0000,0.0000,0.0000,0.0000,0.0000,0.0000,0.0950,0.0000,0.0000,0.0950,0.0000,0.0000,0.0950,0.0000,0.0000,0.0000,0.1267,0.0000,0.0950,0.2533,0.0950,0.0950,0.2533,0.0000,0.0000,0.0000,0.0000,0.0000,0.0000,0.0000,0.0000,0.0000,0.0000,0.0000,0.0000,0.0000,0.0000,0.0000,0.8733,0.7150,0.7467,0.0000,0.0000,0.0000,0.0950,0.0000,0.0000,0.0000,0.0950,0.0000,0.0000,0.0000
c_vla,0.0000,0.0000,0.0633,0.0760,0.0633,0.0000,0.0760,0.0633,0.0633,0.0760,0.0000,0.0633,0.0000,0.0633,0.0000,0.0760,0.0633,0.0000,0.0000,0.0633,0.0760,0.0760,0.0760,0.0000,0.0760,0.0760,0.0000,0.0000,0.0760,0.0760,0.0760,0.0760,0.0000,0.0760,0.0760,0.0000,0.0760,0.0633,0.0760,0.0760,0.0633,0.0760,0.0000,0.0000,0.0000,0.0000,0.0633,0.0633,0.0633,0.0633,0.0000,0.0000,0.0000,0.0633,0.0760,0.0633,0.0000,0.0760,0.0000,0.0000,0.0000,0.0000,0.0760,0.0760,0.0000,0.0760,0.0633,0.0760,0.0760,0.0760,0.0760,0.0760,0.0000,0.0760,0.0000,0.0760,0.0000,0.0633,0.0000,0.0633,0.0760,0.0760,0.0760,0.0000,0.0000,0.0000,0.0760,0.0000,0.0633,0.0760,0.0760,0.0633,0.0760,0.0000,0.0760,0.0760,0.0760,0.0633,0.0760,0.0000,0.0000,0.0950,0.0760,0.0950,1.0000,0.0000,0.0000,0.0000,0.0000,0.0760,0.7150,0.0000,0.0950,0.0000,0.0950,0.0000,0.0760,0.8100,0.0000,0.0000,0.0000,0.0760,0.0950,0.0760,0.0950,0.0760,0.0760,0.0000,0.0000,0.0760,0.0000,0.0000,0.0760,0.0000,0.0000,0.0000,0.0950,0.0000,0.0760,0.0760,0.0000,0.0760,0.0760,0.0000,0.0000,0.0000,0.0760,0.0000,0.0000,0.0000,0.0760,0.0760,0.0000,0.0000,0.0000,0.0000,0.0760,0.0760,0.0760,0.0000,0.0950,0.0000,0.0000,0.0000,0.0000,0.0000,0.0000,0.0950,0.0760,0.0000,0.0000,0.0000
c_array_decay,0.0000,0.6200,0.0000,0.0950,0.0000,0.0000,0.0000,0.0000,0.0000,0.0000,0.0000,0.0000,0.0000,0.0000,0.0000,0.0000,0.0000,0.0000,0.0000,0.0000,0.0000,0.0000,0.0000,0.0000,0.0000,0.0000,0.0000,0.0000,0.0000,0.0000,0.0000,0.0950,0.0000,0.0000,0.0950,0.0000,0.0000,0.0000,0.0000,0.0000,0.0000,0.0000,0.0000,0.0000,0.0000,0.0000,0.0000,0.0000,0.0000,0.0000,0.0000,0.0000,0.6200,0.0000,0.0950,0.0000,0.0000,0.0000,0.0000,0.0000,0.0000,0.0000,0.0950,0.0950,0.0000,0.0000,0.0000,0.7150,0.0950,0.0950,0.0950,0.0950,0.0000,0.7150,0.0000,0.0000,0.0000,0.0000,0.0000,0.0000,0.0000,0.0950,0.0000,0.0000,0.0000,0.0000,0.0000,0.0000,0.0000,0.0950,0.0950,0.0000,0.0950,0.6200,0.0000,0.0000,0.0000,0.0000,0.0950,0.0000,0.1267,0.0000,0.0000,0.0000,0.0000,1.0000,0.7150,0.7150,0.7150,0.6200,0.0000,0.0000,0.0000,0.0000,0.0000,0.1267,0.0000,0.0000,0.0000,0.0000,0.0950,0.0000,0.0000,0.0000,0.0000,0.0000,0.0950,0.0000,0.0000,0.0000,0.0000,0.0000,0.0000,0.0000,0.0000,0.0000,0.0000,0.0000,0.0000,0.0000,0.0000,0.0000,0.0000,0.0000,0.0000,0.0000,0.0000,0.0000,0.0000,0.0000,0.0000,0.0000,0.0000,0.0000,0.0000,0.0000,0.6200,0.7150,0.0000,0.0000,0.0000,0.0000,0.0000,0.0000,0.0000,0.0000,0.0000,0.0000,0.0000,0.0000,0.0000,0.0000
c_pointer_arithmetic,0.0760,0.6200,0.0633,0.0000,0.0633,0.0000,0.0000,0.0633,0.0633,0.0000,0.0000,0.0633,0.0000,0.0633,0.0000,0.0000,0.0633,0.0000,0.0000,0.0633,0.0000,0.0000,0.0000,0.0000,0.0000,0.0000,0.0760,0.0000,0.0000,0.0000,0.0000,0.0000,0.0760,0.0000,0.0000,0.0000,0.0000,0.0633,0.0000,0.0000,0.0633,0.0000,0.0000,0.0000,0.0760,0.0000,0.0633,0.0633,0.0633,0.0633,0.0000,0.0000,0.6960,0.0633,0.0000,0.0633,0.0000,0.0000,0.0000,0.0000,0.0000,0.0000,0.0000,0.0000,0.0760,0.0000,0.0633,0.6200,0.0000,0.0000,0.0000,0.0000,0.0000,0.6200,0.0000,0.0000,0.0000,0.0633,0.0000,0.0633,0.0000,0.0000,0.0000,0.0000,0.0000,0.0000,0.0000,0.0000,0.0633,0.0000,0.0000,0.0633,0.0000,0.6960,0.0000,0.0000,0.0000,0.0633,0.0760,0.0760,0.0950,0.0000,0.0760,0.0000,0.0000,0.7150,1.0000,0.8100,0.8100,0.6960,0.0000,0.0000,0.0000,0.0000,0.0000,0.0000,0.0760,0.0000,0.0000,0.0000,0.0000,0.0000,0.0000,0.0000,0.0000,0.0760,0.0000,0.0000,0.0000,0.0000,0.0000,0.0000,0.0000,0.0000,0.0760,0.0000,0.0000,0.0000,0.0000,0.0000,0.0760,0.0000,0.0760,0.0000,0.0950,0.0000,0.0000,0.0000,0.0760,0.0000,0.0000,0.0760,0.0760,0.0000,0.0000,0.0000,0.6960,0.8100,0.0760,0.0000,0.0000,0.0000,0.0000,0.0000,0.0000,0.0000,0.0000,0.0000,0.0000,0.0000,0.0000,0.0760
c_pointer_provenance,0.0760,0.6200,0.0000,0.0000,0.0000,0.0000,0.0000,0.0000,0.0000,0.0000,0.0000,0.0000,0.0000,0.0000,0.0000,0.0000,0.0000,0.0000,0.0000,0.0000,0.0000,0.0000,0.0000,0.0000,0.0000,0.0000,0.0760,0.0000,0.0000,0.0000,0.0000,0.0000,0.0760,0.0000,0.0000,0.0000,0.0000,0.0000,0.0000,0.0000,0.0000,0.0000,0.0000,0.0000,0.0760,0.0000,0.0000,0.0000,0.0000,0.0000,0.0000,0.0000,0.6960,0.0000,0.0000,0.0000,0.0000,0.0000,0.0000,0.0000,0.0000,0.0000,0.0000,0.0000,0.0760,0.0000,0.0000,0.6200,0.0000,0.0000,0.0000,0.0000,0.0000,0.6200,0.0000,0.0000,0.0000,0.0000,0.0000,0.0000,0.0000,0.0000,0.0000,0.0000,0.0000,0.0000,0.0000,0.0000,0.0000,0.0000,0.0000,0.0000,0.0000,0.6960,0.0000,0.0000,0.0000,0.0000,0.0000,0.0760,0.0000,0.0000,0.0760,0.0000,0.0000,0.7150,0.8100,1.0000,1.0000,0.6960,0.0000,0.0000,0.0000,0.0000,0.0000,0.0000,0.0000,0.0760,0.0000,0.0000,0.0000,0.0000,0.0000,0.0000,0.0000,0.0000,0.0000,0.0000,0.0000,0.0000,0.0000,0.0000,0.0000,0.0000,0.0000,0.0000,0.0000,0.0000,0.0000,0.0000,0.0000,0.0000,0.0000,0.0000,0.0000,0.0000,0.0000,0.0000,0.0000,0.0000,0.0000,0.0000,0.0000,0.0000,0.0000,0.0000,0.6960,0.8100,0.0760,0.0000,0.0000,0.0000,0.0000,0.0000,0.0000,0.0760,0.0000,0.0000,0.0000,0.0000,0.0000,0.0760
c_effective_type_aliasing,0.0760,0.6200,0.0000,0.0000,0.0000,0.0000,0.0000,0.0000,0.0000,0.0000,0.0000,0.0000,0.0000,0.0000,0.0000,0.0000,0.0000,0.0000,0.0000,0.0000,0.0000,0.0000,0.0000,0.0000,0.0000,0.0000,0.0760,0.0000,0.0000,0.0000,0.0000,0.0000,0.0760,0.0000,0.0000,0.0000,0.0000,0.0000,0.0000,0.0000,0.0000,0.0000,0.0000,0.0000,0.0760,0.0000,0.0000,0.0000,0.0000,0.0000,0.0000,0.0000,0.6960,0.0000,0.0000,0.0000,0.0000,0.0000,0.0000,0.0000,0.0000,0.0000,0.0000,0.0000,0.0760,0.0000,0.0000,0.6200,0.0000,0.0000,0.0000,0.0000,0.0000,0.6200,0.0000,0.0000,0.0000,0.0000,0.0000,0.0000,0.0000,0.0000,0.0000,0.0000,0.0000,0.0000,0.0000,0.0000,0.0000,0.0000,0.0000,0.0000,0.0000,0.6960,0.0000,0.0000,0.0000,0.0000,0.0000,0.0760,0.0000,0.0000,0.0760,0.0000,0.0000,0.7150,0.8100,1.0000,1.0000,0.6960,0.0000,0.0000,0.0000,0.0000,0.0000,0.0000,0.0000,0.0760,0.0000,0.0000,0.0000,0.0000,0.0000,0.0000,0.0000,0.0000,0.0000,0.0000,0.0000,0.0000,0.0000,0.0000,0.0000,0.0000,0.0000,0.0000,0.0000,0.0000,0.0000,0.0000,0.0000,0.0000,0.0000,0.0000,0.0000,0.0000,0.0000,0.0000,0.0000,0.0000,0.0000,0.0000,0.0000,0.0000,0.0000,0.0000,0.6960,0.8100,0.0760,0.0000,0.0000,0.0000,0.0000,0.0000,0.0000,0.0760,0.0000,0.0000,0.0000,0.0000,0.0000,0.0760
c_qualifiers,0.0760,0.6960,0.0000,0.0760,0.0000,0.0000,0.0760,0.0000,0.0000,0.0000,0.0000,0.0000,0.0000,0.0000,0.0000,0.0760,0.0000,0.0000,0.0000,0.0000,0.0760,0.0000,0.0000,0.0760,0.0760,0.0000,0.0760,0.0760,0.0000,0.0000,0.0760,0.0760,0.0760,0.0760,0.0760,0.0760,0.0000,0.0000,0.0000,0.0760,0.0000,0.0760,0.0760,0.0000,0.0760,0.0000,0.0000,0.0000,0.0000,0.0000,0.0000,0.0000,0.6960,0.0000,0.0760,0.0000,0.0000,0.0760,0.0760,0.0000,0.0760,0.0000,0.0760,0.0760,0.0760,0.0760,0.0000,0.6960,0.0760,0.0760,0.0760,0.0760,0.0760,0.6960,0.0760,0.0000,0.0000,0.0000,0.0000,0.0000,0.0760,0.0760,0.0000,0.0000,0.0000,0.0000,0.0000,0.0760,0.0000,0.0760,0.0760,0.0000,0.0760,0.6960,0.0760,0.0760,0.0000,0.0000,0.0760,0.0000,0.0000,0.0950,0.1900,0.0950,0.0760,0.6200,0.6960,0.6960,0.6960,1.0000,0.0000,0.0000,0.0000,0.0000,0.0000,0.0000,0.0760,0.0760,0.0000,0.0000,0.0000,0.0000,0.0000,0.0000,0.0000,0.0000,0.0760,0.0000,0.0000,0.0760,0.0000,0.0000,0.0760,0.0000,0.0000,0.0000,0.0950,0.0000,0.0760,0.0760,0.0000,0.0760,0.0760,0.0000,0.0000,0.0000,0.0000,0.0000,0.0000,0.0000,0.0000,0.0000,0.0000,0.0000,0.0000,0.0000,0.8100,0.6960,0.1900,0.0000,0.0000,0.0000,0.0000,0.0000,0.0000,0.0000,0.0000,0.0000,0.0760,0.0000,0.0760,0.0760
c_storage_duration,0.0000,0.0000,0.0000,0.0000,0.0000,0.0000,0.0000,0.0000,0.0000,0.0000,0.0000,0.0000,0.0000,0.0000,0.0000,0.0000,0.0000,0.0000,0.0000,0.0000,0.0000,0.0000,0.0000,0.0000,0.0000,0.0000,0.0000,0.0000,0.0000,0.0000,0.0000,0.0000,0.0000,0.0000,0.0000,0.0000,0.0000,0.0000,0.0000,0.0000,0.0000,0.0000,0.0000,0.0000,0.0000,0.0000,0.0000,0.0000,0.0000,0.0000,0.0000,0.0000,0.0000,0.0000,0.0000,0.0000,0.0000,0.0000,0.0000,0.0000,0.0000,0.0000,0.0000,0.0000,0.0000,0.0000,0.0000,0.0000,0.0000,0.0000,0.0000,0.0000,0.0000,0.0000,0.0000,0.0000,0.0000,0.0000,0.0000,0.0000,0.0000,0.0000,0.0000,0.0000,0.0000,0.0000,0.0000,0.0000,0.0000,0.0000,0.0000,0.0000,0.0000,0.0000,0.0000,0.0000,0.0000,0.0000,0.0000,0.0000,0.0000,0.0000,0.0000,0.0000,0.7150,0.0000,0.0000,0.0000,0.0000,0.0000,1.0000,0.0000,0.0000,0.0000,0.1267,0.0000,0.0000,0.7150,0.0000,0.1267,0.0000,0.0950,0.1267,0.0950,0.1267,0.0950,0.0000,0.0000,0.0000,0.0000,0.0000,0.0000,0.0000,0.0000,0.0000,0.0000,0.0000,0.0000,0.0000,0.0000,0.0000,0.0000,0.0000,0.0000,0.0000,0.0000,0.0950,0.0000,0.0000,0.0000,0.0950,0.0000,0.0000,0.0000,0.0000,0.0950,0.0950,0.0950,0.0000,0.0000,0.1267,0.0000,0.0000,0.0000,0.0000,0.0000,0.0000,0.0000,0.0000,0.0000,0.0000,0.0000
c_linkage,0.0000,0.0000,0.0000,0.0000,0.0000,0.0000,0.0950,0.0000,0.0000,0.0000,0.0000,0.0000,0.0950,0.0000,0.0000,0.0950,0.0000,0.0000,0.0000,0.0000,0.0950,0.0000,0.0000,0.0000,0.0950,0.0000,0.0000,0.0000,0.0000,0.0000,0.0950,0.0000,0.0000,0.0950,0.0000,0.0000,0.0000,0.0000,0.0000,0.7150,0.0000,0.0950,0.0000,0.0000,0.0000,0.0950,0.0000,0.0000,0.0000,0.0000,0.0000,0.0000,0.0000,0.0000,0.0000,0.0000,0.0000,0.7150,0.0000,0.7150,0.0000,0.0000,0.0000,0.0000,0.0000,0.0950,0.0000,0.0000,0.0000,0.0000,0.0000,0.0000,0.0000,0.0000,0.0000,0.0000,0.0950,0.0000,0.0950,0.0000,0.0950,0.0000,0.0000,0.7150,0.0000,0.0000,0.0000,0.0000,0.0000,0.0000,0.0000,0.0000,0.0000,0.0000,0.0950,0.7150,0.0000,0.0000,0.0000,0.0000,0.0000,0.0000,0.0000,0.0000,0.0000,0.0000,0.0000,0.0000,0.0000,0.0000,0.0000,1.0000,0.0000,0.0000,0.0000,0.0000,0.0000,0.0000,0.0000,0.0000,0.0000,0.0000,0.0000,0.0000,0.0000,0.0000,0.0000,0.0950,0.7150,0.0000,0.0000,0.0000,0.0000,0.0000,0.0000,0.0000,0.0000,0.0000,0.0000,0.0000,0.0000,0.0000,0.0000,0.0950,0.0000,0.0000,0.0000,0.0000,0.0000,0.0000,0.0000,0.0000,0.0000,0.7150,0.7150,0.0000,0.0000,0.0000,0.0000,0.0950,0.0000,0.0000,0.0000,0.0000,0.0000,0.0000,0.0000,0.0000,0.0000,0.0950,0.0000,0.0000
c_unspecified_eval_order,0.0000,0.0000,0.0760,0.0000,0.0760,0.0000,0.0000,0.0760,0.0760,0.0950,0.0000,0.0760,0.0000,0.0760,0.0000,0.0000,0.0760,0.0000,0.0000,0.0760,0.0000,0.0950,0.0950,0.0000,0.0000,0.0950,0.0000,0.0000,0.0950,0.0950,0.0000,0.0000,0.0000,0.0000,0.0000,0.0000,0.0950,0.0760,0.0950,0.0000,0.0760,0.0000,0.0000,0.0000,0.0000,0.0000,0.0760,0.0760,0.0760,0.0760,0.0000,0.0000,0.0000,0.0760,0.0000,0.0760,0.0000,0.0000,0.0000,0.0000,0.0000,0.0000,0.0000,0.0000,0.0000,0.0000,0.0760,0.0000,0.0000,0.0000,0.0000,0.0000,0.0000,0.0000,0.0000,0.0950,0.0000,0.0760,0.0000,0.0760,0.0000,0.0000,0.0950,0.0000,0.0000,0.0000,0.0950,0.0000,0.0760,0.0000,0.0000,0.0760,0.0000,0.0000,0.0000,0.0000,0.0950,0.0760,0.0000,0.0000,0.0000,0.0000,0.0000,0.0000,0.0950,0.0000,0.0000,0.0000,0.0000,0.0000,0.0000,0.0000,1.0000,0.0000,0.0000,0.0000,0.0000,0.0000,0.0000,0.0000,0.0000,0.0000,0.0000,0.0000,0.0000,0.0000,0.0000,0.0000,0.0000,0.0000,0.0000,0.0000,0.0000,0.0000,0.0000,0.0000,0.0000,0.0000,0.0000,0.0000,0.0000,0.0000,0.0000,0.0000,0.0000,0.0000,0.0000,0.0000,0.0000,0.0000,0.0000,0.0950,0.0000,0.0000,0.0000,0.0000,0.0000,0.0000,0.0000,0.0000,0.0000,0.0000,0.0000,0.0000,0.0000,0.0000,0.0000,0.3800,0.0000,0.0000,0.0000,0.0000
c_designated_initializers,0.0000,0.0000,0.0760,0.0000,0.0760,0.0000,0.0000,0.0760,0.0760,0.0000,0.0000,0.0760,0.0000,0.0760,0.0000,0.0000,0.0760,0.0000,0.0000,0.0760,0.0000,0.0000,0.0000,0.0000,0.0000,0.0000,0.0000,0.0000,0.0000,0.0000,0.0000,0.0000,0.0000,0.0000,0.0000,0.0000,0.0000,0.0760,0.0000,0.0000,0.0760,0.0000,0.0000,0.0000,0.0000,0.0000,0.0760,0.0760,0.0760,0.0760,0.0000,0.0000,0.0000,0.0760,0.0000,0.0760,0.0000,0.0000,0.0000,0.0000,0.0000,0.0000,0.0000,0.0000,0.0000,0.0000,0.0760,0.0000,0.0000,0.0000,0.0000,0.0000,0.0000,0.0000,0.0000,0.0000,0.0000,0.0760,0.0000,0.0760,0.0000,0.0000,0.0000,0.0000,0.0000,0.0000,0.0000,0.0000,0.0760,0.0000,0.0000,0.0760,0.0000,0.0000,0.0000,0.0000,0.0000,0.0760,0.0000,0.0000,0.0000,0.0000,0.0000,0.0000,0.0000,0.0000,0.0000,0.0000,0.0000,0.0000,0.0000,0.0000,0.0000,1.0000,0.7467,0.0000,0.0000,0.0000,0.0000,0.0000,0.0950,0.0000,0.0000,0.0000,0.7467,0.0000,0.0000,0.0000,0.0000,0.0000,0.0000,0.0000,0.0000,0.1267,0.0950,0.0000,0.0000,0.0000,0.0000,0.0000,0.0000,0.0000,0.0000,0.0000,0.0000,0.0000,0.0000,0.0000,0.0000,0.0950,0.0000,0.0000,0.0000,0.0000,0.0000,0.7150,0.0000,0.0000,0.0000,0.0000,0.0000,0.0000,0.0000,0.0000,0.0000,0.0000,0.0000,0.0000,0.0950,0.0000,0.0000,0.0000
c_compound_literals,0.0000,0.0000,0.0760,0.0000,0.0760,0.0000,0.0000,0.0760,0.0760,0.0000,0.0000,0.0760,0.0000,0.0760,0.0000,0.0000,0.0760,0.0000,0.0000,0.0760,0.0000,0.0000,0.0000,0.0000,0.0000,0.0000,0.0000,0.0000,0.0000,0.0000,0.0000,0.0000,0.0000,0.0000,0.0000,0.0000,0.0000,0.0760,0.0000,0.0000,0.0760,0.0000,0.0000,0.0000,0.0000,0.0000,0.0760,0.0760,0.0760,0.0760,0.0000,0.0000,0.0000,0.0760,0.0000,0.0760,0.0000,0.0000,0.0000,0.0000,0.0000,0.0000,0.0000,0.0000,0.0000,0.0000,0.0760,0.0000,0.0000,0.0000,0.0000,0.0000,0.0000,0.0000,0.0000,0.0000,0.0000,0.0760,0.0000,0.0760,0.0000,0.0000,0.0000,0.0000,0.0000,0.0000,0.0000,0.0000,0.0760,0.0000,0.0000,0.0760,0.0000,0.0000,0.0000,0.0000,0.0000,0.0760,0.0000,0.0000,0.0000,0.0000,0.0000,0.0000,0.0950,0.0000,0.0000,0.0000,0.0000,0.0000,0.1267,0.0000,0.0000,0.7467,1.0000,0.0000,0.0000,0.0950,0.0000,0.0000,0.0950,0.0950,0.1267,0.0950,0.7467,0.0950,0.0000,0.0000,0.0000,0.0000,0.0000,0.0000,0.0000,0.1267,0.0950,0.0000,0.0000,0.0000,0.0000,0.0000,0.0000,0.0000,0.0000,0.0000,0.0000,0.0000,0.0950,0.0000,0.0000,0.0000,0.0950,0.0000,0.0000,0.0000,0.0000,0.6200,0.0950,0.0950,0.0000,0.0000,0.1267,0.0000,0.0000,0.0000,0.0000,0.0000,0.0000,0.0000,0.0950,0.0000,0.0000,0.0000
c_variadic,0.0950,0.0000,0.0000,0.0950,0.0000,0.0000,0.0000,0.0000,0.0000,0.0000,0.0000,0.0000,0.0000,0.0000,0.0000,0.0000,0.0000,0.0000,0.0000,0.0000,0.0000,0.0000,0.0000,0.0000,0.0000,0.0000,0.7150,0.0000,0.0000,0.0000,0.6200,0.7150,0.0950,0.0000,0.0950,0.0000,0.0000,0.0000,0.0000,0.0000,0.0000,0.0000,0.0000,0.0000,0.0950,0.0000,0.0000,0.0000,0.0000,0.0000,0.0000,0.0000,0.0950,0.0000,0.0950,0.0000,0.0000,0.0000,0.0000,0.0000,0.0000,0.0000,0.0950,0.0950,0.0950,0.6200,0.0000,0.0950,0.0950,0.0950,0.0950,0.0950,0.0000,0.0950,0.0000,0.0000,0.0000,0.0000,0.0000,0.0000,0.0000,0.0950,0.0000,0.0000,0.0000,0.0000,0.0000,0.0000,0.0000,0.0950,0.0950,0.0000,0.0950,0.0950,0.0000,0.0000,0.0000,0.0000,0.0950,0.0000,0.1267,0.0000,0.0000,0.0000,0.0000,0.1267,0.0000,0.0000,0.0000,0.0000,0.0000,0.0000,0.0000,0.0000,0.0000,1.0000,0.7150,0.0000,0.0000,0.0000,0.0950,0.0000,0.0000,0.0000,0.0000,0.0000,0.0950,0.0000,0.0000,0.0000,0.0000,0.0000,0.0000,0.0000,0.0000,0.0000,0.0000,0.0000,0.0000,0.0000,0.0000,0.0950,0.0000,0.0000,0.0000,0.0000,0.0000,0.0000,0.0000,0.0000,0.0000,0.0000,0.0000,0.0000,0.0000,0.0000,0.0000,0.0000,0.0000,0.0950,0.0000,0.0000,0.0000,0.0000,0.0000,0.0000,0.0000,0.0000,0.0000,0.0000,0.0000,0.0950
c_function_pointer,0.0760,0.0000,0.0633,0.0760,0.0633,0.0000,0.0760,0.0633,0.0633,0.0000,0.0000,0.0633,0.0000,0.0633,0.0000,0.0760,0.0633,0.0000,0.0000,0.0633,0.0760,0.0000,0.0000,0.0000,0.0760,0.0000,0.6960,0.0000,0.0000,0.0000,0.6960,0.6960,0.0760,0.0760,0.0760,0.0000,0.0000,0.0633,0.0000,0.0760,0.0633,0.0760,0.0000,0.0000,0.0760,0.0000,0.0633,0.0633,0.0633,0.0633,0.0000,0.0000,0.0760,0.0633,0.0760,0.0633,0.0000,0.0760,0.0000,0.0000,0.0000,0.0000,0.0760,0.0760,0.0760,0.6960,0.0633,0.0760,0.0760,0.0760,0.0760,0.0760,0.0000,0.0760,0.0000,0.0000,0.0000,0.0633,0.0000,0.0633,0.0760,0.0760,0.0000,0.0000,0.0000,0.0000,0.0000,0.0000,0.0633,0.0760,0.0760,0.0633,0.0760,0.0760,0.0760,0.0760,0.0000,0.0633,0.1900,0.0760,0.0950,0.0950,0.0760,0.0950,0.0760,0.0000,0.0760,0.0000,0.0000,0.0760,0.0000,0.0000,0.0000,0.0000,0.0000,0.7150,1.0000,0.0760,0.0000,0.0000,0.0000,0.0000,0.0000,0.0000,0.0000,0.0760,0.0760,0.0000,0.0000,0.0760,0.0000,0.0000,0.0760,0.0000,0.0760,0.0000,0.0950,0.0000,0.0760,0.0760,0.0760,0.1900,0.1900,0.0000,0.0950,0.0000,0.0000,0.0000,0.0760,0.0000,0.0000,0.0760,0.0760,0.0000,0.0000,0.0000,0.0000,0.0000,0.0760,0.0760,0.0000,0.0000,0.0000,0.0000,0.0000,0.0000,0.0000,0.0000,0.0760,0.0000,0.0000,0.0760
c_union_active_member,0.0000,0.0000,0.0000,0.0760,0.0000,0.0000,0.0760,0.0000,0.0000,0.0000,0.0000,0.0000,0.0000,0.0000,0.0000,0.0760,0.0000,0.0000,0.0000,0.0000,0.0760,0.0000,0.0000,0.0000,0.0760,0.0000,0.0000,0.0000,0.0000,0.0000,0.0760,0.0760,0.0000,0.0760,0.0760,0.0000,0.0000,0.0000,0.0000,0.0760,0.0000,0.0760,0.0000,0.0000,0.0000,0.0000,0.0000,0.0000,0.0000,0.0000,0.0000,0.0000,0.0000,0.0000,0.0760,0.0000,0.0000,0.0760,0.0000,0.0000,0.0000,0.0000,0.0760,0.0760,0.0000,0.0760,0.0000,0.0760,0.0760,0.0760,0.0760,0.0760,0.0000,0.0760,0.0000,0.0000,0.0000,0.0000,0.0000,0.0000,0.0760,0.0760,0.0000,0.0000,0.0000,0.0000,0.0000,0.0000,0.0000,0.0760,0.0760,0.0000,0.0760,0.0000,0.0760,0.0760,0.0000,0.0000,0.0760,0.0760,0.0000,0.0950,0.0760,0.0950,0.8100,0.0000,0.0000,0.0760,0.0760,0.0760,0.7150,0.0000,0.0000,0.0000,0.0950,0.0000,0.0760,1.0000,0.0000,0.0000,0.0000,0.0760,0.0950,0.0760,0.0950,0.0760,0.0760,0.0000,0.0000,0.0760,0.0000,0.0000,0.0760,0.0000,0.0000,0.0000,0.0950,0.0000,0.0760,0.0760,0.0000,0.0760,0.0760,0.0000,0.0000,0.0000,0.0760,0.0000,0.0000,0.0000,0.0760,0.0000,0.0000,0.0000,0.0000,0.0000,0.0760,0.0760,0.0760,0.0000,0.0950,0.0000,0.0000,0.0000,0.0000,0.0760,0.0000,0.0000,0.0760,0.0000,0.0000,0.0000
c_atomic_memory_order,0.0000,0.0000,0.0000,0.0000,0.0000,1.0000,0.0000,0.0000,0.0000,0.0000,0.0000,0.0000,0.0000,0.0000,1.0000,0.0000,0.0000,0.0000,0.0000,0.0000,0.0000,0.0000,0.0000,0.0000,0.0000,0.0000,0.0000,0.0000,0.0000,0.0000,0.0000,0.0000,0.0000,0.0000,0.0000,0.0000,0.0000,0.0000,0.0000,0.0000,0.0000,0.0000,0.0000,0.0000,0.0000,0.0000,0.0000,0.0000,0.0000,0.0000,1.0000,0.0000,0.0000,0.0000,0.0000,0.0000,1.0000,0.0000,0.0000,0.0000,0.0000,0.0000,0.0000,0.0000,0.0000,0.0000,0.0000,0.0000,0.0000,0.0000,0.0000,0.0000,0.0000,0.0000,0.0000,0.0000,0.0000,0.0000,0.0000,0.0000,0.0000,0.0000,0.0000,0.0000,0.3800,1.0000,0.0000,0.0000,0.0000,0.0000,0.0000,0.0000,0.0000,0.0000,0.0000,0.0000,0.0000,0.0000,0.0000,0.0000,0.0000,0.0000,0.0000,0.0000,0.0000,0.0000,0.0000,0.0000,0.0000,0.0000,0.0000,0.0000,0.0000,0.0000,0.0000,0.0000,0.0000,0.0000,1.0000,0.7150,0.0000,0.0000,0.0000,0.0000,0.0000,0.0000,0.0000,0.0000,0.0000,0.0000,0.0000,0.0000,0.0000,0.0000,0.0000,0.0000,0.0000,0.0000,0.0000,0.0000,0.0000,0.0000,0.0000,0.0000,0.0000,0.0000,0.0000,0.0000,0.0000,0.0000,0.0000,0.0000,0.0000,0.0000,0.0000,0.0000,0.0000,0.0000,0.0000,0.0000,0.0000,0.0000,0.0000,0.0000,0.0000,0.0000,0.0000,0.0000,0.0000,0.0000,0.0000,0.0000
c_thread_local,0.0000,0.0000,0.0000,0.0000,0.0000,0.7150,0.0000,0.0000,0.0000,0.0000,0.0000,0.0000,0.0000,0.0000,0.7150,0.0000,0.0000,0.0000,0.0000,0.0000,0.0000,0.0000,0.0000,0.0000,0.0000,0.0000,0.0000,0.0000,0.0000,0.0000,0.0000,0.0000,0.0000,0.0000,0.0000,0.0000,0.0000,0.0000,0.0000,0.0000,0.0000,0.0000,0.0000,0.0000,0.0000,0.0000,0.0000,0.0000,0.0000,0.0000,0.7150,0.0000,0.0000,0.0000,0.0000,0.0000,0.7150,0.0000,0.0000,0.0000,0.0000,0.0000,0.0000,0.0000,0.0000,0.0000,0.0000,0.0000,0.0000,0.0000,0.0000,0.0000,0.0000,0.0000,0.0000,0.0000,0.0000,0.0000,0.0000,0.0000,0.0000,0.0000,0.0000,0.0000,0.0950,0.7150,0.0000,0.0000,0.0000,0.0000,0.0000,0.0000,0.0000,0.0000,0.0000,0.0000,0.0000,0.0000,0.0000,0.0000,0.0000,0.0000,0.0000,0.0000,0.0000,0.0000,0.0000,0.0000,0.0000,0.0000,0.1267,0.0000,0.0000,0.0000,0.0000,0.0000,0.0000,0.0000,0.7150,1.0000,0.0000,0.0000,0.0000,0.0000,0.0000,0.0000,0.0000,0.0000,0.0000,0.0000,0.0000,0.0000,0.0000,0.0000,0.0000,0.0000,0.0000,0.0000,0.0000,0.0000,0.0000,0.0000,0.0000,0.0000,0.0000,0.0000,0.0000,0.0000,0.0000,0.0000,0.0000,0.0000,0.0000,0.0000,0.0000,0.0950,0.0000,0.0000,0.0000,0.0000,0.0000,0.0000,0.0000,0.0000,0.0000,0.0000,0.0000,0.0000,0.0000,0.0000,0.0000,0.0000
cpp_value_categories,0.0000,0.0000,0.0633,0.0760,0.0633,0.0000,0.0000,0.0633,0.0633,0.0000,0.0000,0.0633,0.0000,0.0633,0.0000,0.0000,0.0633,0.0000,0.0000,0.0633,0.0000,0.0000,0.0000,0.0000,0.0000,0.0000,0.0000,0.0000,0.0000,0.0000,0.0000,0.0760,0.0000,0.0000,0.0760,0.0000,0.0000,0.0633,0.0000,0.0000,0.0633,0.0000,0.0000,0.0000,0.0000,0.0000,0.0633,0.0633,0.0633,0.0633,0.0000,0.0000,0.0000,0.0633,0.0760,0.0633,0.0000,0.0000,0.0000,0.0000,0.0000,0.0000,0.0760,0.0760,0.0000,0.0000,0.0633,0.0760,0.0760,0.0760,0.0760,0.0760,0.0000,0.0760,0.0000,0.0000,0.0000,0.0633,0.0000,0.0633,0.0000,0.0760,0.0000,0.0000,0.0000,0.0000,0.0000,0.0000,0.0633,0.0760,0.0760,0.0633,0.0760,0.0000,0.0000,0.0000,0.0000,0.0633,0.0760,0.0000,0.0950,0.0000,0.0000,0.0000,0.0000,0.0950,0.0000,0.0000,0.0000,0.0000,0.0000,0.0000,0.0000,0.0950,0.0950,0.0950,0.0000,0.0000,0.0000,0.0000,1.0000,0.0760,0.0950,0.0000,0.0000,0.0000,0.0760,0.0000,0.0000,0.0000,0.0000,0.0000,0.0000,0.0950,0.0760,0.0000,0.0000,0.0000,0.0000,0.0000,0.0000,0.0000,0.0000,0.0000,0.0000,0.0000,0.0000,0.0000,0.0000,0.0000,0.0000,0.0000,0.0000,0.0000,0.0000,0.0000,0.0000,0.0000,0.0000,0.0000,0.0000,0.0000,0.0000,0.0000,0.0000,0.0000,0.0000,0.0000,0.0760,0.0000,0.0000,0.0000
cpp_reference_binding,0.0760,0.0000,0.0000,0.0000,0.0000,0.0000,0.0000,0.0000,0.0000,0.0000,0.0000,0.0000,0.0000,0.0000,0.0000,0.0000,0.0000,0.0000,0.0000,0.0000,0.0000,0.0000,0.6200,0.0000,0.0000,0.0000,0.0760,0.0000,0.0000,0.0000,0.0000,0.0000,0.6960,0.0000,0.0000,0.0000,0.0000,0.0000,0.0000,0.0000,0.0000,0.0000,0.0000,0.0000,0.0760,0.6200,0.0000,0.0000,0.0000,0.0000,0.0000,0.0000,0.0760,0.0000,0.0000,0.0000,0.0000,0.0000,0.0000,0.0000,0.0000,0.0000,0.0000,0.0000,0.6960,0.0000,0.0000,0.0000,0.0000,0.0000,0.0000,0.0000,0.0000,0.0000,0.0000,0.0000,0.0000,0.0000,0.0000,0.0000,0.0000,0.0000,0.0000,0.0000,0.0000,0.0000,0.0000,0.0000,0.0000,0.0000,0.0000,0.0000,0.0000,0.0760,0.0000,0.0000,0.0000,0.0000,0.0000,0.0000,0.0000,0.0000,0.0000,0.0000,0.0760,0.0000,0.0000,0.0000,0.0000,0.0000,0.0950,0.0000,0.0000,0.0000,0.0950,0.0000,0.0000,0.0760,0.0000,0.0000,0.0760,1.0000,0.8733,0.6960,0.0950,0.8100,0.0000,0.0000,0.0000,0.0000,0.0000,0.0000,0.0000,0.0000,0.0000,0.0000,0.0000,0.0000,0.0760,0.0000,0.0000,0.0000,0.0000,0.0000,0.0000,0.0000,0.0760,0.0000,0.0000,0.0000,0.0760,0.0000,0.0000,0.0000,0.0000,0.0000,0.0760,0.0760,0.0000,0.0000,0.0950,0.0000,0.0000,0.0000,0.0000,0.0000,0.0000,0.0000,0.0000,0.0000,0.0000,0.0000
cpp_temp_materialization,0.0000,0.0000,0.0000,0.0000,0.0000,0.0000,0.0000,0.0000,0.0000,0.0000,0.0000,0.0000,0.0000,0.0000,0.0000,0.0000,0.0000,0.0000,0.0000,0.0000,0.0000,0.0000,0.6200,0.0000,0.0000,0.0000,0.0000,0.0000,0.0000,0.0000,0.0000,0.0000,0.6200,0.0000,0.0000,0.0000,0.0000,0.0000,0.0000,0.0000,0.0000,0.0000,0.0000,0.0000,0.0000,0.6200,0.0000,0.0000,0.0000,0.0000,0.0000,0.0000,0.0000,0.0000,0.0000,0.0000,0.0000,0.0000,0.0000,0.0000,0.0000,0.0000,0.0000,0.0000,0.6200,0.0000,0.0000,0.0000,0.0000,0.0000,0.0000,0.0000,0.0000,0.0000,0.0000,0.0000,0.0000,0.0000,0.0000,0.0000,0.0000,0.0000,0.0000,0.0000,0.0000,0.0000,0.0000,0.0000,0.0000,0.0000,0.0000,0.0000,0.0000,0.0000,0.0000,0.0000,0.0000,0.0000,0.0000,0.0000,0.0000,0.0000,0.0000,0.0000,0.0950,0.0000,0.0000,0.0000,0.0000,0.0000,0.1267,0.0000,0.0000,0.0000,0.1267,0.0000,0.0000,0.0950,0.0000,0.0000,0.0950,0.8733,1.0000,0.7150,0.1267,0.7150,0.0000,0.0000,0.0000,0.0000,0.0000,0.0000,0.0000,0.0000,0.0000,0.0000,0.0000,0.0000,0.0000,0.0000,0.0000,0.0000,0.0000,0.0000,0.0000,0.0000,0.0950,0.0000,0.0000,0.0000,0.0950,0.0000,0.0000,0.0000,0.0000,0.0000,0.0950,0.0950,0.0000,0.0000,0.1267,0.0000,0.0000,0.0000,0.0000,0.0000,0.0000,0.0000,0.0000,0.0000,0.0000,0.0000
cpp_raii_destructors,0.0000,0.0000,0.0000,0.0000,0.0000,0.0000,0.0000,0.0000,0.0000,0.0760,0.0000,0.0000,0.0000,0.0000,0.0000,0.0000,0.0000,0.0000,0.0000,0.0000,0.0000,0.0760,0.6960,0.0000,0.0000,0.0760,0.0000,0.0000,0.0760,0.0760,0.0000,0.0000,0.6200,0.0000,0.0000,0.0000,0.0760,0.0000,0.0760,0.0000,0.0000,0.0000,0.0000,0.0000,0.0000,0.6200,0.0000,0.0000,0.0000,0.0000,0.0000,0.0000,0.0000,0.0000,0.0000,0.0000,0.0000,0.0000,0.0000,0.0000,0.0000,0.0000,0.0000,0.0000,0.6200,0.0000,0.0000,0.0000,0.0000,0.0000,0.0000,0.0000,0.0000,0.0000,0.0000,0.0760,0.0000,0.0000,0.0000,0.0000,0.0000,0.0000,0.0760,0.0000,0.0000,0.0000,0.0760,0.0000,0.0000,0.0000,0.0000,0.0000,0.0000,0.0000,0.0000,0.0000,0.0760,0.0000,0.0000,0.0000,0.0000,0.0000,0.0000,0.0000,0.0760,0.0000,0.0000,0.0000,0.0000,0.0000,0.0950,0.0000,0.0000,0.0000,0.0950,0.0000,0.0000,0.0760,0.0000,0.0000,0.0000,0.6960,0.7150,1.0000,0.0950,0.6960,0.0000,0.0000,0.0000,0.0000,0.0000,0.0000,0.0000,0.0000,0.0000,0.0000,0.0000,0.0000,0.0000,0.0000,0.0000,0.0000,0.0000,0.0000,0.0000,0.1900,0.3800,0.0760,0.0000,0.0000,0.0760,0.0000,0.0000,0.0000,0.0000,0.0000,0.0760,0.0760,0.0000,0.0000,0.0950,0.0000,0.0000,0.0000,0.0000,0.0000,0.0000,0.0000,0.0000,0.0000,0.0000,0.0000
cpp_ctor_initialization_order,0.0000,0.0000,0.0000,0.0000,0.0000,0.0000,0.0000,0.0000,0.0000,0.0000,0.0000,0.0000,0.0000,0.0000,0.0000,0.0000,0.0000,0.0000,0.0000,0.0000,0.0000,0.0000,0.0000,0.0000,0.0000,0.0000,0.0000,0.0000,0.0000,0.0000,0.0000,0.0000,0.0000,0.0000,0.0000,0.0000,0.0000,0.0000,0.0000,0.0000,0.0000,0.0000,0.0000,0.0000,0.0000,0.0000,0.0000,0.0000,0.0000,0.0000,0.0000,0.0000,0.0000,0.0000,0.0000,0.0000,0.0000,0.0000,0.0000,0.0000,0.0000,0.0000,0.0000,0.0000,0.0000,0.0000,0.0000,0.0000,0.0000,0.0000,0.0000,0.0000,0.0000,0.0000,0.0000,0.0000,0.0000,0.0000,0.0000,0.0000,0.0000,0.0000,0.0000,0.0000,0.0000,0.0000,0.0000,0.0000,0.0000,0.0000,0.0000,0.0000,0.0000,0.0000,0.0000,0.0000,0.0000,0.0000,0.0000,0.0000,0.0000,0.0000,0.0000,0.0000,0.0950,0.0000,0.0000,0.0000,0.0000,0.0000,0.1267,0.0000,0.0000,0.7467,0.7467,0.0000,0.0000,0.0950,0.0000,0.0000,0.0000,0.0950,0.1267,0.0950,1.0000,0.0950,0.0000,0.0000,0.0000,0.0000,0.0000,0.0000,0.0000,0.0000,0.0000,0.0000,0.0000,0.0000,0.0000,0.0000,0.0000,0.0000,0.0000,0.0000,0.0000,0.0000,0.0950,0.0000,0.0000,0.0950,0.0950,0.0000,0.0000,0.0000,0.0000,0.7150,0.0950,0.0950,0.0000,0.0000,0.1267,0.0000,0.0000,0.0000,0.0000,0.0000,0.0000,0.0000,0.0000,0.0000,0.0000,0.0000
cpp_copy_move,0.0760,0.0000,0.0633,0.0000,0.0633,0.0000,0.0000,0.0633,0.0633,0.0000,0.0000,0.0633,0.0000,0.0633,0.0000,0.0000,0.0633,0.0000,0.0000,0.0633,0.0000,0.0000,0.6200,0.0000,0.0000,0.0000,0.0760,0.0000,0.0000,0.0000,0.0000,0.0000,0.6960,0.0000,0.0000,0.0000,0.0000,0.0633,0.0000,0.0000,0.0633,0.0000,0.0000,0.0000,0.0760,0.6200,0.0633,0.0633,0.0633,0.0633,0.0000,0.0000,0.0760,0.0633,0.0000,0.0633,0.0000,0.0000,0.0000,0.0000,0.0000,0.0000,0.0000,0.0000,0.6960,0.0000,0.0633,0.0000,0.0000,0.0000,0.0000,0.0000,0.0000,0.0000,0.0000,0.0000,0.0000,0.0633,0.0000,0.0633,0.0000,0.0000,0.0000,0.0000,0.0000,0.0000,0.0000,0.0000,0.0633,0.0000,0.0000,0.0633,0.0000,0.0760,0.0000,0.0000,0.0000,0.0633,0.0760,0.0760,0.0950,0.0000,0.0000,0.0000,0.0760,0.0000,0.0760,0.0000,0.0000,0.0000,0.0950,0.0000,0.0000,0.0000,0.0950,0.0000,0.0760,0.0760,0.0000,0.0000,0.0000,0.8100,0.7150,0.6960,0.0950,1.0000,0.0000,0.0000,0.0000,0.0000,0.0000,0.0000,0.0000,0.0000,0.0760,0.0000,0.0000,0.0000,0.0760,0.0000,0.0760,0.0000,0.0760,0.0000,0.0950,0.0000,0.0760,0.0000,0.0760,0.0000,0.0760,0.0760,0.0760,0.0000,0.0000,0.0000,0.0760,0.0760,0.0000,0.0000,0.0950,0.0000,0.0000,0.0000,0.0000,0.0000,0.0000,0.0000,0.0000,0.0000,0.0000,0.0000
cpp_overload_resolution,0.0000,0.0000,0.0000,0.1900,0.0000,0.0000,0.0760,0.0000,0.0000,0.0000,0.0000,0.0000,0.0000,0.0000,0.0000,0.0760,0.0000,0.0000,0.0000,0.0000,0.0760,0.0000,0.0000,0.0000,0.0760,0.0000,0.0000,0.0000,0.0000,0.0000,0.0760,0.1900,0.0000,0.6960,0.8100,0.0000,0.0000,0.0000,0.0000,0.0760,0.0000,0.0760,0.0000,0.0000,0.0000,0.0000,0.0000,0.0000,0.0000,0.0000,0.0000,0.0000,0.0000,0.0000,0.1900,0.0000,0.0000,0.0760,0.0000,0.0000,0.0000,0.0000,0.1900,0.8100,0.0000,0.0760,0.0000,0.1900,0.1900,0.1900,0.1900,0.1900,0.0000,0.1900,0.0000,0.0000,0.0000,0.0000,0.0000,0.0000,0.0760,0.1900,0.0000,0.0000,0.0000,0.0000,0.0000,0.0000,0.0000,0.1900,0.8100,0.0000,0.1900,0.0000,0.0760,0.0760,0.0000,0.0000,0.1900,0.0000,0.0950,0.0950,0.0760,0.0950,0.0760,0.0950,0.0000,0.0000,0.0000,0.0760,0.0000,0.0000,0.0000,0.0000,0.0000,0.0950,0.0760,0.0760,0.0000,0.0000,0.0760,0.0000,0.0000,0.0000,0.0000,0.0000,1.0000,0.6960,0.0000,0.6960,0.7150,0.6960,0.8100,0.6200,0.6200,0.6960,0.0950,0.0000,0.0760,0.0760,0.0000,0.0760,0.0760,0.0000,0.7150,0.0000,0.0000,0.0000,0.0000,0.0000,0.0000,0.0000,0.0000,0.0000,0.0000,0.0000,0.0000,0.0000,0.0760,0.0000,0.0000,0.0000,0.0000,0.0000,0.0000,0.0000,0.0000,0.0000,0.0760,0.0000,0.0000,0.0000
cpp_adl,0.0000,0.0000,0.0000,0.0000,0.0000,0.0000,0.0760,0.0000,0.0000,0.0000,0.0000,0.0000,0.0760,0.0000,0.0000,0.0760,0.0000,0.0000,0.0000,0.0000,0.0760,0.0000,0.0000,0.0000,0.0760,0.0000,0.0000,0.0000,0.0000,0.0000,0.0760,0.0000,0.0000,0.6960,0.6200,0.0000,0.0000,0.0000,0.0000,0.0760,0.0000,0.0760,0.0000,0.0000,0.0000,0.0760,0.0000,0.0000,0.0000,0.0000,0.0000,0.0000,0.0000,0.0000,0.0000,0.0000,0.0000,0.0760,0.0000,0.0760,0.0000,0.0000,0.0000,0.6200,0.0000,0.0760,0.0000,0.0000,0.0000,0.0000,0.0000,0.0000,0.0000,0.0000,0.0000,0.0000,0.0760,0.0000,0.0760,0.0000,0.0760,0.0000,0.0000,0.0760,0.0000,0.0000,0.0000,0.0000,0.0000,0.0000,0.6200,0.0000,0.0000,0.0000,0.0760,0.0760,0.0000,0.0000,0.0000,0.0000,0.0000,0.0000,0.0000,0.0000,0.0000,0.0000,0.0000,0.0000,0.0000,0.0000,0.0000,0.0950,0.0000,0.0000,0.0000,0.0000,0.0000,0.0000,0.0000,0.0000,0.0000,0.0000,0.0000,0.0000,0.0000,0.0000,0.6960,1.0000,0.1900,0.6200,0.7150,0.6960,0.6960,0.6200,0.6200,0.6960,0.0000,0.0000,0.0000,0.0000,0.0000,0.0000,0.0000,0.1900,0.7150,0.0000,0.0000,0.0000,0.0000,0.0000,0.0000,0.0000,0.0000,0.0760,0.0000,0.0000,0.0000,0.0000,0.0000,0.0000,0.0000,0.0000,0.0000,0.0000,0.0000,0.0000,0.0000,0.0000,0.0000,0.0760,0.0000,0.0000
cpp_name_lookup,0.0000,0.0000,0.0000,0.0000,0.0000,0.0000,0.0760,0.0000,0.0000,0.0000,0.0000,0.0000,0.1900,0.0000,0.0000,0.0760,0.0000,0.0000,0.0000,0.0000,0.0760,0.0000,0.0000,0.0000,0.0760,0.0000,0.0000,0.0000,0.0000,0.0000,0.0760,0.0000,0.0000,0.0760,0.0000,0.0000,0.0000,0.0000,0.0000,0.6960,0.0000,0.0760,0.0000,0.0000,0.0000,0.1900,0.0000,0.0000,0.0000,0.0000,0.0000,0.0000,0.0000,0.0000,0.0000,0.0000,0.0000,0.6960,0.0000,0.8100,0.0000,0.0000,0.0000,0.0000,0.0000,0.0760,0.0000,0.0000,0.0000,0.0000,0.0000,0.0000,0.0000,0.0000,0.0000,0.0000,0.1900,0.0000,0.1900,0.0000,0.0760,0.0000,0.0000,0.8100,0.0000,0.0000,0.0000,0.0000,0.0000,0.0000,0.0000,0.0000,0.0000,0.0000,0.0760,0.6960,0.0000,0.0000,0.0000,0.0000,0.0000,0.0000,0.0000,0.0000,0.0000,0.0000,0.0000,0.0000,0.0000,0.0000,0.0000,0.7150,0.0000,0.0000,0.0000,0.0000,0.0000,0.0000,0.0000,0.0000,0.0000,0.0000,0.0000,0.0000,0.0000,0.0000,0.0000,0.1900,1.0000,0.0000,0.0000,0.0000,0.0000,0.0000,0.0000,0.0000,0.0000,0.0760,0.0000,0.0000,0.0000,0.0000,0.0000,0.1900,0.0000,0.0000,0.0000,0.0000,0.0000,0.0000,0.0000,0.0000,0.0000,0.6960,0.6960,0.0000,0.0000,0.0000,0.0000,0.0000,0.0000,0.0000,0.0000,0.0000,0.0000,0.0000,0.0000,0.0000,0.0000,0.0760,0.0000,0.0000
cpp_templates,0.0000,0.0000,0.0000,0.0760,0.0000,0.0000,0.0760,0.0000,0.0000,0.0000,0.0760,0.0000,0.0000,0.0000,0.0000,0.0760,0.0000,0.0760,0.0760,0.0000,0.0760,0.0000,0.0000,0.0000,0.0760,0.0000,0.0000,0.0000,0.0000,0.0000,0.0760,0.0760,0.0000,0.6960,0.6960,0.0000,0.0000,0.0000,0.0000,0.0760,0.0000,0.0760,0.0000,0.0760,0.0000,0.0000,0.0000,0.0000,0.0000,0.0000,0.0000,0.0760,0.0000,0.0000,0.0760,0.0000,0.0000,0.0760,0.0000,0.0000,0.0000,0.0760,0.0760,0.6960,0.0000,0.0760,0.0000,0.0760,0.0760,0.0760,0.0760,0.0760,0.0000,0.0760,0.0000,0.0000,0.0000,0.0000,0.0000,0.0000,0.0760,0.0760,0.0000,0.0000,0.0000,0.0000,0.0000,0.0000,0.0000,0.0760,0.6960,0.0000,0.0760,0.0000,0.0760,0.0760,0.0000,0.0000,0.0760,0.0000,0.0000,0.0950,0.0760,0.0950,0.0760,0.0000,0.0000,0.0000,0.0000,0.0760,0.0000,0.0000,0.0000,0.0000,0.0000,0.0000,0.0760,0.0760,0.0000,0.0000,0.0000,0.0000,0.0000,0.0000,0.0000,0.0000,0.6960,0.6200,0.0000,1.0000,0.7150,0.8100,0.8100,0.7150,0.6960,0.6960,0.0950,0.0000,0.0760,0.0760,0.0000,0.0760,0.0760,0.0000,0.6200,0.0000,0.0000,0.0000,0.0760,0.0000,0.0000,0.0000,0.0000,0.0000,0.0000,0.0000,0.0000,0.0000,0.0760,0.0000,0.0000,0.0950,0.0950,0.0000,0.0000,0.0000,0.0000,0.0000,0.0760,0.0000,0.0000,0.0000
cpp_partial_specialization,0.0000,0.0000,0.0000,0.0000,0.0000,0.0000,0.0000,0.0000,0.0000,0.0000,0.0000,0.0000,0.0000,0.0000,0.0000,0.0000,0.0000,0.0000,0.0000,0.0000,0.0000,0.0000,0.0000,0.0000,0.0000,0.0000,0.0000,0.0000,0.0000,0.0000,0.0000,0.0000,0.0000,0.6200,0.6200,0.0000,0.0000,0.0000,0.0000,0.0000,0.0000,0.0000,0.0000,0.0000,0.0000,0.0000,0.0000,0.0000,0.0000,0.0000,0.0000,0.0000,0.0000,0.0000,0.0000,0.0000,0.0000,0.0000,0.0000,0.0000,0.0000,0.0000,0.0000,0.6200,0.0000,0.0000,0.0000,0.0000,0.0000,0.0000,0.0000,0.0000,0.0000,0.0000,0.0000,0.0000,0.0000,0.0000,0.0000,0.0000,0.0000,0.0000,0.0000,0.0000,0.0000,0.0000,0.0000,0.0000,0.0000,0.0000,0.6200,0.0000,0.0000,0.0000,0.0000,0.0000,0.0000,0.0000,0.0000,0.0000,0.0000,0.0000,0.0000,0.0000,0.0000,0.0000,0.0000,0.0000,0.0000,0.0000,0.0000,0.0000,0.0000,0.0000,0.0000,0.0000,0.0000,0.0000,0.0000,0.0000,0.0000,0.0000,0.0000,0.0000,0.0000,0.0000,0.7150,0.7150,0.0000,0.7150,1.0000,0.8733,0.7150,0.7467,0.7150,0.8733,0.0000,0.0000,0.0000,0.0000,0.0000,0.0000,0.0000,0.0000,0.7467,0.0000,0.0000,0.0000,0.0000,0.0000,0.0000,0.0000,0.0000,0.0000,0.0000,0.0000,0.0000,0.0000,0.0000,0.0000,0.0000,0.0000,0.0000,0.0000,0.0000,0.0000,0.0000,0.0000,0.0000,0.0000,0.0000,0.0000
cpp_sfinae,0.0000,0.0000,0.0000,0.0000,0.0000,0.0000,0.0000,0.0000,0.0000,0.0000,0.0760,0.0000,0.0000,0.0000,0.0000,0.0000,0.0000,0.0760,0.0760,0.0000,0.0000,0.0000,0.0000,0.0000,0.0000,0.0000,0.0000,0.0000,0.0000,0.0000,0.0000,0.0000,0.0000,0.6200,0.6200,0.0000,0.0000,0.0000,0.0000,0.0000,0.0000,0.0000,0.0000,0.0760,0.0000,0.0000,0.0000,0.0000,0.0000,0.0000,0.0000,0.0760,0.0000,0.0000,0.0000,0.0000,0.0000,0.0000,0.0000,0.0000,0.0000,0.0760,0.0000,0.6200,0.0000,0.0000,0.0000,0.0000,0.0000,0.0000,0.0000,0.0000,0.0000,0.0000,0.0000,0.0000,0.0000,0.0000,0.0000,0.0000,0.0000,0.0000,0.0000,0.0000,0.0000,0.0000,0.0000,0.0000,0.0000,0.0000,0.6200,0.0000,0.0000,0.0000,0.0000,0.0000,0.0000,0.0000,0.0000,0.0000,0.0000,0.0000,0.0000,0.0000,0.0000,0.0000,0.0000,0.0000,0.0000,0.0000,0.0000,0.0000,0.0000,0.0000,0.0000,0.0000,0.0000,0.0000,0.0000,0.0000,0.0000,0.0000,0.0000,0.0000,0.0000,0.0000,0.6960,0.6960,0.0000,0.8100,0.8733,1.0000,0.8100,0.7150,0.6960,0.8100,0.0000,0.0000,0.0000,0.0000,0.0000,0.0000,0.0000,0.0000,0.7150,0.0000,0.0000,0.0000,0.0760,0.0000,0.0000,0.0000,0.0000,0.0000,0.0000,0.0000,0.0000,0.0000,0.0000,0.0000,0.0000,0.0950,0.0950,0.0000,0.0000,0.0000,0.0000,0.0000,0.0000,0.0000,0.0000,0.0000
cpp_concepts_constraints,0.0000,0.0000,0.0000,0.0760,0.0000,0.0000,0.0760,0.0000,0.0000,0.0000,0.0760,0.0000,0.0000,0.0000,0.0000,0.0760,0.0000,0.0760,0.0760,0.0000,0.0760,0.0000,0.0000,0.0000,0.0760,0.0000,0.0000,0.0000,0.0000,0.0000,0.0760,0.0760,0.0000,0.6960,0.6960,0.0000,0.0000,0.0000,0.0000,0.0760,0.0000,0.0760,0.0000,0.0760,0.0000,0.0000,0.0000,0.0000,0.0000,0.0000,0.0000,0.0760,0.0000,0.0000,0.0760,0.0000,0.0000,0.0760,0.0000,0.0000,0.0000,0.0760,0.0760,0.6960,0.0000,0.0760,0.0000,0.0760,0.0760,0.0760,0.0760,0.0760,0.0000,0.0760,0.0000,0.0000,0.0000,0.0000,0.0000,0.0000,0.0760,0.0760,0.0000,0.0000,0.0000,0.0000,0.0000,0.0000,0.0000,0.0760,0.6960,0.0000,0.0760,0.0000,0.0760,0.0760,0.0000,0.0000,0.0760,0.0000,0.0000,0.0950,0.0760,0.0950,0.0760,0.0000,0.0000,0.0000,0.0000,0.0760,0.0000,0.0000,0.0000,0.0000,0.0000,0.0000,0.0760,0.0760,0.0000,0.0000,0.0000,0.0000,0.0000,0.0000,0.0000,0.0000,0.8100,0.6960,0.0000,0.8100,0.7150,0.8100,1.0000,0.6200,0.6200,0.6960,0.0950,0.0000,0.0760,0.0760,0.0000,0.0760,0.0760,0.0000,0.7150,0.0000,0.0000,0.0000,0.0760,0.0000,0.0000,0.0000,0.0000,0.0000,0.0000,0.0000,0.0000,0.0000,0.0760,0.0000,0.0000,0.0950,0.0950,0.0000,0.0000,0.0000,0.0000,0.0000,0.0760,0.0000,0.0000,0.0000
cpp_parameter_packs,0.0000,0.0000,0.0760,0.0000,0.0760,0.0000,0.0000,0.0760,0.0760,0.0000,0.0000,0.0760,0.0000,0.0760,0.0000,0.0000,0.0760,0.0000,0.0000,0.0760,0.0000,0.0000,0.0000,0.0000,0.0000,0.0000,0.0000,0.0000,0.0000,0.0000,0.0000,0.0000,0.0000,0.6200,0.6200,0.0000,0.0000,0.0760,0.0000,0.0000,0.0760,0.0000,0.0000,0.0000,0.0000,0.0000,0.0760,0.0760,0.0760,0.0760,0.0000,0.0000,0.0000,0.0760,0.0000,0.0760,0.0000,0.0000,0.0000,0.0000,0.0000,0.0000,0.0000,0.6200,0.0000,0.0000,0.0760,0.0000,0.0000,0.0000,0.0000,0.0000,0.0000,0.0000,0.0000,0.0000,0.0000,0.0760,0.0000,0.0760,0.0000,0.0000,0.0000,0.0000,0.0000,0.0000,0.0000,0.0000,0.0760,0.0000,0.6200,0.0760,0.0000,0.0000,0.0000,0.0000,0.0000,0.0760,0.0000,0.0000,0.0000,0.0000,0.0000,0.0000,0.0000,0.0000,0.0000,0.0000,0.0000,0.0000,0.0000,0.0000,0.0000,0.1267,0.1267,0.0000,0.0000,0.0000,0.0000,0.0000,0.0950,0.0000,0.0000,0.0000,0.0000,0.0000,0.6200,0.6200,0.0000,0.7150,0.7467,0.7150,0.6200,1.0000,0.8733,0.7150,0.0000,0.0000,0.0000,0.0000,0.0000,0.0000,0.0000,0.0000,0.6200,0.0000,0.0000,0.0000,0.0000,0.0000,0.0000,0.0000,0.0000,0.0000,0.0000,0.0000,0.0000,0.0000,0.0000,0.0000,0.0000,0.0000,0.0000,0.0000,0.0000,0.0000,0.0000,0.0000,0.0950,0.0000,0.0000,0.0000
cpp_fold_expressions,0.0000,0.0000,0.1520,0.0000,0.1520,0.0000,0.0000,0.1520,0.1520,0.0000,0.0000,0.1520,0.0000,0.1520,0.0000,0.0000,0.1520,0.0000,0.0000,0.1520,0.0000,0.0000,0.0000,0.0000,0.0000,0.0000,0.0000,0.0000,0.0000,0.0000,0.0000,0.0000,0.0000,0.6200,0.6200,0.0000,0.0000,0.1520,0.0000,0.0000,0.1520,0.0000,0.0000,0.0000,0.0000,0.0000,0.1520,0.1520,0.1520,0.1520,0.0000,0.0000,0.0000,0.1520,0.0000,0.1520,0.0000,0.0000,0.0000,0.0000,0.0000,0.0000,0.0000,0.6200,0.0000,0.0000,0.1520,0.0000,0.0000,0.0000,0.0000,0.0000,0.0000,0.0000,0.0000,0.0000,0.0000,0.1520,0.0000,0.1520,0.0000,0.0000,0.0000,0.0000,0.0000,0.0000,0.0000,0.0000,0.1520,0.0000,0.6200,0.1520,0.0000,0.0000,0.0000,0.0000,0.0000,0.1520,0.0760,0.0760,0.0950,0.0000,0.0000,0.0000,0.0000,0.0000,0.0760,0.0000,0.0000,0.0000,0.0000,0.0000,0.0000,0.0950,0.0950,0.0000,0.0760,0.0000,0.0000,0.0000,0.0760,0.0000,0.0000,0.0000,0.0000,0.0760,0.6200,0.6200,0.0000,0.6960,0.7150,0.6960,0.6200,0.8733,1.0000,0.6960,0.0000,0.0000,0.0000,0.0000,0.0760,0.0000,0.0760,0.0000,0.7150,0.0000,0.0000,0.0000,0.0760,0.0000,0.0000,0.0760,0.0760,0.0000,0.0000,0.0000,0.0000,0.0000,0.0000,0.0000,0.0000,0.0000,0.0000,0.0000,0.0000,0.0000,0.0000,0.0000,0.0760,0.0000,0.0000,0.0000
cpp_template_deduction,0.0000,0.0000,0.0000,0.0760,0.0000,0.0000,0.0000,0.0000,0.0000,0.0000,0.0000,0.0000,0.0000,0.0000,0.0000,0.0000,0.0000,0.0000,0.0000,0.0000,0.0000,0.0000,0.0000,0.0000,0.0000,0.0000,0.0000,0.0000,0.0000,0.0000,0.0000,0.0760,0.0000,0.6200,0.6960,0.0000,0.0000,0.0000,0.0000,0.0000,0.0000,0.0000,0.0000,0.0000,0.0000,0.0000,0.0000,0.0000,0.0000,0.0000,0.0000,0.0000,0.0000,0.0000,0.0760,0.0000,0.0000,0.0000,0.0000,0.0000,0.0000,0.0000,0.0760,0.6960,0.0000,0.0000,0.0000,0.0760,0.0760,0.0760,0.0760,0.0760,0.0000,0.0760,0.0000,0.0000,0.0000,0.0000,0.0000,0.0000,0.0000,0.0760,0.0000,0.0000,0.0000,0.0000,0.0000,0.0000,0.0000,0.0760,0.6960,0.0000,0.0760,0.0000,0.0000,0.0000,0.0000,0.0000,0.0000,0.0000,0.0000,0.0000,0.0000,0.0000,0.0000,0.0000,0.0000,0.0000,0.0000,0.0000,0.0000,0.0000,0.0000,0.0000,0.0000,0.0000,0.0000,0.0000,0.0000,0.0000,0.0000,0.0000,0.0000,0.0000,0.0000,0.0000,0.6960,0.6960,0.0000,0.6960,0.8733,0.8100,0.6960,0.7150,0.6960,1.0000,0.0950,0.0760,0.0000,0.0000,0.0000,0.0000,0.0000,0.0000,0.7150,0.0000,0.0000,0.0000,0.0000,0.0000,0.0000,0.0000,0.0000,0.0000,0.0000,0.0000,0.0000,0.0000,0.0000,0.0000,0.0000,0.0000,0.0000,0.0000,0.0000,0.0000,0.0000,0.0000,0.0000,0.0760,0.0000,0.0000
cpp_auto_decltype,0.0000,0.0000,0.0000,0.8733,0.0000,0.0000,0.0950,0.0000,0.0000,0.0000,0.0000,0.0000,0.0000,0.6200,0.0000,0.0950,0.0000,0.0000,0.0000,0.0000,0.0950,0.0000,0.0000,0.0000,0.0950,0.0000,0.0000,0.0000,0.0000,0.0000,0.0950,0.2533,0.0000,0.0950,0.2533,0.0000,0.0000,0.0000,0.0000,0.0950,0.0000,0.0950,0.0000,0.0000,0.0000,0.0000,0.0000,0.0000,0.0000,0.0000,0.0000,0.0000,0.0000,0.0000,0.8733,0.0000,0.0000,0.0950,0.0000,0.0000,0.0000,0.0000,0.8733,0.2533,0.0000,0.0950,0.0000,0.2533,0.8733,0.8733,0.8733,0.8733,0.0000,0.2533,0.0000,0.0000,0.0000,0.0000,0.0000,0.0000,0.0950,0.2533,0.0000,0.0000,0.0000,0.0000,0.0000,0.0000,0.0000,0.8733,0.2533,0.0000,0.8733,0.0000,0.0950,0.0950,0.0000,0.0000,0.7150,0.0000,0.6200,0.7467,0.0950,0.1267,0.0950,0.0000,0.0000,0.0000,0.0000,0.0950,0.0000,0.0000,0.0000,0.0000,0.0000,0.0000,0.0950,0.0950,0.0000,0.0000,0.0000,0.0000,0.0000,0.0000,0.0000,0.0000,0.0950,0.0000,0.0000,0.0950,0.0000,0.0000,0.0950,0.0000,0.0000,0.0950,1.0000,0.0950,0.0950,0.0950,0.0000,0.0950,0.0950,0.0000,0.0000,0.0000,0.0000,0.0000,0.0000,0.0000,0.0000,0.0000,0.0000,0.0000,0.0000,0.0000,0.0000,0.0000,0.0950,0.0000,0.0000,0.0000,0.0000,0.0000,0.0000,0.0000,0.0000,0.0000,0.0950,0.0950,0.0000,0.0000
cpp_structured_bindings,0.0000,0.0000,0.0000,0.0760,0.0000,0.0000,0.0760,0.0000,0.0000,0.0000,0.0000,0.0000,0.6960,0.0000,0.0000,0.0760,0.6200,0.0000,0.0000,0.0000,0.0760,0.0000,0.0000,0.0000,0.0760,0.0000,0.0000,0.0000,0.0000,0.0000,0.0760,0.0760,0.0000,0.0760,0.0760,0.0000,0.0000,0.0000,0.0000,0.0760,0.0000,0.0760,0.0000,0.0000,0.0000,0.0760,0.0000,0.0000,0.0000,0.0000,0.0000,0.0000,0.0000,0.0000,0.0760,0.0000,0.0000,0.0760,0.0000,0.0760,0.0000,0.0000,0.0760,0.0760,0.0000,0.0760,0.6200,0.0760,0.0760,0.0760,0.0760,0.0760,0.0000,0.0760,0.0000,0.0000,0.6960,0.0000,0.6960,0.0000,0.0760,0.0760,0.0000,0.0760,0.0000,0.0000,0.0000,0.0000,0.0000,0.0760,0.0760,0.0000,0.0760,0.0000,0.0760,0.0760,0.0000,0.0000,0.0000,0.0000,0.0000,0.0000,0.0000,0.0000,0.0000,0.0000,0.0000,0.0000,0.0000,0.0000,0.0000,0.0000,0.0000,0.0000,0.0000,0.0000,0.0000,0.0000,0.0000,0.0000,0.0000,0.0000,0.0000,0.0000,0.0000,0.0000,0.0000,0.0000,0.0760,0.0000,0.0000,0.0000,0.0000,0.0000,0.0000,0.0760,0.0950,1.0000,0.6200,0.0000,0.0000,0.0000,0.0000,0.0000,0.0000,0.0000,0.0000,0.0000,0.0000,0.0000,0.0000,0.0000,0.0000,0.0000,0.0760,0.0000,0.0000,0.0000,0.0000,0.0000,0.0000,0.0000,0.0000,0.0000,0.0000,0.0000,0.0000,0.0000,0.0760,0.0760,0.0000,0.0000
cpp_lambdas_capture,0.0760,0.0000,0.0000,0.0760,0.0000,0.0000,0.0760,0.0000,0.0000,0.0000,0.0000,0.0000,0.6960,0.0000,0.0000,0.0760,0.6200,0.0000,0.0000,0.0000,0.0760,0.0000,0.0000,0.0000,0.0760,0.0000,0.0760,0.0000,0.0000,0.0000,0.0760,0.0760,0.0760,0.0760,0.0760,0.0000,0.0000,0.0000,0.0000,0.0760,0.0000,0.0760,0.0000,0.0000,0.0760,0.0760,0.0000,0.0000,0.0000,0.0000,0.0000,0.0000,0.0760,0.0000,0.0760,0.0000,0.0000,0.0760,0.0000,0.0760,0.0000,0.0000,0.0760,0.0760,0.0760,0.0760,0.6200,0.0760,0.0760,0.0760,0.0760,0.0760,0.0000,0.0760,0.0000,0.0000,0.6960,0.0000,0.6960,0.0000,0.0760,0.0760,0.0000,0.0760,0.0000,0.0000,0.0000,0.0000,0.0000,0.0760,0.0760,0.0000,0.0760,0.0760,0.0760,0.0760,0.0000,0.0000,0.0760,0.0000,0.0000,0.0950,0.0760,0.0950,0.0760,0.0000,0.0000,0.0000,0.0000,0.0760,0.0000,0.0000,0.0000,0.0000,0.0000,0.0000,0.0760,0.0760,0.0000,0.0000,0.0000,0.0760,0.0000,0.0000,0.0000,0.0760,0.0760,0.0000,0.0000,0.0760,0.0000,0.0000,0.0760,0.0000,0.0000,0.0000,0.0950,0.6200,1.0000,0.0760,0.0000,0.0760,0.0760,0.0000,0.0000,0.0000,0.0000,0.0000,0.0000,0.0000,0.0000,0.0000,0.0000,0.0000,0.0000,0.0000,0.0000,0.0000,0.0760,0.0000,0.0000,0.0000,0.0000,0.0000,0.0000,0.0000,0.0000,0.0000,0.0760,0.0000,0.0000,0.0000
cpp_inheritance,0.0000,0.0760,0.0000,0.0760,0.0000,0.0000,0.0760,0.0000,0.0000,0.0000,0.0000,0.0000,0.0000,0.0000,0.0000,0.6960,0.0000,0.0000,0.0000,0.0000,0.0760,0.0000,0.0000,0.6960,0.6960,0.0000,0.0000,0.0760,0.0000,0.0000,0.0760,0.0760,0.0000,0.0760,0.0760,0.0760,0.0000,0.0000,0.0000,0.0760,0.0000,0.6960,0.0760,0.0000,0.0000,0.0000,0.0000,0.0000,0.0000,0.0000,0.0000,0.0000,0.0000,0.0000,0.0760,0.0000,0.0000,0.0760,0.0760,0.0000,0.0760,0.0000,0.0760,0.0760,0.0000,0.0760,0.0000,0.0760,0.0760,0.0760,0.0760,0.0760,0.0760,0.0760,0.6960,0.0000,0.0000,0.0000,0.0000,0.0000,0.6960,0.6960,0.0000,0.0000,0.0000,0.0000,0.0000,0.0760,0.0000,0.0760,0.0760,0.0000,0.0760,0.0000,0.6960,0.0760,0.0000,0.0000,0.0760,0.0760,0.0000,0.0950,0.1900,0.2533,0.0760,0.0000,0.0000,0.0000,0.0000,0.0760,0.0000,0.0000,0.0000,0.0000,0.0000,0.0000,0.0760,0.0760,0.0000,0.0000,0.0000,0.0000,0.0000,0.0000,0.0000,0.0000,0.0760,0.0000,0.0000,0.0760,0.0000,0.0000,0.0760,0.0000,0.0000,0.0000,0.0950,0.0000,0.0760,1.0000,0.8100,0.8100,0.8100,0.6200,0.0000,0.0760,0.0000,0.0760,0.0000,0.0000,0.0000,0.0000,0.0000,0.0000,0.0000,0.0760,0.0000,0.0000,0.1900,0.0760,0.0950,0.0000,0.0000,0.0000,0.0760,0.0760,0.0950,0.0000,0.0760,0.0000,0.0000,0.0000
cpp_virtual_dispatch,0.0000,0.0760,0.0633,0.0000,0.0633,0.0000,0.0000,0.0633,0.0633,0.0000,0.0000,0.0633,0.0000,0.0633,0.0000,0.6200,0.0633,0.0000,0.0000,0.0633,0.0000,0.0000,0.0000,0.6960,0.6200,0.0000,0.0000,0.0760,0.0000,0.0000,0.0000,0.0000,0.0000,0.0000,0.0000,0.0760,0.0000,0.0633,0.0000,0.0000,0.0633,0.6200,0.0760,0.0000,0.0000,0.0000,0.0633,0.0633,0.0633,0.0633,0.0000,0.0000,0.0000,0.0633,0.0000,0.0633,0.0000,0.0000,0.0760,0.0000,0.0760,0.0000,0.0000,0.0000,0.0000,0.0000,0.0633,0.0000,0.0000,0.0000,0.0000,0.0000,0.0760,0.0000,0.6960,0.0000,0.0000,0.0633,0.0000,0.0633,0.6200,0.6200,0.0000,0.0000,0.0000,0.0000,0.0000,0.0760,0.0633,0.0000,0.0000,0.0633,0.0000,0.0000,0.6200,0.0000,0.0000,0.0633,0.0760,0.1900,0.0950,0.0000,0.0760,0.0950,0.0000,0.0000,0.0760,0.0000,0.0000,0.0000,0.0000,0.0000,0.0000,0.0000,0.0000,0.0000,0.0760,0.0000,0.0000,0.0000,0.0000,0.0000,0.0000,0.0000,0.0000,0.0760,0.0000,0.0000,0.0000,0.0000,0.0000,0.0000,0.0000,0.0000,0.0760,0.0000,0.0000,0.0000,0.0000,0.8100,1.0000,0.6960,0.8100,0.6200,0.0950,0.0760,0.0000,0.0760,0.0760,0.0000,0.0000,0.0760,0.0760,0.0000,0.0000,0.0760,0.0000,0.0000,0.0760,0.0760,0.0950,0.0000,0.0000,0.0000,0.0760,0.0760,0.0950,0.0000,0.0000,0.0000,0.0000,0.0000
cpp_rtti,0.0760,0.0760,0.0000,0.0760,0.0000,0.0000,0.0760,0.0000,0.0000,0.0000,0.0000,0.0000,0.0000,0.0000,0.0000,0.6960,0.0000,0.0000,0.0000,0.0000,0.0760,0.0000,0.0000,0.6960,0.6960,0.0000,0.0760,0.0760,0.0000,0.0000,0.0760,0.0760,0.0760,0.0760,0.0760,0.0760,0.0000,0.0000,0.0000,0.0760,0.0000,0.6960,0.0760,0.0000,0.0760,0.0000,0.0000,0.0000,0.0000,0.0000,0.0000,0.0000,0.0760,0.0000,0.0760,0.0000,0.0000,0.0760,0.0760,0.0000,0.0760,0.0000,0.0760,0.0760,0.0760,0.0760,0.0000,0.0760,0.0760,0.0760,0.0760,0.0760,0.0760,0.0760,0.6960,0.0000,0.0000,0.0000,0.0000,0.0000,0.6960,0.6960,0.0000,0.0000,0.0000,0.0000,0.0000,0.0760,0.0000,0.0760,0.0760,0.0000,0.0760,0.0760,0.6960,0.0760,0.0000,0.0000,0.0760,0.0760,0.0000,0.0950,0.0760,0.0950,0.0760,0.0000,0.0000,0.0000,0.0000,0.0760,0.0000,0.0000,0.0000,0.0000,0.0000,0.0950,0.1900,0.0760,0.0000,0.0000,0.0000,0.0000,0.0000,0.0000,0.0000,0.0000,0.0760,0.0000,0.0000,0.0760,0.0000,0.0000,0.0760,0.0000,0.0000,0.0000,0.0950,0.0000,0.0760,0.8100,0.6960,1.0000,0.6960,0.6200,0.0000,0.0760,0.0000,0.0760,0.0000,0.0000,0.0000,0.0000,0.0000,0.0000,0.0000,0.0760,0.0000,0.0000,0.0760,0.0760,0.0000,0.0000,0.0000,0.0000,0.0000,0.0760,0.0950,0.0000,0.0760,0.0000,0.0000,0.0760
cpp_member_pointers,0.0000,0.0000,0.0633,0.0760,0.0633,0.0000,0.0760,0.0633,0.0633,0.0000,0.0000,0.0633,0.0000,0.0633,0.0000,0.6960,0.0633,0.0000,0.0000,0.0633,0.0760,0.0000,0.0000,0.6200,0.6960,0.0000,0.0000,0.0000,0.0000,0.0000,0.0760,0.0760,0.0000,0.0760,0.0760,0.0000,0.0000,0.0633,0.0000,0.0760,0.0633,0.6960,0.0000,0.0000,0.0000,0.0000,0.0633,0.0633,0.0633,0.0633,0.0000,0.0000,0.0000,0.0633,0.0760,0.0633,0.0000,0.0760,0.0000,0.0000,0.0000,0.0000,0.0760,0.0760,0.0000,0.0760,0.0633,0.0760,0.0760,0.0760,0.0760,0.0760,0.0000,0.0760,0.6200,0.0000,0.0000,0.0633,0.0000,0.0633,0.6960,0.6960,0.0000,0.0000,0.0000,0.0000,0.0000,0.0000,0.0633,0.0760,0.0760,0.0633,0.0760,0.0000,0.6960,0.0760,0.0000,0.0633,0.1900,0.0760,0.0950,0.0950,0.1900,0.2533,0.0760,0.0000,0.0760,0.0000,0.0000,0.0760,0.0000,0.0000,0.0000,0.0000,0.0000,0.0000,0.1900,0.0760,0.0000,0.0000,0.0000,0.0000,0.0000,0.0000,0.0000,0.0760,0.0760,0.0000,0.0000,0.0760,0.0000,0.0000,0.0760,0.0000,0.0760,0.0000,0.0950,0.0000,0.0760,0.8100,0.8100,0.6960,1.0000,0.6200,0.0950,0.0000,0.0000,0.0000,0.0760,0.0000,0.0000,0.0760,0.0760,0.0000,0.0000,0.0000,0.0000,0.0000,0.1900,0.0760,0.0950,0.0000,0.0000,0.0000,0.0760,0.0000,0.0000,0.0000,0.0760,0.0000,0.0000,0.0000
cpp_access_friend,0.0000,0.0000,0.0000,0.0000,0.0000,0.0000,0.0760,0.0000,0.0000,0.0000,0.0000,0.0000,0.0760,0.0000,0.0000,0.6960,0.0000,0.0000,0.0000,0.0000,0.0760,0.0000,0.0000,0.6200,0.6960,0.0000,0.0000,0.0000,0.0000,0.0000,0.0760,0.0000,0.0000,0.0760,0.0000,0.0000,0.0000,0.0000,0.0000,0.0760,0.0000,0.6960,0.0000,0.0000,0.0000,0.0760,0.0000,0.0000,0.0000,0.0000,0.0000,0.0000,0.0000,0.0000,0.0000,0.0000,0.0000,0.0760,0.0000,0.0760,0.0000,0.0000,0.0000,0.0000,0.0000,0.0760,0.0000,0.0000,0.0000,0.0000,0.0000,0.0000,0.0000,0.0000,0.6200,0.0000,0.0760,0.0000,0.0760,0.0000,0.6960,0.6200,0.0000,0.0760,0.0000,0.0000,0.0000,0.0000,0.0000,0.0000,0.0000,0.0000,0.0000,0.0000,0.6960,0.0760,0.0000,0.0000,0.0000,0.0000,0.0000,0.0000,0.0000,0.0000,0.0000,0.0000,0.0000,0.0000,0.0000,0.0000,0.0000,0.0950,0.0000,0.0000,0.0000,0.0000,0.0000,0.0000,0.0000,0.0000,0.0000,0.0000,0.0000,0.0000,0.0000,0.0000,0.0000,0.1900,0.1900,0.0000,0.0000,0.0000,0.0000,0.0000,0.0000,0.0000,0.0000,0.0000,0.0000,0.6200,0.6200,0.6200,0.6200,1.0000,0.0000,0.0000,0.0000,0.0760,0.0000,0.0760,0.0000,0.0000,0.0000,0.0760,0.0760,0.0000,0.0000,0.0000,0.0000,0.0000,0.0000,0.0000,0.0000,0.0000,0.0760,0.0760,0.0000,0.0000,0.0000,0.1900,0.0000,0.0000
cpp_operator_overload,0.0000,0.0000,0.0760,0.0000,0.0760,0.0000,0.0000,0.0760,0.0760,0.0000,0.0000,0.0760,0.0000,0.0760,0.0000,0.0000,0.0760,0.0000,0.0000,0.0760,0.0000,0.0000,0.0000,0.0000,0.0000,0.0000,0.0000,0.0000,0.0000,0.0000,0.0000,0.0000,0.0000,0.6200,0.6200,0.0000,0.0000,0.0760,0.0000,0.0000,0.0760,0.0000,0.0000,0.0000,0.0000,0.0000,0.0760,0.0760,0.0760,0.0760,0.0000,0.0000,0.0000,0.0760,0.0000,0.0760,0.0000,0.0000,0.0000,0.0000,0.0000,0.0000,0.0000,0.6200,0.0000,0.0000,0.0760,0.0000,0.0000,0.0000,0.0000,0.0000,0.0000,0.0000,0.0000,0.0000,0.0000,0.0760,0.0000,0.0760,0.0000,0.0000,0.0000,0.0000,0.0000,0.0000,0.0000,0.0000,0.0760,0.0000,0.6200,0.0760,0.0000,0.0000,0.0000,0.0000,0.0000,0.0760,0.0950,0.0950,0.1267,0.0000,0.0000,0.0000,0.0000,0.0000,0.0950,0.0000,0.0000,0.0000,0.0000,0.0000,0.0000,0.0000,0.0000,0.0000,0.0950,0.0000,0.0000,0.0000,0.0000,0.0000,0.0000,0.0000,0.0000,0.0950,0.7150,0.7150,0.0000,0.6200,0.7467,0.7150,0.7150,0.6200,0.7150,0.7150,0.0000,0.0000,0.0000,0.0000,0.0950,0.0000,0.0950,0.0000,1.0000,0.0000,0.0000,0.0000,0.0950,0.0000,0.0000,0.0950,0.0950,0.0000,0.0000,0.0000,0.0000,0.0000,0.0000,0.0000,0.0000,0.0000,0.0000,0.0000,0.0000,0.0000,0.0000,0.0000,0.0000,0.0000,0.0000,0.0000
cpp_exceptions,0.0000,0.0760,0.0000,0.0000,0.0000,0.0000,0.0000,0.0000,0.0000,0.0760,0.0000,0.0000,0.0000,0.0000,0.0000,0.0000,0.0000,0.0000,0.0000,0.0000,0.0000,0.0760,0.0760,0.0760,0.0000,0.6960,0.0000,0.0760,0.0760,0.0760,0.0000,0.0000,0.0000,0.0000,0.0000,0.0760,0.0760,0.0000,0.0760,0.0000,0.0000,0.0000,0.0760,0.0000,0.0000,0.0000,0.0000,0.0000,0.0000,0.0000,0.0000,0.0000,0.0000,0.0000,0.0000,0.0000,0.0000,0.0000,0.0760,0.0000,0.0760,0.0000,0.0000,0.0000,0.0000,0.0000,0.0000,0.0000,0.0000,0.0000,0.0000,0.0000,0.0760,0.0000,0.0760,0.0760,0.0000,0.0000,0.0000,0.0000,0.0000,0.0000,0.0760,0.0000,0.0000,0.0000,0.6960,0.0760,0.0000,0.0000,0.0000,0.0000,0.0000,0.0000,0.0000,0.0000,0.0760,0.0000,0.0000,0.0760,0.0000,0.0000,0.0000,0.0000,0.0000,0.0000,0.0000,0.0000,0.0000,0.0000,0.0000,0.0000,0.0000,0.0000,0.0000,0.0000,0.0000,0.0000,0.0000,0.0000,0.0000,0.0000,0.0000,0.1900,0.0000,0.0000,0.0000,0.0000,0.0000,0.0000,0.0000,0.0000,0.0000,0.0000,0.0000,0.0000,0.0000,0.0000,0.0000,0.0760,0.0760,0.0760,0.0000,0.0000,0.0000,1.0000,0.8100,0.8100,0.0000,0.0000,0.0000,0.0000,0.0000,0.0000,0.0000,0.0760,0.0000,0.0000,0.0000,0.0000,0.0000,0.0000,0.0000,0.0000,0.0000,0.0760,0.0950,0.0000,0.0000,0.0000,0.0000,0.0000
cpp_stack_unwind,0.0000,0.0000,0.0000,0.0000,0.0000,0.0000,0.0000,0.0000,0.0000,0.0760,0.0000,0.0000,0.0000,0.0000,0.0000,0.0000,0.0000,0.0000,0.0000,0.0000,0.0000,0.0760,0.0760,0.0000,0.0000,0.6960,0.0000,0.0000,0.0760,0.0760,0.0000,0.0000,0.0000,0.0000,0.0000,0.0000,0.0760,0.0000,0.0760,0.0000,0.0000,0.0000,0.0000,0.0000,0.0000,0.0000,0.0000,0.0000,0.0000,0.0000,0.0000,0.0000,0.0000,0.0000,0.0000,0.0000,0.0000,0.0000,0.0000,0.0000,0.0000,0.0000,0.0000,0.0000,0.0000,0.0000,0.0000,0.0000,0.0000,0.0000,0.0000,0.0000,0.0000,0.0000,0.0000,0.0760,0.0000,0.0000,0.0000,0.0000,0.0000,0.0000,0.0760,0.0000,0.0000,0.0000,0.6960,0.0000,0.0000,0.0000,0.0000,0.0000,0.0000,0.0000,0.0000,0.0000,0.0760,0.0000,0.0000,0.0000,0.0000,0.0000,0.0000,0.0000,0.0760,0.0000,0.0000,0.0000,0.0000,0.0000,0.0950,0.0000,0.0000,0.0000,0.0950,0.0000,0.0000,0.0760,0.0000,0.0000,0.0000,0.0760,0.0950,0.3800,0.0950,0.0760,0.0000,0.0000,0.0000,0.0000,0.0000,0.0000,0.0000,0.0000,0.0000,0.0000,0.0000,0.0000,0.0000,0.0000,0.0000,0.0000,0.0000,0.0000,0.0000,0.8100,1.0000,0.6960,0.0000,0.0000,0.0760,0.0000,0.0000,0.0000,0.0000,0.0000,0.0760,0.0760,0.0000,0.0000,0.0950,0.0000,0.0000,0.0000,0.0000,0.0000,0.0000,0.0000,0.0000,0.0000,0.0000,0.0000
cpp_noexcept,0.0000,0.0760,0.0000,0.0000,0.0000,0.0000,0.0000,0.0000,0.0000,0.0000,0.0000,0.0000,0.0000,0.0000,0.0000,0.0000,0.0000,0.0000,0.0000,0.0000,0.0000,0.0000,0.0000,0.0760,0.0000,0.6200,0.0000,0.0760,0.0000,0.0000,0.0000,0.0000,0.0000,0.0000,0.0000,0.0760,0.0000,0.0000,0.0000,0.0000,0.0000,0.0000,0.0760,0.0000,0.0000,0.0000,0.0000,0.0000,0.0000,0.0000,0.0000,0.0000,0.0000,0.0000,0.0000,0.0000,0.0000,0.0000,0.0760,0.0000,0.0760,0.0000,0.0000,0.0000,0.0000,0.0000,0.0000,0.0000,0.0000,0.0000,0.0000,0.0000,0.0760,0.0000,0.0760,0.0000,0.0000,0.0000,0.0000,0.0000,0.0000,0.0000,0.0000,0.0000,0.0000,0.0000,0.6200,0.0760,0.0000,0.0000,0.0000,0.0000,0.0000,0.0000,0.0000,0.0000,0.0000,0.0000,0.0000,0.0760,0.0000,0.0000,0.0000,0.0000,0.0000,0.0000,0.0000,0.0000,0.0000,0.0000,0.0000,0.0000,0.0000,0.0000,0.0000,0.0000,0.0000,0.0000,0.0000,0.0000,0.0000,0.0000,0.0000,0.0760,0.0000,0.0000,0.0000,0.0000,0.0000,0.0000,0.0000,0.0000,0.0000,0.0000,0.0000,0.0000,0.0000,0.0000,0.0000,0.0760,0.0760,0.0760,0.0000,0.0760,0.0000,0.8100,0.6960,1.0000,0.0000,0.0760,0.0000,0.0000,0.0000,0.0000,0.0760,0.0760,0.0000,0.0000,0.0000,0.0000,0.0000,0.0000,0.0000,0.0000,0.0760,0.1900,0.0950,0.0000,0.0000,0.0760,0.0000,0.0000
cpp_constexpr,0.0000,0.0000,0.0633,0.0000,0.0633,0.0000,0.0000,0.0633,0.0633,0.0000,0.0760,0.0633,0.0000,0.0633,0.0000,0.0000,0.0633,0.0760,0.6960,0.0633,0.6200,0.0000,0.0000,0.0000,0.0000,0.0000,0.0000,0.0000,0.0000,0.0000,0.0000,0.0000,0.0000,0.0000,0.0000,0.0000,0.0000,0.0633,0.0000,0.0000,0.0633,0.0000,0.0000,0.0760,0.0000,0.0000,0.0633,0.0633,0.0633,0.0633,0.0000,0.0760,0.0000,0.0633,0.0000,0.0633,0.0000,0.0000,0.0000,0.0000,0.0000,0.0760,0.0000,0.0000,0.0000,0.0000,0.0633,0.0000,0.0000,0.0000,0.0000,0.0000,0.0000,0.0000,0.0000,0.0000,0.0000,0.0633,0.0000,0.0633,0.0000,0.0000,0.0000,0.0000,0.0000,0.0000,0.0000,0.0000,0.0633,0.0000,0.0000,0.0633,0.0000,0.0000,0.0000,0.0000,0.0000,0.0633,0.0760,0.0760,0.0950,0.0000,0.0000,0.0000,0.0000,0.0000,0.0760,0.0000,0.0000,0.0000,0.0000,0.0000,0.0000,0.0000,0.0000,0.0000,0.0760,0.0000,0.0000,0.0000,0.0000,0.0000,0.0000,0.0000,0.0000,0.0760,0.0000,0.0000,0.0000,0.0760,0.0000,0.0760,0.0760,0.0000,0.0760,0.0000,0.0000,0.0000,0.0000,0.0000,0.0760,0.0000,0.0760,0.0000,0.0950,0.0000,0.0000,0.0000,1.0000,0.6960,0.0000,0.0760,0.0760,0.0000,0.0000,0.0000,0.0000,0.0000,0.0000,0.0000,0.0000,0.0950,0.0950,0.0000,0.0000,0.0000,0.0000,0.0000,0.0000,0.0000,0.0000,0.0000
cpp_consteval_constinit,0.0000,0.0000,0.0000,0.0000,0.0000,0.0000,0.0000,0.0000,0.0000,0.0000,0.0000,0.0000,0.0000,0.0000,0.0000,0.0000,0.0000,0.0000,0.6200,0.0000,0.6200,0.0000,0.0000,0.0000,0.0000,0.0000,0.0000,0.0000,0.0000,0.0000,0.0000,0.0000,0.0000,0.0000,0.0000,0.0000,0.0000,0.0000,0.0000,0.0000,0.0000,0.0000,0.0000,0.0000,0.0000,0.0000,0.0000,0.0000,0.0000,0.0000,0.0000,0.0000,0.0000,0.0000,0.0000,0.0000,0.0000,0.0000,0.0000,0.0000,0.0000,0.0000,0.0000,0.0000,0.0000,0.0000,0.0000,0.0000,0.0000,0.0000,0.0000,0.0000,0.0000,0.0000,0.0000,0.0000,0.0000,0.0000,0.0000,0.0000,0.0000,0.0000,0.0000,0.0000,0.0000,0.0000,0.0000,0.0000,0.0000,0.0000,0.0000,0.0000,0.0000,0.0000,0.0000,0.0000,0.0000,0.0000,0.0000,0.0000,0.0000,0.0000,0.0000,0.0000,0.0000,0.0000,0.0000,0.0000,0.0000,0.0000,0.0000,0.0000,0.0000,0.0950,0.0000,0.0000,0.0000,0.0000,0.0000,0.0000,0.0000,0.0000,0.0000,0.0000,0.0950,0.0000,0.0000,0.0000,0.0000,0.0000,0.0000,0.0000,0.0000,0.0000,0.0000,0.0000,0.0000,0.0000,0.0000,0.0000,0.0000,0.0000,0.0000,0.0760,0.0000,0.0000,0.0000,0.0760,0.6960,1.0000,0.0000,0.0000,0.0000,0.0000,0.0760,0.0760,0.0000,0.0000,0.0000,0.0000,0.0000,0.0000,0.0000,0.0000,0.0760,0.0760,0.0000,0.0000,0.0000,0.0760,0.0000,0.0000
cpp_coroutine_lowering,0.0000,0.0000,0.0000,0.0000,0.0000,0.0000,0.0000,0.6200,0.0000,0.0760,0.0000,0.0000,0.0000,0.0000,0.0000,0.0000,0.0000,0.0000,0.0000,0.0000,0.0000,0.0760,0.0760,0.0000,0.0000,0.0760,0.0000,0.0000,0.0760,0.0760,0.0000,0.0000,0.0000,0.0000,0.0000,0.0000,0.0760,0.0000,0.0760,0.0000,0.0000,0.0000,0.0000,0.0000,0.0000,0.0000,0.0000,0.0000,0.0000,0.0000,0.0000,0.0000,0.0000,0.0000,0.0000,0.0000,0.0000,0.0000,0.0000,0.0000,0.0000,0.0000,0.0000,0.0000,0.0000,0.0000,0.0000,0.0000,0.0000,0.0000,0.0000,0.0000,0.0000,0.0000,0.0000,0.0760,0.0000,0.0000,0.0000,0.0000,0.0000,0.0000,0.0760,0.0000,0.6200,0.0000,0.0760,0.0000,0.0000,0.0000,0.0000,0.0000,0.0000,0.0000,0.0000,0.0000,0.0760,0.6200,0.0000,0.0000,0.0000,0.0000,0.0000,0.0000,0.0760,0.0000,0.0000,0.0000,0.0000,0.0000,0.0950,0.0000,0.0000,0.0000,0.0950,0.0000,0.0000,0.0760,0.0000,0.0000,0.0000,0.0760,0.0950,0.0760,0.0950,0.0760,0.0000,0.0000,0.0000,0.0000,0.0000,0.0000,0.0000,0.0000,0.0000,0.0000,0.0000,0.0000,0.0000,0.0000,0.0000,0.0000,0.0000,0.0000,0.0000,0.0000,0.0760,0.0000,0.0000,0.0000,1.0000,0.6960,0.8100,0.0000,0.0000,0.0000,0.0760,0.0760,0.0000,0.0000,0.0950,0.0000,0.0000,0.0000,0.0000,0.0000,0.0000,0.0000,0.0000,0.0000,0.0760,0.0000
cpp_co_await,0.0000,0.0000,0.1520,0.0000,0.1520,0.0000,0.0000,0.7720,0.1520,0.0760,0.0000,0.1520,0.0000,0.1520,0.0000,0.0000,0.1520,0.0000,0.0000,0.1520,0.0000,0.0760,0.0760,0.0000,0.0000,0.0760,0.0000,0.0000,0.0760,0.0760,0.0000,0.0000,0.0000,0.0000,0.0000,0.0000,0.0760,0.1520,0.0760,0.0000,0.1520,0.0000,0.0000,0.0000,0.0000,0.0000,0.1520,0.1520,0.1520,0.1520,0.0000,0.0000,0.0000,0.1520,0.0000,0.1520,0.0000,0.0000,0.0000,0.0000,0.0000,0.0000,0.0000,0.0000,0.0000,0.0000,0.1520,0.0000,0.0000,0.0000,0.0000,0.0000,0.0000,0.0000,0.0000,0.0760,0.0000,0.1520,0.0000,0.1520,0.0000,0.0000,0.0760,0.0000,0.6200,0.0000,0.0760,0.0000,0.1520,0.0000,0.0000,0.1520,0.0000,0.0000,0.0000,0.0000,0.0760,0.7720,0.0760,0.0760,0.0950,0.0000,0.0000,0.0000,0.0760,0.0000,0.0760,0.0000,0.0000,0.0000,0.0000,0.0000,0.0950,0.0000,0.0000,0.0000,0.0760,0.0000,0.0000,0.0000,0.0000,0.0000,0.0000,0.0000,0.0000,0.0760,0.0000,0.0000,0.0000,0.0000,0.0000,0.0000,0.0000,0.0000,0.0760,0.0000,0.0000,0.0000,0.0000,0.0000,0.0760,0.0000,0.0760,0.0000,0.0950,0.0000,0.0000,0.0000,0.0760,0.0000,0.6960,1.0000,0.8100,0.0000,0.0000,0.0000,0.0000,0.0000,0.0000,0.0000,0.0000,0.0000,0.0000,0.0000,0.0000,0.0000,0.0000,0.0950,0.0000,0.0000,0.0000,0.0000
cpp_co_yield,0.0000,0.0000,0.0633,0.0000,0.0633,0.0000,0.0000,0.6833,0.0633,0.0760,0.0000,0.0633,0.0000,0.0633,0.0000,0.0000,0.0633,0.0000,0.0000,0.0633,0.0000,0.0760,0.0760,0.0000,0.0000,0.0760,0.0000,0.0000,0.0760,0.0760,0.0000,0.0000,0.0000,0.0000,0.0000,0.0000,0.0760,0.0633,0.0760,0.0000,0.0633,0.0000,0.0000,0.0000,0.0000,0.0000,0.0633,0.0633,0.0633,0.0633,0.0000,0.0000,0.0000,0.0633,0.0000,0.0633,0.0000,0.0000,0.0000,0.0000,0.0000,0.0000,0.0000,0.0000,0.0000,0.0000,0.0633,0.0000,0.0000,0.0000,0.0000,0.0000,0.0000,0.0000,0.0000,0.0760,0.0000,0.0633,0.0000,0.0633,0.0000,0.0000,0.0760,0.0000,0.6200,0.0000,0.0760,0.0000,0.0633,0.0000,0.0000,0.0633,0.0000,0.0000,0.0000,0.0000,0.0760,0.6833,0.0760,0.0760,0.0950,0.0000,0.0000,0.0000,0.0000,0.0000,0.0760,0.0000,0.0000,0.0000,0.0000,0.0000,0.0000,0.0000,0.0000,0.0000,0.0760,0.0000,0.0000,0.0000,0.0000,0.0000,0.0000,0.0000,0.0000,0.0760,0.0000,0.0000,0.0000,0.0000,0.0000,0.0000,0.0000,0.0000,0.0760,0.0000,0.0000,0.0000,0.0000,0.0000,0.0760,0.0000,0.0760,0.0000,0.0950,0.0000,0.0000,0.0000,0.0760,0.0000,0.8100,0.8100,1.0000,0.0000,0.0000,0.0000,0.0000,0.0000,0.0000,0.0000,0.0000,0.0000,0.0000,0.0000,0.0000,0.0000,0.0000,0.0000,0.0000,0.0000,0.0760,0.0000
cpp_modules,0.0000,0.0000,0.0000,0.0000,0.0000,0.0000,0.0000,0.0000,0.0000,0.0000,0.0000,0.0000,0.0000,0.0000,0.0000,0.0000,0.0000,0.0000,0.0000,0.0000,0.0000,0.0000,0.0000,0.0000,0.0000,0.0000,0.0000,0.0000,0.0000,0.0000,0.0000,0.0000,0.0000,0.0000,0.0000,0.0000,0.0000,0.0000,0.0000,0.6200,0.0000,0.0000,0.0000,0.0000,0.0000,0.0000,0.0000,0.0000,0.0000,0.0000,0.0000,0.0000,0.0000,0.0000,0.0000,0.0000,0.0000,0.6200,0.0000,0.6200,0.0000,0.0000,0.0000,0.0000,0.0000,0.0000,0.0000,0.0000,0.0000,0.0000,0.0000,0.0000,0.0000,0.0000,0.0000,0.0000,0.0000,0.0000,0.0000,0.0000,0.0000,0.0000,0.0000,0.6200,0.0000,0.0000,0.0000,0.0000,0.0000,0.0000,0.0000,0.0000,0.0000,0.0000,0.0000,0.6200,0.0000,0.0000,0.0000,0.0000,0.0000,0.0000,0.0000,0.0000,0.0000,0.0000,0.0000,0.0000,0.0000,0.0000,0.0000,0.7150,0.0000,0.0000,0.0000,0.0000,0.0000,0.0000,0.0000,0.0000,0.0000,0.0000,0.0000,0.0000,0.0000,0.0000,0.0000,0.0760,0.6960,0.0000,0.0000,0.0000,0.0000,0.0000,0.0000,0.0000,0.0000,0.0000,0.0000,0.0000,0.0000,0.0000,0.0000,0.0760,0.0000,0.0000,0.0000,0.0000,0.0000,0.0000,0.0000,0.0000,0.0000,1.0000,0.6960,0.0000,0.0000,0.0000,0.0000,0.0760,0.0000,0.0000,0.0000,0.0950,0.0000,0.0000,0.0000,0.0000,0.0000,0.0000,0.0000,0.0000
cpp_odr,0.0000,0.0000,0.0000,0.0000,0.0000,0.0000,0.0000,0.0000,0.0000,0.0000,0.0000,0.0000,0.0760,0.0000,0.0000,0.0000,0.0000,0.0000,0.0000,0.0000,0.0000,0.0000,0.0000,0.0000,0.0000,0.0000,0.0000,0.0000,0.0000,0.0000,0.0000,0.0000,0.0000,0.0000,0.0000,0.0000,0.0000,0.0000,0.0000,0.6200,0.0000,0.0000,0.0000,0.0000,0.0000,0.0760,0.0000,0.0000,0.0000,0.0000,0.0000,0.0000,0.0000,0.0000,0.0000,0.0000,0.0000,0.6200,0.0000,0.6960,0.0000,0.0000,0.0000,0.0000,0.0000,0.0000,0.0000,0.0000,0.0000,0.0000,0.0000,0.0000,0.0000,0.0000,0.0000,0.0000,0.0760,0.0000,0.0760,0.0000,0.0000,0.0000,0.0000,0.6960,0.0000,0.0000,0.0000,0.0000,0.0000,0.0000,0.0000,0.0000,0.0000,0.0000,0.0000,0.6200,0.0000,0.0000,0.0000,0.0000,0.0000,0.0000,0.0000,0.0000,0.0000,0.0000,0.0000,0.0000,0.0000,0.0000,0.0000,0.7150,0.0000,0.0000,0.0000,0.0000,0.0000,0.0000,0.0000,0.0000,0.0000,0.0000,0.0000,0.0000,0.0000,0.0000,0.0000,0.0000,0.6960,0.0000,0.0000,0.0000,0.0000,0.0000,0.0000,0.0000,0.0000,0.0760,0.0000,0.0000,0.0000,0.0000,0.0000,0.0760,0.0000,0.0000,0.0000,0.0760,0.0000,0.0760,0.0000,0.0000,0.0000,0.6960,1.0000,0.0000,0.0000,0.0000,0.0000,0.0760,0.0000,0.0000,0.0000,0.0000,0.0760,0.0760,0.0000,0.0000,0.0000,0.0760,0.0000,0.0000
cpp_static_initialization,0.0000,0.0760,0.0000,0.0000,0.0000,0.0000,0.0000,0.0000,0.0000,0.0000,0.0000,0.0000,0.0000,0.0000,0.0000,0.0000,0.0000,0.0000,0.0000,0.0000,0.0000,0.0000,0.0000,0.0760,0.0000,0.0000,0.0000,0.0760,0.0000,0.0000,0.0000,0.0000,0.0000,0.0000,0.0000,0.0760,0.0000,0.0000,0.0000,0.0000,0.0000,0.0000,0.0760,0.0000,0.0000,0.0000,0.0000,0.0000,0.0000,0.0000,0.0000,0.0000,0.0000,0.0000,0.0000,0.0000,0.0000,0.0000,0.0760,0.0000,0.0760,0.0000,0.0000,0.0000,0.0000,0.0000,0.0000,0.0000,0.0000,0.0000,0.0000,0.0000,0.0760,0.0000,0.0760,0.0000,0.0000,0.0000,0.0000,0.0000,0.0000,0.0000,0.0000,0.0000,0.0000,0.0000,0.0000,0.0760,0.0000,0.0000,0.0000,0.0000,0.0000,0.0000,0.0000,0.0000,0.0000,0.0000,0.0000,0.0760,0.0000,0.0000,0.0000,0.0000,0.0000,0.0000,0.0000,0.0000,0.0000,0.0000,0.0950,0.0000,0.0000,0.7150,0.6200,0.0000,0.0000,0.0000,0.0000,0.0950,0.0000,0.0000,0.0000,0.0000,0.7150,0.0000,0.0000,0.0000,0.0000,0.0000,0.0000,0.0000,0.0000,0.0000,0.0000,0.0000,0.0000,0.0000,0.0000,0.0760,0.0760,0.0760,0.0000,0.0000,0.0000,0.0760,0.0000,0.0760,0.0000,0.0760,0.0000,0.0000,0.0000,0.0000,0.0000,1.0000,0.0000,0.0000,0.0000,0.0000,0.0000,0.0000,0.0000,0.0000,0.0000,0.0760,0.0950,0.0000,0.0000,0.0000,0.0000,0.0000
cpp_new_delete,0.0760,0.6960,0.0000,0.0000,0.0000,0.0000,0.0000,0.0000,0.0000,0.0000,0.0000,0.0000,0.0000,0.0000,0.0000,0.0000,0.0000,0.0000,0.0000,0.0000,0.0000,0.0000,0.0000,0.0760,0.0000,0.0000,0.0760,0.0760,0.0000,0.0000,0.0000,0.0000,0.0760,0.0000,0.0000,0.0760,0.0000,0.0000,0.0000,0.0000,0.0000,0.0000,0.0760,0.0000,0.0760,0.0000,0.0000,0.0000,0.0000,0.0000,0.0000,0.0000,0.6960,0.0000,0.0000,0.0000,0.0000,0.0000,0.0760,0.0000,0.0760,0.0000,0.0000,0.0000,0.0760,0.0000,0.0000,0.6200,0.0000,0.0000,0.0000,0.0000,0.0760,0.6200,0.0760,0.0000,0.0000,0.0000,0.0000,0.0000,0.0000,0.0000,0.0000,0.0000,0.0000,0.0000,0.0000,0.0760,0.0000,0.0000,0.0000,0.0000,0.0000,0.6960,0.0000,0.0000,0.0000,0.0000,0.0000,0.0000,0.0000,0.0000,0.0760,0.0000,0.0760,0.6200,0.6960,0.6960,0.6960,0.8100,0.0950,0.0000,0.0000,0.0000,0.0950,0.0000,0.0000,0.0760,0.0000,0.0000,0.0000,0.0760,0.0950,0.0760,0.0950,0.0760,0.0000,0.0000,0.0000,0.0000,0.0000,0.0000,0.0000,0.0000,0.0000,0.0000,0.0000,0.0000,0.0000,0.0000,0.0000,0.0000,0.0000,0.0000,0.0000,0.0000,0.0760,0.0000,0.0000,0.0000,0.0760,0.0000,0.0000,0.0000,0.0000,0.0000,1.0000,0.8100,0.0760,0.0000,0.0950,0.0000,0.0000,0.0000,0.0000,0.0000,0.0000,0.0000,0.0000,0.0000,0.0760,0.0760
cpp_placement_new,0.0760,0.6200,0.0000,0.0000,0.0000,0.0000,0.0000,0.0000,0.0000,0.0000,0.0000,0.0000,0.0000,0.0000,0.0000,0.0000,0.0000,0.0000,0.0000,0.0000,0.0000,0.0000,0.0000,0.0000,0.0000,0.0000,0.0760,0.0000,0.0000,0.0000,0.0000,0.0000,0.0760,0.0000,0.0000,0.0000,0.0000,0.0000,0.0000,0.0000,0.0000,0.0000,0.0000,0.0000,0.0760,0.0000,0.0000,0.0000,0.0000,0.0000,0.0000,0.0000,0.6960,0.0000,0.0000,0.0000,0.0000,0.0000,0.0000,0.0000,0.0000,0.0000,0.0000,0.0000,0.0760,0.0000,0.0000,0.6200,0.0000,0.0000,0.0000,0.0000,0.0000,0.6200,0.0000,0.0000,0.0000,0.0000,0.0000,0.0000,0.0000,0.0000,0.0000,0.0000,0.0000,0.0000,0.0000,0.0000,0.0000,0.0000,0.0000,0.0000,0.0000,0.6960,0.0000,0.0000,0.0000,0.0000,0.0000,0.0000,0.0000,0.0000,0.0760,0.0000,0.0760,0.7150,0.8100,0.8100,0.8100,0.6960,0.0950,0.0000,0.0000,0.0000,0.0950,0.0000,0.0000,0.0760,0.0000,0.0000,0.0000,0.0760,0.0950,0.0760,0.0950,0.0760,0.0000,0.0000,0.0000,0.0000,0.0000,0.0000,0.0000,0.0000,0.0000,0.0000,0.0000,0.0000,0.0000,0.0000,0.0000,0.0000,0.0000,0.0000,0.0000,0.0000,0.0760,0.0000,0.0000,0.0000,0.0760,0.0000,0.0000,0.0000,0.0000,0.0000,0.8100,1.0000,0.0760,0.0000,0.0950,0.0000,0.0000,0.0000,0.0000,0.0000,0.0000,0.0000,0.0000,0.0000,0.0000,0.0760
cpp_object_representation,0.6960,0.0000,0.0000,0.0760,0.0000,0.0000,0.0760,0.0000,0.0000,0.0000,0.0000,0.0000,0.0000,0.0000,0.0000,0.0760,0.0000,0.0000,0.0000,0.0000,0.0760,0.0000,0.0000,0.0000,0.0760,0.0000,0.0760,0.0000,0.0000,0.0000,0.0760,0.0760,0.0760,0.0760,0.0760,0.0000,0.0000,0.0000,0.0000,0.0760,0.0000,0.0760,0.0000,0.0000,0.6960,0.0000,0.0000,0.0000,0.0000,0.0000,0.0000,0.0000,0.0760,0.0000,0.0760,0.0000,0.0000,0.0760,0.0000,0.0000,0.0000,0.0000,0.0760,0.0760,0.0760,0.0760,0.0000,0.0760,0.0760,0.0760,0.0760,0.0760,0.0000,0.0760,0.0000,0.0000,0.0000,0.0000,0.0000,0.0000,0.0760,0.0760,0.0000,0.0000,0.0000,0.0000,0.0000,0.0000,0.0000,0.0760,0.0760,0.0000,0.0760,0.0760,0.0760,0.0760,0.0000,0.0000,0.0760,0.0000,0.0000,0.0950,1.0000,0.8733,0.0760,0.0000,0.0760,0.0760,0.0760,0.1900,0.0000,0.0000,0.0000,0.0000,0.0000,0.0000,0.0760,0.0760,0.0000,0.0000,0.0000,0.0000,0.0000,0.0000,0.0000,0.0000,0.0760,0.0000,0.0000,0.0760,0.0000,0.0000,0.0760,0.0000,0.0000,0.0000,0.0950,0.0000,0.0760,0.1900,0.0760,0.0760,0.1900,0.0000,0.0000,0.0000,0.0000,0.0000,0.0000,0.0000,0.0000,0.0000,0.0000,0.0000,0.0000,0.0000,0.0760,0.0760,1.0000,0.6960,0.7150,0.0000,0.0000,0.0000,0.0760,0.0000,0.0000,0.0000,0.0760,0.0000,0.0000,0.0760
cpp_abi_mangling,0.6960,0.0000,0.0000,0.0000,0.0000,0.0000,0.0000,0.0000,0.0000,0.0000,0.0000,0.0000,0.0000,0.0000,0.0000,0.0000,0.0000,0.0000,0.0000,0.0000,0.0000,0.0000,0.0000,0.0000,0.0000,0.0000,0.0760,0.0000,0.0000,0.0000,0.0000,0.0000,0.0760,0.0000,0.0000,0.0000,0.0000,0.0000,0.0000,0.0000,0.0000,0.0000,0.0000,0.0000,0.6960,0.0000,0.0000,0.0000,0.0000,0.0000,0.0000,0.0000,0.0760,0.0000,0.0000,0.0000,0.0000,0.0000,0.0000,0.0000,0.0000,0.0000,0.0000,0.0000,0.0760,0.0000,0.0000,0.0000,0.0000,0.0000,0.0000,0.0000,0.0000,0.0000,0.0000,0.0000,0.0000,0.0000,0.0000,0.0000,0.0000,0.0000,0.0000,0.0000,0.0000,0.0000,0.0000,0.0000,0.0000,0.0000,0.0000,0.0000,0.0000,0.0760,0.0000,0.0000,0.0000,0.0000,0.0000,0.0000,0.0000,0.0000,0.6960,0.7150,0.0000,0.0000,0.0000,0.0000,0.0000,0.0000,0.0000,0.0950,0.0000,0.0000,0.0000,0.0950,0.0760,0.0000,0.0000,0.0000,0.0000,0.0000,0.0000,0.0000,0.0000,0.0000,0.0000,0.0000,0.0000,0.0000,0.0000,0.0000,0.0000,0.0000,0.0000,0.0000,0.0000,0.0000,0.0000,0.0760,0.0760,0.0760,0.0760,0.0000,0.0000,0.0000,0.0000,0.0000,0.0000,0.0000,0.0000,0.0000,0.0000,0.0760,0.0760,0.0000,0.0000,0.0000,0.6960,1.0000,0.7150,0.0000,0.0000,0.0000,0.0760,0.0000,0.0000,0.0000,0.0000,0.0000,0.0000,0.0760
cpp_multiple_inheritance_layout,0.6200,0.0000,0.0000,0.0000,0.0000,0.0000,0.0000,0.0000,0.0000,0.0000,0.0000,0.0000,0.0000,0.0000,0.0000,0.0000,0.0000,0.0000,0.0000,0.0000,0.0000,0.0000,0.0000,0.0000,0.0000,0.0000,0.0000,0.0000,0.0000,0.0000,0.0000,0.0000,0.0000,0.0000,0.0000,0.0000,0.0000,0.0000,0.0000,0.0000,0.0000,0.0000,0.0000,0.0000,0.6200,0.0000,0.0000,0.0000,0.0000,0.0000,0.0000,0.0000,0.0000,0.0000,0.0000,0.0000,0.0000,0.0000,0.0000,0.0000,0.0000,0.0000,0.0000,0.0000,0.0000,0.0000,0.0000,0.0000,0.0000,0.0000,0.0000,0.0000,0.0000,0.0000,0.0000,0.0000,0.0000,0.0000,0.0000,0.0000,0.0000,0.0000,0.0000,0.0000,0.0000,0.0000,0.0000,0.0000,0.0000,0.0000,0.0000,0.0000,0.0000,0.0000,0.0000,0.0000,0.0000,0.0000,0.0000,0.0000,0.0000,0.0000,0.7150,0.7467,0.0950,0.0000,0.0000,0.0000,0.0000,0.0000,0.1267,0.0000,0.0000,0.0000,0.1267,0.0000,0.0000,0.0950,0.0000,0.0000,0.0000,0.0950,0.1267,0.0950,0.1267,0.0950,0.0000,0.0000,0.0000,0.0000,0.0000,0.0000,0.0000,0.0000,0.0000,0.0000,0.0000,0.0000,0.0000,0.0950,0.0950,0.0000,0.0950,0.0000,0.0000,0.0000,0.0950,0.0000,0.0000,0.0000,0.0950,0.0000,0.0000,0.0000,0.0000,0.0000,0.0950,0.0950,0.7150,0.7150,1.0000,0.0000,0.0000,0.0000,0.0950,0.0000,0.0000,0.0000,0.0000,0.0000,0.0000,0.0000
cpp_preprocessor_macro,0.0000,0.0000,0.0000,0.0000,0.0000,0.0000,0.6200,0.0000,0.0000,0.0000,0.0950,0.0000,0.0000,0.0000,0.0000,0.0000,0.0000,0.0950,0.0950,0.0000,0.0000,0.0000,0.0000,0.0000,0.0000,0.0000,0.0000,0.0000,0.0000,0.0000,0.0000,0.0000,0.0000,0.0000,0.0000,0.0000,0.0000,0.0000,0.0000,0.0000,0.0000,0.0000,0.0000,0.0950,0.0000,0.0000,0.0000,0.0000,0.0000,0.0000,0.0000,0.7150,0.0000,0.0000,0.0000,0.0000,0.0000,0.0000,0.0000,0.0000,0.0000,0.0950,0.0000,0.0000,0.0000,0.0000,0.0000,0.0000,0.0000,0.0000,0.0000,0.0000,0.0000,0.0000,0.0000,0.0000,0.0000,0.0000,0.0000,0.0000,0.0000,0.0000,0.0000,0.0000,0.0000,0.0000,0.0000,0.0000,0.0000,0.0000,0.0000,0.0000,0.0000,0.0000,0.0000,0.0000,0.0000,0.0000,0.0000,0.0000,0.0000,0.0000,0.0000,0.0000,0.0000,0.0000,0.0000,0.0000,0.0000,0.0000,0.0000,0.0000,0.0000,0.0000,0.0000,0.0000,0.0000,0.0000,0.0000,0.0000,0.0000,0.0000,0.0000,0.0000,0.0000,0.0000,0.0000,0.0000,0.0000,0.0950,0.0000,0.0950,0.0950,0.0000,0.0000,0.0000,0.0000,0.0000,0.0000,0.0000,0.0000,0.0000,0.0000,0.0000,0.0000,0.0000,0.0000,0.0000,0.0950,0.0000,0.0000,0.0000,0.0000,0.0000,0.0000,0.0000,0.0000,0.0000,0.0000,0.0000,0.0000,1.0000,1.0000,0.7467,0.6200,0.0000,0.0000,0.0000,0.0000,0.0000,0.0000,0.0000
cpp_preprocessor_conditional,0.0000,0.0000,0.0000,0.0000,0.0000,0.0000,0.6200,0.0000,0.0000,0.0000,0.0950,0.0000,0.0000,0.0000,0.0000,0.0000,0.0000,0.0950,0.0950,0.0000,0.0000,0.0000,0.0000,0.0000,0.0000,0.0000,0.0000,0.0000,0.0000,0.0000,0.0000,0.0000,0.0000,0.0000,0.0000,0.0000,0.0000,0.0000,0.0000,0.0000,0.0000,0.0000,0.0000,0.0950,0.0000,0.0000,0.0000,0.0000,0.0000,0.0000,0.0000,0.7150,0.0000,0.0000,0.0000,0.0000,0.0000,0.0000,0.0000,0.0000,0.0000,0.0950,0.0000,0.0000,0.0000,0.0000,0.0000,0.0000,0.0000,0.0000,0.0000,0.0000,0.0000,0.0000,0.0000,0.0000,0.0000,0.0000,0.0000,0.0000,0.0000,0.0000,0.0000,0.0000,0.0000,0.0000,0.0000,0.0000,0.0000,0.0000,0.0000,0.0000,0.0000,0.0000,0.0000,0.0000,0.0000,0.0000,0.0000,0.0000,0.0000,0.0000,0.0000,0.0000,0.0000,0.0000,0.0000,0.0000,0.0000,0.0000,0.0000,0.0000,0.0000,0.0000,0.0000,0.0000,0.0000,0.0000,0.0000,0.0000,0.0000,0.0000,0.0000,0.0000,0.0000,0.0000,0.0000,0.0000,0.0000,0.0950,0.0000,0.0950,0.0950,0.0000,0.0000,0.0000,0.0000,0.0000,0.0000,0.0000,0.0000,0.0000,0.0000,0.0000,0.0000,0.0000,0.0000,0.0000,0.0950,0.0000,0.0000,0.0000,0.0000,0.0000,0.0000,0.0000,0.0000,0.0000,0.0000,0.0000,0.0000,1.0000,1.0000,0.7467,0.6200,0.0000,0.0000,0.0000,0.0000,0.0000,0.0000,0.0000
cpp_include_model,0.0000,0.0000,0.0000,0.0000,0.0000,0.0000,0.6200,0.0000,0.0000,0.0000,0.0000,0.0000,0.0000,0.0000,0.0000,0.0000,0.0000,0.0000,0.0000,0.0000,0.0000,0.0000,0.0000,0.0000,0.0000,0.0000,0.0000,0.0000,0.0000,0.0000,0.0000,0.0000,0.0000,0.0000,0.0000,0.0000,0.0000,0.0000,0.0000,0.0000,0.0000,0.0000,0.0000,0.0000,0.0000,0.0000,0.0000,0.0000,0.0000,0.0000,0.0000,0.6200,0.0000,0.0000,0.0000,0.0000,0.0000,0.0000,0.0000,0.0000,0.0000,0.0000,0.0000,0.0000,0.0000,0.0000,0.0000,0.0000,0.0000,0.0000,0.0000,0.0000,0.0000,0.0000,0.0000,0.0000,0.0000,0.0000,0.0000,0.0000,0.0000,0.0000,0.0000,0.0000,0.0000,0.0000,0.0000,0.0000,0.0000,0.0000,0.0000,0.0000,0.0000,0.0000,0.0000,0.0000,0.0000,0.0000,0.0000,0.0000,0.0000,0.0000,0.0000,0.0000,0.0000,0.0000,0.0000,0.0000,0.0000,0.0000,0.0000,0.0000,0.0000,0.0000,0.0000,0.0000,0.0000,0.0000,0.0000,0.0000,0.0000,0.0000,0.0000,0.0000,0.0000,0.0000,0.0000,0.0000,0.0000,0.0000,0.0000,0.0000,0.0000,0.0000,0.0000,0.0000,0.0000,0.0000,0.0000,0.0000,0.0000,0.0000,0.0000,0.0000,0.0000,0.0000,0.0000,0.0000,0.0000,0.0000,0.0000,0.0000,0.0000,0.0950,0.0000,0.0000,0.0000,0.0000,0.0000,0.0000,0.0000,0.7467,0.7467,1.0000,0.6200,0.0000,0.0000,0.0000,0.0000,0.0000,0.0000,0.0000
cpp_attributes_pragmas,0.0000,0.0000,0.0000,0.0000,0.0000,0.0000,0.6200,0.0000,0.0000,0.0000,0.0760,0.0000,0.0000,0.0000,0.0000,0.0000,0.0000,0.0760,0.0760,0.0000,0.0000,0.0000,0.0000,0.0000,0.0000,0.0000,0.0000,0.0000,0.0000,0.0000,0.0000,0.0000,0.0000,0.0000,0.0000,0.0000,0.0000,0.0000,0.0000,0.0000,0.0000,0.0000,0.0000,0.0760,0.0000,0.0000,0.0000,0.0000,0.0000,0.0000,0.0000,0.6960,0.0000,0.0000,0.0000,0.0000,0.0000,0.0000,0.0000,0.0000,0.0000,0.0760,0.0000,0.0000,0.0000,0.0000,0.0000,0.0000,0.0000,0.0000,0.0000,0.0000,0.0000,0.0000,0.0000,0.0000,0.0000,0.0000,0.0000,0.0000,0.0000,0.0000,0.0000,0.0000,0.0000,0.0000,0.0000,0.0000,0.0000,0.0000,0.0000,0.0000,0.0000,0.0000,0.0000,0.0000,0.0000,0.0000,0.0000,0.0000,0.0000,0.0000,0.0760,0.0950,0.0000,0.0000,0.0000,0.0000,0.0000,0.0000,0.0000,0.0000,0.0000,0.0000,0.0000,0.0000,0.0000,0.0000,0.0000,0.0000,0.0000,0.0000,0.0000,0.0000,0.0000,0.0000,0.0000,0.0000,0.0000,0.0000,0.0000,0.0000,0.0000,0.0000,0.0000,0.0000,0.0000,0.0000,0.0000,0.0760,0.0760,0.0000,0.0760,0.0760,0.0000,0.0000,0.0000,0.0760,0.0000,0.0760,0.0000,0.0000,0.0000,0.0000,0.0760,0.0000,0.0000,0.0000,0.0760,0.0760,0.0950,0.6200,0.6200,0.6200,1.0000,0.0760,0.0000,0.0000,0.0000,0.0760,0.0000,0.0000
cpp_ub_model,0.0000,0.0760,0.0000,0.0000,0.0000,0.0000,0.0000,0.0000,0.0000,0.0000,0.0000,0.0000,0.0000,0.0000,0.0000,0.0000,0.0000,0.0000,0.0000,0.0000,0.0000,0.0000,0.0000,0.0760,0.0000,0.0000,0.0000,0.0760,0.0000,0.0000,0.0000,0.0000,0.0000,0.0000,0.0000,0.0760,0.0000,0.0000,0.0000,0.0000,0.0000,0.0000,0.0760,0.0000,0.0000,0.0000,0.0000,0.0000,0.0000,0.0000,0.0000,0.0000,0.0000,0.0000,0.0000,0.0000,0.0000,0.0000,0.0760,0.0000,0.0760,0.0000,0.0000,0.0000,0.0000,0.0000,0.0000,0.0000,0.0000,0.0000,0.0000,0.0000,0.0760,0.0000,0.0760,0.0000,0.0000,0.0000,0.0000,0.0000,0.0000,0.0000,0.0000,0.0000,0.0000,0.0000,0.0000,0.0760,0.0000,0.0000,0.0000,0.0000,0.0000,0.0000,0.0000,0.0000,0.0000,0.0000,0.0000,0.8100,0.0000,0.0000,0.0000,0.0000,0.0000,0.0000,0.0000,0.0760,0.0760,0.0000,0.0000,0.0000,0.0000,0.0000,0.0000,0.0000,0.0000,0.0760,0.0000,0.0000,0.0000,0.0000,0.0000,0.0000,0.0000,0.0000,0.0000,0.0000,0.0000,0.0000,0.0000,0.0000,0.0000,0.0000,0.0000,0.0000,0.0000,0.0000,0.0000,0.0760,0.0760,0.0760,0.0000,0.0760,0.0000,0.0760,0.0000,0.1900,0.0000,0.0760,0.0000,0.0000,0.0000,0.0000,0.0760,0.0760,0.0000,0.0000,0.0000,0.0000,0.0000,0.0000,0.0000,0.0000,0.0760,1.0000,0.7150,0.6200,0.0000,0.0760,0.0000,0.0000
cpp_impl_defined,0.0000,0.0950,0.0000,0.0000,0.0000,0.0000,0.0000,0.0000,0.0000,0.0000,0.0000,0.0000,0.0000,0.0000,0.0000,0.0000,0.0000,0.0000,0.0000,0.0000,0.0000,0.0000,0.0000,0.0950,0.0000,0.0000,0.0000,0.0950,0.0000,0.0000,0.0000,0.0000,0.0000,0.0000,0.0000,0.0950,0.0000,0.0000,0.0000,0.0000,0.0000,0.0000,0.0950,0.0000,0.0000,0.0000,0.0000,0.0000,0.0000,0.0000,0.0000,0.0000,0.0000,0.0000,0.0000,0.0000,0.0000,0.0000,0.0950,0.0000,0.0950,0.0000,0.0000,0.0000,0.0000,0.0000,0.0000,0.0000,0.0000,0.0000,0.0000,0.0000,0.0950,0.0000,0.0950,0.0000,0.0000,0.0000,0.0000,0.0000,0.0000,0.0000,0.0000,0.0000,0.0000,0.0000,0.0000,0.0950,0.0000,0.0000,0.0000,0.0000,0.0000,0.0000,0.0000,0.0000,0.0000,0.0000,0.0000,0.7150,0.0000,0.1267,0.0000,0.0000,0.0000,0.0000,0.0000,0.0000,0.0000,0.0000,0.0000,0.0000,0.0000,0.0000,0.0000,0.0000,0.0000,0.0000,0.0000,0.0000,0.0000,0.0000,0.0000,0.0000,0.0000,0.0000,0.0000,0.0000,0.0000,0.0000,0.0000,0.0000,0.0000,0.0000,0.0000,0.0000,0.0000,0.0000,0.0000,0.0950,0.0950,0.0950,0.0000,0.0000,0.0000,0.0950,0.0000,0.0950,0.0000,0.0000,0.0000,0.0000,0.0000,0.0000,0.0000,0.0950,0.0000,0.0000,0.0000,0.0000,0.0000,0.0000,0.0000,0.0000,0.0000,0.7150,1.0000,0.6200,0.0000,0.0000,0.0000,0.0000
cpp_unspecified_behavior,0.0000,0.0000,0.0760,0.0000,0.0760,0.0000,0.0000,0.0760,0.0760,0.0950,0.0000,0.0760,0.0000,0.0760,0.0000,0.0000,0.0760,0.0000,0.0000,0.0760,0.0000,0.0950,0.0950,0.0000,0.0000,0.0950,0.0000,0.0000,0.0950,0.0950,0.0000,0.0000,0.0000,0.0000,0.0000,0.0000,0.0950,0.0760,0.0950,0.0000,0.0760,0.0000,0.0000,0.0000,0.0000,0.0000,0.0760,0.0760,0.0760,0.0760,0.0000,0.0000,0.0000,0.0760,0.0000,0.0760,0.0000,0.0000,0.0000,0.0000,0.0000,0.0000,0.0000,0.0000,0.0000,0.0000,0.0760,0.0000,0.0000,0.0000,0.0000,0.0000,0.0000,0.0000,0.0000,0.0950,0.0000,0.0760,0.0000,0.0760,0.0000,0.0000,0.0950,0.0000,0.0000,0.0000,0.0950,0.0000,0.0760,0.0000,0.0000,0.0760,0.0000,0.0000,0.0000,0.0000,0.0950,0.0760,0.0000,0.6200,0.0000,0.0000,0.0000,0.0000,0.0950,0.0000,0.0000,0.0000,0.0000,0.0000,0.0000,0.0000,0.3800,0.0000,0.0000,0.0000,0.0000,0.0000,0.0000,0.0000,0.0000,0.0000,0.0000,0.0000,0.0000,0.0000,0.0000,0.0000,0.0000,0.0000,0.0000,0.0000,0.0000,0.0000,0.0000,0.0000,0.0000,0.0000,0.0000,0.0000,0.0000,0.0000,0.0000,0.0000,0.0000,0.0000,0.0000,0.0000,0.0000,0.0000,0.0000,0.0950,0.0000,0.0000,0.0000,0.0000,0.0000,0.0000,0.0000,0.0000,0.0000,0.0000,0.0000,0.0000,0.0000,0.6200,0.6200,1.0000,0.0000,0.0000,0.0000,0.0000
clang_ast_semantic_nodes,0.0000,0.0000,0.0633,0.0760,0.0633,0.0000,0.1900,0.0633,0.0633,0.0000,0.6200,0.0633,0.0000,0.0633,0.0000,0.1900,0.0633,0.6200,0.0000,0.0633,0.1900,0.0000,0.0000,0.0000,0.1900,0.0000,0.0000,0.0000,0.0000,0.0000,0.1900,0.0760,0.0000,0.1900,0.0760,0.0000,0.0000,0.0633,0.0000,0.1900,0.0633,0.1900,0.0000,0.6200,0.0000,0.0000,0.0633,0.0633,0.0633,0.0633,0.0000,0.0000,0.0000,0.0633,0.0760,0.0633,0.0000,0.1900,0.0000,0.0000,0.0000,0.6200,0.0760,0.0760,0.0000,0.1900,0.0633,0.0760,0.0760,0.0760,0.0760,0.0760,0.0000,0.0760,0.0000,0.0000,0.0000,0.0633,0.0000,0.0633,0.1900,0.0760,0.0000,0.0000,0.0000,0.0000,0.0000,0.0000,0.0633,0.0760,0.0760,0.0633,0.0760,0.0000,0.1900,0.1900,0.0000,0.0633,0.0760,0.0000,0.0000,0.0950,0.0760,0.0950,0.0760,0.0000,0.0000,0.0000,0.0000,0.0760,0.0000,0.0000,0.0000,0.0950,0.0950,0.0000,0.0760,0.0760,0.0000,0.0000,0.0760,0.0000,0.0000,0.0000,0.0000,0.0000,0.0760,0.0000,0.0000,0.0760,0.0000,0.0000,0.0760,0.0950,0.0760,0.0000,0.0950,0.0760,0.0760,0.0760,0.0000,0.0760,0.0760,0.0000,0.0000,0.0000,0.0000,0.0000,0.0000,0.0000,0.0000,0.0000,0.0000,0.0000,0.0000,0.0000,0.0000,0.0000,0.0760,0.0000,0.0000,0.0000,0.0000,0.0000,0.0000,0.0000,0.0000,0.0000,1.0000,0.6200,0.6200,0.6200
clang_sema_constraints,0.0000,0.0000,0.0000,0.0760,0.0000,0.0000,0.0760,0.0000,0.0000,0.0000,0.6200,0.0000,0.0760,0.0000,0.0000,0.0760,0.0000,0.6200,0.0000,0.0000,0.0760,0.0000,0.0000,0.0000,0.0760,0.0000,0.0000,0.0000,0.0000,0.0000,0.0760,0.0760,0.0000,0.0760,0.0760,0.0000,0.0000,0.0000,0.0000,0.0760,0.0000,0.0760,0.0000,0.6200,0.0000,0.0760,0.0000,0.0000,0.0000,0.0000,0.0000,0.0000,0.0000,0.0000,0.0760,0.0000,0.0000,0.0760,0.0000,0.0760,0.0000,0.6200,0.0760,0.0760,0.0000,0.0760,0.0000,0.0760,0.0760,0.0760,0.0760,0.0760,0.0000,0.0760,0.0000,0.0000,0.0760,0.0000,0.0760,0.0000,0.0760,0.0760,0.0000,0.0760,0.0000,0.0000,0.0000,0.0000,0.0000,0.0760,0.0760,0.0000,0.0760,0.0000,0.0760,0.0760,0.0000,0.0000,0.0000,0.0000,0.0000,0.0000,0.0000,0.0000,0.0000,0.0000,0.0000,0.0000,0.0000,0.0000,0.0000,0.0950,0.0000,0.0000,0.0000,0.0000,0.0000,0.0000,0.0000,0.0000,0.0000,0.0000,0.0000,0.0000,0.0000,0.0000,0.0000,0.0760,0.0760,0.0000,0.0000,0.0000,0.0000,0.0000,0.0000,0.0760,0.0950,0.0760,0.0000,0.0000,0.0000,0.0000,0.0000,0.1900,0.0000,0.0000,0.0000,0.0760,0.0000,0.0760,0.0000,0.0000,0.0000,0.0000,0.0760,0.0000,0.0000,0.0000,0.0000,0.0000,0.0000,0.0000,0.0000,0.0000,0.0760,0.0760,0.0000,0.0000,0.6200,1.0000,0.6200,0.6200
clang_cfg,0.0000,0.0760,0.0633,0.0000,0.0633,0.0000,0.0000,0.0633,0.0633,0.0760,0.6200,0.0633,0.0000,0.0633,0.0000,0.0000,0.0633,0.6200,0.0000,0.0633,0.0000,0.0760,0.0760,0.0760,0.0000,0.0760,0.0000,0.0760,0.0760,0.0760,0.0000,0.0000,0.0000,0.0000,0.0000,0.0760,0.0760,0.0633,0.0760,0.0000,0.0633,0.0000,0.0760,0.6200,0.0000,0.0000,0.0633,0.0633,0.0633,0.0633,0.0000,0.0000,0.0000,0.0633,0.0000,0.0633,0.0000,0.0000,0.0760,0.0000,0.0760,0.6200,0.0000,0.0000,0.0000,0.0000,0.0633,0.0000,0.0000,0.0000,0.0000,0.0000,0.0760,0.0000,0.0760,0.0760,0.0000,0.0633,0.0000,0.0633,0.0000,0.0000,0.0760,0.0000,0.0000,0.0000,0.0760,0.0760,0.0633,0.0000,0.0000,0.0633,0.0000,0.0000,0.0000,0.0000,0.0760,0.0633,0.0000,0.0000,0.0000,0.0000,0.0000,0.0000,0.0000,0.0000,0.0000,0.0000,0.0000,0.0760,0.0000,0.0000,0.0000,0.0000,0.0000,0.0000,0.0000,0.0000,0.0000,0.0000,0.0000,0.0000,0.0000,0.0000,0.0000,0.0000,0.0000,0.0000,0.0000,0.0000,0.0000,0.0000,0.0000,0.0000,0.0000,0.0000,0.0000,0.0000,0.0000,0.0000,0.0000,0.0000,0.0000,0.0000,0.0000,0.0000,0.0000,0.0000,0.0000,0.0000,0.0760,0.0000,0.0760,0.0000,0.0000,0.0000,0.0760,0.0000,0.0000,0.0000,0.0000,0.0000,0.0000,0.0000,0.0000,0.0000,0.0000,0.0000,0.6200,0.6200,1.0000,0.6200
clang_codegen_lowering,0.1900,0.0000,0.0000,0.0000,0.0000,0.0000,0.0000,0.0000,0.0000,0.0000,0.6960,0.0000,0.0000,0.0000,0.0000,0.0000,0.0000,0.6960,0.0760,0.0000,0.0000,0.0000,0.0000,0.0000,0.0000,0.0000,0.1900,0.0000,0.0000,0.0000,0.0000,0.0000,0.1900,0.0000,0.0000,0.0000,0.0000,0.0000,0.0000,0.0000,0.0000,0.0000,0.0000,0.6960,0.1900,0.0000,0.0000,0.0000,0.0000,0.0000,0.0000,0.0760,0.1900,0.0000,0.0000,0.0000,0.0000,0.0000,0.0000,0.0000,0.0000,0.6960,0.0000,0.0000,0.1900,0.0000,0.0000,0.0000,0.0000,0.0000,0.0000,0.0000,0.0000,0.0000,0.0000,0.0000,0.0000,0.0000,0.0000,0.0000,0.0000,0.0000,0.0000,0.0000,0.0000,0.0000,0.0000,0.0000,0.0000,0.0000,0.0000,0.0000,0.0000,0.1900,0.0000,0.0000,0.0000,0.0000,0.0000,0.0000,0.0000,0.0000,0.0760,0.0000,0.0000,0.0000,0.0760,0.0760,0.0760,0.0760,0.0000,0.0000,0.0000,0.0000,0.0000,0.0950,0.0760,0.0000,0.0000,0.0000,0.0000,0.0000,0.0000,0.0000,0.0000,0.0000,0.0000,0.0000,0.0000,0.0000,0.0000,0.0000,0.0000,0.0000,0.0000,0.0000,0.0000,0.0000,0.0000,0.0000,0.0000,0.0760,0.0000,0.0000,0.0000,0.0000,0.0000,0.0000,0.0000,0.0000,0.0000,0.0000,0.0000,0.0000,0.0000,0.0000,0.0760,0.0760,0.0760,0.0760,0.0000,0.0000,0.0000,0.0000,0.0000,0.0000,0.0000,0.0000,0.6200,0.6200,0.6200,1.0000
