case_id,source_language,target_language,v0_parse,v1_matrixir,v2_uast,v3_closure,v4_emit,v5_reparse,v6_compile,v7_execute,v8_behavior,route,diagnostic
fba6c45370b109b20609996eb266d10c70c1004080f5857a4eb7cc9d5aab4db3,python,r,PASS,PASS,PASS,PASS,PASS,PASS,SKIP,SKIP,SKIP,DIRECT,
fba6c45370b109b20609996eb266d10c70c1004080f5857a4eb7cc9d5aab4db3,python,go,PASS,PASS,PASS,PASS,PASS,PASS,SKIP,SKIP,SKIP,DIRECT,
fba6c45370b109b20609996eb266d10c70c1004080f5857a4eb7cc9d5aab4db3,python,rust,PASS,PASS,PASS,PASS,FAIL,SKIP,SKIP,SKIP,SKIP,DIRECT,"DIRECT_NATIVE_UNAVAILABLE: target rust emitted invalid syntax (expected expression: error: expected identifier, found keyword `match` --> C:\Users\tarek\AppData\Local\Temp\codetranspiler-syntax-3252024919\program.rs:3:13 | 3 | let mut match"
fba6c45370b109b20609996eb266d10c70c1004080f5857a4eb7cc9d5aab4db3,python,cpp,PASS,PASS,PASS,PASS,FAIL,SKIP,SKIP,SKIP,SKIP,DIRECT,DIRECT_NATIVE_UNAVAILABLE: target cpp emitted invalid syntax (other: C:\Users\tarek\AppData\Local\Temp\codetranspiler-syntax-1854131902\program.cpp: In function 'int main()': C:\Users\tarek\AppData\Local\Temp\codetranspiler-syntax-185413190
fba6c45370b109b20609996eb266d10c70c1004080f5857a4eb7cc9d5aab4db3,python,c,PASS,PASS,PASS,PASS,FAIL,SKIP,SKIP,SKIP,SKIP,DIRECT,DIRECT_NATIVE_UNAVAILABLE: target c emitted invalid syntax (other: C:\Users\tarek\AppData\Local\Temp\codetranspiler-syntax-1412023729\program.c: In function 'main': C:\Users\tarek\AppData\Local\Temp\codetranspiler-syntax-1412023729\program.
fba6c45370b109b20609996eb266d10c70c1004080f5857a4eb7cc9d5aab4db3,python,python,PASS,PASS,PASS,PASS,PASS,PASS,SKIP,SKIP,SKIP,DIRECT,
fba6c45370b109b20609996eb266d10c70c1004080f5857a4eb7cc9d5aab4db3,python,zig,PASS,PASS,PASS,PASS,PASS,PASS,SKIP,SKIP,SKIP,DIRECT,
fba6c45370b109b20609996eb266d10c70c1004080f5857a4eb7cc9d5aab4db3,python,julia,PASS,PASS,PASS,PASS,PASS,PASS,SKIP,SKIP,SKIP,DIRECT,
fba6c45370b109b20609996eb266d10c70c1004080f5857a4eb7cc9d5aab4db3,python,nim,PASS,PASS,PASS,PASS,PASS,PASS,SKIP,SKIP,SKIP,DIRECT,
fba6c45370b109b20609996eb266d10c70c1004080f5857a4eb7cc9d5aab4db3,python,csharp,PASS,PASS,PASS,PASS,PASS,PASS,SKIP,SKIP,SKIP,DIRECT,
fba6c45370b109b20609996eb266d10c70c1004080f5857a4eb7cc9d5aab4db3,python,java,PASS,PASS,PASS,PASS,FAIL,SKIP,SKIP,SKIP,SKIP,DIRECT,"DIRECT_NATIVE_UNAVAILABLE: target java emitted invalid syntax (other: C:\Users\tarek\AppData\Local\Temp\codetranspiler-syntax-1047868425\Main.java:9: Fehler: Keine Anweisung new double[]{1, 2, 3}; ^ 1 Fehler)"
fba6c45370b109b20609996eb266d10c70c1004080f5857a4eb7cc9d5aab4db3,python,kotlin,PASS,PASS,PASS,PASS,PASS,PASS,SKIP,SKIP,SKIP,DIRECT,
fba6c45370b109b20609996eb266d10c70c1004080f5857a4eb7cc9d5aab4db3,python,swift,PASS,PASS,PASS,PASS,PASS,PASS,SKIP,SKIP,SKIP,DIRECT,
97316f3385c9a3dd1c6645a5673e49686224fd016876d92998550724b41d14f0,python,r,PASS,PASS,PASS,PASS,PASS,PASS,SKIP,SKIP,SKIP,DIRECT,
97316f3385c9a3dd1c6645a5673e49686224fd016876d92998550724b41d14f0,python,go,PASS,PASS,PASS,PASS,PASS,PASS,SKIP,SKIP,SKIP,DIRECT,
97316f3385c9a3dd1c6645a5673e49686224fd016876d92998550724b41d14f0,python,rust,PASS,PASS,PASS,PASS,FAIL,SKIP,SKIP,SKIP,SKIP,DIRECT,"DIRECT_NATIVE_UNAVAILABLE: target rust emitted invalid syntax (expected expression: error: expected identifier, found keyword `match` --> C:\Users\tarek\AppData\Local\Temp\codetranspiler-syntax-3987520690\program.rs:4:13 | 4 | let mut match"
97316f3385c9a3dd1c6645a5673e49686224fd016876d92998550724b41d14f0,python,cpp,PASS,PASS,PASS,PASS,FAIL,SKIP,SKIP,SKIP,SKIP,DIRECT,DIRECT_NATIVE_UNAVAILABLE: target cpp emitted invalid syntax (other: C:\Users\tarek\AppData\Local\Temp\codetranspiler-syntax-3778428223\program.cpp: In function 'int main()': C:\Users\tarek\AppData\Local\Temp\codetranspiler-syntax-377842822
97316f3385c9a3dd1c6645a5673e49686224fd016876d92998550724b41d14f0,python,c,PASS,PASS,PASS,PASS,FAIL,SKIP,SKIP,SKIP,SKIP,DIRECT,DIRECT_NATIVE_UNAVAILABLE: target c emitted invalid syntax (other: C:\Users\tarek\AppData\Local\Temp\codetranspiler-syntax-4086230976\program.c: In function 'main': C:\Users\tarek\AppData\Local\Temp\codetranspiler-syntax-4086230976\program.
97316f3385c9a3dd1c6645a5673e49686224fd016876d92998550724b41d14f0,python,python,PASS,PASS,PASS,PASS,PASS,PASS,SKIP,SKIP,SKIP,DIRECT,
97316f3385c9a3dd1c6645a5673e49686224fd016876d92998550724b41d14f0,python,zig,PASS,PASS,PASS,PASS,PASS,PASS,SKIP,SKIP,SKIP,DIRECT,
97316f3385c9a3dd1c6645a5673e49686224fd016876d92998550724b41d14f0,python,julia,PASS,PASS,PASS,PASS,PASS,PASS,SKIP,SKIP,SKIP,DIRECT,
97316f3385c9a3dd1c6645a5673e49686224fd016876d92998550724b41d14f0,python,nim,PASS,PASS,PASS,PASS,PASS,PASS,SKIP,SKIP,SKIP,DIRECT,
97316f3385c9a3dd1c6645a5673e49686224fd016876d92998550724b41d14f0,python,csharp,PASS,PASS,PASS,PASS,PASS,PASS,SKIP,SKIP,SKIP,DIRECT,
97316f3385c9a3dd1c6645a5673e49686224fd016876d92998550724b41d14f0,python,java,PASS,PASS,PASS,PASS,FAIL,SKIP,SKIP,SKIP,SKIP,DIRECT,DIRECT_NATIVE_UNAVAILABLE: target java emitted invalid syntax (other: C:\Users\tarek\AppData\Local\Temp\codetranspiler-syntax-464171425\Main.java:5: Fehler: Symbol nicht gefunden var a = new double[]{match}; ^ Symbol: Variable match Ort: Kl
97316f3385c9a3dd1c6645a5673e49686224fd016876d92998550724b41d14f0,python,kotlin,PASS,PASS,PASS,PASS,PASS,PASS,SKIP,SKIP,SKIP,DIRECT,
97316f3385c9a3dd1c6645a5673e49686224fd016876d92998550724b41d14f0,python,swift,PASS,PASS,PASS,PASS,PASS,PASS,SKIP,SKIP,SKIP,DIRECT,
8c4ee3144dcd37799e043bd27da1ae9a2c2cf94e29499e7d9240dd403e0b76ad,python,r,PASS,PASS,PASS,PASS,FAIL,SKIP,SKIP,SKIP,SKIP,DIRECT,"universal node 1 lacks required ""expression"" child"
8c4ee3144dcd37799e043bd27da1ae9a2c2cf94e29499e7d9240dd403e0b76ad,python,go,PASS,PASS,PASS,PASS,FAIL,SKIP,SKIP,SKIP,SKIP,DIRECT,DIRECT_NATIVE_UNAVAILABLE: unsupported UAST node OperationExpr/1
8c4ee3144dcd37799e043bd27da1ae9a2c2cf94e29499e7d9240dd403e0b76ad,python,rust,PASS,PASS,PASS,PASS,FAIL,SKIP,SKIP,SKIP,SKIP,DIRECT,DIRECT_NATIVE_UNAVAILABLE: unsupported UAST node OperationExpr/1
8c4ee3144dcd37799e043bd27da1ae9a2c2cf94e29499e7d9240dd403e0b76ad,python,cpp,PASS,PASS,PASS,PASS,FAIL,SKIP,SKIP,SKIP,SKIP,DIRECT,DIRECT_NATIVE_UNAVAILABLE: unsupported UAST node OperationExpr/1
8c4ee3144dcd37799e043bd27da1ae9a2c2cf94e29499e7d9240dd403e0b76ad,python,c,PASS,PASS,PASS,PASS,FAIL,SKIP,SKIP,SKIP,SKIP,DIRECT,DIRECT_NATIVE_UNAVAILABLE: unsupported UAST node OperationExpr/1
8c4ee3144dcd37799e043bd27da1ae9a2c2cf94e29499e7d9240dd403e0b76ad,python,python,PASS,PASS,PASS,PASS,FAIL,SKIP,SKIP,SKIP,SKIP,DIRECT,DIRECT_NATIVE_UNAVAILABLE: unsupported UAST node OperationExpr/1
8c4ee3144dcd37799e043bd27da1ae9a2c2cf94e29499e7d9240dd403e0b76ad,python,zig,PASS,PASS,PASS,PASS,FAIL,SKIP,SKIP,SKIP,SKIP,DIRECT,DIRECT_NATIVE_UNAVAILABLE: unsupported UAST node OperationExpr/1
8c4ee3144dcd37799e043bd27da1ae9a2c2cf94e29499e7d9240dd403e0b76ad,python,julia,PASS,PASS,PASS,PASS,FAIL,SKIP,SKIP,SKIP,SKIP,DIRECT,DIRECT_NATIVE_UNAVAILABLE: unsupported UAST node OperationExpr/1
8c4ee3144dcd37799e043bd27da1ae9a2c2cf94e29499e7d9240dd403e0b76ad,python,nim,PASS,PASS,PASS,PASS,FAIL,SKIP,SKIP,SKIP,SKIP,DIRECT,DIRECT_NATIVE_UNAVAILABLE: unsupported UAST node OperationExpr/1
8c4ee3144dcd37799e043bd27da1ae9a2c2cf94e29499e7d9240dd403e0b76ad,python,csharp,PASS,PASS,PASS,PASS,FAIL,SKIP,SKIP,SKIP,SKIP,DIRECT,DIRECT_NATIVE_UNAVAILABLE: unsupported UAST node OperationExpr/1
8c4ee3144dcd37799e043bd27da1ae9a2c2cf94e29499e7d9240dd403e0b76ad,python,java,PASS,PASS,PASS,PASS,FAIL,SKIP,SKIP,SKIP,SKIP,DIRECT,DIRECT_NATIVE_UNAVAILABLE: unsupported UAST node OperationExpr/1
8c4ee3144dcd37799e043bd27da1ae9a2c2cf94e29499e7d9240dd403e0b76ad,python,kotlin,PASS,PASS,PASS,PASS,FAIL,SKIP,SKIP,SKIP,SKIP,DIRECT,DIRECT_NATIVE_UNAVAILABLE: unsupported UAST node OperationExpr/1
8c4ee3144dcd37799e043bd27da1ae9a2c2cf94e29499e7d9240dd403e0b76ad,python,swift,PASS,PASS,PASS,PASS,FAIL,SKIP,SKIP,SKIP,SKIP,DIRECT,DIRECT_NATIVE_UNAVAILABLE: unsupported UAST node OperationExpr/1
78e52d3105e1e8f5d9378a6d9551378ae140c3228d59253ef63ab88d76130783,python,r,PASS,PASS,PASS,PASS,FAIL,SKIP,SKIP,SKIP,SKIP,DIRECT,"universal node 1 lacks required ""expression"" child"
78e52d3105e1e8f5d9378a6d9551378ae140c3228d59253ef63ab88d76130783,python,go,PASS,PASS,PASS,PASS,FAIL,SKIP,SKIP,SKIP,SKIP,DIRECT,DIRECT_NATIVE_UNAVAILABLE: unsupported UAST node OperationExpr/1
78e52d3105e1e8f5d9378a6d9551378ae140c3228d59253ef63ab88d76130783,python,rust,PASS,PASS,PASS,PASS,FAIL,SKIP,SKIP,SKIP,SKIP,DIRECT,DIRECT_NATIVE_UNAVAILABLE: unsupported UAST node OperationExpr/1
78e52d3105e1e8f5d9378a6d9551378ae140c3228d59253ef63ab88d76130783,python,cpp,PASS,PASS,PASS,PASS,FAIL,SKIP,SKIP,SKIP,SKIP,DIRECT,DIRECT_NATIVE_UNAVAILABLE: unsupported UAST node OperationExpr/1
78e52d3105e1e8f5d9378a6d9551378ae140c3228d59253ef63ab88d76130783,python,c,PASS,PASS,PASS,PASS,FAIL,SKIP,SKIP,SKIP,SKIP,DIRECT,DIRECT_NATIVE_UNAVAILABLE: unsupported UAST node OperationExpr/1
78e52d3105e1e8f5d9378a6d9551378ae140c3228d59253ef63ab88d76130783,python,python,PASS,PASS,PASS,PASS,FAIL,SKIP,SKIP,SKIP,SKIP,DIRECT,DIRECT_NATIVE_UNAVAILABLE: unsupported UAST node OperationExpr/1
78e52d3105e1e8f5d9378a6d9551378ae140c3228d59253ef63ab88d76130783,python,zig,PASS,PASS,PASS,PASS,FAIL,SKIP,SKIP,SKIP,SKIP,DIRECT,DIRECT_NATIVE_UNAVAILABLE: unsupported UAST node OperationExpr/1
78e52d3105e1e8f5d9378a6d9551378ae140c3228d59253ef63ab88d76130783,python,julia,PASS,PASS,PASS,PASS,FAIL,SKIP,SKIP,SKIP,SKIP,DIRECT,DIRECT_NATIVE_UNAVAILABLE: unsupported UAST node OperationExpr/1
78e52d3105e1e8f5d9378a6d9551378ae140c3228d59253ef63ab88d76130783,python,nim,PASS,PASS,PASS,PASS,FAIL,SKIP,SKIP,SKIP,SKIP,DIRECT,DIRECT_NATIVE_UNAVAILABLE: unsupported UAST node OperationExpr/1
78e52d3105e1e8f5d9378a6d9551378ae140c3228d59253ef63ab88d76130783,python,csharp,PASS,PASS,PASS,PASS,FAIL,SKIP,SKIP,SKIP,SKIP,DIRECT,DIRECT_NATIVE_UNAVAILABLE: unsupported UAST node OperationExpr/1
78e52d3105e1e8f5d9378a6d9551378ae140c3228d59253ef63ab88d76130783,python,java,PASS,PASS,PASS,PASS,FAIL,SKIP,SKIP,SKIP,SKIP,DIRECT,DIRECT_NATIVE_UNAVAILABLE: unsupported UAST node OperationExpr/1
78e52d3105e1e8f5d9378a6d9551378ae140c3228d59253ef63ab88d76130783,python,kotlin,PASS,PASS,PASS,PASS,FAIL,SKIP,SKIP,SKIP,SKIP,DIRECT,DIRECT_NATIVE_UNAVAILABLE: unsupported UAST node OperationExpr/1
78e52d3105e1e8f5d9378a6d9551378ae140c3228d59253ef63ab88d76130783,python,swift,PASS,PASS,PASS,PASS,FAIL,SKIP,SKIP,SKIP,SKIP,DIRECT,DIRECT_NATIVE_UNAVAILABLE: unsupported UAST node OperationExpr/1
de2c9d27a8477d7722053942899f8650055e536fc1d0693b592b68263bd9c279,python,r,PASS,PASS,PASS,PASS,FAIL,SKIP,SKIP,SKIP,SKIP,DIRECT,"universal node 9 lacks required ""expression"" child"
de2c9d27a8477d7722053942899f8650055e536fc1d0693b592b68263bd9c279,python,go,PASS,PASS,PASS,PASS,FAIL,SKIP,SKIP,SKIP,SKIP,DIRECT,DIRECT_NATIVE_UNAVAILABLE: unsupported UAST node OperationExpr/9
de2c9d27a8477d7722053942899f8650055e536fc1d0693b592b68263bd9c279,python,rust,PASS,PASS,PASS,PASS,FAIL,SKIP,SKIP,SKIP,SKIP,DIRECT,DIRECT_NATIVE_UNAVAILABLE: unsupported UAST node OperationExpr/9
de2c9d27a8477d7722053942899f8650055e536fc1d0693b592b68263bd9c279,python,cpp,PASS,PASS,PASS,PASS,FAIL,SKIP,SKIP,SKIP,SKIP,DIRECT,DIRECT_NATIVE_UNAVAILABLE: unsupported UAST node OperationExpr/9
de2c9d27a8477d7722053942899f8650055e536fc1d0693b592b68263bd9c279,python,c,PASS,PASS,PASS,PASS,FAIL,SKIP,SKIP,SKIP,SKIP,DIRECT,DIRECT_NATIVE_UNAVAILABLE: unsupported UAST node OperationExpr/9
de2c9d27a8477d7722053942899f8650055e536fc1d0693b592b68263bd9c279,python,python,PASS,PASS,PASS,PASS,FAIL,SKIP,SKIP,SKIP,SKIP,DIRECT,DIRECT_NATIVE_UNAVAILABLE: unsupported UAST node OperationExpr/9
de2c9d27a8477d7722053942899f8650055e536fc1d0693b592b68263bd9c279,python,zig,PASS,PASS,PASS,PASS,FAIL,SKIP,SKIP,SKIP,SKIP,DIRECT,DIRECT_NATIVE_UNAVAILABLE: unsupported UAST node OperationExpr/9
de2c9d27a8477d7722053942899f8650055e536fc1d0693b592b68263bd9c279,python,julia,PASS,PASS,PASS,PASS,FAIL,SKIP,SKIP,SKIP,SKIP,DIRECT,DIRECT_NATIVE_UNAVAILABLE: unsupported UAST node OperationExpr/9
de2c9d27a8477d7722053942899f8650055e536fc1d0693b592b68263bd9c279,python,nim,PASS,PASS,PASS,PASS,FAIL,SKIP,SKIP,SKIP,SKIP,DIRECT,DIRECT_NATIVE_UNAVAILABLE: unsupported UAST node OperationExpr/9
de2c9d27a8477d7722053942899f8650055e536fc1d0693b592b68263bd9c279,python,csharp,PASS,PASS,PASS,PASS,FAIL,SKIP,SKIP,SKIP,SKIP,DIRECT,DIRECT_NATIVE_UNAVAILABLE: unsupported UAST node OperationExpr/9
de2c9d27a8477d7722053942899f8650055e536fc1d0693b592b68263bd9c279,python,java,PASS,PASS,PASS,PASS,FAIL,SKIP,SKIP,SKIP,SKIP,DIRECT,DIRECT_NATIVE_UNAVAILABLE: unsupported UAST node OperationExpr/9
de2c9d27a8477d7722053942899f8650055e536fc1d0693b592b68263bd9c279,python,kotlin,PASS,PASS,PASS,PASS,FAIL,SKIP,SKIP,SKIP,SKIP,DIRECT,DIRECT_NATIVE_UNAVAILABLE: unsupported UAST node OperationExpr/9
de2c9d27a8477d7722053942899f8650055e536fc1d0693b592b68263bd9c279,python,swift,PASS,PASS,PASS,PASS,FAIL,SKIP,SKIP,SKIP,SKIP,DIRECT,DIRECT_NATIVE_UNAVAILABLE: unsupported UAST node OperationExpr/9
d3e516faaf481d7fdac05b95e9491445e830b440b6f8f6d3f5255086cc46bf23,python,r,PASS,PASS,PASS,PASS,PASS,PASS,SKIP,SKIP,SKIP,DIRECT,
d3e516faaf481d7fdac05b95e9491445e830b440b6f8f6d3f5255086cc46bf23,python,go,PASS,PASS,PASS,PASS,PASS,PASS,SKIP,SKIP,SKIP,DIRECT,
d3e516faaf481d7fdac05b95e9491445e830b440b6f8f6d3f5255086cc46bf23,python,rust,PASS,PASS,PASS,PASS,FAIL,SKIP,SKIP,SKIP,SKIP,DIRECT,DIRECT_NATIVE_UNAVAILABLE: target rust emitted invalid syntax (other: error[E0425]: cannot find value `False` in this scope --> C:\Users\tarek\AppData\Local\Temp\codetranspiler-syntax-3884337969\program.rs:3:17 | 3 | let mut x = False.clone
d3e516faaf481d7fdac05b95e9491445e830b440b6f8f6d3f5255086cc46bf23,python,cpp,PASS,PASS,PASS,PASS,FAIL,SKIP,SKIP,SKIP,SKIP,DIRECT,DIRECT_NATIVE_UNAVAILABLE: target cpp emitted invalid syntax (other: C:\Users\tarek\AppData\Local\Temp\codetranspiler-syntax-1229187591\program.cpp: In function 'int main()': C:\Users\tarek\AppData\Local\Temp\codetranspiler-syntax-122918759
d3e516faaf481d7fdac05b95e9491445e830b440b6f8f6d3f5255086cc46bf23,python,c,PASS,PASS,PASS,PASS,FAIL,SKIP,SKIP,SKIP,SKIP,DIRECT,DIRECT_NATIVE_UNAVAILABLE: target c emitted invalid syntax (other: C:\Users\tarek\AppData\Local\Temp\codetranspiler-syntax-2611919097\program.c: In function 'main': C:\Users\tarek\AppData\Local\Temp\codetranspiler-syntax-2611919097\program.
d3e516faaf481d7fdac05b95e9491445e830b440b6f8f6d3f5255086cc46bf23,python,python,PASS,PASS,PASS,PASS,PASS,PASS,SKIP,SKIP,SKIP,DIRECT,
d3e516faaf481d7fdac05b95e9491445e830b440b6f8f6d3f5255086cc46bf23,python,zig,PASS,PASS,PASS,PASS,PASS,PASS,SKIP,SKIP,SKIP,DIRECT,
d3e516faaf481d7fdac05b95e9491445e830b440b6f8f6d3f5255086cc46bf23,python,julia,PASS,PASS,PASS,PASS,PASS,PASS,SKIP,SKIP,SKIP,DIRECT,
d3e516faaf481d7fdac05b95e9491445e830b440b6f8f6d3f5255086cc46bf23,python,nim,PASS,PASS,PASS,PASS,PASS,PASS,SKIP,SKIP,SKIP,DIRECT,
d3e516faaf481d7fdac05b95e9491445e830b440b6f8f6d3f5255086cc46bf23,python,csharp,PASS,PASS,PASS,PASS,PASS,PASS,SKIP,SKIP,SKIP,DIRECT,
d3e516faaf481d7fdac05b95e9491445e830b440b6f8f6d3f5255086cc46bf23,python,java,PASS,PASS,PASS,PASS,FAIL,SKIP,SKIP,SKIP,SKIP,DIRECT,DIRECT_NATIVE_UNAVAILABLE: target java emitted invalid syntax (other: C:\Users\tarek\AppData\Local\Temp\codetranspiler-syntax-379622817\Main.java:5: Fehler: Symbol nicht gefunden var x = False; ^ Symbol: Variable False Ort: Klasse Main C:\U
d3e516faaf481d7fdac05b95e9491445e830b440b6f8f6d3f5255086cc46bf23,python,kotlin,PASS,PASS,PASS,PASS,PASS,PASS,SKIP,SKIP,SKIP,DIRECT,
d3e516faaf481d7fdac05b95e9491445e830b440b6f8f6d3f5255086cc46bf23,python,swift,PASS,PASS,PASS,PASS,PASS,PASS,SKIP,SKIP,SKIP,DIRECT,
9cae56277f431d736e0883a9719644d71f8e9aab1751d24918159f0bb84619e0,python,r,PASS,PASS,PASS,PASS,PASS,PASS,SKIP,SKIP,SKIP,DIRECT,
9cae56277f431d736e0883a9719644d71f8e9aab1751d24918159f0bb84619e0,python,go,PASS,PASS,PASS,PASS,PASS,PASS,SKIP,SKIP,SKIP,DIRECT,
9cae56277f431d736e0883a9719644d71f8e9aab1751d24918159f0bb84619e0,python,rust,PASS,PASS,PASS,PASS,PASS,PASS,SKIP,SKIP,SKIP,DIRECT,
9cae56277f431d736e0883a9719644d71f8e9aab1751d24918159f0bb84619e0,python,cpp,PASS,PASS,PASS,PASS,PASS,PASS,SKIP,SKIP,SKIP,DIRECT,
9cae56277f431d736e0883a9719644d71f8e9aab1751d24918159f0bb84619e0,python,c,PASS,PASS,PASS,PASS,PASS,PASS,SKIP,SKIP,SKIP,DIRECT,
9cae56277f431d736e0883a9719644d71f8e9aab1751d24918159f0bb84619e0,python,python,PASS,PASS,PASS,PASS,PASS,PASS,SKIP,SKIP,SKIP,DIRECT,
9cae56277f431d736e0883a9719644d71f8e9aab1751d24918159f0bb84619e0,python,zig,PASS,PASS,PASS,PASS,PASS,PASS,SKIP,SKIP,SKIP,DIRECT,
9cae56277f431d736e0883a9719644d71f8e9aab1751d24918159f0bb84619e0,python,julia,PASS,PASS,PASS,PASS,PASS,PASS,SKIP,SKIP,SKIP,DIRECT,
9cae56277f431d736e0883a9719644d71f8e9aab1751d24918159f0bb84619e0,python,nim,PASS,PASS,PASS,PASS,PASS,PASS,SKIP,SKIP,SKIP,DIRECT,
9cae56277f431d736e0883a9719644d71f8e9aab1751d24918159f0bb84619e0,python,csharp,PASS,PASS,PASS,PASS,PASS,PASS,SKIP,SKIP,SKIP,DIRECT,
9cae56277f431d736e0883a9719644d71f8e9aab1751d24918159f0bb84619e0,python,java,PASS,PASS,PASS,PASS,PASS,PASS,SKIP,SKIP,SKIP,DIRECT,
9cae56277f431d736e0883a9719644d71f8e9aab1751d24918159f0bb84619e0,python,kotlin,PASS,PASS,PASS,PASS,PASS,PASS,SKIP,SKIP,SKIP,DIRECT,
9cae56277f431d736e0883a9719644d71f8e9aab1751d24918159f0bb84619e0,python,swift,PASS,PASS,PASS,PASS,PASS,PASS,SKIP,SKIP,SKIP,DIRECT,
d0a51e18205921b6664fd2f6adb48f5a9912ed235ba938cd032350335662e977,python,r,PASS,PASS,PASS,PASS,PASS,PASS,SKIP,SKIP,SKIP,DIRECT,
d0a51e18205921b6664fd2f6adb48f5a9912ed235ba938cd032350335662e977,python,go,PASS,PASS,PASS,PASS,FAIL,SKIP,SKIP,SKIP,SKIP,DIRECT,"DIRECT_NATIVE_UNAVAILABLE: call ""match"" has no native contract for target ""go"" (arguments: 0, 1, 2)"
d0a51e18205921b6664fd2f6adb48f5a9912ed235ba938cd032350335662e977,python,rust,PASS,PASS,PASS,PASS,FAIL,SKIP,SKIP,SKIP,SKIP,DIRECT,"DIRECT_NATIVE_UNAVAILABLE: call ""match"" has no native contract for target ""rust"" (arguments: 0.0, 1.0, 2.0)"
d0a51e18205921b6664fd2f6adb48f5a9912ed235ba938cd032350335662e977,python,cpp,PASS,PASS,PASS,PASS,FAIL,SKIP,SKIP,SKIP,SKIP,DIRECT,"DIRECT_NATIVE_UNAVAILABLE: call ""match"" has no native contract for target ""cpp"" (arguments: 0, 1, 2)"
d0a51e18205921b6664fd2f6adb48f5a9912ed235ba938cd032350335662e977,python,c,PASS,PASS,PASS,PASS,FAIL,SKIP,SKIP,SKIP,SKIP,DIRECT,"DIRECT_NATIVE_UNAVAILABLE: call ""match"" has no native contract for target ""c"" (arguments: 0, 1, 2)"
d0a51e18205921b6664fd2f6adb48f5a9912ed235ba938cd032350335662e977,python,python,PASS,PASS,PASS,PASS,FAIL,SKIP,SKIP,SKIP,SKIP,DIRECT,"DIRECT_NATIVE_UNAVAILABLE: call ""match"" has no native contract for target ""python"" (arguments: 0, 1, 2)"
d0a51e18205921b6664fd2f6adb48f5a9912ed235ba938cd032350335662e977,python,zig,PASS,PASS,PASS,PASS,FAIL,SKIP,SKIP,SKIP,SKIP,DIRECT,"DIRECT_NATIVE_UNAVAILABLE: call ""match"" has no native contract for target ""zig"" (arguments: 0, 1, 2)"
d0a51e18205921b6664fd2f6adb48f5a9912ed235ba938cd032350335662e977,python,julia,PASS,PASS,PASS,PASS,FAIL,SKIP,SKIP,SKIP,SKIP,DIRECT,"DIRECT_NATIVE_UNAVAILABLE: call ""match"" has no native contract for target ""julia"" (arguments: 0, 1, 2)"
d0a51e18205921b6664fd2f6adb48f5a9912ed235ba938cd032350335662e977,python,nim,PASS,PASS,PASS,PASS,FAIL,SKIP,SKIP,SKIP,SKIP,DIRECT,"DIRECT_NATIVE_UNAVAILABLE: call ""match"" has no native contract for target ""nim"" (arguments: 0, 1, 2)"
d0a51e18205921b6664fd2f6adb48f5a9912ed235ba938cd032350335662e977,python,csharp,PASS,PASS,PASS,PASS,FAIL,SKIP,SKIP,SKIP,SKIP,DIRECT,"DIRECT_NATIVE_UNAVAILABLE: call ""match"" has no native contract for target ""csharp"" (arguments: 0, 1, 2)"
d0a51e18205921b6664fd2f6adb48f5a9912ed235ba938cd032350335662e977,python,java,PASS,PASS,PASS,PASS,FAIL,SKIP,SKIP,SKIP,SKIP,DIRECT,"DIRECT_NATIVE_UNAVAILABLE: call ""match"" has no native contract for target ""java"" (arguments: 0, 1, 2)"
d0a51e18205921b6664fd2f6adb48f5a9912ed235ba938cd032350335662e977,python,kotlin,PASS,PASS,PASS,PASS,FAIL,SKIP,SKIP,SKIP,SKIP,DIRECT,"DIRECT_NATIVE_UNAVAILABLE: call ""match"" has no native contract for target ""kotlin"" (arguments: 0.0, 1.0, 2.0)"
d0a51e18205921b6664fd2f6adb48f5a9912ed235ba938cd032350335662e977,python,swift,PASS,PASS,PASS,PASS,FAIL,SKIP,SKIP,SKIP,SKIP,DIRECT,"DIRECT_NATIVE_UNAVAILABLE: call ""match"" has no native contract for target ""swift"" (arguments: 0, 1, 2)"
2e24b6e8c1e62b4ada1bd34af879821c7a69e09384dea62a5e2c0e97cfec54b6,python,r,PASS,PASS,PASS,PASS,PASS,PASS,SKIP,SKIP,SKIP,DIRECT,
2e24b6e8c1e62b4ada1bd34af879821c7a69e09384dea62a5e2c0e97cfec54b6,python,go,PASS,PASS,PASS,PASS,FAIL,SKIP,SKIP,SKIP,SKIP,DIRECT,"DIRECT_NATIVE_UNAVAILABLE: target go emitted invalid syntax (other: C:\Users\tarek\AppData\Local\Temp\codetranspiler-syntax-1250723160\program.go:10:6: expected operand, found 'case' C:\Users\tarek\AppData\Local\Temp\codetranspiler-syntax-1"
2e24b6e8c1e62b4ada1bd34af879821c7a69e09384dea62a5e2c0e97cfec54b6,python,rust,PASS,PASS,PASS,PASS,FAIL,SKIP,SKIP,SKIP,SKIP,DIRECT,DIRECT_NATIVE_UNAVAILABLE: target rust emitted invalid syntax (other: error[E0425]: cannot find value `case` in this scope --> C:\Users\tarek\AppData\Local\Temp\codetranspiler-syntax-10426785\program.rs:3:6 | 3 | (case.clone() * x.clone());
2e24b6e8c1e62b4ada1bd34af879821c7a69e09384dea62a5e2c0e97cfec54b6,python,cpp,PASS,PASS,PASS,PASS,FAIL,SKIP,SKIP,SKIP,SKIP,DIRECT,DIRECT_NATIVE_UNAVAILABLE: target cpp emitted invalid syntax (other: C:\Users\tarek\AppData\Local\Temp\codetranspiler-syntax-1191614423\program.cpp: In function 'int main()': C:\Users\tarek\AppData\Local\Temp\codetranspiler-syntax-119161442
2e24b6e8c1e62b4ada1bd34af879821c7a69e09384dea62a5e2c0e97cfec54b6,python,c,PASS,PASS,PASS,PASS,FAIL,SKIP,SKIP,SKIP,SKIP,DIRECT,DIRECT_NATIVE_UNAVAILABLE: target c emitted invalid syntax (expected expression: C:\Users\tarek\AppData\Local\Temp\codetranspiler-syntax-1033139983\program.c: In function 'main': C:\Users\tarek\AppData\Local\Temp\codetranspiler-syntax-10331
2e24b6e8c1e62b4ada1bd34af879821c7a69e09384dea62a5e2c0e97cfec54b6,python,python,PASS,PASS,PASS,PASS,PASS,PASS,SKIP,SKIP,SKIP,DIRECT,
2e24b6e8c1e62b4ada1bd34af879821c7a69e09384dea62a5e2c0e97cfec54b6,python,zig,PASS,PASS,PASS,PASS,PASS,PASS,SKIP,SKIP,SKIP,DIRECT,
2e24b6e8c1e62b4ada1bd34af879821c7a69e09384dea62a5e2c0e97cfec54b6,python,julia,PASS,PASS,PASS,PASS,PASS,PASS,SKIP,SKIP,SKIP,DIRECT,
2e24b6e8c1e62b4ada1bd34af879821c7a69e09384dea62a5e2c0e97cfec54b6,python,nim,PASS,PASS,PASS,PASS,PASS,PASS,SKIP,SKIP,SKIP,DIRECT,
2e24b6e8c1e62b4ada1bd34af879821c7a69e09384dea62a5e2c0e97cfec54b6,python,csharp,PASS,PASS,PASS,PASS,PASS,PASS,SKIP,SKIP,SKIP,DIRECT,
2e24b6e8c1e62b4ada1bd34af879821c7a69e09384dea62a5e2c0e97cfec54b6,python,java,PASS,PASS,PASS,PASS,FAIL,SKIP,SKIP,SKIP,SKIP,DIRECT,DIRECT_NATIVE_UNAVAILABLE: target java emitted invalid syntax (other: C:\Users\tarek\AppData\Local\Temp\codetranspiler-syntax-1760458703\Main.java:5: Fehler: Unzulässiger Ausdrucksbeginn (case * x); ^ C:\Users\tarek\AppData\Local\Temp\codet
2e24b6e8c1e62b4ada1bd34af879821c7a69e09384dea62a5e2c0e97cfec54b6,python,kotlin,PASS,PASS,PASS,PASS,PASS,PASS,SKIP,SKIP,SKIP,DIRECT,
2e24b6e8c1e62b4ada1bd34af879821c7a69e09384dea62a5e2c0e97cfec54b6,python,swift,PASS,PASS,PASS,PASS,PASS,PASS,SKIP,SKIP,SKIP,DIRECT,
e423a6ad93d67ee7aaeae1326966094f68dd25cac7c01f1667b8144a0999f87b,python,r,PASS,PASS,PASS,PASS,PASS,PASS,SKIP,SKIP,SKIP,DIRECT,
e423a6ad93d67ee7aaeae1326966094f68dd25cac7c01f1667b8144a0999f87b,python,go,PASS,PASS,PASS,PASS,FAIL,SKIP,SKIP,SKIP,SKIP,DIRECT,"DIRECT_NATIVE_UNAVAILABLE: call ""locals"" has no native contract for target ""go"" (arguments: )"
e423a6ad93d67ee7aaeae1326966094f68dd25cac7c01f1667b8144a0999f87b,python,rust,PASS,PASS,PASS,PASS,FAIL,SKIP,SKIP,SKIP,SKIP,DIRECT,"DIRECT_NATIVE_UNAVAILABLE: call ""locals"" has no native contract for target ""rust"" (arguments: )"
e423a6ad93d67ee7aaeae1326966094f68dd25cac7c01f1667b8144a0999f87b,python,cpp,PASS,PASS,PASS,PASS,FAIL,SKIP,SKIP,SKIP,SKIP,DIRECT,"DIRECT_NATIVE_UNAVAILABLE: call ""locals"" has no native contract for target ""cpp"" (arguments: )"
e423a6ad93d67ee7aaeae1326966094f68dd25cac7c01f1667b8144a0999f87b,python,c,PASS,PASS,PASS,PASS,FAIL,SKIP,SKIP,SKIP,SKIP,DIRECT,"DIRECT_NATIVE_UNAVAILABLE: call ""locals"" has no native contract for target ""c"" (arguments: )"
e423a6ad93d67ee7aaeae1326966094f68dd25cac7c01f1667b8144a0999f87b,python,python,PASS,PASS,PASS,PASS,FAIL,SKIP,SKIP,SKIP,SKIP,DIRECT,"DIRECT_NATIVE_UNAVAILABLE: call ""locals"" has no native contract for target ""python"" (arguments: )"
e423a6ad93d67ee7aaeae1326966094f68dd25cac7c01f1667b8144a0999f87b,python,zig,PASS,PASS,PASS,PASS,FAIL,SKIP,SKIP,SKIP,SKIP,DIRECT,"DIRECT_NATIVE_UNAVAILABLE: call ""locals"" has no native contract for target ""zig"" (arguments: )"
e423a6ad93d67ee7aaeae1326966094f68dd25cac7c01f1667b8144a0999f87b,python,julia,PASS,PASS,PASS,PASS,FAIL,SKIP,SKIP,SKIP,SKIP,DIRECT,"DIRECT_NATIVE_UNAVAILABLE: call ""locals"" has no native contract for target ""julia"" (arguments: )"
e423a6ad93d67ee7aaeae1326966094f68dd25cac7c01f1667b8144a0999f87b,python,nim,PASS,PASS,PASS,PASS,FAIL,SKIP,SKIP,SKIP,SKIP,DIRECT,"DIRECT_NATIVE_UNAVAILABLE: call ""locals"" has no native contract for target ""nim"" (arguments: )"
e423a6ad93d67ee7aaeae1326966094f68dd25cac7c01f1667b8144a0999f87b,python,csharp,PASS,PASS,PASS,PASS,FAIL,SKIP,SKIP,SKIP,SKIP,DIRECT,"DIRECT_NATIVE_UNAVAILABLE: call ""locals"" has no native contract for target ""csharp"" (arguments: )"
e423a6ad93d67ee7aaeae1326966094f68dd25cac7c01f1667b8144a0999f87b,python,java,PASS,PASS,PASS,PASS,FAIL,SKIP,SKIP,SKIP,SKIP,DIRECT,"DIRECT_NATIVE_UNAVAILABLE: call ""locals"" has no native contract for target ""java"" (arguments: )"
e423a6ad93d67ee7aaeae1326966094f68dd25cac7c01f1667b8144a0999f87b,python,kotlin,PASS,PASS,PASS,PASS,FAIL,SKIP,SKIP,SKIP,SKIP,DIRECT,"DIRECT_NATIVE_UNAVAILABLE: call ""locals"" has no native contract for target ""kotlin"" (arguments: )"
e423a6ad93d67ee7aaeae1326966094f68dd25cac7c01f1667b8144a0999f87b,python,swift,PASS,PASS,PASS,PASS,FAIL,SKIP,SKIP,SKIP,SKIP,DIRECT,"DIRECT_NATIVE_UNAVAILABLE: call ""locals"" has no native contract for target ""swift"" (arguments: )"
35a51be97676009b5eaeb5f83fb8d06351fee83edb4fdc5ca07a220728e060a6,python,r,PASS,PASS,PASS,PASS,PASS,PASS,SKIP,SKIP,SKIP,DIRECT,
35a51be97676009b5eaeb5f83fb8d06351fee83edb4fdc5ca07a220728e060a6,python,go,PASS,PASS,PASS,PASS,FAIL,SKIP,SKIP,SKIP,SKIP,DIRECT,"DIRECT_NATIVE_UNAVAILABLE: target go emitted invalid syntax (missing delimiter: C:\Users\tarek\AppData\Local\Temp\codetranspiler-syntax-1871511877\program.go:10:14: expected operand, found 'case' C:\Users\tarek\AppData\Local\Temp\codetransp"
35a51be97676009b5eaeb5f83fb8d06351fee83edb4fdc5ca07a220728e060a6,python,rust,PASS,PASS,PASS,PASS,FAIL,SKIP,SKIP,SKIP,SKIP,DIRECT,"DIRECT_NATIVE_UNAVAILABLE: target rust emitted invalid syntax (other: error: expected identifier, found keyword `match` --> C:\Users\tarek\AppData\Local\Temp\codetranspiler-syntax-2099635771\program.rs:3:13 | 3 | let mut match = case.clone("
35a51be97676009b5eaeb5f83fb8d06351fee83edb4fdc5ca07a220728e060a6,python,cpp,PASS,PASS,PASS,PASS,FAIL,SKIP,SKIP,SKIP,SKIP,DIRECT,DIRECT_NATIVE_UNAVAILABLE: target cpp emitted invalid syntax (other: C:\Users\tarek\AppData\Local\Temp\codetranspiler-syntax-48898357\program.cpp: In function 'int main()': C:\Users\tarek\AppData\Local\Temp\codetranspiler-syntax-48898357\pr
35a51be97676009b5eaeb5f83fb8d06351fee83edb4fdc5ca07a220728e060a6,python,c,PASS,PASS,PASS,PASS,FAIL,SKIP,SKIP,SKIP,SKIP,DIRECT,DIRECT_NATIVE_UNAVAILABLE: target c emitted invalid syntax (expected expression: C:\Users\tarek\AppData\Local\Temp\codetranspiler-syntax-471681366\program.c: In function 'main': C:\Users\tarek\AppData\Local\Temp\codetranspiler-syntax-471681
35a51be97676009b5eaeb5f83fb8d06351fee83edb4fdc5ca07a220728e060a6,python,python,PASS,PASS,PASS,PASS,PASS,PASS,SKIP,SKIP,SKIP,DIRECT,
35a51be97676009b5eaeb5f83fb8d06351fee83edb4fdc5ca07a220728e060a6,python,zig,PASS,PASS,PASS,PASS,PASS,PASS,SKIP,SKIP,SKIP,DIRECT,
35a51be97676009b5eaeb5f83fb8d06351fee83edb4fdc5ca07a220728e060a6,python,julia,PASS,PASS,PASS,PASS,PASS,PASS,SKIP,SKIP,SKIP,DIRECT,
35a51be97676009b5eaeb5f83fb8d06351fee83edb4fdc5ca07a220728e060a6,python,nim,PASS,PASS,PASS,PASS,PASS,PASS,SKIP,SKIP,SKIP,DIRECT,
35a51be97676009b5eaeb5f83fb8d06351fee83edb4fdc5ca07a220728e060a6,python,csharp,PASS,PASS,PASS,PASS,PASS,PASS,SKIP,SKIP,SKIP,DIRECT,
35a51be97676009b5eaeb5f83fb8d06351fee83edb4fdc5ca07a220728e060a6,python,java,PASS,PASS,PASS,PASS,FAIL,SKIP,SKIP,SKIP,SKIP,DIRECT,DIRECT_NATIVE_UNAVAILABLE: target java emitted invalid syntax (other: C:\Users\tarek\AppData\Local\Temp\codetranspiler-syntax-2952082930\Main.java:5: Fehler: Unzulässiger Ausdrucksbeginn var match = case; ^ C:\Users\tarek\AppData\Local\Temp
35a51be97676009b5eaeb5f83fb8d06351fee83edb4fdc5ca07a220728e060a6,python,kotlin,PASS,PASS,PASS,PASS,PASS,PASS,SKIP,SKIP,SKIP,DIRECT,
35a51be97676009b5eaeb5f83fb8d06351fee83edb4fdc5ca07a220728e060a6,python,swift,PASS,PASS,PASS,PASS,PASS,PASS,SKIP,SKIP,SKIP,DIRECT,
ee62902259844a159cc8bdb429907dd0517e8c426843539d8a414bf8e699a1d9,python,r,PASS,PASS,PASS,PASS,PASS,PASS,SKIP,SKIP,SKIP,DIRECT,
ee62902259844a159cc8bdb429907dd0517e8c426843539d8a414bf8e699a1d9,python,go,PASS,PASS,PASS,PASS,PASS,FAIL,SKIP,SKIP,SKIP,DIRECT,entry-point early return requires explicit exit semantics
ee62902259844a159cc8bdb429907dd0517e8c426843539d8a414bf8e699a1d9,python,rust,PASS,PASS,PASS,PASS,FAIL,SKIP,SKIP,SKIP,SKIP,DIRECT,"DIRECT_NATIVE_UNAVAILABLE: target rust emitted invalid syntax (expected expression: error: expected expression, found `.` --> C:\Users\tarek\AppData\Local\Temp\codetranspiler-syntax-3125795427\program.rs:3:14 | 3 | if (match.clone()) { | --"
ee62902259844a159cc8bdb429907dd0517e8c426843539d8a414bf8e699a1d9,python,cpp,PASS,PASS,PASS,PASS,FAIL,SKIP,SKIP,SKIP,SKIP,DIRECT,DIRECT_NATIVE_UNAVAILABLE: target cpp emitted invalid syntax (other: C:\Users\tarek\AppData\Local\Temp\codetranspiler-syntax-3956604210\program.cpp: In function 'int main()': C:\Users\tarek\AppData\Local\Temp\codetranspiler-syntax-395660421
ee62902259844a159cc8bdb429907dd0517e8c426843539d8a414bf8e699a1d9,python,c,PASS,PASS,PASS,PASS,FAIL,SKIP,SKIP,SKIP,SKIP,DIRECT,DIRECT_NATIVE_UNAVAILABLE: target c emitted invalid syntax (other: C:\Users\tarek\AppData\Local\Temp\codetranspiler-syntax-2318034178\program.c: In function 'main': C:\Users\tarek\AppData\Local\Temp\codetranspiler-syntax-2318034178\program.
ee62902259844a159cc8bdb429907dd0517e8c426843539d8a414bf8e699a1d9,python,python,PASS,PASS,PASS,PASS,FAIL,SKIP,SKIP,SKIP,SKIP,DIRECT,"DIRECT_NATIVE_UNAVAILABLE: target python emitted invalid syntax (other: File ""C:\Users\tarek\AppData\Local\Temp\codetranspiler-syntax-2845544262\program.py"", line 3 return 42 ^^^^^^^^^ SyntaxError: 'return' outside function)"
ee62902259844a159cc8bdb429907dd0517e8c426843539d8a414bf8e699a1d9,python,zig,PASS,PASS,PASS,PASS,PASS,FAIL,SKIP,SKIP,SKIP,DIRECT,entry-point early return requires explicit exit semantics
ee62902259844a159cc8bdb429907dd0517e8c426843539d8a414bf8e699a1d9,python,julia,PASS,PASS,PASS,PASS,PASS,PASS,SKIP,SKIP,SKIP,DIRECT,
ee62902259844a159cc8bdb429907dd0517e8c426843539d8a414bf8e699a1d9,python,nim,PASS,PASS,PASS,PASS,PASS,PASS,SKIP,SKIP,SKIP,DIRECT,
ee62902259844a159cc8bdb429907dd0517e8c426843539d8a414bf8e699a1d9,python,csharp,PASS,PASS,PASS,PASS,PASS,FAIL,SKIP,SKIP,SKIP,DIRECT,entry-point early return requires explicit exit semantics
ee62902259844a159cc8bdb429907dd0517e8c426843539d8a414bf8e699a1d9,python,java,PASS,PASS,PASS,PASS,FAIL,SKIP,SKIP,SKIP,SKIP,DIRECT,DIRECT_NATIVE_UNAVAILABLE: target java emitted invalid syntax (other: C:\Users\tarek\AppData\Local\Temp\codetranspiler-syntax-1743354502\Main.java:5: Fehler: Symbol nicht gefunden if (match) { ^ Symbol: Variable match Ort: Klasse Main C:\Us
ee62902259844a159cc8bdb429907dd0517e8c426843539d8a414bf8e699a1d9,python,kotlin,PASS,PASS,PASS,PASS,PASS,FAIL,SKIP,SKIP,SKIP,DIRECT,entry-point early return requires explicit exit semantics
ee62902259844a159cc8bdb429907dd0517e8c426843539d8a414bf8e699a1d9,python,swift,PASS,PASS,PASS,PASS,PASS,PASS,SKIP,SKIP,SKIP,DIRECT,
2ddf903c73c945c1a766f930871daae7a68ccea58ed3878f76da88efe74abc91,python,r,FAIL,SKIP,SKIP,SKIP,SKIP,SKIP,SKIP,SKIP,SKIP,DIRECT,expected expression
2ddf903c73c945c1a766f930871daae7a68ccea58ed3878f76da88efe74abc91,python,go,FAIL,SKIP,SKIP,SKIP,SKIP,SKIP,SKIP,SKIP,SKIP,DIRECT,expected expression
2ddf903c73c945c1a766f930871daae7a68ccea58ed3878f76da88efe74abc91,python,rust,FAIL,SKIP,SKIP,SKIP,SKIP,SKIP,SKIP,SKIP,SKIP,DIRECT,expected expression
2ddf903c73c945c1a766f930871daae7a68ccea58ed3878f76da88efe74abc91,python,cpp,FAIL,SKIP,SKIP,SKIP,SKIP,SKIP,SKIP,SKIP,SKIP,DIRECT,expected expression
2ddf903c73c945c1a766f930871daae7a68ccea58ed3878f76da88efe74abc91,python,c,FAIL,SKIP,SKIP,SKIP,SKIP,SKIP,SKIP,SKIP,SKIP,DIRECT,expected expression
2ddf903c73c945c1a766f930871daae7a68ccea58ed3878f76da88efe74abc91,python,python,FAIL,SKIP,SKIP,SKIP,SKIP,SKIP,SKIP,SKIP,SKIP,DIRECT,expected expression
2ddf903c73c945c1a766f930871daae7a68ccea58ed3878f76da88efe74abc91,python,zig,FAIL,SKIP,SKIP,SKIP,SKIP,SKIP,SKIP,SKIP,SKIP,DIRECT,expected expression
2ddf903c73c945c1a766f930871daae7a68ccea58ed3878f76da88efe74abc91,python,julia,FAIL,SKIP,SKIP,SKIP,SKIP,SKIP,SKIP,SKIP,SKIP,DIRECT,expected expression
2ddf903c73c945c1a766f930871daae7a68ccea58ed3878f76da88efe74abc91,python,nim,FAIL,SKIP,SKIP,SKIP,SKIP,SKIP,SKIP,SKIP,SKIP,DIRECT,expected expression
2ddf903c73c945c1a766f930871daae7a68ccea58ed3878f76da88efe74abc91,python,csharp,FAIL,SKIP,SKIP,SKIP,SKIP,SKIP,SKIP,SKIP,SKIP,DIRECT,expected expression
2ddf903c73c945c1a766f930871daae7a68ccea58ed3878f76da88efe74abc91,python,java,FAIL,SKIP,SKIP,SKIP,SKIP,SKIP,SKIP,SKIP,SKIP,DIRECT,expected expression
2ddf903c73c945c1a766f930871daae7a68ccea58ed3878f76da88efe74abc91,python,kotlin,FAIL,SKIP,SKIP,SKIP,SKIP,SKIP,SKIP,SKIP,SKIP,DIRECT,expected expression
2ddf903c73c945c1a766f930871daae7a68ccea58ed3878f76da88efe74abc91,python,swift,FAIL,SKIP,SKIP,SKIP,SKIP,SKIP,SKIP,SKIP,SKIP,DIRECT,expected expression
a2883e2314e9b4b1b98d2c771c73a3545c634592558b2380fbb08c4d61a8e23c,python,r,PASS,PASS,PASS,PASS,PASS,PASS,SKIP,SKIP,SKIP,DIRECT,
a2883e2314e9b4b1b98d2c771c73a3545c634592558b2380fbb08c4d61a8e23c,python,go,PASS,PASS,PASS,PASS,FAIL,SKIP,SKIP,SKIP,SKIP,DIRECT,"DIRECT_NATIVE_UNAVAILABLE: call ""handle_click_at"" has no native contract for target ""go"" (arguments: x, y)"
a2883e2314e9b4b1b98d2c771c73a3545c634592558b2380fbb08c4d61a8e23c,python,rust,PASS,PASS,PASS,PASS,FAIL,SKIP,SKIP,SKIP,SKIP,DIRECT,"DIRECT_NATIVE_UNAVAILABLE: call ""handle_click_at"" has no native contract for target ""rust"" (arguments: x.clone(), y.clone())"
a2883e2314e9b4b1b98d2c771c73a3545c634592558b2380fbb08c4d61a8e23c,python,cpp,PASS,PASS,PASS,PASS,FAIL,SKIP,SKIP,SKIP,SKIP,DIRECT,"DIRECT_NATIVE_UNAVAILABLE: call ""handle_click_at"" has no native contract for target ""cpp"" (arguments: x, y)"
a2883e2314e9b4b1b98d2c771c73a3545c634592558b2380fbb08c4d61a8e23c,python,c,PASS,PASS,PASS,PASS,FAIL,SKIP,SKIP,SKIP,SKIP,DIRECT,"DIRECT_NATIVE_UNAVAILABLE: call ""handle_click_at"" has no native contract for target ""c"" (arguments: x, y)"
a2883e2314e9b4b1b98d2c771c73a3545c634592558b2380fbb08c4d61a8e23c,python,python,PASS,PASS,PASS,PASS,FAIL,SKIP,SKIP,SKIP,SKIP,DIRECT,"DIRECT_NATIVE_UNAVAILABLE: call ""handle_click_at"" has no native contract for target ""python"" (arguments: x, y)"
a2883e2314e9b4b1b98d2c771c73a3545c634592558b2380fbb08c4d61a8e23c,python,zig,PASS,PASS,PASS,PASS,FAIL,SKIP,SKIP,SKIP,SKIP,DIRECT,"DIRECT_NATIVE_UNAVAILABLE: call ""handle_click_at"" has no native contract for target ""zig"" (arguments: x, y)"
a2883e2314e9b4b1b98d2c771c73a3545c634592558b2380fbb08c4d61a8e23c,python,julia,PASS,PASS,PASS,PASS,FAIL,SKIP,SKIP,SKIP,SKIP,DIRECT,"DIRECT_NATIVE_UNAVAILABLE: call ""handle_click_at"" has no native contract for target ""julia"" (arguments: x, y)"
a2883e2314e9b4b1b98d2c771c73a3545c634592558b2380fbb08c4d61a8e23c,python,nim,PASS,PASS,PASS,PASS,FAIL,SKIP,SKIP,SKIP,SKIP,DIRECT,"DIRECT_NATIVE_UNAVAILABLE: call ""handle_click_at"" has no native contract for target ""nim"" (arguments: r2ms78, r2ms79)"
a2883e2314e9b4b1b98d2c771c73a3545c634592558b2380fbb08c4d61a8e23c,python,csharp,PASS,PASS,PASS,PASS,FAIL,SKIP,SKIP,SKIP,SKIP,DIRECT,"DIRECT_NATIVE_UNAVAILABLE: call ""handle_click_at"" has no native contract for target ""csharp"" (arguments: x, y)"
a2883e2314e9b4b1b98d2c771c73a3545c634592558b2380fbb08c4d61a8e23c,python,java,PASS,PASS,PASS,PASS,FAIL,SKIP,SKIP,SKIP,SKIP,DIRECT,"DIRECT_NATIVE_UNAVAILABLE: call ""handle_click_at"" has no native contract for target ""java"" (arguments: x, y)"
a2883e2314e9b4b1b98d2c771c73a3545c634592558b2380fbb08c4d61a8e23c,python,kotlin,PASS,PASS,PASS,PASS,FAIL,SKIP,SKIP,SKIP,SKIP,DIRECT,"DIRECT_NATIVE_UNAVAILABLE: call ""handle_click_at"" has no native contract for target ""kotlin"" (arguments: x, y)"
a2883e2314e9b4b1b98d2c771c73a3545c634592558b2380fbb08c4d61a8e23c,python,swift,PASS,PASS,PASS,PASS,FAIL,SKIP,SKIP,SKIP,SKIP,DIRECT,"DIRECT_NATIVE_UNAVAILABLE: call ""handle_click_at"" has no native contract for target ""swift"" (arguments: x, y)"
a7dedaf1bf2bf78277dbdac084958c69ff91378960a7c1f9b34911716db4c9b0,python,r,PASS,PASS,PASS,PASS,PASS,PASS,SKIP,SKIP,SKIP,DIRECT,
a7dedaf1bf2bf78277dbdac084958c69ff91378960a7c1f9b34911716db4c9b0,python,go,PASS,PASS,PASS,PASS,FAIL,SKIP,SKIP,SKIP,SKIP,DIRECT,"DIRECT_NATIVE_UNAVAILABLE: call ""handle_click_at"" has no native contract for target ""go"" (arguments: x, y)"
a7dedaf1bf2bf78277dbdac084958c69ff91378960a7c1f9b34911716db4c9b0,python,rust,PASS,PASS,PASS,PASS,FAIL,SKIP,SKIP,SKIP,SKIP,DIRECT,"DIRECT_NATIVE_UNAVAILABLE: call ""handle_click_at"" has no native contract for target ""rust"" (arguments: x.clone(), y.clone())"
a7dedaf1bf2bf78277dbdac084958c69ff91378960a7c1f9b34911716db4c9b0,python,cpp,PASS,PASS,PASS,PASS,FAIL,SKIP,SKIP,SKIP,SKIP,DIRECT,"DIRECT_NATIVE_UNAVAILABLE: call ""handle_click_at"" has no native contract for target ""cpp"" (arguments: x, y)"
a7dedaf1bf2bf78277dbdac084958c69ff91378960a7c1f9b34911716db4c9b0,python,c,PASS,PASS,PASS,PASS,FAIL,SKIP,SKIP,SKIP,SKIP,DIRECT,"DIRECT_NATIVE_UNAVAILABLE: call ""handle_click_at"" has no native contract for target ""c"" (arguments: x, y)"
a7dedaf1bf2bf78277dbdac084958c69ff91378960a7c1f9b34911716db4c9b0,python,python,PASS,PASS,PASS,PASS,FAIL,SKIP,SKIP,SKIP,SKIP,DIRECT,"DIRECT_NATIVE_UNAVAILABLE: call ""handle_click_at"" has no native contract for target ""python"" (arguments: x, y)"
a7dedaf1bf2bf78277dbdac084958c69ff91378960a7c1f9b34911716db4c9b0,python,zig,PASS,PASS,PASS,PASS,FAIL,SKIP,SKIP,SKIP,SKIP,DIRECT,"DIRECT_NATIVE_UNAVAILABLE: call ""handle_click_at"" has no native contract for target ""zig"" (arguments: x, y)"
a7dedaf1bf2bf78277dbdac084958c69ff91378960a7c1f9b34911716db4c9b0,python,julia,PASS,PASS,PASS,PASS,FAIL,SKIP,SKIP,SKIP,SKIP,DIRECT,"DIRECT_NATIVE_UNAVAILABLE: call ""handle_click_at"" has no native contract for target ""julia"" (arguments: x, y)"
a7dedaf1bf2bf78277dbdac084958c69ff91378960a7c1f9b34911716db4c9b0,python,nim,PASS,PASS,PASS,PASS,FAIL,SKIP,SKIP,SKIP,SKIP,DIRECT,"DIRECT_NATIVE_UNAVAILABLE: call ""handle_click_at"" has no native contract for target ""nim"" (arguments: r2ms78, r2ms79)"
a7dedaf1bf2bf78277dbdac084958c69ff91378960a7c1f9b34911716db4c9b0,python,csharp,PASS,PASS,PASS,PASS,FAIL,SKIP,SKIP,SKIP,SKIP,DIRECT,"DIRECT_NATIVE_UNAVAILABLE: call ""handle_click_at"" has no native contract for target ""csharp"" (arguments: x, y)"
a7dedaf1bf2bf78277dbdac084958c69ff91378960a7c1f9b34911716db4c9b0,python,java,PASS,PASS,PASS,PASS,FAIL,SKIP,SKIP,SKIP,SKIP,DIRECT,"DIRECT_NATIVE_UNAVAILABLE: call ""handle_click_at"" has no native contract for target ""java"" (arguments: x, y)"
a7dedaf1bf2bf78277dbdac084958c69ff91378960a7c1f9b34911716db4c9b0,python,kotlin,PASS,PASS,PASS,PASS,FAIL,SKIP,SKIP,SKIP,SKIP,DIRECT,"DIRECT_NATIVE_UNAVAILABLE: call ""handle_click_at"" has no native contract for target ""kotlin"" (arguments: x, y)"
a7dedaf1bf2bf78277dbdac084958c69ff91378960a7c1f9b34911716db4c9b0,python,swift,PASS,PASS,PASS,PASS,FAIL,SKIP,SKIP,SKIP,SKIP,DIRECT,"DIRECT_NATIVE_UNAVAILABLE: call ""handle_click_at"" has no native contract for target ""swift"" (arguments: x, y)"
694c3b5f203fc75d99fce8113fe6536d75c51d8abfe9531fa75f80bebd4ddc27,python,r,PASS,PASS,PASS,PASS,PASS,PASS,SKIP,SKIP,SKIP,DIRECT,
694c3b5f203fc75d99fce8113fe6536d75c51d8abfe9531fa75f80bebd4ddc27,python,go,PASS,PASS,PASS,PASS,FAIL,SKIP,SKIP,SKIP,SKIP,DIRECT,"DIRECT_NATIVE_UNAVAILABLE: call ""ui.set_text_color"" has no native contract for target ""go"" (arguments: c)"
694c3b5f203fc75d99fce8113fe6536d75c51d8abfe9531fa75f80bebd4ddc27,python,rust,PASS,PASS,PASS,PASS,FAIL,SKIP,SKIP,SKIP,SKIP,DIRECT,"DIRECT_NATIVE_UNAVAILABLE: call ""ui.set_text_color"" has no native contract for target ""rust"" (arguments: c.clone())"
694c3b5f203fc75d99fce8113fe6536d75c51d8abfe9531fa75f80bebd4ddc27,python,cpp,PASS,PASS,PASS,PASS,FAIL,SKIP,SKIP,SKIP,SKIP,DIRECT,"DIRECT_NATIVE_UNAVAILABLE: call ""ui.set_text_color"" has no native contract for target ""cpp"" (arguments: c)"
694c3b5f203fc75d99fce8113fe6536d75c51d8abfe9531fa75f80bebd4ddc27,python,c,PASS,PASS,PASS,PASS,FAIL,SKIP,SKIP,SKIP,SKIP,DIRECT,"DIRECT_NATIVE_UNAVAILABLE: call ""ui.set_text_color"" has no native contract for target ""c"" (arguments: c)"
694c3b5f203fc75d99fce8113fe6536d75c51d8abfe9531fa75f80bebd4ddc27,python,python,PASS,PASS,PASS,PASS,FAIL,SKIP,SKIP,SKIP,SKIP,DIRECT,"DIRECT_NATIVE_UNAVAILABLE: call ""ui.set_text_color"" has no native contract for target ""python"" (arguments: c)"
694c3b5f203fc75d99fce8113fe6536d75c51d8abfe9531fa75f80bebd4ddc27,python,zig,PASS,PASS,PASS,PASS,FAIL,SKIP,SKIP,SKIP,SKIP,DIRECT,"DIRECT_NATIVE_UNAVAILABLE: call ""ui.set_text_color"" has no native contract for target ""zig"" (arguments: c)"
694c3b5f203fc75d99fce8113fe6536d75c51d8abfe9531fa75f80bebd4ddc27,python,julia,PASS,PASS,PASS,PASS,FAIL,SKIP,SKIP,SKIP,SKIP,DIRECT,"DIRECT_NATIVE_UNAVAILABLE: call ""ui.set_text_color"" has no native contract for target ""julia"" (arguments: c)"
694c3b5f203fc75d99fce8113fe6536d75c51d8abfe9531fa75f80bebd4ddc27,python,nim,PASS,PASS,PASS,PASS,FAIL,SKIP,SKIP,SKIP,SKIP,DIRECT,"DIRECT_NATIVE_UNAVAILABLE: call ""ui.set_text_color"" has no native contract for target ""nim"" (arguments: r2ms63)"
694c3b5f203fc75d99fce8113fe6536d75c51d8abfe9531fa75f80bebd4ddc27,python,csharp,PASS,PASS,PASS,PASS,FAIL,SKIP,SKIP,SKIP,SKIP,DIRECT,"DIRECT_NATIVE_UNAVAILABLE: call ""ui.set_text_color"" has no native contract for target ""csharp"" (arguments: c)"
694c3b5f203fc75d99fce8113fe6536d75c51d8abfe9531fa75f80bebd4ddc27,python,java,PASS,PASS,PASS,PASS,FAIL,SKIP,SKIP,SKIP,SKIP,DIRECT,"DIRECT_NATIVE_UNAVAILABLE: call ""ui.set_text_color"" has no native contract for target ""java"" (arguments: c)"
694c3b5f203fc75d99fce8113fe6536d75c51d8abfe9531fa75f80bebd4ddc27,python,kotlin,PASS,PASS,PASS,PASS,FAIL,SKIP,SKIP,SKIP,SKIP,DIRECT,"DIRECT_NATIVE_UNAVAILABLE: call ""ui.set_text_color"" has no native contract for target ""kotlin"" (arguments: c)"
694c3b5f203fc75d99fce8113fe6536d75c51d8abfe9531fa75f80bebd4ddc27,python,swift,PASS,PASS,PASS,PASS,FAIL,SKIP,SKIP,SKIP,SKIP,DIRECT,"DIRECT_NATIVE_UNAVAILABLE: call ""ui.set_text_color"" has no native contract for target ""swift"" (arguments: c)"
19c096cf69781a3fde534e5b2f06db30e9eef7261fe07e8d60d7ff5f9132e90b,python,r,PASS,PASS,PASS,PASS,PASS,PASS,SKIP,SKIP,SKIP,DIRECT,
19c096cf69781a3fde534e5b2f06db30e9eef7261fe07e8d60d7ff5f9132e90b,python,go,PASS,PASS,PASS,PASS,FAIL,SKIP,SKIP,SKIP,SKIP,DIRECT,"DIRECT_NATIVE_UNAVAILABLE: call ""warning"" has no native contract for target ""go"" (arguments: ""Unsupported audio format"")"
19c096cf69781a3fde534e5b2f06db30e9eef7261fe07e8d60d7ff5f9132e90b,python,rust,PASS,PASS,PASS,PASS,FAIL,SKIP,SKIP,SKIP,SKIP,DIRECT,"DIRECT_NATIVE_UNAVAILABLE: call ""warning"" has no native contract for target ""rust"" (arguments: ""Unsupported audio format"".to_string())"
19c096cf69781a3fde534e5b2f06db30e9eef7261fe07e8d60d7ff5f9132e90b,python,cpp,PASS,PASS,PASS,PASS,FAIL,SKIP,SKIP,SKIP,SKIP,DIRECT,"DIRECT_NATIVE_UNAVAILABLE: call ""warning"" has no native contract for target ""cpp"" (arguments: ""Unsupported audio format"")"
19c096cf69781a3fde534e5b2f06db30e9eef7261fe07e8d60d7ff5f9132e90b,python,c,PASS,PASS,PASS,PASS,FAIL,SKIP,SKIP,SKIP,SKIP,DIRECT,"DIRECT_NATIVE_UNAVAILABLE: call ""warning"" has no native contract for target ""c"" (arguments: ""Unsupported audio format"")"
19c096cf69781a3fde534e5b2f06db30e9eef7261fe07e8d60d7ff5f9132e90b,python,python,PASS,PASS,PASS,PASS,FAIL,SKIP,SKIP,SKIP,SKIP,DIRECT,"DIRECT_NATIVE_UNAVAILABLE: call ""warning"" has no native contract for target ""python"" (arguments: ""Unsupported audio format"")"
19c096cf69781a3fde534e5b2f06db30e9eef7261fe07e8d60d7ff5f9132e90b,python,zig,PASS,PASS,PASS,PASS,FAIL,SKIP,SKIP,SKIP,SKIP,DIRECT,"DIRECT_NATIVE_UNAVAILABLE: call ""warning"" has no native contract for target ""zig"" (arguments: ""Unsupported audio format"")"
19c096cf69781a3fde534e5b2f06db30e9eef7261fe07e8d60d7ff5f9132e90b,python,julia,PASS,PASS,PASS,PASS,FAIL,SKIP,SKIP,SKIP,SKIP,DIRECT,"DIRECT_NATIVE_UNAVAILABLE: call ""warning"" has no native contract for target ""julia"" (arguments: ""Unsupported audio format"")"
19c096cf69781a3fde534e5b2f06db30e9eef7261fe07e8d60d7ff5f9132e90b,python,nim,PASS,PASS,PASS,PASS,FAIL,SKIP,SKIP,SKIP,SKIP,DIRECT,"DIRECT_NATIVE_UNAVAILABLE: call ""warning"" has no native contract for target ""nim"" (arguments: ""Unsupported audio format"")"
19c096cf69781a3fde534e5b2f06db30e9eef7261fe07e8d60d7ff5f9132e90b,python,csharp,PASS,PASS,PASS,PASS,FAIL,SKIP,SKIP,SKIP,SKIP,DIRECT,"DIRECT_NATIVE_UNAVAILABLE: call ""warning"" has no native contract for target ""csharp"" (arguments: ""Unsupported audio format"")"
19c096cf69781a3fde534e5b2f06db30e9eef7261fe07e8d60d7ff5f9132e90b,python,java,PASS,PASS,PASS,PASS,FAIL,SKIP,SKIP,SKIP,SKIP,DIRECT,"DIRECT_NATIVE_UNAVAILABLE: call ""warning"" has no native contract for target ""java"" (arguments: ""Unsupported audio format"")"
19c096cf69781a3fde534e5b2f06db30e9eef7261fe07e8d60d7ff5f9132e90b,python,kotlin,PASS,PASS,PASS,PASS,FAIL,SKIP,SKIP,SKIP,SKIP,DIRECT,"DIRECT_NATIVE_UNAVAILABLE: call ""warning"" has no native contract for target ""kotlin"" (arguments: ""Unsupported audio format"")"
19c096cf69781a3fde534e5b2f06db30e9eef7261fe07e8d60d7ff5f9132e90b,python,swift,PASS,PASS,PASS,PASS,FAIL,SKIP,SKIP,SKIP,SKIP,DIRECT,"DIRECT_NATIVE_UNAVAILABLE: call ""warning"" has no native contract for target ""swift"" (arguments: ""Unsupported audio format"")"
6dec37f660a2be08bda6d24d5d5728e3407f254fa2d35f8dc087de18c5299636,python,r,PASS,PASS,PASS,PASS,PASS,PASS,SKIP,SKIP,SKIP,DIRECT,
6dec37f660a2be08bda6d24d5d5728e3407f254fa2d35f8dc087de18c5299636,python,go,PASS,PASS,PASS,PASS,FAIL,SKIP,SKIP,SKIP,SKIP,DIRECT,"DIRECT_NATIVE_UNAVAILABLE: call ""foo1"" has no native contract for target ""go"" (arguments: )"
6dec37f660a2be08bda6d24d5d5728e3407f254fa2d35f8dc087de18c5299636,python,rust,PASS,PASS,PASS,PASS,FAIL,SKIP,SKIP,SKIP,SKIP,DIRECT,"DIRECT_NATIVE_UNAVAILABLE: call ""foo1"" has no native contract for target ""rust"" (arguments: )"
6dec37f660a2be08bda6d24d5d5728e3407f254fa2d35f8dc087de18c5299636,python,cpp,PASS,PASS,PASS,PASS,FAIL,SKIP,SKIP,SKIP,SKIP,DIRECT,"DIRECT_NATIVE_UNAVAILABLE: call ""foo1"" has no native contract for target ""cpp"" (arguments: )"
6dec37f660a2be08bda6d24d5d5728e3407f254fa2d35f8dc087de18c5299636,python,c,PASS,PASS,PASS,PASS,FAIL,SKIP,SKIP,SKIP,SKIP,DIRECT,"DIRECT_NATIVE_UNAVAILABLE: call ""foo1"" has no native contract for target ""c"" (arguments: )"
6dec37f660a2be08bda6d24d5d5728e3407f254fa2d35f8dc087de18c5299636,python,python,PASS,PASS,PASS,PASS,FAIL,SKIP,SKIP,SKIP,SKIP,DIRECT,"DIRECT_NATIVE_UNAVAILABLE: call ""foo1"" has no native contract for target ""python"" (arguments: )"
6dec37f660a2be08bda6d24d5d5728e3407f254fa2d35f8dc087de18c5299636,python,zig,PASS,PASS,PASS,PASS,FAIL,SKIP,SKIP,SKIP,SKIP,DIRECT,"DIRECT_NATIVE_UNAVAILABLE: call ""foo1"" has no native contract for target ""zig"" (arguments: )"
6dec37f660a2be08bda6d24d5d5728e3407f254fa2d35f8dc087de18c5299636,python,julia,PASS,PASS,PASS,PASS,FAIL,SKIP,SKIP,SKIP,SKIP,DIRECT,"DIRECT_NATIVE_UNAVAILABLE: call ""foo1"" has no native contract for target ""julia"" (arguments: )"
6dec37f660a2be08bda6d24d5d5728e3407f254fa2d35f8dc087de18c5299636,python,nim,PASS,PASS,PASS,PASS,FAIL,SKIP,SKIP,SKIP,SKIP,DIRECT,"DIRECT_NATIVE_UNAVAILABLE: call ""foo1"" has no native contract for target ""nim"" (arguments: )"
6dec37f660a2be08bda6d24d5d5728e3407f254fa2d35f8dc087de18c5299636,python,csharp,PASS,PASS,PASS,PASS,FAIL,SKIP,SKIP,SKIP,SKIP,DIRECT,"DIRECT_NATIVE_UNAVAILABLE: call ""foo1"" has no native contract for target ""csharp"" (arguments: )"
6dec37f660a2be08bda6d24d5d5728e3407f254fa2d35f8dc087de18c5299636,python,java,PASS,PASS,PASS,PASS,FAIL,SKIP,SKIP,SKIP,SKIP,DIRECT,"DIRECT_NATIVE_UNAVAILABLE: call ""foo1"" has no native contract for target ""java"" (arguments: )"
6dec37f660a2be08bda6d24d5d5728e3407f254fa2d35f8dc087de18c5299636,python,kotlin,PASS,PASS,PASS,PASS,FAIL,SKIP,SKIP,SKIP,SKIP,DIRECT,"DIRECT_NATIVE_UNAVAILABLE: call ""foo1"" has no native contract for target ""kotlin"" (arguments: )"
6dec37f660a2be08bda6d24d5d5728e3407f254fa2d35f8dc087de18c5299636,python,swift,PASS,PASS,PASS,PASS,FAIL,SKIP,SKIP,SKIP,SKIP,DIRECT,"DIRECT_NATIVE_UNAVAILABLE: call ""foo1"" has no native contract for target ""swift"" (arguments: )"
b990fbb19b29809bc91d55b983c6f2590d12884ca3a11379536201f0670e0773,python,r,PASS,PASS,PASS,PASS,PASS,PASS,SKIP,SKIP,SKIP,DIRECT,
b990fbb19b29809bc91d55b983c6f2590d12884ca3a11379536201f0670e0773,python,go,PASS,PASS,PASS,PASS,FAIL,SKIP,SKIP,SKIP,SKIP,DIRECT,"DIRECT_NATIVE_UNAVAILABLE: target go emitted invalid syntax (other: C:\Users\tarek\AppData\Local\Temp\codetranspiler-syntax-1770176555\program.go:10:7: expected operand, found 'case' C:\Users\tarek\AppData\Local\Temp\codetranspiler-syntax-1"
b990fbb19b29809bc91d55b983c6f2590d12884ca3a11379536201f0670e0773,python,rust,PASS,PASS,PASS,PASS,FAIL,SKIP,SKIP,SKIP,SKIP,DIRECT,DIRECT_NATIVE_UNAVAILABLE: target rust emitted invalid syntax (other: error[E0425]: cannot find value `case` in this scope --> C:\Users\tarek\AppData\Local\Temp\codetranspiler-syntax-1446143955\program.rs:3:7 | 3 | ((case.clone() - 3.0) + 5
b990fbb19b29809bc91d55b983c6f2590d12884ca3a11379536201f0670e0773,python,cpp,PASS,PASS,PASS,PASS,FAIL,SKIP,SKIP,SKIP,SKIP,DIRECT,DIRECT_NATIVE_UNAVAILABLE: target cpp emitted invalid syntax (other: C:\Users\tarek\AppData\Local\Temp\codetranspiler-syntax-411425050\program.cpp: In function 'int main()': C:\Users\tarek\AppData\Local\Temp\codetranspiler-syntax-411425050\
b990fbb19b29809bc91d55b983c6f2590d12884ca3a11379536201f0670e0773,python,c,PASS,PASS,PASS,PASS,FAIL,SKIP,SKIP,SKIP,SKIP,DIRECT,DIRECT_NATIVE_UNAVAILABLE: target c emitted invalid syntax (expected expression: C:\Users\tarek\AppData\Local\Temp\codetranspiler-syntax-2924152320\program.c: In function 'main': C:\Users\tarek\AppData\Local\Temp\codetranspiler-syntax-29241
b990fbb19b29809bc91d55b983c6f2590d12884ca3a11379536201f0670e0773,python,python,PASS,PASS,PASS,PASS,PASS,PASS,SKIP,SKIP,SKIP,DIRECT,
b990fbb19b29809bc91d55b983c6f2590d12884ca3a11379536201f0670e0773,python,zig,PASS,PASS,PASS,PASS,PASS,PASS,SKIP,SKIP,SKIP,DIRECT,
b990fbb19b29809bc91d55b983c6f2590d12884ca3a11379536201f0670e0773,python,julia,PASS,PASS,PASS,PASS,PASS,PASS,SKIP,SKIP,SKIP,DIRECT,
b990fbb19b29809bc91d55b983c6f2590d12884ca3a11379536201f0670e0773,python,nim,PASS,PASS,PASS,PASS,PASS,PASS,SKIP,SKIP,SKIP,DIRECT,
b990fbb19b29809bc91d55b983c6f2590d12884ca3a11379536201f0670e0773,python,csharp,PASS,PASS,PASS,PASS,PASS,PASS,SKIP,SKIP,SKIP,DIRECT,
b990fbb19b29809bc91d55b983c6f2590d12884ca3a11379536201f0670e0773,python,java,PASS,PASS,PASS,PASS,FAIL,SKIP,SKIP,SKIP,SKIP,DIRECT,DIRECT_NATIVE_UNAVAILABLE: target java emitted invalid syntax (other: C:\Users\tarek\AppData\Local\Temp\codetranspiler-syntax-1588111748\Main.java:5: Fehler: Unzulässiger Ausdrucksbeginn ((case - 3) + 5); ^ C:\Users\tarek\AppData\Local\Temp
b990fbb19b29809bc91d55b983c6f2590d12884ca3a11379536201f0670e0773,python,kotlin,PASS,PASS,PASS,PASS,PASS,PASS,SKIP,SKIP,SKIP,DIRECT,
b990fbb19b29809bc91d55b983c6f2590d12884ca3a11379536201f0670e0773,python,swift,PASS,PASS,PASS,PASS,PASS,PASS,SKIP,SKIP,SKIP,DIRECT,
9fb3b005ff31ae9de0d9b1909f88e7232b102b02fb763d6c334e2e5daf7ee806,python,r,PASS,PASS,PASS,PASS,PASS,PASS,SKIP,SKIP,SKIP,DIRECT,
9fb3b005ff31ae9de0d9b1909f88e7232b102b02fb763d6c334e2e5daf7ee806,python,go,PASS,PASS,PASS,PASS,PASS,PASS,SKIP,SKIP,SKIP,DIRECT,
9fb3b005ff31ae9de0d9b1909f88e7232b102b02fb763d6c334e2e5daf7ee806,python,rust,PASS,PASS,PASS,PASS,PASS,PASS,SKIP,SKIP,SKIP,DIRECT,
9fb3b005ff31ae9de0d9b1909f88e7232b102b02fb763d6c334e2e5daf7ee806,python,cpp,PASS,PASS,PASS,PASS,PASS,PASS,SKIP,SKIP,SKIP,DIRECT,
9fb3b005ff31ae9de0d9b1909f88e7232b102b02fb763d6c334e2e5daf7ee806,python,c,PASS,PASS,PASS,PASS,PASS,PASS,SKIP,SKIP,SKIP,DIRECT,
9fb3b005ff31ae9de0d9b1909f88e7232b102b02fb763d6c334e2e5daf7ee806,python,python,PASS,PASS,PASS,PASS,PASS,PASS,SKIP,SKIP,SKIP,DIRECT,
9fb3b005ff31ae9de0d9b1909f88e7232b102b02fb763d6c334e2e5daf7ee806,python,zig,PASS,PASS,PASS,PASS,PASS,PASS,SKIP,SKIP,SKIP,DIRECT,
9fb3b005ff31ae9de0d9b1909f88e7232b102b02fb763d6c334e2e5daf7ee806,python,julia,PASS,PASS,PASS,PASS,PASS,PASS,SKIP,SKIP,SKIP,DIRECT,
9fb3b005ff31ae9de0d9b1909f88e7232b102b02fb763d6c334e2e5daf7ee806,python,nim,PASS,PASS,PASS,PASS,PASS,PASS,SKIP,SKIP,SKIP,DIRECT,
9fb3b005ff31ae9de0d9b1909f88e7232b102b02fb763d6c334e2e5daf7ee806,python,csharp,PASS,PASS,PASS,PASS,PASS,PASS,SKIP,SKIP,SKIP,DIRECT,
9fb3b005ff31ae9de0d9b1909f88e7232b102b02fb763d6c334e2e5daf7ee806,python,java,PASS,PASS,PASS,PASS,PASS,PASS,SKIP,SKIP,SKIP,DIRECT,
9fb3b005ff31ae9de0d9b1909f88e7232b102b02fb763d6c334e2e5daf7ee806,python,kotlin,PASS,PASS,PASS,PASS,PASS,PASS,SKIP,SKIP,SKIP,DIRECT,
9fb3b005ff31ae9de0d9b1909f88e7232b102b02fb763d6c334e2e5daf7ee806,python,swift,PASS,PASS,PASS,PASS,PASS,PASS,SKIP,SKIP,SKIP,DIRECT,
ffece1934cf3808101585384e34edbacb0d121d35c08e77570be97a96850405b,python,r,PASS,PASS,PASS,PASS,PASS,PASS,SKIP,SKIP,SKIP,DIRECT,
ffece1934cf3808101585384e34edbacb0d121d35c08e77570be97a96850405b,python,go,PASS,PASS,PASS,PASS,PASS,PASS,SKIP,SKIP,SKIP,DIRECT,
ffece1934cf3808101585384e34edbacb0d121d35c08e77570be97a96850405b,python,rust,PASS,PASS,PASS,PASS,PASS,PASS,SKIP,SKIP,SKIP,DIRECT,
ffece1934cf3808101585384e34edbacb0d121d35c08e77570be97a96850405b,python,cpp,PASS,PASS,PASS,PASS,PASS,PASS,SKIP,SKIP,SKIP,DIRECT,
ffece1934cf3808101585384e34edbacb0d121d35c08e77570be97a96850405b,python,c,PASS,PASS,PASS,PASS,PASS,PASS,SKIP,SKIP,SKIP,DIRECT,
ffece1934cf3808101585384e34edbacb0d121d35c08e77570be97a96850405b,python,python,PASS,PASS,PASS,PASS,PASS,PASS,SKIP,SKIP,SKIP,DIRECT,
ffece1934cf3808101585384e34edbacb0d121d35c08e77570be97a96850405b,python,zig,PASS,PASS,PASS,PASS,PASS,PASS,SKIP,SKIP,SKIP,DIRECT,
ffece1934cf3808101585384e34edbacb0d121d35c08e77570be97a96850405b,python,julia,PASS,PASS,PASS,PASS,PASS,PASS,SKIP,SKIP,SKIP,DIRECT,
ffece1934cf3808101585384e34edbacb0d121d35c08e77570be97a96850405b,python,nim,PASS,PASS,PASS,PASS,PASS,PASS,SKIP,SKIP,SKIP,DIRECT,
ffece1934cf3808101585384e34edbacb0d121d35c08e77570be97a96850405b,python,csharp,PASS,PASS,PASS,PASS,PASS,PASS,SKIP,SKIP,SKIP,DIRECT,
ffece1934cf3808101585384e34edbacb0d121d35c08e77570be97a96850405b,python,java,PASS,PASS,PASS,PASS,PASS,PASS,SKIP,SKIP,SKIP,DIRECT,
ffece1934cf3808101585384e34edbacb0d121d35c08e77570be97a96850405b,python,kotlin,PASS,PASS,PASS,PASS,PASS,PASS,SKIP,SKIP,SKIP,DIRECT,
ffece1934cf3808101585384e34edbacb0d121d35c08e77570be97a96850405b,python,swift,PASS,PASS,PASS,PASS,PASS,PASS,SKIP,SKIP,SKIP,DIRECT,
41409c8a7683973c12c3ae36dd678ea252888188716c9da91f0ae0d5de286343,python,r,PASS,PASS,PASS,PASS,PASS,PASS,SKIP,SKIP,SKIP,DIRECT,
41409c8a7683973c12c3ae36dd678ea252888188716c9da91f0ae0d5de286343,python,go,PASS,PASS,PASS,PASS,PASS,PASS,SKIP,SKIP,SKIP,DIRECT,
41409c8a7683973c12c3ae36dd678ea252888188716c9da91f0ae0d5de286343,python,rust,PASS,PASS,PASS,PASS,PASS,PASS,SKIP,SKIP,SKIP,DIRECT,
41409c8a7683973c12c3ae36dd678ea252888188716c9da91f0ae0d5de286343,python,cpp,PASS,PASS,PASS,PASS,PASS,PASS,SKIP,SKIP,SKIP,DIRECT,
41409c8a7683973c12c3ae36dd678ea252888188716c9da91f0ae0d5de286343,python,c,PASS,PASS,PASS,PASS,PASS,PASS,SKIP,SKIP,SKIP,DIRECT,
41409c8a7683973c12c3ae36dd678ea252888188716c9da91f0ae0d5de286343,python,python,PASS,PASS,PASS,PASS,PASS,PASS,SKIP,SKIP,SKIP,DIRECT,
41409c8a7683973c12c3ae36dd678ea252888188716c9da91f0ae0d5de286343,python,zig,PASS,PASS,PASS,PASS,PASS,PASS,SKIP,SKIP,SKIP,DIRECT,
41409c8a7683973c12c3ae36dd678ea252888188716c9da91f0ae0d5de286343,python,julia,PASS,PASS,PASS,PASS,PASS,PASS,SKIP,SKIP,SKIP,DIRECT,
41409c8a7683973c12c3ae36dd678ea252888188716c9da91f0ae0d5de286343,python,nim,PASS,PASS,PASS,PASS,PASS,PASS,SKIP,SKIP,SKIP,DIRECT,
41409c8a7683973c12c3ae36dd678ea252888188716c9da91f0ae0d5de286343,python,csharp,PASS,PASS,PASS,PASS,PASS,PASS,SKIP,SKIP,SKIP,DIRECT,
41409c8a7683973c12c3ae36dd678ea252888188716c9da91f0ae0d5de286343,python,java,PASS,PASS,PASS,PASS,PASS,PASS,SKIP,SKIP,SKIP,DIRECT,
41409c8a7683973c12c3ae36dd678ea252888188716c9da91f0ae0d5de286343,python,kotlin,PASS,PASS,PASS,PASS,PASS,PASS,SKIP,SKIP,SKIP,DIRECT,
41409c8a7683973c12c3ae36dd678ea252888188716c9da91f0ae0d5de286343,python,swift,PASS,PASS,PASS,PASS,PASS,PASS,SKIP,SKIP,SKIP,DIRECT,
3236ea6038c9145267f3aae752befb61eb5eb7ca2d3f50607033bc83767b0c3a,python,r,PASS,PASS,PASS,PASS,PASS,PASS,SKIP,SKIP,SKIP,DIRECT,
3236ea6038c9145267f3aae752befb61eb5eb7ca2d3f50607033bc83767b0c3a,python,go,PASS,PASS,PASS,PASS,PASS,PASS,SKIP,SKIP,SKIP,DIRECT,
3236ea6038c9145267f3aae752befb61eb5eb7ca2d3f50607033bc83767b0c3a,python,rust,PASS,PASS,PASS,PASS,PASS,PASS,SKIP,SKIP,SKIP,DIRECT,
3236ea6038c9145267f3aae752befb61eb5eb7ca2d3f50607033bc83767b0c3a,python,cpp,PASS,PASS,PASS,PASS,PASS,PASS,SKIP,SKIP,SKIP,DIRECT,
3236ea6038c9145267f3aae752befb61eb5eb7ca2d3f50607033bc83767b0c3a,python,c,PASS,PASS,PASS,PASS,PASS,PASS,SKIP,SKIP,SKIP,DIRECT,
3236ea6038c9145267f3aae752befb61eb5eb7ca2d3f50607033bc83767b0c3a,python,python,PASS,PASS,PASS,PASS,PASS,PASS,SKIP,SKIP,SKIP,DIRECT,
3236ea6038c9145267f3aae752befb61eb5eb7ca2d3f50607033bc83767b0c3a,python,zig,PASS,PASS,PASS,PASS,PASS,PASS,SKIP,SKIP,SKIP,DIRECT,
3236ea6038c9145267f3aae752befb61eb5eb7ca2d3f50607033bc83767b0c3a,python,julia,PASS,PASS,PASS,PASS,PASS,PASS,SKIP,SKIP,SKIP,DIRECT,
3236ea6038c9145267f3aae752befb61eb5eb7ca2d3f50607033bc83767b0c3a,python,nim,PASS,PASS,PASS,PASS,PASS,PASS,SKIP,SKIP,SKIP,DIRECT,
3236ea6038c9145267f3aae752befb61eb5eb7ca2d3f50607033bc83767b0c3a,python,csharp,PASS,PASS,PASS,PASS,PASS,PASS,SKIP,SKIP,SKIP,DIRECT,
3236ea6038c9145267f3aae752befb61eb5eb7ca2d3f50607033bc83767b0c3a,python,java,PASS,PASS,PASS,PASS,PASS,PASS,SKIP,SKIP,SKIP,DIRECT,
3236ea6038c9145267f3aae752befb61eb5eb7ca2d3f50607033bc83767b0c3a,python,kotlin,PASS,PASS,PASS,PASS,PASS,PASS,SKIP,SKIP,SKIP,DIRECT,
3236ea6038c9145267f3aae752befb61eb5eb7ca2d3f50607033bc83767b0c3a,python,swift,PASS,PASS,PASS,PASS,PASS,PASS,SKIP,SKIP,SKIP,DIRECT,
8b4899ded6d68f4d5b93603796ac193bfb2d9ea0cb1bdc65ca6a59587e9c992a,python,r,PASS,PASS,PASS,PASS,PASS,PASS,SKIP,SKIP,SKIP,DIRECT,
8b4899ded6d68f4d5b93603796ac193bfb2d9ea0cb1bdc65ca6a59587e9c992a,python,go,PASS,PASS,PASS,PASS,PASS,PASS,SKIP,SKIP,SKIP,DIRECT,
8b4899ded6d68f4d5b93603796ac193bfb2d9ea0cb1bdc65ca6a59587e9c992a,python,rust,PASS,PASS,PASS,PASS,PASS,PASS,SKIP,SKIP,SKIP,DIRECT,
8b4899ded6d68f4d5b93603796ac193bfb2d9ea0cb1bdc65ca6a59587e9c992a,python,cpp,PASS,PASS,PASS,PASS,PASS,PASS,SKIP,SKIP,SKIP,DIRECT,
8b4899ded6d68f4d5b93603796ac193bfb2d9ea0cb1bdc65ca6a59587e9c992a,python,c,PASS,PASS,PASS,PASS,PASS,PASS,SKIP,SKIP,SKIP,DIRECT,
8b4899ded6d68f4d5b93603796ac193bfb2d9ea0cb1bdc65ca6a59587e9c992a,python,python,PASS,PASS,PASS,PASS,PASS,PASS,SKIP,SKIP,SKIP,DIRECT,
8b4899ded6d68f4d5b93603796ac193bfb2d9ea0cb1bdc65ca6a59587e9c992a,python,zig,PASS,PASS,PASS,PASS,PASS,PASS,SKIP,SKIP,SKIP,DIRECT,
8b4899ded6d68f4d5b93603796ac193bfb2d9ea0cb1bdc65ca6a59587e9c992a,python,julia,PASS,PASS,PASS,PASS,PASS,PASS,SKIP,SKIP,SKIP,DIRECT,
8b4899ded6d68f4d5b93603796ac193bfb2d9ea0cb1bdc65ca6a59587e9c992a,python,nim,PASS,PASS,PASS,PASS,PASS,PASS,SKIP,SKIP,SKIP,DIRECT,
8b4899ded6d68f4d5b93603796ac193bfb2d9ea0cb1bdc65ca6a59587e9c992a,python,csharp,PASS,PASS,PASS,PASS,PASS,PASS,SKIP,SKIP,SKIP,DIRECT,
8b4899ded6d68f4d5b93603796ac193bfb2d9ea0cb1bdc65ca6a59587e9c992a,python,java,PASS,PASS,PASS,PASS,PASS,PASS,SKIP,SKIP,SKIP,DIRECT,
8b4899ded6d68f4d5b93603796ac193bfb2d9ea0cb1bdc65ca6a59587e9c992a,python,kotlin,PASS,PASS,PASS,PASS,PASS,PASS,SKIP,SKIP,SKIP,DIRECT,
8b4899ded6d68f4d5b93603796ac193bfb2d9ea0cb1bdc65ca6a59587e9c992a,python,swift,PASS,PASS,PASS,PASS,PASS,PASS,SKIP,SKIP,SKIP,DIRECT,
7dd4bc4b1f2bf4e8847ec2ff3c677ae8c490edb557a383e71add09e821264e18,python,r,PASS,PASS,PASS,PASS,FAIL,SKIP,SKIP,SKIP,SKIP,DIRECT,"universal node 1 lacks required ""expression"" child"
7dd4bc4b1f2bf4e8847ec2ff3c677ae8c490edb557a383e71add09e821264e18,python,go,PASS,PASS,PASS,PASS,FAIL,SKIP,SKIP,SKIP,SKIP,DIRECT,DIRECT_NATIVE_UNAVAILABLE: unsupported UAST node OperationExpr/1
7dd4bc4b1f2bf4e8847ec2ff3c677ae8c490edb557a383e71add09e821264e18,python,rust,PASS,PASS,PASS,PASS,FAIL,SKIP,SKIP,SKIP,SKIP,DIRECT,DIRECT_NATIVE_UNAVAILABLE: unsupported UAST node OperationExpr/1
7dd4bc4b1f2bf4e8847ec2ff3c677ae8c490edb557a383e71add09e821264e18,python,cpp,PASS,PASS,PASS,PASS,FAIL,SKIP,SKIP,SKIP,SKIP,DIRECT,DIRECT_NATIVE_UNAVAILABLE: unsupported UAST node OperationExpr/1
7dd4bc4b1f2bf4e8847ec2ff3c677ae8c490edb557a383e71add09e821264e18,python,c,PASS,PASS,PASS,PASS,FAIL,SKIP,SKIP,SKIP,SKIP,DIRECT,DIRECT_NATIVE_UNAVAILABLE: unsupported UAST node OperationExpr/1
7dd4bc4b1f2bf4e8847ec2ff3c677ae8c490edb557a383e71add09e821264e18,python,python,PASS,PASS,PASS,PASS,FAIL,SKIP,SKIP,SKIP,SKIP,DIRECT,DIRECT_NATIVE_UNAVAILABLE: unsupported UAST node OperationExpr/1
7dd4bc4b1f2bf4e8847ec2ff3c677ae8c490edb557a383e71add09e821264e18,python,zig,PASS,PASS,PASS,PASS,FAIL,SKIP,SKIP,SKIP,SKIP,DIRECT,DIRECT_NATIVE_UNAVAILABLE: unsupported UAST node OperationExpr/1
7dd4bc4b1f2bf4e8847ec2ff3c677ae8c490edb557a383e71add09e821264e18,python,julia,PASS,PASS,PASS,PASS,FAIL,SKIP,SKIP,SKIP,SKIP,DIRECT,DIRECT_NATIVE_UNAVAILABLE: unsupported UAST node OperationExpr/1
7dd4bc4b1f2bf4e8847ec2ff3c677ae8c490edb557a383e71add09e821264e18,python,nim,PASS,PASS,PASS,PASS,FAIL,SKIP,SKIP,SKIP,SKIP,DIRECT,DIRECT_NATIVE_UNAVAILABLE: unsupported UAST node OperationExpr/1
7dd4bc4b1f2bf4e8847ec2ff3c677ae8c490edb557a383e71add09e821264e18,python,csharp,PASS,PASS,PASS,PASS,FAIL,SKIP,SKIP,SKIP,SKIP,DIRECT,DIRECT_NATIVE_UNAVAILABLE: unsupported UAST node OperationExpr/1
7dd4bc4b1f2bf4e8847ec2ff3c677ae8c490edb557a383e71add09e821264e18,python,java,PASS,PASS,PASS,PASS,FAIL,SKIP,SKIP,SKIP,SKIP,DIRECT,DIRECT_NATIVE_UNAVAILABLE: unsupported UAST node OperationExpr/1
7dd4bc4b1f2bf4e8847ec2ff3c677ae8c490edb557a383e71add09e821264e18,python,kotlin,PASS,PASS,PASS,PASS,FAIL,SKIP,SKIP,SKIP,SKIP,DIRECT,DIRECT_NATIVE_UNAVAILABLE: unsupported UAST node OperationExpr/1
7dd4bc4b1f2bf4e8847ec2ff3c677ae8c490edb557a383e71add09e821264e18,python,swift,PASS,PASS,PASS,PASS,FAIL,SKIP,SKIP,SKIP,SKIP,DIRECT,DIRECT_NATIVE_UNAVAILABLE: unsupported UAST node OperationExpr/1
bc0fd3116dba86137ff215ff4dab9bc1e86fe67840fee99ce5575148046ba6a1,python,r,PASS,PASS,PASS,PASS,PASS,PASS,SKIP,SKIP,SKIP,DIRECT,
bc0fd3116dba86137ff215ff4dab9bc1e86fe67840fee99ce5575148046ba6a1,python,go,PASS,PASS,PASS,PASS,PASS,PASS,SKIP,SKIP,SKIP,DIRECT,
bc0fd3116dba86137ff215ff4dab9bc1e86fe67840fee99ce5575148046ba6a1,python,rust,PASS,PASS,PASS,PASS,PASS,PASS,SKIP,SKIP,SKIP,DIRECT,
bc0fd3116dba86137ff215ff4dab9bc1e86fe67840fee99ce5575148046ba6a1,python,cpp,PASS,PASS,PASS,PASS,PASS,PASS,SKIP,SKIP,SKIP,DIRECT,
bc0fd3116dba86137ff215ff4dab9bc1e86fe67840fee99ce5575148046ba6a1,python,c,PASS,PASS,PASS,PASS,PASS,PASS,SKIP,SKIP,SKIP,DIRECT,
bc0fd3116dba86137ff215ff4dab9bc1e86fe67840fee99ce5575148046ba6a1,python,python,PASS,PASS,PASS,PASS,PASS,PASS,SKIP,SKIP,SKIP,DIRECT,
bc0fd3116dba86137ff215ff4dab9bc1e86fe67840fee99ce5575148046ba6a1,python,zig,PASS,PASS,PASS,PASS,PASS,PASS,SKIP,SKIP,SKIP,DIRECT,
bc0fd3116dba86137ff215ff4dab9bc1e86fe67840fee99ce5575148046ba6a1,python,julia,PASS,PASS,PASS,PASS,PASS,PASS,SKIP,SKIP,SKIP,DIRECT,
bc0fd3116dba86137ff215ff4dab9bc1e86fe67840fee99ce5575148046ba6a1,python,nim,PASS,PASS,PASS,PASS,PASS,PASS,SKIP,SKIP,SKIP,DIRECT,
bc0fd3116dba86137ff215ff4dab9bc1e86fe67840fee99ce5575148046ba6a1,python,csharp,PASS,PASS,PASS,PASS,PASS,PASS,SKIP,SKIP,SKIP,DIRECT,
bc0fd3116dba86137ff215ff4dab9bc1e86fe67840fee99ce5575148046ba6a1,python,java,PASS,PASS,PASS,PASS,PASS,PASS,SKIP,SKIP,SKIP,DIRECT,
bc0fd3116dba86137ff215ff4dab9bc1e86fe67840fee99ce5575148046ba6a1,python,kotlin,PASS,PASS,PASS,PASS,PASS,PASS,SKIP,SKIP,SKIP,DIRECT,
bc0fd3116dba86137ff215ff4dab9bc1e86fe67840fee99ce5575148046ba6a1,python,swift,PASS,PASS,PASS,PASS,PASS,PASS,SKIP,SKIP,SKIP,DIRECT,
f513b871a4162a833151cc2c289d584e21429d26e0cd6d87ec2c1b6eb1518c7c,python,r,PASS,PASS,PASS,PASS,PASS,PASS,SKIP,SKIP,SKIP,DIRECT,
f513b871a4162a833151cc2c289d584e21429d26e0cd6d87ec2c1b6eb1518c7c,python,go,PASS,PASS,PASS,PASS,PASS,PASS,SKIP,SKIP,SKIP,DIRECT,
f513b871a4162a833151cc2c289d584e21429d26e0cd6d87ec2c1b6eb1518c7c,python,rust,PASS,PASS,PASS,PASS,FAIL,SKIP,SKIP,SKIP,SKIP,DIRECT,DIRECT_NATIVE_UNAVAILABLE: target rust emitted invalid syntax (other: error[E0425]: cannot find value `b` in this scope --> C:\Users\tarek\AppData\Local\Temp\codetranspiler-syntax-381254757\program.rs:3:6 | 3 | (b.clone() + c.clone()); | ^ 
f513b871a4162a833151cc2c289d584e21429d26e0cd6d87ec2c1b6eb1518c7c,python,cpp,PASS,PASS,PASS,PASS,FAIL,SKIP,SKIP,SKIP,SKIP,DIRECT,DIRECT_NATIVE_UNAVAILABLE: target cpp emitted invalid syntax (other: C:\Users\tarek\AppData\Local\Temp\codetranspiler-syntax-1318418077\program.cpp: In function 'int main()': C:\Users\tarek\AppData\Local\Temp\codetranspiler-syntax-131841807
f513b871a4162a833151cc2c289d584e21429d26e0cd6d87ec2c1b6eb1518c7c,python,c,PASS,PASS,PASS,PASS,FAIL,SKIP,SKIP,SKIP,SKIP,DIRECT,DIRECT_NATIVE_UNAVAILABLE: target c emitted invalid syntax (other: C:\Users\tarek\AppData\Local\Temp\codetranspiler-syntax-3390585466\program.c: In function 'main': C:\Users\tarek\AppData\Local\Temp\codetranspiler-syntax-3390585466\program.
f513b871a4162a833151cc2c289d584e21429d26e0cd6d87ec2c1b6eb1518c7c,python,python,PASS,PASS,PASS,PASS,PASS,PASS,SKIP,SKIP,SKIP,DIRECT,
f513b871a4162a833151cc2c289d584e21429d26e0cd6d87ec2c1b6eb1518c7c,python,zig,PASS,PASS,PASS,PASS,PASS,PASS,SKIP,SKIP,SKIP,DIRECT,
f513b871a4162a833151cc2c289d584e21429d26e0cd6d87ec2c1b6eb1518c7c,python,julia,PASS,PASS,PASS,PASS,PASS,PASS,SKIP,SKIP,SKIP,DIRECT,
f513b871a4162a833151cc2c289d584e21429d26e0cd6d87ec2c1b6eb1518c7c,python,nim,PASS,PASS,PASS,PASS,PASS,PASS,SKIP,SKIP,SKIP,DIRECT,
f513b871a4162a833151cc2c289d584e21429d26e0cd6d87ec2c1b6eb1518c7c,python,csharp,PASS,PASS,PASS,PASS,PASS,PASS,SKIP,SKIP,SKIP,DIRECT,
f513b871a4162a833151cc2c289d584e21429d26e0cd6d87ec2c1b6eb1518c7c,python,java,PASS,PASS,PASS,PASS,FAIL,SKIP,SKIP,SKIP,SKIP,DIRECT,DIRECT_NATIVE_UNAVAILABLE: target java emitted invalid syntax (other: C:\Users\tarek\AppData\Local\Temp\codetranspiler-syntax-1904323519\Main.java:5: Fehler: Keine Anweisung (b + c); ^ 1 Fehler)
f513b871a4162a833151cc2c289d584e21429d26e0cd6d87ec2c1b6eb1518c7c,python,kotlin,PASS,PASS,PASS,PASS,PASS,PASS,SKIP,SKIP,SKIP,DIRECT,
f513b871a4162a833151cc2c289d584e21429d26e0cd6d87ec2c1b6eb1518c7c,python,swift,PASS,PASS,PASS,PASS,PASS,PASS,SKIP,SKIP,SKIP,DIRECT,
12242b04e85598dbd518dfc844fff601b1dc542be895c9a60183f6ced1627f04,python,r,PASS,PASS,PASS,PASS,PASS,PASS,SKIP,SKIP,SKIP,DIRECT,
12242b04e85598dbd518dfc844fff601b1dc542be895c9a60183f6ced1627f04,python,go,PASS,PASS,PASS,PASS,PASS,PASS,SKIP,SKIP,SKIP,DIRECT,
12242b04e85598dbd518dfc844fff601b1dc542be895c9a60183f6ced1627f04,python,rust,PASS,PASS,PASS,PASS,PASS,PASS,SKIP,SKIP,SKIP,DIRECT,
12242b04e85598dbd518dfc844fff601b1dc542be895c9a60183f6ced1627f04,python,cpp,PASS,PASS,PASS,PASS,PASS,PASS,SKIP,SKIP,SKIP,DIRECT,
12242b04e85598dbd518dfc844fff601b1dc542be895c9a60183f6ced1627f04,python,c,PASS,PASS,PASS,PASS,PASS,PASS,SKIP,SKIP,SKIP,DIRECT,
12242b04e85598dbd518dfc844fff601b1dc542be895c9a60183f6ced1627f04,python,python,PASS,PASS,PASS,PASS,PASS,PASS,SKIP,SKIP,SKIP,DIRECT,
12242b04e85598dbd518dfc844fff601b1dc542be895c9a60183f6ced1627f04,python,zig,PASS,PASS,PASS,PASS,PASS,PASS,SKIP,SKIP,SKIP,DIRECT,
12242b04e85598dbd518dfc844fff601b1dc542be895c9a60183f6ced1627f04,python,julia,PASS,PASS,PASS,PASS,PASS,PASS,SKIP,SKIP,SKIP,DIRECT,
12242b04e85598dbd518dfc844fff601b1dc542be895c9a60183f6ced1627f04,python,nim,PASS,PASS,PASS,PASS,PASS,PASS,SKIP,SKIP,SKIP,DIRECT,
12242b04e85598dbd518dfc844fff601b1dc542be895c9a60183f6ced1627f04,python,csharp,PASS,PASS,PASS,PASS,PASS,PASS,SKIP,SKIP,SKIP,DIRECT,
12242b04e85598dbd518dfc844fff601b1dc542be895c9a60183f6ced1627f04,python,java,PASS,PASS,PASS,PASS,PASS,PASS,SKIP,SKIP,SKIP,DIRECT,
12242b04e85598dbd518dfc844fff601b1dc542be895c9a60183f6ced1627f04,python,kotlin,PASS,PASS,PASS,PASS,PASS,PASS,SKIP,SKIP,SKIP,DIRECT,
12242b04e85598dbd518dfc844fff601b1dc542be895c9a60183f6ced1627f04,python,swift,PASS,PASS,PASS,PASS,PASS,PASS,SKIP,SKIP,SKIP,DIRECT,
fddb2c05fa5c29b55eaedea4f2fb2f1ee052adb1b25169d099d3643d5c8139f0,python,r,PASS,PASS,PASS,PASS,FAIL,SKIP,SKIP,SKIP,SKIP,DIRECT,"universal node 1 lacks required ""expression"" child"
fddb2c05fa5c29b55eaedea4f2fb2f1ee052adb1b25169d099d3643d5c8139f0,python,go,PASS,PASS,PASS,PASS,FAIL,SKIP,SKIP,SKIP,SKIP,DIRECT,DIRECT_NATIVE_UNAVAILABLE: unsupported UAST node OperationExpr/1
fddb2c05fa5c29b55eaedea4f2fb2f1ee052adb1b25169d099d3643d5c8139f0,python,rust,PASS,PASS,PASS,PASS,FAIL,SKIP,SKIP,SKIP,SKIP,DIRECT,DIRECT_NATIVE_UNAVAILABLE: unsupported UAST node OperationExpr/1
fddb2c05fa5c29b55eaedea4f2fb2f1ee052adb1b25169d099d3643d5c8139f0,python,cpp,PASS,PASS,PASS,PASS,FAIL,SKIP,SKIP,SKIP,SKIP,DIRECT,DIRECT_NATIVE_UNAVAILABLE: unsupported UAST node OperationExpr/1
fddb2c05fa5c29b55eaedea4f2fb2f1ee052adb1b25169d099d3643d5c8139f0,python,c,PASS,PASS,PASS,PASS,FAIL,SKIP,SKIP,SKIP,SKIP,DIRECT,DIRECT_NATIVE_UNAVAILABLE: unsupported UAST node OperationExpr/1
fddb2c05fa5c29b55eaedea4f2fb2f1ee052adb1b25169d099d3643d5c8139f0,python,python,PASS,PASS,PASS,PASS,FAIL,SKIP,SKIP,SKIP,SKIP,DIRECT,DIRECT_NATIVE_UNAVAILABLE: unsupported UAST node OperationExpr/1
fddb2c05fa5c29b55eaedea4f2fb2f1ee052adb1b25169d099d3643d5c8139f0,python,zig,PASS,PASS,PASS,PASS,FAIL,SKIP,SKIP,SKIP,SKIP,DIRECT,DIRECT_NATIVE_UNAVAILABLE: unsupported UAST node OperationExpr/1
fddb2c05fa5c29b55eaedea4f2fb2f1ee052adb1b25169d099d3643d5c8139f0,python,julia,PASS,PASS,PASS,PASS,FAIL,SKIP,SKIP,SKIP,SKIP,DIRECT,DIRECT_NATIVE_UNAVAILABLE: unsupported UAST node OperationExpr/1
fddb2c05fa5c29b55eaedea4f2fb2f1ee052adb1b25169d099d3643d5c8139f0,python,nim,PASS,PASS,PASS,PASS,FAIL,SKIP,SKIP,SKIP,SKIP,DIRECT,DIRECT_NATIVE_UNAVAILABLE: unsupported UAST node OperationExpr/1
fddb2c05fa5c29b55eaedea4f2fb2f1ee052adb1b25169d099d3643d5c8139f0,python,csharp,PASS,PASS,PASS,PASS,FAIL,SKIP,SKIP,SKIP,SKIP,DIRECT,DIRECT_NATIVE_UNAVAILABLE: unsupported UAST node OperationExpr/1
fddb2c05fa5c29b55eaedea4f2fb2f1ee052adb1b25169d099d3643d5c8139f0,python,java,PASS,PASS,PASS,PASS,FAIL,SKIP,SKIP,SKIP,SKIP,DIRECT,DIRECT_NATIVE_UNAVAILABLE: unsupported UAST node OperationExpr/1
fddb2c05fa5c29b55eaedea4f2fb2f1ee052adb1b25169d099d3643d5c8139f0,python,kotlin,PASS,PASS,PASS,PASS,FAIL,SKIP,SKIP,SKIP,SKIP,DIRECT,DIRECT_NATIVE_UNAVAILABLE: unsupported UAST node OperationExpr/1
fddb2c05fa5c29b55eaedea4f2fb2f1ee052adb1b25169d099d3643d5c8139f0,python,swift,PASS,PASS,PASS,PASS,FAIL,SKIP,SKIP,SKIP,SKIP,DIRECT,DIRECT_NATIVE_UNAVAILABLE: unsupported UAST node OperationExpr/1
93cf95013fc6f64e919b796c38bb7536ee0769f9e4bb153ba1846829c615301f,python,r,PASS,PASS,PASS,PASS,PASS,PASS,SKIP,SKIP,SKIP,DIRECT,
93cf95013fc6f64e919b796c38bb7536ee0769f9e4bb153ba1846829c615301f,python,go,PASS,PASS,PASS,PASS,PASS,FAIL,SKIP,SKIP,SKIP,DIRECT,entry-point early return requires explicit exit semantics
93cf95013fc6f64e919b796c38bb7536ee0769f9e4bb153ba1846829c615301f,python,rust,PASS,PASS,PASS,PASS,FAIL,SKIP,SKIP,SKIP,SKIP,DIRECT,DIRECT_NATIVE_UNAVAILABLE: target rust emitted runtime artifact RValue
93cf95013fc6f64e919b796c38bb7536ee0769f9e4bb153ba1846829c615301f,python,cpp,PASS,PASS,PASS,PASS,FAIL,SKIP,SKIP,SKIP,SKIP,DIRECT,DIRECT_NATIVE_UNAVAILABLE: target cpp emitted runtime artifact RValue
93cf95013fc6f64e919b796c38bb7536ee0769f9e4bb153ba1846829c615301f,python,c,PASS,PASS,PASS,PASS,FAIL,SKIP,SKIP,SKIP,SKIP,DIRECT,DIRECT_NATIVE_UNAVAILABLE: target c emitted invalid syntax (other: C:\Users\tarek\AppData\Local\Temp\codetranspiler-syntax-1235070271\program.c: In function 'main': C:\Users\tarek\AppData\Local\Temp\codetranspiler-syntax-1235070271\program.
93cf95013fc6f64e919b796c38bb7536ee0769f9e4bb153ba1846829c615301f,python,python,PASS,PASS,PASS,PASS,FAIL,SKIP,SKIP,SKIP,SKIP,DIRECT,"DIRECT_NATIVE_UNAVAILABLE: target python emitted invalid syntax (other: File ""C:\Users\tarek\AppData\Local\Temp\codetranspiler-syntax-2896983433\program.py"", line 4 return not ^ SyntaxError: invalid syntax)"
93cf95013fc6f64e919b796c38bb7536ee0769f9e4bb153ba1846829c615301f,python,zig,PASS,PASS,PASS,PASS,FAIL,SKIP,SKIP,SKIP,SKIP,DIRECT,DIRECT_NATIVE_UNAVAILABLE: target zig emitted runtime artifact RValue
93cf95013fc6f64e919b796c38bb7536ee0769f9e4bb153ba1846829c615301f,python,julia,PASS,PASS,PASS,PASS,PASS,PASS,SKIP,SKIP,SKIP,DIRECT,
93cf95013fc6f64e919b796c38bb7536ee0769f9e4bb153ba1846829c615301f,python,nim,PASS,PASS,PASS,PASS,PASS,PASS,SKIP,SKIP,SKIP,DIRECT,
93cf95013fc6f64e919b796c38bb7536ee0769f9e4bb153ba1846829c615301f,python,csharp,PASS,PASS,PASS,PASS,FAIL,SKIP,SKIP,SKIP,SKIP,DIRECT,DIRECT_NATIVE_UNAVAILABLE: target csharp emitted runtime artifact R2
93cf95013fc6f64e919b796c38bb7536ee0769f9e4bb153ba1846829c615301f,python,java,PASS,PASS,PASS,PASS,FAIL,SKIP,SKIP,SKIP,SKIP,DIRECT,"DIRECT_NATIVE_UNAVAILABLE: target java emitted runtime artifact R2,RValue"
93cf95013fc6f64e919b796c38bb7536ee0769f9e4bb153ba1846829c615301f,python,kotlin,PASS,PASS,PASS,PASS,FAIL,SKIP,SKIP,SKIP,SKIP,DIRECT,DIRECT_NATIVE_UNAVAILABLE: target kotlin emitted runtime artifact RValue
93cf95013fc6f64e919b796c38bb7536ee0769f9e4bb153ba1846829c615301f,python,swift,PASS,PASS,PASS,PASS,FAIL,SKIP,SKIP,SKIP,SKIP,DIRECT,DIRECT_NATIVE_UNAVAILABLE: target swift emitted runtime artifact RValue
f322c089350ef24fe30cd42613307393a0374b0b3cf20de15fc0221e784a971c,python,r,PASS,PASS,PASS,PASS,PASS,PASS,SKIP,SKIP,SKIP,DIRECT,
f322c089350ef24fe30cd42613307393a0374b0b3cf20de15fc0221e784a971c,python,go,PASS,PASS,PASS,PASS,PASS,PASS,SKIP,SKIP,SKIP,DIRECT,
f322c089350ef24fe30cd42613307393a0374b0b3cf20de15fc0221e784a971c,python,rust,PASS,PASS,PASS,PASS,FAIL,SKIP,SKIP,SKIP,SKIP,DIRECT,DIRECT_NATIVE_UNAVAILABLE: target rust emitted invalid syntax (other: error[E0425]: cannot find value `a` in this scope --> C:\Users\tarek\AppData\Local\Temp\codetranspiler-syntax-1445745297\program.rs:3:9 | 3 | if (a.clone()) { | ^ not fou
f322c089350ef24fe30cd42613307393a0374b0b3cf20de15fc0221e784a971c,python,cpp,PASS,PASS,PASS,PASS,FAIL,SKIP,SKIP,SKIP,SKIP,DIRECT,DIRECT_NATIVE_UNAVAILABLE: target cpp emitted invalid syntax (other: C:\Users\tarek\AppData\Local\Temp\codetranspiler-syntax-3168347082\program.cpp: In function 'int main()': C:\Users\tarek\AppData\Local\Temp\codetranspiler-syntax-316834708
f322c089350ef24fe30cd42613307393a0374b0b3cf20de15fc0221e784a971c,python,c,PASS,PASS,PASS,PASS,FAIL,SKIP,SKIP,SKIP,SKIP,DIRECT,DIRECT_NATIVE_UNAVAILABLE: target c emitted invalid syntax (other: C:\Users\tarek\AppData\Local\Temp\codetranspiler-syntax-1412952944\program.c: In function 'main': C:\Users\tarek\AppData\Local\Temp\codetranspiler-syntax-1412952944\program.
f322c089350ef24fe30cd42613307393a0374b0b3cf20de15fc0221e784a971c,python,python,PASS,PASS,PASS,PASS,FAIL,SKIP,SKIP,SKIP,SKIP,DIRECT,"DIRECT_NATIVE_UNAVAILABLE: target python emitted invalid syntax (other: Sorry: IndentationError: expected an indented block after 'if' statement on line 2 (program.py, line 2))"
f322c089350ef24fe30cd42613307393a0374b0b3cf20de15fc0221e784a971c,python,zig,PASS,PASS,PASS,PASS,PASS,PASS,SKIP,SKIP,SKIP,DIRECT,
f322c089350ef24fe30cd42613307393a0374b0b3cf20de15fc0221e784a971c,python,julia,PASS,PASS,PASS,PASS,PASS,PASS,SKIP,SKIP,SKIP,DIRECT,
f322c089350ef24fe30cd42613307393a0374b0b3cf20de15fc0221e784a971c,python,nim,PASS,PASS,PASS,PASS,PASS,PASS,SKIP,SKIP,SKIP,DIRECT,
f322c089350ef24fe30cd42613307393a0374b0b3cf20de15fc0221e784a971c,python,csharp,PASS,PASS,PASS,PASS,PASS,PASS,SKIP,SKIP,SKIP,DIRECT,
f322c089350ef24fe30cd42613307393a0374b0b3cf20de15fc0221e784a971c,python,java,PASS,PASS,PASS,PASS,FAIL,SKIP,SKIP,SKIP,SKIP,DIRECT,DIRECT_NATIVE_UNAVAILABLE: target java emitted invalid syntax (other: C:\Users\tarek\AppData\Local\Temp\codetranspiler-syntax-2378343118\Main.java:5: Fehler: Symbol nicht gefunden if (a) { ^ Symbol: Variable a Ort: Klasse Main 1 Fehler)
f322c089350ef24fe30cd42613307393a0374b0b3cf20de15fc0221e784a971c,python,kotlin,PASS,PASS,PASS,PASS,PASS,PASS,SKIP,SKIP,SKIP,DIRECT,
f322c089350ef24fe30cd42613307393a0374b0b3cf20de15fc0221e784a971c,python,swift,PASS,PASS,PASS,PASS,PASS,PASS,SKIP,SKIP,SKIP,DIRECT,
f669f47f6adafa59867cd0fd2c4a4ed88b8bda3dcdad16f4ccae35b99026d1fd,python,r,PASS,PASS,PASS,PASS,PASS,PASS,SKIP,SKIP,SKIP,DIRECT,
f669f47f6adafa59867cd0fd2c4a4ed88b8bda3dcdad16f4ccae35b99026d1fd,python,go,PASS,PASS,PASS,PASS,PASS,PASS,SKIP,SKIP,SKIP,DIRECT,
f669f47f6adafa59867cd0fd2c4a4ed88b8bda3dcdad16f4ccae35b99026d1fd,python,rust,PASS,PASS,PASS,PASS,FAIL,SKIP,SKIP,SKIP,SKIP,DIRECT,DIRECT_NATIVE_UNAVAILABLE: target rust emitted invalid syntax (other: error[E0425]: cannot find value `a` in this scope --> C:\Users\tarek\AppData\Local\Temp\codetranspiler-syntax-2626196939\program.rs:3:9 | 3 | if (a.clone()) { | ^ not fou
f669f47f6adafa59867cd0fd2c4a4ed88b8bda3dcdad16f4ccae35b99026d1fd,python,cpp,PASS,PASS,PASS,PASS,FAIL,SKIP,SKIP,SKIP,SKIP,DIRECT,DIRECT_NATIVE_UNAVAILABLE: target cpp emitted invalid syntax (other: C:\Users\tarek\AppData\Local\Temp\codetranspiler-syntax-2441501877\program.cpp: In function 'int main()': C:\Users\tarek\AppData\Local\Temp\codetranspiler-syntax-244150187
f669f47f6adafa59867cd0fd2c4a4ed88b8bda3dcdad16f4ccae35b99026d1fd,python,c,PASS,PASS,PASS,PASS,FAIL,SKIP,SKIP,SKIP,SKIP,DIRECT,DIRECT_NATIVE_UNAVAILABLE: target c emitted invalid syntax (other: C:\Users\tarek\AppData\Local\Temp\codetranspiler-syntax-1827125165\program.c: In function 'main': C:\Users\tarek\AppData\Local\Temp\codetranspiler-syntax-1827125165\program.
f669f47f6adafa59867cd0fd2c4a4ed88b8bda3dcdad16f4ccae35b99026d1fd,python,python,PASS,PASS,PASS,PASS,FAIL,SKIP,SKIP,SKIP,SKIP,DIRECT,"DIRECT_NATIVE_UNAVAILABLE: target python emitted invalid syntax (other: Sorry: IndentationError: expected an indented block after 'if' statement on line 2 (program.py, line 3))"
f669f47f6adafa59867cd0fd2c4a4ed88b8bda3dcdad16f4ccae35b99026d1fd,python,zig,PASS,PASS,PASS,PASS,PASS,PASS,SKIP,SKIP,SKIP,DIRECT,
f669f47f6adafa59867cd0fd2c4a4ed88b8bda3dcdad16f4ccae35b99026d1fd,python,julia,PASS,PASS,PASS,PASS,PASS,PASS,SKIP,SKIP,SKIP,DIRECT,
f669f47f6adafa59867cd0fd2c4a4ed88b8bda3dcdad16f4ccae35b99026d1fd,python,nim,PASS,PASS,PASS,PASS,PASS,PASS,SKIP,SKIP,SKIP,DIRECT,
f669f47f6adafa59867cd0fd2c4a4ed88b8bda3dcdad16f4ccae35b99026d1fd,python,csharp,PASS,PASS,PASS,PASS,PASS,PASS,SKIP,SKIP,SKIP,DIRECT,
f669f47f6adafa59867cd0fd2c4a4ed88b8bda3dcdad16f4ccae35b99026d1fd,python,java,PASS,PASS,PASS,PASS,FAIL,SKIP,SKIP,SKIP,SKIP,DIRECT,DIRECT_NATIVE_UNAVAILABLE: target java emitted invalid syntax (other: C:\Users\tarek\AppData\Local\Temp\codetranspiler-syntax-529432358\Main.java:5: Fehler: Symbol nicht gefunden if (a) { ^ Symbol: Variable a Ort: Klasse Main C:\Users\tarek
f669f47f6adafa59867cd0fd2c4a4ed88b8bda3dcdad16f4ccae35b99026d1fd,python,kotlin,PASS,PASS,PASS,PASS,PASS,PASS,SKIP,SKIP,SKIP,DIRECT,
f669f47f6adafa59867cd0fd2c4a4ed88b8bda3dcdad16f4ccae35b99026d1fd,python,swift,PASS,PASS,PASS,PASS,PASS,PASS,SKIP,SKIP,SKIP,DIRECT,
61f7f25e3a2f98ed54a49e51d81154fbdc142ae5ae4954ba7cc21b96817c3a16,python,r,PASS,PASS,PASS,PASS,PASS,PASS,SKIP,SKIP,SKIP,DIRECT,
61f7f25e3a2f98ed54a49e51d81154fbdc142ae5ae4954ba7cc21b96817c3a16,python,go,PASS,PASS,PASS,PASS,PASS,PASS,SKIP,SKIP,SKIP,DIRECT,
61f7f25e3a2f98ed54a49e51d81154fbdc142ae5ae4954ba7cc21b96817c3a16,python,rust,PASS,PASS,PASS,PASS,FAIL,SKIP,SKIP,SKIP,SKIP,DIRECT,DIRECT_NATIVE_UNAVAILABLE: target rust emitted invalid syntax (other: error[E0425]: cannot find value `a` in this scope --> C:\Users\tarek\AppData\Local\Temp\codetranspiler-syntax-2750221130\program.rs:3:9 | 3 | if (a.clone()) { | ^ not fou
61f7f25e3a2f98ed54a49e51d81154fbdc142ae5ae4954ba7cc21b96817c3a16,python,cpp,PASS,PASS,PASS,PASS,FAIL,SKIP,SKIP,SKIP,SKIP,DIRECT,DIRECT_NATIVE_UNAVAILABLE: target cpp emitted invalid syntax (other: C:\Users\tarek\AppData\Local\Temp\codetranspiler-syntax-864141494\program.cpp: In function 'int main()': C:\Users\tarek\AppData\Local\Temp\codetranspiler-syntax-864141494\
61f7f25e3a2f98ed54a49e51d81154fbdc142ae5ae4954ba7cc21b96817c3a16,python,c,PASS,PASS,PASS,PASS,FAIL,SKIP,SKIP,SKIP,SKIP,DIRECT,DIRECT_NATIVE_UNAVAILABLE: target c emitted invalid syntax (other: C:\Users\tarek\AppData\Local\Temp\codetranspiler-syntax-2311250074\program.c: In function 'main': C:\Users\tarek\AppData\Local\Temp\codetranspiler-syntax-2311250074\program.
61f7f25e3a2f98ed54a49e51d81154fbdc142ae5ae4954ba7cc21b96817c3a16,python,python,PASS,PASS,PASS,PASS,FAIL,SKIP,SKIP,SKIP,SKIP,DIRECT,"DIRECT_NATIVE_UNAVAILABLE: target python emitted invalid syntax (other: Sorry: IndentationError: expected an indented block after 'if' statement on line 3 (program.py, line 4))"
61f7f25e3a2f98ed54a49e51d81154fbdc142ae5ae4954ba7cc21b96817c3a16,python,zig,PASS,PASS,PASS,PASS,PASS,PASS,SKIP,SKIP,SKIP,DIRECT,
61f7f25e3a2f98ed54a49e51d81154fbdc142ae5ae4954ba7cc21b96817c3a16,python,julia,PASS,PASS,PASS,PASS,PASS,PASS,SKIP,SKIP,SKIP,DIRECT,
61f7f25e3a2f98ed54a49e51d81154fbdc142ae5ae4954ba7cc21b96817c3a16,python,nim,PASS,PASS,PASS,PASS,PASS,PASS,SKIP,SKIP,SKIP,DIRECT,
61f7f25e3a2f98ed54a49e51d81154fbdc142ae5ae4954ba7cc21b96817c3a16,python,csharp,PASS,PASS,PASS,PASS,PASS,PASS,SKIP,SKIP,SKIP,DIRECT,
61f7f25e3a2f98ed54a49e51d81154fbdc142ae5ae4954ba7cc21b96817c3a16,python,java,PASS,PASS,PASS,PASS,FAIL,SKIP,SKIP,SKIP,SKIP,DIRECT,DIRECT_NATIVE_UNAVAILABLE: target java emitted invalid syntax (other: C:\Users\tarek\AppData\Local\Temp\codetranspiler-syntax-3521685133\Main.java:5: Fehler: Symbol nicht gefunden if (a) { ^ Symbol: Variable a Ort: Klasse Main C:\Users\tare
61f7f25e3a2f98ed54a49e51d81154fbdc142ae5ae4954ba7cc21b96817c3a16,python,kotlin,PASS,PASS,PASS,PASS,PASS,PASS,SKIP,SKIP,SKIP,DIRECT,
61f7f25e3a2f98ed54a49e51d81154fbdc142ae5ae4954ba7cc21b96817c3a16,python,swift,PASS,PASS,PASS,PASS,PASS,PASS,SKIP,SKIP,SKIP,DIRECT,
18011c4aad5da090439ab0aa6e64310e748527da6850980edbd68fb29e4fef9f,python,r,PASS,PASS,PASS,PASS,FAIL,SKIP,SKIP,SKIP,SKIP,DIRECT,"universal node 1 lacks required ""expression"" child"
18011c4aad5da090439ab0aa6e64310e748527da6850980edbd68fb29e4fef9f,python,go,PASS,PASS,PASS,PASS,FAIL,SKIP,SKIP,SKIP,SKIP,DIRECT,DIRECT_NATIVE_UNAVAILABLE: unsupported UAST node OperationExpr/1
18011c4aad5da090439ab0aa6e64310e748527da6850980edbd68fb29e4fef9f,python,rust,PASS,PASS,PASS,PASS,FAIL,SKIP,SKIP,SKIP,SKIP,DIRECT,DIRECT_NATIVE_UNAVAILABLE: unsupported UAST node OperationExpr/1
18011c4aad5da090439ab0aa6e64310e748527da6850980edbd68fb29e4fef9f,python,cpp,PASS,PASS,PASS,PASS,FAIL,SKIP,SKIP,SKIP,SKIP,DIRECT,DIRECT_NATIVE_UNAVAILABLE: unsupported UAST node OperationExpr/1
18011c4aad5da090439ab0aa6e64310e748527da6850980edbd68fb29e4fef9f,python,c,PASS,PASS,PASS,PASS,FAIL,SKIP,SKIP,SKIP,SKIP,DIRECT,DIRECT_NATIVE_UNAVAILABLE: unsupported UAST node OperationExpr/1
18011c4aad5da090439ab0aa6e64310e748527da6850980edbd68fb29e4fef9f,python,python,PASS,PASS,PASS,PASS,FAIL,SKIP,SKIP,SKIP,SKIP,DIRECT,DIRECT_NATIVE_UNAVAILABLE: unsupported UAST node OperationExpr/1
18011c4aad5da090439ab0aa6e64310e748527da6850980edbd68fb29e4fef9f,python,zig,PASS,PASS,PASS,PASS,FAIL,SKIP,SKIP,SKIP,SKIP,DIRECT,DIRECT_NATIVE_UNAVAILABLE: unsupported UAST node OperationExpr/1
18011c4aad5da090439ab0aa6e64310e748527da6850980edbd68fb29e4fef9f,python,julia,PASS,PASS,PASS,PASS,FAIL,SKIP,SKIP,SKIP,SKIP,DIRECT,DIRECT_NATIVE_UNAVAILABLE: unsupported UAST node OperationExpr/1
18011c4aad5da090439ab0aa6e64310e748527da6850980edbd68fb29e4fef9f,python,nim,PASS,PASS,PASS,PASS,FAIL,SKIP,SKIP,SKIP,SKIP,DIRECT,DIRECT_NATIVE_UNAVAILABLE: unsupported UAST node OperationExpr/1
18011c4aad5da090439ab0aa6e64310e748527da6850980edbd68fb29e4fef9f,python,csharp,PASS,PASS,PASS,PASS,FAIL,SKIP,SKIP,SKIP,SKIP,DIRECT,DIRECT_NATIVE_UNAVAILABLE: unsupported UAST node OperationExpr/1
18011c4aad5da090439ab0aa6e64310e748527da6850980edbd68fb29e4fef9f,python,java,PASS,PASS,PASS,PASS,FAIL,SKIP,SKIP,SKIP,SKIP,DIRECT,DIRECT_NATIVE_UNAVAILABLE: unsupported UAST node OperationExpr/1
18011c4aad5da090439ab0aa6e64310e748527da6850980edbd68fb29e4fef9f,python,kotlin,PASS,PASS,PASS,PASS,FAIL,SKIP,SKIP,SKIP,SKIP,DIRECT,DIRECT_NATIVE_UNAVAILABLE: unsupported UAST node OperationExpr/1
18011c4aad5da090439ab0aa6e64310e748527da6850980edbd68fb29e4fef9f,python,swift,PASS,PASS,PASS,PASS,FAIL,SKIP,SKIP,SKIP,SKIP,DIRECT,DIRECT_NATIVE_UNAVAILABLE: unsupported UAST node OperationExpr/1
eb6dd95ad1bf12401b255ed9b888bbbed075ff189fe689b3208ecb5e6cfb062d,python,r,FAIL,SKIP,SKIP,SKIP,SKIP,SKIP,SKIP,SKIP,SKIP,DIRECT,python range matrix: range binding is not a single identifier
eb6dd95ad1bf12401b255ed9b888bbbed075ff189fe689b3208ecb5e6cfb062d,python,go,FAIL,SKIP,SKIP,SKIP,SKIP,SKIP,SKIP,SKIP,SKIP,DIRECT,python range matrix: range binding is not a single identifier
eb6dd95ad1bf12401b255ed9b888bbbed075ff189fe689b3208ecb5e6cfb062d,python,rust,FAIL,SKIP,SKIP,SKIP,SKIP,SKIP,SKIP,SKIP,SKIP,DIRECT,python range matrix: range binding is not a single identifier
eb6dd95ad1bf12401b255ed9b888bbbed075ff189fe689b3208ecb5e6cfb062d,python,cpp,FAIL,SKIP,SKIP,SKIP,SKIP,SKIP,SKIP,SKIP,SKIP,DIRECT,python range matrix: range binding is not a single identifier
eb6dd95ad1bf12401b255ed9b888bbbed075ff189fe689b3208ecb5e6cfb062d,python,c,FAIL,SKIP,SKIP,SKIP,SKIP,SKIP,SKIP,SKIP,SKIP,DIRECT,python range matrix: range binding is not a single identifier
eb6dd95ad1bf12401b255ed9b888bbbed075ff189fe689b3208ecb5e6cfb062d,python,python,FAIL,SKIP,SKIP,SKIP,SKIP,SKIP,SKIP,SKIP,SKIP,DIRECT,python range matrix: range binding is not a single identifier
eb6dd95ad1bf12401b255ed9b888bbbed075ff189fe689b3208ecb5e6cfb062d,python,zig,FAIL,SKIP,SKIP,SKIP,SKIP,SKIP,SKIP,SKIP,SKIP,DIRECT,python range matrix: range binding is not a single identifier
eb6dd95ad1bf12401b255ed9b888bbbed075ff189fe689b3208ecb5e6cfb062d,python,julia,FAIL,SKIP,SKIP,SKIP,SKIP,SKIP,SKIP,SKIP,SKIP,DIRECT,python range matrix: range binding is not a single identifier
eb6dd95ad1bf12401b255ed9b888bbbed075ff189fe689b3208ecb5e6cfb062d,python,nim,FAIL,SKIP,SKIP,SKIP,SKIP,SKIP,SKIP,SKIP,SKIP,DIRECT,python range matrix: range binding is not a single identifier
eb6dd95ad1bf12401b255ed9b888bbbed075ff189fe689b3208ecb5e6cfb062d,python,csharp,FAIL,SKIP,SKIP,SKIP,SKIP,SKIP,SKIP,SKIP,SKIP,DIRECT,python range matrix: range binding is not a single identifier
eb6dd95ad1bf12401b255ed9b888bbbed075ff189fe689b3208ecb5e6cfb062d,python,java,FAIL,SKIP,SKIP,SKIP,SKIP,SKIP,SKIP,SKIP,SKIP,DIRECT,python range matrix: range binding is not a single identifier
eb6dd95ad1bf12401b255ed9b888bbbed075ff189fe689b3208ecb5e6cfb062d,python,kotlin,FAIL,SKIP,SKIP,SKIP,SKIP,SKIP,SKIP,SKIP,SKIP,DIRECT,python range matrix: range binding is not a single identifier
eb6dd95ad1bf12401b255ed9b888bbbed075ff189fe689b3208ecb5e6cfb062d,python,swift,FAIL,SKIP,SKIP,SKIP,SKIP,SKIP,SKIP,SKIP,SKIP,DIRECT,python range matrix: range binding is not a single identifier
8a9cf5a1b23fc64c344bf18b049b809126f98c5372f60b2de1b6c6a1d2214edd,python,r,PASS,PASS,PASS,PASS,FAIL,SKIP,SKIP,SKIP,SKIP,DIRECT,"universal node 16 lacks required ""expression"" child"
8a9cf5a1b23fc64c344bf18b049b809126f98c5372f60b2de1b6c6a1d2214edd,python,go,PASS,PASS,PASS,PASS,FAIL,SKIP,SKIP,SKIP,SKIP,DIRECT,DIRECT_NATIVE_UNAVAILABLE: unsupported UAST node OperationExpr/16
8a9cf5a1b23fc64c344bf18b049b809126f98c5372f60b2de1b6c6a1d2214edd,python,rust,PASS,PASS,PASS,PASS,FAIL,SKIP,SKIP,SKIP,SKIP,DIRECT,DIRECT_NATIVE_UNAVAILABLE: unsupported UAST node OperationExpr/16
8a9cf5a1b23fc64c344bf18b049b809126f98c5372f60b2de1b6c6a1d2214edd,python,cpp,PASS,PASS,PASS,PASS,FAIL,SKIP,SKIP,SKIP,SKIP,DIRECT,DIRECT_NATIVE_UNAVAILABLE: unsupported UAST node OperationExpr/16
8a9cf5a1b23fc64c344bf18b049b809126f98c5372f60b2de1b6c6a1d2214edd,python,c,PASS,PASS,PASS,PASS,FAIL,SKIP,SKIP,SKIP,SKIP,DIRECT,DIRECT_NATIVE_UNAVAILABLE: unsupported UAST node OperationExpr/16
8a9cf5a1b23fc64c344bf18b049b809126f98c5372f60b2de1b6c6a1d2214edd,python,python,PASS,PASS,PASS,PASS,FAIL,SKIP,SKIP,SKIP,SKIP,DIRECT,DIRECT_NATIVE_UNAVAILABLE: unsupported UAST node OperationExpr/16
8a9cf5a1b23fc64c344bf18b049b809126f98c5372f60b2de1b6c6a1d2214edd,python,zig,PASS,PASS,PASS,PASS,FAIL,SKIP,SKIP,SKIP,SKIP,DIRECT,DIRECT_NATIVE_UNAVAILABLE: unsupported UAST node OperationExpr/16
8a9cf5a1b23fc64c344bf18b049b809126f98c5372f60b2de1b6c6a1d2214edd,python,julia,PASS,PASS,PASS,PASS,FAIL,SKIP,SKIP,SKIP,SKIP,DIRECT,DIRECT_NATIVE_UNAVAILABLE: unsupported UAST node OperationExpr/16
8a9cf5a1b23fc64c344bf18b049b809126f98c5372f60b2de1b6c6a1d2214edd,python,nim,PASS,PASS,PASS,PASS,FAIL,SKIP,SKIP,SKIP,SKIP,DIRECT,DIRECT_NATIVE_UNAVAILABLE: unsupported UAST node OperationExpr/16
8a9cf5a1b23fc64c344bf18b049b809126f98c5372f60b2de1b6c6a1d2214edd,python,csharp,PASS,PASS,PASS,PASS,FAIL,SKIP,SKIP,SKIP,SKIP,DIRECT,DIRECT_NATIVE_UNAVAILABLE: unsupported UAST node OperationExpr/16
8a9cf5a1b23fc64c344bf18b049b809126f98c5372f60b2de1b6c6a1d2214edd,python,java,PASS,PASS,PASS,PASS,FAIL,SKIP,SKIP,SKIP,SKIP,DIRECT,DIRECT_NATIVE_UNAVAILABLE: unsupported UAST node OperationExpr/16
8a9cf5a1b23fc64c344bf18b049b809126f98c5372f60b2de1b6c6a1d2214edd,python,kotlin,PASS,PASS,PASS,PASS,FAIL,SKIP,SKIP,SKIP,SKIP,DIRECT,DIRECT_NATIVE_UNAVAILABLE: unsupported UAST node OperationExpr/16
8a9cf5a1b23fc64c344bf18b049b809126f98c5372f60b2de1b6c6a1d2214edd,python,swift,PASS,PASS,PASS,PASS,FAIL,SKIP,SKIP,SKIP,SKIP,DIRECT,DIRECT_NATIVE_UNAVAILABLE: unsupported UAST node OperationExpr/16
39d302e2a4045c5a15692ed5ffd81b8d8d088b2770ef7fc040277459cd1bcabc,python,r,PASS,PASS,PASS,PASS,FAIL,SKIP,SKIP,SKIP,SKIP,DIRECT,"universal node 3 lacks required ""expression"" child"
39d302e2a4045c5a15692ed5ffd81b8d8d088b2770ef7fc040277459cd1bcabc,python,go,PASS,PASS,PASS,PASS,FAIL,SKIP,SKIP,SKIP,SKIP,DIRECT,DIRECT_NATIVE_UNAVAILABLE: unsupported UAST node OperationExpr/3
39d302e2a4045c5a15692ed5ffd81b8d8d088b2770ef7fc040277459cd1bcabc,python,rust,PASS,PASS,PASS,PASS,FAIL,SKIP,SKIP,SKIP,SKIP,DIRECT,DIRECT_NATIVE_UNAVAILABLE: unsupported UAST node OperationExpr/3
39d302e2a4045c5a15692ed5ffd81b8d8d088b2770ef7fc040277459cd1bcabc,python,cpp,PASS,PASS,PASS,PASS,FAIL,SKIP,SKIP,SKIP,SKIP,DIRECT,DIRECT_NATIVE_UNAVAILABLE: unsupported UAST node OperationExpr/3
39d302e2a4045c5a15692ed5ffd81b8d8d088b2770ef7fc040277459cd1bcabc,python,c,PASS,PASS,PASS,PASS,FAIL,SKIP,SKIP,SKIP,SKIP,DIRECT,DIRECT_NATIVE_UNAVAILABLE: unsupported UAST node OperationExpr/3
39d302e2a4045c5a15692ed5ffd81b8d8d088b2770ef7fc040277459cd1bcabc,python,python,PASS,PASS,PASS,PASS,FAIL,SKIP,SKIP,SKIP,SKIP,DIRECT,DIRECT_NATIVE_UNAVAILABLE: unsupported UAST node OperationExpr/3
39d302e2a4045c5a15692ed5ffd81b8d8d088b2770ef7fc040277459cd1bcabc,python,zig,PASS,PASS,PASS,PASS,FAIL,SKIP,SKIP,SKIP,SKIP,DIRECT,DIRECT_NATIVE_UNAVAILABLE: unsupported UAST node OperationExpr/3
39d302e2a4045c5a15692ed5ffd81b8d8d088b2770ef7fc040277459cd1bcabc,python,julia,PASS,PASS,PASS,PASS,FAIL,SKIP,SKIP,SKIP,SKIP,DIRECT,DIRECT_NATIVE_UNAVAILABLE: unsupported UAST node OperationExpr/3
39d302e2a4045c5a15692ed5ffd81b8d8d088b2770ef7fc040277459cd1bcabc,python,nim,PASS,PASS,PASS,PASS,FAIL,SKIP,SKIP,SKIP,SKIP,DIRECT,DIRECT_NATIVE_UNAVAILABLE: unsupported UAST node OperationExpr/3
39d302e2a4045c5a15692ed5ffd81b8d8d088b2770ef7fc040277459cd1bcabc,python,csharp,PASS,PASS,PASS,PASS,FAIL,SKIP,SKIP,SKIP,SKIP,DIRECT,DIRECT_NATIVE_UNAVAILABLE: unsupported UAST node OperationExpr/3
39d302e2a4045c5a15692ed5ffd81b8d8d088b2770ef7fc040277459cd1bcabc,python,java,PASS,PASS,PASS,PASS,FAIL,SKIP,SKIP,SKIP,SKIP,DIRECT,DIRECT_NATIVE_UNAVAILABLE: unsupported UAST node OperationExpr/3
39d302e2a4045c5a15692ed5ffd81b8d8d088b2770ef7fc040277459cd1bcabc,python,kotlin,PASS,PASS,PASS,PASS,FAIL,SKIP,SKIP,SKIP,SKIP,DIRECT,DIRECT_NATIVE_UNAVAILABLE: unsupported UAST node OperationExpr/3
39d302e2a4045c5a15692ed5ffd81b8d8d088b2770ef7fc040277459cd1bcabc,python,swift,PASS,PASS,PASS,PASS,FAIL,SKIP,SKIP,SKIP,SKIP,DIRECT,DIRECT_NATIVE_UNAVAILABLE: unsupported UAST node OperationExpr/3
06833a959c42a08697e613d90f5fbea3314f3195626db5bc7af410da7953f166,python,r,PASS,PASS,PASS,PASS,PASS,PASS,SKIP,SKIP,SKIP,DIRECT,
06833a959c42a08697e613d90f5fbea3314f3195626db5bc7af410da7953f166,python,go,PASS,PASS,PASS,PASS,PASS,PASS,SKIP,SKIP,SKIP,DIRECT,
06833a959c42a08697e613d90f5fbea3314f3195626db5bc7af410da7953f166,python,rust,PASS,PASS,PASS,PASS,PASS,PASS,SKIP,SKIP,SKIP,DIRECT,
06833a959c42a08697e613d90f5fbea3314f3195626db5bc7af410da7953f166,python,cpp,PASS,PASS,PASS,PASS,PASS,PASS,SKIP,SKIP,SKIP,DIRECT,
06833a959c42a08697e613d90f5fbea3314f3195626db5bc7af410da7953f166,python,c,PASS,PASS,PASS,PASS,PASS,PASS,SKIP,SKIP,SKIP,DIRECT,
06833a959c42a08697e613d90f5fbea3314f3195626db5bc7af410da7953f166,python,python,PASS,PASS,PASS,PASS,PASS,PASS,SKIP,SKIP,SKIP,DIRECT,
06833a959c42a08697e613d90f5fbea3314f3195626db5bc7af410da7953f166,python,zig,PASS,PASS,PASS,PASS,PASS,PASS,SKIP,SKIP,SKIP,DIRECT,
06833a959c42a08697e613d90f5fbea3314f3195626db5bc7af410da7953f166,python,julia,PASS,PASS,PASS,PASS,PASS,PASS,SKIP,SKIP,SKIP,DIRECT,
06833a959c42a08697e613d90f5fbea3314f3195626db5bc7af410da7953f166,python,nim,PASS,PASS,PASS,PASS,PASS,PASS,SKIP,SKIP,SKIP,DIRECT,
06833a959c42a08697e613d90f5fbea3314f3195626db5bc7af410da7953f166,python,csharp,PASS,PASS,PASS,PASS,PASS,PASS,SKIP,SKIP,SKIP,DIRECT,
06833a959c42a08697e613d90f5fbea3314f3195626db5bc7af410da7953f166,python,java,PASS,PASS,PASS,PASS,PASS,PASS,SKIP,SKIP,SKIP,DIRECT,
06833a959c42a08697e613d90f5fbea3314f3195626db5bc7af410da7953f166,python,kotlin,PASS,PASS,PASS,PASS,PASS,PASS,SKIP,SKIP,SKIP,DIRECT,
06833a959c42a08697e613d90f5fbea3314f3195626db5bc7af410da7953f166,python,swift,PASS,PASS,PASS,PASS,PASS,PASS,SKIP,SKIP,SKIP,DIRECT,
148d0e1b4964dae5099e92d51a24d273f79b3b8f11697ba67df7427d2b7d4612,python,r,FAIL,SKIP,SKIP,SKIP,SKIP,SKIP,SKIP,SKIP,SKIP,DIRECT,expected expression
148d0e1b4964dae5099e92d51a24d273f79b3b8f11697ba67df7427d2b7d4612,python,go,FAIL,SKIP,SKIP,SKIP,SKIP,SKIP,SKIP,SKIP,SKIP,DIRECT,expected expression
148d0e1b4964dae5099e92d51a24d273f79b3b8f11697ba67df7427d2b7d4612,python,rust,FAIL,SKIP,SKIP,SKIP,SKIP,SKIP,SKIP,SKIP,SKIP,DIRECT,expected expression
148d0e1b4964dae5099e92d51a24d273f79b3b8f11697ba67df7427d2b7d4612,python,cpp,FAIL,SKIP,SKIP,SKIP,SKIP,SKIP,SKIP,SKIP,SKIP,DIRECT,expected expression
148d0e1b4964dae5099e92d51a24d273f79b3b8f11697ba67df7427d2b7d4612,python,c,FAIL,SKIP,SKIP,SKIP,SKIP,SKIP,SKIP,SKIP,SKIP,DIRECT,expected expression
148d0e1b4964dae5099e92d51a24d273f79b3b8f11697ba67df7427d2b7d4612,python,python,FAIL,SKIP,SKIP,SKIP,SKIP,SKIP,SKIP,SKIP,SKIP,DIRECT,expected expression
148d0e1b4964dae5099e92d51a24d273f79b3b8f11697ba67df7427d2b7d4612,python,zig,FAIL,SKIP,SKIP,SKIP,SKIP,SKIP,SKIP,SKIP,SKIP,DIRECT,expected expression
148d0e1b4964dae5099e92d51a24d273f79b3b8f11697ba67df7427d2b7d4612,python,julia,FAIL,SKIP,SKIP,SKIP,SKIP,SKIP,SKIP,SKIP,SKIP,DIRECT,expected expression
148d0e1b4964dae5099e92d51a24d273f79b3b8f11697ba67df7427d2b7d4612,python,nim,FAIL,SKIP,SKIP,SKIP,SKIP,SKIP,SKIP,SKIP,SKIP,DIRECT,expected expression
148d0e1b4964dae5099e92d51a24d273f79b3b8f11697ba67df7427d2b7d4612,python,csharp,FAIL,SKIP,SKIP,SKIP,SKIP,SKIP,SKIP,SKIP,SKIP,DIRECT,expected expression
148d0e1b4964dae5099e92d51a24d273f79b3b8f11697ba67df7427d2b7d4612,python,java,FAIL,SKIP,SKIP,SKIP,SKIP,SKIP,SKIP,SKIP,SKIP,DIRECT,expected expression
148d0e1b4964dae5099e92d51a24d273f79b3b8f11697ba67df7427d2b7d4612,python,kotlin,FAIL,SKIP,SKIP,SKIP,SKIP,SKIP,SKIP,SKIP,SKIP,DIRECT,expected expression
148d0e1b4964dae5099e92d51a24d273f79b3b8f11697ba67df7427d2b7d4612,python,swift,FAIL,SKIP,SKIP,SKIP,SKIP,SKIP,SKIP,SKIP,SKIP,DIRECT,expected expression
6761d7cadc4828f7c2759170c70f866fb9899c779e4152f0f44a9ea316cabc16,python,r,PASS,PASS,PASS,PASS,FAIL,SKIP,SKIP,SKIP,SKIP,DIRECT,"universal node 7 lacks required ""expression"" child"
6761d7cadc4828f7c2759170c70f866fb9899c779e4152f0f44a9ea316cabc16,python,go,PASS,PASS,PASS,PASS,FAIL,SKIP,SKIP,SKIP,SKIP,DIRECT,DIRECT_NATIVE_UNAVAILABLE: unsupported UAST node OperationExpr/7
6761d7cadc4828f7c2759170c70f866fb9899c779e4152f0f44a9ea316cabc16,python,rust,PASS,PASS,PASS,PASS,FAIL,SKIP,SKIP,SKIP,SKIP,DIRECT,DIRECT_NATIVE_UNAVAILABLE: unsupported UAST node OperationExpr/7
6761d7cadc4828f7c2759170c70f866fb9899c779e4152f0f44a9ea316cabc16,python,cpp,PASS,PASS,PASS,PASS,FAIL,SKIP,SKIP,SKIP,SKIP,DIRECT,DIRECT_NATIVE_UNAVAILABLE: unsupported UAST node OperationExpr/7
6761d7cadc4828f7c2759170c70f866fb9899c779e4152f0f44a9ea316cabc16,python,c,PASS,PASS,PASS,PASS,FAIL,SKIP,SKIP,SKIP,SKIP,DIRECT,DIRECT_NATIVE_UNAVAILABLE: unsupported UAST node OperationExpr/7
6761d7cadc4828f7c2759170c70f866fb9899c779e4152f0f44a9ea316cabc16,python,python,PASS,PASS,PASS,PASS,FAIL,SKIP,SKIP,SKIP,SKIP,DIRECT,DIRECT_NATIVE_UNAVAILABLE: unsupported UAST node OperationExpr/7
6761d7cadc4828f7c2759170c70f866fb9899c779e4152f0f44a9ea316cabc16,python,zig,PASS,PASS,PASS,PASS,FAIL,SKIP,SKIP,SKIP,SKIP,DIRECT,DIRECT_NATIVE_UNAVAILABLE: unsupported UAST node OperationExpr/7
6761d7cadc4828f7c2759170c70f866fb9899c779e4152f0f44a9ea316cabc16,python,julia,PASS,PASS,PASS,PASS,FAIL,SKIP,SKIP,SKIP,SKIP,DIRECT,DIRECT_NATIVE_UNAVAILABLE: unsupported UAST node OperationExpr/7
6761d7cadc4828f7c2759170c70f866fb9899c779e4152f0f44a9ea316cabc16,python,nim,PASS,PASS,PASS,PASS,FAIL,SKIP,SKIP,SKIP,SKIP,DIRECT,DIRECT_NATIVE_UNAVAILABLE: unsupported UAST node OperationExpr/7
6761d7cadc4828f7c2759170c70f866fb9899c779e4152f0f44a9ea316cabc16,python,csharp,PASS,PASS,PASS,PASS,FAIL,SKIP,SKIP,SKIP,SKIP,DIRECT,DIRECT_NATIVE_UNAVAILABLE: unsupported UAST node OperationExpr/7
6761d7cadc4828f7c2759170c70f866fb9899c779e4152f0f44a9ea316cabc16,python,java,PASS,PASS,PASS,PASS,FAIL,SKIP,SKIP,SKIP,SKIP,DIRECT,DIRECT_NATIVE_UNAVAILABLE: unsupported UAST node OperationExpr/7
6761d7cadc4828f7c2759170c70f866fb9899c779e4152f0f44a9ea316cabc16,python,kotlin,PASS,PASS,PASS,PASS,FAIL,SKIP,SKIP,SKIP,SKIP,DIRECT,DIRECT_NATIVE_UNAVAILABLE: unsupported UAST node OperationExpr/7
6761d7cadc4828f7c2759170c70f866fb9899c779e4152f0f44a9ea316cabc16,python,swift,PASS,PASS,PASS,PASS,FAIL,SKIP,SKIP,SKIP,SKIP,DIRECT,DIRECT_NATIVE_UNAVAILABLE: unsupported UAST node OperationExpr/7
7fd0549b785614354f8246a61cea6c176aac06f8c72dfda1ac63249cd89ef681,python,r,PASS,PASS,PASS,PASS,PASS,PASS,SKIP,SKIP,SKIP,DIRECT,
7fd0549b785614354f8246a61cea6c176aac06f8c72dfda1ac63249cd89ef681,python,go,PASS,PASS,PASS,PASS,PASS,PASS,SKIP,SKIP,SKIP,DIRECT,
7fd0549b785614354f8246a61cea6c176aac06f8c72dfda1ac63249cd89ef681,python,rust,PASS,PASS,PASS,PASS,PASS,PASS,SKIP,SKIP,SKIP,DIRECT,
7fd0549b785614354f8246a61cea6c176aac06f8c72dfda1ac63249cd89ef681,python,cpp,PASS,PASS,PASS,PASS,PASS,PASS,SKIP,SKIP,SKIP,DIRECT,
7fd0549b785614354f8246a61cea6c176aac06f8c72dfda1ac63249cd89ef681,python,c,PASS,PASS,PASS,PASS,PASS,PASS,SKIP,SKIP,SKIP,DIRECT,
7fd0549b785614354f8246a61cea6c176aac06f8c72dfda1ac63249cd89ef681,python,python,PASS,PASS,PASS,PASS,PASS,PASS,SKIP,SKIP,SKIP,DIRECT,
7fd0549b785614354f8246a61cea6c176aac06f8c72dfda1ac63249cd89ef681,python,zig,PASS,PASS,PASS,PASS,PASS,PASS,SKIP,SKIP,SKIP,DIRECT,
7fd0549b785614354f8246a61cea6c176aac06f8c72dfda1ac63249cd89ef681,python,julia,PASS,PASS,PASS,PASS,PASS,PASS,SKIP,SKIP,SKIP,DIRECT,
7fd0549b785614354f8246a61cea6c176aac06f8c72dfda1ac63249cd89ef681,python,nim,PASS,PASS,PASS,PASS,PASS,PASS,SKIP,SKIP,SKIP,DIRECT,
7fd0549b785614354f8246a61cea6c176aac06f8c72dfda1ac63249cd89ef681,python,csharp,PASS,PASS,PASS,PASS,PASS,PASS,SKIP,SKIP,SKIP,DIRECT,
7fd0549b785614354f8246a61cea6c176aac06f8c72dfda1ac63249cd89ef681,python,java,PASS,PASS,PASS,PASS,PASS,PASS,SKIP,SKIP,SKIP,DIRECT,
7fd0549b785614354f8246a61cea6c176aac06f8c72dfda1ac63249cd89ef681,python,kotlin,PASS,PASS,PASS,PASS,PASS,PASS,SKIP,SKIP,SKIP,DIRECT,
7fd0549b785614354f8246a61cea6c176aac06f8c72dfda1ac63249cd89ef681,python,swift,PASS,PASS,PASS,PASS,PASS,PASS,SKIP,SKIP,SKIP,DIRECT,
2d73cc4dc8b5b49ca3dac1f96b203093260ddc872ce7c69264ad35ded0324e89,python,r,PASS,PASS,PASS,PASS,PASS,PASS,SKIP,SKIP,SKIP,DIRECT,
2d73cc4dc8b5b49ca3dac1f96b203093260ddc872ce7c69264ad35ded0324e89,python,go,PASS,PASS,PASS,PASS,PASS,PASS,SKIP,SKIP,SKIP,DIRECT,
2d73cc4dc8b5b49ca3dac1f96b203093260ddc872ce7c69264ad35ded0324e89,python,rust,PASS,PASS,PASS,PASS,PASS,PASS,SKIP,SKIP,SKIP,DIRECT,
2d73cc4dc8b5b49ca3dac1f96b203093260ddc872ce7c69264ad35ded0324e89,python,cpp,PASS,PASS,PASS,PASS,PASS,PASS,SKIP,SKIP,SKIP,DIRECT,
2d73cc4dc8b5b49ca3dac1f96b203093260ddc872ce7c69264ad35ded0324e89,python,c,PASS,PASS,PASS,PASS,PASS,PASS,SKIP,SKIP,SKIP,DIRECT,
2d73cc4dc8b5b49ca3dac1f96b203093260ddc872ce7c69264ad35ded0324e89,python,python,PASS,PASS,PASS,PASS,PASS,PASS,SKIP,SKIP,SKIP,DIRECT,
2d73cc4dc8b5b49ca3dac1f96b203093260ddc872ce7c69264ad35ded0324e89,python,zig,PASS,PASS,PASS,PASS,PASS,PASS,SKIP,SKIP,SKIP,DIRECT,
2d73cc4dc8b5b49ca3dac1f96b203093260ddc872ce7c69264ad35ded0324e89,python,julia,PASS,PASS,PASS,PASS,PASS,PASS,SKIP,SKIP,SKIP,DIRECT,
2d73cc4dc8b5b49ca3dac1f96b203093260ddc872ce7c69264ad35ded0324e89,python,nim,PASS,PASS,PASS,PASS,PASS,PASS,SKIP,SKIP,SKIP,DIRECT,
2d73cc4dc8b5b49ca3dac1f96b203093260ddc872ce7c69264ad35ded0324e89,python,csharp,PASS,PASS,PASS,PASS,PASS,PASS,SKIP,SKIP,SKIP,DIRECT,
2d73cc4dc8b5b49ca3dac1f96b203093260ddc872ce7c69264ad35ded0324e89,python,java,PASS,PASS,PASS,PASS,PASS,PASS,SKIP,SKIP,SKIP,DIRECT,
2d73cc4dc8b5b49ca3dac1f96b203093260ddc872ce7c69264ad35ded0324e89,python,kotlin,PASS,PASS,PASS,PASS,PASS,PASS,SKIP,SKIP,SKIP,DIRECT,
2d73cc4dc8b5b49ca3dac1f96b203093260ddc872ce7c69264ad35ded0324e89,python,swift,PASS,PASS,PASS,PASS,PASS,PASS,SKIP,SKIP,SKIP,DIRECT,
a79ee119c7792fba5d55245aae265ed13ed5ba4c176179162c1ea771052267df,python,r,FAIL,SKIP,SKIP,SKIP,SKIP,SKIP,SKIP,SKIP,SKIP,DIRECT,expected expression
a79ee119c7792fba5d55245aae265ed13ed5ba4c176179162c1ea771052267df,python,go,FAIL,SKIP,SKIP,SKIP,SKIP,SKIP,SKIP,SKIP,SKIP,DIRECT,expected expression
a79ee119c7792fba5d55245aae265ed13ed5ba4c176179162c1ea771052267df,python,rust,FAIL,SKIP,SKIP,SKIP,SKIP,SKIP,SKIP,SKIP,SKIP,DIRECT,expected expression
a79ee119c7792fba5d55245aae265ed13ed5ba4c176179162c1ea771052267df,python,cpp,FAIL,SKIP,SKIP,SKIP,SKIP,SKIP,SKIP,SKIP,SKIP,DIRECT,expected expression
a79ee119c7792fba5d55245aae265ed13ed5ba4c176179162c1ea771052267df,python,c,FAIL,SKIP,SKIP,SKIP,SKIP,SKIP,SKIP,SKIP,SKIP,DIRECT,expected expression
a79ee119c7792fba5d55245aae265ed13ed5ba4c176179162c1ea771052267df,python,python,FAIL,SKIP,SKIP,SKIP,SKIP,SKIP,SKIP,SKIP,SKIP,DIRECT,expected expression
a79ee119c7792fba5d55245aae265ed13ed5ba4c176179162c1ea771052267df,python,zig,FAIL,SKIP,SKIP,SKIP,SKIP,SKIP,SKIP,SKIP,SKIP,DIRECT,expected expression
a79ee119c7792fba5d55245aae265ed13ed5ba4c176179162c1ea771052267df,python,julia,FAIL,SKIP,SKIP,SKIP,SKIP,SKIP,SKIP,SKIP,SKIP,DIRECT,expected expression
a79ee119c7792fba5d55245aae265ed13ed5ba4c176179162c1ea771052267df,python,nim,FAIL,SKIP,SKIP,SKIP,SKIP,SKIP,SKIP,SKIP,SKIP,DIRECT,expected expression
a79ee119c7792fba5d55245aae265ed13ed5ba4c176179162c1ea771052267df,python,csharp,FAIL,SKIP,SKIP,SKIP,SKIP,SKIP,SKIP,SKIP,SKIP,DIRECT,expected expression
a79ee119c7792fba5d55245aae265ed13ed5ba4c176179162c1ea771052267df,python,java,FAIL,SKIP,SKIP,SKIP,SKIP,SKIP,SKIP,SKIP,SKIP,DIRECT,expected expression
a79ee119c7792fba5d55245aae265ed13ed5ba4c176179162c1ea771052267df,python,kotlin,FAIL,SKIP,SKIP,SKIP,SKIP,SKIP,SKIP,SKIP,SKIP,DIRECT,expected expression
a79ee119c7792fba5d55245aae265ed13ed5ba4c176179162c1ea771052267df,python,swift,FAIL,SKIP,SKIP,SKIP,SKIP,SKIP,SKIP,SKIP,SKIP,DIRECT,expected expression
06e461bbc32694a6c54003f11b61894f118aadc77f63fdf5d814945d3ed30d6b,python,r,PASS,PASS,PASS,PASS,PASS,PASS,SKIP,SKIP,SKIP,DIRECT,
06e461bbc32694a6c54003f11b61894f118aadc77f63fdf5d814945d3ed30d6b,python,go,PASS,PASS,PASS,PASS,PASS,PASS,SKIP,SKIP,SKIP,DIRECT,
06e461bbc32694a6c54003f11b61894f118aadc77f63fdf5d814945d3ed30d6b,python,rust,PASS,PASS,PASS,PASS,PASS,PASS,SKIP,SKIP,SKIP,DIRECT,
06e461bbc32694a6c54003f11b61894f118aadc77f63fdf5d814945d3ed30d6b,python,cpp,PASS,PASS,PASS,PASS,PASS,PASS,SKIP,SKIP,SKIP,DIRECT,
06e461bbc32694a6c54003f11b61894f118aadc77f63fdf5d814945d3ed30d6b,python,c,PASS,PASS,PASS,PASS,PASS,PASS,SKIP,SKIP,SKIP,DIRECT,
06e461bbc32694a6c54003f11b61894f118aadc77f63fdf5d814945d3ed30d6b,python,python,PASS,PASS,PASS,PASS,PASS,PASS,SKIP,SKIP,SKIP,DIRECT,
06e461bbc32694a6c54003f11b61894f118aadc77f63fdf5d814945d3ed30d6b,python,zig,PASS,PASS,PASS,PASS,PASS,PASS,SKIP,SKIP,SKIP,DIRECT,
06e461bbc32694a6c54003f11b61894f118aadc77f63fdf5d814945d3ed30d6b,python,julia,PASS,PASS,PASS,PASS,PASS,PASS,SKIP,SKIP,SKIP,DIRECT,
06e461bbc32694a6c54003f11b61894f118aadc77f63fdf5d814945d3ed30d6b,python,nim,PASS,PASS,PASS,PASS,PASS,PASS,SKIP,SKIP,SKIP,DIRECT,
06e461bbc32694a6c54003f11b61894f118aadc77f63fdf5d814945d3ed30d6b,python,csharp,PASS,PASS,PASS,PASS,PASS,PASS,SKIP,SKIP,SKIP,DIRECT,
06e461bbc32694a6c54003f11b61894f118aadc77f63fdf5d814945d3ed30d6b,python,java,PASS,PASS,PASS,PASS,PASS,PASS,SKIP,SKIP,SKIP,DIRECT,
06e461bbc32694a6c54003f11b61894f118aadc77f63fdf5d814945d3ed30d6b,python,kotlin,PASS,PASS,PASS,PASS,PASS,PASS,SKIP,SKIP,SKIP,DIRECT,
06e461bbc32694a6c54003f11b61894f118aadc77f63fdf5d814945d3ed30d6b,python,swift,PASS,PASS,PASS,PASS,PASS,PASS,SKIP,SKIP,SKIP,DIRECT,
4680105ae2d8731abee425cd65019a4675b8b8f28bfaa8a26017cd22604d3eb2,python,r,PASS,PASS,PASS,PASS,PASS,PASS,SKIP,SKIP,SKIP,DIRECT,
4680105ae2d8731abee425cd65019a4675b8b8f28bfaa8a26017cd22604d3eb2,python,go,PASS,PASS,PASS,PASS,PASS,PASS,SKIP,SKIP,SKIP,DIRECT,
4680105ae2d8731abee425cd65019a4675b8b8f28bfaa8a26017cd22604d3eb2,python,rust,PASS,PASS,PASS,PASS,PASS,PASS,SKIP,SKIP,SKIP,DIRECT,
4680105ae2d8731abee425cd65019a4675b8b8f28bfaa8a26017cd22604d3eb2,python,cpp,PASS,PASS,PASS,PASS,PASS,PASS,SKIP,SKIP,SKIP,DIRECT,
4680105ae2d8731abee425cd65019a4675b8b8f28bfaa8a26017cd22604d3eb2,python,c,PASS,PASS,PASS,PASS,PASS,PASS,SKIP,SKIP,SKIP,DIRECT,
4680105ae2d8731abee425cd65019a4675b8b8f28bfaa8a26017cd22604d3eb2,python,python,PASS,PASS,PASS,PASS,PASS,PASS,SKIP,SKIP,SKIP,DIRECT,
4680105ae2d8731abee425cd65019a4675b8b8f28bfaa8a26017cd22604d3eb2,python,zig,PASS,PASS,PASS,PASS,PASS,PASS,SKIP,SKIP,SKIP,DIRECT,
4680105ae2d8731abee425cd65019a4675b8b8f28bfaa8a26017cd22604d3eb2,python,julia,PASS,PASS,PASS,PASS,PASS,PASS,SKIP,SKIP,SKIP,DIRECT,
4680105ae2d8731abee425cd65019a4675b8b8f28bfaa8a26017cd22604d3eb2,python,nim,PASS,PASS,PASS,PASS,PASS,PASS,SKIP,SKIP,SKIP,DIRECT,
4680105ae2d8731abee425cd65019a4675b8b8f28bfaa8a26017cd22604d3eb2,python,csharp,PASS,PASS,PASS,PASS,PASS,PASS,SKIP,SKIP,SKIP,DIRECT,
4680105ae2d8731abee425cd65019a4675b8b8f28bfaa8a26017cd22604d3eb2,python,java,PASS,PASS,PASS,PASS,PASS,PASS,SKIP,SKIP,SKIP,DIRECT,
4680105ae2d8731abee425cd65019a4675b8b8f28bfaa8a26017cd22604d3eb2,python,kotlin,PASS,PASS,PASS,PASS,PASS,PASS,SKIP,SKIP,SKIP,DIRECT,
4680105ae2d8731abee425cd65019a4675b8b8f28bfaa8a26017cd22604d3eb2,python,swift,PASS,PASS,PASS,PASS,PASS,PASS,SKIP,SKIP,SKIP,DIRECT,
673cb314886d4c936a711aa9d6a92714219fa660dd80322b186236cbfc37c778,python,r,PASS,PASS,PASS,PASS,PASS,PASS,SKIP,SKIP,SKIP,DIRECT,
673cb314886d4c936a711aa9d6a92714219fa660dd80322b186236cbfc37c778,python,go,PASS,PASS,PASS,PASS,PASS,PASS,SKIP,SKIP,SKIP,DIRECT,
673cb314886d4c936a711aa9d6a92714219fa660dd80322b186236cbfc37c778,python,rust,PASS,PASS,PASS,PASS,FAIL,SKIP,SKIP,SKIP,SKIP,DIRECT,DIRECT_NATIVE_UNAVAILABLE: target rust emitted invalid syntax (other: error[E0425]: cannot find value `a` in this scope --> C:\Users\tarek\AppData\Local\Temp\codetranspiler-syntax-3105643036\program.rs:3:9 | 3 | if (a.clone()) { | ^ not fou
673cb314886d4c936a711aa9d6a92714219fa660dd80322b186236cbfc37c778,python,cpp,PASS,PASS,PASS,PASS,FAIL,SKIP,SKIP,SKIP,SKIP,DIRECT,DIRECT_NATIVE_UNAVAILABLE: target cpp emitted invalid syntax (other: C:\Users\tarek\AppData\Local\Temp\codetranspiler-syntax-4099366436\program.cpp: In function 'int main()': C:\Users\tarek\AppData\Local\Temp\codetranspiler-syntax-409936643
673cb314886d4c936a711aa9d6a92714219fa660dd80322b186236cbfc37c778,python,c,PASS,PASS,PASS,PASS,FAIL,SKIP,SKIP,SKIP,SKIP,DIRECT,DIRECT_NATIVE_UNAVAILABLE: target c emitted invalid syntax (other: C:\Users\tarek\AppData\Local\Temp\codetranspiler-syntax-1189228419\program.c: In function 'main': C:\Users\tarek\AppData\Local\Temp\codetranspiler-syntax-1189228419\program.
673cb314886d4c936a711aa9d6a92714219fa660dd80322b186236cbfc37c778,python,python,PASS,PASS,PASS,PASS,FAIL,SKIP,SKIP,SKIP,SKIP,DIRECT,"DIRECT_NATIVE_UNAVAILABLE: target python emitted invalid syntax (other: Sorry: IndentationError: expected an indented block after 'if' statement on line 2 (program.py, line 2))"
673cb314886d4c936a711aa9d6a92714219fa660dd80322b186236cbfc37c778,python,zig,PASS,PASS,PASS,PASS,PASS,PASS,SKIP,SKIP,SKIP,DIRECT,
673cb314886d4c936a711aa9d6a92714219fa660dd80322b186236cbfc37c778,python,julia,PASS,PASS,PASS,PASS,PASS,PASS,SKIP,SKIP,SKIP,DIRECT,
673cb314886d4c936a711aa9d6a92714219fa660dd80322b186236cbfc37c778,python,nim,PASS,PASS,PASS,PASS,PASS,PASS,SKIP,SKIP,SKIP,DIRECT,
673cb314886d4c936a711aa9d6a92714219fa660dd80322b186236cbfc37c778,python,csharp,PASS,PASS,PASS,PASS,PASS,PASS,SKIP,SKIP,SKIP,DIRECT,
673cb314886d4c936a711aa9d6a92714219fa660dd80322b186236cbfc37c778,python,java,PASS,PASS,PASS,PASS,FAIL,SKIP,SKIP,SKIP,SKIP,DIRECT,DIRECT_NATIVE_UNAVAILABLE: target java emitted invalid syntax (other: C:\Users\tarek\AppData\Local\Temp\codetranspiler-syntax-2834298735\Main.java:5: Fehler: Symbol nicht gefunden if (a) { ^ Symbol: Variable a Ort: Klasse Main 1 Fehler)
673cb314886d4c936a711aa9d6a92714219fa660dd80322b186236cbfc37c778,python,kotlin,PASS,PASS,PASS,PASS,PASS,PASS,SKIP,SKIP,SKIP,DIRECT,
673cb314886d4c936a711aa9d6a92714219fa660dd80322b186236cbfc37c778,python,swift,PASS,PASS,PASS,PASS,PASS,PASS,SKIP,SKIP,SKIP,DIRECT,
96898a7930e0831451a70fb233a47426744461645a149e4dd8f9201c3c336d19,python,r,PASS,PASS,PASS,PASS,PASS,PASS,SKIP,SKIP,SKIP,DIRECT,
96898a7930e0831451a70fb233a47426744461645a149e4dd8f9201c3c336d19,python,go,PASS,PASS,PASS,PASS,PASS,PASS,SKIP,SKIP,SKIP,DIRECT,
96898a7930e0831451a70fb233a47426744461645a149e4dd8f9201c3c336d19,python,rust,PASS,PASS,PASS,PASS,FAIL,SKIP,SKIP,SKIP,SKIP,DIRECT,DIRECT_NATIVE_UNAVAILABLE: target rust emitted invalid syntax (other: error[E0425]: cannot find value `a` in this scope --> C:\Users\tarek\AppData\Local\Temp\codetranspiler-syntax-1966192945\program.rs:3:9 | 3 | if (a.clone()) { | ^ not fou
96898a7930e0831451a70fb233a47426744461645a149e4dd8f9201c3c336d19,python,cpp,PASS,PASS,PASS,PASS,FAIL,SKIP,SKIP,SKIP,SKIP,DIRECT,DIRECT_NATIVE_UNAVAILABLE: target cpp emitted invalid syntax (other: C:\Users\tarek\AppData\Local\Temp\codetranspiler-syntax-8492309\program.cpp: In function 'int main()': C:\Users\tarek\AppData\Local\Temp\codetranspiler-syntax-8492309\prog
96898a7930e0831451a70fb233a47426744461645a149e4dd8f9201c3c336d19,python,c,PASS,PASS,PASS,PASS,FAIL,SKIP,SKIP,SKIP,SKIP,DIRECT,DIRECT_NATIVE_UNAVAILABLE: target c emitted invalid syntax (other: C:\Users\tarek\AppData\Local\Temp\codetranspiler-syntax-4077515551\program.c: In function 'main': C:\Users\tarek\AppData\Local\Temp\codetranspiler-syntax-4077515551\program.
96898a7930e0831451a70fb233a47426744461645a149e4dd8f9201c3c336d19,python,python,PASS,PASS,PASS,PASS,FAIL,SKIP,SKIP,SKIP,SKIP,DIRECT,"DIRECT_NATIVE_UNAVAILABLE: target python emitted invalid syntax (other: Sorry: IndentationError: expected an indented block after 'if' statement on line 2 (program.py, line 2))"
96898a7930e0831451a70fb233a47426744461645a149e4dd8f9201c3c336d19,python,zig,PASS,PASS,PASS,PASS,PASS,PASS,SKIP,SKIP,SKIP,DIRECT,
96898a7930e0831451a70fb233a47426744461645a149e4dd8f9201c3c336d19,python,julia,PASS,PASS,PASS,PASS,PASS,PASS,SKIP,SKIP,SKIP,DIRECT,
96898a7930e0831451a70fb233a47426744461645a149e4dd8f9201c3c336d19,python,nim,PASS,PASS,PASS,PASS,PASS,PASS,SKIP,SKIP,SKIP,DIRECT,
96898a7930e0831451a70fb233a47426744461645a149e4dd8f9201c3c336d19,python,csharp,PASS,PASS,PASS,PASS,PASS,PASS,SKIP,SKIP,SKIP,DIRECT,
96898a7930e0831451a70fb233a47426744461645a149e4dd8f9201c3c336d19,python,java,PASS,PASS,PASS,PASS,FAIL,SKIP,SKIP,SKIP,SKIP,DIRECT,DIRECT_NATIVE_UNAVAILABLE: target java emitted invalid syntax (other: C:\Users\tarek\AppData\Local\Temp\codetranspiler-syntax-1153566312\Main.java:5: Fehler: Symbol nicht gefunden if (a) { ^ Symbol: Variable a Ort: Klasse Main 1 Fehler)
96898a7930e0831451a70fb233a47426744461645a149e4dd8f9201c3c336d19,python,kotlin,PASS,PASS,PASS,PASS,PASS,PASS,SKIP,SKIP,SKIP,DIRECT,
96898a7930e0831451a70fb233a47426744461645a149e4dd8f9201c3c336d19,python,swift,PASS,PASS,PASS,PASS,PASS,PASS,SKIP,SKIP,SKIP,DIRECT,
5ce8a8347b25dccd88d7983580adb90e12545e0b18114818b5f882b83edf608a,python,r,PASS,PASS,PASS,PASS,PASS,PASS,SKIP,SKIP,SKIP,DIRECT,
5ce8a8347b25dccd88d7983580adb90e12545e0b18114818b5f882b83edf608a,python,go,PASS,PASS,PASS,PASS,PASS,PASS,SKIP,SKIP,SKIP,DIRECT,
5ce8a8347b25dccd88d7983580adb90e12545e0b18114818b5f882b83edf608a,python,rust,PASS,PASS,PASS,PASS,FAIL,SKIP,SKIP,SKIP,SKIP,DIRECT,DIRECT_NATIVE_UNAVAILABLE: target rust emitted invalid syntax (other: error[E0425]: cannot find value `a` in this scope --> C:\Users\tarek\AppData\Local\Temp\codetranspiler-syntax-2252874866\program.rs:3:9 | 3 | if (a.clone()) { | ^ not fou
5ce8a8347b25dccd88d7983580adb90e12545e0b18114818b5f882b83edf608a,python,cpp,PASS,PASS,PASS,PASS,FAIL,SKIP,SKIP,SKIP,SKIP,DIRECT,DIRECT_NATIVE_UNAVAILABLE: target cpp emitted invalid syntax (other: C:\Users\tarek\AppData\Local\Temp\codetranspiler-syntax-2199907651\program.cpp: In function 'int main()': C:\Users\tarek\AppData\Local\Temp\codetranspiler-syntax-219990765
5ce8a8347b25dccd88d7983580adb90e12545e0b18114818b5f882b83edf608a,python,c,PASS,PASS,PASS,PASS,FAIL,SKIP,SKIP,SKIP,SKIP,DIRECT,DIRECT_NATIVE_UNAVAILABLE: target c emitted invalid syntax (other: C:\Users\tarek\AppData\Local\Temp\codetranspiler-syntax-1280038374\program.c: In function 'main': C:\Users\tarek\AppData\Local\Temp\codetranspiler-syntax-1280038374\program.
5ce8a8347b25dccd88d7983580adb90e12545e0b18114818b5f882b83edf608a,python,python,PASS,PASS,PASS,PASS,FAIL,SKIP,SKIP,SKIP,SKIP,DIRECT,"DIRECT_NATIVE_UNAVAILABLE: target python emitted invalid syntax (other: Sorry: IndentationError: expected an indented block after 'if' statement on line 2 (program.py, line 3))"
5ce8a8347b25dccd88d7983580adb90e12545e0b18114818b5f882b83edf608a,python,zig,PASS,PASS,PASS,PASS,PASS,PASS,SKIP,SKIP,SKIP,DIRECT,
5ce8a8347b25dccd88d7983580adb90e12545e0b18114818b5f882b83edf608a,python,julia,PASS,PASS,PASS,PASS,PASS,PASS,SKIP,SKIP,SKIP,DIRECT,
5ce8a8347b25dccd88d7983580adb90e12545e0b18114818b5f882b83edf608a,python,nim,PASS,PASS,PASS,PASS,PASS,PASS,SKIP,SKIP,SKIP,DIRECT,
5ce8a8347b25dccd88d7983580adb90e12545e0b18114818b5f882b83edf608a,python,csharp,PASS,PASS,PASS,PASS,PASS,PASS,SKIP,SKIP,SKIP,DIRECT,
5ce8a8347b25dccd88d7983580adb90e12545e0b18114818b5f882b83edf608a,python,java,PASS,PASS,PASS,PASS,FAIL,SKIP,SKIP,SKIP,SKIP,DIRECT,DIRECT_NATIVE_UNAVAILABLE: target java emitted invalid syntax (other: C:\Users\tarek\AppData\Local\Temp\codetranspiler-syntax-3013096426\Main.java:5: Fehler: Symbol nicht gefunden if (a) { ^ Symbol: Variable a Ort: Klasse Main C:\Users\tare
5ce8a8347b25dccd88d7983580adb90e12545e0b18114818b5f882b83edf608a,python,kotlin,PASS,PASS,PASS,PASS,PASS,PASS,SKIP,SKIP,SKIP,DIRECT,
5ce8a8347b25dccd88d7983580adb90e12545e0b18114818b5f882b83edf608a,python,swift,PASS,PASS,PASS,PASS,PASS,PASS,SKIP,SKIP,SKIP,DIRECT,
8b857167585263ed5f7880079a0ecb588f6fd094ebd94328e12cad8542250104,python,r,PASS,PASS,PASS,PASS,PASS,PASS,SKIP,SKIP,SKIP,DIRECT,
8b857167585263ed5f7880079a0ecb588f6fd094ebd94328e12cad8542250104,python,go,PASS,PASS,PASS,PASS,PASS,PASS,SKIP,SKIP,SKIP,DIRECT,
8b857167585263ed5f7880079a0ecb588f6fd094ebd94328e12cad8542250104,python,rust,PASS,PASS,PASS,PASS,PASS,PASS,SKIP,SKIP,SKIP,DIRECT,
8b857167585263ed5f7880079a0ecb588f6fd094ebd94328e12cad8542250104,python,cpp,PASS,PASS,PASS,PASS,PASS,PASS,SKIP,SKIP,SKIP,DIRECT,
8b857167585263ed5f7880079a0ecb588f6fd094ebd94328e12cad8542250104,python,c,PASS,PASS,PASS,PASS,PASS,PASS,SKIP,SKIP,SKIP,DIRECT,
8b857167585263ed5f7880079a0ecb588f6fd094ebd94328e12cad8542250104,python,python,PASS,PASS,PASS,PASS,PASS,PASS,SKIP,SKIP,SKIP,DIRECT,
8b857167585263ed5f7880079a0ecb588f6fd094ebd94328e12cad8542250104,python,zig,PASS,PASS,PASS,PASS,PASS,PASS,SKIP,SKIP,SKIP,DIRECT,
8b857167585263ed5f7880079a0ecb588f6fd094ebd94328e12cad8542250104,python,julia,PASS,PASS,PASS,PASS,PASS,PASS,SKIP,SKIP,SKIP,DIRECT,
8b857167585263ed5f7880079a0ecb588f6fd094ebd94328e12cad8542250104,python,nim,PASS,PASS,PASS,PASS,PASS,PASS,SKIP,SKIP,SKIP,DIRECT,
8b857167585263ed5f7880079a0ecb588f6fd094ebd94328e12cad8542250104,python,csharp,PASS,PASS,PASS,PASS,PASS,PASS,SKIP,SKIP,SKIP,DIRECT,
8b857167585263ed5f7880079a0ecb588f6fd094ebd94328e12cad8542250104,python,java,PASS,PASS,PASS,PASS,PASS,PASS,SKIP,SKIP,SKIP,DIRECT,
8b857167585263ed5f7880079a0ecb588f6fd094ebd94328e12cad8542250104,python,kotlin,PASS,PASS,PASS,PASS,PASS,PASS,SKIP,SKIP,SKIP,DIRECT,
8b857167585263ed5f7880079a0ecb588f6fd094ebd94328e12cad8542250104,python,swift,PASS,PASS,PASS,PASS,PASS,PASS,SKIP,SKIP,SKIP,DIRECT,
846d558cea366d77e0ff2baf9e03baf174fa0a3944064dcd3cf92a1cb73d3839,python,r,PASS,PASS,PASS,PASS,PASS,PASS,SKIP,SKIP,SKIP,DIRECT,
846d558cea366d77e0ff2baf9e03baf174fa0a3944064dcd3cf92a1cb73d3839,python,go,PASS,PASS,PASS,PASS,PASS,PASS,SKIP,SKIP,SKIP,DIRECT,
846d558cea366d77e0ff2baf9e03baf174fa0a3944064dcd3cf92a1cb73d3839,python,rust,PASS,PASS,PASS,PASS,PASS,PASS,SKIP,SKIP,SKIP,DIRECT,
846d558cea366d77e0ff2baf9e03baf174fa0a3944064dcd3cf92a1cb73d3839,python,cpp,PASS,PASS,PASS,PASS,PASS,PASS,SKIP,SKIP,SKIP,DIRECT,
846d558cea366d77e0ff2baf9e03baf174fa0a3944064dcd3cf92a1cb73d3839,python,c,PASS,PASS,PASS,PASS,PASS,PASS,SKIP,SKIP,SKIP,DIRECT,
846d558cea366d77e0ff2baf9e03baf174fa0a3944064dcd3cf92a1cb73d3839,python,python,PASS,PASS,PASS,PASS,PASS,PASS,SKIP,SKIP,SKIP,DIRECT,
846d558cea366d77e0ff2baf9e03baf174fa0a3944064dcd3cf92a1cb73d3839,python,zig,PASS,PASS,PASS,PASS,PASS,PASS,SKIP,SKIP,SKIP,DIRECT,
846d558cea366d77e0ff2baf9e03baf174fa0a3944064dcd3cf92a1cb73d3839,python,julia,PASS,PASS,PASS,PASS,PASS,PASS,SKIP,SKIP,SKIP,DIRECT,
846d558cea366d77e0ff2baf9e03baf174fa0a3944064dcd3cf92a1cb73d3839,python,nim,PASS,PASS,PASS,PASS,PASS,PASS,SKIP,SKIP,SKIP,DIRECT,
846d558cea366d77e0ff2baf9e03baf174fa0a3944064dcd3cf92a1cb73d3839,python,csharp,PASS,PASS,PASS,PASS,PASS,PASS,SKIP,SKIP,SKIP,DIRECT,
846d558cea366d77e0ff2baf9e03baf174fa0a3944064dcd3cf92a1cb73d3839,python,java,PASS,PASS,PASS,PASS,PASS,PASS,SKIP,SKIP,SKIP,DIRECT,
846d558cea366d77e0ff2baf9e03baf174fa0a3944064dcd3cf92a1cb73d3839,python,kotlin,PASS,PASS,PASS,PASS,PASS,PASS,SKIP,SKIP,SKIP,DIRECT,
846d558cea366d77e0ff2baf9e03baf174fa0a3944064dcd3cf92a1cb73d3839,python,swift,PASS,PASS,PASS,PASS,PASS,PASS,SKIP,SKIP,SKIP,DIRECT,
