canonical_semantic_id,element_type,element_id,observed_in_any_language,observed_language_count,package_evidence
UASF_0001,facet,UASF_0001,0,0,0
UASF_0001,field,abi_contract,0,0,0
UASF_0001,field,attributes,0,0,0
UASF_0001,field,calling_convention,0,0,0
UASF_0001,field,extensions,0,0,0
UASF_0001,field,id,0,0,0
UASF_0001,field,kind,0,0,0
UASF_0001,field,layout,0,0,0
UASF_0001,field,linkage,0,0,0
UASF_0001,field,semantic_facets,0,0,0
UASF_0001,field,source_span,0,0,0
UASF_0001,relation,linkage.links,0,0,0
UASF_0002,facet,UASF_0002,0,0,0
UASF_0002,field,abi_contract,0,0,0
UASF_0002,field,attributes,0,0,0
UASF_0002,field,branches,0,0,0
UASF_0002,field,calling_convention,0,0,0
UASF_0002,field,compiletime_contract,0,0,0
UASF_0002,field,condition,0,0,0
UASF_0002,field,dialect,0,0,0
UASF_0002,field,extensions,0,0,0
UASF_0002,field,id,0,0,0
UASF_0002,field,kind,0,0,0
UASF_0002,field,lowering,0,0,0
UASF_0002,field,operands,0,0,0
UASF_0002,field,operation,0,0,0
UASF_0002,field,results,0,0,0
UASF_0002,field,semantic_facets,0,0,0
UASF_0002,field,source_span,0,0,0
UASF_0002,relation,dialect.requires,0,0,0
UASF_0002,relation,operation.kind,0,0,0
UASF_0003,facet,UASF_0003,0,0,0
UASF_0003,field,abi_contract,0,0,0
UASF_0003,field,attributes,0,0,0
UASF_0003,field,binding_refs,0,0,0
UASF_0003,field,calling_convention,0,0,0
UASF_0003,field,compiletime_contract,0,0,0
UASF_0003,field,dialect,0,0,0
UASF_0003,field,extensions,0,0,0
UASF_0003,field,id,0,0,0
UASF_0003,field,kind,0,0,0
UASF_0003,field,lowering,0,0,0
UASF_0003,field,scope_id,0,0,0
UASF_0003,field,semantic_facets,0,0,0
UASF_0003,field,source_span,0,0,0
UASF_0003,field,type_ref,0,0,0
UASF_0003,field,type_shape,0,0,0
UASF_0003,relation,dialect.requires,0,0,0
UASF_0004,facet,UASF_0004,0,0,0
UASF_0004,field,abi_contract,0,0,0
UASF_0004,field,attributes,0,0,0
UASF_0004,field,calling_convention,0,0,0
UASF_0004,field,compiletime_contract,0,0,0
UASF_0004,field,extensions,0,0,0
UASF_0004,field,id,0,0,0
UASF_0004,field,kind,0,0,0
UASF_0004,field,lowering,0,0,0
UASF_0004,field,semantic_facets,0,0,0
UASF_0004,field,source_span,0,0,0
UASF_0004,field,type_ref,0,0,0
UASF_0004,field,type_shape,0,0,0
UASF_0005,facet,UASF_0005,0,0,0
UASF_0005,field,abi_contract,0,0,0
UASF_0005,field,attributes,0,0,0
UASF_0005,field,branches,0,0,0
UASF_0005,field,calling_convention,0,0,0
UASF_0005,field,condition,0,0,0
UASF_0005,field,effects,0,0,0
UASF_0005,field,extensions,0,0,0
UASF_0005,field,id,0,0,0
UASF_0005,field,kind,0,0,0
UASF_0005,field,runtime_contract,0,0,0
UASF_0005,field,semantic_facets,0,0,0
UASF_0005,field,source_span,0,0,0
UASF_0005,relation,runtime.requires,0,0,0
UASF_0006,facet,UASF_0006,0,0,0
UASF_0006,field,abi_contract,0,0,0
UASF_0006,field,attributes,0,0,0
UASF_0006,field,calling_convention,0,0,0
UASF_0006,field,conversion,0,0,0
UASF_0006,field,extensions,0,0,0
UASF_0006,field,id,0,0,0
UASF_0006,field,kind,0,0,0
UASF_0006,field,semantic_facets,0,0,0
UASF_0006,field,source_span,0,0,0
UASF_0006,field,type_ref,0,0,0
UASF_0006,relation,conversion.converts,0,0,0
UASF_0007,facet,UASF_0007,0,0,0
UASF_0007,field,abi_contract,0,0,0
UASF_0007,field,attributes,0,0,0
UASF_0007,field,calling_convention,0,0,0
UASF_0007,field,conversion,0,0,0
UASF_0007,field,extensions,0,0,0
UASF_0007,field,id,0,0,0
UASF_0007,field,kind,0,0,0
UASF_0007,field,lifetime,0,0,0
UASF_0007,field,memory_model,0,0,0
UASF_0007,field,ownership,0,0,0
UASF_0007,field,runtime_contract,0,0,0
UASF_0007,field,semantic_facets,0,0,0
UASF_0007,field,source_span,0,0,0
UASF_0007,field,type_ref,0,0,0
UASF_0007,relation,conversion.converts,0,0,0
UASF_0007,relation,runtime.requires,0,0,0
UASF_0008,facet,UASF_0008,0,0,0
UASF_0008,field,abi_contract,0,0,0
UASF_0008,field,attributes,0,0,0
UASF_0008,field,calling_convention,0,0,0
UASF_0008,field,conversion,0,0,0
UASF_0008,field,extensions,0,0,0
UASF_0008,field,id,0,0,0
UASF_0008,field,kind,0,0,0
UASF_0008,field,lifetime,0,0,0
UASF_0008,field,memory_model,0,0,0
UASF_0008,field,ownership,0,0,0
UASF_0008,field,runtime_contract,0,0,0
UASF_0008,field,semantic_facets,0,0,0
UASF_0008,field,source_span,0,0,0
UASF_0008,field,type_ref,0,0,0
UASF_0008,field,type_shape,0,0,0
UASF_0008,relation,conversion.converts,0,0,0
UASF_0008,relation,runtime.requires,0,0,0
UASF_0009,facet,UASF_0009,0,0,0
UASF_0009,field,abi_contract,0,0,0
UASF_0009,field,attributes,0,0,0
UASF_0009,field,calling_convention,0,0,0
UASF_0009,field,conversion,0,0,0
UASF_0009,field,extensions,0,0,0
UASF_0009,field,id,0,0,0
UASF_0009,field,kind,0,0,0
UASF_0009,field,operands,0,0,0
UASF_0009,field,operation,0,0,0
UASF_0009,field,results,0,0,0
UASF_0009,field,semantic_facets,0,0,0
UASF_0009,field,source_span,0,0,0
UASF_0009,field,type_ref,0,0,0
UASF_0009,field,type_shape,0,0,0
UASF_0009,relation,conversion.converts,0,0,0
UASF_0009,relation,operation.kind,0,0,0
UASF_0010,facet,UASF_0010,0,0,0
UASF_0010,field,abi_contract,0,0,0
UASF_0010,field,attributes,0,0,0
UASF_0010,field,calling_convention,0,0,0
UASF_0010,field,dialect,0,0,0
UASF_0010,field,effects,0,0,0
UASF_0010,field,extensions,0,0,0
UASF_0010,field,id,0,0,0
UASF_0010,field,kind,0,0,0
UASF_0010,field,lifetime,0,0,0
UASF_0010,field,memory_model,0,0,0
UASF_0010,field,ownership,0,0,0
UASF_0010,field,provenance,0,0,0
UASF_0010,field,semantic_facets,0,0,0
UASF_0010,field,source_span,0,0,0
UASF_0010,field,storage,0,0,0
UASF_0010,relation,abi.calls,0,0,0
UASF_0010,relation,dialect.requires,0,0,0
UASF_0010,relation,effect.has,0,0,0
UASF_0010,relation,memory.aliases,0,0,0
UASF_0010,relation,memory.borrows,0,0,0
UASF_0010,relation,memory.owns,0,0,0
UASF_0010,relation,storage.resides_in,0,0,0
UASF_0010,structure,ForeignDeclCall,0,0,0
UASF_0011,facet,UASF_0011,0,0,0
UASF_0011,field,abi_contract,0,0,0
UASF_0011,field,attributes,0,0,0
UASF_0011,field,calling_convention,0,0,0
UASF_0011,field,dialect,0,0,0
UASF_0011,field,extensions,0,0,0
UASF_0011,field,id,0,0,0
UASF_0011,field,kind,0,0,0
UASF_0011,field,name,0,0,0
UASF_0011,field,runtime_contract,0,0,0
UASF_0011,field,semantic_facets,0,0,0
UASF_0011,field,source_span,0,0,0
UASF_0011,relation,dialect.requires,0,0,0
UASF_0011,relation,runtime.requires,0,0,0
UASF_0012,facet,UASF_0012,0,0,0
UASF_0012,field,abi_contract,0,0,0
UASF_0012,field,attributes,0,0,0
UASF_0012,field,calling_convention,0,0,0
UASF_0012,field,effects,0,0,0
UASF_0012,field,extensions,0,0,0
UASF_0012,field,id,0,0,0
UASF_0012,field,kind,0,0,0
UASF_0012,field,memory_model,0,0,0
UASF_0012,field,name,0,0,0
UASF_0012,field,semantic_facets,0,0,0
UASF_0012,field,source_span,0,0,0
UASF_0013,facet,UASF_0013,0,0,0
UASF_0013,field,abi_contract,0,0,0
UASF_0013,field,attributes,0,0,0
UASF_0013,field,calling_convention,0,0,0
UASF_0013,field,effects,0,0,0
UASF_0013,field,extensions,0,0,0
UASF_0013,field,id,0,0,0
UASF_0013,field,kind,0,0,0
UASF_0013,field,lifetime,0,0,0
UASF_0013,field,memory_model,0,0,0
UASF_0013,field,operands,0,0,0
UASF_0013,field,operation,0,0,0
UASF_0013,field,ownership,0,0,0
UASF_0013,field,results,0,0,0
UASF_0013,field,semantic_facets,0,0,0
UASF_0013,field,source_span,0,0,0
UASF_0013,relation,operation.kind,0,0,0
UASF_0014,facet,UASF_0014,1,1,127
UASF_0014,field,abi_contract,1,1,127
UASF_0014,field,attributes,1,1,127
UASF_0014,field,calling_convention,1,1,127
UASF_0014,field,effects,1,1,127
UASF_0014,field,extensions,1,1,127
UASF_0014,field,id,1,1,127
UASF_0014,field,kind,1,1,127
UASF_0014,field,lifetime,1,1,127
UASF_0014,field,memory_model,1,1,127
UASF_0014,field,ownership,1,1,127
UASF_0014,field,runtime_contract,1,1,127
UASF_0014,field,semantic_facets,1,1,127
UASF_0014,field,source_span,1,1,127
UASF_0014,relation,runtime.requires,1,1,127
UASF_0015,facet,UASF_0015,0,0,0
UASF_0015,field,abi_contract,0,0,0
UASF_0015,field,attributes,0,0,0
UASF_0015,field,binding_refs,0,0,0
UASF_0015,field,calling_convention,0,0,0
UASF_0015,field,effects,0,0,0
UASF_0015,field,extensions,0,0,0
UASF_0015,field,id,0,0,0
UASF_0015,field,kind,0,0,0
UASF_0015,field,operands,0,0,0
UASF_0015,field,operation,0,0,0
UASF_0015,field,results,0,0,0
UASF_0015,field,runtime_contract,0,0,0
UASF_0015,field,scope_id,0,0,0
UASF_0015,field,semantic_facets,0,0,0
UASF_0015,field,source_span,0,0,0
UASF_0015,field,type_ref,0,0,0
UASF_0015,field,type_shape,0,0,0
UASF_0015,relation,operation.kind,0,0,0
UASF_0015,relation,runtime.requires,0,0,0
UASF_0016,facet,UASF_0016,0,0,0
UASF_0016,field,abi_contract,0,0,0
UASF_0016,field,attributes,0,0,0
UASF_0016,field,calling_convention,0,0,0
UASF_0016,field,extensions,0,0,0
UASF_0016,field,id,0,0,0
UASF_0016,field,kind,0,0,0
UASF_0016,field,lowering,0,0,0
UASF_0016,field,memory_model,0,0,0
UASF_0016,field,semantic_facets,0,0,0
UASF_0016,field,source_span,0,0,0
UASF_0017,facet,UASF_0017,0,0,0
UASF_0017,field,abi_contract,0,0,0
UASF_0017,field,attributes,0,0,0
UASF_0017,field,calling_convention,0,0,0
UASF_0017,field,extensions,0,0,0
UASF_0017,field,id,0,0,0
UASF_0017,field,kind,0,0,0
UASF_0017,field,lowering,0,0,0
UASF_0017,field,memory_model,0,0,0
UASF_0017,field,semantic_facets,0,0,0
UASF_0017,field,source_span,0,0,0
UASF_0017,field,type_ref,0,0,0
UASF_0017,field,type_shape,0,0,0
UASF_0018,facet,UASF_0018,0,0,0
UASF_0018,field,abi_contract,0,0,0
UASF_0018,field,attributes,0,0,0
UASF_0018,field,calling_convention,0,0,0
UASF_0018,field,extensions,0,0,0
UASF_0018,field,id,0,0,0
UASF_0018,field,kind,0,0,0
UASF_0018,field,lowering,0,0,0
UASF_0018,field,runtime_contract,0,0,0
UASF_0018,field,semantic_facets,0,0,0
UASF_0018,field,source_span,0,0,0
UASF_0018,relation,runtime.requires,0,0,0
UASF_0019,facet,UASF_0019,0,0,0
UASF_0019,field,abi_contract,0,0,0
UASF_0019,field,attributes,0,0,0
UASF_0019,field,calling_convention,0,0,0
UASF_0019,field,extensions,0,0,0
UASF_0019,field,id,0,0,0
UASF_0019,field,kind,0,0,0
UASF_0019,field,memory_model,0,0,0
UASF_0019,field,name,0,0,0
UASF_0019,field,semantic_facets,0,0,0
UASF_0019,field,source_span,0,0,0
UASF_0019,field,type_ref,0,0,0
UASF_0019,field,type_shape,0,0,0
UASF_0020,facet,UASF_0020,0,0,0
UASF_0020,field,abi_contract,0,0,0
UASF_0020,field,attributes,0,0,0
UASF_0020,field,calling_convention,0,0,0
UASF_0020,field,extensions,0,0,0
UASF_0020,field,id,0,0,0
UASF_0020,field,kind,0,0,0
UASF_0020,field,memory_model,0,0,0
UASF_0020,field,operands,0,0,0
UASF_0020,field,operation,0,0,0
UASF_0020,field,results,0,0,0
UASF_0020,field,semantic_facets,0,0,0
UASF_0020,field,source_span,0,0,0
UASF_0020,relation,operation.kind,0,0,0
UASF_0021,facet,UASF_0021,0,0,0
UASF_0021,field,abi_contract,0,0,0
UASF_0021,field,attributes,0,0,0
UASF_0021,field,calling_convention,0,0,0
UASF_0021,field,extensions,0,0,0
UASF_0021,field,id,0,0,0
UASF_0021,field,kind,0,0,0
UASF_0021,field,lifetime,0,0,0
UASF_0021,field,memory_model,0,0,0
UASF_0021,field,operands,0,0,0
UASF_0021,field,operation,0,0,0
UASF_0021,field,ownership,0,0,0
UASF_0021,field,results,0,0,0
UASF_0021,field,runtime_contract,0,0,0
UASF_0021,field,semantic_facets,0,0,0
UASF_0021,field,source_span,0,0,0
UASF_0021,relation,operation.kind,0,0,0
UASF_0021,relation,runtime.requires,0,0,0
UASF_0022,facet,UASF_0022,1,2,8
UASF_0022,field,abi_contract,1,2,8
UASF_0022,field,attributes,1,2,8
UASF_0022,field,calling_convention,1,2,8
UASF_0022,field,effects,1,2,8
UASF_0022,field,extensions,1,2,8
UASF_0022,field,id,1,2,8
UASF_0022,field,kind,1,2,8
UASF_0022,field,lifetime,1,2,8
UASF_0022,field,memory_model,1,2,8
UASF_0022,field,ownership,1,2,8
UASF_0022,field,semantic_facets,1,2,8
UASF_0022,field,source_span,1,2,8
UASF_0022,relation,abi.calls,1,2,8
UASF_0022,relation,effect.has,1,2,8
UASF_0022,structure,ForeignDeclCall,1,2,8
UASF_0023,facet,UASF_0023,0,0,0
UASF_0023,field,abi_contract,0,0,0
UASF_0023,field,attributes,0,0,0
UASF_0023,field,calling_convention,0,0,0
UASF_0023,field,extensions,0,0,0
UASF_0023,field,id,0,0,0
UASF_0023,field,kind,0,0,0
UASF_0023,field,lifetime,0,0,0
UASF_0023,field,memory_model,0,0,0
UASF_0023,field,ownership,0,0,0
UASF_0023,field,semantic_facets,0,0,0
UASF_0023,field,source_span,0,0,0
UASF_0023,field,type_ref,0,0,0
UASF_0023,relation,abi.calls,0,0,0
UASF_0023,relation,type.constraint,0,0,0
UASF_0023,relation,type.convert,0,0,0
UASF_0023,relation,type.has,0,0,0
UASF_0023,relation,type.origin,0,0,0
UASF_0023,relation,type.parameter,0,0,0
UASF_0023,structure,ABIContract,0,0,0
UASF_0024,facet,UASF_0024,1,1,5
UASF_0024,field,abi_contract,1,1,5
UASF_0024,field,attributes,1,1,5
UASF_0024,field,calling_convention,1,1,5
UASF_0024,field,effects,1,1,5
UASF_0024,field,extensions,1,1,5
UASF_0024,field,id,1,1,5
UASF_0024,field,kind,1,1,5
UASF_0024,field,lifetime,1,1,5
UASF_0024,field,memory_model,1,1,5
UASF_0024,field,ownership,1,1,5
UASF_0024,field,provenance,1,1,5
UASF_0024,field,semantic_facets,1,1,5
UASF_0024,field,source_span,1,1,5
UASF_0024,field,storage,1,1,5
UASF_0024,relation,effect.has,1,1,5
UASF_0024,relation,memory.aliases,1,1,5
UASF_0024,relation,memory.borrows,1,1,5
UASF_0024,relation,memory.owns,1,1,5
UASF_0024,relation,storage.resides_in,1,1,5
UASF_0024,structure,MemoryManagement,1,1,5
UASF_0024,structure,SafetyRegion,1,1,5
UASF_0025,facet,UASF_0025,0,0,0
UASF_0025,field,abi_contract,0,0,0
UASF_0025,field,attributes,0,0,0
UASF_0025,field,calling_convention,0,0,0
UASF_0025,field,extensions,0,0,0
UASF_0025,field,id,0,0,0
UASF_0025,field,kind,0,0,0
UASF_0025,field,layout,0,0,0
UASF_0025,field,lifetime,0,0,0
UASF_0025,field,members,0,0,0
UASF_0025,field,memory_model,0,0,0
UASF_0025,field,ownership,0,0,0
UASF_0025,field,semantic_facets,0,0,0
UASF_0025,field,source_span,0,0,0
UASF_0025,field,type_ref,0,0,0
UASF_0025,relation,layout.field,0,0,0
UASF_0025,relation,type.constraint,0,0,0
UASF_0025,relation,type.convert,0,0,0
UASF_0025,relation,type.has,0,0,0
UASF_0025,relation,type.origin,0,0,0
UASF_0025,relation,type.parameter,0,0,0
UASF_0025,structure,LayoutContract,0,0,0
UASF_0026,facet,UASF_0026,1,1,5
UASF_0026,field,abi_contract,1,1,5
UASF_0026,field,attributes,1,1,5
UASF_0026,field,calling_convention,1,1,5
UASF_0026,field,extensions,1,1,5
UASF_0026,field,id,1,1,5
UASF_0026,field,kind,1,1,5
UASF_0026,field,lifetime,1,1,5
UASF_0026,field,memory_model,1,1,5
UASF_0026,field,ownership,1,1,5
UASF_0026,field,provenance,1,1,5
UASF_0026,field,semantic_facets,1,1,5
UASF_0026,field,source_span,1,1,5
UASF_0026,field,storage,1,1,5
UASF_0026,relation,lifetime.outlives,1,1,5
UASF_0026,relation,memory.aliases,1,1,5
UASF_0026,relation,memory.borrows,1,1,5
UASF_0026,relation,memory.owns,1,1,5
UASF_0026,relation,storage.resides_in,1,1,5
UASF_0026,structure,OwnershipSemantics,1,1,5
UASF_0027,facet,UASF_0027,0,0,0
UASF_0027,field,abi_contract,0,0,0
UASF_0027,field,attributes,0,0,0
UASF_0027,field,calling_convention,0,0,0
UASF_0027,field,extensions,0,0,0
UASF_0027,field,id,0,0,0
UASF_0027,field,kind,0,0,0
UASF_0027,field,lifetime,0,0,0
UASF_0027,field,memory_model,0,0,0
UASF_0027,field,ownership,0,0,0
UASF_0027,field,runtime_contract,0,0,0
UASF_0027,field,semantic_facets,0,0,0
UASF_0027,field,source_span,0,0,0
UASF_0027,relation,runtime.requires,0,0,0
UASF_0028,facet,UASF_0028,0,0,0
UASF_0028,field,abi_contract,0,0,0
UASF_0028,field,attributes,0,0,0
UASF_0028,field,calling_convention,0,0,0
UASF_0028,field,extensions,0,0,0
UASF_0028,field,id,0,0,0
UASF_0028,field,kind,0,0,0
UASF_0028,field,lifetime,0,0,0
UASF_0028,field,memory_model,0,0,0
UASF_0028,field,ownership,0,0,0
UASF_0028,field,semantic_facets,0,0,0
UASF_0028,field,source_span,0,0,0
UASF_0028,field,type_ref,0,0,0
UASF_0028,field,type_shape,0,0,0
UASF_0029,facet,UASF_0029,0,0,0
UASF_0029,field,abi_contract,0,0,0
UASF_0029,field,attributes,0,0,0
UASF_0029,field,calling_convention,0,0,0
UASF_0029,field,extensions,0,0,0
UASF_0029,field,id,0,0,0
UASF_0029,field,kind,0,0,0
UASF_0029,field,memory_model,0,0,0
UASF_0029,field,semantic_facets,0,0,0
UASF_0029,field,source_span,0,0,0
UASF_0029,field,type_ref,0,0,0
UASF_0029,field,type_shape,0,0,0
UASF_0030,facet,UASF_0030,0,0,0
UASF_0030,field,abi_contract,0,0,0
UASF_0030,field,attributes,0,0,0
UASF_0030,field,calling_convention,0,0,0
UASF_0030,field,extensions,0,0,0
UASF_0030,field,id,0,0,0
UASF_0030,field,kind,0,0,0
UASF_0030,field,operands,0,0,0
UASF_0030,field,operation,0,0,0
UASF_0030,field,results,0,0,0
UASF_0030,field,runtime_contract,0,0,0
UASF_0030,field,semantic_facets,0,0,0
UASF_0030,field,source_span,0,0,0
UASF_0030,field,type_ref,0,0,0
UASF_0030,field,type_shape,0,0,0
UASF_0030,relation,operation.kind,0,0,0
UASF_0030,relation,runtime.requires,0,0,0
UASF_0031,facet,UASF_0031,0,0,0
UASF_0031,field,abi_contract,0,0,0
UASF_0031,field,attributes,0,0,0
UASF_0031,field,calling_convention,0,0,0
UASF_0031,field,extensions,0,0,0
UASF_0031,field,id,0,0,0
UASF_0031,field,kind,0,0,0
UASF_0031,field,operands,0,0,0
UASF_0031,field,operation,0,0,0
UASF_0031,field,results,0,0,0
UASF_0031,field,semantic_facets,0,0,0
UASF_0031,field,source_span,0,0,0
UASF_0031,field,type_ref,0,0,0
UASF_0031,field,type_shape,0,0,0
UASF_0031,relation,operation.kind,0,0,0
UASF_0032,facet,UASF_0032,0,0,0
UASF_0032,field,abi_contract,0,0,0
UASF_0032,field,attributes,0,0,0
UASF_0032,field,calling_convention,0,0,0
UASF_0032,field,extensions,0,0,0
UASF_0032,field,id,0,0,0
UASF_0032,field,kind,0,0,0
UASF_0032,field,runtime_contract,0,0,0
UASF_0032,field,semantic_facets,0,0,0
UASF_0032,field,source_span,0,0,0
UASF_0032,field,type_ref,0,0,0
UASF_0032,field,type_shape,0,0,0
UASF_0032,relation,runtime.requires,0,0,0
UASF_0033,facet,UASF_0033,0,0,0
UASF_0033,field,abi_contract,0,0,0
UASF_0033,field,attributes,0,0,0
UASF_0033,field,dialect,0,0,0
UASF_0033,field,extensions,0,0,0
UASF_0033,field,id,0,0,0
UASF_0033,field,kind,0,0,0
UASF_0033,field,layout,0,0,0
UASF_0033,field,lifetime,0,0,0
UASF_0033,field,members,0,0,0
UASF_0033,field,memory_model,0,0,0
UASF_0033,field,ownership,0,0,0
UASF_0033,field,provenance,0,0,0
UASF_0033,field,semantic_facets,0,0,0
UASF_0033,field,source_span,0,0,0
UASF_0033,field,storage,0,0,0
UASF_0033,relation,dialect.requires,0,0,0
UASF_0033,relation,layout.field,0,0,0
UASF_0033,relation,memory.aliases,0,0,0
UASF_0033,relation,memory.borrows,0,0,0
UASF_0033,relation,memory.owns,0,0,0
UASF_0033,relation,storage.resides_in,0,0,0
UASF_0033,structure,SafetyRegion,0,0,0
UASF_0033,structure,UnsafeIntrinsic,0,0,0
UASF_0034,facet,UASF_0034,0,0,0
UASF_0034,field,abi_contract,0,0,0
UASF_0034,field,attributes,0,0,0
UASF_0034,field,dialect,0,0,0
UASF_0034,field,extensions,0,0,0
UASF_0034,field,id,0,0,0
UASF_0034,field,kind,0,0,0
UASF_0034,field,layout,0,0,0
UASF_0034,field,semantic_facets,0,0,0
UASF_0034,field,source_span,0,0,0
UASF_0034,field,validation,0,0,0
UASF_0034,relation,dialect.requires,0,0,0
UASF_0034,relation,validation.proves,0,0,0
UASF_0035,facet,UASF_0035,0,0,0
UASF_0035,field,abi_contract,0,0,0
UASF_0035,field,attributes,0,0,0
UASF_0035,field,extensions,0,0,0
UASF_0035,field,id,0,0,0
UASF_0035,field,kind,0,0,0
UASF_0035,field,layout,0,0,0
UASF_0035,field,memory_model,0,0,0
UASF_0035,field,semantic_facets,0,0,0
UASF_0035,field,source_span,0,0,0
UASF_0035,field,type_ref,0,0,0
UASF_0035,field,type_shape,0,0,0
UASF_0036,facet,UASF_0036,0,0,0
UASF_0036,field,abi_contract,0,0,0
UASF_0036,field,attributes,0,0,0
UASF_0036,field,extensions,0,0,0
UASF_0036,field,id,0,0,0
UASF_0036,field,kind,0,0,0
UASF_0036,field,layout,0,0,0
UASF_0036,field,lifetime,0,0,0
UASF_0036,field,semantic_facets,0,0,0
UASF_0036,field,source_span,0,0,0
UASF_0037,facet,UASF_0037,0,0,0
UASF_0037,field,abi_contract,0,0,0
UASF_0037,field,attributes,0,0,0
UASF_0037,field,extensions,0,0,0
UASF_0037,field,id,0,0,0
UASF_0037,field,kind,0,0,0
UASF_0037,field,layout,0,0,0
UASF_0037,field,operands,0,0,0
UASF_0037,field,operation,0,0,0
UASF_0037,field,results,0,0,0
UASF_0037,field,runtime_contract,0,0,0
UASF_0037,field,semantic_facets,0,0,0
UASF_0037,field,source_span,0,0,0
UASF_0037,relation,operation.kind,0,0,0
UASF_0037,relation,runtime.requires,0,0,0
UASF_0038,facet,UASF_0038,0,0,0
UASF_0038,field,abi_contract,0,0,0
UASF_0038,field,attributes,0,0,0
UASF_0038,field,extensions,0,0,0
UASF_0038,field,id,0,0,0
UASF_0038,field,kind,0,0,0
UASF_0038,field,layout,0,0,0
UASF_0038,field,operands,0,0,0
UASF_0038,field,operation,0,0,0
UASF_0038,field,results,0,0,0
UASF_0038,field,semantic_facets,0,0,0
UASF_0038,field,source_span,0,0,0
UASF_0038,field,type_ref,0,0,0
UASF_0038,field,type_shape,0,0,0
UASF_0038,relation,operation.kind,0,0,0
UASF_0039,facet,UASF_0039,0,0,0
UASF_0039,field,abi_contract,0,0,0
UASF_0039,field,attributes,0,0,0
UASF_0039,field,extensions,0,0,0
UASF_0039,field,id,0,0,0
UASF_0039,field,kind,0,0,0
UASF_0039,field,layout,0,0,0
UASF_0039,field,runtime_contract,0,0,0
UASF_0039,field,semantic_facets,0,0,0
UASF_0039,field,source_span,0,0,0
UASF_0039,field,type_ref,0,0,0
UASF_0039,field,type_shape,0,0,0
UASF_0039,relation,runtime.requires,0,0,0
UASF_0040,facet,UASF_0040,0,0,0
UASF_0040,field,abi_contract,0,0,0
UASF_0040,field,attributes,0,0,0
UASF_0040,field,extensions,0,0,0
UASF_0040,field,id,0,0,0
UASF_0040,field,kind,0,0,0
UASF_0040,field,layout,0,0,0
UASF_0040,field,semantic_facets,0,0,0
UASF_0040,field,source_span,0,0,0
UASF_0040,field,type_ref,0,0,0
UASF_0040,field,type_shape,0,0,0
UASF_0041,facet,UASF_0041,0,0,0
UASF_0041,field,attributes,0,0,0
UASF_0041,field,binding_refs,0,0,0
UASF_0041,field,branches,0,0,0
UASF_0041,field,condition,0,0,0
UASF_0041,field,extensions,0,0,0
UASF_0041,field,id,0,0,0
UASF_0041,field,kind,0,0,0
UASF_0041,field,operands,0,0,0
UASF_0041,field,results,0,0,0
UASF_0041,field,scope_id,0,0,0
UASF_0041,field,semantic_facets,0,0,0
UASF_0041,field,source_span,0,0,0
UASF_0042,facet,UASF_0042,1,1,76
UASF_0042,field,attributes,1,1,76
UASF_0042,field,binding_refs,1,1,76
UASF_0042,field,effects,1,1,76
UASF_0042,field,extensions,1,1,76
UASF_0042,field,id,1,1,76
UASF_0042,field,kind,1,1,76
UASF_0042,field,operands,1,1,76
UASF_0042,field,operation,1,1,76
UASF_0042,field,results,1,1,76
UASF_0042,field,scope_id,1,1,76
UASF_0042,field,semantic_facets,1,1,76
UASF_0042,field,source_span,1,1,76
UASF_0042,relation,operation.kind,1,1,76
UASF_0043,facet,UASF_0043,0,0,0
UASF_0043,field,attributes,0,0,0
UASF_0043,field,binding_refs,0,0,0
UASF_0043,field,extensions,0,0,0
UASF_0043,field,id,0,0,0
UASF_0043,field,kind,0,0,0
UASF_0043,field,lifetime,0,0,0
UASF_0043,field,operands,0,0,0
UASF_0043,field,ownership,0,0,0
UASF_0043,field,results,0,0,0
UASF_0043,field,semantic_facets,0,0,0
UASF_0043,field,source_span,0,0,0
UASF_0043,field,type_ref,0,0,0
UASF_0043,field,type_shape,0,0,0
UASF_0044,facet,UASF_0044,0,0,0
UASF_0044,field,attributes,0,0,0
UASF_0044,field,binding_refs,0,0,0
UASF_0044,field,extensions,0,0,0
UASF_0044,field,id,0,0,0
UASF_0044,field,kind,0,0,0
UASF_0044,field,operands,0,0,0
UASF_0044,field,results,0,0,0
UASF_0044,field,runtime_contract,0,0,0
UASF_0044,field,scope_id,0,0,0
UASF_0044,field,semantic_facets,0,0,0
UASF_0044,field,source_span,0,0,0
UASF_0044,relation,runtime.requires,0,0,0
UASF_0045,facet,UASF_0045,0,0,0
UASF_0045,field,attributes,0,0,0
UASF_0045,field,binding_refs,0,0,0
UASF_0045,field,extensions,0,0,0
UASF_0045,field,id,0,0,0
UASF_0045,field,kind,0,0,0
UASF_0045,field,name,0,0,0
UASF_0045,field,semantic_facets,0,0,0
UASF_0045,field,source_span,0,0,0
UASF_0046,facet,UASF_0046,1,1,112
UASF_0046,field,attributes,1,1,112
UASF_0046,field,binding_refs,1,1,112
UASF_0046,field,extensions,1,1,112
UASF_0046,field,id,1,1,112
UASF_0046,field,kind,1,1,112
UASF_0046,field,runtime_contract,1,1,112
UASF_0046,field,scope_id,1,1,112
UASF_0046,field,semantic_facets,1,1,112
UASF_0046,field,source_span,1,1,112
UASF_0046,field,type_ref,1,1,112
UASF_0046,field,type_shape,1,1,112
UASF_0046,relation,runtime.requires,1,1,112
UASF_0047,facet,UASF_0047,0,0,0
UASF_0047,field,attributes,0,0,0
UASF_0047,field,binding_refs,0,0,0
UASF_0047,field,extensions,0,0,0
UASF_0047,field,id,0,0,0
UASF_0047,field,kind,0,0,0
UASF_0047,field,scope_id,0,0,0
UASF_0047,field,semantic_facets,0,0,0
UASF_0047,field,source_span,0,0,0
UASF_0047,field,symbol,0,0,0
UASF_0047,relation,binding.declares,0,0,0
UASF_0047,relation,binding.refers,0,0,0
UASF_0047,relation,binding.shadows,0,0,0
UASF_0047,relation,name.resolves,0,0,0
UASF_0047,structure,BindingResolution,0,0,0
UASF_0048,facet,UASF_0048,1,1,6
UASF_0048,field,attributes,1,1,6
UASF_0048,field,binding_refs,1,1,6
UASF_0048,field,extensions,1,1,6
UASF_0048,field,id,1,1,6
UASF_0048,field,kind,1,1,6
UASF_0048,field,scope_id,1,1,6
UASF_0048,field,semantic_facets,1,1,6
UASF_0048,field,source_span,1,1,6
UASF_0048,field,symbol,1,1,6
UASF_0048,relation,binding.declares,1,1,6
UASF_0048,relation,binding.refers,1,1,6
UASF_0048,relation,binding.shadows,1,1,6
UASF_0048,relation,capture.captures,1,1,6
UASF_0048,relation,name.resolves,1,1,6
UASF_0048,structure,CaptureRelation,1,1,6
UASF_0049,facet,UASF_0049,0,0,0
UASF_0049,field,attributes,0,0,0
UASF_0049,field,binding_refs,0,0,0
UASF_0049,field,extensions,0,0,0
UASF_0049,field,id,0,0,0
UASF_0049,field,kind,0,0,0
UASF_0049,field,scope_id,0,0,0
UASF_0049,field,semantic_facets,0,0,0
UASF_0049,field,source_span,0,0,0
UASF_0049,field,symbol,0,0,0
UASF_0049,relation,binding.declares,0,0,0
UASF_0049,relation,binding.refers,0,0,0
UASF_0049,relation,binding.shadows,0,0,0
UASF_0049,relation,name.resolves,0,0,0
UASF_0049,relation,scope.parent,0,0,0
UASF_0049,structure,Binding,0,0,0
UASF_0049,structure,ShadowingRelation,0,0,0
UASF_0050,facet,UASF_0050,0,0,0
UASF_0050,field,attributes,0,0,0
UASF_0050,field,binding_refs,0,0,0
UASF_0050,field,extensions,0,0,0
UASF_0050,field,id,0,0,0
UASF_0050,field,kind,0,0,0
UASF_0050,field,lifetime,0,0,0
UASF_0050,field,ownership,0,0,0
UASF_0050,field,provenance,0,0,0
UASF_0050,field,scope_id,0,0,0
UASF_0050,field,semantic_facets,0,0,0
UASF_0050,field,source_span,0,0,0
UASF_0050,field,storage,0,0,0
UASF_0050,relation,lifetime.outlives,0,0,0
UASF_0050,relation,memory.aliases,0,0,0
UASF_0050,relation,memory.borrows,0,0,0
UASF_0050,relation,memory.owns,0,0,0
UASF_0050,relation,storage.resides_in,0,0,0
UASF_0050,structure,LifetimeRegion,0,0,0
UASF_0051,facet,UASF_0051,1,1,6
UASF_0051,field,attributes,1,1,6
UASF_0051,field,binding_refs,1,1,6
UASF_0051,field,extensions,1,1,6
UASF_0051,field,id,1,1,6
UASF_0051,field,kind,1,1,6
UASF_0051,field,scope_id,1,1,6
UASF_0051,field,semantic_facets,1,1,6
UASF_0051,field,source_span,1,1,6
UASF_0051,relation,scope.parent,1,1,6
UASF_0051,structure,Scope,1,1,6
UASF_0052,facet,UASF_0052,0,0,0
UASF_0052,field,attributes,0,0,0
UASF_0052,field,binding_refs,0,0,0
UASF_0052,field,extensions,0,0,0
UASF_0052,field,id,0,0,0
UASF_0052,field,kind,0,0,0
UASF_0052,field,semantic_facets,0,0,0
UASF_0052,field,source_span,0,0,0
UASF_0052,field,type_origin,0,0,0
UASF_0052,field,type_ref,0,0,0
UASF_0052,relation,type.origin,0,0,0
UASF_0053,facet,UASF_0053,0,0,0
UASF_0053,field,attributes,0,0,0
UASF_0053,field,binding_refs,0,0,0
UASF_0053,field,compiletime_contract,0,0,0
UASF_0053,field,conversion,0,0,0
UASF_0053,field,extensions,0,0,0
UASF_0053,field,id,0,0,0
UASF_0053,field,kind,0,0,0
UASF_0053,field,scope_id,0,0,0
UASF_0053,field,semantic_facets,0,0,0
UASF_0053,field,source_span,0,0,0
UASF_0053,field,type_origin,0,0,0
UASF_0053,field,type_ref,0,0,0
UASF_0053,field,type_shape,0,0,0
UASF_0053,relation,conversion.converts,0,0,0
UASF_0053,relation,type.origin,0,0,0
UASF_0054,facet,UASF_0054,0,0,0
UASF_0054,field,attributes,0,0,0
UASF_0054,field,binding_refs,0,0,0
UASF_0054,field,branches,0,0,0
UASF_0054,field,condition,0,0,0
UASF_0054,field,extensions,0,0,0
UASF_0054,field,id,0,0,0
UASF_0054,field,kind,0,0,0
UASF_0054,field,operands,0,0,0
UASF_0054,field,results,0,0,0
UASF_0054,field,semantic_facets,0,0,0
UASF_0054,field,source_span,0,0,0
UASF_0054,field,symbol,0,0,0
UASF_0054,relation,binding.declares,0,0,0
UASF_0054,relation,binding.refers,0,0,0
UASF_0054,relation,binding.shadows,0,0,0
UASF_0054,relation,control.false,0,0,0
UASF_0054,relation,control.loop_back,0,0,0
UASF_0054,relation,control.next,0,0,0
UASF_0054,relation,control.true,0,0,0
UASF_0054,relation,data.def_use,0,0,0
UASF_0054,relation,data.operand,0,0,0
UASF_0054,relation,data.result,0,0,0
UASF_0054,relation,name.resolves,0,0,0
UASF_0054,structure,ForEachStmt,0,0,0
UASF_0055,facet,UASF_0055,0,0,0
UASF_0055,field,attributes,0,0,0
UASF_0055,field,binding_refs,0,0,0
UASF_0055,field,branches,0,0,0
UASF_0055,field,condition,0,0,0
UASF_0055,field,evaluation_order,0,0,0
UASF_0055,field,extensions,0,0,0
UASF_0055,field,id,0,0,0
UASF_0055,field,kind,0,0,0
UASF_0055,field,operands,0,0,0
UASF_0055,field,operation,0,0,0
UASF_0055,field,results,0,0,0
UASF_0055,field,semantic_facets,0,0,0
UASF_0055,field,source_span,0,0,0
UASF_0055,field,value,0,0,0
UASF_0055,relation,evaluation.before,0,0,0
UASF_0056,facet,UASF_0056,0,0,0
UASF_0056,field,attributes,0,0,0
UASF_0056,field,binding_refs,0,0,0
UASF_0056,field,branches,0,0,0
UASF_0056,field,condition,0,0,0
UASF_0056,field,extensions,0,0,0
UASF_0056,field,id,0,0,0
UASF_0056,field,kind,0,0,0
UASF_0056,field,lifetime,0,0,0
UASF_0056,field,operands,0,0,0
UASF_0056,field,ownership,0,0,0
UASF_0056,field,results,0,0,0
UASF_0056,field,semantic_facets,0,0,0
UASF_0056,field,source_span,0,0,0
UASF_0057,facet,UASF_0057,0,0,0
UASF_0057,field,attributes,0,0,0
UASF_0057,field,binding_refs,0,0,0
UASF_0057,field,branches,0,0,0
UASF_0057,field,condition,0,0,0
UASF_0057,field,extensions,0,0,0
UASF_0057,field,id,0,0,0
UASF_0057,field,kind,0,0,0
UASF_0057,field,lifetime,0,0,0
UASF_0057,field,operands,0,0,0
UASF_0057,field,ownership,0,0,0
UASF_0057,field,results,0,0,0
UASF_0057,field,runtime_contract,0,0,0
UASF_0057,field,semantic_facets,0,0,0
UASF_0057,field,source_span,0,0,0
UASF_0057,relation,runtime.requires,0,0,0
UASF_0058,facet,UASF_0058,0,0,0
UASF_0058,field,attributes,0,0,0
UASF_0058,field,binding_refs,0,0,0
UASF_0058,field,branches,0,0,0
UASF_0058,field,condition,0,0,0
UASF_0058,field,effects,0,0,0
UASF_0058,field,evaluation_order,0,0,0
UASF_0058,field,extensions,0,0,0
UASF_0058,field,id,0,0,0
UASF_0058,field,kind,0,0,0
UASF_0058,field,semantic_facets,0,0,0
UASF_0058,field,source_span,0,0,0
UASF_0058,relation,evaluation.before,0,0,0
UASF_0059,facet,UASF_0059,0,0,0
UASF_0059,field,attributes,0,0,0
UASF_0059,field,binding_refs,0,0,0
UASF_0059,field,branches,0,0,0
UASF_0059,field,condition,0,0,0
UASF_0059,field,evaluation_order,0,0,0
UASF_0059,field,extensions,0,0,0
UASF_0059,field,id,0,0,0
UASF_0059,field,kind,0,0,0
UASF_0059,field,operation,0,0,0
UASF_0059,field,semantic_facets,0,0,0
UASF_0059,field,source_span,0,0,0
UASF_0059,field,value,0,0,0
UASF_0059,relation,evaluation.before,0,0,0
UASF_0060,facet,UASF_0060,0,0,0
UASF_0060,field,attributes,0,0,0
UASF_0060,field,binding_refs,0,0,0
UASF_0060,field,branches,0,0,0
UASF_0060,field,condition,0,0,0
UASF_0060,field,extensions,0,0,0
UASF_0060,field,id,0,0,0
UASF_0060,field,kind,0,0,0
UASF_0060,field,operands,0,0,0
UASF_0060,field,operation,0,0,0
UASF_0060,field,results,0,0,0
UASF_0060,field,semantic_facets,0,0,0
UASF_0060,field,source_span,0,0,0
UASF_0060,relation,operation.kind,0,0,0
UASF_0061,facet,UASF_0061,0,0,0
UASF_0061,field,attributes,0,0,0
UASF_0061,field,binding_refs,0,0,0
UASF_0061,field,branches,0,0,0
UASF_0061,field,condition,0,0,0
UASF_0061,field,extensions,0,0,0
UASF_0061,field,id,0,0,0
UASF_0061,field,kind,0,0,0
UASF_0061,field,lifetime,0,0,0
UASF_0061,field,ownership,0,0,0
UASF_0061,field,semantic_facets,0,0,0
UASF_0061,field,source_span,0,0,0
UASF_0061,field,type_ref,0,0,0
UASF_0061,field,type_shape,0,0,0
UASF_0062,facet,UASF_0062,0,0,0
UASF_0062,field,attributes,0,0,0
UASF_0062,field,binding_refs,0,0,0
UASF_0062,field,branches,0,0,0
UASF_0062,field,condition,0,0,0
UASF_0062,field,extensions,0,0,0
UASF_0062,field,id,0,0,0
UASF_0062,field,kind,0,0,0
UASF_0062,field,scope_id,0,0,0
UASF_0062,field,semantic_facets,0,0,0
UASF_0062,field,source_span,0,0,0
UASF_0063,facet,UASF_0063,0,0,0
UASF_0063,field,attributes,0,0,0
UASF_0063,field,binding_refs,0,0,0
UASF_0063,field,branches,0,0,0
UASF_0063,field,condition,0,0,0
UASF_0063,field,extensions,0,0,0
UASF_0063,field,id,0,0,0
UASF_0063,field,kind,0,0,0
UASF_0063,field,semantic_facets,0,0,0
UASF_0063,field,source_span,0,0,0
UASF_0063,field,type_origin,0,0,0
UASF_0063,field,type_ref,0,0,0
UASF_0063,relation,type.origin,0,0,0
UASF_0064,facet,UASF_0064,0,0,0
UASF_0064,field,attributes,0,0,0
UASF_0064,field,binding_refs,0,0,0
UASF_0064,field,branches,0,0,0
UASF_0064,field,condition,0,0,0
UASF_0064,field,extensions,0,0,0
UASF_0064,field,id,0,0,0
UASF_0064,field,kind,0,0,0
UASF_0064,field,semantic_facets,0,0,0
UASF_0064,field,source_span,0,0,0
UASF_0064,field,symbol,0,0,0
UASF_0064,field,type_ref,0,0,0
UASF_0064,field,type_shape,0,0,0
UASF_0064,relation,binding.declares,0,0,0
UASF_0064,relation,binding.refers,0,0,0
UASF_0064,relation,binding.shadows,0,0,0
UASF_0064,relation,control.false,0,0,0
UASF_0064,relation,control.loop_back,0,0,0
UASF_0064,relation,control.next,0,0,0
UASF_0064,relation,control.true,0,0,0
UASF_0064,relation,name.resolves,0,0,0
UASF_0064,relation,type.constraint,0,0,0
UASF_0064,relation,type.convert,0,0,0
UASF_0064,relation,type.has,0,0,0
UASF_0064,relation,type.origin,0,0,0
UASF_0064,relation,type.parameter,0,0,0
UASF_0064,structure,TypeSwitchStmt,0,0,0
UASF_0065,facet,UASF_0065,0,0,0
UASF_0065,field,attributes,0,0,0
UASF_0065,field,binding_refs,0,0,0
UASF_0065,field,conversion,0,0,0
UASF_0065,field,evaluation_order,0,0,0
UASF_0065,field,extensions,0,0,0
UASF_0065,field,id,0,0,0
UASF_0065,field,kind,0,0,0
UASF_0065,field,operands,0,0,0
UASF_0065,field,operation,0,0,0
UASF_0065,field,results,0,0,0
UASF_0065,field,scope_id,0,0,0
UASF_0065,field,semantic_facets,0,0,0
UASF_0065,field,source_span,0,0,0
UASF_0065,field,type_ref,0,0,0
UASF_0065,field,type_shape,0,0,0
UASF_0065,relation,conversion.converts,0,0,0
UASF_0065,relation,evaluation.before,0,0,0
UASF_0065,relation,operation.kind,0,0,0
UASF_0066,facet,UASF_0066,0,0,0
UASF_0066,field,attributes,0,0,0
UASF_0066,field,binding_refs,0,0,0
UASF_0066,field,conversion,0,0,0
UASF_0066,field,evaluation_order,0,0,0
UASF_0066,field,extensions,0,0,0
UASF_0066,field,id,0,0,0
UASF_0066,field,kind,0,0,0
UASF_0066,field,operands,0,0,0
UASF_0066,field,operation,0,0,0
UASF_0066,field,results,0,0,0
UASF_0066,field,runtime_contract,0,0,0
UASF_0066,field,scope_id,0,0,0
UASF_0066,field,semantic_facets,0,0,0
UASF_0066,field,source_span,0,0,0
UASF_0066,field,type_ref,0,0,0
UASF_0066,field,type_shape,0,0,0
UASF_0066,relation,conversion.converts,0,0,0
UASF_0066,relation,evaluation.before,0,0,0
UASF_0066,relation,operation.kind,0,0,0
UASF_0066,relation,runtime.requires,0,0,0
UASF_0067,facet,UASF_0067,0,0,0
UASF_0067,field,attributes,0,0,0
UASF_0067,field,binding_refs,0,0,0
UASF_0067,field,conversion,0,0,0
UASF_0067,field,extensions,0,0,0
UASF_0067,field,id,0,0,0
UASF_0067,field,kind,0,0,0
UASF_0067,field,operands,0,0,0
UASF_0067,field,operation,0,0,0
UASF_0067,field,results,0,0,0
UASF_0067,field,semantic_facets,0,0,0
UASF_0067,field,source_span,0,0,0
UASF_0067,field,type_ref,0,0,0
UASF_0067,relation,conversion.converts,0,0,0
UASF_0067,relation,operation.kind,0,0,0
UASF_0068,facet,UASF_0068,0,0,0
UASF_0068,field,attributes,0,0,0
UASF_0068,field,binding_refs,0,0,0
UASF_0068,field,conversion,0,0,0
UASF_0068,field,extensions,0,0,0
UASF_0068,field,id,0,0,0
UASF_0068,field,kind,0,0,0
UASF_0068,field,semantic_facets,0,0,0
UASF_0068,field,source_span,0,0,0
UASF_0068,field,type_origin,0,0,0
UASF_0068,field,type_ref,0,0,0
UASF_0068,relation,conversion.converts,0,0,0
UASF_0068,relation,type.origin,0,0,0
UASF_0069,facet,UASF_0069,0,0,0
UASF_0069,field,attributes,0,0,0
UASF_0069,field,binding_refs,0,0,0
UASF_0069,field,effects,0,0,0
UASF_0069,field,evaluation_order,0,0,0
UASF_0069,field,extensions,0,0,0
UASF_0069,field,id,0,0,0
UASF_0069,field,kind,0,0,0
UASF_0069,field,operands,0,0,0
UASF_0069,field,results,0,0,0
UASF_0069,field,runtime_contract,0,0,0
UASF_0069,field,semantic_facets,0,0,0
UASF_0069,field,source_span,0,0,0
UASF_0069,relation,evaluation.before,0,0,0
UASF_0069,relation,runtime.requires,0,0,0
UASF_0070,facet,UASF_0070,0,0,0
UASF_0070,field,attributes,0,0,0
UASF_0070,field,binding_refs,0,0,0
UASF_0070,field,effects,0,0,0
UASF_0070,field,extensions,0,0,0
UASF_0070,field,id,0,0,0
UASF_0070,field,kind,0,0,0
UASF_0070,field,lifetime,0,0,0
UASF_0070,field,memory_model,0,0,0
UASF_0070,field,operands,0,0,0
UASF_0070,field,operation,0,0,0
UASF_0070,field,ownership,0,0,0
UASF_0070,field,results,0,0,0
UASF_0070,field,semantic_facets,0,0,0
UASF_0070,field,source_span,0,0,0
UASF_0070,relation,operation.kind,0,0,0
UASF_0071,facet,UASF_0071,1,1,393
UASF_0071,field,attributes,1,1,393
UASF_0071,field,binding_refs,1,1,393
UASF_0071,field,evaluation_order,1,1,393
UASF_0071,field,extensions,1,1,393
UASF_0071,field,id,1,1,393
UASF_0071,field,kind,1,1,393
UASF_0071,field,name,1,1,393
UASF_0071,field,operands,1,1,393
UASF_0071,field,operation,1,1,393
UASF_0071,field,results,1,1,393
UASF_0071,field,scope_id,1,1,393
UASF_0071,field,semantic_facets,1,1,393
UASF_0071,field,source_span,1,1,393
UASF_0071,field,value,1,1,393
UASF_0071,relation,evaluation.before,1,1,393
UASF_0072,facet,UASF_0072,0,0,0
UASF_0072,field,attributes,0,0,0
UASF_0072,field,binding_refs,0,0,0
UASF_0072,field,evaluation_order,0,0,0
UASF_0072,field,extensions,0,0,0
UASF_0072,field,id,0,0,0
UASF_0072,field,kind,0,0,0
UASF_0072,field,operands,0,0,0
UASF_0072,field,operation,0,0,0
UASF_0072,field,results,0,0,0
UASF_0072,field,runtime_contract,0,0,0
UASF_0072,field,semantic_facets,0,0,0
UASF_0072,field,source_span,0,0,0
UASF_0072,field,value,0,0,0
UASF_0072,relation,evaluation.before,0,0,0
UASF_0072,relation,runtime.requires,0,0,0
UASF_0073,facet,UASF_0073,0,0,0
UASF_0073,field,attributes,0,0,0
UASF_0073,field,binding_refs,0,0,0
UASF_0073,field,evaluation_order,0,0,0
UASF_0073,field,extensions,0,0,0
UASF_0073,field,id,0,0,0
UASF_0073,field,kind,0,0,0
UASF_0073,field,lifetime,0,0,0
UASF_0073,field,operands,0,0,0
UASF_0073,field,ownership,0,0,0
UASF_0073,field,results,0,0,0
UASF_0073,field,semantic_facets,0,0,0
UASF_0073,field,source_span,0,0,0
UASF_0073,relation,evaluation.before,0,0,0
UASF_0074,facet,UASF_0074,0,0,0
UASF_0074,field,attributes,0,0,0
UASF_0074,field,binding_refs,0,0,0
UASF_0074,field,extensions,0,0,0
UASF_0074,field,id,0,0,0
UASF_0074,field,kind,0,0,0
UASF_0074,field,lifetime,0,0,0
UASF_0074,field,memory_model,0,0,0
UASF_0074,field,operands,0,0,0
UASF_0074,field,operation,0,0,0
UASF_0074,field,ownership,0,0,0
UASF_0074,field,results,0,0,0
UASF_0074,field,semantic_facets,0,0,0
UASF_0074,field,source_span,0,0,0
UASF_0074,relation,operation.kind,0,0,0
UASF_0075,facet,UASF_0075,0,0,0
UASF_0075,field,attributes,0,0,0
UASF_0075,field,binding_refs,0,0,0
UASF_0075,field,extensions,0,0,0
UASF_0075,field,id,0,0,0
UASF_0075,field,kind,0,0,0
UASF_0075,field,operands,0,0,0
UASF_0075,field,results,0,0,0
UASF_0075,field,scope_id,0,0,0
UASF_0075,field,semantic_facets,0,0,0
UASF_0075,field,source_span,0,0,0
UASF_0075,field,symbol,0,0,0
UASF_0075,relation,binding.declares,0,0,0
UASF_0075,relation,binding.refers,0,0,0
UASF_0075,relation,binding.shadows,0,0,0
UASF_0075,relation,data.def_use,0,0,0
UASF_0075,relation,data.operand,0,0,0
UASF_0075,relation,data.result,0,0,0
UASF_0075,relation,name.resolves,0,0,0
UASF_0075,relation,scope.parent,0,0,0
UASF_0075,structure,VariableDeclGroup,0,0,0
UASF_0076,facet,UASF_0076,0,0,0
UASF_0076,field,attributes,0,0,0
UASF_0076,field,binding_refs,0,0,0
UASF_0076,field,extensions,0,0,0
UASF_0076,field,id,0,0,0
UASF_0076,field,kind,0,0,0
UASF_0076,field,operands,0,0,0
UASF_0076,field,results,0,0,0
UASF_0076,field,semantic_facets,0,0,0
UASF_0076,field,source_span,0,0,0
UASF_0076,field,symbol,0,0,0
UASF_0076,field,type_ref,0,0,0
UASF_0076,field,type_shape,0,0,0
UASF_0076,relation,binding.declares,0,0,0
UASF_0076,relation,binding.refers,0,0,0
UASF_0076,relation,binding.shadows,0,0,0
UASF_0076,relation,data.def_use,0,0,0
UASF_0076,relation,data.operand,0,0,0
UASF_0076,relation,data.result,0,0,0
UASF_0076,relation,name.resolves,0,0,0
UASF_0076,relation,type.constraint,0,0,0
UASF_0076,relation,type.convert,0,0,0
UASF_0076,relation,type.has,0,0,0
UASF_0076,relation,type.origin,0,0,0
UASF_0076,relation,type.parameter,0,0,0
UASF_0076,structure,TupleResult,0,0,0
UASF_0077,facet,UASF_0077,1,1,512
UASF_0077,field,attributes,1,1,512
UASF_0077,field,binding_refs,1,1,512
UASF_0077,field,dialect,1,1,512
UASF_0077,field,extensions,1,1,512
UASF_0077,field,id,1,1,512
UASF_0077,field,kind,1,1,512
UASF_0077,field,name,1,1,512
UASF_0077,field,runtime_contract,1,1,512
UASF_0077,field,scope_id,1,1,512
UASF_0077,field,semantic_facets,1,1,512
UASF_0077,field,source_span,1,1,512
UASF_0077,relation,dialect.requires,1,1,512
UASF_0077,relation,runtime.requires,1,1,512
UASF_0078,facet,UASF_0078,0,0,0
UASF_0078,field,attributes,0,0,0
UASF_0078,field,binding_refs,0,0,0
UASF_0078,field,dialect,0,0,0
UASF_0078,field,extensions,0,0,0
UASF_0078,field,id,0,0,0
UASF_0078,field,kind,0,0,0
UASF_0078,field,name,0,0,0
UASF_0078,field,scope_id,0,0,0
UASF_0078,field,semantic_facets,0,0,0
UASF_0078,field,source_span,0,0,0
UASF_0078,field,type_ref,0,0,0
UASF_0078,field,type_shape,0,0,0
UASF_0078,relation,dialect.requires,0,0,0
UASF_0079,facet,UASF_0079,0,0,0
UASF_0079,field,attributes,0,0,0
UASF_0079,field,binding_refs,0,0,0
UASF_0079,field,dialect,0,0,0
UASF_0079,field,extensions,0,0,0
UASF_0079,field,id,0,0,0
UASF_0079,field,kind,0,0,0
UASF_0079,field,runtime_contract,0,0,0
UASF_0079,field,semantic_facets,0,0,0
UASF_0079,field,source_span,0,0,0
UASF_0079,relation,dialect.requires,0,0,0
UASF_0079,relation,runtime.requires,0,0,0
UASF_0080,facet,UASF_0080,0,0,0
UASF_0080,field,attributes,0,0,0
UASF_0080,field,binding_refs,0,0,0
UASF_0080,field,effects,0,0,0
UASF_0080,field,extensions,0,0,0
UASF_0080,field,id,0,0,0
UASF_0080,field,kind,0,0,0
UASF_0080,field,name,0,0,0
UASF_0080,field,semantic_facets,0,0,0
UASF_0080,field,source_span,0,0,0
UASF_0081,facet,UASF_0081,0,0,0
UASF_0081,field,attributes,0,0,0
UASF_0081,field,binding_refs,0,0,0
UASF_0081,field,effects,0,0,0
UASF_0081,field,extensions,0,0,0
UASF_0081,field,id,0,0,0
UASF_0081,field,kind,0,0,0
UASF_0081,field,operands,0,0,0
UASF_0081,field,operation,0,0,0
UASF_0081,field,results,0,0,0
UASF_0081,field,runtime_contract,0,0,0
UASF_0081,field,scope_id,0,0,0
UASF_0081,field,semantic_facets,0,0,0
UASF_0081,field,source_span,0,0,0
UASF_0081,relation,operation.kind,0,0,0
UASF_0081,relation,runtime.requires,0,0,0
UASF_0082,facet,UASF_0082,0,0,0
UASF_0082,field,attributes,0,0,0
UASF_0082,field,binding_refs,0,0,0
UASF_0082,field,evaluation_order,0,0,0
UASF_0082,field,extensions,0,0,0
UASF_0082,field,id,0,0,0
UASF_0082,field,kind,0,0,0
UASF_0082,field,semantic_facets,0,0,0
UASF_0082,field,source_span,0,0,0
UASF_0082,relation,evaluation.before,0,0,0
UASF_0083,facet,UASF_0083,0,0,0
UASF_0083,field,attributes,0,0,0
UASF_0083,field,binding_refs,0,0,0
UASF_0083,field,evaluation_order,0,0,0
UASF_0083,field,extensions,0,0,0
UASF_0083,field,id,0,0,0
UASF_0083,field,kind,0,0,0
UASF_0083,field,operands,0,0,0
UASF_0083,field,operation,0,0,0
UASF_0083,field,results,0,0,0
UASF_0083,field,runtime_contract,0,0,0
UASF_0083,field,scope_id,0,0,0
UASF_0083,field,semantic_facets,0,0,0
UASF_0083,field,source_span,0,0,0
UASF_0083,relation,evaluation.before,0,0,0
UASF_0083,relation,operation.kind,0,0,0
UASF_0083,relation,runtime.requires,0,0,0
UASF_0084,facet,UASF_0084,0,0,0
UASF_0084,field,attributes,0,0,0
UASF_0084,field,binding_refs,0,0,0
UASF_0084,field,extensions,0,0,0
UASF_0084,field,id,0,0,0
UASF_0084,field,kind,0,0,0
UASF_0084,field,linkage,0,0,0
UASF_0084,field,semantic_facets,0,0,0
UASF_0084,field,source_span,0,0,0
UASF_0084,field,validation,0,0,0
UASF_0084,relation,linkage.links,0,0,0
UASF_0084,relation,validation.proves,0,0,0
UASF_0085,facet,UASF_0085,0,0,0
UASF_0085,field,attributes,0,0,0
UASF_0085,field,binding_refs,0,0,0
UASF_0085,field,extensions,0,0,0
UASF_0085,field,id,0,0,0
UASF_0085,field,kind,0,0,0
UASF_0085,field,memory_model,0,0,0
UASF_0085,field,name,0,0,0
UASF_0085,field,operands,0,0,0
UASF_0085,field,operation,0,0,0
UASF_0085,field,results,0,0,0
UASF_0085,field,scope_id,0,0,0
UASF_0085,field,semantic_facets,0,0,0
UASF_0085,field,source_span,0,0,0
UASF_0085,field,type_ref,0,0,0
UASF_0085,field,type_shape,0,0,0
UASF_0085,relation,operation.kind,0,0,0
UASF_0086,facet,UASF_0086,0,0,0
UASF_0086,field,attributes,0,0,0
UASF_0086,field,binding_refs,0,0,0
UASF_0086,field,candidates,0,0,0
UASF_0086,field,dispatch,0,0,0
UASF_0086,field,extensions,0,0,0
UASF_0086,field,id,0,0,0
UASF_0086,field,kind,0,0,0
UASF_0086,field,operands,0,0,0
UASF_0086,field,operation,0,0,0
UASF_0086,field,results,0,0,0
UASF_0086,field,semantic_facets,0,0,0
UASF_0086,field,source_span,0,0,0
UASF_0086,field,symbol,0,0,0
UASF_0086,field,type_ref,0,0,0
UASF_0086,field,type_shape,0,0,0
UASF_0086,relation,binding.declares,0,0,0
UASF_0086,relation,binding.refers,0,0,0
UASF_0086,relation,binding.shadows,0,0,0
UASF_0086,relation,dispatch.resolves,0,0,0
UASF_0086,relation,name.resolves,0,0,0
UASF_0086,relation,operation.kind,0,0,0
UASF_0086,relation,overload.candidate,0,0,0
UASF_0086,relation,type.constraint,0,0,0
UASF_0086,relation,type.convert,0,0,0
UASF_0086,relation,type.has,0,0,0
UASF_0086,relation,type.origin,0,0,0
UASF_0086,relation,type.parameter,0,0,0
UASF_0086,structure,EmbeddedField,0,0,0
UASF_0086,structure,MethodDecl,0,0,0
UASF_0086,structure,MethodExpr,0,0,0
UASF_0086,structure,MethodValue,0,0,0
UASF_0087,facet,UASF_0087,0,0,0
UASF_0087,field,attributes,0,0,0
UASF_0087,field,binding_refs,0,0,0
UASF_0087,field,extensions,0,0,0
UASF_0087,field,id,0,0,0
UASF_0087,field,kind,0,0,0
UASF_0087,field,scope_id,0,0,0
UASF_0087,field,semantic_facets,0,0,0
UASF_0087,field,source_span,0,0,0
UASF_0087,field,symbol,0,0,0
UASF_0087,relation,name.resolves,0,0,0
UASF_0088,facet,UASF_0088,0,0,0
UASF_0088,field,attributes,0,0,0
UASF_0088,field,binding_refs,0,0,0
UASF_0088,field,extensions,0,0,0
UASF_0088,field,id,0,0,0
UASF_0088,field,kind,0,0,0
UASF_0088,field,name,0,0,0
UASF_0088,field,semantic_facets,0,0,0
UASF_0088,field,source_span,0,0,0
UASF_0089,facet,UASF_0089,0,0,0
UASF_0089,field,attributes,0,0,0
UASF_0089,field,binding_refs,0,0,0
UASF_0089,field,extensions,0,0,0
UASF_0089,field,id,0,0,0
UASF_0089,field,kind,0,0,0
UASF_0089,field,name,0,0,0
UASF_0089,field,operands,0,0,0
UASF_0089,field,operation,0,0,0
UASF_0089,field,results,0,0,0
UASF_0089,field,semantic_facets,0,0,0
UASF_0089,field,source_span,0,0,0
UASF_0089,relation,operation.kind,0,0,0
UASF_0090,facet,UASF_0090,0,0,0
UASF_0090,field,attributes,0,0,0
UASF_0090,field,binding_refs,0,0,0
UASF_0090,field,extensions,0,0,0
UASF_0090,field,id,0,0,0
UASF_0090,field,kind,0,0,0
UASF_0090,field,name,0,0,0
UASF_0090,field,runtime_contract,0,0,0
UASF_0090,field,scope_id,0,0,0
UASF_0090,field,semantic_facets,0,0,0
UASF_0090,field,source_span,0,0,0
UASF_0090,field,type_ref,0,0,0
UASF_0090,field,type_shape,0,0,0
UASF_0090,relation,runtime.requires,0,0,0
UASF_0091,facet,UASF_0091,0,0,0
UASF_0091,field,attributes,0,0,0
UASF_0091,field,binding_refs,0,0,0
UASF_0091,field,extensions,0,0,0
UASF_0091,field,id,0,0,0
UASF_0091,field,kind,0,0,0
UASF_0091,field,name,0,0,0
UASF_0091,field,semantic_facets,0,0,0
UASF_0091,field,source_span,0,0,0
UASF_0091,field,type_origin,0,0,0
UASF_0091,field,type_ref,0,0,0
UASF_0091,relation,type.origin,0,0,0
UASF_0092,facet,UASF_0092,0,0,0
UASF_0092,field,attributes,0,0,0
UASF_0092,field,binding_refs,0,0,0
UASF_0092,field,extensions,0,0,0
UASF_0092,field,id,0,0,0
UASF_0092,field,kind,0,0,0
UASF_0092,field,lifetime,0,0,0
UASF_0092,field,operation,0,0,0
UASF_0092,field,ownership,0,0,0
UASF_0092,field,semantic_facets,0,0,0
UASF_0092,field,source_span,0,0,0
UASF_0092,field,value,0,0,0
UASF_0093,facet,UASF_0093,0,0,0
UASF_0093,field,attributes,0,0,0
UASF_0093,field,binding_refs,0,0,0
UASF_0093,field,extensions,0,0,0
UASF_0093,field,id,0,0,0
UASF_0093,field,kind,0,0,0
UASF_0093,field,operands,0,0,0
UASF_0093,field,operation,0,0,0
UASF_0093,field,results,0,0,0
UASF_0093,field,runtime_contract,0,0,0
UASF_0093,field,semantic_facets,0,0,0
UASF_0093,field,source_span,0,0,0
UASF_0093,relation,operation.kind,0,0,0
UASF_0093,relation,runtime.requires,0,0,0
UASF_0094,facet,UASF_0094,0,0,0
UASF_0094,field,attributes,0,0,0
UASF_0094,field,binding_refs,0,0,0
UASF_0094,field,extensions,0,0,0
UASF_0094,field,id,0,0,0
UASF_0094,field,kind,0,0,0
UASF_0094,field,operands,0,0,0
UASF_0094,field,operation,0,0,0
UASF_0094,field,results,0,0,0
UASF_0094,field,scope_id,0,0,0
UASF_0094,field,semantic_facets,0,0,0
UASF_0094,field,source_span,0,0,0
UASF_0094,relation,operation.kind,0,0,0
UASF_0095,facet,UASF_0095,0,0,0
UASF_0095,field,attributes,0,0,0
UASF_0095,field,binding_refs,0,0,0
UASF_0095,field,extensions,0,0,0
UASF_0095,field,id,0,0,0
UASF_0095,field,kind,0,0,0
UASF_0095,field,operands,0,0,0
UASF_0095,field,operation,0,0,0
UASF_0095,field,results,0,0,0
UASF_0095,field,semantic_facets,0,0,0
UASF_0095,field,source_span,0,0,0
UASF_0095,field,type_ref,0,0,0
UASF_0095,field,type_shape,0,0,0
UASF_0095,relation,operation.kind,0,0,0
UASF_0096,facet,UASF_0096,0,0,0
UASF_0096,field,attributes,0,0,0
UASF_0096,field,binding_refs,0,0,0
UASF_0096,field,extensions,0,0,0
UASF_0096,field,id,0,0,0
UASF_0096,field,kind,0,0,0
UASF_0096,field,lifetime,0,0,0
UASF_0096,field,ownership,0,0,0
UASF_0096,field,semantic_facets,0,0,0
UASF_0096,field,source_span,0,0,0
UASF_0096,field,type_origin,0,0,0
UASF_0096,field,type_ref,0,0,0
UASF_0096,relation,type.origin,0,0,0
UASF_0097,facet,UASF_0097,0,0,0
UASF_0097,field,attributes,0,0,0
UASF_0097,field,binding_refs,0,0,0
UASF_0097,field,extensions,0,0,0
UASF_0097,field,id,0,0,0
UASF_0097,field,kind,0,0,0
UASF_0097,field,runtime_contract,0,0,0
UASF_0097,field,semantic_facets,0,0,0
UASF_0097,field,source_span,0,0,0
UASF_0097,relation,runtime.requires,0,0,0
UASF_0098,facet,UASF_0098,0,0,0
UASF_0098,field,attributes,0,0,0
UASF_0098,field,binding_refs,0,0,0
UASF_0098,field,extensions,0,0,0
UASF_0098,field,id,0,0,0
UASF_0098,field,kind,0,0,0
UASF_0098,field,runtime_contract,0,0,0
UASF_0098,field,semantic_facets,0,0,0
UASF_0098,field,source_span,0,0,0
UASF_0098,field,type_ref,0,0,0
UASF_0098,field,type_shape,0,0,0
UASF_0098,relation,runtime.requires,0,0,0
UASF_0099,facet,UASF_0099,0,0,0
UASF_0099,field,attributes,0,0,0
UASF_0099,field,binding_refs,0,0,0
UASF_0099,field,extensions,0,0,0
UASF_0099,field,id,0,0,0
UASF_0099,field,kind,0,0,0
UASF_0099,field,scope_id,0,0,0
UASF_0099,field,semantic_facets,0,0,0
UASF_0099,field,source_span,0,0,0
UASF_0100,facet,UASF_0100,0,0,0
UASF_0100,field,attributes,0,0,0
UASF_0100,field,binding_refs,0,0,0
UASF_0100,field,extensions,0,0,0
UASF_0100,field,id,0,0,0
UASF_0100,field,kind,0,0,0
UASF_0100,field,semantic_facets,0,0,0
UASF_0100,field,source_span,0,0,0
UASF_0100,field,type_ref,0,0,0
UASF_0100,field,type_shape,0,0,0
UASF_0101,facet,UASF_0101,0,0,0
UASF_0101,field,attributes,0,0,0
UASF_0101,field,binding_refs,0,0,0
UASF_0101,field,compiletime_contract,0,0,0
UASF_0101,field,evaluation_order,0,0,0
UASF_0101,field,extensions,0,0,0
UASF_0101,field,id,0,0,0
UASF_0101,field,kind,0,0,0
UASF_0101,field,name,0,0,0
UASF_0101,field,operands,0,0,0
UASF_0101,field,operation,0,0,0
UASF_0101,field,results,0,0,0
UASF_0101,field,scope_id,0,0,0
UASF_0101,field,semantic_facets,0,0,0
UASF_0101,field,source_span,0,0,0
UASF_0101,field,value,0,0,0
UASF_0101,relation,evaluation.before,0,0,0
UASF_0102,facet,UASF_0102,0,0,0
UASF_0102,field,attributes,0,0,0
UASF_0102,field,binding_refs,0,0,0
UASF_0102,field,compiletime_contract,0,0,0
UASF_0102,field,dialect,0,0,0
UASF_0102,field,extensions,0,0,0
UASF_0102,field,id,0,0,0
UASF_0102,field,kind,0,0,0
UASF_0102,field,scope_id,0,0,0
UASF_0102,field,semantic_facets,0,0,0
UASF_0102,field,source_span,0,0,0
UASF_0102,relation,dialect.requires,0,0,0
UASF_0103,facet,UASF_0103,0,0,0
UASF_0103,field,attributes,0,0,0
UASF_0103,field,binding_refs,0,0,0
UASF_0103,field,compiletime_contract,0,0,0
UASF_0103,field,extensions,0,0,0
UASF_0103,field,id,0,0,0
UASF_0103,field,kind,0,0,0
UASF_0103,field,scope_id,0,0,0
UASF_0103,field,semantic_facets,0,0,0
UASF_0103,field,source_span,0,0,0
UASF_0104,facet,UASF_0104,0,0,0
UASF_0104,field,attributes,0,0,0
UASF_0104,field,binding_refs,0,0,0
UASF_0104,field,extensions,0,0,0
UASF_0104,field,id,0,0,0
UASF_0104,field,kind,0,0,0
UASF_0104,field,lowering,0,0,0
UASF_0104,field,memory_model,0,0,0
UASF_0104,field,semantic_facets,0,0,0
UASF_0104,field,source_span,0,0,0
UASF_0105,facet,UASF_0105,0,0,0
UASF_0105,field,attributes,0,0,0
UASF_0105,field,binding_refs,0,0,0
UASF_0105,field,extensions,0,0,0
UASF_0105,field,id,0,0,0
UASF_0105,field,kind,0,0,0
UASF_0105,field,operands,0,0,0
UASF_0105,field,operation,0,0,0
UASF_0105,field,results,0,0,0
UASF_0105,field,semantic_facets,0,0,0
UASF_0105,field,source_span,0,0,0
UASF_0105,field,type_ref,0,0,0
UASF_0105,field,type_shape,0,0,0
UASF_0105,relation,operation.kind,0,0,0
UASF_0106,facet,UASF_0106,0,0,0
UASF_0106,field,attributes,0,0,0
UASF_0106,field,binding_refs,0,0,0
UASF_0106,field,extensions,0,0,0
UASF_0106,field,id,0,0,0
UASF_0106,field,kind,0,0,0
UASF_0106,field,lifetime,0,0,0
UASF_0106,field,ownership,0,0,0
UASF_0106,field,semantic_facets,0,0,0
UASF_0106,field,source_span,0,0,0
UASF_0106,field,type_ref,0,0,0
UASF_0106,field,type_shape,0,0,0
UASF_0107,facet,UASF_0107,0,0,0
UASF_0107,field,attributes,0,0,0
UASF_0107,field,compiletime_contract,0,0,0
UASF_0107,field,compiletime_value,0,0,0
UASF_0107,field,extensions,0,0,0
UASF_0107,field,id,0,0,0
UASF_0107,field,kind,0,0,0
UASF_0107,field,operands,0,0,0
UASF_0107,field,operation,0,0,0
UASF_0107,field,results,0,0,0
UASF_0107,field,semantic_facets,0,0,0
UASF_0107,field,source_span,0,0,0
UASF_0107,relation,operation.kind,0,0,0
UASF_0108,facet,UASF_0108,0,0,0
UASF_0108,field,attributes,0,0,0
UASF_0108,field,compiletime_value,0,0,0
UASF_0108,field,extensions,0,0,0
UASF_0108,field,id,0,0,0
UASF_0108,field,initialization_order,0,0,0
UASF_0108,field,kind,0,0,0
UASF_0108,field,semantic_facets,0,0,0
UASF_0108,field,source_span,0,0,0
UASF_0108,field,validation,0,0,0
UASF_0108,relation,initialization.before,0,0,0
UASF_0108,relation,validation.proves,0,0,0
UASF_0109,facet,UASF_0109,0,0,0
UASF_0109,field,attributes,0,0,0
UASF_0109,field,branches,0,0,0
UASF_0109,field,compiletime_contract,0,0,0
UASF_0109,field,condition,0,0,0
UASF_0109,field,extensions,0,0,0
UASF_0109,field,id,0,0,0
UASF_0109,field,kind,0,0,0
UASF_0109,field,semantic_facets,0,0,0
UASF_0109,field,source_span,0,0,0
UASF_0110,facet,UASF_0110,0,0,0
UASF_0110,field,attributes,0,0,0
UASF_0110,field,binding_refs,0,0,0
UASF_0110,field,branches,0,0,0
UASF_0110,field,compiletime_contract,0,0,0
UASF_0110,field,condition,0,0,0
UASF_0110,field,effects,0,0,0
UASF_0110,field,extensions,0,0,0
UASF_0110,field,id,0,0,0
UASF_0110,field,kind,0,0,0
UASF_0110,field,operands,0,0,0
UASF_0110,field,results,0,0,0
UASF_0110,field,scope_id,0,0,0
UASF_0110,field,semantic_facets,0,0,0
UASF_0110,field,source_span,0,0,0
UASF_0110,field,type_ref,0,0,0
UASF_0110,field,type_shape,0,0,0
UASF_0111,facet,UASF_0111,0,0,0
UASF_0111,field,attributes,0,0,0
UASF_0111,field,branches,0,0,0
UASF_0111,field,compiletime_contract,0,0,0
UASF_0111,field,condition,0,0,0
UASF_0111,field,extensions,0,0,0
UASF_0111,field,id,0,0,0
UASF_0111,field,kind,0,0,0
UASF_0111,field,lowering,0,0,0
UASF_0111,field,memory_model,0,0,0
UASF_0111,field,operands,0,0,0
UASF_0111,field,results,0,0,0
UASF_0111,field,runtime_contract,0,0,0
UASF_0111,field,semantic_facets,0,0,0
UASF_0111,field,source_span,0,0,0
UASF_0111,relation,runtime.requires,0,0,0
UASF_0112,facet,UASF_0112,0,0,0
UASF_0112,field,attributes,0,0,0
UASF_0112,field,branches,0,0,0
UASF_0112,field,compiletime_contract,0,0,0
UASF_0112,field,condition,0,0,0
UASF_0112,field,extensions,0,0,0
UASF_0112,field,id,0,0,0
UASF_0112,field,kind,0,0,0
UASF_0112,field,lowering,0,0,0
UASF_0112,field,operands,0,0,0
UASF_0112,field,results,0,0,0
UASF_0112,field,runtime_contract,0,0,0
UASF_0112,field,semantic_facets,0,0,0
UASF_0112,field,source_span,0,0,0
UASF_0112,field,type_ref,0,0,0
UASF_0112,field,type_shape,0,0,0
UASF_0112,relation,runtime.requires,0,0,0
UASF_0113,facet,UASF_0113,0,0,0
UASF_0113,field,attributes,0,0,0
UASF_0113,field,branches,0,0,0
UASF_0113,field,compiletime_contract,0,0,0
UASF_0113,field,condition,0,0,0
UASF_0113,field,extensions,0,0,0
UASF_0113,field,id,0,0,0
UASF_0113,field,kind,0,0,0
UASF_0113,field,operands,0,0,0
UASF_0113,field,results,0,0,0
UASF_0113,field,semantic_facets,0,0,0
UASF_0113,field,source_span,0,0,0
UASF_0113,field,type_ref,0,0,0
UASF_0113,field,type_shape,0,0,0
UASF_0114,facet,UASF_0114,0,0,0
UASF_0114,field,attributes,0,0,0
UASF_0114,field,compiletime_contract,0,0,0
UASF_0114,field,conversion,0,0,0
UASF_0114,field,extensions,0,0,0
UASF_0114,field,id,0,0,0
UASF_0114,field,kind,0,0,0
UASF_0114,field,semantic_facets,0,0,0
UASF_0114,field,source_span,0,0,0
UASF_0114,field,type_ref,0,0,0
UASF_0114,relation,conversion.converts,0,0,0
UASF_0115,facet,UASF_0115,0,0,0
UASF_0115,field,attributes,0,0,0
UASF_0115,field,compiletime_contract,0,0,0
UASF_0115,field,extensions,0,0,0
UASF_0115,field,id,0,0,0
UASF_0115,field,kind,0,0,0
UASF_0115,field,lifetime,0,0,0
UASF_0115,field,operands,0,0,0
UASF_0115,field,ownership,0,0,0
UASF_0115,field,results,0,0,0
UASF_0115,field,semantic_facets,0,0,0
UASF_0115,field,source_span,0,0,0
UASF_0116,facet,UASF_0116,0,0,0
UASF_0116,field,attributes,0,0,0
UASF_0116,field,compiletime_contract,0,0,0
UASF_0116,field,dialect,0,0,0
UASF_0116,field,extensions,0,0,0
UASF_0116,field,id,0,0,0
UASF_0116,field,kind,0,0,0
UASF_0116,field,semantic_facets,0,0,0
UASF_0116,field,source_span,0,0,0
UASF_0116,relation,dialect.requires,0,0,0
UASF_0117,facet,UASF_0117,0,0,0
UASF_0117,field,attributes,0,0,0
UASF_0117,field,compiletime_contract,0,0,0
UASF_0117,field,dialect,0,0,0
UASF_0117,field,effects,0,0,0
UASF_0117,field,extensions,0,0,0
UASF_0117,field,id,0,0,0
UASF_0117,field,kind,0,0,0
UASF_0117,field,lowering,0,0,0
UASF_0117,field,semantic_facets,0,0,0
UASF_0117,field,source_span,0,0,0
UASF_0117,relation,dialect.requires,0,0,0
UASF_0118,facet,UASF_0118,1,2,11
UASF_0118,field,attributes,1,2,11
UASF_0118,field,compiletime_contract,1,2,11
UASF_0118,field,dialect,1,2,11
UASF_0118,field,extensions,1,2,11
UASF_0118,field,id,1,2,11
UASF_0118,field,kind,1,2,11
UASF_0118,field,lowering,1,2,11
UASF_0118,field,operands,1,2,11
UASF_0118,field,results,1,2,11
UASF_0118,field,semantic_facets,1,2,11
UASF_0118,field,source_span,1,2,11
UASF_0118,relation,compiletime.depends,1,2,11
UASF_0118,relation,data.def_use,1,2,11
UASF_0118,relation,data.operand,1,2,11
UASF_0118,relation,data.result,1,2,11
UASF_0118,relation,dialect.requires,1,2,11
UASF_0118,structure,CompileTimeEval,1,2,11
UASF_0119,facet,UASF_0119,1,2,12
UASF_0119,field,attributes,1,2,12
UASF_0119,field,compiletime_contract,1,2,12
UASF_0119,field,dialect,1,2,12
UASF_0119,field,extensions,1,2,12
UASF_0119,field,id,1,2,12
UASF_0119,field,kind,1,2,12
UASF_0119,field,lowering,1,2,12
UASF_0119,field,semantic_facets,1,2,12
UASF_0119,field,source_span,1,2,12
UASF_0119,relation,compiletime.depends,1,2,12
UASF_0119,relation,dialect.requires,1,2,12
UASF_0119,structure,MacroCompileTime,1,2,12
UASF_0120,facet,UASF_0120,0,0,0
UASF_0120,field,attributes,0,0,0
UASF_0120,field,compiletime_contract,0,0,0
UASF_0120,field,dialect,0,0,0
UASF_0120,field,extensions,0,0,0
UASF_0120,field,id,0,0,0
UASF_0120,field,kind,0,0,0
UASF_0120,field,lowering,0,0,0
UASF_0120,field,semantic_facets,0,0,0
UASF_0120,field,source_span,0,0,0
UASF_0120,relation,contract.requires,0,0,0
UASF_0120,relation,dialect.requires,0,0,0
UASF_0120,relation,lowering.requires,0,0,0
UASF_0120,structure,OptimizationFact,0,0,0
UASF_0121,facet,UASF_0121,0,0,0
UASF_0121,field,attributes,0,0,0
UASF_0121,field,compiletime_contract,0,0,0
UASF_0121,field,dialect,0,0,0
UASF_0121,field,extensions,0,0,0
UASF_0121,field,id,0,0,0
UASF_0121,field,kind,0,0,0
UASF_0121,field,lowering,0,0,0
UASF_0121,field,runtime_contract,0,0,0
UASF_0121,field,semantic_facets,0,0,0
UASF_0121,field,source_span,0,0,0
UASF_0121,relation,dialect.requires,0,0,0
UASF_0121,relation,runtime.requires,0,0,0
UASF_0121,structure,ExecutionModel,0,0,0
UASF_0122,facet,UASF_0122,0,0,0
UASF_0122,field,attributes,0,0,0
UASF_0122,field,compiletime_contract,0,0,0
UASF_0122,field,dialect,0,0,0
UASF_0122,field,extensions,0,0,0
UASF_0122,field,id,0,0,0
UASF_0122,field,kind,0,0,0
UASF_0122,field,lowering,0,0,0
UASF_0122,field,semantic_facets,0,0,0
UASF_0122,field,source_span,0,0,0
UASF_0122,relation,dialect.requires,0,0,0
UASF_0122,relation,lowering.requires,0,0,0
UASF_0122,structure,IRFact,0,0,0
UASF_0122,structure,LoweringFact,0,0,0
UASF_0123,facet,UASF_0123,0,0,0
UASF_0123,field,attributes,0,0,0
UASF_0123,field,compiletime_contract,0,0,0
UASF_0123,field,dialect,0,0,0
UASF_0123,field,extensions,0,0,0
UASF_0123,field,id,0,0,0
UASF_0123,field,kind,0,0,0
UASF_0123,field,lowering,0,0,0
UASF_0123,field,name,0,0,0
UASF_0123,field,semantic_facets,0,0,0
UASF_0123,field,source_span,0,0,0
UASF_0123,field,type_ref,0,0,0
UASF_0123,field,type_shape,0,0,0
UASF_0123,relation,dialect.requires,0,0,0
UASF_0124,facet,UASF_0124,0,0,0
UASF_0124,field,attributes,0,0,0
UASF_0124,field,compiletime_contract,0,0,0
UASF_0124,field,dialect,0,0,0
UASF_0124,field,extensions,0,0,0
UASF_0124,field,id,0,0,0
UASF_0124,field,kind,0,0,0
UASF_0124,field,lowering,0,0,0
UASF_0124,field,runtime_contract,0,0,0
UASF_0124,field,semantic_facets,0,0,0
UASF_0124,field,source_span,0,0,0
UASF_0124,relation,dialect.requires,0,0,0
UASF_0124,relation,runtime.requires,0,0,0
UASF_0125,facet,UASF_0125,0,0,0
UASF_0125,field,attributes,0,0,0
UASF_0125,field,compiletime_contract,0,0,0
UASF_0125,field,dialect,0,0,0
UASF_0125,field,extensions,0,0,0
UASF_0125,field,id,0,0,0
UASF_0125,field,kind,0,0,0
UASF_0125,field,name,0,0,0
UASF_0125,field,semantic_facets,0,0,0
UASF_0125,field,source_span,0,0,0
UASF_0125,relation,dialect.requires,0,0,0
UASF_0126,facet,UASF_0126,0,0,0
UASF_0126,field,attributes,0,0,0
UASF_0126,field,compiletime_contract,0,0,0
UASF_0126,field,dialect,0,0,0
UASF_0126,field,extensions,0,0,0
UASF_0126,field,id,0,0,0
UASF_0126,field,kind,0,0,0
UASF_0126,field,runtime_contract,0,0,0
UASF_0126,field,semantic_facets,0,0,0
UASF_0126,field,source_span,0,0,0
UASF_0126,relation,dialect.requires,0,0,0
UASF_0126,relation,runtime.requires,0,0,0
UASF_0127,facet,UASF_0127,0,0,0
UASF_0127,field,attributes,0,0,0
UASF_0127,field,compiletime_contract,0,0,0
UASF_0127,field,effects,0,0,0
UASF_0127,field,evaluation_order,0,0,0
UASF_0127,field,extensions,0,0,0
UASF_0127,field,id,0,0,0
UASF_0127,field,kind,0,0,0
UASF_0127,field,operands,0,0,0
UASF_0127,field,operation,0,0,0
UASF_0127,field,results,0,0,0
UASF_0127,field,runtime_contract,0,0,0
UASF_0127,field,semantic_facets,0,0,0
UASF_0127,field,source_span,0,0,0
UASF_0127,relation,evaluation.before,0,0,0
UASF_0127,relation,operation.kind,0,0,0
UASF_0127,relation,runtime.requires,0,0,0
UASF_0128,facet,UASF_0128,0,0,0
UASF_0128,field,attributes,0,0,0
UASF_0128,field,compiletime_contract,0,0,0
UASF_0128,field,extensions,0,0,0
UASF_0128,field,id,0,0,0
UASF_0128,field,kind,0,0,0
UASF_0128,field,name,0,0,0
UASF_0128,field,semantic_facets,0,0,0
UASF_0128,field,source_span,0,0,0
UASF_0129,facet,UASF_0129,0,0,0
UASF_0129,field,attributes,0,0,0
UASF_0129,field,compiletime_contract,0,0,0
UASF_0129,field,extensions,0,0,0
UASF_0129,field,id,0,0,0
UASF_0129,field,kind,0,0,0
UASF_0129,field,name,0,0,0
UASF_0129,field,runtime_contract,0,0,0
UASF_0129,field,semantic_facets,0,0,0
UASF_0129,field,source_span,0,0,0
UASF_0129,relation,runtime.requires,0,0,0
UASF_0130,facet,UASF_0130,0,0,0
UASF_0130,field,attributes,0,0,0
UASF_0130,field,binding_refs,0,0,0
UASF_0130,field,compiletime_contract,0,0,0
UASF_0130,field,extensions,0,0,0
UASF_0130,field,id,0,0,0
UASF_0130,field,kind,0,0,0
UASF_0130,field,name,0,0,0
UASF_0130,field,scope_id,0,0,0
UASF_0130,field,semantic_facets,0,0,0
UASF_0130,field,source_span,0,0,0
UASF_0131,facet,UASF_0131,0,0,0
UASF_0131,field,attributes,0,0,0
UASF_0131,field,compiletime_contract,0,0,0
UASF_0131,field,extensions,0,0,0
UASF_0131,field,id,0,0,0
UASF_0131,field,kind,0,0,0
UASF_0131,field,name,0,0,0
UASF_0131,field,semantic_facets,0,0,0
UASF_0131,field,source_span,0,0,0
UASF_0131,field,type_origin,0,0,0
UASF_0131,field,type_ref,0,0,0
UASF_0131,field,type_shape,0,0,0
UASF_0131,relation,type.origin,0,0,0
UASF_0132,facet,UASF_0132,0,0,0
UASF_0132,field,attributes,0,0,0
UASF_0132,field,compiletime_contract,0,0,0
UASF_0132,field,extensions,0,0,0
UASF_0132,field,id,0,0,0
UASF_0132,field,kind,0,0,0
UASF_0132,field,operands,0,0,0
UASF_0132,field,operation,0,0,0
UASF_0132,field,results,0,0,0
UASF_0132,field,semantic_facets,0,0,0
UASF_0132,field,source_span,0,0,0
UASF_0132,field,type_ref,0,0,0
UASF_0132,field,type_shape,0,0,0
UASF_0132,relation,operation.kind,0,0,0
UASF_0133,facet,UASF_0133,0,0,0
UASF_0133,field,attributes,0,0,0
UASF_0133,field,candidates,0,0,0
UASF_0133,field,compiletime_contract,0,0,0
UASF_0133,field,constraints,0,0,0
UASF_0133,field,dispatch,0,0,0
UASF_0133,field,extensions,0,0,0
UASF_0133,field,id,0,0,0
UASF_0133,field,kind,0,0,0
UASF_0133,field,parameters,0,0,0
UASF_0133,field,semantic_facets,0,0,0
UASF_0133,field,source_span,0,0,0
UASF_0133,relation,template.instantiates,0,0,0
UASF_0134,facet,UASF_0134,0,0,0
UASF_0134,field,attributes,0,0,0
UASF_0134,field,candidates,0,0,0
UASF_0134,field,compiletime_contract,0,0,0
UASF_0134,field,dispatch,0,0,0
UASF_0134,field,extensions,0,0,0
UASF_0134,field,id,0,0,0
UASF_0134,field,kind,0,0,0
UASF_0134,field,semantic_facets,0,0,0
UASF_0134,field,source_span,0,0,0
UASF_0134,field,type_ref,0,0,0
UASF_0134,field,type_shape,0,0,0
UASF_0135,facet,UASF_0135,0,0,0
UASF_0135,field,attributes,0,0,0
UASF_0135,field,compiletime_contract,0,0,0
UASF_0135,field,extensions,0,0,0
UASF_0135,field,id,0,0,0
UASF_0135,field,kind,0,0,0
UASF_0135,field,semantic_facets,0,0,0
UASF_0135,field,source_span,0,0,0
UASF_0135,relation,preprocessor.expands,0,0,0
UASF_0136,facet,UASF_0136,0,0,0
UASF_0136,field,attributes,0,0,0
UASF_0136,field,binding_refs,0,0,0
UASF_0136,field,compiletime_contract,0,0,0
UASF_0136,field,extensions,0,0,0
UASF_0136,field,id,0,0,0
UASF_0136,field,kind,0,0,0
UASF_0136,field,runtime_contract,0,0,0
UASF_0136,field,scope_id,0,0,0
UASF_0136,field,semantic_facets,0,0,0
UASF_0136,field,source_span,0,0,0
UASF_0136,field,type_ref,0,0,0
UASF_0136,field,type_shape,0,0,0
UASF_0136,relation,runtime.requires,0,0,0
UASF_0137,facet,UASF_0137,0,0,0
UASF_0137,field,attributes,0,0,0
UASF_0137,field,compiletime_contract,0,0,0
UASF_0137,field,constraints,0,0,0
UASF_0137,field,extensions,0,0,0
UASF_0137,field,id,0,0,0
UASF_0137,field,kind,0,0,0
UASF_0137,field,parameters,0,0,0
UASF_0137,field,semantic_facets,0,0,0
UASF_0137,field,source_span,0,0,0
UASF_0137,field,type_ref,0,0,0
UASF_0137,field,type_shape,0,0,0
UASF_0137,relation,template.instantiates,0,0,0
UASF_0138,facet,UASF_0138,0,0,0
UASF_0138,field,attributes,0,0,0
UASF_0138,field,compiletime_contract,0,0,0
UASF_0138,field,extensions,0,0,0
UASF_0138,field,id,0,0,0
UASF_0138,field,kind,0,0,0
UASF_0138,field,semantic_facets,0,0,0
UASF_0138,field,source_span,0,0,0
UASF_0138,field,type_origin,0,0,0
UASF_0138,field,type_ref,0,0,0
UASF_0138,relation,type.origin,0,0,0
UASF_0139,facet,UASF_0139,0,0,0
UASF_0139,field,attributes,0,0,0
UASF_0139,field,branches,0,0,0
UASF_0139,field,concurrency_contract,0,0,0
UASF_0139,field,condition,0,0,0
UASF_0139,field,evaluation_order,0,0,0
UASF_0139,field,extensions,0,0,0
UASF_0139,field,id,0,0,0
UASF_0139,field,kind,0,0,0
UASF_0139,field,lowering,0,0,0
UASF_0139,field,operands,0,0,0
UASF_0139,field,results,0,0,0
UASF_0139,field,runtime_contract,0,0,0
UASF_0139,field,semantic_facets,0,0,0
UASF_0139,field,source_span,0,0,0
UASF_0139,field,synchronization,0,0,0
UASF_0139,relation,evaluation.before,0,0,0
UASF_0139,relation,runtime.requires,0,0,0
UASF_0140,facet,UASF_0140,0,0,0
UASF_0140,field,attributes,0,0,0
UASF_0140,field,branches,0,0,0
UASF_0140,field,concurrency_contract,0,0,0
UASF_0140,field,condition,0,0,0
UASF_0140,field,evaluation_order,0,0,0
UASF_0140,field,extensions,0,0,0
UASF_0140,field,id,0,0,0
UASF_0140,field,kind,0,0,0
UASF_0140,field,operands,0,0,0
UASF_0140,field,operation,0,0,0
UASF_0140,field,results,0,0,0
UASF_0140,field,semantic_facets,0,0,0
UASF_0140,field,source_span,0,0,0
UASF_0140,relation,evaluation.before,0,0,0
UASF_0140,relation,operation.kind,0,0,0
UASF_0141,facet,UASF_0141,0,0,0
UASF_0141,field,attributes,0,0,0
UASF_0141,field,branches,0,0,0
UASF_0141,field,concurrency_contract,0,0,0
UASF_0141,field,condition,0,0,0
UASF_0141,field,evaluation_order,0,0,0
UASF_0141,field,extensions,0,0,0
UASF_0141,field,id,0,0,0
UASF_0141,field,kind,0,0,0
UASF_0141,field,lifetime,0,0,0
UASF_0141,field,operands,0,0,0
UASF_0141,field,ownership,0,0,0
UASF_0141,field,results,0,0,0
UASF_0141,field,semantic_facets,0,0,0
UASF_0141,field,source_span,0,0,0
UASF_0141,relation,evaluation.before,0,0,0
UASF_0142,facet,UASF_0142,0,0,0
UASF_0142,field,attributes,0,0,0
UASF_0142,field,branches,0,0,0
UASF_0142,field,concurrency_contract,0,0,0
UASF_0142,field,condition,0,0,0
UASF_0142,field,effects,0,0,0
UASF_0142,field,extensions,0,0,0
UASF_0142,field,id,0,0,0
UASF_0142,field,kind,0,0,0
UASF_0142,field,memory_order,0,0,0
UASF_0142,field,semantic_facets,0,0,0
UASF_0142,field,source_span,0,0,0
UASF_0142,field,synchronization,0,0,0
UASF_0142,relation,concurrency.atomic_order,0,0,0
UASF_0142,relation,concurrency.communicates,0,0,0
UASF_0142,relation,concurrency.spawns,0,0,0
UASF_0142,relation,concurrency.synchronizes,0,0,0
UASF_0142,relation,control.false,0,0,0
UASF_0142,relation,control.loop_back,0,0,0
UASF_0142,relation,control.next,0,0,0
UASF_0142,relation,control.true,0,0,0
UASF_0142,relation,effect.has,0,0,0
UASF_0142,structure,SelectStmt,0,0,0
UASF_0142,structure,SpawnStmt,0,0,0
UASF_0143,facet,UASF_0143,0,0,0
UASF_0143,field,attributes,0,0,0
UASF_0143,field,branches,0,0,0
UASF_0143,field,concurrency_contract,0,0,0
UASF_0143,field,condition,0,0,0
UASF_0143,field,extensions,0,0,0
UASF_0143,field,id,0,0,0
UASF_0143,field,kind,0,0,0
UASF_0143,field,operands,0,0,0
UASF_0143,field,operation,0,0,0
UASF_0143,field,results,0,0,0
UASF_0143,field,runtime_contract,0,0,0
UASF_0143,field,semantic_facets,0,0,0
UASF_0143,field,source_span,0,0,0
UASF_0143,relation,operation.kind,0,0,0
UASF_0143,relation,runtime.requires,0,0,0
UASF_0144,facet,UASF_0144,0,0,0
UASF_0144,field,attributes,0,0,0
UASF_0144,field,concurrency_contract,0,0,0
UASF_0144,field,effects,0,0,0
UASF_0144,field,extensions,0,0,0
UASF_0144,field,id,0,0,0
UASF_0144,field,kind,0,0,0
UASF_0144,field,memory_order,0,0,0
UASF_0144,field,operands,0,0,0
UASF_0144,field,results,0,0,0
UASF_0144,field,semantic_facets,0,0,0
UASF_0144,field,source_span,0,0,0
UASF_0144,field,synchronization,0,0,0
UASF_0144,relation,concurrency.atomic_order,0,0,0
UASF_0144,relation,concurrency.communicates,0,0,0
UASF_0144,relation,concurrency.spawns,0,0,0
UASF_0144,relation,concurrency.synchronizes,0,0,0
UASF_0144,relation,data.def_use,0,0,0
UASF_0144,relation,data.operand,0,0,0
UASF_0144,relation,data.result,0,0,0
UASF_0144,relation,effect.has,0,0,0
UASF_0144,structure,ChannelType,0,0,0
UASF_0144,structure,CloseOp,0,0,0
UASF_0144,structure,ReceiveExpr,0,0,0
UASF_0144,structure,SendStmt,0,0,0
UASF_0145,facet,UASF_0145,0,0,0
UASF_0145,field,attributes,0,0,0
UASF_0145,field,concurrency_contract,0,0,0
UASF_0145,field,effects,0,0,0
UASF_0145,field,extensions,0,0,0
UASF_0145,field,id,0,0,0
UASF_0145,field,kind,0,0,0
UASF_0145,field,memory_order,0,0,0
UASF_0145,field,operands,0,0,0
UASF_0145,field,results,0,0,0
UASF_0145,field,runtime_contract,0,0,0
UASF_0145,field,semantic_facets,0,0,0
UASF_0145,field,source_span,0,0,0
UASF_0145,field,synchronization,0,0,0
UASF_0145,relation,runtime.requires,0,0,0
UASF_0146,facet,UASF_0146,0,0,0
UASF_0146,field,attributes,0,0,0
UASF_0146,field,concurrency_contract,0,0,0
UASF_0146,field,effects,0,0,0
UASF_0146,field,extensions,0,0,0
UASF_0146,field,id,0,0,0
UASF_0146,field,kind,0,0,0
UASF_0146,field,memory_order,0,0,0
UASF_0146,field,operands,0,0,0
UASF_0146,field,operation,0,0,0
UASF_0146,field,results,0,0,0
UASF_0146,field,semantic_facets,0,0,0
UASF_0146,field,source_span,0,0,0
UASF_0146,field,synchronization,0,0,0
UASF_0146,relation,operation.kind,0,0,0
UASF_0147,facet,UASF_0147,0,0,0
UASF_0147,field,attributes,0,0,0
UASF_0147,field,concurrency_contract,0,0,0
UASF_0147,field,extensions,0,0,0
UASF_0147,field,id,0,0,0
UASF_0147,field,kind,0,0,0
UASF_0147,field,lifetime,0,0,0
UASF_0147,field,memory_model,0,0,0
UASF_0147,field,memory_order,0,0,0
UASF_0147,field,ownership,0,0,0
UASF_0147,field,provenance,0,0,0
UASF_0147,field,semantic_facets,0,0,0
UASF_0147,field,source_span,0,0,0
UASF_0147,field,storage,0,0,0
UASF_0147,field,synchronization,0,0,0
UASF_0147,relation,concurrency.atomic_order,0,0,0
UASF_0147,relation,concurrency.communicates,0,0,0
UASF_0147,relation,concurrency.spawns,0,0,0
UASF_0147,relation,concurrency.synchronizes,0,0,0
UASF_0147,relation,memory.aliases,0,0,0
UASF_0147,relation,memory.borrows,0,0,0
UASF_0147,relation,memory.owns,0,0,0
UASF_0147,relation,storage.resides_in,0,0,0
UASF_0147,structure,MemoryModelContract,0,0,0
UASF_0148,facet,UASF_0148,0,0,0
UASF_0148,field,attributes,0,0,0
UASF_0148,field,concurrency_contract,0,0,0
UASF_0148,field,extensions,0,0,0
UASF_0148,field,id,0,0,0
UASF_0148,field,kind,0,0,0
UASF_0148,field,memory_model,0,0,0
UASF_0148,field,memory_order,0,0,0
UASF_0148,field,runtime_contract,0,0,0
UASF_0148,field,semantic_facets,0,0,0
UASF_0148,field,source_span,0,0,0
UASF_0148,field,synchronization,0,0,0
UASF_0148,relation,runtime.requires,0,0,0
UASF_0149,facet,UASF_0149,0,0,0
UASF_0149,field,attributes,0,0,0
UASF_0149,field,concurrency_contract,0,0,0
UASF_0149,field,extensions,0,0,0
UASF_0149,field,id,0,0,0
UASF_0149,field,kind,0,0,0
UASF_0149,field,lifetime,0,0,0
UASF_0149,field,memory_order,0,0,0
UASF_0149,field,ownership,0,0,0
UASF_0149,field,semantic_facets,0,0,0
UASF_0149,field,source_span,0,0,0
UASF_0149,field,type_ref,0,0,0
UASF_0149,field,type_shape,0,0,0
UASF_0150,facet,UASF_0150,0,0,0
UASF_0150,field,attributes,0,0,0
UASF_0150,field,concurrency_contract,0,0,0
UASF_0150,field,extensions,0,0,0
UASF_0150,field,id,0,0,0
UASF_0150,field,kind,0,0,0
UASF_0150,field,memory_order,0,0,0
UASF_0150,field,semantic_facets,0,0,0
UASF_0150,field,source_span,0,0,0
UASF_0150,field,synchronization,0,0,0
UASF_0151,facet,UASF_0151,1,3,13
UASF_0151,field,attributes,1,3,13
UASF_0151,field,branches,1,3,13
UASF_0151,field,concurrency_contract,1,3,13
UASF_0151,field,condition,1,3,13
UASF_0151,field,extensions,1,3,13
UASF_0151,field,id,1,3,13
UASF_0151,field,kind,1,3,13
UASF_0151,field,memory_order,1,3,13
UASF_0151,field,semantic_facets,1,3,13
UASF_0151,field,source_span,1,3,13
UASF_0151,field,synchronization,1,3,13
UASF_0151,relation,concurrency.atomic_order,1,3,13
UASF_0151,relation,concurrency.communicates,1,3,13
UASF_0151,relation,concurrency.spawns,1,3,13
UASF_0151,relation,concurrency.synchronizes,1,3,13
UASF_0151,relation,control.false,1,3,13
UASF_0151,relation,control.loop_back,1,3,13
UASF_0151,relation,control.next,1,3,13
UASF_0151,relation,control.true,1,3,13
UASF_0151,structure,ConcurrencyOp,1,3,13
UASF_0152,facet,UASF_0152,0,0,0
UASF_0152,field,attributes,0,0,0
UASF_0152,field,concurrency_contract,0,0,0
UASF_0152,field,effects,0,0,0
UASF_0152,field,extensions,0,0,0
UASF_0152,field,id,0,0,0
UASF_0152,field,kind,0,0,0
UASF_0152,field,memory_order,0,0,0
UASF_0152,field,operands,0,0,0
UASF_0152,field,results,0,0,0
UASF_0152,field,semantic_facets,0,0,0
UASF_0152,field,source_span,0,0,0
UASF_0152,field,synchronization,0,0,0
UASF_0152,relation,concurrency.atomic_order,0,0,0
UASF_0152,relation,concurrency.communicates,0,0,0
UASF_0152,relation,concurrency.spawns,0,0,0
UASF_0152,relation,concurrency.synchronizes,0,0,0
UASF_0152,relation,data.def_use,0,0,0
UASF_0152,relation,data.operand,0,0,0
UASF_0152,relation,data.result,0,0,0
UASF_0152,relation,effect.has,0,0,0
UASF_0152,structure,ChannelTypeOp,0,0,0
UASF_0153,facet,UASF_0153,1,1,4
UASF_0153,field,attributes,1,1,4
UASF_0153,field,concurrency_contract,1,1,4
UASF_0153,field,effects,1,1,4
UASF_0153,field,extensions,1,1,4
UASF_0153,field,id,1,1,4
UASF_0153,field,kind,1,1,4
UASF_0153,field,memory_order,1,1,4
UASF_0153,field,semantic_facets,1,1,4
UASF_0153,field,source_span,1,1,4
UASF_0153,field,synchronization,1,1,4
UASF_0153,relation,concurrency.atomic_order,1,1,4
UASF_0153,relation,concurrency.communicates,1,1,4
UASF_0153,relation,concurrency.spawns,1,1,4
UASF_0153,relation,concurrency.synchronizes,1,1,4
UASF_0153,relation,effect.has,1,1,4
UASF_0153,structure,ConcurrencyOp,1,1,4
UASF_0153,structure,SynchronizationOp,1,1,4
UASF_0154,facet,UASF_0154,1,1,5
UASF_0154,field,attributes,1,1,5
UASF_0154,field,concurrency_contract,1,1,5
UASF_0154,field,effects,1,1,5
UASF_0154,field,extensions,1,1,5
UASF_0154,field,id,1,1,5
UASF_0154,field,kind,1,1,5
UASF_0154,field,lifetime,1,1,5
UASF_0154,field,memory_order,1,1,5
UASF_0154,field,ownership,1,1,5
UASF_0154,field,provenance,1,1,5
UASF_0154,field,semantic_facets,1,1,5
UASF_0154,field,source_span,1,1,5
UASF_0154,field,storage,1,1,5
UASF_0154,field,synchronization,1,1,5
UASF_0154,relation,concurrency.atomic_order,1,1,5
UASF_0154,relation,concurrency.communicates,1,1,5
UASF_0154,relation,concurrency.spawns,1,1,5
UASF_0154,relation,concurrency.synchronizes,1,1,5
UASF_0154,relation,effect.has,1,1,5
UASF_0154,relation,memory.aliases,1,1,5
UASF_0154,relation,memory.borrows,1,1,5
UASF_0154,relation,memory.owns,1,1,5
UASF_0154,relation,storage.resides_in,1,1,5
UASF_0154,structure,AtomicOp,1,1,5
UASF_0155,facet,UASF_0155,0,0,0
UASF_0155,field,attributes,0,0,0
UASF_0155,field,concurrency_contract,0,0,0
UASF_0155,field,extensions,0,0,0
UASF_0155,field,id,0,0,0
UASF_0155,field,kind,0,0,0
UASF_0155,field,lifetime,0,0,0
UASF_0155,field,memory_order,0,0,0
UASF_0155,field,ownership,0,0,0
UASF_0155,field,provenance,0,0,0
UASF_0155,field,semantic_facets,0,0,0
UASF_0155,field,source_span,0,0,0
UASF_0155,field,storage,0,0,0
UASF_0155,field,synchronization,0,0,0
UASF_0155,relation,concurrency.atomic_order,0,0,0
UASF_0155,relation,concurrency.communicates,0,0,0
UASF_0155,relation,concurrency.spawns,0,0,0
UASF_0155,relation,concurrency.synchronizes,0,0,0
UASF_0155,relation,memory.aliases,0,0,0
UASF_0155,relation,memory.borrows,0,0,0
UASF_0155,relation,memory.owns,0,0,0
UASF_0155,relation,storage.resides_in,0,0,0
UASF_0155,structure,MemoryModelContract,0,0,0
UASF_0156,facet,UASF_0156,0,0,0
UASF_0156,field,attributes,0,0,0
UASF_0156,field,concurrency_contract,0,0,0
UASF_0156,field,extensions,0,0,0
UASF_0156,field,id,0,0,0
UASF_0156,field,kind,0,0,0
UASF_0156,field,lifetime,0,0,0
UASF_0156,field,ownership,0,0,0
UASF_0156,field,provenance,0,0,0
UASF_0156,field,semantic_facets,0,0,0
UASF_0156,field,source_span,0,0,0
UASF_0156,field,storage,0,0,0
UASF_0156,relation,storage.resides_in,0,0,0
UASF_0157,facet,UASF_0157,0,0,0
UASF_0157,field,attributes,0,0,0
UASF_0157,field,branches,0,0,0
UASF_0157,field,condition,0,0,0
UASF_0157,field,conversion,0,0,0
UASF_0157,field,evaluation_order,0,0,0
UASF_0157,field,extensions,0,0,0
UASF_0157,field,id,0,0,0
UASF_0157,field,kind,0,0,0
UASF_0157,field,operands,0,0,0
UASF_0157,field,operation,0,0,0
UASF_0157,field,results,0,0,0
UASF_0157,field,runtime_contract,0,0,0
UASF_0157,field,semantic_facets,0,0,0
UASF_0157,field,source_span,0,0,0
UASF_0157,field,type_ref,0,0,0
UASF_0157,field,type_shape,0,0,0
UASF_0157,relation,conversion.converts,0,0,0
UASF_0157,relation,evaluation.before,0,0,0
UASF_0157,relation,operation.kind,0,0,0
UASF_0157,relation,runtime.requires,0,0,0
UASF_0158,facet,UASF_0158,0,0,0
UASF_0158,field,attributes,0,0,0
UASF_0158,field,branches,0,0,0
UASF_0158,field,condition,0,0,0
UASF_0158,field,coroutine_state,0,0,0
UASF_0158,field,extensions,0,0,0
UASF_0158,field,id,0,0,0
UASF_0158,field,kind,0,0,0
UASF_0158,field,lifetime,0,0,0
UASF_0158,field,semantic_facets,0,0,0
UASF_0158,field,source_span,0,0,0
UASF_0158,relation,coroutine.suspends,0,0,0
UASF_0159,facet,UASF_0159,0,0,0
UASF_0159,field,attributes,0,0,0
UASF_0159,field,branches,0,0,0
UASF_0159,field,condition,0,0,0
UASF_0159,field,coroutine_state,0,0,0
UASF_0159,field,extensions,0,0,0
UASF_0159,field,id,0,0,0
UASF_0159,field,kind,0,0,0
UASF_0159,field,operands,0,0,0
UASF_0159,field,operation,0,0,0
UASF_0159,field,results,0,0,0
UASF_0159,field,semantic_facets,0,0,0
UASF_0159,field,source_span,0,0,0
UASF_0159,relation,coroutine.suspends,0,0,0
UASF_0159,relation,operation.kind,0,0,0
UASF_0160,facet,UASF_0160,0,0,0
UASF_0160,field,attributes,0,0,0
UASF_0160,field,branches,0,0,0
UASF_0160,field,condition,0,0,0
UASF_0160,field,effects,0,0,0
UASF_0160,field,extensions,0,0,0
UASF_0160,field,id,0,0,0
UASF_0160,field,kind,0,0,0
UASF_0160,field,operands,0,0,0
UASF_0160,field,results,0,0,0
UASF_0160,field,semantic_facets,0,0,0
UASF_0160,field,source_span,0,0,0
UASF_0161,facet,UASF_0161,0,0,0
UASF_0161,field,attributes,0,0,0
UASF_0161,field,branches,0,0,0
UASF_0161,field,condition,0,0,0
UASF_0161,field,effects,0,0,0
UASF_0161,field,evaluation_order,0,0,0
UASF_0161,field,extensions,0,0,0
UASF_0161,field,id,0,0,0
UASF_0161,field,kind,0,0,0
UASF_0161,field,operands,0,0,0
UASF_0161,field,results,0,0,0
UASF_0161,field,semantic_facets,0,0,0
UASF_0161,field,source_span,0,0,0
UASF_0161,relation,evaluation.before,0,0,0
UASF_0162,facet,UASF_0162,0,0,0
UASF_0162,field,attributes,0,0,0
UASF_0162,field,branches,0,0,0
UASF_0162,field,condition,0,0,0
UASF_0162,field,effects,0,0,0
UASF_0162,field,evaluation_order,0,0,0
UASF_0162,field,extensions,0,0,0
UASF_0162,field,id,0,0,0
UASF_0162,field,kind,0,0,0
UASF_0162,field,lowering,0,0,0
UASF_0162,field,operands,0,0,0
UASF_0162,field,results,0,0,0
UASF_0162,field,semantic_facets,0,0,0
UASF_0162,field,source_span,0,0,0
UASF_0162,relation,evaluation.before,0,0,0
UASF_0163,facet,UASF_0163,0,0,0
UASF_0163,field,attributes,0,0,0
UASF_0163,field,branches,0,0,0
UASF_0163,field,condition,0,0,0
UASF_0163,field,effects,0,0,0
UASF_0163,field,evaluation_order,0,0,0
UASF_0163,field,extensions,0,0,0
UASF_0163,field,id,0,0,0
UASF_0163,field,kind,0,0,0
UASF_0163,field,operands,0,0,0
UASF_0163,field,operation,0,0,0
UASF_0163,field,results,0,0,0
UASF_0163,field,semantic_facets,0,0,0
UASF_0163,field,source_span,0,0,0
UASF_0163,field,type_ref,0,0,0
UASF_0163,field,type_shape,0,0,0
UASF_0163,field,value,0,0,0
UASF_0163,relation,evaluation.before,0,0,0
UASF_0164,facet,UASF_0164,0,0,0
UASF_0164,field,attributes,0,0,0
UASF_0164,field,branches,0,0,0
UASF_0164,field,condition,0,0,0
UASF_0164,field,evaluation_order,0,0,0
UASF_0164,field,extensions,0,0,0
UASF_0164,field,id,0,0,0
UASF_0164,field,kind,0,0,0
UASF_0164,field,lowering,0,0,0
UASF_0164,field,operands,0,0,0
UASF_0164,field,results,0,0,0
UASF_0164,field,semantic_facets,0,0,0
UASF_0164,field,source_span,0,0,0
UASF_0164,field,type_ref,0,0,0
UASF_0164,field,type_shape,0,0,0
UASF_0164,relation,evaluation.before,0,0,0
UASF_0165,facet,UASF_0165,0,0,0
UASF_0165,field,attributes,0,0,0
UASF_0165,field,branches,0,0,0
UASF_0165,field,condition,0,0,0
UASF_0165,field,evaluation_order,0,0,0
UASF_0165,field,extensions,0,0,0
UASF_0165,field,id,0,0,0
UASF_0165,field,kind,0,0,0
UASF_0165,field,operands,0,0,0
UASF_0165,field,operation,0,0,0
UASF_0165,field,results,0,0,0
UASF_0165,field,semantic_facets,0,0,0
UASF_0165,field,source_span,0,0,0
UASF_0165,field,type_ref,0,0,0
UASF_0165,field,type_shape,0,0,0
UASF_0165,relation,evaluation.before,0,0,0
UASF_0165,relation,operation.kind,0,0,0
UASF_0166,facet,UASF_0166,0,0,0
UASF_0166,field,attributes,0,0,0
UASF_0166,field,branches,0,0,0
UASF_0166,field,condition,0,0,0
UASF_0166,field,evaluation_order,0,0,0
UASF_0166,field,extensions,0,0,0
UASF_0166,field,id,0,0,0
UASF_0166,field,kind,0,0,0
UASF_0166,field,operands,0,0,0
UASF_0166,field,results,0,0,0
UASF_0166,field,semantic_facets,0,0,0
UASF_0166,field,source_span,0,0,0
UASF_0166,field,type_ref,0,0,0
UASF_0166,field,type_shape,0,0,0
UASF_0166,relation,evaluation.before,0,0,0
UASF_0167,facet,UASF_0167,0,0,0
UASF_0167,field,attributes,0,0,0
UASF_0167,field,branches,0,0,0
UASF_0167,field,condition,0,0,0
UASF_0167,field,extensions,0,0,0
UASF_0167,field,id,0,0,0
UASF_0167,field,kind,0,0,0
UASF_0167,field,operands,0,0,0
UASF_0167,field,results,0,0,0
UASF_0167,field,semantic_facets,0,0,0
UASF_0167,field,source_span,0,0,0
UASF_0167,field,type_origin,0,0,0
UASF_0167,field,type_ref,0,0,0
UASF_0167,relation,type.origin,0,0,0
UASF_0168,facet,UASF_0168,0,0,0
UASF_0168,field,attributes,0,0,0
UASF_0168,field,branches,0,0,0
UASF_0168,field,condition,0,0,0
UASF_0168,field,effects,0,0,0
UASF_0168,field,extensions,0,0,0
UASF_0168,field,id,0,0,0
UASF_0168,field,kind,0,0,0
UASF_0168,field,semantic_facets,0,0,0
UASF_0168,field,source_span,0,0,0
UASF_0168,relation,control.false,0,0,0
UASF_0168,relation,control.loop_back,0,0,0
UASF_0168,relation,control.next,0,0,0
UASF_0168,relation,control.true,0,0,0
UASF_0168,relation,effect.has,0,0,0
UASF_0168,structure,DeferStmt,0,0,0
UASF_0168,structure,PanicRecover,0,0,0
UASF_0169,facet,UASF_0169,1,1,120
UASF_0169,field,attributes,1,1,120
UASF_0169,field,branches,1,1,120
UASF_0169,field,condition,1,1,120
UASF_0169,field,effects,1,1,120
UASF_0169,field,evaluation_order,1,1,120
UASF_0169,field,extensions,1,1,120
UASF_0169,field,id,1,1,120
UASF_0169,field,kind,1,1,120
UASF_0169,field,semantic_facets,1,1,120
UASF_0169,field,source_span,1,1,120
UASF_0169,relation,evaluation.before,1,1,120
UASF_0170,facet,UASF_0170,0,0,0
UASF_0170,field,attributes,0,0,0
UASF_0170,field,branches,0,0,0
UASF_0170,field,condition,0,0,0
UASF_0170,field,effects,0,0,0
UASF_0170,field,evaluation_order,0,0,0
UASF_0170,field,extensions,0,0,0
UASF_0170,field,id,0,0,0
UASF_0170,field,kind,0,0,0
UASF_0170,field,runtime_contract,0,0,0
UASF_0170,field,semantic_facets,0,0,0
UASF_0170,field,source_span,0,0,0
UASF_0170,relation,evaluation.before,0,0,0
UASF_0170,relation,runtime.requires,0,0,0
UASF_0171,facet,UASF_0171,1,1,525
UASF_0171,field,attributes,1,1,525
UASF_0171,field,branches,1,1,525
UASF_0171,field,condition,1,1,525
UASF_0171,field,effects,1,1,525
UASF_0171,field,extensions,1,1,525
UASF_0171,field,id,1,1,525
UASF_0171,field,kind,1,1,525
UASF_0171,field,runtime_contract,1,1,525
UASF_0171,field,semantic_facets,1,1,525
UASF_0171,field,source_span,1,1,525
UASF_0171,field,type_ref,1,1,525
UASF_0171,field,type_shape,1,1,525
UASF_0171,relation,runtime.requires,1,1,525
UASF_0172,facet,UASF_0172,0,0,0
UASF_0172,field,attributes,0,0,0
UASF_0172,field,branches,0,0,0
UASF_0172,field,condition,0,0,0
UASF_0172,field,effects,0,0,0
UASF_0172,field,evaluation_order,0,0,0
UASF_0172,field,extensions,0,0,0
UASF_0172,field,id,0,0,0
UASF_0172,field,kind,0,0,0
UASF_0172,field,lifetime,0,0,0
UASF_0172,field,ownership,0,0,0
UASF_0172,field,semantic_facets,0,0,0
UASF_0172,field,source_span,0,0,0
UASF_0172,relation,evaluation.before,0,0,0
UASF_0173,facet,UASF_0173,0,0,0
UASF_0173,field,attributes,0,0,0
UASF_0173,field,branches,0,0,0
UASF_0173,field,condition,0,0,0
UASF_0173,field,effects,0,0,0
UASF_0173,field,evaluation_order,0,0,0
UASF_0173,field,extensions,0,0,0
UASF_0173,field,id,0,0,0
UASF_0173,field,kind,0,0,0
UASF_0173,field,lifetime,0,0,0
UASF_0173,field,ownership,0,0,0
UASF_0173,field,runtime_contract,0,0,0
UASF_0173,field,semantic_facets,0,0,0
UASF_0173,field,source_span,0,0,0
UASF_0173,relation,evaluation.before,0,0,0
UASF_0173,relation,runtime.requires,0,0,0
UASF_0174,facet,UASF_0174,0,0,0
UASF_0174,field,attributes,0,0,0
UASF_0174,field,branches,0,0,0
UASF_0174,field,condition,0,0,0
UASF_0174,field,effects,0,0,0
UASF_0174,field,extensions,0,0,0
UASF_0174,field,id,0,0,0
UASF_0174,field,kind,0,0,0
UASF_0174,field,lowering,0,0,0
UASF_0174,field,semantic_facets,0,0,0
UASF_0174,field,source_span,0,0,0
UASF_0175,facet,UASF_0175,0,0,0
UASF_0175,field,attributes,0,0,0
UASF_0175,field,branches,0,0,0
UASF_0175,field,condition,0,0,0
UASF_0175,field,effects,0,0,0
UASF_0175,field,extensions,0,0,0
UASF_0175,field,id,0,0,0
UASF_0175,field,kind,0,0,0
UASF_0175,field,operands,0,0,0
UASF_0175,field,operation,0,0,0
UASF_0175,field,results,0,0,0
UASF_0175,field,semantic_facets,0,0,0
UASF_0175,field,source_span,0,0,0
UASF_0175,relation,operation.kind,0,0,0
UASF_0176,facet,UASF_0176,0,0,0
UASF_0176,field,attributes,0,0,0
UASF_0176,field,branches,0,0,0
UASF_0176,field,condition,0,0,0
UASF_0176,field,effects,0,0,0
UASF_0176,field,extensions,0,0,0
UASF_0176,field,id,0,0,0
UASF_0176,field,kind,0,0,0
UASF_0176,field,runtime_contract,0,0,0
UASF_0176,field,semantic_facets,0,0,0
UASF_0176,field,source_span,0,0,0
UASF_0176,relation,runtime.requires,0,0,0
UASF_0177,facet,UASF_0177,0,0,0
UASF_0177,field,attributes,0,0,0
UASF_0177,field,branches,0,0,0
UASF_0177,field,condition,0,0,0
UASF_0177,field,effects,0,0,0
UASF_0177,field,extensions,0,0,0
UASF_0177,field,id,0,0,0
UASF_0177,field,kind,0,0,0
UASF_0177,field,semantic_facets,0,0,0
UASF_0177,field,source_span,0,0,0
UASF_0177,field,type_ref,0,0,0
UASF_0177,field,type_shape,0,0,0
UASF_0177,relation,control.false,0,0,0
UASF_0177,relation,control.loop_back,0,0,0
UASF_0177,relation,control.next,0,0,0
UASF_0177,relation,control.true,0,0,0
UASF_0177,relation,effect.has,0,0,0
UASF_0177,relation,type.constraint,0,0,0
UASF_0177,relation,type.convert,0,0,0
UASF_0177,relation,type.has,0,0,0
UASF_0177,relation,type.origin,0,0,0
UASF_0177,relation,type.parameter,0,0,0
UASF_0177,structure,TypeAssertExpr,0,0,0
UASF_0178,facet,UASF_0178,1,1,5
UASF_0178,field,attributes,1,1,5
UASF_0178,field,binding_refs,1,1,5
UASF_0178,field,branches,1,1,5
UASF_0178,field,condition,1,1,5
UASF_0178,field,effects,1,1,5
UASF_0178,field,evaluation_order,1,1,5
UASF_0178,field,extensions,1,1,5
UASF_0178,field,id,1,1,5
UASF_0178,field,kind,1,1,5
UASF_0178,field,operands,1,1,5
UASF_0178,field,results,1,1,5
UASF_0178,field,semantic_facets,1,1,5
UASF_0178,field,source_span,1,1,5
UASF_0178,field,symbol,1,1,5
UASF_0178,relation,binding.declares,1,1,5
UASF_0178,relation,binding.refers,1,1,5
UASF_0178,relation,binding.shadows,1,1,5
UASF_0178,relation,control.false,1,1,5
UASF_0178,relation,control.loop_back,1,1,5
UASF_0178,relation,control.next,1,1,5
UASF_0178,relation,control.true,1,1,5
UASF_0178,relation,data.def_use,1,1,5
UASF_0178,relation,data.operand,1,1,5
UASF_0178,relation,data.result,1,1,5
UASF_0178,relation,evaluation.before,1,1,5
UASF_0178,relation,name.resolves,1,1,5
UASF_0178,structure,SwitchMatchStmt,1,1,5
UASF_0179,facet,UASF_0179,0,0,0
UASF_0179,field,attributes,0,0,0
UASF_0179,field,binding_refs,0,0,0
UASF_0179,field,branches,0,0,0
UASF_0179,field,condition,0,0,0
UASF_0179,field,effects,0,0,0
UASF_0179,field,evaluation_order,0,0,0
UASF_0179,field,extensions,0,0,0
UASF_0179,field,id,0,0,0
UASF_0179,field,kind,0,0,0
UASF_0179,field,operands,0,0,0
UASF_0179,field,results,0,0,0
UASF_0179,field,semantic_facets,0,0,0
UASF_0179,field,source_span,0,0,0
UASF_0179,field,symbol,0,0,0
UASF_0179,relation,binding.declares,0,0,0
UASF_0179,relation,binding.refers,0,0,0
UASF_0179,relation,binding.shadows,0,0,0
UASF_0179,relation,control.false,0,0,0
UASF_0179,relation,control.loop_back,0,0,0
UASF_0179,relation,control.next,0,0,0
UASF_0179,relation,control.true,0,0,0
UASF_0179,relation,data.def_use,0,0,0
UASF_0179,relation,data.operand,0,0,0
UASF_0179,relation,data.result,0,0,0
UASF_0179,relation,effect.has,0,0,0
UASF_0179,relation,evaluation.before,0,0,0
UASF_0179,relation,name.resolves,0,0,0
UASF_0179,structure,ForEachStmt,0,0,0
UASF_0180,facet,UASF_0180,0,0,0
UASF_0180,field,attributes,0,0,0
UASF_0180,field,branches,0,0,0
UASF_0180,field,condition,0,0,0
UASF_0180,field,effects,0,0,0
UASF_0180,field,evaluation_order,0,0,0
UASF_0180,field,extensions,0,0,0
UASF_0180,field,id,0,0,0
UASF_0180,field,kind,0,0,0
UASF_0180,field,semantic_facets,0,0,0
UASF_0180,field,source_span,0,0,0
UASF_0180,relation,control.false,0,0,0
UASF_0180,relation,control.loop_back,0,0,0
UASF_0180,relation,control.next,0,0,0
UASF_0180,relation,control.true,0,0,0
UASF_0180,relation,evaluation.before,0,0,0
UASF_0180,structure,BreakStmt,0,0,0
UASF_0180,structure,ContinueStmt,0,0,0
UASF_0180,structure,GotoLabelStmt,0,0,0
UASF_0181,facet,UASF_0181,1,1,567
UASF_0181,field,attributes,1,1,567
UASF_0181,field,branches,1,1,567
UASF_0181,field,condition,1,1,567
UASF_0181,field,effects,1,1,567
UASF_0181,field,evaluation_order,1,1,567
UASF_0181,field,extensions,1,1,567
UASF_0181,field,id,1,1,567
UASF_0181,field,kind,1,1,567
UASF_0181,field,operands,1,1,567
UASF_0181,field,results,1,1,567
UASF_0181,field,semantic_facets,1,1,567
UASF_0181,field,source_span,1,1,567
UASF_0181,relation,control.false,1,1,567
UASF_0181,relation,control.loop_back,1,1,567
UASF_0181,relation,control.next,1,1,567
UASF_0181,relation,control.true,1,1,567
UASF_0181,relation,data.def_use,1,1,567
UASF_0181,relation,data.operand,1,1,567
UASF_0181,relation,data.result,1,1,567
UASF_0181,relation,evaluation.before,1,1,567
UASF_0181,structure,ReturnStmt,1,1,567
UASF_0182,facet,UASF_0182,1,3,640
UASF_0182,field,attributes,1,3,640
UASF_0182,field,branches,1,3,640
UASF_0182,field,condition,1,3,640
UASF_0182,field,effects,1,3,640
UASF_0182,field,evaluation_order,1,3,640
UASF_0182,field,extensions,1,3,640
UASF_0182,field,id,1,3,640
UASF_0182,field,kind,1,3,640
UASF_0182,field,operands,1,3,640
UASF_0182,field,results,1,3,640
UASF_0182,field,semantic_facets,1,3,640
UASF_0182,field,source_span,1,3,640
UASF_0182,relation,control.false,1,3,640
UASF_0182,relation,control.loop_back,1,3,640
UASF_0182,relation,control.next,1,3,640
UASF_0182,relation,control.true,1,3,640
UASF_0182,relation,data.def_use,1,3,640
UASF_0182,relation,data.operand,1,3,640
UASF_0182,relation,data.result,1,3,640
UASF_0182,relation,effect.has,1,3,640
UASF_0182,relation,evaluation.before,1,3,640
UASF_0182,structure,IfStmt,1,3,640
UASF_0182,structure,LoopStmt,1,3,640
UASF_0183,facet,UASF_0183,1,4,23
UASF_0183,field,attributes,1,4,23
UASF_0183,field,branches,1,4,23
UASF_0183,field,condition,1,4,23
UASF_0183,field,effects,1,4,23
UASF_0183,field,evaluation_order,1,4,23
UASF_0183,field,extensions,1,4,23
UASF_0183,field,id,1,4,23
UASF_0183,field,kind,1,4,23
UASF_0183,field,semantic_facets,1,4,23
UASF_0183,field,source_span,1,4,23
UASF_0183,relation,control.false,1,4,23
UASF_0183,relation,control.loop_back,1,4,23
UASF_0183,relation,control.next,1,4,23
UASF_0183,relation,control.true,1,4,23
UASF_0183,relation,effect.has,1,4,23
UASF_0183,relation,evaluation.before,1,4,23
UASF_0183,structure,DeferCleanupStmt,1,4,23
UASF_0183,structure,RaisePanicStmt,1,4,23
UASF_0183,structure,TryStmt,1,4,23
UASF_0184,facet,UASF_0184,0,0,0
UASF_0184,field,attributes,0,0,0
UASF_0184,field,branches,0,0,0
UASF_0184,field,condition,0,0,0
UASF_0184,field,effects,0,0,0
UASF_0184,field,evaluation_order,0,0,0
UASF_0184,field,extensions,0,0,0
UASF_0184,field,id,0,0,0
UASF_0184,field,kind,0,0,0
UASF_0184,field,operands,0,0,0
UASF_0184,field,operation,0,0,0
UASF_0184,field,results,0,0,0
UASF_0184,field,semantic_facets,0,0,0
UASF_0184,field,source_span,0,0,0
UASF_0184,field,type_ref,0,0,0
UASF_0184,field,type_shape,0,0,0
UASF_0184,relation,evaluation.before,0,0,0
UASF_0184,relation,operation.kind,0,0,0
UASF_0185,facet,UASF_0185,0,0,0
UASF_0185,field,attributes,0,0,0
UASF_0185,field,branches,0,0,0
UASF_0185,field,condition,0,0,0
UASF_0185,field,effects,0,0,0
UASF_0185,field,evaluation_order,0,0,0
UASF_0185,field,extensions,0,0,0
UASF_0185,field,id,0,0,0
UASF_0185,field,kind,0,0,0
UASF_0185,field,runtime_contract,0,0,0
UASF_0185,field,semantic_facets,0,0,0
UASF_0185,field,source_span,0,0,0
UASF_0185,relation,evaluation.before,0,0,0
UASF_0185,relation,runtime.requires,0,0,0
UASF_0186,facet,UASF_0186,0,0,0
UASF_0186,field,attributes,0,0,0
UASF_0186,field,branches,0,0,0
UASF_0186,field,condition,0,0,0
UASF_0186,field,effects,0,0,0
UASF_0186,field,extensions,0,0,0
UASF_0186,field,id,0,0,0
UASF_0186,field,kind,0,0,0
UASF_0186,field,semantic_facets,0,0,0
UASF_0186,field,source_span,0,0,0
UASF_0186,field,type_ref,0,0,0
UASF_0186,field,type_shape,0,0,0
UASF_0187,facet,UASF_0187,0,0,0
UASF_0187,field,attributes,0,0,0
UASF_0187,field,branches,0,0,0
UASF_0187,field,condition,0,0,0
UASF_0187,field,evaluation_order,0,0,0
UASF_0187,field,extensions,0,0,0
UASF_0187,field,id,0,0,0
UASF_0187,field,kind,0,0,0
UASF_0187,field,operands,0,0,0
UASF_0187,field,operation,0,0,0
UASF_0187,field,results,0,0,0
UASF_0187,field,semantic_facets,0,0,0
UASF_0187,field,source_span,0,0,0
UASF_0187,relation,evaluation.before,0,0,0
UASF_0187,relation,operation.kind,0,0,0
UASF_0188,facet,UASF_0188,0,0,0
UASF_0188,field,attributes,0,0,0
UASF_0188,field,branches,0,0,0
UASF_0188,field,condition,0,0,0
UASF_0188,field,extensions,0,0,0
UASF_0188,field,id,0,0,0
UASF_0188,field,kind,0,0,0
UASF_0188,field,lowering,0,0,0
UASF_0188,field,runtime_contract,0,0,0
UASF_0188,field,semantic_facets,0,0,0
UASF_0188,field,source_span,0,0,0
UASF_0188,relation,runtime.requires,0,0,0
UASF_0189,facet,UASF_0189,0,0,0
UASF_0189,field,attributes,0,0,0
UASF_0189,field,branches,0,0,0
UASF_0189,field,condition,0,0,0
UASF_0189,field,extensions,0,0,0
UASF_0189,field,id,0,0,0
UASF_0189,field,kind,0,0,0
UASF_0189,field,operands,0,0,0
UASF_0189,field,operation,0,0,0
UASF_0189,field,results,0,0,0
UASF_0189,field,semantic_facets,0,0,0
UASF_0189,field,source_span,0,0,0
UASF_0189,relation,operation.kind,0,0,0
UASF_0190,facet,UASF_0190,0,0,0
UASF_0190,field,attributes,0,0,0
UASF_0190,field,branches,0,0,0
UASF_0190,field,condition,0,0,0
UASF_0190,field,extensions,0,0,0
UASF_0190,field,id,0,0,0
UASF_0190,field,kind,0,0,0
UASF_0190,field,operands,0,0,0
UASF_0190,field,operation,0,0,0
UASF_0190,field,results,0,0,0
UASF_0190,field,semantic_facets,0,0,0
UASF_0190,field,source_span,0,0,0
UASF_0190,field,type_ref,0,0,0
UASF_0190,field,type_shape,0,0,0
UASF_0190,relation,operation.kind,0,0,0
UASF_0191,facet,UASF_0191,0,0,0
UASF_0191,field,attributes,0,0,0
UASF_0191,field,conversion,0,0,0
UASF_0191,field,effects,0,0,0
UASF_0191,field,extensions,0,0,0
UASF_0191,field,id,0,0,0
UASF_0191,field,kind,0,0,0
UASF_0191,field,operands,0,0,0
UASF_0191,field,operation,0,0,0
UASF_0191,field,results,0,0,0
UASF_0191,field,runtime_contract,0,0,0
UASF_0191,field,semantic_facets,0,0,0
UASF_0191,field,source_span,0,0,0
UASF_0191,field,type_ref,0,0,0
UASF_0191,relation,conversion.converts,0,0,0
UASF_0191,relation,operation.kind,0,0,0
UASF_0191,relation,runtime.requires,0,0,0
UASF_0192,facet,UASF_0192,0,0,0
UASF_0192,field,attributes,0,0,0
UASF_0192,field,conversion,0,0,0
UASF_0192,field,evaluation_order,0,0,0
UASF_0192,field,extensions,0,0,0
UASF_0192,field,id,0,0,0
UASF_0192,field,kind,0,0,0
UASF_0192,field,operands,0,0,0
UASF_0192,field,operation,0,0,0
UASF_0192,field,results,0,0,0
UASF_0192,field,runtime_contract,0,0,0
UASF_0192,field,semantic_facets,0,0,0
UASF_0192,field,source_span,0,0,0
UASF_0192,field,type_ref,0,0,0
UASF_0192,relation,conversion.converts,0,0,0
UASF_0192,relation,evaluation.before,0,0,0
UASF_0192,relation,operation.kind,0,0,0
UASF_0192,relation,runtime.requires,0,0,0
UASF_0193,facet,UASF_0193,0,0,0
UASF_0193,field,attributes,0,0,0
UASF_0193,field,conversion,0,0,0
UASF_0193,field,extensions,0,0,0
UASF_0193,field,id,0,0,0
UASF_0193,field,kind,0,0,0
UASF_0193,field,operation,0,0,0
UASF_0193,field,semantic_facets,0,0,0
UASF_0193,field,source_span,0,0,0
UASF_0193,field,type_ref,0,0,0
UASF_0193,field,value,0,0,0
UASF_0193,field,value_category,0,0,0
UASF_0193,relation,conversion.converts,0,0,0
UASF_0193,relation,value.category,0,0,0
UASF_0194,facet,UASF_0194,0,0,0
UASF_0194,field,attributes,0,0,0
UASF_0194,field,conversion,0,0,0
UASF_0194,field,extensions,0,0,0
UASF_0194,field,id,0,0,0
UASF_0194,field,kind,0,0,0
UASF_0194,field,operands,0,0,0
UASF_0194,field,operation,0,0,0
UASF_0194,field,results,0,0,0
UASF_0194,field,semantic_facets,0,0,0
UASF_0194,field,source_span,0,0,0
UASF_0194,field,type_ref,0,0,0
UASF_0194,relation,conversion.converts,0,0,0
UASF_0194,relation,operation.kind,0,0,0
UASF_0195,facet,UASF_0195,0,0,0
UASF_0195,field,attributes,0,0,0
UASF_0195,field,conversion,0,0,0
UASF_0195,field,extensions,0,0,0
UASF_0195,field,id,0,0,0
UASF_0195,field,kind,0,0,0
UASF_0195,field,lifetime,0,0,0
UASF_0195,field,operands,0,0,0
UASF_0195,field,operation,0,0,0
UASF_0195,field,ownership,0,0,0
UASF_0195,field,results,0,0,0
UASF_0195,field,semantic_facets,0,0,0
UASF_0195,field,source_span,0,0,0
UASF_0195,field,type_ref,0,0,0
UASF_0195,field,type_shape,0,0,0
UASF_0195,relation,conversion.converts,0,0,0
UASF_0195,relation,operation.kind,0,0,0
UASF_0196,facet,UASF_0196,0,0,0
UASF_0196,field,attributes,0,0,0
UASF_0196,field,conversion,0,0,0
UASF_0196,field,extensions,0,0,0
UASF_0196,field,id,0,0,0
UASF_0196,field,kind,0,0,0
UASF_0196,field,operands,0,0,0
UASF_0196,field,operation,0,0,0
UASF_0196,field,results,0,0,0
UASF_0196,field,runtime_contract,0,0,0
UASF_0196,field,semantic_facets,0,0,0
UASF_0196,field,source_span,0,0,0
UASF_0196,field,type_ref,0,0,0
UASF_0196,relation,conversion.converts,0,0,0
UASF_0196,relation,operation.kind,0,0,0
UASF_0196,relation,runtime.requires,0,0,0
UASF_0197,facet,UASF_0197,0,0,0
UASF_0197,field,attributes,0,0,0
UASF_0197,field,conversion,0,0,0
UASF_0197,field,extensions,0,0,0
UASF_0197,field,id,0,0,0
UASF_0197,field,kind,0,0,0
UASF_0197,field,operands,0,0,0
UASF_0197,field,operation,0,0,0
UASF_0197,field,results,0,0,0
UASF_0197,field,runtime_contract,0,0,0
UASF_0197,field,semantic_facets,0,0,0
UASF_0197,field,source_span,0,0,0
UASF_0197,field,type_origin,0,0,0
UASF_0197,field,type_ref,0,0,0
UASF_0197,field,type_shape,0,0,0
UASF_0197,relation,conversion.converts,0,0,0
UASF_0197,relation,operation.kind,0,0,0
UASF_0197,relation,runtime.requires,0,0,0
UASF_0197,relation,type.origin,0,0,0
UASF_0198,facet,UASF_0198,0,0,0
UASF_0198,field,attributes,0,0,0
UASF_0198,field,conversion,0,0,0
UASF_0198,field,extensions,0,0,0
UASF_0198,field,id,0,0,0
UASF_0198,field,kind,0,0,0
UASF_0198,field,operands,0,0,0
UASF_0198,field,operation,0,0,0
UASF_0198,field,results,0,0,0
UASF_0198,field,semantic_facets,0,0,0
UASF_0198,field,source_span,0,0,0
UASF_0198,field,type_ref,0,0,0
UASF_0198,field,type_shape,0,0,0
UASF_0198,relation,conversion.converts,0,0,0
UASF_0198,relation,operation.kind,0,0,0
UASF_0199,facet,UASF_0199,0,0,0
UASF_0199,field,attributes,0,0,0
UASF_0199,field,candidates,0,0,0
UASF_0199,field,conversion,0,0,0
UASF_0199,field,dispatch,0,0,0
UASF_0199,field,extensions,0,0,0
UASF_0199,field,id,0,0,0
UASF_0199,field,kind,0,0,0
UASF_0199,field,semantic_facets,0,0,0
UASF_0199,field,source_span,0,0,0
UASF_0199,field,type_ref,0,0,0
UASF_0199,field,type_shape,0,0,0
UASF_0199,relation,conversion.converts,0,0,0
UASF_0200,facet,UASF_0200,0,0,0
UASF_0200,field,attributes,0,0,0
UASF_0200,field,conversion,0,0,0
UASF_0200,field,extensions,0,0,0
UASF_0200,field,id,0,0,0
UASF_0200,field,kind,0,0,0
UASF_0200,field,lifetime,0,0,0
UASF_0200,field,ownership,0,0,0
UASF_0200,field,provenance,0,0,0
UASF_0200,field,semantic_facets,0,0,0
UASF_0200,field,source_span,0,0,0
UASF_0200,field,storage,0,0,0
UASF_0200,field,type_ref,0,0,0
UASF_0200,relation,conversion.converts,0,0,0
UASF_0200,relation,pointer.provenance,0,0,0
UASF_0201,facet,UASF_0201,0,0,0
UASF_0201,field,attributes,0,0,0
UASF_0201,field,conversion,0,0,0
UASF_0201,field,extensions,0,0,0
UASF_0201,field,id,0,0,0
UASF_0201,field,kind,0,0,0
UASF_0201,field,runtime_contract,0,0,0
UASF_0201,field,semantic_facets,0,0,0
UASF_0201,field,source_span,0,0,0
UASF_0201,field,type_ref,0,0,0
UASF_0201,relation,conversion.converts,0,0,0
UASF_0201,relation,runtime.requires,0,0,0
UASF_0202,facet,UASF_0202,0,0,0
UASF_0202,field,attributes,0,0,0
UASF_0202,field,conversion,0,0,0
UASF_0202,field,extensions,0,0,0
UASF_0202,field,id,0,0,0
UASF_0202,field,kind,0,0,0
UASF_0202,field,semantic_facets,0,0,0
UASF_0202,field,source_span,0,0,0
UASF_0202,field,type_origin,0,0,0
UASF_0202,field,type_ref,0,0,0
UASF_0202,relation,conversion.converts,0,0,0
UASF_0202,relation,type.origin,0,0,0
UASF_0203,facet,UASF_0203,0,0,0
UASF_0203,field,attributes,0,0,0
UASF_0203,field,conversion,0,0,0
UASF_0203,field,extensions,0,0,0
UASF_0203,field,id,0,0,0
UASF_0203,field,kind,0,0,0
UASF_0203,field,semantic_facets,0,0,0
UASF_0203,field,source_span,0,0,0
UASF_0203,field,type_origin,0,0,0
UASF_0203,field,type_ref,0,0,0
UASF_0203,field,type_shape,0,0,0
UASF_0203,relation,contract.requires,0,0,0
UASF_0203,relation,conversion.converts,0,0,0
UASF_0203,relation,type.constraint,0,0,0
UASF_0203,relation,type.convert,0,0,0
UASF_0203,relation,type.has,0,0,0
UASF_0203,relation,type.origin,0,0,0
UASF_0203,relation,type.parameter,0,0,0
UASF_0203,structure,TypeConstraint,0,0,0
UASF_0203,structure,TypeInferenceFact,0,0,0
UASF_0204,facet,UASF_0204,0,0,0
UASF_0204,field,attributes,0,0,0
UASF_0204,field,candidates,0,0,0
UASF_0204,field,conversion,0,0,0
UASF_0204,field,dispatch,0,0,0
UASF_0204,field,extensions,0,0,0
UASF_0204,field,id,0,0,0
UASF_0204,field,kind,0,0,0
UASF_0204,field,semantic_facets,0,0,0
UASF_0204,field,source_span,0,0,0
UASF_0204,field,type_origin,0,0,0
UASF_0204,field,type_ref,0,0,0
UASF_0204,field,type_shape,0,0,0
UASF_0204,relation,conversion.converts,0,0,0
UASF_0204,relation,dispatch.resolves,0,0,0
UASF_0204,relation,overload.candidate,0,0,0
UASF_0204,relation,type.constraint,0,0,0
UASF_0204,relation,type.convert,0,0,0
UASF_0204,relation,type.has,0,0,0
UASF_0204,relation,type.origin,0,0,0
UASF_0204,relation,type.parameter,0,0,0
UASF_0204,structure,DispatchResolution,0,0,0
UASF_0205,facet,UASF_0205,0,0,0
UASF_0205,field,attributes,0,0,0
UASF_0205,field,conversion,0,0,0
UASF_0205,field,effects,0,0,0
UASF_0205,field,extensions,0,0,0
UASF_0205,field,id,0,0,0
UASF_0205,field,kind,0,0,0
UASF_0205,field,semantic_facets,0,0,0
UASF_0205,field,source_span,0,0,0
UASF_0205,field,type_origin,0,0,0
UASF_0205,field,type_ref,0,0,0
UASF_0205,field,type_shape,0,0,0
UASF_0205,relation,conversion.converts,0,0,0
UASF_0205,relation,effect.has,0,0,0
UASF_0205,relation,type.constraint,0,0,0
UASF_0205,relation,type.convert,0,0,0
UASF_0205,relation,type.has,0,0,0
UASF_0205,relation,type.origin,0,0,0
UASF_0205,relation,type.parameter,0,0,0
UASF_0205,structure,FunctionType,0,0,0
UASF_0205,structure,MapType,0,0,0
UASF_0206,facet,UASF_0206,1,1,5
UASF_0206,field,attributes,1,1,5
UASF_0206,field,conversion,1,1,5
UASF_0206,field,extensions,1,1,5
UASF_0206,field,id,1,1,5
UASF_0206,field,kind,1,1,5
UASF_0206,field,layout,1,1,5
UASF_0206,field,members,1,1,5
UASF_0206,field,semantic_facets,1,1,5
UASF_0206,field,source_span,1,1,5
UASF_0206,field,type_origin,1,1,5
UASF_0206,field,type_ref,1,1,5
UASF_0206,field,type_shape,1,1,5
UASF_0206,relation,conversion.converts,1,1,5
UASF_0206,relation,layout.field,1,1,5
UASF_0206,relation,type.constraint,1,1,5
UASF_0206,relation,type.convert,1,1,5
UASF_0206,relation,type.has,1,1,5
UASF_0206,relation,type.origin,1,1,5
UASF_0206,relation,type.parameter,1,1,5
UASF_0206,structure,UnionVariantType,1,1,5
UASF_0207,facet,UASF_0207,1,1,6
UASF_0207,field,attributes,1,1,6
UASF_0207,field,conversion,1,1,6
UASF_0207,field,extensions,1,1,6
UASF_0207,field,id,1,1,6
UASF_0207,field,kind,1,1,6
UASF_0207,field,lifetime,1,1,6
UASF_0207,field,ownership,1,1,6
UASF_0207,field,provenance,1,1,6
UASF_0207,field,semantic_facets,1,1,6
UASF_0207,field,source_span,1,1,6
UASF_0207,field,storage,1,1,6
UASF_0207,field,type_origin,1,1,6
UASF_0207,field,type_ref,1,1,6
UASF_0207,field,type_shape,1,1,6
UASF_0207,relation,conversion.converts,1,1,6
UASF_0207,relation,memory.aliases,1,1,6
UASF_0207,relation,memory.borrows,1,1,6
UASF_0207,relation,memory.owns,1,1,6
UASF_0207,relation,storage.resides_in,1,1,6
UASF_0207,relation,type.constraint,1,1,6
UASF_0207,relation,type.convert,1,1,6
UASF_0207,relation,type.has,1,1,6
UASF_0207,relation,type.origin,1,1,6
UASF_0207,relation,type.parameter,1,1,6
UASF_0207,structure,PointerType,1,1,6
UASF_0207,structure,ReferenceType,1,1,6
UASF_0208,facet,UASF_0208,1,2,11
UASF_0208,field,attributes,1,2,11
UASF_0208,field,conversion,1,2,11
UASF_0208,field,extensions,1,2,11
UASF_0208,field,id,1,2,11
UASF_0208,field,kind,1,2,11
UASF_0208,field,semantic_facets,1,2,11
UASF_0208,field,source_span,1,2,11
UASF_0208,field,type_origin,1,2,11
UASF_0208,field,type_ref,1,2,11
UASF_0208,field,type_shape,1,2,11
UASF_0208,relation,conversion.converts,1,2,11
UASF_0208,relation,type.constraint,1,2,11
UASF_0208,relation,type.convert,1,2,11
UASF_0208,relation,type.has,1,2,11
UASF_0208,relation,type.origin,1,2,11
UASF_0208,relation,type.parameter,1,2,11
UASF_0208,structure,ArraySliceType,1,2,11
UASF_0208,structure,BoolType,1,2,11
UASF_0208,structure,FloatType,1,2,11
UASF_0208,structure,IntegerType,1,2,11
UASF_0208,structure,OptionalType,1,2,11
UASF_0208,structure,StringType,1,2,11
UASF_0208,structure,TupleType,1,2,11
UASF_0208,structure,TypeRelation,1,2,11
UASF_0209,facet,UASF_0209,0,0,0
UASF_0209,field,attributes,0,0,0
UASF_0209,field,conversion,0,0,0
UASF_0209,field,extensions,0,0,0
UASF_0209,field,id,0,0,0
UASF_0209,field,kind,0,0,0
UASF_0209,field,semantic_facets,0,0,0
UASF_0209,field,source_span,0,0,0
UASF_0209,field,type_ref,0,0,0
UASF_0209,field,type_shape,0,0,0
UASF_0209,relation,conversion.converts,0,0,0
UASF_0210,facet,UASF_0210,0,0,0
UASF_0210,field,attributes,0,0,0
UASF_0210,field,coroutine_state,0,0,0
UASF_0210,field,evaluation_order,0,0,0
UASF_0210,field,extensions,0,0,0
UASF_0210,field,id,0,0,0
UASF_0210,field,kind,0,0,0
UASF_0210,field,operands,0,0,0
UASF_0210,field,operation,0,0,0
UASF_0210,field,results,0,0,0
UASF_0210,field,semantic_facets,0,0,0
UASF_0210,field,source_span,0,0,0
UASF_0210,relation,coroutine.suspends,0,0,0
UASF_0210,relation,evaluation.before,0,0,0
UASF_0210,relation,operation.kind,0,0,0
UASF_0211,facet,UASF_0211,0,0,0
UASF_0211,field,attributes,0,0,0
UASF_0211,field,effects,0,0,0
UASF_0211,field,extensions,0,0,0
UASF_0211,field,id,0,0,0
UASF_0211,field,kind,0,0,0
UASF_0211,field,lifetime,0,0,0
UASF_0211,field,memory_model,0,0,0
UASF_0211,field,operands,0,0,0
UASF_0211,field,ownership,0,0,0
UASF_0211,field,results,0,0,0
UASF_0211,field,runtime_contract,0,0,0
UASF_0211,field,semantic_facets,0,0,0
UASF_0211,field,source_span,0,0,0
UASF_0211,relation,runtime.requires,0,0,0
UASF_0212,facet,UASF_0212,0,0,0
UASF_0212,field,attributes,0,0,0
UASF_0212,field,effects,0,0,0
UASF_0212,field,extensions,0,0,0
UASF_0212,field,id,0,0,0
UASF_0212,field,kind,0,0,0
UASF_0212,field,lifetime,0,0,0
UASF_0212,field,operands,0,0,0
UASF_0212,field,operation,0,0,0
UASF_0212,field,ownership,0,0,0
UASF_0212,field,results,0,0,0
UASF_0212,field,runtime_contract,0,0,0
UASF_0212,field,semantic_facets,0,0,0
UASF_0212,field,source_span,0,0,0
UASF_0212,relation,operation.kind,0,0,0
UASF_0212,relation,runtime.requires,0,0,0
UASF_0213,facet,UASF_0213,1,1,198
UASF_0213,field,attributes,1,1,198
UASF_0213,field,effects,1,1,198
UASF_0213,field,extensions,1,1,198
UASF_0213,field,id,1,1,198
UASF_0213,field,kind,1,1,198
UASF_0213,field,operands,1,1,198
UASF_0213,field,results,1,1,198
UASF_0213,field,runtime_contract,1,1,198
UASF_0213,field,semantic_facets,1,1,198
UASF_0213,field,source_span,1,1,198
UASF_0213,relation,runtime.requires,1,1,198
UASF_0214,facet,UASF_0214,0,0,0
UASF_0214,field,attributes,0,0,0
UASF_0214,field,effects,0,0,0
UASF_0214,field,extensions,0,0,0
UASF_0214,field,id,0,0,0
UASF_0214,field,kind,0,0,0
UASF_0214,field,operands,0,0,0
UASF_0214,field,results,0,0,0
UASF_0214,field,semantic_facets,0,0,0
UASF_0214,field,source_span,0,0,0
UASF_0214,field,type_ref,0,0,0
UASF_0214,field,type_shape,0,0,0
UASF_0214,relation,data.def_use,0,0,0
UASF_0214,relation,data.operand,0,0,0
UASF_0214,relation,data.result,0,0,0
UASF_0214,relation,effect.has,0,0,0
UASF_0214,relation,type.constraint,0,0,0
UASF_0214,relation,type.convert,0,0,0
UASF_0214,relation,type.has,0,0,0
UASF_0214,relation,type.origin,0,0,0
UASF_0214,relation,type.parameter,0,0,0
UASF_0214,structure,MapIndexExpr,0,0,0
UASF_0214,structure,MapType,0,0,0
UASF_0215,facet,UASF_0215,0,0,0
UASF_0215,field,attributes,0,0,0
UASF_0215,field,effects,0,0,0
UASF_0215,field,evaluation_order,0,0,0
UASF_0215,field,extensions,0,0,0
UASF_0215,field,id,0,0,0
UASF_0215,field,kind,0,0,0
UASF_0215,field,operands,0,0,0
UASF_0215,field,operation,0,0,0
UASF_0215,field,results,0,0,0
UASF_0215,field,semantic_facets,0,0,0
UASF_0215,field,source_span,0,0,0
UASF_0215,field,value,0,0,0
UASF_0215,relation,evaluation.before,0,0,0
UASF_0215,relation,operation.kind,0,0,0
UASF_0216,facet,UASF_0216,0,0,0
UASF_0216,field,attributes,0,0,0
UASF_0216,field,binding_refs,0,0,0
UASF_0216,field,evaluation_order,0,0,0
UASF_0216,field,extensions,0,0,0
UASF_0216,field,id,0,0,0
UASF_0216,field,kind,0,0,0
UASF_0216,field,name,0,0,0
UASF_0216,field,operands,0,0,0
UASF_0216,field,results,0,0,0
UASF_0216,field,runtime_contract,0,0,0
UASF_0216,field,scope_id,0,0,0
UASF_0216,field,semantic_facets,0,0,0
UASF_0216,field,source_span,0,0,0
UASF_0216,relation,evaluation.before,0,0,0
UASF_0216,relation,runtime.requires,0,0,0
UASF_0217,facet,UASF_0217,1,4,81
UASF_0217,field,attributes,1,4,81
UASF_0217,field,binding_refs,1,4,81
UASF_0217,field,effects,1,4,81
UASF_0217,field,evaluation_order,1,4,81
UASF_0217,field,extensions,1,4,81
UASF_0217,field,id,1,4,81
UASF_0217,field,kind,1,4,81
UASF_0217,field,operands,1,4,81
UASF_0217,field,operation,1,4,81
UASF_0217,field,results,1,4,81
UASF_0217,field,semantic_facets,1,4,81
UASF_0217,field,source_span,1,4,81
UASF_0217,field,symbol,1,4,81
UASF_0217,field,value,1,4,81
UASF_0217,relation,binding.declares,1,4,81
UASF_0217,relation,binding.refers,1,4,81
UASF_0217,relation,binding.shadows,1,4,81
UASF_0217,relation,capture.captures,1,4,81
UASF_0217,relation,effect.has,1,4,81
UASF_0217,relation,evaluation.before,1,4,81
UASF_0217,relation,name.resolves,1,4,81
UASF_0217,relation,operation.kind,1,4,81
UASF_0217,structure,ClosureExpr,1,4,81
UASF_0218,facet,UASF_0218,1,1,6
UASF_0218,field,attributes,1,1,6
UASF_0218,field,binding_refs,1,1,6
UASF_0218,field,branches,1,1,6
UASF_0218,field,condition,1,1,6
UASF_0218,field,evaluation_order,1,1,6
UASF_0218,field,extensions,1,1,6
UASF_0218,field,id,1,1,6
UASF_0218,field,kind,1,1,6
UASF_0218,field,operands,1,1,6
UASF_0218,field,operation,1,1,6
UASF_0218,field,results,1,1,6
UASF_0218,field,semantic_facets,1,1,6
UASF_0218,field,source_span,1,1,6
UASF_0218,field,symbol,1,1,6
UASF_0218,field,value,1,1,6
UASF_0218,relation,binding.declares,1,1,6
UASF_0218,relation,binding.refers,1,1,6
UASF_0218,relation,binding.shadows,1,1,6
UASF_0218,relation,control.false,1,1,6
UASF_0218,relation,control.loop_back,1,1,6
UASF_0218,relation,control.next,1,1,6
UASF_0218,relation,control.true,1,1,6
UASF_0218,relation,data.def_use,1,1,6
UASF_0218,relation,data.operand,1,1,6
UASF_0218,relation,data.result,1,1,6
UASF_0218,relation,evaluation.before,1,1,6
UASF_0218,relation,name.resolves,1,1,6
UASF_0218,relation,operation.kind,1,1,6
UASF_0218,structure,ComprehensionExpr,1,1,6
UASF_0219,facet,UASF_0219,1,3,612
UASF_0219,field,attributes,1,3,612
UASF_0219,field,binding_refs,1,3,612
UASF_0219,field,evaluation_order,1,3,612
UASF_0219,field,extensions,1,3,612
UASF_0219,field,id,1,3,612
UASF_0219,field,kind,1,3,612
UASF_0219,field,operands,1,3,612
UASF_0219,field,operation,1,3,612
UASF_0219,field,results,1,3,612
UASF_0219,field,semantic_facets,1,3,612
UASF_0219,field,source_span,1,3,612
UASF_0219,field,symbol,1,3,612
UASF_0219,field,value,1,3,612
UASF_0219,relation,binding.declares,1,3,612
UASF_0219,relation,binding.refers,1,3,612
UASF_0219,relation,binding.shadows,1,3,612
UASF_0219,relation,data.def_use,1,3,612
UASF_0219,relation,data.operand,1,3,612
UASF_0219,relation,data.result,1,3,612
UASF_0219,relation,evaluation.before,1,3,612
UASF_0219,relation,name.resolves,1,3,612
UASF_0219,relation,operation.kind,1,3,612
UASF_0219,structure,BindingPattern,1,3,612
UASF_0219,structure,MemberAccessExpr,1,3,612
UASF_0219,structure,SymbolRef,1,3,612
UASF_0220,facet,UASF_0220,1,1,643
UASF_0220,field,attributes,1,1,643
UASF_0220,field,binding_refs,1,1,643
UASF_0220,field,effects,1,1,643
UASF_0220,field,evaluation_order,1,1,643
UASF_0220,field,extensions,1,1,643
UASF_0220,field,id,1,1,643
UASF_0220,field,kind,1,1,643
UASF_0220,field,operands,1,1,643
UASF_0220,field,operation,1,1,643
UASF_0220,field,results,1,1,643
UASF_0220,field,semantic_facets,1,1,643
UASF_0220,field,source_span,1,1,643
UASF_0220,field,symbol,1,1,643
UASF_0220,field,value,1,1,643
UASF_0220,relation,binding.declares,1,1,643
UASF_0220,relation,binding.refers,1,1,643
UASF_0220,relation,binding.shadows,1,1,643
UASF_0220,relation,data.def_use,1,1,643
UASF_0220,relation,data.operand,1,1,643
UASF_0220,relation,data.result,1,1,643
UASF_0220,relation,effect.has,1,1,643
UASF_0220,relation,evaluation.before,1,1,643
UASF_0220,relation,name.resolves,1,1,643
UASF_0220,relation,operation.kind,1,1,643
UASF_0220,structure,AssignStmt,1,1,643
UASF_0221,facet,UASF_0221,0,0,0
UASF_0221,field,arguments,0,0,0
UASF_0221,field,attributes,0,0,0
UASF_0221,field,callee,0,0,0
UASF_0221,field,effects,0,0,0
UASF_0221,field,evaluation_order,0,0,0
UASF_0221,field,extensions,0,0,0
UASF_0221,field,id,0,0,0
UASF_0221,field,kind,0,0,0
UASF_0221,field,operands,0,0,0
UASF_0221,field,operation,0,0,0
UASF_0221,field,results,0,0,0
UASF_0221,field,semantic_facets,0,0,0
UASF_0221,field,source_span,0,0,0
UASF_0221,field,value,0,0,0
UASF_0221,relation,call.calls,0,0,0
UASF_0221,relation,data.def_use,0,0,0
UASF_0221,relation,data.operand,0,0,0
UASF_0221,relation,data.result,0,0,0
UASF_0221,relation,effect.has,0,0,0
UASF_0221,relation,evaluation.before,0,0,0
UASF_0221,relation,operation.kind,0,0,0
UASF_0221,structure,CallExpr,0,0,0
UASF_0222,facet,UASF_0222,1,1,4
UASF_0222,field,attributes,1,1,4
UASF_0222,field,branches,1,1,4
UASF_0222,field,concurrency_contract,1,1,4
UASF_0222,field,condition,1,1,4
UASF_0222,field,effects,1,1,4
UASF_0222,field,evaluation_order,1,1,4
UASF_0222,field,extensions,1,1,4
UASF_0222,field,id,1,1,4
UASF_0222,field,kind,1,1,4
UASF_0222,field,memory_order,1,1,4
UASF_0222,field,operands,1,1,4
UASF_0222,field,operation,1,1,4
UASF_0222,field,results,1,1,4
UASF_0222,field,semantic_facets,1,1,4
UASF_0222,field,source_span,1,1,4
UASF_0222,field,synchronization,1,1,4
UASF_0222,field,value,1,1,4
UASF_0222,relation,concurrency.atomic_order,1,1,4
UASF_0222,relation,concurrency.communicates,1,1,4
UASF_0222,relation,concurrency.spawns,1,1,4
UASF_0222,relation,concurrency.synchronizes,1,1,4
UASF_0222,relation,control.false,1,1,4
UASF_0222,relation,control.loop_back,1,1,4
UASF_0222,relation,control.next,1,1,4
UASF_0222,relation,control.true,1,1,4
UASF_0222,relation,effect.has,1,1,4
UASF_0222,relation,evaluation.before,1,1,4
UASF_0222,relation,operation.kind,1,1,4
UASF_0222,structure,AwaitExpr,1,1,4
UASF_0223,facet,UASF_0223,1,1,6
UASF_0223,field,attributes,1,1,6
UASF_0223,field,branches,1,1,6
UASF_0223,field,condition,1,1,6
UASF_0223,field,effects,1,1,6
UASF_0223,field,evaluation_order,1,1,6
UASF_0223,field,extensions,1,1,6
UASF_0223,field,id,1,1,6
UASF_0223,field,kind,1,1,6
UASF_0223,field,operands,1,1,6
UASF_0223,field,operation,1,1,6
UASF_0223,field,results,1,1,6
UASF_0223,field,semantic_facets,1,1,6
UASF_0223,field,source_span,1,1,6
UASF_0223,field,value,1,1,6
UASF_0223,relation,control.false,1,1,6
UASF_0223,relation,control.loop_back,1,1,6
UASF_0223,relation,control.next,1,1,6
UASF_0223,relation,control.true,1,1,6
UASF_0223,relation,effect.has,1,1,6
UASF_0223,relation,evaluation.before,1,1,6
UASF_0223,relation,operation.kind,1,1,6
UASF_0223,structure,YieldExpr,1,1,6
UASF_0224,facet,UASF_0224,0,0,0
UASF_0224,field,attributes,0,0,0
UASF_0224,field,evaluation_order,0,0,0
UASF_0224,field,extensions,0,0,0
UASF_0224,field,id,0,0,0
UASF_0224,field,kind,0,0,0
UASF_0224,field,operands,0,0,0
UASF_0224,field,operation,0,0,0
UASF_0224,field,results,0,0,0
UASF_0224,field,semantic_facets,0,0,0
UASF_0224,field,source_span,0,0,0
UASF_0224,field,value,0,0,0
UASF_0224,relation,data.def_use,0,0,0
UASF_0224,relation,data.operand,0,0,0
UASF_0224,relation,data.result,0,0,0
UASF_0224,relation,evaluation.before,0,0,0
UASF_0224,relation,operation.kind,0,0,0
UASF_0224,structure,AggregateExpr,0,0,0
UASF_0224,structure,LiteralExpr,0,0,0
UASF_0224,structure,TupleExpr,0,0,0
UASF_0225,facet,UASF_0225,0,0,0
UASF_0225,field,attributes,0,0,0
UASF_0225,field,effects,0,0,0
UASF_0225,field,evaluation_order,0,0,0
UASF_0225,field,extensions,0,0,0
UASF_0225,field,id,0,0,0
UASF_0225,field,kind,0,0,0
UASF_0225,field,operands,0,0,0
UASF_0225,field,operation,0,0,0
UASF_0225,field,results,0,0,0
UASF_0225,field,semantic_facets,0,0,0
UASF_0225,field,source_span,0,0,0
UASF_0225,field,value,0,0,0
UASF_0225,relation,data.def_use,0,0,0
UASF_0225,relation,data.operand,0,0,0
UASF_0225,relation,data.result,0,0,0
UASF_0225,relation,effect.has,0,0,0
UASF_0225,relation,evaluation.before,0,0,0
UASF_0225,relation,operation.kind,0,0,0
UASF_0225,structure,AggregateExpr,0,0,0
UASF_0225,structure,IndexExpr,0,0,0
UASF_0225,structure,OperationExpr,0,0,0
UASF_0225,structure,SliceExpr,0,0,0
UASF_0226,facet,UASF_0226,0,0,0
UASF_0226,field,attributes,0,0,0
UASF_0226,field,evaluation_order,0,0,0
UASF_0226,field,extensions,0,0,0
UASF_0226,field,id,0,0,0
UASF_0226,field,kind,0,0,0
UASF_0226,field,operands,0,0,0
UASF_0226,field,operation,0,0,0
UASF_0226,field,results,0,0,0
UASF_0226,field,semantic_facets,0,0,0
UASF_0226,field,source_span,0,0,0
UASF_0226,field,type_ref,0,0,0
UASF_0226,field,value,0,0,0
UASF_0226,relation,data.def_use,0,0,0
UASF_0226,relation,data.operand,0,0,0
UASF_0226,relation,data.result,0,0,0
UASF_0226,relation,evaluation.before,0,0,0
UASF_0226,relation,operation.kind,0,0,0
UASF_0226,relation,type.constraint,0,0,0
UASF_0226,relation,type.convert,0,0,0
UASF_0226,relation,type.has,0,0,0
UASF_0226,relation,type.origin,0,0,0
UASF_0226,relation,type.parameter,0,0,0
UASF_0226,structure,ConvertExpr,0,0,0
UASF_0227,facet,UASF_0227,0,0,0
UASF_0227,field,attributes,0,0,0
UASF_0227,field,evaluation_order,0,0,0
UASF_0227,field,extensions,0,0,0
UASF_0227,field,id,0,0,0
UASF_0227,field,kind,0,0,0
UASF_0227,field,operands,0,0,0
UASF_0227,field,operation,0,0,0
UASF_0227,field,results,0,0,0
UASF_0227,field,runtime_contract,0,0,0
UASF_0227,field,semantic_facets,0,0,0
UASF_0227,field,source_span,0,0,0
UASF_0227,field,value,0,0,0
UASF_0227,relation,evaluation.before,0,0,0
UASF_0227,relation,runtime.requires,0,0,0
UASF_0228,facet,UASF_0228,0,0,0
UASF_0228,field,attributes,0,0,0
UASF_0228,field,evaluation_order,0,0,0
UASF_0228,field,extensions,0,0,0
UASF_0228,field,id,0,0,0
UASF_0228,field,kind,0,0,0
UASF_0228,field,operands,0,0,0
UASF_0228,field,operation,0,0,0
UASF_0228,field,results,0,0,0
UASF_0228,field,runtime_contract,0,0,0
UASF_0228,field,semantic_facets,0,0,0
UASF_0228,field,source_span,0,0,0
UASF_0228,relation,evaluation.before,0,0,0
UASF_0228,relation,operation.kind,0,0,0
UASF_0228,relation,runtime.requires,0,0,0
UASF_0229,facet,UASF_0229,0,0,0
UASF_0229,field,attributes,0,0,0
UASF_0229,field,evaluation_order,0,0,0
UASF_0229,field,extensions,0,0,0
UASF_0229,field,id,0,0,0
UASF_0229,field,kind,0,0,0
UASF_0229,field,operands,0,0,0
UASF_0229,field,operation,0,0,0
UASF_0229,field,results,0,0,0
UASF_0229,field,runtime_contract,0,0,0
UASF_0229,field,semantic_facets,0,0,0
UASF_0229,field,source_span,0,0,0
UASF_0229,field,type_ref,0,0,0
UASF_0229,field,type_shape,0,0,0
UASF_0229,relation,evaluation.before,0,0,0
UASF_0229,relation,operation.kind,0,0,0
UASF_0229,relation,runtime.requires,0,0,0
UASF_0230,facet,UASF_0230,0,0,0
UASF_0230,field,attributes,0,0,0
UASF_0230,field,extensions,0,0,0
UASF_0230,field,id,0,0,0
UASF_0230,field,kind,0,0,0
UASF_0230,field,lifetime,0,0,0
UASF_0230,field,memory_model,0,0,0
UASF_0230,field,operands,0,0,0
UASF_0230,field,ownership,0,0,0
UASF_0230,field,results,0,0,0
UASF_0230,field,runtime_contract,0,0,0
UASF_0230,field,semantic_facets,0,0,0
UASF_0230,field,source_span,0,0,0
UASF_0230,relation,runtime.requires,0,0,0
UASF_0231,facet,UASF_0231,0,0,0
UASF_0231,field,attributes,0,0,0
UASF_0231,field,extensions,0,0,0
UASF_0231,field,id,0,0,0
UASF_0231,field,kind,0,0,0
UASF_0231,field,lifetime,0,0,0
UASF_0231,field,memory_model,0,0,0
UASF_0231,field,operands,0,0,0
UASF_0231,field,ownership,0,0,0
UASF_0231,field,provenance,0,0,0
UASF_0231,field,results,0,0,0
UASF_0231,field,semantic_facets,0,0,0
UASF_0231,field,source_span,0,0,0
UASF_0231,field,storage,0,0,0
UASF_0231,field,type_ref,0,0,0
UASF_0231,field,type_shape,0,0,0
UASF_0231,relation,data.def_use,0,0,0
UASF_0231,relation,data.operand,0,0,0
UASF_0231,relation,data.result,0,0,0
UASF_0231,relation,memory.aliases,0,0,0
UASF_0231,relation,memory.borrows,0,0,0
UASF_0231,relation,memory.owns,0,0,0
UASF_0231,relation,storage.resides_in,0,0,0
UASF_0231,relation,type.constraint,0,0,0
UASF_0231,relation,type.convert,0,0,0
UASF_0231,relation,type.has,0,0,0
UASF_0231,relation,type.origin,0,0,0
UASF_0231,relation,type.parameter,0,0,0
UASF_0231,structure,AddressOf,0,0,0
UASF_0231,structure,Deref,0,0,0
UASF_0231,structure,PointerType,0,0,0
UASF_0231,structure,SliceExpr,0,0,0
UASF_0231,structure,SliceType,0,0,0
UASF_0232,facet,UASF_0232,1,1,474
UASF_0232,field,attributes,1,1,474
UASF_0232,field,extensions,1,1,474
UASF_0232,field,id,1,1,474
UASF_0232,field,kind,1,1,474
UASF_0232,field,operands,1,1,474
UASF_0232,field,operation,1,1,474
UASF_0232,field,results,1,1,474
UASF_0232,field,runtime_contract,1,1,474
UASF_0232,field,semantic_facets,1,1,474
UASF_0232,field,source_span,1,1,474
UASF_0232,relation,operation.kind,1,1,474
UASF_0232,relation,runtime.requires,1,1,474
UASF_0233,facet,UASF_0233,1,1,601
UASF_0233,field,attributes,1,1,601
UASF_0233,field,binding_refs,1,1,601
UASF_0233,field,extensions,1,1,601
UASF_0233,field,id,1,1,601
UASF_0233,field,kind,1,1,601
UASF_0233,field,operands,1,1,601
UASF_0233,field,operation,1,1,601
UASF_0233,field,results,1,1,601
UASF_0233,field,runtime_contract,1,1,601
UASF_0233,field,scope_id,1,1,601
UASF_0233,field,semantic_facets,1,1,601
UASF_0233,field,source_span,1,1,601
UASF_0233,relation,operation.kind,1,1,601
UASF_0233,relation,runtime.requires,1,1,601
UASF_0234,facet,UASF_0234,0,0,0
UASF_0234,field,attributes,0,0,0
UASF_0234,field,extensions,0,0,0
UASF_0234,field,id,0,0,0
UASF_0234,field,kind,0,0,0
UASF_0234,field,operands,0,0,0
UASF_0234,field,operation,0,0,0
UASF_0234,field,results,0,0,0
UASF_0234,field,runtime_contract,0,0,0
UASF_0234,field,semantic_facets,0,0,0
UASF_0234,field,source_span,0,0,0
UASF_0234,field,type_ref,0,0,0
UASF_0234,field,type_shape,0,0,0
UASF_0234,relation,operation.kind,0,0,0
UASF_0234,relation,runtime.requires,0,0,0
UASF_0235,facet,UASF_0235,0,0,0
UASF_0235,field,attributes,0,0,0
UASF_0235,field,extensions,0,0,0
UASF_0235,field,id,0,0,0
UASF_0235,field,kind,0,0,0
UASF_0235,field,lifetime,0,0,0
UASF_0235,field,operands,0,0,0
UASF_0235,field,ownership,0,0,0
UASF_0235,field,results,0,0,0
UASF_0235,field,semantic_facets,0,0,0
UASF_0235,field,source_span,0,0,0
UASF_0235,field,type_ref,0,0,0
UASF_0235,field,type_shape,0,0,0
UASF_0236,facet,UASF_0236,0,0,0
UASF_0236,field,attributes,0,0,0
UASF_0236,field,extensions,0,0,0
UASF_0236,field,id,0,0,0
UASF_0236,field,kind,0,0,0
UASF_0236,field,operands,0,0,0
UASF_0236,field,results,0,0,0
UASF_0236,field,semantic_facets,0,0,0
UASF_0236,field,source_span,0,0,0
UASF_0236,field,type_ref,0,0,0
UASF_0236,field,type_shape,0,0,0
UASF_0236,relation,data.def_use,0,0,0
UASF_0236,relation,data.operand,0,0,0
UASF_0236,relation,data.result,0,0,0
UASF_0236,relation,type.constraint,0,0,0
UASF_0236,relation,type.convert,0,0,0
UASF_0236,relation,type.has,0,0,0
UASF_0236,relation,type.origin,0,0,0
UASF_0236,relation,type.parameter,0,0,0
UASF_0236,structure,NilLiteral,0,0,0
UASF_0237,facet,UASF_0237,1,1,78
UASF_0237,field,attributes,1,1,78
UASF_0237,field,binding_refs,1,1,78
UASF_0237,field,dialect,1,1,78
UASF_0237,field,effects,1,1,78
UASF_0237,field,extensions,1,1,78
UASF_0237,field,id,1,1,78
UASF_0237,field,kind,1,1,78
UASF_0237,field,name,1,1,78
UASF_0237,field,operands,1,1,78
UASF_0237,field,operation,1,1,78
UASF_0237,field,results,1,1,78
UASF_0237,field,runtime_contract,1,1,78
UASF_0237,field,scope_id,1,1,78
UASF_0237,field,semantic_facets,1,1,78
UASF_0237,field,source_span,1,1,78
UASF_0237,relation,dialect.requires,1,1,78
UASF_0237,relation,operation.kind,1,1,78
UASF_0237,relation,runtime.requires,1,1,78
UASF_0238,facet,UASF_0238,0,0,0
UASF_0238,field,attributes,0,0,0
UASF_0238,field,dialect,0,0,0
UASF_0238,field,effects,0,0,0
UASF_0238,field,extensions,0,0,0
UASF_0238,field,id,0,0,0
UASF_0238,field,kind,0,0,0
UASF_0238,field,operands,0,0,0
UASF_0238,field,operation,0,0,0
UASF_0238,field,results,0,0,0
UASF_0238,field,runtime_contract,0,0,0
UASF_0238,field,semantic_facets,0,0,0
UASF_0238,field,source_span,0,0,0
UASF_0238,relation,dialect.requires,0,0,0
UASF_0238,relation,operation.kind,0,0,0
UASF_0238,relation,runtime.requires,0,0,0
UASF_0239,facet,UASF_0239,1,1,163
UASF_0239,field,attributes,1,1,163
UASF_0239,field,binding_refs,1,1,163
UASF_0239,field,dialect,1,1,163
UASF_0239,field,evaluation_order,1,1,163
UASF_0239,field,extensions,1,1,163
UASF_0239,field,id,1,1,163
UASF_0239,field,kind,1,1,163
UASF_0239,field,operands,1,1,163
UASF_0239,field,operation,1,1,163
UASF_0239,field,results,1,1,163
UASF_0239,field,runtime_contract,1,1,163
UASF_0239,field,scope_id,1,1,163
UASF_0239,field,semantic_facets,1,1,163
UASF_0239,field,source_span,1,1,163
UASF_0239,field,value,1,1,163
UASF_0239,relation,dialect.requires,1,1,163
UASF_0239,relation,evaluation.before,1,1,163
UASF_0239,relation,operation.kind,1,1,163
UASF_0239,relation,runtime.requires,1,1,163
UASF_0240,facet,UASF_0240,0,0,0
UASF_0240,field,attributes,0,0,0
UASF_0240,field,dialect,0,0,0
UASF_0240,field,extensions,0,0,0
UASF_0240,field,id,0,0,0
UASF_0240,field,kind,0,0,0
UASF_0240,field,memory_model,0,0,0
UASF_0240,field,runtime_contract,0,0,0
UASF_0240,field,semantic_facets,0,0,0
UASF_0240,field,source_span,0,0,0
UASF_0240,field,type_ref,0,0,0
UASF_0240,field,type_shape,0,0,0
UASF_0240,relation,dialect.requires,0,0,0
UASF_0240,relation,runtime.requires,0,0,0
UASF_0241,facet,UASF_0241,1,1,42
UASF_0241,field,attributes,1,1,42
UASF_0241,field,binding_refs,1,1,42
UASF_0241,field,dialect,1,1,42
UASF_0241,field,extensions,1,1,42
UASF_0241,field,id,1,1,42
UASF_0241,field,kind,1,1,42
UASF_0241,field,name,1,1,42
UASF_0241,field,operands,1,1,42
UASF_0241,field,operation,1,1,42
UASF_0241,field,results,1,1,42
UASF_0241,field,runtime_contract,1,1,42
UASF_0241,field,scope_id,1,1,42
UASF_0241,field,semantic_facets,1,1,42
UASF_0241,field,source_span,1,1,42
UASF_0241,field,type_ref,1,1,42
UASF_0241,field,type_shape,1,1,42
UASF_0241,relation,dialect.requires,1,1,42
UASF_0241,relation,operation.kind,1,1,42
UASF_0241,relation,runtime.requires,1,1,42
UASF_0242,facet,UASF_0242,0,0,0
UASF_0242,field,attributes,0,0,0
UASF_0242,field,dialect,0,0,0
UASF_0242,field,extensions,0,0,0
UASF_0242,field,id,0,0,0
UASF_0242,field,kind,0,0,0
UASF_0242,field,name,0,0,0
UASF_0242,field,runtime_contract,0,0,0
UASF_0242,field,semantic_facets,0,0,0
UASF_0242,field,source_span,0,0,0
UASF_0242,field,type_ref,0,0,0
UASF_0242,field,type_shape,0,0,0
UASF_0242,relation,dialect.requires,0,0,0
UASF_0242,relation,runtime.requires,0,0,0
UASF_0243,facet,UASF_0243,0,0,0
UASF_0243,field,attributes,0,0,0
UASF_0243,field,dialect,0,0,0
UASF_0243,field,extensions,0,0,0
UASF_0243,field,id,0,0,0
UASF_0243,field,kind,0,0,0
UASF_0243,field,operands,0,0,0
UASF_0243,field,operation,0,0,0
UASF_0243,field,results,0,0,0
UASF_0243,field,runtime_contract,0,0,0
UASF_0243,field,semantic_facets,0,0,0
UASF_0243,field,source_span,0,0,0
UASF_0243,field,type_ref,0,0,0
UASF_0243,field,type_shape,0,0,0
UASF_0243,field,value,0,0,0
UASF_0243,relation,dialect.requires,0,0,0
UASF_0243,relation,operation.kind,0,0,0
UASF_0243,relation,runtime.requires,0,0,0
UASF_0244,facet,UASF_0244,0,0,0
UASF_0244,field,attributes,0,0,0
UASF_0244,field,dialect,0,0,0
UASF_0244,field,extensions,0,0,0
UASF_0244,field,id,0,0,0
UASF_0244,field,kind,0,0,0
UASF_0244,field,operation,0,0,0
UASF_0244,field,runtime_contract,0,0,0
UASF_0244,field,semantic_facets,0,0,0
UASF_0244,field,source_span,0,0,0
UASF_0244,field,value,0,0,0
UASF_0244,relation,dialect.requires,0,0,0
UASF_0244,relation,runtime.requires,0,0,0
UASF_0245,facet,UASF_0245,0,0,0
UASF_0245,field,attributes,0,0,0
UASF_0245,field,dialect,0,0,0
UASF_0245,field,extensions,0,0,0
UASF_0245,field,id,0,0,0
UASF_0245,field,kind,0,0,0
UASF_0245,field,runtime_contract,0,0,0
UASF_0245,field,semantic_facets,0,0,0
UASF_0245,field,source_span,0,0,0
UASF_0245,relation,dialect.requires,0,0,0
UASF_0245,relation,runtime.requires,0,0,0
UASF_0246,facet,UASF_0246,0,0,0
UASF_0246,field,attributes,0,0,0
UASF_0246,field,effects,0,0,0
UASF_0246,field,extensions,0,0,0
UASF_0246,field,id,0,0,0
UASF_0246,field,kind,0,0,0
UASF_0246,field,lifetime,0,0,0
UASF_0246,field,memory_model,0,0,0
UASF_0246,field,semantic_facets,0,0,0
UASF_0246,field,source_span,0,0,0
UASF_0247,facet,UASF_0247,0,0,0
UASF_0247,field,attributes,0,0,0
UASF_0247,field,effects,0,0,0
UASF_0247,field,extensions,0,0,0
UASF_0247,field,id,0,0,0
UASF_0247,field,kind,0,0,0
UASF_0247,field,lifetime,0,0,0
UASF_0247,field,memory_model,0,0,0
UASF_0247,field,ownership,0,0,0
UASF_0247,field,runtime_contract,0,0,0
UASF_0247,field,semantic_facets,0,0,0
UASF_0247,field,source_span,0,0,0
UASF_0247,relation,runtime.requires,0,0,0
UASF_0248,facet,UASF_0248,0,0,0
UASF_0248,field,attributes,0,0,0
UASF_0248,field,effects,0,0,0
UASF_0248,field,extensions,0,0,0
UASF_0248,field,id,0,0,0
UASF_0248,field,kind,0,0,0
UASF_0248,field,lifetime,0,0,0
UASF_0248,field,memory_model,0,0,0
UASF_0248,field,ownership,0,0,0
UASF_0248,field,runtime_contract,0,0,0
UASF_0248,field,semantic_facets,0,0,0
UASF_0248,field,source_span,0,0,0
UASF_0248,field,type_ref,0,0,0
UASF_0248,field,type_shape,0,0,0
UASF_0248,relation,runtime.requires,0,0,0
UASF_0249,facet,UASF_0249,0,0,0
UASF_0249,field,attributes,0,0,0
UASF_0249,field,effects,0,0,0
UASF_0249,field,extensions,0,0,0
UASF_0249,field,id,0,0,0
UASF_0249,field,kind,0,0,0
UASF_0249,field,memory_model,0,0,0
UASF_0249,field,semantic_facets,0,0,0
UASF_0249,field,source_span,0,0,0
UASF_0249,field,type_ref,0,0,0
UASF_0249,field,type_shape,0,0,0
UASF_0250,facet,UASF_0250,0,0,0
UASF_0250,field,attributes,0,0,0
UASF_0250,field,effects,0,0,0
UASF_0250,field,extensions,0,0,0
UASF_0250,field,id,0,0,0
UASF_0250,field,kind,0,0,0
UASF_0250,field,name,0,0,0
UASF_0250,field,runtime_contract,0,0,0
UASF_0250,field,semantic_facets,0,0,0
UASF_0250,field,source_span,0,0,0
UASF_0250,relation,runtime.requires,0,0,0
UASF_0251,facet,UASF_0251,0,0,0
UASF_0251,field,attributes,0,0,0
UASF_0251,field,effects,0,0,0
UASF_0251,field,extensions,0,0,0
UASF_0251,field,id,0,0,0
UASF_0251,field,kind,0,0,0
UASF_0251,field,operands,0,0,0
UASF_0251,field,operation,0,0,0
UASF_0251,field,results,0,0,0
UASF_0251,field,runtime_contract,0,0,0
UASF_0251,field,semantic_facets,0,0,0
UASF_0251,field,source_span,0,0,0
UASF_0251,field,type_ref,0,0,0
UASF_0251,field,type_shape,0,0,0
UASF_0251,field,value,0,0,0
UASF_0251,relation,operation.kind,0,0,0
UASF_0251,relation,runtime.requires,0,0,0
UASF_0252,facet,UASF_0252,0,0,0
UASF_0252,field,attributes,0,0,0
UASF_0252,field,effects,0,0,0
UASF_0252,field,extensions,0,0,0
UASF_0252,field,id,0,0,0
UASF_0252,field,kind,0,0,0
UASF_0252,field,lifetime,0,0,0
UASF_0252,field,ownership,0,0,0
UASF_0252,field,semantic_facets,0,0,0
UASF_0252,field,source_span,0,0,0
UASF_0253,facet,UASF_0253,0,0,0
UASF_0253,field,attributes,0,0,0
UASF_0253,field,effects,0,0,0
UASF_0253,field,extensions,0,0,0
UASF_0253,field,id,0,0,0
UASF_0253,field,kind,0,0,0
UASF_0253,field,lifetime,0,0,0
UASF_0253,field,ownership,0,0,0
UASF_0253,field,semantic_facets,0,0,0
UASF_0253,field,source_span,0,0,0
UASF_0253,field,type_ref,0,0,0
UASF_0253,field,type_shape,0,0,0
UASF_0254,facet,UASF_0254,0,0,0
UASF_0254,field,attributes,0,0,0
UASF_0254,field,binding_refs,0,0,0
UASF_0254,field,effects,0,0,0
UASF_0254,field,extensions,0,0,0
UASF_0254,field,id,0,0,0
UASF_0254,field,kind,0,0,0
UASF_0254,field,runtime_contract,0,0,0
UASF_0254,field,semantic_facets,0,0,0
UASF_0254,field,source_span,0,0,0
UASF_0254,field,symbol,0,0,0
UASF_0254,relation,binding.declares,0,0,0
UASF_0254,relation,binding.refers,0,0,0
UASF_0254,relation,binding.shadows,0,0,0
UASF_0254,relation,effect.has,0,0,0
UASF_0254,relation,name.resolves,0,0,0
UASF_0254,relation,runtime.requires,0,0,0
UASF_0254,structure,Effect,0,0,0
UASF_0255,facet,UASF_0255,0,0,0
UASF_0255,field,attributes,0,0,0
UASF_0255,field,effects,0,0,0
UASF_0255,field,extensions,0,0,0
UASF_0255,field,id,0,0,0
UASF_0255,field,kind,0,0,0
UASF_0255,field,operands,0,0,0
UASF_0255,field,results,0,0,0
UASF_0255,field,runtime_contract,0,0,0
UASF_0255,field,semantic_facets,0,0,0
UASF_0255,field,source_span,0,0,0
UASF_0255,relation,data.def_use,0,0,0
UASF_0255,relation,data.operand,0,0,0
UASF_0255,relation,data.result,0,0,0
UASF_0255,relation,effect.has,0,0,0
UASF_0255,relation,runtime.requires,0,0,0
UASF_0255,structure,Effect,0,0,0
UASF_0256,facet,UASF_0256,0,0,0
UASF_0256,field,attributes,0,0,0
UASF_0256,field,candidates,0,0,0
UASF_0256,field,dispatch,0,0,0
UASF_0256,field,effects,0,0,0
UASF_0256,field,extensions,0,0,0
UASF_0256,field,id,0,0,0
UASF_0256,field,kind,0,0,0
UASF_0256,field,runtime_contract,0,0,0
UASF_0256,field,semantic_facets,0,0,0
UASF_0256,field,source_span,0,0,0
UASF_0256,field,type_ref,0,0,0
UASF_0256,relation,dispatch.resolves,0,0,0
UASF_0256,relation,overload.candidate,0,0,0
UASF_0256,relation,runtime.requires,0,0,0
UASF_0256,relation,type.constraint,0,0,0
UASF_0256,relation,type.convert,0,0,0
UASF_0256,relation,type.has,0,0,0
UASF_0256,relation,type.origin,0,0,0
UASF_0256,relation,type.parameter,0,0,0
UASF_0256,structure,DispatchSemantics,0,0,0
UASF_0257,facet,UASF_0257,0,0,0
UASF_0257,field,attributes,0,0,0
UASF_0257,field,effects,0,0,0
UASF_0257,field,extensions,0,0,0
UASF_0257,field,id,0,0,0
UASF_0257,field,kind,0,0,0
UASF_0257,field,runtime_contract,0,0,0
UASF_0257,field,semantic_facets,0,0,0
UASF_0257,field,source_span,0,0,0
UASF_0257,relation,effect.has,0,0,0
UASF_0257,relation,runtime.requires,0,0,0
UASF_0257,structure,Effect,0,0,0
UASF_0258,facet,UASF_0258,0,0,0
UASF_0258,field,attributes,0,0,0
UASF_0258,field,effects,0,0,0
UASF_0258,field,extensions,0,0,0
UASF_0258,field,id,0,0,0
UASF_0258,field,kind,0,0,0
UASF_0258,field,lifetime,0,0,0
UASF_0258,field,ownership,0,0,0
UASF_0258,field,provenance,0,0,0
UASF_0258,field,runtime_contract,0,0,0
UASF_0258,field,semantic_facets,0,0,0
UASF_0258,field,source_span,0,0,0
UASF_0258,field,storage,0,0,0
UASF_0258,relation,effect.has,0,0,0
UASF_0258,relation,memory.aliases,0,0,0
UASF_0258,relation,memory.borrows,0,0,0
UASF_0258,relation,memory.owns,0,0,0
UASF_0258,relation,runtime.requires,0,0,0
UASF_0258,relation,storage.resides_in,0,0,0
UASF_0258,structure,Effect,0,0,0
UASF_0259,facet,UASF_0259,0,0,0
UASF_0259,field,attributes,0,0,0
UASF_0259,field,effects,0,0,0
UASF_0259,field,extensions,0,0,0
UASF_0259,field,id,0,0,0
UASF_0259,field,kind,0,0,0
UASF_0259,field,runtime_contract,0,0,0
UASF_0259,field,semantic_facets,0,0,0
UASF_0259,field,source_span,0,0,0
UASF_0259,field,type_ref,0,0,0
UASF_0259,relation,effect.has,0,0,0
UASF_0259,relation,runtime.requires,0,0,0
UASF_0259,relation,type.constraint,0,0,0
UASF_0259,relation,type.convert,0,0,0
UASF_0259,relation,type.has,0,0,0
UASF_0259,relation,type.origin,0,0,0
UASF_0259,relation,type.parameter,0,0,0
UASF_0259,structure,ReflectionOp,0,0,0
UASF_0260,facet,UASF_0260,0,0,0
UASF_0260,field,attributes,0,0,0
UASF_0260,field,effects,0,0,0
UASF_0260,field,extensions,0,0,0
UASF_0260,field,id,0,0,0
UASF_0260,field,kind,0,0,0
UASF_0260,field,runtime_contract,0,0,0
UASF_0260,field,semantic_facets,0,0,0
UASF_0260,field,source_span,0,0,0
UASF_0260,field,synchronization,0,0,0
UASF_0260,relation,runtime.requires,0,0,0
UASF_0261,facet,UASF_0261,0,0,0
UASF_0261,field,attributes,0,0,0
UASF_0261,field,effects,0,0,0
UASF_0261,field,exception_model,0,0,0
UASF_0261,field,extensions,0,0,0
UASF_0261,field,id,0,0,0
UASF_0261,field,kind,0,0,0
UASF_0261,field,lifetime,0,0,0
UASF_0261,field,semantic_facets,0,0,0
UASF_0261,field,source_span,0,0,0
UASF_0261,field,unwind,0,0,0
UASF_0261,relation,exception.unwinds_to,0,0,0
UASF_0262,facet,UASF_0262,0,0,0
UASF_0262,field,attributes,0,0,0
UASF_0262,field,effects,0,0,0
UASF_0262,field,exception_model,0,0,0
UASF_0262,field,extensions,0,0,0
UASF_0262,field,id,0,0,0
UASF_0262,field,kind,0,0,0
UASF_0262,field,runtime_contract,0,0,0
UASF_0262,field,semantic_facets,0,0,0
UASF_0262,field,source_span,0,0,0
UASF_0262,field,unwind,0,0,0
UASF_0262,relation,exception.unwinds_to,0,0,0
UASF_0262,relation,runtime.requires,0,0,0
UASF_0263,facet,UASF_0263,0,0,0
UASF_0263,field,attributes,0,0,0
UASF_0263,field,evaluation_order,0,0,0
UASF_0263,field,extensions,0,0,0
UASF_0263,field,id,0,0,0
UASF_0263,field,kind,0,0,0
UASF_0263,field,language_contract,0,0,0
UASF_0263,field,semantic_facets,0,0,0
UASF_0263,field,source_span,0,0,0
UASF_0263,relation,evaluation.before,0,0,0
UASF_0263,relation,language.contract,0,0,0
UASF_0264,facet,UASF_0264,0,0,0
UASF_0264,field,attributes,0,0,0
UASF_0264,field,evaluation_order,0,0,0
UASF_0264,field,extensions,0,0,0
UASF_0264,field,id,0,0,0
UASF_0264,field,kind,0,0,0
UASF_0264,field,lifetime,0,0,0
UASF_0264,field,semantic_facets,0,0,0
UASF_0264,field,source_span,0,0,0
UASF_0264,field,type_ref,0,0,0
UASF_0264,field,type_shape,0,0,0
UASF_0264,relation,evaluation.before,0,0,0
UASF_0265,facet,UASF_0265,0,0,0
UASF_0265,field,attributes,0,0,0
UASF_0265,field,exception_model,0,0,0
UASF_0265,field,extensions,0,0,0
UASF_0265,field,id,0,0,0
UASF_0265,field,kind,0,0,0
UASF_0265,field,runtime_contract,0,0,0
UASF_0265,field,semantic_facets,0,0,0
UASF_0265,field,source_span,0,0,0
UASF_0265,field,unwind,0,0,0
UASF_0265,field,validation,0,0,0
UASF_0265,relation,exception.unwinds_to,0,0,0
UASF_0265,relation,runtime.requires,0,0,0
UASF_0265,relation,validation.proves,0,0,0
UASF_0266,facet,UASF_0266,0,0,0
UASF_0266,field,attributes,0,0,0
UASF_0266,field,extensions,0,0,0
UASF_0266,field,id,0,0,0
UASF_0266,field,initialization_order,0,0,0
UASF_0266,field,kind,0,0,0
UASF_0266,field,operation,0,0,0
UASF_0266,field,semantic_facets,0,0,0
UASF_0266,field,source_span,0,0,0
UASF_0266,field,value,0,0,0
UASF_0266,relation,initialization.before,0,0,0
UASF_0267,facet,UASF_0267,0,0,0
UASF_0267,field,attributes,0,0,0
UASF_0267,field,extensions,0,0,0
UASF_0267,field,id,0,0,0
UASF_0267,field,initialization_order,0,0,0
UASF_0267,field,kind,0,0,0
UASF_0267,field,lifetime,0,0,0
UASF_0267,field,semantic_facets,0,0,0
UASF_0267,field,source_span,0,0,0
UASF_0267,relation,initialization.before,0,0,0
UASF_0268,facet,UASF_0268,0,0,0
UASF_0268,field,attributes,0,0,0
UASF_0268,field,extensions,0,0,0
UASF_0268,field,id,0,0,0
UASF_0268,field,initialization_order,0,0,0
UASF_0268,field,kind,0,0,0
UASF_0268,field,lifetime,0,0,0
UASF_0268,field,ownership,0,0,0
UASF_0268,field,provenance,0,0,0
UASF_0268,field,runtime_contract,0,0,0
UASF_0268,field,semantic_facets,0,0,0
UASF_0268,field,source_span,0,0,0
UASF_0268,field,storage,0,0,0
UASF_0268,relation,initialization.before,0,0,0
UASF_0268,relation,runtime.requires,0,0,0
UASF_0268,relation,storage.resides_in,0,0,0
UASF_0269,facet,UASF_0269,0,0,0
UASF_0269,field,attributes,0,0,0
UASF_0269,field,extensions,0,0,0
UASF_0269,field,id,0,0,0
UASF_0269,field,kind,0,0,0
UASF_0269,field,language_contract,0,0,0
UASF_0269,field,runtime_contract,0,0,0
UASF_0269,field,semantic_facets,0,0,0
UASF_0269,field,source_span,0,0,0
UASF_0269,relation,language.contract,0,0,0
UASF_0269,relation,runtime.requires,0,0,0
UASF_0270,facet,UASF_0270,0,0,0
UASF_0270,field,attributes,0,0,0
UASF_0270,field,extensions,0,0,0
UASF_0270,field,id,0,0,0
UASF_0270,field,kind,0,0,0
UASF_0270,field,language_contract,0,0,0
UASF_0270,field,semantic_facets,0,0,0
UASF_0270,field,source_span,0,0,0
UASF_0270,field,type_ref,0,0,0
UASF_0270,field,type_shape,0,0,0
UASF_0270,relation,language.contract,0,0,0
UASF_0271,facet,UASF_0271,0,0,0
UASF_0271,field,attributes,0,0,0
UASF_0271,field,extensions,0,0,0
UASF_0271,field,id,0,0,0
UASF_0271,field,kind,0,0,0
UASF_0271,field,language_contract,0,0,0
UASF_0271,field,lifetime,0,0,0
UASF_0271,field,memory_model,0,0,0
UASF_0271,field,ownership,0,0,0
UASF_0271,field,provenance,0,0,0
UASF_0271,field,semantic_facets,0,0,0
UASF_0271,field,source_span,0,0,0
UASF_0271,field,storage,0,0,0
UASF_0271,relation,language.contract,0,0,0
UASF_0271,relation,pointer.provenance,0,0,0
UASF_0272,facet,UASF_0272,0,0,0
UASF_0272,field,attributes,0,0,0
UASF_0272,field,extensions,0,0,0
UASF_0272,field,id,0,0,0
UASF_0272,field,kind,0,0,0
UASF_0272,field,language_contract,0,0,0
UASF_0272,field,lifetime,0,0,0
UASF_0272,field,semantic_facets,0,0,0
UASF_0272,field,source_span,0,0,0
UASF_0272,field,type_ref,0,0,0
UASF_0272,field,type_shape,0,0,0
UASF_0272,relation,language.contract,0,0,0
UASF_0273,facet,UASF_0273,0,0,0
UASF_0273,field,attributes,0,0,0
UASF_0273,field,extensions,0,0,0
UASF_0273,field,id,0,0,0
UASF_0273,field,kind,0,0,0
UASF_0273,field,language_contract,0,0,0
UASF_0273,field,operands,0,0,0
UASF_0273,field,operation,0,0,0
UASF_0273,field,results,0,0,0
UASF_0273,field,runtime_contract,0,0,0
UASF_0273,field,semantic_facets,0,0,0
UASF_0273,field,source_span,0,0,0
UASF_0273,relation,language.contract,0,0,0
UASF_0273,relation,operation.kind,0,0,0
UASF_0273,relation,runtime.requires,0,0,0
UASF_0274,facet,UASF_0274,0,0,0
UASF_0274,field,attributes,0,0,0
UASF_0274,field,extensions,0,0,0
UASF_0274,field,id,0,0,0
UASF_0274,field,kind,0,0,0
UASF_0274,field,language_contract,0,0,0
UASF_0274,field,runtime_contract,0,0,0
UASF_0274,field,semantic_facets,0,0,0
UASF_0274,field,source_span,0,0,0
UASF_0274,field,validation,0,0,0
UASF_0274,relation,language.contract,0,0,0
UASF_0274,relation,runtime.requires,0,0,0
UASF_0274,relation,validation.proves,0,0,0
UASF_0275,facet,UASF_0275,0,0,0
UASF_0275,field,attributes,0,0,0
UASF_0275,field,binding_refs,0,0,0
UASF_0275,field,extensions,0,0,0
UASF_0275,field,id,0,0,0
UASF_0275,field,kind,0,0,0
UASF_0275,field,linkage,0,0,0
UASF_0275,field,module,0,0,0
UASF_0275,field,semantic_facets,0,0,0
UASF_0275,field,source_span,0,0,0
UASF_0275,field,symbol,0,0,0
UASF_0275,relation,linkage.links,0,0,0
UASF_0275,relation,module.exports,0,0,0
UASF_0275,relation,module.imports,0,0,0
UASF_0275,relation,name.resolves,0,0,0
UASF_0276,facet,UASF_0276,0,0,0
UASF_0276,field,attributes,0,0,0
UASF_0276,field,binding_refs,0,0,0
UASF_0276,field,extensions,0,0,0
UASF_0276,field,id,0,0,0
UASF_0276,field,kind,0,0,0
UASF_0276,field,linkage,0,0,0
UASF_0276,field,scope_id,0,0,0
UASF_0276,field,semantic_facets,0,0,0
UASF_0276,field,source_span,0,0,0
UASF_0276,relation,linkage.links,0,0,0
UASF_0277,facet,UASF_0277,0,0,0
UASF_0277,field,attributes,0,0,0
UASF_0277,field,extensions,0,0,0
UASF_0277,field,id,0,0,0
UASF_0277,field,kind,0,0,0
UASF_0277,field,lifetime,0,0,0
UASF_0277,field,lowering,0,0,0
UASF_0277,field,memory_model,0,0,0
UASF_0277,field,ownership,0,0,0
UASF_0277,field,runtime_contract,0,0,0
UASF_0277,field,semantic_facets,0,0,0
UASF_0277,field,source_span,0,0,0
UASF_0277,field,type_ref,0,0,0
UASF_0277,field,type_shape,0,0,0
UASF_0277,relation,runtime.requires,0,0,0
UASF_0278,facet,UASF_0278,0,0,0
UASF_0278,field,attributes,0,0,0
UASF_0278,field,extensions,0,0,0
UASF_0278,field,id,0,0,0
UASF_0278,field,kind,0,0,0
UASF_0278,field,lowering,0,0,0
UASF_0278,field,memory_model,0,0,0
UASF_0278,field,runtime_contract,0,0,0
UASF_0278,field,semantic_facets,0,0,0
UASF_0278,field,source_span,0,0,0
UASF_0278,relation,runtime.requires,0,0,0
UASF_0279,facet,UASF_0279,0,0,0
UASF_0279,field,attributes,0,0,0
UASF_0279,field,binding_refs,0,0,0
UASF_0279,field,extensions,0,0,0
UASF_0279,field,id,0,0,0
UASF_0279,field,kind,0,0,0
UASF_0279,field,lowering,0,0,0
UASF_0279,field,name,0,0,0
UASF_0279,field,operation,0,0,0
UASF_0279,field,scope_id,0,0,0
UASF_0279,field,semantic_facets,0,0,0
UASF_0279,field,source_span,0,0,0
UASF_0279,field,value,0,0,0
UASF_0280,facet,UASF_0280,0,0,0
UASF_0280,field,attributes,0,0,0
UASF_0280,field,binding_refs,0,0,0
UASF_0280,field,extensions,0,0,0
UASF_0280,field,id,0,0,0
UASF_0280,field,kind,0,0,0
UASF_0280,field,lowering,0,0,0
UASF_0280,field,name,0,0,0
UASF_0280,field,scope_id,0,0,0
UASF_0280,field,semantic_facets,0,0,0
UASF_0280,field,source_span,0,0,0
UASF_0281,facet,UASF_0281,0,0,0
UASF_0281,field,attributes,0,0,0
UASF_0281,field,extensions,0,0,0
UASF_0281,field,id,0,0,0
UASF_0281,field,kind,0,0,0
UASF_0281,field,lowering,0,0,0
UASF_0281,field,runtime_contract,0,0,0
UASF_0281,field,semantic_facets,0,0,0
UASF_0281,field,source_span,0,0,0
UASF_0281,relation,runtime.requires,0,0,0
UASF_0282,facet,UASF_0282,0,0,0
UASF_0282,field,attributes,0,0,0
UASF_0282,field,extensions,0,0,0
UASF_0282,field,id,0,0,0
UASF_0282,field,kind,0,0,0
UASF_0282,field,lifetime,0,0,0
UASF_0282,field,memory_model,0,0,0
UASF_0282,field,ownership,0,0,0
UASF_0282,field,provenance,0,0,0
UASF_0282,field,semantic_facets,0,0,0
UASF_0282,field,source_span,0,0,0
UASF_0282,field,storage,0,0,0
UASF_0282,relation,pointer.provenance,0,0,0
UASF_0283,facet,UASF_0283,0,0,0
UASF_0283,field,attributes,0,0,0
UASF_0283,field,extensions,0,0,0
UASF_0283,field,id,0,0,0
UASF_0283,field,kind,0,0,0
UASF_0283,field,lifetime,0,0,0
UASF_0283,field,memory_model,0,0,0
UASF_0283,field,operands,0,0,0
UASF_0283,field,operation,0,0,0
UASF_0283,field,ownership,0,0,0
UASF_0283,field,results,0,0,0
UASF_0283,field,semantic_facets,0,0,0
UASF_0283,field,source_span,0,0,0
UASF_0283,relation,operation.kind,0,0,0
UASF_0284,facet,UASF_0284,0,0,0
UASF_0284,field,attributes,0,0,0
UASF_0284,field,extensions,0,0,0
UASF_0284,field,id,0,0,0
UASF_0284,field,kind,0,0,0
UASF_0284,field,lifetime,0,0,0
UASF_0284,field,memory_model,0,0,0
UASF_0284,field,operands,0,0,0
UASF_0284,field,operation,0,0,0
UASF_0284,field,ownership,0,0,0
UASF_0284,field,provenance,0,0,0
UASF_0284,field,results,0,0,0
UASF_0284,field,semantic_facets,0,0,0
UASF_0284,field,source_span,0,0,0
UASF_0284,field,storage,0,0,0
UASF_0284,relation,operation.kind,0,0,0
UASF_0284,relation,pointer.provenance,0,0,0
UASF_0285,facet,UASF_0285,0,0,0
UASF_0285,field,attributes,0,0,0
UASF_0285,field,extensions,0,0,0
UASF_0285,field,id,0,0,0
UASF_0285,field,kind,0,0,0
UASF_0285,field,memory_model,0,0,0
UASF_0285,field,operands,0,0,0
UASF_0285,field,operation,0,0,0
UASF_0285,field,results,0,0,0
UASF_0285,field,semantic_facets,0,0,0
UASF_0285,field,source_span,0,0,0
UASF_0285,field,type_ref,0,0,0
UASF_0285,field,type_shape,0,0,0
UASF_0285,relation,operation.kind,0,0,0
UASF_0286,facet,UASF_0286,0,0,0
UASF_0286,field,attributes,0,0,0
UASF_0286,field,extensions,0,0,0
UASF_0286,field,id,0,0,0
UASF_0286,field,kind,0,0,0
UASF_0286,field,lifetime,0,0,0
UASF_0286,field,memory_model,0,0,0
UASF_0286,field,ownership,0,0,0
UASF_0286,field,runtime_contract,0,0,0
UASF_0286,field,semantic_facets,0,0,0
UASF_0286,field,source_span,0,0,0
UASF_0286,relation,runtime.requires,0,0,0
UASF_0287,facet,UASF_0287,0,0,0
UASF_0287,field,attributes,0,0,0
UASF_0287,field,extensions,0,0,0
UASF_0287,field,id,0,0,0
UASF_0287,field,kind,0,0,0
UASF_0287,field,lifetime,0,0,0
UASF_0287,field,memory_model,0,0,0
UASF_0287,field,ownership,0,0,0
UASF_0287,field,semantic_facets,0,0,0
UASF_0287,field,source_span,0,0,0
UASF_0287,field,type_ref,0,0,0
UASF_0287,field,type_shape,0,0,0
UASF_0288,facet,UASF_0288,0,0,0
UASF_0288,field,attributes,0,0,0
UASF_0288,field,extensions,0,0,0
UASF_0288,field,id,0,0,0
UASF_0288,field,kind,0,0,0
UASF_0288,field,memory_model,0,0,0
UASF_0288,field,runtime_contract,0,0,0
UASF_0288,field,semantic_facets,0,0,0
UASF_0288,field,source_span,0,0,0
UASF_0288,field,type_ref,0,0,0
UASF_0288,field,type_shape,0,0,0
UASF_0288,relation,runtime.requires,0,0,0
UASF_0289,facet,UASF_0289,0,0,0
UASF_0289,field,attributes,0,0,0
UASF_0289,field,extensions,0,0,0
UASF_0289,field,id,0,0,0
UASF_0289,field,kind,0,0,0
UASF_0289,field,memory_order,0,0,0
UASF_0289,field,runtime_contract,0,0,0
UASF_0289,field,semantic_facets,0,0,0
UASF_0289,field,source_span,0,0,0
UASF_0289,field,synchronization,0,0,0
UASF_0289,relation,runtime.requires,0,0,0
UASF_0290,facet,UASF_0290,0,0,0
UASF_0290,field,attributes,0,0,0
UASF_0290,field,compiletime_contract,0,0,0
UASF_0290,field,extensions,0,0,0
UASF_0290,field,id,0,0,0
UASF_0290,field,kind,0,0,0
UASF_0290,field,module,0,0,0
UASF_0290,field,semantic_facets,0,0,0
UASF_0290,field,source_span,0,0,0
UASF_0290,relation,module.exports,0,0,0
UASF_0290,relation,module.imports,0,0,0
UASF_0290,relation,preprocessor.expands,0,0,0
UASF_0291,facet,UASF_0291,0,0,0
UASF_0291,field,attributes,0,0,0
UASF_0291,field,binding_refs,0,0,0
UASF_0291,field,candidates,0,0,0
UASF_0291,field,dispatch,0,0,0
UASF_0291,field,extensions,0,0,0
UASF_0291,field,id,0,0,0
UASF_0291,field,kind,0,0,0
UASF_0291,field,operands,0,0,0
UASF_0291,field,operation,0,0,0
UASF_0291,field,results,0,0,0
UASF_0291,field,semantic_facets,0,0,0
UASF_0291,field,source_span,0,0,0
UASF_0291,field,symbol,0,0,0
UASF_0291,field,type_ref,0,0,0
UASF_0291,field,type_shape,0,0,0
UASF_0291,relation,dispatch.resolves,0,0,0
UASF_0291,relation,name.resolves,0,0,0
UASF_0291,relation,operation.kind,0,0,0
UASF_0291,relation,overload.candidate,0,0,0
UASF_0291,relation,type.constraint,0,0,0
UASF_0291,relation,type.convert,0,0,0
UASF_0291,relation,type.has,0,0,0
UASF_0291,relation,type.origin,0,0,0
UASF_0291,relation,type.parameter,0,0,0
UASF_0291,structure,InterfaceType,0,0,0
UASF_0291,structure,MethodSet,0,0,0
UASF_0292,facet,UASF_0292,0,0,0
UASF_0292,field,attributes,0,0,0
UASF_0292,field,binding_refs,0,0,0
UASF_0292,field,candidates,0,0,0
UASF_0292,field,dispatch,0,0,0
UASF_0292,field,extensions,0,0,0
UASF_0292,field,id,0,0,0
UASF_0292,field,kind,0,0,0
UASF_0292,field,scope_id,0,0,0
UASF_0292,field,semantic_facets,0,0,0
UASF_0292,field,source_span,0,0,0
UASF_0292,field,symbol,0,0,0
UASF_0292,relation,name.resolves,0,0,0
UASF_0293,facet,UASF_0293,0,0,0
UASF_0293,field,attributes,0,0,0
UASF_0293,field,binding_refs,0,0,0
UASF_0293,field,extensions,0,0,0
UASF_0293,field,id,0,0,0
UASF_0293,field,kind,0,0,0
UASF_0293,field,scope_id,0,0,0
UASF_0293,field,semantic_facets,0,0,0
UASF_0293,field,source_span,0,0,0
UASF_0293,field,symbol,0,0,0
UASF_0293,field,validation,0,0,0
UASF_0293,relation,name.resolves,0,0,0
UASF_0293,relation,validation.proves,0,0,0
UASF_0294,facet,UASF_0294,0,0,0
UASF_0294,field,attributes,0,0,0
UASF_0294,field,extensions,0,0,0
UASF_0294,field,id,0,0,0
UASF_0294,field,kind,0,0,0
UASF_0294,field,name,0,0,0
UASF_0294,field,operands,0,0,0
UASF_0294,field,operation,0,0,0
UASF_0294,field,results,0,0,0
UASF_0294,field,semantic_facets,0,0,0
UASF_0294,field,source_span,0,0,0
UASF_0294,field,type_ref,0,0,0
UASF_0294,field,type_shape,0,0,0
UASF_0294,field,value,0,0,0
UASF_0294,relation,operation.kind,0,0,0
UASF_0295,facet,UASF_0295,0,0,0
UASF_0295,field,attributes,0,0,0
UASF_0295,field,extensions,0,0,0
UASF_0295,field,id,0,0,0
UASF_0295,field,kind,0,0,0
UASF_0295,field,name,0,0,0
UASF_0295,field,operation,0,0,0
UASF_0295,field,semantic_facets,0,0,0
UASF_0295,field,source_span,0,0,0
UASF_0295,field,type_origin,0,0,0
UASF_0295,field,type_ref,0,0,0
UASF_0295,field,type_shape,0,0,0
UASF_0295,field,value,0,0,0
UASF_0295,relation,type.origin,0,0,0
UASF_0296,facet,UASF_0296,0,0,0
UASF_0296,field,attributes,0,0,0
UASF_0296,field,extensions,0,0,0
UASF_0296,field,id,0,0,0
UASF_0296,field,kind,0,0,0
UASF_0296,field,name,0,0,0
UASF_0296,field,operation,0,0,0
UASF_0296,field,semantic_facets,0,0,0
UASF_0296,field,source_span,0,0,0
UASF_0296,field,type_ref,0,0,0
UASF_0296,field,type_shape,0,0,0
UASF_0296,field,value,0,0,0
UASF_0297,facet,UASF_0297,0,0,0
UASF_0297,field,attributes,0,0,0
UASF_0297,field,extensions,0,0,0
UASF_0297,field,id,0,0,0
UASF_0297,field,kind,0,0,0
UASF_0297,field,name,0,0,0
UASF_0297,field,operands,0,0,0
UASF_0297,field,operation,0,0,0
UASF_0297,field,results,0,0,0
UASF_0297,field,runtime_contract,0,0,0
UASF_0297,field,semantic_facets,0,0,0
UASF_0297,field,source_span,0,0,0
UASF_0297,relation,operation.kind,0,0,0
UASF_0297,relation,runtime.requires,0,0,0
UASF_0298,facet,UASF_0298,0,0,0
UASF_0298,field,attributes,0,0,0
UASF_0298,field,binding_refs,0,0,0
UASF_0298,field,extensions,0,0,0
UASF_0298,field,id,0,0,0
UASF_0298,field,kind,0,0,0
UASF_0298,field,name,0,0,0
UASF_0298,field,operands,0,0,0
UASF_0298,field,operation,0,0,0
UASF_0298,field,results,0,0,0
UASF_0298,field,scope_id,0,0,0
UASF_0298,field,semantic_facets,0,0,0
UASF_0298,field,source_span,0,0,0
UASF_0298,field,type_ref,0,0,0
UASF_0298,field,type_shape,0,0,0
UASF_0298,relation,operation.kind,0,0,0
UASF_0299,facet,UASF_0299,0,0,0
UASF_0299,field,attributes,0,0,0
UASF_0299,field,binding_refs,0,0,0
UASF_0299,field,extensions,0,0,0
UASF_0299,field,id,0,0,0
UASF_0299,field,kind,0,0,0
UASF_0299,field,lifetime,0,0,0
UASF_0299,field,name,0,0,0
UASF_0299,field,ownership,0,0,0
UASF_0299,field,scope_id,0,0,0
UASF_0299,field,semantic_facets,0,0,0
UASF_0299,field,source_span,0,0,0
UASF_0299,field,type_ref,0,0,0
UASF_0299,field,type_shape,0,0,0
UASF_0300,facet,UASF_0300,0,0,0
UASF_0300,field,attributes,0,0,0
UASF_0300,field,binding_refs,0,0,0
UASF_0300,field,extensions,0,0,0
UASF_0300,field,id,0,0,0
UASF_0300,field,kind,0,0,0
UASF_0300,field,name,0,0,0
UASF_0300,field,scope_id,0,0,0
UASF_0300,field,semantic_facets,0,0,0
UASF_0300,field,source_span,0,0,0
UASF_0300,field,type_origin,0,0,0
UASF_0300,field,type_ref,0,0,0
UASF_0300,field,type_shape,0,0,0
UASF_0300,relation,type.origin,0,0,0
UASF_0301,facet,UASF_0301,1,1,6
UASF_0301,field,attributes,1,1,6
UASF_0301,field,binding_refs,1,1,6
UASF_0301,field,extensions,1,1,6
UASF_0301,field,id,1,1,6
UASF_0301,field,kind,1,1,6
UASF_0301,field,name,1,1,6
UASF_0301,field,scope_id,1,1,6
UASF_0301,field,semantic_facets,1,1,6
UASF_0301,field,source_span,1,1,6
UASF_0301,field,type_ref,1,1,6
UASF_0301,field,type_shape,1,1,6
UASF_0301,relation,annotation.applies,1,1,6
UASF_0301,structure,Annotation,1,1,6
UASF_0302,facet,UASF_0302,1,1,6
UASF_0302,field,attributes,1,1,6
UASF_0302,field,binding_refs,1,1,6
UASF_0302,field,extensions,1,1,6
UASF_0302,field,id,1,1,6
UASF_0302,field,kind,1,1,6
UASF_0302,field,name,1,1,6
UASF_0302,field,operands,1,1,6
UASF_0302,field,results,1,1,6
UASF_0302,field,scope_id,1,1,6
UASF_0302,field,semantic_facets,1,1,6
UASF_0302,field,source_span,1,1,6
UASF_0302,field,symbol,1,1,6
UASF_0302,field,type_ref,1,1,6
UASF_0302,field,type_shape,1,1,6
UASF_0302,relation,binding.declares,1,1,6
UASF_0302,relation,binding.refers,1,1,6
UASF_0302,relation,binding.shadows,1,1,6
UASF_0302,relation,data.def_use,1,1,6
UASF_0302,relation,data.operand,1,1,6
UASF_0302,relation,data.result,1,1,6
UASF_0302,relation,name.resolves,1,1,6
UASF_0302,structure,ConstantDecl,1,1,6
UASF_0303,facet,UASF_0303,0,0,0
UASF_0303,field,attributes,0,0,0
UASF_0303,field,binding_refs,0,0,0
UASF_0303,field,effects,0,0,0
UASF_0303,field,extensions,0,0,0
UASF_0303,field,id,0,0,0
UASF_0303,field,kind,0,0,0
UASF_0303,field,name,0,0,0
UASF_0303,field,operands,0,0,0
UASF_0303,field,results,0,0,0
UASF_0303,field,scope_id,0,0,0
UASF_0303,field,semantic_facets,0,0,0
UASF_0303,field,source_span,0,0,0
UASF_0303,field,symbol,0,0,0
UASF_0303,field,type_ref,0,0,0
UASF_0303,field,type_shape,0,0,0
UASF_0303,relation,binding.declares,0,0,0
UASF_0303,relation,binding.refers,0,0,0
UASF_0303,relation,binding.shadows,0,0,0
UASF_0303,relation,data.def_use,0,0,0
UASF_0303,relation,data.operand,0,0,0
UASF_0303,relation,data.result,0,0,0
UASF_0303,relation,effect.has,0,0,0
UASF_0303,relation,name.resolves,0,0,0
UASF_0303,structure,VariableDecl,0,0,0
UASF_0304,facet,UASF_0304,1,3,18
UASF_0304,field,attributes,1,3,18
UASF_0304,field,binding_refs,1,3,18
UASF_0304,field,extensions,1,3,18
UASF_0304,field,id,1,3,18
UASF_0304,field,kind,1,3,18
UASF_0304,field,name,1,3,18
UASF_0304,field,scope_id,1,3,18
UASF_0304,field,semantic_facets,1,3,18
UASF_0304,field,source_span,1,3,18
UASF_0304,field,symbol,1,3,18
UASF_0304,field,type_ref,1,3,18
UASF_0304,field,type_shape,1,3,18
UASF_0304,relation,binding.declares,1,3,18
UASF_0304,relation,binding.refers,1,3,18
UASF_0304,relation,binding.shadows,1,3,18
UASF_0304,relation,capture.captures,1,3,18
UASF_0304,relation,name.resolves,1,3,18
UASF_0304,relation,scope.parent,1,3,18
UASF_0304,structure,ImportDecl,1,3,18
UASF_0304,structure,ModuleDecl,1,3,18
UASF_0304,structure,ParameterDecl,1,3,18
UASF_0305,facet,UASF_0305,1,4,23
UASF_0305,field,attributes,1,4,23
UASF_0305,field,binding_refs,1,4,23
UASF_0305,field,extensions,1,4,23
UASF_0305,field,id,1,4,23
UASF_0305,field,kind,1,4,23
UASF_0305,field,name,1,4,23
UASF_0305,field,scope_id,1,4,23
UASF_0305,field,semantic_facets,1,4,23
UASF_0305,field,source_span,1,4,23
UASF_0305,field,symbol,1,4,23
UASF_0305,field,type_ref,1,4,23
UASF_0305,field,type_shape,1,4,23
UASF_0305,relation,binding.declares,1,4,23
UASF_0305,relation,binding.refers,1,4,23
UASF_0305,relation,binding.shadows,1,4,23
UASF_0305,relation,name.resolves,1,4,23
UASF_0305,relation,type.constraint,1,4,23
UASF_0305,relation,type.convert,1,4,23
UASF_0305,relation,type.has,1,4,23
UASF_0305,relation,type.origin,1,4,23
UASF_0305,relation,type.parameter,1,4,23
UASF_0305,structure,GenericParamDecl,1,4,23
UASF_0306,facet,UASF_0306,1,5,663
UASF_0306,field,attributes,1,5,663
UASF_0306,field,binding_refs,1,5,663
UASF_0306,field,branches,1,5,663
UASF_0306,field,condition,1,5,663
UASF_0306,field,effects,1,5,663
UASF_0306,field,extensions,1,5,663
UASF_0306,field,id,1,5,663
UASF_0306,field,kind,1,5,663
UASF_0306,field,name,1,5,663
UASF_0306,field,operands,1,5,663
UASF_0306,field,results,1,5,663
UASF_0306,field,scope_id,1,5,663
UASF_0306,field,semantic_facets,1,5,663
UASF_0306,field,source_span,1,5,663
UASF_0306,field,symbol,1,5,663
UASF_0306,field,type_ref,1,5,663
UASF_0306,field,type_shape,1,5,663
UASF_0306,relation,binding.declares,1,5,663
UASF_0306,relation,binding.refers,1,5,663
UASF_0306,relation,binding.shadows,1,5,663
UASF_0306,relation,capture.captures,1,5,663
UASF_0306,relation,control.false,1,5,663
UASF_0306,relation,control.loop_back,1,5,663
UASF_0306,relation,control.next,1,5,663
UASF_0306,relation,control.true,1,5,663
UASF_0306,relation,data.def_use,1,5,663
UASF_0306,relation,data.operand,1,5,663
UASF_0306,relation,data.result,1,5,663
UASF_0306,relation,effect.has,1,5,663
UASF_0306,relation,name.resolves,1,5,663
UASF_0306,relation,scope.parent,1,5,663
UASF_0306,structure,FunctionDecl,1,5,663
UASF_0307,facet,UASF_0307,1,1,6
UASF_0307,field,attributes,1,1,6
UASF_0307,field,binding_refs,1,1,6
UASF_0307,field,candidates,1,1,6
UASF_0307,field,dispatch,1,1,6
UASF_0307,field,extensions,1,1,6
UASF_0307,field,id,1,1,6
UASF_0307,field,kind,1,1,6
UASF_0307,field,name,1,1,6
UASF_0307,field,scope_id,1,1,6
UASF_0307,field,semantic_facets,1,1,6
UASF_0307,field,source_span,1,1,6
UASF_0307,field,symbol,1,1,6
UASF_0307,field,type_ref,1,1,6
UASF_0307,field,type_shape,1,1,6
UASF_0307,relation,binding.declares,1,1,6
UASF_0307,relation,binding.refers,1,1,6
UASF_0307,relation,binding.shadows,1,1,6
UASF_0307,relation,capture.captures,1,1,6
UASF_0307,relation,dispatch.resolves,1,1,6
UASF_0307,relation,name.resolves,1,1,6
UASF_0307,relation,overload.candidate,1,1,6
UASF_0307,relation,scope.parent,1,1,6
UASF_0307,relation,type.constraint,1,1,6
UASF_0307,relation,type.convert,1,1,6
UASF_0307,relation,type.has,1,1,6
UASF_0307,relation,type.origin,1,1,6
UASF_0307,relation,type.parameter,1,1,6
UASF_0307,structure,InterfaceTypeDecl,1,1,6
UASF_0308,facet,UASF_0308,1,4,23
UASF_0308,field,attributes,1,4,23
UASF_0308,field,binding_refs,1,4,23
UASF_0308,field,extensions,1,4,23
UASF_0308,field,id,1,4,23
UASF_0308,field,kind,1,4,23
UASF_0308,field,layout,1,4,23
UASF_0308,field,members,1,4,23
UASF_0308,field,name,1,4,23
UASF_0308,field,scope_id,1,4,23
UASF_0308,field,semantic_facets,1,4,23
UASF_0308,field,source_span,1,4,23
UASF_0308,field,symbol,1,4,23
UASF_0308,field,type_ref,1,4,23
UASF_0308,field,type_shape,1,4,23
UASF_0308,relation,binding.declares,1,4,23
UASF_0308,relation,binding.refers,1,4,23
UASF_0308,relation,binding.shadows,1,4,23
UASF_0308,relation,capture.captures,1,4,23
UASF_0308,relation,layout.field,1,4,23
UASF_0308,relation,name.resolves,1,4,23
UASF_0308,relation,scope.parent,1,4,23
UASF_0308,relation,type.constraint,1,4,23
UASF_0308,relation,type.convert,1,4,23
UASF_0308,relation,type.has,1,4,23
UASF_0308,relation,type.origin,1,4,23
UASF_0308,relation,type.parameter,1,4,23
UASF_0308,structure,RecordTypeDecl,1,4,23
UASF_0309,facet,UASF_0309,1,3,17
UASF_0309,field,attributes,1,3,17
UASF_0309,field,binding_refs,1,3,17
UASF_0309,field,extensions,1,3,17
UASF_0309,field,id,1,3,17
UASF_0309,field,kind,1,3,17
UASF_0309,field,layout,1,3,17
UASF_0309,field,members,1,3,17
UASF_0309,field,name,1,3,17
UASF_0309,field,scope_id,1,3,17
UASF_0309,field,semantic_facets,1,3,17
UASF_0309,field,source_span,1,3,17
UASF_0309,field,type_ref,1,3,17
UASF_0309,field,type_shape,1,3,17
UASF_0309,relation,layout.field,1,3,17
UASF_0309,relation,type.constraint,1,3,17
UASF_0309,relation,type.convert,1,3,17
UASF_0309,relation,type.has,1,3,17
UASF_0309,relation,type.origin,1,3,17
UASF_0309,relation,type.parameter,1,3,17
UASF_0309,structure,VariantTypeDecl,1,3,17
UASF_0310,facet,UASF_0310,0,0,0
UASF_0310,field,attributes,0,0,0
UASF_0310,field,binding_refs,0,0,0
UASF_0310,field,extensions,0,0,0
UASF_0310,field,id,0,0,0
UASF_0310,field,kind,0,0,0
UASF_0310,field,name,0,0,0
UASF_0310,field,scope_id,0,0,0
UASF_0310,field,semantic_facets,0,0,0
UASF_0310,field,source_span,0,0,0
UASF_0310,field,symbol,0,0,0
UASF_0310,field,type_ref,0,0,0
UASF_0310,field,type_shape,0,0,0
UASF_0310,relation,binding.declares,0,0,0
UASF_0310,relation,binding.refers,0,0,0
UASF_0310,relation,binding.shadows,0,0,0
UASF_0310,relation,capture.captures,0,0,0
UASF_0310,relation,name.resolves,0,0,0
UASF_0310,relation,scope.parent,0,0,0
UASF_0310,structure,Visibility,0,0,0
UASF_0311,facet,UASF_0311,1,1,6
UASF_0311,field,attributes,1,1,6
UASF_0311,field,binding_refs,1,1,6
UASF_0311,field,extensions,1,1,6
UASF_0311,field,id,1,1,6
UASF_0311,field,kind,1,1,6
UASF_0311,field,name,1,1,6
UASF_0311,field,scope_id,1,1,6
UASF_0311,field,semantic_facets,1,1,6
UASF_0311,field,source_span,1,1,6
UASF_0311,field,symbol,1,1,6
UASF_0311,field,type_ref,1,1,6
UASF_0311,field,type_shape,1,1,6
UASF_0311,relation,binding.declares,1,1,6
UASF_0311,relation,binding.refers,1,1,6
UASF_0311,relation,binding.shadows,1,1,6
UASF_0311,relation,capture.captures,1,1,6
UASF_0311,relation,name.resolves,1,1,6
UASF_0311,relation,scope.parent,1,1,6
UASF_0311,relation,type.constraint,1,1,6
UASF_0311,relation,type.convert,1,1,6
UASF_0311,relation,type.has,1,1,6
UASF_0311,relation,type.origin,1,1,6
UASF_0311,relation,type.parameter,1,1,6
UASF_0311,structure,NominalTypeDecl,1,1,6
UASF_0312,facet,UASF_0312,0,0,0
UASF_0312,field,attributes,0,0,0
UASF_0312,field,extensions,0,0,0
UASF_0312,field,id,0,0,0
UASF_0312,field,kind,0,0,0
UASF_0312,field,name,0,0,0
UASF_0312,field,semantic_facets,0,0,0
UASF_0312,field,source_span,0,0,0
UASF_0312,field,type_origin,0,0,0
UASF_0312,field,type_ref,0,0,0
UASF_0312,field,type_shape,0,0,0
UASF_0312,relation,type.origin,0,0,0
UASF_0313,facet,UASF_0313,0,0,0
UASF_0313,field,attributes,0,0,0
UASF_0313,field,extensions,0,0,0
UASF_0313,field,id,0,0,0
UASF_0313,field,kind,0,0,0
UASF_0313,field,lifetime,0,0,0
UASF_0313,field,operation,0,0,0
UASF_0313,field,semantic_facets,0,0,0
UASF_0313,field,source_span,0,0,0
UASF_0313,field,value,0,0,0
UASF_0314,facet,UASF_0314,0,0,0
UASF_0314,field,attributes,0,0,0
UASF_0314,field,extensions,0,0,0
UASF_0314,field,id,0,0,0
UASF_0314,field,kind,0,0,0
UASF_0314,field,operands,0,0,0
UASF_0314,field,operation,0,0,0
UASF_0314,field,results,0,0,0
UASF_0314,field,runtime_contract,0,0,0
UASF_0314,field,semantic_facets,0,0,0
UASF_0314,field,source_span,0,0,0
UASF_0314,field,type_origin,0,0,0
UASF_0314,field,type_ref,0,0,0
UASF_0314,field,type_shape,0,0,0
UASF_0314,field,value,0,0,0
UASF_0314,relation,operation.kind,0,0,0
UASF_0314,relation,runtime.requires,0,0,0
UASF_0314,relation,type.origin,0,0,0
UASF_0315,facet,UASF_0315,1,1,448
UASF_0315,field,attributes,1,1,448
UASF_0315,field,extensions,1,1,448
UASF_0315,field,id,1,1,448
UASF_0315,field,kind,1,1,448
UASF_0315,field,operands,1,1,448
UASF_0315,field,operation,1,1,448
UASF_0315,field,results,1,1,448
UASF_0315,field,runtime_contract,1,1,448
UASF_0315,field,semantic_facets,1,1,448
UASF_0315,field,source_span,1,1,448
UASF_0315,field,type_ref,1,1,448
UASF_0315,field,type_shape,1,1,448
UASF_0315,field,value,1,1,448
UASF_0315,relation,operation.kind,1,1,448
UASF_0315,relation,runtime.requires,1,1,448
UASF_0316,facet,UASF_0316,0,0,0
UASF_0316,field,attributes,0,0,0
UASF_0316,field,constraints,0,0,0
UASF_0316,field,extensions,0,0,0
UASF_0316,field,id,0,0,0
UASF_0316,field,kind,0,0,0
UASF_0316,field,operands,0,0,0
UASF_0316,field,operation,0,0,0
UASF_0316,field,parameters,0,0,0
UASF_0316,field,results,0,0,0
UASF_0316,field,semantic_facets,0,0,0
UASF_0316,field,source_span,0,0,0
UASF_0316,field,value,0,0,0
UASF_0316,relation,operation.kind,0,0,0
UASF_0316,relation,template.instantiates,0,0,0
UASF_0317,facet,UASF_0317,0,0,0
UASF_0317,field,attributes,0,0,0
UASF_0317,field,constraints,0,0,0
UASF_0317,field,extensions,0,0,0
UASF_0317,field,id,0,0,0
UASF_0317,field,kind,0,0,0
UASF_0317,field,operation,0,0,0
UASF_0317,field,parameters,0,0,0
UASF_0317,field,semantic_facets,0,0,0
UASF_0317,field,source_span,0,0,0
UASF_0317,field,value,0,0,0
UASF_0317,relation,template.instantiates,0,0,0
UASF_0318,facet,UASF_0318,0,0,0
UASF_0318,field,attributes,0,0,0
UASF_0318,field,extensions,0,0,0
UASF_0318,field,id,0,0,0
UASF_0318,field,kind,0,0,0
UASF_0318,field,lifetime,0,0,0
UASF_0318,field,operands,0,0,0
UASF_0318,field,operation,0,0,0
UASF_0318,field,ownership,0,0,0
UASF_0318,field,results,0,0,0
UASF_0318,field,semantic_facets,0,0,0
UASF_0318,field,source_span,0,0,0
UASF_0318,relation,operation.kind,0,0,0
UASF_0319,facet,UASF_0319,0,0,0
UASF_0319,field,attributes,0,0,0
UASF_0319,field,extensions,0,0,0
UASF_0319,field,id,0,0,0
UASF_0319,field,kind,0,0,0
UASF_0319,field,lifetime,0,0,0
UASF_0319,field,ownership,0,0,0
UASF_0319,field,semantic_facets,0,0,0
UASF_0319,field,source_span,0,0,0
UASF_0319,field,value_category,0,0,0
UASF_0319,relation,value.category,0,0,0
UASF_0320,facet,UASF_0320,0,0,0
UASF_0320,field,attributes,0,0,0
UASF_0320,field,extensions,0,0,0
UASF_0320,field,id,0,0,0
UASF_0320,field,kind,0,0,0
UASF_0320,field,lifetime,0,0,0
UASF_0320,field,ownership,0,0,0
UASF_0320,field,provenance,0,0,0
UASF_0320,field,semantic_facets,0,0,0
UASF_0320,field,source_span,0,0,0
UASF_0320,field,storage,0,0,0
UASF_0320,relation,storage.resides_in,0,0,0
UASF_0321,facet,UASF_0321,0,0,0
UASF_0321,field,attributes,0,0,0
UASF_0321,field,extensions,0,0,0
UASF_0321,field,id,0,0,0
UASF_0321,field,kind,0,0,0
UASF_0321,field,lifetime,0,0,0
UASF_0321,field,semantic_facets,0,0,0
UASF_0321,field,source_span,0,0,0
UASF_0321,field,value_category,0,0,0
UASF_0321,relation,value.category,0,0,0
UASF_0322,facet,UASF_0322,0,0,0
UASF_0322,field,attributes,0,0,0
UASF_0322,field,candidates,0,0,0
UASF_0322,field,dispatch,0,0,0
UASF_0322,field,extensions,0,0,0
UASF_0322,field,id,0,0,0
UASF_0322,field,kind,0,0,0
UASF_0322,field,operands,0,0,0
UASF_0322,field,operation,0,0,0
UASF_0322,field,results,0,0,0
UASF_0322,field,semantic_facets,0,0,0
UASF_0322,field,source_span,0,0,0
UASF_0322,relation,operation.kind,0,0,0
UASF_0323,facet,UASF_0323,0,0,0
UASF_0323,field,attributes,0,0,0
UASF_0323,field,extensions,0,0,0
UASF_0323,field,id,0,0,0
UASF_0323,field,kind,0,0,0
UASF_0323,field,lifetime,0,0,0
UASF_0323,field,operands,0,0,0
UASF_0323,field,operation,0,0,0
UASF_0323,field,ownership,0,0,0
UASF_0323,field,results,0,0,0
UASF_0323,field,runtime_contract,0,0,0
UASF_0323,field,semantic_facets,0,0,0
UASF_0323,field,source_span,0,0,0
UASF_0323,field,type_ref,0,0,0
UASF_0323,field,type_shape,0,0,0
UASF_0323,relation,operation.kind,0,0,0
UASF_0323,relation,runtime.requires,0,0,0
UASF_0324,facet,UASF_0324,0,0,0
UASF_0324,field,attributes,0,0,0
UASF_0324,field,extensions,0,0,0
UASF_0324,field,id,0,0,0
UASF_0324,field,kind,0,0,0
UASF_0324,field,operands,0,0,0
UASF_0324,field,operation,0,0,0
UASF_0324,field,results,0,0,0
UASF_0324,field,runtime_contract,0,0,0
UASF_0324,field,semantic_facets,0,0,0
UASF_0324,field,source_span,0,0,0
UASF_0324,field,type_origin,0,0,0
UASF_0324,field,type_ref,0,0,0
UASF_0324,field,type_shape,0,0,0
UASF_0324,relation,operation.kind,0,0,0
UASF_0324,relation,runtime.requires,0,0,0
UASF_0324,relation,type.origin,0,0,0
UASF_0325,facet,UASF_0325,1,1,228
UASF_0325,field,attributes,1,1,228
UASF_0325,field,extensions,1,1,228
UASF_0325,field,id,1,1,228
UASF_0325,field,kind,1,1,228
UASF_0325,field,operands,1,1,228
UASF_0325,field,operation,1,1,228
UASF_0325,field,results,1,1,228
UASF_0325,field,runtime_contract,1,1,228
UASF_0325,field,semantic_facets,1,1,228
UASF_0325,field,source_span,1,1,228
UASF_0325,field,type_ref,1,1,228
UASF_0325,field,type_shape,1,1,228
UASF_0325,relation,operation.kind,1,1,228
UASF_0325,relation,runtime.requires,1,1,228
UASF_0326,facet,UASF_0326,0,0,0
UASF_0326,field,attributes,0,0,0
UASF_0326,field,binding_refs,0,0,0
UASF_0326,field,extensions,0,0,0
UASF_0326,field,id,0,0,0
UASF_0326,field,kind,0,0,0
UASF_0326,field,operands,0,0,0
UASF_0326,field,operation,0,0,0
UASF_0326,field,results,0,0,0
UASF_0326,field,scope_id,0,0,0
UASF_0326,field,semantic_facets,0,0,0
UASF_0326,field,source_span,0,0,0
UASF_0326,field,type_origin,0,0,0
UASF_0326,field,type_ref,0,0,0
UASF_0326,field,type_shape,0,0,0
UASF_0326,relation,operation.kind,0,0,0
UASF_0326,relation,type.origin,0,0,0
UASF_0327,facet,UASF_0327,0,0,0
UASF_0327,field,attributes,0,0,0
UASF_0327,field,binding_refs,0,0,0
UASF_0327,field,extensions,0,0,0
UASF_0327,field,id,0,0,0
UASF_0327,field,kind,0,0,0
UASF_0327,field,operands,0,0,0
UASF_0327,field,operation,0,0,0
UASF_0327,field,results,0,0,0
UASF_0327,field,scope_id,0,0,0
UASF_0327,field,semantic_facets,0,0,0
UASF_0327,field,source_span,0,0,0
UASF_0327,field,type_ref,0,0,0
UASF_0327,field,type_shape,0,0,0
UASF_0327,relation,operation.kind,0,0,0
UASF_0328,facet,UASF_0328,0,0,0
UASF_0328,field,attributes,0,0,0
UASF_0328,field,candidates,0,0,0
UASF_0328,field,constraints,0,0,0
UASF_0328,field,dispatch,0,0,0
UASF_0328,field,extensions,0,0,0
UASF_0328,field,id,0,0,0
UASF_0328,field,kind,0,0,0
UASF_0328,field,parameters,0,0,0
UASF_0328,field,semantic_facets,0,0,0
UASF_0328,field,source_span,0,0,0
UASF_0328,relation,template.instantiates,0,0,0
UASF_0329,facet,UASF_0329,0,0,0
UASF_0329,field,attributes,0,0,0
UASF_0329,field,candidates,0,0,0
UASF_0329,field,constraints,0,0,0
UASF_0329,field,dispatch,0,0,0
UASF_0329,field,extensions,0,0,0
UASF_0329,field,id,0,0,0
UASF_0329,field,kind,0,0,0
UASF_0329,field,parameters,0,0,0
UASF_0329,field,semantic_facets,0,0,0
UASF_0329,field,source_span,0,0,0
UASF_0329,field,type_origin,0,0,0
UASF_0329,field,type_ref,0,0,0
UASF_0329,relation,template.instantiates,0,0,0
UASF_0329,relation,type.origin,0,0,0
UASF_0330,facet,UASF_0330,0,0,0
UASF_0330,field,attributes,0,0,0
UASF_0330,field,binding_refs,0,0,0
UASF_0330,field,extensions,0,0,0
UASF_0330,field,id,0,0,0
UASF_0330,field,kind,0,0,0
UASF_0330,field,lifetime,0,0,0
UASF_0330,field,ownership,0,0,0
UASF_0330,field,scope_id,0,0,0
UASF_0330,field,semantic_facets,0,0,0
UASF_0330,field,source_span,0,0,0
UASF_0330,field,type_origin,0,0,0
UASF_0330,field,type_ref,0,0,0
UASF_0330,field,type_shape,0,0,0
UASF_0330,relation,type.origin,0,0,0
UASF_0331,facet,UASF_0331,0,0,0
UASF_0331,field,attributes,0,0,0
UASF_0331,field,extensions,0,0,0
UASF_0331,field,id,0,0,0
UASF_0331,field,kind,0,0,0
UASF_0331,field,runtime_contract,0,0,0
UASF_0331,field,semantic_facets,0,0,0
UASF_0331,field,source_span,0,0,0
UASF_0331,field,type_ref,0,0,0
UASF_0331,field,type_shape,0,0,0
UASF_0331,relation,runtime.requires,0,0,0
UASF_0332,facet,UASF_0332,0,0,0
UASF_0332,field,attributes,0,0,0
UASF_0332,field,binding_refs,0,0,0
UASF_0332,field,extensions,0,0,0
UASF_0332,field,id,0,0,0
UASF_0332,field,kind,0,0,0
UASF_0332,field,scope_id,0,0,0
UASF_0332,field,semantic_facets,0,0,0
UASF_0332,field,source_span,0,0,0
UASF_0332,field,type_origin,0,0,0
UASF_0332,field,type_ref,0,0,0
UASF_0332,field,validation,0,0,0
UASF_0332,relation,type.origin,0,0,0
UASF_0332,relation,validation.proves,0,0,0
UASF_0333,facet,UASF_0333,0,0,0
UASF_0333,field,attributes,0,0,0
UASF_0333,field,extensions,0,0,0
UASF_0333,field,id,0,0,0
UASF_0333,field,kind,0,0,0
UASF_0333,field,semantic_facets,0,0,0
UASF_0333,field,source_span,0,0,0
UASF_0333,field,type_origin,0,0,0
UASF_0333,field,type_ref,0,0,0
UASF_0333,field,type_shape,0,0,0
UASF_0333,relation,type.origin,0,0,0
UASF_0334,facet,UASF_0334,0,0,0
UASF_0334,field,attributes,0,0,0
UASF_0334,field,extensions,0,0,0
UASF_0334,field,id,0,0,0
UASF_0334,field,kind,0,0,0
UASF_0334,field,semantic_facets,0,0,0
UASF_0334,field,source_span,0,0,0
UASF_0334,field,type_ref,0,0,0
UASF_0334,field,type_shape,0,0,0
UASF_0334,field,validation,0,0,0
UASF_0334,relation,contract.requires,0,0,0
UASF_0334,relation,type.constraint,0,0,0
UASF_0334,relation,type.convert,0,0,0
UASF_0334,relation,type.has,0,0,0
UASF_0334,relation,type.origin,0,0,0
UASF_0334,relation,type.parameter,0,0,0
UASF_0334,relation,validation.proves,0,0,0
UASF_0334,structure,GenericParam,0,0,0
UASF_0334,structure,Instantiation,0,0,0
UASF_0334,structure,TypeSet,0,0,0
