failure_id,case_id,feature,value
671278318666a7992547ff32b6ecc4503e89a54fb05e040fa5b74452861114b0,3e531b8594303528a4170d63b7af69b2614ac91094cea78dc1b6f244d4c9271b,stage,V4_NATIVE_EMISSION
671278318666a7992547ff32b6ecc4503e89a54fb05e040fa5b74452861114b0,3e531b8594303528a4170d63b7af69b2614ac91094cea78dc1b6f244d4c9271b,class,BACKEND
3e01f2fe029d44372d0af22a68156a6dcd1e4152a4b39ae3ea797d39fa349ccc,3e531b8594303528a4170d63b7af69b2614ac91094cea78dc1b6f244d4c9271b,stage,V4_NATIVE_EMISSION
3e01f2fe029d44372d0af22a68156a6dcd1e4152a4b39ae3ea797d39fa349ccc,3e531b8594303528a4170d63b7af69b2614ac91094cea78dc1b6f244d4c9271b,class,BACKEND
f828697d9185555997353e56292fd44729ef8b09f088503e3078277b67306cc0,3e531b8594303528a4170d63b7af69b2614ac91094cea78dc1b6f244d4c9271b,stage,V4_NATIVE_EMISSION
f828697d9185555997353e56292fd44729ef8b09f088503e3078277b67306cc0,3e531b8594303528a4170d63b7af69b2614ac91094cea78dc1b6f244d4c9271b,class,BACKEND
4d24e6adee382a1cb64f97c2f2f83c5d449c55b980f2f9593488a043c4eef015,3e531b8594303528a4170d63b7af69b2614ac91094cea78dc1b6f244d4c9271b,stage,V4_NATIVE_EMISSION
4d24e6adee382a1cb64f97c2f2f83c5d449c55b980f2f9593488a043c4eef015,3e531b8594303528a4170d63b7af69b2614ac91094cea78dc1b6f244d4c9271b,class,BACKEND
70fbf3e9a222385c5ed5703187229b00b761f7fe4ae88b68bcd01b8aec80eeba,3e531b8594303528a4170d63b7af69b2614ac91094cea78dc1b6f244d4c9271b,stage,V4_NATIVE_EMISSION
70fbf3e9a222385c5ed5703187229b00b761f7fe4ae88b68bcd01b8aec80eeba,3e531b8594303528a4170d63b7af69b2614ac91094cea78dc1b6f244d4c9271b,class,BACKEND
0c4416e9436b8ac5dcf7ce055b331256950b7beb8b202a308da90aa21c7ef89f,3e531b8594303528a4170d63b7af69b2614ac91094cea78dc1b6f244d4c9271b,stage,V4_NATIVE_EMISSION
0c4416e9436b8ac5dcf7ce055b331256950b7beb8b202a308da90aa21c7ef89f,3e531b8594303528a4170d63b7af69b2614ac91094cea78dc1b6f244d4c9271b,class,BACKEND
211d0085638142841aecde81f677066ce44eb92e225726a84a03e68acb5731da,3e531b8594303528a4170d63b7af69b2614ac91094cea78dc1b6f244d4c9271b,stage,V4_NATIVE_EMISSION
211d0085638142841aecde81f677066ce44eb92e225726a84a03e68acb5731da,3e531b8594303528a4170d63b7af69b2614ac91094cea78dc1b6f244d4c9271b,class,BACKEND
840da942ea070426cf17539d38c40ce748e1f85759ef7c8fee988222ecf3fa05,3e531b8594303528a4170d63b7af69b2614ac91094cea78dc1b6f244d4c9271b,stage,V4_NATIVE_EMISSION
840da942ea070426cf17539d38c40ce748e1f85759ef7c8fee988222ecf3fa05,3e531b8594303528a4170d63b7af69b2614ac91094cea78dc1b6f244d4c9271b,class,BACKEND
3abc7ecd032424d2f5ed5b908cbda5b2aa9f4ccebd755e1e18a641957a7f77e5,3e531b8594303528a4170d63b7af69b2614ac91094cea78dc1b6f244d4c9271b,stage,V4_NATIVE_EMISSION
3abc7ecd032424d2f5ed5b908cbda5b2aa9f4ccebd755e1e18a641957a7f77e5,3e531b8594303528a4170d63b7af69b2614ac91094cea78dc1b6f244d4c9271b,class,BACKEND
7c68076e82f922f30aabed5c61f6580b975ecd99bbb65afa423334f5e13d12c0,3e531b8594303528a4170d63b7af69b2614ac91094cea78dc1b6f244d4c9271b,stage,V4_NATIVE_EMISSION
7c68076e82f922f30aabed5c61f6580b975ecd99bbb65afa423334f5e13d12c0,3e531b8594303528a4170d63b7af69b2614ac91094cea78dc1b6f244d4c9271b,class,BACKEND
93cfdc9ffaaa70e53e901079fea90c270163ad3766fd146ce06f57c2f077fefd,3e531b8594303528a4170d63b7af69b2614ac91094cea78dc1b6f244d4c9271b,stage,V4_NATIVE_EMISSION
93cfdc9ffaaa70e53e901079fea90c270163ad3766fd146ce06f57c2f077fefd,3e531b8594303528a4170d63b7af69b2614ac91094cea78dc1b6f244d4c9271b,class,BACKEND
fdb9771c063702c24475b3e72606985843899139cba38d1972cb58d3eb5b12da,3e531b8594303528a4170d63b7af69b2614ac91094cea78dc1b6f244d4c9271b,stage,V4_NATIVE_EMISSION
fdb9771c063702c24475b3e72606985843899139cba38d1972cb58d3eb5b12da,3e531b8594303528a4170d63b7af69b2614ac91094cea78dc1b6f244d4c9271b,class,BACKEND
e92d7df96244a5bf7503625f8d509093db4bff33fe7b9b460dcb80264e6f24d7,9ae2b00fa5a08dbbbe0597af39d831329d97cd18daaa13b9c41b101d67ff1b66,stage,V4_NATIVE_EMISSION
e92d7df96244a5bf7503625f8d509093db4bff33fe7b9b460dcb80264e6f24d7,9ae2b00fa5a08dbbbe0597af39d831329d97cd18daaa13b9c41b101d67ff1b66,class,BACKEND
138b0f95d3b6b6bcbf9b85814a1b6d0bb0c0e946fecd8f80bbb5437d84edacfb,9ae2b00fa5a08dbbbe0597af39d831329d97cd18daaa13b9c41b101d67ff1b66,stage,V4_NATIVE_EMISSION
138b0f95d3b6b6bcbf9b85814a1b6d0bb0c0e946fecd8f80bbb5437d84edacfb,9ae2b00fa5a08dbbbe0597af39d831329d97cd18daaa13b9c41b101d67ff1b66,class,BACKEND
8b54f02cefb7b1240c228551be69f5354a1b349f46cdc9722fe57e00373b0b8c,9ae2b00fa5a08dbbbe0597af39d831329d97cd18daaa13b9c41b101d67ff1b66,stage,V4_NATIVE_EMISSION
8b54f02cefb7b1240c228551be69f5354a1b349f46cdc9722fe57e00373b0b8c,9ae2b00fa5a08dbbbe0597af39d831329d97cd18daaa13b9c41b101d67ff1b66,class,BACKEND
5a1c6466b864c43492fdec982fdc44bcb78a62be0b7b7072bc9ea8f34b079256,9ae2b00fa5a08dbbbe0597af39d831329d97cd18daaa13b9c41b101d67ff1b66,stage,V4_NATIVE_EMISSION
5a1c6466b864c43492fdec982fdc44bcb78a62be0b7b7072bc9ea8f34b079256,9ae2b00fa5a08dbbbe0597af39d831329d97cd18daaa13b9c41b101d67ff1b66,class,BACKEND
158c42809bbfac28600170f28d0111f07c8a3398cf823d2fcce5645a46e97772,9ae2b00fa5a08dbbbe0597af39d831329d97cd18daaa13b9c41b101d67ff1b66,stage,V4_NATIVE_EMISSION
158c42809bbfac28600170f28d0111f07c8a3398cf823d2fcce5645a46e97772,9ae2b00fa5a08dbbbe0597af39d831329d97cd18daaa13b9c41b101d67ff1b66,class,BACKEND
7dc67859d0dfdde8bf37e8523bb224c0c6654a2dc96a445ee8487095cce6db0e,9ae2b00fa5a08dbbbe0597af39d831329d97cd18daaa13b9c41b101d67ff1b66,stage,V4_NATIVE_EMISSION
7dc67859d0dfdde8bf37e8523bb224c0c6654a2dc96a445ee8487095cce6db0e,9ae2b00fa5a08dbbbe0597af39d831329d97cd18daaa13b9c41b101d67ff1b66,class,BACKEND
77b9153dac2ed16bf8e237a06acd1b0a73d710499a5a315062b1578e742932a8,9ae2b00fa5a08dbbbe0597af39d831329d97cd18daaa13b9c41b101d67ff1b66,stage,V4_NATIVE_EMISSION
77b9153dac2ed16bf8e237a06acd1b0a73d710499a5a315062b1578e742932a8,9ae2b00fa5a08dbbbe0597af39d831329d97cd18daaa13b9c41b101d67ff1b66,class,BACKEND
4e7f2562478ce462e7ede1f019af756d917042e99babf9a42636d41284b7af5b,9ae2b00fa5a08dbbbe0597af39d831329d97cd18daaa13b9c41b101d67ff1b66,stage,V4_NATIVE_EMISSION
4e7f2562478ce462e7ede1f019af756d917042e99babf9a42636d41284b7af5b,9ae2b00fa5a08dbbbe0597af39d831329d97cd18daaa13b9c41b101d67ff1b66,class,BACKEND
7460d8756667aa81d1908501f8000485dffb47c7e407899dc64ac85d2ec54775,9ae2b00fa5a08dbbbe0597af39d831329d97cd18daaa13b9c41b101d67ff1b66,stage,V4_NATIVE_EMISSION
7460d8756667aa81d1908501f8000485dffb47c7e407899dc64ac85d2ec54775,9ae2b00fa5a08dbbbe0597af39d831329d97cd18daaa13b9c41b101d67ff1b66,class,BACKEND
da55007f2a5613de4e72c4b936181f81bb286364cbf9dc464ea5aeb0ab7b0fa3,9ae2b00fa5a08dbbbe0597af39d831329d97cd18daaa13b9c41b101d67ff1b66,stage,V4_NATIVE_EMISSION
da55007f2a5613de4e72c4b936181f81bb286364cbf9dc464ea5aeb0ab7b0fa3,9ae2b00fa5a08dbbbe0597af39d831329d97cd18daaa13b9c41b101d67ff1b66,class,BACKEND
ec9fe77b8b8ade0a5e62dd682dc97a3423b76cf9e2473a501a39a982c3439fd8,9ae2b00fa5a08dbbbe0597af39d831329d97cd18daaa13b9c41b101d67ff1b66,stage,V4_NATIVE_EMISSION
ec9fe77b8b8ade0a5e62dd682dc97a3423b76cf9e2473a501a39a982c3439fd8,9ae2b00fa5a08dbbbe0597af39d831329d97cd18daaa13b9c41b101d67ff1b66,class,BACKEND
c9a6414ccdb3cd67d5714eb36523a0b4c6a9b912d4885520f42068bcd9621a3f,9ae2b00fa5a08dbbbe0597af39d831329d97cd18daaa13b9c41b101d67ff1b66,stage,V4_NATIVE_EMISSION
c9a6414ccdb3cd67d5714eb36523a0b4c6a9b912d4885520f42068bcd9621a3f,9ae2b00fa5a08dbbbe0597af39d831329d97cd18daaa13b9c41b101d67ff1b66,class,BACKEND
2752e15f4b5b55cd2e2d5159887279427a269ceb0171e2c5215dde9d1ad5a0bb,c3ac1648607d82b0fed158073e1fb4467f0a13e380784234a9bc8127a4aabb38,stage,V4_NATIVE_EMISSION
2752e15f4b5b55cd2e2d5159887279427a269ceb0171e2c5215dde9d1ad5a0bb,c3ac1648607d82b0fed158073e1fb4467f0a13e380784234a9bc8127a4aabb38,class,BACKEND
a5cd228a28eedab9848f9106bc49827327d4882e02adac5f98637457b3db86da,c3ac1648607d82b0fed158073e1fb4467f0a13e380784234a9bc8127a4aabb38,stage,V4_NATIVE_EMISSION
a5cd228a28eedab9848f9106bc49827327d4882e02adac5f98637457b3db86da,c3ac1648607d82b0fed158073e1fb4467f0a13e380784234a9bc8127a4aabb38,class,BACKEND
24ac4cdf68f6497ac77c2930e37d3fa4500838ad3083705975be6a5b19fc25d5,c3ac1648607d82b0fed158073e1fb4467f0a13e380784234a9bc8127a4aabb38,stage,V4_NATIVE_EMISSION
24ac4cdf68f6497ac77c2930e37d3fa4500838ad3083705975be6a5b19fc25d5,c3ac1648607d82b0fed158073e1fb4467f0a13e380784234a9bc8127a4aabb38,class,BACKEND
9658cdada77bbafbcc70c96fe9fa8fb5d659006ea28783882edf89e91eddd5d4,c3ac1648607d82b0fed158073e1fb4467f0a13e380784234a9bc8127a4aabb38,stage,V4_NATIVE_EMISSION
9658cdada77bbafbcc70c96fe9fa8fb5d659006ea28783882edf89e91eddd5d4,c3ac1648607d82b0fed158073e1fb4467f0a13e380784234a9bc8127a4aabb38,class,BACKEND
1df6d1bbecc548ffe3b1f1356c3df817ae01c53384f7f5522624cd730ffd8c80,e7a9581fa87fe139220410f599b8ac680f90124ec26b0250713d3495f50725fc,stage,V4_NATIVE_EMISSION
1df6d1bbecc548ffe3b1f1356c3df817ae01c53384f7f5522624cd730ffd8c80,e7a9581fa87fe139220410f599b8ac680f90124ec26b0250713d3495f50725fc,class,BACKEND
d1e5db170765a4cb6dbbdd913e2848fa0fb7f249bd39c938f4d260754a3e65c4,e7a9581fa87fe139220410f599b8ac680f90124ec26b0250713d3495f50725fc,stage,V4_NATIVE_EMISSION
d1e5db170765a4cb6dbbdd913e2848fa0fb7f249bd39c938f4d260754a3e65c4,e7a9581fa87fe139220410f599b8ac680f90124ec26b0250713d3495f50725fc,class,BACKEND
611e6be57ed8648a4a2002fe2d369f5b94da5f522d07156380dafa783e87ed91,e7a9581fa87fe139220410f599b8ac680f90124ec26b0250713d3495f50725fc,stage,V4_NATIVE_EMISSION
611e6be57ed8648a4a2002fe2d369f5b94da5f522d07156380dafa783e87ed91,e7a9581fa87fe139220410f599b8ac680f90124ec26b0250713d3495f50725fc,class,BACKEND
e7a2592152a52c52b69e72a68cc386f4a527d5c87ca76d873f1ff6dd3bc1f65c,e7a9581fa87fe139220410f599b8ac680f90124ec26b0250713d3495f50725fc,stage,V4_NATIVE_EMISSION
e7a2592152a52c52b69e72a68cc386f4a527d5c87ca76d873f1ff6dd3bc1f65c,e7a9581fa87fe139220410f599b8ac680f90124ec26b0250713d3495f50725fc,class,BACKEND
48d4d8025cd065b5dd292e9b8da2a7a56b8e521dcfb236384b558f133db00e87,e7a9581fa87fe139220410f599b8ac680f90124ec26b0250713d3495f50725fc,stage,V4_NATIVE_EMISSION
48d4d8025cd065b5dd292e9b8da2a7a56b8e521dcfb236384b558f133db00e87,e7a9581fa87fe139220410f599b8ac680f90124ec26b0250713d3495f50725fc,class,BACKEND
7170f754d0ef11c39f4bdabc451a26e2bc1c71c32229fa193253882700c32081,e7a9581fa87fe139220410f599b8ac680f90124ec26b0250713d3495f50725fc,stage,V4_NATIVE_EMISSION
7170f754d0ef11c39f4bdabc451a26e2bc1c71c32229fa193253882700c32081,e7a9581fa87fe139220410f599b8ac680f90124ec26b0250713d3495f50725fc,class,BACKEND
ee1de58bef82da0e605fd8dbfaf74f19baf0395280e404eacd984cf5e6842cd7,e7a9581fa87fe139220410f599b8ac680f90124ec26b0250713d3495f50725fc,stage,V4_NATIVE_EMISSION
ee1de58bef82da0e605fd8dbfaf74f19baf0395280e404eacd984cf5e6842cd7,e7a9581fa87fe139220410f599b8ac680f90124ec26b0250713d3495f50725fc,class,BACKEND
c7d85dc758850e706ae115e7b080e816208c9ce562b62fd3142d49fdabdb2582,e7a9581fa87fe139220410f599b8ac680f90124ec26b0250713d3495f50725fc,stage,V4_NATIVE_EMISSION
c7d85dc758850e706ae115e7b080e816208c9ce562b62fd3142d49fdabdb2582,e7a9581fa87fe139220410f599b8ac680f90124ec26b0250713d3495f50725fc,class,BACKEND
9f0dfd46336f5f4ce14ce9010723a021a31d47f20b19a800210a4bb567e5b5e4,e7a9581fa87fe139220410f599b8ac680f90124ec26b0250713d3495f50725fc,stage,V4_NATIVE_EMISSION
9f0dfd46336f5f4ce14ce9010723a021a31d47f20b19a800210a4bb567e5b5e4,e7a9581fa87fe139220410f599b8ac680f90124ec26b0250713d3495f50725fc,class,BACKEND
5c24cfba2eb2920ee7125664285308103f83ed6633206bdc78294f35687bb4b3,e7a9581fa87fe139220410f599b8ac680f90124ec26b0250713d3495f50725fc,stage,V4_NATIVE_EMISSION
5c24cfba2eb2920ee7125664285308103f83ed6633206bdc78294f35687bb4b3,e7a9581fa87fe139220410f599b8ac680f90124ec26b0250713d3495f50725fc,class,BACKEND
0fc64bf28367fddfc7301913b5cd3c1d5d4b84eec6f90fcd1492ef4a07473d3a,e7a9581fa87fe139220410f599b8ac680f90124ec26b0250713d3495f50725fc,stage,V4_NATIVE_EMISSION
0fc64bf28367fddfc7301913b5cd3c1d5d4b84eec6f90fcd1492ef4a07473d3a,e7a9581fa87fe139220410f599b8ac680f90124ec26b0250713d3495f50725fc,class,BACKEND
add340453ad25166866b8213f53b1a0ebf5851a25ed2642f50b4838cccb8f281,e7a9581fa87fe139220410f599b8ac680f90124ec26b0250713d3495f50725fc,stage,V4_NATIVE_EMISSION
add340453ad25166866b8213f53b1a0ebf5851a25ed2642f50b4838cccb8f281,e7a9581fa87fe139220410f599b8ac680f90124ec26b0250713d3495f50725fc,class,BACKEND
db2c6faaaded1c11e05877a03b5994f72f34c6c7c0ac5a97bca029d6c531a19c,e7a9581fa87fe139220410f599b8ac680f90124ec26b0250713d3495f50725fc,stage,V4_NATIVE_EMISSION
db2c6faaaded1c11e05877a03b5994f72f34c6c7c0ac5a97bca029d6c531a19c,e7a9581fa87fe139220410f599b8ac680f90124ec26b0250713d3495f50725fc,class,BACKEND
098a1cd6861d0ee5844f11f0e51671d96743c02425271d57375bbaa3a5a97802,ca031a8a33e26e35c82e5968a2c15d5b89e42de701b6ec44cd689832e279172e,stage,V4_NATIVE_EMISSION
098a1cd6861d0ee5844f11f0e51671d96743c02425271d57375bbaa3a5a97802,ca031a8a33e26e35c82e5968a2c15d5b89e42de701b6ec44cd689832e279172e,class,BACKEND
9df5f5ca4f530d7cf8afa39c4f4a161953ead0f81c3d9d47f91db9ffab07d0f6,ca031a8a33e26e35c82e5968a2c15d5b89e42de701b6ec44cd689832e279172e,stage,V4_NATIVE_EMISSION
9df5f5ca4f530d7cf8afa39c4f4a161953ead0f81c3d9d47f91db9ffab07d0f6,ca031a8a33e26e35c82e5968a2c15d5b89e42de701b6ec44cd689832e279172e,class,BACKEND
5a4574114708f9e672620e0efe3714d7c15f53fbf24c2bf0bb849a6bd82be405,ca031a8a33e26e35c82e5968a2c15d5b89e42de701b6ec44cd689832e279172e,stage,V4_NATIVE_EMISSION
5a4574114708f9e672620e0efe3714d7c15f53fbf24c2bf0bb849a6bd82be405,ca031a8a33e26e35c82e5968a2c15d5b89e42de701b6ec44cd689832e279172e,class,BACKEND
74df1e670b7721f1e98e6031625c4f6df15a1490ef74549ad63766a67f3aa969,ca031a8a33e26e35c82e5968a2c15d5b89e42de701b6ec44cd689832e279172e,stage,V4_NATIVE_EMISSION
74df1e670b7721f1e98e6031625c4f6df15a1490ef74549ad63766a67f3aa969,ca031a8a33e26e35c82e5968a2c15d5b89e42de701b6ec44cd689832e279172e,class,BACKEND
2ff4bcdbcbf3693ca2b01cbf69e9fa1024eddf61471da4e22874ca20df01ed55,ca031a8a33e26e35c82e5968a2c15d5b89e42de701b6ec44cd689832e279172e,stage,V4_NATIVE_EMISSION
2ff4bcdbcbf3693ca2b01cbf69e9fa1024eddf61471da4e22874ca20df01ed55,ca031a8a33e26e35c82e5968a2c15d5b89e42de701b6ec44cd689832e279172e,class,BACKEND
80ae9f97e42c46636c372b57d4b02ebb4d57102fe8800f46ae4c5b79f1cc6f98,ca031a8a33e26e35c82e5968a2c15d5b89e42de701b6ec44cd689832e279172e,stage,V4_NATIVE_EMISSION
80ae9f97e42c46636c372b57d4b02ebb4d57102fe8800f46ae4c5b79f1cc6f98,ca031a8a33e26e35c82e5968a2c15d5b89e42de701b6ec44cd689832e279172e,class,BACKEND
3b48d23c2cfd14b1f93826ac34b0df11bf8f873cf18f9d7cc59c89ee0e4ca791,ca031a8a33e26e35c82e5968a2c15d5b89e42de701b6ec44cd689832e279172e,stage,V4_NATIVE_EMISSION
3b48d23c2cfd14b1f93826ac34b0df11bf8f873cf18f9d7cc59c89ee0e4ca791,ca031a8a33e26e35c82e5968a2c15d5b89e42de701b6ec44cd689832e279172e,class,BACKEND
82f9143b6527f3977b8b9bf23f6e617f1f40e6f482e4fd816dcd6c915d8953f8,ca031a8a33e26e35c82e5968a2c15d5b89e42de701b6ec44cd689832e279172e,stage,V4_NATIVE_EMISSION
82f9143b6527f3977b8b9bf23f6e617f1f40e6f482e4fd816dcd6c915d8953f8,ca031a8a33e26e35c82e5968a2c15d5b89e42de701b6ec44cd689832e279172e,class,BACKEND
c5298ba0530f456203222eef3935a3f2da07a1b3cb3e046805f50155820e7b4e,ca031a8a33e26e35c82e5968a2c15d5b89e42de701b6ec44cd689832e279172e,stage,V4_NATIVE_EMISSION
c5298ba0530f456203222eef3935a3f2da07a1b3cb3e046805f50155820e7b4e,ca031a8a33e26e35c82e5968a2c15d5b89e42de701b6ec44cd689832e279172e,class,BACKEND
5928db329258b9fd899c4678433474d173761c842459521be3262f1079d1a48b,ca031a8a33e26e35c82e5968a2c15d5b89e42de701b6ec44cd689832e279172e,stage,V4_NATIVE_EMISSION
5928db329258b9fd899c4678433474d173761c842459521be3262f1079d1a48b,ca031a8a33e26e35c82e5968a2c15d5b89e42de701b6ec44cd689832e279172e,class,BACKEND
33327ff45022ee9a8bcef30802a36bc79a45710de4b4caece54cf48f371f6e57,ca031a8a33e26e35c82e5968a2c15d5b89e42de701b6ec44cd689832e279172e,stage,V4_NATIVE_EMISSION
33327ff45022ee9a8bcef30802a36bc79a45710de4b4caece54cf48f371f6e57,ca031a8a33e26e35c82e5968a2c15d5b89e42de701b6ec44cd689832e279172e,class,BACKEND
d303afc3f269cb670d9cb1cc573e42c1a9bc4047b1e2d507f24af2be8ed67325,ca031a8a33e26e35c82e5968a2c15d5b89e42de701b6ec44cd689832e279172e,stage,V4_NATIVE_EMISSION
d303afc3f269cb670d9cb1cc573e42c1a9bc4047b1e2d507f24af2be8ed67325,ca031a8a33e26e35c82e5968a2c15d5b89e42de701b6ec44cd689832e279172e,class,BACKEND
16aaf78126d21aebf5ff48838a3cfec41a125454fd2048bd601f4ad57da20a14,ca031a8a33e26e35c82e5968a2c15d5b89e42de701b6ec44cd689832e279172e,stage,V4_NATIVE_EMISSION
16aaf78126d21aebf5ff48838a3cfec41a125454fd2048bd601f4ad57da20a14,ca031a8a33e26e35c82e5968a2c15d5b89e42de701b6ec44cd689832e279172e,class,BACKEND
c929963e3bd28edeab75f0615317fe26fda2905d4bc3be8e06abd5460a733b6d,10a53b2e7b97749d7d799490afe8c585cc14242e371bd1cfcaa8b79d5daea957,stage,V4_NATIVE_EMISSION
c929963e3bd28edeab75f0615317fe26fda2905d4bc3be8e06abd5460a733b6d,10a53b2e7b97749d7d799490afe8c585cc14242e371bd1cfcaa8b79d5daea957,class,BACKEND
8bf99a6184c0e15a1dc7ed86988215aef792c545ac43179a24cd320767e4b00b,10a53b2e7b97749d7d799490afe8c585cc14242e371bd1cfcaa8b79d5daea957,stage,V4_NATIVE_EMISSION
8bf99a6184c0e15a1dc7ed86988215aef792c545ac43179a24cd320767e4b00b,10a53b2e7b97749d7d799490afe8c585cc14242e371bd1cfcaa8b79d5daea957,class,BACKEND
4a590225d2b714efcb49e78bf53178b687d016a6c9e6a83804724312ab9faeb4,10a53b2e7b97749d7d799490afe8c585cc14242e371bd1cfcaa8b79d5daea957,stage,V4_NATIVE_EMISSION
4a590225d2b714efcb49e78bf53178b687d016a6c9e6a83804724312ab9faeb4,10a53b2e7b97749d7d799490afe8c585cc14242e371bd1cfcaa8b79d5daea957,class,BACKEND
c3bcfb0acc8e9fcc55f5ff3cd004a92e2d60a7a6288aea05eb118af4860e071d,10a53b2e7b97749d7d799490afe8c585cc14242e371bd1cfcaa8b79d5daea957,stage,V4_NATIVE_EMISSION
c3bcfb0acc8e9fcc55f5ff3cd004a92e2d60a7a6288aea05eb118af4860e071d,10a53b2e7b97749d7d799490afe8c585cc14242e371bd1cfcaa8b79d5daea957,class,BACKEND
a3d201e5f0a78a3755e542841bbf404b7fed5d7771a1d2c15e2349a3316c8fce,10a53b2e7b97749d7d799490afe8c585cc14242e371bd1cfcaa8b79d5daea957,stage,V4_NATIVE_EMISSION
a3d201e5f0a78a3755e542841bbf404b7fed5d7771a1d2c15e2349a3316c8fce,10a53b2e7b97749d7d799490afe8c585cc14242e371bd1cfcaa8b79d5daea957,class,BACKEND
af6c0d19bcfcb33203096e3ce948849dc706de6e00474c5cbeeff0013b22ef01,10a53b2e7b97749d7d799490afe8c585cc14242e371bd1cfcaa8b79d5daea957,stage,V4_NATIVE_EMISSION
af6c0d19bcfcb33203096e3ce948849dc706de6e00474c5cbeeff0013b22ef01,10a53b2e7b97749d7d799490afe8c585cc14242e371bd1cfcaa8b79d5daea957,class,BACKEND
52721e5e490f32a36b333648f72409263cc34cd5127b74046fc492bdfba7ad81,10a53b2e7b97749d7d799490afe8c585cc14242e371bd1cfcaa8b79d5daea957,stage,V4_NATIVE_EMISSION
52721e5e490f32a36b333648f72409263cc34cd5127b74046fc492bdfba7ad81,10a53b2e7b97749d7d799490afe8c585cc14242e371bd1cfcaa8b79d5daea957,class,BACKEND
d0f57bf701b4b6076ab03499f59daea579e90938886491bb89e24ceb6cfce526,10a53b2e7b97749d7d799490afe8c585cc14242e371bd1cfcaa8b79d5daea957,stage,V4_NATIVE_EMISSION
d0f57bf701b4b6076ab03499f59daea579e90938886491bb89e24ceb6cfce526,10a53b2e7b97749d7d799490afe8c585cc14242e371bd1cfcaa8b79d5daea957,class,BACKEND
802432bd41f71f6b7caa423f9e1bebac688f131ebeb7ca705967f017a110446c,10a53b2e7b97749d7d799490afe8c585cc14242e371bd1cfcaa8b79d5daea957,stage,V4_NATIVE_EMISSION
802432bd41f71f6b7caa423f9e1bebac688f131ebeb7ca705967f017a110446c,10a53b2e7b97749d7d799490afe8c585cc14242e371bd1cfcaa8b79d5daea957,class,BACKEND
8662cee720bc5ab8a05b3679da3d508bcf02bc5719321434a29800de15485711,10a53b2e7b97749d7d799490afe8c585cc14242e371bd1cfcaa8b79d5daea957,stage,V4_NATIVE_EMISSION
8662cee720bc5ab8a05b3679da3d508bcf02bc5719321434a29800de15485711,10a53b2e7b97749d7d799490afe8c585cc14242e371bd1cfcaa8b79d5daea957,class,BACKEND
b34957236fbfba628d69b035958a149bf5a735b0421f11bd91adfa90df8c55a4,10a53b2e7b97749d7d799490afe8c585cc14242e371bd1cfcaa8b79d5daea957,stage,V4_NATIVE_EMISSION
b34957236fbfba628d69b035958a149bf5a735b0421f11bd91adfa90df8c55a4,10a53b2e7b97749d7d799490afe8c585cc14242e371bd1cfcaa8b79d5daea957,class,BACKEND
b0fe9cb58b6e79fc2af34e57556865c2a002e6646360c9a7a1aa9df8d343b15f,10a53b2e7b97749d7d799490afe8c585cc14242e371bd1cfcaa8b79d5daea957,stage,V4_NATIVE_EMISSION
b0fe9cb58b6e79fc2af34e57556865c2a002e6646360c9a7a1aa9df8d343b15f,10a53b2e7b97749d7d799490afe8c585cc14242e371bd1cfcaa8b79d5daea957,class,BACKEND
9ef964fe9eceff97ba8e6de93bb8806a93f7bc68af9bf5684252af80e27250c2,10a53b2e7b97749d7d799490afe8c585cc14242e371bd1cfcaa8b79d5daea957,stage,V4_NATIVE_EMISSION
9ef964fe9eceff97ba8e6de93bb8806a93f7bc68af9bf5684252af80e27250c2,10a53b2e7b97749d7d799490afe8c585cc14242e371bd1cfcaa8b79d5daea957,class,BACKEND
c82158379360454ef37af674e5a254b8497847f78db6d8c85c2c19ccee84ab09,e34528ce62978d048000cd2a75d7867b87a977c88fb8b3119c7b973d73be5373,stage,V4_NATIVE_EMISSION
c82158379360454ef37af674e5a254b8497847f78db6d8c85c2c19ccee84ab09,e34528ce62978d048000cd2a75d7867b87a977c88fb8b3119c7b973d73be5373,class,BACKEND
364b5b65bfb04ca231fda5f74b34629d30bf6bbb37253b9804b47e6491da2fc8,e34528ce62978d048000cd2a75d7867b87a977c88fb8b3119c7b973d73be5373,stage,V4_NATIVE_EMISSION
364b5b65bfb04ca231fda5f74b34629d30bf6bbb37253b9804b47e6491da2fc8,e34528ce62978d048000cd2a75d7867b87a977c88fb8b3119c7b973d73be5373,class,BACKEND
2b1abe27fc5e60e6772afe37141f90b7f7c58302b9ded3f9d81858a0ed0d309e,e34528ce62978d048000cd2a75d7867b87a977c88fb8b3119c7b973d73be5373,stage,V4_NATIVE_EMISSION
2b1abe27fc5e60e6772afe37141f90b7f7c58302b9ded3f9d81858a0ed0d309e,e34528ce62978d048000cd2a75d7867b87a977c88fb8b3119c7b973d73be5373,class,BACKEND
93bd6428bb3a7a6178b132d382920d813bb1295e46185e2eb5da7979e6836510,e34528ce62978d048000cd2a75d7867b87a977c88fb8b3119c7b973d73be5373,stage,V4_NATIVE_EMISSION
93bd6428bb3a7a6178b132d382920d813bb1295e46185e2eb5da7979e6836510,e34528ce62978d048000cd2a75d7867b87a977c88fb8b3119c7b973d73be5373,class,BACKEND
d5f6da0eb88cf67cbb18d8fea945f9a3802ec9313d3bb3d8e55ce368c920669c,e34528ce62978d048000cd2a75d7867b87a977c88fb8b3119c7b973d73be5373,stage,V4_NATIVE_EMISSION
d5f6da0eb88cf67cbb18d8fea945f9a3802ec9313d3bb3d8e55ce368c920669c,e34528ce62978d048000cd2a75d7867b87a977c88fb8b3119c7b973d73be5373,class,BACKEND
f83fbd62df83868c10f8ab9f742a835b244686ec1d12cdfa079c44c4e64120c3,e34528ce62978d048000cd2a75d7867b87a977c88fb8b3119c7b973d73be5373,stage,V4_NATIVE_EMISSION
f83fbd62df83868c10f8ab9f742a835b244686ec1d12cdfa079c44c4e64120c3,e34528ce62978d048000cd2a75d7867b87a977c88fb8b3119c7b973d73be5373,class,BACKEND
c2b07e71cd95daef9ad8ff2ba2788872c49e0cf457a28f154b8aa79d76a5aaa8,e34528ce62978d048000cd2a75d7867b87a977c88fb8b3119c7b973d73be5373,stage,V4_NATIVE_EMISSION
c2b07e71cd95daef9ad8ff2ba2788872c49e0cf457a28f154b8aa79d76a5aaa8,e34528ce62978d048000cd2a75d7867b87a977c88fb8b3119c7b973d73be5373,class,BACKEND
421da62b992714d12f4423b3966ba1e42d4ce23f985131ec16a61866b8665ccf,e34528ce62978d048000cd2a75d7867b87a977c88fb8b3119c7b973d73be5373,stage,V4_NATIVE_EMISSION
421da62b992714d12f4423b3966ba1e42d4ce23f985131ec16a61866b8665ccf,e34528ce62978d048000cd2a75d7867b87a977c88fb8b3119c7b973d73be5373,class,BACKEND
07301d59ef4f4cfb5dfba0480432098656b9670c7edae42e8cb1313fc150f386,e34528ce62978d048000cd2a75d7867b87a977c88fb8b3119c7b973d73be5373,stage,V4_NATIVE_EMISSION
07301d59ef4f4cfb5dfba0480432098656b9670c7edae42e8cb1313fc150f386,e34528ce62978d048000cd2a75d7867b87a977c88fb8b3119c7b973d73be5373,class,BACKEND
434b73d4929686d76ff3604dd56758301056b8f2a2797e3f84cdfa22df91a4ed,e34528ce62978d048000cd2a75d7867b87a977c88fb8b3119c7b973d73be5373,stage,V4_NATIVE_EMISSION
434b73d4929686d76ff3604dd56758301056b8f2a2797e3f84cdfa22df91a4ed,e34528ce62978d048000cd2a75d7867b87a977c88fb8b3119c7b973d73be5373,class,BACKEND
d9e5a382c7be4579a6f7308aa1391620f35dfc8a0ad228d1f79dc7d39eaa9a29,e34528ce62978d048000cd2a75d7867b87a977c88fb8b3119c7b973d73be5373,stage,V4_NATIVE_EMISSION
d9e5a382c7be4579a6f7308aa1391620f35dfc8a0ad228d1f79dc7d39eaa9a29,e34528ce62978d048000cd2a75d7867b87a977c88fb8b3119c7b973d73be5373,class,BACKEND
b18dc16dbecf00500bf893ddec6ac2c24dcc0dc719868c10bb50e0795ec6442b,e34528ce62978d048000cd2a75d7867b87a977c88fb8b3119c7b973d73be5373,stage,V4_NATIVE_EMISSION
b18dc16dbecf00500bf893ddec6ac2c24dcc0dc719868c10bb50e0795ec6442b,e34528ce62978d048000cd2a75d7867b87a977c88fb8b3119c7b973d73be5373,class,BACKEND
eb7e34093d8403cf71a9d36d7024d944a2611a3d5272a18e79443d409c3299e8,e34528ce62978d048000cd2a75d7867b87a977c88fb8b3119c7b973d73be5373,stage,V4_NATIVE_EMISSION
eb7e34093d8403cf71a9d36d7024d944a2611a3d5272a18e79443d409c3299e8,e34528ce62978d048000cd2a75d7867b87a977c88fb8b3119c7b973d73be5373,class,BACKEND
109ec58ffd1ae5cf64d866982fa5410b1861f7eefed2480ab543750f1483cef3,8d4ac70e6d085f526a88ba1faa6993e3652e13d3b26ff3d159b1ea2f4f56ed53,stage,V4_NATIVE_EMISSION
109ec58ffd1ae5cf64d866982fa5410b1861f7eefed2480ab543750f1483cef3,8d4ac70e6d085f526a88ba1faa6993e3652e13d3b26ff3d159b1ea2f4f56ed53,class,BACKEND
30e8751203e41828468ff1d4455ebdcb48a5bb7bc2d81abc6d9e7db50e717e90,8d4ac70e6d085f526a88ba1faa6993e3652e13d3b26ff3d159b1ea2f4f56ed53,stage,V4_NATIVE_EMISSION
30e8751203e41828468ff1d4455ebdcb48a5bb7bc2d81abc6d9e7db50e717e90,8d4ac70e6d085f526a88ba1faa6993e3652e13d3b26ff3d159b1ea2f4f56ed53,class,BACKEND
4f5ba5e8225da9cd09060d29e63b0f9632aa4060242eca4047ca6022139d27a4,8d4ac70e6d085f526a88ba1faa6993e3652e13d3b26ff3d159b1ea2f4f56ed53,stage,V4_NATIVE_EMISSION
4f5ba5e8225da9cd09060d29e63b0f9632aa4060242eca4047ca6022139d27a4,8d4ac70e6d085f526a88ba1faa6993e3652e13d3b26ff3d159b1ea2f4f56ed53,class,BACKEND
72fa8ffe5740bce9414878dd45f8d1af1d451116971b37a12a238df0223c5bd7,8d4ac70e6d085f526a88ba1faa6993e3652e13d3b26ff3d159b1ea2f4f56ed53,stage,V4_NATIVE_EMISSION
72fa8ffe5740bce9414878dd45f8d1af1d451116971b37a12a238df0223c5bd7,8d4ac70e6d085f526a88ba1faa6993e3652e13d3b26ff3d159b1ea2f4f56ed53,class,BACKEND
89b029cddc9ec63e6b29e881d6ffece43a7aa73bce01a22fff94cea19f031370,8d4ac70e6d085f526a88ba1faa6993e3652e13d3b26ff3d159b1ea2f4f56ed53,stage,V4_NATIVE_EMISSION
89b029cddc9ec63e6b29e881d6ffece43a7aa73bce01a22fff94cea19f031370,8d4ac70e6d085f526a88ba1faa6993e3652e13d3b26ff3d159b1ea2f4f56ed53,class,BACKEND
7598321e355c78a4eebd1fdbd952809e0ce1357e4338d7be4e191a25397eeb91,8d4ac70e6d085f526a88ba1faa6993e3652e13d3b26ff3d159b1ea2f4f56ed53,stage,V4_NATIVE_EMISSION
7598321e355c78a4eebd1fdbd952809e0ce1357e4338d7be4e191a25397eeb91,8d4ac70e6d085f526a88ba1faa6993e3652e13d3b26ff3d159b1ea2f4f56ed53,class,BACKEND
81a142a506d9bdf2988bf668f94884060b55f1a9877be0e03d9127d56d3cd058,8d4ac70e6d085f526a88ba1faa6993e3652e13d3b26ff3d159b1ea2f4f56ed53,stage,V4_NATIVE_EMISSION
81a142a506d9bdf2988bf668f94884060b55f1a9877be0e03d9127d56d3cd058,8d4ac70e6d085f526a88ba1faa6993e3652e13d3b26ff3d159b1ea2f4f56ed53,class,BACKEND
93321a9b6ebc9a1a47eb198e4f880ca025c6a19f5a54aff9cdaa6840c99874e9,8d4ac70e6d085f526a88ba1faa6993e3652e13d3b26ff3d159b1ea2f4f56ed53,stage,V4_NATIVE_EMISSION
93321a9b6ebc9a1a47eb198e4f880ca025c6a19f5a54aff9cdaa6840c99874e9,8d4ac70e6d085f526a88ba1faa6993e3652e13d3b26ff3d159b1ea2f4f56ed53,class,BACKEND
73a616cf78ce891e97695b9de227aa131322b1e15b01fee9ae249d3e5ed9c3c8,8d4ac70e6d085f526a88ba1faa6993e3652e13d3b26ff3d159b1ea2f4f56ed53,stage,V4_NATIVE_EMISSION
73a616cf78ce891e97695b9de227aa131322b1e15b01fee9ae249d3e5ed9c3c8,8d4ac70e6d085f526a88ba1faa6993e3652e13d3b26ff3d159b1ea2f4f56ed53,class,BACKEND
e783a8fdf6143187b35f917c00b0fb5d5b2f714fcade04d8f7a25ec128d3a00c,8d4ac70e6d085f526a88ba1faa6993e3652e13d3b26ff3d159b1ea2f4f56ed53,stage,V4_NATIVE_EMISSION
e783a8fdf6143187b35f917c00b0fb5d5b2f714fcade04d8f7a25ec128d3a00c,8d4ac70e6d085f526a88ba1faa6993e3652e13d3b26ff3d159b1ea2f4f56ed53,class,BACKEND
46ec6dd3bd6b261aa5988742137d62ae5fb12a1da4191459ce943f7c11b0aa40,8d4ac70e6d085f526a88ba1faa6993e3652e13d3b26ff3d159b1ea2f4f56ed53,stage,V4_NATIVE_EMISSION
46ec6dd3bd6b261aa5988742137d62ae5fb12a1da4191459ce943f7c11b0aa40,8d4ac70e6d085f526a88ba1faa6993e3652e13d3b26ff3d159b1ea2f4f56ed53,class,BACKEND
781f99cd059dd97a9c41e18ddf462f162ac094ff6d6910922bec15a908afa42c,8d4ac70e6d085f526a88ba1faa6993e3652e13d3b26ff3d159b1ea2f4f56ed53,stage,V4_NATIVE_EMISSION
781f99cd059dd97a9c41e18ddf462f162ac094ff6d6910922bec15a908afa42c,8d4ac70e6d085f526a88ba1faa6993e3652e13d3b26ff3d159b1ea2f4f56ed53,class,BACKEND
e8e6594491e405e43f0dbf12ae2dc0759c84df3f2b0d96bf2fae691d93ad3a7f,8d4ac70e6d085f526a88ba1faa6993e3652e13d3b26ff3d159b1ea2f4f56ed53,stage,V4_NATIVE_EMISSION
e8e6594491e405e43f0dbf12ae2dc0759c84df3f2b0d96bf2fae691d93ad3a7f,8d4ac70e6d085f526a88ba1faa6993e3652e13d3b26ff3d159b1ea2f4f56ed53,class,BACKEND
2dc99447925893ace3610c859b53a1a22a7893a17a10a401813376f08661a73a,f53d1b15617e8cead8581dec40b84a3b9a5621caae62e49d2f4588cf9b0086b3,stage,V4_NATIVE_EMISSION
2dc99447925893ace3610c859b53a1a22a7893a17a10a401813376f08661a73a,f53d1b15617e8cead8581dec40b84a3b9a5621caae62e49d2f4588cf9b0086b3,class,BACKEND
2ce26ad530efcfe64c4c7a232c9455d37becebeb515b36f4571a79dd4515bdb2,f53d1b15617e8cead8581dec40b84a3b9a5621caae62e49d2f4588cf9b0086b3,stage,V4_NATIVE_EMISSION
2ce26ad530efcfe64c4c7a232c9455d37becebeb515b36f4571a79dd4515bdb2,f53d1b15617e8cead8581dec40b84a3b9a5621caae62e49d2f4588cf9b0086b3,class,BACKEND
e3ee2d0e09cebad7fd1a64c3ccd26437d0599550b4ba59ae2d90d8c4b6e77d26,f53d1b15617e8cead8581dec40b84a3b9a5621caae62e49d2f4588cf9b0086b3,stage,V4_NATIVE_EMISSION
e3ee2d0e09cebad7fd1a64c3ccd26437d0599550b4ba59ae2d90d8c4b6e77d26,f53d1b15617e8cead8581dec40b84a3b9a5621caae62e49d2f4588cf9b0086b3,class,BACKEND
f0f6d7eefdbc1f07c2dcbde1b0a5c582fd400d5020a1bc55acfa87d6d56c0059,f53d1b15617e8cead8581dec40b84a3b9a5621caae62e49d2f4588cf9b0086b3,stage,V4_NATIVE_EMISSION
f0f6d7eefdbc1f07c2dcbde1b0a5c582fd400d5020a1bc55acfa87d6d56c0059,f53d1b15617e8cead8581dec40b84a3b9a5621caae62e49d2f4588cf9b0086b3,class,BACKEND
bfd9c539778c328f711fbe279fcd2f85d6ff30078f961afd0f64ad86c66588e1,f53d1b15617e8cead8581dec40b84a3b9a5621caae62e49d2f4588cf9b0086b3,stage,V4_NATIVE_EMISSION
bfd9c539778c328f711fbe279fcd2f85d6ff30078f961afd0f64ad86c66588e1,f53d1b15617e8cead8581dec40b84a3b9a5621caae62e49d2f4588cf9b0086b3,class,BACKEND
5021216273d1b29767b20cefb8b613bd18237913d0bb9bfa35fa286ab6659fbc,f53d1b15617e8cead8581dec40b84a3b9a5621caae62e49d2f4588cf9b0086b3,stage,V4_NATIVE_EMISSION
5021216273d1b29767b20cefb8b613bd18237913d0bb9bfa35fa286ab6659fbc,f53d1b15617e8cead8581dec40b84a3b9a5621caae62e49d2f4588cf9b0086b3,class,BACKEND
d03f3ab894ed474ff4f23d4565bd9facaed78601bbe69b772848ea58842584a7,f53d1b15617e8cead8581dec40b84a3b9a5621caae62e49d2f4588cf9b0086b3,stage,V4_NATIVE_EMISSION
d03f3ab894ed474ff4f23d4565bd9facaed78601bbe69b772848ea58842584a7,f53d1b15617e8cead8581dec40b84a3b9a5621caae62e49d2f4588cf9b0086b3,class,BACKEND
60cbd3600c3f0a484a22ec148c7ec42b0c1fc248dda73845b779b9a8ece2648d,f53d1b15617e8cead8581dec40b84a3b9a5621caae62e49d2f4588cf9b0086b3,stage,V4_NATIVE_EMISSION
60cbd3600c3f0a484a22ec148c7ec42b0c1fc248dda73845b779b9a8ece2648d,f53d1b15617e8cead8581dec40b84a3b9a5621caae62e49d2f4588cf9b0086b3,class,BACKEND
473e223719d484745a4289c98a59f7f57d15b967841f2a6416f64add2de3fc63,f53d1b15617e8cead8581dec40b84a3b9a5621caae62e49d2f4588cf9b0086b3,stage,V4_NATIVE_EMISSION
473e223719d484745a4289c98a59f7f57d15b967841f2a6416f64add2de3fc63,f53d1b15617e8cead8581dec40b84a3b9a5621caae62e49d2f4588cf9b0086b3,class,BACKEND
33cebf780e2a60a6cd4e0f79f4669e23d9997888df6dd119216e10d7248e4972,f53d1b15617e8cead8581dec40b84a3b9a5621caae62e49d2f4588cf9b0086b3,stage,V4_NATIVE_EMISSION
33cebf780e2a60a6cd4e0f79f4669e23d9997888df6dd119216e10d7248e4972,f53d1b15617e8cead8581dec40b84a3b9a5621caae62e49d2f4588cf9b0086b3,class,BACKEND
c86055e1f2ffb6c778c36a832ad242e07e32c692c9914b0ff653658fba9f412f,f53d1b15617e8cead8581dec40b84a3b9a5621caae62e49d2f4588cf9b0086b3,stage,V4_NATIVE_EMISSION
c86055e1f2ffb6c778c36a832ad242e07e32c692c9914b0ff653658fba9f412f,f53d1b15617e8cead8581dec40b84a3b9a5621caae62e49d2f4588cf9b0086b3,class,BACKEND
7be5bb3355cf277fb815243e4145776c98c3ef9373eb1cd726d90cfc1c0e0a94,f53d1b15617e8cead8581dec40b84a3b9a5621caae62e49d2f4588cf9b0086b3,stage,V4_NATIVE_EMISSION
7be5bb3355cf277fb815243e4145776c98c3ef9373eb1cd726d90cfc1c0e0a94,f53d1b15617e8cead8581dec40b84a3b9a5621caae62e49d2f4588cf9b0086b3,class,BACKEND
586c06c9ea5f8cac37b33c06db74c4d1a8dfd1352a3680d25f87baeffe19e9bf,f53d1b15617e8cead8581dec40b84a3b9a5621caae62e49d2f4588cf9b0086b3,stage,V4_NATIVE_EMISSION
586c06c9ea5f8cac37b33c06db74c4d1a8dfd1352a3680d25f87baeffe19e9bf,f53d1b15617e8cead8581dec40b84a3b9a5621caae62e49d2f4588cf9b0086b3,class,BACKEND
d8bda9f2501d1fbabee2122f387e0743af46b29d2c60942c5caf033e9c0c8a93,1c5a1dc3df799fcbd1fd9d318296fd0fe4ab1ba42824402f0a3964e81397e380,stage,V4_NATIVE_EMISSION
d8bda9f2501d1fbabee2122f387e0743af46b29d2c60942c5caf033e9c0c8a93,1c5a1dc3df799fcbd1fd9d318296fd0fe4ab1ba42824402f0a3964e81397e380,class,BACKEND
f79c3eb98f845f7d605f9eea0c3b695839931b71d954c32b516332812eb43b88,1c5a1dc3df799fcbd1fd9d318296fd0fe4ab1ba42824402f0a3964e81397e380,stage,V4_NATIVE_EMISSION
f79c3eb98f845f7d605f9eea0c3b695839931b71d954c32b516332812eb43b88,1c5a1dc3df799fcbd1fd9d318296fd0fe4ab1ba42824402f0a3964e81397e380,class,BACKEND
8f1ab9f23322faa9aae99d7018a96368adc4d6cee2ea6d3c6e5b1e5b183f7ecd,1c5a1dc3df799fcbd1fd9d318296fd0fe4ab1ba42824402f0a3964e81397e380,stage,V4_NATIVE_EMISSION
8f1ab9f23322faa9aae99d7018a96368adc4d6cee2ea6d3c6e5b1e5b183f7ecd,1c5a1dc3df799fcbd1fd9d318296fd0fe4ab1ba42824402f0a3964e81397e380,class,BACKEND
94eafb6ccf7093e92cc2dfd793457b27f50fbb717a10bd4f2a3daa62bbc9cbc5,1c5a1dc3df799fcbd1fd9d318296fd0fe4ab1ba42824402f0a3964e81397e380,stage,V4_NATIVE_EMISSION
94eafb6ccf7093e92cc2dfd793457b27f50fbb717a10bd4f2a3daa62bbc9cbc5,1c5a1dc3df799fcbd1fd9d318296fd0fe4ab1ba42824402f0a3964e81397e380,class,BACKEND
f8e2255cba0fa3a2f5aeda9f9041035992317b91c7d505d4be0850369736a2f3,1c5a1dc3df799fcbd1fd9d318296fd0fe4ab1ba42824402f0a3964e81397e380,stage,V4_NATIVE_EMISSION
f8e2255cba0fa3a2f5aeda9f9041035992317b91c7d505d4be0850369736a2f3,1c5a1dc3df799fcbd1fd9d318296fd0fe4ab1ba42824402f0a3964e81397e380,class,BACKEND
694e50041a451c5b6b29fab14602ba0c5f34c442551585ce884a1c57c410f4e5,1c5a1dc3df799fcbd1fd9d318296fd0fe4ab1ba42824402f0a3964e81397e380,stage,V4_NATIVE_EMISSION
694e50041a451c5b6b29fab14602ba0c5f34c442551585ce884a1c57c410f4e5,1c5a1dc3df799fcbd1fd9d318296fd0fe4ab1ba42824402f0a3964e81397e380,class,BACKEND
9c260366ebb1b06d4cd79ceb43c64c8a6a364d4866e76ad3de32ca5cdc6788ae,1c5a1dc3df799fcbd1fd9d318296fd0fe4ab1ba42824402f0a3964e81397e380,stage,V4_NATIVE_EMISSION
9c260366ebb1b06d4cd79ceb43c64c8a6a364d4866e76ad3de32ca5cdc6788ae,1c5a1dc3df799fcbd1fd9d318296fd0fe4ab1ba42824402f0a3964e81397e380,class,BACKEND
0868c559e1a13fb84648efc3f445df71caa280ba1fde3f9be8ada25c6ff4cee8,1c5a1dc3df799fcbd1fd9d318296fd0fe4ab1ba42824402f0a3964e81397e380,stage,V4_NATIVE_EMISSION
0868c559e1a13fb84648efc3f445df71caa280ba1fde3f9be8ada25c6ff4cee8,1c5a1dc3df799fcbd1fd9d318296fd0fe4ab1ba42824402f0a3964e81397e380,class,BACKEND
9109c691d5af5bf4741383a96684390667729d439fe9a28286445648e67d7544,1c5a1dc3df799fcbd1fd9d318296fd0fe4ab1ba42824402f0a3964e81397e380,stage,V4_NATIVE_EMISSION
9109c691d5af5bf4741383a96684390667729d439fe9a28286445648e67d7544,1c5a1dc3df799fcbd1fd9d318296fd0fe4ab1ba42824402f0a3964e81397e380,class,BACKEND
f304e55121e81fae16f15fc7b62e1fbce91d26f9f2c94d6faabf8f302aaef1c0,1c5a1dc3df799fcbd1fd9d318296fd0fe4ab1ba42824402f0a3964e81397e380,stage,V4_NATIVE_EMISSION
f304e55121e81fae16f15fc7b62e1fbce91d26f9f2c94d6faabf8f302aaef1c0,1c5a1dc3df799fcbd1fd9d318296fd0fe4ab1ba42824402f0a3964e81397e380,class,BACKEND
e030eadbe7b6be353749467f99562840b10e46aad295bc963b3a93ce75bac9db,1c5a1dc3df799fcbd1fd9d318296fd0fe4ab1ba42824402f0a3964e81397e380,stage,V4_NATIVE_EMISSION
e030eadbe7b6be353749467f99562840b10e46aad295bc963b3a93ce75bac9db,1c5a1dc3df799fcbd1fd9d318296fd0fe4ab1ba42824402f0a3964e81397e380,class,BACKEND
a08522882d8efe01a9348383462fc65f77ed3c30e9ceb1849ce04f6c0c8579b5,1c5a1dc3df799fcbd1fd9d318296fd0fe4ab1ba42824402f0a3964e81397e380,stage,V4_NATIVE_EMISSION
a08522882d8efe01a9348383462fc65f77ed3c30e9ceb1849ce04f6c0c8579b5,1c5a1dc3df799fcbd1fd9d318296fd0fe4ab1ba42824402f0a3964e81397e380,class,BACKEND
070a797b34fdfb5f5c535941d873605f46f7a1bfa28fafb9bcd7e4d6f316642b,1c5a1dc3df799fcbd1fd9d318296fd0fe4ab1ba42824402f0a3964e81397e380,stage,V4_NATIVE_EMISSION
070a797b34fdfb5f5c535941d873605f46f7a1bfa28fafb9bcd7e4d6f316642b,1c5a1dc3df799fcbd1fd9d318296fd0fe4ab1ba42824402f0a3964e81397e380,class,BACKEND
de6f6184fc4ac692d17361e8376ade7dc93a6b73b707634822a5a3b3bd97ec8b,e5a70500a4afcd978b9951f6303657e53a9cbf307bc3cc09c549ba28382b783b,stage,V4_NATIVE_EMISSION
de6f6184fc4ac692d17361e8376ade7dc93a6b73b707634822a5a3b3bd97ec8b,e5a70500a4afcd978b9951f6303657e53a9cbf307bc3cc09c549ba28382b783b,class,BACKEND
20cfa4ffb01c6659f9997ae025d0ef8c7643797d532788e3f4dcb624c91e6266,e5a70500a4afcd978b9951f6303657e53a9cbf307bc3cc09c549ba28382b783b,stage,V4_NATIVE_EMISSION
20cfa4ffb01c6659f9997ae025d0ef8c7643797d532788e3f4dcb624c91e6266,e5a70500a4afcd978b9951f6303657e53a9cbf307bc3cc09c549ba28382b783b,class,BACKEND
f57e1ba690c1b7eef3b7d2183556f1f7e0c12c50ab00e9f7b7142a7e1cc1353a,e5a70500a4afcd978b9951f6303657e53a9cbf307bc3cc09c549ba28382b783b,stage,V4_NATIVE_EMISSION
f57e1ba690c1b7eef3b7d2183556f1f7e0c12c50ab00e9f7b7142a7e1cc1353a,e5a70500a4afcd978b9951f6303657e53a9cbf307bc3cc09c549ba28382b783b,class,BACKEND
06551d13b551b973aabc17c14bb2e7417dad38761286fb0df3a923e42da9ab26,e5a70500a4afcd978b9951f6303657e53a9cbf307bc3cc09c549ba28382b783b,stage,V4_NATIVE_EMISSION
06551d13b551b973aabc17c14bb2e7417dad38761286fb0df3a923e42da9ab26,e5a70500a4afcd978b9951f6303657e53a9cbf307bc3cc09c549ba28382b783b,class,BACKEND
031e4efc2dd8ff6e417946a628f5791fd9eaa4ce05d9433b0de782690eec440e,e5a70500a4afcd978b9951f6303657e53a9cbf307bc3cc09c549ba28382b783b,stage,V4_NATIVE_EMISSION
031e4efc2dd8ff6e417946a628f5791fd9eaa4ce05d9433b0de782690eec440e,e5a70500a4afcd978b9951f6303657e53a9cbf307bc3cc09c549ba28382b783b,class,BACKEND
f91ddfb69cd538e2d7147a6bda3632ebc81580c07d7613872ecba819d15df218,e5a70500a4afcd978b9951f6303657e53a9cbf307bc3cc09c549ba28382b783b,stage,V4_NATIVE_EMISSION
f91ddfb69cd538e2d7147a6bda3632ebc81580c07d7613872ecba819d15df218,e5a70500a4afcd978b9951f6303657e53a9cbf307bc3cc09c549ba28382b783b,class,BACKEND
2334c96d07bb9291f8b578429a6ee38c4f2a4fd261c1e42ca67850065e92445e,e5a70500a4afcd978b9951f6303657e53a9cbf307bc3cc09c549ba28382b783b,stage,V4_NATIVE_EMISSION
2334c96d07bb9291f8b578429a6ee38c4f2a4fd261c1e42ca67850065e92445e,e5a70500a4afcd978b9951f6303657e53a9cbf307bc3cc09c549ba28382b783b,class,BACKEND
40c347fa272069a940c3f44403f8836095468eb2a9e02446e857f0bab9eb1480,e5a70500a4afcd978b9951f6303657e53a9cbf307bc3cc09c549ba28382b783b,stage,V4_NATIVE_EMISSION
40c347fa272069a940c3f44403f8836095468eb2a9e02446e857f0bab9eb1480,e5a70500a4afcd978b9951f6303657e53a9cbf307bc3cc09c549ba28382b783b,class,BACKEND
ba7a89f412b47c18a55f63caff8b3e44a808f03a38bdd37b0baa9bde9ebe1f70,e5a70500a4afcd978b9951f6303657e53a9cbf307bc3cc09c549ba28382b783b,stage,V4_NATIVE_EMISSION
ba7a89f412b47c18a55f63caff8b3e44a808f03a38bdd37b0baa9bde9ebe1f70,e5a70500a4afcd978b9951f6303657e53a9cbf307bc3cc09c549ba28382b783b,class,BACKEND
d070f5ac3042fade8708fb99fe7ea9748d08f9d9b675d1122ef5bc85c398cad4,e5a70500a4afcd978b9951f6303657e53a9cbf307bc3cc09c549ba28382b783b,stage,V4_NATIVE_EMISSION
d070f5ac3042fade8708fb99fe7ea9748d08f9d9b675d1122ef5bc85c398cad4,e5a70500a4afcd978b9951f6303657e53a9cbf307bc3cc09c549ba28382b783b,class,BACKEND
9d792f875b50290782dd04e81af8e5fec1ac1bfd3ef8fa2537bf81f7b1929b2c,e5a70500a4afcd978b9951f6303657e53a9cbf307bc3cc09c549ba28382b783b,stage,V4_NATIVE_EMISSION
9d792f875b50290782dd04e81af8e5fec1ac1bfd3ef8fa2537bf81f7b1929b2c,e5a70500a4afcd978b9951f6303657e53a9cbf307bc3cc09c549ba28382b783b,class,BACKEND
c6b4a9166ae91c6d78fa7c83d11d196b53af15ad9720c7a88a4778c911bce64f,e5a70500a4afcd978b9951f6303657e53a9cbf307bc3cc09c549ba28382b783b,stage,V4_NATIVE_EMISSION
c6b4a9166ae91c6d78fa7c83d11d196b53af15ad9720c7a88a4778c911bce64f,e5a70500a4afcd978b9951f6303657e53a9cbf307bc3cc09c549ba28382b783b,class,BACKEND
7f971dafdb522a1effdb51735ab2dbfa434fb3643be3193bdcb5b769125f17bb,e5a70500a4afcd978b9951f6303657e53a9cbf307bc3cc09c549ba28382b783b,stage,V4_NATIVE_EMISSION
7f971dafdb522a1effdb51735ab2dbfa434fb3643be3193bdcb5b769125f17bb,e5a70500a4afcd978b9951f6303657e53a9cbf307bc3cc09c549ba28382b783b,class,BACKEND
5e31e81ac2e0316bf6648a6b4705b6a686c5bad5fd8f4322766308cd62308702,85f3de218dc626818992dd5dd7d8d2eea92ee681cb1eaa3f30a8af4a949c663e,stage,V4_NATIVE_EMISSION
5e31e81ac2e0316bf6648a6b4705b6a686c5bad5fd8f4322766308cd62308702,85f3de218dc626818992dd5dd7d8d2eea92ee681cb1eaa3f30a8af4a949c663e,class,BACKEND
4da16460c436a0df9bcbdf1635a6cc2252a4731f8c6aa7b2e08042fdf7c0cc3a,85f3de218dc626818992dd5dd7d8d2eea92ee681cb1eaa3f30a8af4a949c663e,stage,V4_NATIVE_EMISSION
4da16460c436a0df9bcbdf1635a6cc2252a4731f8c6aa7b2e08042fdf7c0cc3a,85f3de218dc626818992dd5dd7d8d2eea92ee681cb1eaa3f30a8af4a949c663e,class,BACKEND
f814f3a06d0edb7814d34fbd01947e6f53f18d559460b8bb0915b76049e5837b,a717666afb556ff6415f40f20e1e867202ebf11744851d4317f4f325604a207d,stage,V4_NATIVE_EMISSION
f814f3a06d0edb7814d34fbd01947e6f53f18d559460b8bb0915b76049e5837b,a717666afb556ff6415f40f20e1e867202ebf11744851d4317f4f325604a207d,class,BACKEND
b76b145f0023b647eb22ceb7c76402c3711f8dfd23b653eb726b9f052e654396,a717666afb556ff6415f40f20e1e867202ebf11744851d4317f4f325604a207d,stage,V5_TARGET_REPARSE
b76b145f0023b647eb22ceb7c76402c3711f8dfd23b653eb726b9f052e654396,a717666afb556ff6415f40f20e1e867202ebf11744851d4317f4f325604a207d,class,TARGET_SYNTAX
43906044c880ce85239bfede5d792d21ffaff7183bdfb05e18195e70fac4763b,a717666afb556ff6415f40f20e1e867202ebf11744851d4317f4f325604a207d,stage,V4_NATIVE_EMISSION
43906044c880ce85239bfede5d792d21ffaff7183bdfb05e18195e70fac4763b,a717666afb556ff6415f40f20e1e867202ebf11744851d4317f4f325604a207d,class,BACKEND
774eab300d7ba97200029965d156260860eaa98023b38689259503b5677cae80,a717666afb556ff6415f40f20e1e867202ebf11744851d4317f4f325604a207d,stage,V4_NATIVE_EMISSION
774eab300d7ba97200029965d156260860eaa98023b38689259503b5677cae80,a717666afb556ff6415f40f20e1e867202ebf11744851d4317f4f325604a207d,class,BACKEND
6b3ae9cf52c7d198c6b977e36c2ffbcd20f5ef469aea9eab1b0c8cbcd54f9bce,a717666afb556ff6415f40f20e1e867202ebf11744851d4317f4f325604a207d,stage,V4_NATIVE_EMISSION
6b3ae9cf52c7d198c6b977e36c2ffbcd20f5ef469aea9eab1b0c8cbcd54f9bce,a717666afb556ff6415f40f20e1e867202ebf11744851d4317f4f325604a207d,class,BACKEND
1a39d7b1223559bb834442b6f6a319ca0857cc09dc5708688ef9199678f778b8,a717666afb556ff6415f40f20e1e867202ebf11744851d4317f4f325604a207d,stage,V4_NATIVE_EMISSION
1a39d7b1223559bb834442b6f6a319ca0857cc09dc5708688ef9199678f778b8,a717666afb556ff6415f40f20e1e867202ebf11744851d4317f4f325604a207d,class,BACKEND
7c1a5951699385d0919041996d72cd561a65d3ef342dd4e03cf2d7764ee79662,a717666afb556ff6415f40f20e1e867202ebf11744851d4317f4f325604a207d,stage,V5_TARGET_REPARSE
7c1a5951699385d0919041996d72cd561a65d3ef342dd4e03cf2d7764ee79662,a717666afb556ff6415f40f20e1e867202ebf11744851d4317f4f325604a207d,class,TARGET_SYNTAX
9589048fbafe9f08728b753c0568cdad6fc42791aae4c2ffa4eadabca7d21e93,a717666afb556ff6415f40f20e1e867202ebf11744851d4317f4f325604a207d,stage,V4_NATIVE_EMISSION
9589048fbafe9f08728b753c0568cdad6fc42791aae4c2ffa4eadabca7d21e93,a717666afb556ff6415f40f20e1e867202ebf11744851d4317f4f325604a207d,class,BACKEND
d752b2fe6c762bbac1b92c2958056bff773baab32160283bf25c839154958af4,a717666afb556ff6415f40f20e1e867202ebf11744851d4317f4f325604a207d,stage,V4_NATIVE_EMISSION
d752b2fe6c762bbac1b92c2958056bff773baab32160283bf25c839154958af4,a717666afb556ff6415f40f20e1e867202ebf11744851d4317f4f325604a207d,class,BACKEND
0231b0985305f2788db6a8076d1d04c860d74f5272761e4cdda35b6d4102e79a,a717666afb556ff6415f40f20e1e867202ebf11744851d4317f4f325604a207d,stage,V4_NATIVE_EMISSION
0231b0985305f2788db6a8076d1d04c860d74f5272761e4cdda35b6d4102e79a,a717666afb556ff6415f40f20e1e867202ebf11744851d4317f4f325604a207d,class,BACKEND
26da7de18894cc0f97cd69f4f53d6e797ef24ff859fbcd4685ab5e637e52aa6f,a717666afb556ff6415f40f20e1e867202ebf11744851d4317f4f325604a207d,stage,V4_NATIVE_EMISSION
26da7de18894cc0f97cd69f4f53d6e797ef24ff859fbcd4685ab5e637e52aa6f,a717666afb556ff6415f40f20e1e867202ebf11744851d4317f4f325604a207d,class,BACKEND
a3157a40f28bd2c4af027219bff257a0d689eb329f9ffce300dab1892558718e,a717666afb556ff6415f40f20e1e867202ebf11744851d4317f4f325604a207d,stage,V4_NATIVE_EMISSION
a3157a40f28bd2c4af027219bff257a0d689eb329f9ffce300dab1892558718e,a717666afb556ff6415f40f20e1e867202ebf11744851d4317f4f325604a207d,class,BACKEND
a5e345fe4266cb4293f08ca06738fd9fc63729b33176322460852bdaa36cb1ba,a717666afb556ff6415f40f20e1e867202ebf11744851d4317f4f325604a207d,stage,V4_NATIVE_EMISSION
a5e345fe4266cb4293f08ca06738fd9fc63729b33176322460852bdaa36cb1ba,a717666afb556ff6415f40f20e1e867202ebf11744851d4317f4f325604a207d,class,BACKEND
3d29cc3c9bff717c6322f4347599bcfb456d78ed540f34f88377ccda5ece1cae,dbd009098d417ed03543d1dc7fcced3b798c003f67b8f56860c96268b78e7186,stage,V4_NATIVE_EMISSION
3d29cc3c9bff717c6322f4347599bcfb456d78ed540f34f88377ccda5ece1cae,dbd009098d417ed03543d1dc7fcced3b798c003f67b8f56860c96268b78e7186,class,BACKEND
4cd1ef62e0c61c8d65e4b1e544e45b0801783111654e3c419660238a7548a9f9,dbd009098d417ed03543d1dc7fcced3b798c003f67b8f56860c96268b78e7186,stage,V4_NATIVE_EMISSION
4cd1ef62e0c61c8d65e4b1e544e45b0801783111654e3c419660238a7548a9f9,dbd009098d417ed03543d1dc7fcced3b798c003f67b8f56860c96268b78e7186,class,BACKEND
4279369456af19a460856d91343aab970ec3fd52891c63cb3dde208bc1df8f14,dbd009098d417ed03543d1dc7fcced3b798c003f67b8f56860c96268b78e7186,stage,V4_NATIVE_EMISSION
4279369456af19a460856d91343aab970ec3fd52891c63cb3dde208bc1df8f14,dbd009098d417ed03543d1dc7fcced3b798c003f67b8f56860c96268b78e7186,class,BACKEND
a222b7f8bc664908cd8e02c3ada86d9701eb2ca6e072c3503376c0bf97e675f6,dbd009098d417ed03543d1dc7fcced3b798c003f67b8f56860c96268b78e7186,stage,V4_NATIVE_EMISSION
a222b7f8bc664908cd8e02c3ada86d9701eb2ca6e072c3503376c0bf97e675f6,dbd009098d417ed03543d1dc7fcced3b798c003f67b8f56860c96268b78e7186,class,BACKEND
e93df23ce6ddbf984f1cb1c64354e81003ccc4c18df4f0c94f1d6e73641503a7,dbd009098d417ed03543d1dc7fcced3b798c003f67b8f56860c96268b78e7186,stage,V4_NATIVE_EMISSION
e93df23ce6ddbf984f1cb1c64354e81003ccc4c18df4f0c94f1d6e73641503a7,dbd009098d417ed03543d1dc7fcced3b798c003f67b8f56860c96268b78e7186,class,BACKEND
0cd0516ce7a0d22544ac5a13546204261f37cf49b0c795495360251a730c9ad9,dbd009098d417ed03543d1dc7fcced3b798c003f67b8f56860c96268b78e7186,stage,V4_NATIVE_EMISSION
0cd0516ce7a0d22544ac5a13546204261f37cf49b0c795495360251a730c9ad9,dbd009098d417ed03543d1dc7fcced3b798c003f67b8f56860c96268b78e7186,class,BACKEND
f2d7fec2d713c45374dce52af3cc0d8479f8ae9f25f31d84373ad686d45b3dca,dbd009098d417ed03543d1dc7fcced3b798c003f67b8f56860c96268b78e7186,stage,V4_NATIVE_EMISSION
f2d7fec2d713c45374dce52af3cc0d8479f8ae9f25f31d84373ad686d45b3dca,dbd009098d417ed03543d1dc7fcced3b798c003f67b8f56860c96268b78e7186,class,BACKEND
af4c710cc8fb71d8d12089d17219fa5b028587658bf1d628203bb206216574dc,dbd009098d417ed03543d1dc7fcced3b798c003f67b8f56860c96268b78e7186,stage,V4_NATIVE_EMISSION
af4c710cc8fb71d8d12089d17219fa5b028587658bf1d628203bb206216574dc,dbd009098d417ed03543d1dc7fcced3b798c003f67b8f56860c96268b78e7186,class,BACKEND
89b9768e49fa1ecbff4c693f4fb6d02282e8727c54cd8d37c4c05106e10f8524,dbd009098d417ed03543d1dc7fcced3b798c003f67b8f56860c96268b78e7186,stage,V4_NATIVE_EMISSION
89b9768e49fa1ecbff4c693f4fb6d02282e8727c54cd8d37c4c05106e10f8524,dbd009098d417ed03543d1dc7fcced3b798c003f67b8f56860c96268b78e7186,class,BACKEND
3d3082fde3f6dc703594eb8ef53dd1f8707cadf5a1154c40740663b96d0588b5,dbd009098d417ed03543d1dc7fcced3b798c003f67b8f56860c96268b78e7186,stage,V4_NATIVE_EMISSION
3d3082fde3f6dc703594eb8ef53dd1f8707cadf5a1154c40740663b96d0588b5,dbd009098d417ed03543d1dc7fcced3b798c003f67b8f56860c96268b78e7186,class,BACKEND
2a750ff58b893705ada6aaa052580be13df1c72deca5faef866d682a28566302,dbd009098d417ed03543d1dc7fcced3b798c003f67b8f56860c96268b78e7186,stage,V4_NATIVE_EMISSION
2a750ff58b893705ada6aaa052580be13df1c72deca5faef866d682a28566302,dbd009098d417ed03543d1dc7fcced3b798c003f67b8f56860c96268b78e7186,class,BACKEND
d7bae9bbb5c2b63e609a7e5c4e24ff29e4608426e11429c89e55cb286b847020,dbd009098d417ed03543d1dc7fcced3b798c003f67b8f56860c96268b78e7186,stage,V4_NATIVE_EMISSION
d7bae9bbb5c2b63e609a7e5c4e24ff29e4608426e11429c89e55cb286b847020,dbd009098d417ed03543d1dc7fcced3b798c003f67b8f56860c96268b78e7186,class,BACKEND
582ff9d13afb6368997feb00a4d97d498aeb3ff338b2385adbbddb37387868f2,dbd009098d417ed03543d1dc7fcced3b798c003f67b8f56860c96268b78e7186,stage,V4_NATIVE_EMISSION
582ff9d13afb6368997feb00a4d97d498aeb3ff338b2385adbbddb37387868f2,dbd009098d417ed03543d1dc7fcced3b798c003f67b8f56860c96268b78e7186,class,BACKEND
a795c99c4fd157ad5509350a1738ed40186bab726366565222de1f3895f104f6,f07ca843eb7c1658e9017dcf4dda4d7080fc3970a4b905cb2c86ca7d95493023,stage,V4_NATIVE_EMISSION
a795c99c4fd157ad5509350a1738ed40186bab726366565222de1f3895f104f6,f07ca843eb7c1658e9017dcf4dda4d7080fc3970a4b905cb2c86ca7d95493023,class,BACKEND
ca27a6b16434789baac66b542bd717b0676b411bd423d5d9f1074183ea3a7c81,f07ca843eb7c1658e9017dcf4dda4d7080fc3970a4b905cb2c86ca7d95493023,stage,V4_NATIVE_EMISSION
ca27a6b16434789baac66b542bd717b0676b411bd423d5d9f1074183ea3a7c81,f07ca843eb7c1658e9017dcf4dda4d7080fc3970a4b905cb2c86ca7d95493023,class,BACKEND
5e72c0553c1ff597385e98630085b0c366b64431fbe9e9c8d5071a0c1e52d32b,f07ca843eb7c1658e9017dcf4dda4d7080fc3970a4b905cb2c86ca7d95493023,stage,V4_NATIVE_EMISSION
5e72c0553c1ff597385e98630085b0c366b64431fbe9e9c8d5071a0c1e52d32b,f07ca843eb7c1658e9017dcf4dda4d7080fc3970a4b905cb2c86ca7d95493023,class,BACKEND
f752bb4a20e7dba8a1866612601e573097c1ab3a35350530fa40d26906775061,f07ca843eb7c1658e9017dcf4dda4d7080fc3970a4b905cb2c86ca7d95493023,stage,V4_NATIVE_EMISSION
f752bb4a20e7dba8a1866612601e573097c1ab3a35350530fa40d26906775061,f07ca843eb7c1658e9017dcf4dda4d7080fc3970a4b905cb2c86ca7d95493023,class,BACKEND
985d5c8fa9f04bdb12b43411e83f8945927aee3f5067055e2785f4faec258112,f07ca843eb7c1658e9017dcf4dda4d7080fc3970a4b905cb2c86ca7d95493023,stage,V4_NATIVE_EMISSION
985d5c8fa9f04bdb12b43411e83f8945927aee3f5067055e2785f4faec258112,f07ca843eb7c1658e9017dcf4dda4d7080fc3970a4b905cb2c86ca7d95493023,class,BACKEND
862b3c5b01a545639dd4483c7946e8f4a5e6b4ca5357bbcfc52532689b69527a,f07ca843eb7c1658e9017dcf4dda4d7080fc3970a4b905cb2c86ca7d95493023,stage,V4_NATIVE_EMISSION
862b3c5b01a545639dd4483c7946e8f4a5e6b4ca5357bbcfc52532689b69527a,f07ca843eb7c1658e9017dcf4dda4d7080fc3970a4b905cb2c86ca7d95493023,class,BACKEND
6ed4c8dda6fa693b5c256c332cfa2100606e985ad78f1c449553ccd1b0d56eb4,f07ca843eb7c1658e9017dcf4dda4d7080fc3970a4b905cb2c86ca7d95493023,stage,V4_NATIVE_EMISSION
6ed4c8dda6fa693b5c256c332cfa2100606e985ad78f1c449553ccd1b0d56eb4,f07ca843eb7c1658e9017dcf4dda4d7080fc3970a4b905cb2c86ca7d95493023,class,BACKEND
8d7d130b40b353ecf0f0251f329079554cea9b872871204a5cb62cf95d860a1e,f07ca843eb7c1658e9017dcf4dda4d7080fc3970a4b905cb2c86ca7d95493023,stage,V4_NATIVE_EMISSION
8d7d130b40b353ecf0f0251f329079554cea9b872871204a5cb62cf95d860a1e,f07ca843eb7c1658e9017dcf4dda4d7080fc3970a4b905cb2c86ca7d95493023,class,BACKEND
9547188a97152f3b1cd4245f13dece684620b2a57e9f31badcad96c90d9441e1,f07ca843eb7c1658e9017dcf4dda4d7080fc3970a4b905cb2c86ca7d95493023,stage,V4_NATIVE_EMISSION
9547188a97152f3b1cd4245f13dece684620b2a57e9f31badcad96c90d9441e1,f07ca843eb7c1658e9017dcf4dda4d7080fc3970a4b905cb2c86ca7d95493023,class,BACKEND
5f3c0955d44168dc2ba2c07c321160bc3bf3c7314df91a11f76d02f18b4b733e,f07ca843eb7c1658e9017dcf4dda4d7080fc3970a4b905cb2c86ca7d95493023,stage,V4_NATIVE_EMISSION
5f3c0955d44168dc2ba2c07c321160bc3bf3c7314df91a11f76d02f18b4b733e,f07ca843eb7c1658e9017dcf4dda4d7080fc3970a4b905cb2c86ca7d95493023,class,BACKEND
00084e2b1ae62d4d2a8a2fd813bad6dffad6bd5c7421749bb0551af87f1bd0f3,f07ca843eb7c1658e9017dcf4dda4d7080fc3970a4b905cb2c86ca7d95493023,stage,V4_NATIVE_EMISSION
00084e2b1ae62d4d2a8a2fd813bad6dffad6bd5c7421749bb0551af87f1bd0f3,f07ca843eb7c1658e9017dcf4dda4d7080fc3970a4b905cb2c86ca7d95493023,class,BACKEND
5f885862a19455304c683ea724987f274db1332777b6adc298cf44c0fce77013,f07ca843eb7c1658e9017dcf4dda4d7080fc3970a4b905cb2c86ca7d95493023,stage,V4_NATIVE_EMISSION
5f885862a19455304c683ea724987f274db1332777b6adc298cf44c0fce77013,f07ca843eb7c1658e9017dcf4dda4d7080fc3970a4b905cb2c86ca7d95493023,class,BACKEND
f8eaafb3cabd3552dd53046bfc13880324197a1fb8ad5f801e72b688e6b76c93,f07ca843eb7c1658e9017dcf4dda4d7080fc3970a4b905cb2c86ca7d95493023,stage,V4_NATIVE_EMISSION
f8eaafb3cabd3552dd53046bfc13880324197a1fb8ad5f801e72b688e6b76c93,f07ca843eb7c1658e9017dcf4dda4d7080fc3970a4b905cb2c86ca7d95493023,class,BACKEND
236d9bac24b5c36c2801f6c110536c9f4539518da2520c279556110cc09f1857,f89632c565c55188252845c64cf36a06d36ae6f65a899538afb1c217a05a38cf,stage,V0_SOURCE_PARSE
236d9bac24b5c36c2801f6c110536c9f4539518da2520c279556110cc09f1857,f89632c565c55188252845c64cf36a06d36ae6f65a899538afb1c217a05a38cf,class,FRONTEND
b08c8ae4b600dbaa5c56ed5e84200c1de868f2278e4e480a5789bd8feb2319d6,f89632c565c55188252845c64cf36a06d36ae6f65a899538afb1c217a05a38cf,stage,V0_SOURCE_PARSE
b08c8ae4b600dbaa5c56ed5e84200c1de868f2278e4e480a5789bd8feb2319d6,f89632c565c55188252845c64cf36a06d36ae6f65a899538afb1c217a05a38cf,class,FRONTEND
7c164c397cd44520e2788364ac908d39b3454e987c730a012764544d7bcebcec,f89632c565c55188252845c64cf36a06d36ae6f65a899538afb1c217a05a38cf,stage,V0_SOURCE_PARSE
7c164c397cd44520e2788364ac908d39b3454e987c730a012764544d7bcebcec,f89632c565c55188252845c64cf36a06d36ae6f65a899538afb1c217a05a38cf,class,FRONTEND
a7c1af2c93096355258765618330b811fa3be0b9fb0a738c833b420459ac85cc,f89632c565c55188252845c64cf36a06d36ae6f65a899538afb1c217a05a38cf,stage,V0_SOURCE_PARSE
a7c1af2c93096355258765618330b811fa3be0b9fb0a738c833b420459ac85cc,f89632c565c55188252845c64cf36a06d36ae6f65a899538afb1c217a05a38cf,class,FRONTEND
808ce4ad09adfbc556f76779f0e7af49957dc4611b41838c23b8ecd1b7f6dc9f,f89632c565c55188252845c64cf36a06d36ae6f65a899538afb1c217a05a38cf,stage,V0_SOURCE_PARSE
808ce4ad09adfbc556f76779f0e7af49957dc4611b41838c23b8ecd1b7f6dc9f,f89632c565c55188252845c64cf36a06d36ae6f65a899538afb1c217a05a38cf,class,FRONTEND
31b943f81dd94a06f581d6a7d609d073ae86a0bd3ddb3b1713f5511897e71566,f89632c565c55188252845c64cf36a06d36ae6f65a899538afb1c217a05a38cf,stage,V0_SOURCE_PARSE
31b943f81dd94a06f581d6a7d609d073ae86a0bd3ddb3b1713f5511897e71566,f89632c565c55188252845c64cf36a06d36ae6f65a899538afb1c217a05a38cf,class,FRONTEND
cc337c5ac1d3aec18af397a98c76f12d6d19525ae132f583b57e83a36785dd1a,f89632c565c55188252845c64cf36a06d36ae6f65a899538afb1c217a05a38cf,stage,V0_SOURCE_PARSE
cc337c5ac1d3aec18af397a98c76f12d6d19525ae132f583b57e83a36785dd1a,f89632c565c55188252845c64cf36a06d36ae6f65a899538afb1c217a05a38cf,class,FRONTEND
04e940d4a8f2ceeace0fe02c56039c077f9e04b76e24539ccad908a10dcce04e,f89632c565c55188252845c64cf36a06d36ae6f65a899538afb1c217a05a38cf,stage,V0_SOURCE_PARSE
04e940d4a8f2ceeace0fe02c56039c077f9e04b76e24539ccad908a10dcce04e,f89632c565c55188252845c64cf36a06d36ae6f65a899538afb1c217a05a38cf,class,FRONTEND
15511e399423ef85b8a8046cb97c09f36f4dedeb1b17a855bf2380163521bb04,f89632c565c55188252845c64cf36a06d36ae6f65a899538afb1c217a05a38cf,stage,V0_SOURCE_PARSE
15511e399423ef85b8a8046cb97c09f36f4dedeb1b17a855bf2380163521bb04,f89632c565c55188252845c64cf36a06d36ae6f65a899538afb1c217a05a38cf,class,FRONTEND
fc60f5ce9cc04368d8ae13d9cf7a1cf9735a8f3019623ed1470c2bc4b28e89dc,f89632c565c55188252845c64cf36a06d36ae6f65a899538afb1c217a05a38cf,stage,V0_SOURCE_PARSE
fc60f5ce9cc04368d8ae13d9cf7a1cf9735a8f3019623ed1470c2bc4b28e89dc,f89632c565c55188252845c64cf36a06d36ae6f65a899538afb1c217a05a38cf,class,FRONTEND
dfd7c6171013c5ff1a05ebd26c49ef6c71b2d5949bc053c833a5ad936ae30d66,f89632c565c55188252845c64cf36a06d36ae6f65a899538afb1c217a05a38cf,stage,V0_SOURCE_PARSE
dfd7c6171013c5ff1a05ebd26c49ef6c71b2d5949bc053c833a5ad936ae30d66,f89632c565c55188252845c64cf36a06d36ae6f65a899538afb1c217a05a38cf,class,FRONTEND
875bfcdd0da3bd7a888ab0ef9265da8be43a93da0f927edb70f4d8b111ba429d,f89632c565c55188252845c64cf36a06d36ae6f65a899538afb1c217a05a38cf,stage,V0_SOURCE_PARSE
875bfcdd0da3bd7a888ab0ef9265da8be43a93da0f927edb70f4d8b111ba429d,f89632c565c55188252845c64cf36a06d36ae6f65a899538afb1c217a05a38cf,class,FRONTEND
ad2a7b6bbac6be9476e3315513932c68ea4dcad603878c25b5c0dfeb413fb061,f89632c565c55188252845c64cf36a06d36ae6f65a899538afb1c217a05a38cf,stage,V0_SOURCE_PARSE
ad2a7b6bbac6be9476e3315513932c68ea4dcad603878c25b5c0dfeb413fb061,f89632c565c55188252845c64cf36a06d36ae6f65a899538afb1c217a05a38cf,class,FRONTEND
486c37b7028dd40f2c0536bfdd5539b97445769eda879e6d76e4da3f051117e8,a7396b603fe57488e6888766497d2d597abdf978a2a0ed14df2a6b1838a19a38,stage,V4_NATIVE_EMISSION
486c37b7028dd40f2c0536bfdd5539b97445769eda879e6d76e4da3f051117e8,a7396b603fe57488e6888766497d2d597abdf978a2a0ed14df2a6b1838a19a38,class,BACKEND
3838bf77e715cb0bdf62f9d3288fb6e40c7b97cd4e051b18b3d4be950ebd1752,a7396b603fe57488e6888766497d2d597abdf978a2a0ed14df2a6b1838a19a38,stage,V4_NATIVE_EMISSION
3838bf77e715cb0bdf62f9d3288fb6e40c7b97cd4e051b18b3d4be950ebd1752,a7396b603fe57488e6888766497d2d597abdf978a2a0ed14df2a6b1838a19a38,class,BACKEND
f00ccf824c40688bb8a31fc22fb13b8b45e7abb40ef73353773c97f80b944be2,a7396b603fe57488e6888766497d2d597abdf978a2a0ed14df2a6b1838a19a38,stage,V4_NATIVE_EMISSION
f00ccf824c40688bb8a31fc22fb13b8b45e7abb40ef73353773c97f80b944be2,a7396b603fe57488e6888766497d2d597abdf978a2a0ed14df2a6b1838a19a38,class,BACKEND
723826ab6acdd5026435284e059cd863fb84156606236039fe06ef6975c60b02,a7396b603fe57488e6888766497d2d597abdf978a2a0ed14df2a6b1838a19a38,stage,V4_NATIVE_EMISSION
723826ab6acdd5026435284e059cd863fb84156606236039fe06ef6975c60b02,a7396b603fe57488e6888766497d2d597abdf978a2a0ed14df2a6b1838a19a38,class,BACKEND
af5eda7ff05df0e24d50a0457f0ed84b3b908bc95f93441c446427dcda5c9585,a7396b603fe57488e6888766497d2d597abdf978a2a0ed14df2a6b1838a19a38,stage,V4_NATIVE_EMISSION
af5eda7ff05df0e24d50a0457f0ed84b3b908bc95f93441c446427dcda5c9585,a7396b603fe57488e6888766497d2d597abdf978a2a0ed14df2a6b1838a19a38,class,BACKEND
e27a2f1127c061f7941861fc04b83c8f30c1c3294c5e731df987855db7e6dcee,a7396b603fe57488e6888766497d2d597abdf978a2a0ed14df2a6b1838a19a38,stage,V4_NATIVE_EMISSION
e27a2f1127c061f7941861fc04b83c8f30c1c3294c5e731df987855db7e6dcee,a7396b603fe57488e6888766497d2d597abdf978a2a0ed14df2a6b1838a19a38,class,BACKEND
fd831675f18db921266d966f98e80a8ac4418348d3783b1d7a59f2e883b20bd7,a7396b603fe57488e6888766497d2d597abdf978a2a0ed14df2a6b1838a19a38,stage,V4_NATIVE_EMISSION
fd831675f18db921266d966f98e80a8ac4418348d3783b1d7a59f2e883b20bd7,a7396b603fe57488e6888766497d2d597abdf978a2a0ed14df2a6b1838a19a38,class,BACKEND
11cfc5c4ae6f0b0dd65227646eb4a9ecd50100d6230543d75bead9ab26a74a6b,a7396b603fe57488e6888766497d2d597abdf978a2a0ed14df2a6b1838a19a38,stage,V4_NATIVE_EMISSION
11cfc5c4ae6f0b0dd65227646eb4a9ecd50100d6230543d75bead9ab26a74a6b,a7396b603fe57488e6888766497d2d597abdf978a2a0ed14df2a6b1838a19a38,class,BACKEND
104bba7f81b064360f55de164e10faace7b3d88fd64e0423902b5ba2092675db,a7396b603fe57488e6888766497d2d597abdf978a2a0ed14df2a6b1838a19a38,stage,V4_NATIVE_EMISSION
104bba7f81b064360f55de164e10faace7b3d88fd64e0423902b5ba2092675db,a7396b603fe57488e6888766497d2d597abdf978a2a0ed14df2a6b1838a19a38,class,BACKEND
93663001f63cdf05f0a77da7d389c270c0af7a4da167e3ca7e41fa6a8eb13cba,a7396b603fe57488e6888766497d2d597abdf978a2a0ed14df2a6b1838a19a38,stage,V4_NATIVE_EMISSION
93663001f63cdf05f0a77da7d389c270c0af7a4da167e3ca7e41fa6a8eb13cba,a7396b603fe57488e6888766497d2d597abdf978a2a0ed14df2a6b1838a19a38,class,BACKEND
2ba2f86140775f295c9c7de889065e8fa3911203e473eae5e990bb6a664fbc47,a7396b603fe57488e6888766497d2d597abdf978a2a0ed14df2a6b1838a19a38,stage,V4_NATIVE_EMISSION
2ba2f86140775f295c9c7de889065e8fa3911203e473eae5e990bb6a664fbc47,a7396b603fe57488e6888766497d2d597abdf978a2a0ed14df2a6b1838a19a38,class,BACKEND
bdaa4dad5de660591084c686788eae73ba91953d9a6f00b3ed503fb754bc5425,a7396b603fe57488e6888766497d2d597abdf978a2a0ed14df2a6b1838a19a38,stage,V4_NATIVE_EMISSION
bdaa4dad5de660591084c686788eae73ba91953d9a6f00b3ed503fb754bc5425,a7396b603fe57488e6888766497d2d597abdf978a2a0ed14df2a6b1838a19a38,class,BACKEND
24daf3c07797d4fae4d6edd16df493aae20d18f1d89e39c9d821dcf629fd0922,a7396b603fe57488e6888766497d2d597abdf978a2a0ed14df2a6b1838a19a38,stage,V4_NATIVE_EMISSION
24daf3c07797d4fae4d6edd16df493aae20d18f1d89e39c9d821dcf629fd0922,a7396b603fe57488e6888766497d2d597abdf978a2a0ed14df2a6b1838a19a38,class,BACKEND
1fd4c9d9459b342cad156b98adcfe4bfeb2032296bf731cc24dc77e7799e5324,063a164205cbe749406b60e8f2645283532179293bea9fea37d7d590af7d2592,stage,V4_NATIVE_EMISSION
1fd4c9d9459b342cad156b98adcfe4bfeb2032296bf731cc24dc77e7799e5324,063a164205cbe749406b60e8f2645283532179293bea9fea37d7d590af7d2592,class,BACKEND
25cd57184d59a204a537b8d6dfdb26075e96921c6df79335f80bb561738e8b2a,d1486678175bbcf59aa755f5d0a26b3a1c712e61fdc7b936a4e8f2f7109869f1,stage,V4_NATIVE_EMISSION
25cd57184d59a204a537b8d6dfdb26075e96921c6df79335f80bb561738e8b2a,d1486678175bbcf59aa755f5d0a26b3a1c712e61fdc7b936a4e8f2f7109869f1,class,BACKEND
0752d143d54d1f2a0501d9193d1b6f5f83684c7414eef10719bf6f7bd0ad7640,d1486678175bbcf59aa755f5d0a26b3a1c712e61fdc7b936a4e8f2f7109869f1,stage,V4_NATIVE_EMISSION
0752d143d54d1f2a0501d9193d1b6f5f83684c7414eef10719bf6f7bd0ad7640,d1486678175bbcf59aa755f5d0a26b3a1c712e61fdc7b936a4e8f2f7109869f1,class,BACKEND
63b9cda69e35ad14555f3a8516a8024f7c236f25231332d7fcfc37d5588df6c2,d1486678175bbcf59aa755f5d0a26b3a1c712e61fdc7b936a4e8f2f7109869f1,stage,V4_NATIVE_EMISSION
63b9cda69e35ad14555f3a8516a8024f7c236f25231332d7fcfc37d5588df6c2,d1486678175bbcf59aa755f5d0a26b3a1c712e61fdc7b936a4e8f2f7109869f1,class,BACKEND
3fc86e64ae3171b4c29586c539a3835e52f835f97736e4ef112d712457c935a7,d1486678175bbcf59aa755f5d0a26b3a1c712e61fdc7b936a4e8f2f7109869f1,stage,V4_NATIVE_EMISSION
3fc86e64ae3171b4c29586c539a3835e52f835f97736e4ef112d712457c935a7,d1486678175bbcf59aa755f5d0a26b3a1c712e61fdc7b936a4e8f2f7109869f1,class,BACKEND
ba7095339e4d2000816740ada07a4ee86c5106ce6440e778e17d5f529483cb73,d1486678175bbcf59aa755f5d0a26b3a1c712e61fdc7b936a4e8f2f7109869f1,stage,V4_NATIVE_EMISSION
ba7095339e4d2000816740ada07a4ee86c5106ce6440e778e17d5f529483cb73,d1486678175bbcf59aa755f5d0a26b3a1c712e61fdc7b936a4e8f2f7109869f1,class,BACKEND
446a5da8427490d6d443f9ae6df623a5c9ad56299a97f88bbab08bba60c7d6ab,d1486678175bbcf59aa755f5d0a26b3a1c712e61fdc7b936a4e8f2f7109869f1,stage,V4_NATIVE_EMISSION
446a5da8427490d6d443f9ae6df623a5c9ad56299a97f88bbab08bba60c7d6ab,d1486678175bbcf59aa755f5d0a26b3a1c712e61fdc7b936a4e8f2f7109869f1,class,BACKEND
5741455960880b8cb138de47be68c2ec27713b18de3aee223e1f4742c5aa9e42,d1486678175bbcf59aa755f5d0a26b3a1c712e61fdc7b936a4e8f2f7109869f1,stage,V4_NATIVE_EMISSION
5741455960880b8cb138de47be68c2ec27713b18de3aee223e1f4742c5aa9e42,d1486678175bbcf59aa755f5d0a26b3a1c712e61fdc7b936a4e8f2f7109869f1,class,BACKEND
50f2b28770153d02581f57ba3cc9f515859f3c68f1736b3293790057c8c19343,d1486678175bbcf59aa755f5d0a26b3a1c712e61fdc7b936a4e8f2f7109869f1,stage,V4_NATIVE_EMISSION
50f2b28770153d02581f57ba3cc9f515859f3c68f1736b3293790057c8c19343,d1486678175bbcf59aa755f5d0a26b3a1c712e61fdc7b936a4e8f2f7109869f1,class,BACKEND
50e0c116b29e27685c07e6c717bca026c139a233fcd39cf71d2de71c0c596f54,d1486678175bbcf59aa755f5d0a26b3a1c712e61fdc7b936a4e8f2f7109869f1,stage,V4_NATIVE_EMISSION
50e0c116b29e27685c07e6c717bca026c139a233fcd39cf71d2de71c0c596f54,d1486678175bbcf59aa755f5d0a26b3a1c712e61fdc7b936a4e8f2f7109869f1,class,BACKEND
ac7464c2f674b40bf1aa482b0236c33220ffaa6cc9ef2ccf4ca9ae5b70acf5bb,d1486678175bbcf59aa755f5d0a26b3a1c712e61fdc7b936a4e8f2f7109869f1,stage,V4_NATIVE_EMISSION
ac7464c2f674b40bf1aa482b0236c33220ffaa6cc9ef2ccf4ca9ae5b70acf5bb,d1486678175bbcf59aa755f5d0a26b3a1c712e61fdc7b936a4e8f2f7109869f1,class,BACKEND
cd03ab00ee868e3d67c3859f365ae5215619734bff9bb9957895579349fa2119,d1486678175bbcf59aa755f5d0a26b3a1c712e61fdc7b936a4e8f2f7109869f1,stage,V4_NATIVE_EMISSION
cd03ab00ee868e3d67c3859f365ae5215619734bff9bb9957895579349fa2119,d1486678175bbcf59aa755f5d0a26b3a1c712e61fdc7b936a4e8f2f7109869f1,class,BACKEND
5a26f4ae3926e84f2f0e536b9b37cbea71d8121d82ae9cd0520456da4369a7cf,d1486678175bbcf59aa755f5d0a26b3a1c712e61fdc7b936a4e8f2f7109869f1,stage,V4_NATIVE_EMISSION
5a26f4ae3926e84f2f0e536b9b37cbea71d8121d82ae9cd0520456da4369a7cf,d1486678175bbcf59aa755f5d0a26b3a1c712e61fdc7b936a4e8f2f7109869f1,class,BACKEND
45d24b6c35cd85744232c6d4d2206481fc8dcf9a9ab4018d25dc78bc8061f97a,d1486678175bbcf59aa755f5d0a26b3a1c712e61fdc7b936a4e8f2f7109869f1,stage,V4_NATIVE_EMISSION
45d24b6c35cd85744232c6d4d2206481fc8dcf9a9ab4018d25dc78bc8061f97a,d1486678175bbcf59aa755f5d0a26b3a1c712e61fdc7b936a4e8f2f7109869f1,class,BACKEND
715a2671226b2aa98a1824cbc1c1b3a0d3cadbbb1dfa12b7ba917654541ba350,ea8e146a7e49a5ac40d4a734d2e0d8d669d818a6f9291d2e7b2d51b2a94563cd,stage,V0_SOURCE_PARSE
715a2671226b2aa98a1824cbc1c1b3a0d3cadbbb1dfa12b7ba917654541ba350,ea8e146a7e49a5ac40d4a734d2e0d8d669d818a6f9291d2e7b2d51b2a94563cd,class,FRONTEND
35a590d044628dc4c683edebb4b8455aa2c0bc83d6b443f98a7d895a689c16bb,ea8e146a7e49a5ac40d4a734d2e0d8d669d818a6f9291d2e7b2d51b2a94563cd,stage,V0_SOURCE_PARSE
35a590d044628dc4c683edebb4b8455aa2c0bc83d6b443f98a7d895a689c16bb,ea8e146a7e49a5ac40d4a734d2e0d8d669d818a6f9291d2e7b2d51b2a94563cd,class,FRONTEND
598fca7e38f82470eb8bbc31f89aa0ca71ae561547d0483db32f81313742947e,ea8e146a7e49a5ac40d4a734d2e0d8d669d818a6f9291d2e7b2d51b2a94563cd,stage,V0_SOURCE_PARSE
598fca7e38f82470eb8bbc31f89aa0ca71ae561547d0483db32f81313742947e,ea8e146a7e49a5ac40d4a734d2e0d8d669d818a6f9291d2e7b2d51b2a94563cd,class,FRONTEND
146c8edad4b2b75fa250c5a7c1617b032b308daf1e35cc565bdf656be68ff729,ea8e146a7e49a5ac40d4a734d2e0d8d669d818a6f9291d2e7b2d51b2a94563cd,stage,V0_SOURCE_PARSE
146c8edad4b2b75fa250c5a7c1617b032b308daf1e35cc565bdf656be68ff729,ea8e146a7e49a5ac40d4a734d2e0d8d669d818a6f9291d2e7b2d51b2a94563cd,class,FRONTEND
7f4d9edafff33ae778f7a17b97dbbd7ea6fb46e60b9199e59c6fed7cd929b891,ea8e146a7e49a5ac40d4a734d2e0d8d669d818a6f9291d2e7b2d51b2a94563cd,stage,V0_SOURCE_PARSE
7f4d9edafff33ae778f7a17b97dbbd7ea6fb46e60b9199e59c6fed7cd929b891,ea8e146a7e49a5ac40d4a734d2e0d8d669d818a6f9291d2e7b2d51b2a94563cd,class,FRONTEND
036f23cf7337243a3b1deadf2a4b838f62a3c47dc42621dda0bc5e2ef70b4caf,ea8e146a7e49a5ac40d4a734d2e0d8d669d818a6f9291d2e7b2d51b2a94563cd,stage,V0_SOURCE_PARSE
036f23cf7337243a3b1deadf2a4b838f62a3c47dc42621dda0bc5e2ef70b4caf,ea8e146a7e49a5ac40d4a734d2e0d8d669d818a6f9291d2e7b2d51b2a94563cd,class,FRONTEND
5774269b94388567f6d67ed9c401ea00b6f61fee52f3a8ba963ee40e066965a2,ea8e146a7e49a5ac40d4a734d2e0d8d669d818a6f9291d2e7b2d51b2a94563cd,stage,V0_SOURCE_PARSE
5774269b94388567f6d67ed9c401ea00b6f61fee52f3a8ba963ee40e066965a2,ea8e146a7e49a5ac40d4a734d2e0d8d669d818a6f9291d2e7b2d51b2a94563cd,class,FRONTEND
fe7859fcf929395391517c0f3fa621612cc6d806096bbf0f012b088f4f78ded6,ea8e146a7e49a5ac40d4a734d2e0d8d669d818a6f9291d2e7b2d51b2a94563cd,stage,V0_SOURCE_PARSE
fe7859fcf929395391517c0f3fa621612cc6d806096bbf0f012b088f4f78ded6,ea8e146a7e49a5ac40d4a734d2e0d8d669d818a6f9291d2e7b2d51b2a94563cd,class,FRONTEND
44243838b78541c0036e079c580f284c980cbcacebda019da91dd6136ea6e1fa,ea8e146a7e49a5ac40d4a734d2e0d8d669d818a6f9291d2e7b2d51b2a94563cd,stage,V0_SOURCE_PARSE
44243838b78541c0036e079c580f284c980cbcacebda019da91dd6136ea6e1fa,ea8e146a7e49a5ac40d4a734d2e0d8d669d818a6f9291d2e7b2d51b2a94563cd,class,FRONTEND
173d03eefa998e3e97b2cb406b7013b5fa77172d5a695c027f051287c020f4aa,ea8e146a7e49a5ac40d4a734d2e0d8d669d818a6f9291d2e7b2d51b2a94563cd,stage,V0_SOURCE_PARSE
173d03eefa998e3e97b2cb406b7013b5fa77172d5a695c027f051287c020f4aa,ea8e146a7e49a5ac40d4a734d2e0d8d669d818a6f9291d2e7b2d51b2a94563cd,class,FRONTEND
f59ec2171130c9657d49aa21cc616e7a7ad39fbd0467b3b40923f78174da9e72,ea8e146a7e49a5ac40d4a734d2e0d8d669d818a6f9291d2e7b2d51b2a94563cd,stage,V0_SOURCE_PARSE
f59ec2171130c9657d49aa21cc616e7a7ad39fbd0467b3b40923f78174da9e72,ea8e146a7e49a5ac40d4a734d2e0d8d669d818a6f9291d2e7b2d51b2a94563cd,class,FRONTEND
05977289ca159946397874c4e6e6bdfdc87f542d372edc5128cd40ec506bc032,ea8e146a7e49a5ac40d4a734d2e0d8d669d818a6f9291d2e7b2d51b2a94563cd,stage,V0_SOURCE_PARSE
05977289ca159946397874c4e6e6bdfdc87f542d372edc5128cd40ec506bc032,ea8e146a7e49a5ac40d4a734d2e0d8d669d818a6f9291d2e7b2d51b2a94563cd,class,FRONTEND
9fe91b493fb8822108d9e4af4f3f59347bb1e198492fc168bdd3d321dd8d1db9,ea8e146a7e49a5ac40d4a734d2e0d8d669d818a6f9291d2e7b2d51b2a94563cd,stage,V0_SOURCE_PARSE
9fe91b493fb8822108d9e4af4f3f59347bb1e198492fc168bdd3d321dd8d1db9,ea8e146a7e49a5ac40d4a734d2e0d8d669d818a6f9291d2e7b2d51b2a94563cd,class,FRONTEND
82289509072f68ea07ff1c91652d686951fddde54ec88145a5f04d3244cfee21,da15ebc5e6dfeedd97e7ff0612bf5169b39dad8b0676150b73f41d4eec378d2a,stage,V4_NATIVE_EMISSION
82289509072f68ea07ff1c91652d686951fddde54ec88145a5f04d3244cfee21,da15ebc5e6dfeedd97e7ff0612bf5169b39dad8b0676150b73f41d4eec378d2a,class,BACKEND
d3fdae8dd89937808dbe9ba3dd288032fbc446390a9d82f797b8279d13b51d3f,da15ebc5e6dfeedd97e7ff0612bf5169b39dad8b0676150b73f41d4eec378d2a,stage,V4_NATIVE_EMISSION
d3fdae8dd89937808dbe9ba3dd288032fbc446390a9d82f797b8279d13b51d3f,da15ebc5e6dfeedd97e7ff0612bf5169b39dad8b0676150b73f41d4eec378d2a,class,BACKEND
015a876a06a58c3d799e4a63a6314802f7744acb7bf4173b7840217a4ec0573d,da15ebc5e6dfeedd97e7ff0612bf5169b39dad8b0676150b73f41d4eec378d2a,stage,V4_NATIVE_EMISSION
015a876a06a58c3d799e4a63a6314802f7744acb7bf4173b7840217a4ec0573d,da15ebc5e6dfeedd97e7ff0612bf5169b39dad8b0676150b73f41d4eec378d2a,class,BACKEND
543fd8ec5923d6f665556fe0df76915e1a608aeefe19b20bf687991d368baa6b,da15ebc5e6dfeedd97e7ff0612bf5169b39dad8b0676150b73f41d4eec378d2a,stage,V4_NATIVE_EMISSION
543fd8ec5923d6f665556fe0df76915e1a608aeefe19b20bf687991d368baa6b,da15ebc5e6dfeedd97e7ff0612bf5169b39dad8b0676150b73f41d4eec378d2a,class,BACKEND
21603a33edfb00aff556239ad6aa61ed47f6c77f46ad3d7a815855e66e5d1d78,da15ebc5e6dfeedd97e7ff0612bf5169b39dad8b0676150b73f41d4eec378d2a,stage,V4_NATIVE_EMISSION
21603a33edfb00aff556239ad6aa61ed47f6c77f46ad3d7a815855e66e5d1d78,da15ebc5e6dfeedd97e7ff0612bf5169b39dad8b0676150b73f41d4eec378d2a,class,BACKEND
e3f4a4cfa5742c76e9855a506f85654e2b821f49a21020d5f273f65bb5f57b56,da15ebc5e6dfeedd97e7ff0612bf5169b39dad8b0676150b73f41d4eec378d2a,stage,V4_NATIVE_EMISSION
e3f4a4cfa5742c76e9855a506f85654e2b821f49a21020d5f273f65bb5f57b56,da15ebc5e6dfeedd97e7ff0612bf5169b39dad8b0676150b73f41d4eec378d2a,class,BACKEND
4c679c2cca0729e7b28f9deb5092368c60db07e1bf66921c147f9b0b16fe5e51,da15ebc5e6dfeedd97e7ff0612bf5169b39dad8b0676150b73f41d4eec378d2a,stage,V4_NATIVE_EMISSION
4c679c2cca0729e7b28f9deb5092368c60db07e1bf66921c147f9b0b16fe5e51,da15ebc5e6dfeedd97e7ff0612bf5169b39dad8b0676150b73f41d4eec378d2a,class,BACKEND
da25843888d4e7af388188700596bb71b3fdd702ab382f85b1a9d03be2501229,da15ebc5e6dfeedd97e7ff0612bf5169b39dad8b0676150b73f41d4eec378d2a,stage,V4_NATIVE_EMISSION
da25843888d4e7af388188700596bb71b3fdd702ab382f85b1a9d03be2501229,da15ebc5e6dfeedd97e7ff0612bf5169b39dad8b0676150b73f41d4eec378d2a,class,BACKEND
01f3d91f0eb5d8e03f09ce3253cdd44f0f12fad5692f66d60028bfe498865dcf,da15ebc5e6dfeedd97e7ff0612bf5169b39dad8b0676150b73f41d4eec378d2a,stage,V4_NATIVE_EMISSION
01f3d91f0eb5d8e03f09ce3253cdd44f0f12fad5692f66d60028bfe498865dcf,da15ebc5e6dfeedd97e7ff0612bf5169b39dad8b0676150b73f41d4eec378d2a,class,BACKEND
d48cea430b8fdc94e7f49413399ed44391f66c2b1e6fede183520a020a756bc2,da15ebc5e6dfeedd97e7ff0612bf5169b39dad8b0676150b73f41d4eec378d2a,stage,V4_NATIVE_EMISSION
d48cea430b8fdc94e7f49413399ed44391f66c2b1e6fede183520a020a756bc2,da15ebc5e6dfeedd97e7ff0612bf5169b39dad8b0676150b73f41d4eec378d2a,class,BACKEND
d2c90627f6ee4aacc617976fefa7bb77d1b968db4f91bd9f17635919bae78ad1,da15ebc5e6dfeedd97e7ff0612bf5169b39dad8b0676150b73f41d4eec378d2a,stage,V4_NATIVE_EMISSION
d2c90627f6ee4aacc617976fefa7bb77d1b968db4f91bd9f17635919bae78ad1,da15ebc5e6dfeedd97e7ff0612bf5169b39dad8b0676150b73f41d4eec378d2a,class,BACKEND
41791bd0c86d7a4ef614d1f46f640ad4a52c98152764c36df3dae4f8c4da5cea,da15ebc5e6dfeedd97e7ff0612bf5169b39dad8b0676150b73f41d4eec378d2a,stage,V4_NATIVE_EMISSION
41791bd0c86d7a4ef614d1f46f640ad4a52c98152764c36df3dae4f8c4da5cea,da15ebc5e6dfeedd97e7ff0612bf5169b39dad8b0676150b73f41d4eec378d2a,class,BACKEND
22075384d24eccdb4a1f3656be272b6462646eb5daad9d221f8891274cd7b852,da15ebc5e6dfeedd97e7ff0612bf5169b39dad8b0676150b73f41d4eec378d2a,stage,V4_NATIVE_EMISSION
22075384d24eccdb4a1f3656be272b6462646eb5daad9d221f8891274cd7b852,da15ebc5e6dfeedd97e7ff0612bf5169b39dad8b0676150b73f41d4eec378d2a,class,BACKEND
1f7a49acc6755058b91dd83efda2915a945e2ad4bc4c4e1001cf7fe7eaeafa35,6ce640dd5b75f4e383d17f42b271265b9e2cf3e87d82bb995fc45817e1aad399,stage,V4_NATIVE_EMISSION
1f7a49acc6755058b91dd83efda2915a945e2ad4bc4c4e1001cf7fe7eaeafa35,6ce640dd5b75f4e383d17f42b271265b9e2cf3e87d82bb995fc45817e1aad399,class,BACKEND
a9f95fcf78029b342b00955d02907a3d5ef4c08a610dff2031e649f20139e856,6ce640dd5b75f4e383d17f42b271265b9e2cf3e87d82bb995fc45817e1aad399,stage,V4_NATIVE_EMISSION
a9f95fcf78029b342b00955d02907a3d5ef4c08a610dff2031e649f20139e856,6ce640dd5b75f4e383d17f42b271265b9e2cf3e87d82bb995fc45817e1aad399,class,BACKEND
99a855e31e951d6a6d05d91de4579633edd50ce15ca372cd9182f51ea595642b,6ce640dd5b75f4e383d17f42b271265b9e2cf3e87d82bb995fc45817e1aad399,stage,V4_NATIVE_EMISSION
99a855e31e951d6a6d05d91de4579633edd50ce15ca372cd9182f51ea595642b,6ce640dd5b75f4e383d17f42b271265b9e2cf3e87d82bb995fc45817e1aad399,class,BACKEND
5a71826a18fa84c220f2a388b8da89a416e8b541379cd2fb2e845e4da83e2674,6ce640dd5b75f4e383d17f42b271265b9e2cf3e87d82bb995fc45817e1aad399,stage,V4_NATIVE_EMISSION
5a71826a18fa84c220f2a388b8da89a416e8b541379cd2fb2e845e4da83e2674,6ce640dd5b75f4e383d17f42b271265b9e2cf3e87d82bb995fc45817e1aad399,class,BACKEND
6f114912919f208fd5ae19c5490dcbd99e51d7f4ddf3b3b8cf75ffaeecb79dd2,6ce640dd5b75f4e383d17f42b271265b9e2cf3e87d82bb995fc45817e1aad399,stage,V4_NATIVE_EMISSION
6f114912919f208fd5ae19c5490dcbd99e51d7f4ddf3b3b8cf75ffaeecb79dd2,6ce640dd5b75f4e383d17f42b271265b9e2cf3e87d82bb995fc45817e1aad399,class,BACKEND
5f1e02331203bee4ed04130c2f9a858c9ed6f835596216e22154e48bc5731bf4,6ce640dd5b75f4e383d17f42b271265b9e2cf3e87d82bb995fc45817e1aad399,stage,V4_NATIVE_EMISSION
5f1e02331203bee4ed04130c2f9a858c9ed6f835596216e22154e48bc5731bf4,6ce640dd5b75f4e383d17f42b271265b9e2cf3e87d82bb995fc45817e1aad399,class,BACKEND
1c259e6e365b503ffb2e5466e4c5af196b9e0d6d14773adc62c7e845eaa788c6,6ce640dd5b75f4e383d17f42b271265b9e2cf3e87d82bb995fc45817e1aad399,stage,V4_NATIVE_EMISSION
1c259e6e365b503ffb2e5466e4c5af196b9e0d6d14773adc62c7e845eaa788c6,6ce640dd5b75f4e383d17f42b271265b9e2cf3e87d82bb995fc45817e1aad399,class,BACKEND
3185b222f5898276bea246a3105359f10a0c3cb428e577a55dbf7f9138058a9d,6ce640dd5b75f4e383d17f42b271265b9e2cf3e87d82bb995fc45817e1aad399,stage,V4_NATIVE_EMISSION
3185b222f5898276bea246a3105359f10a0c3cb428e577a55dbf7f9138058a9d,6ce640dd5b75f4e383d17f42b271265b9e2cf3e87d82bb995fc45817e1aad399,class,BACKEND
9c66ed6a031dddb0525dfb13d12dd69f826e826e4f3d74aedec8e96fc55cc540,6ce640dd5b75f4e383d17f42b271265b9e2cf3e87d82bb995fc45817e1aad399,stage,V4_NATIVE_EMISSION
9c66ed6a031dddb0525dfb13d12dd69f826e826e4f3d74aedec8e96fc55cc540,6ce640dd5b75f4e383d17f42b271265b9e2cf3e87d82bb995fc45817e1aad399,class,BACKEND
d6ac752bc4b69a04fc9751972470858f08af9aff9e8bdfd224998c24c63ad9cf,6ce640dd5b75f4e383d17f42b271265b9e2cf3e87d82bb995fc45817e1aad399,stage,V4_NATIVE_EMISSION
d6ac752bc4b69a04fc9751972470858f08af9aff9e8bdfd224998c24c63ad9cf,6ce640dd5b75f4e383d17f42b271265b9e2cf3e87d82bb995fc45817e1aad399,class,BACKEND
bfa451394fc315b13cd8fec1114b64b485126428f891b2b428278eab744436ac,6ce640dd5b75f4e383d17f42b271265b9e2cf3e87d82bb995fc45817e1aad399,stage,V4_NATIVE_EMISSION
bfa451394fc315b13cd8fec1114b64b485126428f891b2b428278eab744436ac,6ce640dd5b75f4e383d17f42b271265b9e2cf3e87d82bb995fc45817e1aad399,class,BACKEND
0d9018fdc85e6967ca0b82efdf4cfdd4fc685e13fc804efac22fb3aeadb03150,6ce640dd5b75f4e383d17f42b271265b9e2cf3e87d82bb995fc45817e1aad399,stage,V4_NATIVE_EMISSION
0d9018fdc85e6967ca0b82efdf4cfdd4fc685e13fc804efac22fb3aeadb03150,6ce640dd5b75f4e383d17f42b271265b9e2cf3e87d82bb995fc45817e1aad399,class,BACKEND
3eac3f68034f650328d48a41bfecbd5ae44a5998bbfc6f9afa5621a82c3cd201,6ce640dd5b75f4e383d17f42b271265b9e2cf3e87d82bb995fc45817e1aad399,stage,V4_NATIVE_EMISSION
3eac3f68034f650328d48a41bfecbd5ae44a5998bbfc6f9afa5621a82c3cd201,6ce640dd5b75f4e383d17f42b271265b9e2cf3e87d82bb995fc45817e1aad399,class,BACKEND
a4c0a3ec4ac0563870f5418d57e3c507a4647fee35accf5db3a882668282b206,2d1358470fcc1dbfee466082743e584a8ce86a7667951dcf437a2ff6eda46f4d,stage,V0_SOURCE_PARSE
a4c0a3ec4ac0563870f5418d57e3c507a4647fee35accf5db3a882668282b206,2d1358470fcc1dbfee466082743e584a8ce86a7667951dcf437a2ff6eda46f4d,class,FRONTEND
380c4b5205a0bb59efddae9b7de4b549e7ad8b560536868ab491ce9a84eeb13a,2d1358470fcc1dbfee466082743e584a8ce86a7667951dcf437a2ff6eda46f4d,stage,V0_SOURCE_PARSE
380c4b5205a0bb59efddae9b7de4b549e7ad8b560536868ab491ce9a84eeb13a,2d1358470fcc1dbfee466082743e584a8ce86a7667951dcf437a2ff6eda46f4d,class,FRONTEND
24cd4087ff89c3add46685910bd70b4978ae1b08a136985557c2fbee75cf3997,2d1358470fcc1dbfee466082743e584a8ce86a7667951dcf437a2ff6eda46f4d,stage,V0_SOURCE_PARSE
24cd4087ff89c3add46685910bd70b4978ae1b08a136985557c2fbee75cf3997,2d1358470fcc1dbfee466082743e584a8ce86a7667951dcf437a2ff6eda46f4d,class,FRONTEND
1c78f2372cd2605cc615c41f051a0e2d3ff7b065adaea5f9e4fe612ca2fc8e84,2d1358470fcc1dbfee466082743e584a8ce86a7667951dcf437a2ff6eda46f4d,stage,V0_SOURCE_PARSE
1c78f2372cd2605cc615c41f051a0e2d3ff7b065adaea5f9e4fe612ca2fc8e84,2d1358470fcc1dbfee466082743e584a8ce86a7667951dcf437a2ff6eda46f4d,class,FRONTEND
ac773f33ec0ec07cd9415364473c00e9b8340fd0b841877c076f1d59094f6eb3,2d1358470fcc1dbfee466082743e584a8ce86a7667951dcf437a2ff6eda46f4d,stage,V0_SOURCE_PARSE
ac773f33ec0ec07cd9415364473c00e9b8340fd0b841877c076f1d59094f6eb3,2d1358470fcc1dbfee466082743e584a8ce86a7667951dcf437a2ff6eda46f4d,class,FRONTEND
18b2137adbfd69dfe2104f171a29aa34917823b8753e4b5100ca71703fe59123,2d1358470fcc1dbfee466082743e584a8ce86a7667951dcf437a2ff6eda46f4d,stage,V0_SOURCE_PARSE
18b2137adbfd69dfe2104f171a29aa34917823b8753e4b5100ca71703fe59123,2d1358470fcc1dbfee466082743e584a8ce86a7667951dcf437a2ff6eda46f4d,class,FRONTEND
bd047504d9b8900e4e05c276763b281edb1de9e0a3b651667ef51ddc4492afbb,2d1358470fcc1dbfee466082743e584a8ce86a7667951dcf437a2ff6eda46f4d,stage,V0_SOURCE_PARSE
bd047504d9b8900e4e05c276763b281edb1de9e0a3b651667ef51ddc4492afbb,2d1358470fcc1dbfee466082743e584a8ce86a7667951dcf437a2ff6eda46f4d,class,FRONTEND
d4b010147dac6f2bc395eed6fe40252db33221c6e4dc5f003743374be24a3241,2d1358470fcc1dbfee466082743e584a8ce86a7667951dcf437a2ff6eda46f4d,stage,V0_SOURCE_PARSE
d4b010147dac6f2bc395eed6fe40252db33221c6e4dc5f003743374be24a3241,2d1358470fcc1dbfee466082743e584a8ce86a7667951dcf437a2ff6eda46f4d,class,FRONTEND
e4455d0be33125c7d1e9fcbc31d560b878ae7741dfc5d2e65c27013dc129fbb5,2d1358470fcc1dbfee466082743e584a8ce86a7667951dcf437a2ff6eda46f4d,stage,V0_SOURCE_PARSE
e4455d0be33125c7d1e9fcbc31d560b878ae7741dfc5d2e65c27013dc129fbb5,2d1358470fcc1dbfee466082743e584a8ce86a7667951dcf437a2ff6eda46f4d,class,FRONTEND
d8f8d8de9050951d62c0407e52367e63cc50e45d3166478b950920c2af7166d9,2d1358470fcc1dbfee466082743e584a8ce86a7667951dcf437a2ff6eda46f4d,stage,V0_SOURCE_PARSE
d8f8d8de9050951d62c0407e52367e63cc50e45d3166478b950920c2af7166d9,2d1358470fcc1dbfee466082743e584a8ce86a7667951dcf437a2ff6eda46f4d,class,FRONTEND
f959f18d0785aec8cc70ca116b053a605e18a48dd041aa97a3081cb463efb3a6,2d1358470fcc1dbfee466082743e584a8ce86a7667951dcf437a2ff6eda46f4d,stage,V0_SOURCE_PARSE
f959f18d0785aec8cc70ca116b053a605e18a48dd041aa97a3081cb463efb3a6,2d1358470fcc1dbfee466082743e584a8ce86a7667951dcf437a2ff6eda46f4d,class,FRONTEND
bfdbc03cf35ee9acc82511bef7aa35274c2ab271edb53ca10efa9d8defaeaaba,2d1358470fcc1dbfee466082743e584a8ce86a7667951dcf437a2ff6eda46f4d,stage,V0_SOURCE_PARSE
bfdbc03cf35ee9acc82511bef7aa35274c2ab271edb53ca10efa9d8defaeaaba,2d1358470fcc1dbfee466082743e584a8ce86a7667951dcf437a2ff6eda46f4d,class,FRONTEND
e02766d149943b1419a4a17617248189dddeddaa4f062004c52a4215cb21eb1e,2d1358470fcc1dbfee466082743e584a8ce86a7667951dcf437a2ff6eda46f4d,stage,V0_SOURCE_PARSE
e02766d149943b1419a4a17617248189dddeddaa4f062004c52a4215cb21eb1e,2d1358470fcc1dbfee466082743e584a8ce86a7667951dcf437a2ff6eda46f4d,class,FRONTEND
0d70a061bfd4150000b36cb67585625d6decbae25c5d72b8e1e324c8ca802d04,1c5bd214fd7d7329aa4cbdf48fd5bd020ccedc95f63f813bbaea6c2695739be5,stage,V4_NATIVE_EMISSION
0d70a061bfd4150000b36cb67585625d6decbae25c5d72b8e1e324c8ca802d04,1c5bd214fd7d7329aa4cbdf48fd5bd020ccedc95f63f813bbaea6c2695739be5,class,BACKEND
6c0aa281aaeffa8c3a8343ceb076a33125943508117c4cbf822389d89a0212e3,1c5bd214fd7d7329aa4cbdf48fd5bd020ccedc95f63f813bbaea6c2695739be5,stage,V4_NATIVE_EMISSION
6c0aa281aaeffa8c3a8343ceb076a33125943508117c4cbf822389d89a0212e3,1c5bd214fd7d7329aa4cbdf48fd5bd020ccedc95f63f813bbaea6c2695739be5,class,BACKEND
724f6512b0861ee5fb60f12d67e9146dba03780b8d10672f6865e257d52a5a4e,1c5bd214fd7d7329aa4cbdf48fd5bd020ccedc95f63f813bbaea6c2695739be5,stage,V4_NATIVE_EMISSION
724f6512b0861ee5fb60f12d67e9146dba03780b8d10672f6865e257d52a5a4e,1c5bd214fd7d7329aa4cbdf48fd5bd020ccedc95f63f813bbaea6c2695739be5,class,BACKEND
3ea1d303e49d547aa77ba00cb256bae00d6e26361d74756533bd123e53fceb55,1c5bd214fd7d7329aa4cbdf48fd5bd020ccedc95f63f813bbaea6c2695739be5,stage,V4_NATIVE_EMISSION
3ea1d303e49d547aa77ba00cb256bae00d6e26361d74756533bd123e53fceb55,1c5bd214fd7d7329aa4cbdf48fd5bd020ccedc95f63f813bbaea6c2695739be5,class,BACKEND
82346c92be0c0bd3a2dcbdcd3cc40b5ba254bc529086b0858eff9411e6b6c3db,1c5bd214fd7d7329aa4cbdf48fd5bd020ccedc95f63f813bbaea6c2695739be5,stage,V4_NATIVE_EMISSION
82346c92be0c0bd3a2dcbdcd3cc40b5ba254bc529086b0858eff9411e6b6c3db,1c5bd214fd7d7329aa4cbdf48fd5bd020ccedc95f63f813bbaea6c2695739be5,class,BACKEND
5759b5a28a737450867b1d47e5834f68072048d4611ee03417b223de2d1c1b54,1c5bd214fd7d7329aa4cbdf48fd5bd020ccedc95f63f813bbaea6c2695739be5,stage,V4_NATIVE_EMISSION
5759b5a28a737450867b1d47e5834f68072048d4611ee03417b223de2d1c1b54,1c5bd214fd7d7329aa4cbdf48fd5bd020ccedc95f63f813bbaea6c2695739be5,class,BACKEND
fd9be9e5484ec5d0e5baa4b0aaf478c09e963cda0351001de95efec6a0596b51,1c5bd214fd7d7329aa4cbdf48fd5bd020ccedc95f63f813bbaea6c2695739be5,stage,V4_NATIVE_EMISSION
fd9be9e5484ec5d0e5baa4b0aaf478c09e963cda0351001de95efec6a0596b51,1c5bd214fd7d7329aa4cbdf48fd5bd020ccedc95f63f813bbaea6c2695739be5,class,BACKEND
3a675374eba0fb9ac46f3ab70436a6ee3881788b8a9698062b84216a456c0217,1c5bd214fd7d7329aa4cbdf48fd5bd020ccedc95f63f813bbaea6c2695739be5,stage,V4_NATIVE_EMISSION
3a675374eba0fb9ac46f3ab70436a6ee3881788b8a9698062b84216a456c0217,1c5bd214fd7d7329aa4cbdf48fd5bd020ccedc95f63f813bbaea6c2695739be5,class,BACKEND
8e3d3b37ef8e5d423b5f786f164b89ffeadde2c42555cecd19d3eb1411d0c1b4,1c5bd214fd7d7329aa4cbdf48fd5bd020ccedc95f63f813bbaea6c2695739be5,stage,V4_NATIVE_EMISSION
8e3d3b37ef8e5d423b5f786f164b89ffeadde2c42555cecd19d3eb1411d0c1b4,1c5bd214fd7d7329aa4cbdf48fd5bd020ccedc95f63f813bbaea6c2695739be5,class,BACKEND
eb41f786f7481977486409b72d8b759a257c6704ebd714ec79f3b5445a136248,1c5bd214fd7d7329aa4cbdf48fd5bd020ccedc95f63f813bbaea6c2695739be5,stage,V4_NATIVE_EMISSION
eb41f786f7481977486409b72d8b759a257c6704ebd714ec79f3b5445a136248,1c5bd214fd7d7329aa4cbdf48fd5bd020ccedc95f63f813bbaea6c2695739be5,class,BACKEND
ed1d41166ab0e1647ea02b01dce374ed6373f751110482767b17138e7591f716,1c5bd214fd7d7329aa4cbdf48fd5bd020ccedc95f63f813bbaea6c2695739be5,stage,V4_NATIVE_EMISSION
ed1d41166ab0e1647ea02b01dce374ed6373f751110482767b17138e7591f716,1c5bd214fd7d7329aa4cbdf48fd5bd020ccedc95f63f813bbaea6c2695739be5,class,BACKEND
e0f167e67aa3d415db56fecec206fad10dfed2194606c3a20cf02b6d78ee535c,1c5bd214fd7d7329aa4cbdf48fd5bd020ccedc95f63f813bbaea6c2695739be5,stage,V4_NATIVE_EMISSION
e0f167e67aa3d415db56fecec206fad10dfed2194606c3a20cf02b6d78ee535c,1c5bd214fd7d7329aa4cbdf48fd5bd020ccedc95f63f813bbaea6c2695739be5,class,BACKEND
49cdb841e13ae57db974d7e3170dc35e31f69b2f252971b27ec49cac88021268,48e85cb608c0423d1447cadfa9c8bfb6f31b97de4fad93b76f61f9298049f638,stage,V4_NATIVE_EMISSION
49cdb841e13ae57db974d7e3170dc35e31f69b2f252971b27ec49cac88021268,48e85cb608c0423d1447cadfa9c8bfb6f31b97de4fad93b76f61f9298049f638,class,BACKEND
7b678259d132a272be348db2a69876b4da12d6967c6ce3d4ea8c72694e0c5be4,48e85cb608c0423d1447cadfa9c8bfb6f31b97de4fad93b76f61f9298049f638,stage,V4_NATIVE_EMISSION
7b678259d132a272be348db2a69876b4da12d6967c6ce3d4ea8c72694e0c5be4,48e85cb608c0423d1447cadfa9c8bfb6f31b97de4fad93b76f61f9298049f638,class,BACKEND
248196f6a6ce2ced1c6878b52056062ce25c77f04fc438cde9a3a9c5210b91e0,48e85cb608c0423d1447cadfa9c8bfb6f31b97de4fad93b76f61f9298049f638,stage,V4_NATIVE_EMISSION
248196f6a6ce2ced1c6878b52056062ce25c77f04fc438cde9a3a9c5210b91e0,48e85cb608c0423d1447cadfa9c8bfb6f31b97de4fad93b76f61f9298049f638,class,BACKEND
8fabc7388e7de494b175892c23900816e652050e820c650062226e43418570cd,48e85cb608c0423d1447cadfa9c8bfb6f31b97de4fad93b76f61f9298049f638,stage,V4_NATIVE_EMISSION
8fabc7388e7de494b175892c23900816e652050e820c650062226e43418570cd,48e85cb608c0423d1447cadfa9c8bfb6f31b97de4fad93b76f61f9298049f638,class,BACKEND
d46bc9e634b1eb3e706af33ba459cdf13b4ffb0081deef4fb9fcd9e63f1d9970,48e85cb608c0423d1447cadfa9c8bfb6f31b97de4fad93b76f61f9298049f638,stage,V4_NATIVE_EMISSION
d46bc9e634b1eb3e706af33ba459cdf13b4ffb0081deef4fb9fcd9e63f1d9970,48e85cb608c0423d1447cadfa9c8bfb6f31b97de4fad93b76f61f9298049f638,class,BACKEND
44d7311c0383fe21f59a15b044e94a4e10c071c3dbadab798b15a74e41c6d129,48e85cb608c0423d1447cadfa9c8bfb6f31b97de4fad93b76f61f9298049f638,stage,V4_NATIVE_EMISSION
44d7311c0383fe21f59a15b044e94a4e10c071c3dbadab798b15a74e41c6d129,48e85cb608c0423d1447cadfa9c8bfb6f31b97de4fad93b76f61f9298049f638,class,BACKEND
3b9d5270ec1db7c2cfa89c7e51d06e3608ec9149050d8b5be4c65774dbb24fc4,48e85cb608c0423d1447cadfa9c8bfb6f31b97de4fad93b76f61f9298049f638,stage,V4_NATIVE_EMISSION
3b9d5270ec1db7c2cfa89c7e51d06e3608ec9149050d8b5be4c65774dbb24fc4,48e85cb608c0423d1447cadfa9c8bfb6f31b97de4fad93b76f61f9298049f638,class,BACKEND
cec1f9f64916760671edb6c32dc2afa3b92cf5e1dd91044667c1fca917eff6b3,48e85cb608c0423d1447cadfa9c8bfb6f31b97de4fad93b76f61f9298049f638,stage,V4_NATIVE_EMISSION
cec1f9f64916760671edb6c32dc2afa3b92cf5e1dd91044667c1fca917eff6b3,48e85cb608c0423d1447cadfa9c8bfb6f31b97de4fad93b76f61f9298049f638,class,BACKEND
debe8212dd909878f896fadd8cc581841e684061afc216485112f08d5d6b43fd,48e85cb608c0423d1447cadfa9c8bfb6f31b97de4fad93b76f61f9298049f638,stage,V4_NATIVE_EMISSION
debe8212dd909878f896fadd8cc581841e684061afc216485112f08d5d6b43fd,48e85cb608c0423d1447cadfa9c8bfb6f31b97de4fad93b76f61f9298049f638,class,BACKEND
acab1b786eb11fb6f13a239b6660a1fd1ed5fdd194e544e6bc66f5928f6b3814,48e85cb608c0423d1447cadfa9c8bfb6f31b97de4fad93b76f61f9298049f638,stage,V4_NATIVE_EMISSION
acab1b786eb11fb6f13a239b6660a1fd1ed5fdd194e544e6bc66f5928f6b3814,48e85cb608c0423d1447cadfa9c8bfb6f31b97de4fad93b76f61f9298049f638,class,BACKEND
d51eb71c229e8a85cf0022aed705d7edc42197077a6f2869a9de643879b39c79,48e85cb608c0423d1447cadfa9c8bfb6f31b97de4fad93b76f61f9298049f638,stage,V4_NATIVE_EMISSION
d51eb71c229e8a85cf0022aed705d7edc42197077a6f2869a9de643879b39c79,48e85cb608c0423d1447cadfa9c8bfb6f31b97de4fad93b76f61f9298049f638,class,BACKEND
05eb646e317b7db32e4e4db69e9788d759efd4dcfbf7122413eae6092aacb5d3,48e85cb608c0423d1447cadfa9c8bfb6f31b97de4fad93b76f61f9298049f638,stage,V4_NATIVE_EMISSION
05eb646e317b7db32e4e4db69e9788d759efd4dcfbf7122413eae6092aacb5d3,48e85cb608c0423d1447cadfa9c8bfb6f31b97de4fad93b76f61f9298049f638,class,BACKEND
2b7f03aae074602f029eb0f7522cccabac7a5d03cdf5765f082eb017e9df91f2,9dd6b1ab2968a3f34e130f734027c5da801c77dec50163652a71e57da9d8eae7,stage,V4_NATIVE_EMISSION
2b7f03aae074602f029eb0f7522cccabac7a5d03cdf5765f082eb017e9df91f2,9dd6b1ab2968a3f34e130f734027c5da801c77dec50163652a71e57da9d8eae7,class,BACKEND
eb79e7170200d816f6eeae369ce1680956164e0a67802c36f6acaa977066bc0d,9dd6b1ab2968a3f34e130f734027c5da801c77dec50163652a71e57da9d8eae7,stage,V4_NATIVE_EMISSION
eb79e7170200d816f6eeae369ce1680956164e0a67802c36f6acaa977066bc0d,9dd6b1ab2968a3f34e130f734027c5da801c77dec50163652a71e57da9d8eae7,class,BACKEND
2c990527e0e7d8c731d039d018db7b606760c2021523fd1b28553d8af53bd497,9dd6b1ab2968a3f34e130f734027c5da801c77dec50163652a71e57da9d8eae7,stage,V4_NATIVE_EMISSION
2c990527e0e7d8c731d039d018db7b606760c2021523fd1b28553d8af53bd497,9dd6b1ab2968a3f34e130f734027c5da801c77dec50163652a71e57da9d8eae7,class,BACKEND
cd97d90023abe6a0c158ba7e5c1cc9baeacf6037e4e72d60029c52f16b15f196,9dd6b1ab2968a3f34e130f734027c5da801c77dec50163652a71e57da9d8eae7,stage,V4_NATIVE_EMISSION
cd97d90023abe6a0c158ba7e5c1cc9baeacf6037e4e72d60029c52f16b15f196,9dd6b1ab2968a3f34e130f734027c5da801c77dec50163652a71e57da9d8eae7,class,BACKEND
0c457eab0378fa0bcc457c7f2d1fc26ffa063bab70dd171864370cf136e7ff7c,9dd6b1ab2968a3f34e130f734027c5da801c77dec50163652a71e57da9d8eae7,stage,V4_NATIVE_EMISSION
0c457eab0378fa0bcc457c7f2d1fc26ffa063bab70dd171864370cf136e7ff7c,9dd6b1ab2968a3f34e130f734027c5da801c77dec50163652a71e57da9d8eae7,class,BACKEND
efac4c037779bf6c1d87aabe4e38520112ff2fbd368e269e5f3046e906ca2d32,9dd6b1ab2968a3f34e130f734027c5da801c77dec50163652a71e57da9d8eae7,stage,V4_NATIVE_EMISSION
efac4c037779bf6c1d87aabe4e38520112ff2fbd368e269e5f3046e906ca2d32,9dd6b1ab2968a3f34e130f734027c5da801c77dec50163652a71e57da9d8eae7,class,BACKEND
8f7d1f0982c390a042a59fe52382205fb773293184a94f313d3117396147d382,9dd6b1ab2968a3f34e130f734027c5da801c77dec50163652a71e57da9d8eae7,stage,V4_NATIVE_EMISSION
8f7d1f0982c390a042a59fe52382205fb773293184a94f313d3117396147d382,9dd6b1ab2968a3f34e130f734027c5da801c77dec50163652a71e57da9d8eae7,class,BACKEND
059854083fe017253e6186d4234ba70bbd3f59df1cf5d0bee479fddcf3ba0c1b,9dd6b1ab2968a3f34e130f734027c5da801c77dec50163652a71e57da9d8eae7,stage,V4_NATIVE_EMISSION
059854083fe017253e6186d4234ba70bbd3f59df1cf5d0bee479fddcf3ba0c1b,9dd6b1ab2968a3f34e130f734027c5da801c77dec50163652a71e57da9d8eae7,class,BACKEND
aeb8af8b9d1f618f9d83b8b0867137cbe7034d3e258f2de28e741ded0e2347c0,9dd6b1ab2968a3f34e130f734027c5da801c77dec50163652a71e57da9d8eae7,stage,V4_NATIVE_EMISSION
aeb8af8b9d1f618f9d83b8b0867137cbe7034d3e258f2de28e741ded0e2347c0,9dd6b1ab2968a3f34e130f734027c5da801c77dec50163652a71e57da9d8eae7,class,BACKEND
f384ee23a5453ad862abd9c8aa64ad10600222655cf46e3b90344b6676aacadb,9dd6b1ab2968a3f34e130f734027c5da801c77dec50163652a71e57da9d8eae7,stage,V4_NATIVE_EMISSION
f384ee23a5453ad862abd9c8aa64ad10600222655cf46e3b90344b6676aacadb,9dd6b1ab2968a3f34e130f734027c5da801c77dec50163652a71e57da9d8eae7,class,BACKEND
aca11c0e5db05b3cd598ffcb283cc272cc74a7aa7e125811240e531ebc55974d,9dd6b1ab2968a3f34e130f734027c5da801c77dec50163652a71e57da9d8eae7,stage,V4_NATIVE_EMISSION
aca11c0e5db05b3cd598ffcb283cc272cc74a7aa7e125811240e531ebc55974d,9dd6b1ab2968a3f34e130f734027c5da801c77dec50163652a71e57da9d8eae7,class,BACKEND
a290bc6cb223d9754d454217e5720d22b05cac1f2be70ad282f217a75f6fafa5,9dd6b1ab2968a3f34e130f734027c5da801c77dec50163652a71e57da9d8eae7,stage,V4_NATIVE_EMISSION
a290bc6cb223d9754d454217e5720d22b05cac1f2be70ad282f217a75f6fafa5,9dd6b1ab2968a3f34e130f734027c5da801c77dec50163652a71e57da9d8eae7,class,BACKEND
c199dd4de0d6310bdaddffaa579b7689111c2b26cc44d4fc8c33bbd9a62b8b25,9dd6b1ab2968a3f34e130f734027c5da801c77dec50163652a71e57da9d8eae7,stage,V4_NATIVE_EMISSION
c199dd4de0d6310bdaddffaa579b7689111c2b26cc44d4fc8c33bbd9a62b8b25,9dd6b1ab2968a3f34e130f734027c5da801c77dec50163652a71e57da9d8eae7,class,BACKEND
a70ecd4876edafc8214c6f4edfa938ab90949253a91e2d4ea9c319ec1fa1c4be,da94d035751c3876b23a7fb814b9831a320fe28f891126e6903c6178bf7cd440,stage,V0_SOURCE_PARSE
a70ecd4876edafc8214c6f4edfa938ab90949253a91e2d4ea9c319ec1fa1c4be,da94d035751c3876b23a7fb814b9831a320fe28f891126e6903c6178bf7cd440,class,FRONTEND
5752f92ca5ab20f8d20da845ea0c42ace167b5fbdf8af932eca1e2169ab8a27b,da94d035751c3876b23a7fb814b9831a320fe28f891126e6903c6178bf7cd440,stage,V0_SOURCE_PARSE
5752f92ca5ab20f8d20da845ea0c42ace167b5fbdf8af932eca1e2169ab8a27b,da94d035751c3876b23a7fb814b9831a320fe28f891126e6903c6178bf7cd440,class,FRONTEND
c2ff7bf2880c881c1dce824ac782d43ea0749a031bccc2c93be6c6f549b7291c,da94d035751c3876b23a7fb814b9831a320fe28f891126e6903c6178bf7cd440,stage,V0_SOURCE_PARSE
c2ff7bf2880c881c1dce824ac782d43ea0749a031bccc2c93be6c6f549b7291c,da94d035751c3876b23a7fb814b9831a320fe28f891126e6903c6178bf7cd440,class,FRONTEND
01c20936181c6500fa1d4ec5e2d83208c79b935b20ea216d51468c56a2f73bb2,da94d035751c3876b23a7fb814b9831a320fe28f891126e6903c6178bf7cd440,stage,V0_SOURCE_PARSE
01c20936181c6500fa1d4ec5e2d83208c79b935b20ea216d51468c56a2f73bb2,da94d035751c3876b23a7fb814b9831a320fe28f891126e6903c6178bf7cd440,class,FRONTEND
e4570e6593277d3e4094407a2f671835a3ca59b4f9b759edcf72ccfcc08f8655,da94d035751c3876b23a7fb814b9831a320fe28f891126e6903c6178bf7cd440,stage,V0_SOURCE_PARSE
e4570e6593277d3e4094407a2f671835a3ca59b4f9b759edcf72ccfcc08f8655,da94d035751c3876b23a7fb814b9831a320fe28f891126e6903c6178bf7cd440,class,FRONTEND
1957b17ce696dda8cc521939eca8e7f99acf034554ebfffd0e02e660e09c0430,da94d035751c3876b23a7fb814b9831a320fe28f891126e6903c6178bf7cd440,stage,V0_SOURCE_PARSE
1957b17ce696dda8cc521939eca8e7f99acf034554ebfffd0e02e660e09c0430,da94d035751c3876b23a7fb814b9831a320fe28f891126e6903c6178bf7cd440,class,FRONTEND
14d32cd177aca6f67e13436a56db104b60f89d916e546385e4dabde8bd25d902,da94d035751c3876b23a7fb814b9831a320fe28f891126e6903c6178bf7cd440,stage,V0_SOURCE_PARSE
14d32cd177aca6f67e13436a56db104b60f89d916e546385e4dabde8bd25d902,da94d035751c3876b23a7fb814b9831a320fe28f891126e6903c6178bf7cd440,class,FRONTEND
004cde5ce4c490b043d184e70b44dd5a549cf0c7af2ebee947a229cf0100121f,da94d035751c3876b23a7fb814b9831a320fe28f891126e6903c6178bf7cd440,stage,V0_SOURCE_PARSE
004cde5ce4c490b043d184e70b44dd5a549cf0c7af2ebee947a229cf0100121f,da94d035751c3876b23a7fb814b9831a320fe28f891126e6903c6178bf7cd440,class,FRONTEND
1d6a82271f23a14d8e0a30b721af9c7919bd9eb3e10763c6298906b36122b51b,da94d035751c3876b23a7fb814b9831a320fe28f891126e6903c6178bf7cd440,stage,V0_SOURCE_PARSE
1d6a82271f23a14d8e0a30b721af9c7919bd9eb3e10763c6298906b36122b51b,da94d035751c3876b23a7fb814b9831a320fe28f891126e6903c6178bf7cd440,class,FRONTEND
b55a6599f169cde5519fb7c825de27b399bb2f3a7fb93071aff9e3e05874c4b6,da94d035751c3876b23a7fb814b9831a320fe28f891126e6903c6178bf7cd440,stage,V0_SOURCE_PARSE
b55a6599f169cde5519fb7c825de27b399bb2f3a7fb93071aff9e3e05874c4b6,da94d035751c3876b23a7fb814b9831a320fe28f891126e6903c6178bf7cd440,class,FRONTEND
216d57be88e1169c24c9ff58d3bbadc5bb167cb208e879937566dfc0641e561e,da94d035751c3876b23a7fb814b9831a320fe28f891126e6903c6178bf7cd440,stage,V0_SOURCE_PARSE
216d57be88e1169c24c9ff58d3bbadc5bb167cb208e879937566dfc0641e561e,da94d035751c3876b23a7fb814b9831a320fe28f891126e6903c6178bf7cd440,class,FRONTEND
d5a27df6ac97b65568e76277d795ff2bdc772a2d85c0bf52342da77b423b2193,da94d035751c3876b23a7fb814b9831a320fe28f891126e6903c6178bf7cd440,stage,V0_SOURCE_PARSE
d5a27df6ac97b65568e76277d795ff2bdc772a2d85c0bf52342da77b423b2193,da94d035751c3876b23a7fb814b9831a320fe28f891126e6903c6178bf7cd440,class,FRONTEND
73be9c08999894198b25b7e4f967512687b70ee4931d9f71a16768ff9d12d355,da94d035751c3876b23a7fb814b9831a320fe28f891126e6903c6178bf7cd440,stage,V0_SOURCE_PARSE
73be9c08999894198b25b7e4f967512687b70ee4931d9f71a16768ff9d12d355,da94d035751c3876b23a7fb814b9831a320fe28f891126e6903c6178bf7cd440,class,FRONTEND
04f83501b18641998df78657329787b1d0b22caf03f00112ac7cb6104ae8d27e,0132c5eca9f64920050b522829dfbdf8077add02f106f1e4bd80f07adff19be1,stage,V4_NATIVE_EMISSION
04f83501b18641998df78657329787b1d0b22caf03f00112ac7cb6104ae8d27e,0132c5eca9f64920050b522829dfbdf8077add02f106f1e4bd80f07adff19be1,class,BACKEND
9bb1702cd9a495f3211352f08aaa896c145fd637898dd71d5130794f99efd0ac,0132c5eca9f64920050b522829dfbdf8077add02f106f1e4bd80f07adff19be1,stage,V4_NATIVE_EMISSION
9bb1702cd9a495f3211352f08aaa896c145fd637898dd71d5130794f99efd0ac,0132c5eca9f64920050b522829dfbdf8077add02f106f1e4bd80f07adff19be1,class,BACKEND
68fafe9cf102b71d123f8e8468bd6e76eb5f10e8aec3145aa8089709d1fb77e4,0132c5eca9f64920050b522829dfbdf8077add02f106f1e4bd80f07adff19be1,stage,V4_NATIVE_EMISSION
68fafe9cf102b71d123f8e8468bd6e76eb5f10e8aec3145aa8089709d1fb77e4,0132c5eca9f64920050b522829dfbdf8077add02f106f1e4bd80f07adff19be1,class,BACKEND
2119ea637cf9d1af79c47de6d247de6cd824151f7b89cc2d5411cbffa3662b7f,0132c5eca9f64920050b522829dfbdf8077add02f106f1e4bd80f07adff19be1,stage,V4_NATIVE_EMISSION
2119ea637cf9d1af79c47de6d247de6cd824151f7b89cc2d5411cbffa3662b7f,0132c5eca9f64920050b522829dfbdf8077add02f106f1e4bd80f07adff19be1,class,BACKEND
fd8e3138fba2d5a6813e0a8c05756b45240609a4493768b87e13e20f87258768,0132c5eca9f64920050b522829dfbdf8077add02f106f1e4bd80f07adff19be1,stage,V4_NATIVE_EMISSION
fd8e3138fba2d5a6813e0a8c05756b45240609a4493768b87e13e20f87258768,0132c5eca9f64920050b522829dfbdf8077add02f106f1e4bd80f07adff19be1,class,BACKEND
d0dfbcdd1c908a1212b6671e7017b45f50c3d013a114eb227a7d00a04a38b587,0132c5eca9f64920050b522829dfbdf8077add02f106f1e4bd80f07adff19be1,stage,V4_NATIVE_EMISSION
d0dfbcdd1c908a1212b6671e7017b45f50c3d013a114eb227a7d00a04a38b587,0132c5eca9f64920050b522829dfbdf8077add02f106f1e4bd80f07adff19be1,class,BACKEND
a7dfbca456bfb9f618c34d19e68580bf99aad0ec7d342ab8347039aabfbb71eb,0132c5eca9f64920050b522829dfbdf8077add02f106f1e4bd80f07adff19be1,stage,V4_NATIVE_EMISSION
a7dfbca456bfb9f618c34d19e68580bf99aad0ec7d342ab8347039aabfbb71eb,0132c5eca9f64920050b522829dfbdf8077add02f106f1e4bd80f07adff19be1,class,BACKEND
7e1dbc96392e00d9956abc1a1c27490c733c2135779d74e880a6709be21fa1a7,0132c5eca9f64920050b522829dfbdf8077add02f106f1e4bd80f07adff19be1,stage,V4_NATIVE_EMISSION
7e1dbc96392e00d9956abc1a1c27490c733c2135779d74e880a6709be21fa1a7,0132c5eca9f64920050b522829dfbdf8077add02f106f1e4bd80f07adff19be1,class,BACKEND
ac360fe4bb1ac069d1f8816fb844f1521f412ad168d63e9639d39c60dd653d92,0132c5eca9f64920050b522829dfbdf8077add02f106f1e4bd80f07adff19be1,stage,V4_NATIVE_EMISSION
ac360fe4bb1ac069d1f8816fb844f1521f412ad168d63e9639d39c60dd653d92,0132c5eca9f64920050b522829dfbdf8077add02f106f1e4bd80f07adff19be1,class,BACKEND
8885c0362e714b07c3c2033a831c9982576adf3435b72e203331ea353bb9c875,0132c5eca9f64920050b522829dfbdf8077add02f106f1e4bd80f07adff19be1,stage,V4_NATIVE_EMISSION
8885c0362e714b07c3c2033a831c9982576adf3435b72e203331ea353bb9c875,0132c5eca9f64920050b522829dfbdf8077add02f106f1e4bd80f07adff19be1,class,BACKEND
cac6dcff37c7c52aaaa8e41823caabfe8e6e018d4297ead37b370be38299f232,0132c5eca9f64920050b522829dfbdf8077add02f106f1e4bd80f07adff19be1,stage,V4_NATIVE_EMISSION
cac6dcff37c7c52aaaa8e41823caabfe8e6e018d4297ead37b370be38299f232,0132c5eca9f64920050b522829dfbdf8077add02f106f1e4bd80f07adff19be1,class,BACKEND
0a947eff805a7b968bdb79d3ff9007b2d46d25d9f9d4e8c60bb309a18ce436bc,0132c5eca9f64920050b522829dfbdf8077add02f106f1e4bd80f07adff19be1,stage,V4_NATIVE_EMISSION
0a947eff805a7b968bdb79d3ff9007b2d46d25d9f9d4e8c60bb309a18ce436bc,0132c5eca9f64920050b522829dfbdf8077add02f106f1e4bd80f07adff19be1,class,BACKEND
cd91d5bc86351162dd002242977e9e56d034fecff6dc2820f18a09111d21e461,0132c5eca9f64920050b522829dfbdf8077add02f106f1e4bd80f07adff19be1,stage,V4_NATIVE_EMISSION
cd91d5bc86351162dd002242977e9e56d034fecff6dc2820f18a09111d21e461,0132c5eca9f64920050b522829dfbdf8077add02f106f1e4bd80f07adff19be1,class,BACKEND
eabd2d19164f22f7cec25db5aa248e521781c274f2ad53f3f65f0c07a5ffd67b,25b5aa59826e02ca7226064bff7355fe4ea8fbd4f60182eae980fa93480c619d,stage,V4_NATIVE_EMISSION
eabd2d19164f22f7cec25db5aa248e521781c274f2ad53f3f65f0c07a5ffd67b,25b5aa59826e02ca7226064bff7355fe4ea8fbd4f60182eae980fa93480c619d,class,BACKEND
edbec87e87c540412fa5fd39b101e26888e048a10f45c8cb6146b7a953dbbb25,25b5aa59826e02ca7226064bff7355fe4ea8fbd4f60182eae980fa93480c619d,stage,V4_NATIVE_EMISSION
edbec87e87c540412fa5fd39b101e26888e048a10f45c8cb6146b7a953dbbb25,25b5aa59826e02ca7226064bff7355fe4ea8fbd4f60182eae980fa93480c619d,class,BACKEND
88009a40c7c8b7f221f7a261f49d1c7b232671be1066e0b1c7c7243052e1af7d,25b5aa59826e02ca7226064bff7355fe4ea8fbd4f60182eae980fa93480c619d,stage,V4_NATIVE_EMISSION
88009a40c7c8b7f221f7a261f49d1c7b232671be1066e0b1c7c7243052e1af7d,25b5aa59826e02ca7226064bff7355fe4ea8fbd4f60182eae980fa93480c619d,class,BACKEND
3d9bbcd40ac83d0187badea6612684106323863ff6353fcd89810cf900055de8,25b5aa59826e02ca7226064bff7355fe4ea8fbd4f60182eae980fa93480c619d,stage,V4_NATIVE_EMISSION
3d9bbcd40ac83d0187badea6612684106323863ff6353fcd89810cf900055de8,25b5aa59826e02ca7226064bff7355fe4ea8fbd4f60182eae980fa93480c619d,class,BACKEND
ba36cde1dc7a5ff188cc5a8ae9d2223400de8e98639c5d6fab8e9393acfcad7b,25b5aa59826e02ca7226064bff7355fe4ea8fbd4f60182eae980fa93480c619d,stage,V4_NATIVE_EMISSION
ba36cde1dc7a5ff188cc5a8ae9d2223400de8e98639c5d6fab8e9393acfcad7b,25b5aa59826e02ca7226064bff7355fe4ea8fbd4f60182eae980fa93480c619d,class,BACKEND
0fe888bed3bb126d48fb41e211b9536b14bbabfefbf225dee61c595a00770a3b,25b5aa59826e02ca7226064bff7355fe4ea8fbd4f60182eae980fa93480c619d,stage,V4_NATIVE_EMISSION
0fe888bed3bb126d48fb41e211b9536b14bbabfefbf225dee61c595a00770a3b,25b5aa59826e02ca7226064bff7355fe4ea8fbd4f60182eae980fa93480c619d,class,BACKEND
abdab23d2038cecacc1884f63bc310fc0c134ea990aac245455c6c35e1951d67,25b5aa59826e02ca7226064bff7355fe4ea8fbd4f60182eae980fa93480c619d,stage,V4_NATIVE_EMISSION
abdab23d2038cecacc1884f63bc310fc0c134ea990aac245455c6c35e1951d67,25b5aa59826e02ca7226064bff7355fe4ea8fbd4f60182eae980fa93480c619d,class,BACKEND
bdcca083305a96ee9032fe0dda85db9924f0818d717ff0036989d1d14f90ca01,25b5aa59826e02ca7226064bff7355fe4ea8fbd4f60182eae980fa93480c619d,stage,V4_NATIVE_EMISSION
bdcca083305a96ee9032fe0dda85db9924f0818d717ff0036989d1d14f90ca01,25b5aa59826e02ca7226064bff7355fe4ea8fbd4f60182eae980fa93480c619d,class,BACKEND
9bf438d17c40a1183eb8e465c745c4094bcd42aa226ada0ff88e54e893b7353a,25b5aa59826e02ca7226064bff7355fe4ea8fbd4f60182eae980fa93480c619d,stage,V4_NATIVE_EMISSION
9bf438d17c40a1183eb8e465c745c4094bcd42aa226ada0ff88e54e893b7353a,25b5aa59826e02ca7226064bff7355fe4ea8fbd4f60182eae980fa93480c619d,class,BACKEND
7a1fa7401d13c337083b99331ddfc1d7a97a0173750a5352cfd238a001feda33,25b5aa59826e02ca7226064bff7355fe4ea8fbd4f60182eae980fa93480c619d,stage,V4_NATIVE_EMISSION
7a1fa7401d13c337083b99331ddfc1d7a97a0173750a5352cfd238a001feda33,25b5aa59826e02ca7226064bff7355fe4ea8fbd4f60182eae980fa93480c619d,class,BACKEND
09731b568a764931c83aa30c6d761c610973a2b551a479feb926cce4ed954384,25b5aa59826e02ca7226064bff7355fe4ea8fbd4f60182eae980fa93480c619d,stage,V4_NATIVE_EMISSION
09731b568a764931c83aa30c6d761c610973a2b551a479feb926cce4ed954384,25b5aa59826e02ca7226064bff7355fe4ea8fbd4f60182eae980fa93480c619d,class,BACKEND
5aa54317ae91567dacaa69f95e75aeac425bd129dce77e65829bbf99c07a3d28,25b5aa59826e02ca7226064bff7355fe4ea8fbd4f60182eae980fa93480c619d,stage,V4_NATIVE_EMISSION
5aa54317ae91567dacaa69f95e75aeac425bd129dce77e65829bbf99c07a3d28,25b5aa59826e02ca7226064bff7355fe4ea8fbd4f60182eae980fa93480c619d,class,BACKEND
c0d44861428e5c464f29e811b97ba79f3d644fb07b770bbd89039d2c23060ec5,25b5aa59826e02ca7226064bff7355fe4ea8fbd4f60182eae980fa93480c619d,stage,V4_NATIVE_EMISSION
c0d44861428e5c464f29e811b97ba79f3d644fb07b770bbd89039d2c23060ec5,25b5aa59826e02ca7226064bff7355fe4ea8fbd4f60182eae980fa93480c619d,class,BACKEND
e7e8decb98eb38b98fcef6d39b9017d861be7d93b3835741f342e07ebb06dfc8,a9562b25d6a69ca27f6c9cb842e98bd722536c87b7527d2ae4e97135edfbb11f,stage,V4_NATIVE_EMISSION
e7e8decb98eb38b98fcef6d39b9017d861be7d93b3835741f342e07ebb06dfc8,a9562b25d6a69ca27f6c9cb842e98bd722536c87b7527d2ae4e97135edfbb11f,class,BACKEND
7f47b8b5ab7955c12005265e8cbd291b99f8ac7a740f72e849217ae5bd4d5064,a9562b25d6a69ca27f6c9cb842e98bd722536c87b7527d2ae4e97135edfbb11f,stage,V4_NATIVE_EMISSION
7f47b8b5ab7955c12005265e8cbd291b99f8ac7a740f72e849217ae5bd4d5064,a9562b25d6a69ca27f6c9cb842e98bd722536c87b7527d2ae4e97135edfbb11f,class,BACKEND
435e9b448e78f49c8cfc11d89b075ddde4af7513ea8b9cfeb11346e0101cd7eb,a9562b25d6a69ca27f6c9cb842e98bd722536c87b7527d2ae4e97135edfbb11f,stage,V4_NATIVE_EMISSION
435e9b448e78f49c8cfc11d89b075ddde4af7513ea8b9cfeb11346e0101cd7eb,a9562b25d6a69ca27f6c9cb842e98bd722536c87b7527d2ae4e97135edfbb11f,class,BACKEND
72ecc6b6682e9d8d5769066d4b33d25ff5f6af5e89d31be514444bcdaeb13b87,a9562b25d6a69ca27f6c9cb842e98bd722536c87b7527d2ae4e97135edfbb11f,stage,V4_NATIVE_EMISSION
72ecc6b6682e9d8d5769066d4b33d25ff5f6af5e89d31be514444bcdaeb13b87,a9562b25d6a69ca27f6c9cb842e98bd722536c87b7527d2ae4e97135edfbb11f,class,BACKEND
fc1b6866aa708bb5d1a581cad3ffea50303d79e88e68e4b4d0be7a9e644d4bc2,a9562b25d6a69ca27f6c9cb842e98bd722536c87b7527d2ae4e97135edfbb11f,stage,V4_NATIVE_EMISSION
fc1b6866aa708bb5d1a581cad3ffea50303d79e88e68e4b4d0be7a9e644d4bc2,a9562b25d6a69ca27f6c9cb842e98bd722536c87b7527d2ae4e97135edfbb11f,class,BACKEND
e028368c8b5c5f9ff39683532768d54cb2b0ab12800df51b5adf84ffa4a562ed,90136758651fdd5bcb9e0aa71aeddff7e5dfbdc737981ca295408b6c078a2f40,stage,V4_NATIVE_EMISSION
e028368c8b5c5f9ff39683532768d54cb2b0ab12800df51b5adf84ffa4a562ed,90136758651fdd5bcb9e0aa71aeddff7e5dfbdc737981ca295408b6c078a2f40,class,BACKEND
fd6256219c39970d42f4652f4d705159bdf1cec15b9a05d7a6eab91b4c1ddb13,90136758651fdd5bcb9e0aa71aeddff7e5dfbdc737981ca295408b6c078a2f40,stage,V4_NATIVE_EMISSION
fd6256219c39970d42f4652f4d705159bdf1cec15b9a05d7a6eab91b4c1ddb13,90136758651fdd5bcb9e0aa71aeddff7e5dfbdc737981ca295408b6c078a2f40,class,BACKEND
babf9c270f1d4982d0617fe1339c4e45870cfa3b4dfc337e4fbdd8268393617d,90136758651fdd5bcb9e0aa71aeddff7e5dfbdc737981ca295408b6c078a2f40,stage,V4_NATIVE_EMISSION
babf9c270f1d4982d0617fe1339c4e45870cfa3b4dfc337e4fbdd8268393617d,90136758651fdd5bcb9e0aa71aeddff7e5dfbdc737981ca295408b6c078a2f40,class,BACKEND
1c6f3c25d165338e5673d2424cc81bd1b9d65e6d128617259b90947ac6587ac0,90136758651fdd5bcb9e0aa71aeddff7e5dfbdc737981ca295408b6c078a2f40,stage,V4_NATIVE_EMISSION
1c6f3c25d165338e5673d2424cc81bd1b9d65e6d128617259b90947ac6587ac0,90136758651fdd5bcb9e0aa71aeddff7e5dfbdc737981ca295408b6c078a2f40,class,BACKEND
ecd69816f8c02829bd37a121b807732452a00779a3f3aee1e41dac4872d53384,90136758651fdd5bcb9e0aa71aeddff7e5dfbdc737981ca295408b6c078a2f40,stage,V4_NATIVE_EMISSION
ecd69816f8c02829bd37a121b807732452a00779a3f3aee1e41dac4872d53384,90136758651fdd5bcb9e0aa71aeddff7e5dfbdc737981ca295408b6c078a2f40,class,BACKEND
6d50e70a1fa59f3b1f771b1b1178d652a4db7f56241cbea35b817400ccc93e53,90136758651fdd5bcb9e0aa71aeddff7e5dfbdc737981ca295408b6c078a2f40,stage,V4_NATIVE_EMISSION
6d50e70a1fa59f3b1f771b1b1178d652a4db7f56241cbea35b817400ccc93e53,90136758651fdd5bcb9e0aa71aeddff7e5dfbdc737981ca295408b6c078a2f40,class,BACKEND
506eb41e897a69c548c25c303a5e4f1c05c2fc58a172bacf5981e13178ae0edf,90136758651fdd5bcb9e0aa71aeddff7e5dfbdc737981ca295408b6c078a2f40,stage,V4_NATIVE_EMISSION
506eb41e897a69c548c25c303a5e4f1c05c2fc58a172bacf5981e13178ae0edf,90136758651fdd5bcb9e0aa71aeddff7e5dfbdc737981ca295408b6c078a2f40,class,BACKEND
1ab5478d1f9c6828204a7c2b4c84b99b1edceab818f8abf947fd188a17de242d,90136758651fdd5bcb9e0aa71aeddff7e5dfbdc737981ca295408b6c078a2f40,stage,V4_NATIVE_EMISSION
1ab5478d1f9c6828204a7c2b4c84b99b1edceab818f8abf947fd188a17de242d,90136758651fdd5bcb9e0aa71aeddff7e5dfbdc737981ca295408b6c078a2f40,class,BACKEND
ad82bfac1c8de56e11c5ed4fe82ec37793267741cb225ddd9938083cf0fa5a34,90136758651fdd5bcb9e0aa71aeddff7e5dfbdc737981ca295408b6c078a2f40,stage,V4_NATIVE_EMISSION
ad82bfac1c8de56e11c5ed4fe82ec37793267741cb225ddd9938083cf0fa5a34,90136758651fdd5bcb9e0aa71aeddff7e5dfbdc737981ca295408b6c078a2f40,class,BACKEND
389f0da8e6abc226af294bee16a62349471ce9932a21eaad61df19afd1e1fce0,90136758651fdd5bcb9e0aa71aeddff7e5dfbdc737981ca295408b6c078a2f40,stage,V4_NATIVE_EMISSION
389f0da8e6abc226af294bee16a62349471ce9932a21eaad61df19afd1e1fce0,90136758651fdd5bcb9e0aa71aeddff7e5dfbdc737981ca295408b6c078a2f40,class,BACKEND
20da9fa12f3c67a644943b23e0c6d7f309c0a42d750bf08b22f5d4e6d421a754,90136758651fdd5bcb9e0aa71aeddff7e5dfbdc737981ca295408b6c078a2f40,stage,V4_NATIVE_EMISSION
20da9fa12f3c67a644943b23e0c6d7f309c0a42d750bf08b22f5d4e6d421a754,90136758651fdd5bcb9e0aa71aeddff7e5dfbdc737981ca295408b6c078a2f40,class,BACKEND
ad0deb5082dd02e7c62e06bf8b663c333631501f6b1da6c127218bd93fefdd22,90136758651fdd5bcb9e0aa71aeddff7e5dfbdc737981ca295408b6c078a2f40,stage,V4_NATIVE_EMISSION
ad0deb5082dd02e7c62e06bf8b663c333631501f6b1da6c127218bd93fefdd22,90136758651fdd5bcb9e0aa71aeddff7e5dfbdc737981ca295408b6c078a2f40,class,BACKEND
6c9e06e715ff2c2e83cdaf319c42d4243ff22cc5a53d52de4226aa4daa721306,397ed2ff604055828771eba6c4da53ba9fe7d130bcd47ea6003973128001b75a,stage,V4_NATIVE_EMISSION
6c9e06e715ff2c2e83cdaf319c42d4243ff22cc5a53d52de4226aa4daa721306,397ed2ff604055828771eba6c4da53ba9fe7d130bcd47ea6003973128001b75a,class,BACKEND
7bb5f9280de507c7db097f57c3bba4ce4674ea081e3b3e8ba522e9b97405a81f,397ed2ff604055828771eba6c4da53ba9fe7d130bcd47ea6003973128001b75a,stage,V4_NATIVE_EMISSION
7bb5f9280de507c7db097f57c3bba4ce4674ea081e3b3e8ba522e9b97405a81f,397ed2ff604055828771eba6c4da53ba9fe7d130bcd47ea6003973128001b75a,class,BACKEND
beab390ea9c5d4c6f566b8b7b8093b7f82a8585f4f034ac445f770e919ae0827,397ed2ff604055828771eba6c4da53ba9fe7d130bcd47ea6003973128001b75a,stage,V4_NATIVE_EMISSION
beab390ea9c5d4c6f566b8b7b8093b7f82a8585f4f034ac445f770e919ae0827,397ed2ff604055828771eba6c4da53ba9fe7d130bcd47ea6003973128001b75a,class,BACKEND
25329a4552314d697f5eecdd7d048e7e7941eb1b194e92816bec26089c1839f5,397ed2ff604055828771eba6c4da53ba9fe7d130bcd47ea6003973128001b75a,stage,V4_NATIVE_EMISSION
25329a4552314d697f5eecdd7d048e7e7941eb1b194e92816bec26089c1839f5,397ed2ff604055828771eba6c4da53ba9fe7d130bcd47ea6003973128001b75a,class,BACKEND
576f88f15e967669c9a9a84363af9514554f8764645576b4b878cdde48ba2bf9,397ed2ff604055828771eba6c4da53ba9fe7d130bcd47ea6003973128001b75a,stage,V4_NATIVE_EMISSION
576f88f15e967669c9a9a84363af9514554f8764645576b4b878cdde48ba2bf9,397ed2ff604055828771eba6c4da53ba9fe7d130bcd47ea6003973128001b75a,class,BACKEND
cb98b2c3339e0ed902206c2c6debde258b95d7793bcf49d1377084b3a66d798d,397ed2ff604055828771eba6c4da53ba9fe7d130bcd47ea6003973128001b75a,stage,V4_NATIVE_EMISSION
cb98b2c3339e0ed902206c2c6debde258b95d7793bcf49d1377084b3a66d798d,397ed2ff604055828771eba6c4da53ba9fe7d130bcd47ea6003973128001b75a,class,BACKEND
077db46b149f73fe5acc98089c9399908d599fb0f98f47f8fae1c6f5bf175a19,397ed2ff604055828771eba6c4da53ba9fe7d130bcd47ea6003973128001b75a,stage,V4_NATIVE_EMISSION
077db46b149f73fe5acc98089c9399908d599fb0f98f47f8fae1c6f5bf175a19,397ed2ff604055828771eba6c4da53ba9fe7d130bcd47ea6003973128001b75a,class,BACKEND
8edefddedef144562d1ff2390fb43b153368c6a4591931b82d76ad34e4d1949f,397ed2ff604055828771eba6c4da53ba9fe7d130bcd47ea6003973128001b75a,stage,V4_NATIVE_EMISSION
8edefddedef144562d1ff2390fb43b153368c6a4591931b82d76ad34e4d1949f,397ed2ff604055828771eba6c4da53ba9fe7d130bcd47ea6003973128001b75a,class,BACKEND
46b3f57d72b0b2d82d70bf27a3679ee906939c4b6d7f9be0fe8c47b7bf6c5b7f,397ed2ff604055828771eba6c4da53ba9fe7d130bcd47ea6003973128001b75a,stage,V4_NATIVE_EMISSION
46b3f57d72b0b2d82d70bf27a3679ee906939c4b6d7f9be0fe8c47b7bf6c5b7f,397ed2ff604055828771eba6c4da53ba9fe7d130bcd47ea6003973128001b75a,class,BACKEND
d376416aaf97b32635eae46f0b7491ccc6f125e8829501954073d861096204dc,397ed2ff604055828771eba6c4da53ba9fe7d130bcd47ea6003973128001b75a,stage,V4_NATIVE_EMISSION
d376416aaf97b32635eae46f0b7491ccc6f125e8829501954073d861096204dc,397ed2ff604055828771eba6c4da53ba9fe7d130bcd47ea6003973128001b75a,class,BACKEND
b3e097ce628b114092c2c177ab8f4428c138f5025b36b1fb5f51d56be9f87ed4,397ed2ff604055828771eba6c4da53ba9fe7d130bcd47ea6003973128001b75a,stage,V4_NATIVE_EMISSION
b3e097ce628b114092c2c177ab8f4428c138f5025b36b1fb5f51d56be9f87ed4,397ed2ff604055828771eba6c4da53ba9fe7d130bcd47ea6003973128001b75a,class,BACKEND
3822985b45b3b28148cb606566404ea8c09b123e0a4444d9a9b891a158f749fe,397ed2ff604055828771eba6c4da53ba9fe7d130bcd47ea6003973128001b75a,stage,V4_NATIVE_EMISSION
3822985b45b3b28148cb606566404ea8c09b123e0a4444d9a9b891a158f749fe,397ed2ff604055828771eba6c4da53ba9fe7d130bcd47ea6003973128001b75a,class,BACKEND
