language,symbol,symbol_id
r,sym_identifier,1
r,anon_sym_BSLASH,2
r,anon_sym_function,3
r,anon_sym_EQ,4
r,anon_sym_if,5
r,anon_sym_for,6
r,anon_sym_in,7
r,anon_sym_while,8
r,anon_sym_repeat,9
r,anon_sym_QMARK,10
r,anon_sym_TILDE,11
r,anon_sym_BANG,12
r,anon_sym_PLUS,13
r,anon_sym_DASH,14
r,anon_sym_LT_DASH,15
r,anon_sym_LT_LT_DASH,16
r,anon_sym_COLON_EQ,17
r,anon_sym_DASH_GT,18
r,anon_sym_DASH_GT_GT,19
r,anon_sym_PIPE,20
r,anon_sym_AMP,21
r,anon_sym_PIPE_PIPE,22
r,anon_sym_AMP_AMP,23
r,anon_sym_LT,24
r,anon_sym_LT_EQ,25
r,anon_sym_GT,26
r,anon_sym_GT_EQ,27
r,anon_sym_EQ_EQ,28
r,anon_sym_BANG_EQ,29
r,anon_sym_STAR,30
r,anon_sym_SLASH,31
r,anon_sym_STAR_STAR,32
r,anon_sym_CARET,33
r,aux_sym_binary_operator_token1,34
r,anon_sym_PIPE_GT,35
r,anon_sym_COLON,36
r,anon_sym_DOLLAR,37
r,anon_sym_AT,38
r,anon_sym_COLON_COLON,39
r,anon_sym_COLON_COLON_COLON,40
r,anon_sym_L,41
r,anon_sym_i,42
r,sym__hex_literal,43
r,sym__number_literal,44
r,anon_sym_SQUOTE,45
r,anon_sym_DQUOTE,46
r,aux_sym__single_quoted_string_content_token1,47
r,aux_sym__double_quoted_string_content_token1,48
r,sym_escape_sequence,49
r,sym_dots,50
r,sym_dot_dot_i,51
r,sym_next,52
r,sym_break,53
r,sym_true,54
r,sym_false,55
r,sym_null,56
r,sym_inf,57
r,sym_nan,58
r,anon_sym_NA,59
r,anon_sym_NA_integer_,60
r,anon_sym_NA_real_,61
r,anon_sym_NA_complex_,62
r,anon_sym_NA_character_,63
r,sym_comment,64
r,sym_comma,65
r,sym__start,66
r,sym__newline,67
r,sym__semicolon,68
r,sym__raw_string_open,69
r,sym__raw_string_content,70
r,sym__raw_string_close,71
r,sym__external_else,72
r,sym__external_open_parenthesis,73
r,sym__external_close_parenthesis,74
r,sym__external_open_brace,75
r,sym__external_close_brace,76
r,sym__external_open_bracket,77
r,sym__external_close_bracket,78
r,sym__external_open_bracket2,79
r,sym__external_close_bracket2,80
r,sym__error_sentinel,81
r,sym_program,82
r,sym_function_definition,83
r,sym_parameters,84
r,sym_parameter,85
r,sym__parameter_with_default,86
r,sym__parameter_without_default,87
r,sym__parameter_name,88
r,sym_if_statement,89
r,sym_for_statement,90
r,sym_while_statement,91
r,sym_repeat_statement,92
r,sym_braced_expression,93
r,sym_parenthesized_expression,94
r,sym_call,95
r,sym_subset,96
r,sym_subset2,97
r,sym_call_arguments,98
r,sym_subset_arguments,99
r,sym_subset2_arguments,100
r,sym_argument,101
r,sym__argument_named,102
r,sym__argument_unnamed,103
r,sym__argument_value,104
r,sym_unary_operator,105
r,sym_binary_operator,106
r,sym_extract_operator,107
r,sym_namespace_operator,108
r,sym_integer,109
r,sym_complex,110
r,sym_float,111
r,sym__float_literal,112
r,sym_string,113
r,sym__raw_string,114
r,sym__single_quoted_string,115
r,sym__double_quoted_string,116
r,aux_sym__single_quoted_string_content,117
r,aux_sym__double_quoted_string_content,118
r,sym__argument_name_string_or_identifier_or_null,119
r,sym_na,120
r,sym__expression,121
r,sym__else,122
r,sym__open_parenthesis,123
r,sym__close_parenthesis,124
r,sym__open_brace,125
r,sym__close_brace,126
r,sym__open_bracket,127
r,sym__close_bracket,128
r,sym__open_bracket2,129
r,sym__close_bracket2,130
r,aux_sym_program_repeat1,131
r,aux_sym_function_definition_repeat1,132
r,aux_sym_parameters_repeat1,133
r,aux_sym_braced_expression_repeat1,134
r,aux_sym_call_arguments_repeat1,135
go,sym_identifier,1
go,aux_sym_source_file_token1,2
go,anon_sym_SEMI,3
go,anon_sym_NULL,4
go,anon_sym_package,5
go,anon_sym_import,6
go,anon_sym_DOT,7
go,sym_blank_identifier,8
go,anon_sym_LPAREN,9
go,anon_sym_RPAREN,10
go,anon_sym_const,11
go,anon_sym_COMMA,12
go,anon_sym_EQ,13
go,anon_sym_var,14
go,anon_sym_func,15
go,anon_sym_LBRACK,16
go,anon_sym_RBRACK,17
go,anon_sym_DOT_DOT_DOT,18
go,anon_sym_type,19
go,anon_sym_STAR,20
go,anon_sym_struct,21
go,anon_sym_TILDE,22
go,anon_sym_LBRACE,23
go,anon_sym_RBRACE,24
go,anon_sym_interface,25
go,anon_sym_PIPE,26
go,anon_sym_map,27
go,anon_sym_chan,28
go,anon_sym_LT_DASH,29
go,anon_sym_COLON_EQ,30
go,anon_sym_PLUS_PLUS,31
go,anon_sym_DASH_DASH,32
go,anon_sym_STAR_EQ,33
go,anon_sym_SLASH_EQ,34
go,anon_sym_PERCENT_EQ,35
go,anon_sym_LT_LT_EQ,36
go,anon_sym_GT_GT_EQ,37
go,anon_sym_AMP_EQ,38
go,anon_sym_AMP_CARET_EQ,39
go,anon_sym_PLUS_EQ,40
go,anon_sym_DASH_EQ,41
go,anon_sym_PIPE_EQ,42
go,anon_sym_CARET_EQ,43
go,anon_sym_COLON,44
go,anon_sym_fallthrough,45
go,anon_sym_break,46
go,anon_sym_continue,47
go,anon_sym_goto,48
go,anon_sym_return,49
go,anon_sym_go,50
go,anon_sym_defer,51
go,anon_sym_if,52
go,anon_sym_else,53
go,anon_sym_for,54
go,anon_sym_range,55
go,anon_sym_switch,56
go,anon_sym_case,57
go,anon_sym_default,58
go,anon_sym_select,59
go,anon_sym_new,60
go,anon_sym_make,61
go,anon_sym_PLUS,62
go,anon_sym_DASH,63
go,anon_sym_BANG,64
go,anon_sym_CARET,65
go,anon_sym_AMP,66
go,anon_sym_SLASH,67
go,anon_sym_PERCENT,68
go,anon_sym_LT_LT,69
go,anon_sym_GT_GT,70
go,anon_sym_AMP_CARET,71
go,anon_sym_EQ_EQ,72
go,anon_sym_BANG_EQ,73
go,anon_sym_LT,74
go,anon_sym_LT_EQ,75
go,anon_sym_GT,76
go,anon_sym_GT_EQ,77
go,anon_sym_AMP_AMP,78
go,anon_sym_PIPE_PIPE,79
go,anon_sym_BQUOTE,80
go,aux_sym_raw_string_literal_token1,81
go,anon_sym_DQUOTE,82
go,aux_sym_interpreted_string_literal_token1,83
go,anon_sym_DQUOTE2,84
go,sym_escape_sequence,85
go,sym_int_literal,86
go,sym_float_literal,87
go,sym_imaginary_literal,88
go,sym_rune_literal,89
go,sym_nil,90
go,sym_true,91
go,sym_false,92
go,sym_iota,93
go,sym_comment,94
go,sym_source_file,95
go,sym_package_clause,96
go,sym_import_declaration,97
go,sym_import_spec,98
go,sym_dot,99
go,sym_import_spec_list,100
go,sym__declaration,101
go,sym_const_declaration,102
go,sym_const_spec,103
go,sym_var_declaration,104
go,sym_var_spec,105
go,sym_var_spec_list,106
go,sym_function_declaration,107
go,sym_method_declaration,108
go,sym_type_parameter_list,109
go,sym_type_parameter_declaration,110
go,sym_parameter_list,111
go,sym_parameter_declaration,112
go,sym_variadic_parameter_declaration,113
go,sym_type_alias,114
go,sym_type_declaration,115
go,sym_type_spec,116
go,sym_expression_list,117
go,sym_parenthesized_type,118
go,sym__simple_type,119
go,sym_generic_type,120
go,sym_type_arguments,121
go,sym_pointer_type,122
go,sym_array_type,123
go,sym_implicit_length_array_type,124
go,sym_slice_type,125
go,sym_struct_type,126
go,sym_negated_type,127
go,sym_field_declaration_list,128
go,sym_field_declaration,129
go,sym_interface_type,130
go,sym_method_elem,131
go,sym_type_elem,132
go,sym_map_type,133
go,sym_channel_type,134
go,sym_function_type,135
go,sym_block,136
go,sym_statement_list,137
go,sym__statement,138
go,sym_empty_statement,139
go,sym__simple_statement,140
go,sym_expression_statement,141
go,sym_send_statement,142
go,sym_receive_statement,143
go,sym_inc_statement,144
go,sym_dec_statement,145
go,sym_assignment_statement,146
go,sym_short_var_declaration,147
go,sym_labeled_statement,148
go,sym_empty_labeled_statement,149
go,sym_fallthrough_statement,150
go,sym_break_statement,151
go,sym_continue_statement,152
go,sym_goto_statement,153
go,sym_return_statement,154
go,sym_go_statement,155
go,sym_defer_statement,156
go,sym_if_statement,157
go,sym_for_statement,158
go,sym_for_clause,159
go,sym_range_clause,160
go,sym_expression_switch_statement,161
go,sym_expression_case,162
go,sym_default_case,163
go,sym_type_switch_statement,164
go,sym__type_switch_header,165
go,sym_type_case,166
go,sym_select_statement,167
go,sym_communication_case,168
go,sym__expression,169
go,sym_parenthesized_expression,170
go,sym_call_expression,171
go,sym_variadic_argument,172
go,sym_special_argument_list,173
go,sym_argument_list,174
go,sym_selector_expression,175
go,sym_index_expression,176
go,sym_slice_expression,177
go,sym_type_assertion_expression,178
go,sym_type_conversion_expression,179
go,sym_type_instantiation_expression,180
go,sym_composite_literal,181
go,sym_literal_value,182
go,sym_literal_element,183
go,sym_keyed_element,184
go,sym_func_literal,185
go,sym_unary_expression,186
go,sym_binary_expression,187
go,sym_qualified_type,188
go,sym_raw_string_literal,189
go,sym_interpreted_string_literal,190
go,aux_sym_source_file_repeat1,191
go,aux_sym_import_spec_list_repeat1,192
go,aux_sym_const_declaration_repeat1,193
go,aux_sym_const_spec_repeat1,194
go,aux_sym_var_spec_repeat1,195
go,aux_sym_var_spec_list_repeat1,196
go,aux_sym_type_parameter_list_repeat1,197
go,aux_sym_parameter_list_repeat1,198
go,aux_sym_type_declaration_repeat1,199
go,aux_sym_expression_list_repeat1,200
go,aux_sym_type_arguments_repeat1,201
go,aux_sym_field_declaration_list_repeat1,202
go,aux_sym_field_declaration_repeat1,203
go,aux_sym_interface_type_repeat1,204
go,aux_sym_type_elem_repeat1,205
go,aux_sym_statement_list_repeat1,206
go,aux_sym_expression_switch_statement_repeat1,207
go,aux_sym_type_switch_statement_repeat1,208
go,aux_sym_type_case_repeat1,209
go,aux_sym_select_statement_repeat1,210
go,aux_sym_argument_list_repeat1,211
go,aux_sym_literal_value_repeat1,212
go,aux_sym_interpreted_string_literal_repeat1,213
go,alias_sym_field_identifier,214
go,alias_sym_label_name,215
go,alias_sym_package_identifier,216
go,alias_sym_type_constraint,217
go,alias_sym_type_identifier,218
rust,sym_identifier,1
rust,anon_sym_SEMI,2
rust,anon_sym_macro_rules_BANG,3
rust,anon_sym_LPAREN,4
rust,anon_sym_RPAREN,5
rust,anon_sym_LBRACK,6
rust,anon_sym_RBRACK,7
rust,anon_sym_LBRACE,8
rust,anon_sym_RBRACE,9
rust,anon_sym_EQ_GT,10
rust,anon_sym_COLON,11
rust,anon_sym_DOLLAR,12
rust,aux_sym_token_repetition_pattern_token1,13
rust,anon_sym_PLUS,14
rust,anon_sym_STAR,15
rust,anon_sym_QMARK,16
rust,anon_sym_block,17
rust,anon_sym_expr,18
rust,anon_sym_expr_2021,19
rust,anon_sym_ident,20
rust,anon_sym_item,21
rust,anon_sym_lifetime,22
rust,anon_sym_literal,23
rust,anon_sym_meta,24
rust,anon_sym_pat,25
rust,anon_sym_pat_param,26
rust,anon_sym_path,27
rust,anon_sym_stmt,28
rust,anon_sym_tt,29
rust,anon_sym_ty,30
rust,anon_sym_vis,31
rust,anon_sym_u8,32
rust,anon_sym_i8,33
rust,anon_sym_u16,34
rust,anon_sym_i16,35
rust,anon_sym_u32,36
rust,anon_sym_i32,37
rust,anon_sym_u64,38
rust,anon_sym_i64,39
rust,anon_sym_u128,40
rust,anon_sym_i128,41
rust,anon_sym_isize,42
rust,anon_sym_usize,43
rust,anon_sym_f32,44
rust,anon_sym_f64,45
rust,anon_sym_bool,46
rust,anon_sym_str,47
rust,anon_sym_char,48
rust,anon_sym_DASH,49
rust,anon_sym_SLASH,50
rust,anon_sym_PERCENT,51
rust,anon_sym_CARET,52
rust,anon_sym_BANG,53
rust,anon_sym_AMP,54
rust,anon_sym_PIPE,55
rust,anon_sym_AMP_AMP,56
rust,anon_sym_PIPE_PIPE,57
rust,anon_sym_LT_LT,58
rust,anon_sym_GT_GT,59
rust,anon_sym_PLUS_EQ,60
rust,anon_sym_DASH_EQ,61
rust,anon_sym_STAR_EQ,62
rust,anon_sym_SLASH_EQ,63
rust,anon_sym_PERCENT_EQ,64
rust,anon_sym_CARET_EQ,65
rust,anon_sym_AMP_EQ,66
rust,anon_sym_PIPE_EQ,67
rust,anon_sym_LT_LT_EQ,68
rust,anon_sym_GT_GT_EQ,69
rust,anon_sym_EQ,70
rust,anon_sym_EQ_EQ,71
rust,anon_sym_BANG_EQ,72
rust,anon_sym_GT,73
rust,anon_sym_LT,74
rust,anon_sym_GT_EQ,75
rust,anon_sym_LT_EQ,76
rust,anon_sym_AT,77
rust,anon_sym__,78
rust,anon_sym_DOT,79
rust,anon_sym_DOT_DOT,80
rust,anon_sym_DOT_DOT_DOT,81
rust,anon_sym_DOT_DOT_EQ,82
rust,anon_sym_COMMA,83
rust,anon_sym_COLON_COLON,84
rust,anon_sym_DASH_GT,85
rust,anon_sym_POUND,86
rust,anon_sym_SQUOTE,87
rust,anon_sym_as,88
rust,anon_sym_async,89
rust,anon_sym_await,90
rust,anon_sym_break,91
rust,anon_sym_const,92
rust,anon_sym_continue,93
rust,anon_sym_default,94
rust,anon_sym_enum,95
rust,anon_sym_fn,96
rust,anon_sym_for,97
rust,anon_sym_gen,98
rust,anon_sym_if,99
rust,anon_sym_impl,100
rust,anon_sym_let,101
rust,anon_sym_loop,102
rust,anon_sym_match,103
rust,anon_sym_mod,104
rust,anon_sym_pub,105
rust,anon_sym_return,106
rust,anon_sym_static,107
rust,anon_sym_struct,108
rust,anon_sym_trait,109
rust,anon_sym_type,110
rust,anon_sym_union,111
rust,anon_sym_unsafe,112
rust,anon_sym_use,113
rust,anon_sym_where,114
rust,anon_sym_while,115
rust,anon_sym_extern,116
rust,anon_sym_ref,117
rust,anon_sym_else,118
rust,anon_sym_in,119
rust,anon_sym_LT2,120
rust,anon_sym_dyn,121
rust,sym_mutable_specifier,122
rust,anon_sym_raw,123
rust,anon_sym_yield,124
rust,anon_sym_move,125
rust,anon_sym_try,126
rust,sym_integer_literal,127
rust,aux_sym_string_literal_token1,128
rust,sym_char_literal,129
rust,sym_escape_sequence,130
rust,anon_sym_true,131
rust,anon_sym_false,132
rust,anon_sym_SLASH_SLASH,133
rust,aux_sym_line_comment_token1,134
rust,aux_sym_line_comment_token2,135
rust,aux_sym_line_comment_token3,136
rust,anon_sym_BANG2,137
rust,anon_sym_SLASH2,138
rust,anon_sym_SLASH_STAR,139
rust,anon_sym_STAR_SLASH,140
rust,sym_shebang,141
rust,sym_self,142
rust,sym_super,143
rust,sym_crate,144
rust,sym_metavariable,145
rust,sym_string_content,146
rust,sym_string_close,147
rust,sym__raw_string_literal_start,148
rust,sym_raw_string_literal_content,149
rust,sym__raw_string_literal_end,150
rust,sym_float_literal,151
rust,sym__outer_block_doc_comment_marker,152
rust,sym__inner_block_doc_comment_marker,153
rust,sym__block_comment_content,154
rust,sym__line_doc_content,155
rust,sym__error_sentinel,156
rust,sym_source_file,157
rust,sym__statement,158
rust,sym_empty_statement,159
rust,sym_expression_statement,160
rust,sym_macro_definition,161
rust,sym_macro_rule,162
rust,sym__token_pattern,163
rust,sym_token_tree_pattern,164
rust,sym_token_binding_pattern,165
rust,sym_token_repetition_pattern,166
rust,sym_fragment_specifier,167
rust,sym_token_tree,168
rust,sym_token_repetition,169
rust,sym_attribute_item,170
rust,sym_inner_attribute_item,171
rust,sym_attribute,172
rust,sym_mod_item,173
rust,sym_foreign_mod_item,174
rust,sym_declaration_list,175
rust,sym_struct_item,176
rust,sym_union_item,177
rust,sym_enum_item,178
rust,sym_enum_variant_list,179
rust,sym_enum_variant,180
rust,sym_field_declaration_list,181
rust,sym_field_declaration,182
rust,sym_ordered_field_declaration_list,183
rust,sym_extern_crate_declaration,184
rust,sym_const_item,185
rust,sym_static_item,186
rust,sym_type_item,187
rust,sym_function_item,188
rust,sym_function_signature_item,189
rust,sym_function_modifiers,190
rust,sym_where_clause,191
rust,sym_where_predicate,192
rust,sym_impl_item,193
rust,sym_trait_item,194
rust,sym_associated_type,195
rust,sym_trait_bounds,196
rust,sym_higher_ranked_trait_bound,197
rust,sym_removed_trait_bound,198
rust,sym_type_parameters,199
rust,sym_const_parameter,200
rust,sym_type_parameter,201
rust,sym_lifetime_parameter,202
rust,sym_let_declaration,203
rust,sym_use_declaration,204
rust,sym__use_clause,205
rust,sym_scoped_use_list,206
rust,sym_use_list,207
rust,sym_use_as_clause,208
rust,sym_use_wildcard,209
rust,sym_parameters,210
rust,sym_self_parameter,211
rust,sym_variadic_parameter,212
rust,sym_parameter,213
rust,sym_extern_modifier,214
rust,sym_visibility_modifier,215
rust,sym__type,216
rust,sym_bracketed_type,217
rust,sym_qualified_type,218
rust,sym_lifetime,219
rust,sym_array_type,220
rust,sym_for_lifetimes,221
rust,sym_function_type,222
rust,sym_tuple_type,223
rust,sym_unit_type,224
rust,sym_generic_function,225
rust,sym_generic_type,226
rust,sym_generic_type_with_turbofish,227
rust,sym_bounded_type,228
rust,sym_use_bounds,229
rust,sym_type_arguments,230
rust,sym_type_binding,231
rust,sym_reference_type,232
rust,sym_pointer_type,233
rust,sym_never_type,234
rust,sym_abstract_type,235
rust,sym_dynamic_type,236
rust,sym__expression_except_range,237
rust,sym__expression,238
rust,sym_macro_invocation,239
rust,sym_delim_token_tree,240
rust,sym__delim_tokens,241
rust,sym__non_delim_token,242
rust,sym_scoped_identifier,243
rust,sym_scoped_type_identifier_in_expression_position,244
rust,sym_scoped_type_identifier,245
rust,sym_range_expression,246
rust,sym_unary_expression,247
rust,sym_try_expression,248
rust,sym_reference_expression,249
rust,sym_binary_expression,250
rust,sym_assignment_expression,251
rust,sym_compound_assignment_expr,252
rust,sym_type_cast_expression,253
rust,sym_return_expression,254
rust,sym_yield_expression,255
rust,sym_call_expression,256
rust,sym_arguments,257
rust,sym_array_expression,258
rust,sym_parenthesized_expression,259
rust,sym_tuple_expression,260
rust,sym_unit_expression,261
rust,sym_struct_expression,262
rust,sym_field_initializer_list,263
rust,sym_shorthand_field_initializer,264
rust,sym_field_initializer,265
rust,sym_base_field_initializer,266
rust,sym_if_expression,267
rust,sym_let_condition,268
rust,sym__let_chain,269
rust,sym__condition,270
rust,sym_else_clause,271
rust,sym_match_expression,272
rust,sym_match_block,273
rust,sym_match_arm,274
rust,sym_last_match_arm,275
rust,sym_match_pattern,276
rust,sym_while_expression,277
rust,sym_loop_expression,278
rust,sym_for_expression,279
rust,sym_const_block,280
rust,sym_closure_expression,281
rust,sym_closure_parameters,282
rust,sym_label,283
rust,sym_break_expression,284
rust,sym_continue_expression,285
rust,sym_index_expression,286
rust,sym_await_expression,287
rust,sym_field_expression,288
rust,sym_unsafe_block,289
rust,sym_async_block,290
rust,sym_gen_block,291
rust,sym_try_block,292
rust,sym_block,293
rust,sym__pattern,294
rust,sym_generic_pattern,295
rust,sym_tuple_pattern,296
rust,sym_slice_pattern,297
rust,sym_tuple_struct_pattern,298
rust,sym_struct_pattern,299
rust,sym_field_pattern,300
rust,sym_remaining_field_pattern,301
rust,sym_mut_pattern,302
rust,sym_range_pattern,303
rust,sym_ref_pattern,304
rust,sym_captured_pattern,305
rust,sym_reference_pattern,306
rust,sym_or_pattern,307
rust,sym__literal,308
rust,sym__literal_pattern,309
rust,sym_negative_literal,310
rust,sym_string_literal,311
rust,sym_raw_string_literal,312
rust,sym_boolean_literal,313
rust,sym_line_comment,314
rust,sym__line_doc_comment_marker,315
rust,sym__inner_line_doc_comment_marker,316
rust,sym__outer_line_doc_comment_marker,317
rust,sym_block_comment,318
rust,sym__block_doc_comment_marker,319
rust,aux_sym_source_file_repeat1,320
rust,aux_sym_macro_definition_repeat1,321
rust,aux_sym_token_tree_pattern_repeat1,322
rust,aux_sym_token_tree_repeat1,323
rust,aux_sym__non_special_token_repeat1,324
rust,aux_sym_declaration_list_repeat1,325
rust,aux_sym_enum_variant_list_repeat1,326
rust,aux_sym_enum_variant_list_repeat2,327
rust,aux_sym_field_declaration_list_repeat1,328
rust,aux_sym_ordered_field_declaration_list_repeat1,329
rust,aux_sym_function_modifiers_repeat1,330
rust,aux_sym_where_clause_repeat1,331
rust,aux_sym_trait_bounds_repeat1,332
rust,aux_sym_type_parameters_repeat1,333
rust,aux_sym_use_list_repeat1,334
rust,aux_sym_parameters_repeat1,335
rust,aux_sym_for_lifetimes_repeat1,336
rust,aux_sym_tuple_type_repeat1,337
rust,aux_sym_use_bounds_repeat1,338
rust,aux_sym_type_arguments_repeat1,339
rust,aux_sym_delim_token_tree_repeat1,340
rust,aux_sym_arguments_repeat1,341
rust,aux_sym_tuple_expression_repeat1,342
rust,aux_sym_field_initializer_list_repeat1,343
rust,aux_sym_match_block_repeat1,344
rust,aux_sym_match_arm_repeat1,345
rust,aux_sym_closure_parameters_repeat1,346
rust,aux_sym_tuple_pattern_repeat1,347
rust,aux_sym_slice_pattern_repeat1,348
rust,aux_sym_struct_pattern_repeat1,349
rust,aux_sym_string_literal_repeat1,350
rust,alias_sym_field_identifier,351
rust,alias_sym_let_chain,352
rust,alias_sym_shorthand_field_identifier,353
rust,alias_sym_type_identifier,354
cpp,sym_identifier,1
cpp,aux_sym_preproc_include_token1,2
cpp,aux_sym_preproc_include_token2,3
cpp,aux_sym_preproc_def_token1,4
cpp,anon_sym_LPAREN,5
cpp,anon_sym_DOT_DOT_DOT,6
cpp,anon_sym_COMMA,7
cpp,anon_sym_RPAREN,8
cpp,aux_sym_preproc_if_token1,9
cpp,anon_sym_LF,10
cpp,aux_sym_preproc_if_token2,11
cpp,aux_sym_preproc_ifdef_token1,12
cpp,aux_sym_preproc_ifdef_token2,13
cpp,aux_sym_preproc_else_token1,14
cpp,aux_sym_preproc_elif_token1,15
cpp,aux_sym_preproc_elifdef_token1,16
cpp,aux_sym_preproc_elifdef_token2,17
cpp,sym_preproc_arg,18
cpp,sym_preproc_directive,19
cpp,anon_sym_LPAREN2,20
cpp,anon_sym_defined,21
cpp,anon_sym_BANG,22
cpp,anon_sym_TILDE,23
cpp,anon_sym_DASH,24
cpp,anon_sym_PLUS,25
cpp,anon_sym_STAR,26
cpp,anon_sym_SLASH,27
cpp,anon_sym_PERCENT,28
cpp,anon_sym_PIPE_PIPE,29
cpp,anon_sym_AMP_AMP,30
cpp,anon_sym_PIPE,31
cpp,anon_sym_CARET,32
cpp,anon_sym_AMP,33
cpp,anon_sym_EQ_EQ,34
cpp,anon_sym_BANG_EQ,35
cpp,anon_sym_GT,36
cpp,anon_sym_GT_EQ,37
cpp,anon_sym_LT_EQ,38
cpp,anon_sym_LT,39
cpp,anon_sym_LT_LT,40
cpp,anon_sym_GT_GT,41
cpp,anon_sym_SEMI,42
cpp,anon_sym___extension__,43
cpp,anon_sym_typedef,44
cpp,anon_sym_virtual,45
cpp,anon_sym_extern,46
cpp,anon_sym___attribute__,47
cpp,anon_sym___attribute,48
cpp,anon_sym_using,49
cpp,anon_sym_COLON,50
cpp,anon_sym_COLON_COLON,51
cpp,anon_sym_LBRACK_LBRACK,52
cpp,anon_sym_RBRACK_RBRACK,53
cpp,anon_sym___declspec,54
cpp,anon_sym___based,55
cpp,anon_sym___cdecl,56
cpp,anon_sym___clrcall,57
cpp,anon_sym___stdcall,58
cpp,anon_sym___fastcall,59
cpp,anon_sym___thiscall,60
cpp,anon_sym___vectorcall,61
cpp,sym_ms_restrict_modifier,62
cpp,sym_ms_unsigned_ptr_modifier,63
cpp,sym_ms_signed_ptr_modifier,64
cpp,anon_sym__unaligned,65
cpp,anon_sym___unaligned,66
cpp,anon_sym_LBRACE,67
cpp,anon_sym_RBRACE,68
cpp,anon_sym_signed,69
cpp,anon_sym_unsigned,70
cpp,anon_sym_long,71
cpp,anon_sym_short,72
cpp,anon_sym_LBRACK,73
cpp,anon_sym_static,74
cpp,anon_sym_RBRACK,75
cpp,anon_sym_EQ,76
cpp,anon_sym_register,77
cpp,anon_sym_inline,78
cpp,anon_sym___inline,79
cpp,anon_sym___inline__,80
cpp,anon_sym___forceinline,81
cpp,anon_sym_thread_local,82
cpp,anon_sym___thread,83
cpp,anon_sym_const,84
cpp,anon_sym_constexpr,85
cpp,anon_sym_volatile,86
cpp,anon_sym_restrict,87
cpp,anon_sym___restrict__,88
cpp,anon_sym__Atomic,89
cpp,anon_sym__Noreturn,90
cpp,anon_sym_noreturn,91
cpp,anon_sym__Nonnull,92
cpp,anon_sym_mutable,93
cpp,anon_sym_constinit,94
cpp,anon_sym_consteval,95
cpp,anon_sym_alignas,96
cpp,anon_sym__Alignas,97
cpp,sym_primitive_type,98
cpp,anon_sym_enum,99
cpp,anon_sym_class,100
cpp,anon_sym_struct,101
cpp,anon_sym_union,102
cpp,anon_sym_if,103
cpp,anon_sym_else,104
cpp,anon_sym_switch,105
cpp,anon_sym_case,106
cpp,anon_sym_default,107
cpp,anon_sym_while,108
cpp,anon_sym_do,109
cpp,anon_sym_for,110
cpp,anon_sym_return,111
cpp,anon_sym_break,112
cpp,anon_sym_continue,113
cpp,anon_sym_goto,114
cpp,anon_sym___try,115
cpp,anon_sym___except,116
cpp,anon_sym___finally,117
cpp,anon_sym___leave,118
cpp,anon_sym_QMARK,119
cpp,anon_sym_STAR_EQ,120
cpp,anon_sym_SLASH_EQ,121
cpp,anon_sym_PERCENT_EQ,122
cpp,anon_sym_PLUS_EQ,123
cpp,anon_sym_DASH_EQ,124
cpp,anon_sym_LT_LT_EQ,125
cpp,anon_sym_GT_GT_EQ,126
cpp,anon_sym_AMP_EQ,127
cpp,anon_sym_CARET_EQ,128
cpp,anon_sym_PIPE_EQ,129
cpp,anon_sym_and_eq,130
cpp,anon_sym_or_eq,131
cpp,anon_sym_xor_eq,132
cpp,anon_sym_not,133
cpp,anon_sym_compl,134
cpp,anon_sym_LT_EQ_GT,135
cpp,anon_sym_or,136
cpp,anon_sym_and,137
cpp,anon_sym_bitor,138
cpp,anon_sym_xor,139
cpp,anon_sym_bitand,140
cpp,anon_sym_not_eq,141
cpp,anon_sym_DASH_DASH,142
cpp,anon_sym_PLUS_PLUS,143
cpp,anon_sym_sizeof,144
cpp,anon_sym___alignof__,145
cpp,anon_sym___alignof,146
cpp,anon_sym__alignof,147
cpp,anon_sym_alignof,148
cpp,anon_sym__Alignof,149
cpp,anon_sym_offsetof,150
cpp,anon_sym__Generic,151
cpp,anon_sym_typename,152
cpp,anon_sym_asm,153
cpp,anon_sym___asm__,154
cpp,anon_sym___asm,155
cpp,anon_sym___volatile__,156
cpp,anon_sym_DOT,157
cpp,anon_sym_DOT_STAR,158
cpp,anon_sym_DASH_GT,159
cpp,sym_number_literal,160
cpp,anon_sym_L_SQUOTE,161
cpp,anon_sym_u_SQUOTE,162
cpp,anon_sym_U_SQUOTE,163
cpp,anon_sym_u8_SQUOTE,164
cpp,anon_sym_SQUOTE,165
cpp,aux_sym_char_literal_token1,166
cpp,anon_sym_L_DQUOTE,167
cpp,anon_sym_u_DQUOTE,168
cpp,anon_sym_U_DQUOTE,169
cpp,anon_sym_u8_DQUOTE,170
cpp,anon_sym_DQUOTE,171
cpp,aux_sym_string_literal_token1,172
cpp,sym_escape_sequence,173
cpp,sym_system_lib_string,174
cpp,sym_true,175
cpp,sym_false,176
cpp,anon_sym_NULL,177
cpp,anon_sym_nullptr,178
cpp,sym_comment,179
cpp,sym_auto,180
cpp,anon_sym_decltype,181
cpp,anon_sym_final,182
cpp,anon_sym_override,183
cpp,anon_sym_explicit,184
cpp,anon_sym_export,185
cpp,anon_sym_module,186
cpp,anon_sym_import,187
cpp,anon_sym_private,188
cpp,anon_sym_template,189
cpp,anon_sym_GT2,190
cpp,anon_sym_operator,191
cpp,anon_sym_try,192
cpp,anon_sym_delete,193
cpp,aux_sym_pure_virtual_clause_token1,194
cpp,anon_sym_friend,195
cpp,anon_sym_public,196
cpp,anon_sym_protected,197
cpp,anon_sym_noexcept,198
cpp,anon_sym_throw,199
cpp,anon_sym_namespace,200
cpp,anon_sym_static_assert,201
cpp,anon_sym_concept,202
cpp,anon_sym_co_return,203
cpp,anon_sym_co_yield,204
cpp,anon_sym_catch,205
cpp,anon_sym_R_DQUOTE,206
cpp,anon_sym_LR_DQUOTE,207
cpp,anon_sym_uR_DQUOTE,208
cpp,anon_sym_UR_DQUOTE,209
cpp,anon_sym_u8R_DQUOTE,210
cpp,anon_sym_co_await,211
cpp,anon_sym_new,212
cpp,anon_sym_requires,213
cpp,anon_sym_DASH_GT_STAR,214
cpp,anon_sym_CARET_CARET,215
cpp,anon_sym_LBRACK_COLON,216
cpp,anon_sym_COLON_RBRACK,217
cpp,anon_sym_LPAREN_RPAREN,218
cpp,anon_sym_LBRACK_RBRACK,219
cpp,anon_sym_DQUOTE_DQUOTE,220
cpp,sym_this,221
cpp,sym_literal_suffix,222
cpp,sym_raw_string_delimiter,223
cpp,sym_raw_string_content,224
cpp,sym_translation_unit,225
cpp,sym__top_level_item,226
cpp,sym__block_item,227
cpp,sym_preproc_include,228
cpp,sym_preproc_def,229
cpp,sym_preproc_function_def,230
cpp,sym_preproc_params,231
cpp,sym_preproc_call,232
cpp,sym_preproc_if,233
cpp,sym_preproc_ifdef,234
cpp,sym_preproc_else,235
cpp,sym_preproc_elif,236
cpp,sym_preproc_elifdef,237
cpp,sym_preproc_if_in_field_declaration_list,238
cpp,sym_preproc_ifdef_in_field_declaration_list,239
cpp,sym_preproc_else_in_field_declaration_list,240
cpp,sym_preproc_elif_in_field_declaration_list,241
cpp,sym_preproc_elifdef_in_field_declaration_list,242
cpp,sym_preproc_if_in_enumerator_list,243
cpp,sym_preproc_ifdef_in_enumerator_list,244
cpp,sym_preproc_else_in_enumerator_list,245
cpp,sym_preproc_elif_in_enumerator_list,246
cpp,sym_preproc_elifdef_in_enumerator_list,247
cpp,sym_preproc_if_in_enumerator_list_no_comma,248
cpp,sym_preproc_ifdef_in_enumerator_list_no_comma,249
cpp,sym_preproc_else_in_enumerator_list_no_comma,250
cpp,sym_preproc_elif_in_enumerator_list_no_comma,251
cpp,sym_preproc_elifdef_in_enumerator_list_no_comma,252
cpp,sym__preproc_expression,253
cpp,sym_preproc_parenthesized_expression,254
cpp,sym_preproc_defined,255
cpp,sym_preproc_unary_expression,256
cpp,sym_preproc_call_expression,257
cpp,sym_preproc_argument_list,258
cpp,sym_preproc_binary_expression,259
cpp,sym_function_definition,260
cpp,sym_declaration,261
cpp,sym_type_definition,262
cpp,sym__type_definition_type,263
cpp,sym__type_definition_declarators,264
cpp,sym__declaration_modifiers,265
cpp,sym__declaration_specifiers,266
cpp,sym_linkage_specification,267
cpp,sym_attribute_specifier,268
cpp,sym_attribute,269
cpp,sym_attribute_declaration,270
cpp,sym_ms_declspec_modifier,271
cpp,sym_ms_based_modifier,272
cpp,sym_ms_call_modifier,273
cpp,sym_ms_unaligned_ptr_modifier,274
cpp,sym_ms_pointer_modifier,275
cpp,sym_declaration_list,276
cpp,sym__declarator,277
cpp,sym__field_declarator,278
cpp,sym__type_declarator,279
cpp,sym__abstract_declarator,280
cpp,sym_parenthesized_declarator,281
cpp,sym_parenthesized_field_declarator,282
cpp,sym_parenthesized_type_declarator,283
cpp,sym_abstract_parenthesized_declarator,284
cpp,sym_attributed_declarator,285
cpp,sym_attributed_field_declarator,286
cpp,sym_attributed_type_declarator,287
cpp,sym_pointer_declarator,288
cpp,sym_pointer_field_declarator,289
cpp,sym_pointer_type_declarator,290
cpp,sym_abstract_pointer_declarator,291
cpp,sym_function_declarator,292
cpp,sym_function_field_declarator,293
cpp,sym_function_type_declarator,294
cpp,sym_abstract_function_declarator,295
cpp,sym_array_declarator,296
cpp,sym_array_field_declarator,297
cpp,sym_array_type_declarator,298
cpp,sym_abstract_array_declarator,299
cpp,sym_init_declarator,300
cpp,sym_compound_statement,301
cpp,sym_storage_class_specifier,302
cpp,sym_type_qualifier,303
cpp,sym_alignas_qualifier,304
cpp,sym_type_specifier,305
cpp,sym_sized_type_specifier,306
cpp,sym_enum_specifier,307
cpp,sym_enumerator_list,308
cpp,sym_struct_specifier,309
cpp,sym_union_specifier,310
cpp,sym_field_declaration_list,311
cpp,sym__field_declaration_list_item,312
cpp,sym_field_declaration,313
cpp,sym_bitfield_clause,314
cpp,sym_enumerator,315
cpp,sym_parameter_list,316
cpp,sym_parameter_declaration,317
cpp,sym_attributed_statement,318
cpp,sym_statement,319
cpp,sym__top_level_statement,320
cpp,sym_labeled_statement,321
cpp,sym__top_level_expression_statement,322
cpp,sym_expression_statement,323
cpp,sym_if_statement,324
cpp,sym_else_clause,325
cpp,sym_switch_statement,326
cpp,sym_case_statement,327
cpp,sym_while_statement,328
cpp,sym_do_statement,329
cpp,sym_for_statement,330
cpp,sym__for_statement_body,331
cpp,sym_return_statement,332
cpp,sym_break_statement,333
cpp,sym_continue_statement,334
cpp,sym_goto_statement,335
cpp,sym_seh_try_statement,336
cpp,sym_seh_except_clause,337
cpp,sym_seh_finally_clause,338
cpp,sym_seh_leave_statement,339
cpp,sym_expression,340
cpp,sym__string,341
cpp,sym_comma_expression,342
cpp,sym_conditional_expression,343
cpp,sym_assignment_expression,344
cpp,sym_pointer_expression,345
cpp,sym_unary_expression,346
cpp,sym_binary_expression,347
cpp,sym_update_expression,348
cpp,sym_cast_expression,349
cpp,sym_type_descriptor,350
cpp,sym_sizeof_expression,351
cpp,sym_alignof_expression,352
cpp,sym_offsetof_expression,353
cpp,sym_generic_expression,354
cpp,sym_subscript_expression,355
cpp,sym_call_expression,356
cpp,sym_gnu_asm_expression,357
cpp,sym_gnu_asm_qualifier,358
cpp,sym_gnu_asm_output_operand_list,359
cpp,sym_gnu_asm_output_operand,360
cpp,sym_gnu_asm_input_operand_list,361
cpp,sym_gnu_asm_input_operand,362
cpp,sym_gnu_asm_clobber_list,363
cpp,sym_gnu_asm_goto_list,364
cpp,sym_extension_expression,365
cpp,sym_argument_list,366
cpp,sym_field_expression,367
cpp,sym_compound_literal_expression,368
cpp,sym_parenthesized_expression,369
cpp,sym_initializer_list,370
cpp,sym_initializer_pair,371
cpp,sym_subscript_designator,372
cpp,sym_subscript_range_designator,373
cpp,sym_field_designator,374
cpp,sym_char_literal,375
cpp,sym_concatenated_string,376
cpp,sym_string_literal,377
cpp,sym_null,378
cpp,sym__empty_declaration,379
cpp,sym_preproc_if_in_block,380
cpp,sym_preproc_ifdef_in_block,381
cpp,sym_preproc_else_in_block,382
cpp,sym_preproc_elif_in_block,383
cpp,sym_preproc_elifdef_in_block,384
cpp,sym_placeholder_type_specifier,385
cpp,sym_decltype_auto,386
cpp,sym_decltype,387
cpp,sym_annotation,388
cpp,sym__class_declaration,389
cpp,sym__class_declaration_item,390
cpp,sym_class_specifier,391
cpp,sym__class_name,392
cpp,sym_virtual_specifier,393
cpp,sym_explicit_function_specifier,394
cpp,sym_base_class_clause,395
cpp,sym__enum_base_clause,396
cpp,sym_dependent_type,397
cpp,sym_module_name,398
cpp,sym_module_partition,399
cpp,sym_module_declaration,400
cpp,sym_export_declaration,401
cpp,sym_import_declaration,402
cpp,sym_global_module_fragment_declaration,403
cpp,sym_private_module_fragment_declaration,404
cpp,sym_template_declaration,405
cpp,sym_template_instantiation,406
cpp,sym_template_parameter_list,407
cpp,sym_type_parameter_declaration,408
cpp,sym_variadic_type_parameter_declaration,409
cpp,sym_optional_type_parameter_declaration,410
cpp,sym_template_template_parameter_declaration,411
cpp,sym_explicit_object_parameter_declaration,412
cpp,sym_optional_parameter_declaration,413
cpp,sym_variadic_parameter_declaration,414
cpp,sym_variadic_declarator,415
cpp,sym_variadic_reference_declarator,416
cpp,sym_operator_cast,417
cpp,sym_field_initializer_list,418
cpp,sym_field_initializer,419
cpp,sym_inline_method_definition,420
cpp,sym__constructor_specifiers,421
cpp,sym_operator_cast_definition,422
cpp,sym_operator_cast_declaration,423
cpp,sym_constructor_try_statement,424
cpp,sym_constructor_or_destructor_definition,425
cpp,sym_constructor_or_destructor_declaration,426
cpp,sym_default_method_clause,427
cpp,sym_delete_method_clause,428
cpp,sym_pure_virtual_clause,429
cpp,sym_friend_declaration,430
cpp,sym_access_specifier,431
cpp,sym_reference_declarator,432
cpp,sym_reference_field_declarator,433
cpp,sym_reference_type_declarator,434
cpp,sym_abstract_reference_declarator,435
cpp,sym_structured_binding_declarator,436
cpp,sym_ref_qualifier,437
cpp,sym__function_declarator_seq,438
cpp,sym__function_attributes_start,439
cpp,sym__function_exception_specification,440
cpp,sym__function_attributes_end,441
cpp,sym__function_postfix,442
cpp,sym_trailing_return_type,443
cpp,sym_noexcept,444
cpp,sym_throw_specifier,445
cpp,sym_template_type,446
cpp,sym_template_method,447
cpp,sym_template_function,448
cpp,sym_template_argument_list,449
cpp,sym_namespace_definition,450
cpp,sym_namespace_alias_definition,451
cpp,sym__namespace_specifier,452
cpp,sym_nested_namespace_specifier,453
cpp,sym_using_declaration,454
cpp,sym_alias_declaration,455
cpp,sym_static_assert_declaration,456
cpp,sym_consteval_block_declaration,457
cpp,sym_concept_definition,458
cpp,sym_for_range_loop,459
cpp,sym__for_range_loop_body,460
cpp,sym_init_statement,461
cpp,sym_condition_clause,462
cpp,sym_condition_declaration,463
cpp,sym_co_return_statement,464
cpp,sym_co_yield_statement,465
cpp,sym_throw_statement,466
cpp,sym_try_statement,467
cpp,sym_catch_clause,468
cpp,sym_raw_string_literal,469
cpp,sym_subscript_argument_list,470
cpp,sym_co_await_expression,471
cpp,sym_new_expression,472
cpp,sym_new_declarator,473
cpp,sym_delete_expression,474
cpp,sym_type_requirement,475
cpp,sym_compound_requirement,476
cpp,sym__requirement,477
cpp,sym_requirement_seq,478
cpp,sym_constraint_conjunction,479
cpp,sym_constraint_disjunction,480
cpp,sym__requirement_clause_constraint,481
cpp,sym_requires_clause,482
cpp,sym_requires_parameter_list,483
cpp,sym_requires_expression,484
cpp,sym_lambda_specifier,485
cpp,sym_lambda_declarator,486
cpp,sym_lambda_expression,487
cpp,sym_lambda_capture_specifier,488
cpp,sym_lambda_default_capture,489
cpp,sym__lambda_capture_identifier,490
cpp,sym_lambda_capture_initializer,491
cpp,sym__lambda_capture,492
cpp,sym__fold_operator,493
cpp,sym__binary_fold_operator,494
cpp,sym__unary_left_fold,495
cpp,sym__unary_right_fold,496
cpp,sym__binary_fold,497
cpp,sym_fold_expression,498
cpp,sym_parameter_pack_expansion,499
cpp,sym_type_parameter_pack_expansion,500
cpp,sym_identifier_parameter_pack_expansion,501
cpp,sym_destructor_name,502
cpp,sym_dependent_identifier,503
cpp,sym_dependent_field_identifier,504
cpp,sym_dependent_type_identifier,505
cpp,sym__scope_resolution,506
cpp,sym_qualified_field_identifier,507
cpp,sym_qualified_identifier,508
cpp,sym_qualified_type_identifier,509
cpp,sym_qualified_operator_cast_identifier,510
cpp,sym__assignment_expression_lhs,511
cpp,sym_reflect_expression,512
cpp,sym_splice_specifier,513
cpp,sym__splice_specialization_specifier,514
cpp,sym_splice_type_specifier,515
cpp,sym_splice_expression,516
cpp,sym_expansion_statement,517
cpp,sym_operator_name,518
cpp,sym_user_defined_literal,519
cpp,aux_sym_translation_unit_repeat1,520
cpp,aux_sym_preproc_params_repeat1,521
cpp,aux_sym_preproc_if_in_field_declaration_list_repeat1,522
cpp,aux_sym_preproc_if_in_enumerator_list_repeat1,523
cpp,aux_sym_preproc_if_in_enumerator_list_no_comma_repeat1,524
cpp,aux_sym_preproc_argument_list_repeat1,525
cpp,aux_sym_declaration_repeat1,526
cpp,aux_sym_type_definition_repeat1,527
cpp,aux_sym__type_definition_type_repeat1,528
cpp,aux_sym__type_definition_declarators_repeat1,529
cpp,aux_sym__declaration_specifiers_repeat1,530
cpp,aux_sym_attribute_declaration_repeat1,531
cpp,aux_sym_attribute_declaration_repeat2,532
cpp,aux_sym_declaration_list_repeat1,533
cpp,aux_sym_attributed_declarator_repeat1,534
cpp,aux_sym_pointer_declarator_repeat1,535
cpp,aux_sym_array_declarator_repeat1,536
cpp,aux_sym_sized_type_specifier_repeat1,537
cpp,aux_sym_enumerator_list_repeat1,538
cpp,aux_sym_field_declaration_repeat1,539
cpp,aux_sym_parameter_list_repeat1,540
cpp,aux_sym_case_statement_repeat1,541
cpp,aux_sym_generic_expression_repeat1,542
cpp,aux_sym_gnu_asm_expression_repeat1,543
cpp,aux_sym_gnu_asm_output_operand_list_repeat1,544
cpp,aux_sym_gnu_asm_input_operand_list_repeat1,545
cpp,aux_sym_gnu_asm_clobber_list_repeat1,546
cpp,aux_sym_gnu_asm_goto_list_repeat1,547
cpp,aux_sym_argument_list_repeat1,548
cpp,aux_sym_initializer_list_repeat1,549
cpp,aux_sym_initializer_pair_repeat1,550
cpp,aux_sym_char_literal_repeat1,551
cpp,aux_sym_concatenated_string_repeat1,552
cpp,aux_sym_string_literal_repeat1,553
cpp,aux_sym__class_declaration_repeat1,554
cpp,aux_sym_base_class_clause_repeat1,555
cpp,aux_sym_module_name_repeat1,556
cpp,aux_sym_template_parameter_list_repeat1,557
cpp,aux_sym_field_initializer_list_repeat1,558
cpp,aux_sym_operator_cast_definition_repeat1,559
cpp,aux_sym_constructor_try_statement_repeat1,560
cpp,aux_sym_structured_binding_declarator_repeat1,561
cpp,aux_sym__function_postfix_repeat1,562
cpp,aux_sym_throw_specifier_repeat1,563
cpp,aux_sym_template_argument_list_repeat1,564
cpp,aux_sym_subscript_argument_list_repeat1,565
cpp,aux_sym_requirement_seq_repeat1,566
cpp,aux_sym_requires_parameter_list_repeat1,567
cpp,aux_sym_lambda_declarator_repeat1,568
cpp,aux_sym_lambda_capture_specifier_repeat1,569
cpp,alias_sym_field_identifier,570
cpp,alias_sym_namespace_identifier,571
cpp,alias_sym_simple_requirement,572
cpp,alias_sym_statement_identifier,573
cpp,alias_sym_type_identifier,574
c,sym_identifier,1
c,aux_sym_preproc_include_token1,2
c,aux_sym_preproc_include_token2,3
c,aux_sym_preproc_def_token1,4
c,anon_sym_LPAREN,5
c,anon_sym_DOT_DOT_DOT,6
c,anon_sym_COMMA,7
c,anon_sym_RPAREN,8
c,aux_sym_preproc_if_token1,9
c,anon_sym_LF,10
c,aux_sym_preproc_if_token2,11
c,aux_sym_preproc_ifdef_token1,12
c,aux_sym_preproc_ifdef_token2,13
c,aux_sym_preproc_else_token1,14
c,aux_sym_preproc_elif_token1,15
c,aux_sym_preproc_elifdef_token1,16
c,aux_sym_preproc_elifdef_token2,17
c,sym_preproc_arg,18
c,sym_preproc_directive,19
c,anon_sym_LPAREN2,20
c,anon_sym_defined,21
c,anon_sym_BANG,22
c,anon_sym_TILDE,23
c,anon_sym_DASH,24
c,anon_sym_PLUS,25
c,anon_sym_STAR,26
c,anon_sym_SLASH,27
c,anon_sym_PERCENT,28
c,anon_sym_PIPE_PIPE,29
c,anon_sym_AMP_AMP,30
c,anon_sym_PIPE,31
c,anon_sym_CARET,32
c,anon_sym_AMP,33
c,anon_sym_EQ_EQ,34
c,anon_sym_BANG_EQ,35
c,anon_sym_GT,36
c,anon_sym_GT_EQ,37
c,anon_sym_LT_EQ,38
c,anon_sym_LT,39
c,anon_sym_LT_LT,40
c,anon_sym_GT_GT,41
c,anon_sym_SEMI,42
c,anon_sym___extension__,43
c,anon_sym_typedef,44
c,anon_sym_extern,45
c,anon_sym___attribute__,46
c,anon_sym___attribute,47
c,anon_sym_COLON_COLON,48
c,anon_sym_LBRACK_LBRACK,49
c,anon_sym_RBRACK_RBRACK,50
c,anon_sym___declspec,51
c,anon_sym___based,52
c,anon_sym___cdecl,53
c,anon_sym___clrcall,54
c,anon_sym___stdcall,55
c,anon_sym___fastcall,56
c,anon_sym___thiscall,57
c,anon_sym___vectorcall,58
c,sym_ms_restrict_modifier,59
c,sym_ms_unsigned_ptr_modifier,60
c,sym_ms_signed_ptr_modifier,61
c,anon_sym__unaligned,62
c,anon_sym___unaligned,63
c,anon_sym_LBRACE,64
c,anon_sym_RBRACE,65
c,anon_sym_signed,66
c,anon_sym_unsigned,67
c,anon_sym_long,68
c,anon_sym_short,69
c,anon_sym_LBRACK,70
c,anon_sym_static,71
c,anon_sym_RBRACK,72
c,anon_sym_EQ,73
c,anon_sym_auto,74
c,anon_sym_register,75
c,anon_sym_inline,76
c,anon_sym___inline,77
c,anon_sym___inline__,78
c,anon_sym___forceinline,79
c,anon_sym_thread_local,80
c,anon_sym___thread,81
c,anon_sym_const,82
c,anon_sym_constexpr,83
c,anon_sym_volatile,84
c,anon_sym_restrict,85
c,anon_sym___restrict__,86
c,anon_sym__Atomic,87
c,anon_sym__Noreturn,88
c,anon_sym_noreturn,89
c,anon_sym__Nonnull,90
c,anon_sym_alignas,91
c,anon_sym__Alignas,92
c,sym_primitive_type,93
c,anon_sym_enum,94
c,anon_sym_COLON,95
c,anon_sym_struct,96
c,anon_sym_union,97
c,anon_sym_if,98
c,anon_sym_else,99
c,anon_sym_switch,100
c,anon_sym_case,101
c,anon_sym_default,102
c,anon_sym_while,103
c,anon_sym_do,104
c,anon_sym_for,105
c,anon_sym_return,106
c,anon_sym_break,107
c,anon_sym_continue,108
c,anon_sym_goto,109
c,anon_sym___try,110
c,anon_sym___except,111
c,anon_sym___finally,112
c,anon_sym___leave,113
c,anon_sym_QMARK,114
c,anon_sym_STAR_EQ,115
c,anon_sym_SLASH_EQ,116
c,anon_sym_PERCENT_EQ,117
c,anon_sym_PLUS_EQ,118
c,anon_sym_DASH_EQ,119
c,anon_sym_LT_LT_EQ,120
c,anon_sym_GT_GT_EQ,121
c,anon_sym_AMP_EQ,122
c,anon_sym_CARET_EQ,123
c,anon_sym_PIPE_EQ,124
c,anon_sym_DASH_DASH,125
c,anon_sym_PLUS_PLUS,126
c,anon_sym_sizeof,127
c,anon_sym___alignof__,128
c,anon_sym___alignof,129
c,anon_sym__alignof,130
c,anon_sym_alignof,131
c,anon_sym__Alignof,132
c,anon_sym_offsetof,133
c,anon_sym__Generic,134
c,anon_sym_asm,135
c,anon_sym___asm__,136
c,anon_sym___asm,137
c,anon_sym___volatile__,138
c,anon_sym_DOT,139
c,anon_sym_DASH_GT,140
c,sym_number_literal,141
c,anon_sym_L_SQUOTE,142
c,anon_sym_u_SQUOTE,143
c,anon_sym_U_SQUOTE,144
c,anon_sym_u8_SQUOTE,145
c,anon_sym_SQUOTE,146
c,aux_sym_char_literal_token1,147
c,anon_sym_L_DQUOTE,148
c,anon_sym_u_DQUOTE,149
c,anon_sym_U_DQUOTE,150
c,anon_sym_u8_DQUOTE,151
c,anon_sym_DQUOTE,152
c,aux_sym_string_literal_token1,153
c,sym_escape_sequence,154
c,sym_system_lib_string,155
c,sym_true,156
c,sym_false,157
c,anon_sym_NULL,158
c,anon_sym_nullptr,159
c,sym_comment,160
c,sym_translation_unit,161
c,sym__top_level_item,162
c,sym__block_item,163
c,sym_preproc_include,164
c,sym_preproc_def,165
c,sym_preproc_function_def,166
c,sym_preproc_params,167
c,sym_preproc_call,168
c,sym_preproc_if,169
c,sym_preproc_ifdef,170
c,sym_preproc_else,171
c,sym_preproc_elif,172
c,sym_preproc_elifdef,173
c,sym_preproc_if_in_field_declaration_list,174
c,sym_preproc_ifdef_in_field_declaration_list,175
c,sym_preproc_else_in_field_declaration_list,176
c,sym_preproc_elif_in_field_declaration_list,177
c,sym_preproc_elifdef_in_field_declaration_list,178
c,sym_preproc_if_in_enumerator_list,179
c,sym_preproc_ifdef_in_enumerator_list,180
c,sym_preproc_else_in_enumerator_list,181
c,sym_preproc_elif_in_enumerator_list,182
c,sym_preproc_elifdef_in_enumerator_list,183
c,sym_preproc_if_in_enumerator_list_no_comma,184
c,sym_preproc_ifdef_in_enumerator_list_no_comma,185
c,sym_preproc_else_in_enumerator_list_no_comma,186
c,sym_preproc_elif_in_enumerator_list_no_comma,187
c,sym_preproc_elifdef_in_enumerator_list_no_comma,188
c,sym__preproc_expression,189
c,sym_preproc_parenthesized_expression,190
c,sym_preproc_defined,191
c,sym_preproc_unary_expression,192
c,sym_preproc_call_expression,193
c,sym_preproc_argument_list,194
c,sym_preproc_binary_expression,195
c,sym_function_definition,196
c,sym__old_style_function_definition,197
c,sym_declaration,198
c,sym_type_definition,199
c,sym__type_definition_type,200
c,sym__type_definition_declarators,201
c,sym__declaration_modifiers,202
c,sym__declaration_specifiers,203
c,sym_linkage_specification,204
c,sym_attribute_specifier,205
c,sym_attribute,206
c,sym_attribute_declaration,207
c,sym_ms_declspec_modifier,208
c,sym_ms_based_modifier,209
c,sym_ms_call_modifier,210
c,sym_ms_unaligned_ptr_modifier,211
c,sym_ms_pointer_modifier,212
c,sym_declaration_list,213
c,sym__declarator,214
c,sym__declaration_declarator,215
c,sym__field_declarator,216
c,sym__type_declarator,217
c,sym__abstract_declarator,218
c,sym_parenthesized_declarator,219
c,sym_parenthesized_field_declarator,220
c,sym_parenthesized_type_declarator,221
c,sym_abstract_parenthesized_declarator,222
c,sym_attributed_declarator,223
c,sym_attributed_field_declarator,224
c,sym_attributed_type_declarator,225
c,sym_pointer_declarator,226
c,sym_pointer_field_declarator,227
c,sym_pointer_type_declarator,228
c,sym_abstract_pointer_declarator,229
c,sym_function_declarator,230
c,sym__function_declaration_declarator,231
c,sym_function_field_declarator,232
c,sym_function_type_declarator,233
c,sym_abstract_function_declarator,234
c,sym__old_style_function_declarator,235
c,sym_array_declarator,236
c,sym_array_field_declarator,237
c,sym_array_type_declarator,238
c,sym_abstract_array_declarator,239
c,sym_init_declarator,240
c,sym_compound_statement,241
c,sym_storage_class_specifier,242
c,sym_type_qualifier,243
c,sym_alignas_qualifier,244
c,sym_type_specifier,245
c,sym_sized_type_specifier,246
c,sym_enum_specifier,247
c,sym_enumerator_list,248
c,sym_struct_specifier,249
c,sym_union_specifier,250
c,sym_field_declaration_list,251
c,sym__field_declaration_list_item,252
c,sym_field_declaration,253
c,sym__field_declaration_declarator,254
c,sym_bitfield_clause,255
c,sym_enumerator,256
c,sym_variadic_parameter,257
c,sym_parameter_list,258
c,sym__old_style_parameter_list,259
c,sym_parameter_declaration,260
c,sym_attributed_statement,261
c,sym_statement,262
c,sym__top_level_statement,263
c,sym_labeled_statement,264
c,sym__top_level_expression_statement,265
c,sym_expression_statement,266
c,sym_if_statement,267
c,sym_else_clause,268
c,sym_switch_statement,269
c,sym_case_statement,270
c,sym_while_statement,271
c,sym_do_statement,272
c,sym_for_statement,273
c,sym__for_statement_body,274
c,sym_return_statement,275
c,sym_break_statement,276
c,sym_continue_statement,277
c,sym_goto_statement,278
c,sym_seh_try_statement,279
c,sym_seh_except_clause,280
c,sym_seh_finally_clause,281
c,sym_seh_leave_statement,282
c,sym_expression,283
c,sym__string,284
c,sym_comma_expression,285
c,sym_conditional_expression,286
c,sym_assignment_expression,287
c,sym_pointer_expression,288
c,sym_unary_expression,289
c,sym_binary_expression,290
c,sym_update_expression,291
c,sym_cast_expression,292
c,sym_type_descriptor,293
c,sym_sizeof_expression,294
c,sym_alignof_expression,295
c,sym_offsetof_expression,296
c,sym_generic_expression,297
c,sym_subscript_expression,298
c,sym_call_expression,299
c,sym_gnu_asm_expression,300
c,sym_gnu_asm_qualifier,301
c,sym_gnu_asm_output_operand_list,302
c,sym_gnu_asm_output_operand,303
c,sym_gnu_asm_input_operand_list,304
c,sym_gnu_asm_input_operand,305
c,sym_gnu_asm_clobber_list,306
c,sym_gnu_asm_goto_list,307
c,sym_extension_expression,308
c,sym_argument_list,309
c,sym_field_expression,310
c,sym_compound_literal_expression,311
c,sym_parenthesized_expression,312
c,sym_initializer_list,313
c,sym_initializer_pair,314
c,sym_subscript_designator,315
c,sym_subscript_range_designator,316
c,sym_field_designator,317
c,sym_char_literal,318
c,sym_concatenated_string,319
c,sym_string_literal,320
c,sym_null,321
c,sym__empty_declaration,322
c,sym_macro_type_specifier,323
c,aux_sym_translation_unit_repeat1,324
c,aux_sym_preproc_params_repeat1,325
c,aux_sym_preproc_if_repeat1,326
c,aux_sym_preproc_if_in_field_declaration_list_repeat1,327
c,aux_sym_preproc_if_in_enumerator_list_repeat1,328
c,aux_sym_preproc_if_in_enumerator_list_no_comma_repeat1,329
c,aux_sym_preproc_argument_list_repeat1,330
c,aux_sym__old_style_function_definition_repeat1,331
c,aux_sym_declaration_repeat1,332
c,aux_sym_type_definition_repeat1,333
c,aux_sym__type_definition_type_repeat1,334
c,aux_sym__type_definition_declarators_repeat1,335
c,aux_sym__declaration_specifiers_repeat1,336
c,aux_sym_attribute_declaration_repeat1,337
c,aux_sym_attributed_declarator_repeat1,338
c,aux_sym_pointer_declarator_repeat1,339
c,aux_sym_function_declarator_repeat1,340
c,aux_sym_array_declarator_repeat1,341
c,aux_sym_sized_type_specifier_repeat1,342
c,aux_sym_enumerator_list_repeat1,343
c,aux_sym__field_declaration_declarator_repeat1,344
c,aux_sym_parameter_list_repeat1,345
c,aux_sym__old_style_parameter_list_repeat1,346
c,aux_sym_case_statement_repeat1,347
c,aux_sym_generic_expression_repeat1,348
c,aux_sym_gnu_asm_expression_repeat1,349
c,aux_sym_gnu_asm_output_operand_list_repeat1,350
c,aux_sym_gnu_asm_input_operand_list_repeat1,351
c,aux_sym_gnu_asm_clobber_list_repeat1,352
c,aux_sym_gnu_asm_goto_list_repeat1,353
c,aux_sym_argument_list_repeat1,354
c,aux_sym_initializer_list_repeat1,355
c,aux_sym_initializer_pair_repeat1,356
c,aux_sym_char_literal_repeat1,357
c,aux_sym_concatenated_string_repeat1,358
c,aux_sym_string_literal_repeat1,359
c,alias_sym_field_identifier,360
c,alias_sym_statement_identifier,361
c,alias_sym_type_identifier,362
python,sym_identifier,1
python,anon_sym_SEMI,2
python,anon_sym_import,3
python,anon_sym_DOT,4
python,anon_sym_from,5
python,anon_sym___future__,6
python,anon_sym_LPAREN,7
python,anon_sym_RPAREN,8
python,anon_sym_COMMA,9
python,anon_sym_as,10
python,anon_sym_STAR,11
python,anon_sym_print,12
python,anon_sym_GT_GT,13
python,anon_sym_assert,14
python,anon_sym_COLON_EQ,15
python,anon_sym_return,16
python,anon_sym_del,17
python,anon_sym_raise,18
python,anon_sym_pass,19
python,anon_sym_break,20
python,anon_sym_continue,21
python,anon_sym_if,22
python,anon_sym_COLON,23
python,anon_sym_elif,24
python,anon_sym_else,25
python,anon_sym_match,26
python,anon_sym_case,27
python,anon_sym_async,28
python,anon_sym_for,29
python,anon_sym_in,30
python,anon_sym_while,31
python,anon_sym_try,32
python,anon_sym_except,33
python,anon_sym_STAR2,34
python,anon_sym_finally,35
python,anon_sym_with,36
python,anon_sym_def,37
python,anon_sym_DASH_GT,38
python,anon_sym_STAR_STAR,39
python,anon_sym_global,40
python,anon_sym_nonlocal,41
python,anon_sym_exec,42
python,anon_sym_type,43
python,anon_sym_EQ,44
python,anon_sym_class,45
python,anon_sym_LBRACK,46
python,anon_sym_RBRACK,47
python,anon_sym_AT,48
python,anon_sym_DASH,49
python,anon_sym__,50
python,anon_sym_PIPE,51
python,anon_sym_LBRACE,52
python,anon_sym_RBRACE,53
python,anon_sym_PLUS,54
python,anon_sym_not,55
python,anon_sym_and,56
python,anon_sym_or,57
python,anon_sym_SLASH,58
python,anon_sym_PERCENT,59
python,anon_sym_SLASH_SLASH,60
python,anon_sym_AMP,61
python,anon_sym_CARET,62
python,anon_sym_LT_LT,63
python,anon_sym_TILDE,64
python,anon_sym_is,65
python,anon_sym_LT,66
python,anon_sym_LT_EQ,67
python,anon_sym_EQ_EQ,68
python,anon_sym_BANG_EQ,69
python,anon_sym_GT_EQ,70
python,anon_sym_GT,71
python,anon_sym_LT_GT,72
python,anon_sym_lambda,73
python,anon_sym_PLUS_EQ,74
python,anon_sym_DASH_EQ,75
python,anon_sym_STAR_EQ,76
python,anon_sym_SLASH_EQ,77
python,anon_sym_AT_EQ,78
python,anon_sym_SLASH_SLASH_EQ,79
python,anon_sym_PERCENT_EQ,80
python,anon_sym_STAR_STAR_EQ,81
python,anon_sym_GT_GT_EQ,82
python,anon_sym_LT_LT_EQ,83
python,anon_sym_AMP_EQ,84
python,anon_sym_CARET_EQ,85
python,anon_sym_PIPE_EQ,86
python,anon_sym_yield,87
python,sym_ellipsis,88
python,sym_escape_sequence,89
python,anon_sym_BSLASH,90
python,aux_sym_format_specifier_token1,91
python,sym_type_conversion,92
python,sym_integer,93
python,sym_float,94
python,anon_sym_await,95
python,sym_true,96
python,sym_false,97
python,sym_none,98
python,sym_comment,99
python,sym_line_continuation,100
python,sym__newline,101
python,sym__indent,102
python,sym__dedent,103
python,sym_string_start,104
python,sym__string_content,105
python,sym_escape_interpolation,106
python,sym_string_end,107
python,sym_module,108
python,sym__statement,109
python,sym__simple_statements,110
python,sym_import_statement,111
python,sym_import_prefix,112
python,sym_relative_import,113
python,sym_future_import_statement,114
python,sym_import_from_statement,115
python,sym__import_list,116
python,sym_aliased_import,117
python,sym_wildcard_import,118
python,sym_print_statement,119
python,sym_chevron,120
python,sym_assert_statement,121
python,sym_expression_statement,122
python,sym_tuple_expression,123
python,sym_named_expression,124
python,sym__named_expression_lhs,125
python,sym_return_statement,126
python,sym_delete_statement,127
python,sym_raise_statement,128
python,sym_pass_statement,129
python,sym_break_statement,130
python,sym_continue_statement,131
python,sym_if_statement,132
python,sym_elif_clause,133
python,sym_else_clause,134
python,sym_match_statement,135
python,sym__match_block,136
python,sym_case_clause,137
python,sym_for_statement,138
python,sym_while_statement,139
python,sym_try_statement,140
python,sym_except_clause,141
python,sym_finally_clause,142
python,sym_with_statement,143
python,sym_with_clause,144
python,sym_with_item,145
python,sym_function_definition,146
python,sym_parameters,147
python,sym_lambda_parameters,148
python,sym_list_splat,149
python,sym_dictionary_splat,150
python,sym_global_statement,151
python,sym_nonlocal_statement,152
python,sym_exec_statement,153
python,sym_type_alias_statement,154
python,sym_class_definition,155
python,sym_type_parameter,156
python,sym_parenthesized_list_splat,157
python,sym_argument_list,158
python,sym_decorated_definition,159
python,sym_decorator,160
python,sym_block,161
python,sym_expression_list,162
python,sym_dotted_name,163
python,sym_case_pattern,164
python,sym__simple_pattern,165
python,sym__as_pattern,166
python,sym_union_pattern,167
python,sym__list_pattern,168
python,sym__tuple_pattern,169
python,sym_dict_pattern,170
python,sym__key_value_pattern,171
python,sym_keyword_pattern,172
python,sym_splat_pattern,173
python,sym_class_pattern,174
python,sym_complex_pattern,175
python,sym__parameters,176
python,sym__patterns,177
python,sym_parameter,178
python,sym_pattern,179
python,sym_tuple_pattern,180
python,sym_list_pattern,181
python,sym_default_parameter,182
python,sym_typed_default_parameter,183
python,sym_list_splat_pattern,184
python,sym_dictionary_splat_pattern,185
python,sym_as_pattern,186
python,sym__expression_within_for_in_clause,187
python,sym_expression,188
python,sym_primary_expression,189
python,sym_not_operator,190
python,sym_boolean_operator,191
python,sym_binary_operator,192
python,sym_unary_operator,193
python,sym__not_in,194
python,sym__is_not,195
python,sym_comparison_operator,196
python,sym_lambda,197
python,sym_lambda_within_for_in_clause,198
python,sym_assignment,199
python,sym_augmented_assignment,200
python,sym_pattern_list,201
python,sym__right_hand_side,202
python,sym_yield,203
python,sym_attribute,204
python,sym_subscript,205
python,sym_slice,206
python,sym_call,207
python,sym_typed_parameter,208
python,sym_type,209
python,sym_splat_type,210
python,sym_generic_type,211
python,sym_union_type,212
python,sym_constrained_type,213
python,sym_member_type,214
python,sym_keyword_argument,215
python,sym_list,216
python,sym_set,217
python,sym_tuple,218
python,sym_dictionary,219
python,sym_pair,220
python,sym_list_comprehension,221
python,sym_dictionary_comprehension,222
python,sym_set_comprehension,223
python,sym_generator_expression,224
python,sym__comprehension_clauses,225
python,sym_parenthesized_expression,226
python,sym__collection_elements,227
python,sym_for_in_clause,228
python,sym_if_clause,229
python,sym_conditional_expression,230
python,sym_concatenated_string,231
python,sym_string,232
python,sym_string_content,233
python,sym_interpolation,234
python,sym__f_expression,235
python,sym__not_escape_sequence,236
python,sym_format_specifier,237
python,sym_await,238
python,sym_positional_separator,239
python,sym_keyword_separator,240
python,aux_sym_module_repeat1,241
python,aux_sym__simple_statements_repeat1,242
python,aux_sym_import_prefix_repeat1,243
python,aux_sym__import_list_repeat1,244
python,aux_sym_print_statement_repeat1,245
python,aux_sym_assert_statement_repeat1,246
python,aux_sym_if_statement_repeat1,247
python,aux_sym_match_statement_repeat1,248
python,aux_sym__match_block_repeat1,249
python,aux_sym_case_clause_repeat1,250
python,aux_sym_try_statement_repeat1,251
python,aux_sym_except_clause_repeat1,252
python,aux_sym_with_clause_repeat1,253
python,aux_sym_global_statement_repeat1,254
python,aux_sym_type_parameter_repeat1,255
python,aux_sym_argument_list_repeat1,256
python,aux_sym_decorated_definition_repeat1,257
python,aux_sym_dotted_name_repeat1,258
python,aux_sym_union_pattern_repeat1,259
python,aux_sym_dict_pattern_repeat1,260
python,aux_sym__parameters_repeat1,261
python,aux_sym__patterns_repeat1,262
python,aux_sym_comparison_operator_repeat1,263
python,aux_sym_subscript_repeat1,264
python,aux_sym_dictionary_repeat1,265
python,aux_sym__comprehension_clauses_repeat1,266
python,aux_sym__collection_elements_repeat1,267
python,aux_sym_for_in_clause_repeat1,268
python,aux_sym_concatenated_string_repeat1,269
python,aux_sym_string_repeat1,270
python,aux_sym_string_content_repeat1,271
python,aux_sym_format_specifier_repeat1,272
python,alias_sym_as_pattern_target,273
python,alias_sym_format_expression,274
zig,sym__identifier,1
zig,anon_sym_COMMA,2
zig,anon_sym_pub,3
zig,anon_sym_test,4
zig,anon_sym_comptime,5
zig,anon_sym_COLON,6
zig,anon_sym_EQ,7
zig,anon_sym_export,8
zig,anon_sym_extern,9
zig,anon_sym_threadlocal,10
zig,anon_sym_SEMI,11
zig,anon_sym_STAR_EQ,12
zig,anon_sym_STAR_PERCENT_EQ,13
zig,anon_sym_STAR_PIPE_EQ,14
zig,anon_sym_SLASH_EQ,15
zig,anon_sym_PERCENT_EQ,16
zig,anon_sym_PLUS_EQ,17
zig,anon_sym_PLUS_PERCENT_EQ,18
zig,anon_sym_PLUS_PIPE_EQ,19
zig,anon_sym_DASH_EQ,20
zig,anon_sym_DASH_PERCENT_EQ,21
zig,anon_sym_DASH_PIPE_EQ,22
zig,anon_sym_LT_LT_EQ,23
zig,anon_sym_LT_LT_PIPE_EQ,24
zig,anon_sym_GT_GT_EQ,25
zig,anon_sym_AMP_EQ,26
zig,anon_sym_CARET_EQ,27
zig,anon_sym_PIPE_EQ,28
zig,anon_sym_const,29
zig,anon_sym_var,30
zig,anon_sym_inline,31
zig,anon_sym_noinline,32
zig,anon_sym_fn,33
zig,anon_sym_LPAREN,34
zig,anon_sym_RPAREN,35
zig,anon_sym_noalias,36
zig,anon_sym_DOT_DOT_DOT,37
zig,anon_sym_usingnamespace,38
zig,anon_sym_LBRACE,39
zig,anon_sym_RBRACE,40
zig,anon_sym_packed,41
zig,anon_sym_struct,42
zig,anon_sym_opaque,43
zig,anon_sym_enum,44
zig,anon_sym_union,45
zig,anon_sym_error,46
zig,anon_sym_nosuspend,47
zig,anon_sym_suspend,48
zig,anon_sym_defer,49
zig,anon_sym_errdefer,50
zig,anon_sym_if,51
zig,anon_sym_else,52
zig,anon_sym_for,53
zig,anon_sym_DOT_DOT,54
zig,anon_sym_while,55
zig,anon_sym_PIPE,56
zig,anon_sym_STAR,57
zig,anon_sym_align,58
zig,anon_sym_addrspace,59
zig,anon_sym_linksection,60
zig,anon_sym_callconv,61
zig,anon_sym_asm,62
zig,anon_sym_volatile,63
zig,anon_sym_LBRACK,64
zig,anon_sym_RBRACK,65
zig,anon_sym_DASH_GT,66
zig,anon_sym_BANG,67
zig,anon_sym_TILDE,68
zig,anon_sym_DASH,69
zig,anon_sym_DASH_PERCENT,70
zig,anon_sym_AMP,71
zig,anon_sym_or,72
zig,anon_sym_and,73
zig,anon_sym_EQ_EQ,74
zig,anon_sym_BANG_EQ,75
zig,anon_sym_GT,76
zig,anon_sym_GT_EQ,77
zig,anon_sym_LT_EQ,78
zig,anon_sym_LT,79
zig,anon_sym_CARET,80
zig,anon_sym_orelse,81
zig,anon_sym_LT_LT,82
zig,anon_sym_GT_GT,83
zig,anon_sym_LT_LT_PIPE,84
zig,anon_sym_PLUS,85
zig,anon_sym_PLUS_PLUS,86
zig,anon_sym_PLUS_PERCENT,87
zig,anon_sym_PLUS_PIPE,88
zig,anon_sym_DASH_PIPE,89
zig,anon_sym_SLASH,90
zig,anon_sym_PERCENT,91
zig,anon_sym_STAR_STAR,92
zig,anon_sym_STAR_PERCENT,93
zig,anon_sym_STAR_PIPE,94
zig,anon_sym_PIPE_PIPE,95
zig,anon_sym_async,96
zig,anon_sym_await,97
zig,anon_sym_continue,98
zig,anon_sym_resume,99
zig,anon_sym_return,100
zig,anon_sym_break,101
zig,anon_sym_try,102
zig,anon_sym_catch,103
zig,anon_sym_switch,104
zig,anon_sym_EQ_GT,105
zig,anon_sym_anyframe,106
zig,anon_sym_unreachable,107
zig,anon_sym_undefined,108
zig,anon_sym_null,109
zig,anon_sym_QMARK,110
zig,anon_sym_allowzero,111
zig,anon_sym_c,112
zig,anon_sym_DOT,113
zig,anon_sym_DOT_STAR,114
zig,anon_sym_DOT_QMARK,115
zig,anon_sym_DQUOTE,116
zig,aux_sym_string_token1,117
zig,aux_sym_multiline_string_token1,118
zig,sym_escape_sequence,119
zig,anon_sym_SQUOTE,120
zig,aux_sym_character_token1,121
zig,sym_integer,122
zig,sym_float,123
zig,anon_sym_true,124
zig,anon_sym_false,125
zig,anon_sym_bool,126
zig,anon_sym_f16,127
zig,anon_sym_f32,128
zig,anon_sym_f64,129
zig,anon_sym_f128,130
zig,anon_sym_void,131
zig,anon_sym_type,132
zig,anon_sym_anyerror,133
zig,anon_sym_anyopaque,134
zig,anon_sym_anytype,135
zig,anon_sym_noreturn,136
zig,anon_sym_isize,137
zig,anon_sym_usize,138
zig,anon_sym_comptime_int,139
zig,anon_sym_comptime_float,140
zig,anon_sym_c_short,141
zig,anon_sym_c_ushort,142
zig,anon_sym_c_int,143
zig,anon_sym_c_uint,144
zig,anon_sym_c_long,145
zig,anon_sym_c_ulong,146
zig,anon_sym_c_longlong,147
zig,anon_sym_c_ulonglong,148
zig,anon_sym_c_longdouble,149
zig,aux_sym_builtin_type_token1,150
zig,sym_builtin_identifier,151
zig,anon_sym_AT,152
zig,sym_comment,153
zig,sym_source_file,154
zig,sym__container_members,155
zig,sym_test_declaration,156
zig,sym_comptime_declaration,157
zig,sym_container_field,158
zig,sym_variable_declaration,159
zig,sym__variable_declaration_expression_statement,160
zig,sym__variable_declaration_header,161
zig,sym_function_declaration,162
zig,sym__function_prototype,163
zig,sym_parameters,164
zig,sym_parameter,165
zig,sym_using_namespace_declaration,166
zig,sym_block,167
zig,sym_struct_declaration,168
zig,sym_opaque_declaration,169
zig,sym_enum_declaration,170
zig,sym_union_declaration,171
zig,sym_error_set_declaration,172
zig,sym_statement,173
zig,sym_comptime_statement,174
zig,sym_nosuspend_statement,175
zig,sym_suspend_statement,176
zig,sym_defer_statement,177
zig,sym_errdefer_statement,178
zig,sym__block_expr_statement,179
zig,sym_block_expression,180
zig,sym_labeled_statement,181
zig,sym_expression_statement,182
zig,sym_if_statement,183
zig,sym__if_prefix,184
zig,sym_else_clause,185
zig,sym_for_statement,186
zig,sym__for_prefix,187
zig,sym_while_statement,188
zig,sym__while_prefix,189
zig,sym__conditional_body,190
zig,sym_payload,191
zig,sym_byte_alignment,192
zig,sym_address_space,193
zig,sym_link_section,194
zig,sym_calling_convention,195
zig,sym_expression,196
zig,sym_asm_expression,197
zig,sym_asm_output,198
zig,sym_asm_output_item,199
zig,sym_asm_input,200
zig,sym_asm_input_item,201
zig,sym_asm_clobbers,202
zig,sym_if_expression,203
zig,sym_for_expression,204
zig,sym_while_expression,205
zig,sym_assignment_expression,206
zig,sym_unary_expression,207
zig,sym_binary_expression,208
zig,sym_comptime_expression,209
zig,sym_async_expression,210
zig,sym_await_expression,211
zig,sym_nosuspend_expression,212
zig,sym_continue_expression,213
zig,sym_resume_expression,214
zig,sym_return_expression,215
zig,sym_break_expression,216
zig,sym_try_expression,217
zig,sym_catch_expression,218
zig,sym_switch_expression,219
zig,sym_switch_case,220
zig,sym__switch_case_exp,221
zig,sym_type_expression,222
zig,sym_primary_type_expression,223
zig,sym_nullable_type,224
zig,sym_anyframe_type,225
zig,sym_slice_type,226
zig,sym_pointer_type,227
zig,sym_array_type,228
zig,sym_error_union_type,229
zig,sym_field_expression,230
zig,sym_index_expression,231
zig,sym_dereference_expression,232
zig,sym_null_coercion_expression,233
zig,sym_range_expression,234
zig,sym_call_expression,235
zig,sym_anonymous_struct_initializer,236
zig,sym_struct_initializer,237
zig,sym_initializer_list,238
zig,sym_field_initializer,239
zig,sym_labeled_type_expression,240
zig,sym_comptime_type_expression,241
zig,sym_if_type_expression,242
zig,sym_parenthesized_expression,243
zig,sym_block_label,244
zig,sym_break_label,245
zig,sym_arguments,246
zig,sym_builtin_function,247
zig,sym_string,248
zig,sym_multiline_string,249
zig,sym_character,250
zig,sym_boolean,251
zig,sym_builtin_type,252
zig,sym_error_type,253
zig,sym_identifier,254
zig,aux_sym__container_members_repeat1,255
zig,aux_sym__variable_declaration_expression_statement_repeat1,256
zig,aux_sym_parameters_repeat1,257
zig,aux_sym_block_repeat1,258
zig,aux_sym_error_set_declaration_repeat1,259
zig,aux_sym__for_prefix_repeat1,260
zig,aux_sym_payload_repeat1,261
zig,aux_sym_asm_output_repeat1,262
zig,aux_sym_asm_input_repeat1,263
zig,aux_sym_asm_clobbers_repeat1,264
zig,aux_sym_switch_expression_repeat1,265
zig,aux_sym__switch_case_exp_repeat1,266
zig,aux_sym_slice_type_repeat1,267
zig,aux_sym_pointer_type_repeat1,268
zig,aux_sym_initializer_list_repeat1,269
zig,aux_sym_initializer_list_repeat2,270
zig,aux_sym_string_repeat1,271
zig,aux_sym_multiline_string_repeat1,272
zig,alias_sym_function_signature,273
julia,sym__word_identifier,1
julia,anon_sym_COMMA,2
julia,anon_sym_EQ,3
julia,anon_sym_begin,4
julia,anon_sym_module,5
julia,anon_sym_baremodule,6
julia,anon_sym_end,7
julia,anon_sym_abstract,8
julia,anon_sym_type,9
julia,anon_sym_primitive,10
julia,anon_sym_mutable,11
julia,anon_sym_struct,12
julia,anon_sym_function,13
julia,anon_sym_macro,14
julia,anon_sym_quote,15
julia,anon_sym_let,16
julia,anon_sym_if,17
julia,anon_sym_elseif,18
julia,anon_sym_else,19
julia,anon_sym_try,20
julia,anon_sym_catch,21
julia,anon_sym_finally,22
julia,anon_sym_for,23
julia,anon_sym_while,24
julia,sym_break_statement,25
julia,sym_continue_statement,26
julia,anon_sym_return,27
julia,anon_sym_const,28
julia,anon_sym_global,29
julia,anon_sym_local,30
julia,anon_sym_as,31
julia,aux_sym_import_path_token1,32
julia,anon_sym_LPAREN,33
julia,anon_sym_RPAREN,34
julia,anon_sym_COLON,35
julia,anon_sym_export,36
julia,anon_sym_public,37
julia,anon_sym_import,38
julia,anon_sym_using,39
julia,anon_sym_LBRACK,40
julia,anon_sym_RBRACK,41
julia,anon_sym_outer,42
julia,anon_sym_in,43
julia,anon_sym_u2208,44
julia,anon_sym_LBRACE,45
julia,anon_sym_RBRACE,46
julia,anon_sym_SQUOTE,47
julia,anon_sym_DOT,48
julia,anon_sym_do,49
julia,anon_sym_DOLLAR,50
julia,anon_sym_COLON2,51
julia,anon_sym_COLON_COLON,52
julia,anon_sym_COLON_EQ,53
julia,anon_sym_DOT_EQ,54
julia,aux_sym_quote_expression_token1,55
julia,anon_sym_isa,56
julia,anon_sym_DOT_DOT_DOT,57
julia,anon_sym_QMARK,58
julia,anon_sym_DASH_GT,59
julia,anon_sym_where,60
julia,anon_sym_AT,61
julia,anon_sym_true,62
julia,anon_sym_false,63
julia,aux_sym_integer_literal_token1,64
julia,aux_sym_integer_literal_token2,65
julia,aux_sym_integer_literal_token3,66
julia,aux_sym_integer_literal_token4,67
julia,aux_sym_float_literal_token1,68
julia,aux_sym_float_literal_token2,69
julia,aux_sym_float_literal_token3,70
julia,aux_sym_float_literal_token4,71
julia,sym_escape_sequence,72
julia,sym_character_literal,73
julia,anon_sym_DQUOTE,74
julia,anon_sym_DQUOTE_DQUOTE_DQUOTE,75
julia,anon_sym_BQUOTE,76
julia,anon_sym_BQUOTE_BQUOTE_BQUOTE,77
julia,anon_sym_DOLLAR_EQ,78
julia,aux_sym__assignment_operator_token1,79
julia,sym__pair_operator,80
julia,sym__arrow_operator,81
julia,sym__lazy_or_operator,82
julia,sym__lazy_and_operator,83
julia,sym__comparison_operator,84
julia,sym__pipe_right_operator,85
julia,sym__pipe_left_operator,86
julia,sym__ellipsis_operator,87
julia,sym__plus_operator,88
julia,sym__times_operator,89
julia,sym__rational_operator,90
julia,sym__bitshift_operator,91
julia,sym__power_operator,92
julia,sym__tilde_operator,93
julia,sym__type_order_operator,94
julia,sym__unary_operator,95
julia,sym__unary_plus_operator,96
julia,anon_sym_DOT2,97
julia,anon_sym_SEMI,98
julia,anon_sym_SEMI2,99
julia,aux_sym__terminator_token1,100
julia,aux_sym_block_comment_token1,101
julia,aux_sym_line_comment_token1,102
julia,aux_sym_line_comment_token2,103
julia,sym__block_comment_rest,104
julia,sym__immediate_paren,105
julia,sym__immediate_bracket,106
julia,sym__immediate_brace,107
julia,sym__immediate_string_start,108
julia,sym__immediate_command_start,109
julia,sym__content_cmd_1,110
julia,sym__content_cmd_1_raw,111
julia,sym__content_cmd_3,112
julia,sym__content_cmd_3_raw,113
julia,sym__content_str_1,114
julia,sym__content_str_1_raw,115
julia,sym__content_str_3,116
julia,sym__content_str_3_raw,117
julia,sym__end_cmd,118
julia,sym__end_str,119
julia,sym_source_file,120
julia,sym_block,121
julia,sym__bracket_form,122
julia,sym_open_tuple,123
julia,sym_assignment,124
julia,sym__closed_assignment,125
julia,sym__expression,126
julia,sym_module_definition,127
julia,sym_type_head,128
julia,sym_abstract_definition,129
julia,sym_primitive_definition,130
julia,sym_struct_definition,131
julia,sym_signature,132
julia,sym_function_definition,133
julia,sym_macro_definition,134
julia,sym_compound_statement,135
julia,sym_quote_statement,136
julia,sym_let_statement,137
julia,sym_if_statement,138
julia,sym_elseif_clause,139
julia,sym_else_clause,140
julia,sym_try_statement,141
julia,sym_catch_clause,142
julia,sym_finally_clause,143
julia,sym_for_statement,144
julia,sym_while_statement,145
julia,sym_return_statement,146
julia,sym_const_statement,147
julia,sym_global_statement,148
julia,sym_local_statement,149
julia,sym_import_alias,150
julia,sym_import_path,151
julia,sym__exportable,152
julia,sym__importable,153
julia,sym__import_list,154
julia,sym_selected_import,155
julia,sym_export_statement,156
julia,sym_public_statement,157
julia,sym_import_statement,158
julia,sym_using_statement,159
julia,sym__primary_expression,160
julia,sym__array,161
julia,sym_comprehension_expression,162
julia,sym_generator,163
julia,sym_if_clause,164
julia,sym_for_clause,165
julia,sym_for_binding,166
julia,sym_matrix_expression,167
julia,sym_matrix_row,168
julia,sym_vector_expression,169
julia,sym_parenthesized_expression,170
julia,sym_tuple_expression,171
julia,sym_curly_expression,172
julia,sym_adjoint_expression,173
julia,sym_field_expression,174
julia,sym_index_expression,175
julia,sym_parametrized_type_expression,176
julia,sym_call_expression,177
julia,sym_broadcast_call_expression,178
julia,sym__qualified_macro_identifier,179
julia,sym__macro_head,180
julia,sym__closed_macrocall_expression,181
julia,sym_macrocall_expression,182
julia,sym_macro_argument_list,183
julia,sym_do_clause,184
julia,sym_interpolation_expression,185
julia,sym_quote_expression,186
julia,sym_binary_expression,187
julia,sym_unary_expression,188
julia,sym_range_expression,189
julia,sym_splat_expression,190
julia,sym_ternary_expression,191
julia,sym_typed_expression,192
julia,sym_unary_typed_expression,193
julia,sym_arrow_function_expression,194
julia,sym_juxtaposition_expression,195
julia,sym_compound_assignment_expression,196
julia,sym_where_expression,197
julia,sym_macro_identifier,198
julia,sym__scoped_identifier,199
julia,sym_identifier,200
julia,sym_boolean_literal,201
julia,sym_integer_literal,202
julia,sym_float_literal,203
julia,sym__string,204
julia,sym__delimiter_str_1,205
julia,sym__delimiter_str_3,206
julia,sym__delimiter_cmd_1,207
julia,sym__delimiter_cmd_3,208
julia,sym_string_literal,209
julia,sym_command_literal,210
julia,sym_prefixed_string_literal,211
julia,sym_prefixed_command_literal,212
julia,sym_string_interpolation,213
julia,sym_operator,214
julia,sym__assignment_operator,215
julia,sym__syntactic_operator,216
julia,sym__semicolon,217
julia,sym_block_comment,218
julia,sym_line_comment,219
julia,aux_sym_source_file_repeat1,220
julia,aux_sym_open_tuple_repeat1,221
julia,aux_sym_let_statement_repeat1,222
julia,aux_sym_if_statement_repeat1,223
julia,aux_sym_for_statement_repeat1,224
julia,aux_sym__import_list_repeat1,225
julia,aux_sym_export_statement_repeat1,226
julia,aux_sym_comprehension_expression_repeat1,227
julia,aux_sym_matrix_expression_repeat1,228
julia,aux_sym_matrix_row_repeat1,229
julia,aux_sym_parenthesized_expression_repeat1,230
julia,aux_sym_tuple_expression_repeat1,231
julia,aux_sym_macro_argument_list_repeat1,232
julia,aux_sym__scoped_identifier_repeat1,233
julia,aux_sym_string_literal_repeat1,234
julia,aux_sym_string_literal_repeat2,235
julia,aux_sym_command_literal_repeat1,236
julia,aux_sym_command_literal_repeat2,237
julia,aux_sym_prefixed_string_literal_repeat1,238
julia,aux_sym_prefixed_string_literal_repeat2,239
julia,aux_sym_prefixed_command_literal_repeat1,240
julia,aux_sym_prefixed_command_literal_repeat2,241
julia,aux_sym__semicolon_repeat1,242
julia,alias_sym_argument_list,243
nim,sym_identifier,1
nim,anon_sym_SEMI,2
nim,aux_sym_import_statement_token1,3
nim,aux_sym_export_statement_token1,4
nim,aux_sym_except_clause_token1,5
nim,aux_sym_include_statement_token1,6
nim,aux_sym_discard_statement_token1,7
nim,aux_sym_return_statement_token1,8
nim,aux_sym_raise_statement_token1,9
nim,aux_sym_yield_statement_token1,10
nim,aux_sym_break_statement_token1,11
nim,aux_sym_continue_statement_token1,12
nim,aux_sym_assembly_statement_token1,13
nim,aux_sym_bind_statement_token1,14
nim,aux_sym_mixin_statement_token1,15
nim,aux_sym_import_from_statement_token1,16
nim,aux_sym_while_token1,17
nim,anon_sym_COLON,18
nim,aux_sym_static_statement_token1,19
nim,aux_sym_defer_token1,20
nim,aux_sym_typeof_token1,21
nim,anon_sym_LPAREN,22
nim,aux_sym_proc_declaration_token1,23
nim,aux_sym_func_declaration_token1,24
nim,aux_sym_method_declaration_token1,25
nim,aux_sym_iterator_declaration_token1,26
nim,aux_sym_macro_declaration_token1,27
nim,aux_sym_template_declaration_token1,28
nim,aux_sym_converter_declaration_token1,29
nim,anon_sym_EQ,30
nim,anon_sym_LBRACK,31
nim,anon_sym_LBRACE,32
nim,aux_sym_using_section_token1,33
nim,aux_sym_const_section_token1,34
nim,aux_sym_let_section_token1,35
nim,aux_sym_var_section_token1,36
nim,aux_sym__distinct_declaration_token1,37
nim,aux_sym__ref_declaration_token1,38
nim,aux_sym__pointer_declaration_token1,39
nim,aux_sym_enum_declaration_token1,40
nim,anon_sym_COMMA,41
nim,aux_sym__tuple_declaration_token1,42
nim,aux_sym_object_declaration_token1,43
nim,aux_sym_object_declaration_token2,44
nim,aux_sym_conditional_declaration_token1,45
nim,aux_sym__elif_declaration_branch_token1,46
nim,aux_sym_variant_declaration_token1,47
nim,aux_sym__else_declaration_branch_token1,48
nim,aux_sym_concept_declaration_token1,49
nim,aux_sym_for_token1,50
nim,aux_sym__for_body_token1,51
nim,aux_sym_block_token1,52
nim,aux_sym_if_token1,53
nim,aux_sym_try_token1,54
nim,aux_sym_finally_branch_token1,55
nim,aux_sym_do_block_token1,56
nim,anon_sym_DASH_GT,57
nim,anon_sym_LPAREN2,58
nim,anon_sym_DOT,59
nim,anon_sym_LBRACK_COLON,60
nim,aux_sym_out_type_token1,61
nim,anon_sym_LBRACK2,62
nim,aux_sym__infix_operator_0_token1,63
nim,aux_sym__infix_operator_1_token1,64
nim,aux_sym__infix_operator_10r_token1,65
nim,aux_sym__infix_operator_10l_token1,66
nim,aux_sym__infix_operator_9_token1,67
nim,aux_sym__infix_operator_9_token2,68
nim,aux_sym__infix_operator_9_token3,69
nim,aux_sym__infix_operator_9_token4,70
nim,aux_sym__infix_operator_9_token5,71
nim,aux_sym__infix_operator_9_token6,72
nim,aux_sym__infix_operator_8_token1,73
nim,aux_sym__infix_operator_7_token1,74
nim,aux_sym__infix_operator_6_token1,75
nim,aux_sym__infix_operator_5_token1,76
nim,aux_sym__infix_operator_5_token2,77
nim,aux_sym__infix_operator_5_token3,78
nim,aux_sym__infix_operator_5_token4,79
nim,aux_sym__infix_operator_5_token5,80
nim,aux_sym__infix_operator_5_token6,81
nim,aux_sym__infix_operator_4_token1,82
nim,aux_sym__infix_operator_3_token1,83
nim,aux_sym__infix_operator_3_token2,84
nim,aux_sym__infix_operator_2_token1,85
nim,aux_sym__prefix_expression_command_start_token1,86
nim,sym__sigil_operator,87
nim,sym__prefix_operator,88
nim,aux_sym_cast_token1,89
nim,anon_sym_LBRACE2,90
nim,anon_sym_DQUOTE_DQUOTE_DQUOTE,91
nim,anon_sym_DQUOTE,92
nim,anon_sym_LBRACE_DOT,93
nim,anon_sym_STAR,94
nim,aux_sym_nil_literal_token1,95
nim,sym_integer_literal,96
nim,sym_float_literal,97
nim,sym_custom_numeric_literal,98
nim,anon_sym_SQUOTE,99
nim,aux_sym_char_literal_token1,100
nim,anon_sym_SQUOTE2,101
nim,sym__char_escape_sequence,102
nim,anon_sym_DQUOTE2,103
nim,aux_sym__interpreted_string_body_token1,104
nim,sym_escape_sequence,105
nim,anon_sym_r_DQUOTE,106
nim,anon_sym_R_DQUOTE,107
nim,aux_sym__raw_string_body_token1,108
nim,anon_sym_DQUOTE_DQUOTE,109
nim,anon_sym_DQUOTE_DQUOTE_DQUOTE2,110
nim,anon_sym_r_DQUOTE_DQUOTE_DQUOTE,111
nim,anon_sym_R_DQUOTE_DQUOTE_DQUOTE,112
nim,aux_sym__long_string_body_token1,113
nim,anon_sym_BQUOTE,114
nim,sym__accent_quoted_identifier,115
nim,sym_blank_identifier,116
nim,anon_sym_RPAREN,117
nim,anon_sym_RBRACK,118
nim,anon_sym_RBRACE,119
nim,anon_sym_DOT_RBRACE,120
nim,anon_sym_POUND_POUND_LBRACK,121
nim,anon_sym_RBRACK_POUND_POUND,122
nim,anon_sym_POUND_LBRACK,123
nim,anon_sym_RBRACK_POUND,124
nim,anon_sym_POUND_POUND,125
nim,anon_sym_POUND,126
nim,sym__block_comment_content,127
nim,sym__block_documentation_comment_content,128
nim,sym_comment_content,129
nim,sym__long_string_quote,130
nim,sym__layout_start,131
nim,sym__layout_end,132
nim,sym__layout_terminator,133
nim,sym__layout_empty,134
nim,sym__inhibit_layout_end,135
nim,sym__inhibit_keyword_termination,136
nim,sym__synchronize,137
nim,sym__invalid_layout,138
nim,sym__want_export_marker,139
nim,sym__case_of,140
nim,sym_source_file,141
nim,sym_statement_list,142
nim,sym__line_statement_list,143
nim,sym__block_statement_list,144
nim,aux_sym__semi_statement_list,145
nim,sym__statement,146
nim,sym__complex_statement,147
nim,sym__simple_statement,148
nim,sym__simple_statement_no_expression,149
nim,sym__expression_statement,150
nim,sym_import_statement,151
nim,sym_export_statement,152
nim,sym__import_body,153
nim,sym__import_except,154
nim,sym_except_clause,155
nim,sym_include_statement,156
nim,sym_discard_statement,157
nim,sym_return_statement,158
nim,sym_raise_statement,159
nim,sym_yield_statement,160
nim,sym_break_statement,161
nim,sym_continue_statement,162
nim,sym_assembly_statement,163
nim,sym_bind_statement,164
nim,sym_mixin_statement,165
nim,sym_import_from_statement,166
nim,sym_while,167
nim,sym_static_statement,168
nim,sym_pragma_statement,169
nim,sym_defer,170
nim,sym__typeof_expression,171
nim,sym_typeof,172
nim,sym__infix_typeof_expression,173
nim,sym__declaration,174
nim,sym_proc_declaration,175
nim,sym_func_declaration,176
nim,sym_method_declaration,177
nim,sym_iterator_declaration,178
nim,sym_macro_declaration,179
nim,sym_template_declaration,180
nim,sym_converter_declaration,181
nim,sym__routine_declaration,182
nim,sym_generic_parameter_list,183
nim,sym_term_rewriting_pattern,184
nim,sym_using_section,185
nim,sym_const_section,186
nim,sym_let_section,187
nim,sym_var_section,188
nim,sym__variable_declaration_section,189
nim,sym_variable_declaration,190
nim,sym_type_section,191
nim,sym_type_declaration,192
nim,sym_type_symbol_declaration,193
nim,sym__type_definition,194
nim,sym__distinct_declaration,195
nim,sym__ref_declaration,196
nim,sym__pointer_declaration,197
nim,sym_enum_declaration,198
nim,sym_enum_field_declaration,199
nim,sym__tuple_declaration,200
nim,sym_object_declaration,201
nim,sym__object_field_declaration_branch_list,202
nim,sym__object_field_declaration_list,203
nim,sym__object_field_declaration,204
nim,sym_conditional_declaration,205
nim,sym__elif_declaration_branch,206
nim,sym_variant_declaration,207
nim,sym__variant_declaration_body,208
nim,sym_variant_discriminator_declaration,209
nim,sym__of_declaration_branch,210
nim,sym__else_declaration_branch,211
nim,sym_concept_declaration,212
nim,sym_refinement_list,213
nim,sym__concept_parameter_list,214
nim,sym__concept_parameter,215
nim,sym__concept_pointer_parameter,216
nim,sym__concept_ref_parameter,217
nim,sym__concept_static_parameter,218
nim,sym__concept_type_parameter,219
nim,sym__concept_var_parameter,220
nim,sym__expression_with_post_block,221
nim,sym__expression_with_call_do,222
nim,sym__expression,223
nim,sym__simple_expression,224
nim,sym__simple_expression_command_start,225
nim,sym__basic_expression,226
nim,sym_for,227
nim,sym__for_body,228
nim,sym_block,229
nim,sym_if,230
nim,sym_when,231
nim,sym__if_body,232
nim,sym__if_branch,233
nim,aux_sym__if_alternatives,234
nim,sym_case,235
nim,sym_try,236
nim,sym__try_branch,237
nim,sym_of_branch,238
nim,sym_elif_branch,239
nim,sym_else_branch,240
nim,sym_except_branch,241
nim,sym_finally_branch,242
nim,sym_do_block,243
nim,sym__call_extended,244
nim,sym__command_statement,245
nim,sym__command_statement_argument_list,246
nim,sym__command_block,247
nim,sym__command_block_argument_list,248
nim,sym__dot_generic_call_block,249
nim,sym__call_block,250
nim,sym__call_block_argument_list,251
nim,sym__dot_generic_call_do,252
nim,sym__call_do,253
nim,sym__call_do_argument_list,254
nim,sym__call_expression,255
nim,sym__call_argument_list,256
nim,sym__command_complex_expression,257
nim,sym__command_complex_expression_argument_list,258
nim,sym__command_expression,259
nim,sym__command_expression_argument_list,260
nim,sym_dot_generic_call,261
nim,sym__dot_generic_head,262
nim,sym__dot_generic_argument_list,263
nim,sym__post_expression_block,264
nim,sym__post_expression_do_block,265
nim,aux_sym__post_expression_block_tail,266
nim,sym_proc_expression,267
nim,sym_func_expression,268
nim,sym_iterator_expression,269
nim,sym_type_expression,270
nim,sym_object_type,271
nim,sym_enum_type,272
nim,sym_tuple_type,273
nim,sym_var_type,274
nim,sym_out_type,275
nim,sym_distinct_type,276
nim,sym_ref_type,277
nim,sym_pointer_type,278
nim,sym__tuple_field_declaration_list,279
nim,sym__proc_type,280
nim,sym__iterator_type,281
nim,sym__func_type,282
nim,sym__infix_extended,283
nim,sym__infix_expression,284
nim,sym__infix_operator_0,285
nim,sym__infix_operator_1,286
nim,sym__infix_operator_10r,287
nim,sym__infix_operator_10l,288
nim,sym__infix_operator_9,289
nim,sym__infix_operator_8,290
nim,sym__infix_operator_7,291
nim,sym__infix_operator_6,292
nim,sym__infix_operator_5,293
nim,sym__infix_operator_4,294
nim,sym__infix_operator_3,295
nim,sym__infix_operator_2,296
nim,sym__prefix_extended,297
nim,sym__prefix_expression,298
nim,sym__prefix_expression_word,299
nim,sym__prefix_expression_command_start,300
nim,sym__sigil_expression,301
nim,sym_cast,302
nim,sym_parenthesized,303
nim,sym_dot_expression,304
nim,sym_bracket_expression,305
nim,sym_curly_expression,306
nim,sym_pragma_expression,307
nim,sym_array_construction,308
nim,sym_curly_construction,309
nim,sym_tuple_construction,310
nim,sym_generalized_string,311
nim,sym__generalized_string_literal,312
nim,sym_pragma_list,313
nim,sym_expression_list,314
nim,sym__equal_expression_list,315
nim,sym__colon_equal_expression_list,316
nim,sym_colon_expression,317
nim,sym_equal_expression,318
nim,sym_assignment,319
nim,sym__left_hand_side,320
nim,sym_parameter_declaration_list,321
nim,sym__parameter_declaration_list,322
nim,sym__field_declaration_list,323
nim,sym__identifier_declaration,324
nim,sym_symbol_declaration_list,325
nim,sym_tuple_deconstruct_declaration,326
nim,sym_symbol_declaration,327
nim,sym_exported_symbol,328
nim,sym__literal,329
nim,sym_nil_literal,330
nim,sym_char_literal,331
nim,sym__string_literal,332
nim,sym_interpreted_string_literal,333
nim,aux_sym__interpreted_string_body,334
nim,sym_raw_string_literal,335
nim,aux_sym__raw_string_body,336
nim,sym__raw_string_escape,337
nim,sym_long_string_literal,338
nim,aux_sym__long_string_body,339
nim,sym__symbol,340
nim,sym_accent_quoted,341
nim,sym__paren_close,342
nim,sym__bracket_close,343
nim,sym__curly_close,344
nim,sym__dot_curly_close,345
nim,sym_block_documentation_comment,346
nim,sym_block_comment,347
nim,sym_documentation_comment,348
nim,sym_comment,349
nim,aux_sym__line_statement_list_repeat1,350
nim,aux_sym__variable_declaration_section_repeat1,351
nim,aux_sym_type_section_repeat1,352
nim,aux_sym_enum_declaration_repeat1,353
nim,aux_sym_enum_declaration_repeat2,354
nim,aux_sym__tuple_declaration_repeat1,355
nim,aux_sym__object_field_declaration_list_repeat1,356
nim,aux_sym_conditional_declaration_repeat1,357
nim,aux_sym__variant_declaration_body_repeat1,358
nim,aux_sym_refinement_list_repeat1,359
nim,aux_sym__concept_parameter_list_repeat1,360
nim,aux_sym_case_repeat1,361
nim,aux_sym_try_repeat1,362
nim,aux_sym__dot_generic_argument_list_repeat1,363
nim,aux_sym_parenthesized_repeat1,364
nim,aux_sym_expression_list_repeat1,365
nim,aux_sym__equal_expression_list_repeat1,366
nim,aux_sym__colon_equal_expression_list_repeat1,367
nim,aux_sym__parameter_declaration_list_repeat1,368
nim,aux_sym__field_declaration_list_repeat1,369
nim,aux_sym_symbol_declaration_list_repeat1,370
nim,aux_sym_accent_quoted_repeat1,371
nim,alias_sym_field_declaration,372
nim,alias_sym_iterator_type,373
nim,alias_sym_parameter_declaration,374
nim,alias_sym_proc_type,375
nim,alias_sym_string_content,376
csharp,sym__identifier_token,1
csharp,anon_sym_extern,2
csharp,anon_sym_alias,3
csharp,anon_sym_SEMI,4
csharp,anon_sym_global,5
csharp,anon_sym_using,6
csharp,anon_sym_unsafe,7
csharp,anon_sym_EQ,8
csharp,anon_sym_static,9
csharp,anon_sym_LBRACK,10
csharp,anon_sym_assembly,11
csharp,anon_sym_module,12
csharp,anon_sym_COLON,13
csharp,anon_sym_COMMA,14
csharp,anon_sym_RBRACK,15
csharp,anon_sym_LPAREN,16
csharp,anon_sym_RPAREN,17
csharp,anon_sym_field,18
csharp,anon_sym_event,19
csharp,anon_sym_method,20
csharp,anon_sym_param,21
csharp,anon_sym_property,22
csharp,anon_sym_return,23
csharp,anon_sym_type,24
csharp,anon_sym_typevar,25
csharp,anon_sym_namespace,26
csharp,anon_sym_class,27
csharp,anon_sym_ref,28
csharp,anon_sym_struct,29
csharp,anon_sym_enum,30
csharp,anon_sym_LBRACE,31
csharp,anon_sym_RBRACE,32
csharp,anon_sym_interface,33
csharp,anon_sym_delegate,34
csharp,anon_sym_record,35
csharp,anon_sym_abstract,36
csharp,anon_sym_async,37
csharp,anon_sym_const,38
csharp,anon_sym_file,39
csharp,anon_sym_fixed,40
csharp,anon_sym_internal,41
csharp,anon_sym_new,42
csharp,anon_sym_override,43
csharp,anon_sym_partial,44
csharp,anon_sym_private,45
csharp,anon_sym_protected,46
csharp,anon_sym_public,47
csharp,anon_sym_readonly,48
csharp,anon_sym_required,49
csharp,anon_sym_sealed,50
csharp,anon_sym_virtual,51
csharp,anon_sym_volatile,52
csharp,anon_sym_LT,53
csharp,anon_sym_GT,54
csharp,anon_sym_in,55
csharp,anon_sym_out,56
csharp,anon_sym_where,57
csharp,anon_sym_QMARK,58
csharp,anon_sym_notnull,59
csharp,anon_sym_unmanaged,60
csharp,anon_sym_operator,61
csharp,anon_sym_checked,62
csharp,anon_sym_BANG,63
csharp,anon_sym_TILDE,64
csharp,anon_sym_PLUS_PLUS,65
csharp,anon_sym_DASH_DASH,66
csharp,anon_sym_true,67
csharp,anon_sym_false,68
csharp,anon_sym_PLUS,69
csharp,anon_sym_DASH,70
csharp,anon_sym_STAR,71
csharp,anon_sym_SLASH,72
csharp,anon_sym_PERCENT,73
csharp,anon_sym_CARET,74
csharp,anon_sym_PIPE,75
csharp,anon_sym_AMP,76
csharp,anon_sym_LT_LT,77
csharp,anon_sym_GT_GT,78
csharp,anon_sym_GT_GT_GT,79
csharp,anon_sym_EQ_EQ,80
csharp,anon_sym_BANG_EQ,81
csharp,anon_sym_GT_EQ,82
csharp,anon_sym_LT_EQ,83
csharp,anon_sym_PLUS_EQ,84
csharp,anon_sym_DASH_EQ,85
csharp,anon_sym_STAR_EQ,86
csharp,anon_sym_SLASH_EQ,87
csharp,anon_sym_PERCENT_EQ,88
csharp,anon_sym_CARET_EQ,89
csharp,anon_sym_PIPE_EQ,90
csharp,anon_sym_AMP_EQ,91
csharp,anon_sym_LT_LT_EQ,92
csharp,anon_sym_GT_GT_EQ,93
csharp,anon_sym_GT_GT_GT_EQ,94
csharp,anon_sym_implicit,95
csharp,anon_sym_explicit,96
csharp,anon_sym_extension,97
csharp,anon_sym_get,98
csharp,anon_sym_set,99
csharp,anon_sym_add,100
csharp,anon_sym_remove,101
csharp,anon_sym_init,102
csharp,anon_sym_this,103
csharp,anon_sym_DOT,104
csharp,anon_sym_scoped,105
csharp,anon_sym_params,106
csharp,anon_sym_base,107
csharp,anon_sym_EQ_GT,108
csharp,anon_sym_COLON_COLON,109
csharp,anon_sym_var,110
csharp,anon_sym_managed,111
csharp,anon_sym_Cdecl,112
csharp,anon_sym_Stdcall,113
csharp,anon_sym_Thiscall,114
csharp,anon_sym_Fastcall,115
csharp,sym_predefined_type,116
csharp,anon_sym_break,117
csharp,anon_sym_unchecked,118
csharp,anon_sym_continue,119
csharp,anon_sym_do,120
csharp,anon_sym_while,121
csharp,anon_sym_for,122
csharp,anon_sym_lock,123
csharp,anon_sym_yield,124
csharp,anon_sym_switch,125
csharp,anon_sym_case,126
csharp,anon_sym_default,127
csharp,anon_sym_throw,128
csharp,anon_sym_try,129
csharp,anon_sym_catch,130
csharp,anon_sym_when,131
csharp,anon_sym_finally,132
csharp,anon_sym_await,133
csharp,anon_sym_foreach,134
csharp,anon_sym_goto,135
csharp,anon_sym_if,136
csharp,anon_sym_else,137
csharp,sym_discard,138
csharp,anon_sym_DOT_DOT,139
csharp,anon_sym_not,140
csharp,anon_sym_and,141
csharp,anon_sym_or,142
csharp,anon_sym_QMARK_QMARK_EQ,143
csharp,anon_sym_AMP_AMP,144
csharp,anon_sym_PIPE_PIPE,145
csharp,anon_sym_QMARK_QMARK,146
csharp,anon_sym_from,147
csharp,anon_sym_into,148
csharp,anon_sym_join,149
csharp,anon_sym_on,150
csharp,anon_sym_equals,151
csharp,anon_sym_let,152
csharp,anon_sym_orderby,153
csharp,anon_sym_ascending,154
csharp,anon_sym_descending,155
csharp,anon_sym_group,156
csharp,anon_sym_by,157
csharp,anon_sym_select,158
csharp,anon_sym_as,159
csharp,anon_sym_is,160
csharp,aux_sym_interpolation_format_clause_token1,161
csharp,anon_sym_DASH_GT,162
csharp,anon_sym_stackalloc,163
csharp,anon_sym_with,164
csharp,anon_sym_sizeof,165
csharp,anon_sym_typeof,166
csharp,anon_sym___makeref,167
csharp,anon_sym___reftype,168
csharp,anon_sym___refvalue,169
csharp,sym_null_literal,170
csharp,anon_sym_SQUOTE,171
csharp,sym_character_literal_content,172
csharp,sym_integer_literal,173
csharp,sym_real_literal,174
csharp,anon_sym_DQUOTE,175
csharp,sym_string_literal_content,176
csharp,sym_escape_sequence,177
csharp,sym_string_literal_encoding,178
csharp,sym_verbatim_string_literal,179
csharp,aux_sym_raw_string_literal_token1,180
csharp,aux_sym_preproc_if_token1,181
csharp,aux_sym_preproc_if_token2,182
csharp,aux_sym_preproc_if_token3,183
csharp,aux_sym_preproc_else_token1,184
csharp,aux_sym_preproc_elif_token1,185
csharp,sym_preproc_arg,186
csharp,aux_sym_preproc_region_token1,187
csharp,aux_sym_preproc_endregion_token1,188
csharp,aux_sym_preproc_line_token1,189
csharp,anon_sym_hidden,190
csharp,aux_sym_preproc_pragma_token1,191
csharp,anon_sym_warning,192
csharp,anon_sym_disable,193
csharp,anon_sym_restore,194
csharp,anon_sym_checksum,195
csharp,aux_sym_preproc_nullable_token1,196
csharp,anon_sym_enable,197
csharp,anon_sym_annotations,198
csharp,anon_sym_warnings,199
csharp,aux_sym_preproc_error_token1,200
csharp,aux_sym_preproc_warning_token1,201
csharp,aux_sym_preproc_define_token1,202
csharp,aux_sym_preproc_undef_token1,203
csharp,sym_shebang_directive,204
csharp,sym_comment,205
csharp,sym__optional_semi,206
csharp,sym_interpolation_regular_start,207
csharp,sym_interpolation_verbatim_start,208
csharp,sym_interpolation_raw_start,209
csharp,sym_interpolation_start_quote,210
csharp,sym_interpolation_end_quote,211
csharp,sym_interpolation_open_brace,212
csharp,sym_interpolation_close_brace,213
csharp,sym_interpolation_string_content,214
csharp,sym_raw_string_start,215
csharp,sym_raw_string_end,216
csharp,sym_raw_string_content,217
csharp,sym__lambda_paren_open,218
csharp,sym_compilation_unit,219
csharp,sym__top_level_item,220
csharp,sym_global_statement,221
csharp,sym_extern_alias_directive,222
csharp,sym_using_directive,223
csharp,sym_global_attribute,224
csharp,sym_attribute,225
csharp,sym_attribute_argument_list,226
csharp,sym_attribute_argument,227
csharp,sym_attribute_list,228
csharp,sym__attribute_list,229
csharp,sym_attribute_target_specifier,230
csharp,sym_namespace_declaration,231
csharp,sym_file_scoped_namespace_declaration,232
csharp,sym_type_declaration,233
csharp,sym_class_declaration,234
csharp,sym__class_declaration_initializer,235
csharp,sym_struct_declaration,236
csharp,sym__struct_declaration_initializer,237
csharp,sym_enum_declaration,238
csharp,sym__enum_declaration_initializer,239
csharp,sym_enum_member_declaration_list,240
csharp,sym_enum_member_declaration,241
csharp,sym_interface_declaration,242
csharp,sym__interface_declaration_initializer,243
csharp,sym_delegate_declaration,244
csharp,sym__delegate_declaration_initializer,245
csharp,sym_record_declaration,246
csharp,sym__record_declaration_initializer,247
csharp,sym_record_base,248
csharp,sym__declaration_list_body,249
csharp,sym_primary_constructor_base_type,250
csharp,sym_modifier,251
csharp,sym_type_parameter_list,252
csharp,sym_type_parameter,253
csharp,sym_base_list,254
csharp,sym_type_parameter_constraints_clause,255
csharp,sym_type_parameter_constraint,256
csharp,sym_constructor_constraint,257
csharp,sym_operator_declaration,258
csharp,sym_conversion_operator_declaration,259
csharp,sym_declaration_list,260
csharp,sym_declaration,261
csharp,sym_extension_declaration,262
csharp,sym_receiver_parameter,263
csharp,sym_extension_body,264
csharp,sym__extension_member_declaration,265
csharp,sym_field_declaration,266
csharp,sym_constructor_declaration,267
csharp,sym__constructor_declaration_initializer,268
csharp,sym_destructor_declaration,269
csharp,sym_method_declaration,270
csharp,sym_event_declaration,271
csharp,sym_event_field_declaration,272
csharp,sym_accessor_list,273
csharp,sym_accessor_declaration,274
csharp,sym_indexer_declaration,275
csharp,sym_bracketed_parameter_list,276
csharp,sym_property_declaration,277
csharp,sym_explicit_interface_specifier,278
csharp,sym_parameter_list,279
csharp,sym_parameter,280
csharp,sym__parameter_array,281
csharp,sym_constructor_initializer,282
csharp,sym_argument_list,283
csharp,sym_tuple_pattern,284
csharp,sym_argument,285
csharp,sym_block,286
csharp,sym_arrow_expression_clause,287
csharp,sym__function_body,288
csharp,sym_variable_declaration,289
csharp,sym_using_variable_declaration,290
csharp,sym_variable_declarator,291
csharp,sym_using_variable_declarator,292
csharp,sym_bracketed_argument_list,293
csharp,sym__name,294
csharp,sym_alias_qualified_name,295
csharp,sym__simple_name,296
csharp,sym_qualified_name,297
csharp,sym_generic_name,298
csharp,sym_type_argument_list,299
csharp,sym_type,300
csharp,sym_implicit_type,301
csharp,sym_array_type,302
csharp,sym__array_base_type,303
csharp,sym_array_rank_specifier,304
csharp,sym_nullable_type,305
csharp,sym_pointer_type,306
csharp,sym__pointer_base_type,307
csharp,sym_function_pointer_type,308
csharp,sym_calling_convention,309
csharp,sym_function_pointer_parameter,310
csharp,sym_ref_type,311
csharp,sym__ref_base_type,312
csharp,sym_scoped_type,313
csharp,sym__scoped_base_type,314
csharp,sym_tuple_type,315
csharp,sym_tuple_element,316
csharp,sym_statement,317
csharp,sym_break_statement,318
csharp,sym_checked_statement,319
csharp,sym_continue_statement,320
csharp,sym_do_statement,321
csharp,sym_empty_statement,322
csharp,sym_expression_statement,323
csharp,sym_fixed_statement,324
csharp,sym_for_statement,325
csharp,sym__for_statement_conditions,326
csharp,sym_return_statement,327
csharp,sym_lock_statement,328
csharp,sym_yield_statement,329
csharp,sym_switch_statement,330
csharp,sym_switch_body,331
csharp,sym_switch_section,332
csharp,sym_throw_statement,333
csharp,sym_try_statement,334
csharp,sym_catch_clause,335
csharp,sym_catch_declaration,336
csharp,sym_catch_filter_clause,337
csharp,sym_finally_clause,338
csharp,sym_unsafe_statement,339
csharp,sym_using_statement,340
csharp,sym_foreach_statement,341
csharp,sym__foreach_statement_initializer,342
csharp,sym_goto_statement,343
csharp,sym_labeled_statement,344
csharp,sym_if_statement,345
csharp,sym_while_statement,346
csharp,sym_local_declaration_statement,347
csharp,sym_local_function_statement,348
csharp,sym__local_function_declaration,349
csharp,sym_pattern,350
csharp,sym__parenthesized_pattern_with_designation,351
csharp,sym_constant_pattern,352
csharp,sym__name_invocation_pattern,353
csharp,sym__complex_invocation_expression,354
csharp,sym_parenthesized_pattern,355
csharp,sym_var_pattern,356
csharp,sym_type_pattern,357
csharp,sym_list_pattern,358
csharp,sym_slice_pattern,359
csharp,sym_recursive_pattern,360
csharp,sym_positional_pattern_clause,361
csharp,sym_property_pattern_clause,362
csharp,sym_subpattern,363
csharp,sym_relational_pattern,364
csharp,sym_negated_pattern,365
csharp,sym_and_pattern,366
csharp,sym_or_pattern,367
csharp,sym_declaration_pattern,368
csharp,sym__variable_designation,369
csharp,sym_parenthesized_variable_designation,370
csharp,sym_expression,371
csharp,sym_non_lvalue_expression,372
csharp,sym_lvalue_expression,373
csharp,sym__expression_statement_expression,374
csharp,sym_assignment_expression,375
csharp,sym_binary_expression,376
csharp,sym_postfix_unary_expression,377
csharp,sym_prefix_unary_expression,378
csharp,sym__pointer_indirection_expression,379
csharp,sym__address_of_expression,380
csharp,sym_query_expression,381
csharp,sym_from_clause,382
csharp,sym__query_body,383
csharp,sym__query_clause,384
csharp,sym_join_clause,385
csharp,sym__join_header,386
csharp,sym__join_body,387
csharp,sym_join_into_clause,388
csharp,sym_let_clause,389
csharp,sym_order_by_clause,390
csharp,sym__ordering,391
csharp,sym_where_clause,392
csharp,sym__select_or_group_clause,393
csharp,sym_group_clause,394
csharp,sym_select_clause,395
csharp,sym_conditional_expression,396
csharp,sym_conditional_access_expression,397
csharp,sym_as_expression,398
csharp,sym_is_expression,399
csharp,sym_is_pattern_expression,400
csharp,sym_cast_expression,401
csharp,sym_checked_expression,402
csharp,sym_invocation_expression,403
csharp,sym_switch_expression,404
csharp,sym__switch_expression_body,405
csharp,sym_switch_expression_arm,406
csharp,sym_when_clause,407
csharp,sym_await_expression,408
csharp,sym_throw_expression,409
csharp,sym_element_access_expression,410
csharp,sym_interpolated_string_expression,411
csharp,sym__interpolated_string_content,412
csharp,sym__interpolated_verbatim_string_content,413
csharp,sym__interpolated_raw_string_content,414
csharp,sym_interpolation,415
csharp,sym_interpolation_alignment_clause,416
csharp,sym_interpolation_format_clause,417
csharp,sym_member_access_expression,418
csharp,sym_member_binding_expression,419
csharp,sym_object_creation_expression,420
csharp,sym_parenthesized_expression,421
csharp,sym__parenthesized_lvalue_expression,422
csharp,sym_lambda_expression,423
csharp,sym__lambda_expression_init,424
csharp,sym__lambda_parameters,425
csharp,sym__implicit_parameter_list_with_modifiers,426
csharp,sym_array_creation_expression,427
csharp,sym_anonymous_method_expression,428
csharp,sym_anonymous_object_creation_expression,429
csharp,sym__anonymous_object_member_declarator,430
csharp,sym_implicit_array_creation_expression,431
csharp,sym_implicit_object_creation_expression,432
csharp,sym_implicit_stackalloc_expression,433
csharp,sym_collection_expression,434
csharp,sym_collection_element,435
csharp,sym_expression_element,436
csharp,sym_spread_element,437
csharp,sym_initializer_expression,438
csharp,sym_declaration_expression,439
csharp,sym_default_expression,440
csharp,sym_with_expression,441
csharp,sym__with_body,442
csharp,sym_with_initializer,443
csharp,sym_sizeof_expression,444
csharp,sym_typeof_expression,445
csharp,sym_makeref_expression,446
csharp,sym_ref_expression,447
csharp,sym_reftype_expression,448
csharp,sym_refvalue_expression,449
csharp,sym_stackalloc_expression,450
csharp,sym_range_expression,451
csharp,sym_tuple_expression,452
csharp,sym_literal,453
csharp,sym_character_literal,454
csharp,sym_string_literal,455
csharp,sym_raw_string_literal,456
csharp,sym_boolean_literal,457
csharp,sym_identifier,458
csharp,sym__reserved_identifier,459
csharp,sym_preproc_if,460
csharp,sym_preproc_else,461
csharp,sym_preproc_elif,462
csharp,sym_preproc_if_in_top_level,463
csharp,sym_preproc_else_in_top_level,464
csharp,sym_preproc_elif_in_top_level,465
csharp,sym_preproc_if_in_expression,466
csharp,sym_preproc_else_in_expression,467
csharp,sym_preproc_elif_in_expression,468
csharp,sym_preproc_if_in_enum_member_declaration,469
csharp,sym_preproc_else_in_enum_member_declaration,470
csharp,sym_preproc_elif_in_enum_member_declaration,471
csharp,sym_preproc_if_in_attribute_list,472
csharp,sym_preproc_else_in_attribute_list,473
csharp,sym_preproc_elif_in_attribute_list,474
csharp,sym__preproc_expression,475
csharp,sym_preproc_parenthesized_expression,476
csharp,sym_preproc_unary_expression,477
csharp,sym_preproc_binary_expression,478
csharp,sym_preproc_region,479
csharp,sym_preproc_endregion,480
csharp,sym_preproc_line,481
csharp,sym_preproc_pragma,482
csharp,sym_preproc_nullable,483
csharp,sym_preproc_error,484
csharp,sym_preproc_warning,485
csharp,sym_preproc_define,486
csharp,sym_preproc_undef,487
csharp,aux_sym_compilation_unit_repeat1,488
csharp,aux_sym_using_directive_repeat1,489
csharp,aux_sym_global_attribute_repeat1,490
csharp,aux_sym_attribute_argument_list_repeat1,491
csharp,aux_sym__class_declaration_initializer_repeat1,492
csharp,aux_sym__class_declaration_initializer_repeat2,493
csharp,aux_sym__class_declaration_initializer_repeat3,494
csharp,aux_sym__class_declaration_initializer_repeat4,495
csharp,aux_sym_enum_member_declaration_list_repeat1,496
csharp,aux_sym__record_declaration_initializer_repeat1,497
csharp,aux_sym_record_base_repeat1,498
csharp,aux_sym_type_parameter_list_repeat1,499
csharp,aux_sym_base_list_repeat1,500
csharp,aux_sym_type_parameter_constraints_clause_repeat1,501
csharp,aux_sym_conversion_operator_declaration_repeat1,502
csharp,aux_sym_declaration_list_repeat1,503
csharp,aux_sym_extension_body_repeat1,504
csharp,aux_sym_accessor_list_repeat1,505
csharp,aux_sym_bracketed_parameter_list_repeat1,506
csharp,aux_sym__parameter_type_with_modifiers_repeat1,507
csharp,aux_sym_argument_list_repeat1,508
csharp,aux_sym_tuple_pattern_repeat1,509
csharp,aux_sym_block_repeat1,510
csharp,aux_sym_variable_declaration_repeat1,511
csharp,aux_sym_using_variable_declaration_repeat1,512
csharp,aux_sym_type_argument_list_repeat1,513
csharp,aux_sym_type_argument_list_repeat2,514
csharp,aux_sym_array_rank_specifier_repeat1,515
csharp,aux_sym_function_pointer_type_repeat1,516
csharp,aux_sym_calling_convention_repeat1,517
csharp,aux_sym_tuple_type_repeat1,518
csharp,aux_sym__for_statement_conditions_repeat1,519
csharp,aux_sym_switch_body_repeat1,520
csharp,aux_sym_try_statement_repeat1,521
csharp,aux_sym_catch_clause_repeat1,522
csharp,aux_sym_list_pattern_repeat1,523
csharp,aux_sym_positional_pattern_clause_repeat1,524
csharp,aux_sym_parenthesized_variable_designation_repeat1,525
csharp,aux_sym__query_body_repeat1,526
csharp,aux_sym__query_body_repeat2,527
csharp,aux_sym_order_by_clause_repeat1,528
csharp,aux_sym__switch_expression_body_repeat1,529
csharp,aux_sym_interpolated_string_expression_repeat1,530
csharp,aux_sym_interpolated_string_expression_repeat2,531
csharp,aux_sym_interpolated_string_expression_repeat3,532
csharp,aux_sym__lambda_expression_init_repeat1,533
csharp,aux_sym__implicit_parameter_list_with_modifiers_repeat1,534
csharp,aux_sym__implicit_parameter_list_with_modifiers_repeat2,535
csharp,aux_sym_anonymous_object_creation_expression_repeat1,536
csharp,aux_sym_collection_expression_repeat1,537
csharp,aux_sym__with_body_repeat1,538
csharp,aux_sym_string_literal_repeat1,539
csharp,aux_sym_preproc_if_in_top_level_repeat1,540
csharp,aux_sym_preproc_pragma_repeat1,541
csharp,alias_sym_element_binding_expression,542
csharp,alias_sym_implicit_parameter,543
csharp,alias_sym_interpolation_quote,544
java,sym_identifier,1
java,sym_decimal_integer_literal,2
java,sym_hex_integer_literal,3
java,sym_octal_integer_literal,4
java,sym_binary_integer_literal,5
java,sym_decimal_floating_point_literal,6
java,sym_hex_floating_point_literal,7
java,sym_true,8
java,sym_false,9
java,sym_character_literal,10
java,anon_sym_DQUOTE,11
java,anon_sym_DQUOTE_DQUOTE_DQUOTE,12
java,sym_string_fragment,13
java,aux_sym__multiline_string_fragment_token1,14
java,aux_sym__multiline_string_fragment_token2,15
java,anon_sym_BSLASH_LBRACE,16
java,anon_sym_RBRACE,17
java,aux_sym__escape_sequence_token1,18
java,sym_escape_sequence,19
java,sym_null_literal,20
java,anon_sym_LPAREN,21
java,anon_sym_RPAREN,22
java,anon_sym_AMP,23
java,anon_sym_EQ,24
java,anon_sym_PLUS_EQ,25
java,anon_sym_DASH_EQ,26
java,anon_sym_STAR_EQ,27
java,anon_sym_SLASH_EQ,28
java,anon_sym_AMP_EQ,29
java,anon_sym_PIPE_EQ,30
java,anon_sym_CARET_EQ,31
java,anon_sym_PERCENT_EQ,32
java,anon_sym_LT_LT_EQ,33
java,anon_sym_GT_GT_EQ,34
java,anon_sym_GT_GT_GT_EQ,35
java,anon_sym_GT,36
java,anon_sym_LT,37
java,anon_sym_GT_EQ,38
java,anon_sym_LT_EQ,39
java,anon_sym_EQ_EQ,40
java,anon_sym_BANG_EQ,41
java,anon_sym_AMP_AMP,42
java,anon_sym_PIPE_PIPE,43
java,anon_sym_PLUS,44
java,anon_sym_DASH,45
java,anon_sym_STAR,46
java,anon_sym_SLASH,47
java,anon_sym_PIPE,48
java,anon_sym_CARET,49
java,anon_sym_PERCENT,50
java,anon_sym_LT_LT,51
java,anon_sym_GT_GT,52
java,anon_sym_GT_GT_GT,53
java,anon_sym_instanceof,54
java,anon_sym_final,55
java,anon_sym_DASH_GT,56
java,anon_sym_COMMA,57
java,anon_sym_QMARK,58
java,anon_sym_COLON,59
java,anon_sym_BANG,60
java,anon_sym_TILDE,61
java,anon_sym_PLUS_PLUS,62
java,anon_sym_DASH_DASH,63
java,anon_sym_new,64
java,anon_sym_LBRACK,65
java,anon_sym_RBRACK,66
java,anon_sym_DOT,67
java,anon_sym_class,68
java,anon_sym_COLON_COLON,69
java,anon_sym_extends,70
java,anon_sym_switch,71
java,anon_sym_LBRACE,72
java,anon_sym_case,73
java,anon_sym_default,74
java,sym_underscore_pattern,75
java,anon_sym_when,76
java,anon_sym_SEMI,77
java,anon_sym_assert,78
java,anon_sym_do,79
java,anon_sym_while,80
java,anon_sym_break,81
java,anon_sym_continue,82
java,anon_sym_return,83
java,anon_sym_yield,84
java,anon_sym_synchronized,85
java,anon_sym_throw,86
java,anon_sym_try,87
java,anon_sym_catch,88
java,anon_sym_finally,89
java,anon_sym_if,90
java,anon_sym_else,91
java,anon_sym_for,92
java,anon_sym_AT,93
java,anon_sym_open,94
java,anon_sym_module,95
java,anon_sym_requires,96
java,anon_sym_transitive,97
java,anon_sym_static,98
java,anon_sym_exports,99
java,anon_sym_to,100
java,anon_sym_opens,101
java,anon_sym_uses,102
java,anon_sym_provides,103
java,anon_sym_with,104
java,anon_sym_package,105
java,anon_sym_import,106
java,anon_sym_enum,107
java,anon_sym_public,108
java,anon_sym_protected,109
java,anon_sym_private,110
java,anon_sym_abstract,111
java,anon_sym_strictfp,112
java,anon_sym_native,113
java,anon_sym_transient,114
java,anon_sym_volatile,115
java,anon_sym_sealed,116
java,anon_sym_non_DASHsealed,117
java,anon_sym_implements,118
java,anon_sym_permits,119
java,anon_sym_record,120
java,anon_sym_ATinterface,121
java,anon_sym_interface,122
java,anon_sym_byte,123
java,anon_sym_short,124
java,anon_sym_int,125
java,anon_sym_long,126
java,anon_sym_char,127
java,anon_sym_float,128
java,anon_sym_double,129
java,sym_boolean_type,130
java,sym_void_type,131
java,anon_sym_DOT_DOT_DOT,132
java,anon_sym_throws,133
java,sym_this,134
java,sym_super,135
java,sym_line_comment,136
java,sym_block_comment,137
java,sym_program,138
java,sym__toplevel_statement,139
java,sym__literal,140
java,sym_string_literal,141
java,sym__string_literal,142
java,sym__multiline_string_literal,143
java,sym__multiline_string_fragment,144
java,sym_string_interpolation,145
java,sym__escape_sequence,146
java,sym_expression,147
java,sym_cast_expression,148
java,sym_assignment_expression,149
java,sym_binary_expression,150
java,sym_instanceof_expression,151
java,sym_lambda_expression,152
java,sym_inferred_parameters,153
java,sym_ternary_expression,154
java,sym_unary_expression,155
java,sym_update_expression,156
java,sym_primary_expression,157
java,sym_array_creation_expression,158
java,sym_dimensions_expr,159
java,sym_parenthesized_expression,160
java,sym_class_literal,161
java,sym_object_creation_expression,162
java,sym__unqualified_object_creation_expression,163
java,sym_field_access,164
java,sym_template_expression,165
java,sym_array_access,166
java,sym_method_invocation,167
java,sym_argument_list,168
java,sym_method_reference,169
java,sym_type_arguments,170
java,sym_wildcard,171
java,sym__wildcard_bounds,172
java,sym_dimensions,173
java,sym_switch_expression,174
java,sym_switch_block,175
java,sym_switch_block_statement_group,176
java,sym_switch_rule,177
java,sym_switch_label,178
java,sym_pattern,179
java,sym_type_pattern,180
java,sym_record_pattern,181
java,sym_record_pattern_body,182
java,sym_record_pattern_component,183
java,sym_guard,184
java,sym_statement,185
java,sym_block,186
java,sym_expression_statement,187
java,sym_labeled_statement,188
java,sym_assert_statement,189
java,sym_do_statement,190
java,sym_break_statement,191
java,sym_continue_statement,192
java,sym_return_statement,193
java,sym_yield_statement,194
java,sym_synchronized_statement,195
java,sym_throw_statement,196
java,sym_try_statement,197
java,sym_catch_clause,198
java,sym_catch_formal_parameter,199
java,sym_catch_type,200
java,sym_finally_clause,201
java,sym_try_with_resources_statement,202
java,sym_resource_specification,203
java,sym_resource,204
java,sym_if_statement,205
java,sym_while_statement,206
java,sym_for_statement,207
java,sym_enhanced_for_statement,208
java,sym__annotation,209
java,sym_marker_annotation,210
java,sym_annotation,211
java,sym_annotation_argument_list,212
java,sym_element_value_pair,213
java,sym__element_value,214
java,sym_element_value_array_initializer,215
java,sym_declaration,216
java,sym_module_declaration,217
java,sym_module_body,218
java,sym_module_directive,219
java,sym_requires_module_directive,220
java,sym_requires_modifier,221
java,sym_exports_module_directive,222
java,sym_opens_module_directive,223
java,sym_uses_module_directive,224
java,sym_provides_module_directive,225
java,sym_package_declaration,226
java,sym_import_declaration,227
java,sym_asterisk,228
java,sym_enum_declaration,229
java,sym_enum_body,230
java,sym_enum_body_declarations,231
java,sym_enum_constant,232
java,sym_class_declaration,233
java,sym_modifiers,234
java,sym_type_parameters,235
java,sym_type_parameter,236
java,sym_type_bound,237
java,sym_superclass,238
java,sym_super_interfaces,239
java,sym_type_list,240
java,sym_permits,241
java,sym_class_body,242
java,sym_static_initializer,243
java,sym_constructor_declaration,244
java,sym__constructor_declarator,245
java,sym_constructor_body,246
java,sym_explicit_constructor_invocation,247
java,sym_scoped_identifier,248
java,sym_field_declaration,249
java,sym_record_declaration,250
java,sym_annotation_type_declaration,251
java,sym_annotation_type_body,252
java,sym_annotation_type_element_declaration,253
java,sym__default_value,254
java,sym_interface_declaration,255
java,sym_extends_interfaces,256
java,sym_interface_body,257
java,sym_constant_declaration,258
java,sym__variable_declarator_list,259
java,sym_variable_declarator,260
java,sym__variable_declarator_id,261
java,sym_array_initializer,262
java,sym__type,263
java,sym__unannotated_type,264
java,sym_annotated_type,265
java,sym_scoped_type_identifier,266
java,sym_generic_type,267
java,sym_array_type,268
java,sym_integral_type,269
java,sym_floating_point_type,270
java,sym__method_header,271
java,sym__method_declarator,272
java,sym_formal_parameters,273
java,sym_formal_parameter,274
java,sym_receiver_parameter,275
java,sym_spread_parameter,276
java,sym_throws,277
java,sym_local_variable_declaration,278
java,sym_method_declaration,279
java,sym_compact_constructor_declaration,280
java,sym__reserved_identifier,281
java,aux_sym_program_repeat1,282
java,aux_sym__string_literal_repeat1,283
java,aux_sym__multiline_string_literal_repeat1,284
java,aux_sym_cast_expression_repeat1,285
java,aux_sym_inferred_parameters_repeat1,286
java,aux_sym_array_creation_expression_repeat1,287
java,aux_sym_array_creation_expression_repeat2,288
java,aux_sym_argument_list_repeat1,289
java,aux_sym_type_arguments_repeat1,290
java,aux_sym_dimensions_repeat1,291
java,aux_sym_switch_block_repeat1,292
java,aux_sym_switch_block_repeat2,293
java,aux_sym_switch_block_statement_group_repeat1,294
java,aux_sym_switch_block_statement_group_repeat2,295
java,aux_sym_record_pattern_body_repeat1,296
java,aux_sym_try_statement_repeat1,297
java,aux_sym_catch_type_repeat1,298
java,aux_sym_resource_specification_repeat1,299
java,aux_sym_for_statement_repeat1,300
java,aux_sym_for_statement_repeat2,301
java,aux_sym_annotation_argument_list_repeat1,302
java,aux_sym_element_value_array_initializer_repeat1,303
java,aux_sym_module_body_repeat1,304
java,aux_sym_requires_module_directive_repeat1,305
java,aux_sym_exports_module_directive_repeat1,306
java,aux_sym_provides_module_directive_repeat1,307
java,aux_sym_enum_body_repeat1,308
java,aux_sym_enum_body_declarations_repeat1,309
java,aux_sym_modifiers_repeat1,310
java,aux_sym_type_parameters_repeat1,311
java,aux_sym_type_bound_repeat1,312
java,aux_sym_type_list_repeat1,313
java,aux_sym_annotation_type_body_repeat1,314
java,aux_sym_interface_body_repeat1,315
java,aux_sym__variable_declarator_list_repeat1,316
java,aux_sym_array_initializer_repeat1,317
java,aux_sym_formal_parameters_repeat1,318
java,aux_sym_receiver_parameter_repeat1,319
java,alias_sym_type_identifier,320
kotlin,sym__alpha_identifier,1
kotlin,anon_sym_POUND_BANG,2
kotlin,aux_sym_shebang_line_token1,3
kotlin,anon_sym_AT,4
kotlin,anon_sym_file,5
kotlin,anon_sym_COLON,6
kotlin,anon_sym_LBRACK,7
kotlin,anon_sym_RBRACK,8
kotlin,anon_sym_package,9
kotlin,anon_sym_import,10
kotlin,sym_wildcard_import,11
kotlin,anon_sym_as,12
kotlin,anon_sym_typealias,13
kotlin,anon_sym_EQ,14
kotlin,anon_sym_class,15
kotlin,anon_sym_fun,16
kotlin,anon_sym_interface,17
kotlin,anon_sym_enum,18
kotlin,anon_sym_LBRACE,19
kotlin,anon_sym_RBRACE,20
kotlin,anon_sym_LPAREN,21
kotlin,anon_sym_COMMA,22
kotlin,anon_sym_RPAREN,23
kotlin,anon_sym_val,24
kotlin,anon_sym_var,25
kotlin,anon_sym_suspend,26
kotlin,anon_sym_by,27
kotlin,anon_sym_LT,28
kotlin,anon_sym_GT,29
kotlin,anon_sym_where,30
kotlin,anon_sym_init,31
kotlin,anon_sym_companion,32
kotlin,anon_sym_object,33
kotlin,anon_sym_DOT,34
kotlin,anon_sym_SEMI,35
kotlin,anon_sym_get,36
kotlin,anon_sym_set,37
kotlin,anon_sym_constructor,38
kotlin,anon_sym_this,39
kotlin,anon_sym_super,40
kotlin,anon_sym_dynamic,41
kotlin,anon_sym_AMP,42
kotlin,sym_quest,43
kotlin,anon_sym_STAR,44
kotlin,anon_sym_DASH_GT,45
kotlin,sym_label,46
kotlin,anon_sym_for,47
kotlin,anon_sym_in,48
kotlin,anon_sym_while,49
kotlin,anon_sym_do,50
kotlin,anon_sym_DOT_DOT,51
kotlin,anon_sym_DOT_DOT_LT,52
kotlin,anon_sym_QMARK_COLON,53
kotlin,anon_sym_BANG,54
kotlin,anon_sym_AMP_AMP,55
kotlin,anon_sym_PIPE_PIPE,56
kotlin,anon_sym_data,57
kotlin,anon_sym_if,58
kotlin,anon_sym_else,59
kotlin,anon_sym_when,60
kotlin,anon_sym_try,61
kotlin,anon_sym_catch,62
kotlin,anon_sym_finally,63
kotlin,anon_sym_throw,64
kotlin,anon_sym_return,65
kotlin,anon_sym_continue,66
kotlin,anon_sym_break,67
kotlin,anon_sym_COLON_COLON,68
kotlin,anon_sym_PLUS_EQ,69
kotlin,anon_sym_DASH_EQ,70
kotlin,anon_sym_STAR_EQ,71
kotlin,anon_sym_SLASH_EQ,72
kotlin,anon_sym_PERCENT_EQ,73
kotlin,anon_sym_BANG_EQ,74
kotlin,anon_sym_BANG_EQ_EQ,75
kotlin,anon_sym_EQ_EQ,76
kotlin,anon_sym_EQ_EQ_EQ,77
kotlin,anon_sym_LT_EQ,78
kotlin,anon_sym_GT_EQ,79
kotlin,anon_sym_is,80
kotlin,anon_sym_PLUS,81
kotlin,anon_sym_DASH,82
kotlin,anon_sym_SLASH,83
kotlin,anon_sym_PERCENT,84
kotlin,anon_sym_as_QMARK,85
kotlin,anon_sym_PLUS_PLUS,86
kotlin,anon_sym_DASH_DASH,87
kotlin,anon_sym_BANG_BANG,88
kotlin,anon_sym_QMARK_DOT,89
kotlin,anon_sym_sealed,90
kotlin,anon_sym_annotation,91
kotlin,anon_sym_inner,92
kotlin,anon_sym_value,93
kotlin,anon_sym_override,94
kotlin,anon_sym_lateinit,95
kotlin,anon_sym_public,96
kotlin,anon_sym_private,97
kotlin,anon_sym_internal,98
kotlin,anon_sym_protected,99
kotlin,anon_sym_out,100
kotlin,anon_sym_tailrec,101
kotlin,anon_sym_operator,102
kotlin,anon_sym_infix,103
kotlin,anon_sym_inline,104
kotlin,anon_sym_external,105
kotlin,anon_sym_const,106
kotlin,anon_sym_abstract,107
kotlin,anon_sym_final,108
kotlin,anon_sym_open,109
kotlin,anon_sym_vararg,110
kotlin,anon_sym_noinline,111
kotlin,anon_sym_crossinline,112
kotlin,anon_sym_reified,113
kotlin,anon_sym_expect,114
kotlin,anon_sym_actual,115
kotlin,anon_sym_field,116
kotlin,anon_sym_property,117
kotlin,anon_sym_receiver,118
kotlin,anon_sym_param,119
kotlin,anon_sym_setparam,120
kotlin,anon_sym_delegate,121
kotlin,sym_line_comment,122
kotlin,anon_sym_return_AT,123
kotlin,anon_sym_continue_AT,124
kotlin,anon_sym_break_AT,125
kotlin,anon_sym_this_AT,126
kotlin,anon_sym_super_AT,127
kotlin,anon_sym_AT2,128
kotlin,sym_real_literal,129
kotlin,sym_integer_literal,130
kotlin,sym_hex_literal,131
kotlin,sym_bin_literal,132
kotlin,aux_sym_unsigned_literal_token1,133
kotlin,anon_sym_L,134
kotlin,anon_sym_true,135
kotlin,anon_sym_false,136
kotlin,anon_sym_SQUOTE,137
kotlin,aux_sym_character_literal_token1,138
kotlin,sym_null_literal,139
kotlin,sym__backtick_identifier,140
kotlin,anon_sym_BSLASHu,141
kotlin,aux_sym__uni_character_literal_token1,142
kotlin,sym__escaped_identifier,143
kotlin,sym__automatic_semicolon,144
kotlin,sym_multiline_comment,145
kotlin,sym__string_start,146
kotlin,sym__string_end,147
kotlin,sym_string_content,148
kotlin,sym__primary_constructor_keyword,149
kotlin,sym__import_dot,150
kotlin,sym__interpolation_expression_start,151
kotlin,sym__interpolation_identifier_start,152
kotlin,sym__by_delegation_hint,153
kotlin,sym_source_file,154
kotlin,sym_shebang_line,155
kotlin,sym_file_annotation,156
kotlin,sym_package_header,157
kotlin,sym_import_list,158
kotlin,sym_import_header,159
kotlin,sym_import_alias,160
kotlin,sym_type_alias,161
kotlin,sym__declaration,162
kotlin,sym_class_declaration,163
kotlin,sym_primary_constructor,164
kotlin,sym_class_body,165
kotlin,sym__class_parameters,166
kotlin,sym_binding_pattern_kind,167
kotlin,sym_class_parameter,168
kotlin,sym__delegation_specifiers,169
kotlin,sym_delegation_specifier,170
kotlin,sym_constructor_invocation,171
kotlin,sym__annotation_constructor_invocation,172
kotlin,sym_explicit_delegation,173
kotlin,sym__expression_no_trailing_lambda,174
kotlin,sym__primary_expression_no_trailing_lambda,175
kotlin,sym_call_expression_no_trailing_lambda,176
kotlin,sym__generic_call_expression_no_trailing_lambda,177
kotlin,sym__call_suffix_no_trailing_lambda,178
kotlin,sym__generic_call_suffix_no_trailing_lambda,179
kotlin,sym_type_parameters,180
kotlin,sym_type_parameter,181
kotlin,sym_type_constraints,182
kotlin,sym_type_constraint,183
kotlin,aux_sym__class_member_declarations,184
kotlin,sym__class_member_declaration,185
kotlin,sym_anonymous_initializer,186
kotlin,sym_companion_object,187
kotlin,sym_function_value_parameters,188
kotlin,sym__function_value_parameter,189
kotlin,sym_receiver_type,190
kotlin,sym_function_declaration,191
kotlin,sym_function_body,192
kotlin,sym_variable_declaration,193
kotlin,sym__name_based_destructuring_entry,194
kotlin,sym__positional_destructuring_entry,195
kotlin,sym_property_declaration,196
kotlin,sym_property_delegate,197
kotlin,sym_destructuring_declaration,198
kotlin,sym_getter,199
kotlin,sym_setter,200
kotlin,sym_parameter_with_optional_type,201
kotlin,sym_parameter,202
kotlin,sym_object_declaration,203
kotlin,sym_secondary_constructor,204
kotlin,sym_constructor_delegation_call,205
kotlin,sym_enum_class_body,206
kotlin,sym__enum_entries,207
kotlin,sym_enum_entry,208
kotlin,sym__type,209
kotlin,sym__type_reference,210
kotlin,sym_not_nullable_type,211
kotlin,sym_nullable_type,212
kotlin,sym_user_type,213
kotlin,sym__simple_user_type,214
kotlin,sym_type_projection,215
kotlin,sym_type_projection_modifiers,216
kotlin,sym__type_projection_modifier,217
kotlin,sym_function_type,218
kotlin,sym_function_type_parameters,219
kotlin,sym_parenthesized_type,220
kotlin,sym_parenthesized_user_type,221
kotlin,sym_statements,222
kotlin,sym__statement,223
kotlin,sym__statement_annotation,224
kotlin,sym_control_structure_body,225
kotlin,sym__block,226
kotlin,sym__loop_statement,227
kotlin,sym_for_statement,228
kotlin,sym_while_statement,229
kotlin,sym_do_while_statement,230
kotlin,sym__semi,231
kotlin,sym_assignment,232
kotlin,sym__expression,233
kotlin,sym__unary_expression,234
kotlin,sym_postfix_expression,235
kotlin,sym_call_expression,236
kotlin,sym__generic_call_expression,237
kotlin,sym_indexing_expression,238
kotlin,sym_navigation_expression,239
kotlin,sym_prefix_expression,240
kotlin,sym_as_expression,241
kotlin,sym_spread_expression,242
kotlin,sym__binary_expression,243
kotlin,sym_multiplicative_expression,244
kotlin,sym_additive_expression,245
kotlin,sym_range_expression,246
kotlin,sym_infix_expression,247
kotlin,sym_elvis_expression,248
kotlin,sym_check_expression,249
kotlin,sym_comparison_expression,250
kotlin,sym_equality_expression,251
kotlin,sym_conjunction_expression,252
kotlin,sym_disjunction_expression,253
kotlin,sym_indexing_suffix,254
kotlin,sym_navigation_suffix,255
kotlin,sym_call_suffix,256
kotlin,sym__generic_call_suffix,257
kotlin,sym_annotated_lambda,258
kotlin,sym_type_arguments,259
kotlin,sym_value_arguments,260
kotlin,sym_value_argument,261
kotlin,sym__primary_expression,262
kotlin,sym_parenthesized_expression,263
kotlin,sym_collection_literal,264
kotlin,sym__literal_constant,265
kotlin,sym_string_literal,266
kotlin,sym__interpolation,267
kotlin,sym_lambda_literal,268
kotlin,sym_multi_variable_declaration,269
kotlin,sym_lambda_parameters,270
kotlin,sym__lambda_parameter,271
kotlin,sym_anonymous_function,272
kotlin,sym__function_literal,273
kotlin,sym_object_literal,274
kotlin,sym_this_expression,275
kotlin,sym_super_expression,276
kotlin,sym_if_expression,277
kotlin,sym_when_subject,278
kotlin,sym_when_expression,279
kotlin,sym_when_entry,280
kotlin,sym_guard_condition,281
kotlin,sym_when_condition,282
kotlin,sym_range_test,283
kotlin,sym_type_test,284
kotlin,sym_try_expression,285
kotlin,sym_catch_block,286
kotlin,sym_finally_block,287
kotlin,sym_jump_expression,288
kotlin,sym_callable_reference,289
kotlin,sym__assignment_and_operator,290
kotlin,sym__equality_operator,291
kotlin,sym__comparison_operator,292
kotlin,sym__in_operator,293
kotlin,sym__is_operator,294
kotlin,sym__additive_operator,295
kotlin,sym__multiplicative_operator,296
kotlin,sym__as_operator,297
kotlin,sym__prefix_unary_operator,298
kotlin,sym__postfix_unary_operator,299
kotlin,sym__member_access_operator,300
kotlin,sym__postfix_unary_suffix,301
kotlin,sym__postfix_unary_expression,302
kotlin,sym_directly_assignable_expression,303
kotlin,sym_modifiers,304
kotlin,sym_parameter_modifiers,305
kotlin,sym__modifier,306
kotlin,sym_type_modifiers,307
kotlin,sym__type_modifier,308
kotlin,sym_class_modifier,309
kotlin,sym_member_modifier,310
kotlin,sym_visibility_modifier,311
kotlin,sym_variance_modifier,312
kotlin,sym_type_parameter_modifiers,313
kotlin,sym__type_parameter_modifier,314
kotlin,sym_function_modifier,315
kotlin,sym_property_modifier,316
kotlin,sym_inheritance_modifier,317
kotlin,sym_parameter_modifier,318
kotlin,sym_reification_modifier,319
kotlin,sym_platform_modifier,320
kotlin,sym_annotation,321
kotlin,sym__single_annotation,322
kotlin,sym__multi_annotation,323
kotlin,sym_use_site_target,324
kotlin,sym__unescaped_annotation,325
kotlin,sym_simple_identifier,326
kotlin,sym_identifier,327
kotlin,sym__import_identifier,328
kotlin,sym__return_at,329
kotlin,sym__continue_at,330
kotlin,sym__break_at,331
kotlin,sym__this_at,332
kotlin,sym__super_at,333
kotlin,sym_unsigned_literal,334
kotlin,sym_long_literal,335
kotlin,sym_boolean_literal,336
kotlin,sym_character_literal,337
kotlin,sym_character_escape_seq,338
kotlin,sym__lexical_identifier,339
kotlin,sym__uni_character_literal,340
kotlin,aux_sym_source_file_repeat1,341
kotlin,aux_sym_source_file_repeat2,342
kotlin,aux_sym_file_annotation_repeat1,343
kotlin,aux_sym_import_list_repeat1,344
kotlin,aux_sym__class_parameters_repeat1,345
kotlin,aux_sym__delegation_specifiers_repeat1,346
kotlin,aux_sym_type_parameters_repeat1,347
kotlin,aux_sym_type_constraints_repeat1,348
kotlin,aux_sym_type_constraint_repeat1,349
kotlin,aux_sym_function_value_parameters_repeat1,350
kotlin,aux_sym__enum_entries_repeat1,351
kotlin,aux_sym_nullable_type_repeat1,352
kotlin,aux_sym_user_type_repeat1,353
kotlin,aux_sym_type_projection_modifiers_repeat1,354
kotlin,aux_sym_function_type_parameters_repeat1,355
kotlin,aux_sym_statements_repeat1,356
kotlin,aux_sym__statement_repeat1,357
kotlin,aux_sym_indexing_suffix_repeat1,358
kotlin,aux_sym_type_arguments_repeat1,359
kotlin,aux_sym_value_arguments_repeat1,360
kotlin,aux_sym_string_literal_repeat1,361
kotlin,aux_sym_multi_variable_declaration_repeat1,362
kotlin,aux_sym_multi_variable_declaration_repeat2,363
kotlin,aux_sym_lambda_parameters_repeat1,364
kotlin,aux_sym_when_expression_repeat1,365
kotlin,aux_sym_when_entry_repeat1,366
kotlin,aux_sym_try_expression_repeat1,367
kotlin,aux_sym__postfix_unary_expression_repeat1,368
kotlin,aux_sym_modifiers_repeat1,369
kotlin,aux_sym_parameter_modifiers_repeat1,370
kotlin,aux_sym_type_modifiers_repeat1,371
kotlin,aux_sym_type_parameter_modifiers_repeat1,372
kotlin,aux_sym_identifier_repeat1,373
kotlin,alias_sym_interpolated_expression,374
kotlin,alias_sym_interpolated_identifier,375
kotlin,alias_sym_interpolation_expression_end,376
kotlin,alias_sym_type_identifier,377
