language,construct_id,construct,evidence_name,parser_symbol,parser_symbol_id,resolved,implementation_class,implementation_role_vector
r,C001,ModuleNamespace,namespace_operator,sym_namespace_operator,108,1,IMPL_b43af1291396,10110000000000000000000000000000
cpp,C001,ModuleNamespace,_namespace_identifier,,,0,IMPL_b43af1291396,10110000000000000000000000000000
cpp,C001,ModuleNamespace,_namespace_specifier,sym__namespace_specifier,452,1,IMPL_b43af1291396,10110000000000000000000000000000
cpp,C001,ModuleNamespace,global_module_fragment_declaration,sym_global_module_fragment_declaration,403,1,IMPL_b43af1291396,10110000000000000000000000000000
cpp,C001,ModuleNamespace,module,,,0,IMPL_b43af1291396,10110000000000000000000000000000
cpp,C001,ModuleNamespace,module_declaration,sym_module_declaration,400,1,IMPL_b43af1291396,10110000000000000000000000000000
cpp,C001,ModuleNamespace,module_name,sym_module_name,398,1,IMPL_b43af1291396,10110000000000000000000000000000
cpp,C001,ModuleNamespace,module_partition,sym_module_partition,399,1,IMPL_b43af1291396,10110000000000000000000000000000
cpp,C001,ModuleNamespace,namespace,,,0,IMPL_b43af1291396,10110000000000000000000000000000
cpp,C001,ModuleNamespace,namespace_alias_definition,sym_namespace_alias_definition,451,1,IMPL_b43af1291396,10110000000000000000000000000000
cpp,C001,ModuleNamespace,namespace_definition,sym_namespace_definition,450,1,IMPL_b43af1291396,10110000000000000000000000000000
cpp,C001,ModuleNamespace,namespace_identifier,alias_sym_namespace_identifier,571,1,IMPL_b43af1291396,10110000000000000000000000000000
cpp,C001,ModuleNamespace,nested_namespace_specifier,sym_nested_namespace_specifier,453,1,IMPL_b43af1291396,10110000000000000000000000000000
cpp,C001,ModuleNamespace,private_module_fragment_declaration,sym_private_module_fragment_declaration,404,1,IMPL_b43af1291396,10110000000000000000000000000000
python,C001,ModuleNamespace,module,sym_module,108,1,IMPL_b43af1291396,10110000000000000000000000000000
zig,C001,ModuleNamespace,using_namespace_declaration,sym_using_namespace_declaration,166,1,IMPL_b43af1291396,10110000000000000000000000000000
zig,C001,ModuleNamespace,usingnamespace,,,0,IMPL_b43af1291396,10110000000000000000000000000000
julia,C001,ModuleNamespace,baremodule,,,0,IMPL_b43af1291396,10110000000000000000000000000000
julia,C001,ModuleNamespace,module,,,0,IMPL_b43af1291396,10110000000000000000000000000000
julia,C001,ModuleNamespace,module_definition,sym_module_definition,127,1,IMPL_b43af1291396,10110000000000000000000000000000
csharp,C001,ModuleNamespace,_namespace_member_declaration,,,0,IMPL_b43af1291396,10110000000000000000000000000000
csharp,C001,ModuleNamespace,file_scoped_namespace_declaration,sym_file_scoped_namespace_declaration,232,1,IMPL_b43af1291396,10110000000000000000000000000000
csharp,C001,ModuleNamespace,module,,,0,IMPL_b43af1291396,10110000000000000000000000000000
csharp,C001,ModuleNamespace,namespace,,,0,IMPL_b43af1291396,10110000000000000000000000000000
csharp,C001,ModuleNamespace,namespace_declaration,sym_namespace_declaration,231,1,IMPL_b43af1291396,10110000000000000000000000000000
java,C001,ModuleNamespace,exports_module_directive,sym_exports_module_directive,222,1,IMPL_b43af1291396,10110000000000000000000000000000
java,C001,ModuleNamespace,module,,,0,IMPL_b43af1291396,10110000000000000000000000000000
java,C001,ModuleNamespace,module_body,sym_module_body,218,1,IMPL_b43af1291396,10110000000000000000000000000000
java,C001,ModuleNamespace,module_declaration,sym_module_declaration,217,1,IMPL_b43af1291396,10110000000000000000000000000000
java,C001,ModuleNamespace,module_directive,sym_module_directive,219,1,IMPL_b43af1291396,10110000000000000000000000000000
java,C001,ModuleNamespace,opens_module_directive,sym_opens_module_directive,223,1,IMPL_b43af1291396,10110000000000000000000000000000
java,C001,ModuleNamespace,provides_module_directive,sym_provides_module_directive,225,1,IMPL_b43af1291396,10110000000000000000000000000000
java,C001,ModuleNamespace,requires_module_directive,sym_requires_module_directive,220,1,IMPL_b43af1291396,10110000000000000000000000000000
java,C001,ModuleNamespace,uses_module_directive,sym_uses_module_directive,224,1,IMPL_b43af1291396,10110000000000000000000000000000
go,C002,ImportUse,import,,,0,IMPL_add64281873a,11110000000000000000000000000000
go,C002,ImportUse,import_declaration,sym_import_declaration,97,1,IMPL_add64281873a,11110000000000000000000000000000
go,C002,ImportUse,import_spec,sym_import_spec,98,1,IMPL_add64281873a,11110000000000000000000000000000
go,C002,ImportUse,import_spec_list,sym_import_spec_list,100,1,IMPL_add64281873a,11110000000000000000000000000000
rust,C002,ImportUse,use_declaration,sym_use_declaration,204,1,IMPL_add64281873a,11110000000000000000000000000000
cpp,C002,ImportUse,#include,,,0,IMPL_add64281873a,11110000000000000000000000000000
cpp,C002,ImportUse,import,,,0,IMPL_add64281873a,11110000000000000000000000000000
cpp,C002,ImportUse,import_declaration,sym_import_declaration,402,1,IMPL_add64281873a,11110000000000000000000000000000
cpp,C002,ImportUse,preproc_include,sym_preproc_include,228,1,IMPL_add64281873a,11110000000000000000000000000000
c,C002,ImportUse,#include,,,0,IMPL_add64281873a,11110000000000000000000000000000
c,C002,ImportUse,preproc_include,sym_preproc_include,164,1,IMPL_add64281873a,11110000000000000000000000000000
python,C002,ImportUse,_import_list,sym__import_list,116,1,IMPL_add64281873a,11110000000000000000000000000000
python,C002,ImportUse,aliased_import,sym_aliased_import,117,1,IMPL_add64281873a,11110000000000000000000000000000
python,C002,ImportUse,future_import_statement,sym_future_import_statement,114,1,IMPL_add64281873a,11110000000000000000000000000000
python,C002,ImportUse,import,,,0,IMPL_add64281873a,11110000000000000000000000000000
python,C002,ImportUse,import_from_statement,sym_import_from_statement,115,1,IMPL_add64281873a,11110000000000000000000000000000
python,C002,ImportUse,import_prefix,sym_import_prefix,112,1,IMPL_add64281873a,11110000000000000000000000000000
python,C002,ImportUse,import_statement,sym_import_statement,111,1,IMPL_add64281873a,11110000000000000000000000000000
python,C002,ImportUse,relative_import,sym_relative_import,113,1,IMPL_add64281873a,11110000000000000000000000000000
python,C002,ImportUse,wildcard_import,sym_wildcard_import,118,1,IMPL_add64281873a,11110000000000000000000000000000
julia,C002,ImportUse,_import_list,sym__import_list,154,1,IMPL_add64281873a,11110000000000000000000000000000
julia,C002,ImportUse,_importable,sym__importable,153,1,IMPL_add64281873a,11110000000000000000000000000000
julia,C002,ImportUse,import,,,0,IMPL_add64281873a,11110000000000000000000000000000
julia,C002,ImportUse,import_alias,sym_import_alias,150,1,IMPL_add64281873a,11110000000000000000000000000000
julia,C002,ImportUse,import_path,sym_import_path,151,1,IMPL_add64281873a,11110000000000000000000000000000
julia,C002,ImportUse,import_statement,sym_import_statement,158,1,IMPL_add64281873a,11110000000000000000000000000000
julia,C002,ImportUse,selected_import,sym_selected_import,155,1,IMPL_add64281873a,11110000000000000000000000000000
nim,C002,ImportUse,_import_body,sym__import_body,153,1,IMPL_add64281873a,11110000000000000000000000000000
nim,C002,ImportUse,_import_except,sym__import_except,154,1,IMPL_add64281873a,11110000000000000000000000000000
nim,C002,ImportUse,import,,,0,IMPL_add64281873a,11110000000000000000000000000000
nim,C002,ImportUse,import_from_statement,sym_import_from_statement,166,1,IMPL_add64281873a,11110000000000000000000000000000
nim,C002,ImportUse,import_statement,sym_import_statement,151,1,IMPL_add64281873a,11110000000000000000000000000000
nim,C002,ImportUse,include,,,0,IMPL_add64281873a,11110000000000000000000000000000
nim,C002,ImportUse,include_statement,sym_include_statement,156,1,IMPL_add64281873a,11110000000000000000000000000000
csharp,C002,ImportUse,using_directive,sym_using_directive,223,1,IMPL_add64281873a,11110000000000000000000000000000
java,C002,ImportUse,import,,,0,IMPL_add64281873a,11110000000000000000000000000000
java,C002,ImportUse,import_declaration,sym_import_declaration,227,1,IMPL_add64281873a,11110000000000000000000000000000
kotlin,C002,ImportUse,_import_identifier,sym__import_identifier,328,1,IMPL_add64281873a,11110000000000000000000000000000
kotlin,C002,ImportUse,import,,,0,IMPL_add64281873a,11110000000000000000000000000000
kotlin,C002,ImportUse,import_alias,sym_import_alias,160,1,IMPL_add64281873a,11110000000000000000000000000000
kotlin,C002,ImportUse,import_header,sym_import_header,159,1,IMPL_add64281873a,11110000000000000000000000000000
kotlin,C002,ImportUse,import_list,sym_import_list,158,1,IMPL_add64281873a,11110000000000000000000000000000
kotlin,C002,ImportUse,wildcard_import,sym_wildcard_import,11,1,IMPL_add64281873a,11110000000000000000000000000000
swift,C002,ImportUse,_import_kind,,,0,IMPL_add64281873a,11110000000000000000000000000000
swift,C002,ImportUse,canImport,,,0,IMPL_add64281873a,11110000000000000000000000000000
swift,C002,ImportUse,import,,,0,IMPL_add64281873a,11110000000000000000000000000000
swift,C002,ImportUse,import_declaration,,,0,IMPL_add64281873a,11110000000000000000000000000000
go,C003,VariableDeclaration,short_var_declaration,sym_short_var_declaration,147,1,IMPL_02fbdf0d1dcb,00110000000000000000000000000000
go,C003,VariableDeclaration,var_declaration,sym_var_declaration,104,1,IMPL_02fbdf0d1dcb,00110000000000000000000000000000
rust,C003,VariableDeclaration,_declaration_statement,,,0,IMPL_02fbdf0d1dcb,00110000000000000000000000000000
rust,C003,VariableDeclaration,let_declaration,sym_let_declaration,203,1,IMPL_02fbdf0d1dcb,00110000000000000000000000000000
zig,C003,VariableDeclaration,_variable_declaration_expression_statement,sym__variable_declaration_expression_statement,160,1,IMPL_02fbdf0d1dcb,00110000000000000000000000000000
zig,C003,VariableDeclaration,_variable_declaration_header,sym__variable_declaration_header,161,1,IMPL_02fbdf0d1dcb,00110000000000000000000000000000
zig,C003,VariableDeclaration,variable_declaration,sym_variable_declaration,159,1,IMPL_02fbdf0d1dcb,00110000000000000000000000000000
nim,C003,VariableDeclaration,_variable_declaration_section,sym__variable_declaration_section,189,1,IMPL_02fbdf0d1dcb,00110000000000000000000000000000
nim,C003,VariableDeclaration,variable_declaration,sym_variable_declaration,190,1,IMPL_02fbdf0d1dcb,00110000000000000000000000000000
csharp,C003,VariableDeclaration,local_declaration_statement,sym_local_declaration_statement,347,1,IMPL_02fbdf0d1dcb,00110000000000000000000000000000
csharp,C003,VariableDeclaration,using_variable_declaration,sym_using_variable_declaration,290,1,IMPL_02fbdf0d1dcb,00110000000000000000000000000000
csharp,C003,VariableDeclaration,variable_declaration,sym_variable_declaration,289,1,IMPL_02fbdf0d1dcb,00110000000000000000000000000000
java,C003,VariableDeclaration,local_variable_declaration,sym_local_variable_declaration,278,1,IMPL_02fbdf0d1dcb,00110000000000000000000000000000
kotlin,C003,VariableDeclaration,multi_variable_declaration,sym_multi_variable_declaration,269,1,IMPL_02fbdf0d1dcb,00110000000000000000000000000000
kotlin,C003,VariableDeclaration,variable_declaration,sym_variable_declaration,193,1,IMPL_02fbdf0d1dcb,00110000000000000000000000000000
swift,C003,VariableDeclaration,_local_declaration,,,0,IMPL_02fbdf0d1dcb,00110000000000000000000000000000
go,C004,ConstantDeclaration,const_declaration,sym_const_declaration,102,1,IMPL_bb519e635543,00110000000000000000000000000000
rust,C004,ConstantDeclaration,const_item,sym_const_item,185,1,IMPL_bb519e635543,00110000000000000000000000000000
java,C004,ConstantDeclaration,constant_declaration,sym_constant_declaration,258,1,IMPL_bb519e635543,00110000000000000000000000000000
go,C005,Assignment,assignment_statement,sym_assignment_statement,146,1,IMPL_38ea81139aa4,00011000000000000000000000000100
rust,C005,Assignment,assignment_expression,sym_assignment_expression,251,1,IMPL_38ea81139aa4,00011000000000000000000000000100
rust,C005,Assignment,compound_assignment_expr,sym_compound_assignment_expr,252,1,IMPL_38ea81139aa4,00011000000000000000000000000100
cpp,C005,Assignment,_assignment_expression_lhs,sym__assignment_expression_lhs,511,1,IMPL_38ea81139aa4,00011000000000000000000000000100
cpp,C005,Assignment,_assignment_left_expression,,,0,IMPL_38ea81139aa4,00011000000000000000000000000100
cpp,C005,Assignment,assignment_expression,sym_assignment_expression,344,1,IMPL_38ea81139aa4,00011000000000000000000000000100
c,C005,Assignment,_assignment_left_expression,,,0,IMPL_38ea81139aa4,00011000000000000000000000000100
c,C005,Assignment,assignment_expression,sym_assignment_expression,287,1,IMPL_38ea81139aa4,00011000000000000000000000000100
python,C005,Assignment,assignment,sym_assignment,199,1,IMPL_38ea81139aa4,00011000000000000000000000000100
python,C005,Assignment,augmented_assignment,sym_augmented_assignment,200,1,IMPL_38ea81139aa4,00011000000000000000000000000100
zig,C005,Assignment,assignment_expression,sym_assignment_expression,206,1,IMPL_38ea81139aa4,00011000000000000000000000000100
julia,C005,Assignment,_assignment_operator,sym__assignment_operator,215,1,IMPL_38ea81139aa4,00011000000000000000000000000100
julia,C005,Assignment,_closed_assignment,sym__closed_assignment,125,1,IMPL_38ea81139aa4,00011000000000000000000000000100
julia,C005,Assignment,assignment,sym_assignment,124,1,IMPL_38ea81139aa4,00011000000000000000000000000100
julia,C005,Assignment,compound_assignment_expression,sym_compound_assignment_expression,196,1,IMPL_38ea81139aa4,00011000000000000000000000000100
nim,C005,Assignment,assignment,sym_assignment,319,1,IMPL_38ea81139aa4,00011000000000000000000000000100
csharp,C005,Assignment,assignment_expression,sym_assignment_expression,375,1,IMPL_38ea81139aa4,00011000000000000000000000000100
java,C005,Assignment,assignment_expression,sym_assignment_expression,149,1,IMPL_38ea81139aa4,00011000000000000000000000000100
kotlin,C005,Assignment,_assignment_and_operator,sym__assignment_and_operator,290,1,IMPL_38ea81139aa4,00011000000000000000000000000100
kotlin,C005,Assignment,assignment,sym_assignment,232,1,IMPL_38ea81139aa4,00011000000000000000000000000100
swift,C005,Assignment,_assignment_and_operator,,,0,IMPL_38ea81139aa4,00011000000000000000000000000100
swift,C005,Assignment,assignment,,,0,IMPL_38ea81139aa4,00011000000000000000000000000100
r,C006,FunctionDeclaration,function_definition,sym_function_definition,83,1,IMPL_4ac002efe842,00110110000000000000010000000000
go,C006,FunctionDeclaration,function_declaration,sym_function_declaration,107,1,IMPL_4ac002efe842,00110110000000000000010000000000
rust,C006,FunctionDeclaration,function_item,sym_function_item,188,1,IMPL_4ac002efe842,00110110000000000000010000000000
rust,C006,FunctionDeclaration,function_signature_item,sym_function_signature_item,189,1,IMPL_4ac002efe842,00110110000000000000010000000000
cpp,C006,FunctionDeclaration,_function_declaration_declarator,,,0,IMPL_4ac002efe842,00110110000000000000010000000000
cpp,C006,FunctionDeclaration,_old_style_function_definition,,,0,IMPL_4ac002efe842,00110110000000000000010000000000
cpp,C006,FunctionDeclaration,function_definition,sym_function_definition,260,1,IMPL_4ac002efe842,00110110000000000000010000000000
c,C006,FunctionDeclaration,_function_declaration_declarator,sym__function_declaration_declarator,231,1,IMPL_4ac002efe842,00110110000000000000010000000000
c,C006,FunctionDeclaration,_old_style_function_definition,sym__old_style_function_definition,197,1,IMPL_4ac002efe842,00110110000000000000010000000000
c,C006,FunctionDeclaration,function_definition,sym_function_definition,196,1,IMPL_4ac002efe842,00110110000000000000010000000000
python,C006,FunctionDeclaration,function_definition,sym_function_definition,146,1,IMPL_4ac002efe842,00110110000000000000010000000000
zig,C006,FunctionDeclaration,function_declaration,sym_function_declaration,162,1,IMPL_4ac002efe842,00110110000000000000010000000000
zig,C006,FunctionDeclaration,function_signature,alias_sym_function_signature,273,1,IMPL_4ac002efe842,00110110000000000000010000000000
julia,C006,FunctionDeclaration,function_definition,sym_function_definition,133,1,IMPL_4ac002efe842,00110110000000000000010000000000
nim,C006,FunctionDeclaration,_routine_declaration,sym__routine_declaration,182,1,IMPL_4ac002efe842,00110110000000000000010000000000
csharp,C006,FunctionDeclaration,_local_function_declaration,sym__local_function_declaration,349,1,IMPL_4ac002efe842,00110110000000000000010000000000
kotlin,C006,FunctionDeclaration,function_declaration,sym_function_declaration,191,1,IMPL_4ac002efe842,00110110000000000000010000000000
swift,C006,FunctionDeclaration,_bodyless_function_declaration,,,0,IMPL_4ac002efe842,00110110000000000000010000000000
swift,C006,FunctionDeclaration,_local_function_declaration,,,0,IMPL_4ac002efe842,00110110000000000000010000000000
swift,C006,FunctionDeclaration,_modifierless_function_declaration,,,0,IMPL_4ac002efe842,00110110000000000000010000000000
swift,C006,FunctionDeclaration,_modifierless_function_declaration_no_body,,,0,IMPL_4ac002efe842,00110110000000000000010000000000
swift,C006,FunctionDeclaration,function_declaration,,,0,IMPL_4ac002efe842,00110110000000000000010000000000
swift,C006,FunctionDeclaration,protocol_function_declaration,,,0,IMPL_4ac002efe842,00110110000000000000010000000000
go,C007,MethodDeclaration,method_declaration,sym_method_declaration,108,1,IMPL_a4ba40a16d03,00110110000000000000010000000000
cpp,C007,MethodDeclaration,inline_method_definition,sym_inline_method_definition,420,1,IMPL_a4ba40a16d03,00110110000000000000010000000000
nim,C007,MethodDeclaration,method_declaration,sym_method_declaration,177,1,IMPL_a4ba40a16d03,00110110000000000000010000000000
csharp,C007,MethodDeclaration,method_declaration,sym_method_declaration,270,1,IMPL_a4ba40a16d03,00110110000000000000010000000000
java,C007,MethodDeclaration,method_declaration,sym_method_declaration,279,1,IMPL_a4ba40a16d03,00110110000000000000010000000000
r,C008,Parameter,_parameter_name,sym__parameter_name,88,1,IMPL_93f1b5dcf759,00110010000000000000010000000000
r,C008,Parameter,_parameter_with_default,sym__parameter_with_default,86,1,IMPL_93f1b5dcf759,00110010000000000000010000000000
r,C008,Parameter,_parameter_without_default,sym__parameter_without_default,87,1,IMPL_93f1b5dcf759,00110010000000000000010000000000
r,C008,Parameter,parameter,sym_parameter,85,1,IMPL_93f1b5dcf759,00110010000000000000010000000000
r,C008,Parameter,parameters,sym_parameters,84,1,IMPL_93f1b5dcf759,00110010000000000000010000000000
go,C008,Parameter,parameter_declaration,sym_parameter_declaration,112,1,IMPL_93f1b5dcf759,00110010000000000000010000000000
go,C008,Parameter,parameter_list,sym_parameter_list,111,1,IMPL_93f1b5dcf759,00110010000000000000010000000000
go,C008,Parameter,type_parameter_declaration,sym_type_parameter_declaration,110,1,IMPL_93f1b5dcf759,00110010000000000000010000000000
go,C008,Parameter,type_parameter_list,sym_type_parameter_list,109,1,IMPL_93f1b5dcf759,00110010000000000000010000000000
go,C008,Parameter,variadic_parameter_declaration,sym_variadic_parameter_declaration,113,1,IMPL_93f1b5dcf759,00110010000000000000010000000000
rust,C008,Parameter,closure_parameters,sym_closure_parameters,282,1,IMPL_93f1b5dcf759,00110010000000000000010000000000
rust,C008,Parameter,const_parameter,sym_const_parameter,200,1,IMPL_93f1b5dcf759,00110010000000000000010000000000
rust,C008,Parameter,lifetime_parameter,sym_lifetime_parameter,202,1,IMPL_93f1b5dcf759,00110010000000000000010000000000
rust,C008,Parameter,parameter,sym_parameter,213,1,IMPL_93f1b5dcf759,00110010000000000000010000000000
rust,C008,Parameter,parameters,sym_parameters,210,1,IMPL_93f1b5dcf759,00110010000000000000010000000000
rust,C008,Parameter,self_parameter,sym_self_parameter,211,1,IMPL_93f1b5dcf759,00110010000000000000010000000000
rust,C008,Parameter,type_parameter,sym_type_parameter,201,1,IMPL_93f1b5dcf759,00110010000000000000010000000000
rust,C008,Parameter,type_parameters,sym_type_parameters,199,1,IMPL_93f1b5dcf759,00110010000000000000010000000000
rust,C008,Parameter,variadic_parameter,sym_variadic_parameter,212,1,IMPL_93f1b5dcf759,00110010000000000000010000000000
cpp,C008,Parameter,_old_style_parameter_list,,,0,IMPL_93f1b5dcf759,00110010000000000000010000000000
cpp,C008,Parameter,explicit_object_parameter_declaration,sym_explicit_object_parameter_declaration,412,1,IMPL_93f1b5dcf759,00110010000000000000010000000000
cpp,C008,Parameter,identifier_parameter_pack_expansion,sym_identifier_parameter_pack_expansion,501,1,IMPL_93f1b5dcf759,00110010000000000000010000000000
cpp,C008,Parameter,optional_parameter_declaration,sym_optional_parameter_declaration,413,1,IMPL_93f1b5dcf759,00110010000000000000010000000000
cpp,C008,Parameter,optional_type_parameter_declaration,sym_optional_type_parameter_declaration,410,1,IMPL_93f1b5dcf759,00110010000000000000010000000000
cpp,C008,Parameter,parameter_declaration,sym_parameter_declaration,317,1,IMPL_93f1b5dcf759,00110010000000000000010000000000
cpp,C008,Parameter,parameter_list,sym_parameter_list,316,1,IMPL_93f1b5dcf759,00110010000000000000010000000000
cpp,C008,Parameter,parameter_pack_expansion,sym_parameter_pack_expansion,499,1,IMPL_93f1b5dcf759,00110010000000000000010000000000
cpp,C008,Parameter,requires_parameter_list,sym_requires_parameter_list,483,1,IMPL_93f1b5dcf759,00110010000000000000010000000000
cpp,C008,Parameter,template_parameter_list,sym_template_parameter_list,407,1,IMPL_93f1b5dcf759,00110010000000000000010000000000
cpp,C008,Parameter,template_template_parameter_declaration,sym_template_template_parameter_declaration,411,1,IMPL_93f1b5dcf759,00110010000000000000010000000000
cpp,C008,Parameter,type_parameter_declaration,sym_type_parameter_declaration,408,1,IMPL_93f1b5dcf759,00110010000000000000010000000000
cpp,C008,Parameter,type_parameter_pack_expansion,sym_type_parameter_pack_expansion,500,1,IMPL_93f1b5dcf759,00110010000000000000010000000000
cpp,C008,Parameter,variadic_parameter,,,0,IMPL_93f1b5dcf759,00110010000000000000010000000000
cpp,C008,Parameter,variadic_parameter_declaration,sym_variadic_parameter_declaration,414,1,IMPL_93f1b5dcf759,00110010000000000000010000000000
cpp,C008,Parameter,variadic_type_parameter_declaration,sym_variadic_type_parameter_declaration,409,1,IMPL_93f1b5dcf759,00110010000000000000010000000000
c,C008,Parameter,_old_style_parameter_list,sym__old_style_parameter_list,259,1,IMPL_93f1b5dcf759,00110010000000000000010000000000
c,C008,Parameter,parameter_declaration,sym_parameter_declaration,260,1,IMPL_93f1b5dcf759,00110010000000000000010000000000
c,C008,Parameter,parameter_list,sym_parameter_list,258,1,IMPL_93f1b5dcf759,00110010000000000000010000000000
c,C008,Parameter,variadic_parameter,sym_variadic_parameter,257,1,IMPL_93f1b5dcf759,00110010000000000000010000000000
python,C008,Parameter,_parameters,sym__parameters,176,1,IMPL_93f1b5dcf759,00110010000000000000010000000000
python,C008,Parameter,default_parameter,sym_default_parameter,182,1,IMPL_93f1b5dcf759,00110010000000000000010000000000
python,C008,Parameter,lambda_parameters,sym_lambda_parameters,148,1,IMPL_93f1b5dcf759,00110010000000000000010000000000
python,C008,Parameter,parameter,sym_parameter,178,1,IMPL_93f1b5dcf759,00110010000000000000010000000000
python,C008,Parameter,parameters,sym_parameters,147,1,IMPL_93f1b5dcf759,00110010000000000000010000000000
python,C008,Parameter,type_parameter,sym_type_parameter,156,1,IMPL_93f1b5dcf759,00110010000000000000010000000000
python,C008,Parameter,typed_default_parameter,sym_typed_default_parameter,183,1,IMPL_93f1b5dcf759,00110010000000000000010000000000
python,C008,Parameter,typed_parameter,sym_typed_parameter,208,1,IMPL_93f1b5dcf759,00110010000000000000010000000000
zig,C008,Parameter,parameter,sym_parameter,165,1,IMPL_93f1b5dcf759,00110010000000000000010000000000
zig,C008,Parameter,parameters,sym_parameters,164,1,IMPL_93f1b5dcf759,00110010000000000000010000000000
nim,C008,Parameter,_concept_parameter,sym__concept_parameter,215,1,IMPL_93f1b5dcf759,00110010000000000000010000000000
nim,C008,Parameter,_concept_parameter_list,sym__concept_parameter_list,214,1,IMPL_93f1b5dcf759,00110010000000000000010000000000
nim,C008,Parameter,_concept_pointer_parameter,sym__concept_pointer_parameter,216,1,IMPL_93f1b5dcf759,00110010000000000000010000000000
nim,C008,Parameter,_concept_ref_parameter,sym__concept_ref_parameter,217,1,IMPL_93f1b5dcf759,00110010000000000000010000000000
nim,C008,Parameter,_concept_static_parameter,sym__concept_static_parameter,218,1,IMPL_93f1b5dcf759,00110010000000000000010000000000
nim,C008,Parameter,_concept_type_parameter,sym__concept_type_parameter,219,1,IMPL_93f1b5dcf759,00110010000000000000010000000000
nim,C008,Parameter,_concept_var_parameter,sym__concept_var_parameter,220,1,IMPL_93f1b5dcf759,00110010000000000000010000000000
nim,C008,Parameter,_parameter_declaration_list,sym__parameter_declaration_list,322,1,IMPL_93f1b5dcf759,00110010000000000000010000000000
nim,C008,Parameter,generic_parameter_list,sym_generic_parameter_list,183,1,IMPL_93f1b5dcf759,00110010000000000000010000000000
nim,C008,Parameter,parameter_declaration,alias_sym_parameter_declaration,374,1,IMPL_93f1b5dcf759,00110010000000000000010000000000
nim,C008,Parameter,parameter_declaration_list,sym_parameter_declaration_list,321,1,IMPL_93f1b5dcf759,00110010000000000000010000000000
nim,C008,Parameter,parameter_list,,,0,IMPL_93f1b5dcf759,00110010000000000000010000000000
nim,C008,Parameter,pointer_parameter,,,0,IMPL_93f1b5dcf759,00110010000000000000010000000000
nim,C008,Parameter,ref_parameter,,,0,IMPL_93f1b5dcf759,00110010000000000000010000000000
nim,C008,Parameter,static_parameter,,,0,IMPL_93f1b5dcf759,00110010000000000000010000000000
nim,C008,Parameter,type_parameter,,,0,IMPL_93f1b5dcf759,00110010000000000000010000000000
nim,C008,Parameter,var_parameter,,,0,IMPL_93f1b5dcf759,00110010000000000000010000000000
csharp,C008,Parameter,_implicit_parameter_list_with_modifiers,sym__implicit_parameter_list_with_modifiers,426,1,IMPL_93f1b5dcf759,00110010000000000000010000000000
csharp,C008,Parameter,_lambda_parameters,sym__lambda_parameters,425,1,IMPL_93f1b5dcf759,00110010000000000000010000000000
csharp,C008,Parameter,_parameter_array,sym__parameter_array,281,1,IMPL_93f1b5dcf759,00110010000000000000010000000000
csharp,C008,Parameter,_parameter_type_with_modifiers,,,0,IMPL_93f1b5dcf759,00110010000000000000010000000000
csharp,C008,Parameter,bracketed_parameter_list,sym_bracketed_parameter_list,276,1,IMPL_93f1b5dcf759,00110010000000000000010000000000
csharp,C008,Parameter,function_pointer_parameter,sym_function_pointer_parameter,310,1,IMPL_93f1b5dcf759,00110010000000000000010000000000
csharp,C008,Parameter,implicit_parameter,alias_sym_implicit_parameter,543,1,IMPL_93f1b5dcf759,00110010000000000000010000000000
csharp,C008,Parameter,parameter,sym_parameter,280,1,IMPL_93f1b5dcf759,00110010000000000000010000000000
csharp,C008,Parameter,parameter_list,sym_parameter_list,279,1,IMPL_93f1b5dcf759,00110010000000000000010000000000
csharp,C008,Parameter,receiver_parameter,sym_receiver_parameter,263,1,IMPL_93f1b5dcf759,00110010000000000000010000000000
csharp,C008,Parameter,type_parameter,sym_type_parameter,253,1,IMPL_93f1b5dcf759,00110010000000000000010000000000
csharp,C008,Parameter,type_parameter_constraint,sym_type_parameter_constraint,256,1,IMPL_93f1b5dcf759,00110010000000000000010000000000
csharp,C008,Parameter,type_parameter_constraints_clause,sym_type_parameter_constraints_clause,255,1,IMPL_93f1b5dcf759,00110010000000000000010000000000
csharp,C008,Parameter,type_parameter_list,sym_type_parameter_list,252,1,IMPL_93f1b5dcf759,00110010000000000000010000000000
java,C008,Parameter,catch_formal_parameter,sym_catch_formal_parameter,199,1,IMPL_93f1b5dcf759,00110010000000000000010000000000
java,C008,Parameter,formal_parameter,sym_formal_parameter,274,1,IMPL_93f1b5dcf759,00110010000000000000010000000000
java,C008,Parameter,formal_parameters,sym_formal_parameters,273,1,IMPL_93f1b5dcf759,00110010000000000000010000000000
java,C008,Parameter,inferred_parameters,sym_inferred_parameters,153,1,IMPL_93f1b5dcf759,00110010000000000000010000000000
java,C008,Parameter,receiver_parameter,sym_receiver_parameter,275,1,IMPL_93f1b5dcf759,00110010000000000000010000000000
java,C008,Parameter,spread_parameter,sym_spread_parameter,276,1,IMPL_93f1b5dcf759,00110010000000000000010000000000
java,C008,Parameter,type_parameter,sym_type_parameter,236,1,IMPL_93f1b5dcf759,00110010000000000000010000000000
java,C008,Parameter,type_parameters,sym_type_parameters,235,1,IMPL_93f1b5dcf759,00110010000000000000010000000000
kotlin,C008,Parameter,_class_parameters,sym__class_parameters,166,1,IMPL_93f1b5dcf759,00110010000000000000010000000000
kotlin,C008,Parameter,_function_value_parameter,sym__function_value_parameter,189,1,IMPL_93f1b5dcf759,00110010000000000000010000000000
kotlin,C008,Parameter,_lambda_parameter,sym__lambda_parameter,271,1,IMPL_93f1b5dcf759,00110010000000000000010000000000
kotlin,C008,Parameter,_type_parameter_modifier,sym__type_parameter_modifier,314,1,IMPL_93f1b5dcf759,00110010000000000000010000000000
kotlin,C008,Parameter,class_parameter,sym_class_parameter,168,1,IMPL_93f1b5dcf759,00110010000000000000010000000000
kotlin,C008,Parameter,function_type_parameters,sym_function_type_parameters,219,1,IMPL_93f1b5dcf759,00110010000000000000010000000000
kotlin,C008,Parameter,function_value_parameters,sym_function_value_parameters,188,1,IMPL_93f1b5dcf759,00110010000000000000010000000000
kotlin,C008,Parameter,lambda_parameters,sym_lambda_parameters,270,1,IMPL_93f1b5dcf759,00110010000000000000010000000000
kotlin,C008,Parameter,parameter,sym_parameter,202,1,IMPL_93f1b5dcf759,00110010000000000000010000000000
kotlin,C008,Parameter,parameter_modifier,sym_parameter_modifier,318,1,IMPL_93f1b5dcf759,00110010000000000000010000000000
kotlin,C008,Parameter,parameter_modifiers,sym_parameter_modifiers,305,1,IMPL_93f1b5dcf759,00110010000000000000010000000000
kotlin,C008,Parameter,parameter_with_optional_type,sym_parameter_with_optional_type,201,1,IMPL_93f1b5dcf759,00110010000000000000010000000000
kotlin,C008,Parameter,parameters_with_optional_type,,,0,IMPL_93f1b5dcf759,00110010000000000000010000000000
kotlin,C008,Parameter,type_parameter,sym_type_parameter,181,1,IMPL_93f1b5dcf759,00110010000000000000010000000000
kotlin,C008,Parameter,type_parameter_modifiers,sym_type_parameter_modifiers,313,1,IMPL_93f1b5dcf759,00110010000000000000010000000000
kotlin,C008,Parameter,type_parameters,sym_type_parameters,180,1,IMPL_93f1b5dcf759,00110010000000000000010000000000
swift,C008,Parameter,_function_value_parameter,,,0,IMPL_93f1b5dcf759,00110010000000000000010000000000
swift,C008,Parameter,_function_value_parameters,,,0,IMPL_93f1b5dcf759,00110010000000000000010000000000
swift,C008,Parameter,_parameter_ownership_modifier,,,0,IMPL_93f1b5dcf759,00110010000000000000010000000000
swift,C008,Parameter,_type_parameter_possibly_packed,,,0,IMPL_93f1b5dcf759,00110010000000000000010000000000
swift,C008,Parameter,enum_type_parameters,,,0,IMPL_93f1b5dcf759,00110010000000000000010000000000
swift,C008,Parameter,lambda_function_type_parameters,,,0,IMPL_93f1b5dcf759,00110010000000000000010000000000
swift,C008,Parameter,lambda_parameter,,,0,IMPL_93f1b5dcf759,00110010000000000000010000000000
swift,C008,Parameter,parameter,,,0,IMPL_93f1b5dcf759,00110010000000000000010000000000
swift,C008,Parameter,parameter_modifier,,,0,IMPL_93f1b5dcf759,00110010000000000000010000000000
swift,C008,Parameter,parameter_modifiers,,,0,IMPL_93f1b5dcf759,00110010000000000000010000000000
swift,C008,Parameter,type_parameter,,,0,IMPL_93f1b5dcf759,00110010000000000000010000000000
swift,C008,Parameter,type_parameter_modifiers,,,0,IMPL_93f1b5dcf759,00110010000000000000010000000000
swift,C008,Parameter,type_parameter_pack,,,0,IMPL_93f1b5dcf759,00110010000000000000010000000000
swift,C008,Parameter,type_parameters,,,0,IMPL_93f1b5dcf759,00110010000000000000010000000000
swift,C008,Parameter,value_parameter_pack,,,0,IMPL_93f1b5dcf759,00110010000000000000010000000000
rust,C009,ClosureLambda,closure_expression,sym_closure_expression,281,1,IMPL_2fd52411c6e6,00010110000000010000000000000000
rust,C009,ClosureLambda,closure_parameters,sym_closure_parameters,282,1,IMPL_2fd52411c6e6,00010110000000010000000000000000
cpp,C009,ClosureLambda,_lambda_capture,sym__lambda_capture,492,1,IMPL_2fd52411c6e6,00010110000000010000000000000000
cpp,C009,ClosureLambda,_lambda_capture_identifier,sym__lambda_capture_identifier,490,1,IMPL_2fd52411c6e6,00010110000000010000000000000000
cpp,C009,ClosureLambda,lambda_capture_initializer,sym_lambda_capture_initializer,491,1,IMPL_2fd52411c6e6,00010110000000010000000000000000
cpp,C009,ClosureLambda,lambda_capture_specifier,sym_lambda_capture_specifier,488,1,IMPL_2fd52411c6e6,00010110000000010000000000000000
cpp,C009,ClosureLambda,lambda_declarator,sym_lambda_declarator,486,1,IMPL_2fd52411c6e6,00010110000000010000000000000000
cpp,C009,ClosureLambda,lambda_default_capture,sym_lambda_default_capture,489,1,IMPL_2fd52411c6e6,00010110000000010000000000000000
cpp,C009,ClosureLambda,lambda_expression,sym_lambda_expression,487,1,IMPL_2fd52411c6e6,00010110000000010000000000000000
cpp,C009,ClosureLambda,lambda_specifier,sym_lambda_specifier,485,1,IMPL_2fd52411c6e6,00010110000000010000000000000000
python,C009,ClosureLambda,lambda,sym_lambda,197,1,IMPL_2fd52411c6e6,00010110000000010000000000000000
python,C009,ClosureLambda,lambda_parameters,sym_lambda_parameters,148,1,IMPL_2fd52411c6e6,00010110000000010000000000000000
python,C009,ClosureLambda,lambda_within_for_in_clause,sym_lambda_within_for_in_clause,198,1,IMPL_2fd52411c6e6,00010110000000010000000000000000
julia,C009,ClosureLambda,arrow_function_expression,sym_arrow_function_expression,194,1,IMPL_2fd52411c6e6,00010110000000010000000000000000
csharp,C009,ClosureLambda,_lambda_expression_init,sym__lambda_expression_init,424,1,IMPL_2fd52411c6e6,00010110000000010000000000000000
csharp,C009,ClosureLambda,_lambda_parameters,sym__lambda_parameters,425,1,IMPL_2fd52411c6e6,00010110000000010000000000000000
csharp,C009,ClosureLambda,lambda_expression,sym_lambda_expression,423,1,IMPL_2fd52411c6e6,00010110000000010000000000000000
java,C009,ClosureLambda,lambda_expression,sym_lambda_expression,152,1,IMPL_2fd52411c6e6,00010110000000010000000000000000
kotlin,C009,ClosureLambda,_call_suffix_no_trailing_lambda,sym__call_suffix_no_trailing_lambda,178,1,IMPL_2fd52411c6e6,00010110000000010000000000000000
kotlin,C009,ClosureLambda,_expression_no_trailing_lambda,sym__expression_no_trailing_lambda,174,1,IMPL_2fd52411c6e6,00010110000000010000000000000000
kotlin,C009,ClosureLambda,_function_literal,sym__function_literal,273,1,IMPL_2fd52411c6e6,00010110000000010000000000000000
kotlin,C009,ClosureLambda,_generic_call_expression_no_trailing_lambda,sym__generic_call_expression_no_trailing_lambda,177,1,IMPL_2fd52411c6e6,00010110000000010000000000000000
kotlin,C009,ClosureLambda,_generic_call_suffix_no_trailing_lambda,sym__generic_call_suffix_no_trailing_lambda,179,1,IMPL_2fd52411c6e6,00010110000000010000000000000000
kotlin,C009,ClosureLambda,_lambda_parameter,sym__lambda_parameter,271,1,IMPL_2fd52411c6e6,00010110000000010000000000000000
kotlin,C009,ClosureLambda,_primary_expression_no_trailing_lambda,sym__primary_expression_no_trailing_lambda,175,1,IMPL_2fd52411c6e6,00010110000000010000000000000000
kotlin,C009,ClosureLambda,annotated_lambda,sym_annotated_lambda,258,1,IMPL_2fd52411c6e6,00010110000000010000000000000000
kotlin,C009,ClosureLambda,anonymous_function,sym_anonymous_function,272,1,IMPL_2fd52411c6e6,00010110000000010000000000000000
kotlin,C009,ClosureLambda,call_expression_no_trailing_lambda,sym_call_expression_no_trailing_lambda,176,1,IMPL_2fd52411c6e6,00010110000000010000000000000000
kotlin,C009,ClosureLambda,lambda_literal,sym_lambda_literal,268,1,IMPL_2fd52411c6e6,00010110000000010000000000000000
kotlin,C009,ClosureLambda,lambda_parameters,sym_lambda_parameters,270,1,IMPL_2fd52411c6e6,00010110000000010000000000000000
swift,C009,ClosureLambda,@autoclosure,,,0,IMPL_2fd52411c6e6,00010110000000010000000000000000
swift,C009,ClosureLambda,_fn_call_lambda_arguments,,,0,IMPL_2fd52411c6e6,00010110000000010000000000000000
swift,C009,ClosureLambda,_lambda_type_declaration,,,0,IMPL_2fd52411c6e6,00010110000000010000000000000000
swift,C009,ClosureLambda,lambda_function_type,,,0,IMPL_2fd52411c6e6,00010110000000010000000000000000
swift,C009,ClosureLambda,lambda_function_type_parameters,,,0,IMPL_2fd52411c6e6,00010110000000010000000000000000
swift,C009,ClosureLambda,lambda_literal,,,0,IMPL_2fd52411c6e6,00010110000000010000000000000000
swift,C009,ClosureLambda,lambda_parameter,,,0,IMPL_2fd52411c6e6,00010110000000010000000000000000
go,C010,Call,call_expression,sym_call_expression,171,1,IMPL_62fd00586e3f,00000001000000000000000000000100
rust,C010,Call,call_expression,sym_call_expression,256,1,IMPL_62fd00586e3f,00000001000000000000000000000100
rust,C010,Call,macro_invocation,sym_macro_invocation,239,1,IMPL_62fd00586e3f,00000001000000000000000000000100
cpp,C010,Call,call_expression,sym_call_expression,356,1,IMPL_62fd00586e3f,00000001000000000000000000000100
cpp,C010,Call,preproc_call_expression,sym_preproc_call_expression,257,1,IMPL_62fd00586e3f,00000001000000000000000000000100
c,C010,Call,call_expression,sym_call_expression,299,1,IMPL_62fd00586e3f,00000001000000000000000000000100
c,C010,Call,preproc_call_expression,sym_preproc_call_expression,193,1,IMPL_62fd00586e3f,00000001000000000000000000000100
zig,C010,Call,call_expression,sym_call_expression,235,1,IMPL_62fd00586e3f,00000001000000000000000000000100
julia,C010,Call,_closed_macrocall_expression,sym__closed_macrocall_expression,181,1,IMPL_62fd00586e3f,00000001000000000000000000000100
julia,C010,Call,broadcast_call_expression,sym_broadcast_call_expression,178,1,IMPL_62fd00586e3f,00000001000000000000000000000100
julia,C010,Call,call_expression,sym_call_expression,177,1,IMPL_62fd00586e3f,00000001000000000000000000000100
julia,C010,Call,macrocall_expression,sym_macrocall_expression,182,1,IMPL_62fd00586e3f,00000001000000000000000000000100
nim,C010,Call,_call_block,sym__call_block,250,1,IMPL_62fd00586e3f,00000001000000000000000000000100
nim,C010,Call,_call_block_argument_list,sym__call_block_argument_list,251,1,IMPL_62fd00586e3f,00000001000000000000000000000100
nim,C010,Call,_call_expression,sym__call_expression,255,1,IMPL_62fd00586e3f,00000001000000000000000000000100
nim,C010,Call,_dot_generic_call_block,sym__dot_generic_call_block,249,1,IMPL_62fd00586e3f,00000001000000000000000000000100
csharp,C010,Call,_complex_invocation_expression,sym__complex_invocation_expression,354,1,IMPL_62fd00586e3f,00000001000000000000000000000100
csharp,C010,Call,invocation_expression,sym_invocation_expression,403,1,IMPL_62fd00586e3f,00000001000000000000000000000100
kotlin,C010,Call,_call_suffix_no_trailing_lambda,sym__call_suffix_no_trailing_lambda,178,1,IMPL_62fd00586e3f,00000001000000000000000000000100
kotlin,C010,Call,_generic_call_expression,sym__generic_call_expression,237,1,IMPL_62fd00586e3f,00000001000000000000000000000100
kotlin,C010,Call,_generic_call_expression_no_trailing_lambda,sym__generic_call_expression_no_trailing_lambda,177,1,IMPL_62fd00586e3f,00000001000000000000000000000100
kotlin,C010,Call,_generic_call_suffix,sym__generic_call_suffix,257,1,IMPL_62fd00586e3f,00000001000000000000000000000100
kotlin,C010,Call,_generic_call_suffix_no_trailing_lambda,sym__generic_call_suffix_no_trailing_lambda,179,1,IMPL_62fd00586e3f,00000001000000000000000000000100
kotlin,C010,Call,call_expression,sym_call_expression,236,1,IMPL_62fd00586e3f,00000001000000000000000000000100
kotlin,C010,Call,call_expression_no_trailing_lambda,sym_call_expression_no_trailing_lambda,176,1,IMPL_62fd00586e3f,00000001000000000000000000000100
kotlin,C010,Call,call_suffix,sym_call_suffix,256,1,IMPL_62fd00586e3f,00000001000000000000000000000100
swift,C010,Call,call_expression,,,0,IMPL_62fd00586e3f,00000001000000000000000000000100
swift,C010,Call,call_suffix,,,0,IMPL_62fd00586e3f,00000001000000000000000000000100
swift,C010,Call,expr_hack_at_ternary_binary_call_suffix,,,0,IMPL_62fd00586e3f,00000001000000000000000000000100
swift,C010,Call,macro_invocation,,,0,IMPL_62fd00586e3f,00000001000000000000000000000100
go,C011,MemberAccess,selector_expression,sym_selector_expression,175,1,IMPL_e4c0186f177d,00010000100000000000000000000000
rust,C011,MemberAccess,field_expression,sym_field_expression,288,1,IMPL_e4c0186f177d,00010000100000000000000000000000
cpp,C011,MemberAccess,field_expression,sym_field_expression,367,1,IMPL_e4c0186f177d,00010000100000000000000000000000
cpp,C011,MemberAccess,qualified_identifier,sym_qualified_identifier,508,1,IMPL_e4c0186f177d,00010000100000000000000000000000
c,C011,MemberAccess,field_expression,sym_field_expression,310,1,IMPL_e4c0186f177d,00010000100000000000000000000000
zig,C011,MemberAccess,field_expression,sym_field_expression,230,1,IMPL_e4c0186f177d,00010000100000000000000000000000
julia,C011,MemberAccess,field_expression,sym_field_expression,174,1,IMPL_e4c0186f177d,00010000100000000000000000000000
csharp,C011,MemberAccess,member_access_expression,sym_member_access_expression,418,1,IMPL_e4c0186f177d,00010000100000000000000000000000
csharp,C011,MemberAccess,qualified_identifier,,,0,IMPL_e4c0186f177d,00010000100000000000000000000000
kotlin,C011,MemberAccess,_member_access_operator,sym__member_access_operator,300,1,IMPL_e4c0186f177d,00010000100000000000000000000000
kotlin,C011,MemberAccess,navigation_expression,sym_navigation_expression,239,1,IMPL_e4c0186f177d,00010000100000000000000000000000
swift,C011,MemberAccess,navigation_expression,,,0,IMPL_e4c0186f177d,00010000100000000000000000000000
swift,C011,MemberAccess,selector_expression,,,0,IMPL_e4c0186f177d,00010000100000000000000000000000
go,C012,Index,index_expression,sym_index_expression,176,1,IMPL_bf593514388e,00000000010000000000000000000100
rust,C012,Index,index_expression,sym_index_expression,286,1,IMPL_bf593514388e,00000000010000000000000000000100
cpp,C012,Index,subscript_argument_list,sym_subscript_argument_list,470,1,IMPL_bf593514388e,00000000010000000000000000000100
cpp,C012,Index,subscript_designator,sym_subscript_designator,372,1,IMPL_bf593514388e,00000000010000000000000000000100
cpp,C012,Index,subscript_expression,sym_subscript_expression,355,1,IMPL_bf593514388e,00000000010000000000000000000100
cpp,C012,Index,subscript_range_designator,sym_subscript_range_designator,373,1,IMPL_bf593514388e,00000000010000000000000000000100
c,C012,Index,subscript_designator,sym_subscript_designator,315,1,IMPL_bf593514388e,00000000010000000000000000000100
c,C012,Index,subscript_expression,sym_subscript_expression,298,1,IMPL_bf593514388e,00000000010000000000000000000100
c,C012,Index,subscript_range_designator,sym_subscript_range_designator,316,1,IMPL_bf593514388e,00000000010000000000000000000100
python,C012,Index,subscript,sym_subscript,205,1,IMPL_bf593514388e,00000000010000000000000000000100
zig,C012,Index,index_expression,sym_index_expression,231,1,IMPL_bf593514388e,00000000010000000000000000000100
julia,C012,Index,index_expression,sym_index_expression,175,1,IMPL_bf593514388e,00000000010000000000000000000100
kotlin,C012,Index,indexing_expression,sym_indexing_expression,238,1,IMPL_bf593514388e,00000000010000000000000000000100
swift,C012,Index,subscript,,,0,IMPL_bf593514388e,00000000010000000000000000000100
swift,C012,Index,subscript_declaration,,,0,IMPL_bf593514388e,00000000010000000000000000000100
go,C013,Slice,slice_expression,sym_slice_expression,177,1,IMPL_443565cf1bb8,00000000010000000000000000000100
rust,C013,Slice,slice_pattern,sym_slice_pattern,297,1,IMPL_443565cf1bb8,00000000010000000000000000000100
csharp,C013,Slice,slice_pattern,sym_slice_pattern,359,1,IMPL_443565cf1bb8,00000000010000000000000000000100
r,C014,Literal,_float_literal,sym__float_literal,112,1,IMPL_980f8398de6d,00000000001000000000010000000000
r,C014,Literal,_hex_literal,sym__hex_literal,43,1,IMPL_980f8398de6d,00000000001000000000010000000000
r,C014,Literal,_number_literal,sym__number_literal,44,1,IMPL_980f8398de6d,00000000001000000000010000000000
go,C014,Literal,_string_literal,,,0,IMPL_980f8398de6d,00000000001000000000010000000000
go,C014,Literal,composite_literal,sym_composite_literal,181,1,IMPL_980f8398de6d,00000000001000000000010000000000
go,C014,Literal,float_literal,sym_float_literal,87,1,IMPL_980f8398de6d,00000000001000000000010000000000
go,C014,Literal,func_literal,sym_func_literal,185,1,IMPL_980f8398de6d,00000000001000000000010000000000
go,C014,Literal,imaginary_literal,sym_imaginary_literal,88,1,IMPL_980f8398de6d,00000000001000000000010000000000
go,C014,Literal,int_literal,sym_int_literal,86,1,IMPL_980f8398de6d,00000000001000000000010000000000
go,C014,Literal,interpreted_string_literal,sym_interpreted_string_literal,190,1,IMPL_980f8398de6d,00000000001000000000010000000000
go,C014,Literal,interpreted_string_literal_content,,,0,IMPL_980f8398de6d,00000000001000000000010000000000
go,C014,Literal,raw_string_literal,sym_raw_string_literal,189,1,IMPL_980f8398de6d,00000000001000000000010000000000
go,C014,Literal,raw_string_literal_content,,,0,IMPL_980f8398de6d,00000000001000000000010000000000
go,C014,Literal,rune_literal,sym_rune_literal,89,1,IMPL_980f8398de6d,00000000001000000000010000000000
rust,C014,Literal,_literal,sym__literal,308,1,IMPL_980f8398de6d,00000000001000000000010000000000
rust,C014,Literal,boolean_literal,sym_boolean_literal,313,1,IMPL_980f8398de6d,00000000001000000000010000000000
rust,C014,Literal,char_literal,sym_char_literal,129,1,IMPL_980f8398de6d,00000000001000000000010000000000
rust,C014,Literal,float_literal,sym_float_literal,151,1,IMPL_980f8398de6d,00000000001000000000010000000000
rust,C014,Literal,integer_literal,sym_integer_literal,127,1,IMPL_980f8398de6d,00000000001000000000010000000000
rust,C014,Literal,literal,,,0,IMPL_980f8398de6d,00000000001000000000010000000000
rust,C014,Literal,negative_literal,sym_negative_literal,310,1,IMPL_980f8398de6d,00000000001000000000010000000000
rust,C014,Literal,raw_string_literal,sym_raw_string_literal,312,1,IMPL_980f8398de6d,00000000001000000000010000000000
rust,C014,Literal,string_literal,sym_string_literal,311,1,IMPL_980f8398de6d,00000000001000000000010000000000
cpp,C014,Literal,char_literal,sym_char_literal,375,1,IMPL_980f8398de6d,00000000001000000000010000000000
cpp,C014,Literal,number_literal,sym_number_literal,160,1,IMPL_980f8398de6d,00000000001000000000010000000000
cpp,C014,Literal,raw_string_literal,sym_raw_string_literal,469,1,IMPL_980f8398de6d,00000000001000000000010000000000
cpp,C014,Literal,string_literal,sym_string_literal,377,1,IMPL_980f8398de6d,00000000001000000000010000000000
cpp,C014,Literal,user_defined_literal,sym_user_defined_literal,519,1,IMPL_980f8398de6d,00000000001000000000010000000000
c,C014,Literal,char_literal,sym_char_literal,318,1,IMPL_980f8398de6d,00000000001000000000010000000000
c,C014,Literal,number_literal,sym_number_literal,141,1,IMPL_980f8398de6d,00000000001000000000010000000000
c,C014,Literal,string_literal,sym_string_literal,320,1,IMPL_980f8398de6d,00000000001000000000010000000000
julia,C014,Literal,boolean_literal,sym_boolean_literal,201,1,IMPL_980f8398de6d,00000000001000000000010000000000
julia,C014,Literal,character_literal,sym_character_literal,73,1,IMPL_980f8398de6d,00000000001000000000010000000000
julia,C014,Literal,command_literal,sym_command_literal,210,1,IMPL_980f8398de6d,00000000001000000000010000000000
julia,C014,Literal,float_literal,sym_float_literal,203,1,IMPL_980f8398de6d,00000000001000000000010000000000
julia,C014,Literal,integer_literal,sym_integer_literal,202,1,IMPL_980f8398de6d,00000000001000000000010000000000
julia,C014,Literal,prefixed_command_literal,sym_prefixed_command_literal,212,1,IMPL_980f8398de6d,00000000001000000000010000000000
julia,C014,Literal,prefixed_string_literal,sym_prefixed_string_literal,211,1,IMPL_980f8398de6d,00000000001000000000010000000000
julia,C014,Literal,string_literal,sym_string_literal,209,1,IMPL_980f8398de6d,00000000001000000000010000000000
nim,C014,Literal,_generalized_string_literal,sym__generalized_string_literal,312,1,IMPL_980f8398de6d,00000000001000000000010000000000
nim,C014,Literal,_literal,sym__literal,329,1,IMPL_980f8398de6d,00000000001000000000010000000000
nim,C014,Literal,_string_literal,sym__string_literal,332,1,IMPL_980f8398de6d,00000000001000000000010000000000
nim,C014,Literal,char_literal,sym_char_literal,331,1,IMPL_980f8398de6d,00000000001000000000010000000000
nim,C014,Literal,custom_numeric_literal,sym_custom_numeric_literal,98,1,IMPL_980f8398de6d,00000000001000000000010000000000
nim,C014,Literal,float_literal,sym_float_literal,97,1,IMPL_980f8398de6d,00000000001000000000010000000000
nim,C014,Literal,integer_literal,sym_integer_literal,96,1,IMPL_980f8398de6d,00000000001000000000010000000000
nim,C014,Literal,interpreted_string_literal,sym_interpreted_string_literal,333,1,IMPL_980f8398de6d,00000000001000000000010000000000
nim,C014,Literal,long_string_literal,sym_long_string_literal,338,1,IMPL_980f8398de6d,00000000001000000000010000000000
nim,C014,Literal,nil_literal,sym_nil_literal,330,1,IMPL_980f8398de6d,00000000001000000000010000000000
nim,C014,Literal,raw_string_literal,sym_raw_string_literal,335,1,IMPL_980f8398de6d,00000000001000000000010000000000
csharp,C014,Literal,boolean_literal,sym_boolean_literal,457,1,IMPL_980f8398de6d,00000000001000000000010000000000
csharp,C014,Literal,character_literal,sym_character_literal,454,1,IMPL_980f8398de6d,00000000001000000000010000000000
csharp,C014,Literal,character_literal_content,sym_character_literal_content,172,1,IMPL_980f8398de6d,00000000001000000000010000000000
csharp,C014,Literal,integer_literal,sym_integer_literal,173,1,IMPL_980f8398de6d,00000000001000000000010000000000
csharp,C014,Literal,literal,sym_literal,453,1,IMPL_980f8398de6d,00000000001000000000010000000000
csharp,C014,Literal,null_literal,sym_null_literal,170,1,IMPL_980f8398de6d,00000000001000000000010000000000
csharp,C014,Literal,raw_string_literal,sym_raw_string_literal,456,1,IMPL_980f8398de6d,00000000001000000000010000000000
csharp,C014,Literal,real_literal,sym_real_literal,174,1,IMPL_980f8398de6d,00000000001000000000010000000000
csharp,C014,Literal,string_literal,sym_string_literal,455,1,IMPL_980f8398de6d,00000000001000000000010000000000
csharp,C014,Literal,string_literal_content,sym_string_literal_content,176,1,IMPL_980f8398de6d,00000000001000000000010000000000
csharp,C014,Literal,string_literal_encoding,sym_string_literal_encoding,178,1,IMPL_980f8398de6d,00000000001000000000010000000000
csharp,C014,Literal,verbatim_string_literal,sym_verbatim_string_literal,179,1,IMPL_980f8398de6d,00000000001000000000010000000000
java,C014,Literal,_literal,sym__literal,140,1,IMPL_980f8398de6d,00000000001000000000010000000000
java,C014,Literal,_multiline_string_literal,sym__multiline_string_literal,143,1,IMPL_980f8398de6d,00000000001000000000010000000000
java,C014,Literal,_string_literal,sym__string_literal,142,1,IMPL_980f8398de6d,00000000001000000000010000000000
java,C014,Literal,binary_integer_literal,sym_binary_integer_literal,5,1,IMPL_980f8398de6d,00000000001000000000010000000000
java,C014,Literal,character_literal,sym_character_literal,10,1,IMPL_980f8398de6d,00000000001000000000010000000000
java,C014,Literal,class_literal,sym_class_literal,161,1,IMPL_980f8398de6d,00000000001000000000010000000000
java,C014,Literal,decimal_floating_point_literal,sym_decimal_floating_point_literal,6,1,IMPL_980f8398de6d,00000000001000000000010000000000
java,C014,Literal,decimal_integer_literal,sym_decimal_integer_literal,2,1,IMPL_980f8398de6d,00000000001000000000010000000000
java,C014,Literal,hex_floating_point_literal,sym_hex_floating_point_literal,7,1,IMPL_980f8398de6d,00000000001000000000010000000000
java,C014,Literal,hex_integer_literal,sym_hex_integer_literal,3,1,IMPL_980f8398de6d,00000000001000000000010000000000
java,C014,Literal,null_literal,sym_null_literal,20,1,IMPL_980f8398de6d,00000000001000000000010000000000
java,C014,Literal,octal_integer_literal,sym_octal_integer_literal,4,1,IMPL_980f8398de6d,00000000001000000000010000000000
java,C014,Literal,string_literal,sym_string_literal,141,1,IMPL_980f8398de6d,00000000001000000000010000000000
kotlin,C014,Literal,_function_literal,sym__function_literal,273,1,IMPL_980f8398de6d,00000000001000000000010000000000
kotlin,C014,Literal,_uni_character_literal,sym__uni_character_literal,340,1,IMPL_980f8398de6d,00000000001000000000010000000000
kotlin,C014,Literal,bin_literal,sym_bin_literal,132,1,IMPL_980f8398de6d,00000000001000000000010000000000
kotlin,C014,Literal,boolean_literal,sym_boolean_literal,336,1,IMPL_980f8398de6d,00000000001000000000010000000000
kotlin,C014,Literal,character_literal,sym_character_literal,337,1,IMPL_980f8398de6d,00000000001000000000010000000000
kotlin,C014,Literal,collection_literal,sym_collection_literal,264,1,IMPL_980f8398de6d,00000000001000000000010000000000
kotlin,C014,Literal,hex_literal,sym_hex_literal,131,1,IMPL_980f8398de6d,00000000001000000000010000000000
kotlin,C014,Literal,integer_literal,sym_integer_literal,130,1,IMPL_980f8398de6d,00000000001000000000010000000000
kotlin,C014,Literal,lambda_literal,sym_lambda_literal,268,1,IMPL_980f8398de6d,00000000001000000000010000000000
kotlin,C014,Literal,long_literal,sym_long_literal,335,1,IMPL_980f8398de6d,00000000001000000000010000000000
kotlin,C014,Literal,null_literal,sym_null_literal,139,1,IMPL_980f8398de6d,00000000001000000000010000000000
kotlin,C014,Literal,object_literal,sym_object_literal,274,1,IMPL_980f8398de6d,00000000001000000000010000000000
kotlin,C014,Literal,real_literal,sym_real_literal,129,1,IMPL_980f8398de6d,00000000001000000000010000000000
kotlin,C014,Literal,string_literal,sym_string_literal,266,1,IMPL_980f8398de6d,00000000001000000000010000000000
kotlin,C014,Literal,unsigned_literal,sym_unsigned_literal,334,1,IMPL_980f8398de6d,00000000001000000000010000000000
swift,C014,Literal,_basic_literal,,,0,IMPL_980f8398de6d,00000000001000000000010000000000
swift,C014,Literal,_extended_regex_literal,,,0,IMPL_980f8398de6d,00000000001000000000010000000000
swift,C014,Literal,_multiline_regex_literal,,,0,IMPL_980f8398de6d,00000000001000000000010000000000
swift,C014,Literal,_oneline_regex_literal,,,0,IMPL_980f8398de6d,00000000001000000000010000000000
swift,C014,Literal,_string_literal,,,0,IMPL_980f8398de6d,00000000001000000000010000000000
swift,C014,Literal,_uni_character_literal,,,0,IMPL_980f8398de6d,00000000001000000000010000000000
swift,C014,Literal,array_literal,,,0,IMPL_980f8398de6d,00000000001000000000010000000000
swift,C014,Literal,bin_literal,,,0,IMPL_980f8398de6d,00000000001000000000010000000000
swift,C014,Literal,boolean_literal,,,0,IMPL_980f8398de6d,00000000001000000000010000000000
swift,C014,Literal,colorLiteral,,,0,IMPL_980f8398de6d,00000000001000000000010000000000
swift,C014,Literal,dictionary_literal,,,0,IMPL_980f8398de6d,00000000001000000000010000000000
swift,C014,Literal,fileLiteral,,,0,IMPL_980f8398de6d,00000000001000000000010000000000
swift,C014,Literal,hex_literal,,,0,IMPL_980f8398de6d,00000000001000000000010000000000
swift,C014,Literal,imageLiteral,,,0,IMPL_980f8398de6d,00000000001000000000010000000000
swift,C014,Literal,integer_literal,,,0,IMPL_980f8398de6d,00000000001000000000010000000000
swift,C014,Literal,lambda_literal,,,0,IMPL_980f8398de6d,00000000001000000000010000000000
swift,C014,Literal,line_string_literal,,,0,IMPL_980f8398de6d,00000000001000000000010000000000
swift,C014,Literal,multi_line_string_literal,,,0,IMPL_980f8398de6d,00000000001000000000010000000000
swift,C014,Literal,nil_literal,,,0,IMPL_980f8398de6d,00000000001000000000010000000000
swift,C014,Literal,oct_literal,,,0,IMPL_980f8398de6d,00000000001000000000010000000000
swift,C014,Literal,playground_literal,,,0,IMPL_980f8398de6d,00000000001000000000010000000000
swift,C014,Literal,raw_string_literal,,,0,IMPL_980f8398de6d,00000000001000000000010000000000
swift,C014,Literal,real_literal,,,0,IMPL_980f8398de6d,00000000001000000000010000000000
swift,C014,Literal,regex_literal,,,0,IMPL_980f8398de6d,00000000001000000000010000000000
swift,C014,Literal,special_literal,,,0,IMPL_980f8398de6d,00000000001000000000010000000000
rust,C015,Tuple,tuple_expression,sym_tuple_expression,260,1,IMPL_00b2b59dbd2a,00000000000100000000010000000000
rust,C015,Tuple,tuple_pattern,sym_tuple_pattern,296,1,IMPL_00b2b59dbd2a,00000000000100000000010000000000
rust,C015,Tuple,tuple_struct_pattern,sym_tuple_struct_pattern,298,1,IMPL_00b2b59dbd2a,00000000000100000000010000000000
rust,C015,Tuple,tuple_type,sym_tuple_type,223,1,IMPL_00b2b59dbd2a,00000000000100000000010000000000
python,C015,Tuple,_tuple_pattern,sym__tuple_pattern,169,1,IMPL_00b2b59dbd2a,00000000000100000000010000000000
python,C015,Tuple,tuple,sym_tuple,218,1,IMPL_00b2b59dbd2a,00000000000100000000010000000000
python,C015,Tuple,tuple_expression,sym_tuple_expression,123,1,IMPL_00b2b59dbd2a,00000000000100000000010000000000
python,C015,Tuple,tuple_pattern,sym_tuple_pattern,180,1,IMPL_00b2b59dbd2a,00000000000100000000010000000000
julia,C015,Tuple,open_tuple,sym_open_tuple,123,1,IMPL_00b2b59dbd2a,00000000000100000000010000000000
julia,C015,Tuple,tuple_expression,sym_tuple_expression,171,1,IMPL_00b2b59dbd2a,00000000000100000000010000000000
nim,C015,Tuple,_tuple_declaration,sym__tuple_declaration,200,1,IMPL_00b2b59dbd2a,00000000000100000000010000000000
nim,C015,Tuple,_tuple_field_declaration_list,sym__tuple_field_declaration_list,279,1,IMPL_00b2b59dbd2a,00000000000100000000010000000000
nim,C015,Tuple,tuple,,,0,IMPL_00b2b59dbd2a,00000000000100000000010000000000
nim,C015,Tuple,tuple_construction,sym_tuple_construction,310,1,IMPL_00b2b59dbd2a,00000000000100000000010000000000
nim,C015,Tuple,tuple_deconstruct_declaration,sym_tuple_deconstruct_declaration,326,1,IMPL_00b2b59dbd2a,00000000000100000000010000000000
nim,C015,Tuple,tuple_type,sym_tuple_type,273,1,IMPL_00b2b59dbd2a,00000000000100000000010000000000
csharp,C015,Tuple,tuple_element,sym_tuple_element,316,1,IMPL_00b2b59dbd2a,00000000000100000000010000000000
csharp,C015,Tuple,tuple_expression,sym_tuple_expression,452,1,IMPL_00b2b59dbd2a,00000000000100000000010000000000
csharp,C015,Tuple,tuple_pattern,sym_tuple_pattern,284,1,IMPL_00b2b59dbd2a,00000000000100000000010000000000
csharp,C015,Tuple,tuple_type,sym_tuple_type,315,1,IMPL_00b2b59dbd2a,00000000000100000000010000000000
swift,C015,Tuple,_tuple_pattern,,,0,IMPL_00b2b59dbd2a,00000000000100000000010000000000
swift,C015,Tuple,_tuple_pattern_item,,,0,IMPL_00b2b59dbd2a,00000000000100000000010000000000
swift,C015,Tuple,_tuple_type_item_identifier,,,0,IMPL_00b2b59dbd2a,00000000000100000000010000000000
swift,C015,Tuple,tuple_expression,,,0,IMPL_00b2b59dbd2a,00000000000100000000010000000000
swift,C015,Tuple,tuple_type,,,0,IMPL_00b2b59dbd2a,00000000000100000000010000000000
swift,C015,Tuple,tuple_type_item,,,0,IMPL_00b2b59dbd2a,00000000000100000000010000000000
go,C016,AggregateCollection,argument_list,sym_argument_list,174,1,IMPL_6521a7e37bbf,00000000000100000000010000000000
go,C016,AggregateCollection,expression_list,sym_expression_list,117,1,IMPL_6521a7e37bbf,00000000000100000000010000000000
go,C016,AggregateCollection,field_declaration_list,sym_field_declaration_list,128,1,IMPL_6521a7e37bbf,00000000000100000000010000000000
go,C016,AggregateCollection,field_name_list,,,0,IMPL_6521a7e37bbf,00000000000100000000010000000000
go,C016,AggregateCollection,import_spec_list,sym_import_spec_list,100,1,IMPL_6521a7e37bbf,00000000000100000000010000000000
go,C016,AggregateCollection,parameter_list,sym_parameter_list,111,1,IMPL_6521a7e37bbf,00000000000100000000010000000000
go,C016,AggregateCollection,special_argument_list,sym_special_argument_list,173,1,IMPL_6521a7e37bbf,00000000000100000000010000000000
go,C016,AggregateCollection,statement_list,sym_statement_list,137,1,IMPL_6521a7e37bbf,00000000000100000000010000000000
go,C016,AggregateCollection,type_parameter_list,sym_type_parameter_list,109,1,IMPL_6521a7e37bbf,00000000000100000000010000000000
go,C016,AggregateCollection,var_spec_list,sym_var_spec_list,106,1,IMPL_6521a7e37bbf,00000000000100000000010000000000
rust,C016,AggregateCollection,declaration_list,sym_declaration_list,175,1,IMPL_6521a7e37bbf,00000000000100000000010000000000
rust,C016,AggregateCollection,enum_variant_list,sym_enum_variant_list,179,1,IMPL_6521a7e37bbf,00000000000100000000010000000000
rust,C016,AggregateCollection,field_declaration_list,sym_field_declaration_list,181,1,IMPL_6521a7e37bbf,00000000000100000000010000000000
rust,C016,AggregateCollection,field_initializer_list,sym_field_initializer_list,263,1,IMPL_6521a7e37bbf,00000000000100000000010000000000
rust,C016,AggregateCollection,ordered_field_declaration_list,sym_ordered_field_declaration_list,183,1,IMPL_6521a7e37bbf,00000000000100000000010000000000
rust,C016,AggregateCollection,scoped_use_list,sym_scoped_use_list,206,1,IMPL_6521a7e37bbf,00000000000100000000010000000000
rust,C016,AggregateCollection,use_list,sym_use_list,207,1,IMPL_6521a7e37bbf,00000000000100000000010000000000
cpp,C016,AggregateCollection,_old_style_parameter_list,,,0,IMPL_6521a7e37bbf,00000000000100000000010000000000
cpp,C016,AggregateCollection,argument_list,sym_argument_list,366,1,IMPL_6521a7e37bbf,00000000000100000000010000000000
cpp,C016,AggregateCollection,declaration_list,sym_declaration_list,276,1,IMPL_6521a7e37bbf,00000000000100000000010000000000
cpp,C016,AggregateCollection,enumerator_list,sym_enumerator_list,308,1,IMPL_6521a7e37bbf,00000000000100000000010000000000
cpp,C016,AggregateCollection,field_declaration_list,sym_field_declaration_list,311,1,IMPL_6521a7e37bbf,00000000000100000000010000000000
cpp,C016,AggregateCollection,field_initializer_list,sym_field_initializer_list,418,1,IMPL_6521a7e37bbf,00000000000100000000010000000000
cpp,C016,AggregateCollection,gnu_asm_clobber_list,sym_gnu_asm_clobber_list,363,1,IMPL_6521a7e37bbf,00000000000100000000010000000000
cpp,C016,AggregateCollection,gnu_asm_goto_list,sym_gnu_asm_goto_list,364,1,IMPL_6521a7e37bbf,00000000000100000000010000000000
cpp,C016,AggregateCollection,gnu_asm_input_operand_list,sym_gnu_asm_input_operand_list,361,1,IMPL_6521a7e37bbf,00000000000100000000010000000000
cpp,C016,AggregateCollection,gnu_asm_output_operand_list,sym_gnu_asm_output_operand_list,359,1,IMPL_6521a7e37bbf,00000000000100000000010000000000
cpp,C016,AggregateCollection,initializer_list,sym_initializer_list,370,1,IMPL_6521a7e37bbf,00000000000100000000010000000000
cpp,C016,AggregateCollection,parameter_list,sym_parameter_list,316,1,IMPL_6521a7e37bbf,00000000000100000000010000000000
cpp,C016,AggregateCollection,preproc_argument_list,sym_preproc_argument_list,258,1,IMPL_6521a7e37bbf,00000000000100000000010000000000
cpp,C016,AggregateCollection,preproc_elif_in_enumerator_list,sym_preproc_elif_in_enumerator_list,246,1,IMPL_6521a7e37bbf,00000000000100000000010000000000
cpp,C016,AggregateCollection,preproc_elif_in_field_declaration_list,sym_preproc_elif_in_field_declaration_list,241,1,IMPL_6521a7e37bbf,00000000000100000000010000000000
cpp,C016,AggregateCollection,preproc_elifdef_in_enumerator_list,sym_preproc_elifdef_in_enumerator_list,247,1,IMPL_6521a7e37bbf,00000000000100000000010000000000
cpp,C016,AggregateCollection,preproc_elifdef_in_field_declaration_list,sym_preproc_elifdef_in_field_declaration_list,242,1,IMPL_6521a7e37bbf,00000000000100000000010000000000
cpp,C016,AggregateCollection,preproc_else_in_enumerator_list,sym_preproc_else_in_enumerator_list,245,1,IMPL_6521a7e37bbf,00000000000100000000010000000000
cpp,C016,AggregateCollection,preproc_else_in_field_declaration_list,sym_preproc_else_in_field_declaration_list,240,1,IMPL_6521a7e37bbf,00000000000100000000010000000000
cpp,C016,AggregateCollection,preproc_if_in_enumerator_list,sym_preproc_if_in_enumerator_list,243,1,IMPL_6521a7e37bbf,00000000000100000000010000000000
cpp,C016,AggregateCollection,preproc_if_in_field_declaration_list,sym_preproc_if_in_field_declaration_list,238,1,IMPL_6521a7e37bbf,00000000000100000000010000000000
cpp,C016,AggregateCollection,preproc_ifdef_in_enumerator_list,sym_preproc_ifdef_in_enumerator_list,244,1,IMPL_6521a7e37bbf,00000000000100000000010000000000
cpp,C016,AggregateCollection,preproc_ifdef_in_field_declaration_list,sym_preproc_ifdef_in_field_declaration_list,239,1,IMPL_6521a7e37bbf,00000000000100000000010000000000
cpp,C016,AggregateCollection,requires_parameter_list,sym_requires_parameter_list,483,1,IMPL_6521a7e37bbf,00000000000100000000010000000000
cpp,C016,AggregateCollection,subscript_argument_list,sym_subscript_argument_list,470,1,IMPL_6521a7e37bbf,00000000000100000000010000000000
cpp,C016,AggregateCollection,template_argument_list,sym_template_argument_list,449,1,IMPL_6521a7e37bbf,00000000000100000000010000000000
cpp,C016,AggregateCollection,template_parameter_list,sym_template_parameter_list,407,1,IMPL_6521a7e37bbf,00000000000100000000010000000000
c,C016,AggregateCollection,_old_style_parameter_list,sym__old_style_parameter_list,259,1,IMPL_6521a7e37bbf,00000000000100000000010000000000
c,C016,AggregateCollection,argument_list,sym_argument_list,309,1,IMPL_6521a7e37bbf,00000000000100000000010000000000
c,C016,AggregateCollection,declaration_list,sym_declaration_list,213,1,IMPL_6521a7e37bbf,00000000000100000000010000000000
c,C016,AggregateCollection,enumerator_list,sym_enumerator_list,248,1,IMPL_6521a7e37bbf,00000000000100000000010000000000
c,C016,AggregateCollection,field_declaration_list,sym_field_declaration_list,251,1,IMPL_6521a7e37bbf,00000000000100000000010000000000
c,C016,AggregateCollection,gnu_asm_clobber_list,sym_gnu_asm_clobber_list,306,1,IMPL_6521a7e37bbf,00000000000100000000010000000000
c,C016,AggregateCollection,gnu_asm_goto_list,sym_gnu_asm_goto_list,307,1,IMPL_6521a7e37bbf,00000000000100000000010000000000
c,C016,AggregateCollection,gnu_asm_input_operand_list,sym_gnu_asm_input_operand_list,304,1,IMPL_6521a7e37bbf,00000000000100000000010000000000
c,C016,AggregateCollection,gnu_asm_output_operand_list,sym_gnu_asm_output_operand_list,302,1,IMPL_6521a7e37bbf,00000000000100000000010000000000
c,C016,AggregateCollection,initializer_list,sym_initializer_list,313,1,IMPL_6521a7e37bbf,00000000000100000000010000000000
c,C016,AggregateCollection,parameter_list,sym_parameter_list,258,1,IMPL_6521a7e37bbf,00000000000100000000010000000000
c,C016,AggregateCollection,preproc_argument_list,sym_preproc_argument_list,194,1,IMPL_6521a7e37bbf,00000000000100000000010000000000
c,C016,AggregateCollection,preproc_elif_in_enumerator_list,sym_preproc_elif_in_enumerator_list,182,1,IMPL_6521a7e37bbf,00000000000100000000010000000000
c,C016,AggregateCollection,preproc_elif_in_field_declaration_list,sym_preproc_elif_in_field_declaration_list,177,1,IMPL_6521a7e37bbf,00000000000100000000010000000000
c,C016,AggregateCollection,preproc_elifdef_in_enumerator_list,sym_preproc_elifdef_in_enumerator_list,183,1,IMPL_6521a7e37bbf,00000000000100000000010000000000
c,C016,AggregateCollection,preproc_elifdef_in_field_declaration_list,sym_preproc_elifdef_in_field_declaration_list,178,1,IMPL_6521a7e37bbf,00000000000100000000010000000000
c,C016,AggregateCollection,preproc_else_in_enumerator_list,sym_preproc_else_in_enumerator_list,181,1,IMPL_6521a7e37bbf,00000000000100000000010000000000
c,C016,AggregateCollection,preproc_else_in_field_declaration_list,sym_preproc_else_in_field_declaration_list,176,1,IMPL_6521a7e37bbf,00000000000100000000010000000000
c,C016,AggregateCollection,preproc_if_in_enumerator_list,sym_preproc_if_in_enumerator_list,179,1,IMPL_6521a7e37bbf,00000000000100000000010000000000
c,C016,AggregateCollection,preproc_if_in_field_declaration_list,sym_preproc_if_in_field_declaration_list,174,1,IMPL_6521a7e37bbf,00000000000100000000010000000000
c,C016,AggregateCollection,preproc_ifdef_in_enumerator_list,sym_preproc_ifdef_in_enumerator_list,180,1,IMPL_6521a7e37bbf,00000000000100000000010000000000
c,C016,AggregateCollection,preproc_ifdef_in_field_declaration_list,sym_preproc_ifdef_in_field_declaration_list,175,1,IMPL_6521a7e37bbf,00000000000100000000010000000000
python,C016,AggregateCollection,_import_list,sym__import_list,116,1,IMPL_6521a7e37bbf,00000000000100000000010000000000
python,C016,AggregateCollection,argument_list,sym_argument_list,158,1,IMPL_6521a7e37bbf,00000000000100000000010000000000
python,C016,AggregateCollection,dictionary,sym_dictionary,219,1,IMPL_6521a7e37bbf,00000000000100000000010000000000
python,C016,AggregateCollection,dictionary_comprehension,sym_dictionary_comprehension,222,1,IMPL_6521a7e37bbf,00000000000100000000010000000000
python,C016,AggregateCollection,dictionary_splat,sym_dictionary_splat,150,1,IMPL_6521a7e37bbf,00000000000100000000010000000000
python,C016,AggregateCollection,dictionary_splat_pattern,sym_dictionary_splat_pattern,185,1,IMPL_6521a7e37bbf,00000000000100000000010000000000
python,C016,AggregateCollection,expression_list,sym_expression_list,162,1,IMPL_6521a7e37bbf,00000000000100000000010000000000
python,C016,AggregateCollection,list,sym_list,216,1,IMPL_6521a7e37bbf,00000000000100000000010000000000
python,C016,AggregateCollection,pattern_list,sym_pattern_list,201,1,IMPL_6521a7e37bbf,00000000000100000000010000000000
zig,C016,AggregateCollection,initializer_list,sym_initializer_list,238,1,IMPL_6521a7e37bbf,00000000000100000000010000000000
julia,C016,AggregateCollection,_import_list,sym__import_list,154,1,IMPL_6521a7e37bbf,00000000000100000000010000000000
julia,C016,AggregateCollection,argument_list,alias_sym_argument_list,243,1,IMPL_6521a7e37bbf,00000000000100000000010000000000
julia,C016,AggregateCollection,macro_argument_list,sym_macro_argument_list,183,1,IMPL_6521a7e37bbf,00000000000100000000010000000000
nim,C016,AggregateCollection,_block_statement_list,sym__block_statement_list,144,1,IMPL_6521a7e37bbf,00000000000100000000010000000000
nim,C016,AggregateCollection,_call_argument_list,sym__call_argument_list,256,1,IMPL_6521a7e37bbf,00000000000100000000010000000000
nim,C016,AggregateCollection,_call_block_argument_list,sym__call_block_argument_list,251,1,IMPL_6521a7e37bbf,00000000000100000000010000000000
nim,C016,AggregateCollection,_call_do_argument_list,sym__call_do_argument_list,254,1,IMPL_6521a7e37bbf,00000000000100000000010000000000
nim,C016,AggregateCollection,_colon_equal_expression_list,sym__colon_equal_expression_list,316,1,IMPL_6521a7e37bbf,00000000000100000000010000000000
nim,C016,AggregateCollection,_command_block_argument_list,sym__command_block_argument_list,248,1,IMPL_6521a7e37bbf,00000000000100000000010000000000
nim,C016,AggregateCollection,_command_complex_expression_argument_list,sym__command_complex_expression_argument_list,258,1,IMPL_6521a7e37bbf,00000000000100000000010000000000
nim,C016,AggregateCollection,_command_expression_argument_list,sym__command_expression_argument_list,260,1,IMPL_6521a7e37bbf,00000000000100000000010000000000
nim,C016,AggregateCollection,_command_statement_argument_list,sym__command_statement_argument_list,246,1,IMPL_6521a7e37bbf,00000000000100000000010000000000
nim,C016,AggregateCollection,_concept_parameter_list,sym__concept_parameter_list,214,1,IMPL_6521a7e37bbf,00000000000100000000010000000000
nim,C016,AggregateCollection,_dot_generic_argument_list,sym__dot_generic_argument_list,263,1,IMPL_6521a7e37bbf,00000000000100000000010000000000
nim,C016,AggregateCollection,_equal_expression_list,sym__equal_expression_list,315,1,IMPL_6521a7e37bbf,00000000000100000000010000000000
nim,C016,AggregateCollection,_field_declaration_list,sym__field_declaration_list,323,1,IMPL_6521a7e37bbf,00000000000100000000010000000000
nim,C016,AggregateCollection,_line_statement_list,sym__line_statement_list,143,1,IMPL_6521a7e37bbf,00000000000100000000010000000000
nim,C016,AggregateCollection,_object_field_declaration_branch_list,sym__object_field_declaration_branch_list,202,1,IMPL_6521a7e37bbf,00000000000100000000010000000000
nim,C016,AggregateCollection,_object_field_declaration_list,sym__object_field_declaration_list,203,1,IMPL_6521a7e37bbf,00000000000100000000010000000000
nim,C016,AggregateCollection,_parameter_declaration_list,sym__parameter_declaration_list,322,1,IMPL_6521a7e37bbf,00000000000100000000010000000000
nim,C016,AggregateCollection,_semi_statement_list,aux_sym__semi_statement_list,145,1,IMPL_6521a7e37bbf,00000000000100000000010000000000
nim,C016,AggregateCollection,_tuple_field_declaration_list,sym__tuple_field_declaration_list,279,1,IMPL_6521a7e37bbf,00000000000100000000010000000000
nim,C016,AggregateCollection,argument_list,,,0,IMPL_6521a7e37bbf,00000000000100000000010000000000
nim,C016,AggregateCollection,array_construction,sym_array_construction,308,1,IMPL_6521a7e37bbf,00000000000100000000010000000000
nim,C016,AggregateCollection,expression_list,sym_expression_list,314,1,IMPL_6521a7e37bbf,00000000000100000000010000000000
nim,C016,AggregateCollection,field_declaration_list,,,0,IMPL_6521a7e37bbf,00000000000100000000010000000000
nim,C016,AggregateCollection,generic_argument_list,,,0,IMPL_6521a7e37bbf,00000000000100000000010000000000
nim,C016,AggregateCollection,generic_parameter_list,sym_generic_parameter_list,183,1,IMPL_6521a7e37bbf,00000000000100000000010000000000
nim,C016,AggregateCollection,parameter_declaration_list,sym_parameter_declaration_list,321,1,IMPL_6521a7e37bbf,00000000000100000000010000000000
nim,C016,AggregateCollection,parameter_list,,,0,IMPL_6521a7e37bbf,00000000000100000000010000000000
nim,C016,AggregateCollection,pragma_list,sym_pragma_list,313,1,IMPL_6521a7e37bbf,00000000000100000000010000000000
nim,C016,AggregateCollection,refinement_list,sym_refinement_list,213,1,IMPL_6521a7e37bbf,00000000000100000000010000000000
nim,C016,AggregateCollection,statement_list,sym_statement_list,142,1,IMPL_6521a7e37bbf,00000000000100000000010000000000
nim,C016,AggregateCollection,symbol_declaration_list,sym_symbol_declaration_list,325,1,IMPL_6521a7e37bbf,00000000000100000000010000000000
csharp,C016,AggregateCollection,_attribute_list,sym__attribute_list,229,1,IMPL_6521a7e37bbf,00000000000100000000010000000000
csharp,C016,AggregateCollection,accessor_list,sym_accessor_list,273,1,IMPL_6521a7e37bbf,00000000000100000000010000000000
csharp,C016,AggregateCollection,argument_list,sym_argument_list,283,1,IMPL_6521a7e37bbf,00000000000100000000010000000000
csharp,C016,AggregateCollection,array_creation_expression,sym_array_creation_expression,427,1,IMPL_6521a7e37bbf,00000000000100000000010000000000
csharp,C016,AggregateCollection,attribute_argument_list,sym_attribute_argument_list,226,1,IMPL_6521a7e37bbf,00000000000100000000010000000000
csharp,C016,AggregateCollection,attribute_list,sym_attribute_list,228,1,IMPL_6521a7e37bbf,00000000000100000000010000000000
csharp,C016,AggregateCollection,base_list,sym_base_list,254,1,IMPL_6521a7e37bbf,00000000000100000000010000000000
csharp,C016,AggregateCollection,bracketed_argument_list,sym_bracketed_argument_list,293,1,IMPL_6521a7e37bbf,00000000000100000000010000000000
csharp,C016,AggregateCollection,bracketed_parameter_list,sym_bracketed_parameter_list,276,1,IMPL_6521a7e37bbf,00000000000100000000010000000000
csharp,C016,AggregateCollection,declaration_list,sym_declaration_list,260,1,IMPL_6521a7e37bbf,00000000000100000000010000000000
csharp,C016,AggregateCollection,enum_member_declaration_list,sym_enum_member_declaration_list,240,1,IMPL_6521a7e37bbf,00000000000100000000010000000000
csharp,C016,AggregateCollection,implicit_array_creation_expression,sym_implicit_array_creation_expression,431,1,IMPL_6521a7e37bbf,00000000000100000000010000000000
csharp,C016,AggregateCollection,parameter_list,sym_parameter_list,279,1,IMPL_6521a7e37bbf,00000000000100000000010000000000
csharp,C016,AggregateCollection,preproc_elif_in_attribute_list,sym_preproc_elif_in_attribute_list,474,1,IMPL_6521a7e37bbf,00000000000100000000010000000000
csharp,C016,AggregateCollection,preproc_else_in_attribute_list,sym_preproc_else_in_attribute_list,473,1,IMPL_6521a7e37bbf,00000000000100000000010000000000
csharp,C016,AggregateCollection,preproc_if_in_attribute_list,sym_preproc_if_in_attribute_list,472,1,IMPL_6521a7e37bbf,00000000000100000000010000000000
csharp,C016,AggregateCollection,type_argument_list,sym_type_argument_list,299,1,IMPL_6521a7e37bbf,00000000000100000000010000000000
csharp,C016,AggregateCollection,type_parameter_list,sym_type_parameter_list,252,1,IMPL_6521a7e37bbf,00000000000100000000010000000000
java,C016,AggregateCollection,_variable_declarator_list,sym__variable_declarator_list,259,1,IMPL_6521a7e37bbf,00000000000100000000010000000000
java,C016,AggregateCollection,annotation_argument_list,sym_annotation_argument_list,212,1,IMPL_6521a7e37bbf,00000000000100000000010000000000
java,C016,AggregateCollection,argument_list,sym_argument_list,168,1,IMPL_6521a7e37bbf,00000000000100000000010000000000
java,C016,AggregateCollection,array_creation_expression,sym_array_creation_expression,158,1,IMPL_6521a7e37bbf,00000000000100000000010000000000
java,C016,AggregateCollection,array_initializer,sym_array_initializer,262,1,IMPL_6521a7e37bbf,00000000000100000000010000000000
java,C016,AggregateCollection,element_value_array_initializer,sym_element_value_array_initializer,215,1,IMPL_6521a7e37bbf,00000000000100000000010000000000
java,C016,AggregateCollection,type_list,sym_type_list,240,1,IMPL_6521a7e37bbf,00000000000100000000010000000000
kotlin,C016,AggregateCollection,collection_literal,sym_collection_literal,264,1,IMPL_6521a7e37bbf,00000000000100000000010000000000
kotlin,C016,AggregateCollection,import_list,sym_import_list,158,1,IMPL_6521a7e37bbf,00000000000100000000010000000000
swift,C016,AggregateCollection,_dictionary_literal_item,,,0,IMPL_6521a7e37bbf,00000000000100000000010000000000
swift,C016,AggregateCollection,capture_list,,,0,IMPL_6521a7e37bbf,00000000000100000000010000000000
swift,C016,AggregateCollection,dictionary_literal,,,0,IMPL_6521a7e37bbf,00000000000100000000010000000000
swift,C016,AggregateCollection,dictionary_type,,,0,IMPL_6521a7e37bbf,00000000000100000000010000000000
python,C017,Comprehension,_comprehension_clauses,sym__comprehension_clauses,225,1,IMPL_8fe8f39c9a37,00010000000110001000000000000000
python,C017,Comprehension,dictionary_comprehension,sym_dictionary_comprehension,222,1,IMPL_8fe8f39c9a37,00010000000110001000000000000000
python,C017,Comprehension,list_comprehension,sym_list_comprehension,221,1,IMPL_8fe8f39c9a37,00010000000110001000000000000000
python,C017,Comprehension,set_comprehension,sym_set_comprehension,223,1,IMPL_8fe8f39c9a37,00010000000110001000000000000000
julia,C017,Comprehension,comprehension_expression,sym_comprehension_expression,162,1,IMPL_8fe8f39c9a37,00010000000110001000000000000000
r,C018,IfConditional,if_statement,sym_if_statement,89,1,IMPL_a2c0df54f6bd,00000000000001000000000000000000
go,C018,IfConditional,if_statement,sym_if_statement,157,1,IMPL_a2c0df54f6bd,00000000000001000000000000000000
rust,C018,IfConditional,if_expression,sym_if_expression,267,1,IMPL_a2c0df54f6bd,00000000000001000000000000000000
cpp,C018,IfConditional,if_statement,sym_if_statement,324,1,IMPL_a2c0df54f6bd,00000000000001000000000000000000
c,C018,IfConditional,if_statement,sym_if_statement,267,1,IMPL_a2c0df54f6bd,00000000000001000000000000000000
python,C018,IfConditional,if_clause,sym_if_clause,229,1,IMPL_a2c0df54f6bd,00000000000001000000000000000000
python,C018,IfConditional,if_statement,sym_if_statement,132,1,IMPL_a2c0df54f6bd,00000000000001000000000000000000
zig,C018,IfConditional,if_expression,sym_if_expression,203,1,IMPL_a2c0df54f6bd,00000000000001000000000000000000
zig,C018,IfConditional,if_statement,sym_if_statement,183,1,IMPL_a2c0df54f6bd,00000000000001000000000000000000
julia,C018,IfConditional,if_clause,sym_if_clause,164,1,IMPL_a2c0df54f6bd,00000000000001000000000000000000
julia,C018,IfConditional,if_statement,sym_if_statement,138,1,IMPL_a2c0df54f6bd,00000000000001000000000000000000
csharp,C018,IfConditional,if_statement,sym_if_statement,345,1,IMPL_a2c0df54f6bd,00000000000001000000000000000000
java,C018,IfConditional,if_statement,sym_if_statement,205,1,IMPL_a2c0df54f6bd,00000000000001000000000000000000
kotlin,C018,IfConditional,if_expression,sym_if_expression,277,1,IMPL_a2c0df54f6bd,00000000000001000000000000000000
swift,C018,IfConditional,if_statement,,,0,IMPL_a2c0df54f6bd,00000000000001000000000000000000
go,C019,SwitchMatchWhen,_type_switch_header,sym__type_switch_header,165,1,IMPL_56493f2e14c6,00000000000001000000000000000000
go,C019,SwitchMatchWhen,expression_switch_statement,sym_expression_switch_statement,161,1,IMPL_56493f2e14c6,00000000000001000000000000000000
go,C019,SwitchMatchWhen,switch,,,0,IMPL_56493f2e14c6,00000000000001000000000000000000
go,C019,SwitchMatchWhen,type_switch_statement,sym_type_switch_statement,164,1,IMPL_56493f2e14c6,00000000000001000000000000000000
rust,C019,SwitchMatchWhen,last_match_arm,sym_last_match_arm,275,1,IMPL_56493f2e14c6,00000000000001000000000000000000
rust,C019,SwitchMatchWhen,match,,,0,IMPL_56493f2e14c6,00000000000001000000000000000000
rust,C019,SwitchMatchWhen,match_arm,sym_match_arm,274,1,IMPL_56493f2e14c6,00000000000001000000000000000000
rust,C019,SwitchMatchWhen,match_block,sym_match_block,273,1,IMPL_56493f2e14c6,00000000000001000000000000000000
rust,C019,SwitchMatchWhen,match_expression,sym_match_expression,272,1,IMPL_56493f2e14c6,00000000000001000000000000000000
rust,C019,SwitchMatchWhen,match_pattern,sym_match_pattern,276,1,IMPL_56493f2e14c6,00000000000001000000000000000000
cpp,C019,SwitchMatchWhen,switch,,,0,IMPL_56493f2e14c6,00000000000001000000000000000000
cpp,C019,SwitchMatchWhen,switch_statement,sym_switch_statement,326,1,IMPL_56493f2e14c6,00000000000001000000000000000000
c,C019,SwitchMatchWhen,switch,,,0,IMPL_56493f2e14c6,00000000000001000000000000000000
c,C019,SwitchMatchWhen,switch_statement,sym_switch_statement,269,1,IMPL_56493f2e14c6,00000000000001000000000000000000
python,C019,SwitchMatchWhen,_match_block,sym__match_block,136,1,IMPL_56493f2e14c6,00000000000001000000000000000000
python,C019,SwitchMatchWhen,match,,,0,IMPL_56493f2e14c6,00000000000001000000000000000000
python,C019,SwitchMatchWhen,match_statement,sym_match_statement,135,1,IMPL_56493f2e14c6,00000000000001000000000000000000
zig,C019,SwitchMatchWhen,_switch_case_exp,sym__switch_case_exp,221,1,IMPL_56493f2e14c6,00000000000001000000000000000000
zig,C019,SwitchMatchWhen,switch,,,0,IMPL_56493f2e14c6,00000000000001000000000000000000
zig,C019,SwitchMatchWhen,switch_case,sym_switch_case,220,1,IMPL_56493f2e14c6,00000000000001000000000000000000
zig,C019,SwitchMatchWhen,switch_expression,sym_switch_expression,219,1,IMPL_56493f2e14c6,00000000000001000000000000000000
csharp,C019,SwitchMatchWhen,_switch_expression_body,sym__switch_expression_body,405,1,IMPL_56493f2e14c6,00000000000001000000000000000000
csharp,C019,SwitchMatchWhen,switch,,,0,IMPL_56493f2e14c6,00000000000001000000000000000000
csharp,C019,SwitchMatchWhen,switch_body,sym_switch_body,331,1,IMPL_56493f2e14c6,00000000000001000000000000000000
csharp,C019,SwitchMatchWhen,switch_expression,sym_switch_expression,404,1,IMPL_56493f2e14c6,00000000000001000000000000000000
csharp,C019,SwitchMatchWhen,switch_expression_arm,sym_switch_expression_arm,406,1,IMPL_56493f2e14c6,00000000000001000000000000000000
csharp,C019,SwitchMatchWhen,switch_section,sym_switch_section,332,1,IMPL_56493f2e14c6,00000000000001000000000000000000
csharp,C019,SwitchMatchWhen,switch_statement,sym_switch_statement,330,1,IMPL_56493f2e14c6,00000000000001000000000000000000
java,C019,SwitchMatchWhen,switch,,,0,IMPL_56493f2e14c6,00000000000001000000000000000000
java,C019,SwitchMatchWhen,switch_block,sym_switch_block,175,1,IMPL_56493f2e14c6,00000000000001000000000000000000
java,C019,SwitchMatchWhen,switch_block_statement_group,sym_switch_block_statement_group,176,1,IMPL_56493f2e14c6,00000000000001000000000000000000
java,C019,SwitchMatchWhen,switch_expression,sym_switch_expression,174,1,IMPL_56493f2e14c6,00000000000001000000000000000000
java,C019,SwitchMatchWhen,switch_label,sym_switch_label,178,1,IMPL_56493f2e14c6,00000000000001000000000000000000
java,C019,SwitchMatchWhen,switch_rule,sym_switch_rule,177,1,IMPL_56493f2e14c6,00000000000001000000000000000000
kotlin,C019,SwitchMatchWhen,when_entry,sym_when_entry,280,1,IMPL_56493f2e14c6,00000000000001000000000000000000
kotlin,C019,SwitchMatchWhen,when_expression,sym_when_expression,279,1,IMPL_56493f2e14c6,00000000000001000000000000000000
swift,C019,SwitchMatchWhen,switch,,,0,IMPL_56493f2e14c6,00000000000001000000000000000000
swift,C019,SwitchMatchWhen,switch_entry,,,0,IMPL_56493f2e14c6,00000000000001000000000000000000
swift,C019,SwitchMatchWhen,switch_pattern,,,0,IMPL_56493f2e14c6,00000000000001000000000000000000
swift,C019,SwitchMatchWhen,switch_statement,,,0,IMPL_56493f2e14c6,00000000000001000000000000000000
rust,C020,PatternDestructuring,_literal_pattern,sym__literal_pattern,309,1,IMPL_a0c603fee064,00010000000000000100000000000000
rust,C020,PatternDestructuring,_pattern,sym__pattern,294,1,IMPL_a0c603fee064,00010000000000000100000000000000
rust,C020,PatternDestructuring,_token_pattern,sym__token_pattern,163,1,IMPL_a0c603fee064,00010000000000000100000000000000
rust,C020,PatternDestructuring,captured_pattern,sym_captured_pattern,305,1,IMPL_a0c603fee064,00010000000000000100000000000000
rust,C020,PatternDestructuring,field_pattern,sym_field_pattern,300,1,IMPL_a0c603fee064,00010000000000000100000000000000
rust,C020,PatternDestructuring,generic_pattern,sym_generic_pattern,295,1,IMPL_a0c603fee064,00010000000000000100000000000000
rust,C020,PatternDestructuring,match_pattern,sym_match_pattern,276,1,IMPL_a0c603fee064,00010000000000000100000000000000
rust,C020,PatternDestructuring,mut_pattern,sym_mut_pattern,302,1,IMPL_a0c603fee064,00010000000000000100000000000000
rust,C020,PatternDestructuring,or_pattern,sym_or_pattern,307,1,IMPL_a0c603fee064,00010000000000000100000000000000
rust,C020,PatternDestructuring,range_pattern,sym_range_pattern,303,1,IMPL_a0c603fee064,00010000000000000100000000000000
rust,C020,PatternDestructuring,ref_pattern,sym_ref_pattern,304,1,IMPL_a0c603fee064,00010000000000000100000000000000
rust,C020,PatternDestructuring,reference_pattern,sym_reference_pattern,306,1,IMPL_a0c603fee064,00010000000000000100000000000000
rust,C020,PatternDestructuring,remaining_field_pattern,sym_remaining_field_pattern,301,1,IMPL_a0c603fee064,00010000000000000100000000000000
rust,C020,PatternDestructuring,slice_pattern,sym_slice_pattern,297,1,IMPL_a0c603fee064,00010000000000000100000000000000
rust,C020,PatternDestructuring,struct_pattern,sym_struct_pattern,299,1,IMPL_a0c603fee064,00010000000000000100000000000000
rust,C020,PatternDestructuring,token_binding_pattern,sym_token_binding_pattern,165,1,IMPL_a0c603fee064,00010000000000000100000000000000
rust,C020,PatternDestructuring,token_repetition_pattern,sym_token_repetition_pattern,166,1,IMPL_a0c603fee064,00010000000000000100000000000000
rust,C020,PatternDestructuring,token_tree_pattern,sym_token_tree_pattern,164,1,IMPL_a0c603fee064,00010000000000000100000000000000
rust,C020,PatternDestructuring,tuple_pattern,sym_tuple_pattern,296,1,IMPL_a0c603fee064,00010000000000000100000000000000
rust,C020,PatternDestructuring,tuple_struct_pattern,sym_tuple_struct_pattern,298,1,IMPL_a0c603fee064,00010000000000000100000000000000
cpp,C020,PatternDestructuring,structured_binding_declarator,sym_structured_binding_declarator,436,1,IMPL_a0c603fee064,00010000000000000100000000000000
python,C020,PatternDestructuring,_as_pattern,sym__as_pattern,166,1,IMPL_a0c603fee064,00010000000000000100000000000000
python,C020,PatternDestructuring,_key_value_pattern,sym__key_value_pattern,171,1,IMPL_a0c603fee064,00010000000000000100000000000000
python,C020,PatternDestructuring,_list_pattern,sym__list_pattern,168,1,IMPL_a0c603fee064,00010000000000000100000000000000
python,C020,PatternDestructuring,_patterns,sym__patterns,177,1,IMPL_a0c603fee064,00010000000000000100000000000000
python,C020,PatternDestructuring,_simple_pattern,sym__simple_pattern,165,1,IMPL_a0c603fee064,00010000000000000100000000000000
python,C020,PatternDestructuring,_tuple_pattern,sym__tuple_pattern,169,1,IMPL_a0c603fee064,00010000000000000100000000000000
python,C020,PatternDestructuring,as_pattern,sym_as_pattern,186,1,IMPL_a0c603fee064,00010000000000000100000000000000
python,C020,PatternDestructuring,case_pattern,sym_case_pattern,164,1,IMPL_a0c603fee064,00010000000000000100000000000000
python,C020,PatternDestructuring,class_pattern,sym_class_pattern,174,1,IMPL_a0c603fee064,00010000000000000100000000000000
python,C020,PatternDestructuring,complex_pattern,sym_complex_pattern,175,1,IMPL_a0c603fee064,00010000000000000100000000000000
python,C020,PatternDestructuring,dict_pattern,sym_dict_pattern,170,1,IMPL_a0c603fee064,00010000000000000100000000000000
python,C020,PatternDestructuring,dictionary_splat_pattern,sym_dictionary_splat_pattern,185,1,IMPL_a0c603fee064,00010000000000000100000000000000
python,C020,PatternDestructuring,keyword_pattern,sym_keyword_pattern,172,1,IMPL_a0c603fee064,00010000000000000100000000000000
python,C020,PatternDestructuring,list_pattern,sym_list_pattern,181,1,IMPL_a0c603fee064,00010000000000000100000000000000
python,C020,PatternDestructuring,list_splat_pattern,sym_list_splat_pattern,184,1,IMPL_a0c603fee064,00010000000000000100000000000000
python,C020,PatternDestructuring,pattern,sym_pattern,179,1,IMPL_a0c603fee064,00010000000000000100000000000000
python,C020,PatternDestructuring,pattern_list,sym_pattern_list,201,1,IMPL_a0c603fee064,00010000000000000100000000000000
python,C020,PatternDestructuring,splat_pattern,sym_splat_pattern,173,1,IMPL_a0c603fee064,00010000000000000100000000000000
python,C020,PatternDestructuring,tuple_pattern,sym_tuple_pattern,180,1,IMPL_a0c603fee064,00010000000000000100000000000000
python,C020,PatternDestructuring,union_pattern,sym_union_pattern,167,1,IMPL_a0c603fee064,00010000000000000100000000000000
nim,C020,PatternDestructuring,term_rewriting_pattern,sym_term_rewriting_pattern,184,1,IMPL_a0c603fee064,00010000000000000100000000000000
nim,C020,PatternDestructuring,tuple_deconstruct_declaration,sym_tuple_deconstruct_declaration,326,1,IMPL_a0c603fee064,00010000000000000100000000000000
csharp,C020,PatternDestructuring,_name_invocation_pattern,sym__name_invocation_pattern,353,1,IMPL_a0c603fee064,00010000000000000100000000000000
csharp,C020,PatternDestructuring,_parenthesized_pattern_with_designation,sym__parenthesized_pattern_with_designation,351,1,IMPL_a0c603fee064,00010000000000000100000000000000
csharp,C020,PatternDestructuring,and_pattern,sym_and_pattern,366,1,IMPL_a0c603fee064,00010000000000000100000000000000
csharp,C020,PatternDestructuring,constant_pattern,sym_constant_pattern,352,1,IMPL_a0c603fee064,00010000000000000100000000000000
csharp,C020,PatternDestructuring,declaration_pattern,sym_declaration_pattern,368,1,IMPL_a0c603fee064,00010000000000000100000000000000
csharp,C020,PatternDestructuring,is_pattern_expression,sym_is_pattern_expression,400,1,IMPL_a0c603fee064,00010000000000000100000000000000
csharp,C020,PatternDestructuring,list_pattern,sym_list_pattern,358,1,IMPL_a0c603fee064,00010000000000000100000000000000
csharp,C020,PatternDestructuring,negated_pattern,sym_negated_pattern,365,1,IMPL_a0c603fee064,00010000000000000100000000000000
csharp,C020,PatternDestructuring,or_pattern,sym_or_pattern,367,1,IMPL_a0c603fee064,00010000000000000100000000000000
csharp,C020,PatternDestructuring,parenthesized_pattern,sym_parenthesized_pattern,355,1,IMPL_a0c603fee064,00010000000000000100000000000000
csharp,C020,PatternDestructuring,pattern,sym_pattern,350,1,IMPL_a0c603fee064,00010000000000000100000000000000
csharp,C020,PatternDestructuring,positional_pattern_clause,sym_positional_pattern_clause,361,1,IMPL_a0c603fee064,00010000000000000100000000000000
csharp,C020,PatternDestructuring,property_pattern_clause,sym_property_pattern_clause,362,1,IMPL_a0c603fee064,00010000000000000100000000000000
csharp,C020,PatternDestructuring,recursive_pattern,sym_recursive_pattern,360,1,IMPL_a0c603fee064,00010000000000000100000000000000
csharp,C020,PatternDestructuring,relational_pattern,sym_relational_pattern,364,1,IMPL_a0c603fee064,00010000000000000100000000000000
csharp,C020,PatternDestructuring,slice_pattern,sym_slice_pattern,359,1,IMPL_a0c603fee064,00010000000000000100000000000000
csharp,C020,PatternDestructuring,subpattern,sym_subpattern,363,1,IMPL_a0c603fee064,00010000000000000100000000000000
csharp,C020,PatternDestructuring,tuple_pattern,sym_tuple_pattern,284,1,IMPL_a0c603fee064,00010000000000000100000000000000
csharp,C020,PatternDestructuring,type_pattern,sym_type_pattern,357,1,IMPL_a0c603fee064,00010000000000000100000000000000
csharp,C020,PatternDestructuring,var_pattern,sym_var_pattern,356,1,IMPL_a0c603fee064,00010000000000000100000000000000
java,C020,PatternDestructuring,pattern,sym_pattern,179,1,IMPL_a0c603fee064,00010000000000000100000000000000
java,C020,PatternDestructuring,record_pattern,sym_record_pattern,181,1,IMPL_a0c603fee064,00010000000000000100000000000000
java,C020,PatternDestructuring,record_pattern_body,sym_record_pattern_body,182,1,IMPL_a0c603fee064,00010000000000000100000000000000
java,C020,PatternDestructuring,record_pattern_component,sym_record_pattern_component,183,1,IMPL_a0c603fee064,00010000000000000100000000000000
java,C020,PatternDestructuring,type_pattern,sym_type_pattern,180,1,IMPL_a0c603fee064,00010000000000000100000000000000
java,C020,PatternDestructuring,underscore_pattern,sym_underscore_pattern,75,1,IMPL_a0c603fee064,00010000000000000100000000000000
kotlin,C020,PatternDestructuring,_name_based_destructuring_entry,sym__name_based_destructuring_entry,194,1,IMPL_a0c603fee064,00010000000000000100000000000000
kotlin,C020,PatternDestructuring,_positional_destructuring_entry,sym__positional_destructuring_entry,195,1,IMPL_a0c603fee064,00010000000000000100000000000000
kotlin,C020,PatternDestructuring,binding_pattern_kind,sym_binding_pattern_kind,167,1,IMPL_a0c603fee064,00010000000000000100000000000000
kotlin,C020,PatternDestructuring,destructuring_declaration,sym_destructuring_declaration,198,1,IMPL_a0c603fee064,00010000000000000100000000000000
swift,C020,PatternDestructuring,_binding_kind_and_pattern,,,0,IMPL_a0c603fee064,00010000000000000100000000000000
swift,C020,PatternDestructuring,_binding_pattern,,,0,IMPL_a0c603fee064,00010000000000000100000000000000
swift,C020,PatternDestructuring,_binding_pattern_no_expr,,,0,IMPL_a0c603fee064,00010000000000000100000000000000
swift,C020,PatternDestructuring,_binding_pattern_with_expr,,,0,IMPL_a0c603fee064,00010000000000000100000000000000
swift,C020,PatternDestructuring,_case_pattern,,,0,IMPL_a0c603fee064,00010000000000000100000000000000
swift,C020,PatternDestructuring,_no_expr_pattern_already_bound,,,0,IMPL_a0c603fee064,00010000000000000100000000000000
swift,C020,PatternDestructuring,_non_binding_pattern_with_expr,,,0,IMPL_a0c603fee064,00010000000000000100000000000000
swift,C020,PatternDestructuring,_possibly_async_binding_pattern_kind,,,0,IMPL_a0c603fee064,00010000000000000100000000000000
swift,C020,PatternDestructuring,_tuple_pattern,,,0,IMPL_a0c603fee064,00010000000000000100000000000000
swift,C020,PatternDestructuring,_tuple_pattern_item,,,0,IMPL_a0c603fee064,00010000000000000100000000000000
swift,C020,PatternDestructuring,_type_casting_pattern,,,0,IMPL_a0c603fee064,00010000000000000100000000000000
swift,C020,PatternDestructuring,_universally_allowed_pattern,,,0,IMPL_a0c603fee064,00010000000000000100000000000000
swift,C020,PatternDestructuring,pattern,,,0,IMPL_a0c603fee064,00010000000000000100000000000000
swift,C020,PatternDestructuring,switch_pattern,,,0,IMPL_a0c603fee064,00010000000000000100000000000000
swift,C020,PatternDestructuring,value_binding_pattern,,,0,IMPL_a0c603fee064,00010000000000000100000000000000
swift,C020,PatternDestructuring,wildcard_pattern,,,0,IMPL_a0c603fee064,00010000000000000100000000000000
r,C021,ForLoop,for_statement,sym_for_statement,90,1,IMPL_3c262e5a6671,00010000000011000000000000000000
go,C021,ForLoop,for_clause,sym_for_clause,159,1,IMPL_3c262e5a6671,00010000000011000000000000000000
go,C021,ForLoop,for_statement,sym_for_statement,158,1,IMPL_3c262e5a6671,00010000000011000000000000000000
rust,C021,ForLoop,for_expression,sym_for_expression,279,1,IMPL_3c262e5a6671,00010000000011000000000000000000
cpp,C021,ForLoop,_for_range_loop_body,sym__for_range_loop_body,460,1,IMPL_3c262e5a6671,00010000000011000000000000000000
cpp,C021,ForLoop,_for_statement_body,sym__for_statement_body,331,1,IMPL_3c262e5a6671,00010000000011000000000000000000
cpp,C021,ForLoop,for_range_loop,sym_for_range_loop,459,1,IMPL_3c262e5a6671,00010000000011000000000000000000
cpp,C021,ForLoop,for_statement,sym_for_statement,330,1,IMPL_3c262e5a6671,00010000000011000000000000000000
c,C021,ForLoop,_for_statement_body,sym__for_statement_body,274,1,IMPL_3c262e5a6671,00010000000011000000000000000000
c,C021,ForLoop,for_statement,sym_for_statement,273,1,IMPL_3c262e5a6671,00010000000011000000000000000000
python,C021,ForLoop,for_statement,sym_for_statement,138,1,IMPL_3c262e5a6671,00010000000011000000000000000000
zig,C021,ForLoop,for_expression,sym_for_expression,204,1,IMPL_3c262e5a6671,00010000000011000000000000000000
zig,C021,ForLoop,for_statement,sym_for_statement,186,1,IMPL_3c262e5a6671,00010000000011000000000000000000
julia,C021,ForLoop,for_clause,sym_for_clause,165,1,IMPL_3c262e5a6671,00010000000011000000000000000000
julia,C021,ForLoop,for_statement,sym_for_statement,144,1,IMPL_3c262e5a6671,00010000000011000000000000000000
csharp,C021,ForLoop,_for_statement_conditions,sym__for_statement_conditions,326,1,IMPL_3c262e5a6671,00010000000011000000000000000000
csharp,C021,ForLoop,for_statement,sym_for_statement,325,1,IMPL_3c262e5a6671,00010000000011000000000000000000
java,C021,ForLoop,enhanced_for_statement,sym_enhanced_for_statement,208,1,IMPL_3c262e5a6671,00010000000011000000000000000000
java,C021,ForLoop,for_statement,sym_for_statement,207,1,IMPL_3c262e5a6671,00010000000011000000000000000000
kotlin,C021,ForLoop,for_statement,sym_for_statement,228,1,IMPL_3c262e5a6671,00010000000011000000000000000000
swift,C021,ForLoop,_for_statement_collection,,,0,IMPL_3c262e5a6671,00010000000011000000000000000000
swift,C021,ForLoop,for_statement,,,0,IMPL_3c262e5a6671,00010000000011000000000000000000
swift,C021,ForLoop,for_statement_await,,,0,IMPL_3c262e5a6671,00010000000011000000000000000000
csharp,C022,ForeachEnhancedFor,_foreach_statement_initializer,sym__foreach_statement_initializer,342,1,IMPL_37a20ea0c16e,00010000000011000000000000000000
csharp,C022,ForeachEnhancedFor,foreach,,,0,IMPL_37a20ea0c16e,00010000000011000000000000000000
csharp,C022,ForeachEnhancedFor,foreach_statement,sym_foreach_statement,341,1,IMPL_37a20ea0c16e,00010000000011000000000000000000
java,C022,ForeachEnhancedFor,enhanced_for_statement,sym_enhanced_for_statement,208,1,IMPL_37a20ea0c16e,00010000000011000000000000000000
r,C023,WhileLoop,while_statement,sym_while_statement,91,1,IMPL_88fb7315dedd,00010000000011000000000000000000
rust,C023,WhileLoop,while_expression,sym_while_expression,277,1,IMPL_88fb7315dedd,00010000000011000000000000000000
cpp,C023,WhileLoop,while_statement,sym_while_statement,328,1,IMPL_88fb7315dedd,00010000000011000000000000000000
c,C023,WhileLoop,while_statement,sym_while_statement,271,1,IMPL_88fb7315dedd,00010000000011000000000000000000
python,C023,WhileLoop,while_statement,sym_while_statement,139,1,IMPL_88fb7315dedd,00010000000011000000000000000000
zig,C023,WhileLoop,while_expression,sym_while_expression,205,1,IMPL_88fb7315dedd,00010000000011000000000000000000
zig,C023,WhileLoop,while_statement,sym_while_statement,188,1,IMPL_88fb7315dedd,00010000000011000000000000000000
julia,C023,WhileLoop,while_statement,sym_while_statement,145,1,IMPL_88fb7315dedd,00010000000011000000000000000000
csharp,C023,WhileLoop,while_statement,sym_while_statement,346,1,IMPL_88fb7315dedd,00010000000011000000000000000000
java,C023,WhileLoop,while_statement,sym_while_statement,206,1,IMPL_88fb7315dedd,00010000000011000000000000000000
kotlin,C023,WhileLoop,do_while_statement,sym_do_while_statement,230,1,IMPL_88fb7315dedd,00010000000011000000000000000000
kotlin,C023,WhileLoop,while_statement,sym_while_statement,229,1,IMPL_88fb7315dedd,00010000000011000000000000000000
swift,C023,WhileLoop,repeat_while_statement,,,0,IMPL_88fb7315dedd,00010000000011000000000000000000
swift,C023,WhileLoop,while_statement,,,0,IMPL_88fb7315dedd,00010000000011000000000000000000
kotlin,C024,DoRepeatWhile,do_while_statement,sym_do_while_statement,230,1,IMPL_88fb7315dedd,00010000000011000000000000000000
swift,C024,DoRepeatWhile,repeat_while_statement,,,0,IMPL_88fb7315dedd,00010000000011000000000000000000
go,C025,Break,break_statement,sym_break_statement,151,1,IMPL_e2af9920d7c3,00000000000000100000000000000000
rust,C025,Break,break_expression,sym_break_expression,284,1,IMPL_e2af9920d7c3,00000000000000100000000000000000
cpp,C025,Break,break_statement,sym_break_statement,333,1,IMPL_e2af9920d7c3,00000000000000100000000000000000
c,C025,Break,break_statement,sym_break_statement,276,1,IMPL_e2af9920d7c3,00000000000000100000000000000000
python,C025,Break,break_statement,sym_break_statement,130,1,IMPL_e2af9920d7c3,00000000000000100000000000000000
zig,C025,Break,break_expression,sym_break_expression,216,1,IMPL_e2af9920d7c3,00000000000000100000000000000000
julia,C025,Break,break_statement,sym_break_statement,25,1,IMPL_e2af9920d7c3,00000000000000100000000000000000
nim,C025,Break,break_statement,sym_break_statement,161,1,IMPL_e2af9920d7c3,00000000000000100000000000000000
csharp,C025,Break,break_statement,sym_break_statement,318,1,IMPL_e2af9920d7c3,00000000000000100000000000000000
java,C025,Break,break_statement,sym_break_statement,191,1,IMPL_e2af9920d7c3,00000000000000100000000000000000
go,C026,Continue,continue_statement,sym_continue_statement,152,1,IMPL_44d79a6eef4e,00000000000000100000000000000000
rust,C026,Continue,continue_expression,sym_continue_expression,285,1,IMPL_44d79a6eef4e,00000000000000100000000000000000
cpp,C026,Continue,continue_statement,sym_continue_statement,334,1,IMPL_44d79a6eef4e,00000000000000100000000000000000
c,C026,Continue,continue_statement,sym_continue_statement,277,1,IMPL_44d79a6eef4e,00000000000000100000000000000000
python,C026,Continue,continue_statement,sym_continue_statement,131,1,IMPL_44d79a6eef4e,00000000000000100000000000000000
zig,C026,Continue,continue_expression,sym_continue_expression,213,1,IMPL_44d79a6eef4e,00000000000000100000000000000000
julia,C026,Continue,continue_statement,sym_continue_statement,26,1,IMPL_44d79a6eef4e,00000000000000100000000000000000
nim,C026,Continue,continue_statement,sym_continue_statement,162,1,IMPL_44d79a6eef4e,00000000000000100000000000000000
csharp,C026,Continue,continue_statement,sym_continue_statement,320,1,IMPL_44d79a6eef4e,00000000000000100000000000000000
java,C026,Continue,continue_statement,sym_continue_statement,192,1,IMPL_44d79a6eef4e,00000000000000100000000000000000
go,C027,Return,return_statement,sym_return_statement,154,1,IMPL_603c55c6f56b,00000000000000100000000000000000
rust,C027,Return,return_expression,sym_return_expression,254,1,IMPL_603c55c6f56b,00000000000000100000000000000000
cpp,C027,Return,co_return_statement,sym_co_return_statement,464,1,IMPL_603c55c6f56b,00000000000000100000000000000000
cpp,C027,Return,return_statement,sym_return_statement,332,1,IMPL_603c55c6f56b,00000000000000100000000000000000
c,C027,Return,return_statement,sym_return_statement,275,1,IMPL_603c55c6f56b,00000000000000100000000000000000
python,C027,Return,return_statement,sym_return_statement,126,1,IMPL_603c55c6f56b,00000000000000100000000000000000
zig,C027,Return,return_expression,sym_return_expression,215,1,IMPL_603c55c6f56b,00000000000000100000000000000000
julia,C027,Return,return_statement,sym_return_statement,146,1,IMPL_603c55c6f56b,00000000000000100000000000000000
nim,C027,Return,return_statement,sym_return_statement,158,1,IMPL_603c55c6f56b,00000000000000100000000000000000
csharp,C027,Return,return_statement,sym_return_statement,327,1,IMPL_603c55c6f56b,00000000000000100000000000000000
java,C027,Return,return_statement,sym_return_statement,193,1,IMPL_603c55c6f56b,00000000000000100000000000000000
rust,C028,Yield,yield,,,0,IMPL_1b3347bc01b3,00000000000000100000000000000000
rust,C028,Yield,yield_expression,sym_yield_expression,255,1,IMPL_1b3347bc01b3,00000000000000100000000000000000
cpp,C028,Yield,co_yield,,,0,IMPL_1b3347bc01b3,00000000000000100000000000000000
cpp,C028,Yield,co_yield_statement,sym_co_yield_statement,465,1,IMPL_1b3347bc01b3,00000000000000100000000000000000
python,C028,Yield,yield,sym_yield,203,1,IMPL_1b3347bc01b3,00000000000000100000000000000000
nim,C028,Yield,yield,,,0,IMPL_1b3347bc01b3,00000000000000100000000000000000
nim,C028,Yield,yield_statement,sym_yield_statement,160,1,IMPL_1b3347bc01b3,00000000000000100000000000000000
csharp,C028,Yield,yield,,,0,IMPL_1b3347bc01b3,00000000000000100000000000000000
csharp,C028,Yield,yield_statement,sym_yield_statement,329,1,IMPL_1b3347bc01b3,00000000000000100000000000000000
java,C028,Yield,yield,,,0,IMPL_1b3347bc01b3,00000000000000100000000000000000
java,C028,Yield,yield_statement,sym_yield_statement,194,1,IMPL_1b3347bc01b3,00000000000000100000000000000000
swift,C028,Yield,yield,,,0,IMPL_1b3347bc01b3,00000000000000100000000000000000
rust,C029,Try,try_block,sym_try_block,292,1,IMPL_2b9a5e8f7f5e,00000000000000100010000000000000
rust,C029,Try,try_expression,sym_try_expression,248,1,IMPL_2b9a5e8f7f5e,00000000000000100010000000000000
cpp,C029,Try,constructor_try_statement,sym_constructor_try_statement,424,1,IMPL_2b9a5e8f7f5e,00000000000000100010000000000000
cpp,C029,Try,seh_try_statement,sym_seh_try_statement,336,1,IMPL_2b9a5e8f7f5e,00000000000000100010000000000000
cpp,C029,Try,try_statement,sym_try_statement,467,1,IMPL_2b9a5e8f7f5e,00000000000000100010000000000000
c,C029,Try,seh_try_statement,sym_seh_try_statement,279,1,IMPL_2b9a5e8f7f5e,00000000000000100010000000000000
python,C029,Try,try_statement,sym_try_statement,140,1,IMPL_2b9a5e8f7f5e,00000000000000100010000000000000
zig,C029,Try,try_expression,sym_try_expression,217,1,IMPL_2b9a5e8f7f5e,00000000000000100010000000000000
julia,C029,Try,try_statement,sym_try_statement,141,1,IMPL_2b9a5e8f7f5e,00000000000000100010000000000000
csharp,C029,Try,try_statement,sym_try_statement,334,1,IMPL_2b9a5e8f7f5e,00000000000000100010000000000000
java,C029,Try,try_statement,sym_try_statement,197,1,IMPL_2b9a5e8f7f5e,00000000000000100010000000000000
kotlin,C029,Try,try_expression,sym_try_expression,285,1,IMPL_2b9a5e8f7f5e,00000000000000100010000000000000
swift,C029,Try,try_expression,,,0,IMPL_2b9a5e8f7f5e,00000000000000100010000000000000
cpp,C030,CatchExcept,catch,,,0,IMPL_2b9a5e8f7f5e,00000000000000100010000000000000
cpp,C030,CatchExcept,catch_clause,sym_catch_clause,468,1,IMPL_2b9a5e8f7f5e,00000000000000100010000000000000
cpp,C030,CatchExcept,seh_except_clause,sym_seh_except_clause,337,1,IMPL_2b9a5e8f7f5e,00000000000000100010000000000000
c,C030,CatchExcept,seh_except_clause,sym_seh_except_clause,280,1,IMPL_2b9a5e8f7f5e,00000000000000100010000000000000
python,C030,CatchExcept,except_clause,sym_except_clause,141,1,IMPL_2b9a5e8f7f5e,00000000000000100010000000000000
zig,C030,CatchExcept,catch,,,0,IMPL_2b9a5e8f7f5e,00000000000000100010000000000000
zig,C030,CatchExcept,catch_expression,sym_catch_expression,218,1,IMPL_2b9a5e8f7f5e,00000000000000100010000000000000
julia,C030,CatchExcept,catch,,,0,IMPL_2b9a5e8f7f5e,00000000000000100010000000000000
julia,C030,CatchExcept,catch_clause,sym_catch_clause,142,1,IMPL_2b9a5e8f7f5e,00000000000000100010000000000000
nim,C030,CatchExcept,except_clause,sym_except_clause,155,1,IMPL_2b9a5e8f7f5e,00000000000000100010000000000000
csharp,C030,CatchExcept,catch,,,0,IMPL_2b9a5e8f7f5e,00000000000000100010000000000000
csharp,C030,CatchExcept,catch_clause,sym_catch_clause,335,1,IMPL_2b9a5e8f7f5e,00000000000000100010000000000000
csharp,C030,CatchExcept,catch_declaration,sym_catch_declaration,336,1,IMPL_2b9a5e8f7f5e,00000000000000100010000000000000
csharp,C030,CatchExcept,catch_filter_clause,sym_catch_filter_clause,337,1,IMPL_2b9a5e8f7f5e,00000000000000100010000000000000
java,C030,CatchExcept,catch,,,0,IMPL_2b9a5e8f7f5e,00000000000000100010000000000000
java,C030,CatchExcept,catch_clause,sym_catch_clause,198,1,IMPL_2b9a5e8f7f5e,00000000000000100010000000000000
java,C030,CatchExcept,catch_formal_parameter,sym_catch_formal_parameter,199,1,IMPL_2b9a5e8f7f5e,00000000000000100010000000000000
java,C030,CatchExcept,catch_type,sym_catch_type,200,1,IMPL_2b9a5e8f7f5e,00000000000000100010000000000000
kotlin,C030,CatchExcept,catch,,,0,IMPL_2b9a5e8f7f5e,00000000000000100010000000000000
kotlin,C030,CatchExcept,catch_block,sym_catch_block,286,1,IMPL_2b9a5e8f7f5e,00000000000000100010000000000000
swift,C030,CatchExcept,catch_block,,,0,IMPL_2b9a5e8f7f5e,00000000000000100010000000000000
swift,C030,CatchExcept,catch_keyword,,,0,IMPL_2b9a5e8f7f5e,00000000000000100010000000000000
cpp,C031,Finally,__finally,,,0,IMPL_e72e7955b098,00000000000000100010000000000000
cpp,C031,Finally,seh_finally_clause,sym_seh_finally_clause,338,1,IMPL_e72e7955b098,00000000000000100010000000000000
c,C031,Finally,__finally,,,0,IMPL_e72e7955b098,00000000000000100010000000000000
c,C031,Finally,seh_finally_clause,sym_seh_finally_clause,281,1,IMPL_e72e7955b098,00000000000000100010000000000000
python,C031,Finally,finally,,,0,IMPL_e72e7955b098,00000000000000100010000000000000
python,C031,Finally,finally_clause,sym_finally_clause,142,1,IMPL_e72e7955b098,00000000000000100010000000000000
julia,C031,Finally,finally,,,0,IMPL_e72e7955b098,00000000000000100010000000000000
julia,C031,Finally,finally_clause,sym_finally_clause,143,1,IMPL_e72e7955b098,00000000000000100010000000000000
nim,C031,Finally,finally,,,0,IMPL_e72e7955b098,00000000000000100010000000000000
nim,C031,Finally,finally_branch,sym_finally_branch,242,1,IMPL_e72e7955b098,00000000000000100010000000000000
csharp,C031,Finally,finally,,,0,IMPL_e72e7955b098,00000000000000100010000000000000
csharp,C031,Finally,finally_clause,sym_finally_clause,338,1,IMPL_e72e7955b098,00000000000000100010000000000000
java,C031,Finally,finally,,,0,IMPL_e72e7955b098,00000000000000100010000000000000
java,C031,Finally,finally_clause,sym_finally_clause,201,1,IMPL_e72e7955b098,00000000000000100010000000000000
kotlin,C031,Finally,finally,,,0,IMPL_e72e7955b098,00000000000000100010000000000000
kotlin,C031,Finally,finally_block,sym_finally_block,287,1,IMPL_e72e7955b098,00000000000000100010000000000000
cpp,C032,ThrowRaisePanic,throw,,,0,IMPL_57135da91197,00000000000000100010000000000000
cpp,C032,ThrowRaisePanic,throw_specifier,sym_throw_specifier,445,1,IMPL_57135da91197,00000000000000100010000000000000
cpp,C032,ThrowRaisePanic,throw_statement,sym_throw_statement,466,1,IMPL_57135da91197,00000000000000100010000000000000
python,C032,ThrowRaisePanic,raise_statement,sym_raise_statement,128,1,IMPL_57135da91197,00000000000000100010000000000000
nim,C032,ThrowRaisePanic,raise_statement,sym_raise_statement,159,1,IMPL_57135da91197,00000000000000100010000000000000
csharp,C032,ThrowRaisePanic,throw,,,0,IMPL_57135da91197,00000000000000100010000000000000
csharp,C032,ThrowRaisePanic,throw_expression,sym_throw_expression,409,1,IMPL_57135da91197,00000000000000100010000000000000
csharp,C032,ThrowRaisePanic,throw_statement,sym_throw_statement,333,1,IMPL_57135da91197,00000000000000100010000000000000
java,C032,ThrowRaisePanic,throw,,,0,IMPL_57135da91197,00000000000000100010000000000000
java,C032,ThrowRaisePanic,throw_statement,sym_throw_statement,196,1,IMPL_57135da91197,00000000000000100010000000000000
java,C032,ThrowRaisePanic,throws,sym_throws,277,1,IMPL_57135da91197,00000000000000100010000000000000
kotlin,C032,ThrowRaisePanic,throw,,,0,IMPL_57135da91197,00000000000000100010000000000000
swift,C032,ThrowRaisePanic,_throw_statement,,,0,IMPL_57135da91197,00000000000000100010000000000000
swift,C032,ThrowRaisePanic,throw_keyword,,,0,IMPL_57135da91197,00000000000000100010000000000000
swift,C032,ThrowRaisePanic,throws,,,0,IMPL_57135da91197,00000000000000100010000000000000
swift,C032,ThrowRaisePanic,throws_clause,,,0,IMPL_57135da91197,00000000000000100010000000000000
go,C033,DeferCleanup,defer,,,0,IMPL_9ef86f313d53,00000000000000100010000000000000
go,C033,DeferCleanup,defer_statement,sym_defer_statement,156,1,IMPL_9ef86f313d53,00000000000000100010000000000000
zig,C033,DeferCleanup,defer,,,0,IMPL_9ef86f313d53,00000000000000100010000000000000
zig,C033,DeferCleanup,defer_statement,sym_defer_statement,177,1,IMPL_9ef86f313d53,00000000000000100010000000000000
zig,C033,DeferCleanup,errdefer,,,0,IMPL_9ef86f313d53,00000000000000100010000000000000
zig,C033,DeferCleanup,errdefer_statement,sym_errdefer_statement,178,1,IMPL_9ef86f313d53,00000000000000100010000000000000
nim,C033,DeferCleanup,defer,sym_defer,170,1,IMPL_9ef86f313d53,00000000000000100010000000000000
rust,C034,Async,async,,,0,IMPL_b9142cbf127d,00000000000000100001000000000000
rust,C034,Async,async_block,sym_async_block,290,1,IMPL_b9142cbf127d,00000000000000100001000000000000
python,C034,Async,async,,,0,IMPL_b9142cbf127d,00000000000000100001000000000000
zig,C034,Async,async,,,0,IMPL_b9142cbf127d,00000000000000100001000000000000
zig,C034,Async,async_expression,sym_async_expression,210,1,IMPL_b9142cbf127d,00000000000000100001000000000000
csharp,C034,Async,async,,,0,IMPL_b9142cbf127d,00000000000000100001000000000000
swift,C034,Async,_async_keyword,,,0,IMPL_b9142cbf127d,00000000000000100001000000000000
swift,C034,Async,_async_modifier,,,0,IMPL_b9142cbf127d,00000000000000100001000000000000
swift,C034,Async,_possibly_async_binding_pattern_kind,,,0,IMPL_b9142cbf127d,00000000000000100001000000000000
swift,C034,Async,async,,,0,IMPL_b9142cbf127d,00000000000000100001000000000000
rust,C035,Await,await,,,0,IMPL_23ca78757ab5,00000000000000100001000000000000
rust,C035,Await,await_expression,sym_await_expression,287,1,IMPL_23ca78757ab5,00000000000000100001000000000000
cpp,C035,Await,co_await,,,0,IMPL_23ca78757ab5,00000000000000100001000000000000
cpp,C035,Await,co_await_expression,sym_co_await_expression,471,1,IMPL_23ca78757ab5,00000000000000100001000000000000
python,C035,Await,await,sym_await,238,1,IMPL_23ca78757ab5,00000000000000100001000000000000
zig,C035,Await,await,,,0,IMPL_23ca78757ab5,00000000000000100001000000000000
zig,C035,Await,await_expression,sym_await_expression,211,1,IMPL_23ca78757ab5,00000000000000100001000000000000
csharp,C035,Await,await,,,0,IMPL_23ca78757ab5,00000000000000100001000000000000
csharp,C035,Await,await_expression,sym_await_expression,408,1,IMPL_23ca78757ab5,00000000000000100001000000000000
swift,C035,Await,_await_operator,,,0,IMPL_23ca78757ab5,00000000000000100001000000000000
swift,C035,Await,await,,,0,IMPL_23ca78757ab5,00000000000000100001000000000000
swift,C035,Await,await_expression,,,0,IMPL_23ca78757ab5,00000000000000100001000000000000
swift,C035,Await,for_statement_await,,,0,IMPL_23ca78757ab5,00000000000000100001000000000000
go,C036,SpawnTask,go_statement,sym_go_statement,155,1,IMPL_eed3ee4dac28,00000000000000100001000000000000
cpp,C036,SpawnTask,__thread,,,0,IMPL_eed3ee4dac28,00000000000000100001000000000000
cpp,C036,SpawnTask,thread_local,,,0,IMPL_eed3ee4dac28,00000000000000100001000000000000
c,C036,SpawnTask,__thread,,,0,IMPL_eed3ee4dac28,00000000000000100001000000000000
c,C036,SpawnTask,thread_local,,,0,IMPL_eed3ee4dac28,00000000000000100001000000000000
zig,C036,SpawnTask,threadlocal,,,0,IMPL_eed3ee4dac28,00000000000000100001000000000000
cpp,C037,Class,_class_declaration,sym__class_declaration,389,1,IMPL_9e4e11710d3d,00110000000000000000100000000000
cpp,C037,Class,_class_declaration_item,sym__class_declaration_item,390,1,IMPL_9e4e11710d3d,00110000000000000000100000000000
cpp,C037,Class,class_specifier,sym_class_specifier,391,1,IMPL_9e4e11710d3d,00110000000000000000100000000000
cpp,C037,Class,storage_class_specifier,sym_storage_class_specifier,302,1,IMPL_9e4e11710d3d,00110000000000000000100000000000
c,C037,Class,storage_class_specifier,sym_storage_class_specifier,242,1,IMPL_9e4e11710d3d,00110000000000000000100000000000
python,C037,Class,class_definition,sym_class_definition,155,1,IMPL_9e4e11710d3d,00110000000000000000100000000000
csharp,C037,Class,_class_declaration_initializer,sym__class_declaration_initializer,235,1,IMPL_9e4e11710d3d,00110000000000000000100000000000
csharp,C037,Class,class_declaration,sym_class_declaration,234,1,IMPL_9e4e11710d3d,00110000000000000000100000000000
java,C037,Class,_class_body_declaration,,,0,IMPL_9e4e11710d3d,00110000000000000000100000000000
java,C037,Class,class_body,sym_class_body,242,1,IMPL_9e4e11710d3d,00110000000000000000100000000000
java,C037,Class,class_declaration,sym_class_declaration,233,1,IMPL_9e4e11710d3d,00110000000000000000100000000000
kotlin,C037,Class,class_body,sym_class_body,165,1,IMPL_9e4e11710d3d,00110000000000000000100000000000
kotlin,C037,Class,class_declaration,sym_class_declaration,163,1,IMPL_9e4e11710d3d,00110000000000000000100000000000
kotlin,C037,Class,enum_class_body,sym_enum_class_body,206,1,IMPL_9e4e11710d3d,00110000000000000000100000000000
swift,C037,Class,_local_class_declaration,,,0,IMPL_9e4e11710d3d,00110000000000000000100000000000
swift,C037,Class,_modifierless_class_declaration,,,0,IMPL_9e4e11710d3d,00110000000000000000100000000000
swift,C037,Class,class_body,,,0,IMPL_9e4e11710d3d,00110000000000000000100000000000
swift,C037,Class,class_declaration,,,0,IMPL_9e4e11710d3d,00110000000000000000100000000000
swift,C037,Class,enum_class_body,,,0,IMPL_9e4e11710d3d,00110000000000000000100000000000
go,C038,StructRecord,struct,,,0,IMPL_4ef13b7bc45b,00110000000000000000100000000000
go,C038,StructRecord,struct_type,sym_struct_type,126,1,IMPL_4ef13b7bc45b,00110000000000000000100000000000
rust,C038,StructRecord,struct,,,0,IMPL_4ef13b7bc45b,00110000000000000000100000000000
rust,C038,StructRecord,struct_item,sym_struct_item,176,1,IMPL_4ef13b7bc45b,00110000000000000000100000000000
cpp,C038,StructRecord,struct,,,0,IMPL_4ef13b7bc45b,00110000000000000000100000000000
cpp,C038,StructRecord,struct_specifier,sym_struct_specifier,309,1,IMPL_4ef13b7bc45b,00110000000000000000100000000000
c,C038,StructRecord,struct,,,0,IMPL_4ef13b7bc45b,00110000000000000000100000000000
c,C038,StructRecord,struct_specifier,sym_struct_specifier,249,1,IMPL_4ef13b7bc45b,00110000000000000000100000000000
zig,C038,StructRecord,struct,,,0,IMPL_4ef13b7bc45b,00110000000000000000100000000000
zig,C038,StructRecord,struct_declaration,sym_struct_declaration,168,1,IMPL_4ef13b7bc45b,00110000000000000000100000000000
julia,C038,StructRecord,struct,,,0,IMPL_4ef13b7bc45b,00110000000000000000100000000000
julia,C038,StructRecord,struct_definition,sym_struct_definition,131,1,IMPL_4ef13b7bc45b,00110000000000000000100000000000
nim,C038,StructRecord,tuple_deconstruct_declaration,sym_tuple_deconstruct_declaration,326,1,IMPL_4ef13b7bc45b,00110000000000000000100000000000
csharp,C038,StructRecord,_record_declaration_initializer,sym__record_declaration_initializer,247,1,IMPL_4ef13b7bc45b,00110000000000000000100000000000
csharp,C038,StructRecord,record_declaration,sym_record_declaration,246,1,IMPL_4ef13b7bc45b,00110000000000000000100000000000
csharp,C038,StructRecord,struct,,,0,IMPL_4ef13b7bc45b,00110000000000000000100000000000
csharp,C038,StructRecord,struct_declaration,sym_struct_declaration,236,1,IMPL_4ef13b7bc45b,00110000000000000000100000000000
java,C038,StructRecord,record_declaration,sym_record_declaration,250,1,IMPL_4ef13b7bc45b,00110000000000000000100000000000
swift,C038,StructRecord,struct,,,0,IMPL_4ef13b7bc45b,00110000000000000000100000000000
go,C039,InterfaceTraitProtocol,interface,,,0,IMPL_12d2cff6f289,00110000000000000000100000000000
go,C039,InterfaceTraitProtocol,interface_type,sym_interface_type,130,1,IMPL_12d2cff6f289,00110000000000000000100000000000
rust,C039,InterfaceTraitProtocol,trait,,,0,IMPL_12d2cff6f289,00110000000000000000100000000000
rust,C039,InterfaceTraitProtocol,trait_item,sym_trait_item,194,1,IMPL_12d2cff6f289,00110000000000000000100000000000
csharp,C039,InterfaceTraitProtocol,interface,,,0,IMPL_12d2cff6f289,00110000000000000000100000000000
csharp,C039,InterfaceTraitProtocol,interface_declaration,sym_interface_declaration,242,1,IMPL_12d2cff6f289,00110000000000000000100000000000
java,C039,InterfaceTraitProtocol,@interface,,,0,IMPL_12d2cff6f289,00110000000000000000100000000000
java,C039,InterfaceTraitProtocol,interface,,,0,IMPL_12d2cff6f289,00110000000000000000100000000000
java,C039,InterfaceTraitProtocol,interface_body,sym_interface_body,257,1,IMPL_12d2cff6f289,00110000000000000000100000000000
java,C039,InterfaceTraitProtocol,interface_declaration,sym_interface_declaration,255,1,IMPL_12d2cff6f289,00110000000000000000100000000000
kotlin,C039,InterfaceTraitProtocol,interface,,,0,IMPL_12d2cff6f289,00110000000000000000100000000000
swift,C039,InterfaceTraitProtocol,Protocol,,,0,IMPL_12d2cff6f289,00110000000000000000100000000000
swift,C039,InterfaceTraitProtocol,protocol,,,0,IMPL_12d2cff6f289,00110000000000000000100000000000
swift,C039,InterfaceTraitProtocol,protocol_body,,,0,IMPL_12d2cff6f289,00110000000000000000100000000000
swift,C039,InterfaceTraitProtocol,protocol_declaration,,,0,IMPL_12d2cff6f289,00110000000000000000100000000000
rust,C040,EnumVariant,enum,,,0,IMPL_b4c7e0017532,00110000000000000000100000000000
rust,C040,EnumVariant,enum_item,sym_enum_item,178,1,IMPL_b4c7e0017532,00110000000000000000100000000000
rust,C040,EnumVariant,enum_variant,sym_enum_variant,180,1,IMPL_b4c7e0017532,00110000000000000000100000000000
rust,C040,EnumVariant,enum_variant_list,sym_enum_variant_list,179,1,IMPL_b4c7e0017532,00110000000000000000100000000000
cpp,C040,EnumVariant,_enum_base_clause,sym__enum_base_clause,396,1,IMPL_b4c7e0017532,00110000000000000000100000000000
cpp,C040,EnumVariant,enum,,,0,IMPL_b4c7e0017532,00110000000000000000100000000000
cpp,C040,EnumVariant,enum_specifier,sym_enum_specifier,307,1,IMPL_b4c7e0017532,00110000000000000000100000000000
cpp,C040,EnumVariant,enumerator,sym_enumerator,315,1,IMPL_b4c7e0017532,00110000000000000000100000000000
cpp,C040,EnumVariant,enumerator_list,sym_enumerator_list,308,1,IMPL_b4c7e0017532,00110000000000000000100000000000
cpp,C040,EnumVariant,preproc_elif_in_enumerator_list,sym_preproc_elif_in_enumerator_list,246,1,IMPL_b4c7e0017532,00110000000000000000100000000000
cpp,C040,EnumVariant,preproc_elif_in_enumerator_list_no_comma,sym_preproc_elif_in_enumerator_list_no_comma,251,1,IMPL_b4c7e0017532,00110000000000000000100000000000
cpp,C040,EnumVariant,preproc_elifdef_in_enumerator_list,sym_preproc_elifdef_in_enumerator_list,247,1,IMPL_b4c7e0017532,00110000000000000000100000000000
cpp,C040,EnumVariant,preproc_elifdef_in_enumerator_list_no_comma,sym_preproc_elifdef_in_enumerator_list_no_comma,252,1,IMPL_b4c7e0017532,00110000000000000000100000000000
cpp,C040,EnumVariant,preproc_else_in_enumerator_list,sym_preproc_else_in_enumerator_list,245,1,IMPL_b4c7e0017532,00110000000000000000100000000000
cpp,C040,EnumVariant,preproc_else_in_enumerator_list_no_comma,sym_preproc_else_in_enumerator_list_no_comma,250,1,IMPL_b4c7e0017532,00110000000000000000100000000000
cpp,C040,EnumVariant,preproc_if_in_enumerator_list,sym_preproc_if_in_enumerator_list,243,1,IMPL_b4c7e0017532,00110000000000000000100000000000
cpp,C040,EnumVariant,preproc_if_in_enumerator_list_no_comma,sym_preproc_if_in_enumerator_list_no_comma,248,1,IMPL_b4c7e0017532,00110000000000000000100000000000
cpp,C040,EnumVariant,preproc_ifdef_in_enumerator_list,sym_preproc_ifdef_in_enumerator_list,244,1,IMPL_b4c7e0017532,00110000000000000000100000000000
cpp,C040,EnumVariant,preproc_ifdef_in_enumerator_list_no_comma,sym_preproc_ifdef_in_enumerator_list_no_comma,249,1,IMPL_b4c7e0017532,00110000000000000000100000000000
c,C040,EnumVariant,enum,,,0,IMPL_b4c7e0017532,00110000000000000000100000000000
c,C040,EnumVariant,enum_specifier,sym_enum_specifier,247,1,IMPL_b4c7e0017532,00110000000000000000100000000000
c,C040,EnumVariant,enumerator,sym_enumerator,256,1,IMPL_b4c7e0017532,00110000000000000000100000000000
c,C040,EnumVariant,enumerator_list,sym_enumerator_list,248,1,IMPL_b4c7e0017532,00110000000000000000100000000000
c,C040,EnumVariant,preproc_elif_in_enumerator_list,sym_preproc_elif_in_enumerator_list,182,1,IMPL_b4c7e0017532,00110000000000000000100000000000
c,C040,EnumVariant,preproc_elif_in_enumerator_list_no_comma,sym_preproc_elif_in_enumerator_list_no_comma,187,1,IMPL_b4c7e0017532,00110000000000000000100000000000
c,C040,EnumVariant,preproc_elifdef_in_enumerator_list,sym_preproc_elifdef_in_enumerator_list,183,1,IMPL_b4c7e0017532,00110000000000000000100000000000
c,C040,EnumVariant,preproc_elifdef_in_enumerator_list_no_comma,sym_preproc_elifdef_in_enumerator_list_no_comma,188,1,IMPL_b4c7e0017532,00110000000000000000100000000000
c,C040,EnumVariant,preproc_else_in_enumerator_list,sym_preproc_else_in_enumerator_list,181,1,IMPL_b4c7e0017532,00110000000000000000100000000000
c,C040,EnumVariant,preproc_else_in_enumerator_list_no_comma,sym_preproc_else_in_enumerator_list_no_comma,186,1,IMPL_b4c7e0017532,00110000000000000000100000000000
c,C040,EnumVariant,preproc_if_in_enumerator_list,sym_preproc_if_in_enumerator_list,179,1,IMPL_b4c7e0017532,00110000000000000000100000000000
c,C040,EnumVariant,preproc_if_in_enumerator_list_no_comma,sym_preproc_if_in_enumerator_list_no_comma,184,1,IMPL_b4c7e0017532,00110000000000000000100000000000
c,C040,EnumVariant,preproc_ifdef_in_enumerator_list,sym_preproc_ifdef_in_enumerator_list,180,1,IMPL_b4c7e0017532,00110000000000000000100000000000
c,C040,EnumVariant,preproc_ifdef_in_enumerator_list_no_comma,sym_preproc_ifdef_in_enumerator_list_no_comma,185,1,IMPL_b4c7e0017532,00110000000000000000100000000000
zig,C040,EnumVariant,enum,,,0,IMPL_b4c7e0017532,00110000000000000000100000000000
zig,C040,EnumVariant,enum_declaration,sym_enum_declaration,170,1,IMPL_b4c7e0017532,00110000000000000000100000000000
nim,C040,EnumVariant,_variant_declaration_body,sym__variant_declaration_body,208,1,IMPL_b4c7e0017532,00110000000000000000100000000000
nim,C040,EnumVariant,enum,,,0,IMPL_b4c7e0017532,00110000000000000000100000000000
nim,C040,EnumVariant,enum_declaration,sym_enum_declaration,198,1,IMPL_b4c7e0017532,00110000000000000000100000000000
nim,C040,EnumVariant,enum_field_declaration,sym_enum_field_declaration,199,1,IMPL_b4c7e0017532,00110000000000000000100000000000
nim,C040,EnumVariant,enum_type,sym_enum_type,272,1,IMPL_b4c7e0017532,00110000000000000000100000000000
nim,C040,EnumVariant,variant_declaration,sym_variant_declaration,207,1,IMPL_b4c7e0017532,00110000000000000000100000000000
nim,C040,EnumVariant,variant_discriminator_declaration,sym_variant_discriminator_declaration,209,1,IMPL_b4c7e0017532,00110000000000000000100000000000
csharp,C040,EnumVariant,_enum_declaration_initializer,sym__enum_declaration_initializer,239,1,IMPL_b4c7e0017532,00110000000000000000100000000000
csharp,C040,EnumVariant,enum,,,0,IMPL_b4c7e0017532,00110000000000000000100000000000
csharp,C040,EnumVariant,enum_declaration,sym_enum_declaration,238,1,IMPL_b4c7e0017532,00110000000000000000100000000000
csharp,C040,EnumVariant,enum_member_declaration,sym_enum_member_declaration,241,1,IMPL_b4c7e0017532,00110000000000000000100000000000
csharp,C040,EnumVariant,enum_member_declaration_list,sym_enum_member_declaration_list,240,1,IMPL_b4c7e0017532,00110000000000000000100000000000
csharp,C040,EnumVariant,preproc_elif_in_enum_member_declaration,sym_preproc_elif_in_enum_member_declaration,471,1,IMPL_b4c7e0017532,00110000000000000000100000000000
csharp,C040,EnumVariant,preproc_else_in_enum_member_declaration,sym_preproc_else_in_enum_member_declaration,470,1,IMPL_b4c7e0017532,00110000000000000000100000000000
csharp,C040,EnumVariant,preproc_if_in_enum_member_declaration,sym_preproc_if_in_enum_member_declaration,469,1,IMPL_b4c7e0017532,00110000000000000000100000000000
java,C040,EnumVariant,enum,,,0,IMPL_b4c7e0017532,00110000000000000000100000000000
java,C040,EnumVariant,enum_body,sym_enum_body,230,1,IMPL_b4c7e0017532,00110000000000000000100000000000
java,C040,EnumVariant,enum_body_declarations,sym_enum_body_declarations,231,1,IMPL_b4c7e0017532,00110000000000000000100000000000
java,C040,EnumVariant,enum_constant,sym_enum_constant,232,1,IMPL_b4c7e0017532,00110000000000000000100000000000
java,C040,EnumVariant,enum_declaration,sym_enum_declaration,229,1,IMPL_b4c7e0017532,00110000000000000000100000000000
kotlin,C040,EnumVariant,_enum_entries,sym__enum_entries,207,1,IMPL_b4c7e0017532,00110000000000000000100000000000
kotlin,C040,EnumVariant,enum,,,0,IMPL_b4c7e0017532,00110000000000000000100000000000
kotlin,C040,EnumVariant,enum_class_body,sym_enum_class_body,206,1,IMPL_b4c7e0017532,00110000000000000000100000000000
kotlin,C040,EnumVariant,enum_entry,sym_enum_entry,208,1,IMPL_b4c7e0017532,00110000000000000000100000000000
swift,C040,EnumVariant,_enum_entry_suffix,,,0,IMPL_b4c7e0017532,00110000000000000000100000000000
swift,C040,EnumVariant,enum,,,0,IMPL_b4c7e0017532,00110000000000000000100000000000
swift,C040,EnumVariant,enum_class_body,,,0,IMPL_b4c7e0017532,00110000000000000000100000000000
swift,C040,EnumVariant,enum_entry,,,0,IMPL_b4c7e0017532,00110000000000000000100000000000
swift,C040,EnumVariant,enum_type_parameters,,,0,IMPL_b4c7e0017532,00110000000000000000100000000000
go,C041,TypeAlias,type_alias,sym_type_alias,114,1,IMPL_610b3b80bebb,00110000000000000000100000000000
cpp,C041,TypeAlias,alias_declaration,sym_alias_declaration,455,1,IMPL_610b3b80bebb,00110000000000000000100000000000
cpp,C041,TypeAlias,typedef,,,0,IMPL_610b3b80bebb,00110000000000000000100000000000
c,C041,TypeAlias,typedef,,,0,IMPL_610b3b80bebb,00110000000000000000100000000000
python,C041,TypeAlias,type_alias_statement,sym_type_alias_statement,154,1,IMPL_610b3b80bebb,00110000000000000000100000000000
kotlin,C041,TypeAlias,type_alias,sym_type_alias,161,1,IMPL_610b3b80bebb,00110000000000000000100000000000
swift,C041,TypeAlias,_local_typealias_declaration,,,0,IMPL_610b3b80bebb,00110000000000000000100000000000
swift,C041,TypeAlias,_modifierless_typealias_declaration,,,0,IMPL_610b3b80bebb,00110000000000000000100000000000
swift,C041,TypeAlias,typealias_declaration,,,0,IMPL_610b3b80bebb,00110000000000000000100000000000
go,C042,GenericParameter,type_parameter_declaration,sym_type_parameter_declaration,110,1,IMPL_780703a41fd7,00010000000000000000011000000000
go,C042,GenericParameter,type_parameter_list,sym_type_parameter_list,109,1,IMPL_780703a41fd7,00010000000000000000011000000000
rust,C042,GenericParameter,type_parameter,sym_type_parameter,201,1,IMPL_780703a41fd7,00010000000000000000011000000000
rust,C042,GenericParameter,type_parameters,sym_type_parameters,199,1,IMPL_780703a41fd7,00010000000000000000011000000000
cpp,C042,GenericParameter,optional_type_parameter_declaration,sym_optional_type_parameter_declaration,410,1,IMPL_780703a41fd7,00010000000000000000011000000000
cpp,C042,GenericParameter,template_parameter_list,sym_template_parameter_list,407,1,IMPL_780703a41fd7,00010000000000000000011000000000
cpp,C042,GenericParameter,template_template_parameter_declaration,sym_template_template_parameter_declaration,411,1,IMPL_780703a41fd7,00010000000000000000011000000000
cpp,C042,GenericParameter,type_parameter_declaration,sym_type_parameter_declaration,408,1,IMPL_780703a41fd7,00010000000000000000011000000000
cpp,C042,GenericParameter,type_parameter_pack_expansion,sym_type_parameter_pack_expansion,500,1,IMPL_780703a41fd7,00010000000000000000011000000000
cpp,C042,GenericParameter,variadic_type_parameter_declaration,sym_variadic_type_parameter_declaration,409,1,IMPL_780703a41fd7,00010000000000000000011000000000
python,C042,GenericParameter,type_parameter,sym_type_parameter,156,1,IMPL_780703a41fd7,00010000000000000000011000000000
nim,C042,GenericParameter,_concept_type_parameter,sym__concept_type_parameter,219,1,IMPL_780703a41fd7,00010000000000000000011000000000
nim,C042,GenericParameter,generic_parameter_list,sym_generic_parameter_list,183,1,IMPL_780703a41fd7,00010000000000000000011000000000
nim,C042,GenericParameter,type_parameter,,,0,IMPL_780703a41fd7,00010000000000000000011000000000
csharp,C042,GenericParameter,type_parameter,sym_type_parameter,253,1,IMPL_780703a41fd7,00010000000000000000011000000000
csharp,C042,GenericParameter,type_parameter_constraint,sym_type_parameter_constraint,256,1,IMPL_780703a41fd7,00010000000000000000011000000000
csharp,C042,GenericParameter,type_parameter_constraints_clause,sym_type_parameter_constraints_clause,255,1,IMPL_780703a41fd7,00010000000000000000011000000000
csharp,C042,GenericParameter,type_parameter_list,sym_type_parameter_list,252,1,IMPL_780703a41fd7,00010000000000000000011000000000
java,C042,GenericParameter,type_parameter,sym_type_parameter,236,1,IMPL_780703a41fd7,00010000000000000000011000000000
java,C042,GenericParameter,type_parameters,sym_type_parameters,235,1,IMPL_780703a41fd7,00010000000000000000011000000000
kotlin,C042,GenericParameter,_type_parameter_modifier,sym__type_parameter_modifier,314,1,IMPL_780703a41fd7,00010000000000000000011000000000
kotlin,C042,GenericParameter,function_type_parameters,sym_function_type_parameters,219,1,IMPL_780703a41fd7,00010000000000000000011000000000
kotlin,C042,GenericParameter,type_parameter,sym_type_parameter,181,1,IMPL_780703a41fd7,00010000000000000000011000000000
kotlin,C042,GenericParameter,type_parameter_modifiers,sym_type_parameter_modifiers,313,1,IMPL_780703a41fd7,00010000000000000000011000000000
kotlin,C042,GenericParameter,type_parameters,sym_type_parameters,180,1,IMPL_780703a41fd7,00010000000000000000011000000000
swift,C042,GenericParameter,_type_parameter_possibly_packed,,,0,IMPL_780703a41fd7,00010000000000000000011000000000
swift,C042,GenericParameter,enum_type_parameters,,,0,IMPL_780703a41fd7,00010000000000000000011000000000
swift,C042,GenericParameter,lambda_function_type_parameters,,,0,IMPL_780703a41fd7,00010000000000000000011000000000
swift,C042,GenericParameter,type_parameter,,,0,IMPL_780703a41fd7,00010000000000000000011000000000
swift,C042,GenericParameter,type_parameter_modifiers,,,0,IMPL_780703a41fd7,00010000000000000000011000000000
swift,C042,GenericParameter,type_parameter_pack,,,0,IMPL_780703a41fd7,00010000000000000000011000000000
swift,C042,GenericParameter,type_parameters,,,0,IMPL_780703a41fd7,00010000000000000000011000000000
go,C043,GenericInstantiation,generic_type,sym_generic_type,120,1,IMPL_03a45ea5ef87,00010000000000000000011000000000
go,C043,GenericInstantiation,type_arguments,sym_type_arguments,121,1,IMPL_03a45ea5ef87,00010000000000000000011000000000
rust,C043,GenericInstantiation,generic_type,sym_generic_type,226,1,IMPL_03a45ea5ef87,00010000000000000000011000000000
rust,C043,GenericInstantiation,generic_type_with_turbofish,sym_generic_type_with_turbofish,227,1,IMPL_03a45ea5ef87,00010000000000000000011000000000
rust,C043,GenericInstantiation,type_arguments,sym_type_arguments,230,1,IMPL_03a45ea5ef87,00010000000000000000011000000000
cpp,C043,GenericInstantiation,_splice_specialization_specifier,sym__splice_specialization_specifier,514,1,IMPL_03a45ea5ef87,00010000000000000000011000000000
cpp,C043,GenericInstantiation,template_function,sym_template_function,448,1,IMPL_03a45ea5ef87,00010000000000000000011000000000
python,C043,GenericInstantiation,generic_type,sym_generic_type,211,1,IMPL_03a45ea5ef87,00010000000000000000011000000000
nim,C043,GenericInstantiation,_dot_generic_call_block,sym__dot_generic_call_block,249,1,IMPL_03a45ea5ef87,00010000000000000000011000000000
nim,C043,GenericInstantiation,_dot_generic_call_do,sym__dot_generic_call_do,252,1,IMPL_03a45ea5ef87,00010000000000000000011000000000
nim,C043,GenericInstantiation,dot_generic_call,sym_dot_generic_call,261,1,IMPL_03a45ea5ef87,00010000000000000000011000000000
csharp,C043,GenericInstantiation,generic_name,sym_generic_name,298,1,IMPL_03a45ea5ef87,00010000000000000000011000000000
java,C043,GenericInstantiation,generic_type,sym_generic_type,267,1,IMPL_03a45ea5ef87,00010000000000000000011000000000
java,C043,GenericInstantiation,type_arguments,sym_type_arguments,170,1,IMPL_03a45ea5ef87,00010000000000000000011000000000
kotlin,C043,GenericInstantiation,_generic_call_expression,sym__generic_call_expression,237,1,IMPL_03a45ea5ef87,00010000000000000000011000000000
kotlin,C043,GenericInstantiation,_generic_call_expression_no_trailing_lambda,sym__generic_call_expression_no_trailing_lambda,177,1,IMPL_03a45ea5ef87,00010000000000000000011000000000
kotlin,C043,GenericInstantiation,_generic_call_suffix,sym__generic_call_suffix,257,1,IMPL_03a45ea5ef87,00010000000000000000011000000000
kotlin,C043,GenericInstantiation,_generic_call_suffix_no_trailing_lambda,sym__generic_call_suffix_no_trailing_lambda,179,1,IMPL_03a45ea5ef87,00010000000000000000011000000000
kotlin,C043,GenericInstantiation,type_arguments,sym_type_arguments,259,1,IMPL_03a45ea5ef87,00010000000000000000011000000000
swift,C043,GenericInstantiation,type_arguments,,,0,IMPL_03a45ea5ef87,00010000000000000000011000000000
go,C044,TypeConstraint,type_constraint,alias_sym_type_constraint,217,1,IMPL_076079f8fda0,00010000000000000000011000000000
rust,C044,TypeConstraint,where_clause,sym_where_clause,191,1,IMPL_076079f8fda0,00010000000000000000011000000000
cpp,C044,TypeConstraint,_requirement_clause_constraint,sym__requirement_clause_constraint,481,1,IMPL_076079f8fda0,00010000000000000000011000000000
cpp,C044,TypeConstraint,concept_definition,sym_concept_definition,458,1,IMPL_076079f8fda0,00010000000000000000011000000000
cpp,C044,TypeConstraint,constraint_conjunction,sym_constraint_conjunction,479,1,IMPL_076079f8fda0,00010000000000000000011000000000
cpp,C044,TypeConstraint,constraint_disjunction,sym_constraint_disjunction,480,1,IMPL_076079f8fda0,00010000000000000000011000000000
cpp,C044,TypeConstraint,requires_clause,sym_requires_clause,482,1,IMPL_076079f8fda0,00010000000000000000011000000000
csharp,C044,TypeConstraint,constructor_constraint,sym_constructor_constraint,257,1,IMPL_076079f8fda0,00010000000000000000011000000000
csharp,C044,TypeConstraint,type_parameter_constraint,sym_type_parameter_constraint,256,1,IMPL_076079f8fda0,00010000000000000000011000000000
csharp,C044,TypeConstraint,type_parameter_constraints_clause,sym_type_parameter_constraints_clause,255,1,IMPL_076079f8fda0,00010000000000000000011000000000
csharp,C044,TypeConstraint,where_clause,sym_where_clause,392,1,IMPL_076079f8fda0,00010000000000000000011000000000
kotlin,C044,TypeConstraint,type_constraint,sym_type_constraint,183,1,IMPL_076079f8fda0,00010000000000000000011000000000
kotlin,C044,TypeConstraint,type_constraints,sym_type_constraints,182,1,IMPL_076079f8fda0,00010000000000000000011000000000
swift,C044,TypeConstraint,equality_constraint,,,0,IMPL_076079f8fda0,00010000000000000000011000000000
swift,C044,TypeConstraint,inheritance_constraint,,,0,IMPL_076079f8fda0,00010000000000000000011000000000
swift,C044,TypeConstraint,suppressed_constraint,,,0,IMPL_076079f8fda0,00010000000000000000011000000000
swift,C044,TypeConstraint,type_constraint,,,0,IMPL_076079f8fda0,00010000000000000000011000000000
swift,C044,TypeConstraint,type_constraints,,,0,IMPL_076079f8fda0,00010000000000000000011000000000
swift,C044,TypeConstraint,where_clause,,,0,IMPL_076079f8fda0,00010000000000000000011000000000
go,C045,PointerReference,pointer_type,sym_pointer_type,122,1,IMPL_f114c6eb76b3,00000000000000000000010100000100
rust,C045,PointerReference,pointer_type,sym_pointer_type,233,1,IMPL_f114c6eb76b3,00000000000000000000010100000100
rust,C045,PointerReference,reference_expression,sym_reference_expression,249,1,IMPL_f114c6eb76b3,00000000000000000000010100000100
rust,C045,PointerReference,reference_type,sym_reference_type,232,1,IMPL_f114c6eb76b3,00000000000000000000010100000100
cpp,C045,PointerReference,abstract_pointer_declarator,sym_abstract_pointer_declarator,291,1,IMPL_f114c6eb76b3,00000000000000000000010100000100
cpp,C045,PointerReference,abstract_reference_declarator,sym_abstract_reference_declarator,435,1,IMPL_f114c6eb76b3,00000000000000000000010100000100
cpp,C045,PointerReference,ms_pointer_modifier,sym_ms_pointer_modifier,275,1,IMPL_f114c6eb76b3,00000000000000000000010100000100
cpp,C045,PointerReference,pointer_declarator,sym_pointer_declarator,288,1,IMPL_f114c6eb76b3,00000000000000000000010100000100
cpp,C045,PointerReference,pointer_expression,sym_pointer_expression,345,1,IMPL_f114c6eb76b3,00000000000000000000010100000100
cpp,C045,PointerReference,pointer_field_declarator,sym_pointer_field_declarator,289,1,IMPL_f114c6eb76b3,00000000000000000000010100000100
cpp,C045,PointerReference,pointer_type_declarator,sym_pointer_type_declarator,290,1,IMPL_f114c6eb76b3,00000000000000000000010100000100
cpp,C045,PointerReference,reference_declarator,sym_reference_declarator,432,1,IMPL_f114c6eb76b3,00000000000000000000010100000100
cpp,C045,PointerReference,reference_type_declarator,sym_reference_type_declarator,434,1,IMPL_f114c6eb76b3,00000000000000000000010100000100
cpp,C045,PointerReference,variadic_reference_declarator,sym_variadic_reference_declarator,416,1,IMPL_f114c6eb76b3,00000000000000000000010100000100
c,C045,PointerReference,abstract_pointer_declarator,sym_abstract_pointer_declarator,229,1,IMPL_f114c6eb76b3,00000000000000000000010100000100
c,C045,PointerReference,ms_pointer_modifier,sym_ms_pointer_modifier,212,1,IMPL_f114c6eb76b3,00000000000000000000010100000100
c,C045,PointerReference,pointer_declarator,sym_pointer_declarator,226,1,IMPL_f114c6eb76b3,00000000000000000000010100000100
c,C045,PointerReference,pointer_expression,sym_pointer_expression,288,1,IMPL_f114c6eb76b3,00000000000000000000010100000100
c,C045,PointerReference,pointer_field_declarator,sym_pointer_field_declarator,227,1,IMPL_f114c6eb76b3,00000000000000000000010100000100
c,C045,PointerReference,pointer_type_declarator,sym_pointer_type_declarator,228,1,IMPL_f114c6eb76b3,00000000000000000000010100000100
zig,C045,PointerReference,dereference_expression,sym_dereference_expression,232,1,IMPL_f114c6eb76b3,00000000000000000000010100000100
zig,C045,PointerReference,pointer_type,sym_pointer_type,227,1,IMPL_f114c6eb76b3,00000000000000000000010100000100
nim,C045,PointerReference,_concept_pointer_parameter,sym__concept_pointer_parameter,216,1,IMPL_f114c6eb76b3,00000000000000000000010100000100
nim,C045,PointerReference,_pointer_declaration,sym__pointer_declaration,197,1,IMPL_f114c6eb76b3,00000000000000000000010100000100
nim,C045,PointerReference,pointer_parameter,,,0,IMPL_f114c6eb76b3,00000000000000000000010100000100
nim,C045,PointerReference,pointer_type,sym_pointer_type,278,1,IMPL_f114c6eb76b3,00000000000000000000010100000100
csharp,C045,PointerReference,_pointer_base_type,sym__pointer_base_type,307,1,IMPL_f114c6eb76b3,00000000000000000000010100000100
csharp,C045,PointerReference,_pointer_indirection_expression,sym__pointer_indirection_expression,379,1,IMPL_f114c6eb76b3,00000000000000000000010100000100
csharp,C045,PointerReference,function_pointer_parameter,sym_function_pointer_parameter,310,1,IMPL_f114c6eb76b3,00000000000000000000010100000100
csharp,C045,PointerReference,function_pointer_type,sym_function_pointer_type,308,1,IMPL_f114c6eb76b3,00000000000000000000010100000100
csharp,C045,PointerReference,pointer_type,sym_pointer_type,306,1,IMPL_f114c6eb76b3,00000000000000000000010100000100
go,C046,ArraySliceType,array_type,sym_array_type,123,1,IMPL_cb74d1f373fb,00000000000100000000010000000000
go,C046,ArraySliceType,implicit_length_array_type,sym_implicit_length_array_type,124,1,IMPL_cb74d1f373fb,00000000000100000000010000000000
go,C046,ArraySliceType,slice_type,sym_slice_type,125,1,IMPL_cb74d1f373fb,00000000000100000000010000000000
rust,C046,ArraySliceType,array_type,sym_array_type,220,1,IMPL_cb74d1f373fb,00000000000100000000010000000000
cpp,C046,ArraySliceType,array_type_declarator,sym_array_type_declarator,298,1,IMPL_cb74d1f373fb,00000000000100000000010000000000
c,C046,ArraySliceType,array_type_declarator,sym_array_type_declarator,238,1,IMPL_cb74d1f373fb,00000000000100000000010000000000
zig,C046,ArraySliceType,array_type,sym_array_type,228,1,IMPL_cb74d1f373fb,00000000000100000000010000000000
zig,C046,ArraySliceType,slice_type,sym_slice_type,226,1,IMPL_cb74d1f373fb,00000000000100000000010000000000
csharp,C046,ArraySliceType,array_type,sym_array_type,302,1,IMPL_cb74d1f373fb,00000000000100000000010000000000
java,C046,ArraySliceType,array_type,sym_array_type,268,1,IMPL_cb74d1f373fb,00000000000100000000010000000000
swift,C046,ArraySliceType,array_type,,,0,IMPL_cb74d1f373fb,00000000000100000000010000000000
go,C047,MapDictionaryType,map_type,sym_map_type,133,1,IMPL_ec128b12a283,00000000000100000000010000000000
swift,C047,MapDictionaryType,dictionary_type,,,0,IMPL_ec128b12a283,00000000000100000000010000000000
cpp,C048,OptionalNullable,optional_type_parameter_declaration,sym_optional_type_parameter_declaration,410,1,IMPL_82d8e54a15de,00000000000100000000010000000000
zig,C048,OptionalNullable,nullable_type,sym_nullable_type,224,1,IMPL_82d8e54a15de,00000000000100000000010000000000
csharp,C048,OptionalNullable,nullable_type,sym_nullable_type,305,1,IMPL_82d8e54a15de,00000000000100000000010000000000
kotlin,C048,OptionalNullable,not_nullable_type,sym_not_nullable_type,211,1,IMPL_82d8e54a15de,00000000000100000000010000000000
kotlin,C048,OptionalNullable,nullable_type,sym_nullable_type,212,1,IMPL_82d8e54a15de,00000000000100000000010000000000
kotlin,C048,OptionalNullable,parameter_with_optional_type,sym_parameter_with_optional_type,201,1,IMPL_82d8e54a15de,00000000000100000000010000000000
kotlin,C048,OptionalNullable,parameters_with_optional_type,,,0,IMPL_82d8e54a15de,00000000000100000000010000000000
swift,C048,OptionalNullable,optional_type,,,0,IMPL_82d8e54a15de,00000000000100000000010000000000
go,C049,CastConversion,type_conversion_expression,sym_type_conversion_expression,179,1,IMPL_a9e0295f8a1c,00000000000000000000010010000100
rust,C049,CastConversion,type_cast_expression,sym_type_cast_expression,253,1,IMPL_a9e0295f8a1c,00000000000000000000010010000100
cpp,C049,CastConversion,cast_expression,sym_cast_expression,349,1,IMPL_a9e0295f8a1c,00000000000000000000010010000100
c,C049,CastConversion,cast_expression,sym_cast_expression,292,1,IMPL_a9e0295f8a1c,00000000000000000000010010000100
csharp,C049,CastConversion,as_expression,sym_as_expression,398,1,IMPL_a9e0295f8a1c,00000000000000000000010010000100
csharp,C049,CastConversion,cast_expression,sym_cast_expression,401,1,IMPL_a9e0295f8a1c,00000000000000000000010010000100
java,C049,CastConversion,cast_expression,sym_cast_expression,148,1,IMPL_a9e0295f8a1c,00000000000000000000010010000100
kotlin,C049,CastConversion,as_expression,sym_as_expression,241,1,IMPL_a9e0295f8a1c,00000000000000000000010010000100
swift,C049,CastConversion,_type_casting_pattern,,,0,IMPL_a9e0295f8a1c,00000000000000000000010010000100
swift,C049,CastConversion,as_expression,,,0,IMPL_a9e0295f8a1c,00000000000000000000010010000100
go,C050,TypeAssertTest,type_assertion_expression,sym_type_assertion_expression,178,1,IMPL_4efc4b747e5c,00000000000000000000010010000100
csharp,C050,TypeAssertTest,is_expression,sym_is_expression,399,1,IMPL_4efc4b747e5c,00000000000000000000010010000100
java,C050,TypeAssertTest,instanceof,,,0,IMPL_4efc4b747e5c,00000000000000000000010010000100
java,C050,TypeAssertTest,instanceof_expression,sym_instanceof_expression,151,1,IMPL_4efc4b747e5c,00000000000000000000010010000100
kotlin,C050,TypeAssertTest,elvis_expression,sym_elvis_expression,248,1,IMPL_4efc4b747e5c,00000000000000000000010010000100
kotlin,C050,TypeAssertTest,this_expression,sym_this_expression,275,1,IMPL_4efc4b747e5c,00000000000000000000010010000100
kotlin,C050,TypeAssertTest,type_test,sym_type_test,284,1,IMPL_4efc4b747e5c,00000000000000000000010010000100
rust,C051,AnnotationAttribute,attribute,sym_attribute,172,1,IMPL_dc28d4a4f7da,00100000000000000000000001000000
rust,C051,AnnotationAttribute,attribute_item,sym_attribute_item,170,1,IMPL_dc28d4a4f7da,00100000000000000000000001000000
rust,C051,AnnotationAttribute,inner_attribute_item,sym_inner_attribute_item,171,1,IMPL_dc28d4a4f7da,00100000000000000000000001000000
cpp,C051,AnnotationAttribute,__attribute,,,0,IMPL_dc28d4a4f7da,00100000000000000000000001000000
cpp,C051,AnnotationAttribute,__attribute__,,,0,IMPL_dc28d4a4f7da,00100000000000000000000001000000
cpp,C051,AnnotationAttribute,_function_attributes_end,sym__function_attributes_end,441,1,IMPL_dc28d4a4f7da,00100000000000000000000001000000
cpp,C051,AnnotationAttribute,_function_attributes_start,sym__function_attributes_start,439,1,IMPL_dc28d4a4f7da,00100000000000000000000001000000
cpp,C051,AnnotationAttribute,annotation,sym_annotation,388,1,IMPL_dc28d4a4f7da,00100000000000000000000001000000
cpp,C051,AnnotationAttribute,attribute,sym_attribute,269,1,IMPL_dc28d4a4f7da,00100000000000000000000001000000
cpp,C051,AnnotationAttribute,attribute_declaration,sym_attribute_declaration,270,1,IMPL_dc28d4a4f7da,00100000000000000000000001000000
cpp,C051,AnnotationAttribute,attribute_specifier,sym_attribute_specifier,268,1,IMPL_dc28d4a4f7da,00100000000000000000000001000000
cpp,C051,AnnotationAttribute,attributed_declarator,sym_attributed_declarator,285,1,IMPL_dc28d4a4f7da,00100000000000000000000001000000
cpp,C051,AnnotationAttribute,attributed_field_declarator,sym_attributed_field_declarator,286,1,IMPL_dc28d4a4f7da,00100000000000000000000001000000
cpp,C051,AnnotationAttribute,attributed_statement,sym_attributed_statement,318,1,IMPL_dc28d4a4f7da,00100000000000000000000001000000
cpp,C051,AnnotationAttribute,attributed_type_declarator,sym_attributed_type_declarator,287,1,IMPL_dc28d4a4f7da,00100000000000000000000001000000
c,C051,AnnotationAttribute,__attribute,,,0,IMPL_dc28d4a4f7da,00100000000000000000000001000000
c,C051,AnnotationAttribute,__attribute__,,,0,IMPL_dc28d4a4f7da,00100000000000000000000001000000
c,C051,AnnotationAttribute,attribute,sym_attribute,206,1,IMPL_dc28d4a4f7da,00100000000000000000000001000000
c,C051,AnnotationAttribute,attribute_declaration,sym_attribute_declaration,207,1,IMPL_dc28d4a4f7da,00100000000000000000000001000000
c,C051,AnnotationAttribute,attribute_specifier,sym_attribute_specifier,205,1,IMPL_dc28d4a4f7da,00100000000000000000000001000000
c,C051,AnnotationAttribute,attributed_declarator,sym_attributed_declarator,223,1,IMPL_dc28d4a4f7da,00100000000000000000000001000000
c,C051,AnnotationAttribute,attributed_field_declarator,sym_attributed_field_declarator,224,1,IMPL_dc28d4a4f7da,00100000000000000000000001000000
c,C051,AnnotationAttribute,attributed_statement,sym_attributed_statement,261,1,IMPL_dc28d4a4f7da,00100000000000000000000001000000
c,C051,AnnotationAttribute,attributed_type_declarator,sym_attributed_type_declarator,225,1,IMPL_dc28d4a4f7da,00100000000000000000000001000000
python,C051,AnnotationAttribute,attribute,sym_attribute,204,1,IMPL_dc28d4a4f7da,00100000000000000000000001000000
python,C051,AnnotationAttribute,decorator,sym_decorator,160,1,IMPL_dc28d4a4f7da,00100000000000000000000001000000
csharp,C051,AnnotationAttribute,_attribute_list,sym__attribute_list,229,1,IMPL_dc28d4a4f7da,00100000000000000000000001000000
csharp,C051,AnnotationAttribute,annotations,,,0,IMPL_dc28d4a4f7da,00100000000000000000000001000000
csharp,C051,AnnotationAttribute,attribute,sym_attribute,225,1,IMPL_dc28d4a4f7da,00100000000000000000000001000000
csharp,C051,AnnotationAttribute,attribute_argument,sym_attribute_argument,227,1,IMPL_dc28d4a4f7da,00100000000000000000000001000000
csharp,C051,AnnotationAttribute,attribute_argument_list,sym_attribute_argument_list,226,1,IMPL_dc28d4a4f7da,00100000000000000000000001000000
csharp,C051,AnnotationAttribute,attribute_list,sym_attribute_list,228,1,IMPL_dc28d4a4f7da,00100000000000000000000001000000
csharp,C051,AnnotationAttribute,attribute_target_specifier,sym_attribute_target_specifier,230,1,IMPL_dc28d4a4f7da,00100000000000000000000001000000
csharp,C051,AnnotationAttribute,global_attribute,sym_global_attribute,224,1,IMPL_dc28d4a4f7da,00100000000000000000000001000000
csharp,C051,AnnotationAttribute,preproc_elif_in_attribute_list,sym_preproc_elif_in_attribute_list,474,1,IMPL_dc28d4a4f7da,00100000000000000000000001000000
csharp,C051,AnnotationAttribute,preproc_else_in_attribute_list,sym_preproc_else_in_attribute_list,473,1,IMPL_dc28d4a4f7da,00100000000000000000000001000000
csharp,C051,AnnotationAttribute,preproc_if_in_attribute_list,sym_preproc_if_in_attribute_list,472,1,IMPL_dc28d4a4f7da,00100000000000000000000001000000
java,C051,AnnotationAttribute,_annotation,sym__annotation,209,1,IMPL_dc28d4a4f7da,00100000000000000000000001000000
java,C051,AnnotationAttribute,annotation,sym_annotation,211,1,IMPL_dc28d4a4f7da,00100000000000000000000001000000
java,C051,AnnotationAttribute,annotation_argument_list,sym_annotation_argument_list,212,1,IMPL_dc28d4a4f7da,00100000000000000000000001000000
java,C051,AnnotationAttribute,annotation_type_body,sym_annotation_type_body,252,1,IMPL_dc28d4a4f7da,00100000000000000000000001000000
java,C051,AnnotationAttribute,annotation_type_declaration,sym_annotation_type_declaration,251,1,IMPL_dc28d4a4f7da,00100000000000000000000001000000
java,C051,AnnotationAttribute,annotation_type_element_declaration,sym_annotation_type_element_declaration,253,1,IMPL_dc28d4a4f7da,00100000000000000000000001000000
java,C051,AnnotationAttribute,marker_annotation,sym_marker_annotation,210,1,IMPL_dc28d4a4f7da,00100000000000000000000001000000
kotlin,C051,AnnotationAttribute,_annotation_constructor_invocation,sym__annotation_constructor_invocation,172,1,IMPL_dc28d4a4f7da,00100000000000000000000001000000
kotlin,C051,AnnotationAttribute,_multi_annotation,sym__multi_annotation,323,1,IMPL_dc28d4a4f7da,00100000000000000000000001000000
kotlin,C051,AnnotationAttribute,_single_annotation,sym__single_annotation,322,1,IMPL_dc28d4a4f7da,00100000000000000000000001000000
kotlin,C051,AnnotationAttribute,_statement_annotation,sym__statement_annotation,224,1,IMPL_dc28d4a4f7da,00100000000000000000000001000000
kotlin,C051,AnnotationAttribute,_unescaped_annotation,sym__unescaped_annotation,325,1,IMPL_dc28d4a4f7da,00100000000000000000000001000000
kotlin,C051,AnnotationAttribute,annotation,sym_annotation,321,1,IMPL_dc28d4a4f7da,00100000000000000000000001000000
kotlin,C051,AnnotationAttribute,file_annotation,sym_file_annotation,156,1,IMPL_dc28d4a4f7da,00100000000000000000000001000000
swift,C051,AnnotationAttribute,_attribute_argument,,,0,IMPL_dc28d4a4f7da,00100000000000000000000001000000
swift,C051,AnnotationAttribute,attribute,,,0,IMPL_dc28d4a4f7da,00100000000000000000000001000000
swift,C051,AnnotationAttribute,precedence_group_attribute,,,0,IMPL_dc28d4a4f7da,00100000000000000000000001000000
swift,C051,AnnotationAttribute,precedence_group_attributes,,,0,IMPL_dc28d4a4f7da,00100000000000000000000001000000
swift,C051,AnnotationAttribute,type_annotation,,,0,IMPL_dc28d4a4f7da,00100000000000000000000001000000
rust,C052,VisibilityModifier,visibility_modifier,sym_visibility_modifier,215,1,IMPL_9a9e3f3a9ae7,00100000000000000000000001000000
cpp,C052,VisibilityModifier,private,,,0,IMPL_9a9e3f3a9ae7,00100000000000000000000001000000
cpp,C052,VisibilityModifier,private_module_fragment_declaration,sym_private_module_fragment_declaration,404,1,IMPL_9a9e3f3a9ae7,00100000000000000000000001000000
cpp,C052,VisibilityModifier,protected,,,0,IMPL_9a9e3f3a9ae7,00100000000000000000000001000000
cpp,C052,VisibilityModifier,public,,,0,IMPL_9a9e3f3a9ae7,00100000000000000000000001000000
julia,C052,VisibilityModifier,public,,,0,IMPL_9a9e3f3a9ae7,00100000000000000000000001000000
julia,C052,VisibilityModifier,public_statement,sym_public_statement,157,1,IMPL_9a9e3f3a9ae7,00100000000000000000000001000000
csharp,C052,VisibilityModifier,private,,,0,IMPL_9a9e3f3a9ae7,00100000000000000000000001000000
csharp,C052,VisibilityModifier,protected,,,0,IMPL_9a9e3f3a9ae7,00100000000000000000000001000000
csharp,C052,VisibilityModifier,public,,,0,IMPL_9a9e3f3a9ae7,00100000000000000000000001000000
java,C052,VisibilityModifier,private,,,0,IMPL_9a9e3f3a9ae7,00100000000000000000000001000000
java,C052,VisibilityModifier,protected,,,0,IMPL_9a9e3f3a9ae7,00100000000000000000000001000000
java,C052,VisibilityModifier,public,,,0,IMPL_9a9e3f3a9ae7,00100000000000000000000001000000
kotlin,C052,VisibilityModifier,private,,,0,IMPL_9a9e3f3a9ae7,00100000000000000000000001000000
kotlin,C052,VisibilityModifier,protected,,,0,IMPL_9a9e3f3a9ae7,00100000000000000000000001000000
kotlin,C052,VisibilityModifier,public,,,0,IMPL_9a9e3f3a9ae7,00100000000000000000000001000000
kotlin,C052,VisibilityModifier,visibility_modifier,sym_visibility_modifier,311,1,IMPL_9a9e3f3a9ae7,00100000000000000000000001000000
swift,C052,VisibilityModifier,fileprivate,,,0,IMPL_9a9e3f3a9ae7,00100000000000000000000001000000
swift,C052,VisibilityModifier,private,,,0,IMPL_9a9e3f3a9ae7,00100000000000000000000001000000
swift,C052,VisibilityModifier,public,,,0,IMPL_9a9e3f3a9ae7,00100000000000000000000001000000
swift,C052,VisibilityModifier,visibility_modifier,,,0,IMPL_9a9e3f3a9ae7,00100000000000000000000001000000
rust,C053,MacroPreprocessor,macro_definition,sym_macro_definition,161,1,IMPL_fbf83b6e52a3,00000000000000000000000000100000
rust,C053,MacroPreprocessor,macro_invocation,sym_macro_invocation,239,1,IMPL_fbf83b6e52a3,00000000000000000000000000100000
rust,C053,MacroPreprocessor,macro_rule,sym_macro_rule,162,1,IMPL_fbf83b6e52a3,00000000000000000000000000100000
rust,C053,MacroPreprocessor,macro_rules!,,,0,IMPL_fbf83b6e52a3,00000000000000000000000000100000
cpp,C053,MacroPreprocessor,_preproc_expression,sym__preproc_expression,253,1,IMPL_fbf83b6e52a3,00000000000000000000000000100000
cpp,C053,MacroPreprocessor,macro_type_specifier,,,0,IMPL_fbf83b6e52a3,00000000000000000000000000100000
cpp,C053,MacroPreprocessor,preproc_arg,sym_preproc_arg,18,1,IMPL_fbf83b6e52a3,00000000000000000000000000100000
cpp,C053,MacroPreprocessor,preproc_argument_list,sym_preproc_argument_list,258,1,IMPL_fbf83b6e52a3,00000000000000000000000000100000
cpp,C053,MacroPreprocessor,preproc_binary_expression,sym_preproc_binary_expression,259,1,IMPL_fbf83b6e52a3,00000000000000000000000000100000
cpp,C053,MacroPreprocessor,preproc_call,sym_preproc_call,232,1,IMPL_fbf83b6e52a3,00000000000000000000000000100000
cpp,C053,MacroPreprocessor,preproc_call_expression,sym_preproc_call_expression,257,1,IMPL_fbf83b6e52a3,00000000000000000000000000100000
cpp,C053,MacroPreprocessor,preproc_def,sym_preproc_def,229,1,IMPL_fbf83b6e52a3,00000000000000000000000000100000
cpp,C053,MacroPreprocessor,preproc_defined,sym_preproc_defined,255,1,IMPL_fbf83b6e52a3,00000000000000000000000000100000
cpp,C053,MacroPreprocessor,preproc_directive,sym_preproc_directive,19,1,IMPL_fbf83b6e52a3,00000000000000000000000000100000
cpp,C053,MacroPreprocessor,preproc_elif,sym_preproc_elif,236,1,IMPL_fbf83b6e52a3,00000000000000000000000000100000
cpp,C053,MacroPreprocessor,preproc_elif_in_block,sym_preproc_elif_in_block,383,1,IMPL_fbf83b6e52a3,00000000000000000000000000100000
cpp,C053,MacroPreprocessor,preproc_elif_in_enumerator_list,sym_preproc_elif_in_enumerator_list,246,1,IMPL_fbf83b6e52a3,00000000000000000000000000100000
cpp,C053,MacroPreprocessor,preproc_elif_in_enumerator_list_no_comma,sym_preproc_elif_in_enumerator_list_no_comma,251,1,IMPL_fbf83b6e52a3,00000000000000000000000000100000
cpp,C053,MacroPreprocessor,preproc_elif_in_field_declaration_list,sym_preproc_elif_in_field_declaration_list,241,1,IMPL_fbf83b6e52a3,00000000000000000000000000100000
cpp,C053,MacroPreprocessor,preproc_elifdef,sym_preproc_elifdef,237,1,IMPL_fbf83b6e52a3,00000000000000000000000000100000
cpp,C053,MacroPreprocessor,preproc_elifdef_in_block,sym_preproc_elifdef_in_block,384,1,IMPL_fbf83b6e52a3,00000000000000000000000000100000
cpp,C053,MacroPreprocessor,preproc_elifdef_in_enumerator_list,sym_preproc_elifdef_in_enumerator_list,247,1,IMPL_fbf83b6e52a3,00000000000000000000000000100000
cpp,C053,MacroPreprocessor,preproc_elifdef_in_enumerator_list_no_comma,sym_preproc_elifdef_in_enumerator_list_no_comma,252,1,IMPL_fbf83b6e52a3,00000000000000000000000000100000
cpp,C053,MacroPreprocessor,preproc_elifdef_in_field_declaration_list,sym_preproc_elifdef_in_field_declaration_list,242,1,IMPL_fbf83b6e52a3,00000000000000000000000000100000
cpp,C053,MacroPreprocessor,preproc_else,sym_preproc_else,235,1,IMPL_fbf83b6e52a3,00000000000000000000000000100000
cpp,C053,MacroPreprocessor,preproc_else_in_block,sym_preproc_else_in_block,382,1,IMPL_fbf83b6e52a3,00000000000000000000000000100000
cpp,C053,MacroPreprocessor,preproc_else_in_enumerator_list,sym_preproc_else_in_enumerator_list,245,1,IMPL_fbf83b6e52a3,00000000000000000000000000100000
cpp,C053,MacroPreprocessor,preproc_else_in_enumerator_list_no_comma,sym_preproc_else_in_enumerator_list_no_comma,250,1,IMPL_fbf83b6e52a3,00000000000000000000000000100000
cpp,C053,MacroPreprocessor,preproc_else_in_field_declaration_list,sym_preproc_else_in_field_declaration_list,240,1,IMPL_fbf83b6e52a3,00000000000000000000000000100000
cpp,C053,MacroPreprocessor,preproc_function_def,sym_preproc_function_def,230,1,IMPL_fbf83b6e52a3,00000000000000000000000000100000
cpp,C053,MacroPreprocessor,preproc_if,sym_preproc_if,233,1,IMPL_fbf83b6e52a3,00000000000000000000000000100000
cpp,C053,MacroPreprocessor,preproc_if_in_block,sym_preproc_if_in_block,380,1,IMPL_fbf83b6e52a3,00000000000000000000000000100000
cpp,C053,MacroPreprocessor,preproc_if_in_enumerator_list,sym_preproc_if_in_enumerator_list,243,1,IMPL_fbf83b6e52a3,00000000000000000000000000100000
cpp,C053,MacroPreprocessor,preproc_if_in_enumerator_list_no_comma,sym_preproc_if_in_enumerator_list_no_comma,248,1,IMPL_fbf83b6e52a3,00000000000000000000000000100000
cpp,C053,MacroPreprocessor,preproc_if_in_field_declaration_list,sym_preproc_if_in_field_declaration_list,238,1,IMPL_fbf83b6e52a3,00000000000000000000000000100000
cpp,C053,MacroPreprocessor,preproc_ifdef,sym_preproc_ifdef,234,1,IMPL_fbf83b6e52a3,00000000000000000000000000100000
cpp,C053,MacroPreprocessor,preproc_ifdef_in_block,sym_preproc_ifdef_in_block,381,1,IMPL_fbf83b6e52a3,00000000000000000000000000100000
cpp,C053,MacroPreprocessor,preproc_ifdef_in_enumerator_list,sym_preproc_ifdef_in_enumerator_list,244,1,IMPL_fbf83b6e52a3,00000000000000000000000000100000
cpp,C053,MacroPreprocessor,preproc_ifdef_in_enumerator_list_no_comma,sym_preproc_ifdef_in_enumerator_list_no_comma,249,1,IMPL_fbf83b6e52a3,00000000000000000000000000100000
cpp,C053,MacroPreprocessor,preproc_ifdef_in_field_declaration_list,sym_preproc_ifdef_in_field_declaration_list,239,1,IMPL_fbf83b6e52a3,00000000000000000000000000100000
cpp,C053,MacroPreprocessor,preproc_include,sym_preproc_include,228,1,IMPL_fbf83b6e52a3,00000000000000000000000000100000
cpp,C053,MacroPreprocessor,preproc_params,sym_preproc_params,231,1,IMPL_fbf83b6e52a3,00000000000000000000000000100000
cpp,C053,MacroPreprocessor,preproc_parenthesized_expression,sym_preproc_parenthesized_expression,254,1,IMPL_fbf83b6e52a3,00000000000000000000000000100000
cpp,C053,MacroPreprocessor,preproc_unary_expression,sym_preproc_unary_expression,256,1,IMPL_fbf83b6e52a3,00000000000000000000000000100000
c,C053,MacroPreprocessor,_preproc_expression,sym__preproc_expression,189,1,IMPL_fbf83b6e52a3,00000000000000000000000000100000
c,C053,MacroPreprocessor,macro_type_specifier,sym_macro_type_specifier,323,1,IMPL_fbf83b6e52a3,00000000000000000000000000100000
c,C053,MacroPreprocessor,preproc_arg,sym_preproc_arg,18,1,IMPL_fbf83b6e52a3,00000000000000000000000000100000
c,C053,MacroPreprocessor,preproc_argument_list,sym_preproc_argument_list,194,1,IMPL_fbf83b6e52a3,00000000000000000000000000100000
c,C053,MacroPreprocessor,preproc_binary_expression,sym_preproc_binary_expression,195,1,IMPL_fbf83b6e52a3,00000000000000000000000000100000
c,C053,MacroPreprocessor,preproc_call,sym_preproc_call,168,1,IMPL_fbf83b6e52a3,00000000000000000000000000100000
c,C053,MacroPreprocessor,preproc_call_expression,sym_preproc_call_expression,193,1,IMPL_fbf83b6e52a3,00000000000000000000000000100000
c,C053,MacroPreprocessor,preproc_def,sym_preproc_def,165,1,IMPL_fbf83b6e52a3,00000000000000000000000000100000
c,C053,MacroPreprocessor,preproc_defined,sym_preproc_defined,191,1,IMPL_fbf83b6e52a3,00000000000000000000000000100000
c,C053,MacroPreprocessor,preproc_directive,sym_preproc_directive,19,1,IMPL_fbf83b6e52a3,00000000000000000000000000100000
c,C053,MacroPreprocessor,preproc_elif,sym_preproc_elif,172,1,IMPL_fbf83b6e52a3,00000000000000000000000000100000
c,C053,MacroPreprocessor,preproc_elif_in_enumerator_list,sym_preproc_elif_in_enumerator_list,182,1,IMPL_fbf83b6e52a3,00000000000000000000000000100000
c,C053,MacroPreprocessor,preproc_elif_in_enumerator_list_no_comma,sym_preproc_elif_in_enumerator_list_no_comma,187,1,IMPL_fbf83b6e52a3,00000000000000000000000000100000
c,C053,MacroPreprocessor,preproc_elif_in_field_declaration_list,sym_preproc_elif_in_field_declaration_list,177,1,IMPL_fbf83b6e52a3,00000000000000000000000000100000
c,C053,MacroPreprocessor,preproc_elifdef,sym_preproc_elifdef,173,1,IMPL_fbf83b6e52a3,00000000000000000000000000100000
c,C053,MacroPreprocessor,preproc_elifdef_in_enumerator_list,sym_preproc_elifdef_in_enumerator_list,183,1,IMPL_fbf83b6e52a3,00000000000000000000000000100000
c,C053,MacroPreprocessor,preproc_elifdef_in_enumerator_list_no_comma,sym_preproc_elifdef_in_enumerator_list_no_comma,188,1,IMPL_fbf83b6e52a3,00000000000000000000000000100000
c,C053,MacroPreprocessor,preproc_elifdef_in_field_declaration_list,sym_preproc_elifdef_in_field_declaration_list,178,1,IMPL_fbf83b6e52a3,00000000000000000000000000100000
c,C053,MacroPreprocessor,preproc_else,sym_preproc_else,171,1,IMPL_fbf83b6e52a3,00000000000000000000000000100000
c,C053,MacroPreprocessor,preproc_else_in_enumerator_list,sym_preproc_else_in_enumerator_list,181,1,IMPL_fbf83b6e52a3,00000000000000000000000000100000
c,C053,MacroPreprocessor,preproc_else_in_enumerator_list_no_comma,sym_preproc_else_in_enumerator_list_no_comma,186,1,IMPL_fbf83b6e52a3,00000000000000000000000000100000
c,C053,MacroPreprocessor,preproc_else_in_field_declaration_list,sym_preproc_else_in_field_declaration_list,176,1,IMPL_fbf83b6e52a3,00000000000000000000000000100000
c,C053,MacroPreprocessor,preproc_function_def,sym_preproc_function_def,166,1,IMPL_fbf83b6e52a3,00000000000000000000000000100000
c,C053,MacroPreprocessor,preproc_if,sym_preproc_if,169,1,IMPL_fbf83b6e52a3,00000000000000000000000000100000
c,C053,MacroPreprocessor,preproc_if_in_enumerator_list,sym_preproc_if_in_enumerator_list,179,1,IMPL_fbf83b6e52a3,00000000000000000000000000100000
c,C053,MacroPreprocessor,preproc_if_in_enumerator_list_no_comma,sym_preproc_if_in_enumerator_list_no_comma,184,1,IMPL_fbf83b6e52a3,00000000000000000000000000100000
c,C053,MacroPreprocessor,preproc_if_in_field_declaration_list,sym_preproc_if_in_field_declaration_list,174,1,IMPL_fbf83b6e52a3,00000000000000000000000000100000
c,C053,MacroPreprocessor,preproc_ifdef,sym_preproc_ifdef,170,1,IMPL_fbf83b6e52a3,00000000000000000000000000100000
c,C053,MacroPreprocessor,preproc_ifdef_in_enumerator_list,sym_preproc_ifdef_in_enumerator_list,180,1,IMPL_fbf83b6e52a3,00000000000000000000000000100000
c,C053,MacroPreprocessor,preproc_ifdef_in_enumerator_list_no_comma,sym_preproc_ifdef_in_enumerator_list_no_comma,185,1,IMPL_fbf83b6e52a3,00000000000000000000000000100000
c,C053,MacroPreprocessor,preproc_ifdef_in_field_declaration_list,sym_preproc_ifdef_in_field_declaration_list,175,1,IMPL_fbf83b6e52a3,00000000000000000000000000100000
c,C053,MacroPreprocessor,preproc_include,sym_preproc_include,164,1,IMPL_fbf83b6e52a3,00000000000000000000000000100000
c,C053,MacroPreprocessor,preproc_params,sym_preproc_params,167,1,IMPL_fbf83b6e52a3,00000000000000000000000000100000
c,C053,MacroPreprocessor,preproc_parenthesized_expression,sym_preproc_parenthesized_expression,190,1,IMPL_fbf83b6e52a3,00000000000000000000000000100000
c,C053,MacroPreprocessor,preproc_unary_expression,sym_preproc_unary_expression,192,1,IMPL_fbf83b6e52a3,00000000000000000000000000100000
julia,C053,MacroPreprocessor,_closed_macrocall_expression,sym__closed_macrocall_expression,181,1,IMPL_fbf83b6e52a3,00000000000000000000000000100000
julia,C053,MacroPreprocessor,_macro_head,sym__macro_head,180,1,IMPL_fbf83b6e52a3,00000000000000000000000000100000
julia,C053,MacroPreprocessor,_qualified_macro_identifier,sym__qualified_macro_identifier,179,1,IMPL_fbf83b6e52a3,00000000000000000000000000100000
julia,C053,MacroPreprocessor,macro,,,0,IMPL_fbf83b6e52a3,00000000000000000000000000100000
julia,C053,MacroPreprocessor,macro_argument_list,sym_macro_argument_list,183,1,IMPL_fbf83b6e52a3,00000000000000000000000000100000
julia,C053,MacroPreprocessor,macro_definition,sym_macro_definition,134,1,IMPL_fbf83b6e52a3,00000000000000000000000000100000
julia,C053,MacroPreprocessor,macro_identifier,sym_macro_identifier,198,1,IMPL_fbf83b6e52a3,00000000000000000000000000100000
julia,C053,MacroPreprocessor,macrocall_expression,sym_macrocall_expression,182,1,IMPL_fbf83b6e52a3,00000000000000000000000000100000
nim,C053,MacroPreprocessor,macro,,,0,IMPL_fbf83b6e52a3,00000000000000000000000000100000
nim,C053,MacroPreprocessor,macro_declaration,sym_macro_declaration,179,1,IMPL_fbf83b6e52a3,00000000000000000000000000100000
csharp,C053,MacroPreprocessor,_preproc_expression,sym__preproc_expression,475,1,IMPL_fbf83b6e52a3,00000000000000000000000000100000
csharp,C053,MacroPreprocessor,preproc_arg,sym_preproc_arg,186,1,IMPL_fbf83b6e52a3,00000000000000000000000000100000
csharp,C053,MacroPreprocessor,preproc_binary_expression,sym_preproc_binary_expression,478,1,IMPL_fbf83b6e52a3,00000000000000000000000000100000
csharp,C053,MacroPreprocessor,preproc_define,sym_preproc_define,486,1,IMPL_fbf83b6e52a3,00000000000000000000000000100000
csharp,C053,MacroPreprocessor,preproc_directive,,,0,IMPL_fbf83b6e52a3,00000000000000000000000000100000
csharp,C053,MacroPreprocessor,preproc_elif,sym_preproc_elif,462,1,IMPL_fbf83b6e52a3,00000000000000000000000000100000
csharp,C053,MacroPreprocessor,preproc_elif_in_attribute_list,sym_preproc_elif_in_attribute_list,474,1,IMPL_fbf83b6e52a3,00000000000000000000000000100000
csharp,C053,MacroPreprocessor,preproc_elif_in_enum_member_declaration,sym_preproc_elif_in_enum_member_declaration,471,1,IMPL_fbf83b6e52a3,00000000000000000000000000100000
csharp,C053,MacroPreprocessor,preproc_elif_in_expression,sym_preproc_elif_in_expression,468,1,IMPL_fbf83b6e52a3,00000000000000000000000000100000
csharp,C053,MacroPreprocessor,preproc_elif_in_top_level,sym_preproc_elif_in_top_level,465,1,IMPL_fbf83b6e52a3,00000000000000000000000000100000
csharp,C053,MacroPreprocessor,preproc_else,sym_preproc_else,461,1,IMPL_fbf83b6e52a3,00000000000000000000000000100000
csharp,C053,MacroPreprocessor,preproc_else_in_attribute_list,sym_preproc_else_in_attribute_list,473,1,IMPL_fbf83b6e52a3,00000000000000000000000000100000
csharp,C053,MacroPreprocessor,preproc_else_in_enum_member_declaration,sym_preproc_else_in_enum_member_declaration,470,1,IMPL_fbf83b6e52a3,00000000000000000000000000100000
csharp,C053,MacroPreprocessor,preproc_else_in_expression,sym_preproc_else_in_expression,467,1,IMPL_fbf83b6e52a3,00000000000000000000000000100000
csharp,C053,MacroPreprocessor,preproc_else_in_top_level,sym_preproc_else_in_top_level,464,1,IMPL_fbf83b6e52a3,00000000000000000000000000100000
csharp,C053,MacroPreprocessor,preproc_endregion,sym_preproc_endregion,480,1,IMPL_fbf83b6e52a3,00000000000000000000000000100000
csharp,C053,MacroPreprocessor,preproc_error,sym_preproc_error,484,1,IMPL_fbf83b6e52a3,00000000000000000000000000100000
csharp,C053,MacroPreprocessor,preproc_if,sym_preproc_if,460,1,IMPL_fbf83b6e52a3,00000000000000000000000000100000
csharp,C053,MacroPreprocessor,preproc_if_in_attribute_list,sym_preproc_if_in_attribute_list,472,1,IMPL_fbf83b6e52a3,00000000000000000000000000100000
csharp,C053,MacroPreprocessor,preproc_if_in_enum_member_declaration,sym_preproc_if_in_enum_member_declaration,469,1,IMPL_fbf83b6e52a3,00000000000000000000000000100000
csharp,C053,MacroPreprocessor,preproc_if_in_expression,sym_preproc_if_in_expression,466,1,IMPL_fbf83b6e52a3,00000000000000000000000000100000
csharp,C053,MacroPreprocessor,preproc_if_in_top_level,sym_preproc_if_in_top_level,463,1,IMPL_fbf83b6e52a3,00000000000000000000000000100000
csharp,C053,MacroPreprocessor,preproc_line,sym_preproc_line,481,1,IMPL_fbf83b6e52a3,00000000000000000000000000100000
csharp,C053,MacroPreprocessor,preproc_nullable,sym_preproc_nullable,483,1,IMPL_fbf83b6e52a3,00000000000000000000000000100000
csharp,C053,MacroPreprocessor,preproc_parenthesized_expression,sym_preproc_parenthesized_expression,476,1,IMPL_fbf83b6e52a3,00000000000000000000000000100000
csharp,C053,MacroPreprocessor,preproc_pragma,sym_preproc_pragma,482,1,IMPL_fbf83b6e52a3,00000000000000000000000000100000
csharp,C053,MacroPreprocessor,preproc_region,sym_preproc_region,479,1,IMPL_fbf83b6e52a3,00000000000000000000000000100000
csharp,C053,MacroPreprocessor,preproc_unary_expression,sym_preproc_unary_expression,477,1,IMPL_fbf83b6e52a3,00000000000000000000000000100000
csharp,C053,MacroPreprocessor,preproc_undef,sym_preproc_undef,487,1,IMPL_fbf83b6e52a3,00000000000000000000000000100000
csharp,C053,MacroPreprocessor,preproc_warning,sym_preproc_warning,485,1,IMPL_fbf83b6e52a3,00000000000000000000000000100000
swift,C053,MacroPreprocessor,_macro_head,,,0,IMPL_fbf83b6e52a3,00000000000000000000000000100000
swift,C053,MacroPreprocessor,_macro_signature,,,0,IMPL_fbf83b6e52a3,00000000000000000000000000100000
swift,C053,MacroPreprocessor,externalMacro,,,0,IMPL_fbf83b6e52a3,00000000000000000000000000100000
swift,C053,MacroPreprocessor,external_macro_definition,,,0,IMPL_fbf83b6e52a3,00000000000000000000000000100000
swift,C053,MacroPreprocessor,macro,,,0,IMPL_fbf83b6e52a3,00000000000000000000000000100000
swift,C053,MacroPreprocessor,macro_declaration,,,0,IMPL_fbf83b6e52a3,00000000000000000000000000100000
swift,C053,MacroPreprocessor,macro_definition,,,0,IMPL_fbf83b6e52a3,00000000000000000000000000100000
swift,C053,MacroPreprocessor,macro_invocation,,,0,IMPL_fbf83b6e52a3,00000000000000000000000000100000
rust,C054,Unsafe,unsafe,,,0,IMPL_c6971bcd2e31,00000000000000000000000101000000
rust,C054,Unsafe,unsafe_block,sym_unsafe_block,289,1,IMPL_c6971bcd2e31,00000000000000000000000101000000
csharp,C054,Unsafe,unsafe,,,0,IMPL_c6971bcd2e31,00000000000000000000000101000000
csharp,C054,Unsafe,unsafe_statement,sym_unsafe_statement,339,1,IMPL_c6971bcd2e31,00000000000000000000000101000000
swift,C054,Unsafe,unowned(unsafe),,,0,IMPL_c6971bcd2e31,00000000000000000000000101000000
swift,C054,Unsafe,unsafe,,,0,IMPL_c6971bcd2e31,00000000000000000000000101000000
rust,C055,ForeignFFI,extern,,,0,IMPL_54a78cc622db,00100001000000000000000000010000
rust,C055,ForeignFFI,extern_crate_declaration,sym_extern_crate_declaration,184,1,IMPL_54a78cc622db,00100001000000000000000000010000
rust,C055,ForeignFFI,extern_modifier,sym_extern_modifier,214,1,IMPL_54a78cc622db,00100001000000000000000000010000
rust,C055,ForeignFFI,foreign_mod_item,sym_foreign_mod_item,174,1,IMPL_54a78cc622db,00100001000000000000000000010000
cpp,C055,ForeignFFI,extern,,,0,IMPL_54a78cc622db,00100001000000000000000000010000
c,C055,ForeignFFI,extern,,,0,IMPL_54a78cc622db,00100001000000000000000000010000
zig,C055,ForeignFFI,extern,,,0,IMPL_54a78cc622db,00100001000000000000000000010000
csharp,C055,ForeignFFI,extern,,,0,IMPL_54a78cc622db,00100001000000000000000000010000
csharp,C055,ForeignFFI,extern_alias_directive,sym_extern_alias_directive,222,1,IMPL_54a78cc622db,00100001000000000000000000010000
kotlin,C055,ForeignFFI,external,,,0,IMPL_54a78cc622db,00100001000000000000000000010000
swift,C055,ForeignFFI,externalMacro,,,0,IMPL_54a78cc622db,00100001000000000000000000010000
swift,C055,ForeignFFI,external_macro_definition,,,0,IMPL_54a78cc622db,00100001000000000000000000010000
go,C056,Range,range_clause,sym_range_clause,160,1,IMPL_fad789c7b068,00000000000010000000000000000100
rust,C056,Range,range_expression,sym_range_expression,246,1,IMPL_fad789c7b068,00000000000010000000000000000100
rust,C056,Range,range_pattern,sym_range_pattern,303,1,IMPL_fad789c7b068,00000000000010000000000000000100
zig,C056,Range,range_expression,sym_range_expression,234,1,IMPL_fad789c7b068,00000000000010000000000000000100
julia,C056,Range,range_expression,sym_range_expression,189,1,IMPL_fad789c7b068,00000000000010000000000000000100
csharp,C056,Range,range_expression,sym_range_expression,451,1,IMPL_fad789c7b068,00000000000010000000000000000100
kotlin,C056,Range,range_expression,sym_range_expression,246,1,IMPL_fad789c7b068,00000000000010000000000000000100
swift,C056,Range,_open_ended_range_operator,,,0,IMPL_fad789c7b068,00000000000010000000000000000100
swift,C056,Range,_range_operator,,,0,IMPL_fad789c7b068,00000000000010000000000000000100
swift,C056,Range,open_end_range_expression,,,0,IMPL_fad789c7b068,00000000000010000000000000000100
swift,C056,Range,open_start_range_expression,,,0,IMPL_fad789c7b068,00000000000010000000000000000100
swift,C056,Range,range_expression,,,0,IMPL_fad789c7b068,00000000000010000000000000000100
go,C057,ChannelSendReceive,channel_type,sym_channel_type,134,1,IMPL_4a89432519d7,00000000000000000001000000001000
go,C057,ChannelSendReceive,receive_statement,sym_receive_statement,143,1,IMPL_4a89432519d7,00000000000000000001000000001000
go,C057,ChannelSendReceive,send_statement,sym_send_statement,142,1,IMPL_4a89432519d7,00000000000000000001000000001000
go,C058,Select,select_statement,sym_select_statement,167,1,IMPL_d5d865b91ded,00000000000000000001000000001000
cpp,C059,SynchronizationAtomic,_Atomic,,,0,IMPL_9d0848e825fb,00000000000000000001000000001000
c,C059,SynchronizationAtomic,_Atomic,,,0,IMPL_9d0848e825fb,00000000000000000001000000001000
nim,C059,SynchronizationAtomic,_block_statement_list,sym__block_statement_list,144,1,IMPL_9d0848e825fb,00000000000000000001000000001000
csharp,C059,SynchronizationAtomic,lock_statement,sym_lock_statement,328,1,IMPL_9d0848e825fb,00000000000000000001000000001000
java,C059,SynchronizationAtomic,switch_block_statement_group,sym_switch_block_statement_group,176,1,IMPL_9d0848e825fb,00000000000000000001000000001000
java,C059,SynchronizationAtomic,synchronized,,,0,IMPL_9d0848e825fb,00000000000000000001000000001000
java,C059,SynchronizationAtomic,synchronized_statement,sym_synchronized_statement,195,1,IMPL_9d0848e825fb,00000000000000000001000000001000
r,C060,OperatorExpression,binary_operator,sym_binary_operator,106,1,IMPL_daa19205d047,00000000000000000000000000000100
r,C060,OperatorExpression,unary_operator,sym_unary_operator,105,1,IMPL_daa19205d047,00000000000000000000000000000100
go,C060,OperatorExpression,binary_expression,sym_binary_expression,187,1,IMPL_daa19205d047,00000000000000000000000000000100
go,C060,OperatorExpression,unary_expression,sym_unary_expression,186,1,IMPL_daa19205d047,00000000000000000000000000000100
rust,C060,OperatorExpression,binary_expression,sym_binary_expression,250,1,IMPL_daa19205d047,00000000000000000000000000000100
rust,C060,OperatorExpression,unary_expression,sym_unary_expression,247,1,IMPL_daa19205d047,00000000000000000000000000000100
cpp,C060,OperatorExpression,binary_expression,sym_binary_expression,347,1,IMPL_daa19205d047,00000000000000000000000000000100
cpp,C060,OperatorExpression,preproc_binary_expression,sym_preproc_binary_expression,259,1,IMPL_daa19205d047,00000000000000000000000000000100
cpp,C060,OperatorExpression,preproc_unary_expression,sym_preproc_unary_expression,256,1,IMPL_daa19205d047,00000000000000000000000000000100
cpp,C060,OperatorExpression,unary_expression,sym_unary_expression,346,1,IMPL_daa19205d047,00000000000000000000000000000100
c,C060,OperatorExpression,binary_expression,sym_binary_expression,290,1,IMPL_daa19205d047,00000000000000000000000000000100
c,C060,OperatorExpression,preproc_binary_expression,sym_preproc_binary_expression,195,1,IMPL_daa19205d047,00000000000000000000000000000100
c,C060,OperatorExpression,preproc_unary_expression,sym_preproc_unary_expression,192,1,IMPL_daa19205d047,00000000000000000000000000000100
c,C060,OperatorExpression,unary_expression,sym_unary_expression,289,1,IMPL_daa19205d047,00000000000000000000000000000100
python,C060,OperatorExpression,binary_operator,sym_binary_operator,192,1,IMPL_daa19205d047,00000000000000000000000000000100
python,C060,OperatorExpression,boolean_operator,sym_boolean_operator,191,1,IMPL_daa19205d047,00000000000000000000000000000100
python,C060,OperatorExpression,comparison_operator,sym_comparison_operator,196,1,IMPL_daa19205d047,00000000000000000000000000000100
python,C060,OperatorExpression,unary_operator,sym_unary_operator,193,1,IMPL_daa19205d047,00000000000000000000000000000100
zig,C060,OperatorExpression,binary_expression,sym_binary_expression,208,1,IMPL_daa19205d047,00000000000000000000000000000100
zig,C060,OperatorExpression,unary_expression,sym_unary_expression,207,1,IMPL_daa19205d047,00000000000000000000000000000100
julia,C060,OperatorExpression,_comparison_operator,sym__comparison_operator,84,1,IMPL_daa19205d047,00000000000000000000000000000100
julia,C060,OperatorExpression,_unary_operator,sym__unary_operator,95,1,IMPL_daa19205d047,00000000000000000000000000000100
julia,C060,OperatorExpression,binary_expression,sym_binary_expression,187,1,IMPL_daa19205d047,00000000000000000000000000000100
julia,C060,OperatorExpression,unary_expression,sym_unary_expression,188,1,IMPL_daa19205d047,00000000000000000000000000000100
csharp,C060,OperatorExpression,binary_expression,sym_binary_expression,376,1,IMPL_daa19205d047,00000000000000000000000000000100
csharp,C060,OperatorExpression,postfix_unary_expression,sym_postfix_unary_expression,377,1,IMPL_daa19205d047,00000000000000000000000000000100
csharp,C060,OperatorExpression,prefix_unary_expression,sym_prefix_unary_expression,378,1,IMPL_daa19205d047,00000000000000000000000000000100
csharp,C060,OperatorExpression,preproc_binary_expression,sym_preproc_binary_expression,478,1,IMPL_daa19205d047,00000000000000000000000000000100
csharp,C060,OperatorExpression,preproc_unary_expression,sym_preproc_unary_expression,477,1,IMPL_daa19205d047,00000000000000000000000000000100
csharp,C060,OperatorExpression,unary_expression,,,0,IMPL_daa19205d047,00000000000000000000000000000100
java,C060,OperatorExpression,binary_expression,sym_binary_expression,150,1,IMPL_daa19205d047,00000000000000000000000000000100
java,C060,OperatorExpression,unary_expression,sym_unary_expression,155,1,IMPL_daa19205d047,00000000000000000000000000000100
kotlin,C060,OperatorExpression,_binary_expression,sym__binary_expression,243,1,IMPL_daa19205d047,00000000000000000000000000000100
kotlin,C060,OperatorExpression,_comparison_operator,sym__comparison_operator,292,1,IMPL_daa19205d047,00000000000000000000000000000100
kotlin,C060,OperatorExpression,_postfix_unary_expression,sym__postfix_unary_expression,302,1,IMPL_daa19205d047,00000000000000000000000000000100
kotlin,C060,OperatorExpression,_postfix_unary_operator,sym__postfix_unary_operator,299,1,IMPL_daa19205d047,00000000000000000000000000000100
kotlin,C060,OperatorExpression,_prefix_unary_operator,sym__prefix_unary_operator,298,1,IMPL_daa19205d047,00000000000000000000000000000100
kotlin,C060,OperatorExpression,_unary_expression,sym__unary_expression,234,1,IMPL_daa19205d047,00000000000000000000000000000100
swift,C060,OperatorExpression,_binary_expression,,,0,IMPL_daa19205d047,00000000000000000000000000000100
swift,C060,OperatorExpression,_bitwise_binary_operator,,,0,IMPL_daa19205d047,00000000000000000000000000000100
swift,C060,OperatorExpression,_comparison_operator,,,0,IMPL_daa19205d047,00000000000000000000000000000100
swift,C060,OperatorExpression,_postfix_unary_operator,,,0,IMPL_daa19205d047,00000000000000000000000000000100
swift,C060,OperatorExpression,_prefix_unary_operator,,,0,IMPL_daa19205d047,00000000000000000000000000000100
swift,C060,OperatorExpression,_unary_expression,,,0,IMPL_daa19205d047,00000000000000000000000000000100
cpp,C061,ConditionalTernary,conditional_expression,sym_conditional_expression,343,1,IMPL_f71fe4bc723b,00000000000001000000000000000000
c,C061,ConditionalTernary,conditional_expression,sym_conditional_expression,286,1,IMPL_f71fe4bc723b,00000000000001000000000000000000
python,C061,ConditionalTernary,conditional_expression,sym_conditional_expression,230,1,IMPL_f71fe4bc723b,00000000000001000000000000000000
julia,C061,ConditionalTernary,ternary_expression,sym_ternary_expression,191,1,IMPL_f71fe4bc723b,00000000000001000000000000000000
csharp,C061,ConditionalTernary,conditional_expression,sym_conditional_expression,396,1,IMPL_f71fe4bc723b,00000000000001000000000000000000
java,C061,ConditionalTernary,ternary_expression,sym_ternary_expression,154,1,IMPL_f71fe4bc723b,00000000000001000000000000000000
swift,C061,ConditionalTernary,_expr_hack_at_ternary_binary_suffix,,,0,IMPL_f71fe4bc723b,00000000000001000000000000000000
swift,C061,ConditionalTernary,expr_hack_at_ternary_binary_call,,,0,IMPL_f71fe4bc723b,00000000000001000000000000000000
swift,C061,ConditionalTernary,expr_hack_at_ternary_binary_call_suffix,,,0,IMPL_f71fe4bc723b,00000000000001000000000000000000
swift,C061,ConditionalTernary,ternary_expression,,,0,IMPL_f71fe4bc723b,00000000000001000000000000000000
go,C062,GotoLabel,empty_labeled_statement,sym_empty_labeled_statement,149,1,IMPL_7f9510a57b52,00000000000000100000000000000010
go,C062,GotoLabel,goto,,,0,IMPL_7f9510a57b52,00000000000000100000000000000010
go,C062,GotoLabel,goto_statement,sym_goto_statement,153,1,IMPL_7f9510a57b52,00000000000000100000000000000010
go,C062,GotoLabel,labeled_statement,sym_labeled_statement,148,1,IMPL_7f9510a57b52,00000000000000100000000000000010
cpp,C062,GotoLabel,gnu_asm_goto_list,sym_gnu_asm_goto_list,364,1,IMPL_7f9510a57b52,00000000000000100000000000000010
cpp,C062,GotoLabel,goto,,,0,IMPL_7f9510a57b52,00000000000000100000000000000010
cpp,C062,GotoLabel,goto_statement,sym_goto_statement,335,1,IMPL_7f9510a57b52,00000000000000100000000000000010
cpp,C062,GotoLabel,labeled_statement,sym_labeled_statement,321,1,IMPL_7f9510a57b52,00000000000000100000000000000010
c,C062,GotoLabel,gnu_asm_goto_list,sym_gnu_asm_goto_list,307,1,IMPL_7f9510a57b52,00000000000000100000000000000010
c,C062,GotoLabel,goto,,,0,IMPL_7f9510a57b52,00000000000000100000000000000010
c,C062,GotoLabel,goto_statement,sym_goto_statement,278,1,IMPL_7f9510a57b52,00000000000000100000000000000010
c,C062,GotoLabel,labeled_statement,sym_labeled_statement,264,1,IMPL_7f9510a57b52,00000000000000100000000000000010
zig,C062,GotoLabel,labeled_statement,sym_labeled_statement,181,1,IMPL_7f9510a57b52,00000000000000100000000000000010
csharp,C062,GotoLabel,goto,,,0,IMPL_7f9510a57b52,00000000000000100000000000000010
csharp,C062,GotoLabel,goto_statement,sym_goto_statement,343,1,IMPL_7f9510a57b52,00000000000000100000000000000010
csharp,C062,GotoLabel,labeled_statement,sym_labeled_statement,344,1,IMPL_7f9510a57b52,00000000000000100000000000000010
java,C062,GotoLabel,labeled_statement,sym_labeled_statement,188,1,IMPL_7f9510a57b52,00000000000000100000000000000010
swift,C062,GotoLabel,_labeled_statement,,,0,IMPL_7f9510a57b52,00000000000000100000000000000010
python,C063,Interpolation,escape_interpolation,sym_escape_interpolation,106,1,IMPL_19b56f4e7ae4,00000000001100000000000000000100
python,C063,Interpolation,format_expression,alias_sym_format_expression,274,1,IMPL_19b56f4e7ae4,00000000001100000000000000000100
python,C063,Interpolation,interpolation,sym_interpolation,234,1,IMPL_19b56f4e7ae4,00000000001100000000000000000100
julia,C063,Interpolation,interpolation_expression,sym_interpolation_expression,185,1,IMPL_19b56f4e7ae4,00000000001100000000000000000100
julia,C063,Interpolation,string_interpolation,sym_string_interpolation,213,1,IMPL_19b56f4e7ae4,00000000001100000000000000000100
csharp,C063,Interpolation,interpolation,sym_interpolation,415,1,IMPL_19b56f4e7ae4,00000000001100000000000000000100
csharp,C063,Interpolation,interpolation_alignment_clause,sym_interpolation_alignment_clause,416,1,IMPL_19b56f4e7ae4,00000000001100000000000000000100
csharp,C063,Interpolation,interpolation_brace,,,0,IMPL_19b56f4e7ae4,00000000001100000000000000000100
csharp,C063,Interpolation,interpolation_format_clause,sym_interpolation_format_clause,417,1,IMPL_19b56f4e7ae4,00000000001100000000000000000100
csharp,C063,Interpolation,interpolation_quote,alias_sym_interpolation_quote,544,1,IMPL_19b56f4e7ae4,00000000001100000000000000000100
csharp,C063,Interpolation,interpolation_start,,,0,IMPL_19b56f4e7ae4,00000000001100000000000000000100
java,C063,Interpolation,string_interpolation,sym_string_interpolation,145,1,IMPL_19b56f4e7ae4,00000000001100000000000000000100
kotlin,C063,Interpolation,_interpolation,sym__interpolation,267,1,IMPL_19b56f4e7ae4,00000000001100000000000000000100
kotlin,C063,Interpolation,interpolation_expression_end,alias_sym_interpolation_expression_end,376,1,IMPL_19b56f4e7ae4,00000000001100000000000000000100
kotlin,C063,Interpolation,interpolation_expression_start,,,0,IMPL_19b56f4e7ae4,00000000001100000000000000000100
kotlin,C063,Interpolation,interpolation_identifier_start,,,0,IMPL_19b56f4e7ae4,00000000001100000000000000000100
swift,C063,Interpolation,_interpolation,,,0,IMPL_19b56f4e7ae4,00000000001100000000000000000100
swift,C063,Interpolation,_interpolation_contents,,,0,IMPL_19b56f4e7ae4,00000000001100000000000000000100
swift,C063,Interpolation,raw_str_interpolation,,,0,IMPL_19b56f4e7ae4,00000000001100000000000000000100
swift,C063,Interpolation,raw_str_interpolation_start,,,0,IMPL_19b56f4e7ae4,00000000001100000000000000000100
rust,C064,OwnershipLifetime,for_lifetimes,sym_for_lifetimes,221,1,IMPL_559a53e30f66,00010000000000000000010100000001
rust,C064,OwnershipLifetime,lifetime,sym_lifetime,219,1,IMPL_559a53e30f66,00010000000000000000010100000001
rust,C064,OwnershipLifetime,lifetime_parameter,sym_lifetime_parameter,202,1,IMPL_559a53e30f66,00010000000000000000010100000001
swift,C064,OwnershipLifetime,borrowing,,,0,IMPL_559a53e30f66,00010000000000000000010100000001
